PLAYER_ID,PLAYER,TEAM,GP,MIN,PTS,REB,AST,FGM,FGA,FG3M,FG3A,FTM,FTA,Month,Season,USG_Pct,AST_Pct,TS_Pct,PIE,TOUCHES,TIME_OF_POSS,AVG_SEC_PER_TOUCH,FRONT_CT_TOUCHES,ELBOW_TOUCHES,POST_TOUCHES,PAINT_TOUCHES,Isolation_Freq,Transition_Freq,PnR_Handler_Freq,RollMan_Freq,PostUp_Freq,SpotUp_Freq,Handoff_Freq,Cut_Freq,OffScreen_Freq,Putbacks_Freq,DFG_Rim_Pct,Unassisted_FG_Pct,ThreePt_Rate,MPG,Height,Weight,Height_Inches
1629029,Luka Dončić,DAL,6,36.7,36.7,9.5,8.7,12.8,25.5,2.0,8.8,9.0,11.5,october,2022-23,39.4,49.5,60.0,25.2,91.8,10.6,6.89,33.5,0.7,7.0,2.7,16.0,14.3,36.3,,7.6,8.7,2.3,1.3,7.4,1.7,76.2,,34.50980392156863,36.7,6-7,230,79
203507,Giannis Antetokounmpo,MIL,6,34.1,33.8,12.8,5.2,12.7,21.5,1.0,3.5,7.5,11.8,october,2022-23,35.2,30.4,63.3,25.5,86.2,5.7,3.96,42.5,2.7,5.5,4.0,10.9,26.0,7.7,6.4,20.2,6.1,,7.9,,8.9,40.0,,16.27906976744186,34.1,7-0,243,84
1629630,Ja Morant,MEM,6,32.6,33.3,4.5,6.3,11.0,20.0,2.3,4.2,9.0,10.5,october,2022-23,34.6,36.9,67.7,21.7,79.2,8.0,6.08,29.5,0.3,0.0,1.7,14.1,19.6,40.4,,,11.0,5.0,2.4,,,57.1,,21.000000000000004,32.6,6-2,174,74
201142,Kevin Durant,PHX,7,37.7,32.6,5.1,4.1,10.9,20.7,1.7,5.3,9.1,9.9,october,2022-23,33.3,20.6,65.0,17.4,62.3,3.6,3.42,39.4,3.1,2.7,1.7,20.8,13.5,18.4,1.7,7.3,15.2,7.5,2.3,7.5,1.1,60.6,,25.60386473429952,37.7,6-10,240,82
1628378,Donovan Mitchell,CLE,6,38.9,32.2,4.5,7.3,11.0,22.2,4.2,9.2,6.0,7.0,october,2022-23,31.9,32.8,63.7,17.8,91.8,9.1,5.94,33.3,0.7,0.0,1.3,11.4,22.8,34.1,1.5,,11.4,6.9,1.9,3.8,1.6,64.5,,41.44144144144144,38.9,6-1,215,73
203081,Damian Lillard,POR,5,34.9,31.0,4.8,4.6,9.6,19.4,4.0,10.2,7.8,8.4,october,2022-23,33.0,24.5,67.1,17.3,84.8,6.9,4.88,35.2,0.4,0.0,1.2,,,,,,,,,,,66.7,,52.57731958762887,34.9,6-2,195,74
1628983,Shai Gilgeous-Alexander,OKC,5,36.6,31.0,5.0,7.0,11.8,23.8,1.4,3.8,6.0,6.0,october,2022-23,31.5,31.3,58.6,19.2,83.0,7.7,5.59,31.8,0.4,1.2,1.6,26.3,14.1,37.3,,4.7,6.2,2.1,3.3,1.6,,66.7,,15.966386554621847,36.6,6-6,195,78
201939,Stephen Curry,GSW,7,34.4,31.0,6.7,5.6,10.1,21.6,4.9,12.3,5.9,6.3,october,2022-23,30.1,23.9,63.7,17.4,78.9,5.8,4.44,28.9,0.3,0.1,0.9,10.1,13.8,21.1,,,11.6,12.0,7.0,18.0,1.3,73.9,,56.94444444444444,34.4,6-2,185,74
1628369,Jayson Tatum,BOS,6,36.3,30.8,7.3,3.5,10.7,19.2,3.3,8.2,6.2,6.8,october,2022-23,29.7,17.8,69.5,20.2,73.0,4.2,3.42,39.0,2.0,1.3,2.8,,,,,,,,,,,51.9,,42.70833333333333,36.3,6-8,210,80
202681,Kyrie Irving,DAL,7,39.5,30.1,5.0,4.9,10.9,22.9,3.0,9.9,5.4,5.9,october,2022-23,30.4,21.7,59.3,15.2,80.6,6.6,4.89,31.1,1.3,0.0,2.1,,,,,,,,,,,65.0,,43.23144104803494,39.5,6-2,195,74
1626164,Devin Booker,PHX,6,37.1,29.3,3.3,5.5,10.7,20.2,2.2,6.0,5.8,6.8,october,2022-23,29.3,21.9,63.3,15.5,61.8,5.0,4.85,40.8,0.7,0.3,1.5,14.0,15.7,33.1,1.8,3.8,9.5,7.5,1.6,7.5,1.7,63.0,,29.7029702970297,37.1,6-5,206,77
1629027,Trae Young,ATL,7,35.0,29.0,3.3,9.7,8.9,22.4,2.6,8.0,8.7,9.4,october,2022-23,34.9,40.7,54.6,14.8,73.6,7.7,6.28,20.9,0.3,0.0,0.7,12.0,20.4,39.3,,,8.4,10.5,,,,62.5,,35.714285714285715,35.0,6-1,164,73
203954,Joel Embiid,PHI,6,34.5,27.2,9.5,3.3,9.7,18.2,1.0,3.3,6.8,8.7,october,2022-23,33.8,18.5,61.8,16.2,65.2,2.5,2.35,47.0,7.8,8.0,5.2,12.3,7.0,,22.0,21.7,12.9,2.3,6.6,1.8,7.1,74.3,,18.13186813186813,34.5,7-0,280,84
1627783,Pascal Siakam,TOR,7,37.4,26.1,9.6,7.4,9.0,19.1,1.7,4.4,6.4,8.9,october,2022-23,30.1,34.2,56.7,16.9,87.3,5.9,4.04,42.6,1.4,3.7,3.6,13.3,20.6,13.9,6.5,11.3,16.2,3.0,3.2,4.0,5.0,63.9,,23.036649214659686,37.4,6-8,230,80
201942,DeMar DeRozan,CHI,7,34.3,25.9,3.4,4.6,8.9,16.7,0.4,1.3,7.7,8.7,october,2022-23,27.4,23.2,62.9,14.4,62.1,4.5,4.38,38.9,1.3,1.0,1.1,19.9,10.0,17.6,1.7,12.0,19.1,6.1,3.9,4.6,1.7,80.0,,7.784431137724551,34.3,6-6,220,78
2544,LeBron James,LAL,6,36.2,25.8,8.8,7.3,9.8,22.0,2.0,7.7,4.2,5.3,october,2022-23,30.7,36.7,53.1,16.4,86.5,6.6,4.55,40.8,2.2,4.0,4.5,12.8,24.5,12.5,3.1,12.1,12.6,,5.7,7.5,1.9,59.1,,35.0,36.2,6-9,250,81
1627759,Jaylen Brown,BOS,6,36.4,25.3,6.7,2.8,9.3,20.2,2.5,7.3,4.2,5.2,october,2022-23,31.4,13.4,56.4,12.3,65.2,3.3,3.07,38.5,1.3,1.2,2.0,20.6,20.4,22.2,1.8,4.7,13.0,4.1,1.1,7.4,1.8,42.4,,36.13861386138614,36.4,6-6,223,78
1628368,De'Aaron Fox,SAC,6,30.8,24.5,6.0,4.8,9.5,17.3,2.0,5.2,3.5,4.2,october,2022-23,31.1,27.1,63.9,15.4,79.7,5.7,4.28,32.3,0.3,0.0,0.8,10.1,22.8,29.1,,,18.1,6.4,2.0,3.7,1.7,66.7,,30.057803468208093,30.8,6-3,185,75
1630217,Desmond Bane,MEM,6,33.0,24.2,4.7,5.0,8.2,18.5,4.2,9.3,3.7,4.3,october,2022-23,27.2,22.6,59.2,13.5,67.7,3.3,2.93,39.7,1.0,0.0,0.7,7.0,19.3,25.5,,,17.4,7.4,4.1,9.1,3.8,69.2,,50.27027027027028,33.0,6-5,215,77
1629640,Keldon Johnson,SAS,7,33.5,23.9,5.4,4.1,8.0,17.6,3.9,8.9,4.0,5.0,october,2022-23,26.5,18.7,60.3,13.3,61.1,2.9,2.84,37.3,1.4,0.3,0.3,3.9,20.0,2.8,,4.4,32.0,7.4,9.2,,10.9,56.5,,50.56818181818181,33.5,6-5,220,77
203076,Anthony Davis,LAL,5,35.4,23.8,10.6,2.0,9.8,18.4,0.4,2.2,3.8,5.0,october,2022-23,25.2,9.6,57.8,16.5,71.6,2.3,1.91,38.2,4.0,4.0,9.4,11.5,10.3,5.8,19.3,12.5,9.8,,8.8,,14.5,55.9,,11.956521739130437,35.4,6-10,253,82
1630178,Tyrese Maxey,PHI,8,37.1,23.3,3.6,3.4,8.6,16.9,3.0,6.6,3.0,3.9,october,2022-23,25.3,14.8,62.6,10.9,77.9,5.2,4.03,33.9,0.3,0.0,0.6,14.5,21.9,26.2,1.3,1.4,14.3,6.7,3.0,5.4,,66.7,,39.053254437869825,37.1,6-2,200,74
1630595,Cade Cunningham,DET,8,34.7,23.1,6.1,6.8,9.0,20.1,1.5,5.0,3.6,4.3,october,2022-23,30.3,31.8,52.6,12.1,82.9,7.3,5.27,27.1,0.5,0.5,1.1,11.5,17.5,38.7,,3.5,8.5,8.4,1.6,4.4,1.3,68.2,,24.87562189054726,34.7,6-7,220,79
1630162,Anthony Edwards,MIN,7,36.4,23.0,6.1,4.4,8.9,19.3,2.7,7.9,2.6,4.0,october,2022-23,26.7,18.6,54.6,10.9,65.4,4.7,4.27,34.3,0.9,0.7,0.6,23.4,15.7,23.5,,4.9,12.9,7.3,2.0,4.8,1.2,62.1,,40.932642487046635,36.4,6-4,225,76
202711,Bojan Bogdanovic,DET,8,32.1,22.8,3.5,2.1,7.4,13.9,3.8,7.4,4.3,4.5,october,2022-23,21.2,10.2,71.7,12.9,46.0,1.8,2.36,29.3,0.4,0.4,1.0,,,,,,,,,,,69.2,,53.23741007194245,32.1,6-7,226,79
1631094,Paolo Banchero,ORL,7,33.2,22.7,7.6,3.9,7.6,17.3,1.3,4.4,6.3,8.6,october,2022-23,30.5,20.0,53.9,15.0,70.7,5.1,4.29,27.4,1.0,1.3,2.9,14.7,19.8,19.4,5.2,9.3,15.4,2.6,4.7,3.6,2.6,52.0,,25.43352601156069,33.2,6-10,250,82
1628374,Lauri Markkanen,UTA,8,34.0,22.6,9.3,2.9,8.6,17.0,2.1,6.8,3.3,3.9,october,2022-23,24.7,13.5,60.5,16.6,52.9,1.9,2.19,33.3,1.0,1.0,4.9,4.0,15.6,3.0,8.3,5.7,12.8,7.5,10.6,20.7,7.0,44.9,,40.0,34.0,7-0,240,84
1630169,Tyrese Haliburton,IND,8,33.4,21.9,4.6,9.4,7.4,15.1,2.8,6.1,4.4,4.6,october,2022-23,24.4,42.1,63.7,15.9,97.0,7.7,4.75,33.4,0.3,0.0,0.8,,,,,,,,,,,56.3,,40.397350993377486,33.4,6-5,185,77
201935,James Harden,PHI,8,36.9,21.8,7.3,10.0,6.9,15.6,2.1,6.5,5.9,6.3,october,2022-23,25.7,43.5,59.2,17.7,93.1,8.9,5.75,35.6,0.4,0.5,0.9,42.5,13.1,25.0,,1.3,7.5,4.6,,,,67.6,,41.66666666666667,36.9,6-5,220,77
202331,Paul George,LAC,6,34.2,21.7,7.0,4.7,8.0,18.5,2.3,7.5,3.3,3.7,october,2022-23,29.8,22.8,53.9,14.0,67.3,4.7,4.15,30.8,2.5,1.3,1.5,18.4,12.4,14.2,,5.5,22.9,3.2,,12.4,,51.4,,40.54054054054054,34.2,6-8,220,80
202710,Jimmy Butler III,MIA,7,35.4,21.3,6.4,5.1,6.9,14.0,1.0,2.3,6.6,7.7,october,2022-23,22.9,22.8,61.2,15.5,63.1,4.0,3.84,37.1,1.4,2.7,6.1,17.7,17.2,13.1,2.7,6.1,14.0,1.7,12.1,2.4,7.9,69.7,,16.428571428571427,35.4,6-7,230,79
1626157,Karl-Anthony Towns,MIN,7,35.3,21.3,8.0,5.3,7.4,15.9,2.0,5.9,4.4,5.0,october,2022-23,25.0,22.4,58.9,13.1,63.0,2.4,2.29,45.3,1.1,4.0,2.7,10.0,15.2,1.6,13.8,11.1,19.9,1.9,5.9,2.3,12.6,50.0,,37.106918238993714,35.3,7-0,248,84
203999,Nikola Jokić,DEN,7,32.8,21.0,11.1,8.4,7.3,12.4,0.6,2.7,5.9,6.7,october,2022-23,22.8,36.2,68.3,19.9,98.6,4.3,2.61,53.1,8.0,9.0,8.0,5.3,10.1,9.7,13.0,22.8,9.0,,7.3,5.3,9.3,59.7,,21.774193548387096,32.8,6-11,284,83
203078,Bradley Beal,WAS,7,35.7,20.7,3.9,6.1,7.9,15.4,1.4,4.6,3.6,3.9,october,2022-23,24.5,27.4,60.5,12.3,67.6,4.7,4.19,39.7,2.6,0.7,2.3,,,21.3,,,24.6,,,,,43.5,,29.87012987012987,35.7,6-4,207,76
1629014,Anfernee Simons,POR,6,36.1,20.5,2.8,3.2,7.5,17.5,3.7,9.8,1.8,2.0,october,2022-23,24.7,13.9,55.8,8.0,72.7,5.5,4.53,34.8,0.0,0.0,1.2,18.2,14.5,28.8,,,19.8,7.2,,4.9,,83.3,,56.00000000000001,36.1,6-3,181,75
203468,CJ McCollum,NOP,6,34.2,20.5,3.5,7.2,8.2,19.3,2.0,6.8,2.2,2.5,october,2022-23,26.5,28.9,50.2,12.3,72.3,5.5,4.56,31.3,0.3,0.0,0.3,8.8,18.2,31.4,,,17.8,9.7,,6.3,,81.8,,35.233160621761655,34.2,6-3,190,75
1631097,Bennedict Mathurin,IND,8,27.0,20.4,4.3,2.1,6.5,14.3,2.6,6.1,4.8,5.5,october,2022-23,26.2,12.7,61.1,11.7,42.5,1.8,2.53,28.9,1.1,0.0,2.5,9.0,22.3,27.0,,,17.2,5.2,7.6,5.7,,58.6,,42.65734265734265,27.0,6-5,210,77
1629645,Kevin Porter Jr.,HOU,8,34.5,20.3,6.4,5.3,7.0,16.9,1.6,4.6,4.6,5.6,october,2022-23,26.0,25.6,52.3,11.7,79.3,7.2,5.43,30.5,0.8,0.1,2.3,9.8,13.6,45.2,,2.4,16.0,5.5,,,,65.3,,27.218934911242602,34.5,6-4,203,76
1627749,Dejounte Murray,ATL,7,36.2,20.0,6.1,7.6,8.0,17.6,2.0,5.0,2.0,2.3,october,2022-23,24.2,29.0,53.8,14.3,67.3,5.3,4.76,30.0,1.3,0.3,0.9,,,,,,,,,,,50.0,,28.409090909090907,36.2,6-5,180,77
1629639,Tyler Herro,MIA,7,32.5,19.9,6.6,2.9,7.3,15.6,2.6,6.9,2.7,3.1,october,2022-23,24.7,14.9,58.6,13.0,59.1,3.7,3.7,30.0,0.4,0.0,0.4,13.3,27.7,13.9,,,32.4,,,5.8,,67.7,,44.23076923076923,32.5,6-5,195,77
204001,Kristaps Porziņģis,WAS,7,31.0,19.7,8.4,2.1,7.3,14.6,2.0,5.3,3.1,3.9,october,2022-23,25.7,10.6,60.6,12.4,51.9,1.5,1.74,34.3,2.3,4.7,6.7,,14.6,,11.3,24.3,17.4,,7.7,10.5,6.1,46.5,,36.3013698630137,31.0,7-3,240,87
1629018,Gary Trent Jr.,TOR,7,37.0,19.4,2.0,1.3,7.0,16.0,3.4,8.9,2.0,2.7,october,2022-23,21.3,5.9,56.5,8.2,39.1,1.6,2.46,32.9,0.4,0.0,0.9,,18.3,6.4,,,48.6,9.0,,6.8,,75.0,,55.625,37.0,6-5,209,77
201950,Jrue Holiday,MIL,6,35.0,19.2,5.0,8.3,6.8,17.3,2.3,6.7,3.2,3.8,october,2022-23,24.8,35.5,50.4,13.4,84.5,7.4,5.22,30.7,1.2,0.5,2.0,10.1,20.5,26.3,,3.6,20.5,,4.3,,,64.5,,38.72832369942196,35.0,6-5,205,77
1630224,Jalen Green,HOU,8,33.7,19.0,4.4,2.1,6.8,18.8,2.5,7.3,3.0,3.9,october,2022-23,25.9,10.4,46.4,7.4,56.4,4.2,4.44,30.0,0.4,0.0,1.0,,,,,,,,,,,55.1,,38.82978723404255,33.7,6-4,186,76
202330,Gordon Hayward,CHA,7,33.1,18.9,4.4,4.4,6.7,13.6,1.3,3.6,4.1,5.1,october,2022-23,23.3,20.0,59.5,11.7,63.1,3.3,3.12,45.3,2.7,0.4,2.0,,,,,,,,,,,72.7,,26.47058823529412,33.1,6-7,225,79
1629008,Michael Porter Jr.,DEN,6,29.0,18.5,7.5,1.2,6.3,13.5,3.8,7.8,2.0,2.5,october,2022-23,22.2,5.6,63.4,11.4,40.8,1.4,2.0,26.2,2.3,0.5,3.3,6.9,13.2,5.7,2.7,2.5,21.5,16.9,8.5,13.1,4.9,76.2,,57.77777777777777,29.0,6-10,218,82
203944,Julius Randle,NYK,6,33.1,18.3,9.3,3.5,6.5,14.8,1.0,4.2,4.3,6.2,october,2022-23,24.1,15.3,52.2,11.6,64.0,3.0,2.8,37.7,2.2,2.7,3.5,15.8,16.5,9.4,7.3,10.1,21.1,2.4,5.0,3.2,5.4,74.2,,28.37837837837838,33.1,6-8,250,80
1628989,Kevin Huerter,SAC,6,30.9,18.3,3.0,4.2,5.8,11.7,4.2,7.8,2.5,3.2,october,2022-23,18.6,18.1,70.2,12.3,51.2,2.0,2.39,33.3,0.2,0.0,1.0,,22.8,11.3,,,36.6,6.3,8.2,4.0,3.3,69.4,,66.66666666666667,30.9,6-7,198,79
1628973,Jalen Brunson,NYK,6,34.2,18.2,4.2,7.2,7.0,14.8,1.3,4.0,2.8,3.8,october,2022-23,21.3,29.7,55.0,13.4,81.2,6.8,5.0,27.7,0.0,0.3,0.2,14.4,14.3,36.0,,3.3,16.4,5.6,1.9,2.5,,66.7,,27.027027027027025,34.2,6-2,190,74
1629673,Jordan Poole,GSW,7,29.1,17.9,1.6,5.4,6.1,13.4,2.4,7.0,3.1,3.7,october,2022-23,23.5,29.9,59.3,11.1,67.0,4.9,4.39,34.3,0.4,0.0,0.6,7.9,19.9,30.6,,,14.3,12.9,,5.4,,70.6,,52.23880597014925,29.1,6-4,194,76
1627741,Buddy Hield,IND,8,29.8,17.8,5.4,4.1,6.4,13.8,4.0,9.4,1.0,1.1,october,2022-23,21.0,20.0,62.3,11.7,56.3,2.0,2.16,39.1,0.5,0.0,1.8,,23.1,4.8,,,34.0,5.4,5.4,12.2,3.7,64.9,,68.11594202898551,29.8,6-4,220,76
1629628,RJ Barrett,NYK,6,35.1,17.7,5.8,2.2,6.7,16.7,1.2,5.3,3.2,4.0,october,2022-23,23.3,8.3,47.9,7.6,52.2,2.2,2.56,29.5,1.8,0.8,2.0,2.7,28.5,18.0,,2.4,23.8,6.6,7.3,3.4,3.4,67.9,,31.736526946107784,35.1,6-6,214,78
1628389,Bam Adebayo,MIA,7,35.1,17.4,8.0,2.7,6.6,12.3,0.0,0.3,4.3,5.1,october,2022-23,22.4,12.2,59.9,11.6,59.9,2.7,2.66,37.4,5.9,2.4,7.3,8.0,20.2,,9.1,11.3,30.1,,7.1,2.4,6.5,60.7,,2.4390243902439024,35.1,6-9,255,81
1631099,Keegan Murray,SAC,5,35.6,17.4,4.0,1.4,6.6,13.4,3.0,7.6,1.2,1.4,october,2022-23,19.3,5.3,62.1,7.3,48.4,1.4,1.69,34.2,0.6,0.2,1.8,4.2,18.5,10.8,5.4,,30.8,,4.2,14.2,4.2,57.1,,56.71641791044776,35.6,6-8,225,80
203952,Andrew Wiggins,GSW,7,33.2,17.3,6.3,2.6,6.6,15.0,2.1,6.0,2.0,2.4,october,2022-23,20.0,10.5,53.8,9.7,51.1,2.1,2.51,31.7,0.3,1.6,3.3,10.9,22.1,7.6,,6.8,32.5,2.0,3.8,2.5,7.8,63.3,,40.0,33.2,6-7,197,79
1628398,Kyle Kuzma,WAS,7,33.1,17.1,7.3,2.0,6.0,13.9,1.9,5.4,3.3,4.1,october,2022-23,22.0,8.8,54.7,9.9,55.0,2.6,2.89,25.7,0.7,0.4,1.7,5.1,27.3,5.3,8.7,2.8,27.5,4.1,8.5,,4.9,56.5,,38.84892086330935,33.1,6-9,221,81
1629023,P.J. Washington,CHA,7,31.2,17.1,4.4,1.7,6.7,14.3,2.3,5.7,1.4,1.7,october,2022-23,21.7,8.5,57.0,8.8,52.1,1.7,1.92,31.3,2.6,0.6,2.9,4.1,20.9,6.3,5.4,6.1,29.9,4.1,8.2,,6.8,51.4,,39.86013986013986,31.2,6-7,230,79
202696,Nikola Vučević,CHI,7,30.9,17.0,11.9,2.9,5.9,13.6,1.7,4.7,3.6,3.7,october,2022-23,23.4,14.5,55.9,12.8,62.6,1.5,1.46,43.6,3.6,4.7,7.0,,12.5,,28.8,16.1,15.2,,10.0,3.6,7.6,58.7,,34.55882352941177,30.9,6-10,260,82
1626174,Christian Wood,DAL,6,25.9,16.7,8.2,0.8,5.5,9.7,1.7,3.0,4.0,6.2,october,2022-23,25.8,5.7,67.3,14.7,41.7,1.7,2.52,23.5,0.8,2.0,4.7,,,,,,,,,,,64.0,,30.927835051546392,25.9,6-9,214,81
202685,Jonas Valančiūnas,NOP,6,26.3,16.7,10.5,3.0,6.0,11.0,0.5,1.5,4.2,4.7,october,2022-23,22.0,15.4,63.8,17.0,58.0,1.7,1.76,35.0,4.5,5.3,6.7,,,,22.1,29.7,4.2,,13.7,,16.0,77.8,,13.636363636363635,26.3,6-11,265,83
203903,Jordan Clarkson,UTA,8,30.8,16.5,4.5,5.3,5.8,14.3,2.9,8.0,2.1,3.0,october,2022-23,23.2,24.0,53.0,10.5,54.8,3.3,3.6,34.6,0.6,0.0,1.6,5.2,25.6,12.3,,,36.0,7.8,4.2,,3.9,44.7,,55.94405594405594,30.8,6-5,194,77
1626162,Kelly Oubre Jr.,CHA,7,29.4,16.4,5.1,1.4,6.3,15.4,2.3,6.6,1.6,2.4,october,2022-23,24.8,7.3,49.8,8.6,38.4,1.6,2.43,26.3,1.4,0.1,1.7,12.1,22.1,7.6,,,29.8,,5.9,,6.6,76.2,,42.857142857142854,29.4,6-6,203,78
203915,Spencer Dinwiddie,BKN,6,31.4,16.2,2.7,3.7,6.2,12.2,2.5,5.5,1.3,2.0,october,2022-23,21.2,20.2,62.0,10.6,61.3,5.3,5.19,23.7,0.2,0.2,0.2,,,,,,,,,,,73.3,,45.08196721311475,31.4,6-5,215,77
1630596,Evan Mobley,CLE,6,34.6,15.8,6.0,2.2,6.0,10.8,0.3,1.3,3.5,4.3,october,2022-23,19.5,10.2,62.1,10.6,55.2,2.0,2.2,31.8,3.2,3.3,7.8,4.7,16.0,9.5,14.3,8.0,17.9,1.6,13.8,2.7,6.5,54.9,,12.037037037037036,34.6,6-11,215,83
1631093,Jaden Ivey,DET,7,31.3,15.7,4.3,3.7,5.9,12.7,1.4,4.1,2.6,3.7,october,2022-23,21.0,19.1,54.8,8.0,48.3,3.1,3.86,23.6,1.1,0.0,2.9,5.6,26.4,11.6,,,34.3,5.6,,,,75.9,,32.28346456692913,31.3,6-4,195,76
203924,Jerami Grant,POR,6,34.8,15.7,4.0,2.2,4.8,10.5,1.7,4.2,4.3,6.2,october,2022-23,18.4,8.7,59.3,8.0,45.0,1.6,2.2,27.5,1.5,2.0,2.2,10.7,16.2,13.9,2.2,2.0,35.4,4.8,4.6,4.2,2.4,57.6,,40.0,34.8,6-8,210,80
1630567,Scottie Barnes,TOR,6,29.4,15.5,5.8,4.3,6.0,11.5,1.8,3.5,1.7,2.2,october,2022-23,20.6,22.4,62.2,13.1,58.2,3.0,3.1,28.3,2.7,1.8,4.5,7.9,21.7,13.1,5.7,10.7,19.7,2.2,9.3,1.5,5.0,59.0,,30.434782608695656,29.4,6-8,225,80
1629028,Deandre Ayton,PHX,5,26.1,15.4,8.2,2.0,6.8,12.4,0.2,0.6,1.6,2.2,october,2022-23,25.6,11.5,57.6,12.4,45.6,1.1,1.42,22.6,5.2,3.4,9.0,,9.8,,28.6,9.5,2.9,,26.3,,13.6,61.9,,4.838709677419355,26.1,7-0,250,84
201572,Brook Lopez,MIL,6,31.6,15.3,6.8,1.0,5.8,12.3,2.5,7.0,1.2,1.3,october,2022-23,17.6,4.6,59.3,11.8,35.5,0.8,1.33,23.2,2.5,0.7,4.7,,6.5,,32.8,9.5,32.1,,,,,50.0,,56.91056910569105,31.6,7-1,282,85
1628969,Mikal Bridges,BKN,6,35.4,15.3,5.8,3.0,6.0,9.5,1.0,2.2,2.3,2.8,october,2022-23,14.7,10.5,71.3,10.3,43.2,1.4,1.95,24.0,1.5,0.5,3.5,2.3,25.3,9.1,3.4,2.3,36.2,6.3,5.0,4.8,2.7,51.9,,23.157894736842106,35.4,6-6,209,78
1626156,D'Angelo Russell,LAL,7,31.3,15.3,4.1,6.0,5.6,13.7,1.6,5.7,2.6,3.3,october,2022-23,23.9,27.6,50.4,10.6,82.4,6.2,4.5,31.7,0.4,0.1,1.3,8.7,15.5,36.2,,,20.8,7.9,,,,48.5,,41.6058394160584,31.3,6-4,193,76
1630180,Saddiq Bey,ATL,8,31.1,15.3,5.1,1.5,4.9,10.8,1.8,5.3,3.8,4.3,october,2022-23,18.1,7.1,60.4,9.1,45.3,1.8,2.37,32.4,0.9,0.5,1.3,6.5,19.0,7.8,2.2,13.8,28.5,6.0,4.9,1.9,6.7,72.4,,49.07407407407407,31.1,6-7,215,79
1630578,Alperen Sengun,HOU,6,26.1,15.2,9.8,1.5,5.7,10.2,0.5,1.7,3.3,4.5,october,2022-23,21.7,9.4,62.4,14.1,43.7,1.6,2.15,29.3,3.3,3.5,5.7,14.9,13.5,5.2,9.2,21.7,11.8,,9.1,,7.4,59.0,,16.666666666666668,26.1,6-11,243,83
1630532,Franz Wagner,ORL,7,33.3,15.1,4.4,4.0,6.1,14.3,0.9,4.4,2.0,2.4,october,2022-23,23.4,18.3,49.3,8.3,60.1,4.7,4.68,31.9,0.4,0.3,2.7,7.6,20.4,22.9,2.9,6.9,16.6,3.2,6.7,3.6,4.4,67.9,,30.76923076923077,33.3,6-10,220,82
1630530,Trey Murphy III,NOP,6,31.6,15.0,6.0,1.0,5.3,10.0,3.2,5.8,1.2,1.3,october,2022-23,15.4,4.1,70.8,10.0,34.3,1.0,1.83,21.2,0.7,0.0,1.8,6.6,20.1,16.5,2.1,,23.4,9.4,8.3,7.1,3.2,75.0,,57.99999999999999,31.6,6-8,206,80
1627747,Caris LeVert,CLE,6,34.9,14.7,3.5,6.7,4.2,12.5,2.7,5.5,3.7,4.5,october,2022-23,21.4,26.8,50.6,8.8,63.2,4.3,4.12,37.0,1.0,0.0,0.8,6.2,19.0,24.0,,,26.9,4.5,6.6,5.0,,62.9,,44.0,34.9,6-6,205,78
201569,Eric Gordon,LAC,6,31.6,14.5,2.3,3.3,5.2,10.8,2.0,5.2,2.2,2.7,october,2022-23,18.4,15.5,60.4,9.5,43.5,2.6,3.58,26.5,0.3,0.0,0.3,,,,,,60.0,,,,,70.0,,48.148148148148145,31.6,6-3,215,75
203501,Tim Hardaway Jr.,DAL,5,26.1,14.4,1.8,1.6,3.8,11.0,2.2,6.2,4.6,4.8,october,2022-23,22.5,9.5,54.9,8.9,38.0,1.5,2.34,24.8,0.2,0.0,0.4,2.2,21.3,5.7,3.2,,32.4,12.1,2.8,15.8,,70.0,,56.36363636363636,26.1,6-5,205,77
1629022,Lonnie Walker IV,LAL,6,31.4,14.2,3.3,2.5,5.5,13.2,1.2,5.3,2.0,2.7,october,2022-23,19.9,11.6,49.4,7.4,37.0,1.7,2.83,22.0,0.3,0.0,2.2,,,,,,,,,,,57.7,,40.151515151515156,31.4,6-4,204,76
1627751,Jakob Poeltl,TOR,7,29.4,14.1,11.4,3.7,5.9,8.9,0.0,0.0,2.4,4.1,october,2022-23,17.5,18.4,66.2,15.4,66.1,1.8,1.66,38.7,8.9,1.6,9.9,,13.0,,16.7,,,,40.7,,14.8,65.0,,0.0,29.4,7-1,245,85
203497,Rudy Gobert,MIN,7,32.5,14.1,14.7,1.0,5.7,9.4,0.0,0.1,2.7,4.9,october,2022-23,16.1,4.5,61.1,15.5,49.6,1.1,1.36,27.7,4.0,2.1,13.6,,12.6,,16.7,,,,28.5,,26.9,52.6,,1.0638297872340425,32.5,7-1,258,85
1628976,Wendell Carter Jr.,ORL,7,32.2,14.1,9.1,2.9,5.0,10.9,0.7,3.4,3.4,4.4,october,2022-23,20.3,14.0,55.2,11.5,54.7,1.8,2.0,34.6,5.6,1.9,5.7,,10.9,,19.2,3.2,26.2,,17.1,,12.7,64.9,,31.19266055045871,32.2,6-10,270,82
1629631,De'Andre Hunter,ATL,7,27.7,14.0,3.6,1.3,5.6,11.1,1.7,3.9,1.1,1.7,october,2022-23,19.3,6.2,58.8,6.3,31.0,1.3,2.46,19.9,0.9,0.0,0.7,7.5,18.2,13.3,2.6,,29.0,9.5,6.2,6.0,2.6,60.0,,35.13513513513514,27.7,6-8,221,80
1629652,Luguentz Dort,OKC,6,32.1,14.0,4.5,2.3,4.7,13.0,1.0,5.8,3.7,4.7,october,2022-23,20.5,9.3,46.5,6.1,42.5,2.2,3.15,25.0,0.7,0.0,1.8,,15.0,,5.5,,61.5,,4.0,,,69.2,,44.61538461538461,32.1,6-4,220,76
1627750,Jamal Murray,DEN,6,26.6,13.8,2.8,3.2,5.7,13.7,1.7,5.0,0.8,1.5,october,2022-23,26.3,17.0,48.3,8.0,62.2,4.4,4.26,30.7,0.7,0.2,1.3,14.6,13.0,35.4,,2.9,8.6,11.5,3.8,4.0,,56.0,,36.496350364963504,26.6,6-4,215,76
202322,John Wall,LAC,5,21.5,13.8,2.2,4.6,5.2,10.6,0.8,3.0,2.6,4.2,october,2022-23,27.6,37.7,55.4,13.8,49.8,5.0,5.99,13.8,0.2,0.2,0.0,,,,,,,,,,,60.0,,28.30188679245283,21.5,6-3,210,75
203932,Aaron Gordon,DEN,7,28.3,13.7,6.4,1.9,5.7,11.0,0.7,3.3,1.6,2.9,october,2022-23,20.4,8.8,55.9,9.6,37.9,1.7,2.72,21.6,2.0,1.1,5.6,16.0,13.0,10.4,5.9,11.2,15.4,,13.0,,5.3,60.0,,30.0,28.3,6-8,235,80
1628381,John Collins,ATL,7,32.9,13.7,9.9,0.9,5.6,10.3,0.9,3.3,1.7,2.0,october,2022-23,16.3,3.4,61.4,10.5,44.6,1.2,1.57,18.1,1.1,2.7,2.1,,18.7,,6.3,9.1,33.6,2.3,10.3,,9.8,48.8,,32.03883495145631,32.9,6-9,226,81
202694,Marcus Morris Sr.,LAC,5,28.0,13.6,5.0,2.2,5.8,11.2,1.4,4.2,0.6,0.6,october,2022-23,18.8,12.5,59.3,11.6,37.8,1.5,2.43,22.4,2.4,2.2,0.8,,,,,,,,,,,55.6,,37.50000000000001,28.0,6-8,218,80
1628384,OG Anunoby,TOR,7,35.5,13.6,6.4,1.7,4.7,10.7,1.9,5.0,2.3,2.9,october,2022-23,17.0,6.9,56.7,8.3,46.0,1.8,2.32,26.6,0.9,1.3,2.6,5.9,22.4,5.9,3.0,2.8,38.2,4.8,5.3,3.4,4.4,59.1,,46.728971962616825,35.5,6-7,232,79
1627734,Domantas Sabonis,SAC,6,29.2,13.5,10.3,5.8,5.0,9.3,0.0,1.2,3.5,5.2,october,2022-23,20.5,27.1,58.2,13.4,62.0,2.5,2.42,37.0,8.2,3.3,7.5,,9.0,,28.5,13.1,9.0,,14.9,,10.9,50.0,,12.903225806451612,29.2,7-1,240,85
203994,Jusuf Nurkić,POR,6,30.6,13.5,12.2,2.5,4.8,10.0,0.2,0.7,3.7,4.3,october,2022-23,20.1,11.6,56.7,13.5,59.2,1.7,1.74,32.2,4.3,5.3,5.3,,6.9,,22.4,10.4,11.8,,17.3,,13.6,63.8,,6.999999999999999,30.6,7-0,290,84
201566,Russell Westbrook,LAC,5,30.0,13.4,7.2,4.8,4.6,13.4,0.8,4.0,3.4,4.8,october,2022-23,23.7,22.9,43.2,9.6,62.6,4.8,4.56,23.8,0.6,1.2,1.8,13.4,18.3,25.8,,5.1,26.7,,2.2,,2.8,50.0,,29.850746268656714,30.0,6-3,200,75
1626171,Bobby Portis,MIL,6,24.8,13.3,10.5,1.3,5.5,11.7,1.3,3.7,1.0,1.5,october,2022-23,21.0,8.4,54.1,16.1,44.7,1.3,1.8,21.8,0.7,3.0,4.5,3.2,11.0,,15.8,19.8,31.1,,6.6,,5.8,58.3,,31.62393162393163,24.8,6-11,250,83
1627832,Fred VanVleet,TOR,6,38.0,13.3,4.0,7.7,4.0,11.3,2.3,6.2,3.0,3.5,october,2022-23,15.7,28.8,51.8,10.2,80.5,5.5,4.08,38.0,0.0,0.0,0.5,,,,,,,,,,,51.9,,54.86725663716814,38.0,6-0,197,72
1627763,Malcolm Brogdon,BOS,6,22.9,13.3,3.2,3.7,4.5,10.0,1.3,3.5,3.0,3.2,october,2022-23,24.5,25.6,58.5,13.0,49.3,3.7,4.52,21.0,0.3,0.0,0.7,,,,,,,,,,,40.0,,35.0,22.9,6-4,229,76
1626145,Tyus Jones,MEM,7,25.6,13.3,2.3,4.3,5.4,11.7,2.0,5.1,0.4,1.1,october,2022-23,21.8,24.2,54.4,9.7,58.6,4.6,4.76,23.7,0.1,0.0,0.3,,17.2,23.8,,,41.7,,,,,72.0,,43.58974358974359,25.6,6-2,196,74
1630191,Isaiah Stewart,DET,8,29.0,13.1,10.4,1.3,3.9,9.0,1.0,4.3,4.4,6.0,october,2022-23,17.2,5.9,56.4,10.5,45.4,1.1,1.5,24.4,2.6,0.1,7.8,,10.3,,13.9,10.3,23.9,,19.2,,11.8,68.0,,47.77777777777777,29.0,6-8,250,80
202699,Tobias Harris,PHI,8,32.4,13.1,5.9,2.4,5.0,10.5,2.3,5.5,0.9,1.5,october,2022-23,16.5,10.7,58.8,10.4,44.5,1.6,2.13,25.4,0.4,1.5,2.8,4.2,17.9,6.8,,14.6,31.8,,6.3,3.0,6.3,56.3,,52.38095238095239,32.4,6-7,226,79
1629622,Max Strus,MIA,7,30.8,13.0,5.4,1.6,4.9,11.3,2.6,7.3,0.7,1.1,october,2022-23,17.2,7.9,55.1,8.8,49.3,1.3,1.6,27.6,0.4,0.0,2.1,,,,,,,,,,,66.7,,64.60176991150442,30.8,6-5,215,77
1630200,Tre Jones,SAS,7,30.9,13.0,4.0,5.3,4.0,10.6,0.9,2.3,4.1,4.6,october,2022-23,19.0,23.4,51.7,8.9,71.4,6.2,5.2,21.7,0.4,0.0,1.0,4.8,22.7,32.0,,,22.7,4.5,3.0,,,45.5,,21.698113207547166,30.9,6-1,185,73
1630544,Tre Mann,OKC,6,27.4,13.0,3.2,3.2,5.2,13.2,1.7,6.0,1.0,1.5,october,2022-23,21.5,15.6,47.0,7.4,51.3,3.4,4.02,26.8,0.0,0.0,0.3,8.5,7.7,38.0,,,26.5,8.5,,,,56.7,,45.45454545454546,27.4,6-3,178,75
203482,Kelly Olynyk,UTA,8,27.3,12.9,4.0,3.4,4.5,8.4,2.0,3.5,1.9,2.8,october,2022-23,18.5,17.5,67.2,9.0,56.4,1.7,1.85,30.4,1.3,0.9,3.5,,,,,,,,,,,56.5,,41.666666666666664,27.3,6-11,240,83
1629669,Jaylen Nowell,MIN,7,19.9,12.7,4.1,2.1,5.3,12.9,1.3,4.9,0.9,1.1,october,2022-23,26.8,16.1,47.6,11.2,34.1,1.7,2.98,20.3,0.3,0.0,2.1,,,,,,,,,,,47.4,,37.98449612403101,19.9,6-4,201,76
1630245,Ayo Dosunmu,CHI,6,29.9,12.5,4.7,3.2,5.0,9.8,1.8,4.0,0.7,0.7,october,2022-23,16.0,16.2,61.7,9.4,68.0,3.7,3.26,24.8,0.3,0.0,0.7,2.2,33.6,20.8,,,31.6,,3.1,,,50.0,,40.81632653061224,29.9,6-5,200,77
1629661,Cameron Johnson,BKN,6,27.3,12.5,4.2,1.7,4.5,10.7,2.5,6.5,1.0,1.3,october,2022-23,18.6,8.2,55.5,9.0,35.0,0.9,1.62,21.8,0.8,0.0,1.3,,25.0,8.2,,,26.5,15.3,6.7,4.9,,60.0,,60.74766355140188,27.3,6-8,210,80
1629012,Collin Sexton,UTA,8,19.7,12.5,2.8,1.6,4.0,8.5,1.1,3.0,3.4,4.0,october,2022-23,23.6,12.5,60.9,10.6,41.6,3.2,4.55,18.0,0.3,0.0,1.6,5.2,21.4,36.3,2.5,,20.6,4.3,2.5,,,61.5,,35.294117647058826,19.7,6-2,190,74
200768,Kyle Lowry,MIA,7,34.0,12.4,3.7,5.3,3.3,9.3,2.1,6.3,3.7,4.1,october,2022-23,16.6,23.0,55.9,8.9,76.6,4.0,3.11,35.1,0.3,0.0,0.6,,,,,,,,,,,44.8,,67.74193548387096,34.0,6-0,196,72
202691,Klay Thompson,GSW,6,24.9,12.3,2.7,2.5,4.5,13.0,2.3,8.2,1.0,1.2,october,2022-23,23.6,13.2,45.6,5.3,32.7,1.0,1.86,26.5,0.3,0.2,1.2,,19.2,7.1,,,25.9,12.2,2.8,26.3,,68.8,,63.07692307692307,24.9,6-6,220,78
1628372,Dennis Smith Jr.,CHA,7,30.7,12.3,4.1,6.4,5.3,10.9,1.1,2.6,0.6,1.0,october,2022-23,17.8,31.0,54.4,12.0,74.3,5.9,4.73,28.1,0.7,0.0,1.9,,,,,,,,,,,67.6,,23.853211009174313,30.7,6-2,205,74
1629651,Nic Claxton,BKN,7,28.1,12.1,8.6,0.9,5.4,8.0,0.0,0.1,1.3,3.3,october,2022-23,17.2,4.5,64.3,11.3,39.1,1.1,1.72,23.0,4.4,0.1,10.0,14.1,15.5,3.9,11.1,4.5,10.9,,15.5,,13.4,54.8,,1.25,28.1,6-11,215,83
1630538,Bones Hyland,LAC,6,18.1,12.0,1.0,3.7,3.7,10.5,2.3,5.3,2.3,3.2,october,2022-23,31.5,32.4,50.4,7.5,50.0,4.2,5.08,19.7,0.2,0.0,0.0,10.9,23.0,24.3,,,24.3,5.7,,5.7,,50.0,,50.476190476190474,18.1,6-2,169,74
1628386,Jarrett Allen,CLE,6,32.5,12.0,11.7,1.5,5.0,9.2,0.0,0.3,2.0,2.8,october,2022-23,15.4,7.3,57.6,13.3,45.5,1.3,1.66,26.0,3.2,2.2,11.5,,13.6,,20.9,7.8,4.1,,33.1,,9.2,51.7,,3.260869565217391,32.5,6-9,243,81
1631095,Jabari Smith Jr.,HOU,8,31.1,11.9,6.4,0.9,3.9,11.9,2.1,6.4,2.0,2.3,october,2022-23,18.2,4.2,46.2,5.2,46.5,1.5,1.93,22.8,0.9,1.3,2.3,5.6,19.2,4.7,5.3,5.8,36.8,3.9,7.5,2.5,5.4,58.3,,53.78151260504202,31.1,6-11,220,83
1630188,Jalen Smith,IND,8,25.2,11.9,8.6,0.9,4.5,9.9,1.0,3.5,1.9,2.8,october,2022-23,19.6,5.0,53.6,9.9,41.6,0.9,1.3,23.0,2.6,1.0,5.4,,21.0,,17.4,,29.0,,9.8,,10.1,52.3,,35.35353535353536,25.2,6-9,215,81
1627736,Malik Beasley,LAL,8,25.7,11.9,2.5,1.1,4.4,10.1,2.3,6.0,0.9,1.0,october,2022-23,17.7,6.6,56.2,9.5,29.6,1.0,2.06,19.4,0.5,0.0,0.5,,,,,,,,,,,69.7,,59.4059405940594,25.7,6-4,187,76
203095,Evan Fournier,NYK,6,25.3,11.8,2.8,1.7,4.2,9.8,2.5,6.2,1.0,1.2,october,2022-23,18.0,8.8,57.2,7.6,34.8,1.4,2.45,24.2,0.2,0.0,0.0,,,,,,,,,,,91.7,,63.26530612244897,25.3,6-6,205,78
203926,Doug McDermott,SAS,7,20.9,11.7,2.4,1.6,4.1,9.4,2.7,6.0,0.7,0.9,october,2022-23,19.8,10.7,59.7,7.7,29.7,0.8,1.71,22.3,0.0,0.0,0.7,,,,,,65.4,,,,,48.5,,63.82978723404255,20.9,6-6,225,78
1626196,Josh Richardson,NOP,6,24.4,11.7,2.7,3.7,4.0,8.3,2.3,5.2,1.3,1.3,october,2022-23,16.6,20.0,65.4,9.8,43.0,2.4,3.34,21.5,0.7,0.2,1.2,,,,,,,,,,,65.0,,62.65060240963856,24.4,6-6,200,78
201567,Kevin Love,MIA,6,20.1,11.7,7.7,1.8,3.8,8.2,2.8,6.0,1.2,1.3,october,2022-23,19.8,11.8,66.6,17.7,36.3,1.2,1.98,17.8,0.5,2.2,1.3,,14.0,,14.6,,34.1,,6.7,,15.2,50.0,,73.17073170731709,20.1,6-8,251,80
201144,Mike Conley,MIN,7,30.5,11.6,2.3,7.0,3.7,9.7,2.6,6.0,1.6,2.3,october,2022-23,15.8,30.6,54.0,10.2,75.6,6.2,4.91,32.3,0.1,0.0,0.1,,14.8,21.2,,,33.3,13.8,,5.8,,63.8,,61.855670103092784,30.5,6-1,175,73
203082,Terrence Ross,PHX,7,30.9,11.6,3.1,1.3,4.4,9.6,2.1,5.3,0.6,0.9,october,2022-23,14.4,6.2,58.2,7.3,27.1,1.0,2.25,18.4,0.1,0.0,0.3,,,,,,,,,,,58.6,,55.208333333333336,30.9,6-7,206,79
1626224,Cedi Osman,CLE,6,25.6,11.5,2.3,2.0,4.0,9.2,1.8,5.0,1.7,2.2,october,2022-23,18.6,10.9,56.8,6.3,37.8,1.5,2.36,27.3,0.2,0.0,0.5,,,,,,,,,,,64.3,,54.34782608695653,25.6,6-7,230,79
203084,Harrison Barnes,SAC,6,32.6,11.3,5.5,2.5,3.3,8.3,0.3,3.0,4.3,5.5,october,2022-23,15.8,10.9,52.7,8.0,54.7,1.9,2.07,34.7,0.3,0.3,0.8,8.0,18.8,3.3,5.0,2.5,43.8,4.8,,4.8,,66.7,,36.14457831325301,32.6,6-8,225,80
203484,Kentavious Caldwell-Pope,DEN,6,31.5,11.3,4.0,3.3,3.8,8.5,2.7,5.0,1.0,1.0,october,2022-23,13.2,12.7,63.4,8.1,37.8,1.2,1.86,24.8,0.8,0.0,0.3,3.1,24.1,18.1,,,33.7,5.9,,6.5,,70.8,,58.82352941176471,31.5,6-5,204,77
1630208,Nick Richards,CHA,7,20.9,11.3,7.0,1.0,4.3,6.6,0.0,0.0,2.7,3.7,october,2022-23,16.3,6.9,68.8,15.4,25.3,0.6,1.5,14.1,1.7,0.9,6.6,,,,,,,,,,,60.0,,0.0,20.9,7-0,245,84
1629060,Rui Hachimura,LAL,7,22.9,11.1,5.1,0.9,4.3,9.1,0.6,2.0,2.0,2.6,october,2022-23,21.6,6.8,54.2,11.5,32.0,1.3,2.4,17.9,0.9,1.4,2.3,3.7,19.3,,3.1,9.5,40.5,,7.1,4.9,,45.5,,21.978021978021978,22.9,6-8,230,80
1630183,Jaden McDaniels,MIN,7,32.1,11.0,3.0,1.1,4.0,7.6,0.9,2.9,2.1,2.6,october,2022-23,12.4,4.6,63.2,6.5,37.3,1.1,1.72,21.3,0.1,0.0,3.1,2.3,27.6,10.3,,,36.8,5.2,5.0,3.2,3.9,42.3,,38.15789473684211,32.1,6-9,185,81
1629626,Bol Bol,ORL,7,20.4,10.9,6.7,0.3,4.6,7.0,0.3,1.1,1.4,1.9,october,2022-23,18.9,2.4,69.4,17.3,22.1,0.8,2.24,11.4,0.1,0.3,3.3,,,,,,,,,,,63.3,,15.714285714285717,20.4,7-2,220,86
1629667,Jalen McDaniels,PHI,7,24.9,10.9,5.7,2.4,3.7,8.0,2.0,3.3,1.4,1.4,october,2022-23,16.2,12.5,62.9,10.8,41.0,1.6,2.32,21.0,0.1,0.0,1.6,,,,,,,,,,,56.0,,41.25,24.9,6-9,205,81
1626181,Norman Powell,LAC,7,26.1,10.9,2.7,1.6,4.1,11.0,1.0,4.4,1.6,2.4,october,2022-23,23.9,9.8,45.0,3.9,34.0,1.5,2.71,23.0,0.4,0.0,0.7,10.9,24.6,11.3,,,32.5,3.8,1.5,10.9,,44.0,,40.0,26.1,6-4,215,76
1630230,Naji Marshall,NOP,6,24.4,10.7,3.5,2.2,4.0,7.7,1.0,2.7,1.7,2.2,october,2022-23,16.8,11.1,61.9,8.7,35.3,1.2,2.06,19.5,0.3,0.0,2.0,5.6,31.6,10.9,3.9,,29.1,,6.0,2.4,2.4,63.2,,35.064935064935064,24.4,6-7,220,79
1628971,Bruce Brown,DEN,7,27.7,10.6,3.0,3.4,4.3,8.6,1.6,3.4,0.4,0.9,october,2022-23,15.9,18.2,59.1,7.7,53.3,2.5,2.79,28.1,0.6,0.0,2.0,4.1,22.3,15.7,,,22.3,3.8,13.0,,8.7,78.1,,39.53488372093023,27.7,6-4,202,76
1629731,Dean Wade,CLE,6,24.9,10.5,3.5,1.5,3.5,5.3,2.5,4.0,1.0,1.5,october,2022-23,10.9,8.7,87.6,12.6,26.0,0.7,1.66,17.0,0.3,0.0,0.5,,28.1,,5.0,,46.7,,12.1,,,56.3,,75.47169811320755,24.9,6-9,228,81
1629111,Jock Landale,PHX,6,17.4,10.5,5.3,0.5,4.0,8.0,0.3,2.5,2.2,2.7,october,2022-23,23.0,4.4,57.2,13.2,28.7,0.7,1.41,19.0,1.3,2.7,7.3,,9.3,,22.2,14.9,14.4,,14.4,,16.9,51.9,,31.25,17.4,6-11,255,83
1628404,Josh Hart,NYK,6,35.9,10.5,9.2,4.0,3.8,7.3,0.5,1.3,2.3,2.7,october,2022-23,11.8,15.2,61.7,11.0,48.2,2.2,2.72,25.2,0.8,0.2,1.5,,21.0,10.3,,,45.6,4.0,4.6,,,58.7,,17.808219178082194,35.9,6-4,215,76
1630231,KJ Martin,HOU,8,25.8,10.5,5.3,1.6,3.9,8.8,0.9,3.4,1.9,2.8,october,2022-23,16.5,9.4,52.7,8.1,30.9,0.8,1.57,16.9,2.0,0.0,4.6,,,,,,,,,,,62.1,,38.63636363636363,25.8,6-7,215,79
1630537,Chris Duarte,IND,8,21.5,10.0,2.4,0.9,3.5,8.6,1.6,4.6,1.4,1.5,october,2022-23,20.0,6.3,53.9,5.9,28.6,1.1,2.31,19.6,0.4,0.0,0.3,,,,,,,,,,,59.4,,53.48837209302325,21.5,6-5,190,77
1627826,Ivica Zubac,LAC,7,29.3,9.7,11.9,1.3,4.0,6.6,0.0,0.1,1.7,2.9,october,2022-23,14.7,6.6,62.0,12.7,41.6,1.1,1.53,20.6,4.0,1.1,9.4,,5.5,,18.4,28.3,,,20.1,,20.3,34.8,,1.5151515151515154,29.3,7-0,240,84
1630583,Santi Aldama,MEM,7,29.5,9.7,6.1,1.0,3.6,8.3,0.9,3.4,1.7,2.4,october,2022-23,13.3,4.2,51.9,7.2,37.4,1.1,1.69,18.7,0.3,0.1,3.7,,22.8,2.3,8.8,4.1,40.1,,6.8,,7.0,54.7,,40.96385542168674,29.5,7-0,215,84
1628401,Derrick White,BOS,6,26.2,9.7,3.5,2.7,3.3,7.3,1.7,3.8,1.3,1.7,october,2022-23,15.3,14.2,59.9,7.8,35.3,2.1,3.63,15.7,0.5,0.0,1.0,4.7,10.8,35.1,1.6,,25.9,9.5,1.3,5.1,1.7,59.3,,52.054794520547944,26.2,6-4,190,76
1629684,Grant Williams,BOS,5,24.7,9.6,4.0,1.8,3.2,4.6,2.0,3.0,1.2,1.4,october,2022-23,10.1,11.4,92.0,11.9,28.4,0.8,1.6,13.4,0.4,0.0,1.2,,,,,,38.2,,,,,50.0,,65.21739130434783,24.7,6-6,236,78
203110,Draymond Green,GSW,7,28.5,9.6,6.0,5.7,4.1,7.0,0.3,1.1,1.0,1.6,october,2022-23,15.1,24.5,62.2,9.1,63.0,1.9,1.82,32.4,3.6,0.4,3.0,,9.4,5.1,10.2,,39.8,,10.2,,2.7,43.5,,15.714285714285717,28.5,6-6,230,78
1629001,De'Anthony Melton,PHI,8,22.5,9.5,2.9,2.3,3.9,7.5,1.4,3.4,0.4,0.4,october,2022-23,15.8,14.8,62.0,11.4,37.0,1.6,2.53,19.1,1.0,0.0,1.6,,,,,,,,,,,66.7,,45.33333333333333,22.5,6-2,200,74
203935,Marcus Smart,BOS,6,34.2,9.5,3.2,6.2,3.0,9.2,1.3,6.0,2.2,2.5,october,2022-23,15.8,25.2,46.3,6.4,61.7,4.2,4.04,28.0,0.5,1.0,1.0,4.2,18.4,15.1,5.0,,38.3,,,,,67.9,,65.21739130434783,34.2,6-4,220,76
1630167,Obi Toppin,NYK,6,15.5,9.5,3.5,1.5,3.8,6.8,1.5,3.0,0.3,0.3,october,2022-23,20.3,13.0,68.1,14.4,26.2,0.6,1.28,15.3,0.8,0.3,2.3,,23.9,,,,28.3,,,,,85.7,,44.11764705882353,15.5,6-9,220,81
1630168,Onyeka Okongwu,ATL,7,19.9,9.4,5.4,0.7,4.1,5.7,0.0,0.0,1.1,1.9,october,2022-23,16.0,5.2,72.2,11.9,26.1,0.7,1.49,14.7,3.4,0.6,4.9,1.6,15.5,2.1,11.6,6.9,28.0,3.2,11.2,3.4,7.5,57.1,,0.0,19.9,6-9,240,81
1626220,Royce O'Neale,BKN,7,37.4,9.4,4.3,3.0,3.4,9.4,2.3,6.1,0.3,0.3,october,2022-23,12.5,11.1,49.3,4.8,57.6,2.1,2.16,26.3,0.7,0.0,0.9,,26.0,8.3,2.7,,43.8,3.9,,3.6,,70.3,,64.8936170212766,37.4,6-6,226,78
101108,Chris Paul,PHX,6,32.7,9.3,4.7,10.8,3.0,8.7,0.8,3.5,2.5,2.8,october,2022-23,15.7,40.4,47.1,11.6,79.8,7.0,5.25,29.0,0.2,0.2,0.3,,,43.8,,,15.6,,,,,28.0,,40.229885057471265,32.7,6-0,175,72
1628960,Grayson Allen,MIL,6,26.1,9.3,3.5,2.3,2.7,8.0,1.7,5.2,2.3,2.7,october,2022-23,16.2,11.6,50.9,7.4,37.8,1.6,2.56,27.5,0.8,0.0,0.8,2.8,17.5,24.2,4.0,,33.8,5.4,,7.0,,75.0,,65.0,26.1,6-4,198,76
1631101,Shaedon Sharpe,POR,6,18.6,9.3,3.0,0.7,3.7,7.3,1.0,2.3,1.0,1.5,october,2022-23,19.4,5.8,58.4,7.3,18.3,0.7,2.35,12.8,0.5,0.0,1.8,12.3,19.5,31.7,,,16.7,5.1,4.8,2.1,2.8,56.3,,31.506849315068493,18.6,6-5,200,77
1629634,Brandon Clarke,MEM,7,17.2,9.3,3.7,1.4,3.9,5.9,0.0,0.4,1.6,2.4,october,2022-23,19.1,13.0,67.0,11.5,23.4,0.6,1.53,15.7,4.1,0.0,4.3,,,,,,,,,,,64.3,,6.779661016949152,17.2,6-8,215,80
1628420,Monte Morris,WAS,7,28.2,9.3,4.4,5.6,3.4,8.3,1.1,2.7,1.3,1.7,october,2022-23,15.1,24.7,51.4,10.1,58.0,4.8,4.96,21.0,0.1,0.0,0.0,,,,,,,,,,,58.3,,32.53012048192771,28.2,6-2,183,74
203115,Will Barton,TOR,7,24.6,9.3,3.0,2.1,3.4,8.0,1.6,3.4,0.9,1.0,october,2022-23,17.0,13.8,55.0,8.8,37.0,2.5,4.1,18.4,0.6,0.0,0.7,,,,,,,,,,,57.1,,42.5,24.6,6-5,181,77
1628392,Isaiah Hartenstein,NYK,6,25.1,9.2,8.0,1.2,4.0,7.2,0.2,1.3,1.0,1.3,october,2022-23,14.5,6.2,59.1,9.8,41.7,0.9,1.33,24.3,3.2,0.0,8.2,,7.4,,19.9,5.6,,,40.3,,10.2,55.6,,18.055555555555554,25.1,7-0,250,84
1628379,Luke Kennard,MEM,7,24.7,9.1,3.7,0.7,3.6,7.4,1.7,3.9,0.3,0.3,october,2022-23,16.6,4.4,60.5,7.3,31.1,1.2,2.23,19.0,0.6,0.0,0.7,,24.5,9.1,,,32.0,7.9,5.8,11.6,,68.4,,52.702702702702695,24.7,6-5,206,77
202704,Reggie Jackson,DEN,7,28.4,9.1,2.4,4.3,3.6,10.3,1.1,4.4,0.9,1.0,october,2022-23,18.7,24.0,42.6,6.2,56.7,4.7,4.99,22.3,0.6,0.0,0.3,,,,,,,,,,,48.4,,42.71844660194175,28.4,6-2,208,74
203083,Andre Drummond,CHI,6,16.8,9.0,10.2,0.8,3.8,7.2,0.0,0.3,1.3,2.0,october,2022-23,23.7,7.9,55.9,17.7,31.3,0.7,1.4,21.8,3.5,0.7,7.7,,5.2,,7.9,,17.0,,16.6,,38.9,72.4,,4.166666666666666,16.8,6-11,279,83
1626166,Cameron Payne,PHX,6,16.3,9.0,2.0,3.0,3.5,8.2,1.2,3.0,0.8,1.0,october,2022-23,25.7,26.5,52.3,13.1,39.7,3.3,5.05,15.8,0.0,0.0,0.3,,,,,,,,,,,55.6,,36.585365853658544,16.3,6-1,183,73
201145,Jeff Green,DEN,7,19.5,8.9,3.1,1.4,3.0,6.1,0.6,1.6,2.3,3.0,october,2022-23,16.2,11.4,59.3,8.7,28.0,0.9,1.88,19.0,2.0,1.6,2.9,,,,,,,,,,,68.8,,26.229508196721312,19.5,6-8,235,80
1630174,Aaron Nesmith,IND,6,21.9,8.7,3.5,1.5,3.2,7.2,1.2,3.7,1.2,1.5,october,2022-23,16.3,9.0,55.4,5.7,29.7,0.9,1.77,17.3,0.2,0.0,1.0,,19.9,10.4,6.6,,30.9,5.5,,13.7,4.1,50.0,,51.38888888888889,21.9,6-5,215,77
1628997,Caleb Martin,MIA,6,27.4,8.7,4.8,1.7,3.5,8.5,1.0,2.3,0.7,0.7,october,2022-23,14.5,8.8,49.3,7.8,35.3,1.3,2.27,23.5,1.0,0.0,3.2,,32.5,7.9,,,35.7,,,,,69.0,,27.058823529411764,27.4,6-5,205,77
1630193,Immanuel Quickley,NYK,6,22.2,8.7,4.3,4.0,3.0,8.2,1.3,4.3,1.3,2.0,october,2022-23,19.3,23.3,47.9,10.1,40.5,2.7,3.93,20.0,0.2,0.0,0.5,6.1,28.1,20.9,,,25.4,6.4,1.9,4.1,1.4,57.7,,52.4390243902439,22.2,6-2,190,74
203991,Clint Capela,ATL,7,26.4,8.4,8.7,0.7,3.9,6.6,0.0,0.0,0.7,1.6,october,2022-23,12.3,3.4,58.0,10.0,34.6,0.8,1.34,15.0,2.1,0.6,7.9,,,,22.1,,,,24.4,,36.6,48.9,,0.0,26.4,6-10,256,82
1630173,Precious Achiuwa,TOR,7,22.4,8.4,8.0,1.3,2.9,7.7,0.6,2.6,2.1,2.7,october,2022-23,19.0,8.6,47.3,9.9,32.9,1.2,2.24,16.9,1.0,0.7,3.3,,22.2,,13.5,,24.7,,12.0,,17.1,64.3,,33.76623376623377,22.4,6-8,225,80
1628370,Malik Monk,SAC,6,18.0,8.3,2.7,3.8,2.8,8.2,2.0,5.8,0.7,0.8,october,2022-23,21.9,37.1,48.8,10.6,33.2,1.4,2.56,22.3,0.0,0.0,0.5,8.4,22.0,24.1,3.5,,25.5,6.7,,4.6,,53.8,,70.73170731707317,18.0,6-3,200,75
1628380,Zach Collins,SAS,7,16.2,8.3,3.9,2.9,3.4,6.0,0.9,1.9,0.6,1.0,october,2022-23,20.4,27.0,64.3,10.8,30.1,0.9,1.76,20.7,2.9,0.9,3.1,,,,24.7,,25.9,,19.8,,,46.5,,31.666666666666664,16.2,6-11,250,83
1630543,Isaiah Jackson,IND,8,18.5,8.3,5.1,1.4,3.3,5.8,0.0,0.1,1.8,2.8,october,2022-23,16.0,10.1,59.3,9.7,26.8,0.6,1.29,16.3,3.1,0.5,5.4,,13.6,,11.6,7.1,5.1,,20.7,,25.8,53.1,,1.7241379310344827,18.5,6-9,205,81
1629020,Jarred Vanderbilt,LAL,8,24.4,8.3,8.8,3.0,3.4,6.1,0.5,1.1,1.0,1.6,october,2022-23,15.0,16.6,60.3,11.0,34.9,1.2,2.0,21.0,2.6,0.0,5.5,,18.0,,,,32.3,,16.9,,14.3,60.0,,18.032786885245905,24.4,6-8,214,80
1629629,Cam Reddish,POR,6,18.9,8.2,2.7,0.7,3.3,6.8,1.0,2.5,0.5,0.5,october,2022-23,17.9,5.0,57.9,7.0,17.8,0.7,2.45,12.8,0.8,0.0,0.7,,,,,,,,,,,40.0,,36.76470588235294,18.9,6-7,217,79
1629632,Coby White,CHI,7,21.9,8.1,1.7,1.7,3.0,7.9,1.4,4.9,0.7,1.3,october,2022-23,16.5,10.3,48.3,4.1,33.1,1.5,2.76,17.4,0.0,0.0,0.0,7.7,29.3,29.6,,,20.9,3.1,,2.6,,73.7,,62.0253164556962,21.9,6-5,195,77
1627752,Taurean Prince,MIN,7,18.8,8.1,3.0,1.1,3.1,5.0,1.7,3.0,0.1,0.3,october,2022-23,12.7,7.8,79.4,9.0,23.4,0.7,1.82,12.7,0.3,0.0,0.4,,27.3,,,,54.5,,,,,66.7,,60.0,18.8,6-6,218,78
201143,Al Horford,BOS,5,29.4,8.0,5.0,1.8,3.0,6.6,2.0,5.0,0.0,0.0,october,2022-23,11.7,8.5,60.6,6.3,44.6,1.1,1.47,25.0,1.2,0.2,2.6,,15.0,,12.2,8.9,40.0,,7.8,5.6,,53.8,,75.75757575757575,29.4,6-9,240,81
1627827,Dorian Finney-Smith,BKN,6,34.0,8.0,4.7,0.8,3.2,7.3,1.5,4.7,0.2,0.5,october,2022-23,10.6,3.3,53.0,4.3,38.7,1.0,1.54,22.2,0.5,0.0,2.0,,,,,,,,,,,66.7,,64.38356164383562,34.0,6-7,220,79
1631110,Jeremy Sochan,SAS,6,23.5,8.0,4.3,2.0,3.5,7.5,0.7,2.8,0.3,0.8,october,2022-23,15.3,10.7,50.8,5.8,30.2,1.0,1.92,18.0,1.2,0.2,3.2,,18.9,,12.3,,28.3,,17.0,,,45.5,,37.33333333333333,23.5,6-8,230,80
1626204,Larry Nance Jr.,NOP,6,21.1,8.0,4.8,2.3,3.8,6.3,0.3,0.8,0.0,0.2,october,2022-23,15.9,17.1,62.4,11.2,32.3,1.0,1.79,20.5,2.8,1.2,4.8,,20.3,,,,36.7,,22.8,,,65.2,,12.698412698412701,21.1,6-8,245,80
203486,Mason Plumlee,LAC,7,24.4,8.0,7.1,4.4,3.0,4.7,0.0,0.0,2.0,4.0,october,2022-23,14.0,24.4,61.8,9.3,42.4,1.7,2.4,26.6,3.9,2.4,5.4,,,,,,,,,,,62.8,,0.0,24.4,7-0,254,84
1630631,Jose Alvarado,NOP,6,21.4,7.8,2.0,2.5,3.0,6.8,1.3,3.7,0.5,0.7,october,2022-23,17.4,15.8,55.0,6.4,44.3,3.5,4.76,15.0,0.2,0.0,0.3,4.2,20.0,27.3,,,30.0,3.8,3.8,,,55.0,,54.41176470588236,21.4,6-0,179,72
201609,Goran Dragic,MIL,7,17.4,7.7,1.4,3.9,2.9,7.1,1.3,2.6,0.7,1.1,october,2022-23,19.4,33.3,50.4,9.1,39.7,2.5,3.74,18.0,0.3,0.0,0.6,,,,,,,,,,,50.0,,36.61971830985916,17.4,6-4,190,76
1629659,Talen Horton-Tucker,UTA,8,16.7,7.6,3.4,1.8,3.0,7.6,0.6,3.4,1.0,1.4,october,2022-23,22.3,16.9,46.3,9.0,31.5,2.1,3.93,14.8,0.3,0.0,0.6,,,,,,,,,,,68.2,,44.73684210526316,16.7,6-4,234,76
1626159,Justise Winslow,POR,5,24.8,7.6,4.4,2.8,2.8,7.2,0.6,1.8,1.4,2.0,october,2022-23,15.4,17.3,47.0,9.0,51.6,2.7,3.09,24.4,0.6,0.2,3.2,,,,,,,,,,,65.2,,25.0,24.8,6-6,222,78
1630558,Davion Mitchell,SAC,6,18.1,7.5,2.0,1.8,3.0,6.2,1.2,3.0,0.3,0.5,october,2022-23,19.4,16.2,58.7,6.7,41.2,2.9,4.29,16.3,0.0,0.0,0.2,28.6,19.3,8.1,,,35.6,,,,,80.0,,48.387096774193544,18.1,6-0,202,72
1629723,John Konchar,MEM,6,27.3,7.5,5.2,0.5,2.8,6.5,1.7,4.3,0.2,0.3,october,2022-23,10.3,2.3,56.4,7.8,36.0,1.0,1.68,17.2,0.7,0.0,1.7,,34.2,,,,42.5,,,,,58.3,,66.15384615384615,27.3,6-5,210,77
1631105,Jalen Duren,DET,7,20.7,7.4,6.7,0.1,3.3,5.9,0.0,0.1,0.9,2.3,october,2022-23,15.4,1.2,54.1,8.4,25.6,0.6,1.44,12.9,1.3,0.4,7.3,8.9,12.2,3.2,14.9,8.7,6.8,,20.0,,16.4,50.0,,1.694915254237288,20.7,6-11,250,83
1630598,Aaron Wiggins,OKC,5,26.4,7.4,5.8,1.8,2.6,6.4,0.8,2.4,1.4,1.8,october,2022-23,12.2,8.4,51.4,9.0,29.6,1.0,2.01,18.4,0.2,0.0,2.0,6.3,22.9,8.6,,,44.9,,3.3,4.0,,52.9,,37.49999999999999,26.4,6-5,190,77
1627777,Georges Niang,PHI,8,15.4,7.4,1.6,0.5,2.6,5.0,1.9,3.9,0.3,0.3,october,2022-23,16.8,4.7,72.2,8.0,22.0,0.5,1.48,10.6,0.0,0.0,0.3,,,,,,,,,,,64.3,,78.0,15.4,6-7,230,79
1630559,Austin Reaves,LAL,6,22.9,7.3,2.8,1.7,2.3,4.3,1.3,2.8,1.3,1.5,october,2022-23,9.8,9.8,73.4,8.6,25.5,1.0,2.31,15.2,0.8,0.0,1.3,13.5,15.8,35.6,,,14.0,5.6,,5.6,,35.7,,65.11627906976743,22.9,6-5,197,77
1629647,Darius Bazley,PHX,6,18.4,7.3,5.5,1.2,3.0,6.3,0.7,1.8,0.7,1.3,october,2022-23,16.5,9.3,53.0,12.1,28.5,0.9,1.81,14.8,1.2,0.2,2.5,,,,,,,,,,,64.0,,28.571428571428577,18.4,6-9,216,81
1629011,Mitchell Robinson,NYK,6,24.0,7.3,6.2,0.8,3.2,4.7,0.0,0.0,1.0,2.3,october,2022-23,10.6,4.5,64.4,7.6,21.8,0.4,1.19,13.8,0.7,0.2,7.3,,,,11.7,,,,12.5,,52.3,57.9,,0.0,24.0,7-0,240,84
1629216,Gabe Vincent,MIA,7,21.1,7.3,1.6,3.4,2.6,6.3,0.9,2.9,1.3,1.6,october,2022-23,17.9,24.5,52.2,6.1,42.9,2.8,3.91,18.3,0.1,0.0,0.0,,14.9,14.9,,,38.6,,,13.2,,81.8,,46.03174603174603,21.1,6-2,200,74
1631106,Tari Eason,HOU,8,16.8,7.3,4.6,0.5,2.9,6.9,0.8,1.8,0.8,0.9,october,2022-23,17.1,4.8,49.9,9.2,26.3,1.0,2.21,12.4,0.6,0.3,3.0,5.0,19.9,5.4,,,43.3,,6.5,,9.2,62.5,,26.08695652173913,16.8,6-8,215,80
1631222,Jake LaRavia,MEM,5,18.2,7.2,4.0,0.4,2.4,4.6,1.8,3.0,0.6,0.6,october,2022-23,11.5,3.0,74.0,7.9,22.8,0.5,1.44,12.0,0.4,0.0,1.0,2.5,21.2,,4.5,,42.4,2.5,8.0,,8.0,57.9,,65.21739130434783,18.2,6-7,235,79
203493,Reggie Bullock Jr.,DAL,6,32.9,7.2,3.0,0.8,2.3,6.0,2.0,4.8,0.5,0.7,october,2022-23,9.3,3.4,56.9,3.3,34.3,0.7,1.27,23.3,0.3,0.0,0.3,,,,,,,,,,,69.6,,80.0,32.9,6-6,205,78
1630172,Patrick Williams,CHI,7,21.4,7.1,2.0,0.4,2.6,6.0,0.9,2.4,1.1,1.3,october,2022-23,15.5,3.2,54.4,5.0,26.6,0.7,1.58,14.6,0.7,0.0,0.9,3.6,22.1,9.3,5.0,3.6,41.4,3.6,,,5.0,40.9,,40.0,21.4,6-7,215,79
1628984,Devonte' Graham,SAS,6,20.0,6.8,1.7,2.7,2.0,5.3,2.0,4.3,0.8,1.3,october,2022-23,13.5,18.8,57.7,8.2,34.5,2.2,3.75,17.0,0.2,0.0,0.2,,,,,,,,,,,61.1,,81.13207547169812,20.0,6-1,195,73
1629026,Kenrich Williams,OKC,6,20.9,6.5,4.2,1.7,2.8,5.8,0.7,2.0,0.2,0.5,october,2022-23,12.4,13.9,53.7,8.6,27.2,1.0,2.13,18.5,0.8,0.0,3.7,,14.6,,,,42.3,,10.0,,7.7,63.2,,34.48275862068966,20.9,6-6,210,78
1630541,Moses Moody,GSW,7,16.9,6.4,2.4,0.3,2.1,5.4,1.3,3.6,0.9,1.1,october,2022-23,17.8,2.3,54.2,5.6,22.1,0.9,2.49,14.4,0.1,0.0,0.6,4.9,19.0,5.4,,,40.4,5.2,3.7,13.1,3.2,66.7,,66.66666666666666,16.9,6-5,211,77
203925,Joe Harris,BKN,5,22.8,6.4,2.8,1.8,2.4,6.0,1.4,3.8,0.2,0.2,october,2022-23,11.6,10.1,52.6,5.5,23.8,0.6,1.63,15.2,0.0,0.0,0.4,,,,,,,,,,,69.2,,63.33333333333333,22.8,6-6,220,78
200782,P.J. Tucker,PHI,8,28.7,6.4,4.5,0.6,2.5,4.4,1.1,2.3,0.3,0.3,october,2022-23,9.2,2.9,71.1,4.8,24.8,0.6,1.42,13.0,0.8,0.1,2.9,,,,,,,,,,,59.3,,52.27272727272726,28.7,6-5,245,77
1630197,Aleksej Pokusevski,OKC,6,19.6,6.3,4.0,1.8,2.3,6.8,0.8,2.8,0.8,1.7,october,2022-23,18.5,14.9,41.9,4.8,39.7,1.2,1.82,22.3,2.0,0.0,3.3,,,,,,,,,,,55.9,,41.17647058823529,19.6,7-0,210,84
1630526,Jeremiah Robinson-Earl,OKC,6,16.4,6.3,3.3,0.8,2.2,4.5,1.3,2.8,0.7,0.7,october,2022-23,12.8,6.8,66.1,9.4,25.2,0.4,1.05,13.7,0.5,0.0,1.3,,20.2,,,,38.1,,,,20.2,55.6,,62.22222222222222,16.4,6-8,240,80
1627732,Ben Simmons,BKN,6,31.8,6.2,6.5,7.3,2.5,5.7,0.0,0.2,1.2,2.5,october,2022-23,12.7,31.9,45.6,7.1,72.3,4.5,3.72,21.7,1.7,1.2,4.7,,,,,,,,,,,68.4,,3.508771929824561,31.8,6-10,240,82
1628467,Maxi Kleber,DAL,6,27.0,6.2,4.3,0.7,1.8,4.5,1.0,3.2,1.5,2.0,october,2022-23,10.5,3.5,57.3,6.0,32.8,0.6,1.16,15.7,0.7,0.2,3.0,,,,,,,,,,,69.6,,71.11111111111111,27.0,6-10,240,82
203200,Justin Holiday,DAL,7,20.1,6.1,0.7,1.7,2.4,6.3,1.3,4.1,0.0,0.0,october,2022-23,13.1,11.8,48.9,3.4,21.9,0.6,1.75,16.6,0.3,0.0,0.7,,,,,,,,,,,81.0,,65.07936507936508,20.1,6-6,180,78
201588,George Hill,IND,6,22.4,6.0,1.8,2.7,1.8,3.8,0.7,2.3,1.7,2.2,october,2022-23,9.3,14.4,62.7,6.3,35.0,1.9,3.3,16.8,0.5,0.0,0.7,,,,,,,,,,,70.0,,60.526315789473685,22.4,6-4,188,76
1626172,Kevon Looney,GSW,7,22.9,6.0,6.4,3.6,2.6,4.3,0.0,0.0,0.9,1.6,october,2022-23,9.5,18.8,60.3,9.3,39.0,1.0,1.58,23.3,3.0,0.0,4.6,,,,19.3,,,,,,31.6,59.3,,0.0,22.9,6-9,222,81
1629750,Javonte Green,CHI,7,17.6,5.9,3.3,1.0,2.1,4.3,0.3,1.4,1.3,1.6,october,2022-23,12.6,7.5,58.8,8.2,29.0,0.6,1.17,15.1,0.6,0.0,2.0,,23.5,,3.7,,41.2,,14.7,,4.8,37.5,,32.558139534883715,17.6,6-5,205,77
200752,Rudy Gay,UTA,5,16.9,5.8,3.2,1.2,2.2,5.6,1.0,2.8,0.4,0.8,october,2022-23,15.8,10.3,48.7,7.7,28.0,1.0,2.14,13.2,0.6,0.4,1.8,,,,,,,,,,,35.0,,50.0,16.9,6-8,250,80
1631117,Walker Kessler,UTA,5,16.6,5.8,5.2,1.2,2.0,3.2,0.0,0.0,1.8,3.0,october,2022-23,13.3,10.0,64.2,11.6,16.2,0.4,1.36,12.2,1.8,0.2,4.6,,,,,,,,29.0,,22.6,50.0,,0.0,16.6,7-0,245,84
1630547,James Bouknight,CHA,7,17.1,5.7,1.9,1.1,2.0,6.9,1.3,4.3,0.4,0.9,october,2022-23,19.9,8.2,39.5,1.4,19.9,1.0,2.88,13.6,0.0,0.0,0.3,,,,,,,,,,,69.2,,62.31884057971014,17.1,6-4,190,76
1627814,Damion Lee,PHX,6,17.5,5.7,2.7,1.2,1.7,4.7,1.2,3.0,1.2,1.3,october,2022-23,12.1,9.2,53.9,8.9,23.0,0.7,1.8,14.8,0.5,0.0,0.5,,,,,,,,,,,56.3,,63.82978723404255,17.5,6-5,210,77
1630587,Isaiah Livers,DET,6,18.2,5.7,2.2,0.7,1.8,4.7,1.5,3.8,0.5,0.5,october,2022-23,12.2,5.5,58.0,4.3,21.3,0.6,1.68,13.7,0.2,0.0,0.2,,,,,,49.1,,,,,45.5,,80.85106382978722,18.2,6-6,232,78
1628470,Torrey Craig,PHX,6,15.0,5.7,3.5,1.0,2.3,3.7,1.0,2.2,0.0,0.0,october,2022-23,11.2,9.4,77.3,11.6,19.3,0.5,1.49,10.7,0.0,0.0,1.8,,,,,,,,,,,64.7,,59.45945945945946,15.0,6-7,221,79
1629611,Terance Mann,LAC,7,16.2,5.6,3.0,0.6,2.4,3.9,0.3,1.0,0.4,1.0,october,2022-23,14.3,5.9,64.8,7.9,20.4,1.1,3.22,10.1,0.7,0.0,1.9,3.7,22.0,17.9,,,28.9,4.4,6.6,,8.1,47.8,,25.641025641025646,16.2,6-5,215,77
1628988,Aaron Holiday,ATL,7,17.9,5.4,1.0,1.4,2.0,4.1,0.7,1.1,0.7,0.7,october,2022-23,12.2,10.1,60.9,5.9,23.3,1.6,4.03,9.0,0.3,0.0,0.4,,18.5,18.5,,,42.5,,,,,76.5,,26.829268292682933,17.9,6-0,185,72
1627936,Alex Caruso,CHI,7,25.3,5.4,3.0,3.4,1.6,4.4,0.9,2.6,1.4,1.7,october,2022-23,12.0,17.9,52.4,6.9,54.3,2.3,2.5,22.7,1.3,0.0,1.4,,19.9,8.2,7.0,,45.6,,,,,64.0,,59.09090909090908,25.3,6-5,186,77
1629614,Andrew Nembhard,IND,7,15.6,5.4,1.9,2.7,1.9,4.9,1.1,3.0,0.6,0.6,october,2022-23,13.5,22.9,53.1,7.4,28.4,1.4,2.94,16.6,0.3,0.0,0.3,8.9,14.8,38.5,,,21.4,7.1,,,,37.5,,61.22448979591836,15.6,6-3,191,75
201976,Patrick Beverley,CHI,6,27.8,5.3,3.8,2.8,1.3,4.7,0.7,3.5,2.0,2.0,october,2022-23,9.9,14.3,48.1,5.2,41.7,2.5,3.65,19.3,0.2,0.0,1.2,,,,,,,,,,,66.7,,74.46808510638297,27.8,6-2,180,74
1630181,R.J. Hampton,DET,6,15.0,5.3,2.0,1.5,1.7,3.7,0.7,1.2,1.3,1.5,october,2022-23,13.4,15.0,61.6,10.4,24.7,1.8,4.27,10.7,0.7,0.0,0.7,,,,,,,,,,,66.7,,32.43243243243243,15.0,6-4,175,76
203496,Robert Covington,LAC,5,17.3,5.2,4.6,1.4,1.6,3.8,0.8,2.6,1.2,1.2,october,2022-23,12.5,12.1,60.1,11.4,29.4,0.8,1.7,11.2,0.2,0.0,1.0,,,,,,,,,,,63.0,,68.42105263157895,17.3,6-7,209,79
203500,Steven Adams,MEM,7,25.9,5.1,10.0,2.0,2.3,4.1,0.0,0.0,0.6,2.6,october,2022-23,11.8,9.4,48.8,7.4,38.1,1.1,1.73,21.1,4.6,1.0,7.0,,4.9,,15.6,,,,23.9,,37.1,59.5,,0.0,25.9,6-11,265,83
1630182,Josh Green,DAL,6,15.4,5.0,2.8,0.8,1.5,2.3,0.8,1.5,1.2,1.7,october,2022-23,11.2,7.6,81.5,9.8,18.2,0.6,2.11,8.3,0.5,0.0,1.0,,28.0,,,,61.3,,,,,57.1,,65.21739130434783,15.4,6-7,200,79
1631223,David Roddy,MEM,7,20.1,4.9,3.4,0.9,1.9,6.6,0.6,3.6,0.6,0.6,october,2022-23,15.1,5.5,35.6,2.6,20.4,0.7,2.03,12.6,0.7,0.0,1.3,,,,,,,,,,,68.2,,54.545454545454554,20.1,6-4,255,76
1630166,Deni Avdija,WAS,7,17.1,4.9,3.3,1.3,1.7,4.1,0.7,1.7,0.7,0.9,october,2022-23,13.3,9.2,53.7,5.7,22.7,0.9,2.27,10.6,0.3,0.0,1.4,14.0,18.1,26.9,,3.1,19.0,4.8,4.0,4.7,1.7,57.1,,41.463414634146346,17.1,6-9,210,81
1629670,Jordan Nwora,IND,6,15.0,4.8,3.5,0.3,1.7,4.8,1.0,2.5,0.5,0.5,october,2022-23,15.5,2.9,47.8,5.5,20.3,0.8,2.27,12.2,0.2,0.0,0.7,,,,,,,,,,,63.6,,52.083333333333336,15.0,6-9,225,81
1631128,Christian Braun,DEN,7,17.7,4.6,2.9,1.1,1.9,4.0,0.6,1.7,0.3,0.6,october,2022-23,10.8,8.5,53.8,6.1,19.6,0.6,1.94,11.7,0.3,0.0,0.7,,33.3,,7.1,,20.6,7.8,11.3,,7.1,60.0,,42.5,17.7,6-6,220,78
201587,Nicolas Batum,LAC,7,17.6,4.4,3.4,1.3,1.6,3.1,0.7,2.0,0.6,0.9,october,2022-23,10.7,11.8,62.9,8.6,23.0,0.6,1.5,13.6,0.3,0.0,0.7,,14.2,,,,68.9,,,,,53.7,,64.51612903225806,17.6,6-8,230,80
202083,Wesley Matthews,MIL,6,16.2,4.2,2.8,0.7,1.3,3.8,1.0,3.0,0.5,0.7,october,2022-23,11.7,5.8,50.5,4.7,15.0,0.3,1.27,10.8,0.0,0.0,1.2,,,,,,,,,,,75.0,,78.94736842105263,16.2,6-5,220,77
1629643,Chuma Okeke,ORL,7,17.2,4.0,3.6,1.6,1.3,3.7,0.9,2.9,0.6,0.6,october,2022-23,10.1,12.5,50.4,6.5,20.1,0.6,1.81,10.6,0.3,0.0,0.7,,,,,,,,,,,61.1,,78.37837837837837,17.2,6-8,229,80
203210,JaMychal Green,GSW,7,18.2,4.0,4.4,0.7,1.6,3.7,0.4,1.9,0.4,0.6,october,2022-23,10.7,5.4,50.4,6.5,25.1,0.6,1.36,15.3,0.9,0.9,2.1,,,,,,,,,,,60.0,,51.35135135135135,18.2,6-9,227,81
1628975,Jevon Carter,MIL,6,24.4,3.8,2.7,1.5,1.5,5.0,0.8,3.5,0.0,0.0,october,2022-23,10.6,8.6,38.3,1.7,30.5,1.3,2.61,16.2,0.5,0.0,1.3,,21.5,17.2,,,45.2,,,,,61.9,,70.0,24.4,6-1,200,73
202709,Cory Joseph,DET,7,15.8,3.7,1.1,2.4,1.1,3.0,0.7,1.4,0.7,0.9,october,2022-23,10.3,23.6,55.0,6.6,26.1,1.8,4.15,11.7,0.1,0.1,0.0,,,,,,,,,,,63.6,,46.666666666666664,15.8,6-3,200,75
1629162,Jordan McLaughlin,MIN,5,16.6,3.4,2.2,3.4,1.4,3.4,0.2,1.6,0.4,0.4,october,2022-23,10.6,21.0,47.5,7.9,35.8,2.4,4.09,11.2,0.0,0.0,0.2,,,,,,,,,,,45.5,,47.05882352941177,16.6,6-0,185,72
1631132,Christian Koloko,TOR,7,15.4,3.3,3.3,0.4,1.3,2.6,0.0,0.0,0.7,1.6,october,2022-23,9.8,4.1,50.4,3.1,13.7,0.3,1.14,8.7,0.6,0.0,3.3,,,,,,,,,,,65.2,,0.0,15.4,7-0,230,84
1627863,Danuel House Jr.,PHI,8,15.6,2.6,1.5,0.9,0.9,2.1,0.4,1.4,0.5,0.8,october,2022-23,9.4,7.8,53.5,3.0,13.9,0.4,1.78,8.9,0.1,0.0,0.8,,,,,,,,,,,72.7,,66.66666666666666,15.6,6-6,220,78
1630165,Killian Hayes,DET,8,17.1,2.5,2.5,3.5,1.0,5.9,0.3,1.9,0.3,0.4,october,2022-23,17.0,29.5,20.7,0.6,34.1,2.4,4.29,14.4,0.3,0.0,0.5,,,,,,,,,,,53.8,,32.20338983050847,17.1,6-5,195,77
1630171,Isaac Okoro,CLE,6,16.2,1.7,1.3,0.3,0.7,3.0,0.0,1.7,0.3,0.3,october,2022-23,10.8,2.7,26.5,-2.8,16.5,0.6,2.09,10.7,0.0,0.0,0.2,,25.9,,,,41.6,,10.8,,5.2,45.5,,56.666666666666664,16.2,6-5,225,77
203954,Joel Embiid,PHI,8,35.2,34.1,9.8,6.0,10.4,20.9,0.9,3.6,12.5,14.5,november,2022-23,39.8,35.6,62.6,24.8,75.5,3.5,2.8,58.0,7.6,5.9,3.1,12.3,7.0,,22.0,21.7,12.9,2.3,6.6,1.8,7.1,64.1,,17.22488038277512,35.2,7-0,280,84
1629029,Luka Dončić,DAL,13,37.7,32.0,8.5,8.5,10.8,21.5,2.6,7.2,7.7,11.1,november,2022-23,36.0,41.9,60.8,20.4,94.7,9.9,6.29,33.5,0.6,5.8,0.7,16.0,14.3,36.3,,7.6,8.7,2.3,1.3,7.4,1.7,60.0,,33.48837209302326,37.7,6-7,230,79
1628369,Jayson Tatum,BOS,15,36.8,31.9,8.0,4.9,10.1,21.9,3.6,10.2,8.1,9.3,november,2022-23,32.6,19.7,61.5,16.8,72.7,4.4,3.61,38.3,2.6,1.3,3.2,,,,,,,,,,,57.9,,46.57534246575342,36.8,6-8,210,80
201939,Stephen Curry,GSW,13,34.9,31.6,6.7,7.8,11.0,20.2,5.3,11.5,4.3,4.8,november,2022-23,29.8,32.5,70.9,19.4,83.6,6.1,4.37,33.9,0.5,0.0,1.2,10.1,13.8,21.1,,,11.6,12.0,7.0,18.0,1.3,50.0,,56.93069306930694,34.9,6-2,185,74
1628983,Shai Gilgeous-Alexander,OKC,15,35.6,31.1,4.9,5.7,10.4,20.4,0.9,2.9,9.3,10.3,november,2022-23,32.7,26.2,62.3,17.2,73.3,6.8,5.56,24.3,0.6,1.6,0.9,26.3,14.1,37.3,,4.7,6.2,2.1,3.3,1.6,,62.6,,14.215686274509803,35.6,6-6,195,78
203507,Giannis Antetokounmpo,MIL,11,32.1,29.9,10.7,5.7,10.8,21.5,0.6,3.2,7.6,12.8,november,2022-23,40.0,33.0,55.0,18.3,78.3,5.2,4.02,37.5,4.2,4.6,5.9,10.9,26.0,7.7,6.4,20.2,6.1,,7.9,,8.9,48.8,,14.883720930232558,32.1,7-0,243,84
201142,Kevin Durant,PHX,16,36.3,29.4,7.1,5.9,10.6,18.8,1.6,4.4,6.6,7.1,november,2022-23,30.3,26.3,67.3,18.9,70.2,4.3,3.7,42.4,3.3,3.3,1.8,20.8,13.5,18.4,1.7,7.3,15.2,7.5,2.3,7.5,1.1,50.5,,23.404255319148938,36.3,6-10,240,82
1626164,Devin Booker,PHX,15,36.3,28.9,6.1,5.9,10.3,21.7,2.5,6.6,5.8,6.5,november,2022-23,31.3,25.1,58.8,15.5,68.1,5.9,5.24,36.1,1.1,1.3,1.9,14.0,15.7,33.1,1.8,3.8,9.5,7.5,1.6,7.5,1.7,54.5,,30.414746543778804,36.3,6-5,206,77
203076,Anthony Davis,LAL,13,33.7,27.2,13.5,2.8,9.8,16.8,0.2,0.8,7.3,8.8,november,2022-23,28.4,13.9,65.8,20.3,69.8,2.4,2.08,37.7,4.5,5.9,11.9,11.5,10.3,5.8,19.3,12.5,9.8,,8.8,,14.5,62.6,,4.761904761904762,33.7,6-10,253,82
1629027,Trae Young,ATL,14,35.7,27.2,2.7,9.6,9.0,21.4,2.1,7.1,7.1,8.1,november,2022-23,32.1,40.9,54.5,14.8,81.0,8.0,5.9,26.9,0.9,0.0,0.7,12.0,20.4,39.3,,,8.4,10.5,,,,50.0,,33.177570093457945,35.7,6-1,164,73
1628378,Donovan Mitchell,CLE,14,35.2,26.8,3.7,4.1,9.3,19.1,3.6,8.9,4.6,5.1,november,2022-23,29.0,20.7,62.9,15.4,65.5,5.3,4.86,33.9,0.9,0.0,1.0,11.4,22.8,34.1,1.5,,11.4,6.9,1.9,3.8,1.6,71.8,,46.596858638743456,35.2,6-1,215,73
201942,DeMar DeRozan,CHI,14,34.9,26.5,4.7,4.6,9.7,18.9,0.5,1.6,6.6,7.5,november,2022-23,29.2,21.7,59.8,14.9,65.4,4.5,4.13,41.4,1.6,1.6,0.6,19.9,10.0,17.6,1.7,12.0,19.1,6.1,3.9,4.6,1.7,60.0,,8.465608465608467,34.9,6-6,220,78
1627759,Jaylen Brown,BOS,14,34.5,26.4,6.5,3.7,10.1,19.0,2.1,6.2,4.2,5.0,november,2022-23,30.9,17.3,62.3,13.4,62.4,3.5,3.38,34.1,1.3,0.4,1.7,20.6,20.4,22.2,1.8,4.7,13.0,4.1,1.1,7.4,1.8,66.7,,32.631578947368425,34.5,6-6,223,78
203078,Bradley Beal,WAS,9,37.5,25.8,3.7,5.2,9.8,18.4,2.1,5.3,4.1,4.9,november,2022-23,26.6,22.7,62.6,13.7,82.4,5.8,4.19,44.4,1.8,0.4,2.1,,,21.3,,,24.6,,,,,69.2,,28.804347826086957,37.5,6-4,207,76
2544,LeBron James,LAL,8,34.7,25.8,8.5,5.5,10.0,20.6,2.8,7.4,3.0,4.5,november,2022-23,30.5,26.3,57.0,15.0,74.9,4.9,3.94,36.5,2.8,4.4,3.4,12.8,24.5,12.5,3.1,12.1,12.6,,5.7,7.5,1.9,64.3,,35.92233009708738,34.7,6-9,250,81
1629630,Ja Morant,MEM,12,33.2,25.7,7.2,8.2,9.2,21.3,1.5,5.0,5.8,8.7,november,2022-23,35.0,40.2,51.0,16.4,85.9,8.6,5.97,32.0,0.7,0.3,1.2,14.1,19.6,40.4,,,11.0,5.0,2.4,,,54.0,,23.474178403755868,33.2,6-2,174,74
1629014,Anfernee Simons,POR,14,37.4,25.2,3.2,5.1,8.5,19.9,4.2,11.0,4.0,4.6,november,2022-23,27.2,23.3,57.6,12.5,78.8,6.8,5.16,37.1,0.3,0.0,0.6,18.2,14.5,28.8,,,19.8,7.2,,4.9,,70.0,,55.276381909547744,37.4,6-3,181,75
1630217,Desmond Bane,MEM,6,34.1,25.2,5.2,4.5,8.3,17.0,3.5,7.7,5.0,5.2,november,2022-23,25.9,19.7,65.3,15.4,72.7,3.2,2.67,41.2,1.2,0.0,1.0,7.0,19.3,25.5,,,17.4,7.4,4.1,9.1,3.8,56.0,,45.294117647058826,34.1,6-5,215,77
203924,Jerami Grant,POR,15,37.1,24.9,4.4,2.9,8.3,17.3,3.3,6.7,5.0,6.3,november,2022-23,26.1,13.2,61.8,12.0,59.1,2.6,2.62,39.6,0.9,3.0,1.9,10.7,16.2,13.9,2.2,2.0,35.4,4.8,4.6,4.2,2.4,58.1,,38.72832369942196,37.1,6-8,210,80
202331,Paul George,LAC,10,34.4,24.8,5.4,4.1,8.4,17.7,3.1,7.6,4.9,5.9,november,2022-23,31.4,20.2,61.1,14.2,67.3,4.8,4.32,32.0,1.3,1.4,0.9,18.4,12.4,14.2,,5.5,22.9,3.2,,12.4,,52.5,,42.93785310734463,34.4,6-8,220,80
1629636,Darius Garland,CLE,15,37.1,24.1,2.3,8.5,8.1,17.9,3.1,7.3,4.7,5.5,november,2022-23,27.6,36.8,59.1,13.8,84.9,8.3,5.89,31.1,0.7,0.1,0.3,6.7,16.2,41.8,,,17.1,5.4,3.1,2.9,,63.1,,40.78212290502793,37.1,6-1,192,73
1628368,De'Aaron Fox,SAC,13,32.4,23.8,4.5,6.5,8.7,16.8,1.9,4.9,4.5,5.5,november,2022-23,26.3,30.7,61.7,14.9,75.3,6.3,5.0,23.8,0.3,0.2,0.6,10.1,22.8,29.1,,,18.1,6.4,2.0,3.7,1.7,68.5,,29.166666666666668,32.4,6-3,185,75
203999,Nikola Jokić,DEN,11,31.0,23.7,8.9,9.3,9.1,13.9,0.7,1.6,4.8,5.8,november,2022-23,28.0,40.8,72.0,20.0,89.6,4.2,2.81,49.5,8.7,8.2,6.7,5.3,10.1,9.7,13.0,22.8,9.0,,7.3,5.3,9.3,70.4,,11.510791366906476,31.0,6-11,284,83
1629627,Zion Williamson,NOP,12,32.1,23.6,6.2,4.3,9.0,14.3,0.3,0.8,5.3,7.5,november,2022-23,26.2,21.0,67.2,15.5,58.3,2.8,2.89,33.6,1.8,3.5,4.5,23.8,15.0,15.3,4.8,10.2,5.5,2.6,10.5,,8.6,62.2,,5.594405594405594,32.1,6-6,284,78
1630162,Anthony Edwards,MIN,15,36.5,22.8,5.5,3.5,8.0,17.3,2.5,7.3,4.3,5.3,november,2022-23,26.0,14.6,58.2,11.2,69.3,3.9,3.38,38.2,0.7,0.1,1.5,23.4,15.7,23.5,,4.9,12.9,7.3,2.0,4.8,1.2,65.3,,42.19653179190751,36.5,6-4,225,76
1630224,Jalen Green,HOU,13,34.6,22.8,4.0,5.1,7.6,16.2,2.7,7.8,4.8,6.1,november,2022-23,27.2,24.5,60.2,11.5,66.5,4.7,4.28,35.3,0.5,0.0,1.2,,,,,,,,,,,65.3,,48.14814814814815,34.6,6-4,186,76
1631094,Paolo Banchero,ORL,8,36.2,22.6,6.1,3.4,7.9,16.5,0.8,3.0,6.1,8.4,november,2022-23,28.0,15.5,56.0,10.7,69.8,5.3,4.57,27.6,1.3,3.6,1.4,14.7,19.8,19.4,5.2,9.3,15.4,2.6,4.7,3.6,2.6,59.6,,18.181818181818183,36.2,6-10,250,82
204001,Kristaps Porziņģis,WAS,14,32.8,22.6,8.9,2.6,7.3,15.7,2.4,6.1,5.6,7.1,november,2022-23,27.3,12.3,59.8,14.6,62.1,1.8,1.75,41.2,5.2,3.6,4.5,,14.6,,11.3,24.3,17.4,,7.7,10.5,6.1,55.4,,38.853503184713375,32.8,7-3,240,87
1628973,Jalen Brunson,NYK,16,31.9,22.5,3.3,6.3,7.9,16.2,1.4,4.3,5.3,5.8,november,2022-23,26.0,31.7,60.1,14.8,82.5,7.3,5.33,30.4,0.1,0.9,0.3,14.4,14.3,36.0,,3.3,16.4,5.6,1.9,2.5,,66.7,,26.543209876543212,31.9,6-2,190,74
1630178,Tyrese Maxey,PHI,7,35.6,22.4,3.3,5.6,8.1,19.7,2.7,7.0,3.4,4.9,november,2022-23,28.7,27.5,51.3,11.6,91.3,7.9,5.2,34.7,0.0,0.0,0.1,14.5,21.9,26.2,1.3,1.4,14.3,6.7,3.0,5.4,,60.9,,35.53299492385787,35.6,6-2,200,74
1628389,Bam Adebayo,MIA,13,34.5,22.4,9.9,3.6,8.8,16.8,0.1,0.5,4.6,5.2,november,2022-23,27.7,17.9,58.7,14.7,70.6,3.5,2.96,40.2,6.0,2.8,7.0,8.0,20.2,,9.1,11.3,30.1,,7.1,2.4,6.5,69.1,,2.976190476190476,34.5,6-9,255,81
1628398,Kyle Kuzma,WAS,14,35.4,22.4,8.1,4.4,8.7,18.6,2.5,8.4,2.4,3.5,november,2022-23,27.4,19.6,55.6,12.8,63.9,3.2,3.0,36.5,1.1,0.7,2.7,5.1,27.3,5.3,8.7,2.8,27.5,4.1,8.5,,4.9,54.1,,45.16129032258064,35.4,6-9,221,81
203081,Damian Lillard,POR,6,35.3,22.3,3.8,9.0,6.0,17.0,2.8,10.0,7.5,9.0,november,2022-23,30.6,42.2,53.3,12.2,86.0,7.2,5.0,41.5,0.3,0.2,0.3,,,,,,,,,,,69.2,,58.82352941176471,35.3,6-2,195,74
203944,Julius Randle,NYK,16,33.3,22.2,8.3,3.4,7.6,16.1,2.6,7.3,4.5,5.7,november,2022-23,26.4,15.8,59.8,12.3,63.2,2.8,2.7,40.1,2.2,3.9,3.3,15.8,16.5,9.4,7.3,10.1,21.1,2.4,5.0,3.2,5.4,63.1,,45.3416149068323,33.3,6-8,250,80
1628374,Lauri Markkanen,UTA,16,33.8,22.0,8.1,1.9,7.9,14.4,2.7,6.1,3.6,4.4,november,2022-23,22.7,8.4,67.2,13.4,46.5,1.7,2.16,28.7,2.1,1.6,4.9,4.0,15.6,3.0,8.3,5.7,12.8,7.5,10.6,20.7,7.0,56.6,,42.36111111111111,33.8,7-0,240,84
1630532,Franz Wagner,ORL,15,33.3,21.7,4.1,4.0,7.9,14.9,1.5,3.8,4.5,5.2,november,2022-23,25.7,21.2,63.3,13.2,62.7,4.7,4.51,31.9,0.6,0.4,1.9,7.6,20.4,22.9,2.9,6.9,16.6,3.2,6.7,3.6,4.4,71.9,,25.503355704697984,33.3,6-10,220,82
1626162,Kelly Oubre Jr.,CHA,14,32.4,21.3,5.3,1.1,8.1,18.0,2.3,7.8,2.9,3.9,november,2022-23,26.2,6.0,54.0,10.1,48.4,1.8,2.18,35.4,0.5,0.0,2.2,12.1,22.1,7.6,,,29.8,,5.9,,6.6,63.9,,43.333333333333336,32.4,6-6,203,78
1627749,Dejounte Murray,ATL,15,37.3,21.3,5.6,6.1,8.4,19.2,2.1,6.5,2.3,2.7,november,2022-23,25.5,25.4,52.2,12.8,75.8,6.1,4.79,32.2,0.5,0.1,1.1,,,,,,,,,,,67.8,,33.85416666666667,37.3,6-5,180,77
1628384,OG Anunoby,TOR,14,36.7,21.2,5.7,2.5,8.2,17.1,1.6,4.6,3.2,3.7,november,2022-23,24.0,10.9,56.7,11.1,57.4,2.7,2.86,37.2,1.5,3.2,3.6,5.9,22.4,5.9,3.0,2.8,38.2,4.8,5.3,3.4,4.4,58.2,,26.90058479532163,36.7,6-7,232,79
203903,Jordan Clarkson,UTA,16,33.1,21.1,3.8,4.8,7.7,17.3,2.8,7.8,2.9,3.3,november,2022-23,27.0,21.2,56.4,10.5,57.6,4.1,4.24,34.3,0.6,0.1,1.1,5.2,25.6,12.3,,,36.0,7.8,4.2,,3.9,59.1,,45.08670520231214,33.1,6-5,194,77
1630170,Devin Vassell,SAS,13,32.5,20.9,3.9,3.3,7.8,16.2,3.0,6.9,2.4,2.9,november,2022-23,23.8,15.1,60.0,11.8,56.7,3.2,3.37,35.2,0.7,0.0,0.7,2.7,22.2,11.5,,,35.3,10.7,,11.8,,63.2,,42.592592592592595,32.5,6-5,200,77
1627742,Brandon Ingram,NOP,12,33.5,20.5,4.9,4.8,7.3,16.1,2.0,4.4,4.0,4.5,november,2022-23,26.4,21.4,56.7,11.7,66.2,4.0,3.65,37.3,1.2,1.3,0.8,13.8,16.6,16.2,,7.7,18.3,5.8,4.3,12.1,2.4,60.0,,27.32919254658385,33.5,6-8,190,80
202710,Jimmy Butler III,MIA,6,36.1,20.5,6.8,7.2,6.2,13.0,0.7,2.5,7.5,7.8,november,2022-23,22.1,29.7,62.3,16.2,71.2,5.2,4.42,42.3,1.2,2.0,4.0,17.7,17.2,13.1,2.7,6.1,14.0,1.7,12.1,2.4,7.9,77.8,,19.230769230769234,36.1,6-7,230,79
1626157,Karl-Anthony Towns,MIN,14,33.0,20.5,8.3,5.3,7.2,13.7,1.7,5.4,4.4,4.9,november,2022-23,24.0,24.1,64.5,14.3,61.1,2.1,2.07,43.1,2.1,2.8,2.1,10.0,15.2,1.6,13.8,11.1,19.9,1.9,5.9,2.3,12.6,61.0,,39.41605839416059,33.0,7-0,248,84
203897,Zach LaVine,CHI,13,34.7,20.5,4.5,4.7,7.3,18.3,2.7,8.5,3.2,3.8,november,2022-23,26.9,20.7,51.2,9.7,62.8,3.9,3.71,36.1,0.5,0.2,1.2,9.3,23.5,19.5,4.0,,22.7,6.3,3.4,8.5,,65.9,,46.448087431693985,34.7,6-5,200,77
1627832,Fred VanVleet,TOR,9,35.0,20.3,3.3,5.9,6.7,17.7,3.4,9.9,3.6,4.1,november,2022-23,25.7,25.2,52.2,10.8,80.4,6.5,4.83,35.2,0.1,0.1,0.2,,,,,,,,,,,70.9,,55.93220338983051,35.0,6-0,197,72
1627750,Jamal Murray,DEN,11,31.0,20.0,4.3,5.7,7.5,16.5,2.1,5.2,2.8,3.4,november,2022-23,27.4,25.7,55.8,12.8,68.1,5.7,5.02,30.7,1.1,0.8,1.5,14.6,13.0,35.4,,2.9,8.6,11.5,3.8,4.0,,61.1,,31.51515151515152,31.0,6-4,215,76
1626179,Terry Rozier,CHA,11,38.0,20.0,4.3,5.1,7.8,20.7,2.5,8.9,1.8,2.4,november,2022-23,25.9,21.5,45.9,7.7,89.8,6.6,4.4,44.5,0.5,0.0,1.3,,,,,,,,,,,70.5,,42.99516908212561,38.0,6-1,190,73
202681,Kyrie Irving,DAL,8,33.8,19.9,3.3,3.8,7.8,16.3,2.5,7.1,1.9,2.1,november,2022-23,25.8,16.3,57.8,9.8,65.4,4.5,4.09,31.6,1.0,0.3,1.0,,,,,,,,,,,51.4,,43.558282208588956,33.8,6-2,195,74
202691,Klay Thompson,GSW,12,32.0,19.3,4.0,2.0,6.8,16.2,4.4,10.2,1.3,1.6,november,2022-23,24.4,8.0,57.3,8.4,44.4,1.4,1.88,33.3,1.4,0.2,1.5,,19.2,7.1,,,25.9,12.2,2.8,26.3,,80.0,,62.96296296296296,32.0,6-6,220,78
203952,Andrew Wiggins,GSW,13,32.7,19.3,4.8,2.1,7.5,14.2,3.2,7.0,1.0,1.7,november,2022-23,21.6,8.9,64.5,10.2,46.6,1.7,2.24,32.6,0.6,1.1,3.1,10.9,22.1,7.6,,6.8,32.5,2.0,3.8,2.5,7.8,66.7,,49.29577464788733,32.7,6-7,197,79
1629628,RJ Barrett,NYK,16,33.7,19.2,5.0,3.4,6.5,15.9,1.7,5.6,4.5,5.8,november,2022-23,25.3,15.1,51.9,8.6,53.2,2.4,2.74,35.2,1.0,0.5,1.6,2.7,28.5,18.0,,2.4,23.8,6.6,7.3,3.4,3.4,53.8,,35.22012578616352,33.7,6-6,214,78
202711,Bojan Bogdanovic,DET,14,31.2,18.9,3.9,2.6,6.6,13.7,1.4,4.8,4.3,5.1,november,2022-23,25.0,14.4,59.0,10.1,45.8,2.5,3.28,30.1,0.8,0.9,1.0,,,,,,,,,,,72.9,,35.03649635036496,31.2,6-7,226,79
1628976,Wendell Carter Jr.,ORL,8,33.4,18.8,9.0,3.6,6.5,11.6,1.6,3.5,4.1,4.8,november,2022-23,21.2,16.5,68.4,14.9,62.9,2.1,2.03,41.5,4.5,1.6,6.9,,10.9,,19.2,3.2,26.2,,17.1,,12.7,49.0,,30.17241379310345,33.4,6-10,270,82
1628991,Jaren Jackson Jr.,MEM,6,25.7,18.5,6.8,0.2,6.2,13.3,1.7,5.5,4.5,5.8,november,2022-23,26.7,1.0,58.2,13.1,37.8,1.1,1.81,23.8,0.5,1.8,3.7,11.1,15.3,2.1,9.7,19.8,26.4,1.5,3.4,,3.9,55.6,,41.35338345864661,25.7,6-10,242,82
1631097,Bennedict Mathurin,IND,13,28.6,18.5,3.8,1.2,5.6,13.4,2.1,5.4,5.2,6.5,november,2022-23,25.5,6.8,56.8,9.9,44.5,1.8,2.47,30.7,0.8,0.2,1.9,9.0,22.3,27.0,,,17.2,5.2,7.6,5.7,,53.1,,40.298507462686565,28.6,6-5,210,77
1629640,Keldon Johnson,SAS,13,31.4,18.4,4.8,2.6,6.4,17.8,2.7,8.5,2.9,4.2,november,2022-23,28.7,13.1,46.9,7.1,53.8,2.4,2.71,33.6,0.8,0.6,1.5,3.9,20.0,2.8,,4.4,32.0,7.4,9.2,,10.9,73.0,,47.752808988764045,31.4,6-5,220,77
202699,Tobias Harris,PHI,12,33.9,18.3,6.4,3.2,7.3,15.5,1.6,5.0,2.2,2.3,november,2022-23,23.2,16.0,55.2,12.7,61.2,3.1,3.05,37.6,0.9,3.5,1.3,4.2,17.9,6.8,,14.6,31.8,,6.3,3.0,6.3,78.4,,32.25806451612903,33.9,6-7,226,79
1629645,Kevin Porter Jr.,HOU,12,34.5,18.1,5.5,6.5,6.3,14.9,2.4,6.6,3.2,4.8,november,2022-23,24.5,29.4,53.2,9.4,82.0,7.0,5.12,35.6,0.8,0.1,1.9,9.8,13.6,45.2,,2.4,16.0,5.5,,,,67.6,,44.29530201342281,34.5,6-4,203,76
1626167,Myles Turner,IND,13,29.8,18.1,8.6,1.4,6.5,11.5,1.5,3.8,3.6,4.5,november,2022-23,20.5,7.1,67.2,13.8,48.4,1.2,1.46,31.3,3.2,2.2,6.2,,7.7,,17.7,7.3,42.3,,7.1,,6.0,61.9,,33.04347826086956,29.8,6-11,250,83
1627734,Domantas Sabonis,SAC,14,33.4,18.0,11.2,6.6,6.5,10.8,0.5,1.2,4.5,5.9,november,2022-23,20.5,28.4,67.4,16.0,73.9,3.0,2.48,45.4,7.7,5.1,9.9,,9.0,,28.5,13.1,9.0,,14.9,,10.9,55.2,,11.11111111111111,33.4,7-1,240,85
1629022,Lonnie Walker IV,LAL,11,31.6,18.0,1.8,1.5,6.6,13.0,2.4,5.4,2.4,2.6,november,2022-23,20.2,7.1,63.6,9.0,33.1,1.8,3.19,20.9,0.9,0.0,0.7,,,,,,,,,,,70.0,,41.53846153846154,31.6,6-4,204,76
1630169,Tyrese Haliburton,IND,13,33.4,17.8,4.6,12.3,7.0,15.3,2.5,7.6,1.2,1.8,november,2022-23,22.3,57.1,55.2,16.7,97.2,7.6,4.66,33.2,0.1,0.0,0.5,,,,,,,,,,,72.5,,49.67320261437908,33.4,6-5,185,77
203468,CJ McCollum,NOP,11,35.7,17.7,5.9,5.5,6.9,17.2,2.6,7.2,1.3,1.7,november,2022-23,23.7,22.3,49.4,10.3,78.2,5.1,3.94,34.6,1.4,0.0,0.8,8.8,18.2,31.4,,,17.8,9.7,,6.3,,61.7,,41.86046511627907,35.7,6-3,190,75
1628415,Dillon Brooks,MEM,14,31.8,17.6,4.2,3.0,6.6,16.5,2.0,6.4,2.4,3.1,november,2022-23,24.3,14.0,49.3,8.0,47.4,2.2,2.73,33.3,0.6,0.3,0.9,9.3,14.6,19.9,1.5,9.9,31.8,2.8,1.7,2.8,2.4,58.7,,38.78787878787879,31.8,6-6,225,78
1630538,Bones Hyland,LAC,7,24.5,17.6,3.0,3.6,5.9,13.9,3.3,7.4,2.6,2.7,november,2022-23,29.4,25.8,58.4,13.2,62.3,5.4,5.22,24.9,0.1,0.0,0.6,10.9,23.0,24.3,,,24.3,5.7,,5.7,,77.1,,53.23741007194245,24.5,6-2,169,74
1629028,Deandre Ayton,PHX,14,30.5,17.6,10.4,2.2,7.6,12.0,0.1,0.6,2.3,3.1,november,2022-23,20.6,10.7,65.8,15.2,47.6,1.2,1.57,25.6,3.9,4.2,11.1,,9.8,,28.6,9.5,2.9,,26.3,,13.6,68.1,,5.0,30.5,7-0,250,84
203932,Aaron Gordon,DEN,11,28.9,17.5,6.8,2.7,6.4,9.5,1.4,2.5,3.5,5.5,november,2022-23,19.1,12.1,73.4,13.1,38.7,1.9,2.9,21.7,1.7,2.0,6.0,16.0,13.0,10.4,5.9,11.2,15.4,,13.0,,5.3,76.6,,26.31578947368421,28.9,6-8,235,80
203915,Spencer Dinwiddie,BKN,14,32.3,17.3,3.1,5.3,6.3,13.6,2.8,7.3,1.9,2.1,november,2022-23,22.8,28.4,59.5,13.0,63.6,5.1,4.8,28.8,0.2,0.1,0.4,,,,,,,,,,,75.0,,53.67647058823529,32.3,6-5,215,77
1628370,Malik Monk,SAC,14,24.4,17.2,2.0,4.6,6.3,11.9,2.0,5.4,2.6,2.9,november,2022-23,25.8,27.9,65.5,13.1,44.1,2.0,2.76,27.1,0.2,0.0,0.7,8.4,22.0,24.1,3.5,,25.5,6.7,,4.6,,72.5,,45.378151260504204,24.4,6-3,200,75
1629622,Max Strus,MIA,13,36.0,17.2,2.6,1.9,6.0,13.8,3.5,9.4,1.7,1.7,november,2022-23,19.1,8.6,58.8,7.5,57.2,1.7,1.79,33.6,0.8,0.1,1.6,,,,,,,,,,,74.4,,68.11594202898551,36.0,6-5,215,77
201950,Jrue Holiday,MIL,10,30.0,16.9,4.9,6.6,6.8,14.4,1.7,5.5,1.6,1.7,november,2022-23,25.4,31.6,55.8,13.5,67.6,5.7,5.05,26.1,0.5,1.0,2.2,10.1,20.5,26.3,,3.6,20.5,,4.3,,,62.1,,38.19444444444444,30.0,6-5,205,77
1629639,Tyler Herro,MIA,7,33.0,16.9,6.4,5.4,6.1,15.4,2.1,7.1,2.4,2.7,november,2022-23,26.1,24.1,50.7,10.7,67.6,4.7,4.21,34.0,0.4,0.0,1.1,13.3,27.7,13.9,,,32.4,,,5.8,,55.3,,46.103896103896105,33.0,6-5,195,77
1627741,Buddy Hield,IND,13,32.1,16.8,4.2,1.7,5.8,14.5,3.2,9.7,2.0,2.3,november,2022-23,22.5,7.7,53.9,7.2,58.1,2.0,2.02,37.6,0.7,0.0,0.8,,23.1,4.8,,,34.0,5.4,5.4,12.2,3.7,61.4,,66.89655172413794,32.1,6-4,220,76
1626181,Norman Powell,LAC,15,24.9,16.7,3.0,1.5,5.6,11.3,1.9,4.3,3.5,4.3,november,2022-23,24.6,10.9,63.3,13.7,34.2,1.6,2.88,22.4,0.5,0.1,0.7,10.9,24.6,11.3,,,32.5,3.8,1.5,10.9,,75.0,,38.05309734513274,24.9,6-4,215,76
1631093,Jaden Ivey,DET,12,32.0,16.5,5.3,4.6,5.7,14.2,1.5,4.9,3.7,4.8,november,2022-23,24.9,23.5,50.6,9.3,55.6,4.3,4.62,25.0,0.5,0.0,1.5,5.6,26.4,11.6,,,34.3,5.6,,,,67.3,,34.50704225352113,32.0,6-4,195,76
1626174,Christian Wood,DAL,12,25.4,16.2,7.4,1.2,6.3,11.9,1.3,3.7,2.3,3.3,november,2022-23,27.4,8.2,60.6,14.1,44.2,1.7,2.33,25.1,1.8,2.3,3.9,,,,,,,,,,,61.3,,31.092436974789916,25.4,6-9,214,81
1628969,Mikal Bridges,BKN,15,38.2,15.8,5.1,3.7,6.1,12.7,1.7,4.1,1.9,2.1,november,2022-23,16.3,12.7,58.2,10.2,49.8,1.7,2.0,29.9,0.9,0.5,2.1,2.3,25.3,9.1,3.4,2.3,36.2,6.3,5.0,4.8,2.7,59.5,,32.28346456692913,38.2,6-6,209,78
1629018,Gary Trent Jr.,TOR,11,27.8,15.7,2.4,1.7,5.2,13.0,1.5,5.6,3.8,4.9,november,2022-23,22.9,9.9,51.9,8.9,38.1,1.6,2.56,29.0,0.5,0.0,0.6,,18.3,6.4,,,48.6,9.0,,6.8,,51.6,,43.07692307692307,27.8,6-5,209,77
1630578,Alperen Sengun,HOU,12,27.2,15.7,8.8,2.8,5.9,10.8,0.1,0.9,3.8,4.5,november,2022-23,23.8,16.0,61.1,13.0,55.8,2.1,2.25,37.9,5.6,3.9,7.6,14.9,13.5,5.2,9.2,21.7,11.8,,9.1,,7.4,59.8,,8.333333333333332,27.2,6-11,243,83
200768,Kyle Lowry,MIA,15,37.6,15.6,5.3,6.5,4.8,11.9,2.5,6.9,3.5,4.2,november,2022-23,18.9,25.7,56.9,10.0,90.7,5.9,3.93,41.7,0.4,0.1,1.3,,,,,,,,,,,67.1,,57.98319327731093,37.6,6-0,196,72
201566,Russell Westbrook,LAC,14,27.2,15.6,4.4,8.0,5.7,13.6,1.6,4.4,2.6,3.6,november,2022-23,28.7,41.2,51.1,10.4,61.6,5.9,5.71,20.6,0.4,0.9,1.5,13.4,18.3,25.8,,5.1,26.7,,2.2,,2.8,52.1,,32.35294117647059,27.2,6-3,200,75
201572,Brook Lopez,MIL,14,30.8,15.5,5.4,1.1,5.7,11.1,2.3,5.4,1.8,2.3,november,2022-23,18.0,5.3,64.2,11.7,33.7,0.8,1.47,23.8,2.3,3.0,5.1,,6.5,,32.8,9.5,32.1,,,,,53.8,,48.64864864864865,30.8,7-1,282,85
1629631,De'Andre Hunter,ATL,14,32.4,15.4,4.2,1.0,5.3,12.5,1.1,3.7,3.6,4.4,november,2022-23,20.1,4.4,53.3,6.9,38.9,1.5,2.27,25.1,1.4,0.2,1.7,7.5,18.2,13.3,2.6,,29.0,9.5,6.2,6.0,2.6,57.6,,29.600000000000005,32.4,6-8,221,80
1629023,P.J. Washington,CHA,14,32.2,15.3,4.8,2.0,5.5,12.9,1.6,5.4,2.6,3.4,november,2022-23,20.6,9.9,53.1,8.0,56.4,1.7,1.79,31.7,2.4,1.7,2.5,4.1,20.9,6.3,5.4,6.1,29.9,4.1,8.2,,6.8,71.2,,41.86046511627907,32.2,6-7,230,79
1629008,Michael Porter Jr.,DEN,10,29.1,15.2,5.1,1.3,5.8,12.5,2.4,6.3,1.2,1.5,november,2022-23,20.3,6.0,57.8,9.2,38.2,1.3,1.99,24.0,1.4,0.0,1.2,6.9,13.2,5.7,2.7,2.5,21.5,16.9,8.5,13.1,4.9,69.2,,50.4,29.1,6-10,218,82
202692,Alec Burks,DET,10,20.6,15.0,2.1,1.8,4.3,9.8,1.8,4.4,4.6,5.6,november,2022-23,26.9,14.0,61.2,12.4,32.8,2.0,3.58,20.6,0.3,0.4,0.4,,,,,,,,,,,60.0,,44.89795918367347,20.6,6-6,214,78
1629673,Jordan Poole,GSW,15,26.8,15.0,2.1,4.3,5.1,13.0,1.9,6.8,2.8,3.3,november,2022-23,26.4,24.3,51.8,8.0,58.9,3.6,3.67,33.3,0.6,0.0,0.9,7.9,19.9,30.6,,,14.3,12.9,,5.4,,50.0,,52.307692307692314,26.8,6-4,194,76
202696,Nikola Vučević,CHI,14,32.2,14.9,10.9,3.1,6.1,12.2,1.4,4.3,1.2,1.6,november,2022-23,20.3,14.0,57.7,13.5,66.4,1.6,1.47,46.2,4.3,5.7,5.6,,12.5,,28.8,16.1,15.2,,10.0,3.6,7.6,68.9,,35.24590163934426,32.2,6-10,260,82
1626166,Cameron Payne,PHX,13,29.8,14.9,2.8,6.2,5.5,13.4,2.2,5.4,1.7,2.2,november,2022-23,23.4,28.7,51.9,8.7,69.5,6.0,5.17,23.5,0.0,0.0,0.4,,,,,,,,,,,65.9,,40.298507462686565,29.8,6-1,183,73
1627763,Malcolm Brogdon,BOS,12,22.9,14.9,4.5,3.7,5.3,10.0,2.3,4.2,2.2,2.7,november,2022-23,25.3,23.4,66.8,13.8,52.3,3.9,4.45,22.0,0.5,0.0,1.4,,,,,,,,,,,52.5,,42.00000000000001,22.9,6-4,229,76
1628989,Kevin Huerter,SAC,14,32.4,14.9,3.6,2.8,5.4,11.2,2.8,6.8,1.2,2.0,november,2022-23,18.1,11.8,61.4,8.1,50.1,1.8,2.19,31.9,0.7,0.1,1.4,,22.8,11.3,,,36.6,6.3,8.2,4.0,3.3,70.6,,60.71428571428572,32.4,6-7,198,79
1630596,Evan Mobley,CLE,16,33.5,14.7,10.1,2.4,6.3,11.3,0.1,0.8,2.1,3.3,november,2022-23,19.2,11.1,57.8,12.4,53.8,1.8,1.97,27.3,4.1,1.9,8.6,4.7,16.0,9.5,14.3,8.0,17.9,1.6,13.8,2.7,6.5,60.0,,7.079646017699115,33.5,6-11,215,83
1629012,Collin Sexton,UTA,16,26.1,14.6,2.4,3.7,5.3,10.6,0.8,2.4,3.1,3.9,november,2022-23,23.1,19.7,59.1,9.0,48.3,3.8,4.68,21.4,0.8,0.0,1.5,5.2,21.4,36.3,2.5,,20.6,4.3,2.5,,,69.4,,22.641509433962266,26.1,6-2,190,74
203994,Jusuf Nurkić,POR,13,28.7,14.5,9.0,2.8,5.6,10.8,0.9,2.1,2.4,3.5,november,2022-23,22.7,15.5,58.8,11.3,56.7,1.7,1.79,34.3,3.7,6.8,6.0,,6.9,,22.4,10.4,11.8,,17.3,,13.6,65.7,,19.444444444444446,28.7,7-0,290,84
1627736,Malik Beasley,LAL,16,26.8,14.4,4.6,1.8,5.1,12.3,3.6,9.1,0.7,0.8,november,2022-23,20.8,9.5,57.4,9.7,38.4,1.5,2.29,22.6,0.3,0.0,0.6,,,,,,,,,,,58.2,,73.98373983739836,26.8,6-4,187,76
1630581,Josh Giddey,OKC,16,30.7,14.4,7.3,5.6,6.3,13.9,0.6,2.6,1.1,1.6,november,2022-23,23.7,26.1,49.1,10.0,73.4,4.2,3.46,33.7,0.8,0.0,2.8,5.0,22.8,38.8,,,16.0,4.5,4.3,,,53.3,,18.705035971223023,30.7,6-8,216,80
1628386,Jarrett Allen,CLE,11,31.7,14.3,10.3,1.2,5.8,9.5,0.0,0.0,2.6,3.2,november,2022-23,18.2,5.6,65.2,14.4,44.8,1.2,1.56,24.9,5.3,1.2,11.0,,13.6,,20.9,7.8,4.1,,33.1,,9.2,57.6,,0.0,31.7,6-9,243,81
1629003,Shake Milton,PHI,14,27.9,14.2,4.2,4.2,5.5,10.1,1.1,2.8,2.1,2.4,november,2022-23,21.1,24.7,63.4,12.7,59.4,4.4,4.43,25.2,0.5,0.0,1.7,,,,,,,,,,,71.4,,27.72277227722772,27.9,6-5,205,77
1629626,Bol Bol,ORL,15,30.2,14.2,8.3,1.3,5.8,9.9,1.1,2.4,1.5,2.0,november,2022-23,18.6,6.5,65.7,12.5,34.7,1.4,2.4,19.1,0.7,0.3,2.3,,,,,,,,,,,74.0,,24.24242424242424,30.2,7-2,220,86
1629652,Luguentz Dort,OKC,16,29.9,14.2,4.4,2.3,5.1,11.8,1.9,5.2,2.1,2.8,november,2022-23,19.2,10.6,54.7,7.5,35.5,1.8,3.0,20.9,0.7,0.1,2.0,,15.0,,5.5,,61.5,,4.0,,,63.3,,44.06779661016949,29.9,6-4,220,76
202694,Marcus Morris Sr.,LAC,16,30.9,14.2,4.9,1.9,5.4,12.2,2.2,5.6,1.3,1.8,november,2022-23,19.9,9.2,54.7,9.1,43.9,1.6,2.2,27.8,1.6,2.6,0.6,,,,,,,,,,,70.3,,45.90163934426229,30.9,6-8,218,80
1626156,D'Angelo Russell,LAL,15,31.3,14.0,3.0,7.1,5.2,11.9,2.1,6.1,1.5,2.1,november,2022-23,20.8,32.7,54.5,10.1,82.5,5.4,3.94,35.5,1.1,0.1,0.9,8.7,15.5,36.2,,,20.8,7.9,,,,59.6,,51.26050420168067,31.3,6-4,193,76
203084,Harrison Barnes,SAC,14,29.6,14.0,5.4,1.7,4.3,8.4,1.1,3.3,4.3,4.7,november,2022-23,16.5,7.6,66.6,10.7,47.1,1.7,2.13,28.5,0.9,0.5,2.1,8.0,18.8,3.3,5.0,2.5,43.8,4.8,,4.8,,62.3,,39.28571428571428,29.6,6-8,225,80
202704,Reggie Jackson,DEN,16,29.9,14.0,2.8,4.8,5.3,11.0,1.7,4.4,1.8,1.9,november,2022-23,20.9,23.5,59.1,9.7,62.8,5.0,4.74,24.3,0.8,0.0,0.8,,,,,,,,,,,55.1,,40.0,29.9,6-2,208,74
1630180,Saddiq Bey,ATL,11,30.1,14.0,4.2,1.5,4.5,11.9,1.3,5.5,3.8,4.1,november,2022-23,21.0,7.7,51.1,8.3,41.3,1.9,2.75,28.2,0.9,0.6,0.9,6.5,19.0,7.8,2.2,13.8,28.5,6.0,4.9,1.9,6.7,76.9,,46.21848739495798,30.1,6-7,215,79
1626171,Bobby Portis,MIL,14,27.9,13.3,10.6,2.6,5.5,11.6,1.2,3.9,1.1,1.3,november,2022-23,19.7,14.1,54.7,14.6,54.4,1.6,1.72,26.9,1.4,3.3,3.9,3.2,11.0,,15.8,19.8,31.1,,6.6,,5.8,61.0,,33.62068965517241,27.9,6-11,250,83
203497,Rudy Gobert,MIN,13,31.1,13.2,10.2,0.8,4.6,6.8,0.0,0.1,4.0,4.8,november,2022-23,14.2,3.7,73.7,13.0,41.2,1.0,1.44,23.2,3.6,1.0,10.5,,12.6,,16.7,,,,28.5,,26.9,61.0,,1.4705882352941178,31.1,7-1,258,85
203482,Kelly Olynyk,UTA,16,29.1,13.2,5.3,3.1,4.6,8.1,1.4,3.4,2.5,2.9,november,2022-23,16.5,14.2,70.0,10.1,53.6,1.7,1.89,27.4,1.4,0.6,3.9,,,,,,,,,,,65.2,,41.97530864197531,29.1,6-11,240,83
203991,Clint Capela,ATL,13,28.4,13.1,13.9,0.8,5.9,9.5,0.0,0.0,1.2,2.0,november,2022-23,15.6,4.2,63.2,16.5,42.1,0.9,1.24,20.0,2.4,0.5,11.0,,,,22.1,,,,24.4,,36.6,58.5,,0.0,28.4,6-10,256,82
1630567,Scottie Barnes,TOR,12,33.9,13.0,6.5,5.6,5.5,14.1,1.1,4.2,0.9,1.3,november,2022-23,20.5,23.0,44.3,9.4,79.3,4.9,3.74,32.7,1.3,1.7,3.3,7.9,21.7,13.1,5.7,10.7,19.7,2.2,9.3,1.5,5.0,64.0,,29.787234042553195,33.9,6-8,225,80
1628963,Marvin Bagley III,DET,10,23.9,12.8,6.4,0.6,5.2,9.2,0.6,1.6,1.8,2.1,november,2022-23,20.4,4.3,63.2,12.4,35.4,1.1,1.95,19.3,1.7,1.6,4.7,7.3,7.3,,21.6,5.7,8.9,,18.4,,23.8,69.6,,17.39130434782609,23.9,6-10,235,82
1628449,Chris Boucher,TOR,13,25.6,12.5,7.4,0.5,4.2,9.8,0.7,3.2,3.4,4.6,november,2022-23,20.5,3.2,52.8,10.2,35.7,1.1,1.83,19.5,0.8,0.1,5.5,,,,,,,,,,,75.9,,32.6530612244898,25.6,6-9,200,81
202322,John Wall,LAC,13,22.8,12.5,2.8,5.9,4.4,10.5,0.9,3.6,2.8,4.2,november,2022-23,27.5,42.3,50.9,12.2,57.8,5.6,5.77,18.4,0.2,0.2,0.2,,,,,,,,,,,61.4,,34.285714285714285,22.8,6-3,210,75
1630591,Jalen Suggs,ORL,12,30.3,12.4,3.6,6.0,4.7,11.6,1.3,4.9,1.8,2.6,november,2022-23,22.1,27.7,48.8,7.2,74.2,5.6,4.5,25.3,0.3,0.3,1.4,6.6,24.5,25.2,,,20.4,7.3,,,4.0,70.2,,42.24137931034483,30.3,6-5,205,77
1630559,Austin Reaves,LAL,14,31.3,12.4,3.5,2.3,3.8,7.0,1.1,2.9,3.7,4.1,november,2022-23,12.9,9.6,70.3,9.2,40.1,2.2,3.3,20.7,0.4,0.0,1.1,13.5,15.8,35.6,,,14.0,5.6,,5.6,,59.2,,41.42857142857142,31.3,6-5,197,77
203935,Marcus Smart,BOS,14,31.6,12.4,3.1,8.2,4.5,9.2,2.0,4.6,1.4,1.6,november,2022-23,16.9,32.0,62.4,9.7,60.0,4.2,4.17,25.4,0.3,1.7,0.9,4.2,18.4,15.1,5.0,,38.3,,,,,55.0,,50.0,31.6,6-4,220,76
1628997,Caleb Martin,MIA,15,34.4,12.3,5.3,2.3,4.8,9.4,1.5,3.8,1.2,1.6,november,2022-23,14.5,10.0,61.0,9.2,45.1,2.0,2.66,27.0,0.4,0.2,3.1,,32.5,7.9,,,35.7,,,,,72.7,,40.42553191489361,34.4,6-5,205,77
1628960,Grayson Allen,MIL,12,27.5,12.2,3.3,2.9,3.8,7.2,2.3,4.4,2.4,2.6,november,2022-23,14.2,14.2,73.3,11.6,41.8,1.8,2.52,27.8,0.3,0.0,0.9,2.8,17.5,24.2,4.0,,33.8,5.4,,7.0,,62.8,,61.111111111111114,27.5,6-4,198,76
1627751,Jakob Poeltl,TOR,13,26.1,12.2,9.0,3.3,5.6,8.9,0.0,0.0,0.9,2.1,november,2022-23,19.9,19.2,61.8,12.8,54.8,1.6,1.75,32.5,8.1,1.6,8.5,,13.0,,16.7,,,,40.7,,14.8,61.0,,0.0,26.1,7-1,245,85
1630530,Trey Murphy III,NOP,13,26.4,12.2,3.8,1.3,4.0,8.6,2.0,5.7,2.2,2.2,november,2022-23,15.4,6.9,63.3,10.5,35.1,0.9,1.57,22.8,0.3,0.0,1.2,6.6,20.1,16.5,2.1,,23.4,9.4,8.3,7.1,3.2,68.4,,66.27906976744187,26.4,6-8,206,80
201143,Al Horford,BOS,13,32.0,12.0,6.8,3.2,4.7,8.0,2.2,4.2,0.4,0.6,november,2022-23,12.1,12.4,72.5,11.3,52.6,1.4,1.59,29.3,1.8,1.3,2.8,,15.0,,12.2,8.9,40.0,,7.8,5.6,,51.3,,52.5,32.0,6-9,240,81
1630200,Tre Jones,SAS,14,29.7,12.0,3.1,7.8,4.9,11.1,0.8,2.6,1.5,1.6,november,2022-23,19.3,34.9,50.6,10.4,68.9,5.7,4.99,18.9,0.3,0.0,0.6,4.8,22.7,32.0,,,22.7,4.5,3.0,,,69.0,,23.423423423423426,29.7,6-1,185,73
1629060,Rui Hachimura,LAL,9,23.9,11.9,4.6,1.2,5.1,10.4,0.9,2.4,0.8,1.2,november,2022-23,21.5,8.1,54.1,9.7,34.3,1.3,2.21,20.3,1.2,1.4,2.0,3.7,19.3,,3.1,9.5,40.5,,7.1,4.9,,61.5,,23.076923076923077,23.9,6-8,230,80
1629001,De'Anthony Melton,PHI,12,31.7,11.8,5.1,3.8,4.3,12.0,2.3,6.7,0.9,1.5,november,2022-23,20.9,18.4,46.7,7.3,69.8,4.2,3.62,33.8,0.2,0.0,1.0,,,,,,,,,,,65.2,,55.833333333333336,31.7,6-2,200,74
1630191,Isaiah Stewart,DET,8,24.9,11.8,7.8,1.3,4.0,7.6,1.9,3.6,1.9,2.4,november,2022-23,17.3,8.1,67.8,11.6,36.3,1.0,1.72,19.4,1.6,0.9,5.1,,10.3,,13.9,10.3,23.9,,19.2,,11.8,62.2,,47.36842105263158,24.9,6-8,250,80
1628971,Bruce Brown,DEN,14,30.3,11.7,5.2,5.3,4.6,10.1,1.3,3.4,1.3,1.3,november,2022-23,17.7,23.8,55.1,10.5,60.6,3.6,3.52,28.5,0.9,0.0,1.9,4.1,22.3,15.7,,,22.3,3.8,13.0,,8.7,58.3,,33.663366336633665,30.3,6-4,202,76
1628381,John Collins,ATL,15,30.8,11.7,6.3,1.5,4.3,9.4,0.7,3.3,2.5,2.9,november,2022-23,15.5,6.5,54.6,8.4,45.3,1.3,1.7,23.1,1.8,1.8,3.1,,18.7,,6.3,9.1,33.6,2.3,10.3,,9.8,68.2,,35.1063829787234,30.8,6-9,226,81
1628401,Derrick White,BOS,16,26.3,11.6,2.8,3.6,4.0,7.9,2.0,4.4,1.6,1.8,november,2022-23,15.8,17.6,66.5,10.1,42.4,2.8,3.99,18.3,0.7,0.1,0.8,4.7,10.8,35.1,1.6,,25.9,9.5,1.3,5.1,1.7,58.8,,55.69620253164557,26.3,6-4,190,76
1629139,Yuta Watanabe,BKN,8,21.9,11.6,4.0,1.4,4.3,6.9,2.4,4.1,0.8,0.9,november,2022-23,15.6,10.7,80.1,14.6,24.4,0.7,1.63,16.0,0.8,0.0,1.9,,,,,,,,,,,57.6,,59.42028985507245,21.9,6-8,215,80
202685,Jonas Valančiūnas,NOP,15,22.2,11.6,8.7,1.7,4.5,8.3,0.7,1.5,1.9,2.5,november,2022-23,22.3,11.6,61.4,13.0,42.3,1.2,1.76,26.9,2.1,4.7,5.0,,,,22.1,29.7,4.2,,13.7,,16.0,70.0,,18.072289156626503,22.2,6-11,265,83
1630183,Jaden McDaniels,MIN,12,28.6,11.6,3.8,1.5,4.8,8.8,1.2,3.0,0.9,1.3,november,2022-23,16.9,7.2,61.5,6.1,36.5,1.1,1.78,21.9,1.3,0.0,3.9,2.3,27.6,10.3,,,36.8,5.2,5.0,3.2,3.9,56.9,,34.090909090909086,28.6,6-9,185,81
1629651,Nic Claxton,BKN,15,27.1,11.5,8.5,1.5,5.2,6.9,0.0,0.0,1.1,2.3,november,2022-23,15.8,7.9,72.7,13.8,35.4,1.0,1.69,20.5,3.3,0.2,9.1,14.1,15.5,3.9,11.1,4.5,10.9,,15.5,,13.4,51.0,,0.0,27.1,6-11,215,83
1631095,Jabari Smith Jr.,HOU,12,29.4,11.5,7.4,0.8,3.8,10.3,2.2,6.2,1.7,2.0,november,2022-23,17.5,4.3,51.7,7.5,41.9,1.3,1.86,21.8,1.2,0.8,2.1,5.6,19.2,4.7,5.3,5.8,36.8,3.9,7.5,2.5,5.4,57.6,,60.19417475728155,29.4,6-11,220,83
1629216,Gabe Vincent,MIA,10,28.4,11.4,2.4,2.8,4.1,10.2,2.0,6.4,1.2,1.4,november,2022-23,17.9,15.3,52.7,6.5,49.6,3.2,3.9,23.2,0.6,0.0,0.9,,14.9,14.9,,,38.6,,,13.2,,59.4,,62.7450980392157,28.4,6-2,200,74
1628975,Jevon Carter,MIL,14,28.9,11.4,2.8,4.3,4.3,8.9,2.0,4.1,0.8,0.9,november,2022-23,15.2,20.5,60.8,9.5,51.9,3.9,4.5,20.4,0.4,0.0,0.5,,21.5,17.2,,,45.2,,,,,57.9,,46.067415730337075,28.9,6-1,200,73
1630529,Herbert Jones,NOP,14,27.4,11.3,3.8,2.1,4.0,8.8,0.9,3.1,2.4,3.2,november,2022-23,17.8,10.2,55.3,7.4,41.9,1.4,1.99,24.4,1.0,0.1,2.0,,22.4,10.8,,,37.7,6.3,5.4,,,70.6,,35.22727272727273,27.4,6-7,206,79
203484,Kentavious Caldwell-Pope,DEN,14,31.2,11.3,2.7,1.8,4.0,8.4,2.1,4.4,1.2,1.7,november,2022-23,14.2,6.9,61.9,6.4,37.6,1.3,2.04,25.3,0.7,0.0,0.7,3.1,24.1,18.1,,,33.7,5.9,,6.5,,74.5,,52.38095238095239,31.2,6-5,204,77
201569,Eric Gordon,LAC,12,28.6,11.3,1.8,2.2,3.8,8.8,1.8,5.3,1.9,2.1,november,2022-23,16.1,11.3,57.7,7.2,34.5,1.8,3.14,24.5,0.2,0.0,0.2,,,,,,60.0,,,,,69.2,,60.22727272727272,28.6,6-3,215,75
1630231,KJ Martin,HOU,13,24.3,11.2,5.3,1.4,4.5,7.2,1.1,2.8,1.2,2.0,november,2022-23,15.5,9.2,69.2,12.5,33.7,0.9,1.56,20.1,1.5,0.0,3.4,,,,,,,,,,,64.9,,38.888888888888886,24.3,6-7,215,79
1627777,Georges Niang,PHI,14,22.4,11.1,2.4,1.5,3.9,8.6,2.6,6.2,0.8,0.9,november,2022-23,18.4,11.2,62.0,9.2,33.2,0.8,1.37,18.4,0.1,0.1,0.2,,,,,,,,,,,69.0,,72.09302325581396,22.4,6-7,230,79
1630188,Jalen Smith,IND,13,22.9,11.1,6.3,1.2,3.9,9.0,1.4,4.5,1.8,2.2,november,2022-23,20.3,6.9,55.5,9.1,35.8,0.8,1.35,20.2,0.8,0.3,2.8,,21.0,,17.4,,29.0,,9.8,,10.1,56.6,,50.0,22.9,6-9,215,81
1627826,Ivica Zubac,LAC,16,31.2,11.1,11.3,1.3,4.4,7.1,0.0,0.0,2.3,3.3,november,2022-23,15.4,6.2,65.1,11.5,47.1,1.2,1.5,24.1,5.7,1.8,9.8,,5.5,,18.4,28.3,,,20.1,,20.3,52.9,,0.0,31.2,7-0,240,84
1630197,Aleksej Pokusevski,OKC,13,24.5,11.0,5.4,1.5,4.5,8.7,1.6,3.5,0.5,0.7,november,2022-23,17.1,8.7,61.1,10.4,46.2,1.1,1.44,25.2,2.2,0.0,4.3,,,,,,,,,,,61.5,,40.229885057471265,24.5,7-0,210,84
1631114,Jalen Williams,OKC,16,26.2,10.9,3.4,2.6,4.4,8.6,0.8,2.6,1.4,1.8,november,2022-23,16.6,14.2,58.6,8.1,36.7,1.8,2.94,19.6,0.6,0.0,1.4,14.8,21.0,36.0,,,16.9,3.0,4.3,,,62.1,,30.232558139534888,26.2,6-5,211,77
203552,Seth Curry,BKN,12,23.6,10.8,2.5,1.9,4.0,8.3,2.2,4.7,0.7,0.8,november,2022-23,18.7,11.7,62.5,8.8,37.8,2.3,3.65,22.2,0.3,0.0,0.3,,,,,,,,,,,70.8,,56.62650602409638,23.6,6-1,185,73
1627747,Caris LeVert,CLE,12,30.7,10.6,5.3,3.8,4.0,9.8,1.1,3.5,1.5,2.0,november,2022-23,17.3,17.1,49.4,8.1,47.3,2.9,3.61,28.3,0.8,0.1,1.6,6.2,19.0,24.0,,,26.9,4.5,6.6,5.0,,53.3,,35.71428571428571,30.7,6-6,205,78
203914,Gary Harris,ORL,6,25.8,10.3,2.7,2.0,3.8,8.0,1.7,3.8,1.0,1.0,november,2022-23,16.9,11.3,61.2,7.0,28.8,1.3,2.72,20.5,0.2,0.0,1.7,,16.7,,,,54.2,,,,,70.0,,47.5,25.8,6-4,210,76
1629669,Jaylen Nowell,MIN,15,17.0,10.3,2.1,1.9,3.9,8.7,1.3,3.9,1.2,1.5,november,2022-23,25.2,19.0,54.6,10.2,29.3,1.6,3.24,16.2,0.5,0.0,0.5,,,,,,,,,,,67.7,,44.827586206896555,17.0,6-4,201,76
1630172,Patrick Williams,CHI,14,28.2,10.2,5.0,1.1,3.7,8.0,1.5,3.2,1.3,1.4,november,2022-23,15.6,5.5,59.4,7.2,37.4,1.0,1.61,19.5,1.3,0.1,2.1,3.6,22.1,9.3,5.0,3.6,41.4,3.6,,,5.0,63.4,,40.0,28.2,6-7,215,79
1626204,Larry Nance Jr.,NOP,13,22.9,10.1,5.5,1.7,4.2,6.1,0.4,0.8,1.2,1.5,november,2022-23,13.7,9.6,74.6,12.5,33.1,1.0,1.9,22.6,3.8,0.5,5.3,,20.3,,,,36.7,,22.8,,,63.2,,13.114754098360656,22.9,6-8,245,80
1626220,Royce O'Neale,BKN,16,35.1,9.9,5.6,5.5,3.4,8.3,2.3,5.3,0.9,1.2,november,2022-23,14.0,20.2,56.2,8.2,68.9,2.8,2.41,33.0,0.5,0.0,1.1,,26.0,8.3,2.7,,43.8,3.9,,3.6,,54.1,,63.85542168674698,35.1,6-6,226,78
201567,Kevin Love,MIA,10,21.1,9.9,6.9,2.9,2.8,7.3,1.9,5.3,2.4,2.8,november,2022-23,19.3,20.6,58.0,15.5,40.7,1.3,1.96,22.5,0.1,1.5,1.7,,14.0,,14.6,,34.1,,6.7,,15.2,64.7,,72.6027397260274,21.1,6-8,251,80
1631100,AJ Griffin,ATL,14,20.7,9.9,2.2,0.9,3.9,8.4,1.6,4.5,0.5,0.5,november,2022-23,18.7,6.0,57.5,8.4,21.9,0.7,1.9,15.1,0.6,0.1,0.8,,,,,,,,,,,66.7,,53.57142857142857,20.7,6-6,220,78
1630245,Ayo Dosunmu,CHI,14,28.6,9.9,2.9,2.8,4.1,8.0,0.6,2.7,0.9,1.0,november,2022-23,15.4,14.0,58.4,6.2,53.1,3.0,3.41,19.4,0.3,0.0,0.2,2.2,33.6,20.8,,,31.6,,3.1,,,65.0,,33.75,28.6,6-5,200,77
1628964,Mo Bamba,LAL,12,21.8,9.8,5.3,1.3,3.5,7.1,1.3,3.2,1.6,2.2,november,2022-23,18.2,9.2,61.2,10.2,35.7,1.1,1.81,23.1,1.0,0.8,3.8,,,,,,,,,,,63.6,,45.07042253521127,21.8,7-0,231,84
1630165,Killian Hayes,DET,15,27.1,9.8,2.7,5.0,3.9,9.6,1.1,3.1,0.9,1.1,november,2022-23,18.5,27.9,48.7,7.4,55.7,4.7,5.09,19.3,0.3,0.1,0.9,,,,,,,,,,,71.1,,32.29166666666667,27.1,6-5,195,77
1630193,Immanuel Quickley,NYK,16,22.6,9.6,4.4,2.9,3.3,8.3,1.1,3.8,2.0,2.1,november,2022-23,18.4,19.1,52.4,11.4,39.4,2.9,4.42,20.6,0.1,0.0,0.4,6.1,28.1,20.9,,,25.4,6.4,1.9,4.1,1.4,58.5,,45.783132530120476,22.6,6-2,190,74
1627827,Dorian Finney-Smith,BKN,14,33.1,9.6,4.1,1.1,3.4,8.1,1.9,5.7,0.9,1.1,november,2022-23,13.1,4.7,55.4,6.4,42.6,1.1,1.51,24.6,0.5,0.1,1.5,,,,,,,,,,,60.0,,70.37037037037037,33.1,6-7,220,79
203501,Tim Hardaway Jr.,DAL,14,23.4,9.6,2.3,2.1,3.3,10.3,2.1,7.1,0.9,1.1,november,2022-23,21.6,13.2,44.4,5.9,37.4,1.4,2.3,21.4,0.1,0.0,0.2,2.2,21.3,5.7,3.2,,32.4,12.1,2.8,15.8,,70.0,,68.93203883495144,23.4,6-5,205,77
1627732,Ben Simmons,BKN,11,26.0,9.5,6.7,5.0,4.3,6.1,0.0,0.0,1.0,1.6,november,2022-23,15.3,25.7,70.1,13.4,58.6,2.9,3.02,21.9,2.0,0.9,4.7,,,,,,,,,,,57.4,,0.0,26.0,6-10,240,82
203926,Doug McDermott,SAS,13,20.5,9.5,1.5,1.4,3.8,7.6,1.5,4.2,0.4,0.8,november,2022-23,17.3,9.6,59.5,6.3,26.8,0.8,1.7,19.3,0.3,0.1,0.8,,,,,,65.4,,,,,69.2,,55.26315789473685,20.5,6-6,225,78
1626196,Josh Richardson,NOP,11,22.0,9.5,2.0,2.6,3.2,8.7,1.4,4.5,1.7,2.2,november,2022-23,21.4,17.0,48.8,5.2,48.9,3.3,4.02,20.7,0.2,0.0,0.9,,,,,,,,,,,75.0,,51.724137931034484,22.0,6-6,200,78
1627814,Damion Lee,PHX,15,22.3,9.3,3.7,1.3,3.1,6.4,2.3,4.3,0.8,0.9,november,2022-23,14.0,8.1,68.8,10.0,30.9,1.1,2.07,17.7,0.3,0.0,0.5,,,,,,,,,,,72.5,,67.18749999999999,22.3,6-5,210,77
1630526,Jeremiah Robinson-Earl,OKC,15,22.3,9.3,5.5,1.0,3.7,7.4,1.2,3.2,0.8,1.2,november,2022-23,15.5,5.9,58.9,9.1,34.4,0.7,1.16,18.3,0.9,0.0,4.1,,20.2,,,,38.1,,,,20.2,60.0,,43.24324324324324,22.3,6-8,240,80
201144,Mike Conley,MIN,10,28.4,9.3,2.5,8.5,3.2,8.0,1.4,4.1,1.5,1.8,november,2022-23,15.0,38.8,52.9,9.9,69.4,5.9,5.13,29.6,0.8,0.0,0.6,,14.8,21.2,,,33.3,13.8,,5.8,,61.1,,51.24999999999999,28.4,6-1,175,73
1630205,Lamar Stevens,CLE,7,27.1,9.3,3.1,0.4,3.1,6.4,0.7,1.7,2.3,2.7,november,2022-23,14.1,2.2,60.9,5.6,29.7,1.0,2.05,16.4,0.6,0.0,1.3,,,,,,,,,,,53.8,,26.5625,27.1,6-6,230,78
203486,Mason Plumlee,LAC,14,28.4,9.3,9.7,4.1,3.5,6.4,0.0,0.0,2.3,3.9,november,2022-23,14.9,20.9,57.6,11.4,42.9,1.7,2.34,28.6,2.9,1.9,7.5,,,,,,,,,,,70.5,,0.0,28.4,7-0,254,84
203500,Steven Adams,MEM,13,27.2,9.2,11.5,2.2,4.1,6.4,0.0,0.1,1.1,3.2,november,2022-23,14.4,10.7,59.1,11.7,43.8,1.3,1.84,24.8,4.6,1.2,9.1,,4.9,,15.6,,,,23.9,,37.1,57.5,,1.5625,27.2,6-11,265,83
1630173,Precious Achiuwa,TOR,5,17.6,9.2,5.6,1.4,3.2,7.6,0.2,2.0,2.6,2.8,november,2022-23,22.6,13.5,52.1,11.4,31.4,1.5,2.81,17.0,0.6,1.2,2.8,,22.2,,13.5,,24.7,,12.0,,17.1,42.9,,26.31578947368421,17.6,6-8,225,80
1629629,Cam Reddish,POR,13,24.3,9.2,1.2,1.2,3.2,7.0,0.8,3.0,2.0,2.3,november,2022-23,14.2,6.3,57.1,6.2,21.5,0.8,2.19,17.8,0.7,0.0,0.9,,,,,,,,,,,81.3,,42.857142857142854,24.3,6-7,217,79
1629667,Jalen McDaniels,PHI,14,26.2,9.1,4.1,2.1,3.5,8.2,0.9,3.5,1.2,1.6,november,2022-23,16.2,11.7,51.3,7.0,46.0,1.5,1.98,26.3,0.4,0.1,1.7,,,,,,,,,,,70.0,,42.6829268292683,26.2,6-9,205,81
1628404,Josh Hart,NYK,15,35.6,9.1,8.1,4.4,3.3,7.3,0.7,2.1,1.8,2.7,november,2022-23,12.6,17.4,54.1,8.8,51.8,2.4,2.75,26.9,0.7,0.1,1.5,,21.0,10.3,,,45.6,4.0,4.6,,,68.0,,28.767123287671236,35.6,6-4,215,76
1630583,Santi Aldama,MEM,13,23.2,9.1,5.4,1.1,3.5,7.6,1.4,3.8,0.8,1.2,november,2022-23,15.0,6.4,55.9,8.7,31.1,0.9,1.75,17.7,1.1,0.4,2.6,,22.8,2.3,8.8,4.1,40.1,,6.8,,7.0,63.3,,50.0,23.2,7-0,215,84
1630557,Corey Kispert,WAS,14,26.1,9.0,2.2,1.8,3.2,6.2,1.6,3.7,1.0,1.4,november,2022-23,12.4,9.5,66.1,7.7,32.1,0.8,1.42,21.1,0.7,0.0,1.3,,19.0,9.5,,,34.1,11.9,,8.7,,48.9,,59.67741935483871,26.1,6-6,224,78
1629611,Terance Mann,LAC,16,23.5,9.0,3.3,2.3,3.5,6.5,0.8,2.2,1.3,1.6,november,2022-23,14.8,14.7,62.6,9.4,33.6,1.7,3.03,16.5,0.9,0.1,1.4,3.7,22.0,17.9,,,28.9,4.4,6.6,,8.1,56.5,,33.84615384615385,23.5,6-5,215,77
1630166,Deni Avdija,WAS,15,27.6,8.8,5.9,3.0,3.3,8.1,0.8,3.2,1.5,2.0,november,2022-23,16.9,14.8,49.2,6.8,48.7,2.1,2.61,24.9,1.1,0.1,2.7,14.0,18.1,26.9,,3.1,19.0,4.8,4.0,4.7,1.7,57.0,,39.50617283950618,27.6,6-9,210,81
1629723,John Konchar,MEM,14,27.6,8.8,7.1,2.0,3.2,6.6,1.7,4.1,0.6,0.6,november,2022-23,11.0,9.3,64.1,11.2,41.6,1.2,1.77,21.1,0.8,0.0,1.4,,34.2,,,,42.5,,,,,52.2,,62.121212121212125,27.6,6-5,210,77
1631106,Tari Eason,HOU,13,19.0,8.7,5.5,1.2,3.2,8.0,0.7,2.3,1.7,2.0,november,2022-23,20.7,9.0,48.9,10.0,30.6,1.0,2.0,14.4,0.8,0.2,3.2,5.0,19.9,5.4,,,43.3,,6.5,,9.2,75.7,,28.749999999999996,19.0,6-8,215,80
1626145,Tyus Jones,MEM,14,23.0,8.6,1.9,4.2,3.4,7.9,1.1,3.2,0.8,1.0,november,2022-23,15.9,25.4,52.1,9.1,53.4,4.2,4.73,21.9,0.1,0.0,0.1,,17.2,23.8,,,41.7,,,,,68.6,,40.50632911392405,23.0,6-2,196,74
203110,Draymond Green,GSW,13,31.7,8.6,6.1,7.8,3.5,5.7,0.5,1.3,1.2,1.7,november,2022-23,11.4,28.3,66.9,10.6,74.2,2.3,1.88,39.8,2.8,1.0,2.0,,9.4,5.1,10.2,,39.8,,10.2,,2.7,48.3,,22.807017543859647,31.7,6-6,230,78
1630631,Jose Alvarado,NOP,15,20.5,8.6,2.5,3.7,3.3,7.2,1.3,3.6,0.7,0.8,november,2022-23,18.4,23.2,56.9,9.4,44.9,3.0,3.97,18.7,0.3,0.0,0.7,4.2,20.0,27.3,,,30.0,3.8,3.8,,,67.6,,50.0,20.5,6-0,179,72
1629634,Brandon Clarke,MEM,14,19.7,8.6,4.8,1.2,3.4,6.1,0.1,0.2,1.6,2.1,november,2022-23,17.1,9.0,60.8,9.6,27.8,0.7,1.55,18.0,4.1,0.3,4.8,,,,,,,,,,,44.9,,3.278688524590164,19.7,6-8,215,80
1629684,Grant Williams,BOS,16,29.4,8.5,4.8,2.0,3.0,6.3,1.5,3.9,1.0,1.2,november,2022-23,11.2,8.6,62.8,6.5,32.3,1.0,1.81,16.8,0.8,0.1,2.0,,,,,,38.2,,,,,74.2,,61.904761904761905,29.4,6-6,236,78
1630208,Nick Richards,CHA,14,19.1,8.5,6.5,0.5,3.2,5.5,0.0,0.0,2.1,2.8,november,2022-23,16.4,4.1,63.2,11.9,25.2,0.6,1.49,15.1,1.6,0.7,5.4,,,,,,,,,,,58.7,,0.0,19.1,7-0,245,84
203925,Joe Harris,BKN,16,26.5,8.4,3.1,1.6,2.9,8.0,1.9,5.9,0.6,0.9,november,2022-23,15.1,8.5,50.3,5.2,26.8,0.7,1.57,19.1,0.4,0.0,0.6,,,,,,,,,,,62.5,,73.75,26.5,6-6,220,78
203471,Dennis Schröder,LAL,7,25.3,8.4,1.7,3.6,2.7,6.9,0.7,2.1,2.3,2.6,november,2022-23,15.1,19.5,52.8,6.4,42.1,3.5,4.98,18.3,0.4,0.0,0.4,14.8,11.2,36.6,,,23.1,5.2,,,,74.1,,30.434782608695656,25.3,6-1,172,73
1631107,Nikola Jović,MIA,7,19.7,8.4,3.4,1.3,2.6,6.6,0.7,3.1,2.6,2.7,november,2022-23,19.3,10.6,54.3,9.5,34.0,1.1,1.94,18.4,2.0,0.0,2.3,3.7,31.0,3.4,3.7,4.8,39.2,,4.8,,,69.2,,46.96969696969697,19.7,6-10,205,82
1628420,Monte Morris,WAS,12,26.4,8.4,3.3,4.8,3.4,7.5,1.1,3.2,0.5,0.8,november,2022-23,14.4,23.2,53.7,9.0,55.1,4.4,4.84,22.5,0.0,0.0,0.3,,,,,,,,,,,60.5,,42.66666666666667,26.4,6-2,183,74
1628470,Torrey Craig,PHX,15,27.0,8.4,5.5,1.6,3.2,7.3,1.3,3.7,0.7,0.9,november,2022-23,13.0,7.7,54.9,6.8,33.5,0.9,1.53,16.1,0.9,0.0,3.1,,,,,,,,,,,58.8,,50.68493150684932,27.0,6-7,221,79
1628380,Zach Collins,SAS,5,22.5,8.4,7.2,2.0,3.4,7.0,0.8,2.8,0.8,0.8,november,2022-23,16.6,13.5,57.1,11.0,37.8,1.0,1.62,24.0,4.4,1.2,3.8,,,,24.7,,25.9,,19.8,,,59.1,,40.0,22.5,6-11,250,83
1626159,Justise Winslow,POR,14,30.2,8.4,5.7,4.0,3.5,8.4,0.6,1.8,0.8,1.1,november,2022-23,15.1,19.7,47.2,6.6,61.2,4.0,3.91,25.9,1.2,0.4,3.4,,,,,,,,,,,57.8,,21.428571428571427,30.2,6-6,222,78
1626224,Cedi Osman,CLE,16,22.1,8.3,3.3,1.4,3.1,6.6,1.3,3.8,0.9,1.3,november,2022-23,16.2,9.2,57.9,8.0,33.9,1.4,2.49,22.9,0.4,0.0,0.6,,,,,,,,,,,62.5,,57.57575757575758,22.1,6-7,230,79
201609,Goran Dragic,MIL,13,17.7,8.3,1.7,2.8,3.2,7.2,1.1,3.0,0.9,1.4,november,2022-23,21.5,21.6,53.5,8.1,39.8,2.7,4.13,17.3,0.1,0.2,0.2,,,,,,,,,,,53.8,,41.666666666666664,17.7,6-4,190,76
1629020,Jarred Vanderbilt,LAL,14,25.0,8.3,8.2,2.6,3.6,5.8,0.3,0.9,0.9,1.4,november,2022-23,13.3,13.7,64.9,10.9,32.9,1.2,2.1,19.7,2.0,0.0,6.2,,18.0,,,,32.3,,16.9,,14.3,59.1,,15.517241379310345,25.0,6-8,214,80
1630573,Sam Hauser,BOS,16,19.1,8.3,2.7,0.8,2.8,5.6,2.3,4.9,0.4,0.4,november,2022-23,13.8,5.8,70.9,8.6,21.5,0.5,1.32,11.9,0.2,0.0,0.7,,20.5,4.3,8.2,,34.1,9.4,,14.2,3.7,58.6,,87.50000000000001,19.1,6-7,217,79
1629614,Andrew Nembhard,IND,9,25.4,8.2,2.6,3.2,3.2,6.6,1.4,3.4,0.3,0.3,november,2022-23,13.0,17.4,61.3,6.5,35.4,1.3,2.26,21.4,1.0,0.0,0.8,8.9,14.8,38.5,,,21.4,7.1,,,,46.9,,51.515151515151516,25.4,6-3,191,75
1628966,Keita Bates-Diop,SAS,13,20.3,8.2,3.5,0.8,3.3,6.6,0.4,1.4,1.2,1.5,november,2022-23,15.8,6.0,55.9,9.1,22.3,0.7,1.98,15.2,0.5,0.6,2.2,,,,,,,,,,,60.0,,21.21212121212121,20.3,6-8,229,80
1629675,Naz Reid,MIN,11,15.2,8.1,2.7,0.6,3.1,6.0,0.7,2.5,1.2,1.7,november,2022-23,20.6,6.8,59.8,7.8,27.3,0.6,1.42,15.6,2.4,1.0,1.9,3.8,17.2,4.8,9.1,8.1,30.7,4.7,3.6,8.4,4.3,56.4,,41.66666666666667,15.2,6-9,264,81
1630544,Tre Mann,OKC,13,20.5,8.1,2.8,1.3,3.2,8.2,1.5,5.0,0.3,0.5,november,2022-23,19.0,9.0,48.1,6.6,33.5,2.0,3.66,17.9,0.2,0.0,0.5,8.5,7.7,38.0,,,26.5,8.5,,,,57.1,,60.97560975609757,20.5,6-3,178,75
1631110,Jeremy Sochan,SAS,14,25.4,8.1,3.9,2.0,3.6,7.5,0.3,1.9,0.6,1.1,november,2022-23,15.8,10.9,50.6,5.4,39.4,1.9,2.82,18.6,0.9,1.0,2.6,,18.9,,12.3,,28.3,,17.0,,,72.4,,25.33333333333333,25.4,6-8,230,80
1629632,Coby White,CHI,6,17.1,8.0,2.0,1.7,2.8,6.3,1.7,4.3,0.7,0.7,november,2022-23,18.1,15.4,60.4,10.6,29.2,1.4,2.98,14.2,0.0,0.0,0.0,7.7,29.3,29.6,,,20.9,3.1,,2.6,,71.4,,68.25396825396825,17.1,6-5,195,77
1631099,Keegan Murray,SAC,13,25.9,8.0,3.9,0.8,2.8,8.4,1.3,4.8,1.0,1.2,november,2022-23,16.1,3.9,45.0,3.8,29.2,0.9,1.88,19.1,0.5,0.3,2.2,4.2,18.5,10.8,5.4,,30.8,,4.2,14.2,4.2,71.2,,57.14285714285714,25.9,6-8,225,80
1628972,Troy Brown Jr.,LAL,13,25.9,7.9,4.7,0.9,3.0,6.6,1.1,3.2,0.8,0.8,november,2022-23,12.9,4.8,56.7,6.9,28.4,0.9,1.96,15.2,0.5,0.0,2.0,,,,,,,,,,,72.4,,48.48484848484849,25.9,6-7,215,79
1631101,Shaedon Sharpe,POR,15,21.0,7.8,2.1,0.4,3.2,6.7,0.9,2.5,0.5,0.7,november,2022-23,15.9,3.0,55.3,5.6,20.3,0.9,2.62,13.7,0.3,0.0,1.3,12.3,19.5,31.7,,,16.7,5.1,4.8,2.1,2.8,74.3,,37.31343283582089,21.0,6-5,200,77
1629011,Mitchell Robinson,NYK,8,21.7,7.8,8.5,0.9,3.5,4.6,0.0,0.0,0.8,1.6,november,2022-23,11.5,5.0,72.6,12.0,25.0,0.5,1.24,13.3,0.9,0.1,6.8,,,,11.7,,,,12.5,,52.3,59.4,,0.0,21.7,7-0,240,84
1627752,Taurean Prince,MIN,11,20.0,7.7,2.2,1.2,2.6,6.2,0.8,3.0,1.6,1.8,november,2022-23,17.3,8.0,55.3,4.8,24.4,0.8,2.03,16.3,0.4,0.0,0.5,,27.3,,,,54.5,,,,,58.8,,48.387096774193544,20.0,6-6,218,78
1628410,Edmond Sumner,BKN,14,16.9,7.7,1.6,1.2,2.8,6.1,0.9,2.4,1.3,1.4,november,2022-23,20.4,10.4,57.0,8.1,27.6,1.8,3.98,13.4,0.4,0.0,0.6,,,,,,,,,,,48.1,,39.34426229508197,16.9,6-4,196,76
1630181,R.J. Hampton,DET,13,17.1,7.7,1.4,1.6,2.7,6.2,1.0,3.1,1.3,1.5,november,2022-23,19.3,15.6,56.3,8.3,30.6,2.3,4.48,12.6,0.2,0.0,0.5,,,,,,,,,,,51.5,,50.0,17.1,6-4,175,76
1630167,Obi Toppin,NYK,16,18.3,7.7,3.8,0.9,2.8,7.2,1.5,4.4,0.6,0.7,november,2022-23,18.3,7.5,51.3,8.6,32.2,0.8,1.51,16.8,0.2,0.1,2.3,,23.9,,,,28.3,,,,,47.1,,61.111111111111114,18.3,6-9,220,81
1630182,Josh Green,DAL,14,21.3,7.6,1.9,0.9,2.6,4.4,1.2,2.5,1.3,1.9,november,2022-23,11.9,6.1,73.4,6.6,22.1,0.8,2.18,12.7,0.1,0.0,1.4,,28.0,,,,61.3,,,,,62.5,,56.81818181818181,21.3,6-7,200,79
203937,Kyle Anderson,MIN,14,23.7,7.6,4.1,3.0,2.9,5.7,0.6,1.4,1.2,1.6,november,2022-23,13.8,15.8,59.1,9.6,40.9,1.7,2.48,19.5,0.4,0.1,1.9,12.6,16.5,7.9,,,17.3,,14.2,,8.7,60.3,,24.561403508771928,23.7,6-9,230,81
203082,Terrence Ross,PHX,12,21.1,7.5,1.7,1.4,2.8,7.3,1.4,3.8,0.4,0.6,november,2022-23,18.8,9.8,50.0,4.4,27.6,1.2,2.51,18.8,0.3,0.0,0.0,,,,,,,,,,,61.5,,52.054794520547944,21.1,6-7,206,79
1630228,Jonathan Kuminga,GSW,12,18.1,7.4,3.5,1.0,2.8,6.4,0.8,2.7,1.0,1.5,november,2022-23,19.4,8.9,52.4,6.8,29.4,1.3,2.66,17.1,0.9,0.6,2.1,12.6,17.4,21.1,,6.7,18.1,,9.6,,7.0,56.4,,42.1875,18.1,6-7,225,79
1629659,Talen Horton-Tucker,UTA,15,16.6,7.4,2.1,2.4,2.7,6.7,0.9,2.7,1.2,1.5,november,2022-23,21.0,20.0,49.9,8.1,33.3,2.7,4.9,13.0,0.0,0.1,0.3,,,,,,,,,,,63.3,,40.298507462686565,16.6,6-4,234,76
1629660,Ty Jerome,GSW,5,19.3,7.4,1.6,2.6,2.4,4.8,1.0,2.6,1.6,1.6,november,2022-23,13.6,23.2,67.2,9.3,42.4,2.6,3.72,21.8,0.2,0.0,0.4,,,,,,,,,,,69.2,,54.16666666666667,19.3,6-5,195,77
1629670,Jordan Nwora,IND,13,19.9,7.4,3.8,1.5,2.3,7.0,1.2,3.7,1.5,1.8,november,2022-23,18.0,11.8,47.5,7.7,30.4,1.2,2.36,20.1,0.5,0.1,0.8,,,,,,,,,,,73.7,,52.85714285714286,19.9,6-9,225,81
1630692,Jordan Goodwin,WAS,13,22.4,7.3,3.8,3.2,2.8,5.5,0.8,1.8,0.8,1.2,november,2022-23,13.0,20.6,60.1,10.8,44.2,3.1,4.24,17.8,0.7,0.0,1.6,,16.2,12.8,3.4,,42.7,,,,12.0,54.7,,32.72727272727273,22.4,6-3,200,75
1630560,Cam Thomas,BKN,15,16.6,7.3,1.7,1.8,2.3,5.9,0.4,1.3,2.3,2.9,november,2022-23,21.8,16.3,50.3,8.4,28.1,2.2,4.72,12.4,0.4,0.0,0.3,16.4,12.0,28.1,,,12.0,17.8,,,,51.1,,22.033898305084744,16.6,6-3,210,75
1629013,Landry Shamet,PHX,8,17.1,7.3,1.0,0.9,2.4,5.9,1.6,4.0,0.9,0.9,november,2022-23,17.9,7.7,57.9,5.4,27.9,1.5,3.14,15.8,0.4,0.0,0.3,,22.7,,,,51.6,10.2,,,,76.2,,67.79661016949152,17.1,6-4,190,76
201145,Jeff Green,DEN,9,20.2,7.2,2.1,1.0,2.9,5.1,0.1,1.0,1.3,1.7,november,2022-23,15.5,7.0,61.8,5.5,26.0,1.0,2.38,16.0,1.0,2.3,0.9,,,,,,,,,,,66.7,,19.607843137254903,20.2,6-8,235,80
1630174,Aaron Nesmith,IND,11,21.9,7.0,3.1,1.2,2.2,6.8,1.5,4.4,1.1,1.4,november,2022-23,15.8,7.4,47.2,3.6,29.8,0.8,1.55,20.2,0.1,0.0,0.7,,19.9,10.4,6.6,,30.9,5.5,,13.7,4.1,63.6,,64.70588235294117,21.9,6-5,215,77
1628977,Hamidou Diallo,DET,15,16.2,7.0,2.7,0.9,2.7,5.2,0.1,0.7,1.4,2.2,november,2022-23,18.4,8.8,56.7,6.9,21.1,0.9,2.46,10.2,1.1,0.1,1.9,,,,,,,,,,,51.4,,13.461538461538462,16.2,6-5,202,77
203115,Will Barton,TOR,15,21.1,7.0,3.2,2.7,2.5,7.7,0.9,3.5,1.0,1.1,november,2022-23,18.0,16.9,42.9,7.4,34.5,2.3,3.92,19.0,0.3,0.0,0.2,,,,,,,,,,,77.8,,45.45454545454545,21.1,6-5,181,77
1629130,Duncan Robinson,MIA,10,20.9,6.9,2.0,1.3,2.4,6.7,1.5,5.1,0.6,0.7,november,2022-23,16.4,9.2,49.2,4.0,28.8,0.9,1.79,20.3,0.3,0.0,0.4,,18.5,7.9,4.3,,31.2,11.7,,18.8,,66.7,,76.11940298507463,20.9,6-7,215,79
1628427,Vlatko Čančar,DEN,10,15.3,6.8,2.0,1.2,2.5,5.1,1.2,2.7,0.6,0.7,november,2022-23,16.8,11.3,62.9,9.5,22.9,0.8,2.02,15.9,1.4,0.8,1.7,,,,,,,,,,,46.2,,52.941176470588246,15.3,6-8,236,80
1631223,David Roddy,MEM,14,17.2,6.8,2.3,0.4,2.5,5.5,1.2,3.0,0.6,0.9,november,2022-23,14.8,3.2,57.7,5.8,19.5,0.6,1.9,12.6,0.3,0.0,0.7,,,,,,,,,,,55.6,,54.54545454545454,17.2,6-4,255,76
1628372,Dennis Smith Jr.,CHA,8,25.5,6.8,2.5,5.0,3.1,7.3,0.3,1.5,0.3,0.6,november,2022-23,14.4,28.2,44.9,8.6,57.9,4.4,4.52,20.8,0.1,0.0,1.1,,,,,,,,,,,29.4,,20.547945205479454,25.5,6-2,205,74
1628995,Kevin Knox II,POR,11,16.2,6.7,2.7,0.5,2.5,4.7,1.3,3.1,0.5,0.8,november,2022-23,14.3,4.8,66.1,10.4,21.4,0.5,1.54,10.5,0.2,0.0,0.6,,,,,,,,,,,61.1,,65.95744680851064,16.2,6-7,215,79
201152,Thaddeus Young,TOR,14,20.9,6.7,5.0,2.5,2.9,5.3,0.0,0.6,0.9,1.0,november,2022-23,13.0,16.5,58.6,11.2,37.2,1.1,1.82,20.9,2.4,1.3,4.1,,,,,,,,,,,73.6,,11.320754716981133,20.9,6-8,235,80
204456,T.J. McConnell,IND,13,19.6,6.6,3.0,5.4,2.8,5.5,0.3,0.8,0.8,0.8,november,2022-23,16.3,41.2,56.0,13.9,53.5,3.7,4.17,21.7,0.5,0.0,0.5,5.9,13.1,54.0,,,12.5,,4.2,,,36.8,,14.545454545454547,19.6,6-1,190,73
1630168,Onyeka Okongwu,ATL,14,21.0,6.6,6.4,1.1,2.6,4.6,0.0,0.1,1.3,1.6,november,2022-23,12.4,7.8,62.4,10.0,27.8,0.7,1.47,15.1,2.6,0.1,4.9,1.6,15.5,2.1,11.6,6.9,28.0,3.2,11.2,3.4,7.5,63.2,,2.173913043478261,21.0,6-9,240,81
1627863,Danuel House Jr.,PHI,12,20.1,6.5,2.3,0.8,2.1,4.3,0.9,2.3,1.4,1.8,november,2022-23,12.1,5.6,64.3,7.0,22.5,0.8,2.12,11.3,0.1,0.0,0.6,,,,,,,,,,,66.7,,53.48837209302325,20.1,6-6,220,78
1630543,Isaiah Jackson,IND,12,15.2,6.5,4.3,0.8,2.2,3.8,0.0,0.2,2.2,2.9,november,2022-23,16.5,8.5,63.5,11.1,22.5,0.6,1.47,14.6,1.5,0.7,4.8,,13.6,,11.6,7.1,5.1,,20.7,,25.8,56.6,,5.2631578947368425,15.2,6-9,205,81
1630237,Anthony Lamb,GSW,13,18.9,6.5,3.6,1.6,2.5,4.6,1.3,3.0,0.1,0.1,november,2022-23,13.2,12.9,69.5,9.1,33.2,1.0,1.79,18.6,0.5,0.5,2.0,,,,,,,,,,,68.6,,65.21739130434783,18.9,6-6,227,78
1627788,Furkan Korkmaz,PHI,9,15.3,6.4,1.6,1.1,2.1,4.9,0.9,2.4,1.3,1.7,november,2022-23,18.4,11.2,57.3,8.4,23.1,1.1,2.73,16.4,0.2,0.0,0.7,,,,,,,,,,,85.7,,48.979591836734684,15.3,6-7,202,79
1629643,Chuma Okeke,ORL,11,24.7,6.4,4.6,1.4,2.1,5.5,1.1,3.6,1.1,1.5,november,2022-23,12.0,7.4,51.1,6.2,29.6,1.1,2.16,13.7,0.1,0.1,1.0,,,,,,,,,,,67.3,,65.45454545454545,24.7,6-8,229,80
1630558,Davion Mitchell,SAC,14,19.5,6.4,0.9,2.2,2.6,5.7,0.8,2.5,0.4,0.6,november,2022-23,14.9,15.3,53.3,5.7,37.1,2.8,4.47,13.1,0.1,0.0,0.7,28.6,19.3,8.1,,,35.6,,,,,53.3,,43.859649122807014,19.5,6-0,202,72
1626172,Kevon Looney,GSW,15,22.6,6.3,7.0,2.7,2.8,4.1,0.0,0.0,0.7,1.1,november,2022-23,9.3,14.9,69.8,10.4,42.1,1.1,1.51,24.8,2.3,0.3,6.0,,,,19.3,,,,,,31.6,56.0,,0.0,22.6,6-9,222,81
1628379,Luke Kennard,MEM,7,17.9,6.3,2.1,0.4,2.3,4.0,1.6,3.0,0.1,0.1,november,2022-23,12.1,3.0,77.4,8.2,19.4,0.7,2.13,11.0,0.6,0.0,0.0,,24.5,9.1,,,32.0,7.9,5.8,11.6,,71.4,,75.0,17.9,6-5,206,77
1629641,Romeo Langford,SAS,7,20.8,6.3,3.3,1.0,2.6,5.7,0.4,2.0,0.7,1.1,november,2022-23,13.5,6.5,50.6,4.0,24.6,1.1,2.64,14.9,0.3,0.0,2.1,,,,,,,,,,,66.7,,35.08771929824561,20.8,6-5,216,77
1629234,Drew Eubanks,POR,15,19.1,6.3,4.9,0.9,2.7,3.6,0.0,0.0,0.9,1.5,november,2022-23,11.5,7.5,73.3,10.0,24.1,0.6,1.61,13.8,2.5,0.1,4.5,,11.3,,36.6,,,,23.9,,8.5,47.8,,0.0,19.1,6-10,245,82
1630699,MarJon Beauchamp,MIL,12,18.3,6.2,3.6,0.5,2.3,6.2,0.9,3.3,0.6,0.8,november,2022-23,16.9,4.0,47.2,4.0,19.8,0.7,2.14,13.6,0.3,0.0,1.2,,,,,,,,,,,31.3,,53.2258064516129,18.3,6-7,199,79
1627823,Juancho Hernangomez,TOR,11,21.4,6.1,5.3,1.1,2.5,4.7,0.8,2.4,0.2,0.5,november,2022-23,10.6,6.9,61.8,9.6,28.8,0.7,1.5,15.5,0.6,0.4,2.5,,,,,,,,,,,63.4,,51.06382978723404,21.4,6-9,214,81
1631105,Jalen Duren,DET,13,22.9,6.1,7.3,0.8,2.5,4.2,0.0,0.0,1.0,1.8,november,2022-23,10.5,4.8,60.7,8.8,27.5,0.8,1.69,12.2,1.0,0.5,5.2,8.9,12.2,3.2,14.9,8.7,6.8,,20.0,,16.4,60.0,,0.0,22.9,6-11,250,83
1627936,Alex Caruso,CHI,14,25.6,6.0,2.8,3.6,2.0,4.3,1.0,2.4,1.0,1.4,november,2022-23,10.0,17.6,61.4,7.0,46.2,2.1,2.75,19.1,0.5,0.0,1.0,,19.9,8.2,7.0,,45.6,,,,,71.0,,55.81395348837209,25.6,6-5,186,77
1629026,Kenrich Williams,OKC,14,20.2,6.0,3.7,1.2,2.6,5.0,0.6,1.6,0.3,0.6,november,2022-23,11.5,7.7,56.8,7.4,23.1,0.7,1.81,14.6,0.9,0.3,3.0,,14.6,,,,42.3,,10.0,,7.7,58.1,,32.0,20.2,6-6,210,78
1629052,Oshae Brissett,IND,12,16.8,6.0,3.1,0.5,1.9,4.5,1.0,2.8,1.2,1.7,november,2022-23,13.1,4.5,57.3,9.4,27.6,0.6,1.37,14.3,0.3,0.1,1.3,,,,,,,,,,,62.9,,62.22222222222222,16.8,6-7,210,79
1630598,Aaron Wiggins,OKC,11,16.8,5.9,2.5,1.5,2.2,4.2,0.8,1.8,0.7,0.8,november,2022-23,12.8,12.0,65.1,7.7,19.8,0.6,1.81,11.8,0.6,0.1,1.5,6.3,22.9,8.6,,,44.9,,3.3,4.0,,64.6,,42.857142857142854,16.8,6-5,190,77
1630587,Isaiah Livers,DET,15,21.0,5.9,2.5,0.6,1.9,4.9,1.2,3.7,0.8,1.1,november,2022-23,12.0,4.2,54.0,4.7,24.7,0.8,1.87,14.9,0.3,0.1,0.5,,,,,,49.1,,,,,62.0,,75.51020408163265,21.0,6-6,232,78
203939,Dwight Powell,DAL,14,18.0,5.8,3.4,0.6,2.3,3.4,0.0,0.0,1.2,1.9,november,2022-23,12.5,5.5,68.8,7.3,21.6,0.5,1.37,11.5,2.0,0.1,5.1,,13.2,,12.1,,,,37.4,,,61.0,,0.0,18.0,6-10,240,82
201599,DeAndre Jordan,DEN,11,18.5,5.7,6.6,1.3,2.5,3.5,0.0,0.0,0.6,1.3,november,2022-23,12.9,10.1,71.3,12.1,24.5,0.5,1.34,14.2,2.9,0.3,4.4,,,,,,,,,,,60.5,,0.0,18.5,6-11,265,83
1630700,Dyson Daniels,NOP,11,18.4,5.7,4.4,2.4,2.2,4.2,0.7,1.6,0.6,1.1,november,2022-23,12.4,17.2,61.4,10.5,32.0,1.8,3.28,14.2,0.2,0.0,0.8,5.6,23.3,13.2,3.2,,18.5,5.8,15.9,,7.8,55.0,,38.095238095238095,18.4,6-7,199,79
1629312,Haywood Highsmith,MIA,9,24.3,5.7,5.4,0.9,2.1,5.9,1.0,3.0,0.4,1.1,november,2022-23,12.5,5.6,44.4,6.0,27.3,0.8,1.71,16.2,1.9,0.0,2.8,,,,,,,,,,,50.0,,50.847457627118644,24.3,6-5,220,77
1629642,Nassir Little,POR,15,15.5,5.6,2.4,0.9,2.0,4.4,0.7,2.0,0.9,1.1,november,2022-23,15.7,8.2,57.5,7.5,18.8,0.6,2.07,11.4,0.1,0.1,0.8,,,,,,,,,,,63.6,,45.45454545454545,15.5,6-5,220,77
1629750,Javonte Green,CHI,14,15.3,5.6,2.9,0.7,2.2,3.6,0.6,1.1,0.6,1.0,november,2022-23,12.8,6.1,69.4,9.5,22.1,0.5,1.25,11.2,0.5,0.0,2.0,,23.5,,3.7,,41.2,,14.7,,4.8,56.8,,30.555555555555557,15.3,6-5,205,77
203490,Otto Porter Jr.,TOR,8,18.3,5.5,2.4,1.0,1.9,3.8,0.8,2.1,1.0,1.0,november,2022-23,10.4,7.8,65.6,9.0,26.1,0.7,1.52,14.8,0.4,0.4,1.9,,,,,,,,,,,67.7,,55.26315789473685,18.3,6-8,198,80
1629656,Quentin Grimes,NYK,12,18.8,5.5,2.6,1.8,2.2,4.8,0.8,2.8,0.3,0.4,november,2022-23,11.9,12.2,55.7,5.4,22.6,0.7,1.93,16.1,0.5,0.0,0.4,10.4,22.2,10.8,,,37.6,2.4,2.8,6.8,2.0,74.1,,58.333333333333336,18.8,6-5,210,77
1630570,Trendon Watford,POR,13,17.4,5.5,3.5,1.5,2.0,3.5,0.2,0.7,1.2,1.3,november,2022-23,12.9,13.7,67.6,10.1,31.7,1.2,2.27,15.5,1.5,0.2,1.5,7.8,20.2,,,,24.8,,,,,72.1,,20.0,17.4,6-8,237,80
1630579,Jericho Sims,NYK,13,15.8,5.4,5.5,0.5,2.4,3.2,0.0,0.0,0.6,0.8,november,2022-23,10.1,5.2,77.1,12.0,19.8,0.4,1.13,8.9,0.5,0.1,5.0,,,,26.0,,,,32.5,,,73.5,,0.0,15.8,6-10,250,82
1628392,Isaiah Hartenstein,NYK,16,20.2,5.4,6.5,0.6,2.2,4.1,0.2,0.6,0.8,0.9,november,2022-23,10.6,4.3,59.2,8.4,32.8,0.7,1.29,14.3,1.3,0.1,4.6,,7.4,,19.9,5.6,,,40.3,,10.2,56.8,,14.634146341463417,20.2,7-0,250,84
1631172,Ousmane Dieng,OKC,7,18.2,5.3,3.6,1.9,2.1,4.6,0.9,2.9,0.1,0.6,november,2022-23,12.3,13.0,54.8,10.3,22.0,0.6,1.59,13.3,0.9,0.0,0.6,17.3,21.3,,,,37.3,,,,,40.7,,63.04347826086957,18.2,6-9,185,81
1630171,Isaac Okoro,CLE,16,20.6,5.3,2.6,0.7,1.8,3.8,0.4,1.6,1.3,1.6,november,2022-23,11.1,4.7,58.0,5.2,19.9,0.7,2.19,12.8,0.2,0.0,1.0,,25.9,,,,41.6,,10.8,,5.2,69.2,,42.10526315789474,20.6,6-5,225,77
1630177,Theo Maledon,CHA,13,17.8,5.2,3.0,2.4,1.8,4.2,0.5,1.5,1.2,1.3,november,2022-23,14.1,19.3,53.6,9.4,37.8,2.5,3.99,14.2,0.0,0.0,0.1,,,,,,,,,,,64.7,,35.714285714285715,17.8,6-5,175,77
201588,George Hill,IND,14,19.9,5.1,2.0,2.4,1.6,4.3,0.6,2.1,1.1,1.8,november,2022-23,12.1,16.3,50.0,6.4,35.6,2.8,4.7,14.1,0.4,0.0,0.6,,,,,,,,,,,50.0,,48.83720930232558,19.9,6-4,188,76
1628978,Donte DiVincenzo,GSW,11,17.6,5.0,3.5,2.3,1.6,4.5,1.2,3.4,0.5,0.6,november,2022-23,13.4,17.9,51.8,8.8,35.5,1.5,2.52,18.3,0.8,0.0,0.9,1.9,18.5,11.6,,,33.0,10.8,,14.6,3.0,62.5,,75.55555555555556,17.6,6-4,203,76
1630547,James Bouknight,CHA,12,17.3,5.0,2.7,1.5,2.0,5.4,0.4,2.4,0.6,0.8,november,2022-23,15.8,13.4,43.2,6.1,23.8,1.1,2.79,14.8,0.2,0.0,0.3,,,,,,,,,,,64.9,,44.44444444444444,17.3,6-4,190,76
1631103,Malaki Branham,SAS,8,15.6,5.0,1.4,1.6,1.9,5.0,0.8,3.0,0.5,0.8,november,2022-23,16.2,14.0,46.9,4.4,23.5,1.1,2.74,12.8,0.1,0.0,0.0,,,,,,,,,,,50.0,,60.0,15.6,6-4,180,76
1630586,Usman Garuba,HOU,13,17.9,4.8,4.9,1.3,1.8,3.2,0.4,0.7,0.9,1.4,november,2022-23,10.2,10.7,64.4,9.2,25.5,0.6,1.45,13.3,1.8,0.1,4.3,,,,,,,,,,,52.2,,21.874999999999996,17.9,6-8,229,80
1630230,Naji Marshall,NOP,13,18.2,4.8,2.5,1.9,1.7,4.9,0.7,2.2,0.7,0.9,november,2022-23,14.0,14.4,44.7,5.9,29.9,1.2,2.33,16.2,0.5,0.0,1.0,5.6,31.6,10.9,3.9,,29.1,,6.0,2.4,2.4,56.3,,44.89795918367347,18.2,6-7,220,79
1631117,Walker Kessler,UTA,16,15.0,4.8,4.8,0.4,2.2,2.9,0.0,0.0,0.4,0.9,november,2022-23,10.3,4.0,71.5,9.6,12.6,0.3,1.25,8.1,0.9,0.0,4.0,,,,,,,,29.0,,22.6,55.9,,0.0,15.0,7-0,245,84
1630194,Paul Reed,PHI,14,15.1,4.6,5.4,0.9,2.1,3.3,0.0,0.2,0.4,0.6,november,2022-23,12.7,8.3,64.6,11.0,20.3,0.6,1.63,11.1,1.3,0.2,4.1,,9.8,,16.0,,13.5,,26.4,,17.2,63.0,,6.060606060606061,15.1,6-9,210,81
1629599,Amir Coffey,LAC,14,15.3,4.5,1.1,1.5,1.4,3.4,0.3,1.1,1.4,1.7,november,2022-23,12.7,13.5,53.8,4.7,17.6,0.7,2.45,12.9,0.1,0.0,0.4,,,,,,,,,,,64.0,,32.35294117647059,15.3,6-7,210,79
1629731,Dean Wade,CLE,10,25.0,4.5,4.8,0.8,1.7,5.1,0.8,3.1,0.3,0.4,november,2022-23,10.0,4.4,42.6,4.4,26.9,0.8,1.76,15.3,0.5,0.0,0.8,,28.1,,5.0,,46.7,,12.1,,,60.5,,60.7843137254902,25.0,6-9,228,81
201587,Nicolas Batum,LAC,16,19.5,4.5,4.3,1.4,1.5,3.9,1.1,3.1,0.4,0.6,november,2022-23,10.4,9.4,53.4,7.0,25.9,0.5,1.18,12.6,0.3,0.0,0.9,,14.2,,,,68.9,,,,,54.2,,79.48717948717949,19.5,6-8,230,80
1631216,Caleb Houstan,ORL,13,17.7,4.5,2.5,0.9,1.5,3.5,1.1,2.6,0.5,0.6,november,2022-23,9.8,7.2,58.6,5.8,15.6,0.3,1.29,8.5,0.1,0.0,0.6,,,,,,,,,,,55.2,,74.28571428571429,17.7,6-8,205,80
1628467,Maxi Kleber,DAL,10,23.7,4.4,3.1,1.4,1.8,3.8,0.6,2.1,0.2,0.2,november,2022-23,8.0,8.8,56.6,5.4,28.2,0.6,1.26,14.1,1.1,0.1,1.7,,,,,,,,,,,68.9,,55.26315789473685,23.7,6-10,240,82
1631132,Christian Koloko,TOR,14,17.0,4.3,3.4,0.4,1.5,3.3,0.0,0.3,1.3,1.8,november,2022-23,11.0,3.2,52.6,3.4,17.6,0.4,1.22,12.4,0.9,0.1,4.3,,,,,,,,,,,59.7,,9.090909090909092,17.0,7-0,230,84
203085,Austin Rivers,MIN,8,15.8,4.3,1.4,0.9,1.3,3.0,0.5,2.1,1.3,1.4,november,2022-23,10.8,7.4,58.9,4.2,21.0,1.1,3.17,10.9,0.0,0.0,0.1,,,,,,,,,,,72.2,,70.0,15.8,6-4,200,76
1629162,Jordan McLaughlin,MIN,10,15.4,4.2,1.3,3.9,1.6,3.6,0.6,2.1,0.4,0.4,november,2022-23,11.7,32.5,55.6,11.7,36.3,2.4,3.89,12.1,0.2,0.0,0.7,,,,,,,,,,,64.3,,58.333333333333336,15.4,6-0,185,72
1631222,Jake LaRavia,MEM,11,18.6,4.2,2.7,1.3,1.5,4.3,0.9,3.1,0.2,0.2,november,2022-23,12.6,9.0,48.0,4.1,22.6,0.7,1.84,13.2,0.1,0.1,0.7,2.5,21.2,,4.5,,42.4,2.5,8.0,,8.0,56.3,,72.09302325581396,18.6,6-7,235,79
1628988,Aaron Holiday,ATL,13,16.6,3.7,1.6,1.4,1.5,3.9,0.5,1.4,0.2,0.5,november,2022-23,11.6,10.7,44.7,2.6,20.9,1.4,4.0,8.8,0.1,0.0,0.4,,18.5,18.5,,,42.5,,,,,76.2,,35.8974358974359,16.6,6-0,185,72
203493,Reggie Bullock Jr.,DAL,13,25.7,3.7,2.8,1.2,1.2,5.2,0.8,4.3,0.4,0.5,november,2022-23,9.9,6.3,34.2,1.9,29.9,0.7,1.47,20.2,0.2,0.0,0.2,,,,,,,,,,,69.8,,82.6923076923077,25.7,6-6,205,78
201976,Patrick Beverley,CHI,9,26.5,3.4,4.0,2.6,1.2,4.8,0.8,2.9,0.2,0.6,november,2022-23,9.5,11.9,34.3,2.7,35.0,2.0,3.4,16.0,0.3,0.0,0.4,,,,,,,,,,,61.8,,60.416666666666664,26.5,6-2,180,74
1630227,Daishen Nix,HOU,13,15.3,3.3,1.8,2.3,1.1,3.2,0.8,2.2,0.3,0.5,november,2022-23,12.8,20.3,49.3,6.2,34.3,2.6,4.63,13.2,0.0,0.0,0.1,,,,,,,,,,,65.5,,68.75,15.3,6-4,226,76
202083,Wesley Matthews,MIL,11,15.6,2.9,1.5,0.5,0.9,3.1,0.7,2.5,0.4,0.4,november,2022-23,9.2,4.1,44.7,1.9,15.3,0.4,1.62,10.6,0.4,0.0,0.5,,,,,,,,,,,75.0,,80.64516129032258,15.6,6-5,220,77
203095,Evan Fournier,NYK,7,15.4,2.7,1.4,1.7,0.9,4.4,0.6,2.9,0.4,0.6,november,2022-23,15.9,16.0,29.0,-0.1,18.7,0.9,2.75,12.6,0.0,0.0,0.1,,,,,,,,,,,70.0,,65.9090909090909,15.4,6-6,205,78
200782,P.J. Tucker,PHI,14,28.1,1.9,4.1,1.1,0.7,2.2,0.4,1.2,0.1,0.1,november,2022-23,5.0,4.9,40.8,2.2,24.6,0.6,1.37,12.0,0.5,0.1,1.9,,,,,,,,,,,61.8,,54.54545454545454,28.1,6-5,245,77
203954,Joel Embiid,PHI,13,36.1,35.4,9.9,4.2,12.2,22.5,1.2,2.8,9.8,11.4,december,2022-23,38.1,22.4,64.4,21.1,76.6,3.3,2.55,56.2,11.3,6.3,6.6,12.3,7.0,,22.0,21.7,12.9,2.3,6.6,1.8,7.1,61.6,,12.444444444444445,36.1,7-0,280,84
1629029,Luka Dončić,DAL,15,36.3,35.1,8.5,9.3,11.7,22.6,3.7,8.8,7.9,10.5,december,2022-23,37.6,47.0,64.4,22.1,90.4,9.6,6.36,33.1,1.0,4.8,1.3,16.0,14.3,36.3,,7.6,8.7,2.3,1.3,7.4,1.7,62.0,,38.93805309734513,36.3,6-7,230,79
203507,Giannis Antetokounmpo,MIL,13,34.9,33.1,12.3,4.7,11.5,21.5,0.8,2.7,9.4,13.6,december,2022-23,36.8,27.4,60.1,19.2,86.0,5.7,3.99,41.7,5.7,4.8,5.2,10.9,26.0,7.7,6.4,20.2,6.1,,7.9,,8.9,56.6,,12.558139534883722,34.9,7-0,243,84
2544,LeBron James,LAL,14,36.4,31.2,7.6,7.0,12.4,23.0,1.8,6.1,4.6,5.9,december,2022-23,32.3,30.0,61.0,17.4,79.3,5.6,4.22,39.1,3.4,4.1,3.9,12.8,24.5,12.5,3.1,12.1,12.6,,5.7,7.5,1.9,64.8,,26.521739130434778,36.4,6-9,250,81
1628983,Shai Gilgeous-Alexander,OKC,13,35.6,30.5,4.8,5.3,9.6,19.7,1.0,2.6,10.3,11.4,december,2022-23,31.7,25.3,61.8,16.2,72.2,6.5,5.43,23.8,0.6,1.4,1.4,26.3,14.1,37.3,,4.7,6.2,2.1,3.3,1.6,,53.8,,13.19796954314721,35.6,6-6,195,78
203076,Anthony Davis,LAL,7,31.5,30.3,10.4,2.7,11.1,16.9,0.6,1.4,7.4,8.9,december,2022-23,28.6,14.6,73.0,23.1,66.0,2.2,2.01,36.0,4.1,7.1,11.7,11.5,10.3,5.8,19.3,12.5,9.8,,8.8,,14.5,57.1,,8.284023668639055,31.5,6-10,253,82
1628369,Jayson Tatum,BOS,13,37.4,30.1,8.7,3.3,10.1,22.3,3.0,9.0,6.9,8.3,december,2022-23,32.0,15.0,57.9,15.1,71.2,4.3,3.62,38.7,3.5,1.1,3.8,,,,,,,,,,,61.9,,40.35874439461883,37.4,6-8,210,80
1629627,Zion Williamson,NOP,12,35.1,29.8,7.5,5.1,10.8,17.7,0.3,0.8,7.8,11.0,december,2022-23,31.1,25.4,66.3,18.4,78.8,5.3,4.05,39.4,1.9,3.7,4.1,23.8,15.0,15.3,4.8,10.2,5.5,2.6,10.5,,8.6,63.5,,4.519774011299436,35.1,6-6,284,78
203999,Nikola Jokić,DEN,14,36.2,29.2,12.3,10.1,11.2,18.6,1.0,2.9,5.8,7.6,december,2022-23,29.5,42.0,66.7,21.9,109.8,4.7,2.56,62.1,12.1,10.4,8.6,5.3,10.1,9.7,13.0,22.8,9.0,,7.3,5.3,9.3,65.9,,15.591397849462362,36.2,6-11,284,83
203081,Damian Lillard,POR,12,35.6,29.2,3.8,7.2,9.2,20.3,5.0,12.4,5.8,6.2,december,2022-23,30.7,29.7,63.5,15.4,89.3,6.8,4.6,45.4,0.3,0.2,0.3,,,,,,,,,,,69.1,,61.083743842364534,35.6,6-2,195,74
1627759,Jaylen Brown,BOS,14,36.9,28.4,8.2,3.3,10.5,22.3,2.9,9.0,4.4,5.8,december,2022-23,31.2,15.5,57.1,14.8,67.9,4.0,3.55,35.9,1.5,0.4,2.6,20.6,20.4,22.2,1.8,4.7,13.0,4.1,1.1,7.4,1.8,58.1,,40.35874439461883,36.9,6-6,223,78
203944,Julius Randle,NYK,15,37.1,28.3,11.4,4.3,9.3,19.4,3.3,9.1,6.5,8.6,december,2022-23,28.5,19.1,61.1,18.6,76.4,4.0,3.11,46.7,3.1,4.1,3.6,15.8,16.5,9.4,7.3,10.1,21.1,2.4,5.0,3.2,5.4,67.2,,46.90721649484536,37.1,6-8,250,80
201142,Kevin Durant,PHX,12,35.3,28.3,7.5,5.3,10.4,18.0,1.9,5.1,5.6,5.9,december,2022-23,30.7,22.7,68.8,18.6,67.6,4.6,4.09,34.8,1.8,2.6,0.6,20.8,13.5,18.4,1.7,7.3,15.2,7.5,2.3,7.5,1.1,60.5,,28.333333333333332,35.3,6-10,240,82
1627783,Pascal Siakam,TOR,15,38.4,28.3,7.7,6.3,9.7,20.1,1.4,4.3,7.6,9.5,december,2022-23,29.4,26.9,58.5,15.6,87.1,5.3,3.68,46.1,2.0,2.1,3.5,13.3,20.6,13.9,6.5,11.3,16.2,3.0,3.2,4.0,5.0,70.8,,21.393034825870643,38.4,6-8,230,80
202681,Kyrie Irving,DAL,11,36.7,28.3,6.2,5.3,10.4,20.3,3.5,8.5,4.0,4.4,december,2022-23,29.6,22.0,63.7,16.1,73.7,5.5,4.44,31.5,1.0,0.3,1.7,,,,,,,,,,,56.7,,41.87192118226601,36.7,6-2,195,74
1628378,Donovan Mitchell,CLE,13,36.3,27.5,3.5,3.8,9.7,20.4,3.7,9.4,4.4,5.1,december,2022-23,31.0,17.9,60.7,13.0,65.8,5.5,4.97,31.4,0.6,0.0,1.2,11.4,22.8,34.1,1.5,,11.4,6.9,1.9,3.8,1.6,71.0,,46.07843137254902,36.3,6-1,215,73
1628374,Lauri Markkanen,UTA,12,34.2,26.8,8.5,1.3,8.6,16.2,4.1,8.5,5.6,6.2,december,2022-23,24.3,6.2,71.1,17.4,49.0,1.8,2.23,29.8,1.7,1.8,2.7,4.0,15.6,3.0,8.3,5.7,12.8,7.5,10.6,20.7,7.0,46.8,,52.46913580246913,34.2,7-0,240,84
1629673,Jordan Poole,GSW,15,32.0,26.8,2.7,3.9,9.0,19.9,3.1,9.4,5.7,6.5,december,2022-23,34.3,21.5,58.8,11.7,72.9,5.0,4.15,36.7,1.3,0.1,1.1,7.9,19.9,30.6,,,14.3,12.9,,5.4,,72.9,,47.23618090452262,32.0,6-4,194,76
1629027,Trae Young,ATL,11,35.9,26.5,2.7,10.4,8.3,19.5,2.2,6.7,7.8,8.9,december,2022-23,31.4,42.2,56.6,12.8,86.8,8.5,5.85,27.7,0.2,0.0,0.5,12.0,20.4,39.3,,,8.4,10.5,,,,61.4,,34.35897435897436,35.9,6-1,164,73
201942,DeMar DeRozan,CHI,15,37.8,26.1,6.4,5.5,9.1,18.4,0.3,1.2,7.7,8.5,december,2022-23,27.8,22.0,58.8,14.4,60.3,4.9,4.86,32.9,1.3,3.3,0.7,19.9,10.0,17.6,1.7,12.0,19.1,6.1,3.9,4.6,1.7,68.3,,6.521739130434782,37.8,6-6,220,78
202331,Paul George,LAC,12,35.1,25.5,6.4,6.4,8.6,18.8,3.5,8.6,4.8,5.2,december,2022-23,29.8,29.2,60.4,14.8,73.4,5.2,4.23,35.1,1.1,0.8,1.4,18.4,12.4,14.2,,5.5,22.9,3.2,,12.4,,65.6,,45.744680851063826,35.1,6-8,220,80
1630162,Anthony Edwards,MIN,15,37.6,25.3,6.8,5.2,9.1,19.4,2.6,6.4,4.6,6.5,december,2022-23,28.6,20.6,56.9,13.0,75.6,5.3,4.17,35.4,0.5,0.5,1.1,23.4,15.7,23.5,,4.9,12.9,7.3,2.0,4.8,1.2,61.8,,32.98969072164949,37.6,6-4,225,76
201939,Stephen Curry,GSW,6,33.3,25.2,6.2,6.2,8.0,18.5,4.7,11.0,4.5,4.7,december,2022-23,29.1,28.7,61.2,15.2,75.5,5.6,4.43,30.5,1.0,0.0,1.0,10.1,13.8,21.1,,,11.6,12.0,7.0,18.0,1.3,48.0,,59.45945945945946,33.3,6-2,185,74
1629630,Ja Morant,MEM,12,31.6,25.1,5.8,9.0,9.1,20.8,1.5,6.2,5.4,7.2,december,2022-23,33.8,45.8,52.3,16.6,78.9,7.2,5.45,28.1,0.4,0.2,1.5,14.1,19.6,40.4,,,11.0,5.0,2.4,,,45.9,,29.807692307692307,31.6,6-2,174,74
1630163,LaMelo Ball,CHA,10,34.8,25.0,6.6,8.2,8.9,20.9,4.5,11.5,2.7,3.2,december,2022-23,28.8,36.6,56.0,13.6,91.8,7.3,4.76,32.5,0.5,0.0,1.5,12.2,12.8,39.4,1.6,,19.4,6.5,,1.7,2.0,62.5,,55.02392344497608,34.8,6-7,180,79
203897,Zach LaVine,CHI,15,35.9,24.5,4.3,4.0,9.3,17.8,2.8,6.5,3.2,3.9,december,2022-23,27.1,17.0,62.9,12.2,61.9,4.3,4.17,30.8,0.3,0.1,0.9,9.3,23.5,19.5,4.0,,22.7,6.3,3.4,8.5,,71.2,,36.51685393258427,35.9,6-5,200,77
1629639,Tyler Herro,MIA,15,37.4,24.3,5.7,5.1,8.5,18.1,4.2,9.9,3.1,3.3,december,2022-23,25.6,21.2,61.9,14.4,74.7,5.1,4.07,37.5,0.4,0.0,0.7,13.3,27.7,13.9,,,32.4,,,5.8,,66.7,,54.696132596685075,37.4,6-5,195,77
203078,Bradley Beal,WAS,7,29.3,23.4,3.1,4.3,8.7,16.1,1.0,3.6,5.0,6.0,december,2022-23,30.6,23.4,62.4,15.1,57.9,4.5,4.62,35.9,2.0,1.0,1.3,,,21.3,,,24.6,,,,,80.0,,22.360248447204967,29.3,6-4,207,76
1629640,Keldon Johnson,SAS,12,33.6,23.3,4.7,2.3,8.8,18.6,1.8,5.3,4.1,5.5,december,2022-23,28.3,10.5,55.5,10.1,56.4,2.6,2.74,36.3,0.9,1.7,2.2,3.9,20.0,2.8,,4.4,32.0,7.4,9.2,,10.9,59.6,,28.494623655913976,33.6,6-5,220,77
204001,Kristaps Porziņģis,WAS,12,34.3,23.2,9.7,2.6,7.6,15.9,1.2,4.8,6.8,8.5,december,2022-23,28.0,11.3,58.9,14.4,63.9,1.9,1.82,41.8,4.5,4.2,5.1,,14.6,,11.3,24.3,17.4,,7.7,10.5,6.1,49.1,,30.18867924528302,34.3,7-3,240,87
1630169,Tyrese Haliburton,IND,14,33.5,23.1,2.6,8.7,7.9,15.6,3.8,8.3,3.5,3.9,december,2022-23,25.1,39.4,67.0,16.7,92.3,7.5,4.86,31.6,0.4,0.0,0.4,,,,,,,,,,,60.0,,53.20512820512822,33.5,6-5,185,77
1628398,Kyle Kuzma,WAS,15,36.2,23.1,6.9,3.7,8.9,18.6,3.0,7.6,2.3,3.5,december,2022-23,27.7,16.1,57.5,11.3,60.7,3.3,3.23,35.7,0.9,0.7,1.2,5.1,27.3,5.3,8.7,2.8,27.5,4.1,8.5,,4.9,58.1,,40.86021505376344,36.2,6-9,221,81
1628368,De'Aaron Fox,SAC,12,33.9,22.9,4.3,5.7,8.3,17.8,1.4,5.3,4.8,6.5,december,2022-23,27.8,24.8,55.4,11.1,77.8,6.3,4.82,23.7,0.6,0.2,0.6,10.1,22.8,29.1,,,18.1,6.4,2.0,3.7,1.7,76.3,,29.775280898876407,33.9,6-3,185,75
202710,Jimmy Butler III,MIA,10,33.9,22.9,6.7,5.4,8.5,14.6,0.5,1.6,5.4,7.4,december,2022-23,24.7,28.4,64.1,19.0,64.1,4.8,4.47,36.3,1.6,1.9,5.8,17.7,17.2,13.1,2.7,6.1,14.0,1.7,12.1,2.4,7.9,71.8,,10.958904109589042,33.9,6-7,230,79
202691,Klay Thompson,GSW,11,34.8,22.5,4.3,3.0,8.2,20.3,3.9,10.8,2.3,2.4,december,2022-23,26.3,13.1,52.9,9.6,50.5,1.7,2.05,41.3,0.9,0.3,2.0,,19.2,7.1,,,25.9,12.2,2.8,26.3,,65.6,,53.20197044334976,34.8,6-6,220,78
1628389,Bam Adebayo,MIA,13,35.7,22.2,10.5,3.2,8.8,16.1,0.0,0.1,4.6,5.9,december,2022-23,26.8,15.1,59.3,14.6,66.0,3.1,2.8,37.5,7.8,3.3,9.3,8.0,20.2,,9.1,11.3,30.1,,7.1,2.4,6.5,55.4,,0.6211180124223602,35.7,6-9,255,81
203903,Jordan Clarkson,UTA,14,32.9,22.1,3.8,3.8,7.9,17.1,2.4,7.0,4.1,5.2,december,2022-23,28.1,18.6,57.2,10.0,54.7,3.7,4.05,31.4,0.7,0.4,1.6,5.2,25.6,12.3,,,36.0,7.8,4.2,,3.9,66.1,,40.93567251461988,32.9,6-5,194,77
1626164,Devin Booker,PHX,8,29.3,22.1,2.9,5.0,8.1,18.4,2.0,5.8,3.9,5.1,december,2022-23,32.9,27.0,53.6,10.7,56.0,4.4,4.77,33.0,0.5,1.0,1.0,14.0,15.7,33.1,1.8,3.8,9.5,7.5,1.6,7.5,1.7,76.7,,31.521739130434785,29.3,6-5,206,77
201935,James Harden,PHI,11,39.1,21.8,5.5,12.0,6.4,14.6,3.2,7.9,5.9,6.9,december,2022-23,24.7,45.2,61.7,16.0,97.5,8.8,5.44,33.1,0.2,0.8,0.4,42.5,13.1,25.0,,1.3,7.5,4.6,,,,64.1,,54.109589041095894,39.1,6-5,220,77
1627734,Domantas Sabonis,SAC,13,36.4,21.7,14.4,7.2,8.1,11.8,0.8,1.2,4.7,6.4,december,2022-23,19.8,29.4,74.4,19.2,90.5,3.6,2.39,51.3,10.2,3.9,10.5,,9.0,,28.5,13.1,9.0,,14.9,,10.9,68.5,,10.169491525423728,36.4,7-1,240,85
1630224,Jalen Green,HOU,15,34.7,21.7,4.6,3.0,7.2,17.7,2.0,6.7,5.3,6.7,december,2022-23,27.5,14.1,52.6,10.0,64.4,4.8,4.43,34.7,0.5,0.0,0.7,,,,,,,,,,,70.4,,37.85310734463277,34.7,6-4,186,76
202711,Bojan Bogdanovic,DET,16,30.8,21.6,3.5,2.8,6.8,14.8,2.6,6.1,5.4,5.9,december,2022-23,26.6,15.0,62.1,12.1,47.1,2.4,3.02,36.4,0.9,1.3,0.7,,,,,,,,,,,64.3,,41.21621621621621,30.8,6-7,226,79
203924,Jerami Grant,POR,12,35.6,21.6,4.6,3.1,7.6,15.1,2.2,5.8,4.3,5.1,december,2022-23,23.0,12.9,62.3,10.9,58.4,2.3,2.37,35.8,1.0,4.0,2.8,10.7,16.2,13.9,2.2,2.0,35.4,4.8,4.6,4.2,2.4,54.0,,38.41059602649007,35.6,6-8,210,80
1626156,D'Angelo Russell,LAL,13,35.5,21.4,2.9,6.0,7.5,14.9,2.9,7.5,3.4,3.6,december,2022-23,23.2,24.0,64.7,11.9,85.8,5.9,4.12,36.8,0.6,0.2,0.7,8.7,15.5,36.2,,,20.8,7.9,,,,66.7,,50.335570469798654,35.5,6-4,193,76
1629628,RJ Barrett,NYK,13,34.0,21.4,5.8,2.8,7.5,16.2,2.2,5.1,4.3,5.8,december,2022-23,26.6,13.2,57.1,11.3,53.2,2.9,3.32,34.7,1.2,1.0,1.5,2.7,28.5,18.0,,2.4,23.8,6.6,7.3,3.4,3.4,61.3,,31.48148148148148,34.0,6-6,214,78
203468,CJ McCollum,NOP,15,35.0,21.0,4.8,5.8,7.7,17.9,3.1,7.3,2.5,3.0,december,2022-23,26.4,24.9,54.5,11.3,76.4,5.6,4.39,29.9,1.1,0.1,0.6,8.8,18.2,31.4,,,17.8,9.7,,6.3,,83.1,,40.78212290502793,35.0,6-3,190,75
1626162,Kelly Oubre Jr.,CHA,14,34.4,20.9,4.9,1.1,7.6,18.9,2.3,7.5,3.5,4.9,december,2022-23,26.3,4.9,49.8,7.2,47.1,1.8,2.27,33.9,0.6,0.0,2.5,12.1,22.1,7.6,,,29.8,,5.9,,6.6,61.0,,39.682539682539684,34.4,6-6,203,78
201950,Jrue Holiday,MIL,10,35.0,20.7,5.8,7.8,7.4,15.6,2.7,6.4,3.2,3.5,december,2022-23,24.2,32.0,60.4,13.2,78.8,6.5,4.97,29.7,1.0,0.9,2.3,10.1,20.5,26.3,,3.6,20.5,,4.3,,,68.5,,41.02564102564103,35.0,6-5,205,77
202695,Kawhi Leonard,LAC,11,31.9,20.6,7.0,4.2,7.8,15.9,1.4,4.3,3.6,4.6,december,2022-23,26.6,22.0,57.5,15.3,56.8,3.9,4.14,35.5,1.9,2.6,1.5,16.5,19.6,25.9,,6.0,12.2,3.4,3.0,7.2,2.8,60.0,,27.044025157232703,31.9,6-7,225,79
1630532,Franz Wagner,ORL,15,33.3,20.3,3.7,2.9,7.1,15.5,1.9,5.0,4.3,4.8,december,2022-23,23.7,13.4,57.4,11.1,50.0,2.7,3.28,33.7,0.7,0.1,1.8,7.6,20.4,22.9,2.9,6.9,16.6,3.2,6.7,3.6,4.4,64.0,,32.25806451612903,33.3,6-10,220,82
1629014,Anfernee Simons,POR,13,34.2,20.2,2.8,3.3,7.5,16.7,3.6,9.4,1.5,1.6,december,2022-23,24.4,15.2,58.1,8.6,66.6,4.9,4.44,33.4,0.5,0.0,0.8,18.2,14.5,28.8,,,19.8,7.2,,4.9,,64.4,,56.287425149700596,34.2,6-3,181,75
1629645,Kevin Porter Jr.,HOU,15,34.1,19.9,5.1,5.6,6.9,15.2,2.1,6.5,4.0,4.8,december,2022-23,25.4,26.4,57.6,11.7,79.3,6.9,5.23,35.0,0.7,0.0,1.5,9.8,13.6,45.2,,2.4,16.0,5.5,,,,66.7,,42.76315789473684,34.1,6-4,203,76
1629636,Darius Garland,CLE,14,36.3,19.7,3.1,7.5,6.9,15.3,2.0,5.4,3.9,4.4,december,2022-23,24.5,31.9,57.3,12.6,78.9,7.7,5.84,29.5,0.5,0.0,0.6,6.7,16.2,41.8,,,17.1,5.4,3.1,2.9,,55.3,,35.294117647058826,36.3,6-1,192,73
1627749,Dejounte Murray,ATL,9,33.9,19.6,4.4,5.4,7.7,16.8,1.8,4.9,2.4,3.2,december,2022-23,24.0,22.9,53.7,11.1,70.8,6.0,5.05,27.2,0.7,0.2,1.2,,,,,,,,,,,59.1,,29.166666666666668,33.9,6-5,180,77
1627832,Fred VanVleet,TOR,13,37.3,19.5,4.2,5.5,6.3,16.0,2.5,8.5,4.4,4.9,december,2022-23,22.8,22.5,53.8,10.6,86.2,6.4,4.42,38.7,0.2,0.0,0.2,,,,,,,,,,,62.5,,53.125,37.3,6-0,197,72
1626174,Christian Wood,DAL,16,30.3,19.3,8.3,2.0,7.1,13.1,2.3,5.6,2.8,3.7,december,2022-23,25.6,11.1,65.3,14.9,54.9,1.9,2.04,31.2,2.3,2.6,5.2,,,,,,,,,,,57.6,,42.74809160305343,30.3,6-9,214,81
1631094,Paolo Banchero,ORL,15,33.5,19.1,6.5,4.1,6.0,14.7,1.4,4.1,5.7,7.3,december,2022-23,26.0,19.1,53.3,10.4,63.9,3.7,3.5,32.0,0.9,2.1,2.3,14.7,19.8,19.4,5.2,9.3,15.4,2.6,4.7,3.6,2.6,62.3,,27.89115646258503,33.5,6-10,250,82
203932,Aaron Gordon,DEN,12,32.2,19.1,6.5,1.8,7.5,12.3,0.8,2.3,3.3,4.8,december,2022-23,21.6,7.3,66.5,11.9,46.1,2.2,2.89,25.8,1.4,3.2,8.3,16.0,13.0,10.4,5.9,11.2,15.4,,13.0,,5.3,64.6,,18.699186991869915,32.2,6-8,235,80
1626179,Terry Rozier,CHA,14,34.5,19.1,4.1,5.2,7.0,17.6,2.1,6.6,3.0,3.4,december,2022-23,24.7,23.2,50.0,9.2,72.7,5.7,4.72,36.8,0.6,0.0,1.0,,,,,,,,,,,59.3,,37.49999999999999,34.5,6-1,190,73
1627741,Buddy Hield,IND,16,32.3,18.8,5.0,2.6,7.0,13.8,4.3,8.3,0.6,0.7,december,2022-23,20.8,12.2,66.9,11.8,58.9,2.1,2.11,33.9,0.3,0.0,0.4,,23.1,4.8,,,34.0,5.4,5.4,12.2,3.7,58.0,,60.14492753623188,32.3,6-4,220,76
1627750,Jamal Murray,DEN,12,35.2,18.7,4.0,6.9,6.3,14.6,2.0,6.0,4.2,5.2,december,2022-23,23.0,25.7,55.4,10.6,76.9,5.6,4.36,39.3,1.3,0.6,1.3,14.6,13.0,35.4,,2.9,8.6,11.5,3.8,4.0,,64.4,,41.09589041095891,35.2,6-4,215,76
1628384,OG Anunoby,TOR,11,37.5,18.6,5.4,2.0,6.6,13.6,2.0,5.4,3.4,4.1,december,2022-23,19.8,8.0,60.4,9.5,48.6,1.7,2.15,31.7,0.5,1.3,2.6,5.9,22.4,5.9,3.0,2.8,38.2,4.8,5.3,3.4,4.4,57.5,,39.70588235294118,37.5,6-7,232,79
1629028,Deandre Ayton,PHX,14,28.9,18.6,9.2,1.6,8.1,13.4,0.3,0.4,2.0,2.8,december,2022-23,25.1,9.9,63.7,14.1,53.4,1.6,1.81,30.1,5.1,4.7,10.9,,9.8,,28.6,9.5,2.9,,26.3,,13.6,62.1,,2.9850746268656714,28.9,7-0,250,84
1628973,Jalen Brunson,NYK,12,32.4,18.2,2.6,6.7,6.5,15.8,1.8,4.1,3.3,3.9,december,2022-23,26.5,31.0,52.0,10.3,80.1,7.9,5.95,27.6,0.2,1.3,0.1,14.4,14.3,36.0,,3.3,16.4,5.6,1.9,2.5,,65.1,,25.949367088607588,32.4,6-2,190,74
1630170,Devin Vassell,SAS,11,29.9,18.0,3.8,3.6,6.6,15.8,2.5,6.6,2.3,2.8,december,2022-23,25.4,18.8,52.8,11.5,52.4,3.1,3.57,32.8,0.6,0.0,0.5,2.7,22.2,11.5,,,35.3,10.7,,11.8,,68.9,,41.77215189873417,29.9,6-5,200,77
202696,Nikola Vučević,CHI,15,34.2,17.9,9.3,2.8,7.5,13.9,1.9,4.7,1.1,1.4,december,2022-23,20.9,12.1,61.9,13.6,59.3,1.4,1.43,41.0,3.4,5.1,5.1,,12.5,,28.8,16.1,15.2,,10.0,3.6,7.6,69.1,,33.81294964028777,34.2,6-10,260,82
1629018,Gary Trent Jr.,TOR,11,30.8,17.9,1.9,1.3,6.5,13.3,2.6,6.5,2.4,2.7,december,2022-23,20.9,6.5,61.9,10.1,38.4,1.5,2.39,31.7,0.1,0.0,0.2,,18.3,6.4,,,48.6,9.0,,6.8,,72.5,,48.87218045112782,30.8,6-5,209,77
202699,Tobias Harris,PHI,12,36.3,17.7,6.3,2.7,6.8,12.5,2.5,5.5,1.5,1.5,december,2022-23,17.6,10.9,67.1,11.8,54.4,2.3,2.5,33.0,1.3,2.3,2.1,4.2,17.9,6.8,,14.6,31.8,,6.3,3.0,6.3,57.8,,44.0,36.3,6-7,226,79
1629060,Rui Hachimura,LAL,5,25.7,17.6,5.0,1.4,6.8,11.2,1.0,3.4,3.0,3.4,december,2022-23,22.4,8.5,69.3,15.8,43.0,1.8,2.52,23.0,1.2,2.2,2.0,3.7,19.3,,3.1,9.5,40.5,,7.1,4.9,,45.5,,30.35714285714286,25.7,6-8,230,80
203992,Bogdan Bogdanović,ATL,13,30.2,17.4,3.8,2.3,6.3,14.6,3.5,8.8,1.2,1.5,december,2022-23,23.5,11.3,56.8,9.7,43.8,2.1,2.84,28.2,0.8,0.2,0.6,,12.2,34.4,,,24.4,,,,,65.7,,60.27397260273973,30.2,6-5,225,77
1628415,Dillon Brooks,MEM,14,30.4,17.4,3.1,2.9,6.3,14.7,2.4,6.4,2.4,2.6,december,2022-23,23.6,13.1,54.7,7.7,47.4,2.2,2.82,30.6,0.4,0.3,1.2,9.3,14.6,19.9,1.5,9.9,31.8,2.8,1.7,2.8,2.4,49.2,,43.5374149659864,30.4,6-6,225,78
203501,Tim Hardaway Jr.,DAL,16,32.6,16.9,4.1,1.3,5.7,13.3,3.6,9.1,1.9,2.9,december,2022-23,21.1,5.5,57.9,8.7,46.3,1.7,2.24,24.3,0.2,0.1,0.7,2.2,21.3,5.7,3.2,,32.4,12.1,2.8,15.8,,58.7,,68.42105263157893,32.6,6-5,205,77
1626181,Norman Powell,LAC,6,23.7,16.8,2.7,2.3,5.7,10.3,1.5,3.7,4.0,5.3,december,2022-23,26.4,15.1,66.4,11.6,35.0,1.8,3.11,20.2,0.5,0.3,1.3,10.9,24.6,11.3,,,32.5,3.8,1.5,10.9,,70.6,,35.92233009708738,23.7,6-4,215,76
1629008,Michael Porter Jr.,DEN,5,30.3,16.8,6.4,1.6,6.4,13.4,2.2,6.2,1.8,2.8,december,2022-23,22.6,6.8,57.4,9.7,39.8,1.4,2.06,22.4,1.4,0.4,3.2,6.9,13.2,5.7,2.7,2.5,21.5,16.9,8.5,13.1,4.9,75.0,,46.26865671641791,30.3,6-10,218,82
1626167,Myles Turner,IND,15,29.8,16.3,7.3,1.5,5.9,10.3,1.7,3.9,2.8,3.8,december,2022-23,19.9,7.4,68.1,11.6,42.4,1.1,1.52,29.1,2.9,1.5,6.1,,7.7,,17.7,7.3,42.3,,7.1,,6.0,60.2,,37.864077669902905,29.8,6-11,250,83
1630581,Josh Giddey,OKC,12,31.4,15.8,9.3,5.3,6.5,13.3,1.3,3.1,1.5,1.7,december,2022-23,21.8,24.6,56.6,14.2,79.1,4.2,3.19,40.1,1.0,0.2,3.4,5.0,22.8,38.8,,,16.0,4.5,4.3,,,65.3,,23.308270676691727,31.4,6-8,216,80
1628969,Mikal Bridges,BKN,16,34.6,15.8,3.4,2.4,5.5,13.6,2.3,6.1,2.5,2.8,december,2022-23,19.9,10.0,53.3,7.1,46.6,1.7,2.21,29.6,1.9,0.3,1.5,2.3,25.3,9.1,3.4,2.3,36.2,6.3,5.0,4.8,2.7,62.2,,44.85294117647059,34.6,6-6,209,78
203994,Jusuf Nurkić,POR,11,28.0,15.7,9.6,3.5,5.7,9.5,1.2,2.3,3.1,5.2,december,2022-23,21.1,18.2,67.0,14.3,59.5,1.6,1.61,35.4,3.3,4.7,6.5,,6.9,,22.4,10.4,11.8,,17.3,,13.6,58.0,,24.210526315789473,28.0,7-0,290,84
101108,Chris Paul,PHX,13,32.6,15.7,4.2,8.6,5.5,12.4,2.2,5.1,2.5,3.5,december,2022-23,21.8,40.6,56.3,12.5,80.1,7.8,5.81,29.8,0.5,0.4,0.2,,,43.8,,,15.6,,,,,67.3,,41.12903225806451,32.6,6-0,175,72
203915,Spencer Dinwiddie,BKN,16,33.8,15.4,3.6,5.6,5.0,11.2,2.6,6.1,2.8,3.4,december,2022-23,18.9,24.3,60.9,10.3,58.2,5.0,5.1,24.4,0.2,0.4,0.4,,,,,,,,,,,65.7,,54.46428571428571,33.8,6-5,215,77
1630567,Scottie Barnes,TOR,15,35.6,15.3,7.7,3.9,6.1,13.2,0.5,2.5,2.5,3.2,december,2022-23,20.0,16.3,52.5,10.0,70.5,3.6,3.06,34.7,2.5,2.3,4.9,7.9,21.7,13.1,5.7,10.7,19.7,2.2,9.3,1.5,5.0,59.8,,18.939393939393938,35.6,6-8,225,80
1628989,Kevin Huerter,SAC,13,30.2,15.3,2.7,2.2,5.7,11.9,2.5,6.8,1.4,1.9,december,2022-23,20.2,10.6,59.9,7.2,41.9,1.7,2.39,31.2,0.8,0.0,1.7,,22.8,11.3,,,36.6,6.3,8.2,4.0,3.3,74.1,,57.14285714285714,30.2,6-7,198,79
1629631,De'Andre Hunter,ATL,7,30.3,15.1,4.3,1.6,5.3,11.7,1.7,4.9,2.9,3.3,december,2022-23,20.0,7.3,57.5,7.9,38.3,1.4,2.15,23.6,0.1,0.4,0.7,7.5,18.2,13.3,2.6,,29.0,9.5,6.2,6.0,2.6,65.6,,41.88034188034189,30.3,6-8,221,80
1630193,Immanuel Quickley,NYK,15,30.0,15.1,3.3,3.7,5.3,12.6,2.2,6.1,2.4,2.9,december,2022-23,21.2,20.1,54.5,11.1,58.3,4.5,4.67,28.3,0.3,0.0,0.4,6.1,28.1,20.9,,,25.4,6.4,1.9,4.1,1.4,66.0,,48.41269841269841,30.0,6-2,190,74
1627736,Malik Beasley,LAL,15,27.5,15.1,3.3,1.5,5.6,14.0,3.3,9.3,0.6,0.9,december,2022-23,23.0,8.1,52.4,8.0,39.3,1.6,2.49,23.8,0.1,0.0,0.4,,,,,,,,,,,74.1,,66.42857142857143,27.5,6-4,187,76
1629012,Collin Sexton,UTA,8,24.4,14.9,1.3,2.5,4.5,9.5,1.3,2.6,4.6,5.1,december,2022-23,21.7,14.6,63.3,8.9,48.3,3.9,4.8,21.6,0.1,0.0,0.6,5.2,21.4,36.3,2.5,,20.6,4.3,2.5,,,62.5,,27.368421052631582,24.4,6-2,190,74
1630217,Desmond Bane,MEM,5,26.5,14.8,4.0,1.2,4.6,14.0,1.2,6.4,4.4,4.6,december,2022-23,24.0,6.9,46.2,6.5,47.6,2.0,2.49,28.4,0.4,0.0,1.6,7.0,19.3,25.5,,,17.4,7.4,4.1,9.1,3.8,57.1,,45.714285714285715,26.5,6-5,215,77
1628991,Jaren Jackson Jr.,MEM,13,25.5,14.8,5.7,1.1,5.4,10.5,1.4,3.8,2.6,3.4,december,2022-23,21.5,6.0,61.4,13.0,35.7,1.0,1.76,20.8,1.5,2.1,4.0,11.1,15.3,2.1,9.7,19.8,26.4,1.5,3.4,,3.9,42.5,,36.19047619047619,25.5,6-10,242,82
1631097,Bennedict Mathurin,IND,16,28.3,14.7,3.8,1.4,4.8,12.1,0.9,4.1,4.3,5.3,december,2022-23,23.2,6.9,51.1,7.3,40.9,1.6,2.36,28.3,1.4,0.0,1.8,9.0,22.3,27.0,,,17.2,5.2,7.6,5.7,,61.5,,33.88429752066116,28.3,6-5,210,77
1626171,Bobby Portis,MIL,15,25.3,14.6,9.6,1.3,6.3,12.1,1.0,3.3,0.9,1.2,december,2022-23,22.0,7.8,58.0,14.5,51.7,1.5,1.78,25.9,1.6,3.7,4.9,3.2,11.0,,15.8,19.8,31.1,,6.6,,5.8,72.6,,27.27272727272727,25.3,6-11,250,83
1628370,Malik Monk,SAC,14,24.3,14.4,2.4,3.2,4.7,11.8,1.6,5.8,3.3,3.6,december,2022-23,25.8,19.7,53.7,9.7,44.2,2.2,2.95,25.7,0.6,0.0,1.0,8.4,22.0,24.1,3.5,,25.5,6.7,,4.6,,62.3,,49.15254237288135,24.3,6-3,200,75
1628386,Jarrett Allen,CLE,13,35.6,14.2,9.5,1.7,5.5,8.3,0.0,0.2,3.2,4.8,december,2022-23,14.8,6.6,67.8,12.4,45.6,1.2,1.53,26.7,6.1,1.0,11.5,,13.6,,20.9,7.8,4.1,,33.1,,9.2,57.8,,2.4096385542168672,35.6,6-9,243,81
201566,Russell Westbrook,LAC,14,28.3,14.1,7.9,8.6,5.4,12.8,0.7,3.4,2.6,4.0,december,2022-23,25.8,40.9,48.6,12.5,63.0,5.2,4.99,21.9,0.5,0.6,2.3,13.4,18.3,25.8,,5.1,26.7,,2.2,,2.8,63.0,,26.5625,28.3,6-3,200,75
202685,Jonas Valančiūnas,NOP,15,25.6,14.1,9.4,1.4,5.7,11.7,0.6,2.3,2.1,2.3,december,2022-23,23.1,8.5,55.7,11.9,47.9,1.4,1.77,30.5,2.7,3.2,6.3,,,,22.1,29.7,4.2,,13.7,,16.0,64.2,,19.65811965811966,25.6,6-11,265,83
203084,Harrison Barnes,SAC,14,32.9,14.1,5.1,1.6,4.5,9.9,1.5,4.7,3.6,5.0,december,2022-23,17.5,6.5,58.0,8.1,50.3,1.9,2.23,31.6,0.4,0.4,1.6,8.0,18.8,3.3,5.0,2.5,43.8,4.8,,4.8,,64.1,,47.474747474747474,32.9,6-8,225,80
201572,Brook Lopez,MIL,14,30.1,13.9,6.1,1.3,5.2,10.1,1.4,4.1,2.0,2.5,december,2022-23,17.3,6.2,61.6,9.3,34.8,0.8,1.36,22.9,2.6,1.8,5.8,,6.5,,32.8,9.5,32.1,,,,,56.6,,40.59405940594059,30.1,7-1,282,85
1629021,Moritz Wagner,ORL,14,27.0,13.9,6.9,1.9,4.9,9.4,1.1,3.3,3.0,3.3,december,2022-23,18.8,10.8,63.7,11.8,50.2,1.4,1.63,29.8,3.0,0.1,5.7,,,,,,,,,,,81.3,,35.1063829787234,27.0,6-11,245,83
1629656,Quentin Grimes,NYK,14,35.4,13.9,4.0,2.1,4.6,10.1,2.6,6.7,1.9,2.4,december,2022-23,15.3,8.6,61.8,7.1,41.6,1.3,1.87,30.1,0.3,0.0,1.1,10.4,22.2,10.8,,,37.6,2.4,2.8,6.8,2.0,71.4,,66.33663366336634,35.4,6-5,210,77
1629001,De'Anthony Melton,PHI,12,33.9,13.8,5.7,3.2,5.0,10.8,3.3,7.7,0.5,0.7,december,2022-23,16.1,13.3,62.6,10.3,63.8,2.6,2.48,33.3,0.8,0.0,1.3,,,,,,,,,,,52.0,,71.29629629629629,33.9,6-2,200,74
1629023,P.J. Washington,CHA,15,31.8,13.8,5.0,2.8,5.2,12.9,1.9,5.5,1.5,1.9,december,2022-23,18.7,12.4,50.1,8.2,53.5,1.5,1.65,28.3,1.7,1.3,2.4,4.1,20.9,6.3,5.4,6.1,29.9,4.1,8.2,,6.8,54.4,,42.63565891472868,31.8,6-7,230,79
1630596,Evan Mobley,CLE,14,34.4,13.8,8.8,3.4,5.4,9.6,0.4,1.5,2.7,3.6,december,2022-23,16.6,14.6,61.7,12.0,59.1,1.9,1.93,29.3,4.2,1.6,6.9,4.7,16.0,9.5,14.3,8.0,17.9,1.6,13.8,2.7,6.5,57.1,,15.625,34.4,6-11,215,83
1630200,Tre Jones,SAS,14,30.2,13.8,4.2,5.9,5.4,11.3,0.7,2.7,2.4,2.9,december,2022-23,19.5,27.2,55.0,12.0,71.6,6.3,5.31,20.9,0.6,0.0,0.6,4.8,22.7,32.0,,,22.7,4.5,3.0,,,63.3,,23.893805309734514,30.2,6-1,185,73
1631093,Jaden Ivey,DET,16,27.7,13.8,3.0,3.8,4.5,11.3,1.1,3.6,3.6,5.0,december,2022-23,24.8,21.7,51.1,6.2,50.6,3.8,4.56,19.8,0.6,0.0,0.9,5.6,26.4,11.6,,,34.3,5.6,,,,71.1,,31.858407079646017,27.7,6-4,195,76
1629675,Naz Reid,MIN,15,23.1,13.7,7.3,1.3,5.5,9.9,1.3,3.3,1.3,2.1,december,2022-23,23.0,8.8,63.2,14.1,43.1,1.2,1.68,23.9,2.5,1.1,3.5,3.8,17.2,4.8,9.1,8.1,30.7,4.7,3.6,8.4,4.3,62.7,,33.33333333333333,23.1,6-9,264,81
203497,Rudy Gobert,MIN,11,30.7,13.7,12.1,0.9,5.5,7.7,0.0,0.1,2.6,4.6,december,2022-23,16.4,4.4,70.3,14.7,40.5,0.9,1.4,21.7,3.3,0.5,10.4,,12.6,,16.7,,,,28.5,,26.9,57.6,,1.2987012987012987,30.7,7-1,258,85
203991,Clint Capela,ATL,7,27.1,13.6,11.4,0.6,6.1,8.9,0.0,0.0,1.3,1.9,december,2022-23,16.1,2.8,70.1,13.6,34.9,0.7,1.15,19.1,2.3,0.4,11.0,,,,22.1,,,,24.4,,36.6,58.1,,0.0,27.1,6-10,256,82
1629652,Luguentz Dort,OKC,13,30.1,13.4,3.7,2.2,4.5,11.2,1.8,5.1,2.7,3.7,december,2022-23,20.0,10.4,52.1,5.2,37.3,1.8,2.94,23.9,0.4,0.1,2.2,,15.0,,5.5,,61.5,,4.0,,,68.8,,45.535714285714285,30.1,6-4,220,76
202692,Alec Burks,DET,16,22.1,13.4,3.4,2.2,4.3,8.9,2.3,4.8,2.5,3.4,december,2022-23,21.1,15.3,64.2,12.1,37.2,1.8,2.98,22.9,0.3,0.4,0.2,,,,,,,,,,,67.2,,53.93258426966292,22.1,6-6,214,78
1630180,Saddiq Bey,ATL,16,25.3,13.1,3.7,1.6,4.2,10.6,2.0,5.3,2.8,3.7,december,2022-23,20.8,9.0,53.6,9.0,34.1,1.5,2.7,22.9,0.3,0.9,0.7,6.5,19.0,7.8,2.2,13.8,28.5,6.0,4.9,1.9,6.7,70.7,,50.0,25.3,6-7,215,79
1628381,John Collins,ATL,6,26.1,13.0,8.8,1.2,5.5,10.3,0.7,2.5,1.3,2.2,december,2022-23,18.8,5.9,57.6,10.7,41.5,1.1,1.58,20.0,1.3,3.5,3.8,,18.7,,6.3,9.1,33.6,2.3,10.3,,9.8,67.6,,24.271844660194173,26.1,6-9,226,81
1631100,AJ Griffin,ATL,14,27.0,12.8,2.8,1.5,5.1,11.2,2.0,5.5,0.5,0.6,december,2022-23,18.7,7.7,55.6,7.6,30.4,1.0,2.03,20.6,0.9,0.0,1.1,,,,,,,,,,,66.2,,49.10714285714286,27.0,6-6,220,78
1630578,Alperen Sengun,HOU,14,25.8,12.8,8.1,2.7,5.2,9.4,0.1,0.3,2.3,2.9,december,2022-23,20.0,16.2,59.7,12.8,42.6,1.5,2.13,29.4,6.4,3.3,9.2,14.9,13.5,5.2,9.2,21.7,11.8,,9.1,,7.4,66.7,,3.1914893617021276,25.8,6-11,243,83
1631095,Jabari Smith Jr.,HOU,15,29.8,12.7,7.0,0.9,4.8,11.1,1.7,5.2,1.5,1.9,december,2022-23,18.7,4.3,53.6,8.6,43.7,1.3,1.84,21.9,1.5,0.8,2.2,5.6,19.2,4.7,5.3,5.8,36.8,3.9,7.5,2.5,5.4,64.7,,46.84684684684685,29.8,6-11,220,83
1631099,Keegan Murray,SAC,14,28.6,12.7,3.5,0.6,4.5,9.8,2.8,6.0,0.9,1.4,december,2022-23,16.0,3.0,61.0,7.5,30.6,0.9,1.67,21.8,0.1,0.1,2.2,4.2,18.5,10.8,5.4,,30.8,,4.2,14.2,4.2,55.9,,61.22448979591836,28.6,6-8,225,80
203486,Mason Plumlee,LAC,16,28.2,12.7,9.6,3.1,5.1,7.4,0.0,0.0,2.6,4.2,december,2022-23,15.0,15.4,68.8,12.9,44.8,1.6,2.1,27.9,3.3,1.4,8.3,,,,,,,,,,,60.0,,0.0,28.2,7-0,254,84
1630530,Trey Murphy III,NOP,14,28.9,12.6,3.7,1.6,4.1,8.4,2.4,5.3,2.1,2.4,december,2022-23,14.2,7.6,66.4,9.1,32.6,0.9,1.67,20.4,0.6,0.0,0.8,6.6,20.1,16.5,2.1,,23.4,9.4,8.3,7.1,3.2,66.7,,63.095238095238095,28.9,6-8,206,80
1629651,Nic Claxton,BKN,11,29.9,12.5,8.1,1.7,5.5,7.0,0.0,0.0,1.5,3.1,december,2022-23,13.5,7.5,75.0,13.5,35.1,1.0,1.79,18.8,3.0,0.3,7.7,14.1,15.5,3.9,11.1,4.5,10.9,,15.5,,13.4,50.7,,0.0,29.9,6-11,215,83
1627747,Caris LeVert,CLE,15,28.9,12.5,3.5,2.5,4.8,11.1,1.3,4.3,1.5,2.2,december,2022-23,20.3,13.2,51.5,7.6,45.8,2.8,3.65,27.0,0.7,0.0,1.1,6.2,19.0,24.0,,,26.9,4.5,6.6,5.0,,57.1,,38.73873873873874,28.9,6-6,205,78
202694,Marcus Morris Sr.,LAC,14,29.5,12.4,5.1,1.4,4.2,10.1,2.3,5.8,1.7,1.9,december,2022-23,17.4,7.5,56.9,8.2,39.3,1.3,2.0,25.6,0.8,1.3,0.6,,,,,,,,,,,52.8,,57.42574257425742,29.5,6-8,218,80
1629022,Lonnie Walker IV,LAL,15,27.8,12.4,2.3,0.9,4.3,10.1,2.2,5.4,1.7,1.8,december,2022-23,17.9,4.3,56.7,6.0,28.3,1.3,2.66,16.9,0.3,0.0,0.3,,,,,,,,,,,59.0,,53.46534653465347,27.8,6-4,204,76
1630175,Cole Anthony,ORL,14,25.2,12.3,4.5,4.6,4.4,9.7,1.3,3.6,2.3,2.4,december,2022-23,21.5,27.2,57.1,11.6,56.1,4.8,5.15,18.4,0.1,0.0,0.6,6.9,14.7,51.8,,,14.3,,,,,69.0,,37.11340206185567,25.2,6-3,185,75
1631114,Jalen Williams,OKC,14,30.3,12.3,4.2,2.7,4.9,9.6,0.9,2.7,1.7,2.5,december,2022-23,17.0,13.3,57.2,8.1,46.9,2.4,3.11,24.5,0.4,0.0,2.4,14.8,21.0,36.0,,,16.9,3.0,4.3,,,54.7,,28.125000000000007,30.3,6-5,211,77
1629634,Brandon Clarke,MEM,14,20.4,12.1,7.0,0.9,4.9,6.7,0.0,0.0,2.3,3.0,december,2022-23,18.0,6.7,75.6,18.3,31.4,0.8,1.52,18.6,4.8,0.1,5.7,,,,,,,,,,,42.6,,0.0,20.4,6-8,215,80
1630165,Killian Hayes,DET,14,28.6,12.1,3.4,6.6,4.9,11.5,1.5,4.4,0.9,1.2,december,2022-23,20.4,36.0,50.5,9.3,67.6,6.2,5.48,20.7,0.3,0.0,0.2,,,,,,,,,,,60.9,,38.26086956521739,28.6,6-5,195,77
1629669,Jaylen Nowell,MIN,15,23.4,12.1,3.0,2.3,4.9,11.3,1.0,3.6,1.3,1.7,december,2022-23,22.9,14.9,50.0,8.6,36.7,2.0,3.26,21.2,0.3,0.0,0.9,,,,,,,,,,,84.1,,31.858407079646017,23.4,6-4,201,76
203484,Kentavious Caldwell-Pope,DEN,14,32.0,12.0,3.0,2.1,4.4,9.1,1.9,4.4,1.2,1.4,december,2022-23,14.3,7.7,62.1,6.6,39.4,1.2,1.79,25.6,1.1,0.0,2.0,3.1,24.1,18.1,,,33.7,5.9,,6.5,,72.3,,48.35164835164836,32.0,6-5,204,77
1628418,Thomas Bryant,DEN,16,22.1,12.0,6.6,1.0,4.6,7.0,0.8,1.4,2.0,2.8,december,2022-23,17.9,6.3,72.8,12.9,30.1,0.7,1.48,14.1,2.1,0.5,5.4,,,,,,,,,,,74.7,,20.0,22.1,6-10,248,82
200768,Kyle Lowry,MIA,10,33.4,11.9,4.2,5.2,4.3,9.7,2.3,6.4,1.0,1.2,december,2022-23,15.1,21.7,58.2,8.9,71.6,4.0,3.33,34.2,0.3,0.1,0.7,,,,,,,,,,,65.8,,65.97938144329898,33.4,6-0,196,72
1629667,Jalen McDaniels,PHI,16,26.1,11.8,4.6,2.2,4.3,8.9,1.3,3.6,2.1,2.3,december,2022-23,16.9,11.9,59.9,9.5,41.3,1.5,2.17,22.3,0.5,0.1,1.4,,,,,,,,,,,70.8,,40.44943820224719,26.1,6-9,205,81
1626166,Cameron Payne,PHX,7,22.9,11.7,1.9,5.7,4.3,10.4,1.9,5.1,1.3,1.7,december,2022-23,23.1,34.8,52.4,10.9,59.0,4.8,4.9,19.0,0.3,0.0,0.1,,,,,,,,,,,74.1,,49.03846153846153,22.9,6-1,183,73
1629013,Landry Shamet,PHX,13,22.3,11.7,1.7,2.9,3.8,9.6,2.6,6.8,1.5,1.6,december,2022-23,20.9,18.9,56.6,9.9,42.8,2.3,3.22,21.8,0.2,0.0,0.4,,22.7,,,,51.6,10.2,,,,60.0,,70.83333333333334,22.3,6-4,190,76
1627763,Malcolm Brogdon,BOS,12,24.4,11.7,4.1,4.0,4.1,9.3,1.4,4.1,2.1,2.4,december,2022-23,19.5,26.8,56.6,12.4,50.8,3.6,4.31,20.4,0.5,0.0,0.5,,,,,,,,,,,76.0,,44.08602150537634,24.4,6-4,229,76
202704,Reggie Jackson,DEN,12,27.2,11.7,2.3,2.3,4.2,10.4,1.8,4.8,1.5,1.7,december,2022-23,20.9,12.3,52.3,5.0,54.4,4.1,4.57,21.7,0.2,0.0,1.0,,,,,,,,,,,72.7,,46.15384615384615,27.2,6-2,208,74
203482,Kelly Olynyk,UTA,11,29.0,11.6,5.0,3.3,3.2,7.8,1.2,3.6,4.1,4.6,december,2022-23,18.3,15.5,59.0,7.4,57.1,2.0,2.15,29.6,1.2,1.0,1.7,,,,,,,,,,,63.4,,46.15384615384615,29.0,6-11,240,83
1628420,Monte Morris,WAS,13,31.1,11.6,2.8,5.8,4.3,8.9,1.5,3.8,1.5,1.8,december,2022-23,14.8,24.1,59.9,9.3,68.5,5.4,4.76,28.4,0.3,0.0,0.5,,,,,,,,,,,67.8,,42.69662921348314,31.1,6-2,183,74
1630174,Aaron Nesmith,IND,15,23.9,11.6,4.0,1.2,4.3,8.4,1.7,4.2,1.4,1.4,december,2022-23,17.5,6.8,64.3,8.1,33.5,0.9,1.59,19.8,0.5,0.0,1.0,,19.9,10.4,6.6,,30.9,5.5,,13.7,4.1,63.8,,50.0,23.9,6-5,215,77
203471,Dennis Schröder,LAL,15,28.4,11.6,2.3,4.0,4.2,9.2,1.2,3.5,2.0,2.2,december,2022-23,18.1,19.2,57.0,6.8,50.2,3.7,4.48,20.5,0.3,0.0,0.2,14.8,11.2,36.6,,,23.1,5.2,,,,63.6,,38.04347826086957,28.4,6-1,172,73
1628365,Markelle Fultz,ORL,15,27.6,11.5,4.3,5.4,4.8,10.5,0.6,1.6,1.3,2.1,december,2022-23,20.4,30.1,50.4,9.8,61.4,5.5,5.39,19.1,0.4,0.7,2.4,,,,,,,,,,,77.3,,15.238095238095239,27.6,6-4,209,76
1630230,Naji Marshall,NOP,15,27.0,11.5,4.0,2.7,3.7,8.5,1.3,4.1,2.7,3.2,december,2022-23,16.2,14.8,58.4,10.3,42.1,1.6,2.26,22.8,0.2,0.1,0.5,5.6,31.6,10.9,3.9,,29.1,,6.0,2.4,2.4,73.7,,48.23529411764705,27.0,6-7,220,79
203935,Marcus Smart,BOS,12,34.5,11.4,3.5,7.0,4.3,10.1,1.9,5.9,1.0,1.7,december,2022-23,16.4,27.5,52.8,8.7,66.8,4.4,3.99,26.8,0.8,0.9,1.3,4.2,18.4,15.1,5.0,,38.3,,,,,65.8,,58.41584158415842,34.5,6-4,220,76
1630168,Onyeka Okongwu,ATL,14,26.2,11.4,8.4,0.6,4.4,7.2,0.0,0.1,2.5,3.4,december,2022-23,15.6,3.5,65.1,10.7,35.5,0.9,1.45,18.9,3.1,1.0,7.8,1.6,15.5,2.1,11.6,6.9,28.0,3.2,11.2,3.4,7.5,65.5,,1.388888888888889,26.2,6-9,240,81
1630538,Bones Hyland,LAC,14,20.4,11.3,2.2,3.3,4.0,10.1,2.1,5.7,1.2,1.4,december,2022-23,26.3,24.3,52.4,8.5,48.4,3.8,4.74,21.4,0.3,0.0,0.6,10.9,23.0,24.3,,,24.3,5.7,,5.7,,70.3,,56.43564356435644,20.4,6-2,169,74
203114,Khris Middleton,MIL,7,24.4,11.1,2.6,4.4,3.6,11.0,1.6,5.9,2.4,2.7,december,2022-23,22.1,25.6,45.7,6.3,45.0,2.8,3.67,25.1,0.7,0.9,0.9,6.1,15.3,22.7,,13.6,16.6,5.8,,6.4,5.8,80.0,,53.63636363636364,24.4,6-7,222,79
202330,Gordon Hayward,CHA,9,33.8,11.1,5.8,3.4,4.4,10.9,0.8,4.0,1.4,1.9,december,2022-23,15.7,13.3,47.4,7.3,52.0,2.4,2.73,37.7,1.7,0.7,2.2,,,,,,,,,,,69.2,,36.69724770642201,33.8,6-7,225,79
1627751,Jakob Poeltl,TOR,8,24.4,11.0,7.8,1.8,4.5,6.4,0.0,0.0,2.0,3.0,december,2022-23,15.1,9.9,71.5,12.2,47.6,1.3,1.58,26.5,5.5,1.3,5.4,,13.0,,16.7,,,,40.7,,14.8,53.8,,0.0,24.4,7-1,245,85
1631110,Jeremy Sochan,SAS,10,25.8,11.0,6.2,3.2,4.3,9.4,0.5,1.8,1.9,3.1,december,2022-23,19.4,15.8,51.1,8.1,47.8,2.4,3.02,21.4,1.0,0.4,4.4,,18.9,,12.3,,28.3,,17.0,,,52.2,,19.148936170212767,25.8,6-8,230,80
1630183,Jaden McDaniels,MIN,15,31.8,10.9,3.9,2.1,4.4,8.8,1.2,3.1,0.9,1.2,december,2022-23,14.3,8.7,58.6,6.3,40.5,1.3,1.96,22.8,0.5,0.4,2.3,2.3,27.6,10.3,,,36.8,5.2,5.0,3.2,3.9,58.4,,35.22727272727273,31.8,6-9,185,81
1630191,Isaiah Stewart,DET,16,29.5,10.9,6.7,1.1,4.1,9.0,1.6,4.4,1.1,1.5,december,2022-23,16.0,5.3,56.3,7.7,37.6,1.1,1.8,21.9,0.6,0.8,2.8,,10.3,,13.9,10.3,23.9,,19.2,,11.8,58.8,,48.88888888888889,29.5,6-8,250,80
203926,Doug McDermott,SAS,11,20.0,10.8,2.8,1.7,3.9,8.4,2.1,4.8,0.9,1.0,december,2022-23,19.5,12.1,61.4,9.4,30.0,0.8,1.62,21.5,0.1,0.0,0.8,,,,,,65.4,,,,,59.4,,57.14285714285714,20.0,6-6,225,78
1628404,Josh Hart,NYK,12,33.2,10.7,8.8,3.4,4.2,7.3,0.8,2.1,1.5,2.0,december,2022-23,12.4,13.0,65.6,10.3,44.2,1.9,2.64,22.4,0.6,0.1,3.3,,21.0,10.3,,,45.6,4.0,4.6,,,62.5,,28.767123287671236,33.2,6-4,215,76
1630559,Austin Reaves,LAL,14,29.2,10.4,2.4,2.0,3.5,8.0,1.4,4.4,1.9,2.1,december,2022-23,14.9,8.3,57.9,5.4,35.4,1.5,2.49,21.0,0.7,0.0,1.0,13.5,15.8,35.6,,,14.0,5.6,,5.6,,61.8,,55.00000000000001,29.2,6-5,197,77
1626196,Josh Richardson,NOP,9,22.4,10.3,2.8,2.9,3.8,9.3,1.6,4.8,1.2,1.3,december,2022-23,21.0,17.1,52.1,8.9,43.0,2.3,3.17,23.4,0.2,0.0,0.7,,,,,,,,,,,59.1,,51.61290322580645,22.4,6-6,200,78
1629626,Bol Bol,ORL,15,24.7,10.3,6.1,0.9,4.3,7.5,0.5,1.5,1.2,1.7,december,2022-23,16.9,5.4,61.9,10.7,24.7,1.0,2.51,13.3,0.4,0.1,1.9,,,,,,,,,,,58.9,,20.0,24.7,7-2,220,86
1626224,Cedi Osman,CLE,13,22.7,10.2,2.0,1.5,4.0,8.1,1.2,3.9,1.0,1.7,december,2022-23,17.8,10.6,58.0,9.4,30.4,1.2,2.38,20.8,0.5,0.1,1.2,,,,,,,,,,,67.9,,48.14814814814815,22.7,6-7,230,79
1628971,Bruce Brown,DEN,13,29.2,10.1,3.5,2.8,4.1,7.5,1.1,2.8,0.8,1.3,december,2022-23,13.6,12.8,62.7,7.0,46.8,2.1,2.75,25.2,1.1,0.1,2.0,4.1,22.3,15.7,,,22.3,3.8,13.0,,8.7,57.1,,37.33333333333333,29.2,6-4,202,76
203925,Joe Harris,BKN,8,25.8,10.0,2.3,1.8,3.9,6.8,2.1,3.9,0.1,0.3,december,2022-23,12.9,8.3,72.9,7.3,24.8,0.6,1.42,17.3,0.8,0.0,0.9,,,,,,,,,,,72.0,,57.35294117647059,25.8,6-6,220,78
1630583,Santi Aldama,MEM,13,20.1,10.0,4.5,1.7,3.2,6.1,1.5,3.3,2.0,2.7,december,2022-23,15.8,10.9,68.9,12.4,28.2,0.9,1.87,14.9,0.6,0.2,2.2,,22.8,2.3,8.8,4.1,40.1,,6.8,,7.0,61.8,,54.09836065573771,20.1,7-0,215,84
1629655,Daniel Gafford,WAS,15,20.5,9.9,5.8,0.7,4.2,5.5,0.0,0.0,1.5,2.6,december,2022-23,14.8,4.8,74.4,12.4,30.0,0.7,1.44,15.9,2.5,0.7,6.3,,8.8,,19.9,11.0,,,20.4,,18.2,56.4,,0.0,20.5,6-10,234,82
1630231,KJ Martin,HOU,15,23.2,9.9,4.2,1.3,4.0,7.1,0.6,2.3,1.3,1.9,december,2022-23,15.6,9.1,62.7,10.0,33.1,0.8,1.44,21.8,1.8,0.0,3.1,,,,,,,,,,,63.6,,32.3943661971831,23.2,6-7,215,79
1629003,Shake Milton,PHI,13,26.1,9.9,2.5,3.1,3.8,7.9,0.8,2.5,1.5,1.9,december,2022-23,16.1,16.6,56.6,7.7,50.6,3.5,4.15,21.8,0.2,0.0,0.6,,,,,,,,,,,54.8,,31.645569620253163,26.1,6-5,205,77
1628379,Luke Kennard,MEM,12,23.3,9.9,2.3,2.0,3.3,6.9,2.3,5.0,0.9,1.0,december,2022-23,13.9,11.3,67.4,9.3,29.9,1.0,1.96,19.8,0.3,0.0,0.3,,24.5,9.1,,,32.0,7.9,5.8,11.6,,69.7,,72.46376811594203,23.3,6-5,206,77
1630631,Jose Alvarado,NOP,14,20.5,9.9,2.2,2.4,3.3,8.8,1.5,4.8,1.8,2.5,december,2022-23,21.6,16.5,49.9,8.0,46.8,3.3,4.19,19.9,0.1,0.0,0.9,4.2,20.0,27.3,,,30.0,3.8,3.8,,,81.3,,54.54545454545454,20.5,6-0,179,72
202322,John Wall,LAC,11,21.6,9.8,2.6,4.8,3.5,9.4,1.3,3.3,1.6,2.3,december,2022-23,24.7,33.8,47.4,7.7,54.8,4.8,5.29,19.3,0.5,0.5,0.5,,,,,,,,,,,72.7,,35.1063829787234,21.6,6-3,210,75
1630172,Patrick Williams,CHI,15,31.9,9.8,4.0,1.9,4.0,8.7,1.4,3.7,0.4,0.5,december,2022-23,14.1,7.6,54.8,5.8,43.3,1.2,1.68,20.8,0.5,0.7,2.0,3.6,22.1,9.3,5.0,3.6,41.4,3.6,,,5.0,64.6,,42.52873563218391,31.9,6-7,215,79
1628470,Torrey Craig,PHX,13,27.2,9.8,6.0,1.7,3.7,7.6,1.8,4.1,0.6,0.8,december,2022-23,13.9,8.9,61.4,8.5,38.7,1.2,1.85,19.5,0.5,0.1,2.6,,,,,,,,,,,63.1,,53.94736842105263,27.2,6-7,221,79
1629638,Nickeil Alexander-Walker,MIN,12,20.6,9.8,2.3,3.3,3.6,6.5,1.7,3.5,0.9,1.4,december,2022-23,18.3,22.2,68.4,10.2,44.7,3.9,5.22,14.5,0.3,0.0,0.2,2.9,27.3,18.8,2.9,,22.7,7.1,2.9,9.1,1.3,56.8,,53.84615384615385,20.6,6-5,205,77
1630557,Corey Kispert,WAS,15,29.9,9.7,2.9,1.2,3.5,7.7,1.9,4.9,0.9,1.1,december,2022-23,12.6,5.2,59.1,5.4,32.2,0.8,1.45,19.5,0.4,0.0,1.3,,19.0,9.5,,,34.1,11.9,,8.7,,60.6,,63.63636363636363,29.9,6-6,224,78
202689,Kemba Walker,DAL,7,19.5,9.7,2.3,2.7,3.1,7.7,1.0,3.9,2.4,3.0,december,2022-23,21.8,23.2,53.8,10.2,35.1,3.3,5.61,15.0,0.0,0.0,0.0,,,,,,,,,,,70.0,,50.649350649350644,19.5,6-0,184,72
1628997,Caleb Martin,MIA,11,31.9,9.6,4.1,1.5,3.5,8.2,1.7,4.5,1.0,1.3,december,2022-23,13.4,6.1,55.1,5.9,38.8,1.5,2.33,23.0,0.6,0.1,1.8,,32.5,7.9,,,35.7,,,,,60.7,,54.87804878048781,31.9,6-5,205,77
1628978,Donte DiVincenzo,GSW,13,28.6,9.6,6.1,3.8,3.3,8.2,2.2,5.4,0.8,1.0,december,2022-23,14.2,17.7,55.9,9.8,54.8,2.7,2.96,23.8,0.5,0.0,1.5,1.9,18.5,11.6,,,33.0,10.8,,14.6,3.0,62.1,,65.85365853658539,28.6,6-4,203,76
1630228,Jonathan Kuminga,GSW,15,22.2,9.6,3.6,2.7,3.7,7.1,0.5,1.7,1.8,2.9,december,2022-23,18.6,17.9,57.2,7.7,35.9,1.5,2.49,20.5,0.7,2.1,2.1,12.6,17.4,21.1,,6.7,18.1,,9.6,,7.0,59.3,,23.943661971830988,22.2,6-7,225,79
201569,Eric Gordon,LAC,12,29.6,9.6,1.9,2.2,3.3,9.3,1.7,5.3,1.4,2.0,december,2022-23,16.1,10.5,47.3,4.8,32.4,1.6,3.03,22.9,0.5,0.1,0.8,,,,,,60.0,,,,,66.7,,56.98924731182795,29.6,6-3,215,75
203933,T.J. Warren,PHX,12,20.0,9.6,3.6,1.7,4.0,7.6,0.6,1.8,1.0,1.2,december,2022-23,19.2,10.6,59.2,10.1,29.5,1.1,2.25,16.7,0.4,0.3,1.3,,,,,,,,,,,65.8,,23.68421052631579,20.0,6-8,220,80
1626145,Tyus Jones,MEM,14,22.4,9.6,2.6,5.1,3.4,7.7,1.4,3.6,1.3,1.4,december,2022-23,16.9,30.5,57.4,14.2,48.6,4.1,5.02,18.1,0.3,0.0,0.4,,17.2,23.8,,,41.7,,,,,53.6,,46.75324675324675,22.4,6-2,196,74
1629622,Max Strus,MIA,15,25.8,9.5,3.0,2.0,3.5,9.8,2.1,7.1,0.3,0.6,december,2022-23,17.5,11.5,47.4,6.0,43.1,1.2,1.67,26.6,0.3,0.0,1.1,,,,,,,,,,,60.3,,72.44897959183673,25.8,6-5,215,77
1628963,Marvin Bagley III,DET,14,20.4,9.5,5.9,0.6,3.9,7.6,0.2,1.2,1.4,2.1,december,2022-23,18.8,4.3,56.0,10.1,30.2,1.0,1.91,16.6,1.3,2.2,3.9,7.3,7.3,,21.6,5.7,8.9,,18.4,,23.8,67.8,,15.789473684210526,20.4,6-10,235,82
1631117,Walker Kessler,UTA,15,23.7,9.5,8.7,0.6,4.0,5.4,0.0,0.0,1.5,2.6,december,2022-23,12.7,3.7,72.3,13.1,24.1,0.5,1.35,15.6,1.9,0.0,7.1,,,,,,,,29.0,,22.6,54.3,,0.0,23.7,7-0,245,84
1628380,Zach Collins,SAS,13,22.3,9.5,6.2,2.5,3.5,6.0,0.4,1.1,2.2,3.1,december,2022-23,18.4,15.8,64.3,8.1,35.5,1.0,1.72,24.8,2.7,2.6,5.5,,,,24.7,,25.9,,19.8,,,57.5,,18.333333333333336,22.3,6-11,250,83
1629684,Grant Williams,BOS,14,27.0,9.4,4.9,1.2,3.2,6.3,1.7,3.9,1.3,1.6,december,2022-23,12.2,6.3,67.6,8.8,29.1,0.8,1.69,16.3,0.4,0.1,1.4,,,,,,38.2,,,,,63.4,,61.904761904761905,27.0,6-6,236,78
1630529,Herbert Jones,NOP,7,29.0,9.4,4.1,2.7,3.0,8.3,1.0,3.6,2.4,3.0,december,2022-23,15.2,11.4,49.1,5.8,43.7,1.6,2.21,22.7,0.4,0.1,1.6,,22.4,10.8,,,37.7,6.3,5.4,,,79.4,,43.37349397590361,29.0,6-7,206,79
1630166,Deni Avdija,WAS,13,29.0,9.4,6.3,3.2,3.3,7.2,1.2,3.6,1.5,1.8,december,2022-23,14.2,15.5,59.2,9.1,47.1,2.2,2.75,22.5,0.9,0.0,2.0,14.0,18.1,26.9,,3.1,19.0,4.8,4.0,4.7,1.7,55.9,,50.0,29.0,6-9,210,81
1627826,Ivica Zubac,LAC,13,28.2,9.4,9.9,0.6,3.5,5.5,0.0,0.0,2.3,3.5,december,2022-23,13.4,3.0,66.4,8.8,38.5,0.9,1.45,18.4,3.2,2.3,8.5,,5.5,,18.4,28.3,,,20.1,,20.3,63.3,,0.0,28.2,7-0,240,84
203506,Victor Oladipo,MIA,11,26.2,9.4,2.7,2.9,3.2,8.4,1.3,4.5,1.7,2.3,december,2022-23,17.6,16.0,50.0,7.2,48.9,3.7,4.57,19.8,0.3,0.0,0.6,,,,,,,,,,,59.5,,53.57142857142857,26.2,6-3,213,75
1628467,Maxi Kleber,DAL,6,27.6,9.3,3.5,0.5,3.7,6.5,2.0,4.2,0.0,0.0,december,2022-23,11.1,2.7,71.8,7.8,32.2,0.7,1.28,17.8,1.0,0.0,2.3,,,,,,,,,,,52.6,,64.61538461538461,27.6,6-10,240,82
201587,Nicolas Batum,LAC,14,24.8,9.3,4.9,1.4,3.1,6.6,2.6,5.6,0.4,0.7,december,2022-23,12.6,7.7,66.7,10.0,33.1,0.7,1.3,18.9,0.6,0.0,0.8,,14.2,,,,68.9,,,,,65.0,,84.84848484848484,24.8,6-8,230,80
201144,Mike Conley,MIN,11,29.0,9.3,2.0,6.9,3.1,8.7,1.6,5.3,1.5,2.0,december,2022-23,17.0,33.0,48.3,6.2,66.1,6.0,5.43,25.7,0.2,0.0,0.5,,14.8,21.2,,,33.3,13.8,,5.8,,76.9,,60.91954022988506,29.0,6-1,175,73
1629614,Andrew Nembhard,IND,16,31.8,9.2,4.0,4.6,3.8,7.9,1.3,3.5,0.4,0.6,december,2022-23,13.6,19.4,56.6,6.7,50.2,3.0,3.54,25.0,0.3,0.1,0.7,8.9,14.8,38.5,,,21.4,7.1,,,,47.4,,44.303797468354425,31.8,6-3,191,75
1629026,Kenrich Williams,OKC,8,23.8,9.1,5.8,1.9,3.8,6.6,1.0,2.5,0.6,1.3,december,2022-23,13.1,12.1,63.6,12.6,32.0,1.1,2.05,19.6,0.6,0.5,3.1,,14.6,,,,42.3,,10.0,,7.7,48.3,,37.878787878787875,23.8,6-6,210,78
203937,Kyle Anderson,MIN,10,29.8,9.1,4.6,4.4,3.1,6.9,0.3,1.1,2.6,3.3,december,2022-23,14.6,19.5,54.5,8.3,49.3,2.3,2.77,26.8,1.1,0.2,1.3,12.6,16.5,7.9,,,17.3,,14.2,,8.7,52.6,,15.942028985507248,29.8,6-9,230,81
1629130,Duncan Robinson,MIA,10,20.2,9.0,1.9,1.2,2.8,7.1,2.3,6.3,1.1,1.2,december,2022-23,17.6,8.7,59.0,6.1,29.0,0.7,1.52,19.9,0.2,0.0,0.8,,18.5,7.9,4.3,,31.2,11.7,,18.8,,72.2,,88.73239436619718,20.2,6-7,215,79
1626220,Royce O'Neale,BKN,11,33.7,9.0,4.1,3.2,3.3,7.0,2.5,5.2,0.0,0.4,december,2022-23,12.0,11.3,62.8,5.4,59.4,2.1,2.16,26.7,0.4,0.0,0.8,,26.0,8.3,2.7,,43.8,3.9,,3.6,,50.8,,74.28571428571429,33.7,6-6,226,78
1631106,Tari Eason,HOU,15,20.1,8.9,5.6,0.7,3.3,7.2,0.9,2.3,1.3,1.6,december,2022-23,17.9,5.4,56.1,9.7,29.3,1.1,2.26,15.1,0.3,0.1,2.1,5.0,19.9,5.4,,,43.3,,6.5,,9.2,65.0,,31.944444444444443,20.1,6-8,215,80
1628960,Grayson Allen,MIL,14,27.9,8.9,4.0,2.1,3.2,7.6,1.4,4.4,1.1,1.1,december,2022-23,13.4,10.4,54.4,7.1,37.3,1.4,2.28,25.4,0.1,0.0,0.9,2.8,17.5,24.2,4.0,,33.8,5.4,,7.0,,72.1,,57.89473684210527,27.9,6-4,198,76
1627814,Damion Lee,PHX,16,23.1,8.8,3.4,1.2,2.9,6.2,1.8,3.6,1.1,1.2,december,2022-23,14.2,7.0,65.2,8.1,29.9,1.1,2.17,18.7,0.3,0.0,0.6,,,,,,,,,,,68.9,,58.06451612903226,23.1,6-5,210,77
1629637,Jaxson Hayes,NOP,7,19.2,8.7,3.9,1.1,3.1,4.1,0.3,1.0,2.1,2.9,december,2022-23,13.0,9.4,80.7,11.7,21.9,0.5,1.32,12.4,1.1,0.0,3.1,,13.2,,26.5,,,,34.4,,13.2,58.8,,24.39024390243903,19.2,7-0,220,84
1630526,Jeremiah Robinson-Earl,OKC,5,23.0,8.6,5.4,1.0,3.4,7.2,0.6,2.2,1.2,1.2,december,2022-23,14.9,6.1,55.6,6.9,34.8,0.7,1.23,22.2,1.2,0.0,5.2,,20.2,,,,38.1,,,,20.2,58.6,,30.555555555555557,23.0,6-8,240,80
203115,Will Barton,TOR,10,20.7,8.6,2.5,3.0,3.0,7.7,1.9,4.3,0.7,1.1,december,2022-23,18.9,20.1,52.5,7.4,35.5,2.3,3.9,20.0,0.2,0.0,0.5,,,,,,,,,,,64.3,,55.84415584415584,20.7,6-5,181,77
1631105,Jalen Duren,DET,16,26.7,8.4,9.9,1.5,3.6,5.3,0.0,0.0,1.3,1.9,december,2022-23,11.6,8.2,68.9,11.2,40.3,1.0,1.56,17.1,1.6,0.6,7.9,8.9,12.2,3.2,14.9,8.7,6.8,,20.0,,16.4,63.7,,0.0,26.7,6-11,250,83
1629057,Robert Williams III,BOS,6,18.9,8.3,7.5,1.2,3.5,4.3,0.0,0.0,1.3,1.7,december,2022-23,12.6,8.6,82.2,14.4,24.8,0.5,1.18,14.5,0.5,0.3,6.8,,,,17.1,,9.8,,32.5,,20.3,46.7,,0.0,18.9,6-9,237,81
203500,Steven Adams,MEM,12,26.1,8.3,10.7,2.3,3.8,6.7,0.0,0.0,0.8,2.2,december,2022-23,13.6,11.3,54.7,11.8,41.5,1.2,1.77,21.3,3.8,1.2,8.4,,4.9,,15.6,,,,23.9,,37.1,36.4,,0.0,26.1,6-11,265,83
1630245,Ayo Dosunmu,CHI,14,24.0,8.3,2.9,2.4,3.2,6.6,0.9,2.4,0.9,1.5,december,2022-23,14.9,13.0,57.3,6.9,36.0,2.0,3.36,13.1,0.2,0.0,1.1,2.2,33.6,20.8,,,31.6,,3.1,,,63.2,,36.36363636363637,24.0,6-5,200,77
1629006,Josh Okogie,PHX,14,19.1,8.3,4.8,2.1,2.7,6.1,0.8,2.6,2.1,2.8,december,2022-23,17.7,15.2,56.2,10.8,26.9,1.2,2.6,15.9,0.4,0.0,2.5,,24.9,,,,41.5,,11.1,,9.7,66.7,,42.622950819672134,19.1,6-4,213,76
1627777,Georges Niang,PHI,11,20.9,8.3,2.7,0.9,2.7,7.5,2.0,6.1,0.8,0.8,december,2022-23,17.8,6.0,52.9,5.7,33.9,0.7,1.28,19.4,0.3,0.0,0.5,,,,,,,,,,,57.1,,81.33333333333333,20.9,6-7,230,79
1630198,Isaiah Joe,OKC,13,17.4,8.2,2.5,1.1,2.6,5.7,2.1,4.5,0.9,1.1,december,2022-23,15.7,9.5,66.7,10.9,22.9,0.8,2.05,14.1,0.3,0.0,0.5,,21.2,,9.4,,39.9,9.4,4.3,6.8,,86.7,,78.94736842105263,17.4,6-3,165,75
201567,Kevin Love,MIA,13,19.9,8.2,6.7,1.5,2.8,6.7,1.7,4.5,0.8,0.9,december,2022-23,18.6,11.1,58.0,12.0,35.3,1.1,1.83,18.5,0.5,1.1,1.8,,14.0,,14.6,,34.1,,6.7,,15.2,65.9,,67.16417910447761,19.9,6-8,251,80
1628401,Derrick White,BOS,14,26.5,8.2,3.3,2.9,2.6,7.1,0.9,3.6,2.1,2.4,december,2022-23,14.8,14.3,50.5,6.5,40.9,2.5,3.64,17.8,0.6,0.0,1.4,4.7,10.8,35.1,1.6,,25.9,9.5,1.3,5.1,1.7,57.1,,50.70422535211267,26.5,6-4,190,76
1628449,Chris Boucher,TOR,14,20.1,8.1,5.6,0.4,2.9,6.2,0.6,2.4,1.8,2.1,december,2022-23,16.0,3.3,57.1,10.5,24.1,0.7,1.63,11.6,0.4,0.0,4.1,,,,,,,,,,,66.7,,38.70967741935484,20.1,6-9,200,81
201976,Patrick Beverley,CHI,14,26.9,8.1,3.3,2.6,2.9,5.9,1.5,3.6,0.8,1.0,december,2022-23,11.3,12.6,64.7,6.6,33.6,1.7,3.1,17.1,0.6,0.0,1.0,,,,,,,,,,,69.2,,61.01694915254237,26.9,6-2,180,74
1629020,Jarred Vanderbilt,LAL,15,24.8,8.1,7.3,2.9,3.2,6.0,0.5,1.3,1.3,1.7,december,2022-23,13.3,16.6,60.4,10.8,33.6,1.2,2.15,19.7,2.0,0.0,5.0,,18.0,,,,32.3,,16.9,,14.3,70.5,,21.666666666666668,24.8,6-8,214,80
1630188,Jalen Smith,IND,15,16.2,8.0,4.7,0.9,3.1,6.7,0.7,2.8,1.1,1.3,december,2022-23,21.3,8.9,54.6,9.6,27.9,0.7,1.43,17.4,1.0,0.4,3.6,,21.0,,17.4,,29.0,,9.8,,10.1,52.5,,41.7910447761194,16.2,6-9,215,81
1629660,Ty Jerome,GSW,12,18.4,8.0,2.3,2.8,3.1,6.3,0.9,2.4,0.9,1.0,december,2022-23,16.6,21.7,59.8,10.0,39.7,2.8,4.17,17.1,0.3,0.0,0.2,,,,,,,,,,,51.9,,38.095238095238095,18.4,6-5,195,77
1631103,Malaki Branham,SAS,13,20.0,7.8,1.5,1.5,3.1,6.5,1.1,3.1,0.6,0.7,december,2022-23,15.8,9.7,58.0,6.4,30.2,1.9,3.75,12.4,0.1,0.0,0.4,,,,,,,,,,,60.0,,47.69230769230769,20.0,6-4,180,76
1628964,Mo Bamba,LAL,11,19.3,7.8,6.7,0.9,2.9,5.3,1.2,2.8,0.8,1.3,december,2022-23,13.9,6.5,67.0,13.4,27.5,0.7,1.6,14.4,1.3,0.5,2.8,,,,,,,,,,,48.9,,52.83018867924528,19.3,7-0,231,84
1630182,Josh Green,DAL,5,23.3,7.8,2.6,2.4,3.0,5.6,0.4,2.0,1.4,1.6,december,2022-23,12.9,14.8,61.9,7.9,25.8,1.0,2.34,14.4,1.0,0.0,0.6,,28.0,,,,61.3,,,,,81.3,,35.714285714285715,23.3,6-7,200,79
1629139,Yuta Watanabe,BKN,9,21.5,7.8,3.0,1.0,2.9,5.9,1.3,3.1,0.7,0.9,december,2022-23,13.3,5.9,61.9,7.6,25.0,0.7,1.7,14.6,0.3,0.0,1.1,,,,,,,,,,,70.5,,52.542372881355924,21.5,6-8,215,80
201609,Goran Dragic,MIL,13,16.3,7.8,1.4,2.3,3.1,6.7,1.2,3.0,0.5,0.8,december,2022-23,20.7,19.6,55.3,6.7,35.5,2.4,4.14,12.9,0.2,0.1,0.2,,,,,,,,,,,71.4,,44.776119402985074,16.3,6-4,190,76
1630692,Jordan Goodwin,WAS,13,19.5,7.8,4.2,2.9,3.0,7.1,0.7,2.1,1.1,1.3,december,2022-23,18.4,21.8,50.8,11.0,42.7,3.0,4.25,17.3,0.3,0.1,1.3,,16.2,12.8,3.4,,42.7,,,,12.0,65.8,,29.5774647887324,19.5,6-3,200,75
1629632,Coby White,CHI,15,20.6,7.7,2.9,1.9,2.7,6.3,1.5,4.3,0.9,1.0,december,2022-23,15.9,12.0,57.7,7.5,30.2,1.5,2.95,14.7,0.0,0.0,0.1,7.7,29.3,29.6,,,20.9,3.1,,2.6,,73.0,,68.25396825396825,20.6,6-5,195,77
1630201,Malachi Flynn,TOR,10,21.8,7.7,2.4,1.8,2.9,7.7,1.7,4.4,0.2,0.4,december,2022-23,16.2,12.4,48.9,5.9,39.5,2.3,3.51,20.9,0.1,0.0,0.3,,,,,,,,,,,58.8,,57.14285714285715,21.8,6-1,175,73
1629641,Romeo Langford,SAS,10,20.2,7.7,2.3,1.2,3.1,5.9,0.4,1.3,1.1,1.5,december,2022-23,14.9,7.7,58.7,7.1,20.2,0.8,2.52,14.1,0.6,0.1,1.6,,,,,,,,,,,64.3,,22.033898305084744,20.2,6-5,216,77
1630208,Nick Richards,CHA,13,16.3,7.7,5.5,0.5,2.9,4.6,0.0,0.0,1.8,2.6,december,2022-23,15.3,4.9,66.7,11.5,21.5,0.5,1.43,12.0,1.7,0.2,5.2,,,,,,,,,,,53.7,,0.0,16.3,7-0,245,84
1630197,Aleksej Pokusevski,OKC,12,20.2,7.7,5.3,2.6,2.9,7.4,1.0,3.2,0.8,1.2,december,2022-23,18.7,18.1,48.3,8.6,44.7,1.2,1.67,24.0,0.8,0.0,2.4,,,,,,,,,,,58.0,,43.24324324324324,20.2,7-0,210,84
1629611,Terance Mann,LAC,14,19.8,7.6,4.4,2.0,2.9,6.2,0.9,2.4,0.9,1.2,december,2022-23,15.5,14.7,56.6,10.9,33.3,1.8,3.16,17.1,0.6,0.0,2.1,3.7,22.0,17.9,,,28.9,4.4,6.6,,8.1,65.9,,38.70967741935484,19.8,6-5,215,77
1629011,Mitchell Robinson,NYK,15,29.2,7.6,10.1,1.1,3.1,4.4,0.0,0.0,1.3,2.1,december,2022-23,8.6,5.3,71.2,11.6,26.9,0.6,1.33,13.9,0.4,0.3,7.9,,,,11.7,,,,12.5,,52.3,57.8,,0.0,29.2,7-0,240,84
1627732,Ben Simmons,BKN,9,25.2,7.6,6.6,5.9,3.8,6.4,0.0,0.0,0.0,1.0,december,2022-23,15.7,27.6,54.9,10.8,57.7,3.4,3.53,20.4,3.1,1.0,5.3,,,,,,,,,,,59.1,,0.0,25.2,6-10,240,82
201143,Al Horford,BOS,9,29.7,7.4,6.3,2.1,2.7,7.0,2.1,5.4,0.0,0.0,december,2022-23,10.6,9.4,53.2,8.2,42.2,1.0,1.43,21.7,0.4,0.9,2.3,,15.0,,12.2,8.9,40.0,,7.8,5.6,,55.6,,77.14285714285715,29.7,6-9,240,81
1628966,Keita Bates-Diop,SAS,8,20.4,7.4,2.9,1.0,2.6,4.8,0.8,1.5,1.4,1.8,december,2022-23,13.3,7.1,66.8,7.9,24.0,0.7,1.85,15.1,0.6,0.4,2.1,,,,,,,,,,,66.7,,31.25,20.4,6-8,229,80
1629052,Oshae Brissett,IND,16,17.0,7.4,3.8,0.6,2.1,4.6,0.9,2.4,2.2,3.3,december,2022-23,16.6,5.0,61.5,9.2,27.6,0.7,1.46,14.6,0.7,0.0,1.2,,,,,,,,,,,68.2,,52.17391304347826,17.0,6-7,210,79
203085,Austin Rivers,MIN,15,25.2,7.3,2.1,1.7,2.6,5.3,1.3,2.9,0.8,0.9,december,2022-23,11.0,8.7,63.8,5.7,27.4,1.5,3.21,15.7,0.1,0.0,0.1,,,,,,,,,,,67.6,,54.71698113207547,25.2,6-4,200,76
1630544,Tre Mann,OKC,12,16.4,7.3,1.8,1.2,2.8,7.8,1.3,4.0,0.6,0.7,december,2022-23,21.7,10.9,45.6,5.9,27.4,1.8,3.84,15.2,0.3,0.0,0.3,8.5,7.7,38.0,,,26.5,8.5,,,,75.0,,51.28205128205129,16.4,6-3,178,75
1627827,Dorian Finney-Smith,BKN,11,28.6,7.1,3.5,1.5,2.5,6.7,2.0,5.5,0.2,0.5,december,2022-23,12.4,6.9,50.9,4.2,34.5,0.9,1.58,21.4,0.4,0.0,1.8,,,,,,,,,,,56.6,,82.08955223880596,28.6,6-7,220,79
1626192,Pat Connaughton,MIL,15,21.4,7.0,3.9,1.1,2.4,6.9,1.6,5.2,0.6,1.0,december,2022-23,15.2,6.8,47.5,6.0,28.7,0.8,1.72,16.9,0.3,0.0,1.5,,,,,,,,,,,57.4,,75.36231884057972,21.4,6-5,209,77
1626204,Larry Nance Jr.,NOP,10,23.8,6.9,6.3,1.7,2.9,5.0,0.3,1.0,0.8,1.2,december,2022-23,11.1,10.0,62.4,10.7,31.4,0.8,1.56,19.2,2.8,0.4,5.4,,20.3,,,,36.7,,22.8,,,77.8,,20.0,23.8,6-8,245,80
201933,Blake Griffin,BOS,7,18.5,6.9,5.0,1.7,2.4,4.9,0.6,2.0,1.4,2.1,december,2022-23,13.6,12.9,59.1,10.5,27.9,0.7,1.48,16.1,1.4,0.7,3.6,,,,,,,,,,,70.6,,40.81632653061224,18.5,6-9,250,81
1631223,David Roddy,MEM,12,20.1,6.8,2.8,1.0,2.7,6.6,0.8,3.6,0.8,1.4,december,2022-23,17.1,6.3,47.4,4.8,20.8,0.7,2.1,13.1,0.6,0.1,0.8,,,,,,,,,,,55.6,,54.545454545454554,20.1,6-4,255,76
1626172,Kevon Looney,GSW,15,23.2,6.8,9.4,2.7,2.7,4.7,0.0,0.0,1.3,2.2,december,2022-23,10.4,15.7,60.3,12.4,44.2,1.1,1.49,26.3,2.2,0.3,5.1,,,,19.3,,,,,,31.6,61.8,,0.0,23.2,6-9,222,81
1631101,Shaedon Sharpe,POR,13,17.9,6.7,2.7,0.4,2.8,6.4,0.7,2.5,0.3,0.5,december,2022-23,16.6,3.1,50.5,6.5,17.5,0.6,1.97,12.3,0.4,0.0,1.8,12.3,19.5,31.7,,,16.7,5.1,4.8,2.1,2.8,72.1,,39.0625,17.9,6-5,200,77
1627884,Derrick Jones Jr.,CHI,9,15.8,6.7,2.3,0.8,2.8,4.6,0.9,1.8,0.2,0.3,december,2022-23,14.9,7.0,70.9,8.4,22.1,0.4,1.18,12.0,1.1,0.1,2.3,,18.3,,,,46.0,,13.5,,7.9,50.0,,39.130434782608695,15.8,6-6,210,78
203110,Draymond Green,GSW,13,31.2,6.6,7.5,5.9,2.5,6.6,0.9,2.8,0.6,0.8,december,2022-23,12.2,24.4,47.6,8.9,70.5,2.1,1.79,41.2,1.6,0.9,2.2,,9.4,5.1,10.2,,39.8,,10.2,,2.7,53.5,,42.42424242424242,31.2,6-6,230,78
1629111,Jock Landale,PHX,13,15.0,6.6,4.3,0.8,2.2,4.2,0.5,1.2,1.8,2.2,december,2022-23,16.2,8.3,64.4,11.9,23.1,0.5,1.42,14.5,2.5,0.8,5.0,,9.3,,22.2,14.9,14.4,,14.4,,16.9,55.6,,28.57142857142857,15.0,6-11,255,83
1630552,Jalen Johnson,ATL,14,20.2,6.6,5.2,1.6,2.4,5.8,0.5,2.1,1.2,1.6,december,2022-23,14.6,10.2,50.5,7.7,29.0,1.0,2.05,11.6,0.5,0.1,1.6,7.9,22.5,23.7,2.9,4.5,14.4,7.3,6.8,1.8,4.0,60.0,,36.206896551724135,20.2,6-8,219,80
203082,Terrence Ross,PHX,14,20.8,6.6,1.7,1.1,2.7,6.9,0.9,3.4,0.2,0.3,december,2022-23,16.2,7.8,47.1,4.7,19.4,0.7,2.11,14.9,0.0,0.0,0.0,,,,,,,,,,,73.5,,49.27536231884058,20.8,6-7,206,79
201145,Jeff Green,DEN,8,18.1,6.5,3.3,1.0,2.6,5.0,0.4,1.3,0.9,1.9,december,2022-23,15.4,8.0,55.8,7.5,23.4,0.7,1.79,16.4,1.1,0.5,2.4,,,,,,,,,,,47.8,,26.0,18.1,6-8,235,80
1629750,Javonte Green,CHI,7,15.9,6.4,2.6,0.9,2.1,3.4,0.4,1.1,1.7,2.6,december,2022-23,14.7,6.3,70.5,7.9,21.6,0.5,1.34,10.0,0.4,0.0,1.3,,23.5,,3.7,,41.2,,14.7,,4.8,63.2,,32.35294117647059,15.9,6-5,205,77
1629678,Admiral Schofield,ORL,12,15.1,6.4,2.3,1.3,2.2,4.6,0.8,2.7,1.3,1.4,december,2022-23,15.4,12.3,61.6,9.2,23.8,0.7,1.75,11.6,0.7,0.0,1.3,,,,,,,,,,,59.1,,58.69565217391305,15.1,6-5,241,77
1629117,Wenyen Gabriel,LAL,9,15.5,6.3,4.8,0.2,2.6,4.3,0.3,0.6,0.9,1.3,december,2022-23,14.2,1.9,64.4,7.8,20.4,0.4,1.32,9.8,1.0,0.2,5.4,,,,,,,,,,,64.3,,13.953488372093023,15.5,6-9,205,81
1630598,Aaron Wiggins,OKC,11,17.5,6.3,3.9,1.1,2.4,5.1,0.5,1.5,1.1,1.5,december,2022-23,16.9,9.2,54.7,7.2,21.1,0.7,2.0,13.6,0.5,0.0,2.2,6.3,22.9,8.6,,,44.9,,3.3,4.0,,70.8,,29.411764705882355,17.5,6-5,190,77
1629234,Drew Eubanks,POR,12,19.7,6.3,4.3,1.3,2.9,3.8,0.2,0.3,0.3,0.5,december,2022-23,10.0,8.0,78.7,9.9,24.9,0.7,1.65,14.3,1.5,0.5,3.7,,11.3,,36.6,,,,23.9,,8.5,54.3,,7.894736842105263,19.7,6-10,245,82
1630171,Isaac Okoro,CLE,15,18.0,6.2,2.3,1.1,2.3,4.7,0.7,2.3,1.0,1.2,december,2022-23,13.2,9.7,59.7,8.8,17.3,0.6,1.96,10.5,0.3,0.0,1.0,,25.9,,,,41.6,,10.8,,5.2,51.2,,48.93617021276595,18.0,6-5,225,77
203552,Seth Curry,BKN,11,18.5,6.2,1.5,2.3,2.2,5.8,0.9,2.9,0.9,0.9,december,2022-23,16.2,15.7,49.7,5.0,30.1,1.7,3.42,17.0,0.2,0.0,0.0,,,,,,,,,,,78.3,,50.0,18.5,6-1,185,73
1630205,Lamar Stevens,CLE,12,24.1,6.2,5.2,0.9,2.7,6.9,0.8,2.8,0.1,0.6,december,2022-23,14.7,4.9,43.0,6.1,26.3,0.9,2.02,14.7,0.3,0.0,1.3,,,,,,,,,,,58.8,,40.57971014492753,24.1,6-6,230,78
1628988,Aaron Holiday,ATL,12,16.9,6.1,1.7,1.9,2.2,4.7,0.8,2.0,0.9,1.0,december,2022-23,13.6,14.6,59.6,7.3,28.4,2.0,4.24,11.3,0.3,0.0,0.7,,18.5,18.5,,,42.5,,,,,73.1,,42.5531914893617,16.9,6-0,185,72
1629647,Darius Bazley,PHX,7,18.6,6.0,2.9,0.6,2.1,4.7,0.6,1.3,1.1,2.4,december,2022-23,15.8,4.3,51.9,5.4,26.4,0.9,2.01,12.6,0.7,0.1,1.3,,,,,,,,,,,54.8,,27.659574468085108,18.6,6-9,216,81
203939,Dwight Powell,DAL,15,18.2,6.0,4.1,0.7,2.3,2.9,0.0,0.1,1.5,2.2,december,2022-23,11.0,5.3,76.9,6.1,21.2,0.5,1.44,10.4,1.2,0.1,5.3,,13.2,,12.1,,,,37.4,,,61.0,,3.4482758620689653,18.2,6-10,240,82
203493,Reggie Bullock Jr.,DAL,16,28.7,5.9,3.7,1.1,2.0,4.7,1.5,4.0,0.4,0.6,december,2022-23,8.4,5.0,59.8,5.3,28.8,0.6,1.3,16.8,0.0,0.0,0.4,,,,,,,,,,,57.6,,85.1063829787234,28.7,6-6,205,78
1629723,John Konchar,MEM,13,22.7,5.8,4.0,1.6,2.3,5.3,0.7,2.4,0.5,0.7,december,2022-23,10.3,8.2,52.1,7.9,31.4,0.9,1.75,15.8,0.2,0.0,0.9,,34.2,,,,42.5,,,,,53.7,,45.28301886792453,22.7,6-5,210,77
1630541,Moses Moody,GSW,14,16.4,5.8,1.5,1.1,2.2,4.3,1.1,2.5,0.2,0.3,december,2022-23,11.6,9.6,65.6,6.9,15.9,0.5,1.92,12.3,0.4,0.1,0.7,4.9,19.0,5.4,,,40.4,5.2,3.7,13.1,3.2,64.7,,58.139534883720934,16.4,6-5,211,77
1630237,Anthony Lamb,GSW,15,18.8,5.7,2.7,1.5,1.9,4.5,1.1,3.3,0.7,1.0,december,2022-23,12.7,11.3,57.7,5.9,31.5,0.9,1.78,15.7,0.3,0.3,1.3,,,,,,,,,,,52.5,,73.33333333333333,18.8,6-6,227,78
1629216,Gabe Vincent,MIA,6,21.3,5.7,2.0,2.0,2.3,6.7,1.0,4.0,0.0,0.0,december,2022-23,15.7,13.6,42.5,2.7,36.3,2.4,3.99,16.5,0.2,0.2,0.5,,14.9,14.9,,,38.6,,,13.2,,73.3,,59.70149253731343,21.3,6-2,200,74
1630177,Theo Maledon,CHA,16,15.5,5.6,2.4,2.4,1.6,4.6,0.6,2.0,1.8,2.1,december,2022-23,16.3,20.1,51.4,9.4,37.6,2.7,4.29,13.5,0.1,0.0,0.2,,,,,,,,,,,68.9,,43.47826086956522,15.5,6-5,175,77
1630558,Davion Mitchell,SAC,13,20.3,5.6,2.0,3.4,2.4,5.4,0.5,2.2,0.3,0.5,december,2022-23,14.4,21.7,50.2,6.8,36.8,2.8,4.58,12.0,0.2,0.0,0.7,28.6,19.3,8.1,,,35.6,,,,,68.6,,40.74074074074075,20.3,6-0,202,72
1628975,Jevon Carter,MIL,15,22.6,5.6,3.3,2.6,2.0,5.4,1.0,2.9,0.6,0.7,december,2022-23,12.8,15.5,49.2,6.9,37.8,2.6,4.13,15.0,0.3,0.0,0.3,,21.5,17.2,,,45.2,,,,,58.6,,53.703703703703695,22.6,6-1,200,73
1630570,Trendon Watford,POR,13,17.2,5.5,4.5,1.9,1.9,3.5,0.4,0.9,1.3,2.0,december,2022-23,12.7,15.2,63.8,11.2,30.2,1.1,2.21,13.8,0.8,0.4,1.8,7.8,20.2,,,,24.8,,,,,61.9,,25.71428571428572,17.2,6-8,237,80
204060,Joe Ingles,MIL,6,18.7,5.5,2.0,2.8,1.8,5.7,1.3,4.7,0.5,0.5,december,2022-23,17.0,19.1,46.7,3.0,28.5,1.3,2.81,20.8,0.2,0.0,0.5,,,,,,,,,,,83.3,,82.45614035087719,18.7,6-9,220,81
1630540,Miles McBride,NYK,15,19.7,5.2,1.3,1.6,1.7,5.3,0.9,3.6,0.8,1.0,december,2022-23,13.6,11.7,45.6,4.9,30.1,1.6,3.24,15.3,0.3,0.0,0.4,4.7,19.5,14.5,,,38.1,11.5,,3.0,,54.1,,67.9245283018868,19.7,6-2,195,74
204456,T.J. McConnell,IND,14,16.4,5.1,2.0,4.1,2.3,5.0,0.1,0.5,0.4,0.6,december,2022-23,15.7,39.2,49.0,10.4,42.0,3.1,4.49,14.6,0.5,0.0,0.4,5.9,13.1,54.0,,,12.5,,4.2,,,46.7,,10.0,16.4,6-1,190,73
1630235,Trent Forrest,ATL,7,21.2,5.1,2.7,2.7,2.4,5.1,0.0,0.3,0.3,0.4,december,2022-23,12.0,18.6,48.2,7.1,34.0,2.7,4.69,13.7,0.4,0.0,0.7,,,,,,,,,,,65.2,,5.88235294117647,21.2,6-4,210,76
1628972,Troy Brown Jr.,LAL,16,18.2,5.1,2.7,0.4,1.8,4.2,1.0,2.6,0.5,0.5,december,2022-23,11.7,2.5,58.1,5.7,19.6,0.6,1.92,9.5,0.6,0.0,0.8,,,,,,,,,,,62.2,,61.904761904761905,18.2,6-7,215,79
1627863,Danuel House Jr.,PHI,9,15.5,5.1,2.3,0.9,2.0,3.9,0.7,2.2,0.4,0.7,december,2022-23,12.2,8.2,61.1,6.6,19.0,0.7,2.2,10.8,0.4,0.0,0.3,,,,,,,,,,,50.0,,56.41025641025642,15.5,6-6,220,78
203496,Robert Covington,LAC,7,15.3,5.0,2.7,1.4,2.0,5.9,0.6,3.4,0.4,0.6,december,2022-23,17.2,15.6,40.9,6.2,31.4,0.9,1.67,15.6,0.1,0.0,1.6,,,,,,,,,,,66.7,,57.627118644067785,15.3,6-7,209,79
1629312,Haywood Highsmith,MIA,13,20.3,4.8,3.1,1.0,2.0,4.3,0.7,1.8,0.2,0.5,december,2022-23,11.1,7.0,53.7,5.7,21.0,0.6,1.75,12.4,0.4,0.1,2.2,,,,,,,,,,,52.8,,41.86046511627907,20.3,6-5,220,77
200752,Rudy Gay,UTA,13,15.5,4.6,2.6,0.5,1.7,4.8,0.5,2.3,0.8,0.8,december,2022-23,15.2,4.3,44.2,5.0,23.3,0.7,1.84,11.0,0.2,0.5,0.6,,,,,,,,,,,60.0,,47.916666666666664,15.5,6-8,250,80
1630533,Ziaire Williams,MEM,10,17.1,4.6,3.1,1.4,2.0,5.4,0.4,2.7,0.2,0.2,december,2022-23,16.7,11.7,41.9,4.6,22.1,0.8,2.3,12.8,0.3,0.0,1.3,,22.1,3.7,,,48.3,9.7,6.0,,,41.7,,50.0,17.1,6-9,185,81
1631128,Christian Braun,DEN,12,16.6,4.6,1.9,0.3,1.9,3.6,0.4,1.3,0.3,0.7,december,2022-23,11.4,2.0,59.1,3.9,15.1,0.5,1.99,9.5,0.3,0.0,0.8,,33.3,,7.1,,20.6,7.8,11.3,,7.1,65.6,,36.11111111111111,16.6,6-6,220,78
1627936,Alex Caruso,CHI,11,23.5,4.5,2.7,3.5,1.6,3.4,0.7,1.6,0.5,0.8,december,2022-23,9.5,18.4,61.0,7.6,44.7,2.2,2.9,15.6,1.2,0.0,0.8,,19.9,8.2,7.0,,45.6,,,,,50.0,,47.05882352941177,23.5,6-5,186,77
201152,Thaddeus Young,TOR,14,16.6,4.5,3.1,1.4,2.1,3.7,0.2,0.6,0.1,0.4,december,2022-23,12.1,11.7,58.1,6.5,29.6,0.8,1.56,16.5,2.1,0.8,2.7,,,,,,,,,,,79.5,,16.216216216216214,16.6,6-8,235,80
1630537,Chris Duarte,IND,7,15.7,4.4,2.1,1.6,1.7,6.4,0.7,3.1,0.3,0.7,december,2022-23,19.7,13.8,32.8,1.6,23.4,0.9,2.37,15.1,0.1,0.0,0.4,,,,,,,,,,,65.0,,48.4375,15.7,6-5,190,77
201588,George Hill,IND,10,18.6,4.4,2.5,2.8,1.6,3.4,0.6,2.0,0.6,0.6,december,2022-23,10.8,23.0,60.0,9.3,34.2,2.9,5.05,11.5,0.4,0.0,0.6,,,,,,,,,,,45.8,,58.82352941176471,18.6,6-4,188,76
202687,Bismack Biyombo,PHX,13,15.5,4.4,4.0,0.8,2.0,2.9,0.0,0.0,0.4,1.6,december,2022-23,11.8,7.5,60.3,7.2,24.5,0.6,1.53,14.5,2.8,1.0,4.6,,,,,,,,,,,57.1,,0.0,15.5,6-8,255,80
1631216,Caleb Houstan,ORL,8,16.5,4.4,2.3,0.3,1.5,3.9,1.0,2.8,0.4,0.4,december,2022-23,11.6,2.1,54.1,3.1,12.9,0.3,1.34,7.5,0.1,0.0,0.8,,,,,,,,,,,50.0,,71.7948717948718,16.5,6-8,205,80
1628392,Isaiah Hartenstein,NYK,15,16.7,4.1,5.9,0.8,1.8,4.0,0.3,0.9,0.3,0.5,december,2022-23,12.6,6.9,48.8,8.4,23.9,0.5,1.34,11.5,1.7,0.1,4.7,,7.4,,19.9,5.6,,,40.3,,10.2,64.4,,22.5,16.7,7-0,250,84
1626159,Justise Winslow,POR,10,22.8,4.1,4.3,2.8,1.8,4.5,0.3,1.1,0.2,0.2,december,2022-23,10.9,14.8,44.7,4.6,40.5,2.1,3.15,17.6,0.4,0.1,3.0,,,,,,,,,,,52.0,,24.444444444444446,22.8,6-6,222,78
202709,Cory Joseph,DET,15,16.4,4.0,1.7,3.3,1.3,3.8,0.5,1.9,0.8,0.9,december,2022-23,12.9,26.0,47.5,6.9,36.9,3.3,5.37,11.5,0.1,0.0,0.2,,,,,,,,,,,64.9,,50.0,16.4,6-3,200,75
1631121,Bryce McGowens,CHA,7,18.8,3.9,2.0,0.9,1.4,4.1,0.4,1.3,0.6,0.7,december,2022-23,11.0,6.5,43.3,3.8,20.1,0.7,2.23,12.7,0.1,0.0,0.9,5.2,24.2,12.4,,,37.6,5.7,6.2,,,55.6,,31.70731707317074,18.8,6-6,175,78
1630700,Dyson Daniels,NOP,14,21.3,3.8,2.9,2.0,1.4,3.7,0.5,1.6,0.4,0.7,december,2022-23,9.8,12.6,47.0,4.6,27.5,1.3,2.89,13.6,0.0,0.1,0.6,5.6,23.3,13.2,3.2,,18.5,5.8,15.9,,7.8,58.3,,43.24324324324324,21.3,6-7,199,79
1630688,Ish Wainright,PHX,14,15.8,3.7,2.2,1.0,1.3,3.3,0.9,2.4,0.3,0.5,december,2022-23,10.0,8.7,53.0,4.4,14.6,0.4,1.47,10.2,0.0,0.0,1.0,,,,,,,,,,,60.0,,72.72727272727273,15.8,6-5,250,77
1631132,Christian Koloko,TOR,13,15.8,3.5,3.2,0.5,1.3,2.8,0.1,0.3,0.8,1.2,december,2022-23,9.7,4.3,54.0,5.0,16.7,0.4,1.27,10.5,0.9,0.0,3.1,,,,,,,,,,,63.4,,10.714285714285715,15.8,7-0,230,84
1628373,Frank Ntilikina,DAL,13,16.0,3.5,1.8,1.5,1.2,3.6,0.5,1.9,0.6,0.8,december,2022-23,13.5,13.2,44.4,2.5,22.0,1.1,3.06,10.7,0.1,0.0,0.3,,,,,,,,,,,51.4,,52.77777777777778,16.0,6-4,200,76
200782,P.J. Tucker,PHI,12,27.6,3.4,4.4,0.7,1.1,2.9,0.7,1.8,0.6,0.7,december,2022-23,6.0,3.2,53.2,2.6,21.8,0.5,1.28,11.6,0.3,0.0,2.6,,,,,,,,,,,66.7,,62.06896551724138,27.6,6-5,245,77
1627823,Juancho Hernangomez,TOR,11,18.0,3.1,3.1,0.4,1.2,3.1,0.5,2.0,0.3,0.5,december,2022-23,9.0,2.5,46.4,3.6,18.5,0.4,1.28,9.7,0.5,0.1,1.2,,,,,,,,,,,46.9,,64.51612903225806,18.0,6-9,214,81
203954,Joel Embiid,PHI,10,33.1,34.9,10.7,3.2,11.7,21.3,1.6,3.8,9.9,11.5,january,2022-23,38.7,18.3,66.2,20.5,69.4,2.8,2.4,47.8,8.7,6.3,6.1,12.3,7.0,,22.0,21.7,12.9,2.3,6.6,1.8,7.1,59.6,,17.84037558685446,33.1,7-0,280,84
203081,Damian Lillard,POR,15,36.7,34.5,3.9,7.6,10.5,21.1,3.9,10.7,9.6,10.6,january,2022-23,32.9,35.5,67.0,18.8,88.3,7.8,5.3,35.6,0.5,0.1,0.4,,,,,,,,,,,71.4,,50.71090047393364,36.7,6-2,195,74
2544,LeBron James,LAL,13,37.8,33.8,9.4,8.2,12.5,24.9,2.4,7.6,6.3,8.1,january,2022-23,34.6,35.3,59.3,20.5,84.2,6.8,4.87,37.1,3.0,3.2,3.3,12.8,24.5,12.5,3.1,12.1,12.6,,5.7,7.5,1.9,49.2,,30.522088353413658,37.8,6-9,250,81
1629029,Luka Dončić,DAL,12,36.4,31.3,9.3,6.8,10.3,21.7,2.2,6.9,8.7,12.1,january,2022-23,38.0,35.5,58.1,18.7,88.4,9.2,6.25,36.6,0.7,3.5,0.6,16.0,14.3,36.3,,7.6,8.7,2.3,1.3,7.4,1.7,68.4,,31.797235023041477,36.4,6-7,230,79
1628369,Jayson Tatum,BOS,14,38.7,31.3,10.1,5.4,9.9,22.2,3.1,9.2,8.4,9.4,january,2022-23,33.2,23.7,59.3,16.9,80.4,5.5,4.11,42.1,3.4,1.8,2.9,,,,,,,,,,,64.2,,41.44144144144144,38.7,6-8,210,80
1628983,Shai Gilgeous-Alexander,OKC,13,35.4,31.1,4.5,5.4,10.5,19.4,0.9,2.2,9.2,10.3,january,2022-23,30.3,22.5,65.0,18.3,73.1,6.4,5.27,28.5,0.8,1.8,1.7,26.3,14.1,37.3,,4.7,6.2,2.1,3.3,1.6,,56.8,,11.34020618556701,35.4,6-6,195,78
203507,Giannis Antetokounmpo,MIL,10,32.7,31.0,13.2,5.4,10.5,19.2,1.0,2.9,9.0,13.9,january,2022-23,36.0,26.7,61.2,19.4,79.7,5.7,4.28,33.3,4.0,4.3,4.8,10.9,26.0,7.7,6.4,20.2,6.1,,7.9,,8.9,47.9,,15.104166666666666,32.7,7-0,243,84
202681,Kyrie Irving,DAL,13,38.1,29.5,5.5,6.5,10.5,22.2,3.8,9.4,4.6,5.5,january,2022-23,30.3,26.6,59.9,15.9,79.5,6.1,4.63,32.5,1.2,0.5,1.5,,,,,,,,,,,54.9,,42.34234234234234,38.1,6-2,195,74
201939,Stephen Curry,GSW,9,35.3,29.1,5.4,5.8,9.4,19.8,4.7,11.4,5.6,6.0,january,2022-23,29.2,24.8,64.9,15.4,78.4,5.7,4.37,31.8,0.3,0.0,1.1,10.1,13.8,21.1,,,11.6,12.0,7.0,18.0,1.3,59.0,,57.57575757575758,35.3,6-2,185,74
1628973,Jalen Brunson,NYK,15,39.5,28.7,4.1,5.4,10.4,21.5,2.3,5.1,5.7,6.9,january,2022-23,28.7,23.7,58.5,13.6,91.6,10.2,6.69,32.3,0.1,1.1,0.5,14.4,14.3,36.0,,3.3,16.4,5.6,1.9,2.5,,61.4,,23.72093023255814,39.5,6-2,190,74
1628374,Lauri Markkanen,UTA,11,35.1,28.5,9.0,1.3,8.7,17.9,3.4,7.6,7.6,8.5,january,2022-23,27.1,6.0,65.7,17.5,54.1,1.8,2.02,33.3,2.2,1.8,4.2,4.0,15.6,3.0,8.3,5.7,12.8,7.5,10.6,20.7,7.0,55.4,,42.45810055865922,35.1,7-0,240,84
1629630,Ja Morant,MEM,12,33.1,28.0,4.8,8.5,10.2,20.8,1.7,5.1,6.0,7.9,january,2022-23,32.5,40.6,57.6,17.5,76.4,7.7,6.05,23.2,0.4,0.1,1.7,14.1,19.6,40.4,,,11.0,5.0,2.4,,,58.1,,24.519230769230766,33.1,6-2,174,74
202695,Kawhi Leonard,LAC,12,35.1,27.7,6.2,4.0,9.9,18.2,2.3,5.0,5.6,6.1,january,2022-23,28.2,19.8,66.4,18.1,63.3,4.5,4.31,40.3,2.4,2.3,2.4,16.5,19.6,25.9,,6.0,12.2,3.4,3.0,7.2,2.8,61.7,,27.472527472527474,35.1,6-7,225,79
1630162,Anthony Edwards,MIN,16,35.7,27.3,5.9,4.9,9.8,20.9,3.3,8.3,4.5,5.4,january,2022-23,32.1,22.3,58.6,14.8,78.8,5.7,4.33,37.3,0.4,1.0,0.8,23.4,15.7,23.5,,4.9,12.9,7.3,2.0,4.8,1.2,65.9,,39.71291866028709,35.7,6-4,225,76
202691,Klay Thompson,GSW,10,34.9,27.0,4.4,2.3,10.0,21.8,5.0,11.6,2.0,2.2,january,2022-23,28.1,10.4,59.3,10.8,57.4,2.0,2.05,44.3,1.6,0.4,2.8,,19.2,7.1,,,25.9,12.2,2.8,26.3,,76.3,,53.21100917431192,34.9,6-6,220,78
1627759,Jaylen Brown,BOS,11,36.5,26.8,7.0,2.7,10.0,20.5,2.4,7.4,4.5,6.0,january,2022-23,30.3,13.6,57.8,12.1,63.5,3.8,3.64,35.1,1.7,0.7,2.5,20.6,20.4,22.2,1.8,4.7,13.0,4.1,1.1,7.4,1.8,55.4,,36.09756097560976,36.5,6-6,223,78
1629027,Trae Young,ATL,13,36.0,26.7,3.1,9.9,8.2,17.8,1.8,5.5,8.4,9.6,january,2022-23,30.9,37.5,60.5,14.1,80.7,8.0,5.92,25.7,0.3,0.1,0.5,12.0,20.4,39.3,,,8.4,10.5,,,,72.9,,30.89887640449438,36.0,6-1,164,73
201942,DeMar DeRozan,CHI,11,36.8,26.5,3.8,5.0,9.9,19.1,0.7,1.8,5.9,6.7,january,2022-23,28.7,20.7,60.0,13.5,58.9,4.9,4.96,35.6,1.3,3.7,0.2,19.9,10.0,17.6,1.7,12.0,19.1,6.1,3.9,4.6,1.7,67.3,,9.424083769633507,36.8,6-6,220,78
203944,Julius Randle,NYK,15,38.5,26.3,13.7,4.7,8.8,20.3,2.8,8.7,5.9,8.1,january,2022-23,29.7,19.9,55.1,15.3,74.6,4.0,3.18,46.1,1.6,3.3,4.2,15.8,16.5,9.4,7.3,10.1,21.1,2.4,5.0,3.2,5.4,64.6,,42.857142857142854,38.5,6-8,250,80
1628378,Donovan Mitchell,CLE,10,34.2,26.1,4.1,5.9,8.8,19.1,3.5,10.5,5.0,6.0,january,2022-23,31.2,27.3,60.0,15.5,67.7,5.5,4.85,30.7,1.0,0.0,0.8,11.4,22.8,34.1,1.5,,11.4,6.9,1.9,3.8,1.6,76.5,,54.973821989528794,34.2,6-1,215,73
203897,Zach LaVine,CHI,14,37.8,26.1,6.2,4.2,8.6,18.6,3.0,8.1,5.9,7.0,january,2022-23,28.1,17.2,60.2,12.9,67.2,5.2,4.6,32.8,0.6,0.2,0.9,9.3,23.5,19.5,4.0,,22.7,6.3,3.4,8.5,,50.8,,43.548387096774185,37.8,6-5,200,77
1628368,De'Aaron Fox,SAC,15,35.6,25.2,3.5,6.5,9.8,19.3,1.3,4.2,4.3,5.5,january,2022-23,28.2,26.9,57.9,12.5,83.1,7.2,5.19,25.0,0.3,0.0,0.8,10.1,22.8,29.1,,,18.1,6.4,2.0,3.7,1.7,68.6,,21.761658031088082,35.6,6-3,185,75
1626179,Terry Rozier,CHA,15,35.6,25.1,4.0,4.5,9.2,20.1,3.5,9.1,3.2,3.9,january,2022-23,27.4,19.1,57.3,11.8,68.7,4.8,4.16,36.3,0.7,0.1,0.9,,,,,,,,,,,67.3,,45.273631840796014,35.6,6-1,190,73
203468,CJ McCollum,NOP,14,35.6,24.6,3.3,5.4,8.9,19.7,3.4,8.6,3.4,4.6,january,2022-23,29.7,25.2,56.7,11.8,76.7,5.9,4.61,36.4,0.6,0.1,0.2,8.8,18.2,31.4,,,17.8,9.7,,6.3,,61.9,,43.65482233502538,35.6,6-3,190,75
203999,Nikola Jokić,DEN,12,33.4,24.0,11.6,11.3,9.3,13.7,1.2,2.2,4.3,4.8,january,2022-23,24.4,47.6,76.0,22.9,99.4,4.4,2.68,50.8,9.3,8.7,8.4,5.3,10.1,9.7,13.0,22.8,9.0,,7.3,5.3,9.3,66.1,,16.058394160583944,33.4,6-11,284,83
202711,Bojan Bogdanovic,DET,11,32.9,23.3,3.7,2.8,8.4,16.6,2.7,6.2,3.8,4.6,january,2022-23,25.3,13.6,62.3,11.7,46.2,2.3,3.01,33.1,0.6,1.1,0.6,,,,,,,,,,,72.5,,37.34939759036144,32.9,6-7,226,79
1629640,Keldon Johnson,SAS,13,32.0,23.1,4.4,2.1,8.2,17.3,1.9,6.4,4.7,5.6,january,2022-23,26.7,9.9,58.3,10.7,52.7,2.2,2.54,33.2,0.8,0.8,1.3,3.9,20.0,2.8,,4.4,32.0,7.4,9.2,,10.9,64.1,,36.99421965317919,32.0,6-5,220,77
1627749,Dejounte Murray,ATL,15,37.9,22.7,5.7,5.7,9.3,18.9,2.1,5.4,1.9,2.1,january,2022-23,24.4,22.3,57.2,12.8,74.1,6.3,5.12,27.4,0.5,0.1,1.1,,,,,,,,,,,65.9,,28.571428571428577,37.9,6-5,180,77
1629636,Darius Garland,CLE,14,34.8,22.6,3.2,8.7,7.6,16.7,2.5,6.3,4.8,5.5,january,2022-23,27.2,35.9,59.0,14.8,77.4,7.4,5.77,29.9,0.6,0.1,0.8,6.7,16.2,41.8,,,17.1,5.4,3.1,2.9,,60.8,,37.724550898203596,34.8,6-1,192,73
1630163,LaMelo Ball,CHA,12,34.9,22.5,5.4,8.7,7.6,20.3,3.5,10.3,3.8,4.3,january,2022-23,30.3,35.5,50.8,10.4,87.8,7.2,4.9,28.3,0.3,0.0,1.7,12.2,12.8,39.4,1.6,,19.4,6.5,,1.7,2.0,60.9,,50.73891625615764,34.9,6-7,180,79
1627783,Pascal Siakam,TOR,16,38.8,22.4,7.4,5.6,8.1,18.1,1.2,4.3,5.0,6.6,january,2022-23,25.6,22.0,53.6,10.6,83.1,4.8,3.47,42.2,1.5,3.1,3.7,13.3,20.6,13.9,6.5,11.3,16.2,3.0,3.2,4.0,5.0,60.0,,23.756906077348063,38.8,6-8,230,80
1630224,Jalen Green,HOU,12,35.0,22.4,3.6,4.0,7.5,18.9,2.9,8.5,4.5,6.0,january,2022-23,28.4,17.1,52.0,8.2,72.7,5.2,4.3,38.2,0.3,0.0,0.9,,,,,,,,,,,69.1,,44.973544973544975,35.0,6-4,186,76
1629673,Jordan Poole,GSW,13,34.2,22.3,4.0,4.4,7.6,17.1,2.8,8.2,4.3,5.1,january,2022-23,26.6,19.5,57.8,10.1,73.7,5.1,4.15,35.2,0.8,0.0,1.4,7.9,19.9,30.6,,,14.3,12.9,,5.4,,64.3,,47.953216374269,34.2,6-4,194,76
1628398,Kyle Kuzma,WAS,13,35.5,22.3,8.0,4.8,8.4,19.5,2.5,8.1,3.0,4.2,january,2022-23,28.9,20.3,52.2,11.0,64.9,4.0,3.71,37.6,1.2,0.8,2.1,5.1,27.3,5.3,8.7,2.8,27.5,4.1,8.5,,4.9,63.0,,41.53846153846153,35.5,6-9,221,81
202710,Jimmy Butler III,MIA,14,32.2,22.3,4.9,3.6,7.1,13.9,0.4,1.6,7.8,9.1,january,2022-23,25.5,18.5,62.3,16.8,59.8,4.4,4.38,34.4,2.5,2.6,5.7,17.7,17.2,13.1,2.7,6.1,14.0,1.7,12.1,2.4,7.9,68.6,,11.510791366906476,32.2,6-7,230,79
203903,Jordan Clarkson,UTA,13,32.3,22.1,4.1,3.5,8.1,17.2,2.6,7.7,3.3,3.8,january,2022-23,28.0,17.9,58.4,10.7,55.7,4.0,4.32,28.0,0.7,0.4,1.4,5.2,25.6,12.3,,,36.0,7.8,4.2,,3.9,56.5,,44.76744186046512,32.3,6-5,194,77
1627750,Jamal Murray,DEN,14,33.9,22.1,4.6,5.8,8.0,16.6,2.9,6.5,3.1,3.4,january,2022-23,25.7,25.2,60.8,14.0,72.7,5.9,4.89,35.7,1.4,0.8,1.5,14.6,13.0,35.4,,2.9,8.6,11.5,3.8,4.0,,69.1,,39.1566265060241,33.9,6-4,215,76
1628389,Bam Adebayo,MIA,14,35.0,21.6,10.5,2.7,9.1,16.7,0.0,0.0,3.4,4.9,january,2022-23,25.5,13.1,57.3,16.1,59.9,2.6,2.57,36.1,8.4,2.2,9.1,8.0,20.2,,9.1,11.3,30.1,,7.1,2.4,6.5,70.3,,0.0,35.0,6-9,255,81
1630217,Desmond Bane,MEM,11,30.4,21.4,5.7,4.9,8.0,16.0,3.0,6.1,2.4,2.9,january,2022-23,24.9,22.8,61.8,14.3,57.6,2.6,2.73,32.3,0.9,0.0,1.1,7.0,19.3,25.5,,,17.4,7.4,4.1,9.1,3.8,56.1,,38.125,30.4,6-5,215,77
1629628,RJ Barrett,NYK,11,36.1,21.4,5.1,2.2,7.5,16.6,2.1,5.7,4.2,5.6,january,2022-23,24.7,10.0,55.9,9.4,49.5,2.6,3.21,34.1,1.1,1.7,1.3,2.7,28.5,18.0,,2.4,23.8,6.6,7.3,3.4,3.4,54.1,,34.33734939759036,36.1,6-6,214,78
1626174,Christian Wood,DAL,8,34.2,21.1,10.4,2.5,7.4,14.5,1.8,5.4,4.6,5.5,january,2022-23,24.2,13.0,62.4,15.4,60.9,2.2,2.19,32.0,3.3,2.5,5.8,,,,,,,,,,,47.5,,37.24137931034483,34.2,6-9,214,81
204001,Kristaps Porziņģis,WAS,9,31.1,21.1,7.7,2.3,6.4,14.4,2.0,5.2,6.2,6.7,january,2022-23,26.5,11.0,60.7,12.9,58.1,1.7,1.71,40.0,2.9,2.8,4.2,,14.6,,11.3,24.3,17.4,,7.7,10.5,6.1,53.7,,36.11111111111111,31.1,7-3,240,87
1629018,Gary Trent Jr.,TOR,16,37.0,20.8,3.3,1.7,7.3,16.2,3.1,8.2,3.2,3.6,january,2022-23,20.2,6.6,58.6,9.9,42.9,1.6,2.28,32.9,0.4,0.0,0.9,,18.3,6.4,,,48.6,9.0,,6.8,,50.0,,50.617283950617285,37.0,6-5,209,77
1627832,Fred VanVleet,TOR,15,37.5,20.6,5.1,7.3,6.9,16.6,3.2,8.9,3.5,3.7,january,2022-23,22.0,28.3,56.5,12.1,86.5,6.4,4.44,36.9,0.3,0.0,0.3,,,,,,,,,,,68.0,,53.6144578313253,37.5,6-0,197,72
203915,Spencer Dinwiddie,BKN,15,37.2,20.5,2.7,5.7,6.5,14.4,2.5,6.5,5.0,6.3,january,2022-23,23.3,24.7,59.8,10.7,67.7,6.9,6.1,24.5,0.1,0.6,0.2,,,,,,,,,,,66.1,,45.13888888888889,37.2,6-5,215,77
201935,James Harden,PHI,13,34.7,20.3,6.5,10.8,6.3,13.6,2.9,7.2,4.8,5.8,january,2022-23,23.5,44.9,62.9,15.6,91.6,8.2,5.37,34.6,0.2,0.3,0.5,42.5,13.1,25.0,,1.3,7.5,4.6,,,,65.6,,52.94117647058824,34.7,6-5,220,77
201950,Jrue Holiday,MIL,14,32.3,20.3,5.2,6.8,7.9,16.5,2.3,6.1,2.3,2.9,january,2022-23,26.3,31.1,57.0,12.7,75.5,6.4,5.09,24.4,1.1,1.0,2.7,10.1,20.5,26.3,,3.6,20.5,,4.3,,,58.9,,36.96969696969697,32.3,6-5,205,77
202696,Nikola Vučević,CHI,14,37.1,20.3,13.1,4.4,8.5,15.1,1.8,4.7,1.5,1.9,january,2022-23,20.8,17.3,63.6,15.8,75.6,1.9,1.47,49.5,3.8,6.9,6.2,,12.5,,28.8,16.1,15.2,,10.0,3.6,7.6,72.9,,31.12582781456954,37.1,6-10,260,82
1631094,Paolo Banchero,ORL,14,32.7,20.1,5.9,3.2,6.3,14.6,1.7,5.2,5.9,7.5,january,2022-23,27.2,14.7,56.1,11.1,60.6,3.5,3.43,29.6,0.9,1.7,2.1,14.7,19.8,19.4,5.2,9.3,15.4,2.6,4.7,3.6,2.6,61.7,,35.61643835616439,32.7,6-10,250,82
1630532,Franz Wagner,ORL,13,32.6,19.9,4.0,3.4,7.2,13.8,2.2,5.0,3.2,4.3,january,2022-23,22.3,15.1,63.6,11.9,51.4,2.6,3.06,33.2,0.6,0.4,2.4,7.6,20.4,22.9,2.9,6.9,16.6,3.2,6.7,3.6,4.4,59.3,,36.231884057971016,32.6,6-10,220,82
202331,Paul George,LAC,9,32.3,19.9,5.9,5.8,7.2,14.8,2.4,6.6,3.0,3.4,january,2022-23,27.8,26.8,61.0,13.1,68.9,5.5,4.8,28.9,1.7,1.0,1.0,18.4,12.4,14.2,,5.5,22.9,3.2,,12.4,,66.7,,44.59459459459459,32.3,6-8,220,80
1629014,Anfernee Simons,POR,15,35.8,19.8,2.3,4.1,7.1,14.8,2.9,8.1,2.6,2.9,january,2022-23,22.3,17.0,61.6,9.0,64.1,4.8,4.51,31.1,0.3,0.0,0.2,18.2,14.5,28.8,,,19.8,7.2,,4.9,,60.5,,54.729729729729726,35.8,6-3,181,75
203924,Jerami Grant,POR,15,35.0,19.7,4.1,1.4,7.1,14.4,2.0,5.3,3.5,4.2,january,2022-23,21.9,5.8,60.7,9.2,50.4,2.1,2.47,29.8,0.7,2.2,1.9,10.7,16.2,13.9,2.2,2.0,35.4,4.8,4.6,4.2,2.4,58.9,,36.80555555555555,35.0,6-8,210,80
1631097,Bennedict Mathurin,IND,15,29.6,19.5,4.9,1.3,5.9,13.3,0.9,3.4,6.7,8.0,january,2022-23,25.0,7.3,58.0,10.3,45.3,1.9,2.53,30.5,1.3,0.2,2.1,9.0,22.3,27.0,,,17.2,5.2,7.6,5.7,,58.8,,25.563909774436087,29.6,6-5,210,77
1626167,Myles Turner,IND,12,31.3,19.4,7.8,0.9,7.4,13.8,1.6,4.4,3.0,4.2,january,2022-23,23.2,4.7,62.0,12.9,40.5,1.1,1.66,30.3,3.5,2.4,7.6,,7.7,,17.7,7.3,42.3,,7.1,,6.0,53.1,,31.884057971014496,31.3,6-11,250,83
1628969,Mikal Bridges,BKN,15,37.4,19.3,4.0,4.9,7.1,15.2,1.8,4.5,3.4,3.8,january,2022-23,21.0,21.2,57.3,11.7,59.5,3.2,3.22,36.2,1.8,1.1,1.7,2.3,25.3,9.1,3.4,2.3,36.2,6.3,5.0,4.8,2.7,64.7,,29.60526315789474,37.4,6-6,209,78
1626156,D'Angelo Russell,LAL,15,33.8,19.1,2.5,5.8,6.2,13.3,3.3,7.2,3.3,3.8,january,2022-23,22.2,25.4,63.8,11.8,83.6,5.5,3.94,39.1,0.2,0.2,0.6,8.7,15.5,36.2,,,20.8,7.9,,,,58.7,,54.13533834586466,33.8,6-4,193,76
203084,Harrison Barnes,SAC,15,35.4,19.1,3.5,1.3,5.6,11.3,3.1,6.3,4.7,5.5,january,2022-23,17.9,4.8,69.6,9.3,46.5,1.6,2.11,30.9,0.9,1.1,2.5,8.0,18.8,3.3,5.0,2.5,43.8,4.8,,4.8,,55.1,,55.75221238938053,35.4,6-8,225,80
1630178,Tyrese Maxey,PHI,14,31.9,18.9,2.4,3.5,6.7,14.8,2.1,6.0,3.4,3.9,january,2022-23,23.0,15.8,57.4,9.8,62.1,4.1,3.94,29.5,0.1,0.0,0.1,14.5,21.9,26.2,1.3,1.4,14.3,6.7,3.0,5.4,,75.0,,40.54054054054054,31.9,6-2,200,74
1630581,Josh Giddey,OKC,14,30.9,18.8,7.6,6.4,8.2,15.9,1.0,3.1,1.4,1.7,january,2022-23,26.2,29.7,56.5,14.6,80.1,4.5,3.4,40.6,1.8,0.2,2.6,5.0,22.8,38.8,,,16.0,4.5,4.3,,,61.4,,19.49685534591195,30.9,6-8,216,80
101108,Chris Paul,PHX,8,32.5,18.6,4.5,7.9,6.9,13.1,2.4,4.9,2.5,2.5,january,2022-23,21.7,39.1,65.5,16.6,73.4,7.5,6.14,26.1,0.1,0.3,0.3,,,43.8,,,15.6,,,,,76.5,,37.404580152671755,32.5,6-0,175,72
1626181,Norman Powell,LAC,16,26.3,18.5,3.2,1.8,5.9,11.9,2.7,5.6,4.1,4.9,january,2022-23,25.1,10.9,66.0,12.6,37.8,1.9,2.99,25.5,0.3,0.0,0.4,10.9,24.6,11.3,,,32.5,3.8,1.5,10.9,,63.4,,47.05882352941176,26.3,6-4,215,76
1630578,Alperen Sengun,HOU,13,32.1,18.3,9.5,6.2,7.5,12.1,0.4,0.5,2.8,4.5,january,2022-23,22.0,28.9,65.0,15.2,66.5,2.8,2.57,46.8,5.8,5.5,7.2,14.9,13.5,5.2,9.2,21.7,11.8,,9.1,,7.4,57.4,,4.132231404958678,32.1,6-11,243,83
201566,Russell Westbrook,LAC,16,30.1,18.3,6.4,7.0,6.7,15.4,1.3,4.3,3.6,5.7,january,2022-23,28.8,35.1,51.0,12.6,65.2,5.7,5.29,26.1,0.4,1.3,1.6,13.4,18.3,25.8,,5.1,26.7,,2.2,,2.8,62.1,,27.92207792207792,30.1,6-3,200,75
1627734,Domantas Sabonis,SAC,14,36.1,18.2,12.5,8.1,7.1,12.4,0.1,1.1,3.9,5.1,january,2022-23,22.0,30.5,62.4,14.8,94.1,3.8,2.43,55.3,9.1,4.9,9.2,,9.0,,28.5,13.1,9.0,,14.9,,10.9,65.9,,8.870967741935484,36.1,7-1,240,85
1629028,Deandre Ayton,PHX,10,32.3,18.1,11.9,2.7,7.9,16.7,0.0,0.5,2.3,3.4,january,2022-23,27.9,15.3,49.7,13.4,65.3,2.0,1.84,38.3,6.3,5.3,13.7,,9.8,,28.6,9.5,2.9,,26.3,,13.6,62.9,,2.9940119760479043,32.3,7-0,250,84
1630567,Scottie Barnes,TOR,16,36.8,18.1,7.4,5.6,6.6,13.1,0.6,2.1,4.3,5.5,january,2022-23,19.6,21.5,58.3,12.5,79.8,3.9,2.92,40.1,3.7,2.3,6.7,7.9,21.7,13.1,5.7,10.7,19.7,2.2,9.3,1.5,5.0,61.2,,16.03053435114504,36.8,6-8,225,80
1629645,Kevin Porter Jr.,HOU,5,31.5,17.8,4.8,4.2,6.8,14.6,3.0,8.0,1.2,2.0,january,2022-23,23.6,24.1,57.5,11.0,74.2,6.0,4.87,33.0,1.2,0.4,2.2,9.8,13.6,45.2,,2.4,16.0,5.5,,,,85.7,,54.794520547945204,31.5,6-4,203,76
1627763,Malcolm Brogdon,BOS,13,28.4,17.3,4.9,3.5,5.8,12.4,2.5,5.4,3.1,3.4,january,2022-23,21.9,19.8,62.4,14.2,58.0,4.2,4.39,23.2,0.5,0.0,0.9,,,,,,,,,,,69.4,,43.54838709677419,28.4,6-4,229,76
1628991,Jaren Jackson Jr.,MEM,15,28.3,17.2,7.5,1.0,6.0,12.0,1.7,4.1,3.5,4.5,january,2022-23,21.4,4.7,61.6,12.3,39.6,1.3,1.91,22.5,0.9,2.6,4.4,11.1,15.3,2.1,9.7,19.8,26.4,1.5,3.4,,3.9,50.5,,34.166666666666664,28.3,6-10,242,82
1629639,Tyler Herro,MIA,11,33.8,17.1,5.0,3.5,6.5,16.3,2.3,7.2,1.9,2.0,january,2022-23,24.2,15.8,49.8,9.7,61.8,4.0,3.9,34.9,0.4,0.1,0.5,13.3,27.7,13.9,,,32.4,,,5.8,,65.2,,44.171779141104295,33.8,6-5,195,77
1629631,De'Andre Hunter,ATL,13,35.0,17.1,4.8,1.5,6.0,13.0,2.0,5.3,3.1,3.5,january,2022-23,18.8,5.8,58.7,7.3,44.1,1.7,2.25,25.5,1.0,0.6,0.9,7.5,18.2,13.3,2.6,,29.0,9.5,6.2,6.0,2.6,59.7,,40.76923076923077,35.0,6-8,221,80
1630596,Evan Mobley,CLE,15,34.7,17.1,8.7,2.5,7.3,13.1,0.2,1.3,2.3,3.5,january,2022-23,21.8,11.1,58.4,12.1,59.9,2.0,1.98,31.5,4.7,2.5,8.8,4.7,16.0,9.5,14.3,8.0,17.9,1.6,13.8,2.7,6.5,59.7,,9.923664122137406,34.7,6-11,215,83
203078,Bradley Beal,WAS,7,27.4,17.0,3.3,5.1,6.3,13.9,1.4,3.1,3.0,3.7,january,2022-23,26.7,27.7,54.9,11.5,53.1,3.6,4.06,36.4,1.4,0.6,1.1,,,21.3,,,24.6,,,,,57.7,,22.302158273381295,27.4,6-4,207,76
1630180,Saddiq Bey,ATL,13,30.6,16.7,5.5,1.6,5.3,13.1,2.5,6.2,3.6,4.1,january,2022-23,21.1,8.0,56.1,9.7,44.4,1.8,2.44,26.1,0.3,1.6,1.4,6.5,19.0,7.8,2.2,13.8,28.5,6.0,4.9,1.9,6.7,74.0,,47.32824427480916,30.6,6-7,215,79
202685,Jonas Valančiūnas,NOP,16,25.4,16.7,10.2,1.2,6.8,11.7,0.5,1.4,2.7,3.4,january,2022-23,26.1,7.7,63.2,14.1,52.9,1.5,1.74,31.1,4.1,5.3,7.3,,,,22.1,29.7,4.2,,13.7,,16.0,65.2,,11.965811965811966,25.4,6-11,265,83
203486,Mason Plumlee,LAC,15,30.0,16.5,11.3,3.3,6.4,8.5,0.0,0.0,3.7,5.6,january,2022-23,16.6,14.8,74.9,15.4,48.1,1.8,2.21,28.8,3.1,2.0,8.7,,,,,,,,,,,58.8,,0.0,30.0,7-0,254,84
1627741,Buddy Hield,IND,15,32.9,16.4,5.2,3.1,5.5,12.8,3.7,8.7,1.8,2.1,january,2022-23,18.8,13.6,59.8,10.2,64.1,2.2,2.07,33.5,0.3,0.0,0.5,,23.1,4.8,,,34.0,5.4,5.4,12.2,3.7,61.9,,67.96874999999999,32.9,6-4,220,76
1626171,Bobby Portis,MIL,12,28.3,16.1,9.8,1.8,6.3,12.5,1.5,3.7,1.9,2.1,january,2022-23,21.9,10.3,59.9,14.2,55.6,1.7,1.86,30.0,2.2,2.7,5.1,3.2,11.0,,15.8,19.8,31.1,,6.6,,5.8,57.8,,29.600000000000005,28.3,6-11,250,83
203932,Aaron Gordon,DEN,16,30.4,15.9,7.3,3.8,5.8,11.2,0.9,2.4,3.3,5.7,january,2022-23,21.7,16.1,58.0,11.0,44.8,2.3,3.11,24.5,2.0,2.4,7.1,16.0,13.0,10.4,5.9,11.2,15.4,,13.0,,5.3,50.7,,21.42857142857143,30.4,6-8,235,80
1629651,Nic Claxton,BKN,14,32.2,15.6,10.2,2.0,6.8,9.3,0.0,0.1,2.1,4.3,january,2022-23,17.6,8.7,70.0,14.1,45.1,1.4,1.83,24.8,4.0,0.5,8.6,14.1,15.5,3.9,11.1,4.5,10.9,,15.5,,13.4,51.8,,1.075268817204301,32.2,6-11,215,83
1629008,Michael Porter Jr.,DEN,13,28.2,15.6,5.1,0.6,5.8,11.8,2.8,6.7,1.2,1.4,january,2022-23,20.5,2.7,63.1,9.0,33.5,1.1,1.92,21.4,1.5,0.4,2.1,6.9,13.2,5.7,2.7,2.5,21.5,16.9,8.5,13.1,4.9,62.5,,56.77966101694915,28.2,6-10,218,82
1630169,Tyrese Haliburton,IND,5,33.3,15.6,5.0,10.4,5.8,13.2,2.0,6.4,2.0,2.2,january,2022-23,22.5,45.2,55.1,14.2,91.0,7.1,4.7,29.6,0.2,0.0,0.4,,,,,,,,,,,50.0,,48.48484848484849,33.3,6-5,185,77
1628381,John Collins,ATL,15,33.9,15.5,7.6,1.3,6.2,11.4,1.1,3.4,2.0,2.7,january,2022-23,17.7,5.2,61.5,8.8,48.3,1.3,1.58,24.9,2.0,3.5,4.8,,18.7,,6.3,9.1,33.6,2.3,10.3,,9.8,63.1,,29.82456140350877,33.9,6-9,226,81
1630193,Immanuel Quickley,NYK,14,33.1,15.4,4.4,2.9,5.6,10.7,1.8,4.7,2.5,3.0,january,2022-23,16.3,12.3,64.1,10.7,48.0,3.2,3.99,23.9,0.3,0.0,0.5,6.1,28.1,20.9,,,25.4,6.4,1.9,4.1,1.4,54.3,,43.925233644859816,33.1,6-2,190,74
201569,Eric Gordon,LAC,13,30.7,15.4,2.4,3.4,5.3,11.5,1.7,5.3,3.1,3.7,january,2022-23,18.3,15.8,58.4,9.1,49.2,3.5,4.22,25.7,0.1,0.0,0.4,,,,,,60.0,,,,,73.7,,46.08695652173913,30.7,6-3,215,75
203552,Seth Curry,BKN,13,27.3,15.4,2.2,1.9,5.8,11.2,2.6,5.5,1.2,1.2,january,2022-23,20.8,10.9,65.3,10.0,42.1,2.6,3.7,24.5,0.2,0.0,0.4,,,,,,,,,,,50.0,,49.10714285714286,27.3,6-1,185,73
1629661,Cameron Johnson,BKN,6,26.7,15.3,5.0,1.3,5.0,10.5,2.8,6.2,2.5,3.0,january,2022-23,19.3,7.7,64.9,12.2,34.7,1.3,2.18,21.0,0.2,0.0,1.2,,25.0,8.2,,,26.5,15.3,6.7,4.9,,66.7,,59.04761904761905,26.7,6-8,210,80
1629012,Collin Sexton,UTA,7,23.2,15.3,2.3,2.1,5.4,9.9,1.3,2.1,3.1,4.1,january,2022-23,24.7,16.1,65.4,10.5,40.9,3.5,5.21,15.7,0.3,0.0,1.3,5.2,21.4,36.3,2.5,,20.6,4.3,2.5,,,52.6,,21.21212121212121,23.2,6-2,190,74
1629023,P.J. Washington,CHA,15,34.2,15.2,4.1,2.8,5.7,11.8,2.3,6.1,1.4,1.9,january,2022-23,16.9,11.1,60.1,7.7,56.1,1.4,1.48,28.8,2.0,1.1,1.8,4.1,20.9,6.3,5.4,6.1,29.9,4.1,8.2,,6.8,64.0,,51.69491525423729,34.2,6-7,230,79
1631093,Jaden Ivey,DET,13,30.3,15.2,4.3,5.6,5.2,12.2,1.3,4.0,3.5,5.0,january,2022-23,24.2,27.3,52.8,7.7,60.5,5.2,5.19,19.8,1.2,0.2,1.8,5.6,26.4,11.6,,,34.3,5.6,,,,76.9,,32.786885245901644,30.3,6-4,195,76
202699,Tobias Harris,PHI,13,32.1,15.2,6.1,2.3,6.3,12.2,1.2,3.8,1.3,1.6,january,2022-23,18.7,10.0,58.9,9.8,48.1,2.2,2.68,28.2,0.8,2.4,1.9,4.2,17.9,6.8,,14.6,31.8,,6.3,3.0,6.3,60.5,,31.147540983606557,32.1,6-7,226,79
1629652,Luguentz Dort,OKC,12,30.3,14.7,4.5,2.3,4.9,12.0,2.5,5.7,2.3,3.1,january,2022-23,19.9,9.0,54.9,7.0,36.4,2.0,3.24,21.3,0.3,0.0,2.3,,15.0,,5.5,,61.5,,4.0,,,61.7,,47.5,30.3,6-4,220,76
203471,Dennis Schröder,LAL,16,34.8,14.5,3.3,3.9,4.3,11.3,1.4,4.2,4.4,5.1,january,2022-23,17.7,14.2,53.8,7.4,58.0,4.0,4.16,27.0,0.3,0.0,0.4,14.8,11.2,36.6,,,23.1,5.2,,,,62.3,,37.16814159292035,34.8,6-1,172,73
1628418,Thomas Bryant,DEN,16,25.1,14.4,8.3,0.4,5.8,9.3,0.5,1.3,2.3,2.8,january,2022-23,18.6,2.6,68.4,13.8,39.6,0.9,1.43,18.0,3.2,0.8,7.3,,,,,,,,,,,70.4,,13.978494623655912,25.1,6-10,248,82
1628386,Jarrett Allen,CLE,16,32.2,14.4,8.6,1.9,6.3,9.3,0.1,0.3,1.8,2.6,january,2022-23,16.3,8.9,68.7,13.2,40.4,1.0,1.51,25.4,6.3,0.9,11.4,,13.6,,20.9,7.8,4.1,,33.1,,9.2,51.4,,3.225806451612903,32.2,6-9,243,81
1628989,Kevin Huerter,SAC,13,30.0,14.3,4.2,3.5,5.4,11.6,2.5,6.6,1.1,1.4,january,2022-23,19.2,15.2,58.5,9.1,42.0,1.5,2.2,28.5,0.6,0.0,2.4,,22.8,11.3,,,36.6,6.3,8.2,4.0,3.3,63.6,,56.896551724137936,30.0,6-7,198,79
1628976,Wendell Carter Jr.,ORL,14,28.8,14.1,8.9,2.1,5.5,10.4,1.3,3.4,1.8,2.4,january,2022-23,20.3,11.2,61.4,11.7,49.9,1.4,1.72,29.6,3.0,1.0,5.9,,10.9,,19.2,3.2,26.2,,17.1,,12.7,62.7,,32.69230769230769,28.8,6-10,270,82
1631099,Keegan Murray,SAC,15,32.2,14.0,5.9,1.3,4.9,9.7,3.2,6.5,0.9,1.0,january,2022-23,14.1,5.1,69.3,9.1,39.1,1.0,1.54,27.0,0.6,0.1,2.7,4.2,18.5,10.8,5.4,,30.8,,4.2,14.2,4.2,66.2,,67.01030927835052,32.2,6-8,225,80
203501,Tim Hardaway Jr.,DAL,13,35.1,13.7,4.5,1.3,4.8,12.5,2.6,7.5,1.4,2.0,january,2022-23,18.4,5.9,51.3,6.3,48.2,1.8,2.28,26.1,1.0,0.0,0.8,2.2,21.3,5.7,3.2,,32.4,12.1,2.8,15.8,,61.0,,60.0,35.1,6-5,205,77
1630230,Naji Marshall,NOP,13,30.4,13.6,4.8,3.2,4.9,11.8,1.0,3.6,2.8,3.7,january,2022-23,21.0,14.9,50.8,8.4,56.1,2.8,2.94,29.2,0.5,0.0,1.0,5.6,31.6,10.9,3.9,,29.1,,6.0,2.4,2.4,69.6,,30.508474576271183,30.4,6-7,220,79
1631114,Jalen Williams,OKC,14,31.7,13.6,4.5,3.1,5.8,11.3,0.9,2.9,1.1,1.5,january,2022-23,17.2,12.2,56.8,9.3,48.1,2.6,3.19,23.1,1.4,0.0,2.6,14.8,21.0,36.0,,,16.9,3.0,4.3,,,67.6,,25.663716814159287,31.7,6-5,211,77
1630200,Tre Jones,SAS,15,29.1,13.5,3.3,6.0,5.5,12.9,0.5,2.7,1.9,2.1,january,2022-23,20.8,29.0,49.1,10.6,68.6,6.2,5.4,20.4,0.2,0.0,0.6,4.8,22.7,32.0,,,22.7,4.5,3.0,,,72.9,,20.930232558139537,29.1,6-1,185,73
202330,Gordon Hayward,CHA,6,25.5,13.5,3.3,2.8,4.8,9.0,0.8,2.2,3.0,3.3,january,2022-23,18.3,17.0,64.5,12.5,35.8,1.6,2.69,25.8,0.7,0.5,2.2,,,,,,,,,,,80.0,,24.444444444444446,25.5,6-7,225,79
203992,Bogdan Bogdanović,ATL,13,31.3,13.5,3.0,3.8,5.2,12.2,2.1,6.5,1.1,1.5,january,2022-23,19.0,16.0,52.3,7.4,44.2,2.2,3.02,26.5,0.8,0.2,0.6,,12.2,34.4,,,24.4,,,,,59.0,,53.278688524590166,31.3,6-5,225,77
201572,Brook Lopez,MIL,16,29.7,13.4,7.3,1.5,5.4,11.3,1.7,4.8,1.0,1.3,january,2022-23,17.9,7.1,56.8,9.2,33.8,0.8,1.44,22.7,2.1,1.8,5.4,,6.5,,32.8,9.5,32.1,,,,,53.2,,42.477876106194685,29.7,7-1,282,85
1626196,Josh Richardson,NOP,12,24.2,13.3,3.3,3.7,5.3,10.4,2.0,5.2,0.8,0.9,january,2022-23,19.5,21.6,61.6,12.2,44.1,2.3,3.19,23.9,0.5,0.0,1.1,,,,,,,,,,,68.9,,50.0,24.2,6-6,200,78
1629060,Rui Hachimura,LAL,13,25.9,13.1,3.8,1.1,5.3,11.5,1.3,3.8,1.2,2.0,january,2022-23,20.7,6.4,52.7,8.3,35.1,1.3,2.28,20.6,0.3,1.2,1.3,3.7,19.3,,3.1,9.5,40.5,,7.1,4.9,,60.4,,33.04347826086956,25.9,6-8,230,80
1630231,KJ Martin,HOU,14,28.3,13.1,7.0,1.4,5.4,9.5,1.1,2.9,1.3,2.6,january,2022-23,17.0,6.8,61.5,10.5,38.7,1.0,1.62,22.9,1.1,0.0,4.6,,,,,,,,,,,55.3,,30.526315789473685,28.3,6-7,215,79
1627747,Caris LeVert,CLE,16,31.3,13.1,3.4,3.9,4.6,10.8,2.1,4.9,1.8,2.8,january,2022-23,18.9,18.5,54.2,8.2,51.7,2.9,3.41,31.6,0.1,0.1,0.8,6.2,19.0,24.0,,,26.9,4.5,6.6,5.0,,63.8,,45.370370370370374,31.3,6-6,205,78
1628365,Markelle Fultz,ORL,14,29.3,12.9,3.4,6.2,5.4,10.0,0.3,0.9,1.9,2.6,january,2022-23,20.0,31.9,58.1,11.3,65.2,5.4,4.94,19.9,0.4,0.3,1.4,,,,,,,,,,,66.7,,9.0,29.3,6-4,209,76
203991,Clint Capela,ATL,8,25.9,12.9,10.0,0.9,5.8,8.6,0.0,0.1,1.4,2.1,january,2022-23,15.9,4.5,67.3,14.2,33.1,0.8,1.39,16.8,3.0,0.9,9.3,,,,22.1,,,,24.4,,36.6,67.5,,1.1627906976744187,25.9,6-10,256,82
1631105,Jalen Duren,DET,8,26.1,12.9,9.3,1.0,5.3,6.9,0.0,0.0,2.4,3.0,january,2022-23,14.4,5.5,78.6,14.6,39.9,1.0,1.57,18.1,2.4,1.4,9.6,8.9,12.2,3.2,14.9,8.7,6.8,,20.0,,16.4,61.1,,0.0,26.1,6-11,250,83
203497,Rudy Gobert,MIN,13,30.5,12.8,11.4,0.9,4.8,7.1,0.0,0.0,3.2,4.9,january,2022-23,16.1,4.2,69.5,13.8,44.8,1.1,1.47,23.7,4.0,1.4,10.9,,12.6,,16.7,,,,28.5,,26.9,55.1,,0.0,30.5,7-1,258,85
203952,Andrew Wiggins,GSW,8,29.3,12.8,3.9,2.3,5.1,14.1,1.4,6.0,1.1,2.0,january,2022-23,22.0,10.8,42.5,4.7,42.9,1.5,2.17,31.3,1.1,1.6,3.1,10.9,22.1,7.6,,6.8,32.5,2.0,3.8,2.5,7.8,47.1,,42.5531914893617,29.3,6-7,197,79
1628977,Hamidou Diallo,DET,12,21.7,12.8,4.6,1.0,5.4,7.8,0.2,0.2,1.8,3.3,january,2022-23,21.2,6.9,68.8,11.4,34.9,1.3,2.19,14.5,1.8,0.3,2.6,,,,,,,,,,,71.4,,2.5641025641025643,21.7,6-5,202,77
1630172,Patrick Williams,CHI,14,32.0,12.7,5.3,1.4,4.5,9.3,1.9,4.4,1.9,2.1,january,2022-23,15.6,5.9,62.2,8.2,45.2,1.3,1.75,24.0,0.8,0.3,2.3,3.6,22.1,9.3,5.0,3.6,41.4,3.6,,,5.0,61.5,,47.31182795698925,32.0,6-7,215,79
203994,Jusuf Nurkić,POR,14,25.6,12.6,9.1,2.9,4.8,9.8,0.9,3.1,2.1,2.9,january,2022-23,22.6,15.7,56.8,10.9,52.5,1.3,1.52,30.1,3.0,3.1,5.4,,6.9,,22.4,10.4,11.8,,17.3,,13.6,60.4,,31.632653061224485,25.6,7-0,290,84
1630165,Killian Hayes,DET,11,30.4,12.5,2.4,7.4,5.1,12.8,1.6,5.3,0.7,1.0,january,2022-23,21.8,34.6,47.3,8.3,71.1,6.2,5.24,23.1,0.3,0.0,0.4,,,,,,,,,,,66.7,,41.40624999999999,30.4,6-5,195,77
202692,Alec Burks,DET,13,23.6,12.5,3.5,2.6,3.8,8.8,1.8,4.2,3.0,3.4,january,2022-23,19.4,15.2,60.7,10.9,36.0,1.8,2.92,21.1,0.4,0.3,0.5,,,,,,,,,,,61.4,,47.72727272727273,23.6,6-6,214,78
1628384,OG Anunoby,TOR,13,33.5,12.5,4.9,1.7,4.7,11.8,2.2,5.8,0.9,1.3,january,2022-23,17.2,6.8,50.8,6.1,42.2,1.4,1.98,26.8,0.5,1.5,3.2,5.9,22.4,5.9,3.0,2.8,38.2,4.8,5.3,3.4,4.4,51.5,,49.15254237288135,33.5,6-7,232,79
203506,Victor Oladipo,MIA,15,30.0,12.5,4.0,4.6,4.7,11.2,1.5,5.0,1.6,2.1,january,2022-23,20.3,24.0,51.4,8.9,55.5,4.2,4.56,24.3,0.1,0.0,0.5,,,,,,,,,,,77.6,,44.642857142857146,30.0,6-3,213,75
1631110,Jeremy Sochan,SAS,14,28.6,12.4,5.3,2.9,4.8,10.6,0.9,2.4,1.9,2.4,january,2022-23,19.8,12.9,53.5,6.8,50.1,2.7,3.18,24.5,1.6,1.6,3.8,,18.9,,12.3,,28.3,,17.0,,,59.3,,22.641509433962266,28.6,6-8,230,80
1630228,Jonathan Kuminga,GSW,5,22.1,12.4,2.2,2.4,5.0,8.4,1.4,2.4,1.0,1.8,january,2022-23,20.3,15.0,67.4,9.0,40.0,1.6,2.4,22.8,1.0,1.6,1.4,12.6,17.4,21.1,,6.7,18.1,,9.6,,7.0,52.2,,28.57142857142857,22.1,6-7,225,79
203114,Khris Middleton,MIL,5,16.5,12.4,2.8,3.6,4.2,9.4,1.4,3.8,2.6,2.6,january,2022-23,30.3,29.5,58.8,14.5,37.8,2.6,4.2,19.2,0.6,2.0,1.2,6.1,15.3,22.7,,13.6,16.6,5.8,,6.4,5.8,66.7,,40.42553191489361,16.5,6-7,222,79
204456,T.J. McConnell,IND,15,25.2,12.4,4.1,6.9,5.3,8.4,0.5,0.7,1.4,1.5,january,2022-23,17.8,42.6,68.5,16.1,70.7,5.5,4.68,23.1,0.2,0.0,0.7,5.9,13.1,54.0,,,12.5,,4.2,,,62.5,,8.333333333333332,25.2,6-1,190,73
1629655,Daniel Gafford,WAS,11,24.3,12.3,7.0,1.7,4.8,6.6,0.0,0.0,2.6,4.0,january,2022-23,15.6,9.6,73.1,12.7,36.6,0.9,1.4,20.8,2.4,0.3,7.2,,8.8,,19.9,11.0,,,20.4,,18.2,55.6,,0.0,24.3,6-10,234,82
1630183,Jaden McDaniels,MIN,16,31.3,12.1,4.1,2.5,4.7,9.1,1.5,3.8,1.2,1.8,january,2022-23,15.5,10.9,61.3,7.4,39.8,1.2,1.82,24.4,0.5,0.4,2.1,2.3,27.6,10.3,,,36.8,5.2,5.0,3.2,3.9,58.1,,41.75824175824176,31.3,6-9,185,81
1630530,Trey Murphy III,NOP,16,30.6,12.1,2.7,1.2,4.6,9.8,1.7,5.2,1.3,1.3,january,2022-23,15.0,5.4,58.4,6.8,33.5,1.0,1.78,22.3,0.4,0.0,1.6,6.6,20.1,16.5,2.1,,23.4,9.4,8.3,7.1,3.2,69.8,,53.06122448979592,30.6,6-8,206,80
1629634,Brandon Clarke,MEM,9,20.5,12.0,5.6,1.4,4.8,6.6,0.0,0.0,2.4,3.8,january,2022-23,17.8,10.0,73.0,14.3,32.0,0.7,1.4,20.0,4.7,0.2,6.4,,,,,,,,,,,51.7,,0.0,20.5,6-8,215,80
1627736,Malik Beasley,LAL,13,27.6,12.0,3.2,2.2,4.2,11.5,2.8,8.6,0.8,0.8,january,2022-23,19.9,11.0,50.7,6.7,35.2,1.5,2.58,21.9,0.1,0.0,0.2,,,,,,,,,,,60.0,,74.78260869565217,27.6,6-4,187,76
1626145,Tyus Jones,MEM,15,24.4,11.9,2.3,5.1,4.3,10.1,2.0,4.9,1.3,1.4,january,2022-23,18.0,26.5,55.9,13.0,52.9,4.2,4.74,18.6,0.0,0.0,0.2,,17.2,23.8,,,41.7,,,,,55.9,,48.51485148514852,24.4,6-2,196,74
1628420,Monte Morris,WAS,11,27.4,11.7,3.3,5.0,4.5,8.6,1.5,3.5,1.3,1.4,january,2022-23,15.4,24.9,63.5,11.8,58.0,5.1,5.23,21.1,0.4,0.1,0.3,,,,,,,,,,,57.6,,40.69767441860465,27.4,6-2,183,74
1628971,Bruce Brown,DEN,16,27.5,11.7,4.1,2.8,4.6,9.4,1.5,3.9,1.1,1.7,january,2022-23,17.9,13.7,57.4,9.3,50.3,2.8,3.35,23.1,0.7,0.2,1.5,4.1,22.3,15.7,,,22.3,3.8,13.0,,8.7,70.1,,41.48936170212766,27.5,6-4,202,76
1629667,Jalen McDaniels,PHI,15,29.5,11.7,5.8,1.6,4.5,10.3,1.1,4.1,1.5,2.1,january,2022-23,18.2,7.3,52.2,7.1,42.6,1.4,2.03,22.7,0.3,0.1,1.7,,,,,,,,,,,48.6,,39.80582524271844,29.5,6-9,205,81
1628415,Dillon Brooks,MEM,14,30.6,11.6,3.5,2.4,4.7,13.6,1.1,5.2,1.0,1.4,january,2022-23,20.0,9.8,40.8,3.3,38.8,1.8,2.72,24.6,0.5,0.3,0.6,9.3,14.6,19.9,1.5,9.9,31.8,2.8,1.7,2.8,2.4,64.2,,38.235294117647065,30.6,6-6,225,78
1628960,Grayson Allen,MIL,15,27.4,11.5,3.3,2.9,3.7,8.1,2.3,5.3,1.9,2.1,january,2022-23,14.9,14.0,63.2,8.7,34.1,1.5,2.62,21.5,0.4,0.0,0.7,2.8,17.5,24.2,4.0,,33.8,5.4,,7.0,,63.9,,65.4320987654321,27.4,6-4,198,76
201144,Mike Conley,MIN,12,30.6,11.3,3.2,7.8,3.8,8.8,2.0,5.1,1.8,2.0,january,2022-23,14.8,32.5,58.3,10.7,68.5,6.3,5.5,26.1,0.1,0.0,0.3,,14.8,21.2,,,33.3,13.8,,5.8,,58.8,,57.954545454545446,30.6,6-1,175,73
1630173,Precious Achiuwa,TOR,16,23.2,11.3,5.9,0.8,4.5,8.4,0.6,2.0,1.7,2.6,january,2022-23,18.9,4.7,59.5,10.8,35.4,1.1,1.79,21.6,1.6,0.3,4.9,,22.2,,13.5,,24.7,,12.0,,17.1,57.1,,23.809523809523807,23.2,6-8,225,80
1630198,Isaiah Joe,OKC,13,20.9,11.2,3.0,1.1,3.6,7.7,2.7,6.2,1.3,1.6,january,2022-23,16.5,6.6,66.8,9.9,24.7,0.7,1.79,17.5,0.6,0.0,0.6,,21.2,,9.4,,39.9,9.4,4.3,6.8,,50.0,,80.51948051948052,20.9,6-3,165,75
202694,Marcus Morris Sr.,LAC,11,25.6,11.2,2.5,1.9,4.1,9.9,1.6,4.5,1.4,1.8,january,2022-23,20.1,11.1,52.2,6.0,37.3,1.3,2.13,26.5,0.5,1.3,0.5,,,,,,,,,,,72.2,,45.45454545454545,25.6,6-8,218,80
1631095,Jabari Smith Jr.,HOU,12,28.4,11.1,7.0,1.6,4.1,10.7,0.8,4.4,2.2,3.2,january,2022-23,19.8,7.6,46.0,7.0,47.1,1.6,2.02,22.0,1.1,0.5,1.8,5.6,19.2,4.7,5.3,5.8,36.8,3.9,7.5,2.5,5.4,60.3,,41.12149532710281,28.4,6-11,220,83
1628401,Derrick White,BOS,15,26.6,11.1,3.0,4.1,3.7,8.7,1.7,4.7,1.9,2.2,january,2022-23,17.7,22.9,57.0,9.4,45.3,2.9,3.88,20.0,0.3,0.1,1.1,4.7,10.8,35.1,1.6,,25.9,9.5,1.3,5.1,1.7,54.4,,54.022988505747136,26.6,6-4,190,76
203484,Kentavious Caldwell-Pope,DEN,15,31.8,11.0,2.9,2.4,3.8,8.5,1.9,4.3,1.5,1.7,january,2022-23,13.6,8.9,59.2,6.9,39.1,1.2,1.91,26.1,0.7,0.0,1.0,3.1,24.1,18.1,,,33.7,5.9,,6.5,,73.8,,50.588235294117645,31.8,6-5,204,77
1630237,Anthony Lamb,GSW,12,22.2,10.9,4.0,2.0,3.8,7.3,1.9,4.4,1.3,1.7,january,2022-23,16.0,12.1,68.4,8.6,37.2,1.1,1.8,20.3,1.1,0.4,2.4,,,,,,,,,,,59.6,,60.27397260273973,22.2,6-6,227,78
1629622,Max Strus,MIA,15,28.5,10.9,4.3,2.8,3.5,9.3,2.2,6.6,1.6,1.6,january,2022-23,16.5,14.8,54.1,8.7,45.3,1.4,1.83,27.3,0.3,0.0,1.3,,,,,,,,,,,59.5,,70.96774193548386,28.5,6-5,215,77
1629656,Quentin Grimes,NYK,15,34.4,10.8,3.7,2.1,3.9,9.1,2.0,6.1,1.1,1.3,january,2022-23,13.1,8.6,56.1,6.2,32.4,1.0,1.83,24.3,0.5,0.0,0.9,10.4,22.2,10.8,,,37.6,2.4,2.8,6.8,2.0,50.8,,67.03296703296702,34.4,6-5,210,77
1630175,Cole Anthony,ORL,14,24.9,10.8,4.6,3.6,3.7,8.6,0.9,3.0,2.4,2.8,january,2022-23,19.2,22.3,54.6,10.5,50.5,3.8,4.49,17.8,0.5,0.0,0.9,6.9,14.7,51.8,,,14.3,,,,,59.6,,34.883720930232556,24.9,6-3,185,75
1627751,Jakob Poeltl,TOR,14,24.9,10.8,8.5,3.1,4.4,8.1,0.0,0.0,1.9,3.0,january,2022-23,18.0,16.2,57.4,11.2,50.2,1.5,1.76,29.3,6.2,2.5,7.2,,13.0,,16.7,,,,40.7,,14.8,61.7,,0.0,24.9,7-1,245,85
1629134,Kendrick Nunn,WAS,14,18.7,10.8,2.4,1.1,4.4,9.3,1.6,4.7,0.4,0.6,january,2022-23,21.7,8.2,56.4,9.7,23.6,1.2,3.16,14.6,0.6,0.0,1.1,,,,,,,,,,,69.0,,50.53763440860215,18.7,6-3,190,75
1628380,Zach Collins,SAS,15,20.6,10.7,6.1,2.3,4.1,8.1,0.5,1.4,1.9,2.5,january,2022-23,20.4,15.8,58.6,11.2,32.5,1.1,1.95,22.3,4.1,4.0,5.5,,,,24.7,,25.9,,19.8,,,53.1,,17.28395061728395,20.6,6-11,250,83
1626192,Pat Connaughton,MIL,16,30.4,10.7,6.3,1.6,3.8,8.9,2.8,6.9,0.3,0.6,january,2022-23,13.3,7.2,58.0,8.9,43.9,1.2,1.63,23.1,0.6,0.0,1.6,,,,,,,,,,,47.1,,77.52808988764045,30.4,6-5,209,77
1629216,Gabe Vincent,MIA,15,25.4,10.7,2.3,2.3,3.7,8.7,2.1,5.5,1.3,1.4,january,2022-23,18.1,13.2,57.5,7.3,38.3,2.5,3.93,20.3,0.1,0.0,0.3,,14.9,14.9,,,38.6,,,13.2,,55.0,,63.2183908045977,25.4,6-2,200,74
1627814,Damion Lee,PHX,15,23.4,10.6,3.0,2.0,3.3,7.6,1.5,3.5,2.5,2.8,january,2022-23,17.8,13.1,60.0,9.2,35.9,1.7,2.82,20.7,0.3,0.0,0.3,,,,,,,,,,,59.7,,46.05263157894737,23.4,6-5,210,77
1627827,Dorian Finney-Smith,BKN,7,34.2,10.6,6.7,2.4,3.7,8.4,1.9,5.3,1.3,1.3,january,2022-23,12.6,10.1,58.8,8.9,44.0,1.1,1.46,25.9,0.9,0.0,2.7,,,,,,,,,,,44.7,,63.095238095238095,34.2,6-7,220,79
1628978,Donte DiVincenzo,GSW,13,30.3,10.5,4.8,4.2,3.7,8.6,2.4,5.8,0.8,1.0,january,2022-23,14.1,17.9,58.2,9.1,54.8,2.4,2.6,27.3,0.8,0.0,2.0,1.9,18.5,11.6,,,33.0,10.8,,14.6,3.0,64.1,,67.44186046511628,30.3,6-4,203,76
203500,Steven Adams,MEM,10,28.6,10.5,13.8,2.6,4.3,7.1,0.0,0.0,1.9,4.3,january,2022-23,15.0,10.7,58.4,12.2,48.0,1.5,1.88,23.5,4.7,0.9,8.7,,4.9,,15.6,,,,23.9,,37.1,57.6,,0.0,28.6,6-11,265,83
203937,Kyle Anderson,MIN,15,30.5,10.4,5.5,5.6,4.0,7.6,1.0,1.9,1.4,1.9,january,2022-23,14.2,24.6,61.7,11.9,61.1,2.9,2.8,35.8,2.0,0.1,2.0,12.6,16.5,7.9,,,17.3,,14.2,,8.7,59.1,,25.0,30.5,6-9,230,81
1630538,Bones Hyland,LAC,15,17.0,10.3,1.9,2.1,3.6,8.8,1.7,5.1,1.5,1.6,january,2022-23,26.3,19.4,54.4,10.5,37.5,2.8,4.43,17.2,0.3,0.0,0.1,10.9,23.0,24.3,,,24.3,5.7,,5.7,,62.9,,57.954545454545446,17.0,6-2,169,74
1630631,Jose Alvarado,NOP,16,25.0,10.3,2.6,3.6,3.6,9.4,1.6,4.6,1.4,1.5,january,2022-23,19.3,21.5,51.1,7.9,52.3,4.0,4.54,19.4,0.0,0.0,0.3,4.2,20.0,27.3,,,30.0,3.8,3.8,,,74.4,,48.93617021276595,25.0,6-0,179,72
1627826,Ivica Zubac,LAC,16,27.7,10.3,8.4,0.9,4.1,6.8,0.0,0.1,2.1,2.8,january,2022-23,14.7,4.8,63.9,9.4,41.1,1.0,1.53,20.6,3.3,1.7,8.5,,5.5,,18.4,28.3,,,20.1,,20.3,66.0,,1.4705882352941178,27.7,7-0,240,84
1629013,Landry Shamet,PHX,5,30.8,10.2,3.6,3.4,3.2,10.6,1.8,5.6,2.0,2.2,january,2022-23,19.5,18.7,44.1,5.5,55.6,3.5,3.83,25.0,0.6,0.0,0.4,,22.7,,,,51.6,10.2,,,,70.0,,52.83018867924528,30.8,6-4,190,76
1630557,Corey Kispert,WAS,13,26.1,10.2,3.4,1.2,3.2,6.8,2.2,4.8,1.5,1.5,january,2022-23,14.0,6.1,67.8,8.4,30.2,0.7,1.39,17.7,0.3,0.0,0.7,,19.0,9.5,,,34.1,11.9,,8.7,,64.4,,70.58823529411765,26.1,6-6,224,78
1630182,Josh Green,DAL,7,29.7,10.1,2.9,2.3,3.6,7.1,1.1,2.9,1.9,2.4,january,2022-23,15.1,11.1,61.8,6.1,39.1,1.7,2.58,19.4,0.9,0.0,1.7,,28.0,,,,61.3,,,,,54.5,,40.845070422535215,29.7,6-7,200,79
1629021,Moritz Wagner,ORL,12,16.2,10.1,3.4,1.2,3.2,6.2,1.1,3.0,2.7,3.2,january,2022-23,22.0,11.1,66.7,10.9,30.1,0.8,1.68,18.3,1.8,0.5,2.5,,,,,,,,,,,76.5,,48.387096774193544,16.2,6-11,245,83
1630191,Isaiah Stewart,DET,9,27.6,10.0,7.8,1.4,3.4,8.7,0.3,2.9,2.8,3.8,january,2022-23,18.0,7.5,48.4,6.5,35.4,1.0,1.74,22.1,1.3,1.1,6.3,,10.3,,13.9,10.3,23.9,,19.2,,11.8,61.1,,33.333333333333336,27.6,6-8,250,80
203935,Marcus Smart,BOS,9,29.8,10.0,3.9,6.4,3.6,9.3,1.6,5.3,1.3,1.8,january,2022-23,18.3,28.0,49.4,7.0,59.1,3.9,3.99,26.0,0.2,1.2,1.6,4.2,18.4,15.1,5.0,,38.3,,,,,72.7,,56.98924731182795,29.8,6-4,220,76
1631117,Walker Kessler,UTA,13,23.9,10.0,9.5,1.2,4.5,6.5,0.0,0.0,1.1,2.1,january,2022-23,14.4,7.3,67.8,14.1,29.3,0.7,1.47,19.2,2.8,0.2,8.1,,,,,,,,29.0,,22.6,48.9,,0.0,23.9,7-0,245,84
1628370,Malik Monk,SAC,14,19.9,9.9,3.1,3.9,3.6,9.2,1.2,4.2,1.4,1.6,january,2022-23,24.0,29.4,50.0,10.4,36.3,1.6,2.61,24.3,0.4,0.0,1.4,8.4,22.0,24.1,3.5,,25.5,6.7,,4.6,,64.3,,45.652173913043484,19.9,6-3,200,75
1627752,Taurean Prince,MIN,11,23.5,9.9,2.1,1.6,3.7,7.3,1.7,3.7,0.7,1.0,january,2022-23,15.2,9.6,64.2,6.9,31.2,1.1,2.06,20.4,0.2,0.0,0.5,,27.3,,,,54.5,,,,,56.7,,50.68493150684932,23.5,6-6,218,78
1630166,Deni Avdija,WAS,13,26.7,9.8,8.2,1.9,3.6,7.8,0.5,2.5,2.1,3.0,january,2022-23,16.0,10.2,54.2,10.1,43.2,2.1,2.87,20.9,0.5,0.1,1.8,14.0,18.1,26.9,,3.1,19.0,4.8,4.0,4.7,1.7,60.9,,32.05128205128205,26.7,6-9,210,81
1629611,Terance Mann,LAC,16,27.7,9.8,3.5,2.6,3.7,7.9,1.2,3.1,1.3,1.6,january,2022-23,15.0,12.9,56.9,7.6,49.3,3.2,3.84,21.1,0.2,0.1,1.3,3.7,22.0,17.9,,,28.9,4.4,6.6,,8.1,75.4,,39.24050632911392,27.7,6-5,215,77
1629669,Jaylen Nowell,MIN,16,18.9,9.8,2.1,1.9,3.9,8.2,0.6,3.1,1.4,1.9,january,2022-23,22.5,14.2,54.1,8.6,36.8,2.1,3.43,18.9,0.1,0.0,0.4,,,,,,,,,,,75.0,,37.804878048780495,18.9,6-4,201,76
1629614,Andrew Nembhard,IND,13,28.8,9.5,2.5,4.5,3.8,10.3,1.2,4.5,0.8,0.8,january,2022-23,18.3,22.2,44.7,4.6,53.2,3.5,3.95,25.2,0.3,0.1,1.0,8.9,14.8,38.5,,,21.4,7.1,,,,61.0,,43.689320388349515,28.8,6-3,191,75
1626168,Trey Lyles,SAC,15,17.7,9.5,4.3,0.9,3.0,5.7,1.3,3.0,2.3,2.7,january,2022-23,17.5,7.4,69.7,14.0,27.7,0.8,1.67,16.1,0.4,0.3,1.7,,,,,,,,,,,49.1,,52.63157894736842,17.7,6-9,234,81
1630529,Herbert Jones,NOP,12,27.2,9.5,3.8,1.8,3.3,6.8,0.7,2.0,2.2,2.8,january,2022-23,14.8,9.6,59.4,7.0,38.5,1.4,2.24,20.9,0.8,0.0,1.9,,22.4,10.8,,,37.7,6.3,5.4,,,65.2,,29.411764705882355,27.2,6-7,206,79
1630613,Duane Washington Jr.,NYK,11,15.7,9.5,1.3,2.9,3.4,10.3,1.6,4.1,1.1,1.4,january,2022-23,31.1,30.8,43.5,6.4,37.3,3.2,5.14,14.4,0.1,0.0,0.0,,,,,,,,,,,63.0,,39.80582524271844,15.7,6-2,197,74
1630168,Onyeka Okongwu,ATL,14,29.0,9.4,8.6,1.4,4.3,6.5,0.0,0.0,0.9,1.2,january,2022-23,12.2,6.0,67.0,9.1,32.9,0.7,1.36,16.1,3.1,0.4,7.3,1.6,15.5,2.1,11.6,6.9,28.0,3.2,11.2,3.4,7.5,51.0,,0.0,29.0,6-9,240,81
1629020,Jarred Vanderbilt,LAL,13,23.1,9.4,7.7,2.7,3.5,6.5,0.3,1.1,2.2,3.3,january,2022-23,17.0,16.6,58.7,11.8,34.8,1.4,2.35,18.6,2.2,0.0,5.5,,18.0,,,,32.3,,16.9,,14.3,52.5,,16.923076923076923,23.1,6-8,214,80
1626220,Royce O'Neale,BKN,13,33.4,9.3,5.1,3.3,3.2,8.7,2.1,6.2,0.9,1.2,january,2022-23,14.5,13.0,50.6,6.1,68.8,2.5,2.22,32.2,0.2,0.1,0.5,,26.0,8.3,2.7,,43.8,3.9,,3.6,,59.3,,71.26436781609196,33.4,6-6,226,78
203926,Doug McDermott,SAS,14,20.3,9.3,2.5,0.9,3.4,7.4,1.5,3.6,1.1,1.4,january,2022-23,17.6,6.2,58.1,6.6,27.7,0.8,1.68,18.8,0.4,0.0,1.0,,,,,,65.4,,,,,62.5,,48.648648648648646,20.3,6-6,225,78
1630537,Chris Duarte,IND,15,20.9,9.3,2.7,1.9,2.8,7.4,1.2,4.0,2.5,2.8,january,2022-23,17.7,12.9,53.7,8.3,33.1,1.2,2.23,22.5,0.3,0.0,0.5,,,,,,,,,,,63.2,,54.05405405405405,20.9,6-5,190,77
203493,Reggie Bullock Jr.,DAL,15,32.3,9.3,3.8,1.6,3.2,6.9,2.6,5.8,0.3,0.5,january,2022-23,10.2,7.0,64.6,6.4,35.7,0.7,1.24,20.8,0.2,0.0,0.7,,,,,,,,,,,50.0,,84.05797101449275,32.3,6-6,205,78
202322,John Wall,LAC,5,22.8,9.2,3.2,5.0,3.4,9.4,0.6,2.2,1.8,2.4,january,2022-23,22.8,36.8,44.0,8.1,56.2,5.0,5.34,20.0,0.0,0.4,0.2,,,,,,,,,,,66.7,,23.404255319148938,22.8,6-3,210,75
1629641,Romeo Langford,SAS,11,21.7,9.2,3.5,2.0,4.0,8.1,0.5,1.5,0.6,1.1,january,2022-23,16.8,11.7,53.6,7.6,26.0,1.1,2.58,17.8,0.3,0.0,1.7,,,,,,,,,,,71.4,,18.51851851851852,21.7,6-5,216,77
1629001,De'Anthony Melton,PHI,14,26.5,9.0,3.9,2.1,3.0,7.3,1.9,4.7,1.1,1.1,january,2022-23,15.0,10.4,57.8,6.7,42.5,1.5,2.13,22.6,0.8,0.0,1.1,,,,,,,,,,,65.7,,64.38356164383562,26.5,6-2,200,74
1627777,Georges Niang,PHI,14,18.8,8.9,2.7,1.4,3.1,6.1,2.4,5.0,0.2,0.2,january,2022-23,15.2,9.2,71.6,9.9,29.5,0.6,1.31,15.1,0.1,0.0,0.5,,,,,,,,,,,66.7,,81.9672131147541,18.8,6-7,230,79
1629675,Naz Reid,MIN,14,16.4,8.9,4.4,0.7,3.6,6.9,0.6,2.8,1.1,1.4,january,2022-23,22.8,7.3,59.6,10.9,33.0,0.9,1.63,18.9,1.4,0.6,2.4,3.8,17.2,4.8,9.1,8.1,30.7,4.7,3.6,8.4,4.3,71.1,,40.57971014492753,16.4,6-9,264,81
1630174,Aaron Nesmith,IND,13,25.4,8.9,4.0,0.8,2.7,8.2,1.0,3.8,2.5,2.9,january,2022-23,17.2,4.7,47.3,3.6,37.5,1.0,1.57,19.9,0.5,0.0,1.5,,19.9,10.4,6.6,,30.9,5.5,,13.7,4.1,71.7,,46.34146341463415,25.4,6-5,215,77
203933,T.J. Warren,PHX,12,18.0,8.9,2.2,0.8,3.7,7.8,0.7,1.9,0.9,1.3,january,2022-23,20.9,6.6,53.7,7.5,22.9,1.0,2.69,13.3,0.7,0.3,0.9,,,,,,,,,,,66.7,,24.358974358974358,18.0,6-8,220,80
1629026,Kenrich Williams,OKC,14,24.1,8.9,6.2,2.6,3.6,7.0,1.5,3.3,0.2,0.6,january,2022-23,13.6,13.2,61.1,10.7,36.9,1.1,1.74,21.2,1.3,0.4,3.5,,14.6,,,,42.3,,10.0,,7.7,62.0,,47.14285714285714,24.1,6-6,210,78
1629684,Grant Williams,BOS,15,27.9,8.8,4.7,1.7,2.9,7.0,1.3,3.5,1.8,2.1,january,2022-23,14.8,8.2,55.6,5.5,32.6,1.0,1.88,18.3,0.9,0.2,2.0,,,,,,38.2,,,,,53.4,,50.0,27.9,6-6,236,78
1629632,Coby White,CHI,14,23.2,8.7,3.2,2.0,3.1,7.9,1.9,4.8,0.6,0.7,january,2022-23,16.4,11.5,52.9,7.2,38.5,1.9,2.95,19.8,0.1,0.0,0.3,7.7,29.3,29.6,,,20.9,3.1,,2.6,,59.1,,60.759493670886066,23.2,6-5,195,77
203914,Gary Harris,ORL,14,23.8,8.7,1.7,1.0,3.1,6.1,2.0,4.1,0.6,0.8,january,2022-23,12.6,5.8,67.9,5.8,19.2,0.6,1.77,14.4,0.1,0.0,0.4,,16.7,,,,54.2,,,,,71.0,,67.21311475409836,23.8,6-4,210,76
1630527,Brandon Boston,LAC,6,15.6,8.7,2.3,1.7,3.2,7.8,0.5,1.7,1.8,2.5,january,2022-23,25.3,16.7,48.5,7.9,28.0,1.3,2.77,17.5,0.0,0.2,1.0,,,,,,,,,,,54.5,,21.794871794871796,15.6,6-6,188,78
201143,Al Horford,BOS,13,31.0,8.6,5.7,2.9,3.2,7.7,1.8,4.8,0.4,0.5,january,2022-23,11.6,12.7,54.6,7.5,44.9,1.2,1.59,25.4,0.9,0.8,2.8,,15.0,,12.2,8.9,40.0,,7.8,5.6,,55.1,,62.33766233766234,31.0,6-9,240,81
1630245,Ayo Dosunmu,CHI,14,28.8,8.5,2.9,2.6,3.5,7.0,0.5,2.1,1.0,1.3,january,2022-23,13.6,11.9,56.2,5.0,45.0,2.6,3.46,19.1,0.2,0.0,1.1,2.2,33.6,20.8,,,31.6,,3.1,,,68.3,,30.0,28.8,6-5,200,77
1631106,Tari Eason,HOU,14,20.4,8.4,6.1,1.4,3.6,7.4,0.5,1.6,0.6,1.1,january,2022-23,17.2,10.6,53.8,10.7,32.4,1.2,2.31,15.8,0.9,0.2,2.9,5.0,19.9,5.4,,,43.3,,6.5,,9.2,55.8,,21.62162162162162,20.4,6-8,215,80
1626195,Willy Hernangomez,NOP,8,16.0,8.4,5.8,1.0,3.4,5.4,0.0,0.1,1.6,2.5,january,2022-23,18.0,10.4,64.7,15.0,28.4,0.7,1.56,17.0,2.3,0.8,4.6,,,,,,,,,,,56.8,,1.8518518518518516,16.0,6-11,250,83
1626149,Montrezl Harrell,PHI,14,16.2,8.3,2.9,0.7,3.5,5.1,0.0,0.0,1.3,2.0,january,2022-23,18.0,6.5,69.6,9.5,21.4,0.6,1.8,13.4,1.6,1.9,4.9,,,,,,,,,,,67.9,,0.0,16.2,6-7,240,79
202704,Reggie Jackson,DEN,13,19.3,8.2,1.4,3.0,3.2,8.3,1.2,3.6,0.6,0.6,january,2022-23,21.5,23.4,48.0,7.6,38.0,3.0,4.79,15.1,0.2,0.0,0.3,,,,,,,,,,,52.8,,43.37349397590361,19.3,6-2,208,74
1628997,Caleb Martin,MIA,10,25.6,8.2,5.1,1.0,3.0,6.5,1.0,3.0,1.2,1.5,january,2022-23,14.3,5.6,57.3,7.1,32.6,1.2,2.27,18.1,0.7,0.0,1.4,,32.5,7.9,,,35.7,,,,,64.1,,46.15384615384615,25.6,6-5,205,77
203967,Dario Šarić,OKC,14,18.1,8.1,4.9,2.1,2.9,5.6,0.9,2.1,1.5,1.9,january,2022-23,18.2,17.8,63.0,10.7,29.6,0.9,1.87,18.1,0.8,1.2,2.6,,,,,,,,,,,66.7,,37.50000000000001,18.1,6-10,225,82
203925,Joe Harris,BKN,14,22.2,8.1,2.6,1.4,3.1,5.9,1.9,4.2,0.1,0.3,january,2022-23,13.2,8.3,68.1,6.2,24.1,0.6,1.38,16.9,0.4,0.1,0.6,,,,,,,,,,,73.3,,71.1864406779661,22.2,6-6,220,78
1629117,Wenyen Gabriel,LAL,14,18.1,8.1,4.1,0.4,3.6,5.7,0.2,0.8,0.6,1.5,january,2022-23,16.0,2.8,63.9,8.3,25.4,0.6,1.3,12.1,2.4,0.2,5.8,,,,,,,,,,,47.8,,14.035087719298245,18.1,6-9,205,81
1629642,Nassir Little,POR,8,18.9,8.1,1.9,0.9,3.0,5.6,1.9,3.1,0.3,0.6,january,2022-23,13.8,6.3,68.9,7.7,21.8,0.7,1.98,13.5,0.3,0.0,1.0,,,,,,,,,,,50.0,,55.35714285714286,18.9,6-5,220,77
1631100,AJ Griffin,ATL,15,18.8,8.1,1.7,0.9,3.0,5.3,1.5,2.9,0.5,0.5,january,2022-23,13.2,6.5,73.3,9.2,18.9,0.7,2.23,12.5,0.2,0.0,0.0,,,,,,,,,,,73.5,,54.71698113207547,18.8,6-6,220,78
1626224,Cedi Osman,CLE,16,17.1,8.0,1.3,1.1,2.9,5.9,1.4,3.6,0.8,1.2,january,2022-23,17.9,9.9,61.9,7.9,24.4,1.0,2.36,16.6,0.3,0.1,0.6,,,,,,,,,,,84.2,,61.01694915254237,17.1,6-7,230,79
201145,Jeff Green,DEN,6,20.2,8.0,1.7,1.7,2.8,5.8,0.7,2.2,1.7,2.5,january,2022-23,17.0,12.3,57.7,5.5,28.2,0.8,1.7,16.8,1.7,1.2,1.7,,,,,,,,,,,72.7,,37.931034482758626,20.2,6-8,235,80
1630533,Ziaire Williams,MEM,14,20.0,8.0,2.5,0.6,3.1,6.9,1.1,3.5,0.8,1.1,january,2022-23,16.7,3.8,54.6,4.8,20.0,0.7,1.99,13.1,0.1,0.0,1.4,,22.1,3.7,,,48.3,9.7,6.0,,,54.5,,50.724637681159415,20.0,6-9,185,81
1628404,Josh Hart,NYK,14,30.4,7.9,7.4,4.3,2.9,6.1,0.6,2.2,1.5,2.1,january,2022-23,11.6,17.9,56.5,8.9,39.7,1.7,2.53,19.4,0.6,0.0,1.4,,21.0,10.3,,,45.6,4.0,4.6,,,67.1,,36.06557377049181,30.4,6-4,215,76
1630583,Santi Aldama,MEM,14,18.2,7.9,3.2,1.0,2.8,5.6,1.2,3.4,1.1,1.6,january,2022-23,15.5,7.1,62.3,8.6,23.8,0.7,1.87,12.2,0.8,0.3,1.5,,22.8,2.3,8.8,4.1,40.1,,6.8,,7.0,60.3,,60.71428571428572,18.2,7-0,215,84
1628966,Keita Bates-Diop,SAS,9,19.8,7.9,3.4,1.1,2.8,6.4,0.9,2.3,1.4,2.0,january,2022-23,15.5,7.4,53.9,8.0,22.9,0.8,2.11,15.9,0.9,0.4,2.1,,,,,,,,,,,59.3,,35.93749999999999,19.8,6-8,229,80
203082,Terrence Ross,PHX,9,20.5,7.9,2.1,1.3,2.9,5.4,1.8,3.2,0.3,0.3,january,2022-23,12.0,9.3,70.5,9.1,17.2,0.6,1.94,11.1,0.2,0.0,0.1,,,,,,,,,,,75.0,,59.25925925925925,20.5,6-7,206,79
1631103,Malaki Branham,SAS,15,21.7,7.8,2.1,2.0,3.1,7.9,0.8,3.4,0.7,0.9,january,2022-23,17.7,12.8,46.7,4.8,30.6,1.9,3.68,12.2,0.4,0.0,0.4,,,,,,,,,,,55.6,,43.0379746835443,21.7,6-4,180,76
1628972,Troy Brown Jr.,LAL,13,28.8,7.8,5.0,1.8,2.8,7.1,1.7,4.9,0.4,0.5,january,2022-23,11.1,8.2,53.4,7.2,29.8,0.9,1.79,15.8,0.7,0.0,1.9,,,,,,,,,,,69.7,,69.01408450704226,28.8,6-7,215,79
1630171,Isaac Okoro,CLE,16,23.5,7.8,3.4,1.4,2.8,5.3,1.3,2.6,0.9,1.6,january,2022-23,12.6,8.2,64.6,7.0,23.2,0.7,1.77,14.5,0.3,0.0,1.1,,25.9,,,,41.6,,10.8,,5.2,58.0,,49.05660377358491,23.5,6-5,225,77
203939,Dwight Powell,DAL,15,22.4,7.7,4.8,0.9,2.8,4.1,0.0,0.1,2.1,2.7,january,2022-23,12.5,5.9,73.4,8.3,26.5,0.7,1.51,14.6,2.5,0.1,6.9,,13.2,,12.1,,,,37.4,,,58.3,,2.439024390243903,22.4,6-10,240,82
200768,Kyle Lowry,MIA,11,27.7,7.7,3.7,3.9,2.7,7.3,1.3,4.8,1.0,1.2,january,2022-23,14.3,19.6,49.6,6.8,55.5,3.0,3.27,25.0,0.4,0.1,1.1,,,,,,,,,,,78.4,,65.75342465753424,27.7,6-0,196,72
1629003,Shake Milton,PHI,14,19.1,7.7,2.6,3.3,3.0,6.4,0.7,1.7,1.0,1.1,january,2022-23,16.9,22.8,56.2,9.0,34.5,2.2,3.88,16.3,0.2,0.0,0.4,,,,,,,,,,,85.7,,26.5625,19.1,6-5,205,77
1631101,Shaedon Sharpe,POR,15,20.8,7.7,2.4,0.7,3.0,6.3,0.9,2.9,0.7,1.1,january,2022-23,15.7,4.4,56.7,4.7,21.6,0.8,2.15,14.3,0.3,0.0,1.3,12.3,19.5,31.7,,,16.7,5.1,4.8,2.1,2.8,67.4,,46.03174603174603,20.8,6-5,200,77
1629057,Robert Williams III,BOS,11,25.4,7.6,8.4,1.9,3.6,4.9,0.0,0.0,0.4,0.7,january,2022-23,9.9,10.7,73.0,13.0,31.8,0.7,1.29,19.3,1.6,0.1,7.1,,,,17.1,,9.8,,32.5,,20.3,55.3,,0.0,25.4,6-9,237,81
1626172,Kevon Looney,GSW,13,24.6,7.6,10.8,2.2,3.1,4.5,0.0,0.0,1.5,2.4,january,2022-23,10.5,11.6,68.1,11.9,42.8,1.1,1.49,25.1,2.6,0.5,6.8,,,,19.3,,,,,,31.6,64.5,,0.0,24.6,6-9,222,81
204060,Joe Ingles,MIL,13,23.6,7.5,2.5,3.7,2.5,5.5,1.8,4.2,0.6,0.8,january,2022-23,11.6,19.5,64.1,8.3,34.4,1.8,3.08,21.6,0.0,0.0,0.2,,,,,,,,,,,57.5,,76.36363636363637,23.6,6-9,220,81
1628449,Chris Boucher,TOR,15,16.8,7.5,5.0,0.4,2.7,5.5,0.8,2.0,1.3,1.9,january,2022-23,15.8,3.8,59.9,12.7,17.6,0.5,1.59,9.5,0.3,0.0,3.5,,,,,,,,,,,51.4,,36.36363636363637,16.8,6-9,200,81
203110,Draymond Green,GSW,12,33.5,7.5,9.4,7.8,2.7,5.1,0.6,1.8,1.6,2.3,january,2022-23,10.8,28.9,61.7,11.3,80.5,2.3,1.72,44.1,3.2,0.6,3.2,,9.4,5.1,10.2,,39.8,,10.2,,2.7,48.2,,35.294117647058826,33.5,6-6,230,78
1630256,Jae'Sean Tate,HOU,10,20.1,7.5,3.8,3.0,2.9,6.6,0.4,1.4,1.3,1.6,january,2022-23,17.3,19.7,51.3,7.2,39.6,2.6,3.88,18.9,0.4,1.2,1.8,,,,,,,,,,,66.7,,21.21212121212121,20.1,6-5,230,77
1626153,Delon Wright,WAS,13,22.3,7.5,3.5,3.5,2.7,5.7,0.8,2.5,1.2,1.2,january,2022-23,13.1,20.8,59.8,11.5,46.5,3.7,4.82,18.6,0.5,0.0,1.1,,,,,,,,,,,58.5,,43.859649122807014,22.3,6-5,185,77
1629111,Jock Landale,PHX,12,15.6,7.3,3.9,1.2,3.0,5.7,0.7,1.8,0.7,0.7,january,2022-23,18.8,11.4,61.5,9.8,26.7,0.7,1.58,18.3,3.0,1.4,5.0,,9.3,,22.2,14.9,14.4,,14.4,,16.9,57.1,,31.57894736842105,15.6,6-11,255,83
1630543,Isaiah Jackson,IND,10,15.6,7.2,3.4,0.6,3.1,5.5,0.0,0.3,1.0,1.6,january,2022-23,17.4,6.2,58.0,8.6,19.5,0.4,1.25,12.1,1.3,0.1,5.8,,13.6,,11.6,7.1,5.1,,20.7,,25.8,46.7,,5.454545454545454,15.6,6-9,205,81
1628470,Torrey Craig,PHX,15,26.9,7.2,6.4,1.5,2.8,6.9,1.1,2.9,0.5,0.7,january,2022-23,13.4,7.8,50.3,6.6,34.6,1.1,1.94,17.6,1.0,0.0,2.9,,,,,,,,,,,53.3,,42.028985507246375,26.9,6-7,221,79
1629626,Bol Bol,ORL,9,17.5,7.1,4.4,0.8,2.9,5.7,0.0,0.9,1.3,1.8,january,2022-23,19.8,6.2,55.1,9.1,17.8,0.6,2.16,11.1,0.3,0.1,1.8,,,,,,,,,,,66.7,,15.789473684210526,17.5,7-2,220,86
203482,Kelly Olynyk,UTA,5,24.8,7.0,4.6,3.4,2.6,6.6,1.2,3.6,0.6,0.8,january,2022-23,14.6,17.9,50.3,4.6,44.2,1.5,1.97,23.6,1.0,0.8,1.6,,,,,,,,,,,57.7,,54.545454545454554,24.8,6-11,240,83
1628995,Kevin Knox II,POR,9,16.4,7.0,3.4,0.2,2.6,4.6,1.2,2.7,0.7,0.9,january,2022-23,15.3,2.2,70.8,8.0,21.1,0.6,1.61,8.7,0.1,0.0,0.8,,,,,,,,,,,54.8,,58.69565217391305,16.4,6-7,215,79
201988,Patty Mills,BKN,6,16.3,7.0,0.8,1.8,2.5,6.2,1.3,4.2,0.7,0.8,january,2022-23,17.8,12.8,53.6,6.3,21.0,1.0,2.84,11.8,0.0,0.0,0.0,,,,,,,,,,,66.7,,67.74193548387098,16.3,6-0,180,72
1630240,Saben Lee,PHX,10,17.3,7.0,2.2,3.3,2.0,4.4,0.6,1.2,2.4,3.1,january,2022-23,16.1,30.0,60.7,11.6,40.0,3.6,5.47,12.9,0.4,0.0,0.9,,,,,,,,,,,61.9,,27.27272727272727,17.3,6-2,183,74
1631109,Mark Williams,CHA,14,15.3,6.9,5.4,0.1,2.6,4.5,0.0,0.0,1.6,2.2,january,2022-23,16.4,1.7,63.3,14.6,16.1,0.4,1.49,9.7,1.5,1.0,4.6,,15.1,,19.3,5.0,,,27.6,,23.1,52.7,,0.0,15.3,7-0,240,84
201976,Patrick Beverley,CHI,13,26.9,6.9,2.3,2.2,2.3,6.0,1.5,4.2,0.8,0.9,january,2022-23,11.5,10.1,54.0,4.2,28.4,1.5,3.12,15.8,0.2,0.0,0.7,,,,,,,,,,,76.8,,70.0,26.9,6-2,180,74
1628975,Jevon Carter,MIL,16,18.1,6.9,1.6,1.7,2.5,6.0,1.8,4.2,0.1,0.3,january,2022-23,15.4,13.4,56.3,6.1,33.8,2.4,4.24,12.5,0.3,0.0,0.3,,21.5,17.2,,,45.2,,,,,69.2,,70.0,18.1,6-1,200,73
1629660,Ty Jerome,GSW,8,18.0,6.8,1.1,2.9,2.8,5.5,0.9,1.8,0.4,0.4,january,2022-23,14.4,21.7,59.6,7.8,37.0,2.4,3.96,18.4,0.3,0.0,0.4,,,,,,,,,,,65.2,,32.72727272727273,18.0,6-5,195,77
1629006,Josh Okogie,PHX,13,15.8,6.6,3.3,1.3,1.9,5.2,0.8,2.1,2.0,3.0,january,2022-23,19.8,11.9,50.5,7.3,20.9,0.8,2.31,13.5,0.3,0.0,1.6,,24.9,,,,41.5,,11.1,,9.7,60.0,,40.38461538461539,15.8,6-4,213,76
1630192,Zeke Nnaji,DEN,16,16.6,6.6,3.4,0.4,2.4,4.4,0.6,1.6,1.1,1.9,january,2022-23,14.1,3.6,62.0,8.9,15.5,0.4,1.5,10.4,1.6,0.3,3.6,,14.9,,16.3,,24.8,,22.7,,9.9,61.5,,36.36363636363637,16.6,6-9,240,81
1630598,Aaron Wiggins,OKC,12,17.3,6.5,2.7,1.7,2.6,4.5,0.8,1.7,0.6,0.7,january,2022-23,13.5,12.7,67.8,8.2,21.4,0.7,1.85,14.8,0.6,0.0,2.2,6.3,22.9,8.6,,,44.9,,3.3,4.0,,47.6,,37.77777777777778,17.3,6-5,190,77
1627936,Alex Caruso,CHI,12,23.6,6.5,3.5,2.7,2.4,5.3,0.8,2.1,0.8,1.0,january,2022-23,12.3,14.3,56.3,7.8,46.1,2.2,2.87,19.5,1.0,0.1,1.6,,19.9,8.2,7.0,,45.6,,,,,61.1,,39.62264150943396,23.6,6-5,186,77
203496,Robert Covington,LAC,12,18.3,6.5,4.6,1.6,2.3,5.0,1.1,2.8,0.8,1.3,january,2022-23,14.0,11.4,58.6,11.1,31.6,0.8,1.6,14.8,0.3,0.0,1.9,,,,,,,,,,,51.5,,55.99999999999999,18.3,6-7,209,79
1628372,Dennis Smith Jr.,CHA,15,22.7,6.3,2.4,3.7,2.3,7.3,0.1,1.7,1.6,1.9,january,2022-23,17.1,23.3,39.2,4.8,42.1,2.7,3.82,19.1,0.1,0.1,0.8,,,,,,,,,,,56.1,,23.28767123287671,22.7,6-2,205,74
1631119,Jaylin Williams,OKC,9,15.8,6.3,4.8,1.6,2.7,5.1,0.9,1.4,0.1,0.3,january,2022-23,16.8,13.1,60.2,10.3,33.6,0.8,1.41,18.8,1.8,0.0,2.7,,14.8,,21.6,,40.7,,,,,66.7,,27.450980392156865,15.8,6-9,240,81
1626204,Larry Nance Jr.,NOP,13,22.1,6.3,6.1,2.0,2.5,4.7,0.2,0.6,1.1,1.6,january,2022-23,11.5,13.1,58.4,11.5,29.5,0.9,1.88,18.2,2.6,0.8,3.9,,20.3,,,,36.7,,22.8,,,68.4,,12.76595744680851,22.1,6-8,245,80
1628379,Luke Kennard,MEM,7,18.2,6.3,2.1,0.7,2.3,5.9,1.0,2.9,0.7,0.7,january,2022-23,17.5,6.0,50.9,4.8,24.0,0.9,2.3,15.4,0.1,0.0,0.4,,24.5,9.1,,,32.0,7.9,5.8,11.6,,73.3,,49.15254237288135,18.2,6-5,206,77
1630214,Xavier Tillman,MEM,12,17.6,6.3,5.5,1.3,2.6,4.7,0.0,0.3,1.1,1.8,january,2022-23,12.9,10.6,57.5,11.6,29.4,0.8,1.66,16.8,4.7,0.2,5.4,,,,,,,,,,,59.5,,6.382978723404255,17.6,6-7,245,79
1627884,Derrick Jones Jr.,CHI,14,18.5,6.2,3.1,0.9,2.4,4.2,0.4,1.1,1.0,1.4,january,2022-23,12.2,6.4,64.2,7.1,23.4,0.5,1.3,12.4,0.5,0.0,3.1,,18.3,,,,46.0,,13.5,,7.9,67.3,,26.190476190476193,18.5,6-6,210,78
1629011,Mitchell Robinson,NYK,9,29.6,6.1,9.1,0.9,2.7,4.9,0.0,0.0,0.8,2.0,january,2022-23,9.1,4.2,53.0,8.1,27.7,0.6,1.36,13.6,1.0,0.8,8.2,,,,11.7,,,,12.5,,52.3,52.8,,0.0,29.6,7-0,240,84
1631223,David Roddy,MEM,10,15.7,6.1,2.7,0.6,2.4,5.1,0.7,2.0,0.6,1.2,january,2022-23,16.1,5.0,54.2,5.9,19.9,0.7,2.02,11.1,0.1,0.1,1.0,,,,,,,,,,,52.4,,39.21568627450981,15.7,6-4,255,76
1629637,Jaxson Hayes,NOP,13,16.1,6.1,3.4,0.8,2.2,4.3,0.1,0.6,1.5,2.4,january,2022-23,15.1,8.2,56.7,7.0,18.7,0.4,1.32,12.1,1.2,0.3,3.2,,13.2,,26.5,,,,34.4,,13.2,66.7,,13.953488372093023,16.1,7-0,220,84
1630202,Payton Pritchard,BOS,13,16.4,6.0,2.2,0.9,2.4,5.8,1.2,3.5,0.1,0.2,january,2022-23,17.9,8.9,50.7,5.9,27.7,1.5,3.2,13.6,0.3,0.0,1.0,12.8,16.2,25.6,1.9,,26.2,6.4,,5.1,1.8,60.0,,60.3448275862069,16.4,6-1,195,73
201587,Nicolas Batum,LAC,14,24.1,5.9,4.0,1.7,1.9,5.3,1.5,4.5,0.6,0.7,january,2022-23,11.5,9.3,52.9,5.4,31.9,0.7,1.31,19.0,0.6,0.1,1.1,,14.2,,,,68.9,,,,,61.5,,84.90566037735849,24.1,6-8,230,80
201567,Kevin Love,MIA,12,19.3,5.9,6.5,1.3,1.9,6.3,0.9,4.0,1.2,1.3,january,2022-23,17.2,9.7,43.0,8.0,35.8,1.1,1.76,19.6,0.8,2.1,2.1,,14.0,,14.6,,34.1,,6.7,,15.2,63.2,,63.49206349206349,19.3,6-8,251,80
1630587,Isaiah Livers,DET,8,24.9,5.9,2.6,0.9,1.9,4.9,1.4,3.6,0.8,0.9,january,2022-23,9.2,4.7,55.8,4.4,28.0,0.8,1.76,16.7,0.3,0.0,0.3,,,,,,49.1,,,,,51.1,,73.46938775510203,24.9,6-6,232,78
1628998,Cody Martin,CHA,6,22.1,5.8,4.0,1.8,2.3,6.0,0.5,2.3,0.7,1.2,january,2022-23,12.2,11.1,44.8,5.2,24.5,1.0,2.53,15.3,0.2,0.0,1.3,,,,,,,,,,,69.2,,38.33333333333333,22.1,6-6,205,78
203085,Austin Rivers,MIN,14,24.2,5.8,2.0,2.1,2.3,4.8,0.9,2.9,0.3,0.4,january,2022-23,9.5,10.8,58.2,5.9,29.6,1.4,2.88,17.6,0.1,0.0,0.1,,,,,,,,,,,71.0,,60.416666666666664,24.2,6-4,200,76
1627732,Ben Simmons,BKN,11,27.8,5.7,6.3,7.7,2.5,5.5,0.0,0.0,0.6,1.3,january,2022-23,13.9,34.0,47.6,9.5,65.5,3.9,3.58,22.5,2.3,1.5,2.6,,,,,,,,,,,58.5,,0.0,27.8,6-10,240,82
203488,Mike Muscala,BOS,13,15.8,5.7,2.9,0.7,1.8,4.5,1.3,3.2,0.7,0.8,january,2022-23,13.2,5.5,58.9,6.4,29.2,0.5,1.11,14.4,0.8,0.2,1.5,,,,,,,,,,,54.2,,71.11111111111111,15.8,6-11,240,83
1630591,Jalen Suggs,ORL,13,16.0,5.5,2.2,2.0,1.7,4.5,0.6,2.6,1.5,2.1,january,2022-23,16.0,17.4,50.8,6.9,23.7,1.1,2.73,12.0,0.2,0.0,1.2,6.6,24.5,25.2,,,20.4,7.3,,,4.0,54.2,,57.777777777777786,16.0,6-5,205,77
1629731,Dean Wade,CLE,6,18.6,5.5,2.5,1.0,1.8,4.0,1.2,3.2,0.7,1.3,january,2022-23,12.6,7.9,60.0,6.6,22.8,0.6,1.61,13.3,0.2,0.0,0.7,,28.1,,5.0,,46.7,,12.1,,,50.0,,80.0,18.6,6-9,228,81
1630544,Tre Mann,OKC,14,15.1,5.5,2.1,1.4,2.2,5.1,0.9,2.6,0.2,0.4,january,2022-23,17.0,13.4,51.9,6.0,23.5,1.5,3.75,12.9,0.1,0.0,0.1,8.5,7.7,38.0,,,26.5,8.5,,,,62.5,,50.980392156862756,15.1,6-3,178,75
1630534,Ochai Agbaji,UTA,13,18.9,5.5,2.3,0.8,2.0,3.7,1.0,2.2,0.5,0.5,january,2022-23,9.9,5.4,69.5,4.9,16.5,0.4,1.39,9.7,0.3,0.0,0.9,,33.5,,,,29.2,,13.5,,10.3,56.7,,59.45945945945946,18.9,6-5,215,77
1630699,MarJon Beauchamp,MIL,10,15.6,5.4,2.1,1.1,2.1,5.6,0.9,3.3,0.3,0.4,january,2022-23,17.0,11.0,46.7,4.2,16.3,0.5,1.99,12.2,0.2,0.1,1.1,,,,,,,,,,,69.0,,58.92857142857143,15.6,6-7,199,79
1629312,Haywood Highsmith,MIA,10,18.0,5.2,4.5,0.4,2.0,4.5,1.1,2.6,0.1,0.2,january,2022-23,13.1,3.6,56.7,7.5,22.0,0.6,1.52,12.5,0.2,0.1,1.9,,,,,,,,,,,55.0,,57.777777777777786,18.0,6-5,220,77
1628984,Devonte' Graham,SAS,16,15.7,5.2,1.0,2.4,1.6,4.4,1.2,3.6,0.8,1.2,january,2022-23,14.5,22.7,52.3,7.6,28.2,1.4,3.0,14.8,0.0,0.0,0.0,,,,,,,,,,,80.0,,81.81818181818181,15.7,6-1,195,73
1629234,Drew Eubanks,POR,15,19.9,5.1,5.2,1.1,2.0,3.1,0.1,0.2,1.0,1.5,january,2022-23,9.9,7.3,67.0,9.5,28.3,0.8,1.65,14.1,2.3,0.6,3.8,,11.3,,36.6,,,,23.9,,8.5,61.0,,6.451612903225806,19.9,6-10,245,82
1629052,Oshae Brissett,IND,13,18.3,5.0,4.1,0.7,1.8,5.4,0.6,2.5,0.8,1.1,january,2022-23,13.0,5.0,42.7,5.2,27.6,0.7,1.45,14.5,0.2,0.0,2.1,,,,,,,,,,,51.4,,46.29629629629629,18.3,6-7,210,79
1629139,Yuta Watanabe,BKN,14,16.2,5.0,2.3,0.6,1.7,3.6,0.8,1.9,0.8,1.1,january,2022-23,12.1,5.0,60.3,5.5,15.6,0.4,1.61,9.1,0.4,0.0,1.0,,,,,,,,,,,60.0,,52.77777777777778,16.2,6-8,215,80
1630558,Davion Mitchell,SAC,15,15.2,4.9,1.3,1.1,1.9,4.0,0.9,2.0,0.2,0.2,january,2022-23,12.8,10.5,60.3,6.3,28.5,2.2,4.71,10.1,0.1,0.0,0.1,28.6,19.3,8.1,,,35.6,,,,,78.1,,50.0,15.2,6-0,202,72
1631108,Max Christie,LAL,14,17.2,4.8,2.1,0.6,1.7,3.4,0.9,1.9,0.5,0.6,january,2022-23,9.5,4.4,66.3,6.0,17.1,0.5,1.78,9.7,0.2,0.0,0.4,5.7,24.2,13.7,4.7,,33.9,4.0,2.6,5.7,,45.0,,55.88235294117647,17.2,6-5,190,77
201937,Ricky Rubio,CLE,9,15.3,4.8,2.7,3.2,1.7,5.3,1.0,3.1,0.4,0.9,january,2022-23,18.2,33.3,41.7,8.7,39.2,2.9,4.4,16.1,0.4,0.0,0.0,,,,,,,,,,,76.9,,58.490566037735846,15.3,6-2,190,74
202687,Bismack Biyombo,PHX,12,15.7,4.6,5.4,1.1,2.2,4.2,0.0,0.0,0.3,0.9,january,2022-23,14.3,9.8,50.1,9.7,26.9,0.8,1.73,17.6,3.7,1.3,6.1,,,,,,,,,,,48.2,,0.0,15.7,6-8,255,80
1628427,Vlatko Čančar,DEN,12,18.0,4.5,3.0,1.4,1.7,3.9,0.5,1.7,0.7,0.7,january,2022-23,11.5,11.1,53.4,5.8,24.8,0.8,1.86,15.1,1.3,0.3,2.0,,,,,,,,,,,73.3,,43.58974358974359,18.0,6-8,236,80
1628392,Isaiah Hartenstein,NYK,15,17.2,4.4,5.4,0.9,1.8,3.6,0.0,0.2,0.8,0.9,january,2022-23,11.0,7.3,54.9,8.5,24.2,0.5,1.34,11.9,1.7,0.2,4.7,,7.4,,19.9,5.6,,,40.3,,10.2,60.5,,5.555555555555556,17.2,7-0,250,84
1630700,Dyson Daniels,NOP,12,21.1,4.1,3.8,3.2,1.8,4.3,0.3,1.6,0.3,0.4,january,2022-23,11.6,18.4,46.1,6.1,33.6,1.5,2.7,18.1,0.3,0.0,1.4,5.6,23.3,13.2,3.2,,18.5,5.8,15.9,,7.8,66.7,,37.2093023255814,21.1,6-7,199,79
1630579,Jericho Sims,NYK,10,21.9,4.0,5.9,0.8,2.0,2.3,0.0,0.0,0.0,0.0,january,2022-23,6.1,4.8,87.0,8.1,28.5,0.6,1.29,9.8,0.9,0.0,4.1,,,,26.0,,,,32.5,,,71.4,,0.0,21.9,6-10,250,82
1627780,Gary Payton II,GSW,11,15.9,3.7,2.7,1.9,1.5,2.5,0.6,1.0,0.0,0.0,january,2022-23,9.4,15.3,73.2,8.1,21.8,0.6,1.64,12.2,0.9,0.1,1.6,,14.6,,9.3,,21.5,,29.8,,9.8,61.5,,40.0,15.9,6-2,195,74
1629723,John Konchar,MEM,10,15.1,2.7,2.9,1.1,1.0,3.4,0.4,1.5,0.3,0.3,january,2022-23,10.3,8.0,38.2,5.5,22.1,0.7,1.82,9.8,0.3,0.0,0.9,,34.2,,,,42.5,,,,,85.2,,44.11764705882353,15.1,6-5,210,77
1630227,Daishen Nix,HOU,6,15.7,2.7,0.7,1.8,0.7,2.2,0.7,1.5,0.7,1.0,january,2022-23,11.4,13.6,51.2,1.5,28.3,2.3,4.78,10.8,0.0,0.0,0.0,,,,,,,,,,,53.3,,68.18181818181817,15.7,6-4,226,76
200782,P.J. Tucker,PHI,13,22.2,2.5,3.4,0.8,0.8,2.5,0.5,1.5,0.5,0.5,january,2022-23,5.9,4.5,47.6,2.3,17.5,0.4,1.25,9.2,0.5,0.0,1.8,,,,,,,,,,,78.1,,60.0,22.2,6-5,245,77
203081,Damian Lillard,POR,10,37.4,38.5,5.7,7.0,11.5,23.2,5.0,12.2,10.5,10.9,february,2022-23,35.0,34.0,68.8,19.8,88.9,8.0,5.37,33.9,0.5,0.2,1.2,,,,,,,,,,,69.6,,52.58620689655172,37.4,6-2,195,74
1628368,De'Aaron Fox,SAC,9,36.8,32.0,4.0,7.3,11.3,20.0,1.6,4.6,7.8,9.9,february,2022-23,31.8,30.1,65.7,16.4,84.3,7.8,5.52,23.4,0.4,0.2,0.7,10.1,22.8,29.1,,,18.1,6.4,2.0,3.7,1.7,80.5,,23.0,36.8,6-3,185,75
1629029,Luka Dončić,DAL,7,34.2,31.6,8.1,6.4,11.0,20.6,2.4,7.7,7.1,9.7,february,2022-23,35.3,35.4,63.5,19.9,90.9,7.9,5.25,36.3,0.3,4.0,0.7,16.0,14.3,36.3,,7.6,8.7,2.3,1.3,7.4,1.7,72.5,,37.37864077669903,34.2,6-7,230,79
1628983,Shai Gilgeous-Alexander,OKC,8,34.9,31.5,4.6,5.9,9.6,19.8,0.1,1.8,12.1,13.4,february,2022-23,32.7,25.0,61.4,16.9,69.9,6.5,5.6,23.4,1.3,1.8,2.4,26.3,14.1,37.3,,4.7,6.2,2.1,3.3,1.6,,70.0,,9.090909090909092,34.9,6-6,195,78
203954,Joel Embiid,PHI,11,35.9,30.8,11.7,3.7,9.8,18.7,0.5,2.3,10.6,12.0,february,2022-23,33.6,20.8,64.2,22.7,73.0,3.2,2.64,51.4,9.5,10.0,4.2,12.3,7.0,,22.0,21.7,12.9,2.3,6.6,1.8,7.1,64.4,,12.29946524064171,35.9,7-0,280,84
203507,Giannis Antetokounmpo,MIL,9,28.0,29.0,11.6,5.9,11.1,20.1,0.7,2.6,6.1,9.8,february,2022-23,40.5,37.6,59.4,23.1,65.8,4.4,4.0,31.4,3.1,3.7,4.8,10.9,26.0,7.7,6.4,20.2,6.1,,7.9,,8.9,30.0,,12.935323383084576,28.0,7-0,243,84
1627742,Brandon Ingram,NOP,9,34.8,28.3,5.0,4.4,10.6,21.6,1.7,4.0,5.6,6.3,february,2022-23,34.1,23.3,58.2,13.5,69.7,4.9,4.22,43.1,2.6,1.4,1.3,13.8,16.6,16.2,,7.7,18.3,5.8,4.3,12.1,2.4,52.6,,18.51851851851852,34.8,6-8,190,80
1628973,Jalen Brunson,NYK,10,37.8,27.3,4.3,6.0,9.2,17.4,2.3,5.4,6.6,8.5,february,2022-23,25.9,25.2,64.6,16.3,86.3,9.7,6.74,28.5,0.4,0.8,0.5,14.4,14.3,36.0,,3.3,16.4,5.6,1.9,2.5,,78.0,,31.034482758620697,37.8,6-2,190,74
1628374,Lauri Markkanen,UTA,10,34.9,27.2,8.4,2.0,9.3,19.4,2.8,8.7,5.8,6.3,february,2022-23,28.0,9.6,61.3,14.7,55.8,2.1,2.21,35.0,1.6,1.1,4.1,4.0,15.6,3.0,8.3,5.7,12.8,7.5,10.6,20.7,7.0,52.1,,44.84536082474227,34.9,7-0,240,84
1629630,Ja Morant,MEM,9,32.4,27.1,7.3,7.9,9.6,20.7,1.3,4.9,6.7,9.3,february,2022-23,36.2,40.1,54.7,18.7,75.8,7.6,6.06,22.4,0.4,0.2,1.6,14.1,19.6,40.4,,,11.0,5.0,2.4,,,64.3,,23.671497584541065,32.4,6-2,174,74
203944,Julius Randle,NYK,11,35.5,27.1,8.8,4.4,9.6,19.8,3.4,9.3,4.5,5.5,february,2022-23,30.6,20.3,61.0,16.9,70.5,3.6,3.04,44.0,2.2,2.5,1.7,15.8,16.5,9.4,7.3,10.1,21.1,2.4,5.0,3.2,5.4,66.7,,46.96969696969697,35.5,6-8,250,80
202695,Kawhi Leonard,LAC,9,37.9,27.0,6.1,4.1,9.4,19.2,2.8,5.2,5.3,5.8,february,2022-23,26.5,17.1,62.0,14.3,63.1,4.0,3.8,40.6,3.7,4.0,2.9,16.5,19.6,25.9,,6.0,12.2,3.4,3.0,7.2,2.8,43.5,,27.083333333333336,37.9,6-7,225,79
203078,Bradley Beal,WAS,9,33.9,26.8,3.8,5.9,10.9,20.6,2.2,5.8,2.8,3.4,february,2022-23,32.2,29.1,60.7,14.1,66.6,5.2,4.72,40.0,2.2,0.6,1.7,,,21.3,,,24.6,,,,,56.7,,28.155339805825243,33.9,6-4,207,76
204001,Kristaps Porziņģis,WAS,9,32.7,26.7,7.7,2.9,8.3,14.6,2.9,5.8,7.1,7.7,february,2022-23,26.8,13.8,74.4,16.1,59.7,1.9,1.87,39.1,2.9,4.3,3.9,,14.6,,11.3,24.3,17.4,,7.7,10.5,6.1,59.4,,39.726027397260275,32.7,7-3,240,87
1629027,Trae Young,ATL,10,33.4,26.6,3.0,11.2,8.3,18.9,2.4,6.3,7.6,8.4,february,2022-23,31.8,46.7,58.9,15.9,79.4,8.2,6.21,23.2,0.3,0.0,0.8,12.0,20.4,39.3,,,8.4,10.5,,,,69.0,,33.333333333333336,33.4,6-1,164,73
1627783,Pascal Siakam,TOR,11,36.6,26.3,6.7,5.0,9.8,19.7,1.9,4.1,4.7,6.3,february,2022-23,27.7,22.1,58.4,14.2,74.8,4.4,3.54,41.1,2.5,3.3,3.6,13.3,20.6,13.9,6.5,11.3,16.2,3.0,3.2,4.0,5.0,63.2,,20.81218274111675,36.6,6-8,230,80
1628378,Donovan Mitchell,CLE,10,33.4,25.5,4.7,4.3,9.3,19.4,3.5,9.2,3.4,3.6,february,2022-23,30.1,18.9,60.8,14.3,63.1,5.1,4.82,31.0,1.0,0.0,0.7,11.4,22.8,34.1,1.5,,11.4,6.9,1.9,3.8,1.6,77.5,,47.42268041237113,33.4,6-1,215,73
1628369,Jayson Tatum,BOS,10,36.8,25.5,8.6,6.0,8.4,19.4,3.3,9.3,5.4,6.5,february,2022-23,30.7,26.1,57.3,14.7,78.9,5.6,4.27,40.4,2.0,1.1,2.8,,,,,,,,,,,69.4,,47.938144329896915,36.8,6-8,210,80
203897,Zach LaVine,CHI,12,36.2,25.5,4.6,3.3,8.7,16.7,2.1,6.0,6.1,7.1,february,2022-23,27.6,14.8,64.4,13.8,59.3,4.5,4.56,30.7,0.5,0.3,0.5,9.3,23.5,19.5,4.0,,22.7,6.3,3.4,8.5,,58.2,,35.92814371257485,36.2,6-5,200,77
202691,Klay Thompson,GSW,11,33.8,25.5,4.1,2.5,8.7,19.3,5.4,11.8,2.6,2.9,february,2022-23,28.0,11.4,61.9,12.1,50.9,2.1,2.45,39.8,1.1,0.2,0.8,,19.2,7.1,,,25.9,12.2,2.8,26.3,,56.8,,61.139896373057,33.8,6-6,220,78
1627750,Jamal Murray,DEN,6,32.9,25.2,3.8,7.7,9.3,19.8,3.8,10.3,2.7,3.3,february,2022-23,29.6,31.1,59.1,14.1,72.2,6.2,5.14,33.0,0.7,0.7,0.5,14.6,13.0,35.4,,2.9,8.6,11.5,3.8,4.0,,80.0,,52.02020202020202,32.9,6-4,215,76
2544,LeBron James,LAL,6,33.2,25.2,7.7,5.5,9.3,19.7,1.7,5.8,4.8,6.7,february,2022-23,31.1,26.2,55.7,14.5,69.3,4.4,3.81,35.3,3.3,3.8,4.3,12.8,24.5,12.5,3.1,12.1,12.6,,5.7,7.5,1.9,66.7,,29.441624365482234,33.2,6-9,250,81
202331,Paul George,LAC,10,35.7,24.2,6.2,4.5,8.1,17.8,2.9,7.7,5.1,6.2,february,2022-23,28.5,20.0,58.9,12.0,74.1,5.2,4.18,32.6,1.1,0.7,1.0,18.4,12.4,14.2,,5.5,22.9,3.2,,12.4,,80.0,,43.258426966292134,35.7,6-8,220,80
202681,Kyrie Irving,DAL,8,36.1,24.1,5.0,6.5,9.0,18.3,2.6,7.5,3.5,3.6,february,2022-23,27.0,26.9,60.8,13.0,78.8,5.5,4.22,39.4,1.1,0.3,2.0,,,,,,,,,,,70.0,,40.98360655737705,36.1,6-2,195,74
1630163,LaMelo Ball,CHA,11,36.6,23.6,8.1,8.8,8.5,19.6,4.3,10.2,2.3,2.9,february,2022-23,27.8,34.9,56.5,13.6,92.0,7.9,5.17,28.3,0.5,0.0,1.5,12.2,12.8,39.4,1.6,,19.4,6.5,,1.7,2.0,66.7,,52.0408163265306,36.6,6-7,180,79
1628969,Mikal Bridges,BKN,10,34.0,23.6,4.9,3.4,8.2,16.6,2.1,5.5,5.1,5.6,february,2022-23,26.3,17.3,61.9,14.3,48.7,2.4,2.93,29.6,1.2,0.4,1.7,2.3,25.3,9.1,3.4,2.3,36.2,6.3,5.0,4.8,2.7,58.5,,33.132530120481924,34.0,6-6,209,78
1628969,Mikal Bridges,BKN,10,34.0,23.6,4.9,3.4,8.2,16.6,2.1,5.5,5.1,5.6,february,2022-23,26.3,17.3,61.9,14.3,48.7,2.4,2.93,29.6,1.2,0.4,1.7,2.3,25.3,9.1,3.4,2.3,36.2,6.3,5.0,4.8,2.7,73.3,,33.132530120481924,34.0,6-6,209,78
1630560,Cam Thomas,BKN,11,27.8,23.5,3.0,2.7,7.2,15.8,2.1,5.1,7.1,7.8,february,2022-23,32.2,17.9,61.1,13.7,52.3,4.3,4.93,24.5,0.4,0.0,0.4,16.4,12.0,28.1,,,12.0,17.8,,,,67.4,,32.27848101265822,27.8,6-3,210,75
1630162,Anthony Edwards,MIN,11,35.4,23.5,4.9,4.4,8.7,20.5,1.9,6.5,4.1,4.9,february,2022-23,30.1,19.1,51.6,10.9,69.5,4.7,4.02,36.9,0.2,0.7,0.2,23.4,15.7,23.5,,4.9,12.9,7.3,2.0,4.8,1.2,61.8,,31.70731707317073,35.4,6-4,225,76
1626164,Devin Booker,PHX,6,31.7,23.3,4.3,6.3,8.3,18.5,1.3,5.8,5.3,6.7,february,2022-23,31.8,31.1,54.4,12.3,62.8,4.9,4.69,36.7,2.0,1.0,1.7,14.0,15.7,33.1,1.8,3.8,9.5,7.5,1.6,7.5,1.7,68.8,,31.351351351351354,31.7,6-5,206,77
203076,Anthony Davis,LAL,10,33.3,23.1,14.4,2.1,9.1,18.1,0.2,1.7,4.7,6.2,february,2022-23,28.1,10.6,55.5,16.7,66.7,2.4,2.17,36.6,6.2,4.0,11.3,11.5,10.3,5.8,19.3,12.5,9.8,,8.8,,14.5,56.2,,9.392265193370166,33.3,6-10,253,82
1629028,Deandre Ayton,PHX,10,32.1,22.8,10.2,1.3,10.0,14.9,0.0,0.0,2.8,3.4,february,2022-23,23.2,7.0,69.5,18.8,53.7,1.4,1.55,29.4,7.6,4.0,12.5,,9.8,,28.6,9.5,2.9,,26.3,,13.6,56.9,,0.0,32.1,7-0,250,84
203999,Nikola Jokić,DEN,11,33.3,22.6,14.2,10.2,8.8,13.7,0.5,0.9,4.5,5.6,february,2022-23,25.2,39.3,69.8,21.3,95.0,4.4,2.79,47.9,9.4,10.4,7.8,5.3,10.1,9.7,13.0,22.8,9.0,,7.3,5.3,9.3,59.8,,6.569343065693431,33.3,6-11,284,83
1627759,Jaylen Brown,BOS,5,33.6,22.6,5.6,3.2,8.0,18.2,3.0,7.4,3.6,5.2,february,2022-23,30.2,14.7,55.2,10.3,55.0,2.9,3.12,29.2,1.6,0.6,3.0,20.6,20.4,22.2,1.8,4.7,13.0,4.1,1.1,7.4,1.8,56.3,,40.659340659340664,33.6,6-6,223,78
201935,James Harden,PHI,11,36.6,22.5,5.7,9.8,6.6,14.5,3.0,7.3,6.3,7.3,february,2022-23,25.8,45.8,63.9,18.3,93.3,8.6,5.51,34.2,0.5,0.0,0.5,42.5,13.1,25.0,,1.3,7.5,4.6,,,,60.9,,50.3448275862069,36.6,6-5,220,77
1629636,Darius Garland,CLE,10,33.1,22.5,1.9,6.7,7.9,14.5,2.9,5.5,3.8,4.4,february,2022-23,25.2,28.4,68.4,13.0,68.6,6.5,5.7,26.3,0.5,0.0,0.4,6.7,16.2,41.8,,,17.1,5.4,3.1,2.9,,68.2,,37.93103448275862,33.1,6-1,192,73
1629639,Tyler Herro,MIA,8,38.3,21.6,5.3,4.3,7.9,19.3,3.1,8.6,2.8,3.0,february,2022-23,25.7,19.9,52.6,11.1,73.3,4.8,3.91,39.4,0.6,0.0,1.3,13.3,27.7,13.9,,,32.4,,,5.8,,66.7,,44.559585492227974,38.3,6-5,195,77
202710,Jimmy Butler III,MIA,10,31.6,21.6,5.7,5.6,7.1,14.1,0.4,0.8,7.0,8.1,february,2022-23,26.5,30.4,61.1,17.5,60.2,4.5,4.46,37.2,2.1,3.3,6.7,17.7,17.2,13.1,2.7,6.1,14.0,1.7,12.1,2.4,7.9,55.2,,5.673758865248227,31.6,6-7,230,79
1630224,Jalen Green,HOU,7,27.5,21.6,2.7,3.4,7.0,17.4,2.9,8.0,4.7,5.6,february,2022-23,32.0,21.1,54.3,10.6,65.4,4.9,4.48,30.1,0.3,0.0,0.6,,,,,,,,,,,81.5,,45.97701149425288,27.5,6-4,186,76
1629640,Keldon Johnson,SAS,10,33.6,21.5,5.1,3.6,8.1,15.9,0.6,3.8,4.7,6.2,february,2022-23,25.3,17.9,57.7,11.5,64.3,3.9,3.63,30.4,0.8,0.5,1.3,3.9,20.0,2.8,,4.4,32.0,7.4,9.2,,10.9,53.8,,23.899371069182386,33.6,6-5,220,77
1626167,Myles Turner,IND,10,30.0,21.4,8.8,1.2,7.5,13.2,2.1,4.8,4.3,4.9,february,2022-23,25.3,6.5,69.7,14.8,42.4,1.1,1.58,30.6,3.4,2.0,6.4,,7.7,,17.7,7.3,42.3,,7.1,,6.0,53.9,,36.36363636363637,30.0,6-11,250,83
202711,Bojan Bogdanovic,DET,9,33.9,21.2,4.1,2.1,7.4,15.3,1.8,5.6,4.6,5.1,february,2022-23,25.4,11.2,60.4,10.8,46.6,2.2,2.83,33.3,1.0,1.0,0.9,,,,,,,,,,,68.8,,36.60130718954248,33.9,6-7,226,79
201950,Jrue Holiday,MIL,10,33.5,21.0,4.8,6.7,8.1,16.0,3.1,7.3,1.7,1.9,february,2022-23,23.7,29.3,62.4,14.9,69.7,5.7,4.88,23.8,0.6,1.2,2.2,10.1,20.5,26.3,,3.6,20.5,,4.3,,,54.8,,45.625,33.5,6-5,205,77
203903,Jordan Clarkson,UTA,9,33.1,20.8,4.4,4.6,7.6,18.1,2.2,7.6,3.4,4.3,february,2022-23,29.3,21.5,51.9,8.6,56.2,4.2,4.48,30.1,0.7,0.2,1.4,5.2,25.6,12.3,,,36.0,7.8,4.2,,3.9,63.0,,41.98895027624309,33.1,6-5,194,77
1628389,Bam Adebayo,MIA,10,34.8,20.7,9.0,3.8,7.6,14.6,0.0,0.2,5.5,6.5,february,2022-23,24.6,19.6,59.3,15.9,62.8,3.3,3.2,35.6,7.0,2.3,6.3,8.0,20.2,,9.1,11.3,30.1,,7.1,2.4,6.5,62.1,,1.3698630136986303,34.8,6-9,255,81
1629673,Jordan Poole,GSW,12,31.3,20.7,3.3,5.7,6.8,16.6,2.9,8.1,4.1,4.8,february,2022-23,28.0,26.8,55.3,10.0,70.8,4.9,4.17,31.9,0.7,0.0,1.0,7.9,19.9,30.6,,,14.3,12.9,,5.4,,69.2,,48.795180722891565,31.3,6-4,194,76
1627832,Fred VanVleet,TOR,8,36.6,20.3,4.6,7.6,6.6,18.0,3.1,9.5,3.9,4.5,february,2022-23,24.1,29.0,50.7,11.4,85.1,6.6,4.66,38.3,0.1,0.0,0.1,,,,,,,,,,,63.8,,52.77777777777778,36.6,6-0,197,72
1626179,Terry Rozier,CHA,10,35.1,20.2,3.7,3.6,7.1,17.1,2.4,8.1,3.6,4.4,february,2022-23,23.8,14.9,53.1,9.3,60.0,4.0,4.02,33.4,0.3,0.0,1.1,,,,,,,,,,,62.5,,47.36842105263157,35.1,6-1,190,73
1629014,Anfernee Simons,POR,8,33.6,20.0,2.1,5.1,7.3,15.9,3.0,7.4,2.5,2.5,february,2022-23,24.2,24.0,58.9,10.2,63.4,5.5,5.18,28.8,0.1,0.0,0.4,18.2,14.5,28.8,,,19.8,7.2,,4.9,,70.3,,46.540880503144656,33.6,6-3,181,75
1627734,Domantas Sabonis,SAC,12,34.5,19.8,12.4,6.3,7.7,12.2,0.3,1.2,4.2,4.9,february,2022-23,21.7,26.1,69.2,15.9,79.8,3.1,2.36,43.8,7.8,5.3,10.0,,9.0,,28.5,13.1,9.0,,14.9,,10.9,60.2,,9.836065573770492,34.5,7-1,240,85
1630217,Desmond Bane,MEM,10,31.0,19.8,4.7,3.8,7.4,15.2,2.6,6.8,2.4,2.6,february,2022-23,23.8,18.0,60.6,13.2,58.6,2.9,2.96,30.4,0.5,0.0,0.4,7.0,19.3,25.5,,,17.4,7.4,4.1,9.1,3.8,54.1,,44.73684210526316,31.0,6-5,215,77
1628401,Derrick White,BOS,11,33.7,19.7,4.5,5.6,7.1,14.5,2.8,6.8,2.7,3.1,february,2022-23,22.7,24.4,62.4,13.3,66.7,5.2,4.67,26.3,0.6,0.1,1.1,4.7,10.8,35.1,1.6,,25.9,9.5,1.3,5.1,1.7,47.1,,46.89655172413793,33.7,6-4,190,76
1630169,Tyrese Haliburton,IND,11,34.2,19.6,2.8,9.8,6.9,14.1,2.5,6.2,3.4,4.2,february,2022-23,23.0,40.4,61.6,13.6,93.4,7.3,4.72,34.0,0.2,0.0,0.3,,,,,,,,,,,72.9,,43.97163120567376,34.2,6-5,185,77
203468,CJ McCollum,NOP,9,34.0,19.4,3.3,6.1,7.6,16.3,2.0,6.3,2.3,3.0,february,2022-23,25.1,27.4,55.1,10.1,67.7,4.9,4.33,29.2,0.3,0.1,0.9,8.8,18.2,31.4,,,17.8,9.7,,6.3,,79.5,,38.65030674846626,34.0,6-3,190,75
1629008,Michael Porter Jr.,DEN,12,30.0,19.4,4.6,0.8,7.1,14.4,3.6,8.8,1.7,1.9,february,2022-23,23.4,3.6,63.6,10.4,37.2,1.2,1.95,23.9,1.2,0.1,1.8,6.9,13.2,5.7,2.7,2.5,21.5,16.9,8.5,13.1,4.9,57.4,,61.111111111111114,30.0,6-10,218,82
1626181,Norman Powell,LAC,9,28.2,19.3,2.8,2.1,6.3,13.7,2.3,5.8,4.3,5.2,february,2022-23,25.7,12.6,60.6,11.3,38.2,2.2,3.39,23.9,0.3,0.0,0.2,10.9,24.6,11.3,,,32.5,3.8,1.5,10.9,,77.8,,42.33576642335766,28.2,6-4,215,76
1627749,Dejounte Murray,ATL,11,35.3,19.3,5.4,5.9,8.0,16.6,2.1,5.8,1.2,1.6,february,2022-23,22.5,23.0,55.5,11.5,71.4,5.6,4.7,28.0,0.5,0.0,1.1,,,,,,,,,,,56.0,,34.93975903614457,35.3,6-5,180,77
1630596,Evan Mobley,CLE,11,33.7,19.2,8.7,2.5,7.8,14.5,0.5,2.0,3.0,4.3,february,2022-23,23.3,10.4,58.4,12.0,63.6,2.0,1.91,34.3,4.0,1.6,8.5,4.7,16.0,9.5,14.3,8.0,17.9,1.6,13.8,2.7,6.5,61.5,,13.793103448275861,33.7,6-11,215,83
201942,DeMar DeRozan,CHI,9,35.7,18.8,2.8,5.4,7.2,14.6,0.6,2.0,3.8,4.7,february,2022-23,23.8,22.8,56.5,10.4,53.7,4.0,4.47,34.9,1.2,2.7,0.1,19.9,10.0,17.6,1.7,12.0,19.1,6.1,3.9,4.6,1.7,52.5,,13.698630136986301,35.7,6-6,220,78
202696,Nikola Vučević,CHI,12,33.1,18.8,12.3,3.3,7.9,15.9,1.4,4.8,1.5,1.9,february,2022-23,24.8,17.0,55.9,16.4,71.2,1.7,1.46,49.1,4.3,5.8,7.1,,12.5,,28.8,16.1,15.2,,10.0,3.6,7.6,57.8,,30.18867924528302,33.1,6-10,260,82
203932,Aaron Gordon,DEN,5,28.7,18.6,7.0,5.2,7.6,11.6,1.0,3.0,2.4,3.6,february,2022-23,21.1,21.5,70.5,15.2,41.6,2.0,2.9,21.6,2.4,2.0,5.8,16.0,13.0,10.4,5.9,11.2,15.4,,13.0,,5.3,56.5,,25.862068965517242,28.7,6-8,235,80
1628386,Jarrett Allen,CLE,11,33.4,18.4,10.9,1.7,7.9,11.0,0.0,0.1,2.5,3.1,february,2022-23,18.1,7.3,74.3,15.1,45.1,1.1,1.48,27.5,5.7,0.3,12.8,,13.6,,20.9,7.8,4.1,,33.1,,9.2,58.3,,0.9090909090909092,33.4,6-9,243,81
203915,Spencer Dinwiddie,BKN,9,34.1,18.3,4.0,5.6,5.6,14.1,2.2,6.3,5.0,5.8,february,2022-23,24.5,26.7,55.0,11.1,71.9,6.9,5.79,26.9,0.2,0.7,0.3,,,,,,,,,,,50.0,,44.680851063829785,34.1,6-5,215,77
1628398,Kyle Kuzma,WAS,7,33.5,17.7,5.9,3.0,6.4,17.9,2.3,8.0,2.6,3.0,february,2022-23,28.6,13.9,46.2,7.6,53.9,3.3,3.7,31.1,1.0,0.4,1.6,5.1,27.3,5.3,8.7,2.8,27.5,4.1,8.5,,4.9,57.6,,44.692737430167604,33.5,6-9,221,81
1626156,D'Angelo Russell,LAL,8,27.6,17.5,3.6,5.1,6.1,12.8,3.0,7.4,2.3,2.8,february,2022-23,24.6,28.5,62.7,13.6,68.6,4.4,3.89,28.0,0.5,0.1,0.6,8.7,15.5,36.2,,,20.8,7.9,,,,65.6,,57.8125,27.6,6-4,193,76
1628991,Jaren Jackson Jr.,MEM,9,29.2,17.4,6.6,0.7,6.6,13.6,1.3,5.0,3.0,3.7,february,2022-23,23.3,3.2,57.5,11.5,40.1,1.5,2.19,21.8,1.1,2.8,3.1,11.1,15.3,2.1,9.7,19.8,26.4,1.5,3.4,,3.9,49.1,,36.76470588235294,29.2,6-10,242,82
1628370,Malik Monk,SAC,10,24.8,17.4,3.0,3.4,6.0,11.0,2.2,4.6,3.2,3.5,february,2022-23,25.1,18.9,69.4,12.5,42.4,2.1,3.01,26.9,0.1,0.0,1.3,8.4,22.0,24.1,3.5,,25.5,6.7,,4.6,,58.8,,41.81818181818181,24.8,6-3,200,75
1629018,Gary Trent Jr.,TOR,9,34.9,17.3,3.0,2.1,6.1,15.7,2.8,7.4,2.3,2.6,february,2022-23,20.5,8.3,51.6,7.7,42.8,1.9,2.62,31.6,0.8,0.0,0.6,,18.3,6.4,,,48.6,9.0,,6.8,,54.1,,47.133757961783445,34.9,6-5,209,77
203924,Jerami Grant,POR,8,34.8,17.0,4.6,1.9,5.3,12.3,1.1,4.8,5.4,6.1,february,2022-23,20.8,8.2,56.9,7.4,46.5,2.0,2.55,26.6,0.6,2.4,0.6,10.7,16.2,13.9,2.2,2.0,35.4,4.8,4.6,4.2,2.4,69.4,,39.02439024390244,34.8,6-8,210,80
1631103,Malaki Branham,SAS,11,31.6,16.8,3.8,2.7,6.8,13.6,2.0,5.2,1.2,1.5,february,2022-23,20.8,12.9,58.7,9.0,55.1,3.9,4.21,20.7,0.5,0.0,0.8,,,,,,,,,,,79.6,,38.235294117647065,31.6,6-4,180,76
1629628,RJ Barrett,NYK,10,32.2,16.8,4.3,3.0,6.2,15.2,1.5,5.3,2.9,4.0,february,2022-23,26.1,13.8,49.5,6.0,46.0,2.6,3.43,30.4,1.0,0.8,1.6,2.7,28.5,18.0,,2.4,23.8,6.6,7.3,3.4,3.4,57.5,,34.86842105263158,32.2,6-6,214,78
201566,Russell Westbrook,LAC,6,29.3,16.7,4.7,8.3,6.0,13.3,1.7,4.0,3.0,4.0,february,2022-23,26.7,37.6,55.2,10.7,66.2,5.1,4.66,23.8,1.0,0.8,1.2,13.4,18.3,25.8,,5.1,26.7,,2.2,,2.8,85.7,,30.075187969924812,29.3,6-3,200,75
1631094,Paolo Banchero,ORL,11,33.7,16.6,7.5,3.3,5.8,15.5,0.1,3.0,4.9,6.9,february,2022-23,25.8,15.2,44.8,9.0,60.2,3.5,3.45,32.7,0.9,2.2,3.5,14.7,19.8,19.4,5.2,9.3,15.4,2.6,4.7,3.6,2.6,61.4,,19.35483870967742,33.7,6-10,250,82
1627741,Buddy Hield,IND,11,31.7,16.5,4.9,2.5,5.6,12.1,3.7,8.7,1.5,1.9,february,2022-23,19.6,11.3,64.0,9.8,61.0,1.8,1.8,33.5,0.2,0.0,1.3,,23.1,4.8,,,34.0,5.4,5.4,12.2,3.7,62.9,,71.90082644628099,31.7,6-4,220,76
203114,Khris Middleton,MIL,8,22.1,16.5,6.4,4.4,6.5,13.4,1.4,4.6,2.1,2.5,february,2022-23,29.2,31.0,57.0,19.1,47.4,3.0,3.75,24.0,0.3,1.3,1.4,6.1,15.3,22.7,,13.6,16.6,5.8,,6.4,5.8,42.9,,34.32835820895522,22.1,6-7,222,79
1630178,Tyrese Maxey,PHI,11,29.4,16.5,2.4,2.6,5.8,13.4,1.7,4.7,3.1,3.6,february,2022-23,23.6,15.1,55.0,9.1,54.7,3.9,4.31,24.2,0.3,0.0,0.5,14.5,21.9,26.2,1.3,1.4,14.3,6.7,3.0,5.4,,53.8,,35.07462686567165,29.4,6-2,200,74
1631093,Jaden Ivey,DET,9,30.5,16.4,2.7,5.8,5.4,12.2,2.0,4.8,3.6,4.9,february,2022-23,23.7,31.5,57.2,9.6,57.8,5.4,5.59,19.8,0.8,0.1,1.4,5.6,26.4,11.6,,,34.3,5.6,,,,53.5,,39.34426229508197,30.5,6-4,195,76
1629023,P.J. Washington,CHA,9,35.1,16.4,5.7,2.2,6.4,14.2,2.1,6.4,1.4,2.4,february,2022-23,19.2,8.3,53.7,8.2,62.3,1.5,1.46,28.9,1.9,0.8,2.6,4.1,20.9,6.3,5.4,6.1,29.9,4.1,8.2,,6.8,56.7,,45.07042253521127,35.1,6-7,230,79
202330,Gordon Hayward,CHA,11,31.3,16.4,4.1,3.6,6.2,11.8,0.9,2.5,3.1,3.6,february,2022-23,20.4,15.7,61.0,10.3,40.8,1.9,2.8,28.5,1.6,0.5,2.3,,,,,,,,,,,51.4,,21.1864406779661,31.3,6-7,225,79
201572,Brook Lopez,MIL,10,30.2,16.2,8.4,0.9,6.3,11.2,1.4,4.2,2.2,3.2,february,2022-23,18.4,3.9,64.2,12.0,32.3,0.8,1.47,21.9,2.6,1.5,6.0,,6.5,,32.8,9.5,32.1,,,,,51.4,,37.50000000000001,30.2,7-1,282,85
1627763,Malcolm Brogdon,BOS,10,27.5,16.2,3.6,3.6,6.1,11.1,2.4,4.5,1.6,1.7,february,2022-23,22.2,21.3,68.4,13.3,51.9,4.0,4.66,20.5,0.3,0.0,0.3,,,,,,,,,,,51.4,,40.54054054054054,27.5,6-4,229,76
1628365,Markelle Fultz,ORL,11,32.5,16.2,4.7,4.8,6.6,12.7,0.4,1.5,2.5,2.6,february,2022-23,21.1,24.2,58.3,12.5,77.5,6.0,4.69,27.2,0.5,0.5,2.7,,,,,,,,,,,76.2,,11.811023622047244,32.5,6-4,209,76
1629006,Josh Okogie,PHX,7,32.6,16.1,5.3,1.7,5.6,11.0,2.6,5.6,2.4,3.6,february,2022-23,17.9,7.1,64.2,10.1,39.1,1.7,2.61,22.4,0.6,0.0,2.9,,24.9,,,,41.5,,11.1,,9.7,51.5,,50.90909090909091,32.6,6-4,213,76
203501,Tim Hardaway Jr.,DAL,9,31.5,15.9,4.6,2.4,5.1,13.1,3.7,8.6,2.0,2.6,february,2022-23,20.5,10.5,55.8,9.2,53.0,2.2,2.47,26.2,0.6,0.2,0.4,2.2,21.3,5.7,3.2,,32.4,12.1,2.8,15.8,,71.9,,65.64885496183206,31.5,6-5,205,77
203952,Andrew Wiggins,GSW,7,33.4,15.9,6.0,2.7,6.6,13.9,1.6,4.0,1.1,1.9,february,2022-23,20.4,10.9,54.0,7.7,43.3,1.7,2.4,28.4,0.7,3.4,3.9,10.9,22.1,7.6,,6.8,32.5,2.0,3.8,2.5,7.8,62.1,,28.776978417266186,33.4,6-7,197,79
1630581,Josh Giddey,OKC,11,29.9,15.6,6.5,6.1,6.9,14.5,0.5,2.5,1.3,1.9,february,2022-23,24.0,29.3,50.8,11.4,70.5,4.2,3.55,33.6,1.3,0.6,3.4,5.0,22.8,38.8,,,16.0,4.5,4.3,,,66.1,,17.24137931034483,29.9,6-8,216,80
1629661,Cameron Johnson,BKN,9,26.9,15.6,3.4,1.4,5.6,11.6,2.2,6.2,2.2,2.7,february,2022-23,22.1,8.8,61.1,11.5,40.1,1.5,2.21,24.4,0.7,0.0,0.8,,25.0,8.2,,,26.5,15.3,6.7,4.9,,61.5,,53.448275862068975,26.9,6-8,210,80
1629631,De'Andre Hunter,ATL,11,30.6,15.5,4.3,1.7,5.7,11.5,1.5,4.0,2.5,3.1,february,2022-23,18.8,7.3,59.9,8.0,35.3,1.3,2.21,21.5,0.8,0.7,1.3,7.5,18.2,13.3,2.6,,29.0,9.5,6.2,6.0,2.6,62.5,,34.78260869565217,30.6,6-8,221,80
1631114,Jalen Williams,OKC,11,31.7,14.9,5.3,3.9,5.5,11.1,1.1,2.9,2.7,3.3,february,2022-23,17.9,16.2,59.5,10.8,49.0,2.9,3.5,21.4,0.8,0.0,2.7,14.8,21.0,36.0,,,16.9,3.0,4.3,,,60.7,,26.126126126126124,31.7,6-5,211,77
1630231,KJ Martin,HOU,11,32.5,14.7,6.3,2.4,5.5,9.7,0.5,2.3,3.1,3.9,february,2022-23,15.8,10.4,64.3,10.3,41.2,1.0,1.46,26.1,1.7,0.1,4.2,,,,,,,,,,,60.0,,23.711340206185564,32.5,6-7,215,79
1628976,Wendell Carter Jr.,ORL,10,29.0,14.6,9.2,2.1,5.3,10.7,1.2,4.1,2.8,4.3,february,2022-23,21.6,11.7,58.0,11.8,55.4,1.5,1.59,35.4,3.7,0.8,6.4,,10.9,,19.2,3.2,26.2,,17.1,,12.7,62.0,,38.31775700934579,29.0,6-10,270,82
1627751,Jakob Poeltl,TOR,11,27.3,14.5,9.1,2.8,6.4,9.5,0.0,0.1,1.7,3.1,february,2022-23,18.9,16.1,66.8,15.6,52.7,1.5,1.65,30.6,5.5,2.9,9.8,,13.0,,16.7,,,,40.7,,14.8,61.4,,1.0526315789473684,27.3,7-1,245,85
1630567,Scottie Barnes,TOR,11,37.2,14.5,6.9,4.2,5.3,13.5,1.5,4.1,2.5,3.4,february,2022-23,18.8,15.5,48.1,7.8,75.5,4.4,3.49,34.7,1.1,2.2,3.5,7.9,21.7,13.1,5.7,10.7,19.7,2.2,9.3,1.5,5.0,69.3,,30.37037037037037,37.2,6-8,225,80
1630532,Franz Wagner,ORL,11,33.6,14.0,3.9,3.3,5.2,11.5,1.6,4.6,2.0,2.6,february,2022-23,18.9,14.5,55.5,7.6,48.8,2.6,3.21,32.5,1.2,0.4,1.5,7.6,20.4,22.9,2.9,6.9,16.6,3.2,6.7,3.6,4.4,75.6,,40.0,33.6,6-10,220,82
1629012,Collin Sexton,UTA,8,24.6,13.9,2.1,3.5,4.9,8.9,0.9,2.4,3.3,4.1,february,2022-23,21.0,21.1,64.9,10.2,48.9,4.3,5.31,17.4,0.3,0.0,0.9,5.2,21.4,36.3,2.5,,20.6,4.3,2.5,,,61.9,,26.96629213483146,24.6,6-2,190,74
203084,Harrison Barnes,SAC,12,32.7,13.8,4.5,1.7,4.3,9.4,1.3,3.8,3.9,4.3,february,2022-23,15.5,6.6,60.9,8.4,42.0,1.6,2.22,27.7,0.9,0.8,2.0,8.0,18.8,3.3,5.0,2.5,43.8,4.8,,4.8,,53.6,,40.42553191489361,32.7,6-8,225,80
203497,Rudy Gobert,MIN,8,27.1,13.8,10.0,0.8,5.6,8.1,0.0,0.0,2.5,3.9,february,2022-23,17.3,4.0,69.9,13.9,38.0,1.0,1.52,21.4,2.6,1.5,9.4,,12.6,,16.7,,,,28.5,,26.9,58.0,,0.0,27.1,7-1,258,85
1629652,Luguentz Dort,OKC,7,27.6,13.7,5.1,1.9,4.6,12.0,1.6,5.3,3.0,3.9,february,2022-23,21.3,8.9,50.1,7.4,35.6,2.0,3.33,20.0,0.1,0.3,2.7,,15.0,,5.5,,61.5,,4.0,,,61.1,,44.166666666666664,27.6,6-4,220,76
1626174,Christian Wood,DAL,9,19.0,13.7,5.8,1.9,4.7,10.4,1.2,4.3,3.1,3.3,february,2022-23,28.9,17.2,57.4,15.1,36.0,1.4,2.37,21.7,2.6,1.3,2.6,,,,,,,,,,,59.0,,41.34615384615385,19.0,6-9,214,81
1630193,Immanuel Quickley,NYK,11,28.7,13.6,4.0,2.5,4.8,10.3,2.4,5.7,1.6,2.3,february,2022-23,18.0,12.5,60.5,11.1,46.7,3.3,4.3,24.3,0.5,0.1,0.5,6.1,28.1,20.9,,,25.4,6.4,1.9,4.1,1.4,58.7,,55.33980582524271,28.7,6-2,190,74
1630182,Josh Green,DAL,11,31.2,13.6,3.7,2.2,5.3,9.8,1.7,4.3,1.4,2.0,february,2022-23,16.7,10.5,63.7,7.7,49.8,2.6,3.08,26.5,1.3,0.0,1.9,,28.0,,,,61.3,,,,,80.0,,43.877551020408156,31.2,6-7,200,79
1630530,Trey Murphy III,NOP,10,28.6,13.4,3.2,1.2,4.4,9.7,2.1,5.8,2.5,2.9,february,2022-23,17.2,6.0,61.0,8.2,34.4,1.0,1.79,21.9,0.4,0.0,1.4,6.6,20.1,16.5,2.1,,23.4,9.4,8.3,7.1,3.2,72.1,,59.79381443298969,28.6,6-8,206,80
1631097,Bennedict Mathurin,IND,11,26.6,13.4,3.7,1.5,4.6,10.6,1.0,3.2,3.1,3.5,february,2022-23,21.1,8.5,55.0,7.5,35.1,1.5,2.57,23.5,1.4,0.1,1.0,9.0,22.3,27.0,,,17.2,5.2,7.6,5.7,,60.0,,30.188679245283023,26.6,6-5,210,77
1628978,Donte DiVincenzo,GSW,12,28.3,13.3,2.8,3.3,4.8,8.8,3.3,6.7,0.5,0.6,february,2022-23,16.2,16.1,73.3,10.0,51.6,2.2,2.62,25.7,0.8,0.1,1.3,1.9,18.5,11.6,,,33.0,10.8,,14.6,3.0,58.6,,76.13636363636364,28.3,6-4,203,76
1629659,Talen Horton-Tucker,UTA,8,27.2,13.3,4.4,6.0,4.6,11.4,1.1,3.1,2.9,3.6,february,2022-23,23.8,30.6,51.1,10.5,61.8,5.6,5.46,20.1,0.3,0.1,1.3,,,,,,,,,,,54.1,,27.192982456140353,27.2,6-4,234,76
1630180,Saddiq Bey,ATL,9,27.1,13.2,5.4,1.4,4.2,9.6,2.6,5.6,2.2,2.3,february,2022-23,17.4,7.6,62.5,10.8,34.2,1.3,2.19,20.3,0.3,1.1,0.7,6.5,19.0,7.8,2.2,13.8,28.5,6.0,4.9,1.9,6.7,68.0,,58.333333333333336,27.1,6-7,215,79
203471,Dennis Schröder,LAL,10,31.3,13.1,2.3,6.5,4.3,9.3,1.0,3.0,3.5,4.2,february,2022-23,16.6,27.2,58.8,8.9,58.5,4.9,5.05,20.9,0.0,0.0,0.3,14.8,11.2,36.6,,,23.1,5.2,,,,64.8,,32.25806451612903,31.3,6-1,172,73
1628404,Josh Hart,NYK,10,28.8,13.1,6.3,2.8,4.9,8.7,1.5,3.5,1.8,2.4,february,2022-23,16.0,13.1,67.1,12.1,37.6,1.6,2.62,21.2,0.8,0.0,1.6,,21.0,10.3,,,45.6,4.0,4.6,,,67.4,,40.229885057471265,28.8,6-4,215,76
1629675,Naz Reid,MIN,11,20.0,13.1,5.7,1.9,5.2,10.2,1.5,4.5,1.2,2.0,february,2022-23,26.5,14.3,59.2,11.4,44.1,1.3,1.79,26.1,1.3,1.2,2.8,3.8,17.2,4.8,9.1,8.1,30.7,4.7,3.6,8.4,4.3,62.7,,44.117647058823536,20.0,6-9,264,81
203992,Bogdan Bogdanović,ATL,11,26.0,12.9,3.3,2.7,4.5,9.3,2.8,5.5,1.2,1.4,february,2022-23,17.7,13.6,65.4,10.3,39.2,1.6,2.41,22.9,0.6,0.0,0.5,,12.2,34.4,,,24.4,,,,,62.2,,59.13978494623655,26.0,6-5,225,77
1630198,Isaiah Joe,OKC,11,22.7,12.9,2.6,1.5,4.3,8.4,3.2,6.6,1.2,1.5,february,2022-23,17.1,9.0,71.7,11.4,28.8,1.0,2.03,17.4,0.2,0.0,0.3,,21.2,,9.4,,39.9,9.4,4.3,6.8,,64.9,,78.57142857142856,22.7,6-3,165,75
202685,Jonas Valančiūnas,NOP,9,26.2,12.8,10.4,2.1,5.1,8.9,0.0,0.4,2.6,3.1,february,2022-23,19.1,12.3,62.3,14.2,52.0,1.6,1.86,31.4,2.8,4.2,6.8,,,,22.1,29.7,4.2,,13.7,,16.0,64.9,,4.49438202247191,26.2,6-11,265,83
1629611,Terance Mann,LAC,10,26.9,12.6,4.0,2.9,4.9,7.7,1.5,2.9,1.3,1.5,february,2022-23,15.3,15.0,75.4,10.3,48.2,2.9,3.57,21.1,0.2,0.1,1.5,3.7,22.0,17.9,,,28.9,4.4,6.6,,8.1,70.6,,37.662337662337656,26.9,6-5,215,77
1629629,Cam Reddish,POR,6,27.4,12.5,2.3,2.3,4.3,9.7,2.2,6.2,1.7,1.7,february,2022-23,18.8,12.8,60.1,8.0,36.0,1.6,2.67,21.2,0.8,0.0,0.8,,,,,,,,,,,59.4,,63.917525773195884,27.4,6-7,217,79
1628984,Devonte' Graham,SAS,8,26.0,12.5,2.0,4.3,3.8,10.8,2.5,7.6,2.5,3.3,february,2022-23,19.1,23.3,51.3,8.6,53.6,4.0,4.45,22.0,0.3,0.0,0.8,,,,,,,,,,,65.7,,70.37037037037037,26.0,6-1,195,73
1628989,Kevin Huerter,SAC,12,27.3,12.4,3.2,2.8,4.9,10.3,1.8,6.0,0.8,1.3,february,2022-23,19.6,13.8,57.5,7.4,41.6,1.5,2.1,29.0,0.4,0.1,1.2,,22.8,11.3,,,36.6,6.3,8.2,4.0,3.3,62.3,,58.252427184466015,27.3,6-7,198,79
1630578,Alperen Sengun,HOU,11,28.7,12.3,7.5,4.9,4.6,10.4,0.3,0.8,2.7,3.5,february,2022-23,20.7,24.0,51.5,8.6,56.9,2.7,2.85,41.1,4.0,5.4,5.2,14.9,13.5,5.2,9.2,21.7,11.8,,9.1,,7.4,67.5,,7.6923076923076925,28.7,6-11,243,83
203482,Kelly Olynyk,UTA,11,28.3,12.2,7.7,3.2,3.9,8.5,1.4,3.8,3.0,3.6,february,2022-23,17.5,14.8,60.0,10.7,51.8,1.8,2.05,26.3,1.3,0.5,3.0,,,,,,,,,,,56.4,,44.705882352941174,28.3,6-11,240,83
1631095,Jabari Smith Jr.,HOU,11,32.9,12.1,7.4,2.0,4.1,11.0,1.1,4.4,2.8,3.5,february,2022-23,17.5,8.4,48.3,6.2,52.5,1.8,2.01,27.5,1.6,0.7,2.9,5.6,19.2,4.7,5.3,5.8,36.8,3.9,7.5,2.5,5.4,60.7,,40.0,32.9,6-11,220,83
1630183,Jaden McDaniels,MIN,11,29.4,12.0,4.5,2.3,4.5,8.6,1.4,3.4,1.5,2.1,february,2022-23,15.2,10.0,62.8,7.9,39.9,1.2,1.86,22.9,0.7,0.3,1.9,2.3,27.6,10.3,,,36.8,5.2,5.0,3.2,3.9,60.4,,39.53488372093023,29.4,6-9,185,81
1628380,Zach Collins,SAS,11,24.5,12.0,6.4,3.5,4.8,10.3,0.8,2.8,1.5,2.0,february,2022-23,22.1,21.3,53.8,11.0,43.1,1.4,1.88,29.3,5.4,3.3,5.0,,,,24.7,,25.9,,19.8,,,59.8,,27.184466019417474,24.5,6-11,250,83
101108,Chris Paul,PHX,10,33.3,11.9,3.6,9.7,4.4,12.0,0.7,3.2,2.4,3.1,february,2022-23,19.9,38.2,44.5,10.8,73.3,7.2,5.91,25.7,0.4,0.2,0.4,,,43.8,,,15.6,,,,,58.3,,26.666666666666668,33.3,6-0,175,72
1626196,Josh Richardson,NOP,9,28.8,11.9,3.1,3.3,4.4,10.1,1.4,4.9,1.6,1.9,february,2022-23,18.4,16.4,54.3,8.9,47.4,2.7,3.36,22.1,0.1,0.0,0.7,,,,,,,,,,,73.3,,48.51485148514852,28.8,6-6,200,78
1627736,Malik Beasley,LAL,9,24.4,11.9,3.1,1.7,4.4,11.7,3.0,8.6,0.0,0.3,february,2022-23,21.7,9.8,50.3,6.4,32.6,1.3,2.34,19.1,0.2,0.0,0.1,,,,,,,,,,,62.9,,73.50427350427351,24.4,6-4,187,76
1628977,Hamidou Diallo,DET,10,19.6,11.8,2.9,0.8,5.2,8.7,0.0,0.1,1.4,2.2,february,2022-23,23.3,7.2,61.0,11.5,31.4,1.2,2.29,15.8,1.1,0.2,1.5,,,,,,,,,,,60.0,,1.149425287356322,19.6,6-5,202,77
201569,Eric Gordon,LAC,9,25.7,11.8,1.8,3.8,3.7,7.8,1.6,3.4,2.9,3.6,february,2022-23,17.0,19.8,63.0,8.9,44.1,2.9,3.95,22.2,0.1,0.0,0.1,,,,,,60.0,,,,,69.0,,43.58974358974359,25.7,6-3,215,75
1630174,Aaron Nesmith,IND,11,28.4,11.7,3.7,1.5,4.2,8.8,1.9,4.9,1.5,1.8,february,2022-23,16.3,7.2,61.0,6.0,39.9,1.1,1.71,22.6,0.6,0.0,1.0,,19.9,10.4,6.6,,30.9,5.5,,13.7,4.1,54.9,,55.68181818181818,28.4,6-5,215,77
203484,Kentavious Caldwell-Pope,DEN,11,30.5,11.7,2.4,3.0,4.3,7.8,1.4,3.5,1.8,2.1,february,2022-23,14.0,11.7,67.1,8.1,40.7,1.4,2.08,28.7,0.9,0.1,1.0,3.1,24.1,18.1,,,33.7,5.9,,6.5,,75.8,,44.871794871794876,30.5,6-5,204,77
1629622,Max Strus,MIA,10,29.3,11.6,3.2,2.3,3.9,9.8,2.4,7.4,1.4,1.7,february,2022-23,17.0,12.6,55.0,6.6,43.1,1.2,1.64,26.8,0.5,0.0,0.8,,,,,,,,,,,70.3,,75.51020408163265,29.3,6-5,215,77
1630191,Isaiah Stewart,DET,9,29.3,11.6,9.0,2.2,4.0,9.6,1.7,5.0,1.9,2.7,february,2022-23,17.3,11.5,53.9,10.8,42.8,1.2,1.67,23.3,2.2,0.9,3.7,,10.3,,13.9,10.3,23.9,,19.2,,11.8,55.1,,52.083333333333336,29.3,6-8,250,80
1631110,Jeremy Sochan,SAS,6,24.5,11.5,5.2,2.8,4.3,11.8,0.5,2.5,2.3,3.2,february,2022-23,23.2,17.5,43.5,8.4,40.0,1.7,2.59,23.3,0.5,2.0,2.8,,18.9,,12.3,,28.3,,17.0,,,36.4,,21.1864406779661,24.5,6-8,230,80
1628381,John Collins,ATL,9,27.7,11.4,3.4,0.8,4.2,8.9,0.7,3.0,2.3,2.3,february,2022-23,16.0,3.6,57.7,7.1,38.8,1.1,1.68,20.9,0.7,2.4,2.6,,18.7,,6.3,9.1,33.6,2.3,10.3,,9.8,73.3,,33.70786516853933,27.7,6-9,226,81
203991,Clint Capela,ATL,11,25.7,11.4,10.6,1.2,5.2,9.0,0.0,0.0,1.0,1.9,february,2022-23,16.9,6.1,57.7,11.9,36.6,0.8,1.32,18.6,2.9,0.4,11.5,,,,22.1,,,,24.4,,36.6,60.0,,0.0,25.7,6-10,256,82
1628971,Bruce Brown,DEN,12,27.8,11.3,3.0,3.3,4.3,9.2,1.3,3.7,1.3,1.8,february,2022-23,17.3,15.4,56.4,7.8,50.6,3.5,4.15,22.8,1.0,0.0,1.8,4.1,22.3,15.7,,,22.3,3.8,13.0,,8.7,67.4,,40.217391304347835,27.8,6-4,202,76
1629632,Coby White,CHI,12,26.7,11.3,2.8,2.8,4.1,9.1,1.6,4.8,1.5,1.6,february,2022-23,16.5,15.6,57.5,10.1,41.3,2.5,3.59,20.5,0.1,0.0,0.3,7.7,29.3,29.6,,,20.9,3.1,,2.6,,59.0,,52.74725274725275,26.7,6-5,195,77
1630164,James Wiseman,DET,6,19.3,11.2,6.0,0.0,4.8,7.7,0.2,0.7,1.3,1.8,february,2022-23,20.8,0.0,65.9,12.4,26.2,0.6,1.45,10.8,0.5,1.7,4.8,,,,,,,,,,,63.6,,9.09090909090909,19.3,7-0,240,84
201144,Mike Conley,MIN,9,30.8,11.1,2.4,6.9,3.8,8.2,1.6,4.6,2.0,2.3,february,2022-23,15.2,28.7,60.1,9.3,67.3,5.3,4.71,25.3,0.3,0.0,0.3,,14.8,21.2,,,33.3,13.8,,5.8,,52.4,,56.09756097560976,30.8,6-1,175,73
1629216,Gabe Vincent,MIA,10,32.2,11.1,2.8,2.3,3.6,9.8,2.2,7.0,1.7,1.9,february,2022-23,16.4,10.1,52.2,4.6,52.8,3.4,3.91,24.0,0.1,0.1,0.4,,14.9,14.9,,,38.6,,,13.2,,64.3,,71.42857142857142,32.2,6-2,200,74
202699,Tobias Harris,PHI,11,33.3,11.1,4.3,2.0,4.4,9.4,1.5,4.0,0.8,1.0,february,2022-23,14.4,9.3,56.6,8.1,41.3,1.6,2.37,25.6,0.3,1.4,1.8,4.2,17.9,6.8,,14.6,31.8,,6.3,3.0,6.3,65.7,,42.5531914893617,33.3,6-7,226,79
1631099,Keegan Murray,SAC,12,30.3,11.0,5.4,1.9,4.1,9.4,2.3,6.1,0.5,0.7,february,2022-23,14.4,7.9,56.6,7.9,36.3,1.0,1.61,23.8,0.4,0.1,1.8,4.2,18.5,10.8,5.4,,30.8,,4.2,14.2,4.2,57.4,,64.8936170212766,30.3,6-8,225,80
1630175,Cole Anthony,ORL,9,21.3,10.9,4.3,4.0,3.8,8.7,0.8,2.3,2.6,2.9,february,2022-23,21.4,29.8,54.8,14.1,44.2,3.5,4.8,16.3,0.4,0.0,1.3,6.9,14.7,51.8,,,14.3,,,,,68.0,,26.436781609195403,21.3,6-3,185,75
1628449,Chris Boucher,TOR,11,21.6,10.8,6.4,0.4,4.3,7.5,1.1,2.9,1.2,1.6,february,2022-23,17.1,2.5,65.4,13.1,22.4,0.6,1.58,12.5,0.4,0.2,4.3,,,,,,,,,,,46.9,,38.666666666666664,21.6,6-9,200,81
1631106,Tari Eason,HOU,11,21.7,10.7,6.4,1.1,4.0,8.8,0.5,1.8,2.3,3.2,february,2022-23,20.8,7.9,52.5,9.3,33.8,1.2,2.18,17.9,1.1,0.2,4.8,5.0,19.9,5.4,,,43.3,,6.5,,9.2,58.8,,20.454545454545453,21.7,6-8,215,80
1629669,Jaylen Nowell,MIN,9,17.8,10.7,2.8,1.8,4.1,8.6,1.3,3.3,1.1,1.2,february,2022-23,22.4,13.8,58.7,10.9,30.2,1.7,3.29,17.1,0.0,0.0,0.2,,,,,,,,,,,63.2,,38.372093023255815,17.8,6-4,201,76
1631117,Walker Kessler,UTA,11,29.1,10.6,11.4,1.0,4.6,6.7,0.1,0.1,1.3,2.5,february,2022-23,12.0,4.9,68.1,13.8,30.6,0.8,1.52,17.6,1.6,0.3,9.2,,,,,,,,29.0,,22.6,52.1,,1.4925373134328357,29.1,7-0,245,84
1630559,Austin Reaves,LAL,8,22.3,10.5,2.3,2.9,3.4,5.6,1.5,2.9,2.3,2.9,february,2022-23,14.7,19.5,76.2,10.9,35.5,2.2,3.75,18.1,0.3,0.0,0.6,13.5,15.8,35.6,,,14.0,5.6,,5.6,,69.2,,51.78571428571429,22.3,6-5,197,77
203488,Mike Muscala,BOS,8,18.7,10.5,3.9,0.9,3.9,7.6,2.5,5.8,0.3,0.5,february,2022-23,17.7,6.4,66.9,10.7,34.5,0.7,1.17,15.9,0.8,0.1,1.5,,,,,,,,,,,64.3,,76.31578947368422,18.7,6-11,240,83
1630583,Santi Aldama,MEM,10,22.3,10.5,4.6,1.2,3.8,8.4,1.5,4.7,1.4,1.7,february,2022-23,19.3,7.7,57.4,10.9,28.9,0.9,1.95,15.2,0.6,0.2,1.3,,22.8,2.3,8.8,4.1,40.1,,6.8,,7.0,62.0,,55.952380952380956,22.3,7-0,215,84
1630166,Deni Avdija,WAS,11,27.3,10.5,6.7,2.5,3.6,8.7,1.1,3.5,2.1,2.8,february,2022-23,18.2,12.1,52.4,8.9,45.5,2.1,2.72,22.6,1.0,0.2,2.5,14.0,18.1,26.9,,3.1,19.0,4.8,4.0,4.7,1.7,64.2,,40.229885057471265,27.3,6-9,210,81
1627826,Ivica Zubac,LAC,8,30.9,10.4,9.9,1.3,4.1,6.4,0.0,0.0,2.1,3.0,february,2022-23,13.1,5.2,67.4,10.1,45.1,1.1,1.5,20.5,2.6,2.0,8.3,,5.5,,18.4,28.3,,,20.1,,20.3,54.2,,0.0,30.9,7-0,240,84
1628420,Monte Morris,WAS,8,26.8,10.4,3.8,5.3,4.1,7.6,1.4,3.0,0.8,1.0,february,2022-23,15.7,27.1,64.3,10.5,55.0,4.9,5.38,20.3,0.1,0.0,0.3,,,,,,,,,,,72.2,,39.473684210526315,26.8,6-2,183,74
1628372,Dennis Smith Jr.,CHA,11,25.3,10.4,2.5,3.6,3.8,7.6,0.5,2.0,2.2,2.8,february,2022-23,17.8,20.6,58.4,10.2,41.6,2.4,3.51,20.6,0.5,0.0,0.5,,,,,,,,,,,65.8,,26.31578947368421,25.3,6-2,205,74
1628966,Keita Bates-Diop,SAS,11,29.4,10.4,4.9,2.5,3.9,8.4,0.6,1.9,1.9,2.4,february,2022-23,14.7,11.4,55.1,9.2,33.2,1.4,2.47,19.5,1.0,1.1,2.9,,,,,,,,,,,68.0,,22.619047619047617,29.4,6-8,229,80
1631109,Mark Williams,CHA,11,21.7,10.3,8.0,0.5,4.5,6.5,0.0,0.0,1.2,1.8,february,2022-23,16.0,3.1,69.9,12.1,23.7,0.6,1.52,12.3,2.3,0.7,6.5,,15.1,,19.3,5.0,,,27.6,,23.1,62.1,,0.0,21.7,7-0,240,84
1630228,Jonathan Kuminga,GSW,12,21.9,10.3,3.2,1.9,4.2,8.4,0.9,2.5,1.0,1.6,february,2022-23,20.7,11.4,56.2,7.0,35.9,1.4,2.29,20.9,1.0,1.9,1.8,12.6,17.4,21.1,,6.7,18.1,,9.6,,7.0,73.8,,29.761904761904763,21.9,6-7,225,79
1629021,Moritz Wagner,ORL,11,18.8,10.2,2.6,1.5,3.2,6.8,0.9,2.9,2.9,3.6,february,2022-23,20.3,11.9,60.5,11.0,30.7,0.9,1.85,20.1,1.9,0.3,3.3,,,,,,,,,,,68.6,,42.64705882352941,18.8,6-11,245,83
202692,Alec Burks,DET,10,21.4,10.1,2.7,2.2,3.2,8.4,1.6,4.9,2.1,2.5,february,2022-23,21.0,14.9,53.2,7.9,30.6,1.5,2.93,19.0,0.3,0.2,0.4,,,,,,,,,,,52.9,,58.333333333333336,21.4,6-6,214,78
1630591,Jalen Suggs,ORL,10,23.8,10.1,3.0,2.1,3.6,8.5,1.4,3.6,1.5,2.0,february,2022-23,18.9,15.4,53.8,8.9,39.0,2.1,3.3,18.1,0.1,0.1,1.8,6.6,24.5,25.2,,,20.4,7.3,,,4.0,59.3,,42.35294117647059,23.8,6-5,205,77
1629651,Nic Claxton,BKN,10,29.2,10.1,9.2,2.2,3.8,6.7,0.0,0.0,2.5,3.7,february,2022-23,14.4,11.3,60.6,12.5,42.8,1.4,1.98,24.7,3.7,0.7,6.7,14.1,15.5,3.9,11.1,4.5,10.9,,15.5,,13.4,65.3,,0.0,29.2,6-11,215,83
1628960,Grayson Allen,MIL,10,28.5,9.9,2.5,1.4,3.3,7.7,2.3,5.7,1.0,1.2,february,2022-23,13.5,6.0,60.2,5.1,30.7,1.1,2.2,21.2,0.2,0.0,0.7,2.8,17.5,24.2,4.0,,33.8,5.4,,7.0,,72.2,,74.02597402597402,28.5,6-4,198,76
1630168,Onyeka Okongwu,ATL,11,20.6,9.8,6.8,1.2,4.0,6.5,0.1,0.2,1.7,2.1,february,2022-23,16.1,7.6,65.8,12.4,25.8,0.6,1.42,14.2,2.3,0.7,6.6,1.6,15.5,2.1,11.6,6.9,28.0,3.2,11.2,3.4,7.5,64.1,,3.076923076923077,20.6,6-9,240,81
1628997,Caleb Martin,MIA,10,27.6,9.8,6.3,1.3,3.4,8.3,1.0,3.7,2.0,2.7,february,2022-23,16.7,7.9,51.6,8.7,39.6,1.7,2.57,17.7,0.5,0.0,2.2,,32.5,7.9,,,35.7,,,,,62.9,,44.57831325301205,27.6,6-5,205,77
201145,Jeff Green,DEN,9,19.2,9.8,2.4,1.0,3.9,8.6,0.6,2.8,1.4,1.8,february,2022-23,23.0,8.2,52.4,7.2,26.8,0.8,1.88,20.0,1.0,1.1,1.9,,,,,,,,,,,59.3,,32.558139534883715,19.2,6-8,235,80
1630173,Precious Achiuwa,TOR,11,25.5,9.7,6.7,1.0,3.8,7.9,0.5,1.6,1.6,2.9,february,2022-23,16.8,5.2,52.9,7.5,38.4,1.2,1.95,24.0,2.0,0.3,3.5,,22.2,,13.5,,24.7,,12.0,,17.1,67.1,,20.253164556962027,25.5,6-8,225,80
203110,Draymond Green,GSW,9,31.4,9.7,7.7,6.7,4.0,7.3,0.7,1.8,1.0,1.6,february,2022-23,14.6,26.8,60.3,11.0,75.7,2.5,1.98,40.1,2.8,2.7,3.8,,9.4,5.1,10.2,,39.8,,10.2,,2.7,56.3,,24.657534246575345,31.4,6-6,230,78
201143,Al Horford,BOS,8,30.0,9.6,6.1,2.6,3.4,7.3,2.5,5.4,0.4,0.5,february,2022-23,12.0,11.5,64.4,8.9,44.3,1.1,1.55,24.5,1.5,1.8,3.8,,15.0,,12.2,8.9,40.0,,7.8,5.6,,59.4,,73.97260273972603,30.0,6-9,240,81
1629026,Kenrich Williams,OKC,11,24.6,9.5,4.6,2.4,4.2,8.2,0.8,3.0,0.4,0.8,february,2022-23,15.9,13.1,55.9,8.8,36.2,1.1,1.87,22.5,1.6,0.2,4.3,,14.6,,,,42.3,,10.0,,7.7,72.2,,36.585365853658544,24.6,6-6,210,78
1629655,Daniel Gafford,WAS,11,25.2,9.5,6.8,1.6,3.8,4.9,0.0,0.0,1.8,2.5,february,2022-23,12.5,8.8,78.4,10.8,34.3,0.9,1.5,19.5,2.2,0.3,5.3,,8.8,,19.9,11.0,,,20.4,,18.2,50.7,,0.0,25.2,6-10,234,82
1630256,Jae'Sean Tate,HOU,9,22.7,9.4,3.4,1.9,3.9,8.0,0.3,1.3,1.3,2.4,february,2022-23,18.0,14.4,52.0,5.5,45.0,2.6,3.48,25.0,0.6,1.2,2.4,,,,,,,,,,,48.0,,16.25,22.7,6-5,230,77
203937,Kyle Anderson,MIN,9,23.9,9.4,6.2,3.8,3.7,6.8,0.3,1.2,1.8,2.6,february,2022-23,15.8,22.2,59.8,13.8,46.4,2.1,2.69,27.4,2.0,0.0,2.7,12.6,16.5,7.9,,,17.3,,14.2,,8.7,54.3,,17.647058823529413,23.9,6-9,230,81
203486,Mason Plumlee,LAC,9,25.2,9.4,7.9,3.1,3.2,4.4,0.0,0.0,3.0,4.4,february,2022-23,13.9,18.5,73.8,12.0,39.3,1.5,2.31,21.8,2.2,1.8,5.3,,,,,,,,,,,69.4,,0.0,25.2,7-0,254,84
1629057,Robert Williams III,BOS,9,26.3,9.4,9.7,1.3,4.6,6.2,0.0,0.1,0.3,0.8,february,2022-23,12.4,7.5,71.9,12.9,34.9,0.7,1.28,21.3,1.0,0.6,8.1,,,,17.1,,9.8,,32.5,,20.3,51.5,,1.6129032258064515,26.3,6-9,237,81
1629670,Jordan Nwora,IND,5,19.0,9.4,3.8,2.0,3.8,8.2,1.4,3.6,0.4,0.8,february,2022-23,18.9,16.1,55.0,11.7,25.4,0.9,2.02,14.8,1.0,0.0,0.8,,,,,,,,,,,72.2,,43.90243902439025,19.0,6-9,225,81
1631105,Jalen Duren,DET,8,28.2,9.4,9.9,1.5,4.0,6.9,0.0,0.0,1.4,2.5,february,2022-23,14.5,8.8,58.8,10.4,40.5,1.0,1.55,21.9,3.8,1.3,9.4,8.9,12.2,3.2,14.9,8.7,6.8,,20.0,,16.4,55.1,,0.0,28.2,6-11,250,83
1630245,Ayo Dosunmu,CHI,12,30.6,9.3,3.3,3.3,3.9,8.3,0.7,2.2,0.8,0.8,february,2022-23,14.1,14.9,54.2,6.6,49.3,3.2,3.84,18.9,0.2,0.0,0.5,2.2,33.6,20.8,,,31.6,,3.1,,,61.4,,26.506024096385545,30.6,6-5,200,77
203493,Reggie Bullock Jr.,DAL,11,34.4,9.3,3.8,2.2,3.1,7.0,2.6,6.2,0.5,0.5,february,2022-23,10.3,8.3,64.0,6.0,43.2,1.0,1.4,23.3,0.3,0.0,0.3,,,,,,,,,,,74.5,,88.57142857142858,34.4,6-6,205,78
1631101,Shaedon Sharpe,POR,11,22.8,9.3,2.9,1.3,3.7,7.8,1.5,3.9,0.4,0.4,february,2022-23,16.4,7.8,58.1,7.4,26.3,1.1,2.61,16.4,0.5,0.0,1.0,12.3,19.5,31.7,,,16.7,5.1,4.8,2.1,2.8,59.5,,50.0,22.8,6-5,200,77
1629056,Terence Davis,SAC,12,16.6,9.3,2.5,1.2,3.3,6.9,1.9,4.4,0.7,0.8,february,2022-23,21.3,9.3,63.8,8.2,23.9,0.8,2.09,16.3,0.0,0.0,0.4,,,,,,,,,,,73.3,,63.76811594202899,16.6,6-4,201,76
203926,Doug McDermott,SAS,9,21.8,9.2,1.6,1.8,3.4,8.0,2.0,4.9,0.3,0.4,february,2022-23,16.7,11.2,56.3,4.8,25.9,0.7,1.68,20.0,0.2,0.0,1.3,,,,,,65.4,,,,,57.7,,61.25000000000001,21.8,6-6,225,78
1630528,Josh Christopher,HOU,11,17.4,9.2,1.4,1.7,3.7,7.0,0.7,1.7,1.0,1.5,february,2022-23,21.0,16.1,60.1,9.4,30.8,1.8,3.49,20.5,0.3,0.1,0.1,,,,,,,,,,,40.7,,24.285714285714285,17.4,6-4,215,76
1630172,Patrick Williams,CHI,12,26.3,9.2,4.3,1.5,3.6,8.0,1.1,2.7,0.9,1.3,february,2022-23,16.2,7.9,53.6,7.8,39.7,1.3,1.98,19.3,0.3,0.1,1.9,3.6,22.1,9.3,5.0,3.6,41.4,3.6,,,5.0,65.0,,33.75,26.3,6-7,215,79
1628415,Dillon Brooks,MEM,9,28.9,9.0,2.4,1.8,3.2,9.2,1.2,4.3,1.3,1.6,february,2022-23,15.7,8.3,45.4,3.2,31.4,1.3,2.43,19.9,0.3,0.0,0.7,9.3,14.6,19.9,1.5,9.9,31.8,2.8,1.7,2.8,2.4,48.6,,46.73913043478261,28.9,6-6,225,78
1629060,Rui Hachimura,LAL,10,23.1,9.0,5.2,0.6,3.3,7.8,0.5,1.8,1.9,2.5,february,2022-23,16.6,3.6,50.6,8.3,26.0,0.9,2.06,12.0,0.6,1.5,2.6,3.7,19.3,,3.1,9.5,40.5,,7.1,4.9,,50.0,,23.076923076923077,23.1,6-8,230,80
1630573,Sam Hauser,BOS,11,20.0,9.0,3.3,0.8,3.3,6.3,2.5,5.0,0.0,0.0,february,2022-23,14.7,5.6,71.7,9.6,24.3,0.6,1.37,15.4,0.2,0.0,0.7,,20.5,4.3,8.2,,34.1,9.4,,14.2,3.7,63.3,,79.36507936507937,20.0,6-7,217,79
1629634,Brandon Clarke,MEM,10,20.1,8.9,6.1,1.8,4.0,6.3,0.0,0.0,0.9,1.3,february,2022-23,15.3,13.8,64.8,13.4,28.2,0.7,1.56,17.5,3.8,0.1,6.2,,,,,,,,,,,66.0,,0.0,20.1,6-8,215,80
1628975,Jevon Carter,MIL,10,20.6,8.9,3.2,1.6,3.3,7.2,2.0,4.7,0.3,0.5,february,2022-23,15.8,10.0,60.0,9.1,34.6,2.5,4.39,13.9,0.1,0.0,0.6,,21.5,17.2,,,45.2,,,,,80.0,,65.27777777777779,20.6,6-1,200,73
1630227,Daishen Nix,HOU,7,25.1,8.7,2.7,3.3,3.6,9.3,1.3,4.7,0.3,0.4,february,2022-23,18.1,17.7,46.0,5.5,60.1,4.2,4.23,27.1,0.4,0.0,0.1,,,,,,,,,,,64.3,,50.53763440860215,25.1,6-4,226,76
1629022,Lonnie Walker IV,LAL,10,15.3,8.7,1.4,1.2,3.1,7.0,1.2,3.3,1.3,1.4,february,2022-23,21.9,11.0,57.1,8.4,18.3,1.2,3.81,10.0,0.4,0.0,0.3,,,,,,,,,,,86.7,,47.14285714285714,15.3,6-4,204,76
1630544,Tre Mann,OKC,10,16.5,8.7,2.1,2.1,3.1,8.1,1.4,4.1,1.1,1.4,february,2022-23,22.7,18.8,49.9,7.8,30.3,2.1,4.1,14.6,0.1,0.0,0.9,8.5,7.7,38.0,,,26.5,8.5,,,,50.0,,50.617283950617285,16.5,6-3,178,75
1630702,Jaden Hardy,DAL,9,15.9,8.7,1.7,1.4,2.7,5.7,1.4,3.2,1.9,2.0,february,2022-23,21.1,13.5,66.2,9.2,25.3,1.6,3.8,13.2,0.2,0.0,0.2,,19.7,16.3,,,40.9,6.3,,,,85.7,,56.14035087719298,15.9,6-3,198,75
1628427,Vlatko Čančar,DEN,12,23.7,8.7,3.2,2.4,3.3,6.4,1.0,3.0,1.2,1.3,february,2022-23,13.4,13.1,62.2,8.6,30.4,1.0,1.93,20.7,1.4,0.3,2.3,,,,,,,,,,,76.3,,46.875,23.7,6-8,236,80
1631102,TyTy Washington Jr.,HOU,9,20.6,8.6,1.8,2.6,3.3,8.3,1.2,3.9,0.7,0.9,february,2022-23,17.8,16.8,49.0,7.4,46.1,3.0,3.96,22.1,0.0,0.0,0.1,,,,,,,,,,,73.3,,46.98795180722891,20.6,6-3,195,75
203967,Dario Šarić,OKC,9,16.7,8.4,4.4,1.6,2.9,6.1,1.0,2.7,1.7,1.8,february,2022-23,19.7,14.7,61.3,12.2,29.4,0.9,1.88,16.9,0.9,0.6,2.0,,,,,,,,,,,63.2,,44.26229508196722,16.7,6-10,225,82
1630214,Xavier Tillman,MEM,10,26.1,8.4,6.6,2.5,3.6,5.9,0.0,0.1,1.2,2.3,february,2022-23,12.9,12.4,60.8,10.2,38.1,1.0,1.51,20.1,4.9,0.3,7.0,,,,,,,,,,,50.9,,1.694915254237288,26.1,6-7,245,79
203939,Dwight Powell,DAL,11,22.7,8.4,5.9,1.5,3.3,4.3,0.0,0.0,1.8,2.9,february,2022-23,13.0,8.9,75.3,9.4,36.8,1.1,1.77,22.9,2.9,0.2,6.9,,13.2,,12.1,,,,37.4,,,62.0,,0.0,22.7,6-10,240,82
1629656,Quentin Grimes,NYK,11,27.8,8.4,2.6,1.5,3.0,6.8,1.5,4.4,0.8,1.1,february,2022-23,12.7,7.5,57.3,5.2,25.9,0.8,1.74,18.8,0.4,0.0,0.6,10.4,22.2,10.8,,,37.6,2.4,2.8,6.8,2.0,63.0,,64.70588235294117,27.8,6-5,210,77
1627827,Dorian Finney-Smith,BKN,9,30.3,8.3,6.4,1.8,3.0,7.7,1.3,4.8,1.0,1.3,february,2022-23,13.5,8.7,50.5,6.1,36.1,1.0,1.66,19.8,1.0,0.0,2.3,,,,,,,,,,,58.2,,62.33766233766234,30.3,6-7,220,79
1630171,Isaac Okoro,CLE,11,25.9,8.3,2.5,1.8,3.0,5.4,1.2,2.7,1.1,1.5,february,2022-23,10.9,8.1,68.9,6.8,21.0,0.6,1.85,13.8,0.6,0.1,1.6,,25.9,,,,41.6,,10.8,,5.2,41.7,,50.0,25.9,6-5,225,77
1630534,Ochai Agbaji,UTA,11,23.3,8.2,2.1,0.8,2.9,6.1,1.9,4.4,0.5,0.5,february,2022-23,11.8,4.8,64.6,5.8,22.5,0.5,1.46,13.2,0.4,0.0,0.5,,33.5,,,,29.2,,13.5,,10.3,67.6,,72.13114754098362,23.3,6-5,215,77
1630570,Trendon Watford,POR,11,21.5,8.2,3.7,3.2,3.2,5.5,0.7,0.9,1.1,1.8,february,2022-23,15.7,20.6,64.5,7.9,42.6,1.7,2.4,18.8,1.6,0.5,1.8,7.8,20.2,,,,24.8,,,,,64.6,,16.363636363636363,21.5,6-8,237,80
1626168,Trey Lyles,SAC,12,17.9,8.2,3.5,0.9,2.8,5.6,1.0,2.8,1.5,1.8,february,2022-23,17.2,6.8,63.9,8.5,28.5,0.8,1.58,14.8,0.3,0.4,2.4,,,,,,,,,,,52.5,,50.0,17.9,6-9,234,81
1627752,Taurean Prince,MIN,9,22.3,8.1,2.6,2.3,3.2,7.1,1.2,3.8,0.4,0.6,february,2022-23,15.9,13.5,55.1,6.5,31.8,1.0,1.97,21.7,0.1,0.0,0.6,,27.3,,,,54.5,,,,,54.5,,53.52112676056338,22.3,6-6,218,78
1630557,Corey Kispert,WAS,11,24.9,8.1,2.5,0.5,3.0,6.4,1.7,4.5,0.4,0.4,february,2022-23,12.2,2.4,62.0,5.8,25.0,0.6,1.55,14.8,0.4,0.0,0.5,,19.0,9.5,,,34.1,11.9,,8.7,,64.1,,70.3125,24.9,6-6,224,78
204456,T.J. McConnell,IND,11,18.6,8.1,3.2,4.3,3.6,7.0,0.5,1.2,0.4,0.6,february,2022-23,19.8,38.2,55.6,11.5,47.2,3.7,4.65,15.1,0.3,0.0,0.5,5.9,13.1,54.0,,,12.5,,4.2,,,71.0,,17.142857142857142,18.6,6-1,190,73
1626172,Kevon Looney,GSW,12,24.0,8.0,10.8,1.8,3.5,4.6,0.0,0.0,1.0,1.8,february,2022-23,10.1,9.1,74.7,12.7,40.8,1.0,1.46,24.2,2.0,0.7,5.6,,,,19.3,,,,,,31.6,65.2,,0.0,24.0,6-9,222,81
1629660,Ty Jerome,GSW,11,20.3,7.9,2.1,4.3,3.3,6.3,0.6,1.7,0.7,0.9,february,2022-23,15.0,27.3,59.3,10.3,46.9,3.7,4.69,18.1,0.3,0.0,0.5,,,,,,,,,,,77.4,,26.984126984126984,20.3,6-5,195,77
202694,Marcus Morris Sr.,LAC,10,26.9,7.9,2.8,1.7,3.1,8.1,1.3,4.0,0.4,0.6,february,2022-23,15.0,8.2,47.2,4.3,33.0,1.2,2.18,21.7,0.8,1.1,0.5,,,,,,,,,,,69.2,,49.38271604938272,26.9,6-8,218,80
1629646,Charles Bassey,SAS,5,16.5,7.8,7.8,1.4,3.4,6.4,0.2,0.2,0.8,1.4,february,2022-23,18.6,13.0,55.6,14.9,32.4,0.8,1.52,18.8,2.6,0.6,8.0,,,,,,,,,,,56.3,,3.125,16.5,6-9,230,81
1626224,Cedi Osman,CLE,9,20.6,7.8,2.6,2.2,2.7,7.7,1.6,5.0,0.9,1.6,february,2022-23,19.0,14.9,46.6,7.3,28.0,1.1,2.32,20.4,0.2,0.0,0.9,,,,,,,,,,,47.8,,64.93506493506493,20.6,6-7,230,79
202704,Reggie Jackson,DEN,8,20.6,7.8,1.8,3.5,3.0,8.1,1.4,4.3,0.4,0.5,february,2022-23,19.2,25.9,46.4,6.9,41.9,3.4,4.81,17.9,0.3,0.0,0.4,,,,,,,,,,,66.7,,53.086419753086425,20.6,6-2,208,74
1631119,Jaylin Williams,OKC,11,21.1,7.7,5.3,1.7,2.6,5.5,1.4,2.9,1.1,1.5,february,2022-23,12.9,10.7,63.4,10.2,39.5,1.0,1.55,20.8,1.1,0.1,1.9,,14.8,,21.6,,40.7,,,,,68.1,,52.72727272727272,21.1,6-9,240,81
1630165,Killian Hayes,DET,10,29.3,7.7,2.4,6.4,2.8,9.8,0.9,4.1,1.2,1.3,february,2022-23,18.1,31.2,37.1,5.0,62.8,5.7,5.48,21.2,0.4,0.0,0.2,,,,,,,,,,,58.9,,41.836734693877546,29.3,6-5,195,77
1629234,Drew Eubanks,POR,11,23.8,7.6,7.4,2.1,3.1,5.3,0.0,0.1,1.5,2.3,february,2022-23,13.0,11.8,60.9,8.9,33.6,0.9,1.55,18.5,2.8,0.1,4.7,,11.3,,36.6,,,,23.9,,8.5,69.9,,1.886792452830189,23.8,6-10,245,82
1629642,Nassir Little,POR,11,19.7,7.5,3.5,1.2,2.7,6.2,1.5,4.0,0.6,0.8,february,2022-23,15.4,7.6,57.7,7.7,24.5,0.8,1.93,13.2,0.2,0.0,0.5,,,,,,,,,,,62.5,,64.51612903225806,19.7,6-5,220,77
203914,Gary Harris,ORL,10,26.8,7.4,2.4,1.2,2.3,6.0,2.1,5.1,0.7,0.7,february,2022-23,10.4,6.0,58.7,5.9,22.6,0.8,2.05,16.7,0.0,0.0,0.3,,16.7,,,,54.2,,,,,44.4,,85.0,26.8,6-4,210,76
203925,Joe Harris,BKN,11,17.7,7.4,1.5,1.4,2.5,5.5,2.2,4.6,0.1,0.3,february,2022-23,15.5,12.5,65.0,6.6,22.1,0.5,1.41,17.5,0.2,0.0,0.4,,,,,,,,,,,69.7,,83.63636363636363,17.7,6-6,220,78
1630529,Herbert Jones,NOP,10,31.1,7.3,4.1,2.3,3.0,6.9,0.4,2.0,0.9,1.4,february,2022-23,12.3,9.4,48.6,5.5,44.4,1.4,1.96,23.5,0.7,0.1,1.8,,22.4,10.8,,,37.7,6.3,5.4,,,64.2,,28.985507246376812,31.1,6-7,206,79
1629001,De'Anthony Melton,PHI,11,24.4,7.3,2.3,1.8,2.4,5.7,1.5,3.5,1.1,1.4,february,2022-23,12.8,11.9,57.5,5.0,34.5,1.2,2.16,16.0,0.3,0.0,1.4,,,,,,,,,,,70.6,,61.40350877192983,24.4,6-2,200,74
1626153,Delon Wright,WAS,11,26.0,7.3,3.7,3.5,2.8,5.2,1.0,2.0,0.6,0.6,february,2022-23,11.2,16.7,66.6,9.3,45.5,3.8,4.98,17.7,0.5,0.0,1.4,,,,,,,,,,,76.5,,38.46153846153846,26.0,6-5,185,77
1630208,Nick Richards,CHA,8,19.1,7.3,7.1,0.1,2.4,4.6,0.0,0.0,2.5,3.3,february,2022-23,14.5,1.0,59.9,10.3,22.3,0.5,1.48,9.9,1.5,1.0,5.3,,,,,,,,,,,62.5,,0.0,19.1,7-0,245,84
1630631,Jose Alvarado,NOP,10,18.8,7.1,1.8,2.5,2.9,6.6,0.9,3.0,0.4,0.5,february,2022-23,17.2,18.7,52.1,6.7,37.8,2.7,4.34,14.5,0.2,0.0,0.6,4.2,20.0,27.3,,,30.0,3.8,3.8,,,52.4,,45.45454545454546,18.8,6-0,179,72
1626220,Royce O'Neale,BKN,11,25.6,7.1,4.1,3.0,2.3,6.3,1.9,5.0,0.6,0.7,february,2022-23,13.0,16.3,53.8,5.6,51.9,1.9,2.22,21.6,0.1,0.0,0.4,,26.0,8.3,2.7,,43.8,3.9,,3.6,,67.9,,79.36507936507937,25.6,6-6,226,78
1631128,Christian Braun,DEN,12,19.7,7.1,3.4,1.5,2.8,4.7,0.8,1.4,0.8,1.3,february,2022-23,12.9,10.6,67.4,9.6,24.2,0.9,2.28,14.1,0.3,0.0,1.1,,33.3,,7.1,,20.6,7.8,11.3,,7.1,62.1,,29.78723404255319,19.7,6-6,220,78
1628464,Daniel Theis,IND,7,15.5,7.0,3.1,1.3,3.0,6.3,0.3,1.6,0.7,1.7,february,2022-23,20.1,12.5,49.7,8.8,23.7,0.6,1.51,18.0,2.1,0.1,3.4,,,,,,,,,,,65.2,,25.396825396825403,15.5,6-8,245,80
1626192,Pat Connaughton,MIL,8,25.9,7.0,5.8,1.5,2.6,6.3,1.6,4.9,0.1,0.1,february,2022-23,10.7,7.4,55.5,8.5,35.9,0.9,1.42,15.3,0.1,0.0,1.0,,,,,,,,,,,58.3,,77.77777777777779,25.9,6-5,209,77
1629134,Kendrick Nunn,WAS,11,16.5,6.9,1.7,2.5,2.6,5.6,0.9,2.5,0.7,0.8,february,2022-23,19.4,20.6,57.6,7.7,23.0,1.6,4.09,12.3,0.2,0.0,0.2,,,,,,,,,,,63.3,,44.642857142857146,16.5,6-3,190,75
1628972,Troy Brown Jr.,LAL,10,23.4,6.9,4.4,1.3,2.7,6.2,1.3,3.4,0.2,0.2,february,2022-23,11.9,7.2,54.9,6.4,25.0,0.8,1.91,12.5,0.7,0.1,1.7,,,,,,,,,,,65.6,,54.83870967741935,23.4,6-7,215,79
1626204,Larry Nance Jr.,NOP,8,20.5,6.9,6.6,2.0,2.8,4.4,0.1,0.6,1.3,2.1,february,2022-23,12.3,11.9,64.7,11.9,31.9,1.0,1.85,19.0,3.0,0.0,4.8,,20.3,,,,36.7,,22.8,,,66.7,,13.636363636363635,20.5,6-8,245,80
1627747,Caris LeVert,CLE,9,25.1,6.8,3.8,5.0,2.4,6.0,0.6,2.6,1.3,1.6,february,2022-23,14.6,26.8,50.7,9.8,39.2,2.4,3.73,20.9,0.6,0.0,0.9,6.2,19.0,24.0,,,26.9,4.5,6.6,5.0,,51.7,,43.333333333333336,25.1,6-6,205,78
1630598,Aaron Wiggins,OKC,10,20.2,6.7,2.4,1.1,2.7,5.4,0.8,1.9,0.5,0.5,february,2022-23,12.6,7.3,59.6,5.9,21.0,0.7,1.98,13.6,0.9,0.1,2.5,6.3,22.9,8.6,,,44.9,,3.3,4.0,,71.4,,35.18518518518518,20.2,6-5,190,77
1629020,Jarred Vanderbilt,LAL,8,22.1,6.6,8.4,2.0,2.8,4.8,0.1,0.6,1.0,1.3,february,2022-23,11.5,12.2,62.5,12.4,27.8,0.9,2.01,13.5,1.3,0.0,4.9,,18.0,,,,32.3,,16.9,,14.3,69.2,,12.5,22.1,6-8,214,80
1627814,Damion Lee,PHX,10,19.4,6.6,2.4,1.8,2.1,6.3,0.8,3.3,1.6,1.7,february,2022-23,16.8,12.3,46.8,5.3,26.4,1.1,2.39,16.6,0.1,0.0,0.5,,,,,,,,,,,63.3,,52.38095238095239,19.4,6-5,210,77
1630688,Ish Wainright,PHX,10,19.4,6.6,2.7,0.8,1.9,4.9,1.3,3.9,1.5,1.6,february,2022-23,12.5,5.6,58.9,7.3,21.3,0.5,1.54,13.2,0.0,0.0,0.3,,,,,,,,,,,63.2,,79.59183673469387,19.4,6-5,250,77
1630230,Naji Marshall,NOP,10,21.9,6.4,3.6,2.3,2.4,5.4,0.7,2.4,0.9,1.4,february,2022-23,13.2,13.5,53.2,7.6,34.9,1.5,2.59,18.2,0.3,0.0,0.7,5.6,31.6,10.9,3.9,,29.1,,6.0,2.4,2.4,52.9,,44.44444444444444,21.9,6-7,220,79
201933,Blake Griffin,BOS,7,16.2,6.3,3.4,1.7,2.4,4.7,1.4,3.1,0.0,0.4,february,2022-23,16.2,13.2,64.1,6.7,23.3,0.7,1.84,14.7,0.9,0.6,2.0,,,,,,,,,,,61.1,,65.95744680851064,16.2,6-9,250,81
1631100,AJ Griffin,ATL,11,17.1,6.3,1.7,1.0,2.6,6.5,0.5,2.2,0.5,0.7,february,2022-23,16.9,7.3,45.7,4.1,18.1,0.6,2.07,12.5,0.4,0.0,0.7,,,,,,,,,,,52.8,,33.84615384615385,17.1,6-6,220,78
201587,Nicolas Batum,LAC,9,22.0,6.2,4.0,1.8,2.1,5.1,1.6,4.3,0.4,0.7,february,2022-23,11.3,11.3,57.6,8.0,31.6,0.7,1.27,16.2,0.3,0.0,1.0,,14.2,,,,68.9,,,,,60.0,,84.31372549019608,22.0,6-8,230,80
201976,Patrick Beverley,CHI,6,26.1,6.2,3.7,3.7,2.0,4.0,0.8,2.7,1.3,2.3,february,2022-23,10.4,17.6,61.3,6.8,42.3,2.9,4.09,16.0,0.3,0.0,1.0,,,,,,,,,,,71.0,,67.5,26.1,6-2,180,74
1628470,Torrey Craig,PHX,10,27.2,6.1,6.5,1.9,2.4,5.6,1.2,2.6,0.1,0.4,february,2022-23,11.4,8.9,52.8,5.8,33.5,1.0,1.8,16.2,0.5,0.1,2.8,,,,,,,,,,,58.3,,46.42857142857144,27.2,6-7,221,79
1629684,Grant Williams,BOS,11,25.2,6.1,5.0,2.5,1.8,5.5,1.2,3.6,1.3,1.7,february,2022-23,12.9,12.8,49.0,5.4,33.7,1.0,1.76,18.9,0.3,0.0,1.5,,,,,,38.2,,,,,56.8,,65.45454545454545,25.2,6-6,236,78
1629614,Andrew Nembhard,IND,11,26.6,6.0,1.8,4.4,2.5,6.5,0.9,3.0,0.2,0.5,february,2022-23,12.9,19.9,44.5,4.9,38.9,2.0,3.09,21.8,0.5,0.1,0.2,8.9,14.8,38.5,,,21.4,7.1,,,,61.2,,46.15384615384615,26.6,6-3,191,75
1626169,Stanley Johnson,UTA,6,20.4,6.0,3.7,1.7,2.3,4.3,0.3,0.7,1.0,1.2,february,2022-23,11.6,10.3,61.9,8.7,29.3,1.3,2.61,11.3,0.5,0.0,1.3,,,,,,,,,,,53.8,,16.279069767441857,20.4,6-6,242,78
1629626,Bol Bol,ORL,11,16.2,5.9,3.8,0.5,2.5,4.5,0.2,1.1,0.6,0.8,february,2022-23,15.1,5.0,61.4,10.5,16.4,0.6,2.1,10.5,0.4,0.1,1.5,,,,,,,,,,,57.9,,24.444444444444446,16.2,7-2,220,86
1629680,Matisse Thybulle,POR,9,21.1,5.9,2.8,0.9,2.1,4.3,1.4,2.8,0.2,0.3,february,2022-23,9.9,5.7,65.7,6.5,19.7,0.4,1.31,9.3,0.3,0.0,0.8,,,,,,,,,,,58.6,,65.11627906976743,21.1,6-5,201,77
1630537,Chris Duarte,IND,8,16.3,5.9,2.3,0.8,2.1,5.9,0.9,3.1,0.8,1.0,february,2022-23,17.6,6.7,46.5,4.7,23.8,0.9,2.26,13.6,0.3,0.0,0.8,,,,,,,,,,,76.2,,52.542372881355924,16.3,6-5,190,77
1626145,Tyus Jones,MEM,10,18.7,5.7,1.9,3.7,2.2,5.7,0.7,2.5,0.6,0.7,february,2022-23,15.8,26.1,47.4,8.5,40.7,3.7,5.49,13.9,0.0,0.0,0.2,,17.2,23.8,,,41.7,,,,,65.4,,43.859649122807014,18.7,6-2,196,74
1628379,Luke Kennard,MEM,6,18.4,5.7,1.0,1.0,1.7,4.8,1.7,3.5,0.7,0.7,february,2022-23,11.0,6.5,55.3,4.3,19.5,0.6,1.87,14.0,0.0,0.0,0.0,,24.5,9.1,,,32.0,7.9,5.8,11.6,,40.0,,72.91666666666667,18.4,6-5,206,77
201937,Ricky Rubio,CLE,7,18.4,5.6,1.9,3.9,1.7,5.7,0.6,3.0,1.6,1.7,february,2022-23,17.7,29.0,43.1,9.4,41.1,3.3,4.81,17.0,0.3,0.0,0.3,,,,,,,,,,,41.2,,52.63157894736842,18.4,6-2,190,74
1627777,Georges Niang,PHI,11,17.7,5.5,2.3,0.9,2.1,5.5,1.1,4.0,0.3,0.5,february,2022-23,15.1,7.6,48.3,4.5,25.6,0.6,1.29,14.1,0.0,0.0,0.6,,,,,,,,,,,61.5,,72.72727272727273,17.7,6-7,230,79
200782,P.J. Tucker,PHI,11,25.0,5.4,4.5,0.5,1.9,3.4,1.3,2.3,0.3,0.4,february,2022-23,7.4,3.0,76.1,6.0,19.5,0.4,1.37,9.5,0.4,0.0,1.9,,,,,,,,,,,65.6,,67.6470588235294,25.0,6-5,245,77
1629667,Jalen McDaniels,PHI,10,18.7,5.3,3.5,1.2,2.0,4.9,0.4,1.5,0.9,1.2,february,2022-23,13.2,9.1,48.8,6.8,21.6,0.7,1.86,10.5,0.5,0.0,2.1,,,,,,,,,,,66.7,,30.61224489795918,18.7,6-9,205,81
1631121,Bryce McGowens,CHA,5,16.5,5.2,1.8,1.2,1.8,4.2,0.6,1.4,1.0,1.6,february,2022-23,14.1,10.2,53.0,4.8,13.4,0.4,1.83,8.8,0.0,0.0,0.4,5.2,24.2,12.4,,,37.6,5.7,6.2,,,50.0,,33.33333333333333,16.5,6-6,175,78
202709,Cory Joseph,DET,7,17.5,5.1,1.1,2.9,1.9,4.7,0.9,2.6,0.6,0.7,february,2022-23,14.6,23.0,51.1,6.8,35.9,2.9,4.8,14.1,0.0,0.0,0.1,,,,,,,,,,,63.2,,55.319148936170215,17.5,6-3,200,75
1629312,Haywood Highsmith,MIA,8,21.3,5.1,3.1,0.6,1.9,3.9,0.9,2.6,0.5,0.8,february,2022-23,10.4,4.3,60.9,5.0,21.8,0.6,1.74,11.9,0.5,0.0,1.9,,,,,,,,,,,67.9,,66.66666666666667,21.3,6-5,220,77
1631104,Blake Wesley,SAS,11,16.9,5.1,2.2,1.9,1.9,5.5,0.7,1.5,0.5,0.8,february,2022-23,18.0,14.5,43.8,3.1,31.8,2.6,4.89,10.5,0.4,0.0,0.6,,33.3,,,,22.2,,,,,60.9,,27.27272727272727,16.9,6-4,185,76
1630558,Davion Mitchell,SAC,12,17.3,4.9,0.8,2.4,1.8,4.5,0.8,2.8,0.4,0.4,february,2022-23,13.1,18.8,52.5,4.6,33.8,2.4,4.23,13.5,0.3,0.0,0.4,28.6,19.3,8.1,,,35.6,,,,,81.5,,62.22222222222222,17.3,6-0,202,72
1630587,Isaiah Livers,DET,10,21.1,4.7,2.1,0.5,1.7,3.9,1.2,3.1,0.1,0.1,february,2022-23,9.4,3.1,59.6,4.3,21.6,0.7,1.97,12.3,0.1,0.0,0.4,,,,,,49.1,,,,,55.6,,79.48717948717949,21.1,6-6,232,78
1628392,Isaiah Hartenstein,NYK,11,23.1,4.6,8.6,1.0,2.1,3.5,0.0,0.0,0.5,0.7,february,2022-23,8.4,5.5,61.4,7.9,33.0,0.8,1.45,14.5,1.9,0.5,5.8,,7.4,,19.9,5.6,,,40.3,,10.2,59.6,,0.0,23.1,7-0,250,84
1627936,Alex Caruso,CHI,8,23.2,4.5,4.0,2.8,1.5,3.8,0.6,2.6,0.9,0.9,february,2022-23,10.2,15.6,54.4,7.0,39.3,1.4,2.09,18.6,0.4,0.0,1.6,,19.9,8.2,7.0,,45.6,,,,,50.0,,68.42105263157895,23.2,6-5,186,77
1630237,Anthony Lamb,GSW,6,21.7,4.5,4.3,2.3,1.7,4.7,0.5,2.5,0.7,1.2,february,2022-23,10.9,14.1,43.4,4.7,37.3,1.2,1.89,20.8,1.5,0.2,1.8,,,,,,,,,,,50.0,,53.191489361702125,21.7,6-6,227,78
1631323,Simone Fontecchio,UTA,8,16.8,4.5,1.1,1.5,1.5,6.0,0.5,3.8,1.0,1.0,february,2022-23,16.3,10.8,34.9,0.9,19.5,0.5,1.61,13.8,0.5,0.1,1.0,,26.5,,,,43.5,,4.3,10.5,5.2,64.7,,63.33333333333333,16.8,6-7,209,79
1629139,Yuta Watanabe,BKN,7,15.0,4.3,1.4,1.0,1.3,3.0,0.9,2.0,0.9,0.9,february,2022-23,10.5,9.3,63.5,6.2,12.9,0.4,1.77,7.6,0.3,0.0,0.1,,,,,,,,,,,55.0,,66.66666666666666,15.0,6-8,215,80
204060,Joe Ingles,MIL,9,23.3,4.2,4.2,2.2,1.6,5.1,1.0,4.1,0.1,0.2,february,2022-23,10.1,12.3,40.5,5.8,29.1,1.5,3.13,14.8,0.0,0.0,0.0,,,,,,,,,,,72.7,,80.3921568627451,23.3,6-9,220,81
201988,Patty Mills,BKN,6,16.3,4.2,1.2,1.2,1.7,6.7,0.7,3.3,0.2,0.2,february,2022-23,19.1,10.0,30.9,-0.7,24.2,1.1,2.76,14.7,0.3,0.0,0.2,,,,,,,,,,,100.0,,49.25373134328358,16.3,6-0,180,72
1630526,Jeremiah Robinson-Earl,OKC,6,16.3,3.8,2.3,1.0,1.2,4.7,0.3,2.8,1.2,1.3,february,2022-23,13.1,7.0,36.5,3.2,23.8,0.5,1.16,12.5,0.3,0.0,1.5,,20.2,,,,38.1,,,,20.2,71.4,,59.57446808510638,16.3,6-8,240,80
203085,Austin Rivers,MIN,8,16.4,3.8,1.1,1.5,1.3,3.8,0.8,2.4,0.5,1.0,february,2022-23,11.3,11.1,44.7,3.3,18.1,0.7,2.42,13.1,0.0,0.0,0.3,,,,,,,,,,,63.2,,63.1578947368421,16.4,6-4,200,76
1627732,Ben Simmons,BKN,5,19.1,3.6,4.4,3.8,1.8,3.2,0.0,0.2,0.0,0.2,february,2022-23,11.6,25.3,54.7,7.1,51.6,2.7,3.2,20.2,2.2,0.4,2.4,,,,,,,,,,,70.6,,6.25,19.1,6-10,240,82
1629731,Dean Wade,CLE,11,17.4,3.3,3.8,0.6,1.2,3.2,0.7,2.3,0.2,0.2,february,2022-23,8.7,4.8,50.2,6.4,20.9,0.6,1.66,10.9,0.2,0.0,0.6,,28.1,,5.0,,46.7,,12.1,,,53.2,,71.87499999999999,17.4,6-9,228,81
1629723,John Konchar,MEM,9,16.2,3.1,3.1,0.9,1.1,2.8,0.6,1.7,0.3,0.4,february,2022-23,8.9,6.8,52.3,5.8,19.0,0.5,1.72,7.6,0.0,0.0,0.7,,34.2,,,,42.5,,,,,66.7,,60.71428571428572,16.2,6-5,210,77
1630579,Jericho Sims,NYK,9,21.5,2.7,5.1,0.8,1.1,2.0,0.0,0.1,0.4,0.7,february,2022-23,6.7,4.9,58.1,4.7,24.6,0.6,1.41,9.8,0.7,0.0,4.0,,,,26.0,,,,32.5,,,38.7,,5.0,21.5,6-10,250,82
202083,Wesley Matthews,MIL,7,19.6,2.4,3.1,0.1,0.6,3.0,0.4,2.4,0.9,1.1,february,2022-23,8.6,0.9,34.7,1.8,17.3,0.4,1.27,7.4,0.3,0.0,1.0,,,,,,,,,,,66.7,,80.0,19.6,6-5,220,77
1628983,Shai Gilgeous-Alexander,OKC,11,35.3,33.5,5.3,4.1,11.1,21.1,0.7,1.8,10.5,11.7,march,2022-23,33.3,21.1,63.7,18.5,70.6,7.0,5.95,23.1,1.2,2.4,1.5,26.3,14.1,37.3,,4.7,6.2,2.1,3.3,1.6,,62.5,,8.530805687203792,35.3,6-6,195,78
203954,Joel Embiid,PHI,15,33.4,33.2,9.5,4.3,10.9,18.5,0.9,2.8,10.5,12.4,march,2022-23,37.1,24.3,69.2,21.5,66.3,3.0,2.72,48.3,7.4,4.2,4.2,12.3,7.0,,22.0,21.7,12.9,2.3,6.6,1.8,7.1,61.7,,15.135135135135133,33.4,7-0,280,84
203081,Damian Lillard,POR,10,36.8,32.5,7.0,7.8,9.0,21.2,3.8,11.6,10.7,12.0,march,2022-23,35.8,35.9,61.4,17.2,88.7,8.3,5.64,32.5,0.5,0.0,0.6,,,,,,,,,,,62.3,,54.71698113207547,36.8,6-2,195,74
1626164,Devin Booker,PHX,15,35.8,32.1,4.5,4.9,11.6,21.1,2.1,5.3,6.7,7.8,march,2022-23,31.6,22.8,65.4,16.8,64.6,4.8,4.46,38.4,1.1,1.8,1.1,14.0,15.7,33.1,1.8,3.8,9.5,7.5,1.6,7.5,1.7,71.0,,25.118483412322274,35.8,6-5,206,77
1628369,Jayson Tatum,BOS,14,36.3,31.2,9.6,4.3,10.3,20.6,3.4,9.4,7.2,8.7,march,2022-23,31.6,19.0,63.8,18.2,75.6,5.0,3.96,37.6,1.4,1.4,2.4,,,,,,,,,,,66.2,,45.631067961165044,36.3,6-8,210,80
1628378,Donovan Mitchell,CLE,13,36.7,30.6,5.0,3.3,11.3,23.4,3.3,9.1,4.7,5.5,march,2022-23,32.6,14.9,59.3,14.3,64.5,5.0,4.69,30.2,0.8,0.2,1.2,11.4,22.8,34.1,1.5,,11.4,6.9,1.9,3.8,1.6,55.7,,38.88888888888889,36.7,6-1,215,73
203507,Giannis Antetokounmpo,MIL,12,30.8,30.4,10.5,6.8,11.3,18.8,0.7,2.3,7.1,10.5,march,2022-23,35.9,34.6,64.8,20.2,71.6,4.8,4.02,33.0,4.7,3.3,6.3,10.9,26.0,7.7,6.4,20.2,6.1,,7.9,,8.9,44.8,,12.234042553191488,30.8,7-0,243,84
1629029,Luka Dončić,DAL,9,35.7,30.3,8.0,8.6,9.7,22.0,3.6,10.2,7.4,9.2,march,2022-23,36.9,42.1,58.2,17.4,85.6,8.2,5.72,34.3,0.8,2.4,1.0,16.0,14.3,36.3,,7.6,8.7,2.3,1.3,7.4,1.7,71.1,,46.36363636363636,35.7,6-7,230,79
201939,Stephen Curry,GSW,14,35.7,30.2,5.7,6.1,10.8,21.4,5.1,11.6,3.5,4.0,march,2022-23,30.3,27.2,65.1,15.8,80.3,5.9,4.37,32.0,1.4,0.1,2.3,10.1,13.8,21.1,,,11.6,12.0,7.0,18.0,1.3,79.2,,54.20560747663552,35.7,6-2,185,74
1628969,Mikal Bridges,BKN,16,35.6,28.8,4.3,2.6,9.6,19.3,3.0,7.1,6.6,7.2,march,2022-23,29.4,13.3,64.1,14.9,54.7,3.0,3.3,34.2,0.4,0.5,0.5,2.3,25.3,9.1,3.4,2.3,36.2,6.3,5.0,4.8,2.7,54.6,,36.787564766839374,35.6,6-6,209,78
1628374,Lauri Markkanen,UTA,8,34.9,28.5,9.1,2.3,9.5,21.5,3.1,9.8,6.4,7.6,march,2022-23,30.9,10.3,57.3,13.5,54.6,2.0,2.22,37.0,2.8,1.1,6.1,4.0,15.6,3.0,8.3,5.7,12.8,7.5,10.6,20.7,7.0,51.6,,45.58139534883721,34.9,7-0,240,84
203897,Zach LaVine,CHI,15,37.0,28.4,3.5,4.7,10.1,19.1,2.7,6.3,5.4,6.2,march,2022-23,29.2,20.6,65.0,14.2,62.2,4.4,4.28,33.2,0.8,0.2,1.0,9.3,23.5,19.5,4.0,,22.7,6.3,3.4,8.5,,64.2,,32.98429319371727,37.0,6-5,200,77
203076,Anthony Davis,LAL,13,35.8,27.9,12.1,2.9,10.3,17.6,0.5,1.3,6.8,9.4,march,2022-23,28.7,13.7,64.2,18.2,72.1,2.9,2.38,42.6,6.4,4.0,9.3,11.5,10.3,5.8,19.3,12.5,9.8,,8.8,,14.5,60.0,,7.386363636363635,35.8,6-10,253,82
1630169,Tyrese Haliburton,IND,5,34.1,27.2,3.0,13.6,9.2,16.4,3.2,7.6,5.6,6.0,march,2022-23,26.7,52.7,71.4,17.9,92.0,7.5,4.92,31.0,0.6,0.0,0.0,,,,,,,,,,,61.5,,46.34146341463415,34.1,6-5,185,77
202681,Kyrie Irving,DAL,10,37.5,27.1,5.2,5.2,9.5,18.9,3.0,7.5,5.1,5.5,march,2022-23,27.4,24.2,63.6,16.0,75.6,5.8,4.59,31.4,1.4,0.5,1.4,,,,,,,,,,,61.5,,39.682539682539684,37.5,6-2,195,74
1627742,Brandon Ingram,NOP,13,34.8,27.1,5.7,7.2,10.3,19.5,1.2,3.2,5.2,5.9,march,2022-23,31.4,34.7,61.1,17.5,64.5,4.6,4.27,37.5,3.0,1.7,0.8,13.8,16.6,16.2,,7.7,18.3,5.8,4.3,12.1,2.4,72.7,,16.41025641025641,34.8,6-8,190,80
1627759,Jaylen Brown,BOS,16,36.2,27.0,6.1,4.1,10.8,21.1,2.3,6.4,3.1,4.3,march,2022-23,30.0,19.1,58.7,13.6,63.9,3.9,3.63,34.5,1.8,0.9,2.6,20.6,20.4,22.2,1.8,4.7,13.0,4.1,1.1,7.4,1.8,64.9,,30.33175355450237,36.2,6-6,223,78
1628973,Jalen Brunson,NYK,8,33.0,26.9,3.1,6.1,10.1,17.6,3.0,5.9,3.6,4.6,march,2022-23,28.4,27.8,68.3,14.7,78.8,7.9,6.04,24.8,0.4,0.8,0.4,14.4,14.3,36.0,,3.3,16.4,5.6,1.9,2.5,,60.0,,33.52272727272727,33.0,6-2,190,74
203999,Nikola Jokić,DEN,12,35.5,26.3,12.8,9.4,10.1,15.8,1.0,2.8,5.2,6.3,march,2022-23,26.0,39.1,71.2,21.1,99.3,4.5,2.74,49.8,10.2,8.6,7.8,5.3,10.1,9.7,13.0,22.8,9.0,,7.3,5.3,9.3,69.6,,17.72151898734177,35.5,6-11,284,83
203944,Julius Randle,NYK,14,34.3,25.3,7.5,4.1,8.6,19.5,3.0,9.0,5.0,6.6,march,2022-23,31.1,18.8,56.4,12.4,64.9,3.3,3.03,43.3,1.6,4.3,1.9,15.8,16.5,9.4,7.3,10.1,21.1,2.4,5.0,3.2,5.4,62.3,,46.15384615384615,34.3,6-8,250,80
202331,Paul George,LAC,9,35.7,25.2,6.0,5.0,8.7,19.9,2.2,7.3,5.7,6.4,march,2022-23,29.2,21.7,55.5,13.0,62.2,3.7,3.55,35.6,2.1,2.0,2.9,18.4,12.4,14.2,,5.5,22.9,3.2,,12.4,,65.2,,36.68341708542714,35.7,6-8,220,80
201142,Kevin Durant,PHX,5,32.0,25.2,6.8,3.4,9.0,15.0,2.2,4.0,5.0,5.8,march,2022-23,26.3,18.5,71.8,21.2,57.4,2.8,2.9,35.8,1.4,3.4,1.2,20.8,13.5,18.4,1.7,7.3,15.2,7.5,2.3,7.5,1.1,47.1,,26.666666666666668,32.0,6-10,240,82
202710,Jimmy Butler III,MIA,14,33.4,25.1,5.9,5.4,7.8,13.6,0.6,1.4,8.9,10.2,march,2022-23,25.6,27.4,69.1,18.5,61.6,4.5,4.43,37.7,2.0,3.4,6.4,17.7,17.2,13.1,2.7,6.1,14.0,1.7,12.1,2.4,7.9,65.3,,10.294117647058822,33.4,6-7,230,79
202695,Kawhi Leonard,LAC,11,34.0,24.5,6.7,3.5,8.6,16.1,2.2,5.0,5.1,5.9,march,2022-23,25.5,16.2,65.7,16.1,51.5,3.5,4.13,33.2,2.1,2.5,1.9,16.5,19.6,25.9,,6.0,12.2,3.4,3.0,7.2,2.8,58.5,,31.05590062111801,34.0,6-7,225,79
204001,Kristaps Porziņģis,WAS,14,32.6,24.5,7.8,3.1,9.3,17.4,2.3,5.5,3.6,4.1,march,2022-23,27.8,14.8,63.6,15.5,60.9,1.9,1.91,40.7,3.9,4.4,4.2,,14.6,,11.3,24.3,17.4,,7.7,10.5,6.1,55.3,,31.60919540229885,32.6,7-3,240,87
1628368,De'Aaron Fox,SAC,14,31.5,24.1,4.0,5.6,9.1,17.3,2.0,5.8,3.9,5.5,march,2022-23,28.9,28.9,61.1,13.8,74.0,6.2,5.02,23.0,0.1,0.0,0.6,10.1,22.8,29.1,,,18.1,6.4,2.0,3.7,1.7,61.0,,33.52601156069364,31.5,6-3,185,75
201942,DeMar DeRozan,CHI,14,37.7,24.1,5.4,5.4,8.6,16.8,1.2,2.9,5.6,6.8,march,2022-23,25.4,22.3,60.9,14.6,58.1,4.7,4.87,35.7,2.6,2.9,0.6,19.9,10.0,17.6,1.7,12.0,19.1,6.1,3.9,4.6,1.7,67.7,,17.261904761904763,37.7,6-6,220,78
203078,Bradley Beal,WAS,11,34.8,23.5,5.2,5.6,8.9,19.0,1.3,3.6,4.5,5.3,march,2022-23,31.0,25.8,55.2,11.4,72.9,6.1,5.03,37.9,1.5,0.6,1.2,,,21.3,,,24.6,,,,,58.5,,18.947368421052634,34.8,6-4,207,76
1629027,Trae Young,ATL,15,31.8,23.3,3.2,9.1,7.3,16.6,2.2,5.4,6.5,7.5,march,2022-23,29.9,39.7,58.4,13.6,74.9,7.1,5.69,21.6,0.1,0.0,0.8,12.0,20.4,39.3,,,8.4,10.5,,,,63.5,,32.53012048192771,31.8,6-1,164,73
1630224,Jalen Green,HOU,17,35.6,23.2,3.1,3.5,7.8,17.8,2.2,6.4,5.4,7.0,march,2022-23,26.4,14.7,55.4,9.3,65.5,4.8,4.39,34.3,0.3,0.1,0.9,,,,,,,,,,,47.4,,35.95505617977528,35.6,6-4,186,76
1629640,Keldon Johnson,SAS,7,33.2,22.9,6.9,3.7,8.7,18.3,2.7,6.1,2.7,4.9,march,2022-23,27.1,15.7,56.0,10.8,62.9,3.6,3.42,33.1,0.9,0.7,1.9,3.9,20.0,2.8,,4.4,32.0,7.4,9.2,,10.9,76.3,,33.33333333333333,33.2,6-5,220,77
1630162,Anthony Edwards,MIN,11,34.8,22.7,4.8,4.1,8.5,18.4,2.9,7.5,2.7,4.4,march,2022-23,27.8,18.8,56.0,11.9,62.2,3.9,3.79,37.0,0.6,0.5,0.7,23.4,15.7,23.5,,4.9,12.9,7.3,2.0,4.8,1.2,62.8,,40.7608695652174,34.8,6-4,225,76
1630178,Tyrese Maxey,PHI,17,35.7,22.7,3.2,3.8,8.2,14.9,3.5,6.9,2.7,2.9,march,2022-23,21.4,16.7,70.3,12.9,70.2,5.5,4.7,31.2,0.4,0.0,0.5,14.5,21.9,26.2,1.3,1.4,14.3,6.7,3.0,5.4,,64.7,,46.308724832214764,35.7,6-2,200,74
1626162,Kelly Oubre Jr.,CHA,10,33.3,22.5,5.4,1.2,7.7,16.7,2.4,6.8,4.7,5.6,march,2022-23,25.5,6.3,58.7,12.0,45.8,1.7,2.25,32.1,1.7,0.1,1.4,12.1,22.1,7.6,,,29.8,,5.9,,6.6,58.3,,40.7185628742515,33.3,6-6,203,78
1629630,Ja Morant,MEM,7,27.6,22.1,4.1,7.0,7.4,16.1,0.9,3.4,6.4,7.9,march,2022-23,34.0,39.5,56.5,16.7,62.1,6.3,6.04,18.6,0.6,0.0,1.3,14.1,19.6,40.4,,,11.0,5.0,2.4,,,65.2,,21.11801242236025,27.6,6-2,174,74
1630217,Desmond Bane,MEM,16,32.4,22.1,4.9,4.9,8.2,16.3,2.6,6.6,3.1,3.6,march,2022-23,26.2,22.0,61.7,13.1,69.3,3.8,3.33,34.2,0.7,0.0,0.9,7.0,19.3,25.5,,,17.4,7.4,4.1,9.1,3.8,56.7,,40.49079754601227,32.4,6-5,215,77
1629636,Darius Garland,CLE,13,36.5,20.9,2.8,7.5,7.8,17.2,2.2,5.9,3.2,3.9,march,2022-23,26.0,29.9,55.4,11.6,71.8,6.4,5.32,29.1,0.5,0.1,0.7,6.7,16.2,41.8,,,17.1,5.4,3.1,2.9,,71.4,,34.30232558139535,36.5,6-1,192,73
1627832,Fred VanVleet,TOR,14,37.1,20.9,3.4,8.2,7.0,16.6,3.5,9.3,3.4,3.7,march,2022-23,23.6,29.1,57.1,11.9,86.1,6.9,4.81,36.4,0.2,0.0,0.1,,,,,,,,,,,54.4,,56.024096385542165,37.1,6-0,197,72
1631094,Paolo Banchero,ORL,15,34.0,20.7,7.5,4.3,7.3,16.5,1.3,3.6,4.7,6.6,march,2022-23,27.4,18.5,53.5,10.7,67.6,3.7,3.31,32.8,1.5,1.5,2.2,14.7,19.8,19.4,5.2,9.3,15.4,2.6,4.7,3.6,2.6,67.1,,21.81818181818182,34.0,6-10,250,82
1628991,Jaren Jackson Jr.,MEM,16,30.3,20.7,7.0,1.0,7.4,14.3,1.4,4.4,4.4,5.9,march,2022-23,26.4,4.9,61.4,11.9,47.0,1.7,2.13,28.4,2.4,3.6,4.3,11.1,15.3,2.1,9.7,19.8,26.4,1.5,3.4,,3.9,59.0,,30.76923076923077,30.3,6-10,242,82
202691,Klay Thompson,GSW,16,34.1,20.7,4.6,2.1,7.8,16.6,4.1,10.0,1.1,1.4,march,2022-23,22.8,9.2,60.0,10.5,45.8,1.8,2.3,34.8,0.6,0.3,1.1,,19.2,7.1,,,25.9,12.2,2.8,26.3,,64.2,,60.24096385542168,34.1,6-6,220,78
203468,CJ McCollum,NOP,15,35.2,20.5,4.5,5.9,7.5,17.0,3.1,7.0,2.3,2.9,march,2022-23,25.1,23.8,55.9,11.0,72.8,5.3,4.36,33.3,0.8,0.0,0.7,8.8,18.2,31.4,,,17.8,9.7,,6.3,,66.7,,41.17647058823529,35.2,6-3,190,75
1627734,Domantas Sabonis,SAC,16,36.0,20.4,12.7,8.1,8.1,13.4,0.3,0.6,3.9,5.6,march,2022-23,22.4,32.4,64.3,15.8,87.5,3.7,2.52,48.6,8.3,3.8,10.1,,9.0,,28.5,13.1,9.0,,14.9,,10.9,65.0,,4.477611940298507,36.0,7-1,240,85
1628398,Kyle Kuzma,WAS,8,34.0,20.4,6.1,3.1,7.5,15.9,2.3,6.4,3.1,4.0,march,2022-23,26.5,14.0,57.8,10.5,48.0,3.0,3.78,27.3,0.6,1.0,1.1,5.1,27.3,5.3,8.7,2.8,27.5,4.1,8.5,,4.9,50.0,,40.25157232704403,34.0,6-9,221,81
1629639,Tyler Herro,MIA,15,34.9,20.3,4.7,4.0,7.4,15.7,3.2,7.9,2.3,2.3,march,2022-23,24.3,18.8,60.7,11.7,60.1,3.9,3.85,32.4,0.5,0.0,0.6,13.3,27.7,13.9,,,32.4,,,5.8,,65.7,,50.318471337579616,34.9,6-5,195,77
1627750,Jamal Murray,DEN,13,35.3,20.2,3.9,7.0,7.3,16.5,3.4,7.8,2.2,2.7,march,2022-23,25.1,29.9,57.1,11.3,74.3,6.2,5.03,33.7,0.8,1.0,1.1,14.6,13.0,35.4,,2.9,8.6,11.5,3.8,4.0,,80.0,,47.27272727272727,35.3,6-4,215,76
201935,James Harden,PHI,11,38.1,20.1,6.5,11.5,6.1,14.9,2.5,7.2,5.4,6.2,march,2022-23,24.2,42.9,57.0,14.3,95.9,8.6,5.4,34.3,0.5,0.5,1.3,42.5,13.1,25.0,,1.3,7.5,4.6,,,,70.0,,48.322147651006716,38.1,6-5,220,77
1626156,D'Angelo Russell,LAL,9,33.9,20.0,2.8,7.1,7.2,14.9,3.0,7.4,2.6,3.3,march,2022-23,23.4,30.2,61.1,12.5,73.7,5.4,4.44,31.3,0.2,0.1,0.6,8.7,15.5,36.2,,,20.8,7.9,,,,68.3,,49.664429530201346,33.9,6-4,193,76
1627783,Pascal Siakam,TOR,14,37.8,19.9,8.0,5.7,7.8,16.9,1.0,3.9,3.3,4.4,march,2022-23,24.0,21.7,52.7,10.8,75.7,4.5,3.59,37.4,1.6,3.6,3.1,13.3,20.6,13.9,6.5,11.3,16.2,3.0,3.2,4.0,5.0,71.8,,23.076923076923077,37.8,6-8,230,80
1631114,Jalen Williams,OKC,15,34.1,19.8,6.1,4.5,7.4,13.1,1.3,2.7,3.7,4.3,march,2022-23,20.5,20.0,66.2,14.7,55.7,3.9,4.17,23.5,0.9,0.0,2.8,14.8,21.0,36.0,,,16.9,3.0,4.3,,,67.3,,20.610687022900763,34.1,6-5,211,77
1626179,Terry Rozier,CHA,11,33.6,19.7,3.9,6.3,7.5,18.0,2.4,7.5,2.3,3.2,march,2022-23,28.3,30.5,50.8,11.1,84.6,7.6,5.4,28.4,0.3,0.0,0.3,,,,,,,,,,,74.0,,41.66666666666667,33.6,6-1,190,73
1630193,Immanuel Quickley,NYK,15,31.8,19.7,4.0,4.3,6.7,14.7,2.6,7.1,3.7,4.7,march,2022-23,24.3,20.9,58.7,13.2,61.9,5.1,4.93,27.2,0.3,0.0,0.3,6.1,28.1,20.9,,,25.4,6.4,1.9,4.1,1.4,52.4,,48.29931972789115,31.8,6-2,190,74
201572,Brook Lopez,MIL,15,30.3,19.5,7.1,1.7,7.5,12.9,1.5,4.1,2.9,3.5,march,2022-23,21.1,7.7,67.6,13.0,35.4,0.9,1.46,25.1,2.9,1.3,6.9,,6.5,,32.8,9.5,32.1,,,,,45.9,,31.782945736434105,30.3,7-1,282,85
1629628,RJ Barrett,NYK,15,32.8,19.4,4.6,2.3,7.1,15.7,1.3,5.0,3.9,5.5,march,2022-23,26.4,10.5,53.6,8.5,47.5,2.5,3.11,31.9,0.7,1.3,1.3,2.7,28.5,18.0,,2.4,23.8,6.6,7.3,3.4,3.4,51.7,,31.84713375796179,32.8,6-6,214,78
1629673,Jordan Poole,GSW,16,29.1,19.3,2.4,4.4,5.8,13.6,2.6,7.3,5.2,5.8,march,2022-23,26.3,22.0,59.8,10.7,57.7,4.4,4.62,26.9,0.6,0.0,0.6,7.9,19.9,30.6,,,14.3,12.9,,5.4,,66.0,,53.67647058823529,29.1,6-4,194,76
1627749,Dejounte Murray,ATL,13,36.3,19.0,4.6,6.5,7.5,17.5,1.1,4.1,2.8,3.6,march,2022-23,23.0,24.7,49.9,10.1,73.0,5.9,4.82,27.3,0.2,0.2,1.2,,,,,,,,,,,73.3,,23.428571428571427,36.3,6-5,180,77
203924,Jerami Grant,POR,7,35.6,18.9,5.6,3.0,5.9,13.6,2.7,6.6,4.4,5.3,march,2022-23,22.2,14.1,59.3,10.1,53.1,2.5,2.8,31.6,0.7,2.3,1.4,10.7,16.2,13.9,2.2,2.0,35.4,4.8,4.6,4.2,2.4,64.9,,48.529411764705884,35.6,6-8,210,80
1628389,Bam Adebayo,MIA,15,35.9,18.8,7.6,3.5,7.2,13.1,0.0,0.0,4.4,5.4,march,2022-23,22.9,15.6,60.6,11.7,58.3,2.9,2.98,35.0,6.1,3.1,6.7,8.0,20.2,,9.1,11.3,30.1,,7.1,2.4,6.5,74.7,,0.0,35.9,6-9,255,81
1628384,OG Anunoby,TOR,14,35.8,18.8,3.6,1.7,7.0,12.4,3.1,6.6,1.7,1.9,march,2022-23,17.8,6.6,70.9,9.6,42.6,1.4,1.99,29.9,0.6,1.4,3.1,5.9,22.4,5.9,3.0,2.8,38.2,4.8,5.3,3.4,4.4,57.5,,53.2258064516129,35.8,6-7,232,79
1630532,Franz Wagner,ORL,15,32.0,18.7,4.3,4.0,7.1,14.1,1.7,4.8,2.9,3.4,march,2022-23,22.3,18.3,59.9,11.2,51.3,2.7,3.14,31.6,0.6,0.5,1.5,7.6,20.4,22.9,2.9,6.9,16.6,3.2,6.7,3.6,4.4,70.2,,34.04255319148936,32.0,6-10,220,82
203114,Khris Middleton,MIL,11,30.1,18.7,4.8,6.4,6.6,14.4,1.7,5.1,3.7,4.2,march,2022-23,25.0,29.0,57.8,12.1,59.7,4.0,4.06,30.3,1.4,2.8,1.7,6.1,15.3,22.7,,13.6,16.6,5.8,,6.4,5.8,72.5,,35.416666666666664,30.1,6-7,222,79
1630530,Trey Murphy III,NOP,15,35.6,18.7,3.6,1.8,6.3,12.5,4.0,8.9,2.1,2.3,march,2022-23,17.2,7.0,69.0,11.2,40.7,1.2,1.74,25.1,0.2,0.1,1.7,6.6,20.1,16.5,2.1,,23.4,9.4,8.3,7.1,3.2,61.8,,71.2,35.6,6-8,206,80
1629645,Kevin Porter Jr.,HOU,16,34.8,18.6,5.4,6.1,6.3,13.9,2.5,6.6,3.4,4.1,march,2022-23,21.6,24.7,58.9,11.8,79.1,6.8,5.19,37.7,0.4,0.2,1.2,9.8,13.6,45.2,,2.4,16.0,5.5,,,,75.4,,47.482014388489205,34.8,6-4,203,76
1630581,Josh Giddey,OKC,17,32.5,18.5,8.5,7.3,7.8,15.7,1.2,3.2,1.7,2.4,march,2022-23,24.0,34.9,55.1,15.7,78.5,4.9,3.78,34.5,1.5,0.4,2.8,5.0,22.8,38.8,,,16.0,4.5,4.3,,,61.8,,20.382165605095544,32.5,6-8,216,80
1629014,Anfernee Simons,POR,6,30.1,18.3,1.8,3.0,6.7,16.0,2.7,7.8,2.3,3.2,march,2022-23,26.4,16.5,52.7,7.9,51.2,4.2,4.87,24.3,0.7,0.0,1.0,18.2,14.5,28.8,,,19.8,7.2,,4.9,,63.0,,48.75,30.1,6-3,181,75
1628989,Kevin Huerter,SAC,13,26.4,18.3,3.2,2.8,6.5,12.2,3.7,7.2,1.5,1.9,march,2022-23,22.1,14.8,70.0,12.9,39.8,1.4,2.12,29.3,1.6,0.0,2.0,,22.8,11.3,,,36.6,6.3,8.2,4.0,3.3,63.8,,59.01639344262296,26.4,6-7,198,79
1631093,Jaden Ivey,DET,12,33.3,18.3,3.9,7.1,6.0,15.4,2.2,6.3,4.1,5.1,march,2022-23,28.5,33.6,51.7,7.8,67.2,6.1,5.48,27.3,0.8,0.0,0.8,5.6,26.4,11.6,,,34.3,5.6,,,,55.6,,40.90909090909091,33.3,6-4,195,76
1629659,Talen Horton-Tucker,UTA,14,28.1,18.1,5.1,6.1,6.8,15.2,1.4,4.4,3.2,4.3,march,2022-23,30.1,33.1,53.0,11.0,73.4,6.8,5.55,23.4,0.3,0.3,1.1,,,,,,,,,,,61.2,,28.947368421052634,28.1,6-4,234,76
1630596,Evan Mobley,CLE,14,36.6,18.1,9.6,3.6,7.4,12.7,0.2,1.2,3.0,5.0,march,2022-23,19.6,14.1,60.6,13.9,67.4,2.0,1.78,35.1,5.5,1.6,10.4,4.7,16.0,9.5,14.3,8.0,17.9,1.6,13.8,2.7,6.5,58.8,,9.448818897637794,36.6,6-11,215,83
1628380,Zach Collins,SAS,10,29.2,17.8,8.0,3.7,6.8,13.2,2.0,4.7,2.2,2.7,march,2022-23,23.9,18.0,61.9,13.1,49.8,1.5,1.84,35.4,5.0,5.1,6.4,,,,24.7,,25.9,,19.8,,,61.2,,35.60606060606061,29.2,6-11,250,83
1629008,Michael Porter Jr.,DEN,13,28.3,17.7,5.4,1.2,6.5,12.8,2.9,6.8,1.7,2.1,march,2022-23,22.2,5.9,64.3,11.5,32.9,1.1,1.94,21.5,1.7,0.1,2.1,6.9,13.2,5.7,2.7,2.5,21.5,16.9,8.5,13.1,4.9,57.1,,53.125,28.3,6-10,218,82
1629023,P.J. Washington,CHA,13,31.1,17.5,5.6,2.4,6.8,15.2,2.2,6.3,1.8,2.7,march,2022-23,24.7,12.1,53.2,9.6,61.8,1.8,1.78,34.0,1.4,2.0,2.4,4.1,20.9,6.3,5.4,6.1,29.9,4.1,8.2,,6.8,58.3,,41.44736842105263,31.1,6-7,230,79
1630559,Austin Reaves,LAL,15,30.4,17.4,3.5,5.7,5.2,9.5,1.1,3.0,5.9,7.0,march,2022-23,19.4,26.8,69.3,14.2,56.1,4.4,4.67,26.3,0.1,0.0,0.3,13.5,15.8,35.6,,,14.0,5.6,,5.6,,65.3,,31.57894736842105,30.4,6-5,197,77
202696,Nikola Vučević,CHI,15,33.6,17.3,10.1,3.1,7.3,13.7,1.1,3.1,1.6,1.9,march,2022-23,21.7,13.5,59.8,13.2,65.5,1.6,1.46,44.0,3.9,4.8,6.2,,12.5,,28.8,16.1,15.2,,10.0,3.6,7.6,69.8,,22.627737226277375,33.6,6-10,260,82
201950,Jrue Holiday,MIL,14,31.1,17.2,4.5,7.9,6.4,12.8,2.1,5.4,2.4,2.8,march,2022-23,21.6,32.3,61.4,12.7,68.7,5.5,4.83,21.9,1.2,0.6,2.5,10.1,20.5,26.3,,3.6,20.5,,4.3,,,54.1,,42.1875,31.1,6-5,205,77
1630567,Scottie Barnes,TOR,12,33.8,17.2,5.9,5.3,7.1,14.3,0.3,2.1,2.7,3.1,march,2022-23,21.7,21.5,55.0,11.3,63.7,3.2,3.04,34.2,2.6,2.3,5.7,7.9,21.7,13.1,5.7,10.7,19.7,2.2,9.3,1.5,5.0,58.2,,14.685314685314685,33.8,6-8,225,80
1628976,Wendell Carter Jr.,ORL,12,30.8,17.2,8.8,1.8,6.7,11.9,1.8,5.2,2.0,2.7,march,2022-23,19.4,8.2,65.6,13.2,51.8,1.3,1.46,32.8,3.4,1.0,5.8,,10.9,,19.2,3.2,26.2,,17.1,,12.7,61.6,,43.69747899159664,30.8,6-10,270,82
203915,Spencer Dinwiddie,BKN,15,35.8,16.7,4.1,9.7,5.7,13.8,1.5,5.3,3.7,4.9,march,2022-23,22.0,39.9,52.4,11.6,84.4,8.5,6.04,26.9,0.3,0.3,0.3,,,,,,,,,,,48.1,,38.405797101449274,35.8,6-5,215,77
1631110,Jeremy Sochan,SAS,6,26.0,16.7,7.8,2.2,7.2,14.8,0.7,3.8,1.7,2.2,march,2022-23,27.4,13.4,52.8,12.9,55.8,3.0,3.2,27.0,2.2,1.7,3.8,,18.9,,12.3,,28.3,,17.0,,,63.9,,25.675675675675674,26.0,6-8,230,80
1629661,Cameron Johnson,BKN,15,31.3,16.6,5.1,2.3,5.5,12.2,2.5,6.5,3.1,3.6,march,2022-23,20.3,11.3,60.2,10.9,43.9,1.8,2.48,29.8,0.6,0.0,1.3,,25.0,8.2,,,26.5,15.3,6.7,4.9,,59.7,,53.278688524590166,31.3,6-8,210,80
1628365,Markelle Fultz,ORL,15,32.7,16.6,4.2,6.3,6.9,13.0,0.5,1.7,2.3,2.8,march,2022-23,21.2,27.5,58.3,11.2,72.7,5.9,4.85,26.0,0.9,0.7,1.7,,,,,,,,,,,65.5,,13.076923076923078,32.7,6-4,209,76
1626167,Myles Turner,IND,9,26.5,16.4,4.8,2.1,6.2,11.4,0.4,3.1,3.6,4.7,march,2022-23,25.3,11.4,60.9,9.6,35.9,1.0,1.74,28.1,3.6,3.2,6.6,,7.7,,17.7,7.3,42.3,,7.1,,6.0,59.3,,27.192982456140353,26.5,6-11,250,83
1630175,Cole Anthony,ORL,15,28.6,16.1,5.3,3.3,5.9,12.1,1.7,3.9,2.5,2.8,march,2022-23,20.6,16.5,60.1,11.6,53.9,3.7,4.14,20.8,0.5,0.0,1.1,6.9,14.7,51.8,,,14.3,,,,,77.8,,32.231404958677686,28.6,6-3,185,75
201144,Mike Conley,MIN,14,31.4,15.7,3.6,4.7,5.1,10.6,2.6,6.0,3.0,3.4,march,2022-23,17.8,21.0,64.7,12.0,72.6,5.5,4.58,29.6,0.2,0.0,0.6,,14.8,21.2,,,33.3,13.8,,5.8,,60.8,,56.60377358490566,31.4,6-1,175,73
1630231,KJ Martin,HOU,17,32.6,15.6,5.4,1.2,6.1,10.1,0.9,2.9,2.6,3.5,march,2022-23,16.0,5.4,67.2,9.9,35.6,0.8,1.43,22.8,2.2,0.0,4.4,,,,,,,,,,,67.4,,28.71287128712871,32.6,6-7,215,79
1630702,Jaden Hardy,DAL,11,23.5,15.6,3.1,2.8,5.4,11.9,3.0,6.0,1.9,2.5,march,2022-23,26.7,18.6,60.2,11.8,45.5,3.2,4.28,20.7,0.4,0.0,0.2,,19.7,16.3,,,40.9,6.3,,,,71.4,,50.42016806722689,23.5,6-3,198,75
1630170,Devin Vassell,SAS,9,30.2,15.6,3.7,3.6,6.1,14.7,2.3,7.0,1.0,1.4,march,2022-23,23.1,17.6,50.8,8.4,49.8,3.1,3.7,27.2,0.1,0.0,0.3,2.7,22.2,11.5,,,35.3,10.7,,11.8,,56.9,,47.61904761904762,30.2,6-5,200,77
1629675,Naz Reid,MIN,12,20.0,15.3,4.8,1.3,6.0,10.8,1.5,3.6,1.8,2.5,march,2022-23,27.6,11.8,64.7,13.9,39.5,1.1,1.74,24.3,2.1,1.8,3.0,3.8,17.2,4.8,9.1,8.1,30.7,4.7,3.6,8.4,4.3,58.1,,33.33333333333333,20.0,6-9,264,81
1631095,Jabari Smith Jr.,HOU,17,33.3,15.1,7.8,1.6,5.7,12.4,1.6,4.5,2.1,2.8,march,2022-23,18.3,6.5,55.5,9.1,47.3,1.6,1.97,25.2,1.0,1.2,3.6,5.6,19.2,4.7,5.3,5.8,36.8,3.9,7.5,2.5,5.4,67.5,,36.29032258064516,33.3,6-11,220,83
203084,Harrison Barnes,SAC,16,32.6,15.1,4.2,1.4,4.3,9.4,1.4,4.1,5.1,5.8,march,2022-23,16.6,5.5,62.9,8.0,42.8,1.6,2.32,28.9,0.8,1.3,1.1,8.0,18.8,3.3,5.0,2.5,43.8,4.8,,4.8,,70.9,,43.61702127659574,32.6,6-8,225,80
1627741,Buddy Hield,IND,13,28.9,15.0,5.5,3.2,5.6,12.2,2.8,7.1,1.0,1.5,march,2022-23,20.6,14.8,58.1,10.3,55.7,1.9,2.02,30.6,0.8,0.0,1.0,,23.1,4.8,,,34.0,5.4,5.4,12.2,3.7,53.3,,58.19672131147541,28.9,6-4,220,76
202330,Gordon Hayward,CHA,13,32.3,14.8,3.9,5.4,5.7,11.8,1.1,3.2,2.4,3.0,march,2022-23,20.2,24.9,56.7,10.7,51.5,2.7,3.13,36.8,1.4,0.4,0.9,,,,,,,,,,,51.2,,27.11864406779661,32.3,6-7,225,79
1630557,Corey Kispert,WAS,16,32.7,14.8,2.9,1.2,5.4,9.8,3.2,6.7,0.8,0.9,march,2022-23,14.5,5.1,72.4,8.1,38.2,1.0,1.61,23.4,0.5,0.1,1.6,,19.0,9.5,,,34.1,11.9,,8.7,,63.9,,68.36734693877551,32.7,6-6,224,78
1630183,Jaden McDaniels,MIN,14,31.2,14.8,3.9,1.6,5.5,11.1,1.6,4.0,2.1,2.9,march,2022-23,18.8,7.2,59.6,6.8,42.6,1.5,2.13,26.3,0.6,0.1,1.8,2.3,27.6,10.3,,,36.8,5.2,5.0,3.2,3.9,59.4,,36.03603603603604,31.2,6-9,185,81
203497,Rudy Gobert,MIN,14,32.5,14.7,12.4,2.3,5.4,8.9,0.0,0.0,3.9,6.4,march,2022-23,18.0,9.8,62.7,13.0,51.2,1.4,1.59,27.8,4.4,2.1,12.1,,12.6,,16.7,,,,28.5,,26.9,55.7,,0.0,32.5,7-1,258,85
203501,Tim Hardaway Jr.,DAL,11,30.7,14.6,3.0,1.9,5.0,10.9,3.3,7.1,1.4,1.7,march,2022-23,18.3,9.6,62.7,8.8,45.2,1.7,2.25,21.6,0.5,0.0,0.5,2.2,21.3,5.7,3.2,,32.4,12.1,2.8,15.8,,61.2,,65.13761467889908,30.7,6-5,205,77
1629631,De'Andre Hunter,ATL,13,33.1,14.6,4.1,1.5,5.9,13.2,1.2,4.1,1.6,2.1,march,2022-23,18.7,5.7,51.9,5.3,38.5,1.4,2.12,26.0,0.6,1.1,1.4,7.5,18.2,13.3,2.6,,29.0,9.5,6.2,6.0,2.6,67.2,,31.060606060606062,33.1,6-8,221,80
203932,Aaron Gordon,DEN,14,30.2,14.5,5.3,2.8,5.7,11.1,0.6,2.6,2.4,4.2,march,2022-23,20.2,12.4,55.8,9.1,40.7,2.0,2.94,24.1,1.5,1.7,6.2,16.0,13.0,10.4,5.9,11.2,15.4,,13.0,,5.3,66.7,,23.423423423423426,30.2,6-8,235,80
202685,Jonas Valančiūnas,NOP,13,25.4,14.5,12.0,2.4,6.1,10.2,0.4,1.0,1.9,2.3,march,2022-23,23.0,13.8,64.7,16.3,54.5,1.8,1.95,33.9,2.6,7.2,7.7,,,,22.1,29.7,4.2,,13.7,,16.0,60.7,,9.803921568627452,25.4,6-11,265,83
201566,Russell Westbrook,LAC,14,29.8,14.4,4.7,7.4,5.6,11.8,0.9,3.4,2.3,3.7,march,2022-23,24.0,34.6,53.5,10.6,64.4,5.0,4.68,25.4,0.9,1.2,1.4,13.4,18.3,25.8,,5.1,26.7,,2.2,,2.8,61.7,,28.813559322033893,29.8,6-3,200,75
1629028,Deandre Ayton,PHX,11,30.8,14.3,9.4,0.7,6.2,11.3,0.0,0.1,1.9,2.4,march,2022-23,19.0,3.3,58.0,11.4,46.0,1.1,1.43,20.8,5.1,2.3,8.8,,9.8,,28.6,9.5,2.9,,26.3,,13.6,56.4,,0.8849557522123894,30.8,7-0,250,84
1630578,Alperen Sengun,HOU,15,30.9,14.3,9.0,3.7,6.1,10.4,0.2,0.7,1.9,3.3,march,2022-23,19.5,17.1,60.1,11.1,60.9,2.5,2.45,40.9,3.9,4.4,5.5,14.9,13.5,5.2,9.2,21.7,11.8,,9.1,,7.4,64.7,,6.730769230769231,30.9,6-11,243,83
203471,Dennis Schröder,LAL,15,29.3,14.2,2.3,4.9,4.5,11.0,1.1,3.5,4.0,4.7,march,2022-23,21.9,25.9,54.4,9.9,61.6,5.5,5.32,26.9,0.1,0.0,0.2,14.8,11.2,36.6,,,23.1,5.2,,,,70.4,,31.818181818181817,29.3,6-1,172,73
1630228,Jonathan Kuminga,GSW,13,24.7,14.2,4.5,1.8,5.8,9.7,1.2,2.6,1.5,2.4,march,2022-23,20.3,11.4,65.9,11.0,42.1,1.5,2.21,24.7,2.2,0.5,3.8,12.6,17.4,21.1,,6.7,18.1,,9.6,,7.0,51.9,,26.80412371134021,24.7,6-7,225,79
1628963,Marvin Bagley III,DET,12,29.6,14.1,6.5,1.7,5.5,10.1,0.6,1.9,2.5,3.0,march,2022-23,18.3,8.7,61.8,10.7,38.9,1.4,2.1,25.8,1.9,2.8,4.3,7.3,7.3,,21.6,5.7,8.9,,18.4,,23.8,44.0,,18.81188118811881,29.6,6-10,235,82
1627751,Jakob Poeltl,TOR,14,29.3,14.1,9.9,2.2,6.1,9.6,0.0,0.0,1.9,2.9,march,2022-23,17.5,10.3,64.8,12.9,51.8,1.2,1.44,28.5,6.5,1.2,9.1,,13.0,,16.7,,,,40.7,,14.8,58.3,,0.0,29.3,7-1,245,85
1627763,Malcolm Brogdon,BOS,12,27.7,13.9,4.1,3.8,5.1,11.2,1.4,4.3,2.3,2.8,march,2022-23,20.5,20.3,56.2,12.2,51.3,3.9,4.51,20.3,0.0,0.0,0.8,,,,,,,,,,,66.7,,38.392857142857146,27.7,6-4,229,76
1628984,Devonte' Graham,SAS,11,26.3,13.9,2.8,4.2,4.0,9.5,2.9,7.4,3.0,3.8,march,2022-23,20.0,22.9,62.0,9.9,48.9,3.4,4.18,21.6,0.2,0.0,0.0,,,,,,,,,,,78.0,,77.89473684210527,26.3,6-1,195,73
1629670,Jordan Nwora,IND,15,25.8,13.9,4.8,2.2,5.3,10.7,2.0,4.5,1.3,1.9,march,2022-23,20.4,12.0,60.4,9.8,35.1,1.3,2.26,21.6,0.4,0.1,1.1,,,,,,,,,,,64.5,,42.056074766355145,25.8,6-9,225,81
202699,Tobias Harris,PHI,15,31.0,13.9,5.7,2.5,5.0,9.5,1.6,3.4,2.3,2.5,march,2022-23,17.1,11.8,65.7,11.2,44.9,2.2,2.93,25.4,0.6,2.3,2.0,4.2,17.9,6.8,,14.6,31.8,,6.3,3.0,6.3,64.7,,35.78947368421053,31.0,6-7,226,79
1626174,Christian Wood,DAL,13,21.7,13.8,5.4,2.2,4.5,9.1,0.9,2.5,3.8,4.7,march,2022-23,24.7,15.9,62.1,12.9,38.1,1.6,2.52,22.0,1.9,1.2,3.5,,,,,,,,,,,52.3,,27.472527472527474,21.7,6-9,214,81
1631101,Shaedon Sharpe,POR,16,26.6,13.8,3.7,2.2,4.9,10.3,2.1,5.0,1.8,2.4,march,2022-23,21.2,13.3,60.8,8.6,37.1,2.0,3.22,21.7,0.4,0.0,0.9,12.3,19.5,31.7,,,16.7,5.1,4.8,2.1,2.8,55.3,,48.543689320388346,26.6,6-5,200,77
201569,Eric Gordon,LAC,14,27.4,13.8,1.6,2.0,4.8,9.2,2.6,5.7,1.6,2.0,march,2022-23,17.2,10.3,68.3,8.5,34.1,1.6,2.81,21.4,0.3,0.0,0.4,,,,,,60.0,,,,,70.4,,61.956521739130444,27.4,6-3,215,75
1631117,Walker Kessler,UTA,13,28.7,13.8,10.0,1.5,6.2,8.2,0.0,0.1,1.3,2.7,march,2022-23,14.6,7.2,73.1,13.2,32.4,0.7,1.27,20.2,1.2,0.4,9.5,,,,,,,,29.0,,22.6,47.0,,1.2195121951219514,28.7,7-0,245,84
1627747,Caris LeVert,CLE,14,30.7,13.6,3.6,3.7,4.8,9.6,2.4,5.0,1.7,2.4,march,2022-23,17.2,16.1,63.9,10.6,42.0,2.3,3.3,24.4,0.8,0.1,0.9,6.2,19.0,24.0,,,26.9,4.5,6.6,5.0,,58.1,,52.083333333333336,30.7,6-6,205,78
1629614,Andrew Nembhard,IND,15,28.6,13.6,2.3,5.1,5.5,11.4,1.5,3.8,1.1,1.4,march,2022-23,19.4,24.4,56.6,8.8,60.2,4.3,4.26,24.7,0.2,0.1,0.7,8.9,14.8,38.5,,,21.4,7.1,,,,69.5,,33.33333333333333,28.6,6-3,191,75
1628401,Derrick White,BOS,16,30.5,13.6,4.4,4.2,4.7,9.8,1.9,5.1,2.3,2.4,march,2022-23,16.3,18.1,62.7,10.4,49.9,3.3,3.95,21.4,0.7,0.0,1.3,4.7,10.8,35.1,1.6,,25.9,9.5,1.3,5.1,1.7,59.6,,52.0408163265306,30.5,6-4,190,76
1629018,Gary Trent Jr.,TOR,9,27.1,13.4,3.0,1.3,5.1,11.8,1.9,4.8,1.3,1.7,march,2022-23,19.4,7.0,53.7,9.0,31.2,1.3,2.52,23.4,0.2,0.0,0.4,,18.3,6.4,,,48.6,9.0,,6.8,,75.0,,40.67796610169491,27.1,6-5,209,77
1631097,Bennedict Mathurin,IND,11,27.6,13.4,3.2,1.1,4.6,9.3,0.8,2.8,3.3,4.2,march,2022-23,18.8,5.0,60.1,7.1,37.5,1.6,2.57,25.8,0.5,0.4,1.0,9.0,22.3,27.0,,,17.2,5.2,7.6,5.7,,60.8,,30.107526881720425,27.6,6-5,210,77
1628415,Dillon Brooks,MEM,15,29.7,13.3,3.3,2.8,4.9,11.8,2.3,6.4,1.2,1.6,march,2022-23,19.6,12.9,53.3,6.9,37.7,1.6,2.52,23.1,0.3,0.0,0.4,9.3,14.6,19.9,1.5,9.9,31.8,2.8,1.7,2.8,2.4,64.7,,54.23728813559322,29.7,6-6,225,78
1630164,James Wiseman,DET,15,26.5,13.1,8.5,0.8,5.8,10.9,0.1,0.9,1.4,2.0,march,2022-23,21.9,5.0,55.9,10.0,44.7,1.2,1.55,20.7,3.4,3.3,9.0,,,,,,,,,,,68.8,,8.256880733944955,26.5,7-0,240,84
1629652,Luguentz Dort,OKC,17,32.9,12.9,5.3,1.8,4.1,11.6,1.9,6.1,2.8,3.4,march,2022-23,17.5,7.2,49.5,5.6,38.1,2.0,3.16,21.7,0.5,0.0,3.0,,15.0,,5.5,,61.5,,4.0,,,61.1,,52.58620689655172,32.9,6-4,220,76
1626145,Tyus Jones,MEM,16,29.2,12.9,3.5,7.1,5.0,10.8,1.8,4.8,1.1,1.5,march,2022-23,18.1,31.9,56.4,12.9,68.4,5.8,5.13,24.0,0.1,0.0,0.1,,17.2,23.8,,,41.7,,,,,47.6,,44.44444444444444,29.2,6-2,196,74
203482,Kelly Olynyk,UTA,13,28.7,12.8,7.6,4.9,4.1,8.2,1.0,3.2,3.7,3.8,march,2022-23,17.7,21.4,64.7,12.0,61.8,2.5,2.45,30.4,1.5,0.3,1.4,,,,,,,,,,,54.9,,39.024390243902445,28.7,6-11,240,83
1629651,Nic Claxton,BKN,15,30.7,12.8,10.1,2.6,5.4,8.1,0.0,0.0,2.0,3.3,march,2022-23,15.3,12.4,67.1,13.4,48.0,1.4,1.79,26.9,4.4,0.3,8.1,14.1,15.5,3.9,11.1,4.5,10.9,,15.5,,13.4,65.6,,0.0,30.7,6-11,215,83
1628370,Malik Monk,SAC,16,21.2,12.6,2.8,4.2,3.9,9.3,2.3,5.5,2.6,3.0,march,2022-23,23.7,30.0,59.7,12.3,39.1,2.0,3.11,24.0,0.3,0.0,0.4,8.4,22.0,24.1,3.5,,25.5,6.7,,4.6,,44.7,,59.13978494623655,21.2,6-3,200,75
101108,Chris Paul,PHX,15,31.2,12.6,4.5,9.7,4.9,11.2,1.4,4.5,1.5,1.6,march,2022-23,18.3,41.3,52.9,13.9,71.7,6.2,5.18,26.8,0.1,0.1,0.5,,,43.8,,,15.6,,,,,64.2,,40.17857142857143,31.2,6-0,175,72
202709,Cory Joseph,DET,14,28.1,12.5,2.7,4.0,4.3,8.6,2.1,4.5,1.8,2.1,march,2022-23,16.7,21.8,65.4,11.7,55.7,4.6,4.91,22.9,0.1,0.0,0.5,,,,,,,,,,,71.2,,52.32558139534884,28.1,6-3,200,75
1630538,Bones Hyland,LAC,7,20.4,12.4,3.7,4.6,4.7,11.4,2.3,6.3,0.7,1.0,march,2022-23,27.3,33.7,52.4,11.7,46.6,3.4,4.32,21.3,0.1,0.0,0.4,10.9,23.0,24.3,,,24.3,5.7,,5.7,,52.4,,55.263157894736835,20.4,6-2,169,74
1629656,Quentin Grimes,NYK,15,28.6,12.4,3.1,2.3,4.3,8.5,2.9,6.4,1.0,1.3,march,2022-23,15.0,10.6,68.2,8.1,29.0,1.0,2.08,19.9,0.4,0.0,0.7,10.4,22.2,10.8,,,37.6,2.4,2.8,6.8,2.0,63.0,,75.29411764705883,28.6,6-5,210,77
1630534,Ochai Agbaji,UTA,14,30.1,12.4,2.9,2.1,4.1,10.4,2.4,6.6,1.9,2.2,march,2022-23,17.2,8.5,54.5,4.9,35.7,1.0,1.72,23.1,0.7,0.0,1.4,,33.5,,,,29.2,,13.5,,10.3,68.3,,63.46153846153846,30.1,6-5,215,77
1627826,Ivica Zubac,LAC,12,24.8,12.3,9.3,1.0,5.2,7.7,0.0,0.0,2.0,3.3,march,2022-23,17.3,5.8,67.8,13.4,40.3,1.0,1.51,17.0,4.0,2.0,8.7,,5.5,,18.4,28.3,,,20.1,,20.3,50.0,,0.0,24.8,7-0,240,84
204456,T.J. McConnell,IND,13,24.4,12.2,4.0,6.3,5.4,9.4,0.5,1.2,0.9,1.2,march,2022-23,20.4,34.7,61.8,13.7,66.9,5.4,4.85,22.1,0.5,0.0,0.2,5.9,13.1,54.0,,,12.5,,4.2,,,66.7,,12.76595744680851,24.4,6-1,190,73
1630168,Onyeka Okongwu,ATL,15,20.4,12.2,6.7,0.9,4.3,6.0,0.1,0.2,3.6,4.3,march,2022-23,18.0,5.8,77.2,14.5,26.3,0.6,1.31,14.9,2.5,0.8,7.3,1.6,15.5,2.1,11.6,6.9,28.0,3.2,11.2,3.4,7.5,59.7,,3.3333333333333335,20.4,6-9,240,81
1626171,Bobby Portis,MIL,16,24.3,12.2,8.4,0.8,4.8,9.8,1.3,3.5,1.4,2.1,march,2022-23,19.8,4.4,56.7,10.8,41.2,1.2,1.69,19.7,1.0,2.4,3.3,3.2,11.0,,15.8,19.8,31.1,,6.6,,5.8,59.7,,35.71428571428571,24.3,6-11,250,83
203937,Kyle Anderson,MIN,14,35.2,12.1,6.9,7.2,5.1,9.8,0.8,1.9,1.1,1.9,march,2022-23,14.9,26.6,56.9,11.3,67.9,3.3,2.91,42.7,2.6,0.1,3.4,12.6,16.5,7.9,,,17.3,,14.2,,8.7,62.2,,19.387755102040813,35.2,6-9,230,81
1631099,Keegan Murray,SAC,16,28.8,12.0,4.3,1.3,4.4,9.8,2.8,7.1,0.4,0.8,march,2022-23,16.1,5.8,59.4,6.6,31.8,0.9,1.64,23.4,0.4,0.2,1.4,4.2,18.5,10.8,5.4,,30.8,,4.2,14.2,4.2,67.3,,72.44897959183673,28.8,6-8,225,80
203991,Clint Capela,ATL,15,26.2,11.9,10.7,1.1,5.4,7.4,0.0,0.0,1.1,1.8,march,2022-23,13.9,5.4,72.8,13.8,37.1,0.8,1.37,17.8,1.9,0.5,10.2,,,,22.1,,,,24.4,,36.6,60.8,,0.0,26.2,6-10,256,82
1628381,John Collins,ATL,15,27.2,11.9,4.9,1.3,4.7,9.5,1.2,3.7,1.2,1.6,march,2022-23,16.6,6.2,58.3,6.8,37.0,1.1,1.71,19.4,0.9,1.1,2.9,,18.7,,6.3,9.1,33.6,2.3,10.3,,9.8,57.8,,38.94736842105264,27.2,6-9,226,81
203935,Marcus Smart,BOS,15,31.4,11.7,1.9,4.7,3.9,10.3,2.3,6.3,1.6,2.2,march,2022-23,18.2,19.0,51.9,5.3,52.6,3.6,4.13,23.2,0.3,0.5,0.9,4.2,18.4,15.1,5.0,,38.3,,,,,70.7,,61.165048543689316,31.4,6-4,220,76
1630180,Saddiq Bey,ATL,15,24.2,11.7,4.9,1.3,4.2,9.3,1.8,4.9,1.5,1.7,march,2022-23,17.9,7.0,58.2,9.2,30.9,1.0,1.9,19.5,0.5,0.4,1.6,6.5,19.0,7.8,2.2,13.8,28.5,6.0,4.9,1.9,6.7,77.8,,52.68817204301075,24.2,6-7,215,79
1627739,Kris Dunn,UTA,14,23.9,11.6,4.4,5.4,4.6,9.3,0.7,1.6,1.6,2.2,march,2022-23,20.1,32.3,56.7,12.0,61.0,4.8,4.67,17.4,0.2,0.1,0.4,3.9,19.3,9.6,5.5,,38.6,,9.6,,3.2,68.1,,17.204301075268816,23.9,6-3,205,75
1628386,Jarrett Allen,CLE,8,32.3,11.6,10.1,1.9,4.6,8.1,0.0,0.0,2.4,3.0,march,2022-23,13.7,7.7,61.5,12.6,39.0,0.9,1.42,22.0,3.9,1.0,9.1,,13.6,,20.9,7.8,4.1,,33.1,,9.2,57.4,,0.0,32.3,6-9,243,81
203992,Bogdan Bogdanović,ATL,14,24.8,11.6,2.4,2.3,4.1,8.9,2.2,5.5,1.2,1.4,march,2022-23,17.5,11.9,60.7,7.9,35.4,1.4,2.37,22.8,0.2,0.1,0.2,,12.2,34.4,,,24.4,,,,,70.2,,61.79775280898876,24.8,6-5,225,77
1628379,Luke Kennard,MEM,17,23.9,11.5,3.4,2.3,3.9,7.2,3.1,5.6,0.7,0.8,march,2022-23,14.9,12.1,76.7,11.1,29.2,1.2,2.55,17.6,0.4,0.0,0.2,,24.5,9.1,,,32.0,7.9,5.8,11.6,,58.5,,77.77777777777777,23.9,6-5,206,77
1628966,Keita Bates-Diop,SAS,14,22.8,11.5,4.1,2.0,3.9,7.1,1.4,3.1,2.3,2.9,march,2022-23,16.8,12.1,68.2,11.6,30.8,1.2,2.26,19.3,0.9,0.9,2.4,,,,,,,,,,,55.4,,43.66197183098592,22.8,6-8,229,80
1630165,Killian Hayes,DET,13,30.2,11.5,3.4,7.3,4.7,12.2,0.5,3.1,1.5,2.2,march,2022-23,22.4,35.6,43.5,7.9,65.8,6.1,5.57,23.4,0.2,0.1,0.6,,,,,,,,,,,71.8,,25.40983606557377,30.2,6-5,195,77
1631103,Malaki Branham,SAS,13,26.1,11.5,4.5,1.9,4.7,11.2,1.2,4.1,0.8,1.0,march,2022-23,19.8,9.5,49.4,6.6,37.3,2.0,3.14,18.8,0.3,0.0,0.6,,,,,,,,,,,61.1,,36.607142857142854,26.1,6-4,180,76
1628971,Bruce Brown,DEN,14,26.8,11.4,4.8,2.5,4.2,9.3,0.5,2.3,2.5,3.1,march,2022-23,20.0,14.8,53.6,9.2,46.6,3.1,4.03,21.4,0.7,0.0,2.1,4.1,22.3,15.7,,,22.3,3.8,13.0,,8.7,58.3,,24.73118279569892,26.8,6-4,202,76
1631323,Simone Fontecchio,UTA,13,23.5,11.4,2.3,1.2,4.0,10.1,2.2,5.6,1.2,1.4,march,2022-23,19.9,7.6,53.3,6.2,27.9,0.7,1.59,19.2,0.0,0.0,0.8,,26.5,,,,43.5,,4.3,10.5,5.2,79.3,,55.44554455445544,23.5,6-7,209,79
1629632,Coby White,CHI,15,25.8,11.2,2.9,4.7,4.2,8.9,2.2,5.0,0.6,0.6,march,2022-23,17.3,23.9,61.3,10.4,47.4,3.0,3.77,22.0,0.1,0.0,0.2,7.7,29.3,29.6,,,20.9,3.1,,2.6,,71.7,,56.179775280898866,25.8,6-5,195,77
1630200,Tre Jones,SAS,11,28.3,11.2,2.5,6.6,4.5,8.8,0.5,1.4,1.6,2.4,march,2022-23,15.3,30.5,56.7,10.6,59.2,5.6,5.68,15.9,0.6,0.0,0.5,4.8,22.7,32.0,,,22.7,4.5,3.0,,,61.8,,15.909090909090907,28.3,6-1,185,73
203585,Rodney McGruder,DET,10,27.6,11.1,4.3,1.3,3.9,8.9,2.4,5.2,0.9,0.9,march,2022-23,14.7,6.4,59.7,8.1,35.0,1.1,1.94,23.2,0.3,0.2,1.6,,,,,,,,,,,63.3,,58.42696629213483,27.6,6-4,205,76
1631105,Jalen Duren,DET,10,21.5,11.0,8.4,1.7,4.5,7.2,0.0,0.1,2.0,3.5,march,2022-23,19.7,12.8,62.9,15.5,35.4,1.0,1.66,16.8,1.8,1.6,9.4,8.9,12.2,3.2,14.9,8.7,6.8,,20.0,,16.4,52.8,,1.388888888888889,21.5,6-11,250,83
201143,Al Horford,BOS,13,29.6,10.9,6.5,4.0,3.9,7.8,2.9,5.6,0.2,0.2,march,2022-23,12.3,16.8,69.4,11.6,43.5,1.0,1.44,24.7,0.9,0.5,2.2,,15.0,,12.2,8.9,40.0,,7.8,5.6,,67.4,,71.7948717948718,29.6,6-9,240,81
1630256,Jae'Sean Tate,HOU,9,22.7,10.9,4.0,3.0,4.0,7.9,0.4,1.7,2.4,3.0,march,2022-23,18.9,19.1,59.1,10.3,40.6,2.4,3.58,21.3,0.9,1.0,1.8,,,,,,,,,,,25.0,,21.51898734177215,22.7,6-5,230,77
1630198,Isaiah Joe,OKC,17,26.3,10.9,2.6,1.4,3.6,9.5,2.2,7.1,1.5,1.8,march,2022-23,17.0,7.4,52.8,6.5,35.3,1.2,2.05,21.6,0.8,0.0,0.5,,21.2,,9.4,,39.9,9.4,4.3,6.8,,50.8,,74.73684210526315,26.3,6-3,165,75
1629001,De'Anthony Melton,PHI,17,28.4,10.8,4.4,2.5,3.8,8.2,2.0,5.1,1.3,1.6,march,2022-23,16.2,12.8,61.0,9.0,42.2,1.7,2.38,20.6,0.5,0.0,1.2,,,,,,,,,,,65.7,,62.19512195121951,28.4,6-2,200,74
1628960,Grayson Allen,MIL,14,27.1,10.8,3.0,1.9,3.6,8.1,2.4,5.9,1.3,1.4,march,2022-23,14.7,8.5,61.7,7.1,31.3,1.1,2.03,19.7,0.2,0.0,1.6,2.8,17.5,24.2,4.0,,33.8,5.4,,7.0,,60.4,,72.83950617283952,27.1,6-4,198,76
1630174,Aaron Nesmith,IND,13,26.3,10.8,4.0,2.0,3.8,8.7,1.8,4.9,1.4,1.8,march,2022-23,17.6,10.0,56.9,6.3,40.4,1.2,1.82,22.0,0.5,0.0,1.1,,19.9,10.4,6.6,,30.9,5.5,,13.7,4.1,69.9,,56.32183908045978,26.3,6-5,215,77
1630214,Xavier Tillman,MEM,17,27.6,10.8,6.6,2.5,4.9,7.6,0.1,0.2,0.9,1.5,march,2022-23,14.2,11.8,65.4,10.8,46.6,1.3,1.62,26.2,6.5,0.7,6.1,,,,,,,,,,,53.0,,2.6315789473684212,27.6,6-7,245,79
203994,Jusuf Nurkić,POR,7,23.6,10.7,6.6,2.7,4.3,8.9,0.6,2.7,1.6,3.3,march,2022-23,20.9,18.1,52.0,9.2,44.1,1.2,1.63,27.3,3.1,2.9,3.7,,6.9,,22.4,10.4,11.8,,17.3,,13.6,60.0,,30.337078651685395,23.6,7-0,290,84
1630570,Trendon Watford,POR,13,27.0,10.7,5.4,2.8,4.6,8.8,0.5,1.8,1.0,1.3,march,2022-23,17.3,16.3,56.7,9.6,48.4,2.1,2.66,21.8,1.6,0.8,1.4,7.8,20.2,,,,24.8,,,,,60.7,,20.454545454545453,27.0,6-8,237,80
203926,Doug McDermott,SAS,8,20.7,10.6,2.1,1.6,3.8,8.6,2.3,5.3,0.9,1.3,march,2022-23,19.4,12.1,57.9,7.5,29.9,0.8,1.61,21.8,0.5,0.0,0.9,,,,,,65.4,,,,,70.6,,61.627906976744185,20.7,6-6,225,78
1630591,Jalen Suggs,ORL,11,26.2,10.5,3.4,2.1,3.8,9.1,1.1,3.5,1.7,2.5,march,2022-23,18.0,10.0,51.4,6.6,37.9,1.8,2.91,18.7,0.5,0.1,1.5,6.6,24.5,25.2,,,20.4,7.3,,,4.0,53.3,,38.46153846153847,26.2,6-5,205,77
1631106,Tari Eason,HOU,17,26.6,10.4,6.9,1.1,4.1,8.8,0.9,2.4,1.4,1.9,march,2022-23,17.3,5.7,53.8,8.7,38.2,1.4,2.26,17.6,1.0,0.1,3.5,5.0,19.9,5.4,,,43.3,,6.5,,9.2,73.4,,27.27272727272727,26.6,6-8,215,80
1629629,Cam Reddish,POR,14,27.7,10.3,3.1,1.6,3.7,8.4,1.1,3.6,1.8,2.3,march,2022-23,17.1,9.7,54.5,6.2,37.6,2.4,3.9,19.3,0.3,0.0,0.6,,,,,,,,,,,65.6,,42.857142857142854,27.7,6-7,217,79
1630572,Sandro Mamukelashvili,SAS,14,22.8,10.3,6.6,2.4,3.9,8.8,1.1,3.6,1.3,1.8,march,2022-23,18.9,15.6,53.7,9.6,46.4,1.5,1.87,25.4,1.9,0.4,3.4,,22.1,,16.1,,30.7,,13.3,,8.0,66.7,,40.90909090909091,22.8,6-10,240,82
1627752,Taurean Prince,MIN,12,23.3,10.3,2.4,1.8,3.3,7.8,1.4,3.9,2.2,2.4,march,2022-23,18.9,10.9,58.2,6.5,30.5,1.1,2.18,22.8,0.2,0.1,0.8,,27.3,,,,54.5,,,,,68.8,,50.0,23.3,6-6,218,78
1627736,Malik Beasley,LAL,15,23.9,10.2,3.9,1.0,3.7,10.1,2.4,6.9,0.5,0.6,march,2022-23,20.6,6.3,49.4,6.8,30.7,1.1,2.08,20.3,0.4,0.0,0.3,,,,,,,,,,,55.3,,68.31683168316832,23.9,6-4,187,76
1630188,Jalen Smith,IND,13,20.1,10.0,6.3,1.3,3.8,7.7,0.6,2.5,1.8,2.5,march,2022-23,19.3,8.9,56.8,9.8,30.4,0.7,1.47,19.3,1.6,1.0,5.6,,21.0,,17.4,,29.0,,9.8,,10.1,67.9,,32.467532467532465,20.1,6-9,215,81
1629006,Josh Okogie,PHX,15,27.3,9.9,3.6,1.9,2.8,8.1,1.5,4.4,2.9,3.7,march,2022-23,16.9,8.8,51.3,6.2,31.1,1.1,2.21,16.7,0.4,0.0,1.5,,24.9,,,,41.5,,11.1,,9.7,55.6,,54.320987654320994,27.3,6-4,213,76
1630587,Isaiah Livers,DET,10,30.4,9.9,4.2,1.4,3.9,9.0,1.6,5.1,0.5,0.6,march,2022-23,13.4,6.4,53.4,6.8,34.0,1.2,2.14,23.5,0.9,0.2,1.2,,,,,,49.1,,,,,53.5,,56.666666666666664,30.4,6-6,232,78
1630166,Deni Avdija,WAS,16,26.8,9.8,6.9,3.6,3.7,8.2,1.0,3.2,1.4,2.1,march,2022-23,17.7,18.2,53.8,9.1,48.5,2.5,3.12,21.4,0.3,0.1,1.1,14.0,18.1,26.9,,3.1,19.0,4.8,4.0,4.7,1.7,65.3,,39.024390243902445,26.8,6-9,210,81
1628404,Josh Hart,NYK,15,31.4,9.8,7.3,3.7,3.5,5.5,0.9,1.7,1.8,2.2,march,2022-23,10.9,14.9,76.2,11.6,40.3,2.0,2.91,18.7,0.7,0.0,1.7,,21.0,10.3,,,45.6,4.0,4.6,,,63.9,,30.909090909090907,31.4,6-4,215,76
1630172,Patrick Williams,CHI,15,26.4,9.8,2.5,0.7,3.7,7.7,1.3,2.9,1.2,1.3,march,2022-23,15.8,3.3,58.9,6.1,34.4,1.0,1.74,15.9,0.2,0.0,1.4,3.6,22.1,9.3,5.0,3.6,41.4,3.6,,,5.0,60.7,,37.662337662337656,26.4,6-7,215,79
1628420,Monte Morris,WAS,11,23.8,9.7,3.4,5.2,4.0,8.6,0.8,3.1,0.9,0.9,march,2022-23,18.4,26.6,53.8,10.7,50.5,4.2,5.02,19.7,0.2,0.0,0.4,,,,,,,,,,,72.5,,36.04651162790698,23.8,6-2,183,74
1628975,Jevon Carter,MIL,16,20.8,9.7,2.0,1.8,3.5,8.3,2.3,5.2,0.4,0.4,march,2022-23,17.7,12.0,57.1,6.8,36.1,2.6,4.31,12.8,0.2,0.0,0.8,,21.5,17.2,,,45.2,,,,,55.3,,62.65060240963856,20.8,6-1,200,73
1631109,Mark Williams,CHA,8,26.0,9.6,8.8,0.8,4.0,6.8,0.0,0.0,1.6,2.9,march,2022-23,15.6,4.2,60.0,10.2,31.3,0.8,1.46,17.3,2.0,2.0,7.6,,15.1,,19.3,5.0,,,27.6,,23.1,76.7,,0.0,26.0,7-0,240,84
1628372,Dennis Smith Jr.,CHA,13,27.1,9.6,4.2,6.2,3.6,9.6,0.5,2.5,1.8,2.7,march,2022-23,19.2,35.2,44.5,10.7,64.2,4.8,4.47,27.3,0.3,0.2,0.8,,,,,,,,,,,49.0,,26.041666666666668,27.1,6-2,205,74
203082,Terrence Ross,PHX,13,17.2,9.6,3.0,1.6,3.5,7.8,2.0,5.0,0.7,0.8,march,2022-23,20.2,12.4,58.7,8.8,19.2,0.6,1.93,12.2,0.1,0.0,0.2,,,,,,,,,,,73.7,,64.1025641025641,17.2,6-7,206,79
1629021,Moritz Wagner,ORL,13,15.5,9.5,4.8,0.9,3.2,5.9,0.5,2.1,2.5,3.1,march,2022-23,21.6,8.3,65.0,13.5,26.7,0.8,1.7,16.0,1.5,0.3,2.7,,,,,,,,,,,59.5,,35.59322033898305,15.5,6-11,245,83
203110,Draymond Green,GSW,15,31.3,9.4,6.6,7.2,4.1,7.3,0.3,1.6,0.9,1.3,march,2022-23,14.8,28.8,59.6,9.8,72.7,2.3,1.88,39.5,3.2,1.8,4.0,,9.4,5.1,10.2,,39.8,,10.2,,2.7,61.3,,21.917808219178085,31.3,6-6,230,78
1630537,Chris Duarte,IND,7,23.7,9.3,3.1,1.3,3.4,8.4,1.7,4.1,0.7,0.7,march,2022-23,16.5,7.2,53.1,6.7,36.3,1.1,1.88,22.0,0.1,0.0,0.6,,,,,,,,,,,57.1,,48.8095238095238,23.7,6-5,190,77
1629655,Daniel Gafford,WAS,15,25.4,9.3,5.3,1.5,4.0,6.1,0.0,0.0,1.3,1.7,march,2022-23,13.6,7.6,67.2,8.0,35.2,1.0,1.65,20.7,2.0,0.6,6.1,,8.8,,19.9,11.0,,,20.4,,18.2,60.8,,0.0,25.4,6-10,234,82
1630529,Herbert Jones,NOP,15,30.3,9.3,4.6,3.1,3.7,7.1,1.0,2.4,0.9,1.3,march,2022-23,13.1,12.9,60.5,7.3,44.9,1.7,2.3,22.8,1.3,0.1,3.1,,22.4,10.8,,,37.7,6.3,5.4,,,63.5,,33.80281690140845,30.3,6-7,206,79
1630647,Eugene Omoruyi,DET,14,21.8,9.2,3.6,0.9,3.4,7.5,0.8,2.9,1.7,2.4,march,2022-23,18.3,5.7,54.0,6.2,27.5,0.8,1.67,17.6,0.9,0.4,2.6,,,,,,,,,,,50.0,,38.666666666666664,21.8,6-6,235,78
1630230,Naji Marshall,NOP,15,21.9,9.2,3.7,2.5,3.3,7.2,0.7,2.5,1.9,2.2,march,2022-23,18.9,16.2,56.3,9.6,40.4,2.2,3.19,19.7,0.3,0.0,1.3,5.6,31.6,10.9,3.9,,29.1,,6.0,2.4,2.4,70.0,,34.72222222222222,21.9,6-7,220,79
1628997,Caleb Martin,MIA,14,27.6,9.1,4.2,1.5,3.2,6.4,1.1,2.9,1.6,1.8,march,2022-23,13.5,8.2,63.5,7.6,37.6,1.6,2.49,20.1,0.9,0.0,2.1,,32.5,7.9,,,35.7,,,,,61.3,,45.31249999999999,27.6,6-5,205,77
1630182,Josh Green,DAL,14,27.8,9.0,3.5,2.1,3.7,7.5,1.0,2.9,0.6,0.7,march,2022-23,14.8,10.0,57.6,5.1,41.7,2.2,3.21,19.1,0.9,0.0,1.1,,28.0,,,,61.3,,,,,72.9,,38.666666666666664,27.8,6-7,200,79
1629622,Max Strus,MIA,15,24.0,9.0,2.1,1.9,3.3,6.9,2.0,5.1,0.5,0.5,march,2022-23,14.1,12.0,63.0,7.0,33.9,0.9,1.55,20.3,0.3,0.0,0.7,,,,,,,,,,,75.5,,73.91304347826086,24.0,6-5,215,77
1630583,Santi Aldama,MEM,17,22.8,8.9,5.5,1.3,3.1,6.6,0.9,2.8,1.7,2.1,march,2022-23,15.8,7.4,59.3,8.8,30.6,1.1,2.11,17.2,1.0,0.3,2.6,,22.8,2.3,8.8,4.1,40.1,,6.8,,7.0,67.5,,42.42424242424242,22.8,7-0,215,84
1626168,Trey Lyles,SAC,14,19.5,8.9,5.5,1.1,2.6,6.1,1.4,3.8,2.1,2.5,march,2022-23,17.9,8.1,61.8,10.6,30.8,0.9,1.81,17.1,0.3,0.6,1.5,,,,,,,,,,,72.1,,62.295081967213115,19.5,6-9,234,81
203493,Reggie Bullock Jr.,DAL,13,32.0,8.8,4.6,1.1,3.2,7.1,2.4,5.9,0.2,0.2,march,2022-23,10.6,4.8,61.9,6.6,37.3,0.9,1.44,21.5,0.2,0.0,0.5,,,,,,,,,,,75.0,,83.09859154929579,32.0,6-6,205,78
203506,Victor Oladipo,MIA,11,23.4,8.8,2.6,2.5,2.9,8.1,1.6,4.6,1.4,1.6,march,2022-23,20.6,16.7,50.0,5.5,41.8,2.7,3.82,18.7,0.5,0.0,0.4,,,,,,,,,,,74.2,,56.79012345679012,23.4,6-3,213,75
203496,Robert Covington,LAC,9,16.9,8.7,2.4,0.9,3.2,5.7,1.8,2.9,0.4,0.4,march,2022-23,16.7,7.5,73.9,11.5,31.3,1.0,1.96,14.1,0.3,0.0,1.1,,,,,,,,,,,79.3,,50.87719298245613,16.9,6-7,209,79
204060,Joe Ingles,MIL,14,23.2,8.5,2.9,3.5,2.9,5.5,2.4,4.6,0.4,0.4,march,2022-23,12.2,19.1,74.7,8.8,36.5,1.8,2.89,22.2,0.1,0.0,0.2,,,,,,,,,,,61.5,,83.63636363636363,23.2,6-9,220,81
1629216,Gabe Vincent,MIA,15,25.5,8.5,1.5,2.1,3.1,7.5,1.5,4.3,0.7,0.7,march,2022-23,15.8,11.8,54.3,4.9,41.9,2.7,3.82,16.6,0.1,0.0,0.4,,14.9,14.9,,,38.6,,,13.2,,68.0,,57.333333333333336,25.5,6-2,200,74
200768,Kyle Lowry,MIA,7,24.5,8.4,3.3,3.9,2.7,5.4,1.7,3.6,1.3,1.4,march,2022-23,13.9,21.4,69.6,9.0,52.1,3.2,3.65,23.1,0.0,0.1,0.6,,,,,,,,,,,62.5,,66.66666666666666,24.5,6-0,196,72
1629052,Oshae Brissett,IND,12,18.5,8.4,3.3,1.1,2.5,6.3,0.8,2.7,2.7,3.4,march,2022-23,18.0,7.3,53.7,8.3,31.2,0.9,1.77,17.1,0.2,0.0,2.1,,,,,,,,,,,60.0,,42.85714285714286,18.5,6-7,210,79
1628972,Troy Brown Jr.,LAL,15,27.0,8.4,3.5,1.8,2.9,6.8,2.1,4.9,0.5,0.7,march,2022-23,12.0,9.1,59.2,7.0,30.8,1.1,2.13,18.4,0.4,0.1,0.7,,,,,,,,,,,67.6,,72.05882352941177,27.0,6-7,215,79
1628449,Chris Boucher,TOR,14,18.4,8.3,5.1,0.2,3.3,6.4,0.7,2.1,1.0,1.1,march,2022-23,16.6,1.7,59.8,10.8,21.1,0.6,1.58,10.4,0.6,0.0,3.4,,,,,,,,,,,57.1,,32.8125,18.4,6-9,200,81
1626220,Royce O'Neale,BKN,14,27.3,8.3,6.2,3.2,2.7,7.2,1.9,4.9,1.0,1.4,march,2022-23,14.5,16.2,53.0,8.5,53.6,2.2,2.43,22.3,0.4,0.0,0.7,,26.0,8.3,2.7,,43.8,3.9,,3.6,,57.4,,68.05555555555556,27.3,6-6,226,78
1626153,Delon Wright,WAS,16,27.3,8.3,4.1,4.4,3.2,6.7,0.8,2.5,1.1,1.3,march,2022-23,12.4,20.7,56.8,10.4,49.6,4.3,5.21,19.2,0.2,0.0,1.5,,,,,,,,,,,63.4,,37.31343283582089,27.3,6-5,185,77
1626224,Cedi Osman,CLE,13,18.1,8.2,2.4,1.2,2.7,6.3,2.0,4.5,0.8,0.9,march,2022-23,18.0,9.1,61.3,8.1,21.4,0.7,1.94,13.6,0.5,0.0,0.8,,,,,,,,,,,61.5,,71.42857142857143,18.1,6-7,230,79
1630543,Isaiah Jackson,IND,14,18.3,8.2,5.8,0.5,3.5,6.3,0.0,0.1,1.2,1.9,march,2022-23,15.9,3.8,57.8,9.6,24.6,0.6,1.39,16.1,2.3,0.5,6.5,,13.6,,11.6,7.1,5.1,,20.7,,25.8,69.4,,1.5873015873015877,18.3,6-9,205,81
1628962,Udoka Azubuike,UTA,5,17.6,8.2,6.0,0.6,3.8,4.8,0.0,0.0,0.6,1.6,march,2022-23,15.7,5.2,74.5,12.6,16.6,0.4,1.4,11.2,0.8,0.2,7.0,,,,,,,,,,,62.5,,0.0,17.6,6-11,270,83
1630208,Nick Richards,CHA,14,22.7,8.1,7.9,0.9,3.1,4.6,0.1,0.1,1.8,2.3,march,2022-23,12.7,5.8,73.0,11.2,29.5,0.7,1.52,13.4,1.9,0.4,5.6,,,,,,,,,,,65.9,,2.173913043478261,22.7,7-0,245,84
1629611,Terance Mann,LAC,14,22.0,8.1,2.6,2.7,2.8,5.8,0.9,2.6,1.6,1.9,march,2022-23,14.9,16.4,61.4,7.7,34.1,1.9,3.28,18.9,0.3,0.1,1.7,3.7,22.0,17.9,,,28.9,4.4,6.6,,8.1,71.7,,44.827586206896555,22.0,6-5,215,77
1629004,Svi Mykhailiuk,CHA,13,20.3,8.1,1.8,2.2,2.7,6.0,1.5,3.2,1.2,1.8,march,2022-23,15.5,14.7,59.3,8.3,25.0,1.0,2.44,16.6,0.2,0.0,0.8,,22.1,5.9,,,34.5,10.7,7.6,7.6,3.4,62.5,,53.333333333333336,20.3,6-7,205,79
1629646,Charles Bassey,SAS,6,16.4,8.0,4.8,2.0,3.8,5.5,0.0,0.2,0.3,1.0,march,2022-23,17.3,19.0,67.3,12.7,29.2,0.7,1.4,17.2,3.5,0.2,5.3,,,,,,,,,,,62.5,,3.6363636363636367,16.4,6-9,230,81
203914,Gary Harris,ORL,13,25.0,7.9,1.8,1.3,2.8,6.8,2.2,5.5,0.2,0.2,march,2022-23,12.5,6.7,57.3,5.2,22.0,0.6,1.77,17.2,0.2,0.0,0.5,,16.7,,,,54.2,,,,,74.2,,80.88235294117648,25.0,6-4,210,76
1629060,Rui Hachimura,LAL,14,20.0,7.9,3.5,0.6,3.1,6.4,0.7,1.9,0.9,0.9,march,2022-23,15.2,4.3,57.7,8.4,21.0,0.8,2.26,11.5,0.4,1.4,1.4,3.7,19.3,,3.1,9.5,40.5,,7.1,4.9,,59.4,,29.687499999999993,20.0,6-8,230,80
203484,Kentavious Caldwell-Pope,DEN,13,32.3,7.8,2.3,2.8,2.8,7.6,0.9,3.7,1.4,1.8,march,2022-23,11.7,10.3,46.5,5.0,35.9,1.2,2.05,23.2,0.5,0.0,1.0,3.1,24.1,18.1,,,33.7,5.9,,6.5,,62.2,,48.684210526315795,32.3,6-5,204,77
1626166,Cameron Payne,PHX,15,16.1,7.8,2.2,3.7,3.1,7.3,1.0,2.9,0.5,0.6,march,2022-23,22.2,31.6,51.3,10.8,41.1,3.3,4.88,14.5,0.0,0.0,0.1,,,,,,,,,,,60.9,,39.726027397260275,16.1,6-1,183,73
1629684,Grant Williams,BOS,14,21.9,7.8,4.4,1.1,2.7,5.9,1.6,4.1,0.7,1.3,march,2022-23,14.0,6.8,60.6,7.8,24.4,0.8,1.95,13.2,0.5,0.1,1.3,,,,,,38.2,,,,,72.2,,69.4915254237288,21.9,6-6,236,78
1626196,Josh Richardson,NOP,13,22.3,7.8,2.5,1.5,2.8,6.7,1.7,3.8,0.5,0.7,march,2022-23,14.8,9.3,55.5,6.9,33.9,1.5,2.72,18.8,0.2,0.0,0.5,,,,,,,,,,,64.1,,56.71641791044776,22.3,6-6,200,78
1628978,Donte DiVincenzo,GSW,16,27.6,7.8,4.8,3.4,2.5,7.3,1.6,5.4,1.2,1.4,march,2022-23,13.9,15.9,49.3,6.4,46.6,2.1,2.68,22.2,0.8,0.0,1.9,1.9,18.5,11.6,,,33.0,10.8,,14.6,3.0,56.9,,73.97260273972603,27.6,6-4,203,76
1626172,Kevon Looney,GSW,16,25.0,7.8,9.3,2.3,3.2,5.8,0.0,0.1,1.4,2.4,march,2022-23,12.6,12.9,56.3,11.6,38.0,1.0,1.55,25.4,3.2,0.6,7.5,,,,19.3,,,,,,31.6,57.1,,1.7241379310344827,25.0,6-9,222,81
1630181,R.J. Hampton,DET,14,18.2,7.7,1.9,1.1,2.4,5.9,1.3,3.1,1.6,2.4,march,2022-23,18.7,9.1,55.9,6.3,24.9,0.9,2.28,16.3,0.4,0.0,0.2,,,,,,,,,,,62.3,,52.542372881355924,18.2,6-4,175,76
1631223,David Roddy,MEM,16,17.9,7.6,3.2,1.1,2.9,6.6,1.1,3.4,0.7,1.1,march,2022-23,17.5,8.0,54.2,7.1,22.3,0.7,1.98,13.7,0.4,0.1,1.1,,,,,,,,,,,61.4,,51.515151515151516,17.9,6-4,255,76
203486,Mason Plumlee,LAC,14,20.1,7.6,7.4,1.6,2.9,4.2,0.0,0.0,1.9,2.5,march,2022-23,14.3,11.1,71.2,12.5,32.0,1.0,1.93,16.6,1.9,0.6,6.1,,,,,,,,,,,57.9,,0.0,20.1,7-0,254,84
1629234,Drew Eubanks,POR,16,20.7,7.6,6.1,1.6,3.1,5.2,0.0,0.2,1.4,2.1,march,2022-23,14.6,12.3,62.0,10.9,33.4,1.0,1.75,18.7,4.3,0.4,4.5,,11.3,,36.6,,,,23.9,,8.5,59.8,,3.8461538461538463,20.7,6-10,245,82
1630549,Day'Ron Sharpe,BKN,9,15.3,7.6,5.1,0.9,3.0,5.7,0.2,0.6,1.3,1.9,march,2022-23,19.2,8.6,58.1,10.5,27.1,0.7,1.56,17.4,2.8,0.4,7.4,3.7,7.6,,15.0,6.6,7.6,,19.6,,22.6,61.3,,10.526315789473683,15.3,6-9,265,81
203552,Seth Curry,BKN,14,15.7,7.5,1.2,0.9,2.8,6.2,0.9,3.0,1.0,1.0,march,2022-23,19.1,8.5,56.4,8.2,26.9,1.8,3.94,13.2,0.0,0.0,0.0,,,,,,,,,,,79.3,,48.387096774193544,15.7,6-1,185,73
1629020,Jarred Vanderbilt,LAL,15,26.0,7.5,6.7,1.7,2.9,5.9,0.5,1.6,1.1,1.5,march,2022-23,12.6,9.1,57.1,8.6,30.1,1.0,2.01,13.6,0.9,0.0,4.5,,18.0,,,,32.3,,16.9,,14.3,68.2,,27.11864406779661,26.0,6-8,214,80
1628995,Kevin Knox II,POR,11,17.1,7.5,3.7,1.1,3.1,7.0,0.8,3.0,0.5,0.5,march,2022-23,19.4,10.0,51.5,8.9,27.7,0.9,1.92,12.7,0.2,0.1,1.4,,,,,,,,,,,73.7,,42.857142857142854,17.1,6-7,215,79
1630171,Isaac Okoro,CLE,12,24.5,7.3,1.8,1.2,2.6,5.1,1.0,2.5,1.2,1.3,march,2022-23,10.8,5.9,64.7,4.8,18.9,0.5,1.62,13.3,0.8,0.0,1.6,,25.9,,,,41.6,,10.8,,5.2,57.7,,49.01960784313726,24.5,6-5,225,77
1629680,Matisse Thybulle,POR,16,27.2,7.3,3.5,1.4,2.7,6.3,1.3,3.8,0.6,0.9,march,2022-23,11.8,7.4,54.9,6.0,28.6,0.8,1.62,16.2,0.1,0.0,1.8,,,,,,,,,,,67.2,,60.317460317460316,27.2,6-5,201,77
201567,Kevin Love,MIA,14,20.4,7.2,5.2,1.8,2.4,6.3,1.3,4.5,1.1,1.3,march,2022-23,17.6,11.9,52.6,8.2,38.6,1.1,1.69,20.6,0.4,1.0,1.7,,14.0,,14.6,,34.1,,6.7,,15.2,68.2,,71.42857142857143,20.4,6-8,251,80
1627827,Dorian Finney-Smith,BKN,16,26.9,7.2,4.6,1.7,2.5,7.5,1.6,4.9,0.6,0.7,march,2022-23,14.0,8.5,46.1,4.6,34.0,0.9,1.61,20.8,0.4,0.0,2.1,,,,,,,,,,,59.5,,65.33333333333334,26.9,6-7,220,79
1627777,Georges Niang,PHI,16,19.2,7.1,2.3,0.7,2.4,5.5,1.8,4.4,0.6,0.8,march,2022-23,14.1,5.1,61.1,5.5,26.2,0.6,1.35,13.6,0.0,0.0,0.2,,,,,,,,,,,71.1,,80.0,19.2,6-7,230,79
1626192,Pat Connaughton,MIL,16,22.3,6.9,4.3,1.3,2.4,6.0,1.4,4.6,0.6,0.8,march,2022-23,12.5,6.8,54.6,6.7,31.0,0.7,1.41,15.3,0.6,0.0,1.4,,,,,,,,,,,60.5,,76.66666666666666,22.3,6-5,209,77
203939,Dwight Powell,DAL,14,17.8,6.9,3.6,1.1,2.9,3.9,0.0,0.1,1.1,1.9,march,2022-23,14.0,8.4,72.5,8.5,26.6,0.8,1.82,17.6,2.4,0.0,6.5,,13.2,,12.1,,,,37.4,,,71.7,,2.5641025641025643,17.8,6-10,240,82
1630598,Aaron Wiggins,OKC,17,17.3,6.9,2.6,0.5,2.8,5.4,0.5,1.5,0.7,0.9,march,2022-23,15.6,3.8,59.1,7.6,17.5,0.6,1.93,9.8,0.3,0.0,2.1,6.3,22.9,8.6,,,44.9,,3.3,4.0,,59.7,,27.777777777777775,17.3,6-5,190,77
1629642,Nassir Little,POR,14,20.5,6.8,2.7,0.9,2.6,7.1,0.8,3.3,0.7,0.8,march,2022-23,17.8,7.0,45.7,3.8,27.1,1.2,2.66,13.8,0.1,0.0,0.6,,,,,,,,,,,69.0,,46.478873239436616,20.5,6-5,220,77
1630322,Lindy Waters III,OKC,13,16.4,6.8,1.8,0.8,2.2,5.5,1.8,4.9,0.7,0.8,march,2022-23,15.0,6.5,58.4,6.8,20.4,0.6,1.7,13.7,0.4,0.0,0.8,,,,,,,,,,,54.1,,89.0909090909091,16.4,6-6,210,78
1627936,Alex Caruso,CHI,11,21.5,6.7,2.2,1.7,2.4,4.7,0.9,2.6,1.1,1.3,march,2022-23,12.6,10.4,63.6,7.2,32.1,1.2,2.17,13.5,0.5,0.0,1.6,,19.9,8.2,7.0,,45.6,,,,,53.1,,55.319148936170215,21.5,6-5,186,77
201145,Jeff Green,DEN,13,19.7,6.6,2.6,1.2,2.2,4.8,0.7,1.7,1.5,1.7,march,2022-23,13.8,9.3,60.0,7.2,23.8,0.7,1.88,15.7,0.8,0.8,1.9,,,,,,,,,,,71.0,,35.41666666666667,19.7,6-8,235,80
1629641,Romeo Langford,SAS,7,19.9,6.6,2.6,0.6,2.4,5.9,0.4,1.6,1.3,1.7,march,2022-23,14.5,4.5,49.7,5.5,19.7,0.7,2.28,13.6,0.3,0.0,1.9,,,,,,,,,,,72.2,,27.11864406779661,19.9,6-5,216,77
1630550,JT Thor,CHA,15,18.6,6.5,3.1,0.8,2.5,5.3,1.1,2.9,0.5,0.7,march,2022-23,14.9,6.4,58.8,7.3,27.9,0.7,1.6,14.8,0.4,0.1,1.2,,,,,,,,,,,62.0,,54.71698113207547,18.6,6-9,203,81
1629011,Mitchell Robinson,NYK,15,26.4,6.5,8.8,0.6,2.8,4.1,0.0,0.0,0.9,1.7,march,2022-23,9.9,3.0,66.7,8.5,26.7,0.6,1.35,12.8,1.0,0.1,6.7,,,,11.7,,,,12.5,,52.3,64.5,,0.0,26.4,7-0,240,84
1630577,Julian Champagnie,SAS,10,16.7,6.5,2.9,0.4,2.5,5.7,1.4,3.9,0.1,0.1,march,2022-23,14.8,3.5,56.6,6.1,20.6,0.5,1.4,11.7,0.4,0.0,1.1,,23.0,,5.3,,43.3,6.5,3.1,9.3,4.3,50.0,,68.42105263157895,16.7,6-7,217,79
1629667,Jalen McDaniels,PHI,13,15.9,6.5,2.7,0.5,2.4,4.6,0.3,1.1,1.4,1.6,march,2022-23,15.5,3.8,60.7,6.2,16.6,0.5,1.68,7.9,0.8,0.0,2.2,,,,,,,,,,,69.2,,23.913043478260875,15.9,6-9,205,81
201587,Nicolas Batum,LAC,14,21.0,6.4,2.4,1.6,2.1,4.8,1.9,4.2,0.3,0.3,march,2022-23,10.7,10.0,65.4,6.6,25.6,0.5,1.17,14.4,0.5,0.0,0.5,,14.2,,,,68.9,,,,,65.0,,87.50000000000001,21.0,6-8,230,80
1629057,Robert Williams III,BOS,7,19.8,6.4,7.3,0.9,2.6,3.6,0.0,0.0,1.3,1.9,march,2022-23,11.5,5.8,73.2,12.4,27.9,0.6,1.36,14.7,0.7,0.4,6.0,,,,17.1,,9.8,,32.5,,20.3,63.2,,0.0,19.8,6-9,237,81
202694,Marcus Morris Sr.,LAC,9,25.2,6.3,3.0,1.6,2.7,6.8,0.8,2.8,0.2,0.3,march,2022-23,12.8,7.8,45.7,4.2,24.8,0.8,1.96,16.9,0.8,1.0,0.7,,,,,,,,,,,61.3,,41.17647058823529,25.2,6-8,218,80
1630245,Ayo Dosunmu,CHI,15,19.8,6.3,1.1,1.9,2.5,5.1,0.7,1.8,0.7,0.8,march,2022-23,13.7,13.6,57.1,6.2,26.5,1.4,3.27,11.1,0.1,0.0,0.5,2.2,33.6,20.8,,,31.6,,3.1,,,63.9,,35.294117647058826,19.8,6-5,200,77
1631098,Johnny Davis,WAS,10,18.1,6.2,2.7,0.7,2.6,6.7,0.6,2.8,0.4,1.0,march,2022-23,17.2,5.7,43.4,3.6,20.6,0.6,1.88,14.0,0.4,0.0,0.7,,,,,,,,,,,68.2,,41.7910447761194,18.1,6-4,195,76
1630593,McKinley Wright IV,DAL,5,15.5,6.2,2.8,2.8,2.4,5.0,0.6,1.6,0.8,1.0,march,2022-23,18.6,31.8,57.0,12.2,37.6,3.2,5.09,14.4,0.2,0.0,0.8,,,,,,,,,,,50.0,,32.0,15.5,5-11,192,71
1630237,Anthony Lamb,GSW,11,19.9,6.2,3.5,0.9,2.0,5.4,1.2,3.6,1.0,1.2,march,2022-23,13.6,6.1,52.5,6.2,32.1,1.0,1.79,17.3,0.4,0.2,1.1,,,,,,,,,,,57.1,,66.66666666666666,19.9,6-6,227,78
202687,Bismack Biyombo,PHX,11,16.2,6.2,5.3,1.0,2.8,4.9,0.0,0.0,0.5,1.5,march,2022-23,15.0,9.2,55.7,9.1,25.3,0.6,1.45,14.3,2.3,0.8,7.2,,,,,,,,,,,53.7,,0.0,16.2,6-8,255,80
202704,Reggie Jackson,DEN,7,19.9,6.1,1.4,2.4,2.4,7.1,0.9,3.9,0.4,0.6,march,2022-23,19.0,18.9,41.5,3.4,34.3,2.5,4.37,15.6,0.1,0.0,0.3,,,,,,,,,,,63.6,,54.929577464788736,19.9,6-2,208,74
1629003,Shake Milton,PHI,16,18.7,6.1,2.3,2.9,2.1,5.0,0.8,1.9,1.0,1.1,march,2022-23,14.2,19.7,55.2,7.3,30.7,2.1,4.2,13.4,0.1,0.0,0.7,,,,,,,,,,,61.3,,38.0,18.7,6-5,205,77
1631119,Jaylin Williams,OKC,17,22.1,6.0,5.4,1.6,2.0,5.2,1.0,2.9,1.0,1.4,march,2022-23,12.5,9.5,52.0,6.4,42.2,1.0,1.43,23.1,1.9,0.1,2.2,,14.8,,21.6,,40.7,,,,,71.6,,55.769230769230774,22.1,6-9,240,81
1629013,Landry Shamet,PHX,5,18.5,6.0,1.2,2.0,2.2,5.4,1.4,3.6,0.2,0.4,march,2022-23,14.3,13.3,53.8,5.2,27.4,0.9,2.04,14.0,0.2,0.0,0.2,,22.7,,,,51.6,10.2,,,,46.7,,66.66666666666666,18.5,6-4,190,76
201976,Patrick Beverley,CHI,15,28.1,5.9,5.3,3.5,2.2,5.5,1.2,3.7,0.3,0.5,march,2022-23,10.8,16.1,50.9,6.7,53.5,3.6,4.05,18.6,0.5,0.0,0.7,,,,,,,,,,,72.4,,67.27272727272727,28.1,6-2,180,74
1630205,Lamar Stevens,CLE,13,20.3,5.8,4.5,0.4,2.3,5.2,0.5,1.6,0.7,1.1,march,2022-23,12.9,2.5,51.9,6.6,22.7,0.7,1.8,10.6,0.5,0.3,2.3,,,,,,,,,,,55.6,,30.76923076923077,20.3,6-6,230,78
201937,Ricky Rubio,CLE,13,17.5,5.8,1.8,3.1,2.2,5.0,0.5,1.8,0.8,1.0,march,2022-23,16.2,25.0,53.0,8.5,37.5,3.4,5.4,13.1,0.1,0.0,0.2,,,,,,,,,,,62.2,,36.0,17.5,6-2,190,74
1628467,Maxi Kleber,DAL,11,26.6,5.5,4.5,2.0,1.5,4.4,1.1,3.5,1.4,1.9,march,2022-23,9.9,10.2,53.3,4.4,38.7,0.9,1.42,22.6,1.1,0.0,1.8,,,,,,,,,,,69.2,,79.54545454545455,26.6,6-10,240,82
1629638,Nickeil Alexander-Walker,MIN,14,16.7,5.5,2.1,1.6,1.9,5.4,1.0,3.3,0.8,1.2,march,2022-23,15.6,13.0,46.1,5.0,26.6,1.3,3.0,13.4,0.4,0.0,0.4,2.9,27.3,18.8,2.9,,22.7,7.1,2.9,9.1,1.3,67.7,,61.11111111111111,16.7,6-5,205,77
1630552,Jalen Johnson,ATL,8,15.2,5.4,4.9,1.9,2.3,4.8,0.4,1.4,0.5,0.8,march,2022-23,15.0,16.0,52.9,9.2,24.5,0.8,2.0,10.5,0.4,0.1,1.4,7.9,22.5,23.7,2.9,4.5,14.4,7.3,6.8,1.8,4.0,82.4,,29.166666666666668,15.2,6-8,219,80
1630573,Sam Hauser,BOS,16,15.6,5.4,2.3,1.0,1.8,4.2,1.6,3.8,0.1,0.1,march,2022-23,12.5,8.4,63.3,7.8,17.2,0.4,1.36,9.1,0.3,0.0,0.6,,20.5,4.3,8.2,,34.1,9.4,,14.2,3.7,52.5,,90.47619047619047,15.6,6-7,217,79
1630558,Davion Mitchell,SAC,16,18.1,5.3,1.4,2.6,2.2,4.4,0.6,2.3,0.3,0.4,march,2022-23,12.0,17.7,57.7,6.8,35.8,2.8,4.66,13.4,0.2,0.0,0.2,28.6,19.3,8.1,,,35.6,,,,,66.7,,52.27272727272726,18.1,6-0,202,72
1628470,Torrey Craig,PHX,15,22.0,5.1,4.1,1.1,1.9,5.1,1.1,3.3,0.3,0.4,march,2022-23,11.6,5.9,49.0,5.0,29.9,0.8,1.57,13.7,0.5,0.0,1.5,,,,,,,,,,,55.3,,64.70588235294117,22.0,6-7,221,79
203109,Jae Crowder,MIL,10,17.7,5.0,4.2,1.4,1.7,3.9,0.9,2.8,0.7,0.7,march,2022-23,10.1,10.1,59.4,9.0,24.3,0.6,1.4,12.3,0.1,0.1,1.1,,,,,,,,,,,53.5,,71.7948717948718,17.7,6-6,235,78
1631104,Blake Wesley,SAS,14,20.5,4.9,2.2,3.7,1.7,6.7,0.4,1.6,1.1,1.8,march,2022-23,18.7,25.5,32.9,2.6,42.2,3.3,4.71,16.1,0.1,0.0,0.9,,33.3,,,,22.2,,,,,63.2,,23.88059701492537,20.5,6-4,185,76
1631121,Bryce McGowens,CHA,15,17.8,4.7,2.1,1.1,1.5,4.2,0.6,2.1,1.2,1.7,march,2022-23,14.7,9.0,47.7,3.6,19.4,0.7,2.24,13.4,0.1,0.0,0.4,5.2,24.2,12.4,,,37.6,5.7,6.2,,,53.3,,50.0,17.8,6-6,175,78
1630539,Kai Jones,CHA,13,15.4,4.3,4.4,0.4,1.8,2.8,0.0,0.1,0.6,0.8,march,2022-23,11.7,4.1,69.3,8.8,18.8,0.5,1.75,8.6,0.4,0.1,3.2,,,,,,,,,,,50.0,,3.571428571428572,15.4,6-11,221,83
1629117,Wenyen Gabriel,LAL,15,15.6,4.2,5.3,0.7,1.6,3.2,0.1,0.2,0.9,1.5,march,2022-23,12.0,6.5,54.2,7.8,20.5,0.5,1.38,9.7,1.1,0.1,3.7,,,,,,,,,,,61.0,,6.25,15.6,6-9,205,81
1628392,Isaiah Hartenstein,NYK,15,20.8,4.1,6.6,2.3,1.8,3.1,0.0,0.2,0.5,1.0,march,2022-23,8.8,13.1,56.9,9.2,28.4,0.7,1.53,13.7,2.0,0.2,4.2,,7.4,,19.9,5.6,,,40.3,,10.2,49.3,,6.451612903225806,20.8,7-0,250,84
202083,Wesley Matthews,MIL,8,15.3,4.0,1.6,1.3,1.5,3.1,0.5,2.1,0.5,0.5,march,2022-23,9.4,9.5,59.8,5.0,14.3,0.3,1.39,9.0,0.3,0.0,1.3,,,,,,,,,,,90.9,,67.74193548387098,15.3,6-5,220,77
1629162,Jordan McLaughlin,MIN,13,16.7,3.8,1.0,3.9,1.5,3.8,0.8,2.2,0.2,0.3,march,2022-23,11.8,29.1,48.3,7.1,38.4,2.7,4.26,13.6,0.2,0.0,0.5,,,,,,,,,,,69.2,,57.89473684210527,16.7,6-0,185,72
1630227,Daishen Nix,HOU,10,16.5,3.4,2.2,1.6,1.4,4.6,0.4,2.2,0.2,0.4,march,2022-23,16.6,12.4,35.6,1.1,33.0,2.5,4.54,13.4,0.1,0.0,0.4,,,,,,,,,,,76.2,,47.82608695652175,16.5,6-4,226,76
1626204,Larry Nance Jr.,NOP,10,15.6,3.3,3.6,1.2,1.4,2.4,0.1,0.4,0.4,0.4,march,2022-23,7.6,9.4,64.1,9.0,20.5,0.6,1.79,11.8,2.1,0.2,2.3,,20.3,,,,36.7,,22.8,,,63.6,,16.666666666666668,15.6,6-8,245,80
1630288,Jeff Dowtin Jr.,TOR,5,15.3,3.2,1.2,1.8,1.2,2.6,0.4,1.0,0.4,0.6,march,2022-23,8.0,14.1,55.9,7.5,25.2,1.5,3.56,11.2,0.4,0.0,0.4,,,,,,,,,,,83.3,,38.46153846153846,15.3,6-3,177,75
200782,P.J. Tucker,PHI,14,23.5,2.7,3.5,0.8,1.1,3.1,0.6,2.3,0.0,0.1,march,2022-23,6.6,4.3,43.7,2.6,19.7,0.4,1.27,10.4,0.3,0.0,1.6,,,,,,,,,,,57.1,,74.19354838709677,23.5,6-5,245,77
1629723,John Konchar,MEM,15,16.6,2.7,2.7,1.2,0.9,2.6,0.5,1.7,0.3,0.5,march,2022-23,8.5,9.0,47.0,4.9,26.1,0.8,1.8,13.1,0.1,0.0,0.7,,34.2,,,,42.5,,,,,61.2,,65.38461538461539,16.6,6-5,210,77
1627853,Ryan Arcidiacono,NYK,6,17.1,2.3,0.8,2.5,0.8,3.8,0.7,2.3,0.0,0.0,march,2022-23,10.8,21.7,30.4,1.1,39.3,3.4,5.18,13.5,0.2,0.0,0.2,,,,,,,,,,,60.0,,60.526315789473685,17.1,6-3,195,75
1627742,Brandon Ingram,NOP,5,40.8,28.4,7.2,8.2,9.8,19.8,0.6,2.4,8.2,9.2,april,2022-23,29.7,32.8,59.5,15.2,74.6,5.3,4.27,42.4,2.6,0.8,2.4,13.8,16.6,16.2,,7.7,18.3,5.8,4.3,12.1,2.4,68.0,,12.12121212121212,40.8,6-8,190,80
2544,LeBron James,LAL,5,33.1,28.0,7.0,7.2,10.8,21.8,3.8,8.8,2.6,3.2,april,2022-23,33.1,33.0,60.3,16.7,76.2,6.0,4.7,32.8,2.0,2.0,2.0,12.8,24.5,12.5,3.1,12.1,12.6,,5.7,7.5,1.9,68.8,,40.36697247706422,33.1,6-9,250,81
1630530,Trey Murphy III,NOP,5,40.0,23.4,3.0,1.8,7.0,13.8,3.2,8.0,6.2,7.2,april,2022-23,18.3,6.2,69.0,10.9,45.4,1.4,1.85,27.2,0.2,0.0,2.0,6.6,20.1,16.5,2.1,,23.4,9.4,8.3,7.1,3.2,56.7,,57.971014492753625,40.0,6-8,206,80
1631093,Jaden Ivey,DET,5,37.8,22.4,4.0,7.0,8.0,18.2,2.6,6.8,3.8,4.4,april,2022-23,28.4,35.0,55.6,9.5,77.8,6.1,4.7,36.8,0.8,0.2,1.6,5.6,26.4,11.6,,,34.3,5.6,,,,80.0,,37.362637362637365,37.8,6-4,195,76
203076,Anthony Davis,LAL,5,34.6,21.6,13.6,3.4,8.0,15.4,0.0,0.4,5.6,7.4,april,2022-23,24.3,13.6,57.9,16.6,67.0,2.6,2.28,37.0,5.0,7.4,9.0,11.5,10.3,5.8,19.3,12.5,9.8,,8.8,,14.5,59.4,,2.5974025974025974,34.6,6-10,253,82
203468,CJ McCollum,NOP,5,39.0,21.6,5.2,3.8,8.2,18.4,2.2,6.4,3.0,4.8,april,2022-23,23.9,14.8,52.7,9.6,83.4,6.3,4.5,32.8,0.4,0.2,0.6,8.8,18.2,31.4,,,17.8,9.7,,6.3,,66.7,,34.78260869565218,39.0,6-3,190,75
1628969,Mikal Bridges,BKN,5,30.7,20.4,4.0,2.4,7.0,19.8,1.0,7.2,5.4,6.6,april,2022-23,34.5,13.5,44.9,9.8,50.8,2.5,2.92,33.0,0.2,0.2,0.6,2.3,25.3,9.1,3.4,2.3,36.2,6.3,5.0,4.8,2.7,61.5,,36.36363636363637,30.7,6-6,209,78
1630559,Austin Reaves,LAL,5,34.0,20.0,2.4,5.4,6.0,9.8,2.4,4.6,5.6,6.2,april,2022-23,16.6,19.6,79.8,12.3,52.6,3.4,3.84,23.6,0.2,0.0,0.6,13.5,15.8,35.6,,,14.0,5.6,,5.6,,60.5,,46.938775510204074,34.0,6-5,197,77
1630577,Julian Champagnie,SAS,5,29.2,20.0,6.2,1.2,6.8,14.2,3.8,8.4,2.6,3.2,april,2022-23,22.0,5.4,64.1,11.6,45.0,1.2,1.56,28.0,1.3,0.3,2.7,,23.0,,5.3,,43.3,6.5,3.1,9.3,4.3,68.8,,59.1549295774648,29.2,6-7,217,79
1628995,Kevin Knox II,POR,5,29.3,18.4,4.8,1.2,6.6,14.2,2.6,6.6,2.6,3.8,april,2022-23,23.7,5.9,58.0,8.9,56.8,1.8,1.95,28.0,0.8,0.0,1.3,,,,,,,,,,,63.6,,46.478873239436616,29.3,6-7,215,79
1630557,Corey Kispert,WAS,5,28.5,18.0,3.0,0.8,6.4,13.2,2.8,7.8,2.4,2.8,april,2022-23,21.6,4.2,62.4,9.6,40.8,1.1,1.68,26.6,0.4,0.0,1.0,,19.0,9.5,,,34.1,11.9,,8.7,,60.9,,59.09090909090909,28.5,6-6,224,78
1628966,Keita Bates-Diop,SAS,5,26.7,18.0,4.8,3.2,6.2,11.6,1.8,3.8,3.8,4.6,april,2022-23,21.5,16.0,66.1,13.5,36.0,1.5,2.44,23.3,1.3,1.7,1.3,,,,,,,,,,,60.0,,32.758620689655174,26.7,6-8,229,80
1627739,Kris Dunn,UTA,5,33.3,18.0,6.0,7.4,7.0,11.2,1.0,1.4,3.0,3.4,april,2022-23,18.4,28.9,70.9,15.4,82.6,6.2,4.49,26.8,0.8,0.0,0.8,3.9,19.3,9.6,5.5,,38.6,,9.6,,3.2,75.0,,12.5,33.3,6-3,205,75
1630534,Ochai Agbaji,UTA,5,31.9,18.0,2.2,3.0,6.6,16.8,1.8,7.4,3.0,3.2,april,2022-23,25.4,13.4,49.4,6.8,51.4,2.6,3.04,31.2,1.6,0.2,1.0,,33.5,,,,29.2,,13.5,,10.3,59.1,,44.047619047619044,31.9,6-5,215,77
1630200,Tre Jones,SAS,5,29.6,17.8,6.0,10.0,6.8,11.4,1.0,2.2,3.2,3.6,april,2022-23,19.6,41.3,68.5,16.2,68.3,6.5,5.67,20.0,1.3,0.0,0.3,4.8,22.7,32.0,,,22.7,4.5,3.0,,,76.2,,19.29824561403509,29.6,6-1,185,73
1631098,Johnny Davis,WAS,5,36.0,17.0,6.0,3.8,6.8,17.2,2.0,7.6,1.4,2.8,april,2022-23,22.7,15.2,46.1,7.4,54.0,2.1,2.34,32.2,0.2,0.0,0.6,,,,,,,,,,,66.7,,44.18604651162791,36.0,6-4,195,76
1630165,Killian Hayes,DET,5,38.1,17.0,3.8,6.8,5.6,13.0,1.2,4.6,4.6,4.8,april,2022-23,20.5,28.3,56.2,9.6,82.0,7.4,5.44,35.4,0.0,0.2,1.0,,,,,,,,,,,66.7,,35.38461538461538,38.1,6-5,195,77
202696,Nikola Vučević,CHI,5,29.1,16.2,9.6,2.6,6.8,13.2,0.6,2.6,2.0,2.2,april,2022-23,23.4,13.3,57.2,14.8,59.6,1.5,1.52,39.0,4.4,3.6,5.6,,12.5,,28.8,16.1,15.2,,10.0,3.6,7.6,56.8,,19.6969696969697,29.1,6-10,260,82
1630219,Skylar Mays,POR,5,31.7,15.6,3.4,8.8,5.8,12.0,1.8,4.0,2.2,2.4,april,2022-23,19.0,37.3,59.7,11.4,81.8,6.8,5.01,27.3,0.3,0.0,0.0,,,,,,,,,,,69.2,,33.33333333333333,31.7,6-4,205,76
203084,Harrison Barnes,SAC,5,29.1,15.4,2.4,0.8,5.4,10.2,1.6,3.6,3.0,3.6,april,2022-23,17.4,3.7,65.3,9.1,37.4,1.3,2.02,24.2,0.6,1.0,2.6,8.0,18.8,3.3,5.0,2.5,43.8,4.8,,4.8,,52.6,,35.294117647058826,29.1,6-8,225,80
1630529,Herbert Jones,NOP,5,35.4,15.4,4.4,3.2,5.2,9.0,1.6,2.6,3.4,3.6,april,2022-23,14.7,12.6,72.8,10.1,50.6,2.1,2.46,29.8,0.6,0.0,2.6,,22.4,10.8,,,37.7,6.3,5.4,,,72.4,,28.888888888888893,35.4,6-7,206,79
1631103,Malaki Branham,SAS,5,26.6,15.0,3.0,1.6,6.0,13.2,1.2,5.2,1.8,1.8,april,2022-23,22.4,7.8,53.6,7.3,35.3,1.4,2.34,25.7,0.3,0.0,1.0,,,,,,,,,,,76.9,,39.3939393939394,26.6,6-4,180,76
1631099,Keegan Murray,SAC,5,31.9,14.6,5.6,1.8,5.6,11.0,2.8,6.4,0.6,0.6,april,2022-23,15.0,7.8,64.8,9.5,42.2,1.2,1.68,29.4,0.8,0.2,3.0,4.2,18.5,10.8,5.4,,30.8,,4.2,14.2,4.2,52.9,,58.18181818181819,31.9,6-8,225,80
1629632,Coby White,CHI,5,26.9,13.8,4.6,4.0,5.8,10.8,1.4,4.2,0.8,0.8,april,2022-23,21.1,19.6,61.9,12.3,46.8,3.4,4.39,19.0,0.4,0.0,0.0,7.7,29.3,29.6,,,20.9,3.1,,2.6,,38.5,,38.88888888888889,26.9,6-5,195,77
1629134,Kendrick Nunn,WAS,5,20.0,13.8,3.4,3.2,5.0,11.0,2.4,5.0,1.4,1.6,april,2022-23,27.5,24.6,59.0,11.7,41.2,3.3,4.79,18.2,0.2,0.0,0.4,,,,,,,,,,,60.9,,45.45454545454545,20.0,6-3,190,75
1630173,Precious Achiuwa,TOR,5,19.8,13.2,7.2,0.4,5.4,9.4,1.2,3.0,1.2,1.2,april,2022-23,23.7,3.3,66.5,17.7,35.0,1.2,2.01,18.6,2.6,0.6,4.4,,22.2,,13.5,,24.7,,12.0,,17.1,61.5,,31.914893617021274,19.8,6-8,225,80
1630180,Saddiq Bey,ATL,5,28.0,13.0,4.6,2.2,5.6,10.8,1.8,5.4,0.0,0.0,april,2022-23,16.4,10.0,60.2,10.1,27.0,1.0,2.19,18.0,0.2,1.4,2.0,6.5,19.0,7.8,2.2,13.8,28.5,6.0,4.9,1.9,6.7,78.6,,50.0,28.0,6-7,215,79
1629060,Rui Hachimura,LAL,5,22.7,12.8,6.2,1.2,5.6,10.4,0.4,2.6,1.2,2.0,april,2022-23,20.9,7.1,56.7,11.6,29.6,1.1,2.22,16.2,2.4,1.4,3.6,3.7,19.3,,3.1,9.5,40.5,,7.1,4.9,,57.1,,25.0,22.7,6-8,230,80
1630591,Jalen Suggs,ORL,5,21.5,12.6,4.0,1.8,4.2,9.0,2.4,5.2,1.8,2.0,april,2022-23,21.8,14.1,63.8,12.4,36.8,2.2,3.62,16.4,0.4,0.4,0.6,6.6,24.5,25.2,,,20.4,7.3,,,4.0,66.7,,57.777777777777786,21.5,6-5,205,77
1630692,Jordan Goodwin,WAS,5,26.3,12.6,5.4,6.0,5.2,12.0,1.2,4.2,1.0,1.2,april,2022-23,22.1,31.6,50.3,11.6,70.4,5.3,4.55,26.0,0.2,0.0,2.0,,16.2,12.8,3.4,,42.7,,,,12.0,60.0,,35.0,26.3,6-3,200,75
1630572,Sandro Mamukelashvili,SAS,5,24.6,12.4,7.4,2.4,4.6,9.8,1.4,3.4,1.8,2.8,april,2022-23,20.5,12.1,56.2,10.3,48.0,1.8,2.21,26.7,1.7,2.3,3.7,,22.1,,16.1,,30.7,,13.3,,8.0,63.0,,34.6938775510204,24.6,6-10,240,82
1631105,Jalen Duren,DET,5,30.1,11.8,11.4,0.6,5.2,7.2,0.0,0.0,1.4,1.8,april,2022-23,15.9,3.2,73.8,12.3,44.6,1.3,1.7,20.2,2.6,2.0,8.6,8.9,12.2,3.2,14.9,8.7,6.8,,20.0,,16.4,60.7,,0.0,30.1,6-11,250,83
202685,Jonas Valančiūnas,NOP,5,24.3,11.8,11.2,1.4,4.8,10.2,0.4,0.8,1.8,2.0,april,2022-23,22.1,8.3,53.2,12.4,52.2,1.9,2.13,29.6,1.6,5.0,5.2,,,,22.1,29.7,4.2,,13.7,,16.0,64.3,,7.843137254901962,24.3,6-11,265,83
1630552,Jalen Johnson,ATL,5,20.5,11.6,4.8,3.2,5.0,8.8,0.8,2.4,0.8,2.0,april,2022-23,22.1,22.5,59.9,13.3,39.8,1.5,2.19,19.2,1.2,0.4,1.6,7.9,22.5,23.7,2.9,4.5,14.4,7.3,6.8,1.8,4.0,59.1,,27.27272727272727,20.5,6-8,219,80
1630172,Patrick Williams,CHI,5,28.0,11.6,4.2,1.2,4.6,10.0,1.8,4.2,0.6,1.0,april,2022-23,18.2,6.1,55.6,8.3,37.4,1.4,2.2,18.0,0.4,0.4,1.4,3.6,22.1,9.3,5.0,3.6,41.4,3.6,,,5.0,54.2,,42.00000000000001,28.0,6-7,215,79
1627736,Malik Beasley,LAL,5,22.0,11.4,2.4,1.2,4.0,9.0,2.2,6.6,1.2,1.8,april,2022-23,17.9,7.2,58.2,7.5,25.4,0.8,1.93,16.0,0.4,0.0,0.8,,,,,,,,,,,81.8,,73.33333333333333,22.0,6-4,187,76
203109,Jae Crowder,MIL,5,21.2,11.2,3.8,1.8,4.4,9.0,2.2,4.2,0.2,0.2,april,2022-23,17.9,11.3,61.6,10.6,33.0,0.8,1.52,20.0,1.2,0.2,1.0,,,,,,,,,,,58.3,,46.666666666666664,21.2,6-6,235,78
1630164,James Wiseman,DET,5,22.7,11.2,6.8,0.8,4.0,8.6,0.0,0.2,3.2,4.2,april,2022-23,22.4,6.5,53.6,9.4,33.6,0.9,1.64,16.0,3.0,3.6,6.8,,,,,,,,,,,66.7,,2.3255813953488373,22.7,7-0,240,84
1629677,Luka Samanic,UTA,5,24.7,11.2,3.8,2.2,4.4,9.0,1.4,5.0,1.0,1.8,april,2022-23,18.9,11.7,57.2,8.3,35.2,0.9,1.52,21.0,1.0,0.8,2.6,,,,,,,,,,,66.7,,55.55555555555556,24.7,6-10,227,82
1628470,Torrey Craig,PHX,5,18.7,11.0,4.4,1.4,4.8,7.0,1.2,2.6,0.2,0.4,april,2022-23,16.3,11.1,76.6,15.6,29.4,0.9,1.81,15.6,0.8,0.0,2.6,,,,,,,,,,,40.0,,37.142857142857146,18.7,6-7,221,79
1631323,Simone Fontecchio,UTA,5,22.8,10.8,3.8,1.2,4.2,10.8,2.0,6.2,0.4,0.8,april,2022-23,22.3,7.7,48.4,5.6,34.0,1.0,1.76,21.0,0.6,0.0,1.0,,26.5,,,,43.5,,4.3,10.5,5.2,81.8,,57.407407407407405,22.8,6-7,209,79
1631466,Nate Williams,POR,5,25.3,10.6,3.0,2.0,4.8,7.8,0.6,1.6,0.4,0.6,april,2022-23,13.9,10.0,65.7,6.7,18.8,0.7,2.21,13.0,0.5,0.0,2.3,,,,,,,,,,,66.7,,20.512820512820515,25.3,6-5,205,77
202704,Reggie Jackson,DEN,5,19.7,10.6,2.4,3.2,4.2,8.8,1.4,4.4,0.8,0.8,april,2022-23,21.6,22.9,57.9,11.3,39.8,2.4,3.67,20.0,0.6,0.0,0.4,,,,,,,,,,,70.0,,50.0,19.7,6-2,208,74
1629622,Max Strus,MIA,5,24.1,10.4,2.4,2.2,3.6,8.4,3.0,6.6,0.2,0.4,april,2022-23,17.5,12.2,60.6,6.1,34.2,1.0,1.76,21.8,0.2,0.0,0.4,,,,,,,,,,,88.2,,78.57142857142856,24.1,6-5,215,77
1630168,Onyeka Okongwu,ATL,5,22.3,10.2,6.8,1.2,4.2,7.8,0.4,1.0,1.4,1.6,april,2022-23,17.6,7.1,60.0,10.0,28.6,0.6,1.33,16.0,2.4,0.0,6.4,1.6,15.5,2.1,11.6,6.9,28.0,3.2,11.2,3.4,7.5,58.3,,12.820512820512823,22.3,6-9,240,81
1629667,Jalen McDaniels,PHI,5,23.2,10.0,3.8,1.4,3.8,8.2,1.2,2.4,1.2,1.2,april,2022-23,16.5,7.9,57.3,9.7,33.8,1.2,2.11,17.0,0.8,0.0,3.0,,,,,,,,,,,60.0,,29.268292682926834,23.2,6-9,205,81
1631128,Christian Braun,DEN,5,24.2,9.8,4.2,1.2,4.0,8.8,0.4,2.6,1.4,1.8,april,2022-23,19.3,7.1,51.1,8.3,36.6,1.5,2.53,20.6,1.0,0.0,3.6,,33.3,,7.1,,20.6,7.8,11.3,,7.1,57.1,,29.54545454545454,24.2,6-6,220,78
202709,Cory Joseph,DET,5,29.6,9.8,2.4,4.8,3.4,8.4,2.6,6.2,0.4,0.8,april,2022-23,13.5,27.0,56.0,8.3,55.8,3.5,3.82,30.8,0.8,0.0,1.2,,,,,,,,,,,75.0,,73.80952380952381,29.6,6-3,200,75
1631245,Quenton Jackson,WAS,5,24.6,9.8,1.4,2.8,3.2,7.2,0.0,1.8,3.4,4.4,april,2022-23,16.0,15.7,53.6,6.6,43.6,2.7,3.67,21.8,0.2,0.0,1.6,,22.5,22.5,,,29.0,,,,,68.0,,25.0,24.6,6-5,173,77
1629048,Goga Bitadze,ORL,5,20.1,9.2,7.8,1.4,4.0,6.6,0.0,0.8,1.2,1.6,april,2022-23,17.9,11.5,63.0,14.1,31.2,1.0,1.97,19.2,1.8,1.0,6.0,,10.8,,15.0,,,,26.9,,27.5,57.1,,12.121212121212123,20.1,6-11,250,83
1630567,Scottie Barnes,TOR,5,31.2,9.2,3.6,3.8,4.0,10.2,0.4,2.6,0.8,1.4,april,2022-23,18.3,15.6,42.5,5.3,48.6,2.4,2.92,26.0,0.6,1.8,2.0,7.9,21.7,13.1,5.7,10.7,19.7,2.2,9.3,1.5,5.0,60.9,,25.490196078431378,31.2,6-8,225,80
1628449,Chris Boucher,TOR,5,17.8,9.0,3.8,0.2,3.2,6.6,0.8,2.2,1.8,2.0,april,2022-23,18.5,1.4,60.2,9.5,19.6,0.6,1.96,10.0,0.2,0.0,1.8,,,,,,,,,,,52.9,,33.333333333333336,17.8,6-9,200,81
1627863,Danuel House Jr.,PHI,5,18.0,9.0,2.2,1.4,3.0,6.8,0.6,2.6,2.4,2.6,april,2022-23,19.5,8.9,56.6,7.5,27.2,1.2,2.54,13.6,0.0,0.0,0.8,,,,,,,,,,,66.7,,38.235294117647065,18.0,6-6,220,78
1631133,Jabari Walker,POR,5,21.7,9.0,4.8,1.4,3.6,9.2,0.8,3.0,1.0,1.6,april,2022-23,21.3,9.6,45.4,4.4,32.3,0.9,1.66,18.3,2.5,0.5,4.3,,16.0,,,,34.6,,15.4,,24.4,50.0,,32.608695652173914,21.7,6-7,200,79
1627751,Jakob Poeltl,TOR,5,21.4,9.0,7.2,1.8,4.4,7.6,0.0,0.0,0.2,0.8,april,2022-23,17.5,11.0,56.6,10.9,37.6,0.8,1.35,21.8,5.4,0.8,8.2,,13.0,,16.7,,,,40.7,,14.8,66.7,,0.0,21.4,7-1,245,85
1631223,David Roddy,MEM,5,27.1,8.8,3.2,2.4,3.6,8.4,1.6,4.2,0.0,0.0,april,2022-23,15.0,11.4,52.4,5.4,33.4,1.1,1.93,21.2,0.4,0.0,1.2,,,,,,,,,,,36.8,,50.0,27.1,6-4,255,76
1631230,Dominick Barlow,SAS,5,25.5,8.8,8.2,2.4,3.6,6.2,0.0,0.0,1.6,2.0,april,2022-23,11.1,10.9,62.1,10.1,38.0,1.0,1.5,17.7,3.7,1.0,8.3,,20.0,,4.5,,32.7,,19.5,,15.9,68.3,,0.0,25.5,6-9,215,81
1629216,Gabe Vincent,MIA,5,22.5,8.8,2.4,3.0,3.4,8.2,1.8,5.0,0.2,0.4,april,2022-23,17.1,17.4,52.5,7.5,37.0,2.4,3.92,14.2,0.2,0.0,0.6,,14.9,14.9,,,38.6,,,13.2,,100.0,,60.97560975609757,22.5,6-2,200,74
1630702,Jaden Hardy,DAL,5,15.7,8.6,2.4,1.6,3.6,7.8,1.0,3.4,0.4,0.8,april,2022-23,23.7,15.1,52.7,7.3,25.2,1.6,3.91,11.6,0.8,0.0,0.4,,19.7,16.3,,,40.9,6.3,,,,50.0,,43.58974358974359,15.7,6-3,198,75
1630181,R.J. Hampton,DET,5,21.3,8.6,3.2,0.8,3.4,7.0,1.0,3.2,0.8,1.2,april,2022-23,16.6,5.9,57.1,6.6,24.8,1.1,2.56,15.2,0.2,0.0,0.6,,,,,,,,,,,78.6,,45.714285714285715,21.3,6-4,175,76
1631212,Peyton Watson,DEN,5,21.5,8.0,4.0,1.6,2.8,6.0,0.2,1.2,2.2,3.6,april,2022-23,16.7,10.3,52.7,8.0,26.2,1.1,2.56,11.6,0.2,0.0,1.4,6.7,19.0,13.2,3.1,,24.9,5.2,16.2,2.3,3.2,58.3,,20.0,21.5,6-7,200,79
1629006,Josh Okogie,PHX,5,25.7,7.8,4.6,2.4,1.8,6.2,0.8,3.0,3.4,4.8,april,2022-23,15.0,11.1,46.9,6.1,33.8,1.3,2.24,16.6,0.6,0.0,2.0,,24.9,,,,41.5,,11.1,,9.7,68.0,,48.387096774193544,25.7,6-4,213,76
1630194,Paul Reed,PHI,5,17.0,7.8,6.4,0.6,3.6,6.0,0.2,0.4,0.4,0.6,april,2022-23,16.8,4.6,62.3,14.1,20.2,0.6,1.83,11.2,1.2,0.4,5.8,,9.8,,16.0,,13.5,,26.4,,17.2,56.3,,6.666666666666667,17.0,6-9,210,81
1631219,John Butler Jr.,POR,5,24.6,7.4,2.0,1.4,2.8,7.0,1.4,4.4,0.4,0.6,april,2022-23,12.1,7.3,50.9,4.3,19.3,0.5,1.45,13.3,0.8,0.0,1.3,,,,,,,,,,,56.0,,62.85714285714287,24.6,7-0,190,84
1628962,Udoka Azubuike,UTA,5,23.4,6.8,6.6,0.4,3.2,3.8,0.0,0.0,0.4,0.8,april,2022-23,8.0,2.3,81.9,9.3,16.4,0.4,1.53,10.6,0.4,0.4,6.2,,,,,,,,,,,62.5,,0.0,23.4,6-11,270,83
1641645,Xavier Cooks,WAS,5,21.5,6.8,6.4,1.0,3.0,5.2,0.0,0.2,0.8,2.0,april,2022-23,13.1,6.0,55.9,7.7,32.6,1.0,1.81,15.4,1.8,0.2,5.6,,,,,,,,,,,58.3,,3.8461538461538463,21.5,6-8,183,80
1630245,Ayo Dosunmu,CHI,5,22.9,6.6,2.8,2.0,3.0,6.6,0.2,2.0,0.4,0.6,april,2022-23,14.8,11.2,48.1,7.0,29.0,1.5,3.15,14.0,0.0,0.0,0.2,2.2,33.6,20.8,,,31.6,,3.1,,,55.0,,30.303030303030305,22.9,6-5,200,77
1628997,Caleb Martin,MIA,5,25.7,6.6,3.4,2.4,2.8,5.8,0.2,1.6,0.8,0.8,april,2022-23,11.9,11.9,53.6,7.4,40.4,1.9,2.82,20.2,0.6,0.0,2.4,,32.5,7.9,,,35.7,,,,,81.0,,27.586206896551722,25.7,6-5,205,77
203082,Terrence Ross,PHX,5,19.7,6.2,3.6,2.8,2.6,7.0,0.6,3.2,0.4,0.4,april,2022-23,15.7,18.4,43.2,7.8,20.4,0.7,1.92,14.6,0.2,0.0,0.4,,,,,,,,,,,64.7,,45.714285714285715,19.7,6-7,206,79
1631104,Blake Wesley,SAS,5,24.9,6.0,3.8,3.6,2.6,7.6,0.8,1.4,0.0,0.4,april,2022-23,16.3,19.1,38.6,4.2,51.0,4.5,5.28,16.7,0.0,0.3,1.0,,33.3,,,,22.2,,,,,46.2,,18.421052631578945,24.9,6-4,185,76
1628972,Troy Brown Jr.,LAL,5,22.3,6.0,3.8,1.8,2.2,4.6,1.4,2.4,0.2,0.4,april,2022-23,9.4,9.5,62.8,8.4,23.0,0.8,2.2,11.0,0.4,0.2,0.8,,,,,,,,,,,59.3,,52.17391304347826,22.3,6-7,215,79
1629020,Jarred Vanderbilt,LAL,5,18.9,5.6,4.0,0.8,2.2,4.0,0.4,1.2,0.8,1.2,april,2022-23,11.1,5.1,61.8,6.6,18.4,0.5,1.67,8.6,0.4,0.0,4.6,,18.0,,,,32.3,,16.9,,14.3,58.8,,30.0,18.9,6-8,214,80
1630699,MarJon Beauchamp,MIL,5,17.7,5.6,2.8,1.6,1.8,5.2,1.2,3.2,0.8,0.8,april,2022-23,15.1,11.9,50.4,4.8,21.6,1.0,2.9,14.2,0.2,0.0,0.6,,,,,,,,,,,80.0,,61.53846153846154,17.7,6-7,199,79
1626168,Trey Lyles,SAC,5,17.0,5.6,4.2,0.6,2.2,6.0,1.2,4.0,0.0,0.0,april,2022-23,15.3,4.5,46.7,6.3,25.2,0.7,1.71,14.6,0.0,0.2,1.6,,,,,,,,,,,45.5,,66.66666666666666,17.0,6-9,234,81
1630264,Anthony Gill,WAS,5,17.0,5.4,2.8,1.0,2.0,4.4,0.2,1.2,1.2,2.4,april,2022-23,13.4,6.8,49.5,4.4,22.4,0.7,1.91,13.2,0.8,0.2,1.6,,,,,,,,,,,58.3,,27.27272727272727,17.0,6-8,230,80
1629723,John Konchar,MEM,5,20.5,5.0,5.8,2.2,2.4,4.4,0.2,1.4,0.0,0.2,april,2022-23,9.1,13.1,55.7,11.2,35.4,1.1,1.78,14.6,0.8,0.0,2.6,,34.2,,,,42.5,,,,,68.4,,31.818181818181813,20.5,6-5,210,77
1631197,Jared Rhoden,DET,5,21.6,4.6,3.6,0.2,1.8,4.8,0.6,2.0,0.4,0.4,april,2022-23,10.6,1.3,46.2,3.1,27.8,0.8,1.79,16.6,0.4,0.2,0.8,,,,,,,,,,,60.0,,41.66666666666667,21.6,6-6,210,78
1629308,Juan Toscano-Anderson,UTA,5,21.4,4.6,4.2,3.6,1.8,6.6,0.2,2.4,0.8,1.0,april,2022-23,15.8,20.2,32.7,3.9,35.0,1.4,2.46,19.0,0.2,0.4,2.6,,,,,,,,,,,88.9,,36.36363636363637,21.4,6-6,209,78
1626204,Larry Nance Jr.,NOP,5,22.3,4.6,4.6,2.4,2.0,3.6,0.0,0.0,0.6,0.8,april,2022-23,9.1,15.2,58.2,7.9,35.0,1.2,2.03,24.2,3.8,0.0,5.0,,20.3,,,,36.7,,22.8,,,68.4,,0.0,22.3,6-8,245,80
202083,Wesley Matthews,MIL,5,18.0,4.2,2.6,0.8,1.4,3.4,0.8,2.4,0.6,0.8,april,2022-23,9.1,5.9,56.0,5.5,15.4,0.4,1.64,9.4,0.4,0.4,0.4,,,,,,,,,,,69.2,,70.58823529411765,18.0,6-5,220,77
1626196,Josh Richardson,NOP,5,20.1,3.8,2.2,0.8,1.4,4.2,1.0,2.8,0.0,0.0,april,2022-23,10.5,6.5,45.2,2.5,26.8,1.2,2.75,13.4,0.0,0.0,0.4,,,,,,,,,,,60.0,,66.66666666666666,20.1,6-6,200,78
1630556,Kessler Edwards,SAC,5,15.1,2.4,3.2,1.0,0.8,3.2,0.4,2.0,0.4,0.6,april,2022-23,9.4,8.5,34.6,3.7,21.0,0.6,1.71,14.4,0.2,0.0,1.0,,,,,,,,,,,68.8,,62.5,15.1,6-7,203,79
