PLAYER_ID,PLAYER,TEAM,Season,Month,Archetype,Category,USG_Pct,AST_Pct,ThreePt_Rate,Height_Inches,GP,MPG,PTS
1629630,Ja Morant,MEM,2021-22,october,Primary Initiator,Primary,31.8,39.3,29.7029702970297,75,6,35.4,28.7
201939,Stephen Curry,GSW,2021-22,october,Primary Initiator,Primary,32.2,29.5,62.441314553990615,74,6,34.9,28.7
201142,Kevin Durant,BKN,2021-22,october,Versatile Big,Big,30.5,29.8,22.651933701657452,82,7,34.3,27.7
202331,Paul George,LAC,2021-22,october,Role Player,Role,33.2,20.7,44.44444444444444,80,5,33.1,27.6
203507,Giannis Antetokounmpo,MIL,2021-22,october,Versatile Big,Big,33.3,32.3,23.655913978494624,83,7,32.0,27.3
1628369,Jayson Tatum,BOS,2021-22,october,Role Player,Role,32.5,18.3,36.8,80,6,39.1,26.7
1627759,Jaylen Brown,BOS,2021-22,october,Secondary Ball Handler,Secondary,27.8,10.3,35.92233009708738,78,5,39.4,26.4
203897,Zach LaVine,CHI,2021-22,october,Role Player,Role,29.2,24.1,35.02824858757062,77,6,34.1,25.5
202710,Jimmy Butler III,MIA,2021-22,october,Role Player,Role,27.5,26.6,7.647058823529412,79,6,34.3,25.3
1626157,Karl-Anthony Towns,MIN,2021-22,october,Versatile Big,Big,27.7,20.2,36.14457831325301,83,5,33.9,25.2
1627742,Brandon Ingram,NOP,2021-22,october,Role Player,Role,29.3,23.2,24.774774774774773,80,6,37.0,25.0
203076,Anthony Davis,LAL,2021-22,october,Anchor Big,Big,27.7,11.7,11.76470588235294,82,7,36.2,24.7
1628970,Miles Bridges,CHA,2021-22,october,Role Player,Role,24.6,11.4,43.502824858757066,79,7,35.4,24.6
203078,Bradley Beal,WAS,2021-22,october,Primary Initiator,Primary,34.0,23.8,29.838709677419356,76,5,37.0,24.4
203468,CJ McCollum,NOP,2021-22,october,Secondary Ball Handler,Secondary,29.9,17.1,49.26108374384236,75,6,33.3,24.3
203999,Nikola Jokić,DEN,2021-22,october,Versatile Big,Big,30.0,30.0,26.543209876543212,83,6,30.0,24.0
2544,LeBron James,LAL,2021-22,october,Primary Initiator,Primary,28.8,27.4,44.554455445544555,81,5,37.2,23.8
201942,DeMar DeRozan,CHI,2021-22,october,Role Player,Role,29.1,22.4,11.578947368421051,78,6,34.8,23.7
1627763,Malcolm Brogdon,IND,2021-22,october,Role Player,Role,27.6,31.3,29.47368421052631,77,5,37.0,23.4
203084,Harrison Barnes,SAC,2021-22,october,3&D Wing,Wing,21.8,11.1,46.202531645569614,80,6,37.3,23.3
1630162,Anthony Edwards,MIN,2021-22,october,Secondary Ball Handler,Secondary,29.7,15.6,43.11926605504588,76,5,35.2,23.0
1628378,Donovan Mitchell,UTA,2021-22,october,Primary Initiator,Primary,33.3,24.1,48.98989898989898,73,6,31.9,23.0
1626164,Devin Booker,PHX,2021-22,october,Secondary Ball Handler,Secondary,30.9,29.3,27.72277227722772,77,5,32.7,22.6
1629029,Luka Dončić,DAL,2021-22,october,Primary Initiator,Primary,33.9,45.0,33.81642512077295,79,6,34.1,22.5
1629027,Trae Young,ATL,2021-22,october,Primary Initiator,Primary,29.9,43.8,26.262626262626267,73,6,33.8,22.3
1628983,Shai Gilgeous-Alexander,OKC,2021-22,october,Secondary Ball Handler,Secondary,27.6,22.3,40.46242774566473,78,6,33.3,22.0
1629639,Tyler Herro,MIA,2021-22,october,Role Player,Role,28.8,23.7,40.44943820224719,77,6,31.0,22.0
203954,Joel Embiid,PHI,2021-22,october,Versatile Big,Big,31.4,20.4,26.573426573426573,84,6,30.0,21.0
1627734,Domantas Sabonis,SAC,2021-22,october,Rim Runner,Big,21.4,17.3,26.42857142857143,83,7,38.6,20.9
203944,Julius Randle,NYK,2021-22,october,Role Player,Role,26.8,25.7,31.428571428571427,80,6,37.3,20.8
1628389,Bam Adebayo,MIA,2021-22,october,Role Player,Role,26.0,8.9,0.0,81,5,31.5,20.6
203114,Khris Middleton,MIL,2021-22,october,Secondary Ball Handler,Secondary,28.1,23.1,34.11764705882353,79,6,31.5,20.0
202699,Tobias Harris,PHI,2021-22,october,Role Player,Role,24.5,22.1,26.751592356687897,79,6,33.1,19.8
203915,Spencer Dinwiddie,DAL,2021-22,october,Role Player,Role,26.3,35.0,33.333333333333336,78,5,31.2,19.8
202685,Jonas Valančiūnas,NOP,2021-22,october,Post Scorer,Big,22.5,12.4,7.638888888888889,83,7,34.1,19.4
1626149,Montrezl Harrell,CHA,2021-22,october,Role Player,Role,20.2,9.8,6.837606837606838,79,6,31.5,19.3
1626174,Christian Wood,HOU,2021-22,october,Role Player,Role,23.6,10.5,34.64052287581699,81,6,33.4,19.2
1630217,Desmond Bane,MEM,2021-22,october,Secondary Ball Handler,Secondary,22.4,12.3,58.620689655172406,77,6,29.7,18.8
1630163,LaMelo Ball,CHA,2021-22,october,Primary Initiator,Primary,28.7,31.9,42.69005847953216,79,7,29.2,18.7
201935,James Harden,PHI,2021-22,october,Secondary Ball Handler,Secondary,26.9,41.1,52.85714285714286,77,7,33.2,18.6
1628368,De'Aaron Fox,SAC,2021-22,october,Primary Initiator,Primary,28.7,27.0,30.526315789473685,75,6,36.4,18.5
203081,Damian Lillard,POR,2021-22,october,Primary Initiator,Primary,28.3,38.5,51.09890109890111,74,6,32.8,18.3
201566,Russell Westbrook,LAL,2021-22,october,Secondary Ball Handler,Secondary,27.0,35.7,22.3463687150838,75,7,35.7,18.3
202330,Gordon Hayward,CHA,2021-22,october,Role Player,Role,20.6,16.6,36.84210526315789,79,7,34.9,18.1
1630567,Scottie Barnes,TOR,2021-22,october,Role Player,Role,21.3,9.3,9.285714285714286,79,7,34.9,18.1
1628384,OG Anunoby,TOR,2021-22,october,Role Player,Role,23.2,12.2,47.05882352941176,79,7,35.8,18.0
1628984,Devonte' Graham,NOP,2021-22,october,Role Player,Role,23.0,22.4,58.82352941176471,73,7,32.8,17.9
1627749,Dejounte Murray,SAS,2021-22,october,Role Player,Role,24.2,34.0,20.786516853932586,76,6,35.4,17.8
1630537,Chris Duarte,IND,2021-22,october,Role Player,Role,22.2,10.4,40.99378881987577,77,7,35.9,17.7
1630175,Cole Anthony,ORL,2021-22,october,Secondary Ball Handler,Secondary,22.9,23.9,45.39007092198582,75,7,33.2,17.7
203095,Evan Fournier,NYK,2021-22,october,Role Player,Role,20.7,10.1,59.44055944055944,78,6,33.2,17.5
1627741,Buddy Hield,IND,2021-22,october,Movement Shooter,Shooter,24.2,8.7,75.18248175182482,76,6,28.2,17.3
1629012,Collin Sexton,CLE,2021-22,october,Secondary Ball Handler,Secondary,26.7,11.1,29.411764705882355,73,7,29.1,17.3
1626156,D'Angelo Russell,MIN,2021-22,october,Primary Initiator,Primary,28.3,28.6,47.61904761904761,76,5,30.2,17.2
1629628,RJ Barrett,NYK,2021-22,october,Role Player,Role,19.9,12.4,43.18181818181819,78,6,34.4,17.2
1627832,Fred VanVleet,TOR,2021-22,october,Role Player,Role,21.4,28.8,47.4025974025974,73,7,38.4,17.0
2546,Carmelo Anthony,LAL,2021-22,october,Role Player,Role,21.1,4.4,56.41025641025641,79,7,27.0,16.7
203903,Jordan Clarkson,UTA,2021-22,october,Movement Shooter,Shooter,29.9,10.3,55.55555555555556,76,6,25.5,16.5
1626158,Richaun Holmes,SAC,2021-22,october,Anchor Big,Big,17.0,8.0,3.225806451612903,82,6,27.7,16.3
203497,Rudy Gobert,UTA,2021-22,october,Anchor Big,Big,18.0,5.4,0.0,85,6,31.0,16.3
1626162,Kelly Oubre Jr.,CHA,2021-22,october,Role Player,Role,18.8,7.4,58.01526717557252,78,7,31.9,16.3
203952,Andrew Wiggins,GSW,2021-22,october,Role Player,Role,22.4,8.5,36.231884057971016,79,6,30.1,16.2
202711,Bojan Bogdanovic,UTA,2021-22,october,Role Player,Role,22.3,6.8,42.96875,79,6,29.9,16.2
1629629,Cam Reddish,NYK,2021-22,october,Role Player,Role,26.2,6.1,39.37007874015748,80,6,24.5,16.2
203924,Jerami Grant,DET,2021-22,october,Role Player,Role,25.1,12.9,31.57894736842105,80,5,32.5,16.0
1628381,John Collins,ATL,2021-22,october,Role Player,Role,19.4,13.2,20.0,81,6,29.1,16.0
1629640,Keldon Johnson,SAS,2021-22,october,Role Player,Role,23.8,9.2,19.718309859154928,78,6,29.4,15.8
202696,Nikola Vučević,CHI,2021-22,october,Anchor Big,Big,24.7,16.0,26.582278481012654,82,6,34.0,15.8
1630180,Saddiq Bey,DET,2021-22,october,Role Player,Role,21.6,15.0,44.05594405594405,79,6,32.6,15.8
1628398,Kyle Kuzma,WAS,2021-22,october,Role Player,Role,20.3,7.1,44.927536231884055,81,6,36.8,15.5
203552,Seth Curry,BKN,2021-22,october,Role Player,Role,15.6,5.6,50.0,74,6,31.3,15.3
203115,Will Barton,DEN,2021-22,october,Role Player,Role,19.9,16.9,40.65040650406504,77,6,31.9,15.3
1628969,Mikal Bridges,PHX,2021-22,october,Role Player,Role,17.8,7.1,36.84210526315789,78,5,31.6,15.2
202689,Kemba Walker,NYK,2021-22,october,Role Player,Role,20.3,17.3,61.16504854368931,72,6,27.7,15.0
1630178,Tyrese Maxey,PHI,2021-22,october,Secondary Ball Handler,Secondary,20.6,16.2,27.82608695652174,74,6,31.7,14.7
201569,Eric Gordon,HOU,2021-22,october,3&D Wing,Wing,19.0,10.1,48.913043478260875,75,6,26.2,14.3
1627751,Jakob Poeltl,SAS,2021-22,october,Rim Runner,Big,17.0,12.9,0.0,85,6,31.2,14.3
1627814,Damion Lee,GSW,2021-22,october,Role Player,Role,18.6,5.6,50.0,77,5,27.9,14.2
203471,Dennis Schröder,HOU,2021-22,october,Secondary Ball Handler,Secondary,20.9,29.9,40.17094017094017,73,6,33.5,14.2
1629638,Nickeil Alexander-Walker,UTA,2021-22,october,Role Player,Role,22.5,12.0,52.5974025974026,77,7,31.7,14.1
1629673,Jordan Poole,GSW,2021-22,october,Secondary Ball Handler,Secondary,26.8,23.1,43.35664335664335,76,6,27.8,14.0
202704,Reggie Jackson,LAC,2021-22,october,Role Player,Role,22.3,16.7,57.831325301204814,74,5,34.0,14.0
201937,Ricky Rubio,IND,2021-22,october,Role Player,Role,23.8,38.0,44.18604651162791,74,7,28.2,14.0
1630532,Franz Wagner,ORL,2021-22,october,Stretch Big,Big,16.9,9.4,40.70796460176991,82,7,32.3,13.9
1629028,Deandre Ayton,PHX,2021-22,october,Rim Runner,Big,16.6,6.5,8.333333333333334,83,5,29.8,13.8
1628960,Grayson Allen,MIL,2021-22,october,Role Player,Role,17.1,6.6,78.76106194690266,76,7,29.2,13.7
1629014,Anfernee Simons,POR,2021-22,october,Secondary Ball Handler,Secondary,21.6,15.9,60.0,75,6,22.2,13.7
1629001,De'Anthony Melton,MEM,2021-22,october,Role Player,Role,18.4,13.4,51.66666666666667,74,6,29.8,13.7
203482,Kelly Olynyk,DET,2021-22,october,Anchor Big,Big,23.1,18.5,37.25490196078432,83,6,24.2,13.7
201144,Mike Conley,UTA,2021-22,october,Secondary Ball Handler,Secondary,20.4,20.0,58.82352941176471,73,5,28.2,13.6
1629018,Gary Trent Jr.,TOR,2021-22,october,3&D Wing,Wing,19.3,5.3,44.88188976377953,77,7,31.4,13.6
1630596,Evan Mobley,CLE,2021-22,october,Anchor Big,Big,17.3,12.7,9.70873786407767,83,7,32.0,13.4
1629636,Darius Garland,CLE,2021-22,october,Secondary Ball Handler,Secondary,23.8,37.3,52.63157894736842,73,5,31.0,13.4
203501,Tim Hardaway Jr.,DAL,2021-22,october,Movement Shooter,Shooter,18.4,8.5,66.36363636363636,77,6,30.4,13.3
1628401,Derrick White,BOS,2021-22,october,Role Player,Role,18.2,26.4,47.82608695652174,76,6,32.7,13.2
1629022,Lonnie Walker IV,SAS,2021-22,october,Role Player,Role,23.7,16.2,58.03571428571429,76,6,24.8,13.2
1628964,Mo Bamba,ORL,2021-22,october,Stretch Big,Big,16.8,12.0,45.05494505494505,84,7,32.0,13.1
1630224,Jalen Green,HOU,2021-22,october,Role Player,Role,22.3,16.7,50.724637681159415,76,6,31.9,13.0
203932,Aaron Gordon,DEN,2021-22,october,Role Player,Role,18.7,8.3,23.711340206185564,80,6,29.3,12.8
203994,Jusuf Nurkić,POR,2021-22,october,Rim Runner,Big,22.7,10.1,13.333333333333334,83,6,24.9,12.8
101108,Chris Paul,PHX,2021-22,october,Role Player,Role,19.0,48.6,25.0,72,5,31.0,12.8
1630591,Jalen Suggs,ORL,2021-22,october,Secondary Ball Handler,Secondary,25.6,20.7,44.18604651162791,77,7,29.4,12.7
1628991,Jaren Jackson Jr.,MEM,2021-22,october,Stretch Big,Big,23.1,6.5,57.48031496062992,83,6,27.3,12.7
200746,LaMarcus Aldridge,BKN,2021-22,october,Anchor Big,Big,21.8,2.5,6.024096385542168,83,6,20.2,12.7
1628976,Wendell Carter Jr.,ORL,2021-22,october,Rim Runner,Big,18.9,12.2,34.02061855670103,82,7,27.2,12.6
1629645,Kevin Porter Jr.,HOU,2021-22,october,Secondary Ball Handler,Secondary,24.2,29.4,54.54545454545454,76,6,29.7,12.5
1626167,Myles Turner,IND,2021-22,october,Stretch Big,Big,18.3,6.6,51.19047619047619,83,7,27.1,12.4
1628379,Luke Kennard,LAC,2021-22,october,Movement Shooter,Shooter,16.3,12.5,70.0,77,5,27.3,12.4
201565,Derrick Rose,NYK,2021-22,october,Role Player,Role,22.1,20.9,41.23711340206186,74,6,21.4,12.3
1628366,Lonzo Ball,CHI,2021-22,october,Role Player,Role,17.8,18.0,64.81481481481481,78,6,35.1,12.3
1630169,Tyrese Haliburton,IND,2021-22,october,Role Player,Role,15.6,24.5,31.428571428571427,77,6,32.2,11.8
1628386,Jarrett Allen,CLE,2021-22,october,Anchor Big,Big,13.3,6.3,1.4084507042253522,82,7,30.0,11.7
1628374,Lauri Markkanen,CLE,2021-22,october,Stretch Big,Big,18.3,8.2,54.054054054054056,83,7,30.1,11.7
1629652,Luguentz Dort,OKC,2021-22,october,3&D Wing,Wing,19.5,10.7,48.148148148148145,75,6,31.9,11.7
203992,Bogdan Bogdanović,ATL,2021-22,october,Role Player,Role,15.8,9.9,43.29896907216496,78,6,28.7,11.5
203082,Terrence Ross,ORL,2021-22,october,Role Player,Role,17.9,9.1,55.55555555555556,78,7,25.7,11.3
1628420,Monte Morris,DEN,2021-22,october,Role Player,Role,16.8,17.1,38.94736842105264,74,6,29.0,11.2
203925,Joe Harris,BKN,2021-22,october,Role Player,Role,18.7,4.8,66.98113207547169,78,7,30.3,11.0
1629008,Michael Porter Jr.,DEN,2021-22,october,Stretch Big,Big,20.0,9.9,51.53846153846155,82,6,31.1,10.8
1628973,Jalen Brunson,DAL,2021-22,october,Role Player,Role,19.0,27.5,31.428571428571427,73,6,25.6,10.7
1630581,Josh Giddey,OKC,2021-22,october,Role Player,Role,19.1,33.0,25.0,80,6,28.2,10.7
1629631,De'Andre Hunter,ATL,2021-22,october,Role Player,Role,18.8,2.8,30.35714285714286,80,5,28.4,10.6
201988,Patty Mills,BKN,2021-22,october,Role Player,Role,14.9,13.3,57.4712643678161,72,7,26.5,10.6
1629130,Duncan Robinson,MIA,2021-22,october,Movement Shooter,Shooter,16.5,7.4,86.27450980392159,79,6,28.7,10.5
1629057,Robert Williams III,BOS,2021-22,october,Role Player,Role,10.3,7.6,0.0,81,5,33.5,10.4
1626192,Pat Connaughton,MIL,2021-22,october,Role Player,Role,12.6,7.9,65.51724137931035,77,7,30.5,10.3
1627788,Furkan Korkmaz,PHI,2021-22,october,Role Player,Role,22.4,20.7,53.75,79,6,19.8,10.2
1628367,Josh Jackson,SAC,2021-22,october,Role Player,Role,20.8,16.5,45.97701149425288,80,6,23.3,10.2
203500,Steven Adams,MEM,2021-22,october,Anchor Big,Big,15.3,16.5,0.0,83,6,25.0,10.2
1629647,Darius Bazley,OKC,2021-22,october,Role Player,Role,20.2,9.0,47.05882352941176,80,6,26.5,10.0
202339,Eric Bledsoe,POR,2021-22,october,Role Player,Role,22.0,23.0,33.333333333333336,73,5,26.6,10.0
203087,Jeremy Lamb,SAC,2021-22,october,Role Player,Role,19.9,5.4,52.702702702702695,77,7,18.7,10.0
201567,Kevin Love,CLE,2021-22,october,Role Player,Role,21.6,17.4,38.20224719101123,80,7,20.7,9.9
1630170,Devin Vassell,SAS,2021-22,october,Role Player,Role,17.4,8.6,51.61290322580645,77,6,25.2,9.8
1629684,Grant Williams,BOS,2021-22,october,Role Player,Role,13.1,10.0,60.0,78,6,22.9,9.8
203484,Kentavious Caldwell-Pope,WAS,2021-22,october,Role Player,Role,11.4,8.2,59.72222222222222,77,6,31.5,9.5
1628998,Cody Martin,CHA,2021-22,october,Role Player,Role,13.4,10.8,34.42622950819673,78,7,24.2,9.4
203110,Draymond Green,GSW,2021-22,october,Role Player,Role,14.0,29.2,12.307692307692308,78,6,32.2,9.3
204060,Joe Ingles,POR,2021-22,october,Role Player,Role,12.4,12.9,86.66666666666667,80,6,23.3,9.2
1630173,Precious Achiuwa,TOR,2021-22,october,Role Player,Role,20.4,7.6,14.14141414141414,80,7,24.4,9.1
1630578,Alperen Sengun,HOU,2021-22,october,Post Scorer,Big,22.4,15.1,19.35483870967742,82,6,19.1,9.0
1627777,Georges Niang,PHI,2021-22,october,Role Player,Role,17.2,10.8,70.1492537313433,79,6,18.0,9.0
203991,Clint Capela,ATL,2021-22,october,Rim Runner,Big,15.0,2.4,0.0,82,6,25.7,8.8
203939,Dwight Powell,DAL,2021-22,october,Rim Runner,Big,15.2,6.6,14.035087719298245,82,6,24.4,8.8
1629642,Nassir Little,POR,2021-22,october,Role Player,Role,13.1,3.8,45.0,77,6,24.1,8.8
1626168,Trey Lyles,SAC,2021-22,october,Role Player,Role,21.4,16.1,41.66666666666667,81,6,16.9,8.8
1627826,Ivica Zubac,LAC,2021-22,october,Post Scorer,Big,15.7,15.1,0.0,84,5,21.6,8.8
1627736,Malik Beasley,MIN,2021-22,october,Role Player,Role,16.1,13.9,68.29268292682927,76,5,22.5,8.8
1629023,P.J. Washington,CHA,2021-22,october,Role Player,Role,15.8,11.5,38.888888888888886,79,5,22.7,8.8
1629611,Terance Mann,LAC,2021-22,october,Role Player,Role,13.3,18.9,38.46153846153847,77,5,29.0,8.6
201588,George Hill,MIL,2021-22,october,Role Player,Role,13.2,12.4,37.142857142857146,76,7,27.1,8.6
203200,Justin Holiday,SAC,2021-22,october,Role Player,Role,14.1,6.8,75.28089887640449,78,7,30.6,8.6
1627827,Dorian Finney-Smith,DAL,2021-22,october,Role Player,Role,17.1,4.8,54.08163265306122,79,6,31.4,8.5
1630191,Isaiah Stewart,DET,2021-22,october,Role Player,Role,15.5,11.1,11.428571428571429,80,6,22.7,8.5
1629011,Mitchell Robinson,NYK,2021-22,october,Rim Runner,Big,9.3,3.8,0.0,84,6,30.1,8.5
1629670,Jordan Nwora,MIL,2021-22,october,Role Player,Role,18.2,9.9,52.80898876404494,80,7,22.6,8.4
200768,Kyle Lowry,MIA,2021-22,october,Role Player,Role,15.2,30.0,57.777777777777786,72,5,31.1,8.4
202692,Alec Burks,NYK,2021-22,october,Role Player,Role,19.3,17.1,61.76470588235294,78,6,17.7,8.3
1627936,Alex Caruso,CHI,2021-22,october,3&D Wing,Wing,13.6,19.1,33.33333333333333,77,6,28.0,8.2
1626224,Cedi Osman,CLE,2021-22,october,Role Player,Role,19.7,12.7,66.15384615384615,79,6,16.8,8.2
1630256,Jae'Sean Tate,HOU,2021-22,october,Role Player,Role,18.3,17.7,32.92682926829269,76,6,24.1,8.2
202397,Ish Smith,WAS,2021-22,october,Role Player,Role,20.9,29.8,3.125,72,7,20.0,7.9
1630558,Davion Mitchell,SAC,2021-22,october,Role Player,Role,15.2,16.1,52.22222222222223,72,6,27.0,7.7
203109,Jae Crowder,PHX,2021-22,october,Role Player,Role,14.0,6.3,65.85365853658539,78,5,29.5,7.6
203526,Raul Neto,WAS,2021-22,october,Role Player,Role,15.2,18.7,22.857142857142858,74,5,22.2,7.6
1628464,Daniel Theis,BOS,2021-22,october,Role Player,Role,13.9,3.9,42.85714285714286,81,6,22.0,7.5
202693,Markieff Morris,MIA,2021-22,october,Role Player,Role,18.6,9.5,30.136986301369863,81,6,19.0,7.5
203145,Kent Bazemore,LAL,2021-22,october,Role Player,Role,10.6,5.7,60.655737704918046,76,7,28.0,7.4
1626196,Josh Richardson,SAS,2021-22,october,Role Player,Role,15.0,6.6,46.875,77,5,21.3,7.4
203935,Marcus Smart,BOS,2021-22,october,Role Player,Role,13.7,17.3,72.34042553191489,76,5,37.0,7.4
1628971,Bruce Brown,BKN,2021-22,october,Role Player,Role,12.9,3.2,23.80952380952381,76,6,23.8,7.3
1630167,Obi Toppin,NYK,2021-22,october,Role Player,Role,16.0,10.0,38.46153846153846,81,6,16.5,7.3
1628370,Malik Monk,LAL,2021-22,october,Role Player,Role,14.3,10.4,65.15151515151516,75,7,21.7,7.3
203486,Mason Plumlee,CHA,2021-22,october,Rim Runner,Big,12.8,12.2,0.0,83,7,28.1,7.3
203469,Cody Zeller,POR,2021-22,october,Rim Runner,Big,14.5,8.5,11.904761904761903,83,6,18.0,7.2
203937,Kyle Anderson,MEM,2021-22,october,Role Player,Role,16.3,14.3,34.24657534246575,81,6,21.5,7.2
1628467,Maxi Kleber,DAL,2021-22,october,Stretch Big,Big,13.0,4.1,80.85106382978722,82,6,18.8,7.2
1629661,Cameron Johnson,PHX,2021-22,october,Role Player,Role,15.5,7.7,60.526315789473685,80,5,21.0,7.0
202355,Hassan Whiteside,UTA,2021-22,october,Rim Runner,Big,15.3,2.8,0.0,84,6,16.4,7.0
201145,Jeff Green,DEN,2021-22,october,Role Player,Role,19.5,8.6,43.39622641509433,80,6,16.3,7.0
204456,T.J. McConnell,IND,2021-22,october,Role Player,Role,14.6,28.3,17.808219178082194,73,7,25.4,6.9
202709,Cory Joseph,DET,2021-22,october,Role Player,Role,15.5,19.8,39.655172413793096,75,6,21.3,6.8
202722,Davis Bertans,DAL,2021-22,october,Stretch Big,Big,14.8,4.6,79.36507936507937,82,6,19.2,6.8
1629026,Kenrich Williams,OKC,2021-22,october,3&D Wing,Wing,16.6,11.1,39.68253968253968,78,6,20.5,6.8
1630181,R.J. Hampton,ORL,2021-22,october,Role Player,Role,19.9,17.6,37.49999999999999,76,7,17.6,6.7
1628988,Aaron Holiday,PHX,2021-22,october,3&D Wing,Wing,16.6,12.2,37.735849056603776,72,6,18.5,6.7
1630172,Patrick Williams,CHI,2021-22,october,3&D Wing,Wing,9.3,3.3,26.08695652173913,79,5,24.9,6.6
203493,Reggie Bullock Jr.,DAL,2021-22,october,Role Player,Role,14.2,6.1,73.84615384615384,78,6,20.5,6.5
203473,Dewayne Dedmon,MIA,2021-22,october,Anchor Big,Big,15.3,5.5,7.142857142857142,84,6,15.3,6.3
203490,Otto Porter Jr.,GSW,2021-22,october,Role Player,Role,13.9,10.3,57.446808510638306,80,6,18.1,6.3
203920,Khem Birch,TOR,2021-22,october,Role Player,Role,10.8,7.7,9.756097560975611,81,7,22.1,6.3
1630526,Jeremiah Robinson-Earl,OKC,2021-22,october,Role Player,Role,15.9,3.7,48.88888888888889,80,6,16.6,6.2
1626172,Kevon Looney,GSW,2021-22,october,Role Player,Role,13.8,5.4,0.0,81,6,15.9,6.2
1628470,Torrey Craig,PHX,2021-22,october,Role Player,Role,15.5,13.0,63.04347826086957,79,7,16.0,6.1
1628402,Frank Jackson,DET,2021-22,october,Role Player,Role,17.1,4.2,55.55555555555556,75,6,20.5,6.0
1629622,Max Strus,MIA,2021-22,october,Role Player,Role,13.4,6.1,75.47169811320755,77,6,17.3,6.0
1630530,Trey Murphy III,NOP,2021-22,october,Role Player,Role,11.0,5.1,79.59183673469387,80,7,21.5,5.9
201980,Danny Green,PHI,2021-22,october,Role Player,Role,10.4,3.7,97.91666666666669,78,6,24.1,5.8
202357,Nemanja Bjelica,GSW,2021-22,october,Role Player,Role,17.5,17.7,24.0,81,6,15.6,5.8
202324,Derrick Favors,OKC,2021-22,october,Role Player,Role,15.7,3.4,0.0,81,5,17.0,5.8
1630529,Herbert Jones,NOP,2021-22,october,Role Player,Role,11.5,8.5,13.725490196078432,79,7,25.1,5.7
1626204,Larry Nance Jr.,NOP,2021-22,october,Role Player,Role,12.1,7.2,28.57142857142857,79,6,17.8,5.7
1626220,Royce O'Neale,UTA,2021-22,october,3&D Wing,Wing,8.3,7.1,63.46153846153846,77,6,30.1,5.7
1630559,Austin Reaves,LAL,2021-22,october,Role Player,Role,10.5,6.0,59.45945945945946,77,6,19.8,5.5
1629750,Javonte Green,CHI,2021-22,october,3&D Wing,Wing,8.8,5.8,32.0,77,6,16.9,5.3
1630165,Killian Hayes,DET,2021-22,october,Role Player,Role,17.1,18.9,31.944444444444443,77,6,23.6,5.3
203496,Robert Covington,LAC,2021-22,october,Role Player,Role,9.0,0.7,90.56603773584906,79,6,28.4,5.3
203083,Andre Drummond,BKN,2021-22,october,Anchor Big,Big,18.5,12.7,5.0,82,5,15.8,5.2
1629013,Landry Shamet,PHX,2021-22,october,3&D Wing,Wing,12.8,7.3,68.18181818181817,76,5,17.5,5.2
1629680,Matisse Thybulle,PHI,2021-22,october,Role Player,Role,10.1,8.8,40.476190476190474,77,6,21.5,5.2
203648,Thanasis Antetokounmpo,MIL,2021-22,october,Role Player,Role,14.5,11.6,7.843137254901962,78,7,18.4,5.1
200782,P.J. Tucker,MIA,2021-22,october,Role Player,Role,8.4,6.6,62.5,77,6,26.5,5.0
201933,Blake Griffin,BKN,2021-22,october,Role Player,Role,15.5,4.9,48.27586206896552,81,6,20.0,4.8
1628989,Kevin Huerter,ATL,2021-22,october,Role Player,Role,16.3,15.0,47.14285714285714,79,6,20.4,4.8
1629052,Oshae Brissett,IND,2021-22,october,Role Player,Role,15.9,4.8,48.93617021276595,79,6,15.8,4.8
202340,Avery Bradley,LAL,2021-22,october,Role Player,Role,10.4,1.4,60.526315789473685,75,6,16.9,4.7
1630166,Deni Avdija,WAS,2021-22,october,Role Player,Role,12.2,8.0,46.51162790697674,81,6,20.0,4.7
1628408,PJ Dozier,DEN,2021-22,october,Role Player,Role,12.6,11.1,51.162790697674424,78,6,17.5,4.7
1629020,Jarred Vanderbilt,MIN,2021-22,october,Role Player,Role,9.8,10.2,0.0,81,5,16.6,4.4
2730,Dwight Howard,LAL,2021-22,october,Rim Runner,Big,9.3,4.1,11.111111111111112,82,6,15.2,4.3
1629672,Eric Paschall,UTA,2021-22,october,Role Player,Role,11.3,8.2,65.71428571428571,78,6,15.9,4.3
1630533,Ziaire Williams,MEM,2021-22,october,3&D Wing,Wing,14.1,5.1,77.08333333333334,81,6,17.7,4.3
2738,Andre Iguodala,GSW,2021-22,october,Role Player,Role,10.2,15.8,60.0,78,5,21.7,4.2
1629620,Justin Robinson,DET,2021-22,october,Role Player,Role,13.9,10.1,60.0,73,7,16.0,4.1
1630267,Facundo Campazzo,DEN,2021-22,october,Role Player,Role,12.0,18.6,60.60606060606061,70,6,18.2,3.8
203090,Maurice Harkless,SAC,2021-22,october,Role Player,Role,9.4,3.4,60.0,79,5,22.0,3.8
1630202,Payton Pritchard,BOS,2021-22,october,Role Player,Role,12.2,20.4,80.0,73,5,15.0,3.4
1630183,Jaden McDaniels,MIN,2021-22,october,Role Player,Role,8.3,3.8,58.333333333333336,81,5,28.4,3.2
1628975,Jevon Carter,MIL,2021-22,october,3&D Wing,Wing,10.1,10.8,72.22222222222221,73,7,17.5,2.0
201142,Kevin Durant,BKN,2021-22,november,Versatile Big,Big,30.6,26.1,25.75757575757576,82,13,36.6,29.0
203999,Nikola Jokić,DEN,2021-22,november,Versatile Big,Big,30.4,36.0,23.033707865168537,83,9,34.0,27.7
2544,LeBron James,LAL,2021-22,november,Primary Initiator,Primary,29.6,31.6,40.60913705583757,81,6,36.7,27.5
201939,Stephen Curry,GSW,2021-22,november,Primary Initiator,Primary,29.2,31.0,65.65656565656566,74,14,34.0,27.4
1629027,Trae Young,ATL,2021-22,november,Primary Initiator,Primary,33.6,41.1,37.94871794871795,73,15,33.8,27.4
1629029,Luka Dončić,DAL,2021-22,november,Primary Initiator,Primary,35.9,45.1,41.891891891891895,79,10,35.9,27.3
203507,Giannis Antetokounmpo,MIL,2021-22,november,Versatile Big,Big,33.3,29.5,22.3463687150838,83,13,32.6,26.8
201942,DeMar DeRozan,CHI,2021-22,november,Role Player,Role,29.3,19.1,14.97326203208556,78,16,35.1,26.8
202331,Paul George,LAC,2021-22,november,Primary Initiator,Primary,34.3,28.1,38.46153846153846,80,16,36.2,25.4
203897,Zach LaVine,CHI,2021-22,november,Role Player,Role,29.8,16.9,39.8989898989899,77,16,35.0,25.3
203954,Joel Embiid,PHI,2021-22,november,Versatile Big,Big,35.0,21.9,17.582417582417584,84,5,34.7,25.0
203076,Anthony Davis,LAL,2021-22,november,Rim Runner,Big,26.7,16.6,10.614525139664805,82,15,35.5,24.1
1626164,Devin Booker,PHX,2021-22,november,Secondary Ball Handler,Secondary,30.8,19.2,32.78688524590164,77,16,32.0,23.4
1628369,Jayson Tatum,BOS,2021-22,november,Role Player,Role,30.9,18.0,39.512195121951216,80,15,35.6,23.3
1628378,Donovan Mitchell,UTA,2021-22,november,Primary Initiator,Primary,31.9,26.4,43.28358208955223,73,14,32.3,23.3
1626157,Karl-Anthony Towns,MIN,2021-22,november,Rim Runner,Big,26.2,15.2,35.97560975609756,83,16,34.5,22.9
203081,Damian Lillard,POR,2021-22,november,Role Player,Role,26.7,31.1,48.64864864864865,74,14,36.9,22.8
202710,Jimmy Butler III,MIA,2021-22,november,Role Player,Role,26.5,28.1,13.88888888888889,79,11,34.2,22.6
203078,Bradley Beal,WAS,2021-22,november,Secondary Ball Handler,Secondary,29.5,30.8,32.240437158469945,76,13,35.5,22.4
201935,James Harden,PHI,2021-22,november,Secondary Ball Handler,Secondary,27.1,38.9,51.369863013698634,77,14,36.6,22.1
1629630,Ja Morant,MEM,2021-22,november,Primary Initiator,Primary,30.5,32.5,21.42857142857143,75,13,31.3,22.0
1628384,OG Anunoby,TOR,2021-22,november,Role Player,Role,23.6,10.7,38.25136612021858,79,8,38.7,22.0
201566,Russell Westbrook,LAL,2021-22,november,Primary Initiator,Primary,28.2,38.1,26.90058479532163,75,16,36.4,21.8
1630162,Anthony Edwards,MIN,2021-22,november,Secondary Ball Handler,Secondary,26.4,16.5,46.19565217391305,76,16,36.6,21.7
1629639,Tyler Herro,MIA,2021-22,november,Role Player,Role,27.5,16.3,40.7608695652174,77,12,34.9,21.7
204001,Kristaps Porziņģis,WAS,2021-22,november,Post Scorer,Big,26.5,12.4,34.59119496855346,87,11,31.8,21.5
1627832,Fred VanVleet,TOR,2021-22,november,Role Player,Role,23.2,23.8,50.602409638554214,73,14,38.3,21.3
1630175,Cole Anthony,ORL,2021-22,november,Secondary Ball Handler,Secondary,27.4,32.0,49.43181818181817,75,9,34.8,21.1
1628368,De'Aaron Fox,SAC,2021-22,november,Secondary Ball Handler,Secondary,27.1,24.6,22.485207100591715,75,16,34.1,20.7
203924,Jerami Grant,DET,2021-22,november,Role Player,Role,26.6,15.0,36.64596273291925,80,15,32.9,20.6
1629636,Darius Garland,CLE,2021-22,november,Secondary Ball Handler,Secondary,25.9,31.0,43.786982248520715,73,14,35.7,20.5
1629673,Jordan Poole,GSW,2021-22,november,Secondary Ball Handler,Secondary,24.9,14.9,61.904761904761905,76,15,31.5,20.3
202699,Tobias Harris,PHI,2021-22,november,Role Player,Role,26.9,18.3,22.598870056497177,79,7,35.2,20.3
1628374,Lauri Markkanen,CLE,2021-22,november,Stretch Big,Big,21.5,2.6,53.24675324675325,83,5,33.5,20.2
1626156,D'Angelo Russell,MIN,2021-22,november,Secondary Ball Handler,Secondary,26.0,30.2,52.66272189349112,76,14,33.0,20.1
1627749,Dejounte Murray,SAS,2021-22,november,Role Player,Role,26.5,32.7,20.87912087912088,76,13,34.4,19.7
1630163,LaMelo Ball,CHA,2021-22,november,Secondary Ball Handler,Secondary,25.6,36.9,41.5204678362573,79,16,34.6,19.6
1627763,Malcolm Brogdon,IND,2021-22,november,Role Player,Role,23.6,24.8,42.384105960264904,77,13,34.7,19.6
1627759,Jaylen Brown,BOS,2021-22,november,Secondary Ball Handler,Secondary,27.8,14.0,42.281879194630875,78,7,28.0,19.6
203952,Andrew Wiggins,GSW,2021-22,november,Role Player,Role,25.3,8.4,34.96503496503497,79,15,30.4,19.5
1630178,Tyrese Maxey,PHI,2021-22,november,Secondary Ball Handler,Secondary,21.3,24.5,21.85430463576159,74,15,37.3,19.4
1628983,Shai Gilgeous-Alexander,OKC,2021-22,november,Secondary Ball Handler,Secondary,26.3,23.4,38.06818181818182,78,12,35.5,19.3
202685,Jonas Valančiūnas,NOP,2021-22,november,Post Scorer,Big,25.5,14.3,21.52777777777778,83,16,30.4,19.3
1629018,Gary Trent Jr.,TOR,2021-22,november,3&D Wing,Wing,20.7,8.3,49.36708860759494,77,13,36.0,19.3
203468,CJ McCollum,NOP,2021-22,november,Secondary Ball Handler,Secondary,24.2,21.4,41.98895027624309,75,16,36.4,19.3
1627742,Brandon Ingram,NOP,2021-22,november,Role Player,Role,29.8,21.2,24.550898203592812,80,10,33.0,19.2
1626179,Terry Rozier,CHA,2021-22,november,Role Player,Role,22.9,15.9,46.666666666666664,73,16,33.2,19.2
1629652,Luguentz Dort,OKC,2021-22,november,3&D Wing,Wing,22.8,9.3,54.666666666666664,75,13,32.9,19.2
1628386,Jarrett Allen,CLE,2021-22,november,Anchor Big,Big,19.3,10.4,2.702702702702702,82,11,35.3,19.0
203944,Julius Randle,NYK,2021-22,november,Role Player,Role,27.1,24.5,33.128834355828225,80,15,34.4,18.9
202704,Reggie Jackson,LAC,2021-22,november,Role Player,Role,25.3,18.2,50.60975609756099,74,16,33.5,18.7
1628415,Dillon Brooks,MEM,2021-22,november,Role Player,Role,31.3,12.2,32.919254658385086,79,8,25.7,18.4
203471,Dennis Schröder,HOU,2021-22,november,Secondary Ball Handler,Secondary,25.6,22.0,28.571428571428577,73,14,33.2,18.3
1628389,Bam Adebayo,MIA,2021-22,november,Role Player,Role,24.8,19.1,0.7518796992481203,81,13,33.4,18.0
1627783,Pascal Siakam,TOR,2021-22,november,Role Player,Role,24.0,18.2,27.083333333333332,80,11,33.0,17.9
1626181,Norman Powell,LAC,2021-22,november,Role Player,Role,21.6,8.0,35.0,75,14,29.9,17.7
1628970,Miles Bridges,CHA,2021-22,november,Role Player,Role,21.2,13.3,38.961038961038966,79,16,36.6,17.7
202711,Bojan Bogdanovic,UTA,2021-22,november,Role Player,Role,21.5,9.8,52.10084033613446,79,15,30.2,17.2
1629028,Deandre Ayton,PHX,2021-22,november,Anchor Big,Big,22.4,6.0,0.7874015748031498,83,10,30.7,17.1
203084,Harrison Barnes,SAC,2021-22,november,3&D Wing,Wing,19.7,9.8,36.53846153846153,80,13,33.9,17.0
202330,Gordon Hayward,CHA,2021-22,november,Role Player,Role,20.5,13.2,33.08270676691729,79,16,33.4,16.8
1628381,John Collins,ATL,2021-22,november,Role Player,Role,18.3,8.7,25.663716814159287,81,15,33.3,16.8
203552,Seth Curry,BKN,2021-22,november,Role Player,Role,19.5,13.2,46.4,74,13,35.1,16.6
203115,Will Barton,DEN,2021-22,november,Role Player,Role,21.6,20.9,48.96551724137931,77,12,34.4,16.6
1628991,Jaren Jackson Jr.,MEM,2021-22,november,Stretch Big,Big,24.3,4.7,42.63565891472868,83,15,26.8,16.5
1627741,Buddy Hield,IND,2021-22,november,Movement Shooter,Shooter,22.9,13.7,73.10344827586206,76,16,29.8,16.5
1628973,Jalen Brunson,DAL,2021-22,november,Secondary Ball Handler,Secondary,22.3,26.5,26.016260162601625,73,12,30.4,16.4
1626171,Bobby Portis,MIL,2021-22,november,Rim Runner,Big,21.2,8.0,37.096774193548384,82,14,29.4,16.1
1626174,Christian Wood,HOU,2021-22,november,Role Player,Role,21.4,12.7,33.58778625954199,81,14,32.4,15.8
1627734,Domantas Sabonis,SAC,2021-22,november,Anchor Big,Big,21.7,19.3,21.238938053097343,83,16,31.5,15.8
101108,Chris Paul,PHX,2021-22,november,Secondary Ball Handler,Secondary,20.1,39.6,30.35714285714286,72,16,32.6,15.1
1630596,Evan Mobley,CLE,2021-22,november,Anchor Big,Big,20.4,11.3,19.84126984126984,83,10,35.1,15.0
201950,Jrue Holiday,MIL,2021-22,november,Secondary Ball Handler,Secondary,24.2,28.3,36.48648648648648,75,13,31.9,14.9
203903,Jordan Clarkson,UTA,2021-22,november,Movement Shooter,Shooter,26.1,14.8,65.92592592592594,76,15,24.9,14.9
1626149,Montrezl Harrell,CHA,2021-22,november,Role Player,Role,20.9,15.9,1.1764705882352942,79,15,25.2,14.9
1630217,Desmond Bane,MEM,2021-22,november,Secondary Ball Handler,Secondary,20.3,9.5,47.96747967479675,77,15,28.6,14.8
203497,Rudy Gobert,UTA,2021-22,november,Anchor Big,Big,16.3,4.3,1.3333333333333337,85,15,31.6,14.7
1630595,Cade Cunningham,DET,2021-22,november,Secondary Ball Handler,Secondary,25.3,26.3,51.72413793103448,78,15,32.2,14.6
1629640,Keldon Johnson,SAS,2021-22,november,Role Player,Role,18.7,9.1,22.88135593220339,78,13,32.3,14.5
1626158,Richaun Holmes,SAC,2021-22,november,Anchor Big,Big,17.8,6.9,2.298850574712644,82,13,27.7,14.5
1630224,Jalen Green,HOU,2021-22,november,Role Player,Role,22.2,11.5,50.413223140495866,76,12,30.3,14.5
1627747,Caris LeVert,CLE,2021-22,november,Secondary Ball Handler,Secondary,26.3,16.5,33.33333333333333,78,14,27.4,14.4
203932,Aaron Gordon,DEN,2021-22,november,Role Player,Role,18.1,10.8,28.30188679245283,80,14,32.8,14.4
203501,Tim Hardaway Jr.,DAL,2021-22,november,Role Player,Role,19.8,12.4,49.29577464788733,77,13,34.2,14.3
201937,Ricky Rubio,IND,2021-22,november,Role Player,Role,25.1,31.4,42.74809160305343,74,14,29.9,14.3
1626162,Kelly Oubre Jr.,CHA,2021-22,november,Role Player,Role,22.9,4.2,55.284552845528445,78,16,25.1,14.3
203114,Khris Middleton,MIL,2021-22,november,Secondary Ball Handler,Secondary,22.2,25.7,49.13793103448276,79,7,28.7,14.1
200768,Kyle Lowry,MIA,2021-22,november,Role Player,Role,18.6,33.7,59.81308411214954,72,14,35.1,14.0
1628960,Grayson Allen,MIL,2021-22,november,Role Player,Role,16.7,7.2,69.6969696969697,76,14,28.5,13.9
200746,LaMarcus Aldridge,BKN,2021-22,november,Rim Runner,Big,22.6,7.7,13.761467889908255,83,14,23.6,13.9
1630567,Scottie Barnes,TOR,2021-22,november,Role Player,Role,18.5,16.8,15.57377049180328,79,13,35.7,13.9
1629638,Nickeil Alexander-Walker,UTA,2021-22,november,Role Player,Role,24.5,15.0,47.014925373134325,77,16,27.8,13.9
1629645,Kevin Porter Jr.,HOU,2021-22,november,Secondary Ball Handler,Secondary,24.5,28.7,41.6058394160584,76,11,33.1,13.7
201144,Mike Conley,UTA,2021-22,november,Role Player,Role,18.0,30.3,57.14285714285714,73,14,28.2,13.6
202696,Nikola Vučević,CHI,2021-22,november,Rim Runner,Big,20.3,19.8,31.818181818181824,82,9,32.4,13.6
1626224,Cedi Osman,CLE,2021-22,november,Role Player,Role,19.8,10.8,68.36734693877551,79,11,25.2,13.5
1630170,Devin Vassell,SAS,2021-22,november,Role Player,Role,18.3,7.5,48.543689320388346,77,11,26.2,13.5
203991,Clint Capela,ATL,2021-22,november,Rim Runner,Big,15.8,6.5,1.0309278350515465,82,15,31.2,13.4
2546,Carmelo Anthony,LAL,2021-22,november,Role Player,Role,17.9,4.4,56.88073394495413,79,16,29.4,13.3
1628976,Wendell Carter Jr.,ORL,2021-22,november,Stretch Big,Big,18.1,13.9,42.57425742574257,82,15,29.1,13.3
1630532,Franz Wagner,ORL,2021-22,november,Rim Runner,Big,20.0,13.8,30.081300813008127,82,15,31.1,13.1
1626192,Pat Connaughton,MIL,2021-22,november,Role Player,Role,16.0,7.8,73.33333333333333,77,14,28.0,13.1
201988,Patty Mills,BKN,2021-22,november,Role Player,Role,16.4,11.5,76.28865979381445,72,14,28.6,13.0
1629628,RJ Barrett,NYK,2021-22,november,Role Player,Role,22.6,9.6,37.2093023255814,78,15,30.0,12.8
1630256,Jae'Sean Tate,HOU,2021-22,november,Role Player,Role,18.3,12.6,26.53061224489796,76,14,28.9,12.8
203915,Spencer Dinwiddie,DAL,2021-22,november,Role Player,Role,19.7,26.4,53.27102803738318,78,13,29.1,12.8
201569,Eric Gordon,HOU,2021-22,november,3&D Wing,Wing,19.2,14.6,50.0,75,11,30.9,12.7
1628398,Kyle Kuzma,WAS,2021-22,november,Role Player,Role,19.8,14.7,54.20560747663552,81,15,31.3,12.6
1628366,Lonzo Ball,CHI,2021-22,november,Role Player,Role,16.2,19.1,62.962962962962955,78,16,34.6,12.6
203994,Jusuf Nurkić,POR,2021-22,november,Rim Runner,Big,19.1,15.6,7.594936708860758,83,16,24.7,12.4
203935,Marcus Smart,BOS,2021-22,november,Role Player,Role,16.4,25.3,44.117647058823536,76,15,34.2,12.4
201143,Al Horford,BOS,2021-22,november,Role Player,Role,18.7,19.9,45.36082474226804,81,14,28.3,12.4
1626167,Myles Turner,IND,2021-22,november,Stretch Big,Big,16.0,4.8,52.87356321839081,83,15,29.1,12.3
202692,Alec Burks,NYK,2021-22,november,Role Player,Role,18.6,12.8,56.666666666666664,78,15,25.3,12.3
201565,Derrick Rose,NYK,2021-22,november,Role Player,Role,22.4,26.5,32.743362831858406,74,12,24.7,12.2
1627777,Georges Niang,PHI,2021-22,november,Role Player,Role,19.0,10.0,58.653846153846146,79,15,27.8,12.1
1630591,Jalen Suggs,ORL,2021-22,november,Secondary Ball Handler,Secondary,25.4,20.1,36.97478991596639,77,14,26.9,12.1
1629014,Anfernee Simons,POR,2021-22,november,Secondary Ball Handler,Secondary,21.7,14.7,51.48514851485149,75,15,24.1,12.1
1628984,Devonte' Graham,NOP,2021-22,november,Role Player,Role,19.2,21.6,66.05504587155964,73,13,29.8,11.9
203484,Kentavious Caldwell-Pope,WAS,2021-22,november,Role Player,Role,17.8,7.2,60.416666666666664,77,15,28.6,11.7
1629023,P.J. Washington,CHA,2021-22,november,Role Player,Role,18.8,8.1,60.0,79,6,21.9,11.7
203992,Bogdan Bogdanović,ATL,2021-22,november,Role Player,Role,17.4,11.8,60.3960396039604,78,14,27.9,11.6
1626163,Frank Kaminsky,PHX,2021-22,november,Anchor Big,Big,18.4,11.2,20.512820512820515,84,8,21.4,11.6
1628401,Derrick White,BOS,2021-22,november,Role Player,Role,18.4,21.2,40.869565217391305,76,13,30.6,11.6
203925,Joe Harris,BKN,2021-22,november,Role Player,Role,10.7,4.6,76.05633802816902,78,7,30.1,11.6
1629003,Shake Milton,PHI,2021-22,november,Role Player,Role,19.6,18.3,27.0,77,14,26.4,11.6
1628969,Mikal Bridges,PHX,2021-22,november,Role Player,Role,12.0,7.0,34.090909090909086,78,16,35.4,11.5
1628420,Monte Morris,DEN,2021-22,november,Role Player,Role,18.9,22.1,34.51327433628318,74,14,29.8,11.5
1628404,Josh Hart,POR,2021-22,november,3&D Wing,Wing,15.8,19.4,28.888888888888893,77,16,31.8,11.4
1628989,Kevin Huerter,ATL,2021-22,november,Role Player,Role,16.1,12.1,48.31460674157303,79,14,27.7,11.4
203095,Evan Fournier,NYK,2021-22,november,Role Player,Role,19.5,8.7,55.88235294117647,78,15,26.4,11.3
1630169,Tyrese Haliburton,IND,2021-22,november,Role Player,Role,16.0,22.2,40.77669902912621,77,14,33.1,11.3
1628402,Frank Jackson,DET,2021-22,november,Role Player,Role,20.7,6.8,67.41573033707866,75,15,22.0,11.3
201587,Nicolas Batum,LAC,2021-22,november,3&D Wing,Wing,11.8,6.7,79.41176470588236,80,10,28.2,11.2
1630180,Saddiq Bey,DET,2021-22,november,Role Player,Role,19.4,13.2,48.031496062992126,79,15,32.0,11.2
1630193,Immanuel Quickley,NYK,2021-22,november,Role Player,Role,19.7,20.7,61.44578313253011,75,15,22.6,11.1
1628370,Malik Monk,LAL,2021-22,november,Role Player,Role,17.9,14.4,55.68181818181818,75,16,25.4,11.1
1629631,De'Andre Hunter,ATL,2021-22,november,Role Player,Role,16.9,3.5,38.04347826086957,80,6,27.4,11.0
1629130,Duncan Robinson,MIA,2021-22,november,Movement Shooter,Shooter,17.6,7.7,86.9158878504673,79,15,29.0,11.0
1629659,Talen Horton-Tucker,LAL,2021-22,november,Role Player,Role,19.2,13.1,33.01886792452831,76,10,28.8,10.9
1630537,Chris Duarte,IND,2021-22,november,Role Player,Role,20.0,10.0,46.666666666666664,77,14,25.9,10.9
1629726,Garrison Mathews,HOU,2021-22,november,Role Player,Role,14.9,3.1,85.71428571428571,77,7,24.0,10.9
200752,Rudy Gay,UTA,2021-22,november,Role Player,Role,19.9,10.2,64.7887323943662,80,7,18.9,10.9
201567,Kevin Love,CLE,2021-22,november,Role Player,Role,21.0,12.2,62.35294117647059,80,6,19.8,10.8
1627736,Malik Beasley,MIN,2021-22,november,Role Player,Role,18.5,7.3,76.36363636363637,76,16,26.5,10.8
201145,Jeff Green,DEN,2021-22,november,Role Player,Role,17.2,5.8,33.75,80,14,26.8,10.7
1627751,Jakob Poeltl,SAS,2021-22,november,Rim Runner,Big,16.8,5.9,0.0,85,6,26.1,10.7
201580,JaVale McGee,PHX,2021-22,november,Anchor Big,Big,23.0,7.0,0.0,84,16,16.5,10.6
1626196,Josh Richardson,SAS,2021-22,november,Role Player,Role,15.5,8.1,39.50617283950618,77,10,26.9,10.5
203200,Justin Holiday,SAC,2021-22,november,Role Player,Role,15.8,8.8,74.44444444444444,78,16,27.1,10.4
1630581,Josh Giddey,OKC,2021-22,november,Secondary Ball Handler,Secondary,21.5,31.9,34.21052631578947,80,14,29.9,10.2
1627826,Ivica Zubac,LAC,2021-22,november,Post Scorer,Big,14.1,5.5,0.0,84,16,25.3,10.1
202689,Kemba Walker,NYK,2021-22,november,Role Player,Role,21.1,22.9,46.875,72,12,22.9,10.0
203926,Doug McDermott,SAS,2021-22,november,3&D Wing,Wing,16.8,7.4,49.438202247191015,79,8,25.5,9.9
202339,Eric Bledsoe,POR,2021-22,november,Role Player,Role,16.6,16.9,37.2093023255814,73,16,28.9,9.9
1629611,Terance Mann,LAC,2021-22,november,Role Player,Role,15.0,11.2,37.662337662337656,77,15,28.3,9.9
1626166,Cameron Payne,PHX,2021-22,november,Role Player,Role,25.1,26.3,41.86046511627907,73,14,17.7,9.8
1629629,Cam Reddish,NYK,2021-22,november,Role Player,Role,20.0,6.9,46.98795180722891,80,15,21.7,9.6
1628964,Mo Bamba,ORL,2021-22,november,Stretch Big,Big,15.8,8.2,42.2680412371134,84,14,28.9,9.6
204456,T.J. McConnell,IND,2021-22,november,Role Player,Role,16.0,29.0,12.34567901234568,73,16,25.0,9.6
1627788,Furkan Korkmaz,PHI,2021-22,november,Role Player,Role,18.0,14.0,62.24489795918367,79,14,26.6,9.4
1627827,Dorian Finney-Smith,DAL,2021-22,november,Role Player,Role,11.4,6.2,67.6056338028169,79,13,31.1,9.4
1630558,Davion Mitchell,SAC,2021-22,november,Role Player,Role,19.9,24.2,38.613861386138616,72,16,24.7,9.4
1628464,Daniel Theis,BOS,2021-22,november,Role Player,Role,17.0,7.1,45.83333333333333,81,9,24.2,9.3
1629661,Cameron Johnson,PHX,2021-22,november,Role Player,Role,15.7,7.7,64.0,80,16,22.9,9.3
203109,Jae Crowder,PHX,2021-22,november,Role Player,Role,14.5,6.4,70.88607594936708,78,16,27.3,9.3
201980,Danny Green,PHI,2021-22,november,Role Player,Role,14.7,9.7,78.125,78,8,22.6,9.3
1629622,Max Strus,MIA,2021-22,november,Role Player,Role,15.6,5.6,75.34246575342466,77,8,23.7,9.3
1629655,Daniel Gafford,WAS,2021-22,november,Role Player,Role,16.0,9.9,0.0,81,14,21.7,9.1
1627936,Alex Caruso,CHI,2021-22,november,3&D Wing,Wing,12.8,19.3,49.25373134328358,77,15,30.1,8.9
1629057,Robert Williams III,BOS,2021-22,november,Role Player,Role,11.0,5.5,0.0,81,9,28.4,8.9
1629634,Brandon Clarke,MEM,2021-22,november,Role Player,Role,16.5,13.4,8.333333333333332,80,13,17.1,8.8
1629675,Naz Reid,MIN,2021-22,november,Role Player,Role,20.2,9.4,28.78787878787879,81,14,16.2,8.8
203082,Terrence Ross,ORL,2021-22,november,Role Player,Role,18.8,15.0,48.31460674157303,78,14,24.5,8.8
1628379,Luke Kennard,LAC,2021-22,november,Movement Shooter,Shooter,13.7,9.8,69.23076923076924,77,16,28.0,8.7
1629647,Darius Bazley,OKC,2021-22,november,Role Player,Role,16.9,7.3,38.297872340425535,80,14,28.7,8.6
1629002,Chimezie Metu,SAC,2021-22,november,Role Player,Role,17.9,6.6,51.76470588235295,81,11,23.2,8.5
1629022,Lonnie Walker IV,SAS,2021-22,november,Role Player,Role,21.6,15.0,48.421052631578945,76,13,21.6,8.5
1626220,Royce O'Neale,UTA,2021-22,november,3&D Wing,Wing,11.3,9.5,69.23076923076923,77,13,31.4,8.5
203490,Otto Porter Jr.,GSW,2021-22,november,Role Player,Role,15.7,8.0,75.40983606557377,80,13,19.1,8.4
1629056,Terence Davis,SAC,2021-22,november,Role Player,Role,24.3,4.8,60.0,76,8,16.6,8.4
1630578,Alperen Sengun,HOU,2021-22,november,Versatile Big,Big,19.6,25.3,20.689655172413794,82,13,17.8,8.3
1630538,Bones Hyland,DEN,2021-22,november,Secondary Ball Handler,Secondary,22.9,15.4,67.12328767123287,74,12,16.7,8.3
201568,Danilo Gallinari,ATL,2021-22,november,Stretch Big,Big,15.9,9.0,55.223880597014926,82,15,20.9,8.2
1629001,De'Anthony Melton,MEM,2021-22,november,Role Player,Role,18.5,12.5,52.32558139534884,74,12,22.4,8.2
201976,Patrick Beverley,MIN,2021-22,november,Role Player,Role,13.4,22.1,45.714285714285715,73,12,26.7,8.2
203937,Kyle Anderson,MEM,2021-22,november,Role Player,Role,16.2,16.9,31.506849315068493,81,15,21.7,8.1
201152,Thaddeus Young,TOR,2021-22,november,Role Player,Role,19.3,26.4,1.5873015873015877,80,13,17.1,8.1
1629642,Nassir Little,POR,2021-22,november,Role Player,Role,16.0,5.4,46.26865671641791,77,15,21.7,8.1
1627780,Gary Payton II,GSW,2021-22,november,Role Player,Role,13.9,7.7,31.25,75,14,17.5,8.0
1630171,Isaac Okoro,CLE,2021-22,november,3&D Wing,Wing,14.9,9.3,45.238095238095234,77,10,30.7,8.0
1629013,Landry Shamet,PHX,2021-22,november,3&D Wing,Wing,16.3,14.1,75.75757575757575,76,15,18.9,7.9
1630181,R.J. Hampton,ORL,2021-22,november,Role Player,Role,20.0,23.8,42.42424242424242,76,15,19.5,7.9
203110,Draymond Green,GSW,2021-22,november,Role Player,Role,14.2,34.9,17.857142857142858,78,14,29.2,7.6
200782,P.J. Tucker,MIA,2021-22,november,Role Player,Role,10.2,9.0,45.28301886792453,77,15,28.6,7.6
203920,Khem Birch,TOR,2021-22,november,Role Player,Role,13.2,8.3,6.25,81,8,23.7,7.5
1629643,Chuma Okeke,ORL,2021-22,november,Role Player,Role,16.2,9.4,45.83333333333333,78,15,21.7,7.5
203526,Raul Neto,WAS,2021-22,november,Role Player,Role,20.3,18.3,26.5625,74,15,19.1,7.5
1626168,Trey Lyles,SAC,2021-22,november,Role Player,Role,21.3,4.7,49.20634920634921,81,15,15.9,7.5
1629216,Gabe Vincent,MIA,2021-22,november,Movement Shooter,Shooter,18.5,18.9,61.29032258064515,75,13,17.5,7.5
1630526,Jeremiah Robinson-Earl,OKC,2021-22,november,Role Player,Role,14.0,6.4,51.42857142857144,80,14,23.5,7.4
204060,Joe Ingles,POR,2021-22,november,Role Player,Role,12.2,19.6,78.68852459016394,80,15,25.5,7.4
1628392,Isaiah Hartenstein,LAC,2021-22,november,Anchor Big,Big,17.2,15.1,4.25531914893617,84,16,15.4,7.4
1629680,Matisse Thybulle,PHI,2021-22,november,Role Player,Role,11.1,4.1,47.27272727272727,77,8,29.0,7.4
1630173,Precious Achiuwa,TOR,2021-22,november,Role Player,Role,15.6,9.0,16.049382716049383,80,12,26.7,7.3
1629004,Svi Mykhailiuk,TOR,2021-22,november,Role Player,Role,15.2,7.5,53.73134328358209,79,15,20.9,7.3
1629103,Kelan Martin,BOS,2021-22,november,Role Player,Role,20.0,9.7,40.27777777777777,77,16,16.9,7.3
201588,George Hill,MIL,2021-22,november,Role Player,Role,11.7,12.9,52.54237288135592,76,13,27.2,7.2
203083,Andre Drummond,BKN,2021-22,november,Rim Runner,Big,16.9,13.7,0.0,82,15,24.3,7.2
1628971,Bruce Brown,BKN,2021-22,november,Role Player,Role,13.5,8.6,16.923076923076923,76,12,23.5,7.2
1630231,KJ Martin,HOU,2021-22,november,Role Player,Role,16.6,8.8,30.508474576271183,77,14,17.2,7.1
1630183,Jaden McDaniels,MIN,2021-22,november,Role Player,Role,13.3,5.2,39.3939393939394,81,15,24.3,7.1
1629670,Jordan Nwora,MIL,2021-22,november,Role Player,Role,19.2,9.6,50.793650793650805,80,12,17.1,7.1
1627884,Derrick Jones Jr.,CHI,2021-22,november,3&D Wing,Wing,13.6,4.8,20.454545454545453,78,16,17.7,7.1
203496,Robert Covington,LAC,2021-22,november,Role Player,Role,12.1,8.3,72.13114754098362,79,16,25.7,7.0
202355,Hassan Whiteside,UTA,2021-22,november,Rim Runner,Big,19.0,1.9,0.0,84,15,15.0,6.9
1629234,Drew Eubanks,POR,2021-22,november,Role Player,Role,18.7,14.7,4.166666666666667,81,13,16.8,6.9
1630191,Isaiah Stewart,DET,2021-22,november,Role Player,Role,12.7,6.3,8.620689655172415,80,13,25.4,6.9
1628998,Cody Martin,CHA,2021-22,november,Role Player,Role,10.9,11.4,31.03448275862069,78,15,24.8,6.9
1629026,Kenrich Williams,OKC,2021-22,november,3&D Wing,Wing,14.4,14.9,32.142857142857146,78,13,20.0,6.8
1630245,Ayo Dosunmu,CHI,2021-22,november,Role Player,Role,15.4,6.8,39.62264150943396,76,16,17.2,6.8
1629684,Grant Williams,BOS,2021-22,november,Role Player,Role,11.7,7.1,71.42857142857142,78,15,21.0,6.7
1630529,Herbert Jones,NOP,2021-22,november,Role Player,Role,11.3,8.7,15.517241379310343,79,13,26.7,6.7
202709,Cory Joseph,DET,2021-22,november,Role Player,Role,14.3,27.5,33.333333333333336,75,15,21.9,6.7
201961,Wayne Ellington,LAL,2021-22,november,Role Player,Role,12.0,4.8,92.72727272727272,76,15,20.8,6.7
203914,Gary Harris,ORL,2021-22,november,3&D Wing,Wing,13.4,9.7,46.57534246575342,76,12,25.2,6.6
1626204,Larry Nance Jr.,NOP,2021-22,november,Role Player,Role,13.7,11.9,32.6530612244898,79,16,20.1,6.6
1630267,Facundo Campazzo,DEN,2021-22,november,Role Player,Role,16.3,20.0,68.0,70,13,17.7,6.5
203486,Mason Plumlee,CHA,2021-22,november,Rim Runner,Big,10.9,15.7,0.0,83,13,25.1,6.5
1630166,Deni Avdija,WAS,2021-22,november,Role Player,Role,13.1,8.1,47.27272727272727,81,15,22.5,6.5
1627761,DeAndre' Bembry,MIL,2021-22,november,Role Player,Role,11.0,8.5,21.27659574468085,77,14,23.2,6.4
1628963,Marvin Bagley III,DET,2021-22,november,Rim Runner,Big,14.0,6.5,39.21568627450981,83,7,18.5,6.4
1630165,Killian Hayes,DET,2021-22,november,Role Player,Role,12.4,24.4,50.0,77,10,26.5,6.4
203210,JaMychal Green,DEN,2021-22,november,Role Player,Role,19.3,11.1,40.35087719298245,80,13,15.8,6.4
1627814,Damion Lee,GSW,2021-22,november,Role Player,Role,17.8,10.7,46.666666666666664,77,10,17.6,6.3
1626145,Tyus Jones,MEM,2021-22,november,3&D Wing,Wing,14.5,29.0,35.84905660377358,72,15,18.1,6.3
1630184,Kira Lewis Jr.,NOP,2021-22,november,Role Player,Role,22.2,19.3,41.17647058823529,73,13,15.3,6.2
1629020,Jarred Vanderbilt,MIN,2021-22,november,Role Player,Role,11.5,6.8,8.333333333333334,81,15,23.5,6.1
202066,Garrett Temple,NOP,2021-22,november,Role Player,Role,14.5,10.1,60.377358490566046,77,16,19.7,6.1
1629632,Coby White,CHI,2021-22,november,Secondary Ball Handler,Secondary,20.4,10.3,48.57142857142857,76,9,17.5,6.1
203458,Alex Len,SAC,2021-22,november,Rim Runner,Big,15.8,11.1,20.0,84,11,16.0,6.1
1629011,Mitchell Robinson,NYK,2021-22,november,Rim Runner,Big,8.2,4.9,0.0,84,12,23.1,6.1
1628367,Josh Jackson,SAC,2021-22,november,Role Player,Role,17.8,13.0,45.45454545454545,80,13,17.0,6.0
201933,Blake Griffin,BKN,2021-22,november,Role Player,Role,14.0,15.5,53.84615384615385,81,11,22.6,5.8
1629731,Dean Wade,CLE,2021-22,november,3&D Wing,Wing,9.5,8.4,62.264150943396224,81,12,27.5,5.8
201949,James Johnson,BKN,2021-22,november,Role Player,Role,14.1,13.4,18.867924528301888,79,8,19.7,5.8
1628408,PJ Dozier,DEN,2021-22,november,Role Player,Role,15.6,14.7,47.54098360655738,78,12,19.6,5.8
1628470,Torrey Craig,PHX,2021-22,november,Role Player,Role,13.3,6.5,40.90909090909091,79,16,17.1,5.8
1628997,Caleb Martin,MIA,2021-22,november,Role Player,Role,14.6,4.4,38.18181818181819,77,15,18.4,5.7
202324,Derrick Favors,OKC,2021-22,november,Role Player,Role,15.0,4.2,13.725490196078432,81,11,16.5,5.7
1629750,Javonte Green,CHI,2021-22,november,3&D Wing,Wing,12.3,4.4,27.083333333333336,77,16,21.5,5.5
1630533,Ziaire Williams,MEM,2021-22,november,3&D Wing,Wing,13.6,4.8,62.06896551724138,81,12,19.1,5.3
1628373,Frank Ntilikina,DAL,2021-22,november,Role Player,Role,18.3,15.0,50.0,76,10,15.2,5.3
1630559,Austin Reaves,LAL,2021-22,november,Role Player,Role,11.4,7.1,58.139534883720934,77,6,19.8,5.2
203493,Reggie Bullock Jr.,DAL,2021-22,november,Role Player,Role,11.9,3.7,68.96551724137932,78,12,24.1,5.2
1626172,Kevon Looney,GSW,2021-22,november,Role Player,Role,12.9,8.8,0.0,81,15,19.3,5.1
202340,Avery Bradley,LAL,2021-22,november,Role Player,Role,10.6,6.4,60.0,75,15,24.4,5.1
1629667,Jalen McDaniels,CHA,2021-22,november,Role Player,Role,13.7,7.1,53.846153846153854,81,15,15.2,5.1
1628988,Aaron Holiday,PHX,2021-22,november,3&D Wing,Wing,17.0,18.0,28.30188679245283,72,15,17.1,4.9
203500,Steven Adams,MEM,2021-22,november,Rim Runner,Big,11.3,13.4,0.0,83,15,24.1,4.9
203939,Dwight Powell,DAL,2021-22,november,Rim Runner,Big,9.9,9.0,25.0,82,13,18.1,4.8
203085,Austin Rivers,DEN,2021-22,november,Role Player,Role,12.3,5.6,65.99999999999999,76,12,20.2,4.8
1629308,Juan Toscano-Anderson,GSW,2021-22,november,Role Player,Role,14.0,18.3,33.33333333333333,78,14,16.7,4.7
1630197,Aleksej Pokusevski,OKC,2021-22,november,Rim Runner,Big,19.0,15.4,40.0,84,14,15.2,4.5
1629641,Romeo Langford,SAS,2021-22,november,Role Player,Role,11.3,3.8,43.18181818181818,77,14,19.1,4.5
203090,Maurice Harkless,SAC,2021-22,november,Role Player,Role,10.6,3.6,60.97560975609757,79,11,19.7,4.4
203457,Nerlens Noel,NYK,2021-22,november,Anchor Big,Big,8.3,3.8,6.666666666666667,83,9,24.1,4.1
1627752,Taurean Prince,MIN,2021-22,november,3&D Wing,Wing,12.5,9.7,65.85365853658539,78,14,15.7,4.1
1628400,Semi Ojeleye,LAC,2021-22,november,Role Player,Role,9.4,3.0,48.78048780487806,78,9,21.4,3.7
2738,Andre Iguodala,GSW,2021-22,november,Role Player,Role,8.7,28.7,48.48484848484849,78,7,20.2,3.4
203918,Rodney Hood,LAC,2021-22,november,Role Player,Role,9.2,7.5,69.69696969696969,80,10,16.1,3.4
1630598,Aaron Wiggins,OKC,2021-22,november,3&D Wing,Wing,9.9,12.0,86.95652173913044,76,8,15.0,3.3
1629006,Josh Okogie,MIN,2021-22,november,3&D Wing,Wing,10.1,9.4,41.37931034482759,76,9,15.1,2.9
203107,Tomas Satoransky,WAS,2021-22,november,Role Player,Role,11.1,23.9,21.21212121212121,79,15,16.5,2.9
203145,Kent Bazemore,LAL,2021-22,november,Role Player,Role,11.5,5.5,44.73684210526316,76,10,15.0,2.5
201959,Taj Gibson,NYK,2021-22,november,Role Player,Role,6.4,5.1,0.0,81,6,21.8,2.0
201142,Kevin Durant,BKN,2021-22,december,Versatile Big,Big,33.6,25.8,22.448979591836736,82,8,40.2,33.1
2544,LeBron James,LAL,2021-22,december,Primary Initiator,Primary,30.5,31.4,35.7487922705314,81,14,36.8,30.7
1629027,Trae Young,ATL,2021-22,december,Primary Initiator,Primary,36.4,46.2,34.59915611814346,73,11,36.0,30.5
1628378,Donovan Mitchell,UTA,2021-22,december,Primary Initiator,Primary,32.3,24.1,47.88732394366197,73,12,34.2,30.2
203081,Damian Lillard,POR,2021-22,december,Primary Initiator,Primary,32.4,29.5,55.392156862745104,74,9,38.0,29.6
201942,DeMar DeRozan,CHI,2021-22,december,Primary Initiator,Primary,31.3,25.3,4.784688995215311,78,8,35.9,29.3
203954,Joel Embiid,PHI,2021-22,december,Versatile Big,Big,34.6,22.4,18.617021276595743,84,13,34.5,29.2
203507,Giannis Antetokounmpo,MIL,2021-22,december,Versatile Big,Big,34.3,31.1,15.873015873015875,83,9,32.3,28.9
1628369,Jayson Tatum,BOS,2021-22,december,Role Player,Role,31.2,18.0,41.34615384615385,80,12,36.8,27.9
203897,Zach LaVine,CHI,2021-22,december,Primary Initiator,Primary,28.9,28.6,37.69633507853403,77,9,35.8,27.8
201939,Stephen Curry,GSW,2021-22,december,Primary Initiator,Primary,32.1,21.5,67.13615023474179,74,12,35.5,27.6
1626157,Karl-Anthony Towns,MIN,2021-22,december,Versatile Big,Big,29.5,21.3,27.07182320441989,83,9,34.8,26.8
1629630,Ja Morant,MEM,2021-22,december,Primary Initiator,Primary,31.0,30.3,19.791666666666664,75,6,31.8,26.5
201935,James Harden,PHI,2021-22,december,Primary Initiator,Primary,29.8,40.6,37.2972972972973,77,8,39.5,26.3
1628983,Shai Gilgeous-Alexander,OKC,2021-22,december,Primary Initiator,Primary,31.2,29.2,27.22772277227723,78,13,35.8,26.2
1629029,Luka Dončić,DAL,2021-22,december,Primary Initiator,Primary,37.5,48.9,39.6039603960396,79,5,34.3,26.0
203999,Nikola Jokić,DEN,2021-22,december,Versatile Big,Big,33.3,40.9,23.958333333333332,83,13,33.0,25.2
1627742,Brandon Ingram,NOP,2021-22,december,Role Player,Role,28.3,26.9,26.737967914438503,80,11,35.0,25.2
1626164,Devin Booker,PHX,2021-22,december,Secondary Ball Handler,Secondary,29.5,21.7,37.74509803921569,77,7,34.8,24.7
203078,Bradley Beal,WAS,2021-22,december,Primary Initiator,Primary,29.7,28.8,20.0,76,11,35.6,24.4
1627759,Jaylen Brown,BOS,2021-22,december,Secondary Ball Handler,Secondary,31.8,15.0,42.857142857142854,78,10,35.2,24.0
1630162,Anthony Edwards,MIN,2021-22,december,Secondary Ball Handler,Secondary,27.2,16.8,49.14285714285714,76,8,34.5,22.9
1627783,Pascal Siakam,TOR,2021-22,december,Role Player,Role,26.8,19.6,15.591397849462362,80,8,38.1,22.6
1627832,Fred VanVleet,TOR,2021-22,december,Role Player,Role,24.8,30.9,59.65909090909091,73,8,36.9,22.0
204001,Kristaps Porziņģis,WAS,2021-22,december,Post Scorer,Big,29.4,14.8,32.92682926829269,87,12,30.3,21.7
1627747,Caris LeVert,CLE,2021-22,december,Secondary Ball Handler,Secondary,26.6,24.6,31.07344632768362,78,13,34.7,21.6
201950,Jrue Holiday,MIL,2021-22,december,Secondary Ball Handler,Secondary,23.2,32.6,26.282051282051285,75,15,35.3,21.3
1630163,LaMelo Ball,CHA,2021-22,december,Secondary Ball Handler,Secondary,26.9,37.1,45.751633986928105,79,7,30.1,20.9
1629636,Darius Garland,CLE,2021-22,december,Secondary Ball Handler,Secondary,24.5,34.4,41.830065359477125,73,12,33.8,20.8
1630175,Cole Anthony,ORL,2021-22,december,Secondary Ball Handler,Secondary,27.2,27.4,42.19653179190751,75,8,34.5,20.6
1628368,De'Aaron Fox,SAC,2021-22,december,Secondary Ball Handler,Secondary,26.8,21.5,18.125,75,11,32.6,20.5
203114,Khris Middleton,MIL,2021-22,december,Secondary Ball Handler,Secondary,26.4,24.1,41.935483870967744,79,13,32.3,20.3
1628415,Dillon Brooks,MEM,2021-22,december,Role Player,Role,27.1,16.1,28.73563218390805,79,11,31.8,20.0
1626181,Norman Powell,LAC,2021-22,december,Role Player,Role,24.5,13.8,41.61490683229813,75,13,37.2,19.9
1628381,John Collins,ATL,2021-22,december,Role Player,Role,21.4,8.6,31.343283582089555,81,11,33.5,19.6
1628970,Miles Bridges,CHA,2021-22,december,Role Player,Role,22.3,18.7,35.374149659863946,79,11,36.1,19.6
1627734,Domantas Sabonis,SAC,2021-22,december,Versatile Big,Big,20.8,21.6,15.254237288135592,83,12,35.2,19.5
1630532,Franz Wagner,ORL,2021-22,december,Anchor Big,Big,23.9,15.0,22.81879194630872,82,14,34.0,19.5
202331,Paul George,LAC,2021-22,december,Primary Initiator,Primary,29.6,31.8,35.1063829787234,80,5,35.7,19.4
202689,Kemba Walker,NYK,2021-22,december,Role Player,Role,23.1,25.2,54.37499999999999,72,6,35.6,19.3
1626162,Kelly Oubre Jr.,CHA,2021-22,december,Role Player,Role,23.6,9.0,59.45945945945946,78,13,32.2,19.2
203952,Andrew Wiggins,GSW,2021-22,december,Role Player,Role,22.6,11.3,41.21621621621621,79,9,32.9,19.2
203944,Julius Randle,NYK,2021-22,december,Role Player,Role,27.2,24.2,33.93939393939394,80,14,35.4,19.1
203076,Anthony Davis,LAL,2021-22,december,Anchor Big,Big,24.9,9.3,14.084507042253522,82,5,33.9,19.0
1630217,Desmond Bane,MEM,2021-22,december,Secondary Ball Handler,Secondary,23.4,13.9,44.93670886075949,77,16,30.6,18.9
1629028,Deandre Ayton,PHX,2021-22,december,Anchor Big,Big,23.6,10.9,1.5748031496062995,83,9,31.2,18.7
202711,Bojan Bogdanovic,UTA,2021-22,december,Role Player,Role,23.3,6.1,50.0,79,14,29.0,18.6
1629639,Tyler Herro,MIA,2021-22,december,Role Player,Role,29.8,24.2,34.35582822085889,77,12,30.5,18.4
1628973,Jalen Brunson,DAL,2021-22,december,Secondary Ball Handler,Secondary,23.4,31.0,23.076923076923077,73,16,33.1,18.3
1628386,Jarrett Allen,CLE,2021-22,december,Anchor Big,Big,18.6,8.7,1.98019801980198,82,11,32.0,18.2
1626174,Christian Wood,HOU,2021-22,december,Role Player,Role,25.2,11.6,37.404580152671755,81,14,29.7,18.0
202694,Marcus Morris Sr.,LAC,2021-22,december,Role Player,Role,23.4,12.8,39.16083916083915,80,11,31.4,18.0
1630180,Saddiq Bey,DET,2021-22,december,Role Player,Role,21.0,10.7,54.34782608695651,79,12,35.2,18.0
201567,Kevin Love,CLE,2021-22,december,Movement Shooter,Shooter,26.1,15.9,71.96261682242991,80,15,21.9,17.9
1630595,Cade Cunningham,DET,2021-22,december,Secondary Ball Handler,Secondary,26.5,31.3,35.80246913580247,78,9,34.0,17.9
201566,Russell Westbrook,LAL,2021-22,december,Secondary Ball Handler,Secondary,25.2,33.9,16.3265306122449,75,14,35.4,17.6
1629628,RJ Barrett,NYK,2021-22,december,Role Player,Role,26.5,15.8,43.24324324324324,78,8,30.0,17.6
202696,Nikola Vučević,CHI,2021-22,december,Rim Runner,Big,24.5,12.4,35.294117647058826,82,11,33.3,17.5
201988,Patty Mills,BKN,2021-22,december,Role Player,Role,19.6,10.5,67.58620689655173,72,12,35.4,17.5
1628991,Jaren Jackson Jr.,MEM,2021-22,december,Anchor Big,Big,26.4,7.2,38.02816901408451,83,15,28.2,17.5
1628401,Derrick White,BOS,2021-22,december,Secondary Ball Handler,Secondary,22.1,27.4,46.34146341463414,76,15,29.4,17.2
1626156,D'Angelo Russell,MIN,2021-22,december,Secondary Ball Handler,Secondary,25.0,34.7,54.21686746987952,76,8,35.0,17.1
202330,Gordon Hayward,CHA,2021-22,december,Role Player,Role,21.3,19.0,35.338345864661655,79,12,32.8,17.1
202699,Tobias Harris,PHI,2021-22,december,Role Player,Role,23.2,16.8,25.547445255474457,79,13,35.1,16.8
202685,Jonas Valančiūnas,NOP,2021-22,december,Post Scorer,Big,23.6,11.9,14.166666666666666,83,10,31.5,16.6
1627736,Malik Beasley,MIN,2021-22,december,Role Player,Role,21.8,11.5,70.66666666666667,76,14,30.9,16.6
1628404,Josh Hart,POR,2021-22,december,3&D Wing,Wing,17.1,21.6,33.6734693877551,77,8,37.6,16.5
203501,Tim Hardaway Jr.,DAL,2021-22,december,Movement Shooter,Shooter,24.7,12.8,60.28368794326241,77,10,29.2,16.5
1630169,Tyrese Haliburton,IND,2021-22,december,Role Player,Role,19.1,37.4,46.34146341463414,77,15,35.2,16.5
202704,Reggie Jackson,LAC,2021-22,december,Primary Initiator,Primary,28.8,25.9,38.8235294117647,74,11,30.6,16.5
1626179,Terry Rozier,CHA,2021-22,december,Role Player,Role,21.8,17.2,50.69444444444444,73,9,30.7,16.4
1630567,Scottie Barnes,TOR,2021-22,december,Role Player,Role,16.7,14.8,29.03225806451613,79,7,37.8,16.3
201569,Eric Gordon,HOU,2021-22,december,3&D Wing,Wing,20.4,23.7,50.46728971962617,75,14,29.5,16.1
203497,Rudy Gobert,UTA,2021-22,december,Anchor Big,Big,16.6,5.3,0.0,85,14,32.5,16.1
1626171,Bobby Portis,MIL,2021-22,december,Rim Runner,Big,22.4,8.0,36.8,82,12,28.5,15.9
1629673,Jordan Poole,GSW,2021-22,december,Secondary Ball Handler,Secondary,22.2,18.8,54.99999999999999,76,7,31.6,15.9
203552,Seth Curry,BKN,2021-22,december,Role Player,Role,18.7,23.4,41.80327868852459,74,13,35.8,15.8
1627749,Dejounte Murray,SAS,2021-22,december,Role Player,Role,23.0,40.1,29.411764705882355,76,12,33.5,15.8
200768,Kyle Lowry,MIA,2021-22,december,Role Player,Role,21.6,37.6,58.536585365853654,72,13,35.5,15.8
1629056,Terence Davis,SAC,2021-22,december,Role Player,Role,25.8,10.1,50.42016806722689,76,8,22.7,15.8
1629652,Luguentz Dort,OKC,2021-22,december,3&D Wing,Wing,22.7,7.4,56.164383561643824,75,14,32.7,15.6
203914,Gary Harris,ORL,2021-22,december,3&D Wing,Wing,17.1,10.3,47.222222222222214,76,13,33.2,15.5
1628366,Lonzo Ball,CHI,2021-22,december,Role Player,Role,19.0,22.2,68.42105263157893,78,7,38.0,15.4
203082,Terrence Ross,ORL,2021-22,december,Role Player,Role,22.3,16.9,46.36363636363636,78,7,27.4,15.4
1626167,Myles Turner,IND,2021-22,december,Stretch Big,Big,18.0,4.9,42.59259259259259,83,13,31.2,15.4
1627763,Malcolm Brogdon,IND,2021-22,december,Role Player,Role,21.8,30.6,37.096774193548384,77,8,31.9,15.3
1629640,Keldon Johnson,SAS,2021-22,december,Role Player,Role,20.0,5.3,37.06896551724138,78,14,29.6,15.2
1629632,Coby White,CHI,2021-22,december,Secondary Ball Handler,Secondary,20.5,15.7,59.29203539823009,76,6,30.5,15.2
1629018,Gary Trent Jr.,TOR,2021-22,december,3&D Wing,Wing,19.6,12.6,53.42465753424658,77,9,35.2,15.1
1629661,Cameron Johnson,PHX,2021-22,december,Role Player,Role,17.4,7.0,65.71428571428571,80,14,28.4,15.1
200746,LaMarcus Aldridge,BKN,2021-22,december,Rim Runner,Big,20.2,5.0,13.392857142857142,83,6,27.5,15.0
1628379,Luke Kennard,LAC,2021-22,december,Movement Shooter,Shooter,17.2,10.6,64.54545454545453,77,14,30.8,14.9
201144,Mike Conley,UTA,2021-22,december,Secondary Ball Handler,Secondary,20.6,26.2,49.57983193277311,73,12,28.3,14.8
203994,Jusuf Nurkić,POR,2021-22,december,Rim Runner,Big,24.9,16.4,7.6190476190476195,83,10,27.4,14.8
1629629,Cam Reddish,NYK,2021-22,december,Role Player,Role,23.0,9.2,47.05882352941176,80,10,27.2,14.7
203471,Dennis Schröder,HOU,2021-22,december,Secondary Ball Handler,Secondary,23.1,20.0,32.30769230769231,73,9,30.2,14.7
1628420,Monte Morris,DEN,2021-22,december,Role Player,Role,18.0,19.0,44.642857142857146,74,12,30.8,14.7
1630596,Evan Mobley,CLE,2021-22,december,Anchor Big,Big,18.9,11.6,10.743801652892564,83,11,33.0,14.5
203903,Jordan Clarkson,UTA,2021-22,december,Role Player,Role,25.0,15.9,52.89855072463767,76,14,26.3,14.4
1630178,Tyrese Maxey,PHI,2021-22,december,Secondary Ball Handler,Secondary,20.3,17.5,28.2258064516129,74,11,32.3,14.4
1629622,Max Strus,MIA,2021-22,december,Role Player,Role,20.1,9.0,70.58823529411765,77,13,25.4,14.3
203932,Aaron Gordon,DEN,2021-22,december,Role Player,Role,17.9,9.1,33.009708737864074,80,10,33.4,14.3
101108,Chris Paul,PHX,2021-22,december,Secondary Ball Handler,Secondary,20.6,40.6,23.72881355932203,72,14,32.3,14.2
1630256,Jae'Sean Tate,HOU,2021-22,december,Role Player,Role,22.0,24.6,26.41509433962264,76,14,27.5,14.2
1628977,Hamidou Diallo,DET,2021-22,december,Role Player,Role,20.2,11.5,18.095238095238095,77,11,28.1,14.1
203084,Harrison Barnes,SAC,2021-22,december,3&D Wing,Wing,18.2,10.1,47.706422018348626,80,13,32.0,14.1
1628984,Devonte' Graham,NOP,2021-22,december,Role Player,Role,18.8,21.1,74.38016528925621,73,12,32.1,14.0
203115,Will Barton,DEN,2021-22,december,Role Player,Role,22.0,17.2,48.55072463768116,77,11,31.6,14.0
1628449,Chris Boucher,TOR,2021-22,december,Role Player,Role,21.0,3.0,39.361702127659576,81,10,24.5,13.7
1628370,Malik Monk,LAL,2021-22,december,Role Player,Role,17.6,10.1,54.08163265306122,75,9,27.1,13.6
1629638,Nickeil Alexander-Walker,UTA,2021-22,december,Role Player,Role,25.3,18.5,46.3768115942029,77,9,26.2,13.6
1628398,Kyle Kuzma,WAS,2021-22,december,Role Player,Role,20.4,14.5,41.46341463414633,81,12,31.3,13.4
201568,Danilo Gallinari,ATL,2021-22,december,Stretch Big,Big,19.0,11.3,48.93617021276595,82,8,25.5,13.4
1628989,Kevin Huerter,ATL,2021-22,december,Role Player,Role,16.2,13.4,56.481481481481474,79,8,33.1,13.4
1630537,Chris Duarte,IND,2021-22,december,Role Player,Role,20.5,12.0,45.79439252336449,77,12,28.4,13.3
202692,Alec Burks,NYK,2021-22,december,Role Player,Role,17.8,12.7,48.51485148514852,78,14,32.3,13.3
1628997,Caleb Martin,MIA,2021-22,december,Role Player,Role,16.4,9.9,44.18604651162791,77,8,29.3,13.3
1626196,Josh Richardson,SAS,2021-22,december,Role Player,Role,18.1,9.8,48.93617021276595,77,9,27.2,13.1
1627741,Buddy Hield,IND,2021-22,december,Movement Shooter,Shooter,20.2,8.7,67.52136752136752,76,15,28.7,13.1
1629022,Lonnie Walker IV,SAS,2021-22,december,Role Player,Role,22.6,13.7,48.113207547169814,76,14,22.3,12.9
203095,Evan Fournier,NYK,2021-22,december,Role Player,Role,20.2,11.1,59.50413223140496,78,14,29.8,12.7
1629130,Duncan Robinson,MIA,2021-22,december,Movement Shooter,Shooter,18.2,9.4,75.72815533980581,79,14,27.8,12.6
1628976,Wendell Carter Jr.,ORL,2021-22,december,Anchor Big,Big,19.1,15.1,35.35353535353536,82,12,30.0,12.5
203926,Doug McDermott,SAS,2021-22,december,3&D Wing,Wing,18.8,8.2,55.55555555555556,79,14,23.8,12.3
1628402,Frank Jackson,DET,2021-22,december,Role Player,Role,20.8,9.1,56.07476635514019,75,12,24.7,12.3
1629216,Gabe Vincent,MIA,2021-22,december,Movement Shooter,Shooter,18.9,21.4,61.0,75,14,30.4,12.1
1630193,Immanuel Quickley,NYK,2021-22,december,Secondary Ball Handler,Secondary,21.9,15.8,60.55045871559632,75,11,26.3,12.0
1627827,Dorian Finney-Smith,DAL,2021-22,december,Role Player,Role,13.9,12.6,58.24175824175825,79,15,34.7,11.9
1629726,Garrison Mathews,HOU,2021-22,december,Role Player,Role,14.2,4.1,82.55813953488372,77,13,31.5,11.9
1628374,Lauri Markkanen,CLE,2021-22,december,Stretch Big,Big,19.5,7.3,47.32142857142858,83,15,28.6,11.9
1626166,Cameron Payne,PHX,2021-22,december,Role Player,Role,25.6,28.4,29.66101694915254,73,14,23.7,11.9
1627751,Jakob Poeltl,SAS,2021-22,december,Anchor Big,Big,18.4,15.5,0.0,85,15,27.5,11.8
1630581,Josh Giddey,OKC,2021-22,december,Secondary Ball Handler,Secondary,22.4,33.7,31.25,80,10,31.3,11.8
2546,Carmelo Anthony,LAL,2021-22,december,Role Player,Role,19.6,6.6,59.00000000000001,79,14,25.1,11.8
1628998,Cody Martin,CHA,2021-22,december,Role Player,Role,14.3,15.2,36.04651162790698,78,9,33.7,11.8
1629611,Terance Mann,LAC,2021-22,december,Role Player,Role,15.0,11.7,31.034482758620697,77,15,30.9,11.7
203935,Marcus Smart,BOS,2021-22,december,Role Player,Role,17.1,20.7,38.83495145631068,76,13,33.8,11.6
1626149,Montrezl Harrell,CHA,2021-22,december,Role Player,Role,19.2,14.1,4.411764705882353,79,12,22.6,11.6
1629023,P.J. Washington,CHA,2021-22,december,Role Player,Role,16.8,14.8,62.10526315789474,79,10,28.2,11.5
201565,Derrick Rose,NYK,2021-22,december,Role Player,Role,20.5,30.8,29.7029702970297,74,8,26.4,11.4
201937,Ricky Rubio,IND,2021-22,december,Role Player,Role,21.1,36.9,39.62264150943396,74,13,27.3,11.3
1627854,Bryn Forbes,DEN,2021-22,december,Role Player,Role,24.3,9.1,48.192771084337345,74,13,16.5,11.2
1626224,Cedi Osman,CLE,2021-22,december,Role Player,Role,21.3,14.5,60.63829787234043,79,9,22.8,11.2
1630558,Davion Mitchell,SAC,2021-22,december,Role Player,Role,17.7,20.1,35.41666666666667,72,9,25.5,11.2
1628969,Mikal Bridges,PHX,2021-22,december,Role Player,Role,13.2,6.4,38.88888888888889,78,14,33.1,11.2
1629001,De'Anthony Melton,MEM,2021-22,december,Role Player,Role,21.1,20.1,51.68539325842696,74,12,23.0,11.2
1630171,Isaac Okoro,CLE,2021-22,december,3&D Wing,Wing,15.4,9.3,39.726027397260275,77,12,28.3,11.2
201580,JaVale McGee,PHX,2021-22,december,Anchor Big,Big,23.3,7.5,4.3478260869565215,84,13,16.9,11.2
203484,Kentavious Caldwell-Pope,WAS,2021-22,december,Role Player,Role,18.8,10.5,49.523809523809526,77,11,28.7,11.1
1629667,Jalen McDaniels,CHA,2021-22,december,Role Player,Role,16.1,6.3,35.80246913580247,81,8,26.3,11.0
203085,Austin Rivers,DEN,2021-22,december,Role Player,Role,15.9,13.4,63.41463414634148,76,5,25.3,10.8
201143,Al Horford,BOS,2021-22,december,Role Player,Role,14.9,21.9,53.191489361702125,81,9,32.3,10.8
203991,Clint Capela,ATL,2021-22,december,Rim Runner,Big,15.2,9.5,0.0,82,12,30.4,10.8
1630529,Herbert Jones,NOP,2021-22,december,Role Player,Role,14.6,9.3,23.809523809523807,79,12,30.9,10.8
202339,Eric Bledsoe,POR,2021-22,december,Role Player,Role,21.3,32.2,30.434782608695656,73,15,24.3,10.7
203200,Justin Holiday,SAC,2021-22,december,Role Player,Role,16.2,6.3,70.2127659574468,78,7,28.9,10.7
1630183,Jaden McDaniels,MIN,2021-22,december,Role Player,Role,16.2,7.2,47.474747474747474,81,12,29.5,10.7
1628963,Marvin Bagley III,DET,2021-22,december,Anchor Big,Big,18.2,4.3,31.521739130434785,83,9,22.8,10.7
1629057,Robert Williams III,BOS,2021-22,december,Role Player,Role,13.5,13.3,0.0,81,14,26.7,10.6
203915,Spencer Dinwiddie,DAL,2021-22,december,Role Player,Role,19.8,29.7,43.26923076923077,78,11,30.8,10.5
1629669,Jaylen Nowell,MIN,2021-22,december,Role Player,Role,23.5,21.3,38.20224719101123,76,11,18.3,10.5
1629634,Brandon Clarke,MEM,2021-22,december,Role Player,Role,19.3,12.8,15.151515151515152,80,5,16.2,10.4
1629014,Anfernee Simons,POR,2021-22,december,Secondary Ball Handler,Secondary,21.6,12.8,46.29629629629629,75,9,25.6,10.3
1626192,Pat Connaughton,MIL,2021-22,december,Role Player,Role,13.0,5.8,70.88607594936708,77,16,27.8,10.3
203109,Jae Crowder,PHX,2021-22,december,Role Player,Role,15.0,6.0,64.55696202531644,78,11,28.6,10.0
200782,P.J. Tucker,MIA,2021-22,december,Role Player,Role,14.6,16.9,44.15584415584416,77,10,28.8,10.0
1630202,Payton Pritchard,BOS,2021-22,december,Role Player,Role,18.8,23.5,63.095238095238095,73,12,20.8,10.0
1629655,Daniel Gafford,WAS,2021-22,december,Role Player,Role,14.5,6.8,0.0,81,14,24.5,9.9
1626145,Tyus Jones,MEM,2021-22,december,3&D Wing,Wing,15.5,25.3,35.63218390804598,72,15,27.3,9.8
1629002,Chimezie Metu,SAC,2021-22,december,Role Player,Role,19.3,5.6,38.46153846153847,81,13,23.8,9.8
1629717,Armoni Brooks,TOR,2021-22,december,Role Player,Role,16.5,12.6,84.26966292134831,75,15,25.7,9.7
201145,Jeff Green,DEN,2021-22,december,Role Player,Role,13.7,7.0,30.76923076923077,80,13,27.3,9.7
1630598,Aaron Wiggins,OKC,2021-22,december,3&D Wing,Wing,14.4,5.2,38.70967741935484,76,9,22.6,9.7
1629659,Talen Horton-Tucker,LAL,2021-22,december,Role Player,Role,17.9,13.8,31.25,76,11,27.8,9.6
201976,Patrick Beverley,MIN,2021-22,december,Role Player,Role,15.9,26.3,50.0,73,8,29.4,9.6
1626168,Trey Lyles,SAC,2021-22,december,Role Player,Role,20.7,11.8,36.36363636363637,81,10,19.6,9.6
1630578,Alperen Sengun,HOU,2021-22,december,Versatile Big,Big,22.6,23.8,16.176470588235293,82,16,18.6,9.6
203463,Ben McLemore,POR,2021-22,december,Role Player,Role,19.2,7.6,77.33333333333333,75,11,17.9,9.5
1630219,Skylar Mays,ATL,2021-22,december,Role Player,Role,15.6,10.9,40.0,76,6,22.6,9.5
1627826,Ivica Zubac,LAC,2021-22,december,Post Scorer,Big,14.6,4.9,0.0,84,14,25.9,9.4
1628372,Dennis Smith Jr.,POR,2021-22,december,Role Player,Role,19.0,29.6,21.686746987951803,74,6,27.3,9.3
1627780,Gary Payton II,GSW,2021-22,december,Role Player,Role,16.7,6.4,40.32258064516129,75,13,18.6,9.3
1629003,Shake Milton,PHI,2021-22,december,Role Player,Role,20.2,15.2,33.72093023255814,77,10,24.2,9.3
1630231,KJ Martin,HOU,2021-22,december,Role Player,Role,16.6,13.1,28.985507246376812,77,14,21.4,9.3
202340,Avery Bradley,LAL,2021-22,december,Role Player,Role,13.0,1.8,51.898734177215175,75,8,27.5,9.3
1629675,Naz Reid,MIN,2021-22,december,Role Player,Role,23.5,6.0,37.17948717948718,81,13,17.5,9.2
1630538,Bones Hyland,DEN,2021-22,december,Secondary Ball Handler,Secondary,24.7,13.7,56.04395604395605,74,9,18.4,9.2
1629670,Jordan Nwora,MIL,2021-22,december,Role Player,Role,20.7,6.8,43.333333333333336,80,9,20.6,9.2
1630166,Deni Avdija,WAS,2021-22,december,Role Player,Role,16.7,10.3,45.07042253521127,81,14,23.4,9.1
1630560,Cam Thomas,BKN,2021-22,december,Role Player,Role,17.6,11.0,36.95652173913044,75,10,23.5,9.1
1630167,Obi Toppin,NYK,2021-22,december,Role Player,Role,19.7,8.3,28.125,81,10,18.1,9.1
1628464,Daniel Theis,BOS,2021-22,december,Role Player,Role,19.4,8.6,38.57142857142858,81,6,21.5,9.0
1630191,Isaiah Stewart,DET,2021-22,december,Role Player,Role,13.2,6.0,3.0303030303030307,80,9,29.1,9.0
1629651,Nic Claxton,BKN,2021-22,december,Anchor Big,Big,14.1,5.8,0.0,83,10,22.4,9.0
201577,Robin Lopez,ORL,2021-22,december,Versatile Big,Big,20.1,24.3,2.5974025974025974,84,9,20.2,9.0
203504,Trey Burke,DAL,2021-22,december,Role Player,Role,25.6,28.7,40.0,72,8,17.4,9.0
202326,DeMarcus Cousins,DEN,2021-22,december,Rim Runner,Big,21.9,10.1,38.02816901408451,82,14,16.8,8.9
203110,Draymond Green,GSW,2021-22,december,Role Player,Role,14.9,32.5,25.37313432835821,78,11,31.6,8.9
1627777,Georges Niang,PHI,2021-22,december,Role Player,Role,16.6,5.9,61.194029850746254,79,10,19.5,8.9
1630528,Josh Christopher,HOU,2021-22,december,Role Player,Role,19.4,16.2,42.42424242424242,75,16,20.6,8.9
1630240,Saben Lee,DET,2021-22,december,Role Player,Role,19.6,25.9,43.0379746835443,74,7,20.0,8.9
1630527,Brandon Boston,LAC,2021-22,december,Role Player,Role,21.2,7.4,40.2439024390244,78,13,19.6,8.8
1628960,Grayson Allen,MIL,2021-22,december,Role Player,Role,14.4,4.9,66.27906976744187,76,13,27.8,8.8
1628964,Mo Bamba,ORL,2021-22,december,Stretch Big,Big,16.3,8.6,47.43589743589744,84,6,24.4,8.8
1630181,R.J. Hampton,ORL,2021-22,december,Role Player,Role,20.4,24.0,39.24050632911392,76,10,21.1,8.8
1629642,Nassir Little,POR,2021-22,december,Role Player,Role,14.8,10.6,47.76119402985074,77,9,26.7,8.8
201933,Blake Griffin,BKN,2021-22,december,Role Player,Role,17.4,17.3,41.17647058823529,81,8,19.3,8.8
1630188,Jalen Smith,IND,2021-22,december,Rim Runner,Big,18.1,2.2,32.758620689655174,82,8,17.0,8.8
202684,Tristan Thompson,CHI,2021-22,december,Role Player,Role,20.9,5.3,1.4492753623188406,81,11,18.8,8.7
1629052,Oshae Brissett,IND,2021-22,december,Role Player,Role,14.1,6.0,43.47826086956522,79,13,23.6,8.7
202709,Cory Joseph,DET,2021-22,december,Role Player,Role,16.8,29.5,36.507936507936506,75,6,23.1,8.7
1628392,Isaiah Hartenstein,LAC,2021-22,december,Versatile Big,Big,17.0,21.2,0.0,84,9,18.2,8.7
1629647,Darius Bazley,OKC,2021-22,december,Role Player,Role,15.6,5.5,36.231884057971016,80,11,24.8,8.6
1630561,David Duke Jr.,BKN,2021-22,december,Role Player,Role,15.8,6.7,29.78723404255319,76,5,27.3,8.6
202738,Isaiah Thomas,CHA,2021-22,december,Role Player,Role,20.1,12.8,53.191489361702125,69,5,22.9,8.6
1629139,Yuta Watanabe,TOR,2021-22,december,Role Player,Role,16.4,8.9,49.29577464788733,81,10,22.1,8.6
101150,Lou Williams,ATL,2021-22,december,Role Player,Role,25.1,11.1,36.48648648648648,74,9,16.9,8.6
203473,Dewayne Dedmon,MIA,2021-22,december,Rim Runner,Big,15.4,11.6,20.3125,84,12,22.8,8.5
1629684,Grant Williams,BOS,2021-22,december,Role Player,Role,12.2,4.3,62.962962962962955,78,10,24.8,8.5
203937,Kyle Anderson,MEM,2021-22,december,Role Player,Role,16.8,15.8,20.547945205479454,81,12,23.6,8.5
203526,Raul Neto,WAS,2021-22,december,Role Player,Role,19.7,19.0,24.67532467532467,74,11,20.9,8.5
1628988,Aaron Holiday,PHX,2021-22,december,3&D Wing,Wing,19.1,18.8,26.785714285714285,72,11,15.5,8.2
1630170,Devin Vassell,SAS,2021-22,december,Role Player,Role,16.6,7.3,45.67901234567901,77,12,21.7,8.2
1630526,Jeremiah Robinson-Earl,OKC,2021-22,december,Role Player,Role,16.3,5.3,50.70422535211267,80,12,24.0,8.2
200752,Rudy Gay,UTA,2021-22,december,Role Player,Role,17.5,6.5,58.333333333333336,80,14,20.0,8.1
1629011,Mitchell Robinson,NYK,2021-22,december,Anchor Big,Big,11.5,1.4,0.0,84,15,23.5,8.1
1630544,Tre Mann,OKC,2021-22,december,Role Player,Role,18.6,7.6,42.5,75,11,20.2,8.1
202722,Davis Bertans,DAL,2021-22,december,Stretch Big,Big,17.9,4.9,82.45614035087719,82,13,16.2,8.1
204060,Joe Ingles,POR,2021-22,december,Role Player,Role,14.3,20.8,75.0,80,13,25.6,8.1
1626204,Larry Nance Jr.,NOP,2021-22,december,Role Player,Role,12.2,15.0,28.78787878787879,79,13,28.3,8.1
203500,Steven Adams,MEM,2021-22,december,Rim Runner,Big,12.8,14.5,0.0,83,16,27.0,8.1
1629013,Landry Shamet,PHX,2021-22,december,3&D Wing,Wing,15.8,7.6,60.0,76,14,23.4,8.0
201571,D.J. Augustin,LAL,2021-22,december,Role Player,Role,17.7,22.4,67.85714285714286,71,12,18.6,7.9
1627789,Timothe Luwawu-Cabarrot,ATL,2021-22,december,Role Player,Role,11.6,5.6,65.75342465753424,79,8,28.1,7.9
1629643,Chuma Okeke,ORL,2021-22,december,Role Player,Role,17.5,8.7,60.0,78,11,24.5,7.8
203490,Otto Porter Jr.,GSW,2021-22,december,Role Player,Role,13.4,7.7,54.7945205479452,80,10,24.5,7.8
1627752,Taurean Prince,MIN,2021-22,december,3&D Wing,Wing,15.7,5.2,62.962962962962955,78,5,16.9,7.8
1627814,Damion Lee,GSW,2021-22,december,Role Player,Role,15.7,4.1,50.0,77,10,20.6,7.7
202357,Nemanja Bjelica,GSW,2021-22,december,Role Player,Role,20.3,19.4,45.16129032258064,81,13,16.5,7.7
1630559,Austin Reaves,LAL,2021-22,december,Role Player,Role,11.7,8.0,62.22222222222222,77,6,20.7,7.5
1630245,Ayo Dosunmu,CHI,2021-22,december,Role Player,Role,11.5,10.7,20.454545454545453,76,8,25.6,7.5
1629660,Ty Jerome,OKC,2021-22,december,Role Player,Role,23.9,23.0,38.961038961038966,77,10,17.9,7.5
1628966,Keita Bates-Diop,SAS,2021-22,december,Role Player,Role,16.0,7.3,19.148936170212767,80,12,16.4,7.4
1630267,Facundo Campazzo,DEN,2021-22,december,Role Player,Role,14.1,30.3,64.70588235294117,70,13,25.9,7.4
1626195,Willy Hernangomez,NOP,2021-22,december,Rim Runner,Big,18.0,8.8,1.7241379310344829,83,12,16.7,7.3
1629656,Quentin Grimes,NYK,2021-22,december,Role Player,Role,19.5,13.1,86.36363636363637,76,9,16.6,7.2
1630557,Corey Kispert,WAS,2021-22,december,Role Player,Role,14.8,6.3,53.2258064516129,78,11,21.5,7.2
1629755,Hassani Gravett,ORL,2021-22,december,Role Player,Role,13.4,17.0,69.0909090909091,74,6,23.8,7.2
1630165,Killian Hayes,DET,2021-22,december,Role Player,Role,14.5,19.0,45.20547945205479,77,8,26.9,7.1
1630209,Omer Yurtseven,MIA,2021-22,december,Rim Runner,Big,19.8,8.2,4.477611940298507,83,15,19.2,7.1
1627936,Alex Caruso,CHI,2021-22,december,3&D Wing,Wing,14.1,18.8,55.55555555555555,77,5,21.9,7.0
1629599,Amir Coffey,LAC,2021-22,december,Role Player,Role,13.0,8.0,56.86274509803921,79,7,20.1,7.0
203939,Dwight Powell,DAL,2021-22,december,Rim Runner,Big,13.4,9.2,15.555555555555555,82,16,19.7,7.0
202066,Garrett Temple,NOP,2021-22,december,Role Player,Role,13.8,8.5,65.51724137931035,77,12,21.3,7.0
1629026,Kenrich Williams,OKC,2021-22,december,3&D Wing,Wing,13.6,14.4,39.655172413793096,78,13,21.6,7.0
203496,Robert Covington,LAC,2021-22,december,Role Player,Role,12.4,6.1,63.1578947368421,79,10,30.5,7.0
1627745,Damian Jones,SAC,2021-22,december,Rim Runner,Big,18.2,6.3,10.638297872340424,83,11,16.3,6.9
1629750,Javonte Green,CHI,2021-22,december,3&D Wing,Wing,8.9,7.1,21.27659574468085,77,7,28.4,6.9
203486,Mason Plumlee,CHA,2021-22,december,Rim Runner,Big,11.9,17.0,2.127659574468085,83,7,23.1,6.9
1629020,Jarred Vanderbilt,MIN,2021-22,december,Role Player,Role,8.5,5.1,6.0,81,10,30.7,6.8
203493,Reggie Bullock Jr.,DAL,2021-22,december,Role Player,Role,11.1,7.4,78.94736842105263,78,10,26.3,6.7
1626172,Kevon Looney,GSW,2021-22,december,Role Player,Role,13.2,12.4,2.0,81,13,20.6,6.7
1626158,Richaun Holmes,SAC,2021-22,december,Anchor Big,Big,12.3,9.8,0.0,82,8,22.5,6.6
1627884,Derrick Jones Jr.,CHI,2021-22,december,3&D Wing,Wing,13.1,3.5,38.63636363636363,78,7,18.1,6.6
1628971,Bruce Brown,BKN,2021-22,december,Role Player,Role,14.5,9.5,11.29032258064516,76,9,21.5,6.6
203087,Jeremy Lamb,SAC,2021-22,december,Role Player,Role,22.6,16.7,44.927536231884055,77,10,15.0,6.5
1628425,Sterling Brown,DAL,2021-22,december,Role Player,Role,12.9,8.3,60.377358490566046,77,10,21.2,6.5
1629731,Dean Wade,CLE,2021-22,december,3&D Wing,Wing,12.0,8.9,62.0,81,10,18.9,6.4
201586,Serge Ibaka,MIL,2021-22,december,Rim Runner,Big,18.3,15.9,36.53846153846153,82,10,16.9,6.4
201949,James Johnson,BKN,2021-22,december,Role Player,Role,12.4,17.1,17.857142857142858,79,8,23.0,6.4
1628021,David Nwaba,HOU,2021-22,december,Role Player,Role,15.7,6.5,24.0,77,12,16.0,6.3
1628467,Maxi Kleber,DAL,2021-22,december,Stretch Big,Big,11.8,6.0,75.92592592592592,82,10,24.7,6.3
1626220,Royce O'Neale,UTA,2021-22,december,3&D Wing,Wing,7.9,12.3,63.04347826086957,77,14,30.6,6.3
201588,George Hill,MIL,2021-22,december,Role Player,Role,11.5,11.4,48.0,76,11,23.3,6.3
1627761,DeAndre' Bembry,MIL,2021-22,december,Role Player,Role,11.8,10.1,20.930232558139537,77,9,20.3,6.2
202083,Wesley Matthews,MIL,2021-22,december,Role Player,Role,11.9,6.4,71.42857142857143,76,9,16.5,6.2
1630602,Chaundee Brown Jr.,ATL,2021-22,december,Role Player,Role,14.6,5.6,56.25,77,5,20.7,6.2
201980,Danny Green,PHI,2021-22,december,Role Player,Role,12.8,7.1,87.3015873015873,78,10,27.2,6.1
1629744,Matt Thomas,CHI,2021-22,december,Role Player,Role,10.9,4.8,68.18181818181817,75,5,18.7,6.0
1629641,Romeo Langford,SAS,2021-22,december,Role Player,Role,12.2,4.8,41.07142857142857,77,12,21.2,6.0
201961,Wayne Ellington,LAL,2021-22,december,Role Player,Role,12.3,6.2,91.2280701754386,76,12,21.5,6.0
1630572,Sandro Mamukelashvili,MIL,2021-22,december,Role Player,Role,14.5,10.4,54.71698113207547,81,7,18.2,5.9
1629308,Juan Toscano-Anderson,GSW,2021-22,december,Role Player,Role,16.1,19.2,25.53191489361702,78,13,18.8,5.8
1627788,Furkan Korkmaz,PHI,2021-22,december,Role Player,Role,17.8,13.0,50.84745762711864,79,11,16.3,5.8
1629004,Svi Mykhailiuk,TOR,2021-22,december,Role Player,Role,16.6,13.1,58.333333333333336,79,10,18.1,5.8
202397,Ish Smith,WAS,2021-22,december,Role Player,Role,18.5,26.8,28.571428571428577,72,8,16.8,5.8
203458,Alex Len,SAC,2021-22,december,Rim Runner,Big,15.9,7.0,8.0,84,7,17.5,5.7
1629723,John Konchar,MEM,2021-22,december,3&D Wing,Wing,9.2,10.9,52.77777777777778,77,14,19.1,5.7
1630540,Miles McBride,NYK,2021-22,december,Role Player,Role,15.5,19.7,47.36842105263158,73,6,18.3,5.7
1630214,Xavier Tillman,MEM,2021-22,december,Role Player,Role,16.3,11.2,20.0,80,15,15.8,5.7
1630192,Zeke Nnaji,DEN,2021-22,december,Role Player,Role,13.9,5.0,48.88888888888889,81,12,17.3,5.7
1626153,Delon Wright,ATL,2021-22,december,Role Player,Role,10.8,19.9,36.585365853658544,77,11,22.7,5.6
1629678,Admiral Schofield,ORL,2021-22,december,Role Player,Role,12.7,9.7,48.717948717948715,77,7,16.6,5.6
1629644,KZ Okpala,MIA,2021-22,december,Role Player,Role,14.1,8.5,33.33333333333333,80,12,16.3,5.5
1628972,Troy Brown Jr.,CHI,2021-22,december,Role Player,Role,13.6,13.7,38.0,78,9,19.0,5.4
2738,Andre Iguodala,GSW,2021-22,december,Role Player,Role,14.5,31.3,80.0,78,5,19.4,5.4
1628373,Frank Ntilikina,DAL,2021-22,december,Role Player,Role,14.4,12.5,50.98039215686275,76,11,18.4,5.3
1628432,Davon Reed,DEN,2021-22,december,Role Player,Role,11.1,11.7,46.15384615384615,77,9,17.1,5.0
1629103,Kelan Martin,BOS,2021-22,december,Role Player,Role,14.8,3.5,52.083333333333336,77,11,15.8,4.9
202324,Derrick Favors,OKC,2021-22,december,Role Player,Role,12.3,14.3,4.651162790697675,81,11,15.6,4.7
201587,Nicolas Batum,LAC,2021-22,december,3&D Wing,Wing,11.5,9.3,82.6086956521739,80,5,21.6,4.6
204025,Tim Frazier,CLE,2021-22,december,Role Player,Role,16.3,27.9,48.0,72,5,20.0,4.6
1629680,Matisse Thybulle,PHI,2021-22,december,Role Player,Role,9.7,6.1,56.250000000000014,77,14,25.8,4.6
2730,Dwight Howard,LAL,2021-22,december,Rim Runner,Big,11.4,6.5,3.3333333333333335,82,8,16.1,4.1
1630200,Tre Jones,SAS,2021-22,december,Role Player,Role,11.7,27.8,13.513513513513512,73,15,15.0,4.1
1630550,JT Thor,CHA,2021-22,december,Role Player,Role,12.8,7.8,65.78947368421053,81,6,16.1,4.0
1629681,Killian Tillie,MEM,2021-22,december,Role Player,Role,11.6,6.1,67.56756756756756,81,15,15.1,4.0
202954,Brad Wanamaker,WAS,2021-22,december,Role Player,Role,12.9,26.0,11.428571428571429,75,12,15.2,3.8
203090,Maurice Harkless,SAC,2021-22,december,Role Player,Role,9.0,3.2,50.0,79,8,18.7,3.8
1629162,Jordan McLaughlin,MIN,2021-22,december,Role Player,Role,15.8,26.2,23.25581395348837,71,8,16.5,3.6
201959,Taj Gibson,NYK,2021-22,december,Role Player,Role,9.6,5.1,33.33333333333333,81,10,16.9,3.6
203918,Rodney Hood,LAC,2021-22,december,Role Player,Role,10.8,7.9,52.63157894736842,80,12,16.9,3.6
1628778,Paul Watson,OKC,2021-22,december,Role Player,Role,10.1,8.0,67.5,78,7,18.8,3.6
1628539,Mychal Mulder,MIA,2021-22,december,Role Player,Role,13.1,3.0,72.97297297297297,75,6,15.1,3.3
203457,Nerlens Noel,NYK,2021-22,december,Anchor Big,Big,6.4,7.2,0.0,83,8,22.0,2.8
203503,Tony Snell,NOP,2021-22,december,Role Player,Role,7.7,10.1,72.72727272727273,78,10,16.0,2.7
203954,Joel Embiid,PHI,2021-22,january,Versatile Big,Big,42.1,31.1,15.566037735849056,84,14,32.1,34.0
203507,Giannis Antetokounmpo,MIL,2021-22,january,Versatile Big,Big,36.9,35.5,21.57894736842105,83,13,33.1,31.5
2544,LeBron James,LAL,2021-22,january,Primary Initiator,Primary,31.9,28.9,35.58558558558559,81,11,36.2,30.3
1629630,Ja Morant,MEM,2021-22,january,Primary Initiator,Primary,34.1,32.9,21.17117117117117,75,15,34.9,29.1
1629027,Trae Young,ATL,2021-22,january,Primary Initiator,Primary,34.3,41.8,47.179487179487175,73,13,34.5,28.2
1626164,Devin Booker,PHX,2021-22,january,Secondary Ball Handler,Secondary,33.9,18.5,35.59322033898305,77,14,35.3,28.2
201142,Kevin Durant,BKN,2021-22,january,Versatile Big,Big,29.0,26.2,27.419354838709676,82,8,34.5,27.1
1628369,Jayson Tatum,BOS,2021-22,january,Role Player,Role,31.7,21.8,41.7910447761194,80,15,36.0,27.0
203999,Nikola Jokić,DEN,2021-22,january,Versatile Big,Big,28.2,41.4,25.0,83,16,33.7,26.6
1627759,Jaylen Brown,BOS,2021-22,january,Secondary Ball Handler,Secondary,31.0,18.1,42.00000000000001,78,16,35.1,26.1
201942,DeMar DeRozan,CHI,2021-22,january,Primary Initiator,Primary,30.4,27.7,5.405405405405405,78,15,34.3,25.7
1629029,Luka Dončić,DAL,2021-22,january,Primary Initiator,Primary,34.4,48.3,36.868686868686865,79,15,35.0,25.6
202681,Kyrie Irving,BKN,2021-22,january,Role Player,Role,27.3,23.0,31.28205128205128,74,8,35.2,24.5
1628378,Donovan Mitchell,UTA,2021-22,january,Primary Initiator,Primary,31.8,26.0,44.60093896713615,73,8,35.7,24.3
1626157,Karl-Anthony Towns,MIN,2021-22,january,Rim Runner,Big,25.7,19.9,30.67484662576687,83,13,34.5,24.2
201935,James Harden,PHI,2021-22,january,Secondary Ball Handler,Secondary,27.6,39.4,36.41618497109826,77,13,37.9,24.2
1627832,Fred VanVleet,TOR,2021-22,january,Role Player,Role,24.4,31.1,64.32160804020101,73,14,40.0,23.8
1628368,De'Aaron Fox,SAC,2021-22,january,Primary Initiator,Primary,28.3,24.1,16.853932584269664,75,10,34.5,23.7
1630162,Anthony Edwards,MIN,2021-22,january,Secondary Ball Handler,Secondary,26.5,17.0,53.10734463276836,76,15,34.2,23.5
1629014,Anfernee Simons,POR,2021-22,january,Movement Shooter,Shooter,25.4,30.6,60.0,75,15,36.5,23.1
1627749,Dejounte Murray,SAS,2021-22,january,Primary Initiator,Primary,29.2,44.1,22.727272727272727,76,14,34.6,22.9
1628983,Shai Gilgeous-Alexander,OKC,2021-22,january,Primary Initiator,Primary,29.8,32.6,22.159090909090907,78,12,33.0,22.6
1627783,Pascal Siakam,TOR,2021-22,january,Role Player,Role,25.0,25.8,14.689265536723164,80,16,40.4,22.6
1628398,Kyle Kuzma,WAS,2021-22,january,Role Player,Role,26.7,13.4,31.288343558282207,81,13,35.4,22.5
203078,Bradley Beal,WAS,2021-22,january,Secondary Ball Handler,Secondary,27.8,35.7,27.11864406779661,76,11,36.4,22.5
1627734,Domantas Sabonis,SAC,2021-22,january,Versatile Big,Big,21.9,31.9,16.03053435114504,83,11,37.2,22.5
201939,Stephen Curry,GSW,2021-22,january,Primary Initiator,Primary,28.5,31.0,56.613756613756614,74,15,34.9,22.3
203114,Khris Middleton,MIL,2021-22,january,Secondary Ball Handler,Secondary,26.1,28.1,39.743589743589745,79,14,33.3,22.1
1629628,RJ Barrett,NYK,2021-22,january,Role Player,Role,28.2,16.4,32.95454545454545,78,15,35.0,21.8
203468,CJ McCollum,NOP,2021-22,january,Secondary Ball Handler,Secondary,25.0,22.5,44.76744186046512,75,9,35.6,21.6
203897,Zach LaVine,CHI,2021-22,january,Role Player,Role,29.2,18.3,42.94478527607362,77,11,31.5,21.5
1628970,Miles Bridges,CHA,2021-22,january,Role Player,Role,22.3,11.8,37.25490196078432,79,15,35.2,21.3
1629018,Gary Trent Jr.,TOR,2021-22,january,3&D Wing,Wing,23.5,7.4,56.97674418604651,77,10,34.3,21.2
1627742,Brandon Ingram,NOP,2021-22,january,Role Player,Role,28.6,29.8,24.43181818181818,80,9,33.5,21.0
1630217,Desmond Bane,MEM,2021-22,january,Secondary Ball Handler,Secondary,23.5,13.8,44.5859872611465,77,12,31.7,20.8
1629636,Darius Garland,CLE,2021-22,january,Secondary Ball Handler,Secondary,26.6,45.7,38.983050847457626,73,13,35.8,20.4
202699,Tobias Harris,PHI,2021-22,january,Role Player,Role,22.6,16.3,22.22222222222222,79,15,35.9,19.8
202710,Jimmy Butler III,MIA,2021-22,january,Role Player,Role,24.5,34.7,17.02127659574468,79,11,34.3,19.5
1626179,Terry Rozier,CHA,2021-22,january,Role Player,Role,22.1,21.1,55.34591194968554,73,15,34.0,19.3
1629639,Tyler Herro,MIA,2021-22,january,Role Player,Role,26.7,19.2,41.111111111111114,77,12,35.1,19.3
1626181,Norman Powell,LAC,2021-22,january,Role Player,Role,21.2,8.4,48.837209302325576,75,8,35.7,19.1
1626156,D'Angelo Russell,MIN,2021-22,january,Secondary Ball Handler,Secondary,23.7,33.6,59.25925925925925,76,11,30.1,19.1
1630163,LaMelo Ball,CHA,2021-22,january,Secondary Ball Handler,Secondary,26.8,30.9,43.90243902439025,79,14,31.9,19.0
202711,Bojan Bogdanovic,UTA,2021-22,january,Role Player,Role,24.1,9.9,46.05263157894737,79,14,34.1,18.6
1626174,Christian Wood,HOU,2021-22,january,Role Player,Role,24.2,10.8,40.6015037593985,81,13,29.4,18.6
202696,Nikola Vučević,CHI,2021-22,january,Rim Runner,Big,24.5,17.5,30.625000000000004,82,16,33.5,18.4
1627747,Caris LeVert,CLE,2021-22,january,Secondary Ball Handler,Secondary,24.5,25.4,28.767123287671236,78,9,32.0,18.0
203497,Rudy Gobert,UTA,2021-22,january,Rim Runner,Big,17.5,7.9,1.0416666666666667,85,7,35.6,18.0
1628384,OG Anunoby,TOR,2021-22,january,Role Player,Role,20.1,10.9,48.993288590604024,79,16,37.6,17.9
1630180,Saddiq Bey,DET,2021-22,january,Role Player,Role,21.2,11.1,56.375838926174495,79,16,34.1,17.8
202685,Jonas Valančiūnas,NOP,2021-22,january,Post Scorer,Big,23.2,15.0,22.4,83,11,31.8,17.6
1626162,Kelly Oubre Jr.,CHA,2021-22,january,Movement Shooter,Shooter,25.6,3.7,66.9172932330827,78,9,23.9,17.6
203952,Andrew Wiggins,GSW,2021-22,january,Role Player,Role,21.0,12.5,41.911764705882355,79,17,32.7,17.5
1630595,Cade Cunningham,DET,2021-22,january,Secondary Ball Handler,Secondary,26.6,27.4,35.84905660377358,78,15,32.3,17.3
203994,Jusuf Nurkić,POR,2021-22,january,Rim Runner,Big,25.7,16.7,10.15625,83,16,31.4,17.3
201566,Russell Westbrook,LAL,2021-22,january,Secondary Ball Handler,Secondary,26.7,27.4,19.62025316455696,75,14,32.0,17.3
201950,Jrue Holiday,MIL,2021-22,january,Secondary Ball Handler,Secondary,23.9,31.4,34.32835820895522,75,9,31.6,17.2
1630178,Tyrese Maxey,PHI,2021-22,january,Role Player,Role,18.6,20.9,29.197080291970806,74,11,39.1,16.8
203903,Jordan Clarkson,UTA,2021-22,january,Role Player,Role,25.9,14.2,52.142857142857146,76,15,29.0,16.7
1628991,Jaren Jackson Jr.,MEM,2021-22,january,Anchor Big,Big,24.8,5.0,30.71428571428571,83,16,28.8,16.7
1629652,Luguentz Dort,OKC,2021-22,january,3&D Wing,Wing,21.5,8.0,52.27272727272728,75,12,31.8,16.7
1630169,Tyrese Haliburton,IND,2021-22,january,Role Player,Role,18.9,37.3,47.5,77,13,35.0,16.6
1628370,Malik Monk,LAL,2021-22,january,Secondary Ball Handler,Secondary,20.2,14.2,56.55737704918033,75,13,30.1,16.5
203944,Julius Randle,NYK,2021-22,january,Role Player,Role,24.9,24.1,32.450331125827816,80,14,34.9,16.4
202330,Gordon Hayward,CHA,2021-22,january,Role Player,Role,18.3,15.7,39.51612903225807,79,10,31.7,16.2
203932,Aaron Gordon,DEN,2021-22,january,Role Player,Role,21.2,12.6,36.440677966101696,80,16,31.0,15.9
1629632,Coby White,CHI,2021-22,january,Role Player,Role,19.9,14.2,51.21951219512195,76,16,31.6,15.9
101108,Chris Paul,PHX,2021-22,january,Role Player,Role,19.1,45.0,26.89075630252101,72,14,34.7,15.7
203095,Evan Fournier,NYK,2021-22,january,Role Player,Role,21.2,10.0,61.98347107438017,78,14,28.1,15.7
1630596,Evan Mobley,CLE,2021-22,january,Anchor Big,Big,20.5,12.0,8.94308943089431,83,15,35.5,15.7
1630532,Franz Wagner,ORL,2021-22,january,Rim Runner,Big,21.0,17.8,21.951219512195124,82,15,32.0,15.6
202691,Klay Thompson,GSW,2021-22,january,Role Player,Role,28.9,18.0,51.04895104895104,78,10,23.4,15.6
203115,Will Barton,DEN,2021-22,january,Role Player,Role,20.8,19.4,46.4,77,13,32.0,15.5
1629640,Keldon Johnson,SAS,2021-22,january,Role Player,Role,18.5,8.0,49.19354838709677,78,14,32.3,15.4
202704,Reggie Jackson,LAC,2021-22,january,Primary Initiator,Primary,28.3,23.2,41.84397163120568,74,17,27.1,15.3
202694,Marcus Morris Sr.,LAC,2021-22,january,Role Player,Role,24.4,11.4,37.77777777777778,80,12,29.2,15.3
1627751,Jakob Poeltl,SAS,2021-22,january,Anchor Big,Big,18.2,13.1,0.0,85,15,31.0,15.2
203084,Harrison Barnes,SAC,2021-22,january,3&D Wing,Wing,17.8,10.8,47.16981132075472,80,15,33.4,15.1
1628389,Bam Adebayo,MIA,2021-22,january,Role Player,Role,22.1,21.9,0.0,81,8,34.3,15.1
203992,Bogdan Bogdanović,ATL,2021-22,january,Secondary Ball Handler,Secondary,22.6,21.2,68.54838709677419,78,8,27.7,15.1
1628976,Wendell Carter Jr.,ORL,2021-22,january,Anchor Big,Big,21.9,14.1,25.688073394495408,82,8,30.1,15.0
204001,Kristaps Porziņģis,WAS,2021-22,january,Post Scorer,Big,25.3,6.5,33.62068965517241,87,8,26.3,14.9
1628404,Josh Hart,POR,2021-22,january,3&D Wing,Wing,18.4,15.9,38.88888888888889,77,13,35.8,14.8
1629631,De'Andre Hunter,ATL,2021-22,january,Role Player,Role,20.9,8.0,35.77981651376147,80,11,29.6,14.7
201144,Mike Conley,UTA,2021-22,january,Secondary Ball Handler,Secondary,21.5,27.4,49.122807017543856,73,14,29.5,14.6
1628973,Jalen Brunson,DAL,2021-22,january,Role Player,Role,19.7,27.6,17.355371900826448,73,16,32.7,14.6
1628984,Devonte' Graham,NOP,2021-22,january,Role Player,Role,21.4,20.6,69.46564885496184,73,14,31.3,14.5
1629673,Jordan Poole,GSW,2021-22,january,Secondary Ball Handler,Secondary,22.5,19.4,53.63636363636364,76,17,26.4,14.4
1628381,John Collins,ATL,2021-22,january,Role Player,Role,20.0,9.2,25.0,81,13,29.1,14.4
1628386,Jarrett Allen,CLE,2021-22,january,Anchor Big,Big,17.0,8.3,2.127659574468085,82,14,32.9,14.3
1629661,Cameron Johnson,PHX,2021-22,january,Role Player,Role,14.5,5.6,66.3265306122449,80,11,31.5,14.2
1626168,Trey Lyles,SAC,2021-22,january,Role Player,Role,22.9,10.9,34.02061855670103,81,15,24.3,14.1
1628374,Lauri Markkanen,CLE,2021-22,january,Stretch Big,Big,15.8,7.3,57.14285714285714,83,11,31.0,14.1
1628379,Luke Kennard,LAC,2021-22,january,Movement Shooter,Shooter,17.8,14.4,68.31683168316832,77,8,26.4,14.0
1629599,Amir Coffey,LAC,2021-22,january,Role Player,Role,15.8,13.2,57.29166666666667,79,17,31.1,13.9
1629645,Kevin Porter Jr.,HOU,2021-22,january,Secondary Ball Handler,Secondary,22.0,35.5,50.89285714285715,76,12,29.5,13.9
1630175,Cole Anthony,ORL,2021-22,january,Secondary Ball Handler,Secondary,24.7,31.3,42.028985507246375,75,13,31.2,13.8
201569,Eric Gordon,HOU,2021-22,january,3&D Wing,Wing,16.6,10.3,54.08163265306122,75,12,30.4,13.8
1628401,Derrick White,BOS,2021-22,january,Secondary Ball Handler,Secondary,20.6,28.7,45.13274336283185,76,11,30.3,13.7
203914,Gary Harris,ORL,2021-22,january,3&D Wing,Wing,17.0,7.2,57.14285714285715,76,14,32.4,13.7
203552,Seth Curry,BKN,2021-22,january,Role Player,Role,18.2,23.6,53.78151260504202,74,10,35.6,13.6
201567,Kevin Love,CLE,2021-22,january,Movement Shooter,Shooter,25.7,15.7,57.798165137614674,80,15,22.9,13.5
1628969,Mikal Bridges,PHX,2021-22,january,Role Player,Role,14.3,9.9,40.56603773584906,78,14,36.1,13.5
1626195,Willy Hernangomez,NOP,2021-22,january,Anchor Big,Big,26.2,12.7,6.862745098039216,83,6,22.2,13.5
201988,Patty Mills,BKN,2021-22,january,Role Player,Role,15.7,11.1,69.36936936936937,72,15,32.4,13.5
1626171,Bobby Portis,MIL,2021-22,january,Anchor Big,Big,19.7,4.0,36.66666666666667,82,15,29.5,13.3
1630170,Devin Vassell,SAS,2021-22,january,Role Player,Role,20.2,7.6,52.066115702479344,77,14,27.7,13.3
1630581,Josh Giddey,OKC,2021-22,january,Secondary Ball Handler,Secondary,20.9,29.5,38.095238095238095,80,14,33.2,13.3
2546,Carmelo Anthony,LAL,2021-22,january,Role Player,Role,19.5,7.2,54.45544554455446,79,11,24.8,13.3
203915,Spencer Dinwiddie,DAL,2021-22,january,Role Player,Role,18.7,26.7,51.35135135135136,78,11,31.6,13.3
1628989,Kevin Huerter,ATL,2021-22,january,Role Player,Role,17.6,13.9,49.07407407407407,79,15,30.9,13.3
1630537,Chris Duarte,IND,2021-22,january,Role Player,Role,20.4,12.6,33.92857142857143,77,11,28.3,13.2
1629642,Nassir Little,POR,2021-22,january,Role Player,Role,16.4,8.8,52.52525252525253,77,12,31.5,13.1
1630224,Jalen Green,HOU,2021-22,january,Role Player,Role,23.5,10.8,43.54838709677419,76,14,29.1,13.1
1627741,Buddy Hield,IND,2021-22,january,Movement Shooter,Shooter,20.2,10.2,71.55172413793103,76,15,28.2,13.0
203200,Justin Holiday,SAC,2021-22,january,Role Player,Role,16.1,11.6,75.25773195876289,78,16,29.3,12.9
203501,Tim Hardaway Jr.,DAL,2021-22,january,Movement Shooter,Shooter,22.5,10.9,60.74766355140188,77,13,25.1,12.8
203082,Terrence Ross,ORL,2021-22,january,Role Player,Role,21.7,12.0,37.5,78,14,24.2,12.8
1629056,Terence Davis,SAC,2021-22,january,Role Player,Role,23.9,15.7,58.51063829787234,76,8,19.2,12.8
1630591,Jalen Suggs,ORL,2021-22,january,Secondary Ball Handler,Secondary,22.8,26.9,25.688073394495408,77,9,29.3,12.7
201145,Jeff Green,DEN,2021-22,january,Role Player,Role,18.3,7.7,25.555555555555554,80,12,25.0,12.7
1628420,Monte Morris,DEN,2021-22,january,Role Player,Role,18.0,17.8,42.056074766355145,74,14,30.1,12.6
1629622,Max Strus,MIA,2021-22,january,Role Player,Role,19.8,10.3,77.35849056603773,77,13,26.3,12.6
1630567,Scottie Barnes,TOR,2021-22,january,Role Player,Role,17.5,14.9,33.04347826086956,79,13,36.0,12.6
203484,Kentavious Caldwell-Pope,WAS,2021-22,january,Role Player,Role,18.4,8.4,50.45045045045045,77,14,30.2,12.6
1629130,Duncan Robinson,MIA,2021-22,january,Movement Shooter,Shooter,18.4,7.2,89.13043478260869,79,13,24.9,12.5
1629634,Brandon Clarke,MEM,2021-22,january,Role Player,Role,17.0,8.8,3.797468354430379,80,15,22.2,12.5
1630256,Jae'Sean Tate,HOU,2021-22,january,Role Player,Role,19.5,20.4,27.083333333333336,76,14,26.2,12.4
1629216,Gabe Vincent,MIA,2021-22,january,Movement Shooter,Shooter,18.3,24.3,65.68627450980394,75,10,30.0,12.3
200746,LaMarcus Aldridge,BKN,2021-22,january,Anchor Big,Big,23.8,5.6,4.854368932038835,83,10,20.8,12.3
1628977,Hamidou Diallo,DET,2021-22,january,Role Player,Role,21.8,9.7,16.379310344827587,77,16,26.6,12.3
1630529,Herbert Jones,NOP,2021-22,january,Role Player,Role,14.2,11.7,34.44444444444444,79,15,33.9,12.1
203926,Doug McDermott,SAS,2021-22,january,3&D Wing,Wing,19.2,5.5,55.88235294117647,79,10,24.7,12.0
1628366,Lonzo Ball,CHI,2021-22,january,Role Player,Role,15.8,24.4,85.22727272727272,78,6,30.3,12.0
1626149,Montrezl Harrell,CHA,2021-22,january,Role Player,Role,18.6,14.2,5.882352941176471,79,9,20.5,11.9
1628997,Caleb Martin,MIA,2021-22,january,Role Player,Role,16.5,6.0,34.48275862068966,77,15,26.9,11.7
1629726,Garrison Mathews,HOU,2021-22,january,Role Player,Role,14.5,6.4,84.72222222222221,77,13,25.8,11.6
1627854,Bryn Forbes,DEN,2021-22,january,Role Player,Role,20.0,9.7,48.113207547169814,74,14,22.9,11.6
203935,Marcus Smart,BOS,2021-22,january,Role Player,Role,18.1,25.0,54.44444444444445,76,10,30.0,11.5
1628960,Grayson Allen,MIL,2021-22,january,Role Player,Role,16.1,9.4,65.21739130434783,76,9,27.7,11.4
202355,Hassan Whiteside,UTA,2021-22,january,Rim Runner,Big,14.7,2.7,0.0,84,7,30.5,11.4
200768,Kyle Lowry,MIA,2021-22,january,Role Player,Role,18.0,38.0,58.333333333333336,72,7,32.0,11.4
1629022,Lonnie Walker IV,SAS,2021-22,january,Role Player,Role,23.6,14.3,38.05309734513274,76,14,23.4,11.4
203471,Dennis Schröder,HOU,2021-22,january,Role Player,Role,19.8,24.1,35.22727272727273,73,16,26.1,11.4
201568,Danilo Gallinari,ATL,2021-22,january,Stretch Big,Big,17.9,7.6,55.95238095238096,82,14,25.6,11.4
1630613,Duane Washington Jr.,IND,2021-22,january,Role Player,Role,21.6,15.2,51.9607843137255,75,15,23.0,11.3
1629669,Jaylen Nowell,MIN,2021-22,january,Role Player,Role,19.7,21.3,36.585365853658544,76,14,20.1,11.2
202687,Bismack Biyombo,PHX,2021-22,january,Role Player,Role,17.8,6.8,0.0,80,12,22.8,11.1
202709,Cory Joseph,DET,2021-22,january,Role Player,Role,14.0,23.6,44.44444444444445,75,11,27.0,10.9
1629638,Nickeil Alexander-Walker,UTA,2021-22,january,Role Player,Role,24.0,20.8,46.22641509433963,77,15,23.8,10.9
1627788,Furkan Korkmaz,PHI,2021-22,january,Role Player,Role,15.2,12.2,53.93258426966292,79,14,30.6,10.7
1629011,Mitchell Robinson,NYK,2021-22,january,Rim Runner,Big,13.4,1.8,0.0,84,13,26.0,10.6
1630209,Omer Yurtseven,MIA,2021-22,january,Anchor Big,Big,18.1,15.8,2.666666666666667,83,10,22.3,10.6
201577,Robin Lopez,ORL,2021-22,january,Rim Runner,Big,18.5,12.3,2.6315789473684212,84,5,21.1,10.6
203490,Otto Porter Jr.,GSW,2021-22,january,Role Player,Role,15.7,15.0,44.44444444444445,80,14,24.3,10.6
1630560,Cam Thomas,BKN,2021-22,january,Secondary Ball Handler,Secondary,20.8,6.1,37.078651685393254,75,14,21.3,10.5
200782,P.J. Tucker,MIA,2021-22,january,Role Player,Role,14.2,11.2,52.054794520547944,77,13,28.9,10.5
1628963,Marvin Bagley III,DET,2021-22,january,Rim Runner,Big,19.5,2.3,17.708333333333336,83,13,23.9,10.4
1628964,Mo Bamba,ORL,2021-22,january,Stretch Big,Big,18.2,5.5,41.77215189873417,84,13,23.4,10.4
201587,Nicolas Batum,LAC,2021-22,january,3&D Wing,Wing,15.2,11.6,71.23287671232877,80,13,24.1,10.4
1629651,Nic Claxton,BKN,2021-22,january,Anchor Big,Big,17.5,7.2,0.0,83,8,22.1,10.4
1629637,Jaxson Hayes,NOP,2021-22,january,Rim Runner,Big,18.5,4.0,8.771929824561402,83,15,18.2,10.3
203463,Ben McLemore,POR,2021-22,january,Role Player,Role,19.8,7.9,81.17647058823529,75,16,21.3,10.3
1626166,Cameron Payne,PHX,2021-22,january,Role Player,Role,22.3,27.1,30.434782608695656,73,10,20.2,10.1
1627736,Malik Beasley,MIN,2021-22,january,Role Player,Role,19.2,6.4,68.26923076923076,76,15,23.1,10.1
203496,Robert Covington,LAC,2021-22,january,Role Player,Role,13.8,5.5,62.19512195121951,79,15,33.9,10.1
1630245,Ayo Dosunmu,CHI,2021-22,january,Role Player,Role,12.6,16.5,38.35616438356164,76,16,32.2,10.0
1628449,Chris Boucher,TOR,2021-22,january,Role Player,Role,14.6,1.8,40.845070422535215,81,16,25.8,10.0
203991,Clint Capela,ATL,2021-22,january,Rim Runner,Big,13.9,6.1,0.0,82,9,24.7,10.0
1626158,Richaun Holmes,SAC,2021-22,january,Rim Runner,Big,13.0,3.5,0.0,82,7,25.1,10.0
1626145,Tyus Jones,MEM,2021-22,january,3&D Wing,Wing,17.5,30.8,34.21052631578947,72,10,20.0,9.9
1630231,KJ Martin,HOU,2021-22,january,Role Player,Role,16.6,11.5,28.37837837837838,77,14,22.7,9.9
1629672,Eric Paschall,UTA,2021-22,january,Role Player,Role,20.1,4.2,35.483870967741936,78,13,17.4,9.8
1630558,Davion Mitchell,SAC,2021-22,january,Role Player,Role,20.2,18.9,40.0,72,15,24.7,9.7
1626167,Myles Turner,IND,2021-22,january,Rim Runner,Big,17.9,6.2,37.77777777777778,83,7,29.0,9.7
1627827,Dorian Finney-Smith,DAL,2021-22,january,Role Player,Role,15.0,7.6,57.64705882352942,79,16,30.4,9.7
1630533,Ziaire Williams,MEM,2021-22,january,3&D Wing,Wing,14.6,5.9,53.01204819277109,81,14,25.5,9.6
1629643,Chuma Okeke,ORL,2021-22,january,Role Player,Role,14.7,10.7,70.73170731707317,78,13,25.8,9.5
1627826,Ivica Zubac,LAC,2021-22,january,Post Scorer,Big,17.2,12.3,0.0,84,13,22.1,9.5
1630183,Jaden McDaniels,MIN,2021-22,january,Role Player,Role,16.7,6.9,43.75,81,15,23.7,9.5
1630168,Onyeka Okongwu,ATL,2021-22,january,Role Player,Role,14.1,6.3,0.0,80,15,23.4,9.5
202692,Alec Burks,NYK,2021-22,january,Role Player,Role,16.6,18.6,53.75,78,15,27.2,9.5
1629647,Darius Bazley,OKC,2021-22,january,Role Player,Role,17.7,7.5,46.05263157894737,80,13,23.4,9.5
202339,Eric Bledsoe,POR,2021-22,january,Role Player,Role,21.5,27.8,38.27160493827161,73,17,22.4,9.3
1629611,Terance Mann,LAC,2021-22,january,Role Player,Role,14.9,9.2,31.70731707317074,77,17,27.7,9.3
1630528,Josh Christopher,HOU,2021-22,january,Role Player,Role,20.8,15.5,38.961038961038966,75,14,19.2,9.3
1629659,Talen Horton-Tucker,LAL,2021-22,january,Role Player,Role,18.5,14.2,32.5,76,14,22.7,9.3
1630549,Day'Ron Sharpe,BKN,2021-22,january,Role Player,Role,21.3,4.7,0.0,81,12,17.2,9.3
1629057,Robert Williams III,BOS,2021-22,january,Role Player,Role,10.1,10.5,1.785714285714286,81,13,32.0,9.2
1626224,Cedi Osman,CLE,2021-22,january,Role Player,Role,19.7,14.2,59.782608695652186,79,13,24.1,9.2
203109,Jae Crowder,PHX,2021-22,january,Role Player,Role,13.4,6.4,64.38356164383562,78,7,28.1,9.1
1630193,Immanuel Quickley,NYK,2021-22,january,Secondary Ball Handler,Secondary,22.4,29.6,48.27586206896552,75,15,21.8,9.1
201976,Patrick Beverley,MIN,2021-22,january,Role Player,Role,17.9,29.1,51.24999999999999,73,8,24.0,9.1
1629048,Goga Bitadze,IND,2021-22,january,Rim Runner,Big,23.5,14.9,20.634920634920636,84,9,15.9,9.1
202362,Lance Stephenson,IND,2021-22,january,Role Player,Role,22.7,33.5,34.61538461538462,77,16,18.8,9.1
1630228,Jonathan Kuminga,GSW,2021-22,january,Secondary Ball Handler,Secondary,24.2,7.9,30.434782608695656,79,15,16.3,9.0
203085,Austin Rivers,DEN,2021-22,january,Role Player,Role,13.7,5.7,74.24242424242425,76,13,25.7,8.9
1629655,Daniel Gafford,WAS,2021-22,january,Role Player,Role,14.5,6.3,0.0,81,13,18.2,8.9
1629020,Jarred Vanderbilt,MIN,2021-22,january,Role Player,Role,11.2,8.2,1.7241379310344829,81,15,29.0,8.7
1630171,Isaac Okoro,CLE,2021-22,january,3&D Wing,Wing,12.7,8.3,36.66666666666667,77,10,27.1,8.6
203585,Rodney McGruder,DET,2021-22,january,Role Player,Role,14.3,8.8,64.51612903225806,76,10,21.4,8.6
203939,Dwight Powell,DAL,2021-22,january,Rim Runner,Big,13.2,6.3,7.3170731707317085,82,16,19.7,8.6
1630205,Lamar Stevens,CLE,2021-22,january,Role Player,Role,16.7,9.2,17.91044776119403,78,13,22.0,8.5
203493,Reggie Bullock Jr.,DAL,2021-22,january,Role Player,Role,13.1,7.6,78.46153846153847,78,15,23.1,8.5
1628367,Josh Jackson,SAC,2021-22,january,Role Player,Role,20.3,7.5,46.57534246575342,80,14,18.5,8.5
200752,Rudy Gay,UTA,2021-22,january,Role Player,Role,19.1,9.0,52.054794520547944,80,12,20.9,8.5
203087,Jeremy Lamb,SAC,2021-22,january,Role Player,Role,16.1,8.4,55.932203389830505,77,11,19.9,8.5
1630538,Bones Hyland,DEN,2021-22,january,Secondary Ball Handler,Secondary,22.3,16.5,60.759493670886066,74,13,18.9,8.4
1630598,Aaron Wiggins,OKC,2021-22,january,3&D Wing,Wing,15.2,6.7,40.0,76,13,25.6,8.3
202340,Avery Bradley,LAL,2021-22,january,Role Player,Role,14.5,6.7,56.94444444444444,75,14,24.1,8.3
1627863,Danuel House Jr.,UTA,2021-22,january,Role Player,Role,15.5,11.5,60.71428571428572,78,7,19.2,8.3
1629670,Jordan Nwora,MIL,2021-22,january,Role Player,Role,17.5,5.1,56.75675675675676,80,12,19.3,8.3
1626220,Royce O'Neale,UTA,2021-22,january,3&D Wing,Wing,8.2,9.8,65.38461538461539,77,14,32.9,8.2
1628470,Torrey Craig,PHX,2021-22,january,Role Player,Role,13.5,7.6,52.0,79,14,26.6,8.1
1626196,Josh Richardson,SAS,2021-22,january,Role Player,Role,16.4,10.6,41.891891891891895,77,16,23.3,8.1
1629001,De'Anthony Melton,MEM,2021-22,january,Role Player,Role,21.2,17.5,47.25274725274725,74,14,20.5,8.0
1630188,Jalen Smith,IND,2021-22,january,Anchor Big,Big,21.3,2.6,23.529411764705884,82,10,17.2,8.0
1628467,Maxi Kleber,DAL,2021-22,january,Stretch Big,Big,13.8,6.6,77.27272727272727,82,16,26.3,7.9
1630191,Isaiah Stewart,DET,2021-22,january,Role Player,Role,15.8,7.8,10.0,80,13,23.9,7.8
1629023,P.J. Washington,CHA,2021-22,january,Role Player,Role,17.4,12.8,64.61538461538461,79,13,21.4,7.8
202689,Kemba Walker,NYK,2021-22,january,Role Player,Role,17.6,17.4,57.53424657534247,72,6,22.6,7.8
1629026,Kenrich Williams,OKC,2021-22,january,3&D Wing,Wing,18.4,15.0,36.25,78,9,22.2,7.8
1630527,Brandon Boston,LAC,2021-22,january,Role Player,Role,21.3,10.0,29.87012987012987,78,15,17.7,7.7
1629656,Quentin Grimes,NYK,2021-22,january,Role Player,Role,14.0,11.2,72.88135593220339,76,15,21.3,7.7
1630557,Corey Kispert,WAS,2021-22,january,Role Player,Role,12.6,6.9,55.73770491803279,78,14,23.7,7.7
1630166,Deni Avdija,WAS,2021-22,january,Role Player,Role,14.8,12.9,42.42424242424242,81,14,23.3,7.7
201580,JaVale McGee,PHX,2021-22,january,Rim Runner,Big,18.7,5.7,0.0,84,9,15.8,7.7
1630568,Luka Garza,DET,2021-22,january,Rim Runner,Big,18.9,5.5,28.333333333333332,82,6,16.4,7.7
1630556,Kessler Edwards,BKN,2021-22,january,Role Player,Role,12.1,3.1,51.51515151515152,79,13,27.7,7.6
1626208,Keifer Sykes,IND,2021-22,january,Role Player,Role,18.4,18.7,47.05882352941177,71,13,20.5,7.5
1626159,Justise Winslow,POR,2021-22,january,Role Player,Role,16.4,17.2,16.363636363636363,78,10,20.7,7.5
1629060,Rui Hachimura,WAS,2021-22,january,3&D Wing,Wing,21.2,9.6,31.818181818181824,80,10,16.0,7.5
101150,Lou Williams,ATL,2021-22,january,Role Player,Role,19.5,32.5,44.642857142857146,74,11,15.4,7.5
200765,Rajon Rondo,CLE,2021-22,january,Role Player,Role,20.2,35.4,58.57142857142856,73,7,20.0,7.4
1627780,Gary Payton II,GSW,2021-22,january,Role Player,Role,13.9,7.7,31.481481481481477,75,15,18.8,7.4
201143,Al Horford,BOS,2021-22,january,Role Player,Role,13.7,13.2,45.714285714285715,81,16,26.5,7.4
1629675,Naz Reid,MIN,2021-22,january,Role Player,Role,20.9,8.5,32.758620689655174,81,15,15.4,7.3
1629002,Chimezie Metu,SAC,2021-22,january,Role Player,Role,17.1,9.2,47.54098360655738,81,10,18.8,7.3
203937,Kyle Anderson,MEM,2021-22,january,Role Player,Role,14.6,19.0,13.043478260869565,81,7,22.7,7.3
1628418,Thomas Bryant,WAS,2021-22,january,Rim Runner,Big,20.6,6.4,32.786885245901644,82,8,15.2,7.3
1630544,Tre Mann,OKC,2021-22,january,Role Player,Role,18.4,9.4,51.38888888888889,75,13,19.7,7.2
1630192,Zeke Nnaji,DEN,2021-22,january,Role Player,Role,13.4,0.8,33.333333333333336,81,13,15.9,7.2
1627777,Georges Niang,PHI,2021-22,january,Role Player,Role,13.9,10.0,72.58064516129032,79,15,22.7,7.1
203458,Alex Len,SAC,2021-22,january,Rim Runner,Big,18.7,12.4,7.142857142857144,84,10,17.4,7.1
1626192,Pat Connaughton,MIL,2021-22,january,Role Player,Role,10.4,7.3,78.57142857142858,77,12,24.6,7.1
1629660,Ty Jerome,OKC,2021-22,january,Role Player,Role,19.1,21.7,61.42857142857142,77,13,17.7,7.1
1628464,Daniel Theis,BOS,2021-22,january,Role Player,Role,16.7,4.7,50.0,81,5,21.1,7.0
1630173,Precious Achiuwa,TOR,2021-22,january,Role Player,Role,14.1,5.6,17.460317460317462,80,16,23.0,6.9
203486,Mason Plumlee,CHA,2021-22,january,Rim Runner,Big,11.8,15.7,0.0,83,15,24.8,6.9
1629680,Matisse Thybulle,PHI,2021-22,january,Role Player,Role,7.6,7.3,53.333333333333336,77,8,27.1,6.8
1629052,Oshae Brissett,IND,2021-22,january,Role Player,Role,14.9,4.0,47.61904761904762,79,15,21.7,6.7
1629013,Landry Shamet,PHX,2021-22,january,3&D Wing,Wing,15.1,12.7,78.43137254901961,76,11,17.5,6.7
1630578,Alperen Sengun,HOU,2021-22,january,Post Scorer,Big,24.5,14.1,19.29824561403509,82,7,15.2,6.7
1628021,David Nwaba,HOU,2021-22,january,Role Player,Role,13.3,12.5,27.083333333333336,77,6,17.0,6.7
1628966,Keita Bates-Diop,SAS,2021-22,january,Role Player,Role,14.1,4.9,25.396825396825403,80,12,22.1,6.7
1630563,Joshua Primo,SAS,2021-22,january,Role Player,Role,18.2,11.6,49.23076923076923,76,11,20.3,6.6
203210,JaMychal Green,DEN,2021-22,january,Role Player,Role,16.8,8.2,34.146341463414636,80,8,15.3,6.6
1628978,Donte DiVincenzo,SAC,2021-22,january,Movement Shooter,Shooter,18.9,14.6,63.888888888888886,76,10,21.0,6.6
201588,George Hill,MIL,2021-22,january,Role Player,Role,10.9,14.0,62.264150943396224,76,10,24.4,6.6
1628998,Cody Martin,CHA,2021-22,january,Role Player,Role,11.7,11.5,44.26229508196722,78,15,28.1,6.5
201980,Danny Green,PHI,2021-22,january,Role Player,Role,12.9,2.6,80.0,78,8,18.5,6.5
1626172,Kevon Looney,GSW,2021-22,january,Role Player,Role,11.9,10.9,0.0,81,17,24.9,6.5
203083,Andre Drummond,BKN,2021-22,january,Rim Runner,Big,17.7,15.3,2.127659574468085,82,15,17.1,6.5
1627745,Damian Jones,SAC,2021-22,january,Rim Runner,Big,14.9,14.7,11.904761904761903,83,11,18.3,6.5
1630200,Tre Jones,SAS,2021-22,january,Role Player,Role,16.1,23.8,12.962962962962962,73,9,16.5,6.4
1627814,Damion Lee,GSW,2021-22,january,Role Player,Role,14.0,7.0,48.93617021276595,77,15,18.3,6.4
1630167,Obi Toppin,NYK,2021-22,january,Role Player,Role,16.7,9.4,34.04255319148936,81,15,15.3,6.4
1630182,Josh Green,DAL,2021-22,january,3&D Wing,Wing,14.0,12.7,25.0,77,16,16.6,6.4
1630526,Jeremiah Robinson-Earl,OKC,2021-22,january,Role Player,Role,13.1,8.9,54.41176470588236,80,12,24.7,6.3
1630165,Killian Hayes,DET,2021-22,january,Role Player,Role,14.4,24.7,38.095238095238095,77,13,24.7,6.1
1629604,CJ Elleby,POR,2021-22,january,Role Player,Role,14.6,14.5,44.89795918367347,78,10,16.6,5.9
1630559,Austin Reaves,LAL,2021-22,january,Role Player,Role,10.5,9.1,53.333333333333336,77,14,22.8,5.8
1627752,Taurean Prince,MIN,2021-22,january,3&D Wing,Wing,13.7,7.9,52.5,78,15,15.5,5.7
202083,Wesley Matthews,MIL,2021-22,january,Role Player,Role,11.1,4.2,70.37037037037037,76,14,22.5,5.7
1630267,Facundo Campazzo,DEN,2021-22,january,Role Player,Role,14.8,32.9,61.22448979591836,70,16,20.8,5.7
1626153,Delon Wright,ATL,2021-22,january,Role Player,Role,11.2,19.7,50.0,77,15,21.4,5.7
1629723,John Konchar,MEM,2021-22,january,3&D Wing,Wing,9.1,9.0,52.17391304347826,77,12,24.2,5.7
202357,Nemanja Bjelica,GSW,2021-22,january,Role Player,Role,18.1,20.6,42.5531914893617,81,15,16.0,5.7
1626169,Stanley Johnson,LAL,2021-22,january,Role Player,Role,11.2,9.0,45.65217391304349,78,13,21.1,5.6
1628372,Dennis Smith Jr.,POR,2021-22,january,Role Player,Role,17.1,32.1,9.803921568627452,74,15,16.1,5.6
1630199,Cassius Stanley,DET,2021-22,january,Role Player,Role,13.6,4.7,38.63636363636363,77,7,15.5,5.6
203526,Raul Neto,WAS,2021-22,january,Role Player,Role,16.1,19.6,27.450980392156865,74,9,18.2,5.6
1627884,Derrick Jones Jr.,CHI,2021-22,january,3&D Wing,Wing,10.8,3.6,56.666666666666664,78,6,17.1,5.5
1629684,Grant Williams,BOS,2021-22,january,Role Player,Role,10.9,6.5,73.91304347826087,78,16,23.3,5.4
1629667,Jalen McDaniels,CHA,2021-22,january,Role Player,Role,16.3,12.9,36.36363636363637,81,10,16.7,5.4
1627761,DeAndre' Bembry,MIL,2021-22,january,Role Player,Role,11.2,8.2,9.090909090909092,77,14,18.8,5.4
201949,James Johnson,BKN,2021-22,january,Role Player,Role,13.7,15.6,27.083333333333336,79,13,17.2,5.3
202066,Garrett Temple,NOP,2021-22,january,Role Player,Role,13.5,13.1,58.333333333333336,77,15,21.4,5.1
1628972,Troy Brown Jr.,CHI,2021-22,january,Role Player,Role,10.5,8.7,54.54545454545454,78,16,21.7,5.0
203500,Steven Adams,MEM,2021-22,january,Rim Runner,Big,10.0,13.6,0.0,83,12,28.1,4.9
204060,Joe Ingles,POR,2021-22,january,Role Player,Role,12.3,20.8,80.95238095238095,80,11,24.2,4.9
201571,D.J. Augustin,LAL,2021-22,january,Role Player,Role,16.8,14.5,72.72727272727273,71,5,15.4,4.8
1630181,R.J. Hampton,ORL,2021-22,january,Role Player,Role,16.7,17.6,29.82456140350877,76,10,18.8,4.7
1628971,Bruce Brown,BKN,2021-22,january,Role Player,Role,12.0,7.6,12.820512820512825,76,13,17.1,4.5
1630235,Trent Forrest,UTA,2021-22,january,Role Player,Role,14.4,15.4,9.67741935483871,76,12,15.0,4.5
1629681,Killian Tillie,MEM,2021-22,january,Role Player,Role,13.0,5.8,67.3913043478261,81,9,16.1,4.4
203457,Nerlens Noel,NYK,2021-22,january,Anchor Big,Big,7.0,8.1,7.6923076923076925,83,5,23.6,4.2
2738,Andre Iguodala,GSW,2021-22,january,Role Player,Role,11.5,27.7,51.21951219512195,78,8,20.7,4.0
202324,Derrick Favors,OKC,2021-22,january,Role Player,Role,12.8,6.4,13.636363636363637,81,5,15.7,4.0
203920,Khem Birch,TOR,2021-22,january,Role Player,Role,10.7,7.7,11.11111111111111,81,7,17.1,3.3
201959,Taj Gibson,NYK,2021-22,january,Role Player,Role,8.9,5.6,8.695652173913045,81,13,17.5,3.2
204025,Tim Frazier,CLE,2021-22,january,Role Player,Role,10.5,23.2,27.77777777777778,72,5,19.9,2.8
2772,Trevor Ariza,LAL,2021-22,january,Role Player,Role,10.6,8.7,83.78378378378379,80,11,18.2,2.6
203503,Tony Snell,NOP,2021-22,january,Role Player,Role,7.5,1.6,68.0,78,10,16.0,1.8
1629029,Luka Dončić,DAL,2021-22,february,Primary Initiator,Primary,41.8,46.8,38.18897637795275,79,10,37.1,34.7
201942,DeMar DeRozan,CHI,2021-22,february,Primary Initiator,Primary,33.0,23.4,8.189655172413794,78,13,38.5,34.2
1629630,Ja Morant,MEM,2021-22,february,Primary Initiator,Primary,35.7,29.3,19.04761904761905,75,9,33.1,33.0
203954,Joel Embiid,PHI,2021-22,february,Versatile Big,Big,40.7,27.5,22.4390243902439,84,10,33.1,32.5
203507,Giannis Antetokounmpo,MIL,2021-22,february,Versatile Big,Big,30.9,33.0,21.38728323699422,83,9,33.1,32.1
1629628,RJ Barrett,NYK,2021-22,february,Role Player,Role,29.2,15.8,30.630630630630627,78,6,40.2,28.3
2544,LeBron James,LAL,2021-22,february,Primary Initiator,Primary,32.9,33.1,32.73542600896861,81,7,37.2,28.3
1629027,Trae Young,ATL,2021-22,february,Primary Initiator,Primary,32.4,44.1,34.82587064676616,73,10,34.4,28.2
1628378,Donovan Mitchell,UTA,2021-22,february,Primary Initiator,Primary,30.4,26.2,54.891304347826086,73,8,33.5,27.9
1626164,Devin Booker,PHX,2021-22,february,Secondary Ball Handler,Secondary,30.8,22.2,33.95348837209302,77,12,36.8,27.4
1628368,De'Aaron Fox,SAC,2021-22,february,Primary Initiator,Primary,29.2,25.7,22.4390243902439,75,8,37.5,27.0
202681,Kyrie Irving,BKN,2021-22,february,Primary Initiator,Primary,30.3,23.9,34.25925925925925,74,7,37.8,25.7
203944,Julius Randle,NYK,2021-22,february,Role Player,Role,30.0,30.6,25.373134328358205,80,10,38.3,25.2
203468,CJ McCollum,NOP,2021-22,february,Secondary Ball Handler,Secondary,27.6,25.2,38.308457711442784,75,10,35.0,24.7
1628369,Jayson Tatum,BOS,2021-22,february,Role Player,Role,29.9,21.1,44.680851063829785,80,11,34.3,24.5
201939,Stephen Curry,GSW,2021-22,february,Movement Shooter,Shooter,26.8,34.0,57.14285714285714,74,9,34.7,24.0
1627749,Dejounte Murray,SAS,2021-22,february,Role Player,Role,26.8,41.3,16.577540106951876,76,9,35.8,23.8
1629014,Anfernee Simons,POR,2021-22,february,Movement Shooter,Shooter,27.9,24.1,55.08021390374333,75,10,34.0,23.7
1626157,Karl-Anthony Towns,MIN,2021-22,february,Versatile Big,Big,26.1,20.8,24.848484848484848,83,12,32.9,23.7
203999,Nikola Jokić,DEN,2021-22,february,Versatile Big,Big,28.9,41.6,28.025477707006377,83,11,32.6,23.4
1629652,Luguentz Dort,OKC,2021-22,february,3&D Wing,Wing,28.2,10.5,54.06976744186047,75,6,34.4,23.3
203076,Anthony Davis,LAL,2021-22,february,Anchor Big,Big,23.3,15.5,4.697986577181208,82,7,35.1,22.9
203897,Zach LaVine,CHI,2021-22,february,Role Player,Role,25.0,19.6,39.024390243902445,77,8,37.3,22.8
1628389,Bam Adebayo,MIA,2021-22,february,Role Player,Role,26.5,17.8,2.666666666666667,81,11,33.2,22.0
1626179,Terry Rozier,CHA,2021-22,february,Role Player,Role,22.9,23.8,50.0,73,12,38.1,21.8
1630163,LaMelo Ball,CHA,2021-22,february,Primary Initiator,Primary,28.4,30.7,42.473118279569896,79,12,34.7,21.6
1626156,D'Angelo Russell,MIN,2021-22,february,Secondary Ball Handler,Secondary,25.9,31.0,52.17391304347826,76,10,32.5,21.5
202696,Nikola Vučević,CHI,2021-22,february,Rim Runner,Big,26.2,14.6,23.728813559322035,82,13,35.1,21.4
1627783,Pascal Siakam,TOR,2021-22,february,Role Player,Role,24.8,21.7,18.71345029239766,80,12,37.0,21.3
1627759,Jaylen Brown,BOS,2021-22,february,Secondary Ball Handler,Secondary,28.1,21.2,32.35294117647059,78,11,33.9,21.2
1629639,Tyler Herro,MIA,2021-22,february,Role Player,Role,27.6,17.8,39.735099337748345,77,7,29.7,21.1
1627742,Brandon Ingram,NOP,2021-22,february,Role Player,Role,28.5,28.6,18.12865497076023,80,11,33.8,21.1
1628398,Kyle Kuzma,WAS,2021-22,february,Role Player,Role,27.2,20.3,37.2093023255814,81,11,35.0,21.0
202710,Jimmy Butler III,MIA,2021-22,february,Role Player,Role,27.0,20.8,12.16216216216216,79,11,34.1,20.9
1627832,Fred VanVleet,TOR,2021-22,february,Role Player,Role,23.9,27.3,63.92405063291139,73,9,36.1,20.7
203084,Harrison Barnes,SAC,2021-22,february,3&D Wing,Wing,18.8,11.4,32.38095238095238,80,11,34.3,20.4
1627747,Caris LeVert,CLE,2021-22,february,Secondary Ball Handler,Secondary,27.2,23.3,21.11111111111111,78,6,33.2,20.2
1626171,Bobby Portis,MIL,2021-22,february,Stretch Big,Big,22.8,6.4,48.25174825174825,82,10,29.5,19.5
201950,Jrue Holiday,MIL,2021-22,february,Secondary Ball Handler,Secondary,21.1,26.0,33.85826771653544,75,10,34.4,19.5
1629640,Keldon Johnson,SAS,2021-22,february,Role Player,Role,22.0,8.1,44.89795918367347,78,10,33.4,19.3
202691,Klay Thompson,GSW,2021-22,february,Role Player,Role,26.0,19.0,53.99999999999999,78,7,27.9,19.3
1629018,Gary Trent Jr.,TOR,2021-22,february,3&D Wing,Wing,22.2,7.8,46.79487179487179,77,12,34.8,19.2
203095,Evan Fournier,NYK,2021-22,february,Role Player,Role,21.6,10.6,69.4267515923567,78,10,34.8,19.0
1630178,Tyrese Maxey,PHI,2021-22,february,Role Player,Role,19.8,16.6,28.57142857142857,74,10,35.0,18.9
1628970,Miles Bridges,CHA,2021-22,february,Role Player,Role,21.5,17.3,36.80555555555555,79,12,37.3,18.7
1628976,Wendell Carter Jr.,ORL,2021-22,february,Anchor Big,Big,22.5,16.9,26.016260162601625,82,11,30.3,18.5
203114,Khris Middleton,MIL,2021-22,february,Secondary Ball Handler,Secondary,23.5,20.0,50.0,79,10,32.8,18.4
1627741,Buddy Hield,IND,2021-22,february,Movement Shooter,Shooter,20.1,14.1,56.462585034013614,76,10,34.5,18.1
1628404,Josh Hart,POR,2021-22,february,3&D Wing,Wing,20.2,19.1,48.30508474576271,77,6,33.9,18.0
202694,Marcus Morris Sr.,LAC,2021-22,february,Role Player,Role,22.9,9.9,40.74074074074074,80,10,29.9,17.7
202704,Reggie Jackson,LAC,2021-22,february,Primary Initiator,Primary,28.1,33.3,31.176470588235293,74,10,32.6,17.7
1630169,Tyrese Haliburton,IND,2021-22,february,Role Player,Role,19.5,38.6,45.86466165413533,77,10,38.1,17.7
203994,Jusuf Nurkić,POR,2021-22,february,Rim Runner,Big,24.0,18.3,9.420289855072465,83,8,32.3,17.6
1628381,John Collins,ATL,2021-22,february,Role Player,Role,24.0,5.2,27.027027027027025,81,5,28.3,17.6
1628969,Mikal Bridges,PHX,2021-22,february,Role Player,Role,16.4,10.2,36.440677966101696,78,12,36.1,17.4
1627734,Domantas Sabonis,SAC,2021-22,february,Versatile Big,Big,23.8,27.4,7.462686567164178,83,8,32.0,17.4
1628973,Jalen Brunson,DAL,2021-22,february,Secondary Ball Handler,Secondary,21.4,18.3,28.35820895522388,73,10,35.7,17.3
1630180,Saddiq Bey,DET,2021-22,february,Role Player,Role,20.0,19.4,55.24475524475524,79,12,33.6,17.2
203992,Bogdan Bogdanović,ATL,2021-22,february,Secondary Ball Handler,Secondary,21.7,17.6,55.30303030303031,78,10,30.4,17.0
1626174,Christian Wood,HOU,2021-22,february,Role Player,Role,23.3,12.6,38.70967741935484,81,9,30.6,17.0
1628386,Jarrett Allen,CLE,2021-22,february,Anchor Big,Big,19.1,6.4,0.9433962264150944,82,10,32.0,16.9
202685,Jonas Valančiūnas,NOP,2021-22,february,Post Scorer,Big,22.0,12.9,17.92452830188679,83,11,29.8,16.8
1628991,Jaren Jackson Jr.,MEM,2021-22,february,Anchor Big,Big,24.0,5.6,39.097744360902254,83,10,27.1,16.8
202711,Bojan Bogdanovic,UTA,2021-22,february,Role Player,Role,23.6,7.9,47.183098591549296,79,9,31.3,16.7
1630162,Anthony Edwards,MIN,2021-22,february,Secondary Ball Handler,Secondary,25.0,15.9,46.0,76,12,32.1,16.5
1630224,Jalen Green,HOU,2021-22,february,Role Player,Role,20.9,13.2,53.43511450381679,76,10,32.2,16.5
203924,Jerami Grant,DET,2021-22,february,Role Player,Role,23.7,11.3,40.57971014492753,80,12,30.1,16.5
1630560,Cam Thomas,BKN,2021-22,february,Secondary Ball Handler,Secondary,25.1,13.7,31.11111111111111,75,13,26.7,16.5
1630175,Cole Anthony,ORL,2021-22,february,Secondary Ball Handler,Secondary,24.2,24.8,34.81481481481482,75,11,31.7,16.5
1630581,Josh Giddey,OKC,2021-22,february,Secondary Ball Handler,Secondary,24.4,36.2,24.657534246575345,80,10,33.4,16.3
1629632,Coby White,CHI,2021-22,february,Role Player,Role,19.2,15.8,57.72357723577235,76,11,31.0,16.3
1630595,Cade Cunningham,DET,2021-22,february,Secondary Ball Handler,Secondary,29.9,21.7,28.025477707006377,78,7,28.3,15.9
203903,Jordan Clarkson,UTA,2021-22,february,Role Player,Role,24.7,12.5,52.63157894736842,76,7,24.2,15.9
101108,Chris Paul,PHX,2021-22,february,Secondary Ball Handler,Secondary,21.1,45.2,30.0,72,9,33.6,15.8
1629028,Deandre Ayton,PHX,2021-22,february,Rim Runner,Big,21.2,5.8,2.7777777777777777,83,12,27.9,15.8
203493,Reggie Bullock Jr.,DAL,2021-22,february,Role Player,Role,14.8,4.2,82.72727272727273,78,8,35.8,15.8
202699,Tobias Harris,PHI,2021-22,february,Role Player,Role,19.1,13.4,20.930232558139537,79,10,35.6,15.5
1630567,Scottie Barnes,TOR,2021-22,february,Role Player,Role,19.0,12.1,17.543859649122805,79,12,31.8,15.2
1626162,Kelly Oubre Jr.,CHA,2021-22,february,Role Player,Role,22.2,6.4,59.285714285714285,78,12,30.5,15.1
1626149,Montrezl Harrell,CHA,2021-22,february,Role Player,Role,20.7,11.8,2.061855670103093,79,11,26.7,14.9
1630228,Jonathan Kuminga,GSW,2021-22,february,Secondary Ball Handler,Secondary,22.3,9.8,32.608695652173914,79,10,25.6,14.8
203552,Seth Curry,BKN,2021-22,february,Role Player,Role,19.7,16.8,50.793650793650805,74,9,31.6,14.8
1630532,Franz Wagner,ORL,2021-22,february,Anchor Big,Big,19.8,15.2,36.206896551724135,82,11,29.7,14.7
1630217,Desmond Bane,MEM,2021-22,february,Secondary Ball Handler,Secondary,21.8,14.5,51.82481751824818,77,10,29.9,14.7
200746,LaMarcus Aldridge,BKN,2021-22,february,Anchor Big,Big,24.5,7.4,8.602150537634408,83,6,20.8,14.7
1630596,Evan Mobley,CLE,2021-22,february,Rim Runner,Big,20.8,12.3,9.243697478991598,83,10,33.9,14.6
1630544,Tre Mann,OKC,2021-22,february,Secondary Ball Handler,Secondary,21.8,13.9,45.65217391304348,75,12,30.0,14.6
1627751,Jakob Poeltl,SAS,2021-22,february,Rim Runner,Big,18.6,15.4,1.0309278350515465,85,9,29.5,14.6
203115,Will Barton,DEN,2021-22,february,Role Player,Role,20.4,12.1,45.21739130434783,77,12,30.5,14.5
201567,Kevin Love,CLE,2021-22,february,Movement Shooter,Shooter,27.3,15.8,58.4,80,10,23.8,14.3
1629645,Kevin Porter Jr.,HOU,2021-22,february,Secondary Ball Handler,Secondary,21.3,28.1,62.727272727272734,76,7,28.5,14.3
203932,Aaron Gordon,DEN,2021-22,february,Role Player,Role,18.6,12.9,31.858407079646017,80,10,30.4,14.2
1629022,Lonnie Walker IV,SAS,2021-22,february,Role Player,Role,24.8,11.5,35.53719008264463,76,10,24.5,14.2
1629673,Jordan Poole,GSW,2021-22,february,Secondary Ball Handler,Secondary,24.0,22.5,51.78571428571429,76,10,26.4,14.1
1628420,Monte Morris,DEN,2021-22,february,Role Player,Role,15.8,18.9,44.79166666666667,74,9,29.4,14.0
201566,Russell Westbrook,LAL,2021-22,february,Secondary Ball Handler,Secondary,26.0,24.4,21.27659574468085,75,8,31.7,13.9
203952,Andrew Wiggins,GSW,2021-22,february,Role Player,Role,20.4,11.4,44.61538461538461,79,9,31.4,13.8
1630537,Chris Duarte,IND,2021-22,february,Role Player,Role,21.9,11.7,35.64356435643565,77,8,26.0,13.5
1630256,Jae'Sean Tate,HOU,2021-22,february,Role Player,Role,19.3,16.4,26.041666666666668,76,10,29.5,13.5
1629661,Cameron Johnson,PHX,2021-22,february,Role Player,Role,17.5,10.4,63.44086021505376,80,12,26.0,13.4
1629611,Terance Mann,LAC,2021-22,february,Role Player,Role,17.7,14.9,20.952380952380953,77,10,29.4,13.4
1628977,Hamidou Diallo,DET,2021-22,february,Role Player,Role,24.2,9.4,18.269230769230766,77,12,21.8,13.3
200768,Kyle Lowry,MIA,2021-22,february,Role Player,Role,14.8,24.4,59.036144578313255,72,9,34.9,13.2
201568,Danilo Gallinari,ATL,2021-22,february,Stretch Big,Big,19.6,6.6,40.4040404040404,82,9,26.6,13.1
203484,Kentavious Caldwell-Pope,WAS,2021-22,february,Role Player,Role,18.8,8.8,38.93805309734513,77,11,30.7,13.1
1628401,Derrick White,BOS,2021-22,february,Secondary Ball Handler,Secondary,21.0,18.9,54.0,76,11,27.4,13.0
203935,Marcus Smart,BOS,2021-22,february,Role Player,Role,18.2,23.0,56.04395604395605,76,10,29.2,13.0
1626224,Cedi Osman,CLE,2021-22,february,Role Player,Role,23.1,17.2,58.94736842105262,79,10,23.8,12.9
1628370,Malik Monk,LAL,2021-22,february,Secondary Ball Handler,Secondary,20.7,13.9,48.333333333333336,75,9,29.2,12.9
1630170,Devin Vassell,SAS,2021-22,february,Role Player,Role,18.0,15.0,46.08695652173913,77,11,29.7,12.8
1630558,Davion Mitchell,SAC,2021-22,february,Role Player,Role,21.5,18.3,45.90163934426229,72,10,28.1,12.8
1629631,De'Andre Hunter,ATL,2021-22,february,Role Player,Role,19.3,7.4,32.407407407407405,80,10,29.2,12.6
203926,Doug McDermott,SAS,2021-22,february,3&D Wing,Wing,17.5,7.2,51.61290322580645,79,10,24.0,12.6
1629052,Oshae Brissett,IND,2021-22,february,Role Player,Role,18.2,6.8,45.54455445544554,79,10,28.9,12.6
201569,Eric Gordon,HOU,2021-22,february,3&D Wing,Wing,18.1,8.7,61.86440677966101,75,6,29.9,12.5
1630591,Jalen Suggs,ORL,2021-22,february,Secondary Ball Handler,Secondary,24.7,31.7,31.896551724137932,77,11,26.9,12.5
1628384,OG Anunoby,TOR,2021-22,february,Role Player,Role,17.6,11.1,43.333333333333336,79,9,35.1,12.4
1629637,Jaxson Hayes,NOP,2021-22,february,Anchor Big,Big,13.7,5.2,10.937499999999998,83,11,25.7,12.4
1629647,Darius Bazley,OKC,2021-22,february,Role Player,Role,18.1,8.2,33.33333333333333,80,12,33.2,12.3
1626159,Justise Winslow,POR,2021-22,february,Role Player,Role,17.9,15.3,32.075471698113205,78,7,30.0,12.3
202362,Lance Stephenson,IND,2021-22,february,Role Player,Role,23.9,25.3,20.792079207920793,77,9,22.4,12.1
1628989,Kevin Huerter,ATL,2021-22,february,Role Player,Role,16.0,10.8,58.8785046728972,79,10,30.6,12.1
1629634,Brandon Clarke,MEM,2021-22,february,Role Player,Role,18.5,12.3,1.2195121951219514,80,10,21.4,12.0
1627736,Malik Beasley,MIN,2021-22,february,Role Player,Role,20.1,5.7,76.34408602150536,76,11,19.6,11.8
203471,Dennis Schröder,HOU,2021-22,february,Secondary Ball Handler,Secondary,23.6,33.8,37.272727272727266,73,9,25.5,11.8
201144,Mike Conley,UTA,2021-22,february,Secondary Ball Handler,Secondary,22.5,29.1,56.14035087719298,73,9,26.5,11.8
1629726,Garrison Mathews,HOU,2021-22,february,Role Player,Role,15.7,7.3,79.01234567901236,77,10,26.0,11.7
1629001,De'Anthony Melton,MEM,2021-22,february,Role Player,Role,20.5,13.3,51.61290322580645,74,10,21.4,11.5
1630183,Jaden McDaniels,MIN,2021-22,february,Role Player,Role,16.1,7.9,48.27586206896552,81,12,26.0,11.5
1629057,Robert Williams III,BOS,2021-22,february,Role Player,Role,12.2,10.1,0.0,81,9,31.0,11.1
1630197,Aleksej Pokusevski,OKC,2021-22,february,Stretch Big,Big,19.5,11.8,40.86021505376344,84,9,24.0,11.0
1627854,Bryn Forbes,DEN,2021-22,february,Role Player,Role,18.9,9.1,55.12820512820513,74,12,20.5,11.0
203914,Gary Harris,ORL,2021-22,february,3&D Wing,Wing,15.1,10.0,69.41176470588236,76,11,27.7,11.0
1629750,Javonte Green,CHI,2021-22,february,3&D Wing,Wing,12.6,4.9,32.35294117647059,77,12,29.6,11.0
1630678,Terry Taylor,IND,2021-22,february,Role Player,Role,16.1,11.0,10.126582278481012,77,10,23.4,10.8
1630245,Ayo Dosunmu,CHI,2021-22,february,Role Player,Role,12.8,22.2,41.86046511627907,76,12,36.6,10.8
1630557,Corey Kispert,WAS,2021-22,february,Role Player,Role,16.4,6.6,63.73626373626373,78,11,28.2,10.7
203915,Spencer Dinwiddie,DAL,2021-22,february,Role Player,Role,19.3,29.3,36.666666666666664,78,8,27.6,10.6
1628402,Frank Jackson,DET,2021-22,february,Role Player,Role,20.2,8.3,54.0,75,7,22.7,10.6
1629023,P.J. Washington,CHA,2021-22,february,Role Player,Role,13.3,7.6,63.636363636363626,79,12,31.5,10.5
201976,Patrick Beverley,MIN,2021-22,february,Role Player,Role,17.0,21.0,65.85365853658539,73,11,27.0,10.5
1627826,Ivica Zubac,LAC,2021-22,february,Post Scorer,Big,18.3,12.3,0.0,84,9,24.5,10.4
1629002,Chimezie Metu,SAC,2021-22,february,Role Player,Role,18.4,9.8,37.142857142857146,81,8,22.3,10.4
1629060,Rui Hachimura,WAS,2021-22,february,3&D Wing,Wing,19.6,8.7,27.848101265822784,80,10,21.2,10.3
203526,Raul Neto,WAS,2021-22,february,Role Player,Role,18.3,26.6,35.0,74,11,24.3,10.3
1627827,Dorian Finney-Smith,DAL,2021-22,february,Role Player,Role,11.9,6.0,66.25,79,10,37.0,10.2
1630529,Herbert Jones,NOP,2021-22,february,Role Player,Role,14.8,9.4,27.77777777777778,79,11,30.8,10.1
1629643,Chuma Okeke,ORL,2021-22,february,Role Player,Role,15.3,12.9,66.27906976744187,78,11,25.6,10.0
1628379,Luke Kennard,LAC,2021-22,february,Movement Shooter,Shooter,14.3,14.7,72.85714285714285,77,9,24.3,10.0
1630191,Isaiah Stewart,DET,2021-22,february,Role Player,Role,15.1,4.9,3.4482758620689653,80,12,28.2,9.8
203210,JaMychal Green,DEN,2021-22,february,Role Player,Role,19.5,9.2,39.34426229508197,80,11,17.5,9.8
203200,Justin Holiday,SAC,2021-22,february,Role Player,Role,15.0,7.8,69.14893617021276,78,10,30.7,9.8
201145,Jeff Green,DEN,2021-22,february,Role Player,Role,17.0,8.9,39.3939393939394,80,12,21.8,9.8
1630533,Ziaire Williams,MEM,2021-22,february,3&D Wing,Wing,11.8,4.3,49.25373134328358,81,10,24.8,9.7
1628962,Udoka Azubuike,UTA,2021-22,february,Anchor Big,Big,16.0,0.0,0.0,84,6,20.3,9.7
1630578,Alperen Sengun,HOU,2021-22,february,Post Scorer,Big,20.4,20.0,30.136986301369863,82,10,22.2,9.6
1629130,Duncan Robinson,MIA,2021-22,february,Movement Shooter,Shooter,17.3,12.5,88.23529411764706,79,11,24.7,9.5
1629684,Grant Williams,BOS,2021-22,february,Role Player,Role,11.9,7.5,56.4516129032258,78,11,26.7,9.5
1630231,KJ Martin,HOU,2021-22,february,Role Player,Role,16.7,5.5,28.000000000000004,77,10,22.3,9.5
1626168,Trey Lyles,SAC,2021-22,february,Role Player,Role,21.6,6.0,29.03225806451613,81,10,15.1,9.5
201143,Al Horford,BOS,2021-22,february,Role Player,Role,13.2,14.2,50.0,81,10,27.9,9.3
203090,Maurice Harkless,SAC,2021-22,february,Role Player,Role,14.2,3.6,53.125,79,9,24.2,9.2
203500,Steven Adams,MEM,2021-22,february,Versatile Big,Big,12.6,20.2,0.0,83,10,27.7,9.2
1630166,Deni Avdija,WAS,2021-22,february,Role Player,Role,15.1,8.5,43.42105263157895,81,11,28.0,9.2
1627752,Taurean Prince,MIN,2021-22,february,3&D Wing,Wing,19.4,8.9,59.09090909090909,78,11,16.6,9.2
1628971,Bruce Brown,BKN,2021-22,february,Role Player,Role,14.5,13.0,21.21212121212121,76,13,24.0,9.2
203503,Tony Snell,NOP,2021-22,february,Role Player,Role,12.7,4.6,84.12698412698413,78,7,22.6,9.1
1628960,Grayson Allen,MIL,2021-22,february,Role Player,Role,13.4,9.9,66.21621621621621,76,8,24.7,9.1
1629026,Kenrich Williams,OKC,2021-22,february,3&D Wing,Wing,15.3,23.0,44.59459459459459,78,8,26.0,9.1
1626220,Royce O'Neale,UTA,2021-22,february,3&D Wing,Wing,11.5,11.3,74.19354838709677,77,9,30.7,9.1
203939,Dwight Powell,DAL,2021-22,february,Rim Runner,Big,13.2,8.2,3.921568627450981,82,10,24.5,9.1
203109,Jae Crowder,PHX,2021-22,february,Role Player,Role,13.3,9.6,64.47368421052633,78,12,28.9,9.1
1630173,Precious Achiuwa,TOR,2021-22,february,Role Player,Role,19.3,8.9,25.71428571428572,80,12,19.0,9.1
202692,Alec Burks,NYK,2021-22,february,Role Player,Role,15.1,16.4,43.83561643835617,78,10,26.7,9.0
1630538,Bones Hyland,DEN,2021-22,february,Secondary Ball Handler,Secondary,23.5,22.3,61.25000000000001,74,12,18.0,8.9
201580,JaVale McGee,PHX,2021-22,february,Rim Runner,Big,21.9,4.8,4.615384615384615,84,12,15.3,8.8
1629216,Gabe Vincent,MIA,2021-22,february,Movement Shooter,Shooter,14.9,18.8,65.38461538461539,75,11,26.3,8.8
1628449,Chris Boucher,TOR,2021-22,february,Role Player,Role,14.0,1.6,29.629629629629623,81,12,20.0,8.8
1627745,Damian Jones,SAC,2021-22,february,Rim Runner,Big,15.7,12.9,6.666666666666667,83,8,17.0,8.8
202355,Hassan Whiteside,UTA,2021-22,february,Rim Runner,Big,13.5,3.6,0.0,84,8,21.5,8.8
1627777,Georges Niang,PHI,2021-22,february,Role Player,Role,15.4,9.5,69.56521739130434,79,10,23.6,8.7
1628964,Mo Bamba,ORL,2021-22,february,Stretch Big,Big,16.4,5.1,44.73684210526316,84,11,22.7,8.6
201988,Patty Mills,BKN,2021-22,february,Role Player,Role,16.1,12.4,69.3877551020408,72,13,28.7,8.6
1629599,Amir Coffey,LAC,2021-22,february,Role Player,Role,15.6,8.7,50.0,79,10,23.8,8.5
1628978,Donte DiVincenzo,SAC,2021-22,february,Movement Shooter,Shooter,18.2,17.3,67.56756756756756,76,10,21.8,8.5
1630188,Jalen Smith,IND,2021-22,february,Stretch Big,Big,18.0,6.5,47.45762711864406,82,12,17.1,8.5
1630192,Zeke Nnaji,DEN,2021-22,february,Role Player,Role,13.8,6.0,48.27586206896552,81,6,24.5,8.5
1629676,Isaiah Roby,OKC,2021-22,february,Role Player,Role,17.2,8.6,26.582278481012654,80,7,22.9,8.4
201949,James Johnson,BKN,2021-22,february,Role Player,Role,17.4,16.3,33.333333333333336,79,12,24.1,8.4
203463,Ben McLemore,POR,2021-22,february,Role Player,Role,19.3,8.8,75.78947368421053,75,10,23.2,8.4
203991,Clint Capela,ATL,2021-22,february,Anchor Big,Big,12.9,5.9,0.0,82,10,23.9,8.4
1628467,Maxi Kleber,DAL,2021-22,february,Stretch Big,Big,12.6,7.4,67.6923076923077,82,8,26.5,8.4
1629655,Daniel Gafford,WAS,2021-22,february,Role Player,Role,18.1,11.3,0.0,81,6,16.7,8.3
1629659,Talen Horton-Tucker,LAL,2021-22,february,Role Player,Role,14.9,19.0,51.562499999999986,76,9,25.4,8.3
1626145,Tyus Jones,MEM,2021-22,february,3&D Wing,Wing,19.3,30.2,35.36585365853659,72,10,18.0,8.3
202689,Kemba Walker,NYK,2021-22,february,Role Player,Role,17.0,25.0,56.57894736842105,72,7,22.5,8.3
2730,Dwight Howard,LAL,2021-22,february,Anchor Big,Big,18.8,6.1,0.0,82,5,16.3,8.2
201933,Blake Griffin,BKN,2021-22,february,Role Player,Role,19.8,15.3,45.90163934426229,81,12,16.8,8.2
1629656,Quentin Grimes,NYK,2021-22,february,Role Player,Role,12.7,4.9,79.1044776119403,76,7,24.3,8.1
201586,Serge Ibaka,MIL,2021-22,february,Anchor Big,Big,13.4,5.0,30.303030303030305,82,7,23.1,8.1
1630200,Tre Jones,SAS,2021-22,february,Role Player,Role,15.0,30.3,14.814814814814811,73,8,19.7,8.1
1628418,Thomas Bryant,WAS,2021-22,february,Rim Runner,Big,18.2,10.7,26.229508196721312,82,10,18.6,8.1
1627814,Damion Lee,GSW,2021-22,february,Role Player,Role,14.9,7.9,58.57142857142856,77,9,21.5,8.0
1630171,Isaac Okoro,CLE,2021-22,february,3&D Wing,Wing,10.1,8.1,35.714285714285715,77,10,30.8,8.0
1626172,Kevon Looney,GSW,2021-22,february,Role Player,Role,14.1,16.5,0.0,81,10,22.9,8.0
1628997,Caleb Martin,MIA,2021-22,february,Role Player,Role,14.5,9.5,35.08771929824561,77,6,21.6,7.8
201152,Thaddeus Young,TOR,2021-22,february,Role Player,Role,17.1,14.9,16.666666666666664,80,6,19.3,7.8
1628392,Isaiah Hartenstein,LAC,2021-22,february,Rim Runner,Big,19.4,19.5,10.714285714285715,84,10,17.2,7.8
1629651,Nic Claxton,BKN,2021-22,february,Rim Runner,Big,17.4,6.5,0.0,83,5,15.3,7.8
1628984,Devonte' Graham,NOP,2021-22,february,Role Player,Role,15.6,19.4,76.54320987654322,73,11,26.8,7.7
1628988,Aaron Holiday,PHX,2021-22,february,3&D Wing,Wing,18.0,23.2,35.0,72,9,19.2,7.7
1630193,Immanuel Quickley,NYK,2021-22,february,Secondary Ball Handler,Secondary,21.7,24.8,60.526315789473685,75,10,17.9,7.6
1630168,Onyeka Okongwu,ATL,2021-22,february,Role Player,Role,13.6,11.9,0.0,80,10,18.7,7.6
1626192,Pat Connaughton,MIL,2021-22,february,Role Player,Role,12.9,0.0,91.1764705882353,77,5,22.2,7.6
1629020,Jarred Vanderbilt,MIN,2021-22,february,Role Player,Role,11.6,6.5,1.886792452830189,81,12,24.9,7.6
200765,Rajon Rondo,CLE,2021-22,february,Role Player,Role,14.7,37.6,47.05882352941176,73,7,23.4,7.6
1630535,Greg Brown III,POR,2021-22,february,Role Player,Role,18.2,4.0,35.0,79,9,17.9,7.6
1629011,Mitchell Robinson,NYK,2021-22,february,Anchor Big,Big,10.0,1.8,0.0,84,9,27.4,7.6
203083,Andre Drummond,BKN,2021-22,february,Versatile Big,Big,18.6,22.0,1.6666666666666667,82,10,19.0,7.5
202709,Cory Joseph,DET,2021-22,february,Role Player,Role,13.4,20.4,36.231884057971016,75,12,27.9,7.5
203087,Jeremy Lamb,SAC,2021-22,february,Role Player,Role,18.1,13.0,45.83333333333333,77,6,20.2,7.5
1629660,Ty Jerome,OKC,2021-22,february,Role Player,Role,18.5,35.4,61.44578313253011,77,8,21.5,7.5
202397,Ish Smith,WAS,2021-22,february,Role Player,Role,19.9,33.6,15.068493150684931,72,9,18.5,7.4
1629164,Brandon Goodwin,CLE,2021-22,february,Role Player,Role,17.5,33.3,47.2972972972973,72,8,23.4,7.4
203496,Robert Covington,LAC,2021-22,february,Role Player,Role,15.2,11.5,61.29032258064515,79,10,21.7,7.3
1629670,Jordan Nwora,MIL,2021-22,february,Role Player,Role,18.9,7.5,50.0,80,8,18.7,7.3
1626196,Josh Richardson,SAS,2021-22,february,Role Player,Role,14.7,11.0,55.932203389830505,77,7,20.1,7.1
1630613,Duane Washington Jr.,IND,2021-22,february,Role Player,Role,19.9,13.4,46.83544303797469,75,11,19.1,7.1
1628998,Cody Martin,CHA,2021-22,february,Role Player,Role,15.0,12.5,35.08771929824561,78,6,21.5,7.0
1630177,Theo Maledon,OKC,2021-22,february,Role Player,Role,20.2,15.7,42.85714285714286,76,11,16.4,7.0
1630631,Jose Alvarado,NOP,2021-22,february,Secondary Ball Handler,Secondary,20.1,25.7,40.35087719298245,72,10,15.8,6.9
1630235,Trent Forrest,UTA,2021-22,february,Role Player,Role,14.0,23.7,21.568627450980397,76,9,20.7,6.9
200782,P.J. Tucker,MIA,2021-22,february,Role Player,Role,10.7,9.4,42.85714285714286,77,11,28.3,6.8
202684,Tristan Thompson,CHI,2021-22,february,Role Player,Role,18.2,3.8,0.0,81,7,16.0,6.7
1628470,Torrey Craig,PHX,2021-22,february,Role Player,Role,13.2,5.8,53.73134328358209,79,10,25.4,6.7
201959,Taj Gibson,NYK,2021-22,february,Role Player,Role,10.6,3.8,28.57142857142857,81,6,18.9,6.7
1630570,Trendon Watford,POR,2021-22,february,Role Player,Role,13.4,11.8,9.523809523809524,80,10,19.0,6.6
203490,Otto Porter Jr.,GSW,2021-22,february,Role Player,Role,13.6,8.3,45.28301886792453,80,7,18.7,6.6
1630559,Austin Reaves,LAL,2021-22,february,Role Player,Role,10.1,7.7,55.81395348837209,77,9,22.8,6.6
1629622,Max Strus,MIA,2021-22,february,Role Player,Role,14.8,7.8,87.71929824561403,77,9,20.5,6.6
1627788,Furkan Korkmaz,PHI,2021-22,february,Role Player,Role,15.0,12.1,49.01960784313726,79,8,19.2,6.5
1630528,Josh Christopher,HOU,2021-22,february,Role Player,Role,20.0,15.3,42.857142857142854,75,10,16.8,6.5
203482,Kelly Olynyk,DET,2021-22,february,Stretch Big,Big,19.8,22.8,41.7910447761194,83,12,17.5,6.4
201587,Nicolas Batum,LAC,2021-22,february,3&D Wing,Wing,12.2,7.5,59.01639344262296,80,10,22.5,6.3
1629048,Goga Bitadze,IND,2021-22,february,Rim Runner,Big,16.4,13.5,28.26086956521739,84,8,17.4,6.3
1630541,Moses Moody,GSW,2021-22,february,Movement Shooter,Shooter,14.1,1.9,73.58490566037736,77,8,18.1,6.3
1628975,Jevon Carter,MIL,2021-22,february,3&D Wing,Wing,17.3,12.9,70.9090909090909,73,11,15.3,6.2
202324,Derrick Favors,OKC,2021-22,february,Role Player,Role,10.3,1.0,9.756097560975611,81,7,19.3,6.0
203486,Mason Plumlee,CHA,2021-22,february,Rim Runner,Big,11.1,18.3,2.5641025641025643,83,12,25.6,5.9
1629604,CJ Elleby,POR,2021-22,february,Role Player,Role,12.7,8.7,34.78260869565217,78,10,27.5,5.9
1629731,Dean Wade,CLE,2021-22,february,3&D Wing,Wing,10.8,6.8,73.80952380952381,81,10,19.3,5.9
1629680,Matisse Thybulle,PHI,2021-22,february,Role Player,Role,9.3,7.3,52.17391304347826,77,9,27.4,5.9
1626169,Stanley Johnson,LAL,2021-22,february,Role Player,Role,14.3,9.9,25.490196078431374,78,9,19.4,5.9
203082,Terrence Ross,ORL,2021-22,february,Role Player,Role,15.1,10.5,50.793650793650805,78,11,19.5,5.7
203937,Kyle Anderson,MEM,2021-22,february,Role Player,Role,13.8,15.7,9.25925925925926,81,10,19.2,5.6
1630598,Aaron Wiggins,OKC,2021-22,february,3&D Wing,Wing,11.1,4.8,41.07142857142857,76,7,24.1,5.6
1626158,Richaun Holmes,SAC,2021-22,february,Rim Runner,Big,15.8,7.5,2.173913043478261,82,7,18.7,5.6
1630264,Anthony Gill,WAS,2021-22,february,Role Player,Role,15.1,6.9,16.666666666666664,79,8,15.0,5.5
1628380,Zach Collins,SAS,2021-22,february,Anchor Big,Big,19.0,15.3,28.57142857142857,83,8,16.3,5.5
1630563,Joshua Primo,SAS,2021-22,february,Role Player,Role,15.1,12.9,54.54545454545454,76,10,19.2,5.4
1630165,Killian Hayes,DET,2021-22,february,Role Player,Role,16.2,31.4,25.86206896551724,77,12,21.2,5.3
1627761,DeAndre' Bembry,MIL,2021-22,february,Role Player,Role,10.3,9.5,17.073170731707318,77,7,19.3,5.3
1628372,Dennis Smith Jr.,POR,2021-22,february,Role Player,Role,15.7,36.9,0.0,74,5,19.2,5.2
202340,Avery Bradley,LAL,2021-22,february,Role Player,Role,11.6,3.8,76.0,75,6,23.3,5.2
1629003,Shake Milton,PHI,2021-22,february,Role Player,Role,18.5,26.7,22.41379310344828,77,6,17.4,5.0
2772,Trevor Ariza,LAL,2021-22,february,Role Player,Role,11.0,5.2,75.60975609756099,80,8,19.5,4.6
1629723,John Konchar,MEM,2021-22,february,3&D Wing,Wing,8.5,7.3,70.58823529411765,77,9,17.9,4.6
203085,Austin Rivers,DEN,2021-22,february,Role Player,Role,11.3,10.4,60.00000000000001,76,11,20.2,4.5
1630556,Kessler Edwards,BKN,2021-22,february,Role Player,Role,13.2,3.8,56.60377358490566,79,13,19.9,4.5
1627780,Gary Payton II,GSW,2021-22,february,Role Player,Role,11.9,7.3,48.648648648648646,75,10,16.8,4.4
201980,Danny Green,PHI,2021-22,february,Role Player,Role,11.3,5.1,78.72340425531915,78,10,21.2,4.3
1626153,Delon Wright,ATL,2021-22,february,Role Player,Role,9.8,12.2,42.857142857142854,77,10,17.9,4.3
1626208,Keifer Sykes,IND,2021-22,february,Role Player,Role,18.3,13.9,49.20634920634921,71,7,16.6,4.3
1628972,Troy Brown Jr.,CHI,2021-22,february,Role Player,Role,10.2,3.7,53.191489361702125,78,13,20.2,4.2
1629162,Jordan McLaughlin,MIN,2021-22,february,Role Player,Role,9.9,29.5,41.17647058823529,71,12,16.5,4.1
1627884,Derrick Jones Jr.,CHI,2021-22,february,3&D Wing,Wing,10.5,3.8,21.05263157894737,78,6,20.2,4.0
1630249,Vít Krejčí,OKC,2021-22,february,Role Player,Role,11.5,9.6,51.42857142857144,80,6,15.1,3.7
1630182,Josh Green,DAL,2021-22,february,3&D Wing,Wing,10.9,9.8,30.76923076923077,77,10,18.6,3.6
202083,Wesley Matthews,MIL,2021-22,february,Role Player,Role,8.8,4.9,83.87096774193549,76,9,17.3,2.0
2544,LeBron James,LAL,2021-22,march,Primary Initiator,Primary,34.1,27.4,36.51452282157677,81,12,38.8,34.3
203507,Giannis Antetokounmpo,MIL,2021-22,march,Versatile Big,Big,35.0,24.8,14.14141414141414,83,12,33.9,33.3
1628369,Jayson Tatum,BOS,2021-22,march,Primary Initiator,Primary,31.7,22.3,44.81132075471698,80,13,36.9,32.8
1628368,De'Aaron Fox,SAC,2021-22,march,Primary Initiator,Primary,31.3,31.6,28.991596638655466,75,8,39.4,30.9
201142,Kevin Durant,BKN,2021-22,march,Versatile Big,Big,31.4,28.4,29.90196078431373,82,14,37.9,30.6
203954,Joel Embiid,PHI,2021-22,march,Versatile Big,Big,36.9,20.8,18.5,84,15,35.5,30.5
1626164,Devin Booker,PHX,2021-22,march,Secondary Ball Handler,Secondary,30.0,23.8,33.830845771144276,77,11,34.9,30.1
202681,Kyrie Irving,BKN,2021-22,march,Role Player,Role,27.8,23.5,44.66019417475727,74,9,37.7,30.0
203999,Nikola Jokić,DEN,2021-22,march,Versatile Big,Big,32.3,39.7,14.606741573033707,83,15,34.0,29.9
1629029,Luka Dončić,DAL,2021-22,march,Primary Initiator,Primary,35.8,41.4,46.04651162790698,79,14,35.9,29.9
1629027,Trae Young,ATL,2021-22,march,Primary Initiator,Primary,31.1,46.9,46.90721649484536,73,16,35.9,29.4
1627742,Brandon Ingram,NOP,2021-22,march,Role Player,Role,33.1,32.0,19.318181818181817,80,5,31.1,29.0
1628983,Shai Gilgeous-Alexander,OKC,2021-22,march,Primary Initiator,Primary,31.5,34.9,21.287128712871286,78,10,34.9,29.0
201942,DeMar DeRozan,CHI,2021-22,march,Primary Initiator,Primary,31.3,21.4,9.25925925925926,78,14,38.1,27.6
1629630,Ja Morant,MEM,2021-22,march,Primary Initiator,Primary,33.5,34.7,21.49532710280374,75,7,33.0,27.4
1628378,Donovan Mitchell,UTA,2021-22,march,Primary Initiator,Primary,34.0,31.2,50.943396226415096,73,16,34.3,26.6
1627783,Pascal Siakam,TOR,2021-22,march,Role Player,Role,26.8,21.7,18.08510638297872,80,16,38.6,25.9
1627749,Dejounte Murray,SAS,2021-22,march,Primary Initiator,Primary,29.2,39.2,28.205128205128204,76,13,35.9,25.6
1629673,Jordan Poole,GSW,2021-22,march,Secondary Ball Handler,Secondary,27.2,23.1,53.40909090909091,76,16,34.0,25.4
1629636,Darius Garland,CLE,2021-22,march,Primary Initiator,Primary,30.1,42.9,32.487309644670056,73,16,39.1,25.3
1626157,Karl-Anthony Towns,MIN,2021-22,march,Rim Runner,Big,28.8,13.9,26.53061224489796,83,15,30.9,25.2
203468,CJ McCollum,NOP,2021-22,march,Primary Initiator,Primary,28.8,29.6,35.175879396984925,75,13,34.9,24.8
203897,Zach LaVine,CHI,2021-22,march,Role Player,Role,28.1,20.8,40.828402366863905,77,14,36.1,24.7
1629628,RJ Barrett,NYK,2021-22,march,Role Player,Role,28.7,15.5,28.846153846153843,78,16,39.2,24.6
201939,Stephen Curry,GSW,2021-22,march,Secondary Ball Handler,Secondary,27.0,22.8,53.987730061349694,74,8,33.1,24.0
203114,Khris Middleton,MIL,2021-22,march,Secondary Ball Handler,Secondary,26.4,26.1,40.229885057471265,79,12,33.7,23.5
1630595,Cade Cunningham,DET,2021-22,march,Primary Initiator,Primary,29.2,30.7,25.257731958762893,78,14,36.6,22.9
1627759,Jaylen Brown,BOS,2021-22,march,Secondary Ball Handler,Secondary,29.4,14.6,35.26011560693642,78,12,31.9,22.5
203944,Julius Randle,NYK,2021-22,march,Role Player,Role,31.2,22.9,30.76923076923077,80,13,33.6,22.3
1627763,Malcolm Brogdon,IND,2021-22,march,Role Player,Role,25.3,26.6,24.57142857142857,77,6,35.4,22.2
1629639,Tyler Herro,MIA,2021-22,march,Role Player,Role,27.1,20.9,39.39393939393939,77,13,32.3,22.2
201935,James Harden,PHI,2021-22,march,Secondary Ball Handler,Secondary,25.6,37.5,47.183098591549296,77,14,37.7,21.9
1628970,Miles Bridges,CHA,2021-22,march,Role Player,Role,23.7,19.5,39.6103896103896,79,14,34.6,21.9
204001,Kristaps Porziņģis,WAS,2021-22,march,Post Scorer,Big,31.4,18.0,30.405405405405407,87,13,28.0,21.8
1630217,Desmond Bane,MEM,2021-22,march,Secondary Ball Handler,Secondary,23.3,17.6,47.71241830065359,77,14,29.2,21.1
1626179,Terry Rozier,CHA,2021-22,march,Role Player,Role,23.8,18.2,52.17391304347826,73,14,34.1,21.0
202691,Klay Thompson,GSW,2021-22,march,Role Player,Role,27.3,12.0,50.73170731707317,78,12,34.0,20.9
1630224,Jalen Green,HOU,2021-22,march,Role Player,Role,24.7,16.0,45.121951219512205,76,17,33.5,20.8
1628404,Josh Hart,POR,2021-22,march,3&D Wing,Wing,24.7,22.9,43.333333333333336,77,8,31.2,20.5
1630163,LaMelo Ball,CHA,2021-22,march,Secondary Ball Handler,Secondary,26.9,34.6,51.57232704402516,79,14,31.2,20.5
202711,Bojan Bogdanovic,UTA,2021-22,march,Role Player,Role,24.9,11.2,69.11764705882354,79,7,29.3,20.4
203924,Jerami Grant,DET,2021-22,march,Role Player,Role,24.5,11.3,39.85507246376812,80,11,31.1,20.4
201950,Jrue Holiday,MIL,2021-22,march,Secondary Ball Handler,Secondary,24.6,28.7,34.782608695652165,75,13,34.9,20.3
1629640,Keldon Johnson,SAS,2021-22,march,Role Player,Role,23.2,12.4,46.2962962962963,78,13,33.1,20.0
1626174,Christian Wood,HOU,2021-22,march,Role Player,Role,22.2,15.1,46.42857142857144,81,12,30.5,19.6
202710,Jimmy Butler III,MIA,2021-22,march,Role Player,Role,25.1,22.1,17.647058823529413,79,11,32.5,19.5
1628389,Bam Adebayo,MIA,2021-22,march,Role Player,Role,24.6,16.4,0.8130081300813007,81,15,31.2,19.3
1629028,Deandre Ayton,PHX,2021-22,march,Rim Runner,Big,22.6,6.1,2.9197080291970807,83,15,30.3,19.3
1630162,Anthony Edwards,MIN,2021-22,march,Secondary Ball Handler,Secondary,23.4,18.8,49.66887417218543,76,11,33.2,19.2
202696,Nikola Vučević,CHI,2021-22,march,Rim Runner,Big,24.6,11.3,25.64102564102565,82,14,32.7,19.1
1627734,Domantas Sabonis,SAC,2021-22,march,Versatile Big,Big,24.1,27.5,8.527131782945736,83,8,34.2,19.1
202704,Reggie Jackson,LAC,2021-22,march,Primary Initiator,Primary,29.7,29.3,36.21621621621622,74,13,32.4,19.1
1628976,Wendell Carter Jr.,ORL,2021-22,march,Anchor Big,Big,23.7,17.1,21.897810218978105,82,9,32.4,19.0
201566,Russell Westbrook,LAL,2021-22,march,Secondary Ball Handler,Secondary,25.0,27.1,22.22222222222222,75,16,34.3,18.6
202685,Jonas Valančiūnas,NOP,2021-22,march,Post Scorer,Big,25.4,14.1,14.074074074074073,83,15,28.9,18.5
203992,Bogdan Bogdanović,ATL,2021-22,march,Secondary Ball Handler,Secondary,24.9,15.9,55.333333333333336,78,16,30.3,18.4
1628969,Mikal Bridges,PHX,2021-22,march,Role Player,Role,16.9,8.8,35.15625,78,15,38.4,18.3
1629018,Gary Trent Jr.,TOR,2021-22,march,3&D Wing,Wing,21.6,9.5,52.25806451612903,77,13,35.2,18.2
203903,Jordan Clarkson,UTA,2021-22,march,Role Player,Role,26.2,12.4,43.70860927152318,76,17,29.6,18.1
1628398,Kyle Kuzma,WAS,2021-22,march,Role Player,Role,28.0,28.9,37.73584905660377,81,9,32.7,18.1
203915,Spencer Dinwiddie,DAL,2021-22,march,Role Player,Role,23.0,22.7,43.54838709677419,78,14,31.3,18.1
1630180,Saddiq Bey,DET,2021-22,march,Role Player,Role,21.1,14.1,58.450704225352126,79,16,34.3,17.9
1627741,Buddy Hield,IND,2021-22,march,Role Player,Role,21.6,19.3,52.317880794701985,76,14,34.5,17.3
1628415,Dillon Brooks,MEM,2021-22,march,Role Player,Role,26.8,10.7,28.30188679245283,79,8,26.7,17.3
1630178,Tyrese Maxey,PHI,2021-22,march,Role Player,Role,18.7,15.8,41.40624999999999,74,16,35.9,17.2
1628973,Jalen Brunson,DAL,2021-22,march,Secondary Ball Handler,Secondary,22.3,15.4,26.717557251908396,73,14,31.9,17.1
1630567,Scottie Barnes,TOR,2021-22,march,Role Player,Role,19.8,18.1,16.78321678321678,79,16,37.0,17.1
203484,Kentavious Caldwell-Pope,WAS,2021-22,march,Role Player,Role,20.0,11.5,47.05882352941176,77,16,32.4,16.9
1629645,Kevin Porter Jr.,HOU,2021-22,march,Secondary Ball Handler,Secondary,23.5,30.0,51.77304964539007,76,16,32.4,16.5
1628370,Malik Monk,LAL,2021-22,march,Secondary Ball Handler,Secondary,20.9,15.6,51.96850393700787,75,16,30.6,16.2
1630544,Tre Mann,OKC,2021-22,march,Secondary Ball Handler,Secondary,24.3,12.9,50.0,75,12,31.1,15.9
1628374,Lauri Markkanen,CLE,2021-22,march,Stretch Big,Big,19.0,5.4,57.264957264957275,83,15,32.6,15.9
1630532,Franz Wagner,ORL,2021-22,march,Anchor Big,Big,21.1,15.8,26.4,82,15,29.8,15.5
1628991,Jaren Jackson Jr.,MEM,2021-22,march,Anchor Big,Big,24.7,6.4,35.53719008264463,83,13,24.8,15.5
1628963,Marvin Bagley III,DET,2021-22,march,Rim Runner,Big,21.1,7.6,18.26086956521739,83,14,28.6,15.4
1630314,Brandon Williams,POR,2021-22,march,Secondary Ball Handler,Secondary,25.4,21.4,38.46153846153846,74,15,30.2,15.4
1630570,Trendon Watford,POR,2021-22,march,Role Player,Role,19.5,17.5,17.948717948717952,80,13,31.5,15.4
1630558,Davion Mitchell,SAC,2021-22,march,Role Player,Role,22.4,25.4,32.35294117647059,72,14,31.6,15.4
1630596,Evan Mobley,CLE,2021-22,march,Rim Runner,Big,20.8,11.3,10.56910569105691,83,14,33.2,15.4
1629647,Darius Bazley,OKC,2021-22,march,Role Player,Role,19.8,9.1,49.10714285714286,80,13,29.8,15.3
203952,Andrew Wiggins,GSW,2021-22,march,Role Player,Role,23.0,11.7,35.86206896551724,79,13,32.7,15.2
202699,Tobias Harris,PHI,2021-22,march,Role Player,Role,18.0,14.5,35.483870967741936,79,16,34.2,15.1
1629234,Drew Eubanks,POR,2021-22,march,Role Player,Role,16.9,10.4,7.216494845360826,81,15,29.8,15.0
203084,Harrison Barnes,SAC,2021-22,march,3&D Wing,Wing,16.6,10.3,47.0,80,14,34.9,15.0
1630193,Immanuel Quickley,NYK,2021-22,march,Secondary Ball Handler,Secondary,20.3,24.6,48.93617021276595,75,16,26.3,14.9
1627832,Fred VanVleet,TOR,2021-22,march,Role Player,Role,20.2,19.8,58.273381294964025,73,10,36.1,14.8
1628971,Bruce Brown,BKN,2021-22,march,Role Player,Role,17.1,14.6,20.0,76,15,31.8,14.7
1630169,Tyrese Haliburton,IND,2021-22,march,Role Player,Role,19.1,36.3,40.49586776859505,77,14,35.3,14.7
203932,Aaron Gordon,DEN,2021-22,march,Role Player,Role,20.3,10.3,27.192982456140353,80,15,30.7,14.7
1629631,De'Andre Hunter,ATL,2021-22,march,Role Player,Role,19.0,6.4,36.607142857142854,80,16,31.5,14.6
203497,Rudy Gobert,UTA,2021-22,march,Anchor Big,Big,15.0,4.2,0.0,85,15,32.2,14.5
1629048,Goga Bitadze,IND,2021-22,march,Rim Runner,Big,19.9,12.5,30.000000000000004,84,10,23.7,14.5
1630538,Bones Hyland,DEN,2021-22,march,Secondary Ball Handler,Secondary,23.0,30.0,61.79775280898876,74,15,21.9,14.3
1630175,Cole Anthony,ORL,2021-22,march,Secondary Ball Handler,Secondary,21.8,28.6,44.53781512605042,75,15,30.3,14.3
202694,Marcus Morris Sr.,LAC,2021-22,march,Role Player,Role,23.1,13.7,33.050847457627114,80,13,26.8,14.2
1629022,Lonnie Walker IV,SAS,2021-22,march,Role Player,Role,24.4,10.6,54.310344827586206,76,9,22.7,14.1
203935,Marcus Smart,BOS,2021-22,march,Role Player,Role,22.0,31.2,46.72131147540984,76,13,32.7,13.9
202692,Alec Burks,NYK,2021-22,march,Role Player,Role,16.3,16.7,58.8785046728972,78,16,33.5,13.9
1627827,Dorian Finney-Smith,DAL,2021-22,march,Role Player,Role,15.1,7.0,66.66666666666667,79,15,34.5,13.9
1628989,Kevin Huerter,ATL,2021-22,march,Role Player,Role,18.3,11.3,58.119658119658126,79,16,30.9,13.8
1630188,Jalen Smith,IND,2021-22,march,Rim Runner,Big,19.3,3.8,37.62376237623762,82,12,25.4,13.7
203552,Seth Curry,BKN,2021-22,march,Role Player,Role,16.9,8.9,62.7450980392157,74,11,29.7,13.6
1627747,Caris LeVert,CLE,2021-22,march,Secondary Ball Handler,Secondary,23.4,20.8,28.57142857142857,78,10,27.6,13.5
1627751,Jakob Poeltl,SAS,2021-22,march,Anchor Big,Big,18.0,11.9,0.0,85,13,29.0,13.5
1629001,De'Anthony Melton,MEM,2021-22,march,Role Player,Role,21.6,14.4,61.386138613861384,74,14,21.7,13.2
201568,Danilo Gallinari,ATL,2021-22,march,Stretch Big,Big,18.3,10.8,46.42857142857144,82,13,29.4,13.2
203095,Evan Fournier,NYK,2021-22,march,Role Player,Role,18.5,14.7,73.45132743362832,78,16,29.5,13.1
1630170,Devin Vassell,SAS,2021-22,march,Role Player,Role,17.8,8.3,50.0,77,12,30.9,13.1
1626156,D'Angelo Russell,MIN,2021-22,march,Secondary Ball Handler,Secondary,21.1,32.2,52.066115702479344,76,14,30.5,13.1
203463,Ben McLemore,POR,2021-22,march,Role Player,Role,22.7,4.7,73.52941176470588,75,14,22.0,13.0
1629676,Isaiah Roby,OKC,2021-22,march,Role Player,Role,17.4,13.5,29.761904761904763,80,14,26.9,12.9
203083,Andre Drummond,BKN,2021-22,march,Rim Runner,Big,19.6,6.4,0.0,82,13,23.5,12.8
1629060,Rui Hachimura,WAS,2021-22,march,3&D Wing,Wing,20.5,6.6,34.6938775510204,80,16,24.3,12.8
203115,Will Barton,DEN,2021-22,march,Role Player,Role,19.2,16.6,50.43478260869565,77,13,31.2,12.7
2546,Carmelo Anthony,LAL,2021-22,march,Role Player,Role,20.0,4.3,49.494949494949495,79,15,23.9,12.6
200768,Kyle Lowry,MIA,2021-22,march,Role Player,Role,15.3,27.1,77.38095238095238,72,12,32.7,12.6
1627736,Malik Beasley,MIN,2021-22,march,Role Player,Role,16.0,8.7,86.51685393258427,76,13,24.5,12.5
1626166,Cameron Payne,PHX,2021-22,march,Role Player,Role,21.5,36.7,38.26086956521739,73,14,27.4,12.5
1626196,Josh Richardson,SAS,2021-22,march,Role Player,Role,18.5,13.1,46.46464646464646,77,12,26.6,12.4
201144,Mike Conley,UTA,2021-22,march,Role Player,Role,18.7,27.3,50.0,73,14,28.7,12.4
1630197,Aleksej Pokusevski,OKC,2021-22,march,Stretch Big,Big,20.3,19.7,42.727272727272734,84,15,29.1,12.2
1628420,Monte Morris,DEN,2021-22,march,Role Player,Role,15.9,22.3,38.70967741935484,74,16,29.3,12.2
1630183,Jaden McDaniels,MIN,2021-22,march,Role Player,Role,16.3,5.0,46.23655913978494,81,8,27.8,12.1
1630173,Precious Achiuwa,TOR,2021-22,march,Role Player,Role,21.0,6.1,37.735849056603776,80,16,25.1,12.1
1630613,Duane Washington Jr.,IND,2021-22,march,Role Player,Role,22.6,12.2,48.97959183673469,75,12,21.4,12.1
1630228,Jonathan Kuminga,GSW,2021-22,march,Secondary Ball Handler,Secondary,22.5,9.1,32.967032967032964,79,16,22.9,12.1
1630598,Aaron Wiggins,OKC,2021-22,march,3&D Wing,Wing,17.7,11.0,35.71428571428571,76,11,30.4,12.0
203939,Dwight Powell,DAL,2021-22,march,Rim Runner,Big,14.9,9.4,4.545454545454546,82,16,25.3,12.0
1630557,Corey Kispert,WAS,2021-22,march,Role Player,Role,14.0,5.5,68.13186813186813,78,16,31.3,11.9
1629052,Oshae Brissett,IND,2021-22,march,Role Player,Role,16.8,6.1,45.833333333333336,79,12,28.9,11.8
1626168,Trey Lyles,SAC,2021-22,march,Role Player,Role,16.4,8.8,38.095238095238095,81,14,27.2,11.8
1627826,Ivica Zubac,LAC,2021-22,march,Post Scorer,Big,20.6,13.8,0.0,84,14,24.9,11.7
1628964,Mo Bamba,ORL,2021-22,march,Stretch Big,Big,17.1,3.6,46.067415730337075,84,15,24.9,11.7
1629021,Moritz Wagner,ORL,2021-22,march,Stretch Big,Big,23.5,18.2,48.23529411764705,83,13,20.1,11.5
1627752,Taurean Prince,MIN,2021-22,march,3&D Wing,Wing,21.6,6.4,55.0561797752809,78,15,20.7,11.4
1629023,P.J. Washington,CHA,2021-22,march,Role Player,Role,14.4,12.1,53.846153846153854,79,14,31.4,11.3
1630578,Alperen Sengun,HOU,2021-22,march,Post Scorer,Big,22.8,14.3,24.468085106382976,82,16,23.8,11.3
203991,Clint Capela,ATL,2021-22,march,Rim Runner,Big,15.0,6.6,0.0,82,17,26.7,11.2
1626192,Pat Connaughton,MIL,2021-22,march,Role Player,Role,18.4,7.6,80.76923076923077,77,6,21.1,11.2
1629611,Terance Mann,LAC,2021-22,march,Role Player,Role,17.1,17.2,28.915662650602407,77,14,28.0,11.1
1630177,Theo Maledon,OKC,2021-22,march,Role Player,Role,21.6,23.1,47.19101123595505,76,15,24.0,11.1
1628379,Luke Kennard,LAC,2021-22,march,Movement Shooter,Shooter,15.8,7.2,61.904761904761905,77,14,26.4,11.0
203109,Jae Crowder,PHX,2021-22,march,Role Player,Role,16.5,10.8,69.14893617021276,78,13,28.1,10.8
201567,Kevin Love,CLE,2021-22,march,Role Player,Role,19.6,14.8,68.88888888888889,80,16,24.0,10.8
1629013,Landry Shamet,PHX,2021-22,march,3&D Wing,Wing,15.6,9.2,71.42857142857143,76,15,23.8,10.7
1627745,Damian Jones,SAC,2021-22,march,Rim Runner,Big,16.1,9.8,12.5,83,11,23.9,10.7
1626147,Justin Anderson,IND,2021-22,march,Role Player,Role,15.7,14.2,56.04395604395605,77,7,29.0,10.7
1626162,Kelly Oubre Jr.,CHA,2021-22,march,Role Player,Role,21.2,6.3,57.30337078651685,78,14,19.5,10.6
203471,Dennis Schröder,HOU,2021-22,march,Role Player,Role,19.5,29.0,42.6829268292683,73,10,25.3,10.6
1628418,Thomas Bryant,WAS,2021-22,march,Rim Runner,Big,19.8,10.0,25.0,82,5,18.2,10.6
1628449,Chris Boucher,TOR,2021-22,march,Role Player,Role,17.0,0.4,37.49999999999999,81,16,24.2,10.6
1630543,Isaiah Jackson,IND,2021-22,march,Rim Runner,Big,22.3,1.8,6.17283950617284,82,8,20.0,10.5
1626145,Tyus Jones,MEM,2021-22,march,3&D Wing,Wing,17.2,29.3,41.75824175824176,72,14,23.3,10.5
1629637,Jaxson Hayes,NOP,2021-22,march,Rim Runner,Big,12.9,4.5,17.460317460317462,83,15,27.2,10.5
201145,Jeff Green,DEN,2021-22,march,Role Player,Role,14.2,5.6,30.303030303030305,80,15,26.0,10.4
1629634,Brandon Clarke,MEM,2021-22,march,Role Player,Role,16.3,6.5,4.3478260869565215,80,12,20.8,10.3
1628365,Markelle Fultz,ORL,2021-22,march,Role Player,Role,26.7,40.8,9.67741935483871,76,12,18.7,10.3
1630678,Terry Taylor,IND,2021-22,march,Role Player,Role,13.9,5.3,20.0,77,12,24.3,10.3
1628401,Derrick White,BOS,2021-22,march,Role Player,Role,17.8,20.3,45.55555555555555,76,14,28.2,10.2
1630231,KJ Martin,HOU,2021-22,march,Role Player,Role,14.6,7.7,37.142857142857146,77,17,24.4,10.1
1628978,Donte DiVincenzo,SAC,2021-22,march,Movement Shooter,Shooter,17.3,17.3,64.04494382022472,76,14,27.9,10.1
1626149,Montrezl Harrell,CHA,2021-22,march,Role Player,Role,19.0,15.2,1.7241379310344829,79,14,17.3,10.1
1626171,Bobby Portis,MIL,2021-22,march,Stretch Big,Big,16.4,4.8,40.625,82,14,27.0,10.0
202326,DeMarcus Cousins,DEN,2021-22,march,Versatile Big,Big,30.2,20.4,36.61971830985916,82,16,15.0,10.0
1628960,Grayson Allen,MIL,2021-22,march,Role Player,Role,12.1,7.5,67.6923076923077,76,13,26.6,10.0
1629669,Jaylen Nowell,MIN,2021-22,march,Role Player,Role,19.0,17.2,41.891891891891895,76,15,19.0,10.0
1630167,Obi Toppin,NYK,2021-22,march,Role Player,Role,18.6,12.6,42.028985507246375,81,11,18.2,10.0
1629632,Coby White,CHI,2021-22,march,Role Player,Role,18.5,16.6,54.736842105263165,76,15,24.9,9.9
1629622,Max Strus,MIA,2021-22,march,Role Player,Role,18.6,10.4,86.74698795180721,77,15,22.5,9.9
203493,Reggie Bullock Jr.,DAL,2021-22,march,Role Player,Role,12.9,7.0,81.25,78,12,36.1,9.9
201572,Brook Lopez,MIL,2021-22,march,Stretch Big,Big,20.0,5.3,48.23529411764705,84,8,21.7,9.9
1629675,Naz Reid,MIN,2021-22,march,Role Player,Role,21.2,11.3,31.57894736842105,81,13,15.3,9.8
1630529,Herbert Jones,NOP,2021-22,march,Role Player,Role,14.3,10.5,37.662337662337656,79,15,30.1,9.8
201976,Patrick Beverley,MIN,2021-22,march,Role Player,Role,16.4,24.2,61.42857142857142,73,12,22.9,9.8
1629057,Robert Williams III,BOS,2021-22,march,Role Player,Role,9.6,8.1,0.0,81,11,28.4,9.7
203496,Robert Covington,LAC,2021-22,march,Role Player,Role,14.0,6.5,67.18749999999999,79,9,23.2,9.7
1629130,Duncan Robinson,MIA,2021-22,march,Movement Shooter,Shooter,16.3,12.2,89.33333333333333,79,15,23.1,9.6
1628392,Isaiah Hartenstein,LAC,2021-22,march,Versatile Big,Big,17.0,24.2,8.771929824561402,84,14,21.4,9.6
1626224,Cedi Osman,CLE,2021-22,march,Role Player,Role,20.9,16.5,62.0253164556962,79,12,19.5,9.5
1629655,Daniel Gafford,WAS,2021-22,march,Role Player,Role,18.1,6.4,1.8518518518518516,81,15,17.8,9.4
1630166,Deni Avdija,WAS,2021-22,march,Role Player,Role,18.3,15.8,45.56962025316456,81,16,24.4,9.4
1630245,Ayo Dosunmu,CHI,2021-22,march,Role Player,Role,14.0,18.7,30.952380952380953,76,15,31.2,9.3
1630171,Isaac Okoro,CLE,2021-22,march,3&D Wing,Wing,11.1,7.7,30.15873015873016,77,16,31.9,9.3
1626195,Willy Hernangomez,NOP,2021-22,march,Rim Runner,Big,21.5,8.8,4.615384615384615,83,13,16.9,9.3
1628997,Caleb Martin,MIA,2021-22,march,Role Player,Role,16.1,8.6,39.34426229508197,77,10,21.4,9.3
1628984,Devonte' Graham,NOP,2021-22,march,Role Player,Role,17.6,20.2,70.11494252873564,73,14,24.2,9.3
1630322,Lindy Waters III,OKC,2021-22,march,Role Player,Role,16.7,8.7,84.33734939759036,78,15,22.2,9.3
1629011,Mitchell Robinson,NYK,2021-22,march,Anchor Big,Big,11.9,5.6,0.0,84,15,26.5,9.3
1630230,Naji Marshall,NOP,2021-22,march,Role Player,Role,20.1,11.7,40.0,79,15,19.5,9.3
201143,Al Horford,BOS,2021-22,march,Role Player,Role,11.8,12.7,52.054794520547944,81,12,31.4,9.3
1630591,Jalen Suggs,ORL,2021-22,march,Secondary Ball Handler,Secondary,23.7,26.7,40.74074074074075,77,5,26.2,9.2
1630256,Jae'Sean Tate,HOU,2021-22,march,Role Player,Role,19.5,13.6,31.25,76,15,21.8,9.1
201569,Eric Gordon,HOU,2021-22,march,3&D Wing,Wing,14.7,6.5,63.07692307692307,75,8,26.9,9.1
1627777,Georges Niang,PHI,2021-22,march,Role Player,Role,15.2,8.1,79.72972972972973,79,16,22.6,9.1
1630528,Josh Christopher,HOU,2021-22,march,Role Player,Role,20.8,19.6,35.064935064935064,75,17,20.7,8.9
1630553,Keon Johnson,POR,2021-22,march,Role Player,Role,19.5,13.9,40.659340659340664,76,14,23.9,8.9
1629659,Talen Horton-Tucker,LAL,2021-22,march,Role Player,Role,20.5,15.5,32.94117647058823,76,11,22.5,8.9
1629651,Nic Claxton,BKN,2021-22,march,Rim Runner,Big,14.9,7.1,0.0,83,15,20.5,8.9
1629599,Amir Coffey,LAC,2021-22,march,Role Player,Role,16.9,11.5,46.42857142857142,79,14,25.2,8.9
1629684,Grant Williams,BOS,2021-22,march,Role Player,Role,14.5,3.6,42.25352112676057,78,14,26.5,8.9
1630530,Trey Murphy III,NOP,2021-22,march,Role Player,Role,16.3,9.1,58.46153846153845,80,13,17.7,8.8
1630205,Lamar Stevens,CLE,2021-22,march,Role Player,Role,18.0,6.8,13.043478260869565,78,15,20.6,8.8
1630631,Jose Alvarado,NOP,2021-22,march,Role Player,Role,17.3,27.6,36.00000000000001,72,15,21.0,8.7
203914,Gary Harris,ORL,2021-22,march,3&D Wing,Wing,16.4,8.0,64.7887323943662,76,7,21.9,8.7
1630202,Payton Pritchard,BOS,2021-22,march,Role Player,Role,16.1,20.3,75.40983606557377,73,14,18.3,8.6
1629604,CJ Elleby,POR,2021-22,march,Role Player,Role,15.3,10.7,34.72222222222222,78,15,28.4,8.5
1627739,Kris Dunn,POR,2021-22,march,Role Player,Role,16.7,30.0,7.142857142857142,75,10,23.6,8.3
201587,Nicolas Batum,LAC,2021-22,march,3&D Wing,Wing,13.8,11.0,66.19718309859155,80,14,25.7,8.3
1630191,Isaiah Stewart,DET,2021-22,march,Role Player,Role,14.3,6.4,11.764705882352942,80,13,26.3,8.2
1629643,Chuma Okeke,ORL,2021-22,march,Role Player,Role,15.6,10.9,68.6046511627907,78,14,27.3,8.1
203482,Kelly Olynyk,DET,2021-22,march,Stretch Big,Big,17.3,22.2,41.1764705882353,83,14,17.3,8.1
1630165,Killian Hayes,DET,2021-22,march,Role Player,Role,15.4,22.6,29.333333333333332,77,12,26.6,8.0
202709,Cory Joseph,DET,2021-22,march,Role Player,Role,13.3,16.7,44.06779661016949,75,15,24.9,7.9
1629002,Chimezie Metu,SAC,2021-22,march,Role Player,Role,19.7,7.1,37.096774193548384,81,13,16.9,7.8
203200,Justin Holiday,SAC,2021-22,march,Role Player,Role,16.5,6.4,72.94117647058825,78,13,25.0,7.8
203490,Otto Porter Jr.,GSW,2021-22,march,Role Player,Role,14.2,8.9,37.49999999999999,80,10,23.9,7.8
1627780,Gary Payton II,GSW,2021-22,march,Role Player,Role,13.2,7.1,27.450980392156865,75,8,20.9,7.8
202362,Lance Stephenson,IND,2021-22,march,Role Player,Role,22.1,23.0,31.818181818181824,77,10,16.6,7.7
1630559,Austin Reaves,LAL,2021-22,march,Role Player,Role,13.3,11.2,49.20634920634921,77,16,24.9,7.7
202397,Ish Smith,WAS,2021-22,march,Role Player,Role,20.1,33.5,19.277108433734934,72,16,21.2,7.6
1630168,Onyeka Okongwu,ATL,2021-22,march,Role Player,Role,13.6,6.1,0.0,80,15,19.3,7.6
201609,Goran Dragic,BKN,2021-22,march,Role Player,Role,16.3,22.5,40.789473684210535,75,14,26.9,7.5
1626220,Royce O'Neale,UTA,2021-22,march,3&D Wing,Wing,10.8,10.8,72.05882352941177,77,17,31.9,7.5
1628470,Torrey Craig,PHX,2021-22,march,Role Player,Role,13.9,8.4,54.99999999999999,79,15,22.4,7.5
1630541,Moses Moody,GSW,2021-22,march,3&D Wing,Wing,15.2,6.8,53.84615384615385,77,13,17.2,7.5
203500,Steven Adams,MEM,2021-22,march,Rim Runner,Big,11.1,14.0,1.8518518518518516,83,14,26.3,7.4
2730,Dwight Howard,LAL,2021-22,march,Rim Runner,Big,14.5,3.9,4.545454545454546,82,11,18.5,7.4
1630533,Ziaire Williams,MEM,2021-22,march,3&D Wing,Wing,14.7,9.0,61.01694915254237,81,14,18.9,7.4
1629020,Jarred Vanderbilt,MIN,2021-22,march,Role Player,Role,12.2,5.9,1.9607843137254903,81,12,23.7,7.3
203082,Terrence Ross,ORL,2021-22,march,Role Player,Role,21.2,11.5,54.7945205479452,78,9,17.2,7.3
201586,Serge Ibaka,MIL,2021-22,march,Rim Runner,Big,16.1,5.0,35.18518518518518,82,12,15.9,7.2
1628380,Zach Collins,SAS,2021-22,march,Rim Runner,Big,16.8,16.8,29.629629629629623,83,14,17.0,7.1
203087,Jeremy Lamb,SAC,2021-22,march,Role Player,Role,20.1,11.0,35.714285714285715,77,8,16.5,7.1
203937,Kyle Anderson,MEM,2021-22,march,Role Player,Role,15.2,13.3,23.076923076923077,81,14,20.1,7.1
201988,Patty Mills,BKN,2021-22,march,Role Player,Role,13.0,7.0,81.53846153846153,72,15,22.9,7.1
1630181,R.J. Hampton,ORL,2021-22,march,Role Player,Role,13.5,10.6,50.74626865671642,76,15,26.2,7.1
1628988,Aaron Holiday,PHX,2021-22,march,3&D Wing,Wing,18.5,31.5,23.21428571428572,72,12,17.0,7.0
1628464,Daniel Theis,BOS,2021-22,march,Role Player,Role,16.7,8.7,27.27272727272727,81,12,16.3,7.0
203926,Doug McDermott,SAS,2021-22,march,3&D Wing,Wing,16.5,6.2,62.962962962962955,79,5,19.2,7.0
1629649,Ignas Brazdeikis,ORL,2021-22,march,Role Player,Role,17.0,8.5,46.666666666666664,78,8,16.3,7.0
1630249,Vít Krejčí,OKC,2021-22,march,Movement Shooter,Shooter,10.9,10.4,71.15384615384616,80,15,24.9,6.9
200752,Rudy Gay,UTA,2021-22,march,Role Player,Role,18.4,5.6,49.20634920634921,80,16,16.8,6.8
1626169,Stanley Johnson,LAL,2021-22,march,Role Player,Role,11.6,11.3,39.62264150943396,78,16,23.4,6.8
1630563,Joshua Primo,SAS,2021-22,march,Role Player,Role,13.5,7.7,50.0,76,12,25.2,6.6
1628998,Cody Martin,CHA,2021-22,march,Role Player,Role,10.9,12.9,41.66666666666667,78,14,24.5,6.5
201571,D.J. Augustin,LAL,2021-22,march,Role Player,Role,11.5,12.3,80.48780487804879,71,15,17.4,6.5
203526,Raul Neto,WAS,2021-22,march,Role Player,Role,15.5,31.4,21.153846153846153,74,14,18.4,6.4
1629117,Wenyen Gabriel,LAL,2021-22,march,Role Player,Role,17.4,4.4,30.76923076923077,81,13,15.9,6.4
1627936,Alex Caruso,CHI,2021-22,march,3&D Wing,Wing,12.1,18.0,50.0,77,11,29.8,6.4
202355,Hassan Whiteside,UTA,2021-22,march,Rim Runner,Big,13.6,2.0,0.0,84,12,16.8,6.3
1630240,Saben Lee,DET,2021-22,march,Role Player,Role,14.9,26.0,23.636363636363637,74,6,18.5,6.3
203506,Victor Oladipo,MIA,2021-22,march,Role Player,Role,19.8,26.2,40.298507462686565,76,6,18.4,6.3
1630846,Olivier Sarr,OKC,2021-22,march,Rim Runner,Big,13.3,7.1,26.829268292682933,84,14,19.2,6.3
1627823,Juancho Hernangomez,UTA,2021-22,march,Role Player,Role,13.1,7.2,75.55555555555556,81,11,19.6,6.1
1629750,Javonte Green,CHI,2021-22,march,3&D Wing,Wing,10.5,4.3,37.2093023255814,77,15,20.9,6.1
1627814,Damion Lee,GSW,2021-22,march,Role Player,Role,14.5,7.9,48.97959183673469,77,10,19.0,6.0
1628975,Jevon Carter,MIL,2021-22,march,3&D Wing,Wing,10.0,17.8,62.85714285714287,73,13,17.2,6.0
203486,Mason Plumlee,CHA,2021-22,march,Rim Runner,Big,11.0,19.0,0.0,83,14,23.8,6.0
203085,Austin Rivers,DEN,2021-22,march,Role Player,Role,10.7,10.3,67.3469387755102,76,15,24.4,5.9
201152,Thaddeus Young,TOR,2021-22,march,Role Player,Role,15.3,12.6,31.481481481481477,80,15,17.6,5.9
203210,JaMychal Green,DEN,2021-22,march,Role Player,Role,13.5,6.3,27.083333333333336,80,14,19.2,5.9
201959,Taj Gibson,NYK,2021-22,march,Role Player,Role,10.1,2.1,26.47058823529412,81,8,17.4,5.9
1630182,Josh Green,DAL,2021-22,march,3&D Wing,Wing,14.1,8.2,36.73469387755102,77,16,18.9,5.8
1629680,Matisse Thybulle,PHI,2021-22,march,Role Player,Role,9.8,4.7,36.585365853658544,77,16,23.4,5.8
1630200,Tre Jones,SAS,2021-22,march,Role Player,Role,14.0,26.6,21.818181818181817,73,14,20.0,5.8
1629216,Gabe Vincent,MIA,2021-22,march,Movement Shooter,Shooter,17.4,13.2,62.121212121212125,75,11,20.9,5.7
1629726,Garrison Mathews,HOU,2021-22,march,Role Player,Role,10.5,4.8,85.71428571428571,77,17,23.4,5.6
1626208,Keifer Sykes,IND,2021-22,march,Role Player,Role,15.4,14.5,46.42857142857144,71,9,18.1,5.6
1630587,Isaiah Livers,DET,2021-22,march,3&D Wing,Wing,12.2,7.5,76.74418604651163,78,12,18.2,5.5
1629162,Jordan McLaughlin,MIN,2021-22,march,Role Player,Role,11.1,20.9,41.86046511627907,71,13,19.4,5.5
1627863,Danuel House Jr.,UTA,2021-22,march,Role Player,Role,11.1,9.1,69.04761904761905,78,9,18.1,5.3
202684,Tristan Thompson,CHI,2021-22,march,Role Player,Role,13.3,6.3,2.439024390243903,81,15,16.7,5.3
1626172,Kevon Looney,GSW,2021-22,march,Role Player,Role,9.1,17.5,0.0,81,16,22.4,5.3
203585,Rodney McGruder,DET,2021-22,march,Role Player,Role,15.8,10.5,84.00000000000001,76,12,15.2,5.3
200782,P.J. Tucker,MIA,2021-22,march,Role Player,Role,11.0,11.1,34.54545454545455,77,14,26.3,5.2
1629731,Dean Wade,CLE,2021-22,march,3&D Wing,Wing,9.2,2.7,45.45454545454545,81,5,20.7,5.2
1630535,Greg Brown III,POR,2021-22,march,Role Player,Role,14.5,11.6,27.083333333333336,79,12,19.0,5.1
202083,Wesley Matthews,MIL,2021-22,march,Role Player,Role,9.7,4.5,68.08510638297872,76,13,22.6,5.1
1630172,Patrick Williams,CHI,2021-22,march,3&D Wing,Wing,10.7,2.8,34.146341463414636,79,7,20.4,5.0
1626153,Delon Wright,ATL,2021-22,march,Role Player,Role,8.8,16.1,42.857142857142854,77,17,20.9,4.9
1629670,Jordan Nwora,MIL,2021-22,march,Role Player,Role,14.4,5.6,50.98039215686275,80,10,16.1,4.8
203920,Khem Birch,TOR,2021-22,march,Role Player,Role,10.9,6.4,8.108108108108107,81,15,18.1,4.8
203110,Draymond Green,GSW,2021-22,march,Role Player,Role,12.1,30.8,30.555555555555557,78,7,24.4,4.7
1628467,Maxi Kleber,DAL,2021-22,march,Stretch Big,Big,13.5,7.0,65.45454545454545,82,14,22.8,4.7
203107,Tomas Satoransky,WAS,2021-22,march,Role Player,Role,11.9,29.5,27.77777777777778,79,16,18.4,4.5
202357,Nemanja Bjelica,GSW,2021-22,march,Role Player,Role,13.8,21.8,35.13513513513514,81,11,18.8,4.5
202340,Avery Bradley,LAL,2021-22,march,Role Player,Role,11.3,3.5,70.27027027027027,75,10,16.2,4.4
1629003,Shake Milton,PHI,2021-22,march,Role Player,Role,11.6,14.6,40.90909090909091,77,16,17.0,4.3
1629723,John Konchar,MEM,2021-22,march,3&D Wing,Wing,10.2,11.7,42.42424242424242,77,13,15.0,4.3
201949,James Johnson,BKN,2021-22,march,Role Player,Role,11.3,16.3,31.42857142857143,79,15,16.6,4.3
1630174,Aaron Nesmith,BOS,2021-22,march,Role Player,Role,11.1,6.5,47.36842105263158,77,5,16.2,4.2
1629833,Keljin Blevins,POR,2021-22,march,Role Player,Role,15.2,10.3,63.82978723404255,76,11,15.1,4.2
201980,Danny Green,PHI,2021-22,march,Role Player,Role,10.6,6.1,90.2439024390244,78,14,18.3,4.0
203503,Tony Snell,NOP,2021-22,march,Role Player,Role,9.7,1.7,74.46808510638297,78,6,21.5,4.0
1630190,Elijah Hughes,POR,2021-22,march,Role Player,Role,13.9,7.3,60.416666666666664,77,12,15.5,3.9
1627884,Derrick Jones Jr.,CHI,2021-22,march,3&D Wing,Wing,10.0,4.4,29.03225806451613,78,9,16.7,3.6
201588,George Hill,MIL,2021-22,march,Role Player,Role,8.8,9.0,50.0,76,8,15.4,3.0
1630579,Jericho Sims,NYK,2021-22,march,Role Player,Role,7.5,6.1,0.0,81,16,16.2,2.7
203954,Joel Embiid,PHI,2021-22,april,Post Scorer,Big,37.6,15.7,16.216216216216218,84,5,36.5,37.8
201142,Kevin Durant,BKN,2021-22,april,Versatile Big,Big,30.0,29.2,35.0,82,5,40.7,32.2
1629029,Luka Dončić,DAL,2021-22,april,Primary Initiator,Primary,41.2,47.7,46.15384615384615,79,5,33.5,31.8
1629027,Trae Young,ATL,2021-22,april,Primary Initiator,Primary,35.2,47.0,41.12149532710281,73,5,36.0,31.0
202681,Kyrie Irving,BKN,2021-22,april,Primary Initiator,Primary,28.4,23.7,44.354838709677416,74,5,41.4,30.0
1629645,Kevin Porter Jr.,HOU,2021-22,april,Primary Initiator,Primary,28.6,26.4,51.35135135135136,76,5,39.0,29.0
1630224,Jalen Green,HOU,2021-22,april,Role Player,Role,26.0,10.9,45.54455445544554,76,5,38.5,28.6
1627783,Pascal Siakam,TOR,2021-22,april,Role Player,Role,27.5,28.2,17.117117117117118,80,5,40.6,28.4
1630167,Obi Toppin,NYK,2021-22,april,Role Player,Role,24.6,13.5,46.067415730337075,81,5,37.5,27.2
1627759,Jaylen Brown,BOS,2021-22,april,Secondary Ball Handler,Secondary,30.6,27.9,31.521739130434785,78,5,31.8,25.8
1630162,Anthony Edwards,MIN,2021-22,april,Secondary Ball Handler,Secondary,27.5,22.7,48.31460674157303,76,5,33.0,25.2
1629636,Darius Garland,CLE,2021-22,april,Secondary Ball Handler,Secondary,27.3,31.4,33.69565217391305,73,5,35.6,23.2
1629640,Keldon Johnson,SAS,2021-22,april,Role Player,Role,24.9,17.0,49.36708860759494,78,5,33.0,22.6
1629673,Jordan Poole,GSW,2021-22,april,Primary Initiator,Primary,30.7,29.8,59.77011494252874,76,5,33.4,22.4
1630169,Tyrese Haliburton,IND,2021-22,april,Role Player,Role,19.6,32.3,35.0,77,5,35.6,21.2
1630163,LaMelo Ball,CHA,2021-22,april,Primary Initiator,Primary,28.9,38.7,52.56410256410257,79,5,31.0,21.0
1630178,Tyrese Maxey,PHI,2021-22,april,Secondary Ball Handler,Secondary,21.1,19.1,45.66929133858268,74,6,31.9,20.8
1629018,Gary Trent Jr.,TOR,2021-22,april,3&D Wing,Wing,20.6,7.3,41.666666666666664,77,6,37.6,20.5
1630193,Immanuel Quickley,NYK,2021-22,april,Secondary Ball Handler,Secondary,27.3,41.5,47.72727272727273,75,5,33.6,20.0
203468,CJ McCollum,NOP,2021-22,april,Secondary Ball Handler,Secondary,28.1,23.1,36.809815950920246,75,6,28.8,18.8
1628374,Lauri Markkanen,CLE,2021-22,april,Stretch Big,Big,21.5,4.0,58.92857142857143,83,5,28.6,18.2
1628970,Miles Bridges,CHA,2021-22,april,Role Player,Role,23.6,14.0,37.49999999999999,79,5,29.2,18.2
1628370,Malik Monk,LAL,2021-22,april,Secondary Ball Handler,Secondary,23.2,21.2,45.98540145985402,75,6,32.0,18.0
203497,Rudy Gobert,UTA,2021-22,april,Anchor Big,Big,19.3,4.8,5.128205128205129,85,5,32.1,18.0
1629052,Oshae Brissett,IND,2021-22,april,Role Player,Role,20.9,11.5,52.307692307692314,79,5,32.6,17.8
1626179,Terry Rozier,CHA,2021-22,april,Role Player,Role,23.1,25.9,45.20547945205479,73,5,29.9,17.6
1627745,Damian Jones,SAC,2021-22,april,Anchor Big,Big,19.0,10.9,11.11111111111111,83,5,30.6,17.4
1628973,Jalen Brunson,DAL,2021-22,april,Secondary Ball Handler,Secondary,20.4,13.4,35.59322033898305,73,5,30.0,17.4
201567,Kevin Love,CLE,2021-22,april,Movement Shooter,Shooter,26.0,13.2,69.0909090909091,80,5,21.7,17.2
1629658,Jaylen Hoard,OKC,2021-22,april,Role Player,Role,18.4,11.3,28.37837837837838,80,6,39.6,17.2
1630172,Patrick Williams,CHI,2021-22,april,3&D Wing,Wing,20.3,9.2,26.0,79,5,30.9,17.0
203992,Bogdan Bogdanović,ATL,2021-22,april,Secondary Ball Handler,Secondary,22.5,18.0,61.9718309859155,78,5,29.6,16.8
1627741,Buddy Hield,IND,2021-22,april,Movement Shooter,Shooter,22.6,18.3,62.33766233766234,76,5,34.2,16.6
1630170,Devin Vassell,SAS,2021-22,april,Movement Shooter,Shooter,20.2,15.0,57.37704918032788,77,5,30.6,16.6
1626171,Bobby Portis,MIL,2021-22,april,Anchor Big,Big,23.0,6.5,30.88235294117647,82,5,24.8,16.0
201935,James Harden,PHI,2021-22,april,Secondary Ball Handler,Secondary,21.3,42.3,54.09836065573771,77,5,38.0,15.8
203496,Robert Covington,LAC,2021-22,april,Role Player,Role,20.2,5.7,76.0,79,5,23.8,15.8
1629659,Talen Horton-Tucker,LAL,2021-22,april,Role Player,Role,26.4,18.6,25.396825396825403,76,5,24.8,15.8
1629234,Drew Eubanks,POR,2021-22,april,Role Player,Role,20.6,6.1,9.090909090909092,81,5,30.7,15.6
1629676,Isaiah Roby,OKC,2021-22,april,Role Player,Role,22.3,14.5,40.17857142857143,80,6,27.7,15.5
1629060,Rui Hachimura,WAS,2021-22,april,3&D Wing,Wing,20.7,8.7,31.818181818181824,80,6,30.5,15.5
1630567,Scottie Barnes,TOR,2021-22,april,Role Player,Role,17.9,14.2,30.833333333333336,79,6,33.7,15.5
1630533,Ziaire Williams,MEM,2021-22,april,3&D Wing,Wing,20.0,8.2,54.23728813559322,81,5,27.7,15.4
1630558,Davion Mitchell,SAC,2021-22,april,Role Player,Role,21.8,45.3,25.71428571428572,72,5,39.0,15.0
203991,Clint Capela,ATL,2021-22,april,Rim Runner,Big,15.9,1.0,0.0,82,5,27.6,14.6
1629649,Ignas Brazdeikis,ORL,2021-22,april,Role Player,Role,20.1,11.6,48.333333333333336,78,5,30.1,14.6
203903,Jordan Clarkson,UTA,2021-22,april,Role Player,Role,22.5,22.6,61.66666666666667,76,5,27.7,14.4
1628964,Mo Bamba,ORL,2021-22,april,Stretch Big,Big,20.4,15.2,62.0,84,5,24.6,14.4
1629021,Moritz Wagner,ORL,2021-22,april,Stretch Big,Big,19.7,14.4,51.06382978723404,83,5,26.8,14.4
202692,Alec Burks,NYK,2021-22,april,Role Player,Role,17.2,18.1,52.17391304347826,78,5,34.1,14.0
203463,Ben McLemore,POR,2021-22,april,Role Player,Role,21.7,12.2,74.22680412371135,75,6,25.3,14.0
1627747,Caris LeVert,CLE,2021-22,april,Role Player,Role,19.1,20.8,34.54545454545455,78,5,33.5,14.0
201950,Jrue Holiday,MIL,2021-22,april,Role Player,Role,19.9,37.5,44.44444444444444,75,5,27.4,14.0
202699,Tobias Harris,PHI,2021-22,april,Role Player,Role,18.2,12.0,40.869565217391305,79,6,33.2,13.8
1629599,Amir Coffey,LAC,2021-22,april,Role Player,Role,20.7,16.5,53.658536585365866,79,5,20.1,13.8
1630245,Ayo Dosunmu,CHI,2021-22,april,Role Player,Role,19.3,16.7,27.450980392156865,76,5,30.2,13.8
1629631,De'Andre Hunter,ATL,2021-22,april,Role Player,Role,20.8,4.2,24.561403508771928,80,5,29.7,13.8
203939,Dwight Powell,DAL,2021-22,april,Rim Runner,Big,16.6,5.5,0.0,82,5,27.0,13.8
1630200,Tre Jones,SAS,2021-22,april,Role Player,Role,17.8,37.0,19.41747572815534,73,6,30.6,13.7
1630553,Keon Johnson,POR,2021-22,april,Role Player,Role,23.8,30.5,43.18181818181819,76,6,30.5,13.5
1628401,Derrick White,BOS,2021-22,april,Role Player,Role,16.6,13.9,48.648648648648646,76,5,27.1,13.4
1628402,Frank Jackson,DET,2021-22,april,Role Player,Role,19.5,9.0,52.941176470588246,75,5,24.8,13.4
1627826,Ivica Zubac,LAC,2021-22,april,Post Scorer,Big,18.7,11.6,0.0,84,5,23.8,13.4
1628978,Donte DiVincenzo,SAC,2021-22,april,Movement Shooter,Shooter,22.2,22.6,65.3061224489796,76,5,27.4,13.2
1630613,Duane Washington Jr.,IND,2021-22,april,Role Player,Role,21.2,6.5,53.06122448979592,75,5,21.6,13.2
1630180,Saddiq Bey,DET,2021-22,april,Role Player,Role,25.3,17.7,50.0,79,5,21.6,13.2
1629001,De'Anthony Melton,MEM,2021-22,april,Role Player,Role,21.6,20.7,59.61538461538461,74,5,25.7,13.0
1630528,Josh Christopher,HOU,2021-22,april,Role Player,Role,21.7,15.2,36.53846153846153,75,5,25.9,13.0
1626196,Josh Richardson,SAS,2021-22,april,Role Player,Role,20.8,11.9,51.54639175257733,77,6,24.3,12.8
1630538,Bones Hyland,DEN,2021-22,april,Secondary Ball Handler,Secondary,22.9,28.9,69.81132075471699,74,5,23.5,12.8
1628464,Daniel Theis,BOS,2021-22,april,Role Player,Role,16.1,6.1,20.833333333333336,81,5,28.1,12.8
1630543,Isaiah Jackson,IND,2021-22,april,Rim Runner,Big,18.2,1.0,7.3170731707317085,82,5,25.4,12.8
1627827,Dorian Finney-Smith,DAL,2021-22,april,Role Player,Role,11.2,10.4,77.77777777777777,79,5,31.0,12.6
1628380,Zach Collins,SAS,2021-22,april,Rim Runner,Big,20.7,19.5,19.402985074626866,83,6,22.3,12.3
1630165,Killian Hayes,DET,2021-22,april,Role Player,Role,22.0,28.4,38.983050847457626,77,5,26.0,12.2
203935,Marcus Smart,BOS,2021-22,april,Role Player,Role,17.6,25.6,73.33333333333333,76,5,28.1,12.2
1628365,Markelle Fultz,ORL,2021-22,april,Role Player,Role,26.7,49.4,10.714285714285715,76,5,23.9,12.2
1629655,Daniel Gafford,WAS,2021-22,april,Role Player,Role,17.0,5.2,0.0,81,6,20.6,12.2
1630166,Deni Avdija,WAS,2021-22,april,Role Player,Role,20.0,18.3,47.27272727272727,81,6,29.1,12.2
1628969,Mikal Bridges,PHX,2021-22,april,Role Player,Role,17.9,8.9,27.77777777777778,78,6,25.3,12.2
203084,Harrison Barnes,SAC,2021-22,april,3&D Wing,Wing,17.5,6.7,45.833333333333336,80,5,28.0,12.0
1627736,Malik Beasley,MIN,2021-22,april,Role Player,Role,16.4,8.7,85.71428571428571,76,5,25.4,12.0
1630228,Jonathan Kuminga,GSW,2021-22,april,Secondary Ball Handler,Secondary,21.5,11.8,27.272727272727277,79,5,18.8,11.8
1630181,R.J. Hampton,ORL,2021-22,april,Role Player,Role,21.0,23.6,31.147540983606557,76,5,30.8,11.8
1629637,Jaxson Hayes,NOP,2021-22,april,Rim Runner,Big,18.8,5.0,23.913043478260875,83,6,23.5,11.7
1629643,Chuma Okeke,ORL,2021-22,april,Role Player,Role,16.9,8.1,84.00000000000001,78,5,28.1,11.6
1628392,Isaiah Hartenstein,LAC,2021-22,april,Versatile Big,Big,17.1,22.3,36.11111111111111,84,5,24.2,11.6
1629611,Terance Mann,LAC,2021-22,april,Role Player,Role,17.8,15.5,22.727272727272727,77,5,25.3,11.6
1630557,Corey Kispert,WAS,2021-22,april,Role Player,Role,13.3,7.5,66.26506024096385,78,6,30.6,11.5
203083,Andre Drummond,BKN,2021-22,april,Rim Runner,Big,21.6,6.2,0.0,82,5,19.9,11.4
1626162,Kelly Oubre Jr.,CHA,2021-22,april,Role Player,Role,19.0,6.0,66.66666666666667,78,5,20.2,11.4
1628989,Kevin Huerter,ATL,2021-22,april,Role Player,Role,15.6,12.8,60.7843137254902,79,5,29.9,11.4
1629726,Garrison Mathews,HOU,2021-22,april,Role Player,Role,13.3,5.2,89.18918918918918,77,5,28.1,11.2
1630678,Terry Taylor,IND,2021-22,april,Role Player,Role,15.8,7.0,27.906976744186046,77,5,26.6,11.2
1629003,Shake Milton,PHI,2021-22,april,Role Player,Role,16.0,19.6,38.35616438356164,77,6,22.4,11.2
1629002,Chimezie Metu,SAC,2021-22,april,Role Player,Role,16.8,3.9,32.5,81,5,25.6,11.0
2730,Dwight Howard,LAL,2021-22,april,Rim Runner,Big,16.2,6.3,14.285714285714288,82,5,22.7,11.0
1628449,Chris Boucher,TOR,2021-22,april,Role Player,Role,17.2,5.4,48.717948717948715,81,6,22.4,10.8
203915,Spencer Dinwiddie,DAL,2021-22,april,Role Player,Role,20.6,23.8,47.05882352941177,78,5,20.3,10.8
1629617,Reggie Perry,POR,2021-22,april,Role Player,Role,26.6,17.5,20.61855670103093,80,6,20.0,10.7
1630296,Braxton Key,DET,2021-22,april,Role Player,Role,17.6,11.1,28.57142857142857,80,5,23.8,10.6
1629023,P.J. Washington,CHA,2021-22,april,Role Player,Role,13.9,9.6,29.72972972972973,79,5,29.2,10.6
1630202,Payton Pritchard,BOS,2021-22,april,Secondary Ball Handler,Secondary,21.6,20.0,73.68421052631578,73,5,16.7,10.6
1626168,Trey Lyles,SAC,2021-22,april,Role Player,Role,22.1,6.0,27.500000000000004,81,5,21.0,10.6
202397,Ish Smith,WAS,2021-22,april,Role Player,Role,20.2,37.4,12.244897959183673,72,6,24.0,10.5
203095,Evan Fournier,NYK,2021-22,april,Role Player,Role,18.3,15.7,69.3877551020408,78,5,26.3,10.4
1630173,Precious Achiuwa,TOR,2021-22,april,Role Player,Role,19.9,6.9,45.78313253012048,80,6,23.2,10.3
1629667,Jalen McDaniels,CHA,2021-22,april,Role Player,Role,17.8,13.2,39.28571428571429,81,5,16.0,10.2
1629013,Landry Shamet,PHX,2021-22,april,3&D Wing,Wing,18.6,10.1,60.7843137254902,76,6,23.4,10.2
1629962,Devin Cannady,ORL,2021-22,april,Role Player,Role,15.6,10.2,84.09090909090908,74,5,28.9,10.0
1630249,Vít Krejčí,OKC,2021-22,april,Role Player,Role,15.7,15.6,45.45454545454545,80,6,36.1,10.0
202355,Hassan Whiteside,UTA,2021-22,april,Rim Runner,Big,20.2,9.8,0.0,84,5,15.2,9.8
1630587,Isaiah Livers,DET,2021-22,april,3&D Wing,Wing,11.9,7.8,58.06451612903226,78,5,29.3,9.8
1626224,Cedi Osman,CLE,2021-22,april,Role Player,Role,18.5,15.9,67.74193548387098,79,5,18.7,9.6
203937,Kyle Anderson,MEM,2021-22,april,Role Player,Role,16.2,23.4,25.71428571428572,81,5,22.8,9.6
1630256,Jae'Sean Tate,HOU,2021-22,april,Role Player,Role,15.9,11.7,25.581395348837212,76,5,26.7,9.4
202357,Nemanja Bjelica,GSW,2021-22,april,Role Player,Role,16.9,27.1,42.85714285714286,81,5,19.7,9.4
1630530,Trey Murphy III,NOP,2021-22,april,Role Player,Role,18.4,2.5,65.27777777777779,80,6,18.3,9.3
1630314,Brandon Williams,POR,2021-22,april,Secondary Ball Handler,Secondary,22.1,28.8,32.6530612244898,74,5,26.3,9.2
1629130,Duncan Robinson,MIA,2021-22,april,Movement Shooter,Shooter,15.8,10.8,97.14285714285714,79,5,20.8,9.2
1630529,Herbert Jones,NOP,2021-22,april,Role Player,Role,12.7,6.5,44.11764705882353,79,5,28.7,9.2
1630563,Joshua Primo,SAS,2021-22,april,Role Player,Role,16.9,15.5,47.43589743589744,76,6,26.9,9.2
203110,Draymond Green,GSW,2021-22,april,Role Player,Role,15.1,32.0,12.903225806451612,78,5,28.0,9.0
1630535,Greg Brown III,POR,2021-22,april,Role Player,Role,16.6,9.7,47.76119402985074,79,6,24.2,9.0
1628966,Keita Bates-Diop,SAS,2021-22,april,Role Player,Role,18.6,7.0,14.705882352941178,80,6,19.0,9.0
1629650,Moses Brown,CLE,2021-22,april,Rim Runner,Big,19.5,0.0,0.0,86,5,18.1,9.0
1626169,Stanley Johnson,LAL,2021-22,april,Role Player,Role,15.6,7.4,47.76119402985074,78,6,27.6,8.8
1629661,Cameron Johnson,PHX,2021-22,april,Role Player,Role,19.4,8.9,61.855670103092784,80,6,25.2,8.7
1627863,Danuel House Jr.,UTA,2021-22,april,Role Player,Role,15.8,2.2,67.6470588235294,78,5,24.9,8.6
1628367,Josh Jackson,SAC,2021-22,april,Role Player,Role,23.0,5.2,28.57142857142857,80,5,18.5,8.6
202362,Lance Stephenson,IND,2021-22,april,Role Player,Role,21.2,50.0,13.79310344827586,77,5,15.5,8.4
203493,Reggie Bullock Jr.,DAL,2021-22,april,Role Player,Role,11.4,5.4,77.14285714285715,78,5,31.8,8.4
1629684,Grant Williams,BOS,2021-22,april,Role Player,Role,12.3,3.3,56.666666666666664,78,5,27.4,8.2
1630191,Isaiah Stewart,DET,2021-22,april,Role Player,Role,14.9,15.0,34.48275862068966,80,5,19.2,8.2
1630205,Lamar Stevens,CLE,2021-22,april,Role Player,Role,17.6,6.6,18.918918918918916,78,5,21.5,8.2
201580,JaVale McGee,PHX,2021-22,april,Rim Runner,Big,19.0,4.2,2.9850746268656714,84,6,19.3,8.0
203200,Justin Holiday,SAC,2021-22,april,Role Player,Role,13.6,13.2,63.33333333333333,78,5,21.3,8.0
1629604,CJ Elleby,POR,2021-22,april,Role Player,Role,14.1,14.9,48.61111111111111,78,6,28.4,7.8
1628470,Torrey Craig,PHX,2021-22,april,Role Player,Role,16.1,7.8,69.23076923076923,79,6,18.4,7.8
1629723,John Konchar,MEM,2021-22,april,3&D Wing,Wing,11.8,20.3,37.03703703703704,77,5,20.8,7.8
1629651,Nic Claxton,BKN,2021-22,april,Anchor Big,Big,12.0,6.9,0.0,83,5,22.6,7.8
1628998,Cody Martin,CHA,2021-22,april,Role Player,Role,9.2,13.2,37.5,78,5,25.2,7.6
1630556,Kessler Edwards,BKN,2021-22,april,Role Player,Role,13.5,3.8,45.945945945945944,79,5,24.9,7.6
201980,Danny Green,PHI,2021-22,april,Role Player,Role,11.9,10.9,84.90566037735849,78,6,23.3,7.5
1626204,Larry Nance Jr.,NOP,2021-22,april,Role Player,Role,15.6,8.5,17.543859649122805,79,6,20.5,7.5
1630231,KJ Martin,HOU,2021-22,april,Role Player,Role,13.0,6.3,56.666666666666664,77,5,21.6,7.4
201988,Patty Mills,BKN,2021-22,april,Role Player,Role,12.5,7.5,90.90909090909092,72,5,26.8,7.4
1630230,Naji Marshall,NOP,2021-22,april,Role Player,Role,19.2,15.5,22.41379310344828,79,6,17.2,7.3
1629117,Wenyen Gabriel,LAL,2021-22,april,Role Player,Role,15.6,7.1,6.25,81,6,17.5,7.3
1630264,Anthony Gill,WAS,2021-22,april,Role Player,Role,17.8,8.6,25.925925925925924,79,5,18.6,7.2
1628984,Devonte' Graham,NOP,2021-22,april,Role Player,Role,16.3,25.0,70.37037037037037,73,5,17.5,7.2
1627780,Gary Payton II,GSW,2021-22,april,Role Player,Role,12.7,10.7,28.571428571428577,75,5,21.3,7.2
1629750,Javonte Green,CHI,2021-22,april,3&D Wing,Wing,11.5,3.7,31.03448275862069,77,5,22.2,7.2
1629675,Naz Reid,MIN,2021-22,april,Role Player,Role,22.5,6.7,48.48484848484849,81,5,15.6,7.2
203087,Jeremy Lamb,SAC,2021-22,april,Role Player,Role,17.3,18.2,53.57142857142857,77,5,18.2,7.0
203486,Mason Plumlee,CHA,2021-22,april,Rim Runner,Big,15.2,15.8,0.0,83,5,19.1,7.0
1626192,Pat Connaughton,MIL,2021-22,april,Role Player,Role,14.3,9.4,73.52941176470588,77,5,21.3,7.0
1627884,Derrick Jones Jr.,CHI,2021-22,april,3&D Wing,Wing,13.2,6.6,50.0,78,5,18.9,6.8
1629162,Jordan McLaughlin,MIN,2021-22,april,Role Player,Role,9.8,19.4,70.58823529411765,71,5,18.2,6.6
202684,Tristan Thompson,CHI,2021-22,april,Role Player,Role,15.4,1.9,0.0,81,5,16.0,6.6
1630171,Isaac Okoro,CLE,2021-22,april,3&D Wing,Wing,8.5,6.3,30.0,77,5,27.5,6.2
203210,JaMychal Green,DEN,2021-22,april,Role Player,Role,12.4,10.8,10.0,80,5,17.1,6.2
1630214,Xavier Tillman,MEM,2021-22,april,Role Player,Role,14.5,20.0,30.0,80,5,18.4,6.2
1630631,Jose Alvarado,NOP,2021-22,april,Role Player,Role,17.9,32.8,31.57894736842105,72,6,16.3,6.2
1628432,Davon Reed,DEN,2021-22,april,Role Player,Role,11.4,13.2,35.0,77,5,18.2,6.0
201152,Thaddeus Young,TOR,2021-22,april,Role Player,Role,14.1,14.1,38.46153846153846,80,6,20.0,5.8
203107,Tomas Satoransky,WAS,2021-22,april,Role Player,Role,13.7,43.4,23.25581395348837,79,6,20.2,5.8
201959,Taj Gibson,NYK,2021-22,april,Role Player,Role,14.3,8.8,36.0,81,5,19.0,5.8
1630579,Jericho Sims,NYK,2021-22,april,Role Player,Role,8.3,5.8,0.0,81,5,28.6,5.6
1630168,Onyeka Okongwu,ATL,2021-22,april,Role Player,Role,11.3,9.0,0.0,80,5,19.7,5.6
1630182,Josh Green,DAL,2021-22,april,3&D Wing,Wing,11.9,8.9,57.89473684210527,77,5,15.7,5.4
201577,Robin Lopez,ORL,2021-22,april,Anchor Big,Big,15.8,12.0,4.545454545454546,84,5,15.5,5.4
1629712,Didi Louzada,POR,2021-22,april,Role Player,Role,12.0,6.8,62.5,77,6,18.5,5.0
1629680,Matisse Thybulle,PHI,2021-22,april,Role Player,Role,8.1,8.0,45.45454545454545,77,5,25.0,5.0
203085,Austin Rivers,DEN,2021-22,april,Role Player,Role,9.5,4.1,59.09090909090908,76,5,23.5,4.8
1628975,Jevon Carter,MIL,2021-22,april,3&D Wing,Wing,11.2,21.8,37.5,73,5,18.4,4.8
201588,George Hill,MIL,2021-22,april,Role Player,Role,12.0,13.7,35.0,76,5,17.3,4.2
1629020,Jarred Vanderbilt,MIN,2021-22,april,Role Player,Role,8.1,4.0,7.142857142857144,81,5,23.8,4.0
1629833,Keljin Blevins,POR,2021-22,april,Role Player,Role,17.1,4.9,71.69811320754717,76,6,16.4,3.8
1626153,Delon Wright,ATL,2021-22,april,Role Player,Role,7.6,14.7,73.33333333333334,77,5,20.6,3.6
203920,Khem Birch,TOR,2021-22,april,Role Player,Role,9.6,5.3,9.374999999999998,81,6,16.7,3.2
1630586,Usman Garuba,HOU,2021-22,april,Role Player,Role,6.7,10.5,25.0,80,5,17.1,2.6
201571,D.J. Augustin,LAL,2021-22,april,Role Player,Role,10.8,12.8,80.0,71,6,18.9,2.5
