PLAYER_ID,PLAYER,TEAM,GP,MIN,PTS,REB,AST,FGM,FGA,FG3M,FG3A,FTM,FTA,Month,Season,USG_Pct,AST_Pct,TS_Pct,PIE,TOUCHES,TIME_OF_POSS,AVG_SEC_PER_TOUCH,FRONT_CT_TOUCHES,ELBOW_TOUCHES,POST_TOUCHES,PAINT_TOUCHES,Isolation_Freq,Transition_Freq,PnR_Handler_Freq,RollMan_Freq,PostUp_Freq,SpotUp_Freq,Handoff_Freq,Cut_Freq,OffScreen_Freq,Putbacks_Freq,DFG_Rim_Pct,Unassisted_FG_Pct,ThreePt_Rate,MPG,Height,Weight,Height_Inches
201142,Kevin Durant,PHX,12,37.2,32.7,6.8,5.8,10.9,21.0,2.8,5.1,8.1,8.8,november,2023-24,32.1,28.0,65.7,18.1,75.3,4.5,3.62,48.7,1.7,3.0,1.9,20.8,13.5,18.4,1.7,7.3,15.2,7.5,2.3,7.5,1.1,55.6,,24.28571428571428,37.2,6-11,240,83
203954,Joel Embiid,PHI,13,34.7,32.2,11.5,6.5,10.0,20.5,0.8,3.1,11.4,12.5,november,2023-24,35.4,33.1,61.9,20.5,75.7,3.2,2.57,57.3,5.2,5.8,7.3,12.3,7.0,,22.0,21.7,12.9,2.3,6.6,1.8,7.1,58.7,,15.121951219512194,34.7,7-0,280,84
1628983,Shai Gilgeous-Alexander,OKC,13,34.6,32.1,5.5,6.1,11.5,20.6,1.2,3.5,7.8,8.2,november,2023-24,31.8,29.9,66.2,21.5,73.9,7.0,5.7,24.2,0.8,1.3,1.3,26.3,14.1,37.3,,4.7,6.2,2.1,3.3,1.6,,59.5,,16.99029126213592,34.6,6-6,195,78
1628368,De'Aaron Fox,SAC,9,36.5,30.4,4.9,5.8,10.7,21.8,3.1,8.7,6.0,8.4,november,2023-24,30.6,26.8,59.7,14.6,85.8,6.7,4.71,30.8,0.3,0.1,0.9,10.1,22.8,29.1,,,18.1,6.4,2.0,3.7,1.7,65.9,,39.90825688073394,36.5,6-3,185,75
203507,Giannis Antetokounmpo,MIL,15,34.6,30.3,10.9,5.1,11.6,19.0,0.5,1.8,6.7,10.2,november,2023-24,33.0,25.4,64.6,18.4,78.1,4.6,3.51,40.7,3.6,1.9,5.5,10.9,26.0,7.7,6.4,20.2,6.1,,7.9,,8.9,55.7,,9.473684210526317,34.6,6-11,243,83
203999,Nikola Jokić,DEN,14,33.7,29.7,13.4,9.4,11.5,20.8,1.3,4.4,5.4,6.6,november,2023-24,33.6,46.3,62.7,23.4,105.9,5.1,2.88,58.5,8.6,8.0,8.0,5.3,10.1,9.7,13.0,22.8,9.0,,7.3,5.3,9.3,66.9,,21.153846153846153,33.7,6-11,284,83
1629029,Luka Dončić,DAL,14,34.9,29.4,7.2,7.5,10.2,21.6,3.3,9.1,5.7,7.2,november,2023-24,34.2,37.4,59.5,17.9,84.8,7.6,5.41,32.3,0.4,2.0,0.6,16.0,14.3,36.3,,7.6,8.7,2.3,1.3,7.4,1.7,69.2,,42.129629629629626,34.9,6-7,230,79
1630169,Tyrese Haliburton,IND,13,34.4,28.6,3.2,11.7,9.7,18.2,4.3,9.2,4.9,5.6,november,2023-24,26.5,44.6,69.1,18.3,95.5,7.6,4.78,30.0,0.3,0.0,0.6,,,,,,,,,,,78.8,,50.54945054945055,34.4,6-5,185,77
1629027,Trae Young,ATL,13,36.4,28.5,3.2,10.8,8.5,19.8,3.3,8.8,8.1,9.3,november,2023-24,29.9,43.3,59.4,15.1,88.4,8.2,5.59,28.8,0.5,0.0,0.5,12.0,20.4,39.3,,,8.4,10.5,,,,68.1,,44.44444444444445,36.4,6-1,164,73
201939,Stephen Curry,GSW,13,33.7,28.2,5.0,4.4,8.5,18.7,4.8,11.6,6.3,6.8,november,2023-24,30.9,22.4,65.1,14.5,73.8,5.5,4.49,28.1,0.5,0.0,0.8,10.1,13.8,21.1,,,11.6,12.0,7.0,18.0,1.3,67.8,,62.03208556149733,33.7,6-2,185,74
1628369,Jayson Tatum,BOS,15,37.2,27.3,8.9,4.1,9.3,19.3,3.1,8.7,5.7,6.9,november,2023-24,29.2,17.4,61.2,15.6,77.0,4.8,3.73,41.0,0.7,1.9,1.7,,,,,,,,,,,61.0,,45.07772020725388,37.2,6-8,210,80
1630163,LaMelo Ball,CHA,12,34.6,27.3,5.3,8.0,10.1,21.2,3.8,9.2,3.3,3.8,november,2023-24,31.3,38.1,59.7,14.3,86.0,7.8,5.43,28.7,0.5,0.0,1.5,12.2,12.8,39.4,1.6,,19.4,6.5,,1.7,2.0,68.9,,43.39622641509433,34.6,6-7,180,79
1626164,Devin Booker,PHX,9,33.5,26.8,5.3,8.6,8.7,18.9,1.9,4.7,7.6,8.2,november,2023-24,32.2,41.0,59.5,16.8,80.9,7.4,5.5,38.0,1.4,0.9,1.2,14.0,15.7,33.1,1.8,3.8,9.5,7.5,1.6,7.5,1.7,65.6,,24.86772486772487,33.5,6-6,206,78
1628973,Jalen Brunson,NYK,14,36.4,26.6,3.6,5.6,9.4,19.2,3.4,6.9,4.4,5.2,november,2023-24,26.1,26.6,61.9,15.2,89.9,8.2,5.46,33.3,0.3,0.3,0.4,14.4,14.3,36.0,,3.3,16.4,5.6,1.9,2.5,,75.0,,35.93750000000001,36.4,6-2,190,74
1628378,Donovan Mitchell,CLE,11,35.7,26.5,5.5,5.5,8.8,20.7,3.0,8.7,5.8,6.4,november,2023-24,30.1,22.9,56.2,14.5,74.2,5.7,4.62,32.7,0.7,0.0,1.1,11.4,22.8,34.1,1.5,,11.4,6.9,1.9,3.8,1.6,68.3,,42.028985507246375,35.7,6-3,215,75
1630162,Anthony Edwards,MIN,14,34.8,26.4,5.6,5.0,9.2,19.6,2.2,6.7,5.8,6.7,november,2023-24,31.8,23.0,58.5,15.9,72.4,4.8,3.98,38.1,0.8,0.9,1.0,23.4,15.7,23.5,,4.9,12.9,7.3,2.0,4.8,1.2,60.7,,34.183673469387756,34.8,6-4,225,76
1630178,Tyrese Maxey,PHI,15,38.4,26.3,4.2,6.7,9.4,20.5,3.0,8.3,4.5,5.1,november,2023-24,25.5,25.9,57.8,12.9,88.9,7.3,4.94,36.8,0.1,0.0,0.5,14.5,21.9,26.2,1.3,1.4,14.3,6.7,3.0,5.4,,60.3,,40.487804878048784,38.4,6-2,200,74
203081,Damian Lillard,MIL,14,35.0,26.0,4.2,7.4,7.4,17.6,2.9,8.5,8.3,9.0,november,2023-24,28.0,31.2,60.4,15.3,80.3,7.6,5.67,29.4,0.2,0.0,0.4,,,,,,,,,,,59.4,,48.29545454545454,35.0,6-2,195,74
2544,LeBron James,LAL,15,33.3,25.6,7.6,6.3,9.4,16.6,2.5,5.9,4.3,5.9,november,2023-24,29.0,29.8,66.6,17.8,70.5,4.7,3.97,34.1,1.4,1.6,2.1,12.8,24.5,12.5,3.1,12.1,12.6,,5.7,7.5,1.9,55.6,,35.54216867469879,33.3,6-9,250,81
202681,Kyrie Irving,DAL,12,32.8,25.4,4.0,5.4,9.3,19.3,3.1,7.3,3.7,4.1,november,2023-24,28.3,25.6,60.1,14.5,68.8,4.6,4.0,28.4,1.3,0.0,1.4,,,,,,,,,,,72.3,,37.823834196891184,32.8,6-2,195,74
203924,Jerami Grant,POR,14,36.2,24.6,3.7,2.6,8.3,17.8,3.2,6.6,4.8,5.9,november,2023-24,26.6,12.2,60.2,11.4,58.8,3.0,3.05,37.9,1.6,1.4,1.7,10.7,16.2,13.9,2.2,2.0,35.4,4.8,4.6,4.2,2.4,63.1,,37.078651685393254,36.2,6-7,210,79
1629627,Zion Williamson,NOP,12,32.4,24.5,6.0,5.4,9.5,16.8,0.2,0.3,5.3,8.0,november,2023-24,28.9,26.3,60.2,14.9,67.6,3.9,3.45,39.2,3.3,1.9,4.1,23.8,15.0,15.3,4.8,10.2,5.5,2.6,10.5,,8.6,66.0,,1.7857142857142856,32.4,6-6,284,78
1627742,Brandon Ingram,NOP,14,33.9,24.2,4.9,5.2,9.6,19.2,1.5,4.7,3.4,4.4,november,2023-24,29.3,24.7,57.2,13.5,68.4,4.7,4.15,39.3,2.6,0.8,0.9,13.8,16.6,16.2,,7.7,18.3,5.8,4.3,12.1,2.4,63.8,,24.479166666666668,33.9,6-8,190,80
1630560,Cam Thomas,BKN,6,31.3,23.7,3.3,2.0,9.2,21.5,2.5,7.5,2.8,3.3,november,2023-24,31.5,10.4,51.5,10.0,55.5,4.0,4.32,30.5,0.7,0.0,0.3,16.4,12.0,28.1,,,12.0,17.8,,,,75.0,,34.883720930232556,31.3,6-3,210,75
1628398,Kyle Kuzma,WAS,15,31.3,23.6,5.9,5.4,9.1,19.5,2.5,6.5,2.9,3.5,november,2023-24,31.6,26.6,56.0,12.7,62.1,3.6,3.52,37.3,1.3,0.5,2.1,5.1,27.3,5.3,8.7,2.8,27.5,4.1,8.5,,4.9,65.4,,33.33333333333333,31.3,6-9,221,81
202710,Jimmy Butler III,MIA,12,33.9,23.3,4.9,4.0,7.2,14.5,1.3,3.3,7.7,8.7,november,2023-24,25.9,18.3,63.7,15.0,61.9,4.4,4.25,39.3,1.3,1.9,5.7,17.7,17.2,13.1,2.7,6.1,14.0,1.7,12.1,2.4,7.9,84.6,,22.75862068965517,33.9,6-7,230,79
1628374,Lauri Markkanen,UTA,11,34.5,23.3,8.3,0.6,7.9,16.1,2.9,8.1,4.5,5.5,november,2023-24,23.1,3.0,62.8,13.4,51.8,1.6,1.8,30.7,2.6,0.9,5.4,4.0,15.6,3.0,8.3,5.7,12.8,7.5,10.6,20.7,7.0,63.8,,50.31055900621118,34.5,7-0,240,84
1626157,Karl-Anthony Towns,MIN,15,33.4,23.1,8.9,3.1,8.1,15.3,2.2,4.9,4.6,5.0,november,2023-24,26.6,14.3,66.0,16.3,55.7,2.0,2.11,37.7,2.5,2.9,2.3,10.0,15.2,1.6,13.8,11.1,19.9,1.9,5.9,2.3,12.6,63.6,,32.02614379084967,33.4,7-0,248,84
1630595,Cade Cunningham,DET,15,35.3,22.7,3.9,6.9,8.4,20.2,1.9,5.9,3.9,4.4,november,2023-24,30.6,31.3,51.2,10.0,86.6,7.0,4.87,35.1,1.1,1.0,1.1,11.5,17.5,38.7,,3.5,8.5,8.4,1.6,4.4,1.3,62.2,,29.20792079207921,35.3,6-6,220,78
202695,Kawhi Leonard,LAC,14,34.9,22.6,5.8,2.9,8.4,17.5,1.9,5.3,3.9,4.6,november,2023-24,25.3,13.7,58.0,14.3,51.2,3.1,3.58,33.7,2.4,2.1,2.7,16.5,19.6,25.9,,6.0,12.2,3.4,3.0,7.2,2.8,64.2,,30.28571428571428,34.9,6-7,225,79
1626179,Terry Rozier,MIA,5,35.8,22.6,3.2,7.2,8.8,18.2,2.6,5.4,2.4,2.8,november,2023-24,26.2,27.3,58.2,11.2,74.2,6.5,5.22,28.4,0.2,0.0,0.4,,,,,,,,,,,65.2,,29.670329670329675,35.8,6-1,190,73
1630217,Desmond Bane,MEM,13,34.0,22.5,4.7,5.6,8.2,19.2,3.2,9.2,3.0,3.5,november,2023-24,28.3,28.3,54.5,12.1,77.4,4.8,3.75,41.5,1.1,0.0,1.2,7.0,19.3,25.5,,,17.4,7.4,4.1,9.1,3.8,57.6,,47.916666666666664,34.0,6-5,215,77
202331,Paul George,LAC,14,36.3,22.3,6.2,4.0,7.8,18.6,3.0,8.6,3.7,4.1,november,2023-24,26.7,16.8,54.7,10.9,63.4,4.0,3.74,32.1,1.8,0.6,2.1,18.4,12.4,14.2,,5.5,22.9,3.2,,12.4,,63.1,,46.23655913978494,36.3,6-8,220,80
1628389,Bam Adebayo,MIA,13,33.6,22.2,10.8,4.2,8.3,15.6,0.1,0.2,5.5,6.4,november,2023-24,27.0,21.6,60.1,17.6,66.3,3.3,3.03,38.9,5.0,3.5,5.0,8.0,20.2,,9.1,11.3,30.1,,7.1,2.4,6.5,63.8,,1.2820512820512822,33.6,6-9,255,81
203944,Julius Randle,NYK,14,35.4,22.0,9.9,5.3,7.9,18.1,1.6,5.9,4.7,6.6,november,2023-24,28.6,24.6,52.2,13.7,77.2,4.0,3.09,53.3,2.0,2.7,3.5,15.8,16.5,9.4,7.3,10.1,21.1,2.4,5.0,3.2,5.4,60.0,,32.59668508287293,35.4,6-8,250,80
1628969,Mikal Bridges,BKN,15,34.8,22.0,6.4,4.0,8.2,17.7,2.2,6.3,3.4,4.1,november,2023-24,26.0,18.6,56.5,13.1,60.9,3.2,3.12,39.1,0.9,0.3,1.3,2.3,25.3,9.1,3.4,2.3,36.2,6.3,5.0,4.8,2.7,56.9,,35.59322033898305,34.8,6-6,209,78
203076,Anthony Davis,LAL,15,34.1,21.8,12.0,3.3,8.2,14.6,0.0,0.3,5.4,6.5,november,2023-24,24.3,14.6,62.5,16.2,65.3,2.2,2.06,37.4,4.5,4.1,9.1,11.5,10.3,5.8,19.3,12.5,9.8,,8.8,,14.5,58.8,,2.054794520547945,34.1,6-10,253,82
1630578,Alperen Sengun,HOU,13,32.3,21.4,8.9,5.3,8.8,15.6,0.8,2.5,2.9,4.2,november,2023-24,28.0,25.8,61.2,15.9,59.8,2.2,2.2,45.4,6.8,2.6,5.2,14.9,13.5,5.2,9.2,21.7,11.8,,9.1,,7.4,57.6,,16.025641025641026,32.3,6-11,243,83
1627759,Jaylen Brown,BOS,14,34.5,21.3,4.8,3.8,8.1,18.2,2.2,7.0,2.9,4.0,november,2023-24,28.3,18.1,53.3,10.2,52.3,3.4,3.88,29.4,0.9,1.3,1.4,20.6,20.4,22.2,1.8,4.7,13.0,4.1,1.1,7.4,1.8,58.9,,38.46153846153847,34.5,6-6,223,78
1627783,Pascal Siakam,IND,15,33.7,21.0,7.1,5.4,8.2,16.4,0.7,3.7,3.9,5.3,november,2023-24,26.3,23.7,56.0,12.9,63.4,2.8,2.62,39.1,1.3,2.3,4.4,13.3,20.6,13.9,6.5,11.3,16.2,3.0,3.2,4.0,5.0,62.1,,22.560975609756103,33.7,6-8,245,80
1631094,Paolo Banchero,ORL,14,33.6,20.9,6.6,4.6,7.6,15.2,1.6,3.3,4.1,5.9,november,2023-24,26.4,20.6,58.7,12.7,70.2,4.5,3.87,38.4,1.6,2.0,2.5,14.7,19.8,19.4,5.2,9.3,15.4,2.6,4.7,3.6,2.6,62.5,,21.710526315789476,33.6,6-10,250,82
201942,DeMar DeRozan,CHI,14,35.2,20.8,3.1,5.0,7.3,16.1,1.0,2.6,5.2,6.4,november,2023-24,24.8,23.6,54.9,11.0,59.4,4.3,4.31,32.8,1.2,1.1,0.6,19.9,10.0,17.6,1.7,12.0,19.1,6.1,3.9,4.6,1.7,63.8,,16.149068322981368,35.2,6-6,220,78
1630532,Franz Wagner,ORL,14,32.7,20.8,5.4,3.2,8.3,16.9,1.4,4.6,2.8,3.6,november,2023-24,25.1,16.5,56.4,13.9,56.9,3.1,3.24,33.7,1.2,0.6,2.1,7.6,20.4,22.9,2.9,6.9,16.6,3.2,6.7,3.6,4.4,71.9,,27.218934911242602,32.7,6-10,220,82
1628970,Miles Bridges,CHA,7,36.4,20.3,7.6,2.6,7.3,14.3,2.0,4.4,3.7,4.6,november,2023-24,20.7,10.6,62.2,12.4,53.4,2.1,2.33,30.3,1.3,0.7,2.1,9.0,16.5,14.9,7.4,4.9,29.8,7.2,3.2,,2.1,58.1,,30.76923076923077,36.4,6-7,225,79
1641705,Victor Wembanyama,SAS,14,30.8,20.1,10.3,2.9,7.6,17.5,1.5,5.5,3.5,4.0,november,2023-24,28.9,14.3,52.3,13.0,54.4,1.9,2.13,33.9,3.3,3.4,7.4,14.5,16.8,6.7,8.2,11.7,13.5,2.6,8.6,7.5,6.1,52.8,,31.428571428571427,30.8,7-4,210,88
1630224,Jalen Green,HOU,13,31.1,20.0,4.3,3.8,6.5,14.8,2.5,6.8,4.5,5.8,november,2023-24,26.9,18.1,57.8,12.1,59.0,4.2,4.32,28.1,0.7,0.0,1.0,,,,,,,,,,,49.0,,45.945945945945944,31.1,6-4,186,76
203897,Zach LaVine,CHI,14,35.7,20.0,4.9,4.0,7.1,15.6,2.4,6.7,3.4,3.9,november,2023-24,23.5,17.6,57.8,11.5,65.8,4.7,4.28,28.4,0.7,0.2,0.6,9.3,23.5,19.5,4.0,,22.7,6.3,3.4,8.5,,74.1,,42.94871794871795,35.7,6-5,200,77
1628991,Jaren Jackson Jr.,MEM,13,31.3,19.7,5.8,1.6,6.5,16.4,1.3,5.2,5.3,6.5,november,2023-24,28.8,9.1,51.1,9.6,48.0,2.1,2.62,31.5,1.9,3.1,3.2,11.1,15.3,2.1,9.7,19.8,26.4,1.5,3.4,,3.9,57.4,,31.70731707317074,31.3,6-10,242,82
203903,Jordan Clarkson,UTA,13,32.0,19.5,3.3,4.9,7.2,16.7,2.0,6.2,3.2,3.5,november,2023-24,27.1,24.4,53.5,9.8,51.1,3.2,3.72,36.0,0.8,0.1,1.7,5.2,25.6,12.3,,,36.0,7.8,4.2,,3.9,54.8,,37.125748502994014,32.0,6-3,194,75
1627749,Dejounte Murray,ATL,14,34.2,19.4,4.2,5.1,7.1,16.6,2.6,6.4,2.6,3.0,november,2023-24,23.8,21.6,54.1,9.9,71.1,5.1,4.33,30.9,0.6,0.1,1.1,,,,,,,,,,,61.9,,38.554216867469876,34.2,6-5,180,77
1629636,Darius Garland,CLE,13,33.4,19.4,2.8,6.0,6.9,14.8,1.6,4.6,3.9,4.8,november,2023-24,26.6,26.4,57.5,10.8,72.6,6.7,5.5,28.2,0.2,0.0,0.5,6.7,16.2,41.8,,,17.1,5.4,3.1,2.9,,74.4,,31.081081081081074,33.4,6-1,192,73
1629008,Michael Porter Jr.,DEN,15,32.7,19.0,7.7,1.5,7.2,15.1,3.3,8.3,1.3,1.8,november,2023-24,21.6,6.3,59.9,11.1,48.5,1.6,1.96,31.0,1.5,0.0,3.5,6.9,13.2,5.7,2.7,2.5,21.5,16.9,8.5,13.1,4.9,63.0,,54.966887417218544,32.7,6-10,218,82
1627734,Domantas Sabonis,SAC,14,35.2,18.9,10.9,7.2,7.2,12.1,0.5,1.1,4.0,6.2,november,2023-24,22.2,32.7,63.9,14.6,87.2,3.7,2.52,55.6,9.7,2.4,9.1,,9.0,,28.5,13.1,9.0,,14.9,,10.9,59.1,,9.090909090909092,35.2,6-10,240,82
1631096,Chet Holmgren,OKC,14,31.0,18.8,8.3,2.8,6.8,12.9,1.6,4.4,3.6,4.1,november,2023-24,22.5,13.0,63.8,14.7,61.6,1.9,1.88,34.2,2.8,0.5,5.4,7.8,16.0,2.8,14.1,6.5,19.7,,13.4,4.3,9.6,48.5,,34.10852713178294,31.0,7-1,208,85
1630567,Scottie Barnes,TOR,15,34.0,18.7,8.9,5.5,6.6,15.3,2.1,5.3,3.4,4.3,november,2023-24,22.8,23.7,54.3,13.6,73.7,3.4,2.81,37.7,2.4,0.6,4.6,7.9,21.7,13.1,5.7,10.7,19.7,2.2,9.3,1.5,5.0,60.2,,34.64052287581699,34.0,6-7,237,79
204001,Kristaps Porziņģis,BOS,12,30.1,18.5,6.4,2.0,6.4,11.9,1.3,4.8,4.3,5.5,november,2023-24,22.1,10.1,64.5,13.1,46.0,1.2,1.53,29.9,1.7,2.0,5.4,,14.6,,11.3,24.3,17.4,,7.7,10.5,6.1,50.5,,40.33613445378151,30.1,7-2,240,86
1630170,Devin Vassell,SAS,9,25.4,18.0,3.3,3.0,6.4,13.0,3.1,6.9,2.0,2.4,november,2023-24,23.7,19.0,63.9,14.1,43.3,2.0,2.8,29.4,0.1,0.0,0.1,2.7,22.2,11.5,,,35.3,10.7,,11.8,,61.5,,53.07692307692308,25.4,6-5,200,77
202699,Tobias Harris,PHI,15,34.7,17.9,6.4,2.8,6.9,13.7,0.9,3.3,3.2,3.4,november,2023-24,20.1,11.4,58.9,10.7,51.8,2.6,2.99,27.9,0.7,1.9,2.7,4.2,17.9,6.8,,14.6,31.8,,6.3,3.0,6.3,61.3,,24.087591240875913,34.7,6-8,226,80
1631114,Jalen Williams,OKC,11,33.4,17.9,3.9,3.5,6.5,12.6,0.9,2.8,3.9,4.6,november,2023-24,20.8,14.8,61.0,9.6,55.9,3.4,3.64,25.6,0.9,0.0,1.8,14.8,21.0,36.0,,,16.9,3.0,4.3,,,55.1,,22.22222222222222,33.4,6-5,211,77
1629628,RJ Barrett,TOR,9,28.7,17.9,3.9,2.4,5.9,14.1,2.0,5.0,4.1,4.8,november,2023-24,26.9,12.1,55.2,10.0,43.6,1.9,2.62,29.4,0.4,0.3,1.1,2.7,28.5,18.0,,2.4,23.8,6.6,7.3,3.4,3.4,60.6,,35.46099290780142,28.7,6-6,214,78
1626156,D'Angelo Russell,LAL,16,29.8,17.6,3.5,6.4,6.6,13.3,2.4,5.4,1.9,2.5,november,2023-24,22.9,30.2,61.2,12.3,63.6,4.3,4.07,27.5,0.4,0.1,0.8,8.7,15.5,36.2,,,20.8,7.9,,,,66.1,,40.6015037593985,29.8,6-3,193,75
1629673,Jordan Poole,WAS,14,29.3,17.1,2.6,3.6,6.1,15.1,2.1,6.5,2.9,3.3,november,2023-24,27.3,18.0,51.5,6.3,50.2,3.0,3.6,29.9,0.5,0.0,0.6,7.9,19.9,30.6,,,14.3,12.9,,5.4,,65.3,,43.046357615894046,29.3,6-4,194,76
1631101,Shaedon Sharpe,POR,14,36.8,17.1,5.7,3.6,5.9,14.5,1.8,5.4,3.6,4.4,november,2023-24,22.7,15.0,52.0,7.7,57.6,3.9,4.08,30.3,0.9,0.0,1.4,12.3,19.5,31.7,,,16.7,5.1,4.8,2.1,2.8,64.6,,37.24137931034483,36.8,6-5,205,77
1627763,Malcolm Brogdon,POR,9,29.2,17.0,4.3,7.4,5.9,14.8,1.7,5.0,3.6,4.2,november,2023-24,26.6,41.6,51.1,14.0,73.9,6.2,5.0,27.1,0.1,0.1,1.3,,,,,,,,,,,62.8,,33.78378378378378,29.2,6-4,229,76
203992,Bogdan Bogdanović,ATL,14,27.3,16.9,3.5,1.9,6.1,13.1,3.2,8.1,1.6,1.7,november,2023-24,22.0,10.2,61.2,10.0,42.4,1.5,2.11,25.0,0.9,0.0,1.0,,12.2,34.4,,,24.4,,,,,62.9,,61.832061068702295,27.3,6-5,225,77
1629640,Keldon Johnson,SAS,13,33.3,16.8,6.8,4.2,6.3,13.2,1.9,5.5,2.2,3.2,november,2023-24,19.3,18.0,57.4,10.9,56.8,2.5,2.66,30.6,0.5,0.2,1.9,3.9,20.0,2.8,,4.4,32.0,7.4,9.2,,10.9,61.5,,41.66666666666667,33.3,6-5,220,77
1630596,Evan Mobley,CLE,15,33.5,16.7,10.5,3.1,7.1,11.8,0.1,0.6,2.4,3.1,november,2023-24,19.5,13.8,63.6,15.1,62.5,1.9,1.85,33.3,3.7,0.6,9.3,4.7,16.0,9.5,14.3,8.0,17.9,1.6,13.8,2.7,6.5,50.4,,5.084745762711864,33.5,6-11,215,83
203471,Dennis Schröder,BKN,15,30.7,16.7,3.3,6.4,6.0,13.2,1.6,4.9,3.1,3.5,november,2023-24,22.2,29.2,56.6,11.4,77.6,6.1,4.72,31.2,0.3,0.2,0.5,14.8,11.2,36.6,,,23.1,5.2,,,,67.6,,37.121212121212125,30.7,6-1,175,73
1626167,Myles Turner,IND,14,26.3,16.5,7.1,1.4,5.9,11.8,1.4,4.1,3.2,4.1,november,2023-24,23.3,6.4,60.8,10.5,34.2,0.9,1.61,26.1,2.6,1.7,5.7,,7.7,,17.7,7.3,42.3,,7.1,,6.0,60.3,,34.7457627118644,26.3,6-11,250,83
202696,Nikola Vučević,CHI,16,34.3,16.5,10.0,3.4,7.1,15.3,1.0,3.7,1.4,1.6,november,2023-24,22.9,16.4,51.8,11.7,62.4,1.4,1.39,46.9,7.4,3.5,8.4,,12.5,,28.8,16.1,15.2,,10.0,3.6,7.6,61.0,,24.18300653594771,34.3,6-10,260,82
1627832,Fred VanVleet,HOU,12,37.8,16.3,4.4,9.8,5.4,13.8,3.1,8.3,2.4,2.7,november,2023-24,18.6,35.7,54.4,13.1,83.3,7.1,5.1,32.3,0.5,0.0,0.2,,,,,,,,,,,58.8,,60.14492753623188,37.8,6-0,197,72
203501,Tim Hardaway Jr.,DAL,14,27.2,16.3,3.0,1.6,5.6,13.3,3.5,9.1,1.6,1.9,november,2023-24,22.7,8.5,57.6,9.0,42.0,1.4,2.05,23.0,0.2,0.0,0.2,2.2,21.3,5.7,3.2,,32.4,12.1,2.8,15.8,,67.9,,68.42105263157893,27.2,6-5,205,77
1630175,Cole Anthony,ORL,14,26.9,15.7,4.9,4.4,4.9,11.2,1.6,4.1,4.4,5.0,november,2023-24,24.5,23.5,58.6,11.7,61.4,4.6,4.51,25.8,0.1,0.1,1.3,6.9,14.7,51.8,,,14.3,,,,,71.7,,36.607142857142854,26.9,6-2,185,74
1630193,Immanuel Quickley,TOR,14,25.0,15.6,3.0,2.9,5.4,12.7,2.1,5.6,2.7,3.1,november,2023-24,24.7,17.9,55.6,12.4,44.8,3.3,4.41,25.7,0.1,0.1,0.3,6.1,28.1,20.9,,,25.4,6.4,1.9,4.1,1.4,70.3,,44.09448818897638,25.0,6-2,190,74
1629661,Cameron Johnson,BKN,10,29.4,15.5,5.9,2.9,5.6,12.5,2.5,6.7,1.8,2.0,november,2023-24,20.9,13.9,57.9,10.4,43.5,1.7,2.31,30.3,0.6,0.0,1.8,,25.0,8.2,,,26.5,15.3,6.7,4.9,,46.4,,53.6,29.4,6-8,210,80
1629130,Duncan Robinson,MIA,13,31.1,15.4,2.8,3.3,5.3,10.9,3.2,7.1,1.5,1.8,november,2023-24,18.2,15.1,65.5,9.4,44.0,1.6,2.12,33.2,0.4,0.0,1.3,,18.5,7.9,4.3,,31.2,11.7,,18.8,,68.8,,65.13761467889908,31.1,6-7,215,79
202691,Klay Thompson,GSW,15,29.0,15.3,3.5,2.3,5.2,13.3,2.6,7.4,2.3,2.7,november,2023-24,22.6,11.5,53.1,6.9,39.8,1.5,2.21,27.5,0.5,0.3,0.9,,19.2,7.1,,,25.9,12.2,2.8,26.3,,55.9,,55.639097744360896,29.0,6-6,220,78
1629632,Coby White,CHI,16,33.3,15.3,2.7,4.2,5.6,12.8,2.9,7.3,1.3,1.6,november,2023-24,20.4,18.2,57.0,7.6,64.9,3.8,3.53,26.8,0.1,0.1,0.1,7.7,29.3,29.6,,,20.9,3.1,,2.6,,70.1,,57.03125,33.3,6-5,195,77
201935,James Harden,LAC,13,33.6,15.3,4.4,6.2,4.6,10.1,2.5,6.0,3.6,4.3,november,2023-24,17.8,27.6,63.9,12.8,67.6,5.6,4.94,27.5,1.5,0.0,0.2,42.5,13.1,25.0,,1.3,7.5,4.6,,,,70.0,,59.4059405940594,33.6,6-5,220,77
1628384,OG Anunoby,NYK,12,32.5,15.3,4.1,2.4,5.7,12.0,2.7,6.0,1.3,2.2,november,2023-24,18.5,10.1,58.9,7.5,43.3,1.4,1.92,33.2,0.8,0.7,2.4,5.9,22.4,5.9,3.0,2.8,38.2,4.8,5.3,3.4,4.4,56.9,,50.0,32.5,6-7,240,79
203915,Spencer Dinwiddie,LAL,14,32.4,15.0,4.5,6.9,4.6,11.6,2.2,6.7,3.6,4.5,november,2023-24,19.9,27.7,55.3,11.0,67.1,5.7,5.09,24.8,0.3,0.1,0.4,,,,,,,,,,,65.9,,57.758620689655174,32.4,6-5,215,77
1628380,Zach Collins,SAS,14,29.0,14.6,6.2,3.7,5.4,10.3,1.3,3.9,2.6,3.2,november,2023-24,20.8,18.4,62.6,9.4,49.2,1.4,1.77,34.9,4.9,2.5,6.6,,,,24.7,,25.9,,19.8,,,54.4,,37.864077669902905,29.0,6-11,250,83
1626162,Kelly Oubre Jr.,PHI,5,28.9,14.6,5.8,0.6,5.6,11.2,1.8,4.2,1.6,2.6,november,2023-24,17.9,2.8,59.1,8.9,33.6,1.2,2.17,17.0,0.8,0.0,3.8,12.1,22.1,7.6,,,29.8,,5.9,,6.6,36.4,,37.50000000000001,28.9,6-7,203,79
1628381,John Collins,UTA,15,30.8,14.5,7.8,0.6,5.4,11.1,1.7,3.7,2.0,2.8,november,2023-24,18.9,3.1,58.5,8.8,42.8,1.2,1.7,22.7,1.3,0.7,4.9,,18.7,,6.3,9.1,33.6,2.3,10.3,,9.8,66.7,,33.333333333333336,30.8,6-9,226,81
1629028,Deandre Ayton,POR,13,33.3,14.5,9.5,1.7,6.7,11.3,0.0,0.0,1.1,1.4,november,2023-24,18.1,8.7,60.7,12.1,48.7,1.3,1.66,24.5,5.3,2.5,7.8,,9.8,,28.6,9.5,2.9,,26.3,,13.6,63.5,,0.0,33.3,7-0,247,84
1641722,Jordan Hawkins,NOP,16,30.1,14.4,4.3,2.1,4.6,11.9,2.9,8.0,2.3,2.5,november,2023-24,18.9,9.9,55.6,7.5,40.7,1.2,1.71,27.4,0.7,0.0,0.6,,14.0,12.3,,,34.6,16.2,,8.9,,60.6,,67.22689075630251,30.1,6-5,190,77
1629022,Lonnie Walker IV,BKN,15,20.8,14.4,2.6,1.5,5.1,10.5,2.5,5.5,1.7,2.1,november,2023-24,25.5,10.5,62.8,11.5,30.5,1.8,3.49,19.1,0.3,0.0,0.5,,,,,,,,,,,54.3,,52.38095238095239,20.8,6-4,204,76
1630559,Austin Reaves,LAL,16,30.0,14.4,4.9,5.5,5.0,10.1,1.3,3.9,3.1,3.5,november,2023-24,19.8,26.7,61.6,12.4,62.4,4.8,4.59,23.9,0.7,0.0,0.7,13.5,15.8,35.6,,,14.0,5.6,,5.6,,68.0,,38.613861386138616,30.0,6-5,197,77
1628989,Kevin Huerter,SAC,13,28.1,14.3,4.6,3.2,5.3,11.2,2.8,7.0,0.9,1.1,november,2023-24,19.4,18.0,61.1,11.0,48.1,1.6,1.95,33.1,0.2,0.0,1.5,,22.8,11.3,,,36.6,6.3,8.2,4.0,3.3,72.7,,62.5,28.1,6-7,198,79
1630583,Santi Aldama,MEM,11,26.3,14.3,5.7,1.9,5.6,12.6,1.9,5.8,1.1,1.9,november,2023-24,23.1,12.8,53.0,11.8,43.5,1.6,2.22,26.3,3.0,0.2,2.6,,22.8,2.3,8.8,4.1,40.1,,6.8,,7.0,53.1,,46.03174603174603,26.3,7-0,215,84
1629651,Nic Claxton,BKN,8,27.4,14.3,9.1,1.3,6.4,8.8,0.0,0.0,1.5,2.6,november,2023-24,16.8,6.7,71.9,14.7,37.3,1.1,1.72,24.0,3.4,0.6,9.0,14.1,15.5,3.9,11.1,4.5,10.9,,15.5,,13.4,53.5,,0.0,27.4,6-11,215,83
202704,Reggie Jackson,DEN,15,27.7,14.1,2.6,4.6,5.7,11.3,1.7,4.1,1.1,1.7,november,2023-24,20.6,24.1,58.9,10.2,58.7,4.8,4.89,22.8,0.7,0.0,0.9,,,,,,,,,,,66.1,,36.28318584070796,27.7,6-2,208,74
201569,Eric Gordon,PHX,13,31.6,14.1,1.9,3.0,5.2,11.0,2.8,6.6,0.8,1.0,november,2023-24,17.5,13.4,61.5,8.0,52.7,3.1,3.52,24.2,0.4,0.0,0.6,,,,,,60.0,,,,,69.0,,60.0,31.6,6-3,215,75
1631095,Jabari Smith Jr.,HOU,13,29.7,14.0,7.8,1.2,5.5,10.3,1.9,4.6,1.0,1.2,november,2023-24,17.7,6.1,64.7,11.4,42.9,1.3,1.77,18.2,1.3,1.2,3.7,5.6,19.2,4.7,5.3,5.8,36.8,3.9,7.5,2.5,5.4,57.7,,44.66019417475727,29.7,6-11,220,83
1630552,Jalen Johnson,ATL,11,30.0,14.0,7.4,2.5,5.5,9.5,1.2,2.7,1.9,2.3,november,2023-24,16.6,11.3,66.4,11.1,56.5,1.7,1.79,24.1,0.8,0.5,3.5,7.9,22.5,23.7,2.9,4.5,14.4,7.3,6.8,1.8,4.0,58.7,,28.421052631578945,30.0,6-8,219,80
202685,Jonas Valančiūnas,NOP,16,26.3,14.0,9.1,2.8,5.6,9.8,0.6,1.6,2.3,2.9,november,2023-24,19.8,14.6,63.5,13.7,54.4,1.5,1.65,33.1,2.4,2.8,7.4,,,,22.1,29.7,4.2,,13.7,,16.0,71.4,,16.3265306122449,26.3,6-11,265,83
1627741,Buddy Hield,PHI,14,25.7,13.9,3.1,2.4,5.2,11.3,3.1,7.8,0.4,0.5,november,2023-24,20.4,11.7,60.5,8.1,54.7,1.6,1.75,29.1,0.4,0.0,0.5,,23.1,4.8,,,34.0,5.4,5.4,12.2,3.7,56.3,,69.02654867256636,25.7,6-4,220,76
1631109,Mark Williams,CHA,14,27.5,13.9,10.7,1.3,5.6,8.8,0.0,0.0,2.7,3.9,november,2023-24,17.1,6.3,65.9,13.6,35.6,0.8,1.36,18.9,3.5,0.4,10.5,,15.1,,19.3,5.0,,,27.6,,23.1,65.6,,0.0,27.5,7-0,240,84
201572,Brook Lopez,MIL,16,30.2,13.8,5.3,1.2,5.2,10.3,1.9,5.3,1.6,1.9,november,2023-24,16.4,5.6,62.0,10.2,31.6,0.8,1.44,21.0,2.4,0.6,3.7,,6.5,,32.8,9.5,32.1,,,,,54.5,,51.45631067961165,30.2,7-1,282,85
1631170,Jaime Jaquez Jr.,MIA,15,29.1,13.8,4.3,2.7,5.5,10.4,1.3,3.4,1.4,1.6,november,2023-24,18.7,13.9,62.1,9.8,46.6,2.1,2.65,26.4,1.2,1.1,3.5,14.8,29.4,5.3,,5.7,26.6,,5.8,,4.0,71.7,,32.69230769230769,29.1,6-6,225,78
1629631,De'Andre Hunter,ATL,14,30.1,13.8,4.3,1.4,4.5,10.6,1.7,5.0,3.1,3.4,november,2023-24,18.4,6.3,57.1,5.9,42.4,1.3,1.9,24.6,0.6,0.7,1.1,7.5,18.2,13.3,2.6,,29.0,9.5,6.2,6.0,2.6,64.9,,47.16981132075472,30.1,6-8,221,80
1628370,Malik Monk,SAC,14,24.8,13.8,3.1,4.4,4.3,10.6,2.4,5.9,2.8,3.1,november,2023-24,23.4,27.0,57.7,11.0,47.7,2.7,3.33,27.1,0.1,0.0,0.7,8.4,22.0,24.1,3.5,,25.5,6.7,,4.6,,60.9,,55.66037735849058,24.8,6-3,200,75
1630167,Obi Toppin,IND,14,25.1,13.8,2.6,1.5,5.6,9.1,1.1,3.4,1.4,1.8,november,2023-24,17.3,7.3,69.9,8.8,35.0,0.8,1.35,20.5,0.6,0.2,3.9,,23.9,,,,28.3,,,,,62.2,,37.362637362637365,25.1,6-9,220,81
1627747,Caris LeVert,CLE,13,29.1,13.8,3.8,3.2,4.9,11.7,1.3,4.6,2.6,3.2,november,2023-24,20.9,16.0,52.6,9.0,44.6,2.7,3.67,26.7,0.6,0.0,0.7,6.2,19.0,24.0,,,26.9,4.5,6.6,5.0,,54.8,,39.31623931623932,29.1,6-6,205,78
1641706,Brandon Miller,CHA,12,30.5,13.7,3.5,1.9,5.4,11.8,1.5,4.3,1.3,1.8,november,2023-24,18.4,8.4,54.4,6.2,39.0,1.7,2.67,23.2,0.7,0.0,1.8,10.8,16.1,20.6,9.6,2.7,20.2,9.0,,3.4,,65.4,,36.440677966101696,30.5,6-7,200,79
202330,Gordon Hayward,OKC,13,32.2,13.6,5.2,4.5,5.2,12.7,0.8,2.6,2.4,3.3,november,2023-24,20.0,18.4,48.1,8.2,52.4,2.5,2.84,37.0,1.4,0.8,2.5,,,,,,,,,,,65.9,,20.472440944881892,32.2,6-7,225,79
1628401,Derrick White,BOS,12,32.6,13.6,3.6,5.3,4.3,9.9,2.1,5.8,2.8,3.3,november,2023-24,17.6,21.3,59.7,9.4,56.0,3.9,4.2,18.2,0.5,0.1,0.8,4.7,10.8,35.1,1.6,,25.9,9.5,1.3,5.1,1.7,65.0,,58.58585858585859,32.6,6-4,190,76
1630591,Jalen Suggs,ORL,13,27.4,13.5,3.4,3.0,4.6,10.0,1.7,4.2,2.6,3.2,november,2023-24,20.4,15.1,59.3,9.5,46.5,2.4,3.11,20.2,0.1,0.0,0.8,6.6,24.5,25.2,,,20.4,7.3,,,4.0,53.3,,42.00000000000001,27.4,6-5,205,77
1629622,Max Strus,CLE,15,34.4,13.5,4.9,4.0,5.0,10.9,2.7,6.9,0.9,1.1,november,2023-24,16.3,15.5,59.7,8.9,54.1,1.6,1.75,35.8,0.3,0.0,1.3,,,,,,,,,,,48.9,,63.30275229357798,34.4,6-5,215,77
1628386,Jarrett Allen,CLE,14,29.0,13.4,7.9,2.3,5.4,7.9,0.0,0.0,2.7,3.6,november,2023-24,16.2,11.0,70.7,12.4,37.5,0.9,1.52,26.6,4.1,0.7,8.8,,13.6,,20.9,7.8,4.1,,33.1,,9.2,56.0,,0.0,29.0,6-9,243,81
1629023,P.J. Washington,DAL,13,31.5,13.4,5.0,2.2,4.7,11.9,2.1,6.4,1.9,2.5,november,2023-24,19.4,9.2,51.3,6.5,50.3,1.3,1.6,26.5,1.2,0.5,2.4,4.1,20.9,6.3,5.4,6.1,29.9,4.1,8.2,,6.8,67.6,,53.78151260504202,31.5,6-7,230,79
203952,Andrew Wiggins,GSW,14,27.7,13.4,5.0,1.3,5.3,11.9,1.0,3.5,1.8,3.0,november,2023-24,22.3,7.4,50.4,5.8,41.3,1.7,2.42,27.5,1.1,2.0,3.7,10.9,22.1,7.6,,6.8,32.5,2.0,3.8,2.5,7.8,65.5,,29.411764705882355,27.7,6-7,197,79
1629021,Moritz Wagner,ORL,14,20.1,13.4,4.5,1.4,5.1,8.3,0.7,1.9,2.4,2.7,november,2023-24,21.7,11.7,70.4,14.5,34.1,0.9,1.63,24.9,4.3,0.4,5.1,,,,,,,,,,,60.3,,22.891566265060238,20.1,6-11,245,83
1629001,De'Anthony Melton,PHI,15,30.0,13.3,4.2,3.5,4.3,10.3,2.6,6.1,2.1,2.8,november,2023-24,17.5,15.4,57.7,7.9,54.5,2.6,2.82,23.5,0.6,0.0,1.3,,,,,,,,,,,61.3,,59.22330097087378,30.0,6-3,200,75
1628415,Dillon Brooks,HOU,13,29.9,13.2,3.5,1.8,4.7,10.0,1.6,3.9,2.2,2.8,november,2023-24,19.2,8.1,59.0,5.8,34.2,1.3,2.23,21.2,0.8,1.0,1.7,9.3,14.6,19.9,1.5,9.9,31.8,2.8,1.7,2.8,2.4,66.7,,39.0,29.9,6-6,225,78
1630166,Deni Avdija,WAS,15,27.7,13.1,5.1,3.8,5.2,9.5,1.1,2.9,1.6,1.9,november,2023-24,17.7,18.8,63.6,10.8,49.5,2.4,2.87,21.6,0.9,0.3,1.9,14.0,18.1,26.9,,3.1,19.0,4.8,4.0,4.7,1.7,65.1,,30.526315789473685,27.7,6-9,210,81
1629060,Rui Hachimura,LAL,9,26.1,13.0,4.1,1.2,4.9,9.4,1.3,2.9,1.9,2.4,november,2023-24,19.4,6.7,61.8,10.5,32.4,1.1,2.02,19.0,0.8,0.8,2.7,3.7,19.3,,3.1,9.5,40.5,,7.1,4.9,,80.0,,30.851063829787233,26.1,6-8,230,80
203932,Aaron Gordon,DEN,12,35.0,12.9,8.0,4.1,5.2,11.7,0.6,2.7,2.0,3.5,november,2023-24,18.3,15.6,48.9,8.4,49.1,2.6,3.16,26.6,1.7,1.8,7.2,16.0,13.0,10.4,5.9,11.2,15.4,,13.0,,5.3,53.7,,23.07692307692308,35.0,6-8,235,80
203114,Khris Middleton,MIL,13,21.1,12.8,4.4,3.8,4.9,10.6,1.3,4.0,1.6,2.0,november,2023-24,26.5,25.6,55.5,11.8,40.2,2.3,3.45,21.8,0.1,1.2,0.9,6.1,15.3,22.7,,13.6,16.6,5.8,,6.4,5.8,56.8,,37.735849056603776,21.1,6-7,222,79
1631110,Jeremy Sochan,SAS,14,29.4,12.4,5.4,4.5,4.9,10.4,1.0,2.1,1.6,1.9,november,2023-24,19.4,22.0,55.3,8.4,66.8,4.6,4.17,22.5,0.6,1.2,3.0,,18.9,,12.3,,28.3,,17.0,,,65.6,,20.192307692307693,29.4,6-8,230,80
1630180,Saddiq Bey,ATL,14,29.1,12.4,5.8,1.2,4.6,9.4,1.7,4.8,1.4,1.9,november,2023-24,15.2,5.4,61.1,8.4,35.9,0.9,1.55,19.5,0.4,0.1,2.4,6.5,19.0,7.8,2.2,13.8,28.5,6.0,4.9,1.9,6.7,76.1,,51.06382978723404,29.1,6-7,215,79
1628960,Grayson Allen,PHX,12,33.0,12.4,4.3,2.8,4.4,8.7,2.3,4.8,1.3,1.6,november,2023-24,14.5,12.2,66.3,7.7,52.0,2.5,2.93,24.4,0.5,0.0,1.0,2.8,17.5,24.2,4.0,,33.8,5.4,,7.0,,72.5,,55.172413793103445,33.0,6-4,198,76
1631099,Keegan Murray,SAC,10,32.8,12.4,5.7,1.9,4.7,12.1,1.7,6.5,1.3,1.4,november,2023-24,17.5,8.2,48.8,7.2,47.1,1.5,1.95,34.9,0.6,0.2,1.9,4.2,18.5,10.8,5.4,,30.8,,4.2,14.2,4.2,60.4,,53.71900826446281,32.8,6-8,225,80
201950,Jrue Holiday,BOS,13,34.9,12.4,7.6,5.4,4.7,11.3,1.8,4.7,1.2,1.5,november,2023-24,17.8,21.1,51.7,9.9,64.8,4.5,4.19,22.1,1.3,0.9,2.6,10.1,20.5,26.3,,3.6,20.5,,4.3,,,58.9,,41.5929203539823,34.9,6-4,205,76
1631097,Bennedict Mathurin,IND,14,24.8,12.3,3.9,1.8,4.7,10.4,1.0,3.0,1.9,2.6,november,2023-24,20.0,9.4,53.1,7.7,37.3,1.5,2.44,23.7,1.0,0.1,1.9,9.0,22.3,27.0,,,17.2,5.2,7.6,5.7,,65.5,,28.846153846153843,24.8,6-5,210,77
203967,Dario Šarić,GSW,15,22.5,12.3,5.7,2.5,4.2,8.5,1.9,4.6,2.0,2.3,november,2023-24,19.7,17.6,64.8,14.1,46.5,1.4,1.74,30.0,2.1,1.6,3.5,,,,,,,,,,,51.6,,54.11764705882353,22.5,6-10,225,82
203497,Rudy Gobert,MIN,15,32.6,12.2,11.3,1.1,4.5,7.7,0.0,0.0,3.1,5.3,november,2023-24,15.4,4.9,60.7,11.3,38.7,0.9,1.4,19.3,2.1,1.5,10.1,,12.6,,16.7,,,,28.5,,26.9,47.9,,0.0,32.6,7-1,258,85
1630581,Josh Giddey,OKC,14,26.6,12.1,6.1,4.3,5.1,11.5,0.6,2.0,1.3,1.6,november,2023-24,23.8,22.8,49.8,10.2,63.4,3.3,3.13,30.9,2.1,0.4,2.8,5.0,22.8,38.8,,,16.0,4.5,4.3,,,58.3,,17.391304347826086,26.6,6-8,216,80
1627751,Jakob Poeltl,TOR,15,27.3,12.0,8.3,2.7,5.6,7.6,0.0,0.0,0.8,1.7,november,2023-24,15.2,13.6,72.0,13.2,47.6,1.1,1.38,25.2,7.7,0.9,9.6,,13.0,,16.7,,,,40.7,,14.8,59.3,,0.0,27.3,7-0,260,84
1627736,Malik Beasley,MIL,16,28.1,12.0,4.7,1.3,4.3,8.9,3.0,6.6,0.4,0.4,november,2023-24,14.2,5.9,66.4,9.0,34.2,1.2,2.14,19.4,0.1,0.0,0.7,,,,,,,,,,,61.5,,74.15730337078651,28.1,6-4,187,76
201566,Russell Westbrook,LAC,14,25.9,12.0,6.6,5.1,4.6,11.5,0.6,2.5,2.1,3.2,november,2023-24,24.3,30.7,46.5,10.9,52.1,3.7,4.28,19.8,0.9,0.4,3.1,13.4,18.3,25.8,,5.1,26.7,,2.2,,2.8,44.1,,21.73913043478261,25.9,6-4,200,76
1629012,Collin Sexton,UTA,15,20.3,11.9,2.8,3.5,4.0,9.1,1.4,3.8,2.5,2.8,november,2023-24,24.1,27.3,57.6,10.6,35.0,2.2,3.83,20.0,0.5,0.0,1.3,5.2,21.4,36.3,2.5,,20.6,4.3,2.5,,,66.7,,41.75824175824176,20.3,6-3,190,75
1629018,Gary Trent Jr.,TOR,12,25.1,11.8,1.9,1.1,4.3,10.1,2.1,5.6,1.1,1.5,november,2023-24,18.5,5.8,55.1,7.1,28.6,1.2,2.43,23.4,0.3,0.0,0.3,,18.3,6.4,,,48.6,9.0,,6.8,,65.5,,55.44554455445544,25.1,6-5,204,77
201565,Derrick Rose,MEM,5,19.7,11.8,2.0,3.4,4.8,7.8,0.6,1.8,1.6,1.8,november,2023-24,20.4,32.7,68.7,18.5,39.4,3.5,5.36,14.4,0.2,0.0,0.4,,,,,,,,,,,71.4,,23.076923076923077,19.7,6-3,200,75
1630529,Herbert Jones,NOP,13,31.3,11.7,4.0,3.2,4.1,7.9,1.1,3.5,2.5,2.8,november,2023-24,14.7,12.9,64.0,8.3,49.7,2.1,2.58,25.8,0.6,0.0,1.5,,22.4,10.8,,,37.7,6.3,5.4,,,57.6,,44.303797468354425,31.3,6-7,206,79
1641709,Ausar Thompson,DET,15,28.7,11.7,8.8,2.4,5.0,10.0,0.3,1.9,1.4,2.1,november,2023-24,18.4,12.2,53.5,9.8,41.3,1.7,2.47,22.1,0.9,0.2,5.0,7.7,23.0,10.0,5.6,,16.0,,15.3,2.3,10.0,56.4,,19.0,28.7,6-6,205,78
1630198,Isaiah Joe,OKC,14,20.8,11.6,2.2,1.1,3.7,7.5,3.0,6.1,1.2,1.4,november,2023-24,16.4,7.4,71.9,12.5,28.6,0.8,1.67,18.1,0.2,0.0,0.1,,21.2,,9.4,,39.9,9.4,4.3,6.8,,50.0,,81.33333333333333,20.8,6-3,165,75
1631093,Jaden Ivey,DET,11,23.5,11.6,3.2,3.0,4.0,7.6,0.9,2.7,2.7,3.5,november,2023-24,19.3,17.9,63.5,8.6,36.3,1.8,3.0,20.5,1.0,0.0,1.0,5.6,26.4,11.6,,,34.3,5.6,,,,45.0,,35.52631578947369,23.5,6-4,195,76
1627826,Ivica Zubac,LAC,14,26.9,11.5,9.5,1.0,4.8,8.1,0.0,0.0,1.9,3.1,november,2023-24,17.0,5.8,61.0,11.6,42.4,0.8,1.19,19.4,4.0,1.0,9.1,,5.5,,18.4,28.3,,,20.1,,20.3,48.6,,0.0,26.9,7-0,240,84
203084,Harrison Barnes,SAC,14,30.8,11.4,3.2,1.6,3.7,8.4,1.9,5.1,2.1,2.4,november,2023-24,14.4,7.1,60.4,7.0,39.4,1.2,1.84,25.5,0.4,0.4,1.1,8.0,18.8,3.3,5.0,2.5,43.8,4.8,,4.8,,67.3,,60.71428571428571,30.8,6-8,225,80
1630228,Jonathan Kuminga,GSW,15,19.7,11.3,2.8,1.1,4.1,8.9,0.5,2.3,2.7,3.8,november,2023-24,25.3,9.3,53.4,7.7,35.3,1.3,2.26,20.2,1.3,1.5,2.0,12.6,17.4,21.1,,6.7,18.1,,9.6,,7.0,55.8,,25.842696629213478,19.7,6-7,225,79
203994,Jusuf Nurkić,PHX,14,27.8,11.2,9.0,4.0,4.1,8.5,0.6,2.1,2.5,3.4,november,2023-24,18.4,19.5,56.0,11.3,58.9,1.7,1.74,35.4,4.0,3.1,7.1,,6.9,,22.4,10.4,11.8,,17.3,,13.6,55.4,,24.705882352941178,27.8,7-0,290,84
1626181,Norman Powell,LAC,14,23.3,11.2,1.6,0.9,3.7,7.9,1.8,3.7,2.0,2.4,november,2023-24,17.3,6.4,62.3,7.8,24.6,1.0,2.52,15.0,0.4,0.0,0.2,10.9,24.6,11.3,,,32.5,3.8,1.5,10.9,,79.4,,46.835443037974684,23.3,6-4,215,76
203484,Kentavious Caldwell-Pope,DEN,15,34.2,11.2,1.8,3.1,3.7,8.5,1.5,3.7,2.2,2.3,november,2023-24,13.3,11.0,58.6,5.9,40.6,1.5,2.18,28.9,0.7,0.0,1.3,3.1,24.1,18.1,,,33.7,5.9,,6.5,,70.4,,43.529411764705884,34.2,6-5,204,77
1629675,Naz Reid,MIN,15,20.4,11.2,3.9,0.6,4.1,8.3,1.5,3.9,1.5,1.7,november,2023-24,20.9,4.8,61.8,12.0,30.8,0.8,1.64,18.6,0.7,1.1,1.9,3.8,17.2,4.8,9.1,8.1,30.7,4.7,3.6,8.4,4.3,55.4,,46.98795180722891,20.4,6-9,264,81
1628971,Bruce Brown,TOR,14,31.4,10.9,4.1,3.1,4.1,9.1,0.9,3.4,1.9,2.4,november,2023-24,14.2,11.2,54.1,6.9,46.4,2.0,2.64,22.1,0.4,0.1,0.9,4.1,22.3,15.7,,,22.3,3.8,13.0,,8.7,62.3,,37.362637362637365,31.4,6-4,202,76
1630573,Sam Hauser,BOS,15,24.0,10.9,3.3,0.9,3.7,7.5,3.1,6.7,0.3,0.4,november,2023-24,14.7,6.1,70.5,10.2,27.3,0.5,1.15,15.1,0.4,0.0,0.9,,20.5,4.3,8.2,,34.1,9.4,,14.2,3.7,51.9,,89.33333333333333,24.0,6-7,217,79
1626171,Bobby Portis,MIL,16,24.8,10.8,6.6,1.1,4.3,9.7,0.9,2.7,1.3,1.6,november,2023-24,19.1,5.8,52.1,9.1,41.0,1.2,1.77,20.3,1.3,1.8,2.8,3.2,11.0,,15.8,19.8,31.1,,6.6,,5.8,62.2,,27.83505154639176,24.8,6-10,250,82
203991,Clint Capela,ATL,14,23.8,10.7,9.4,0.9,4.7,7.5,0.0,0.0,1.3,2.4,november,2023-24,15.3,4.9,62.5,11.9,27.8,0.6,1.26,19.4,1.8,0.4,9.6,,,,22.1,,,,24.4,,36.6,59.6,,0.0,23.8,6-10,256,82
200768,Kyle Lowry,PHI,14,28.9,10.7,3.9,4.4,3.6,7.8,2.4,5.2,1.1,1.3,november,2023-24,14.3,20.6,64.1,9.1,61.2,3.7,3.59,25.6,0.1,0.1,1.2,,,,,,,,,,,80.4,,66.66666666666667,28.9,6-0,196,72
1627936,Alex Caruso,CHI,13,23.9,10.5,2.5,2.2,3.6,6.7,1.9,3.8,1.4,1.6,november,2023-24,16.4,14.3,71.2,10.1,42.5,1.9,2.71,18.2,0.5,0.0,1.2,,19.9,8.2,7.0,,45.6,,,,,52.6,,56.71641791044776,23.9,6-5,186,77
1641718,Keyonte George,UTA,15,27.2,10.5,3.1,5.4,3.2,9.7,1.7,5.1,2.5,3.1,november,2023-24,20.2,28.4,47.8,7.4,67.0,5.9,5.29,25.5,0.0,0.0,0.5,12.3,14.8,29.3,1.4,,13.8,9.7,4.5,5.8,,66.0,,52.57731958762887,27.2,6-4,185,76
1627827,Dorian Finney-Smith,BKN,15,31.6,10.5,5.3,1.3,3.9,8.7,2.6,5.7,0.0,0.0,november,2023-24,12.7,5.8,59.9,6.3,39.5,1.0,1.57,24.5,0.7,0.1,2.1,,,,,,,,,,,57.0,,65.51724137931035,31.6,6-7,220,79
1630191,Isaiah Stewart,DET,15,30.7,10.5,6.6,1.3,3.8,8.7,1.5,4.1,1.3,1.7,november,2023-24,14.9,5.7,55.3,6.9,37.8,0.9,1.5,23.8,1.3,1.1,5.0,,10.3,,13.9,10.3,23.9,,19.2,,11.8,50.6,,47.12643678160919,30.7,6-8,250,80
1626196,Josh Richardson,MIA,15,28.2,10.5,2.7,3.2,3.9,8.6,1.3,4.3,1.5,1.7,november,2023-24,15.8,16.9,56.1,7.8,48.7,2.6,3.21,24.9,0.3,0.1,0.9,,,,,,,,,,,64.4,,50.0,28.2,6-5,200,77
1630208,Nick Richards,CHA,8,18.1,10.3,7.1,0.3,3.8,4.8,0.0,0.0,2.8,3.3,november,2023-24,16.3,2.2,82.9,17.0,20.9,0.4,1.27,9.9,1.4,0.0,6.4,,,,,,,,,,,33.3,,0.0,18.1,7-0,245,84
201144,Mike Conley,MIN,15,29.2,10.1,2.7,6.5,3.5,7.7,2.3,4.9,0.9,0.9,november,2023-24,13.6,30.4,62.2,11.8,65.9,4.9,4.43,26.3,0.3,0.0,0.2,,14.8,21.2,,,33.3,13.8,,5.8,,52.3,,63.63636363636363,29.2,6-0,175,72
1626145,Tyus Jones,WAS,15,26.7,10.1,2.8,4.5,4.4,9.1,0.7,2.6,0.6,0.8,november,2023-24,15.4,21.5,53.8,9.2,60.1,4.3,4.26,22.7,0.3,0.0,0.3,,17.2,23.8,,,41.7,,,,,74.0,,28.571428571428577,26.7,6-1,196,73
1628963,Marvin Bagley III,WAS,14,19.2,10.1,4.7,1.3,4.1,7.3,0.0,0.2,1.9,2.2,november,2023-24,21.5,9.6,61.0,10.1,30.1,0.8,1.69,18.9,2.4,0.8,5.4,7.3,7.3,,21.6,5.7,8.9,,18.4,,23.8,67.3,,2.7397260273972606,19.2,6-10,235,82
203110,Draymond Green,GSW,9,24.4,10.0,5.1,5.2,3.2,6.7,1.4,2.9,2.1,2.3,november,2023-24,15.8,30.5,65.0,11.4,57.7,2.0,2.11,31.8,2.0,1.8,2.7,,9.4,5.1,10.2,,39.8,,10.2,,2.7,67.9,,43.28358208955223,24.4,6-6,230,78
1631105,Jalen Duren,DET,8,27.6,10.0,9.8,2.6,4.5,8.3,0.0,0.3,1.0,1.5,november,2023-24,17.4,13.5,56.1,9.7,50.9,1.5,1.71,25.8,5.5,0.4,8.5,8.9,12.2,3.2,14.9,8.7,6.8,,20.0,,16.4,52.0,,3.614457831325301,27.6,6-10,250,82
1630557,Corey Kispert,WAS,14,22.1,9.9,2.5,1.7,3.4,7.6,1.6,4.8,1.6,2.0,november,2023-24,17.5,10.5,58.7,6.7,28.1,0.9,1.92,17.7,0.1,0.0,0.7,,19.0,9.5,,,34.1,11.9,,8.7,,75.6,,63.1578947368421,22.1,6-6,224,78
1628997,Caleb Martin,MIA,8,21.8,9.9,3.3,1.6,3.9,9.3,1.0,3.4,1.1,1.4,november,2023-24,21.3,10.2,50.1,7.0,33.9,1.9,3.42,17.1,0.5,0.0,0.9,,32.5,7.9,,,35.7,,,,,78.9,,36.55913978494623,21.8,6-5,205,77
1630174,Aaron Nesmith,IND,12,22.5,9.8,2.6,0.9,3.7,6.9,1.5,3.4,1.0,1.7,november,2023-24,14.9,5.0,64.3,6.2,29.6,0.8,1.6,16.8,0.0,0.0,0.8,,19.9,10.4,6.6,,30.9,5.5,,13.7,4.1,56.8,,49.27536231884058,22.5,6-6,215,78
1631204,Marcus Sasser,DET,15,21.1,9.7,1.9,3.4,3.8,8.3,1.5,3.9,0.6,0.6,november,2023-24,18.3,23.7,56.6,9.7,38.7,2.6,4.01,18.3,0.1,0.0,0.3,,30.8,21.5,,,,,,,,75.9,,46.98795180722891,21.1,6-2,195,74
1630165,Killian Hayes,DET,14,26.2,9.7,2.8,4.4,3.9,8.5,0.9,2.6,1.1,1.6,november,2023-24,15.0,23.8,52.8,9.6,51.4,3.4,3.93,21.9,0.3,0.1,0.4,,,,,,,,,,,71.9,,30.58823529411765,26.2,6-5,195,77
1629652,Luguentz Dort,OKC,14,27.7,9.7,4.1,1.3,3.1,7.2,1.8,4.1,1.6,2.1,november,2023-24,13.9,5.8,59.8,5.9,27.4,1.1,2.42,15.9,0.4,0.1,1.9,,15.0,,5.5,,61.5,,4.0,,,65.7,,56.94444444444444,27.7,6-4,220,76
203935,Marcus Smart,MEM,7,28.4,9.7,2.3,4.6,3.6,10.0,1.0,4.7,1.6,1.7,november,2023-24,20.2,23.2,45.2,4.9,53.6,4.3,4.77,21.7,0.9,0.6,0.6,4.2,18.4,15.1,5.0,,38.3,,,,,60.0,,47.0,28.4,6-3,220,75
1630346,Matt Ryan,NOP,10,23.1,9.7,2.4,0.8,3.0,6.0,2.5,4.7,1.2,1.3,november,2023-24,13.9,4.5,73.8,6.8,26.3,0.7,1.59,17.1,0.3,0.0,0.5,,,,,,,,,,,65.7,,78.33333333333333,23.1,6-6,215,78
1630188,Jalen Smith,IND,11,15.3,9.6,5.5,0.8,3.5,5.0,0.9,1.3,1.6,2.2,november,2023-24,18.3,7.8,80.8,15.5,20.5,0.5,1.59,12.9,1.0,0.5,4.1,,21.0,,17.4,,29.0,,9.8,,10.1,57.5,,26.0,15.3,6-9,215,81
1629655,Daniel Gafford,DAL,14,25.0,9.5,7.3,1.7,4.2,6.1,0.0,0.0,1.1,1.6,november,2023-24,13.3,8.5,70.2,9.8,39.1,0.9,1.32,19.9,2.0,0.4,6.5,,8.8,,19.9,11.0,,,20.4,,18.2,62.2,,0.0,25.0,6-10,234,82
1630230,Naji Marshall,NOP,10,21.8,9.4,4.8,2.5,3.1,6.7,1.3,3.0,1.9,2.4,november,2023-24,17.1,15.8,60.6,11.5,37.6,1.6,2.59,19.5,0.4,0.0,1.3,5.6,31.6,10.9,3.9,,29.1,,6.0,2.4,2.4,71.9,,44.776119402985074,21.8,6-6,220,78
1630183,Jaden McDaniels,MIN,10,23.6,9.3,2.1,1.2,4.1,7.3,0.9,2.7,0.2,0.2,november,2023-24,15.5,6.5,62.9,5.6,26.5,1.0,2.17,17.1,0.2,0.1,0.8,2.3,27.6,10.3,,,36.8,5.2,5.0,3.2,3.9,45.9,,36.986301369863014,23.6,6-9,185,81
1630219,Skylar Mays,LAL,11,22.8,9.3,2.2,5.5,3.6,8.9,1.0,3.4,1.0,1.2,november,2023-24,19.8,36.1,49.2,9.6,54.1,4.7,5.23,18.8,0.1,0.1,0.3,,,,,,,,,,,68.4,,38.20224719101123,22.8,6-3,205,75
1628978,Donte DiVincenzo,NYK,14,21.1,9.2,3.0,1.5,3.1,7.6,2.2,5.3,0.7,1.1,november,2023-24,18.0,10.0,56.8,8.2,32.6,1.2,2.14,18.6,0.3,0.0,0.9,1.9,18.5,11.6,,,33.0,10.8,,14.6,3.0,68.2,,69.73684210526316,21.1,6-4,203,76
1629684,Grant Williams,CHA,14,28.1,9.2,3.4,1.9,3.2,7.4,2.2,5.2,0.6,1.1,november,2023-24,13.0,8.3,58.1,5.1,30.4,0.7,1.41,18.7,0.6,0.1,1.1,,,,,,38.2,,,,,78.8,,70.27027027027027,28.1,6-6,236,78
1631128,Christian Braun,DEN,15,20.6,9.1,3.9,1.5,3.5,7.3,0.7,1.5,1.4,1.9,november,2023-24,17.6,11.3,55.6,9.2,28.9,1.4,2.83,15.5,0.6,0.0,1.7,,33.3,,7.1,,20.6,7.8,11.3,,7.1,52.1,,20.547945205479454,20.6,6-6,220,78
1627777,Georges Niang,CLE,15,22.7,9.0,4.3,1.2,3.3,7.4,1.7,4.3,0.7,0.7,november,2023-24,15.8,7.3,58.3,8.1,37.1,0.9,1.46,19.1,0.5,0.0,0.6,,,,,,,,,,,56.8,,58.108108108108105,22.7,6-7,230,79
203109,Jae Crowder,MIL,6,27.1,9.0,3.8,1.3,3.0,5.3,2.2,4.0,0.8,1.7,november,2023-24,9.6,7.1,74.2,8.4,34.5,0.8,1.33,14.5,0.2,0.0,0.8,,,,,,,,,,,64.7,,75.47169811320755,27.1,6-6,235,78
1628379,Luke Kennard,MEM,7,22.5,9.0,3.0,2.0,3.0,7.6,2.4,5.9,0.6,0.6,november,2023-24,15.3,13.5,57.5,11.1,30.9,1.4,2.67,20.3,0.0,0.0,0.1,,24.5,9.1,,,32.0,7.9,5.8,11.6,,60.0,,77.63157894736842,22.5,6-5,206,77
1630168,Onyeka Okongwu,ATL,14,23.5,9.0,7.3,1.1,3.2,5.9,0.4,1.2,2.2,2.6,november,2023-24,13.7,6.6,64.4,9.8,27.4,0.6,1.22,19.4,1.5,0.3,5.6,1.6,15.5,2.1,11.6,6.9,28.0,3.2,11.2,3.4,7.5,56.2,,20.338983050847457,23.5,6-10,240,82
202692,Alec Burks,NYK,9,17.3,8.9,2.0,1.8,2.3,7.9,1.3,5.0,2.9,3.2,november,2023-24,22.8,16.0,47.8,6.1,28.0,1.1,2.27,18.9,0.2,0.0,0.2,,,,,,,,,,,52.9,,63.291139240506325,17.3,6-5,214,77
1629659,Talen Horton-Tucker,UTA,15,22.1,8.9,3.3,4.3,3.3,9.1,1.0,3.9,1.2,1.3,november,2023-24,21.9,29.1,45.7,7.5,53.9,4.2,4.72,22.5,0.0,0.2,0.5,,,,,,,,,,,53.3,,42.85714285714286,22.1,6-4,234,76
1641731,Bilal Coulibaly,WAS,14,26.9,8.9,3.8,1.8,3.2,6.0,1.3,2.7,1.1,1.7,november,2023-24,12.5,8.1,65.6,7.0,32.1,1.0,1.93,17.4,0.3,0.0,0.9,4.8,27.8,15.1,,,25.8,5.2,8.3,,4.8,60.7,,45.0,26.9,6-8,195,80
1628995,Kevin Knox II,POR,6,20.7,8.8,3.5,0.5,3.5,6.8,1.5,3.5,0.3,0.5,november,2023-24,15.2,3.4,62.6,7.0,26.3,0.6,1.43,14.3,0.3,0.0,1.2,,,,,,,,,,,64.7,,51.47058823529412,20.7,6-7,215,79
1631223,David Roddy,PHX,13,23.1,8.7,3.8,0.7,3.5,8.1,1.0,3.5,0.6,0.9,november,2023-24,17.2,4.6,51.2,7.3,27.9,1.0,2.21,15.1,0.6,0.2,1.5,,,,,,,,,,,50.0,,43.20987654320988,23.1,6-4,255,76
1627884,Derrick Jones Jr.,DAL,14,23.5,8.6,3.9,1.1,3.1,6.5,1.4,3.8,0.9,1.1,november,2023-24,13.6,6.5,61.5,7.6,24.5,0.6,1.58,13.4,0.6,0.0,1.6,,18.3,,,,46.0,,13.5,,7.9,56.9,,58.46153846153845,23.5,6-6,210,78
1626220,Royce O'Neale,PHX,14,30.0,8.6,5.2,3.6,2.9,7.5,2.7,6.5,0.1,0.4,november,2023-24,12.3,16.1,55.7,7.1,51.9,1.5,1.68,26.2,0.2,0.0,0.7,,26.0,8.3,2.7,,43.8,3.9,,3.6,,63.6,,86.66666666666667,30.0,6-6,226,78
1628404,Josh Hart,NYK,14,30.1,8.5,6.0,3.0,3.4,7.4,0.9,3.1,0.7,0.9,november,2023-24,12.0,13.7,54.7,10.1,46.3,1.6,2.06,25.1,0.8,0.0,1.2,,21.0,10.3,,,45.6,4.0,4.6,,,60.4,,41.891891891891895,30.1,6-4,215,76
1631117,Walker Kessler,UTA,8,24.6,8.5,8.1,1.0,3.6,7.6,0.1,0.9,1.1,2.0,november,2023-24,15.4,7.0,50.0,10.4,38.4,0.8,1.3,22.6,2.1,0.4,7.0,,,,,,,,29.0,,22.6,38.2,,11.842105263157896,24.6,7-0,245,84
1630172,Patrick Williams,CHI,16,25.1,8.4,4.0,1.1,3.0,7.3,1.1,3.1,1.3,1.6,november,2023-24,16.0,6.2,52.6,7.1,32.9,1.0,1.89,17.4,0.4,0.0,1.4,3.6,22.1,9.3,5.0,3.6,41.4,3.6,,,5.0,63.5,,42.465753424657535,25.1,6-7,215,79
1631103,Malaki Branham,SAS,14,22.1,8.4,1.4,2.4,3.6,8.2,0.9,3.4,0.4,0.5,november,2023-24,17.6,14.7,50.0,4.8,34.1,1.7,3.04,18.4,0.2,0.0,0.4,,,,,,,,,,,73.3,,41.463414634146346,22.1,6-4,180,76
1630533,Ziaire Williams,MEM,12,20.2,8.4,3.9,1.3,2.9,7.7,1.3,3.5,1.3,1.6,november,2023-24,19.0,11.1,50.3,7.8,30.6,1.6,3.16,16.8,0.5,0.0,1.3,,22.1,3.7,,,48.3,9.7,6.0,,,55.8,,45.45454545454545,20.2,6-9,185,81
1630587,Isaiah Livers,DET,5,24.2,8.4,2.8,1.4,2.8,7.8,1.8,5.2,1.0,1.4,november,2023-24,17.3,8.2,49.9,3.6,27.4,0.8,1.7,19.0,0.4,0.0,1.0,,,,,,49.1,,,,,56.3,,66.66666666666667,24.2,6-6,232,78
1630703,Scoot Henderson,POR,5,21.5,8.4,2.2,4.6,3.0,9.0,1.2,3.6,1.2,2.0,november,2023-24,24.7,31.5,42.5,2.6,52.6,4.1,4.73,19.8,0.2,0.0,1.0,,,,,,,,,,,57.1,,40.0,21.5,6-3,202,75
1629629,Cam Reddish,LAL,12,27.6,8.3,2.8,1.3,2.8,6.8,1.2,3.3,1.5,1.9,november,2023-24,13.0,6.1,54.9,6.2,24.6,0.9,2.12,13.6,0.3,0.0,1.0,,,,,,,,,,,63.4,,48.529411764705884,27.6,6-7,217,79
101108,Chris Paul,GSW,14,25.9,8.3,3.3,7.0,2.8,7.0,1.4,3.4,1.3,1.4,november,2023-24,13.8,37.3,54.5,11.7,60.3,4.7,4.69,24.6,0.9,0.5,0.4,,,43.8,,,15.6,,,,,54.7,,48.57142857142857,25.9,6-0,175,72
1630700,Dyson Daniels,NOP,16,28.5,8.2,5.2,3.9,3.2,7.7,0.9,3.4,0.9,1.3,november,2023-24,14.2,17.9,49.7,8.4,56.5,3.1,3.25,23.9,0.6,0.1,2.0,5.6,23.3,13.2,3.2,,18.5,5.8,15.9,,7.8,59.3,,44.15584415584416,28.5,6-7,199,79
1629048,Goga Bitadze,ORL,13,23.8,8.2,7.2,1.9,3.2,5.7,0.0,0.2,1.8,2.5,november,2023-24,13.0,10.2,60.2,11.8,37.4,1.0,1.68,23.5,1.8,0.4,6.8,,10.8,,15.0,,,,26.9,,27.5,53.8,,3.508771929824561,23.8,6-10,250,82
201568,Danilo Gallinari,MIL,13,15.8,8.1,3.3,1.6,2.8,5.9,0.8,2.8,1.7,2.2,november,2023-24,19.2,15.0,58.8,10.7,29.9,1.0,2.07,18.5,0.8,0.7,1.3,,,,,,,,,,,61.4,,47.45762711864406,15.8,6-10,236,82
1629013,Landry Shamet,WAS,14,16.8,8.0,1.5,1.4,3.1,6.6,1.5,4.1,0.4,0.6,november,2023-24,18.0,11.5,58.0,6.8,24.1,1.1,2.76,13.9,0.1,0.0,0.1,,22.7,,,,51.6,10.2,,,,61.8,,62.121212121212125,16.8,6-4,190,76
1627752,Taurean Prince,LAL,14,30.2,8.0,2.4,1.6,3.1,7.7,1.2,4.1,0.5,0.7,november,2023-24,12.3,7.0,49.8,3.6,26.1,0.9,2.02,15.8,0.6,0.0,1.0,,27.3,,,,54.5,,,,,53.8,,53.246753246753244,30.2,6-6,218,78
1641726,Dereck Lively II,DAL,12,25.3,7.9,7.8,1.6,3.5,5.2,0.0,0.2,0.9,1.4,november,2023-24,11.1,7.9,68.4,8.7,36.4,0.8,1.34,18.3,2.0,0.1,8.0,,,,,,,,,,,70.0,,3.8461538461538463,25.3,7-1,230,85
1629234,Drew Eubanks,PHX,13,18.1,7.7,4.0,1.2,3.0,5.0,0.2,0.2,1.5,1.7,november,2023-24,15.8,11.0,67.0,10.3,27.9,0.8,1.76,18.1,3.0,0.2,4.5,,11.3,,36.6,,,,23.9,,8.5,52.8,,4.0,18.1,6-10,245,82
1629614,Andrew Nembhard,IND,11,18.0,7.6,1.8,3.6,3.3,7.0,0.8,2.4,0.3,0.5,november,2023-24,18.5,25.6,53.0,8.4,40.2,2.9,4.4,16.6,0.2,0.0,0.3,8.9,14.8,38.5,,,21.4,7.1,,,,56.4,,34.285714285714285,18.0,6-4,191,76
203482,Kelly Olynyk,TOR,15,21.5,7.5,5.7,3.7,2.6,4.7,0.9,1.9,1.4,1.6,november,2023-24,14.0,22.9,70.1,10.2,38.3,1.3,2.05,20.5,1.1,0.3,2.2,,,,,,,,,,,65.7,,40.42553191489361,21.5,6-11,240,83
1630541,Moses Moody,GSW,15,17.8,7.5,3.4,1.0,2.9,6.0,1.0,2.8,0.7,1.1,november,2023-24,16.6,8.9,58.2,9.2,19.5,0.7,2.26,14.3,0.5,0.1,1.9,4.9,19.0,5.4,,,40.4,5.2,3.7,13.1,3.2,47.5,,46.666666666666664,17.8,6-5,211,77
1630577,Julian Champagnie,SAS,9,18.0,7.4,1.9,1.1,2.4,6.8,1.8,4.8,0.8,1.1,november,2023-24,18.6,9.2,51.2,6.1,23.7,0.7,1.85,12.7,0.3,0.0,0.9,,23.0,,5.3,,43.3,6.5,3.1,9.3,4.3,50.0,,70.58823529411765,18.0,6-7,217,79
1629638,Nickeil Alexander-Walker,MIN,15,23.9,7.4,2.1,2.8,2.8,6.4,1.6,4.1,0.2,0.5,november,2023-24,13.1,16.7,56.0,7.4,41.9,2.4,3.44,16.8,0.1,0.0,0.6,2.9,27.3,18.8,2.9,,22.7,7.1,2.9,9.1,1.3,54.9,,64.06249999999999,23.9,6-5,205,77
202687,Bismack Biyombo,OKC,12,26.3,7.3,7.3,1.9,2.9,4.8,0.0,0.0,1.5,2.5,november,2023-24,11.4,10.1,62.7,8.7,35.1,1.0,1.68,19.4,2.6,0.2,6.1,,,,,,,,,,,57.6,,0.0,26.3,6-8,255,80
203914,Gary Harris,ORL,9,21.7,7.3,1.7,2.1,2.3,5.2,1.6,4.0,1.1,1.3,november,2023-24,11.7,12.4,63.1,8.2,20.1,0.6,1.7,14.8,0.1,0.0,0.2,,16.7,,,,54.2,,,,,66.7,,76.92307692307692,21.7,6-4,210,76
201143,Al Horford,BOS,13,26.7,7.2,6.5,3.0,2.8,5.8,1.5,4.0,0.2,0.2,november,2023-24,10.6,15.8,61.6,10.9,34.5,0.8,1.42,18.8,0.8,0.1,2.3,,15.0,,12.2,8.9,40.0,,7.8,5.6,,56.1,,68.96551724137932,26.7,6-9,240,81
1630173,Precious Achiuwa,NYK,10,17.1,7.2,5.6,2.3,2.8,6.0,0.5,1.7,1.1,2.2,november,2023-24,19.3,20.5,51.7,11.5,32.5,1.1,2.1,20.5,2.2,0.2,4.4,,22.2,,13.5,,24.7,,12.0,,17.1,66.7,,28.333333333333332,17.1,6-8,243,80
1631323,Simone Fontecchio,DET,15,17.6,7.2,2.4,1.0,2.5,5.8,1.7,4.1,0.5,0.5,november,2023-24,15.9,8.8,59.7,6.8,23.3,0.6,1.56,14.5,0.2,0.0,1.2,,26.5,,,,43.5,,4.3,10.5,5.2,69.8,,70.6896551724138,17.6,6-7,209,79
1630200,Tre Jones,SAS,11,23.5,7.2,2.6,5.2,2.9,7.4,0.5,2.0,0.9,1.2,november,2023-24,16.3,28.6,45.5,7.8,55.2,4.5,4.89,15.2,0.4,0.0,0.1,4.8,22.7,32.0,,,22.7,4.5,3.0,,,55.2,,27.027027027027025,23.5,6-1,185,73
1630202,Payton Pritchard,BOS,15,21.5,7.1,3.3,2.9,2.7,6.3,1.4,3.7,0.4,0.6,november,2023-24,14.2,18.2,54.1,9.1,35.4,2.5,4.18,15.7,0.5,0.0,1.1,12.8,16.2,25.6,1.9,,26.2,6.4,,5.1,1.8,78.4,,58.730158730158735,21.5,6-1,195,73
201567,Kevin Love,MIA,10,16.3,7.1,6.6,2.3,2.1,5.7,1.1,4.0,1.8,2.2,november,2023-24,19.2,18.9,53.2,13.4,35.5,0.9,1.5,18.6,0.4,0.8,1.6,,14.0,,14.6,,34.1,,6.7,,15.2,66.7,,70.17543859649122,16.3,6-8,251,80
1641764,Brandin Podziemski,GSW,12,16.9,7.1,3.8,2.2,2.6,5.8,1.1,2.5,0.8,1.1,november,2023-24,16.7,19.4,56.9,11.2,28.7,1.2,2.6,16.3,0.2,0.1,1.3,6.1,17.2,25.1,2.4,,30.7,4.2,3.4,3.6,,63.2,,43.10344827586207,16.9,6-4,205,76
1626224,Cedi Osman,SAS,14,18.6,7.0,2.2,1.3,2.6,6.1,1.3,3.6,0.6,0.6,november,2023-24,15.3,10.3,54.5,5.4,24.4,0.8,1.96,13.5,0.1,0.1,0.5,,,,,,,,,,,65.4,,59.01639344262296,18.6,6-7,230,79
1626174,Christian Wood,LAL,16,21.0,7.0,5.8,0.7,2.5,5.9,0.7,2.7,1.3,1.9,november,2023-24,16.2,4.7,52.2,7.7,28.0,0.8,1.77,14.1,0.9,0.3,1.6,,,,,,,,,,,45.1,,45.76271186440678,21.0,6-8,214,80
1631133,Jabari Walker,POR,14,17.8,7.0,5.1,0.7,2.9,6.5,0.6,2.2,0.7,1.2,november,2023-24,18.0,6.4,49.8,8.7,23.9,0.8,1.93,13.1,0.8,0.0,1.9,,16.0,,,,34.6,,15.4,,24.4,70.0,,33.84615384615385,17.8,6-7,227,79
203937,Kyle Anderson,MIN,15,23.7,6.9,3.5,3.9,2.7,5.3,0.1,0.6,1.3,2.2,november,2023-24,14.1,24.9,55.0,9.4,42.3,2.2,3.1,23.3,1.2,0.3,1.9,12.6,16.5,7.9,,,17.3,,14.2,,8.7,56.6,,11.320754716981133,23.7,6-9,230,81
1629312,Haywood Highsmith,MIA,14,23.6,6.9,2.9,1.6,2.5,5.8,1.1,3.4,0.8,0.9,november,2023-24,13.3,9.3,55.9,5.9,30.6,1.0,1.92,16.4,0.4,0.2,1.6,,,,,,,,,,,66.1,,58.620689655172406,23.6,6-5,220,77
201587,Nicolas Batum,PHI,10,25.4,6.9,4.1,1.6,2.4,4.0,1.8,3.2,0.3,0.4,november,2023-24,7.7,7.3,82.6,6.8,29.6,0.7,1.44,17.8,0.8,0.0,1.5,,14.2,,,,68.9,,,,,65.7,,80.0,25.4,6-8,230,80
1629642,Nassir Little,PHX,8,15.3,6.9,2.6,0.8,2.4,4.5,0.9,2.5,1.3,1.5,november,2023-24,15.2,8.0,66.6,12.0,19.6,0.5,1.56,11.6,0.4,0.0,1.3,,,,,,,,,,,65.0,,55.55555555555556,15.3,6-6,220,78
1630631,Jose Alvarado,NOP,6,15.9,6.8,2.2,2.0,2.7,6.5,1.2,3.2,0.3,1.0,november,2023-24,21.2,19.7,49.2,8.1,34.0,2.3,4.13,14.3,0.0,0.0,0.8,4.2,20.0,27.3,,,30.0,3.8,3.8,,,73.3,,49.23076923076923,15.9,6-0,179,72
1630549,Day'Ron Sharpe,BKN,15,16.6,6.8,6.8,0.8,2.6,4.7,0.0,0.3,1.6,2.3,november,2023-24,16.0,6.7,59.0,12.4,25.4,0.7,1.63,14.0,1.8,0.7,5.6,3.7,7.6,,15.0,6.6,7.6,,19.6,,22.6,60.6,,6.382978723404255,16.6,6-9,265,81
1630534,Ochai Agbaji,TOR,15,21.5,6.8,3.1,1.2,2.5,5.1,1.5,3.5,0.3,0.4,november,2023-24,11.6,7.9,64.0,7.5,22.7,0.6,1.6,13.7,0.3,0.0,1.2,,33.5,,,,29.2,,13.5,,10.3,53.1,,68.62745098039215,21.5,6-5,215,77
1631106,Tari Eason,HOU,9,17.6,6.8,5.6,0.8,2.9,6.1,0.7,1.7,0.3,0.8,november,2023-24,17.0,6.4,52.5,12.0,23.1,0.7,1.83,10.3,0.3,0.2,2.4,5.0,19.9,5.4,,,43.3,,6.5,,9.2,28.6,,27.868852459016395,17.6,6-8,215,80
1629611,Terance Mann,LAC,12,26.9,6.8,4.1,2.2,2.8,6.3,0.4,2.5,0.7,1.1,november,2023-24,11.8,10.6,50.2,6.3,32.9,1.4,2.55,16.6,0.8,0.3,2.6,3.7,22.0,17.9,,,28.9,4.4,6.6,,8.1,50.0,,39.682539682539684,26.9,6-5,215,77
1641717,Cason Wallace,OKC,14,22.5,6.7,2.0,1.6,2.6,4.7,1.0,1.9,0.4,0.5,november,2023-24,10.9,8.4,68.0,6.9,19.7,0.7,2.18,12.0,0.6,0.0,1.7,4.2,22.6,13.5,,,41.3,4.2,4.5,,3.5,73.3,,40.42553191489361,22.5,6-3,195,75
203926,Doug McDermott,IND,13,17.4,6.6,1.1,2.1,2.3,4.9,1.7,3.7,0.3,0.5,november,2023-24,14.2,15.4,64.5,6.0,21.4,0.5,1.47,15.2,0.2,0.0,0.4,,,,,,65.4,,,,,55.6,,75.51020408163265,17.4,6-6,225,78
1629680,Matisse Thybulle,POR,14,23.7,6.6,1.8,1.2,2.4,4.9,1.4,3.8,0.4,0.6,november,2023-24,10.7,7.1,63.4,7.4,25.9,0.7,1.65,14.1,0.2,0.0,0.4,,,,,,,,,,,75.0,,77.55102040816325,23.7,6-5,201,77
1628988,Aaron Holiday,HOU,13,19.5,6.5,2.0,2.2,2.5,5.4,1.0,2.8,0.5,0.5,november,2023-24,13.0,14.8,58.2,7.7,31.8,2.1,3.97,12.1,0.2,0.0,0.2,,18.5,18.5,,,42.5,,,,,46.2,,51.85185185185185,19.5,6-0,185,72
1630245,Ayo Dosunmu,CHI,14,18.3,6.5,1.9,1.8,2.4,4.7,0.8,2.1,0.9,1.1,november,2023-24,14.1,15.3,62.3,8.0,30.2,1.6,3.2,14.9,0.2,0.0,0.6,2.2,33.6,20.8,,,31.6,,3.1,,,61.4,,44.680851063829785,18.3,6-5,200,77
1628464,Daniel Theis,LAC,9,15.7,6.4,3.8,1.2,2.8,6.1,0.3,0.8,0.6,1.1,november,2023-24,19.0,12.0,48.8,6.5,15.0,0.3,1.22,10.3,1.3,0.1,3.9,,,,,,,,,,,62.5,,13.114754098360656,15.7,6-8,245,80
1630256,Jae'Sean Tate,HOU,12,19.3,6.4,4.0,1.6,2.6,5.1,0.8,2.3,0.4,0.6,november,2023-24,12.5,11.7,60.1,9.3,24.1,1.0,2.38,12.9,0.3,0.7,1.3,,,,,,,,,,,52.9,,45.09803921568628,19.3,6-4,230,76
1628372,Dennis Smith Jr.,BKN,8,18.6,6.4,2.0,3.9,2.5,6.4,0.6,1.9,0.8,0.8,november,2023-24,17.5,28.4,47.5,7.2,37.1,2.5,4.1,14.4,0.1,0.0,0.5,,,,,,,,,,,62.5,,29.687499999999993,18.6,6-3,205,75
1628966,Keita Bates-Diop,BKN,14,20.8,6.3,3.8,0.9,2.2,5.4,0.6,2.1,1.3,1.8,november,2023-24,12.8,6.6,51.2,7.7,23.3,0.8,2.07,11.7,0.6,0.0,1.6,,,,,,,,,,,45.9,,38.88888888888889,20.8,6-8,229,80
1641739,Toumani Camara,POR,14,25.2,6.3,4.1,1.0,2.2,4.9,0.8,2.6,1.1,1.4,november,2023-24,11.1,5.5,57.6,4.8,30.6,0.8,1.51,15.6,0.5,0.0,2.1,6.3,20.3,4.4,5.4,,40.5,2.6,9.1,,4.7,66.7,,53.06122448979592,25.2,6-7,226,79
1629011,Mitchell Robinson,NYK,14,30.3,6.2,11.3,0.5,2.7,4.6,0.0,0.0,0.8,2.1,november,2023-24,9.1,2.2,55.6,8.7,32.6,0.7,1.29,17.1,0.9,0.3,8.7,,,,11.7,,,,12.5,,52.3,69.3,,0.0,30.3,7-0,240,84
1629656,Quentin Grimes,DET,12,23.0,6.2,1.3,1.3,2.2,6.1,1.8,5.1,0.0,0.0,november,2023-24,12.2,8.3,50.7,3.8,28.2,0.8,1.6,20.6,0.2,0.0,0.1,10.4,22.2,10.8,,,37.6,2.4,2.8,6.8,2.0,87.9,,83.60655737704919,23.0,6-5,210,77
1630558,Davion Mitchell,SAC,11,17.9,6.0,1.1,2.8,2.1,5.5,1.0,3.3,0.8,0.8,november,2023-24,16.0,25.4,51.6,6.5,38.4,2.9,4.49,15.8,0.0,0.0,0.1,28.6,19.3,8.1,,,35.6,,,,,74.1,,60.0,17.9,6-0,202,72
1630182,Josh Green,DAL,14,23.6,6.0,3.1,2.3,2.3,5.5,1.3,3.6,0.1,0.4,november,2023-24,11.3,12.2,52.7,5.6,28.1,1.1,2.25,13.6,0.4,0.0,0.4,,28.0,,,,61.3,,,,,65.8,,65.45454545454545,23.6,6-5,200,77
1630201,Malachi Flynn,DET,15,18.6,6.0,2.6,2.3,2.1,5.1,1.0,3.1,0.7,1.0,november,2023-24,13.8,17.8,53.8,7.6,40.8,2.8,4.1,16.1,0.1,0.0,0.3,,,,,,,,,,,63.3,,60.7843137254902,18.6,6-1,185,73
1630692,Jordan Goodwin,MEM,14,15.6,5.9,3.3,2.1,2.2,5.3,1.1,2.9,0.3,0.4,november,2023-24,15.9,20.0,53.8,11.6,34.2,2.0,3.55,13.8,0.2,0.0,1.4,,16.2,12.8,3.4,,42.7,,,,12.0,50.0,,54.71698113207547,15.6,6-4,200,76
1626166,Cameron Payne,PHI,16,18.0,5.8,1.4,2.8,2.1,4.8,1.2,2.8,0.4,0.4,november,2023-24,13.9,18.8,58.4,6.2,35.9,2.7,4.49,13.1,0.2,0.0,0.2,,,,,,,,,,,72.2,,58.333333333333336,18.0,6-3,183,75
1626153,Delon Wright,MIA,5,16.8,5.8,2.0,4.0,1.6,3.4,0.6,1.8,2.0,2.2,november,2023-24,12.8,25.0,66.4,11.5,36.6,3.0,4.88,11.2,0.2,0.0,0.4,,,,,,,,,,,64.7,,52.94117647058824,16.8,6-5,185,77
1629026,Kenrich Williams,OKC,8,17.4,5.8,2.6,2.0,2.3,4.1,0.9,1.8,0.4,1.0,november,2023-24,11.7,16.2,63.0,8.6,21.0,0.6,1.71,12.8,0.5,0.0,1.9,,14.6,,,,42.3,,10.0,,7.7,64.3,,43.90243902439025,17.4,6-6,210,78
1629006,Josh Okogie,PHX,14,19.5,5.6,3.3,1.1,1.5,4.2,0.4,1.9,2.2,2.7,november,2023-24,13.1,7.9,52.2,6.8,22.7,0.8,2.0,12.7,0.3,0.0,1.9,,24.9,,,,41.5,,11.1,,9.7,61.9,,45.238095238095234,19.5,6-4,213,76
1626192,Pat Connaughton,MIL,15,23.3,5.6,3.5,2.0,2.1,4.7,1.1,3.1,0.4,0.7,november,2023-24,10.1,10.6,56.5,6.0,29.9,0.9,1.79,16.3,0.3,0.0,1.5,,,,,,,,,,,46.9,,65.95744680851064,23.3,6-5,209,77
1629003,Shake Milton,NYK,15,15.4,5.6,2.1,1.3,1.8,4.8,0.3,1.8,1.7,2.0,november,2023-24,17.9,12.8,49.3,6.4,27.1,1.5,3.3,14.2,0.4,0.0,0.7,,,,,,,,,,,57.7,,37.5,15.4,6-5,205,77
204060,Joe Ingles,ORL,14,19.9,5.6,2.9,3.6,1.9,4.4,1.1,2.7,0.6,0.6,november,2023-24,11.5,21.6,60.0,9.4,34.9,1.9,3.21,19.1,0.3,0.0,0.4,,,,,,,,,,,60.0,,61.36363636363637,19.9,6-9,220,81
1630699,MarJon Beauchamp,MIL,13,16.2,5.5,2.6,1.1,2.0,4.7,0.8,2.3,0.6,0.9,november,2023-24,15.1,8.7,53.6,5.6,15.9,0.6,2.11,10.5,0.2,0.0,0.8,,,,,,,,,,,59.5,,48.93617021276595,16.2,6-7,199,79
1626172,Kevon Looney,GSW,15,22.5,5.3,8.3,2.9,2.2,3.9,0.0,0.0,0.9,1.3,november,2023-24,9.7,18.5,59.0,10.2,42.7,1.1,1.57,26.5,1.8,0.3,5.5,,,,19.3,,,,,,31.6,62.7,,0.0,22.5,6-9,222,81
1641710,Anthony Black,ORL,14,20.9,5.1,2.6,1.5,1.9,4.4,0.4,1.6,0.8,1.2,november,2023-24,11.9,9.4,51.8,3.6,33.1,1.8,3.28,16.6,0.3,0.0,1.3,4.4,27.4,21.8,,,25.5,4.7,3.6,1.9,2.7,53.3,,36.36363636363637,20.9,6-7,200,79
203496,Robert Covington,PHI,15,17.1,5.1,3.7,0.7,1.8,3.9,0.8,2.1,0.7,0.8,november,2023-24,11.5,5.4,59.1,8.6,22.3,0.7,1.78,10.5,0.4,0.0,1.7,,,,,,,,,,,59.5,,53.846153846153854,17.1,6-7,209,79
1627780,Gary Payton II,GSW,10,16.3,5.0,3.4,0.8,2.2,4.4,0.3,1.3,0.3,0.5,november,2023-24,13.1,7.3,54.1,7.1,22.0,0.6,1.74,13.2,0.8,0.1,3.3,,14.6,,9.3,,21.5,,29.8,,9.8,65.0,,29.54545454545454,16.3,6-2,195,74
1631108,Max Christie,LAL,14,18.7,4.9,2.9,1.1,1.9,4.9,0.6,2.3,0.6,0.7,november,2023-24,13.7,7.7,47.7,4.7,21.6,1.0,2.73,10.3,0.1,0.0,0.5,5.7,24.2,13.7,4.7,,33.9,4.0,2.6,5.7,,64.7,,46.938775510204074,18.7,6-5,190,77
1631121,Bryce McGowens,CHA,12,15.7,4.9,2.0,0.9,1.6,3.5,1.1,2.4,0.7,0.8,november,2023-24,12.5,8.3,63.6,6.5,16.5,0.6,2.21,11.0,0.3,0.0,0.2,5.2,24.2,12.4,,,37.6,5.7,6.2,,,65.2,,68.57142857142857,15.7,6-6,175,78
1628392,Isaiah Hartenstein,NYK,14,16.6,4.8,4.7,0.9,2.0,3.6,0.1,0.1,0.7,1.0,november,2023-24,12.5,7.1,58.6,8.0,23.1,0.5,1.37,12.2,1.0,0.2,3.9,,7.4,,19.9,5.6,,,40.3,,10.2,57.8,,2.777777777777778,16.6,7-0,250,84
1631367,Jacob Gilyard,BKN,12,19.0,4.6,1.5,3.6,1.6,3.6,1.3,3.3,0.1,0.1,november,2023-24,9.7,26.5,63.3,7.9,40.5,3.0,4.52,15.8,0.1,0.0,0.0,,,,,,,,,,,70.8,,91.66666666666666,19.0,5-8,160,68
1628470,Torrey Craig,CHI,16,21.4,4.4,4.9,1.3,1.6,4.4,0.6,2.3,0.6,0.7,november,2023-24,10.7,7.9,46.8,5.3,27.7,0.8,1.7,13.4,0.4,0.0,1.8,,,,,,,,,,,61.1,,52.27272727272726,21.4,6-5,221,77
1629139,Yuta Watanabe,MEM,10,18.1,4.3,2.1,0.6,1.3,4.2,1.1,3.4,0.6,0.9,november,2023-24,12.0,4.2,46.8,2.1,20.3,0.5,1.5,11.6,0.1,0.0,0.5,,,,,,,,,,,63.4,,80.95238095238095,18.1,6-9,215,81
203939,Dwight Powell,DAL,14,15.2,4.3,3.1,1.6,1.2,1.8,0.0,0.0,1.9,2.4,november,2023-24,8.7,13.1,75.1,7.2,19.3,0.5,1.47,11.2,1.6,0.1,3.3,,13.2,,12.1,,,,37.4,,,67.9,,0.0,15.2,6-10,240,82
1630171,Isaac Okoro,CLE,6,19.3,3.8,1.5,1.0,1.7,3.3,0.3,1.0,0.2,0.3,november,2023-24,9.9,7.2,55.1,3.2,15.8,0.5,1.84,11.2,0.0,0.0,1.0,,25.9,,,,41.6,,10.8,,5.2,75.0,,30.303030303030305,19.3,6-5,225,77
1630550,JT Thor,CHA,14,15.5,3.6,2.9,0.4,1.4,3.3,0.7,1.8,0.0,0.3,november,2023-24,9.8,3.6,52.3,4.7,18.9,0.4,1.35,9.1,0.3,0.0,1.1,,,,,,,,,,,64.5,,54.545454545454554,15.5,6-9,203,81
201976,Patrick Beverley,MIL,15,17.1,3.5,2.9,2.3,1.2,3.4,0.5,2.1,0.5,0.7,november,2023-24,10.5,18.8,46.6,6.2,33.9,2.4,4.27,14.0,0.2,0.0,0.5,,,,,,,,,,,63.0,,61.76470588235294,17.1,6-2,180,74
202397,Ish Smith,CHA,11,15.9,3.2,1.7,2.1,1.5,2.8,0.1,0.2,0.0,0.0,november,2023-24,11.6,20.5,56.5,5.5,28.2,2.1,4.44,9.9,0.1,0.0,0.5,,,,,,,,,,,57.1,,7.142857142857144,15.9,6-0,175,72
1629723,John Konchar,MEM,10,17.1,2.9,3.6,1.8,1.1,3.5,0.6,1.9,0.1,0.2,november,2023-24,9.4,15.3,40.4,6.8,30.1,1.1,2.27,15.5,0.4,0.0,1.4,,34.2,,,,42.5,,,,,64.5,,54.285714285714285,17.1,6-5,210,77
1629731,Dean Wade,CLE,10,18.5,2.6,4.2,0.7,0.8,2.4,0.8,2.4,0.2,0.4,november,2023-24,6.7,5.1,50.5,5.9,19.4,0.5,1.41,10.7,0.2,0.0,0.9,,28.1,,5.0,,46.7,,12.1,,,63.6,,100.0,18.5,6-9,228,81
203954,Joel Embiid,PHI,9,33.5,40.2,12.6,4.9,14.3,23.7,1.2,2.9,10.3,11.2,december,2023-24,41.2,27.5,70.3,27.3,75.1,3.5,2.77,50.7,4.3,4.8,6.1,12.3,7.0,,22.0,21.7,12.9,2.3,6.6,1.8,7.1,50.0,,12.236286919831224,33.5,7-0,280,84
1629029,Luka Dončić,DAL,13,39.5,37.5,8.9,11.1,12.7,26.0,4.4,11.5,7.8,9.7,december,2023-24,36.7,46.0,62.0,20.7,100.3,9.6,5.75,39.7,1.0,2.6,1.6,16.0,14.3,36.3,,7.6,8.7,2.3,1.3,7.4,1.7,61.3,,44.230769230769226,39.5,6-7,230,79
203507,Giannis Antetokounmpo,MIL,13,35.6,32.5,11.5,6.8,11.6,18.8,0.2,1.3,9.0,12.8,december,2023-24,31.7,29.1,66.3,20.3,77.7,4.4,3.43,39.0,4.7,1.8,7.0,10.9,26.0,7.7,6.4,20.2,6.1,,7.9,,8.9,43.4,,6.914893617021277,35.6,6-11,243,83
1628983,Shai Gilgeous-Alexander,OKC,13,35.2,31.9,5.4,6.6,11.3,20.5,0.8,3.2,8.5,9.5,december,2023-24,30.8,28.1,64.7,20.2,74.2,6.8,5.51,23.9,0.8,0.4,1.2,26.3,14.1,37.3,,4.7,6.2,2.1,3.3,1.6,,66.1,,15.609756097560975,35.2,6-6,195,78
1629027,Trae Young,ATL,13,37.4,30.4,3.2,12.2,10.1,21.2,4.4,10.4,5.8,6.9,december,2023-24,31.1,48.9,62.6,15.3,93.3,9.4,6.02,29.6,0.2,0.0,0.2,12.0,20.4,39.3,,,8.4,10.5,,,,63.4,,49.05660377358491,37.4,6-1,164,73
202695,Kawhi Leonard,LAC,9,35.3,29.3,6.0,4.1,10.9,17.8,2.7,5.3,4.9,5.1,december,2023-24,25.9,17.8,73.2,18.2,53.7,3.4,3.8,36.2,2.4,2.6,2.9,16.5,19.6,25.9,,6.0,12.2,3.4,3.0,7.2,2.8,54.3,,29.775280898876407,35.3,6-7,225,79
1628368,De'Aaron Fox,SAC,13,34.5,29.3,4.4,6.4,10.2,21.4,4.0,9.2,4.8,6.8,december,2023-24,32.9,27.6,60.1,14.1,80.5,6.0,4.5,30.2,0.4,0.0,0.7,10.1,22.8,29.1,,,18.1,6.4,2.0,3.7,1.7,65.7,,42.99065420560748,34.5,6-3,185,75
1628378,Donovan Mitchell,CLE,9,37.8,28.6,5.8,6.2,10.2,21.7,3.2,9.3,4.9,5.7,december,2023-24,30.2,26.7,59.1,14.8,83.4,6.6,4.76,37.0,0.6,0.0,1.2,11.4,22.8,34.1,1.5,,11.4,6.9,1.9,3.8,1.6,66.7,,42.85714285714286,37.8,6-3,215,75
203076,Anthony Davis,LAL,13,36.5,28.5,12.3,3.3,10.8,19.8,0.7,1.6,6.2,8.1,december,2023-24,28.3,14.4,61.2,17.1,80.2,3.1,2.3,45.8,5.7,4.4,8.5,11.5,10.3,5.8,19.3,12.5,9.8,,8.8,,14.5,47.9,,8.080808080808081,36.5,6-10,253,82
1629014,Anfernee Simons,POR,10,34.9,28.0,3.2,5.4,9.8,21.4,4.0,9.9,4.4,4.8,december,2023-24,29.9,26.3,59.5,13.5,81.8,6.9,5.07,33.0,0.5,0.0,0.6,18.2,14.5,28.8,,,19.8,7.2,,4.9,,76.5,,46.26168224299066,34.9,6-3,193,75
201142,Kevin Durant,PHX,12,37.5,27.9,5.4,6.8,9.8,18.3,2.0,4.4,6.3,7.4,december,2023-24,27.0,27.6,64.6,15.8,72.9,4.1,3.41,43.3,1.8,3.2,0.7,20.8,13.5,18.4,1.7,7.3,15.2,7.5,2.3,7.5,1.1,62.0,,24.043715846994537,37.5,6-11,240,83
203944,Julius Randle,NYK,14,36.5,27.6,8.9,4.2,10.3,18.9,1.1,3.8,5.9,6.9,december,2023-24,28.4,16.8,62.9,13.4,66.6,3.6,3.28,44.1,1.9,2.6,3.9,15.8,16.5,9.4,7.3,10.1,21.1,2.4,5.0,3.2,5.4,67.6,,20.105820105820108,36.5,6-8,250,80
1626164,Devin Booker,PHX,13,37.7,26.9,5.1,7.6,9.2,19.4,2.0,5.5,6.6,7.7,december,2023-24,28.2,31.6,59.1,13.7,81.3,6.8,5.0,37.8,0.6,0.4,1.3,14.0,15.7,33.1,1.8,3.8,9.5,7.5,1.6,7.5,1.7,62.1,,28.35051546391753,37.7,6-6,206,78
1628973,Jalen Brunson,NYK,14,36.1,26.9,4.4,6.8,9.4,19.8,2.1,5.5,5.9,7.3,december,2023-24,29.0,27.9,58.4,12.7,82.0,7.6,5.58,25.1,0.6,0.2,0.4,14.4,14.3,36.0,,3.3,16.4,5.6,1.9,2.5,,65.7,,27.77777777777778,36.1,6-2,190,74
1630217,Desmond Bane,MEM,14,34.8,26.4,4.6,5.1,9.8,19.3,3.7,8.7,3.1,3.6,december,2023-24,28.1,26.1,63.1,14.1,78.5,5.2,3.99,36.3,0.4,0.0,0.6,7.0,19.3,25.5,,,17.4,7.4,4.1,9.1,3.8,60.9,,45.07772020725388,34.8,6-5,215,77
2544,LeBron James,LAL,12,35.4,26.3,6.8,9.1,9.7,19.3,2.2,5.0,4.8,5.9,december,2023-24,29.0,41.6,60.3,18.2,82.7,5.6,4.07,37.5,1.4,3.4,2.4,12.8,24.5,12.5,3.1,12.1,12.6,,5.7,7.5,1.9,42.3,,25.906735751295333,35.4,6-9,250,81
203081,Damian Lillard,MIL,13,35.5,26.3,4.3,6.8,8.0,17.2,3.8,8.9,6.5,7.0,december,2023-24,26.4,24.7,65.0,13.2,74.8,6.7,5.34,28.2,0.2,0.0,0.3,,,,,,,,,,,61.5,,51.74418604651163,35.5,6-2,195,74
1629639,Tyler Herro,MIA,6,35.1,26.0,6.2,4.0,9.7,20.2,3.5,8.2,3.2,3.7,december,2023-24,29.8,19.7,59.7,13.8,72.5,4.7,3.86,36.8,0.8,0.0,1.2,13.3,27.7,13.9,,,32.4,,,5.8,,50.0,,40.59405940594059,35.1,6-5,195,77
1628369,Jayson Tatum,BOS,12,36.4,25.8,7.8,4.8,8.6,19.4,2.8,8.5,5.8,7.3,december,2023-24,28.5,18.8,57.0,13.7,77.0,4.7,3.67,38.5,1.3,1.3,1.7,,,,,,,,,,,63.3,,43.81443298969073,36.4,6-8,210,80
1630162,Anthony Edwards,MIN,11,33.9,25.7,4.6,5.5,8.5,19.4,2.5,6.8,6.1,7.5,december,2023-24,32.6,25.2,56.7,13.7,67.0,4.7,4.22,34.4,0.6,0.7,1.0,23.4,15.7,23.5,,4.9,12.9,7.3,2.0,4.8,1.2,68.4,,35.05154639175258,33.9,6-4,225,76
1630595,Cade Cunningham,DET,13,35.5,25.2,4.8,7.5,9.3,18.6,1.8,5.0,4.8,5.6,december,2023-24,28.4,32.9,59.8,14.5,80.8,7.2,5.32,27.5,0.6,1.1,0.6,11.5,17.5,38.7,,3.5,8.5,8.4,1.6,4.4,1.3,75.6,,26.881720430107524,35.5,6-6,220,78
1629630,Ja Morant,MEM,6,35.5,25.2,5.0,7.8,9.3,20.0,0.8,4.8,5.7,6.8,december,2023-24,30.5,37.9,54.7,15.0,79.5,7.7,5.83,28.7,0.3,0.0,1.8,14.1,19.6,40.4,,,11.0,5.0,2.4,,,67.5,,24.0,35.5,6-2,174,74
1631094,Paolo Banchero,ORL,14,35.5,25.0,7.9,4.8,9.0,20.0,1.2,4.3,5.8,7.8,december,2023-24,31.0,23.3,53.4,14.2,83.7,5.7,4.1,39.1,1.9,1.6,2.2,14.7,19.8,19.4,5.2,9.3,15.4,2.6,4.7,3.6,2.6,48.4,,21.5,35.5,6-10,250,82
1627783,Pascal Siakam,IND,13,35.9,24.8,5.8,5.2,9.2,16.5,1.1,2.9,5.3,7.0,december,2023-24,25.3,21.5,63.6,13.2,64.1,2.8,2.61,40.5,1.7,1.8,4.5,13.3,20.6,13.9,6.5,11.3,16.2,3.0,3.2,4.0,5.0,66.2,,17.575757575757574,35.9,6-8,245,80
1630178,Tyrese Maxey,PHI,13,35.9,24.8,2.6,6.2,8.5,19.1,3.0,8.2,4.8,5.7,december,2023-24,26.9,24.6,57.6,12.1,83.8,7.0,4.98,33.3,0.4,0.0,0.3,14.5,21.9,26.2,1.3,1.4,14.3,6.7,3.0,5.4,,68.4,,42.931937172774866,35.9,6-2,200,74
1629636,Darius Garland,CLE,6,35.6,24.5,2.8,5.8,9.2,19.5,2.3,6.5,3.8,4.5,december,2023-24,28.4,28.0,57.0,14.6,80.3,7.3,5.47,33.3,0.0,0.0,0.8,6.7,16.2,41.8,,,17.1,5.4,3.1,2.9,,47.8,,33.33333333333333,35.6,6-1,192,73
201939,Stephen Curry,GSW,13,33.8,24.5,3.6,4.8,8.0,19.2,4.2,11.2,4.2,4.5,december,2023-24,28.0,22.1,57.8,11.7,69.1,5.4,4.7,26.5,0.5,0.1,0.6,10.1,13.8,21.1,,,11.6,12.0,7.0,18.0,1.3,76.2,,58.333333333333336,33.8,6-2,185,74
1627759,Jaylen Brown,BOS,13,32.9,24.4,5.2,3.8,9.7,18.0,1.9,5.0,3.1,4.0,december,2023-24,28.1,17.2,61.7,12.7,53.5,3.5,3.97,27.1,1.0,1.5,2.3,20.6,20.4,22.2,1.8,4.7,13.0,4.1,1.1,7.4,1.8,42.6,,27.77777777777778,32.9,6-6,223,78
1626179,Terry Rozier,MIA,12,35.7,24.3,4.2,7.7,8.8,19.2,3.1,8.3,3.8,4.3,december,2023-24,27.8,35.5,57.8,13.8,91.2,8.1,5.36,34.3,0.5,0.0,0.7,,,,,,,,,,,78.4,,43.22916666666667,35.7,6-1,190,73
1630567,Scottie Barnes,TOR,13,35.8,23.8,9.9,6.1,9.1,17.4,2.7,6.7,3.0,3.9,december,2023-24,25.4,24.6,62.4,15.1,76.8,3.5,2.7,40.3,2.5,1.2,4.6,7.9,21.7,13.1,5.7,10.7,19.7,2.2,9.3,1.5,5.0,59.5,,38.50574712643679,35.8,6-7,237,79
201942,DeMar DeRozan,CHI,14,38.6,23.7,4.6,6.5,8.1,17.5,0.9,2.9,6.6,7.6,december,2023-24,24.6,25.3,56.8,13.4,67.6,5.4,4.81,37.3,0.9,1.7,0.9,19.9,10.0,17.6,1.7,12.0,19.1,6.1,3.9,4.6,1.7,59.1,,16.57142857142857,38.6,6-6,220,78
1628374,Lauri Markkanen,UTA,8,31.0,23.0,8.6,2.6,7.9,16.0,2.9,8.3,4.4,4.9,december,2023-24,24.6,12.9,63.4,15.1,53.4,1.6,1.78,33.1,1.8,0.6,3.8,4.0,15.6,3.0,8.3,5.7,12.8,7.5,10.6,20.7,7.0,54.2,,51.87500000000001,31.0,7-0,240,84
1628991,Jaren Jackson Jr.,MEM,15,31.5,22.8,4.9,1.4,7.9,15.5,1.8,4.8,5.1,6.1,december,2023-24,27.1,8.0,62.6,12.2,46.1,2.1,2.67,27.2,1.1,2.3,1.3,11.1,15.3,2.1,9.7,19.8,26.4,1.5,3.4,,3.9,52.8,,30.967741935483872,31.5,6-10,242,82
203999,Nikola Jokić,DEN,15,33.4,22.7,11.3,9.1,8.5,15.9,0.9,2.3,4.9,5.8,december,2023-24,26.5,37.9,61.3,19.2,99.1,4.2,2.55,55.1,11.8,5.6,7.8,5.3,10.1,9.7,13.0,22.8,9.0,,7.3,5.3,9.3,58.9,,14.465408805031446,33.4,6-11,284,83
1629632,Coby White,CHI,14,38.1,22.6,6.4,5.7,8.1,17.4,3.2,8.0,3.1,3.9,december,2023-24,23.9,22.2,59.4,12.6,84.9,5.7,4.06,33.1,0.1,0.0,0.4,7.7,29.3,29.6,,,20.9,3.1,,2.6,,75.6,,45.97701149425288,38.1,6-5,195,77
1628398,Kyle Kuzma,WAS,14,31.7,22.6,6.4,3.6,8.7,18.9,2.7,7.6,2.5,3.6,december,2023-24,30.8,16.9,55.2,9.8,57.1,3.2,3.35,35.1,1.1,0.5,2.3,5.1,27.3,5.3,8.7,2.8,27.5,4.1,8.5,,4.9,69.9,,40.211640211640216,31.7,6-9,221,81
1627742,Brandon Ingram,NOP,14,34.1,22.6,4.4,5.9,7.9,15.8,1.4,3.5,5.4,6.4,december,2023-24,26.7,25.1,60.6,13.0,67.4,4.5,4.05,40.8,2.5,1.1,1.2,13.8,16.6,16.2,,7.7,18.3,5.8,4.3,12.1,2.4,66.0,,22.151898734177212,34.1,6-8,190,80
1630532,Franz Wagner,ORL,14,36.0,22.5,6.4,5.1,8.0,17.4,1.1,4.4,5.4,6.3,december,2023-24,25.6,22.0,55.9,13.9,68.7,4.4,3.88,35.3,1.1,0.4,2.1,7.6,20.4,22.9,2.9,6.9,16.6,3.2,6.7,3.6,4.4,53.0,,25.287356321839084,36.0,6-10,220,82
204001,Kristaps Porziņģis,BOS,8,31.3,22.0,8.3,1.4,7.3,14.6,2.0,6.3,5.5,6.3,december,2023-24,26.3,5.9,63.3,13.9,54.1,1.6,1.75,34.1,3.4,4.4,4.6,,14.6,,11.3,24.3,17.4,,7.7,10.5,6.1,47.8,,43.15068493150685,31.3,7-2,240,86
202331,Paul George,LAC,11,33.2,22.0,5.1,3.8,8.0,17.3,3.5,7.8,2.5,2.7,december,2023-24,26.2,16.3,59.5,11.5,51.0,2.9,3.4,30.1,1.1,0.7,2.2,18.4,12.4,14.2,,5.5,22.9,3.2,,12.4,,57.1,,45.08670520231214,33.2,6-8,220,80
203924,Jerami Grant,POR,9,34.8,21.6,4.2,3.2,7.3,15.2,2.0,5.1,4.9,6.1,december,2023-24,23.4,15.1,60.2,9.8,53.7,2.4,2.72,34.7,1.0,2.9,0.7,10.7,16.2,13.9,2.2,2.0,35.4,4.8,4.6,4.2,2.4,70.2,,33.55263157894737,34.8,6-7,210,79
1628389,Bam Adebayo,MIA,6,35.4,21.5,11.0,4.3,7.5,15.3,0.0,0.2,6.5,9.0,december,2023-24,27.2,21.3,55.7,15.7,69.7,3.5,3.01,42.0,5.8,2.2,8.3,8.0,20.2,,9.1,11.3,30.1,,7.1,2.4,6.5,62.5,,1.3071895424836601,35.4,6-9,255,81
1627750,Jamal Murray,DEN,12,29.8,21.5,4.5,5.4,8.3,16.4,2.7,5.8,2.3,2.6,december,2023-24,27.2,26.7,61.2,15.3,69.0,5.5,4.77,32.0,0.9,0.7,1.2,14.6,13.0,35.4,,2.9,8.6,11.5,3.8,4.0,,70.4,,35.36585365853659,29.8,6-4,215,76
1627749,Dejounte Murray,ATL,14,34.8,21.4,5.1,5.1,8.4,17.6,2.6,6.8,1.9,2.6,december,2023-24,23.4,21.8,57.1,11.7,78.3,5.5,4.21,34.2,0.1,0.0,1.1,,,,,,,,,,,61.0,,38.63636363636363,34.8,6-5,180,77
1630169,Tyrese Haliburton,IND,12,34.5,21.4,4.5,14.0,8.1,17.0,3.2,8.6,2.1,2.7,december,2023-24,24.7,53.8,58.9,15.9,99.8,7.4,4.45,32.2,0.4,0.0,0.5,,,,,,,,,,,67.2,,50.588235294117645,34.5,6-5,185,77
1630578,Alperen Sengun,HOU,14,31.4,21.2,9.6,4.6,8.0,15.6,0.6,1.9,4.6,6.0,december,2023-24,27.2,24.8,58.2,16.0,58.1,2.2,2.26,42.9,6.7,4.4,6.4,14.9,13.5,5.2,9.2,21.7,11.8,,9.1,,7.4,55.1,,12.179487179487179,31.4,6-11,243,83
1629012,Collin Sexton,UTA,14,28.4,21.1,3.1,4.3,7.1,14.2,1.5,4.3,5.4,6.1,december,2023-24,26.6,24.2,62.6,13.5,55.5,3.8,4.09,28.4,1.4,0.0,1.5,5.2,21.4,36.3,2.5,,20.6,4.3,2.5,,,55.0,,30.28169014084507,28.4,6-3,190,75
1629627,Zion Williamson,NOP,12,29.6,20.4,6.4,4.3,7.9,13.0,0.1,0.4,4.5,6.8,december,2023-24,25.7,22.8,63.9,14.3,56.4,3.5,3.69,30.0,3.6,1.7,3.0,23.8,15.0,15.3,4.8,10.2,5.5,2.6,10.5,,8.6,60.9,,3.076923076923077,29.6,6-6,284,78
1628401,Derrick White,BOS,14,33.0,20.3,4.1,5.4,7.0,13.8,3.4,7.7,2.9,3.1,december,2023-24,21.0,22.1,67.0,13.9,61.4,4.5,4.42,22.6,0.4,0.0,1.4,4.7,10.8,35.1,1.6,,25.9,9.5,1.3,5.1,1.7,52.0,,55.79710144927537,33.0,6-4,190,76
1627734,Domantas Sabonis,SAC,14,34.4,20.3,13.1,8.2,8.3,13.9,0.3,1.1,3.4,5.1,december,2023-24,22.8,34.8,63.0,17.6,90.3,3.7,2.48,53.4,8.5,3.1,9.7,,9.0,,28.5,13.1,9.0,,14.9,,10.9,59.6,,7.913669064748202,34.4,6-10,240,82
1628969,Mikal Bridges,BKN,15,33.0,20.3,4.1,3.6,6.8,15.5,1.9,5.2,4.7,5.9,december,2023-24,25.2,16.1,55.9,10.3,54.1,2.9,3.26,34.2,0.9,0.5,1.3,2.3,25.3,9.1,3.4,2.3,36.2,6.3,5.0,4.8,2.7,57.1,,33.5483870967742,33.0,6-6,209,78
203992,Bogdan Bogdanović,ATL,12,31.4,20.1,3.6,3.1,7.3,17.4,3.7,10.2,1.9,2.2,december,2023-24,23.8,14.1,54.7,9.5,52.8,1.7,1.88,32.3,0.5,0.2,0.8,,12.2,34.4,,,24.4,,,,,71.6,,58.62068965517242,31.4,6-5,225,77
1626157,Karl-Anthony Towns,MIN,12,31.7,20.1,9.6,2.8,7.2,13.9,1.6,4.0,4.2,4.8,december,2023-24,25.6,13.8,62.6,13.3,52.8,1.8,2.09,35.2,1.8,2.3,3.3,10.0,15.2,1.6,13.8,11.1,19.9,1.9,5.9,2.3,12.6,74.0,,28.776978417266186,31.7,7-0,248,84
201935,James Harden,LAC,13,34.7,20.0,5.2,9.6,5.8,12.4,3.0,6.9,5.5,6.2,december,2023-24,22.2,35.6,66.1,14.9,76.2,7.4,5.79,25.3,0.5,0.0,0.3,42.5,13.1,25.0,,1.3,7.5,4.6,,,,58.6,,55.645161290322584,34.7,6-5,220,77
1630560,Cam Thomas,BKN,15,28.8,19.7,2.1,2.4,7.3,17.3,2.1,5.3,3.0,3.9,december,2023-24,30.0,13.5,51.8,7.2,48.6,3.3,4.06,28.9,0.6,0.0,0.7,16.4,12.0,28.1,,,12.0,17.8,,,,65.6,,30.635838150289015,28.8,6-3,210,75
202710,Jimmy Butler III,MIA,9,33.5,19.7,4.4,5.3,6.3,13.6,0.3,1.2,6.7,7.6,december,2023-24,24.3,24.9,58.3,12.6,56.4,4.3,4.59,34.0,1.1,2.6,7.3,17.7,17.2,13.1,2.7,6.1,14.0,1.7,12.1,2.4,7.9,68.2,,8.823529411764707,33.5,6-7,230,79
202711,Bojan Bogdanovic,NYK,13,34.2,19.6,3.8,2.8,6.9,15.1,2.7,7.3,3.1,4.2,december,2023-24,23.3,11.7,58.0,8.2,43.4,2.0,2.81,31.7,0.8,0.8,1.0,,,,,,,,,,,71.7,,48.34437086092716,34.2,6-7,226,79
203501,Tim Hardaway Jr.,DAL,13,31.3,19.4,4.2,1.9,6.6,16.5,3.2,9.6,3.0,3.5,december,2023-24,25.0,8.9,53.8,9.4,50.0,2.1,2.48,27.3,0.2,0.0,0.7,2.2,21.3,5.7,3.2,,32.4,12.1,2.8,15.8,,65.5,,58.18181818181818,31.3,6-5,205,77
1626167,Myles Turner,IND,13,28.6,19.2,7.2,0.8,6.8,12.3,1.6,3.9,4.1,4.8,december,2023-24,23.1,3.9,66.7,12.7,36.1,0.9,1.53,27.8,3.5,1.3,7.0,,7.7,,17.7,7.3,42.3,,7.1,,6.0,55.1,,31.707317073170728,28.6,6-11,250,83
203468,CJ McCollum,NOP,13,33.6,19.0,3.6,4.8,7.0,14.8,3.5,7.6,1.5,1.9,december,2023-24,21.7,19.9,60.5,11.2,67.3,4.6,4.14,27.7,0.3,0.0,0.6,8.8,18.2,31.4,,,17.8,9.7,,6.3,,64.6,,51.35135135135135,33.6,6-3,190,75
1627832,Fred VanVleet,HOU,14,38.1,18.9,3.9,7.9,5.9,14.4,2.9,7.1,4.1,4.7,december,2023-24,20.1,30.2,57.1,12.3,81.6,7.0,5.14,32.2,0.2,0.0,0.3,,,,,,,,,,,59.4,,49.30555555555555,38.1,6-0,197,72
1628970,Miles Bridges,CHA,12,36.3,18.8,6.8,3.1,7.3,18.2,1.9,7.4,2.3,2.4,december,2023-24,24.9,13.4,49.0,8.9,63.6,2.5,2.37,35.1,0.8,0.8,2.6,9.0,16.5,14.9,7.4,4.9,29.8,7.2,3.2,,2.1,62.7,,40.659340659340664,36.3,6-7,225,79
1631114,Jalen Williams,OKC,13,30.5,18.8,3.7,4.2,7.3,13.8,1.7,3.4,2.5,3.0,december,2023-24,22.9,18.6,61.9,12.3,54.1,3.6,3.98,25.1,0.6,0.0,1.5,14.8,21.0,36.0,,,16.9,3.0,4.3,,,54.4,,24.63768115942029,30.5,6-5,211,77
1629640,Keldon Johnson,SAS,13,32.2,18.5,6.0,3.6,6.5,14.3,1.8,5.6,3.6,4.5,december,2023-24,23.6,16.9,56.9,9.9,58.8,2.4,2.48,29.7,0.7,0.2,2.1,3.9,20.0,2.8,,4.4,32.0,7.4,9.2,,10.9,67.8,,39.16083916083915,32.2,6-5,220,77
202691,Klay Thompson,GSW,13,30.9,18.2,3.7,1.9,6.2,14.5,3.8,9.5,1.9,2.1,december,2023-24,22.8,9.0,58.7,9.3,39.1,1.3,2.02,28.4,0.7,0.2,0.8,,19.2,7.1,,,25.9,12.2,2.8,26.3,,63.5,,65.51724137931035,30.9,6-6,220,78
1641705,Victor Wembanyama,SAS,10,28.6,18.1,11.4,3.7,6.7,14.8,1.4,4.2,3.3,4.5,december,2023-24,28.7,21.0,53.9,16.4,50.7,1.9,2.28,32.9,4.0,2.8,8.1,14.5,16.8,6.7,8.2,11.7,13.5,2.6,8.6,7.5,6.1,52.5,,28.37837837837838,28.6,7-4,210,88
1630170,Devin Vassell,SAS,14,32.1,18.1,3.4,3.2,6.7,15.5,2.4,7.6,2.2,2.6,december,2023-24,22.6,15.7,54.3,10.1,57.7,2.7,2.76,37.9,0.7,0.1,0.6,2.7,22.2,11.5,,,35.3,10.7,,11.8,,60.4,,49.03225806451613,32.1,6-5,200,77
202696,Nikola Vučević,CHI,11,33.4,17.7,10.8,3.8,7.3,16.6,1.5,4.7,1.7,1.8,december,2023-24,24.6,17.8,50.8,13.1,70.5,1.7,1.48,53.7,7.3,3.0,9.2,,12.5,,28.8,16.1,15.2,,10.0,3.6,7.6,62.0,,28.31325301204819,33.4,6-10,260,82
1629628,RJ Barrett,TOR,13,29.5,17.6,4.9,2.4,6.3,15.2,1.2,4.9,3.8,4.6,december,2023-24,26.3,11.8,51.3,8.7,42.5,1.8,2.53,30.2,1.1,0.4,1.8,2.7,28.5,18.0,,2.4,23.8,6.6,7.3,3.4,3.4,60.3,,32.236842105263165,29.5,6-6,214,78
1631096,Chet Holmgren,OKC,13,29.7,17.4,7.7,2.4,6.7,12.2,1.5,4.0,2.5,3.2,december,2023-24,21.1,10.4,64.2,13.3,56.4,1.9,2.0,28.9,2.8,0.6,4.1,7.8,16.0,2.8,14.1,6.5,19.7,,13.4,4.3,9.6,54.2,,32.786885245901644,29.7,7-1,208,85
203114,Khris Middleton,MIL,12,30.0,17.3,5.1,5.7,6.8,13.4,2.1,4.9,1.6,1.7,december,2023-24,22.7,25.5,61.2,12.2,55.5,3.2,3.5,27.5,0.9,1.2,0.8,6.1,15.3,22.7,,13.6,16.6,5.8,,6.4,5.8,54.4,,36.56716417910448,30.0,6-7,222,79
1630559,Austin Reaves,LAL,14,28.7,17.3,4.1,5.0,6.0,12.1,2.2,5.6,3.1,3.4,december,2023-24,22.1,25.5,63.8,12.7,63.3,4.5,4.23,26.5,0.6,0.0,0.8,13.5,15.8,35.6,,,14.0,5.6,,5.6,,66.7,,46.280991735537185,28.7,6-5,197,77
1631099,Keegan Murray,SAC,14,31.9,17.2,4.6,1.3,6.4,12.9,2.9,6.5,1.6,1.9,december,2023-24,19.5,5.7,62.5,8.8,42.0,1.4,1.99,30.9,1.0,0.1,1.7,4.2,18.5,10.8,5.4,,30.8,,4.2,14.2,4.2,56.3,,50.3875968992248,31.9,6-8,225,80
1629673,Jordan Poole,WAS,14,29.4,17.1,2.1,4.0,6.1,14.1,2.1,6.5,2.6,2.9,december,2023-24,24.7,18.7,55.6,7.1,49.9,3.5,4.24,23.9,0.5,0.0,0.1,7.9,19.9,30.6,,,14.3,12.9,,5.4,,77.6,,46.09929078014184,29.4,6-4,194,76
1629631,De'Andre Hunter,ATL,6,31.2,16.3,3.5,1.3,5.8,12.5,2.2,4.0,2.5,2.5,december,2023-24,19.4,5.7,60.0,7.5,50.2,1.5,1.77,26.3,0.8,0.2,1.2,7.5,18.2,13.3,2.6,,29.0,9.5,6.2,6.0,2.6,51.9,,32.0,31.2,6-8,221,80
1627747,Caris LeVert,CLE,8,26.9,16.3,2.9,4.5,5.8,14.0,2.1,6.0,2.6,3.5,december,2023-24,27.2,25.5,52.3,10.9,57.0,3.9,4.12,33.3,0.4,0.0,1.1,6.2,19.0,24.0,,,26.9,4.5,6.6,5.0,,66.7,,42.857142857142854,26.9,6-6,205,78
1631170,Jaime Jaquez Jr.,MIA,13,33.6,16.1,3.8,2.7,5.8,12.2,0.9,2.8,3.5,4.1,december,2023-24,20.1,12.2,57.6,7.8,50.7,2.9,3.44,26.0,0.8,1.2,3.0,14.8,29.4,5.3,,5.7,26.6,,5.8,,4.0,64.0,,22.950819672131146,33.6,6-6,225,78
202699,Tobias Harris,PHI,14,32.9,15.9,6.1,3.6,6.1,12.7,1.4,3.4,2.2,2.5,december,2023-24,19.4,14.5,57.7,11.0,48.5,2.5,3.08,27.3,0.7,2.1,2.1,4.2,17.9,6.8,,14.6,31.8,,6.3,3.0,6.3,65.2,,26.77165354330709,32.9,6-8,226,80
1631105,Jalen Duren,DET,5,33.4,15.8,13.6,1.8,6.6,9.6,0.0,0.0,2.6,3.8,december,2023-24,15.4,7.4,70.1,14.4,60.4,1.7,1.67,28.0,5.0,0.2,10.4,8.9,12.2,3.2,14.9,8.7,6.8,,20.0,,16.4,64.3,,0.0,33.4,6-10,250,82
202685,Jonas Valančiūnas,NOP,14,29.8,15.8,10.9,2.2,6.2,10.6,0.6,1.9,2.7,3.4,december,2023-24,19.9,10.7,65.3,13.7,61.2,1.7,1.65,33.4,2.2,3.8,7.6,,,,22.1,29.7,4.2,,13.7,,16.0,67.9,,17.92452830188679,29.8,6-11,265,83
202330,Gordon Hayward,OKC,9,31.2,15.7,3.6,4.6,6.1,10.9,0.9,2.2,2.6,3.1,december,2023-24,20.5,21.9,63.9,11.1,49.1,2.7,3.28,35.6,0.4,0.4,1.4,,,,,,,,,,,70.4,,20.18348623853211,31.2,6-7,225,79
1631101,Shaedon Sharpe,POR,8,31.5,15.6,4.8,3.1,5.1,12.5,2.5,6.1,2.9,3.6,december,2023-24,19.8,14.7,55.4,8.6,46.1,2.4,3.14,26.4,0.8,0.0,1.0,12.3,19.5,31.7,,,16.7,5.1,4.8,2.1,2.8,73.0,,48.8,31.5,6-5,205,77
1641706,Brandon Miller,CHA,12,32.0,15.5,3.5,2.7,5.8,13.9,2.6,6.1,1.4,1.7,december,2023-24,23.2,12.2,52.9,6.4,56.0,2.8,2.97,32.6,0.3,0.0,0.9,10.8,16.1,20.6,9.6,2.7,20.2,9.0,,3.4,,60.5,,43.88489208633093,32.0,6-7,200,79
1628370,Malik Monk,SAC,13,25.7,15.5,2.2,6.1,5.6,11.5,2.8,6.5,1.5,1.6,december,2023-24,22.9,32.9,63.5,12.1,53.4,2.8,3.11,31.5,0.2,0.0,1.0,8.4,22.0,24.1,3.5,,25.5,6.7,,4.6,,57.5,,56.52173913043478,25.7,6-3,200,75
1628384,OG Anunoby,NYK,12,34.8,15.3,3.8,3.4,6.1,12.0,1.8,5.8,1.3,1.4,december,2023-24,17.1,12.8,60.7,8.0,43.7,1.3,1.83,32.2,0.6,0.2,2.3,5.9,22.4,5.9,3.0,2.8,38.2,4.8,5.3,3.4,4.4,67.2,,48.333333333333336,34.8,6-7,240,79
203957,Danté Exum,DAL,13,31.1,15.3,3.8,4.5,5.9,9.8,1.8,3.5,1.6,1.9,december,2023-24,16.9,18.6,72.1,11.4,53.2,3.6,4.02,19.8,0.3,0.2,1.2,,,,,,,,,,,71.9,,35.71428571428571,31.1,6-5,214,77
1628386,Jarrett Allen,CLE,13,30.8,15.2,10.8,3.3,6.7,9.8,0.0,0.1,1.8,2.9,december,2023-24,17.9,15.5,68.9,15.0,52.5,1.4,1.62,35.9,6.3,0.5,10.2,,13.6,,20.9,7.8,4.1,,33.1,,9.2,60.2,,1.0204081632653061,30.8,6-9,243,81
203994,Jusuf Nurkić,PHX,12,28.9,15.2,12.3,3.0,6.0,12.3,0.6,2.3,2.6,3.9,december,2023-24,24.2,14.5,54.3,12.9,59.8,1.7,1.75,32.6,4.2,3.7,8.7,,6.9,,22.4,10.4,11.8,,17.3,,13.6,56.7,,18.699186991869915,28.9,7-0,290,84
1626171,Bobby Portis,MIL,13,24.9,15.2,7.5,1.1,6.2,10.8,1.5,3.5,1.3,1.5,december,2023-24,20.1,5.7,66.4,12.5,39.2,1.0,1.56,17.7,0.4,2.5,4.4,3.2,11.0,,15.8,19.8,31.1,,6.6,,5.8,64.9,,32.407407407407405,24.9,6-10,250,82
1626145,Tyus Jones,WAS,14,29.4,15.0,3.3,6.4,6.1,10.4,2.1,4.1,0.6,0.6,december,2023-24,16.4,28.7,70.0,13.6,66.6,4.3,3.91,27.2,0.3,0.0,0.2,,17.2,23.8,,,41.7,,,,,60.0,,39.42307692307692,29.4,6-1,196,73
1630703,Scoot Henderson,POR,13,28.3,14.9,3.1,5.0,5.4,13.8,1.4,3.9,2.8,3.2,december,2023-24,25.8,26.7,49.1,6.4,65.8,5.1,4.62,25.2,0.6,0.0,1.0,,,,,,,,,,,81.8,,28.26086956521739,28.3,6-3,202,75
1627763,Malcolm Brogdon,POR,11,28.7,14.9,2.8,5.0,5.5,11.2,2.8,5.8,1.2,1.7,december,2023-24,18.3,25.9,62.4,11.7,48.6,3.1,3.85,22.7,0.4,0.1,0.3,,,,,,,,,,,72.4,,51.78571428571429,28.7,6-4,229,76
1629659,Talen Horton-Tucker,UTA,10,22.2,14.9,1.9,4.1,5.5,11.4,1.6,3.7,2.3,3.0,december,2023-24,26.1,27.7,58.6,12.6,56.5,4.8,5.11,20.9,0.1,0.2,0.1,,,,,,,,,,,57.1,,32.45614035087719,22.2,6-4,234,76
1630224,Jalen Green,HOU,14,28.3,14.9,4.4,2.9,5.0,13.4,1.9,6.0,2.9,3.6,december,2023-24,25.7,15.6,49.5,8.8,53.7,3.8,4.25,22.6,0.4,0.0,0.9,,,,,,,,,,,76.7,,44.776119402985074,28.3,6-4,186,76
1628960,Grayson Allen,PHX,11,34.7,14.8,4.3,2.6,5.0,9.5,2.5,5.6,2.4,2.5,december,2023-24,14.0,10.0,69.7,9.5,53.2,2.3,2.64,23.0,0.5,0.0,1.2,2.8,17.5,24.2,4.0,,33.8,5.4,,7.0,,68.8,,58.94736842105262,34.7,6-4,198,76
1630530,Trey Murphy III,NOP,12,27.0,14.8,4.0,1.7,4.8,10.3,2.8,6.5,2.3,2.8,december,2023-24,18.5,8.8,64.4,12.1,37.3,1.3,2.13,24.3,0.4,0.0,0.8,6.6,20.1,16.5,2.1,,23.4,9.4,8.3,7.1,3.2,65.1,,63.106796116504846,27.0,6-8,206,80
1629661,Cameron Johnson,BKN,14,28.8,14.7,4.2,2.0,5.5,10.9,2.6,5.8,1.1,1.6,december,2023-24,17.4,10.4,63.3,10.0,38.1,1.6,2.59,23.4,0.3,0.1,1.1,,25.0,8.2,,,26.5,15.3,6.7,4.9,,47.7,,53.21100917431192,28.8,6-8,210,80
1629130,Duncan Robinson,MIA,13,29.0,14.7,3.2,3.8,5.1,10.5,3.1,6.8,1.5,1.7,december,2023-24,18.8,19.4,65.1,10.1,43.5,1.6,2.24,31.5,0.5,0.1,1.0,,18.5,7.9,4.3,,31.2,11.7,,18.8,,73.0,,64.76190476190476,29.0,6-7,215,79
1631097,Bennedict Mathurin,IND,14,25.5,14.6,3.6,2.1,4.9,10.8,1.6,3.9,3.1,3.4,december,2023-24,23.1,11.0,59.7,8.9,39.1,1.4,2.2,25.9,1.1,0.2,1.9,9.0,22.3,27.0,,,17.2,5.2,7.6,5.7,,68.5,,36.11111111111111,25.5,6-5,210,77
1626181,Norman Powell,LAC,13,28.0,14.6,2.8,0.9,5.3,10.6,1.9,4.8,2.1,2.1,december,2023-24,18.6,4.4,63.4,8.8,28.0,1.3,2.8,16.6,0.4,0.0,0.8,10.9,24.6,11.3,,,32.5,3.8,1.5,10.9,,71.0,,45.28301886792453,28.0,6-4,215,76
203903,Jordan Clarkson,UTA,6,25.9,14.5,3.5,5.5,4.8,13.7,1.3,5.7,3.5,3.7,december,2023-24,27.7,30.6,47.4,9.1,49.0,3.0,3.65,33.3,1.0,0.0,1.2,5.2,25.6,12.3,,,36.0,7.8,4.2,,3.9,50.0,,41.6058394160584,25.9,6-3,194,75
1629008,Michael Porter Jr.,DEN,15,31.3,14.3,7.0,1.3,5.6,12.1,2.3,5.9,0.9,1.1,december,2023-24,18.6,5.2,57.2,9.7,40.2,1.3,1.98,25.1,1.3,0.0,1.9,6.9,13.2,5.7,2.7,2.5,21.5,16.9,8.5,13.1,4.9,52.7,,48.7603305785124,31.3,6-10,218,82
203915,Spencer Dinwiddie,LAL,14,32.7,14.3,4.2,6.6,4.9,12.9,1.7,6.2,2.7,3.8,december,2023-24,20.2,28.6,49.2,9.1,67.7,5.8,5.11,22.7,0.1,0.0,0.4,,,,,,,,,,,64.4,,48.06201550387597,32.7,6-5,215,77
1630228,Jonathan Kuminga,GSW,13,24.4,14.2,5.4,1.5,5.5,9.8,0.9,2.7,2.2,3.5,december,2023-24,21.6,9.2,62.6,10.8,42.2,1.7,2.47,21.5,1.5,0.9,3.4,12.6,17.4,21.1,,6.7,18.1,,9.6,,7.0,69.0,,27.55102040816326,24.4,6-7,225,79
203932,Aaron Gordon,DEN,12,29.5,14.2,6.4,2.9,5.6,9.5,0.4,1.3,2.6,3.7,december,2023-24,17.4,13.3,63.7,11.7,37.2,2.1,3.33,21.1,1.2,1.7,7.4,16.0,13.0,10.4,5.9,11.2,15.4,,13.0,,5.3,61.8,,13.684210526315791,29.5,6-8,235,80
1630172,Patrick Williams,CHI,14,33.0,14.1,4.4,1.9,5.4,10.4,1.9,3.7,1.4,2.0,december,2023-24,16.1,8.1,62.5,8.3,46.3,1.5,1.91,25.6,0.4,0.0,2.2,3.6,22.1,9.3,5.0,3.6,41.4,3.6,,,5.0,65.1,,35.57692307692308,33.0,6-7,215,79
201950,Jrue Holiday,BOS,13,34.8,14.1,5.6,4.2,5.3,10.7,2.2,4.5,1.3,1.5,december,2023-24,15.8,15.6,61.9,9.8,54.8,3.2,3.53,21.5,0.8,1.0,2.6,10.1,20.5,26.3,,3.6,20.5,,4.3,,,54.5,,42.056074766355145,34.8,6-4,205,76
1629622,Max Strus,CLE,13,34.1,14.1,4.5,3.9,4.8,13.8,2.8,9.7,1.5,2.0,december,2023-24,20.0,15.6,48.0,6.1,63.1,2.0,1.94,40.0,0.3,0.0,1.8,,,,,,,,,,,63.9,,70.28985507246375,34.1,6-5,215,77
1629675,Naz Reid,MIN,13,23.5,14.1,5.3,1.5,5.3,10.5,2.3,5.6,1.2,1.2,december,2023-24,23.2,10.2,64.0,12.1,39.3,1.1,1.71,22.5,0.8,1.5,1.8,3.8,17.2,4.8,9.1,8.1,30.7,4.7,3.6,8.4,4.3,60.0,,53.333333333333336,23.5,6-9,264,81
1630193,Immanuel Quickley,TOR,12,22.9,14.0,1.6,1.8,4.6,9.3,2.2,4.9,2.7,3.2,december,2023-24,21.4,10.5,65.3,11.1,37.3,2.9,4.64,17.1,0.2,0.0,0.3,6.1,28.1,20.9,,,25.4,6.4,1.9,4.1,1.4,60.0,,52.68817204301075,22.9,6-2,190,74
1630180,Saddiq Bey,ATL,14,36.7,14.0,7.8,1.4,4.9,12.2,2.1,6.7,2.1,2.7,december,2023-24,15.6,4.8,52.2,7.2,49.5,1.3,1.61,27.1,0.3,0.8,2.8,6.5,19.0,7.8,2.2,13.8,28.5,6.0,4.9,1.9,6.7,66.7,,54.91803278688525,36.7,6-7,215,79
1631095,Jabari Smith Jr.,HOU,13,30.8,13.8,9.5,1.8,4.7,9.8,1.4,3.8,3.1,3.5,december,2023-24,17.4,8.4,60.7,12.5,45.1,1.4,1.87,19.5,1.1,0.5,3.4,5.6,19.2,4.7,5.3,5.8,36.8,3.9,7.5,2.5,5.4,65.4,,38.77551020408163,30.8,6-11,220,83
1631093,Jaden Ivey,DET,13,28.9,13.8,4.4,3.2,4.5,11.2,0.9,3.6,3.8,5.2,december,2023-24,21.8,15.7,51.3,7.2,43.4,2.2,3.07,23.5,0.6,0.1,1.5,5.6,26.4,11.6,,,34.3,5.6,,,,52.5,,32.142857142857146,28.9,6-4,195,76
201144,Mike Conley,MIN,13,29.8,13.8,3.0,6.5,4.4,9.0,2.8,5.8,2.2,2.5,december,2023-24,16.5,30.7,68.7,13.1,72.4,5.4,4.5,31.2,0.1,0.0,0.2,,14.8,21.2,,,33.3,13.8,,5.8,,63.4,,64.44444444444444,29.8,6-0,175,72
203991,Clint Capela,ATL,13,29.3,13.8,12.2,1.7,5.6,9.5,0.0,0.0,2.5,3.2,december,2023-24,16.5,7.8,62.8,12.6,32.9,0.7,1.26,23.4,3.0,0.8,11.5,,,,22.1,,,,24.4,,36.6,60.0,,0.0,29.3,6-10,256,82
1628415,Dillon Brooks,HOU,12,31.5,13.8,3.6,1.6,5.3,11.3,2.1,5.5,1.0,1.2,december,2023-24,18.1,7.5,58.0,6.4,33.0,1.2,2.17,20.9,0.5,1.2,1.9,9.3,14.6,19.9,1.5,9.9,31.8,2.8,1.7,2.8,2.4,64.2,,48.67256637168141,31.5,6-6,225,78
1630174,Aaron Nesmith,IND,14,27.8,13.6,3.1,1.1,4.8,8.9,2.9,5.4,1.2,1.6,december,2023-24,16.3,5.4,70.9,7.4,37.7,1.0,1.61,20.4,0.0,0.0,0.8,,19.9,10.4,6.6,,30.9,5.5,,13.7,4.1,58.6,,60.67415730337079,27.8,6-6,215,78
1641718,Keyonte George,UTA,8,25.8,13.5,2.8,4.8,4.4,10.6,2.0,5.6,2.8,4.0,december,2023-24,24.2,28.4,54.5,8.5,68.6,5.9,5.17,28.0,0.3,0.0,0.3,12.3,14.8,29.3,1.4,,13.8,9.7,4.5,5.8,,71.0,,52.83018867924528,25.8,6-4,185,76
203497,Rudy Gobert,MIN,13,32.8,13.5,12.5,1.4,5.3,7.7,0.0,0.1,2.8,4.2,december,2023-24,15.0,6.1,70.5,14.5,42.9,1.0,1.37,22.8,3.6,1.8,9.6,,12.6,,16.7,,,,28.5,,26.9,46.2,,1.2987012987012987,32.8,7-1,258,85
203078,Bradley Beal,PHX,5,26.1,13.4,1.6,3.4,5.2,8.8,1.0,2.0,2.0,2.4,december,2023-24,19.3,20.0,68.0,9.9,43.6,2.6,3.59,24.0,0.2,0.0,0.4,,,21.3,,,24.6,,,,,57.1,,22.727272727272727,26.1,6-4,207,76
1627826,Ivica Zubac,LAC,13,28.1,13.2,10.3,1.6,5.9,8.7,0.0,0.0,1.4,2.2,december,2023-24,16.6,7.7,68.4,12.5,44.5,1.0,1.3,20.5,3.8,1.3,9.5,,5.5,,18.4,28.3,,,20.1,,20.3,51.7,,0.0,28.1,7-0,240,84
1628978,Donte DiVincenzo,NYK,14,22.2,13.1,2.9,1.9,4.6,8.4,3.1,6.4,0.8,0.9,december,2023-24,16.9,12.2,74.0,10.7,31.4,0.9,1.71,17.9,0.4,0.0,1.1,1.9,18.5,11.6,,,33.0,10.8,,14.6,3.0,70.0,,76.19047619047619,22.2,6-4,203,76
1629028,Deandre Ayton,POR,7,31.5,13.0,10.7,1.4,5.6,12.1,0.0,0.0,1.9,2.4,december,2023-24,20.5,6.4,49.2,9.0,51.6,1.3,1.5,27.0,6.7,1.6,10.1,,9.8,,28.6,9.5,2.9,,26.3,,13.6,63.8,,0.0,31.5,7-0,247,84
1627741,Buddy Hield,PHI,14,28.6,12.9,3.9,2.5,4.6,10.4,2.8,7.5,0.9,1.1,december,2023-24,17.8,10.8,59.0,7.8,54.2,1.4,1.56,30.9,0.7,0.0,1.3,,23.1,4.8,,,34.0,5.4,5.4,12.2,3.7,50.0,,72.11538461538461,28.6,6-4,220,76
1630557,Corey Kispert,WAS,14,22.0,12.9,1.6,1.5,4.6,9.3,2.4,5.8,1.4,2.0,december,2023-24,20.7,10.6,63.2,8.5,27.9,0.8,1.74,19.3,0.3,0.0,0.5,,19.0,9.5,,,34.1,11.9,,8.7,,58.5,,62.36559139784945,22.0,6-6,224,78
1629023,P.J. Washington,DAL,11,26.6,12.7,5.4,2.6,4.6,11.3,1.7,5.6,1.7,2.1,december,2023-24,21.7,14.8,52.2,9.0,46.4,1.2,1.6,26.6,1.3,0.1,1.7,4.1,20.9,6.3,5.4,6.1,29.9,4.1,8.2,,6.8,65.3,,49.5575221238938,26.6,6-7,230,79
1630175,Cole Anthony,ORL,14,23.6,12.7,4.1,3.2,4.6,10.1,1.1,3.6,2.3,2.8,december,2023-24,22.6,20.5,55.9,11.1,52.7,3.8,4.38,20.1,0.4,0.0,1.1,6.9,14.7,51.8,,,14.3,,,,,50.9,,35.64356435643565,23.6,6-2,185,74
1629655,Daniel Gafford,DAL,13,26.6,12.7,8.1,1.7,4.9,7.4,0.0,0.0,2.8,3.6,december,2023-24,15.2,7.9,70.7,11.2,43.1,0.9,1.25,22.5,2.6,0.5,7.7,,8.8,,19.9,11.0,,,20.4,,18.2,53.5,,0.0,26.6,6-10,234,82
1628997,Caleb Martin,MIA,11,30.5,12.6,6.5,2.8,4.8,10.1,1.5,3.3,1.5,2.4,december,2023-24,18.3,13.4,56.8,8.7,47.0,2.8,3.54,21.6,0.6,0.0,1.3,,32.5,7.9,,,35.7,,,,,58.0,,32.67326732673268,30.5,6-5,205,77
1627884,Derrick Jones Jr.,DAL,15,28.9,12.5,4.1,1.1,4.5,9.8,1.6,5.0,2.0,2.5,december,2023-24,16.9,5.0,57.4,7.5,33.5,0.9,1.53,19.5,0.9,0.0,2.9,,18.3,,,,46.0,,13.5,,7.9,57.1,,51.02040816326531,28.9,6-6,210,78
203952,Andrew Wiggins,GSW,10,25.6,12.5,4.5,1.7,4.3,10.6,1.1,3.0,2.8,3.1,december,2023-24,21.2,9.6,52.2,7.5,35.6,1.4,2.44,24.1,0.7,1.6,3.2,10.9,22.1,7.6,,6.8,32.5,2.0,3.8,2.5,7.8,64.5,,28.30188679245283,25.6,6-7,197,79
203471,Dennis Schröder,BKN,13,33.5,12.3,2.2,7.2,4.5,10.4,1.4,3.8,2.0,2.3,december,2023-24,16.7,26.3,54.0,7.4,79.2,6.0,4.55,31.3,0.3,0.0,0.4,14.8,11.2,36.6,,,23.1,5.2,,,,56.9,,36.53846153846153,33.5,6-1,175,73
1629652,Luguentz Dort,OKC,12,29.1,12.3,3.8,1.5,4.2,8.8,2.0,4.7,1.9,2.3,december,2023-24,15.4,6.0,62.9,6.5,28.3,1.1,2.24,17.9,0.4,0.0,2.1,,15.0,,5.5,,61.5,,4.0,,,46.2,,53.40909090909091,29.1,6-4,220,76
1628381,John Collins,UTA,10,26.0,12.2,7.4,0.6,4.4,9.8,1.3,3.7,2.1,2.2,december,2023-24,20.7,3.4,56.6,9.3,38.7,1.0,1.61,21.4,1.4,1.4,4.7,,18.7,,6.3,9.1,33.6,2.3,10.3,,9.8,59.4,,37.755102040816325,26.0,6-9,226,81
1630591,Jalen Suggs,ORL,11,25.4,12.1,2.5,2.3,4.5,9.3,1.7,5.3,1.3,1.8,december,2023-24,19.6,13.3,60.0,7.6,39.9,1.8,2.7,19.5,0.2,0.0,1.0,6.6,24.5,25.2,,,20.4,7.3,,,4.0,62.0,,56.98924731182795,25.4,6-5,205,77
1627736,Malik Beasley,MIL,11,31.5,12.1,4.0,1.5,4.5,8.8,3.2,6.2,0.0,0.0,december,2023-24,12.2,5.6,68.6,7.3,30.0,1.0,2.05,16.6,0.3,0.0,0.5,,,,,,,,,,,80.0,,70.45454545454545,31.5,6-4,187,76
1627752,Taurean Prince,LAL,14,32.2,12.0,3.6,2.3,4.1,8.9,3.2,6.9,0.5,0.6,december,2023-24,13.7,8.8,65.6,7.2,32.8,1.0,1.83,19.9,0.2,0.0,0.6,,27.3,,,,54.5,,,,,58.3,,77.52808988764045,32.2,6-6,218,78
1630183,Jaden McDaniels,MIN,10,30.0,11.9,2.4,1.0,4.8,9.5,1.2,3.2,1.1,1.6,december,2023-24,16.3,4.8,58.3,5.0,33.5,1.1,2.04,21.5,0.2,0.3,0.6,2.3,27.6,10.3,,,36.8,5.2,5.0,3.2,3.9,51.9,,33.68421052631579,30.0,6-9,185,81
201569,Eric Gordon,PHX,11,32.7,11.8,1.8,1.9,4.4,9.4,2.5,6.1,0.5,0.6,december,2023-24,14.2,8.2,61.3,6.3,36.3,1.5,2.56,18.7,0.4,0.0,0.3,,,,,,60.0,,,,,64.7,,64.8936170212766,32.7,6-3,215,75
1629018,Gary Trent Jr.,TOR,13,26.1,11.7,2.5,2.4,4.2,10.5,2.5,6.2,0.7,0.9,december,2023-24,18.3,12.1,53.8,7.4,30.8,1.2,2.29,24.2,0.2,0.0,0.2,,18.3,6.4,,,48.6,9.0,,6.8,,55.6,,59.04761904761905,26.1,6-5,204,77
1629001,De'Anthony Melton,PHI,13,28.8,11.6,4.1,2.5,4.0,10.2,1.8,6.0,1.8,2.0,december,2023-24,17.7,10.7,52.6,8.1,51.2,2.6,3.11,21.8,0.6,0.0,1.2,,,,,,,,,,,61.9,,58.82352941176471,28.8,6-3,200,75
201567,Kevin Love,MIA,12,19.5,11.6,6.5,2.9,3.7,7.8,2.4,6.1,1.8,2.3,december,2023-24,21.3,21.9,65.4,16.3,46.4,1.2,1.56,25.4,0.2,0.8,1.6,,14.0,,14.6,,34.1,,6.7,,15.2,65.8,,78.2051282051282,19.5,6-8,251,80
1628380,Zach Collins,SAS,13,21.5,11.5,5.8,2.4,4.5,9.3,1.1,2.8,1.5,2.0,december,2023-24,22.5,17.2,56.6,9.7,38.8,1.2,1.87,26.2,3.6,1.5,4.5,,,,24.7,,25.9,,19.8,,,67.9,,30.107526881720425,21.5,6-11,250,83
1628971,Bruce Brown,TOR,10,29.2,11.5,5.2,3.0,4.3,9.8,0.6,2.8,2.3,2.9,december,2023-24,17.3,12.0,51.9,6.7,47.5,2.3,2.95,24.5,1.0,0.0,1.3,4.1,22.3,15.7,,,22.3,3.8,13.0,,8.7,66.7,,28.57142857142857,29.2,6-4,202,76
202704,Reggie Jackson,DEN,15,21.0,11.5,1.7,4.5,4.5,10.4,1.4,3.9,1.1,1.3,december,2023-24,24.9,31.9,52.2,9.2,48.1,3.9,4.86,21.2,0.4,0.0,0.8,,,,,,,,,,,56.1,,37.5,21.0,6-2,208,74
1629060,Rui Hachimura,LAL,13,23.7,11.5,3.4,1.2,4.6,9.8,1.0,3.2,1.2,1.7,december,2023-24,19.5,6.7,54.5,7.8,27.8,0.9,1.86,15.6,0.8,0.9,2.5,3.7,19.3,,3.1,9.5,40.5,,7.1,4.9,,51.1,,32.6530612244898,23.7,6-8,230,80
1630581,Josh Giddey,OKC,12,22.9,11.4,6.1,4.4,4.8,9.9,1.3,3.5,0.6,0.7,december,2023-24,22.2,24.5,55.9,12.3,49.0,2.1,2.63,25.8,1.4,0.3,2.1,5.0,22.8,38.8,,,16.0,4.5,4.3,,,53.8,,35.35353535353536,22.9,6-8,216,80
1631106,Tari Eason,HOU,12,24.8,11.4,8.3,1.6,4.5,9.9,0.9,2.6,1.5,2.2,december,2023-24,19.3,10.4,52.5,13.9,37.2,1.3,2.17,16.8,0.7,0.2,3.8,5.0,19.9,5.4,,,43.3,,6.5,,9.2,67.7,,26.262626262626267,24.8,6-8,215,80
1630188,Jalen Smith,IND,5,18.2,11.4,5.0,1.0,4.4,6.4,1.6,2.8,1.0,2.2,december,2023-24,19.2,7.8,77.4,11.4,24.8,0.6,1.5,16.6,0.6,0.8,3.0,,21.0,,17.4,,29.0,,9.8,,10.1,61.9,,43.74999999999999,18.2,6-9,215,81
1641764,Brandin Podziemski,GSW,13,29.0,11.2,6.8,4.2,4.5,9.2,1.7,4.1,0.6,0.9,december,2023-24,15.9,18.2,58.3,10.5,50.1,2.5,3.0,26.4,0.8,0.0,3.2,6.1,17.2,25.1,2.4,,30.7,4.2,3.4,3.6,,65.2,,44.565217391304344,29.0,6-4,205,76
201572,Brook Lopez,MIL,13,32.8,11.1,5.1,1.6,3.9,9.2,1.2,4.8,2.0,2.5,december,2023-24,13.7,5.9,54.1,6.1,29.9,0.7,1.45,20.6,2.2,0.3,4.0,,6.5,,32.8,9.5,32.1,,,,,57.8,,52.17391304347826,32.8,7-1,282,85
1626162,Kelly Oubre Jr.,PHI,13,24.7,11.1,3.5,0.9,4.2,9.5,1.7,4.7,0.9,1.5,december,2023-24,18.5,5.1,54.6,7.2,27.9,1.0,2.12,17.2,0.5,0.1,1.6,12.1,22.1,7.6,,,29.8,,5.9,,6.6,54.5,,49.47368421052632,24.7,6-7,203,79
1628963,Marvin Bagley III,WAS,6,20.1,10.8,4.3,0.2,4.8,7.8,0.0,0.2,1.2,1.8,december,2023-24,20.5,1.3,62.7,9.3,29.5,0.8,1.54,17.0,2.8,0.7,7.2,7.3,7.3,,21.6,5.7,8.9,,18.4,,23.8,79.2,,2.5641025641025643,20.1,6-10,235,82
1629651,Nic Claxton,BKN,14,27.9,10.6,10.5,2.0,4.4,7.6,0.1,0.1,1.9,3.1,december,2023-24,14.8,10.6,59.6,12.3,41.5,1.4,1.99,22.8,2.8,0.6,7.7,14.1,15.5,3.9,11.1,4.5,10.9,,15.5,,13.4,51.0,,1.3157894736842106,27.9,6-11,215,83
1631103,Malaki Branham,SAS,14,25.6,10.5,3.3,2.8,4.2,8.9,1.3,3.4,0.8,0.9,december,2023-24,17.6,15.5,56.9,7.3,46.4,2.9,3.81,18.9,0.3,0.0,0.5,,,,,,,,,,,60.5,,38.20224719101123,25.6,6-4,180,76
201566,Russell Westbrook,LAC,13,20.0,10.5,6.4,3.8,4.3,8.0,0.7,2.0,1.2,1.8,december,2023-24,22.7,26.2,59.4,14.0,39.8,2.8,4.21,16.0,0.8,0.5,2.8,13.4,18.3,25.8,,5.1,26.7,,2.2,,2.8,62.5,,25.0,20.0,6-4,200,76
1630166,Deni Avdija,WAS,14,27.2,10.4,6.6,4.1,3.7,8.5,0.7,2.6,2.2,3.2,december,2023-24,17.1,18.6,52.2,9.4,49.7,2.3,2.77,21.3,1.0,0.2,1.4,14.0,18.1,26.9,,3.1,19.0,4.8,4.0,4.7,1.7,58.8,,30.58823529411765,27.2,6-9,210,81
1631323,Simone Fontecchio,DET,14,26.6,10.4,3.6,1.3,3.6,8.0,2.0,5.1,1.2,1.6,december,2023-24,15.1,6.7,59.4,6.3,31.4,0.8,1.51,19.4,0.4,0.0,1.2,,26.5,,,,43.5,,4.3,10.5,5.2,55.8,,63.74999999999999,26.6,6-7,209,79
1630168,Onyeka Okongwu,ATL,13,26.6,10.3,6.6,1.6,4.3,7.3,0.5,1.8,1.2,1.6,december,2023-24,13.1,8.2,64.3,9.1,29.8,0.5,1.09,18.7,1.8,0.2,6.5,1.6,15.5,2.1,11.6,6.9,28.0,3.2,11.2,3.4,7.5,62.7,,24.657534246575345,26.6,6-10,240,82
1641871,Duop Reath,POR,10,16.6,10.3,4.3,0.9,3.6,7.9,1.4,4.0,1.7,1.8,december,2023-24,22.6,8.1,59.2,11.4,26.8,0.6,1.4,16.7,1.3,0.3,3.5,,,,,,,,,,,65.1,,50.632911392405056,16.6,6-9,245,81
1630167,Obi Toppin,IND,14,23.0,10.3,4.9,1.4,3.9,6.7,1.5,3.3,0.9,1.4,december,2023-24,14.4,7.6,70.3,9.1,31.9,0.7,1.38,17.5,0.4,0.0,2.5,,23.9,,,,28.3,,,,,53.1,,49.25373134328358,23.0,6-9,220,81
1627936,Alex Caruso,CHI,11,24.4,10.3,3.8,2.6,3.7,7.2,1.5,3.6,1.3,1.6,december,2023-24,16.6,15.0,65.0,9.5,49.6,2.2,2.65,22.0,0.8,0.1,1.5,,19.9,8.2,7.0,,45.6,,,,,48.6,,50.0,24.4,6-5,186,77
203084,Harrison Barnes,SAC,14,28.4,10.2,2.9,1.0,3.5,7.2,1.4,3.6,1.8,2.1,december,2023-24,12.7,4.3,62.6,6.0,32.1,1.1,1.98,20.6,0.6,0.4,1.9,8.0,18.8,3.3,5.0,2.5,43.8,4.8,,4.8,,69.6,,50.0,28.4,6-8,225,80
1626156,D'Angelo Russell,LAL,12,25.7,10.2,2.1,5.4,4.0,9.8,1.5,4.6,0.7,0.9,december,2023-24,19.1,27.5,50.1,7.6,55.8,3.8,4.08,20.6,0.6,0.1,0.6,8.7,15.5,36.2,,,20.8,7.9,,,,79.6,,46.938775510204074,25.7,6-3,193,75
1641726,Dereck Lively II,DAL,12,27.0,10.1,8.2,0.9,4.7,6.2,0.0,0.0,0.8,1.7,december,2023-24,13.3,4.5,73.1,10.3,41.1,0.9,1.28,18.8,2.9,0.2,8.4,,,,,,,,,,,51.6,,0.0,27.0,7-1,230,85
1630245,Ayo Dosunmu,CHI,14,29.0,10.1,3.3,2.2,4.0,8.9,1.1,3.6,0.9,1.3,december,2023-24,15.3,10.5,53.4,6.2,45.4,2.0,2.65,25.7,0.4,0.0,1.1,2.2,33.6,20.8,,,31.6,,3.1,,,64.6,,40.44943820224719,29.0,6-5,200,77
203967,Dario Šarić,GSW,13,18.8,9.9,5.5,1.5,3.5,7.1,1.3,3.3,1.7,1.9,december,2023-24,20.1,11.1,62.6,11.0,39.6,1.2,1.76,23.8,1.5,1.9,3.7,,,,,,,,,,,63.1,,46.478873239436616,18.8,6-10,225,82
1631110,Jeremy Sochan,SAS,14,29.4,9.9,5.6,3.6,3.9,9.6,0.9,2.9,1.2,1.7,december,2023-24,17.4,16.8,47.4,6.4,49.3,2.3,2.81,27.1,1.6,0.9,3.1,,18.9,,12.3,,28.3,,17.0,,,60.5,,30.208333333333332,29.4,6-8,230,80
1626196,Josh Richardson,MIA,8,27.4,9.8,2.8,2.6,3.3,7.9,2.0,5.0,1.3,1.3,december,2023-24,14.5,13.0,57.9,6.9,47.6,2.9,3.65,21.4,0.3,0.0,0.5,,,,,,,,,,,70.0,,63.291139240506325,27.4,6-5,200,77
1630529,Herbert Jones,NOP,14,28.2,9.7,3.8,2.3,3.4,8.1,1.0,3.2,1.9,2.1,december,2023-24,14.7,10.7,53.9,6.4,35.6,1.4,2.33,21.5,0.6,0.0,2.0,,22.4,10.8,,,37.7,6.3,5.4,,,61.4,,39.50617283950618,28.2,6-7,206,79
1628470,Torrey Craig,CHI,7,20.4,9.6,4.7,0.9,3.1,6.4,2.1,4.0,1.1,1.7,december,2023-24,15.0,5.8,66.6,8.2,35.9,0.9,1.43,18.3,0.4,0.0,2.6,,,,,,,,,,,79.2,,62.5,20.4,6-5,221,77
1631218,Trayce Jackson-Davis,GSW,9,18.9,9.6,7.1,1.6,4.3,6.4,0.0,0.0,0.9,1.4,december,2023-24,17.0,11.9,67.5,14.9,31.9,0.8,1.47,17.8,1.7,0.6,6.8,,16.8,,11.2,,,,33.6,,23.2,54.5,,0.0,18.9,6-9,245,81
1629021,Moritz Wagner,ORL,14,17.7,9.5,4.4,1.1,3.9,6.9,0.4,1.4,1.4,2.1,december,2023-24,21.2,9.6,60.6,10.6,28.3,0.7,1.57,19.1,2.5,0.4,4.6,,,,,,,,,,,68.6,,20.289855072463766,17.7,6-11,245,83
1631133,Jabari Walker,POR,13,21.1,9.4,6.2,0.8,3.2,5.9,0.5,1.6,2.6,3.2,december,2023-24,15.3,5.4,63.9,10.2,23.6,0.7,1.66,14.0,2.1,0.2,4.6,,16.0,,,,34.6,,15.4,,24.4,57.6,,27.11864406779661,21.1,6-7,227,79
1630171,Isaac Okoro,CLE,13,28.2,9.3,3.5,2.5,3.2,6.5,1.2,3.2,1.7,2.5,december,2023-24,12.5,11.8,61.1,7.4,35.5,1.4,2.37,21.5,0.3,0.0,1.8,,25.9,,,,41.6,,10.8,,5.2,55.3,,49.23076923076923,28.2,6-5,225,77
1641731,Bilal Coulibaly,WAS,14,26.2,9.2,4.6,1.9,3.4,6.4,1.0,2.7,1.4,2.1,december,2023-24,14.2,10.3,62.8,7.3,35.0,1.3,2.27,19.4,0.4,0.0,1.3,4.8,27.8,15.1,,,25.8,5.2,8.3,,4.8,54.4,,42.1875,26.2,6-8,195,80
1627751,Jakob Poeltl,TOR,13,25.1,9.1,8.1,2.4,3.9,6.2,0.0,0.0,1.2,2.2,december,2023-24,14.0,12.6,63.9,10.1,46.2,1.0,1.36,24.2,6.6,0.6,7.8,,13.0,,16.7,,,,40.7,,14.8,60.0,,0.0,25.1,7-0,260,84
1631212,Peyton Watson,DEN,15,21.2,9.1,3.3,1.4,3.3,6.5,0.9,2.5,1.5,1.9,december,2023-24,15.8,8.9,62.0,8.7,30.3,1.2,2.38,15.4,1.0,0.0,1.7,6.7,19.0,13.2,3.1,,24.9,5.2,16.2,2.3,3.2,52.0,,38.46153846153847,21.2,6-7,200,79
203482,Kelly Olynyk,TOR,12,23.5,9.0,5.3,6.2,3.5,6.8,0.7,2.2,1.3,1.4,december,2023-24,15.7,36.6,61.0,13.1,54.2,2.2,2.47,31.3,1.6,0.4,1.8,,,,,,,,,,,62.1,,32.35294117647059,23.5,6-11,240,83
1630208,Nick Richards,CHA,13,27.6,9.0,7.9,1.0,3.6,5.4,0.0,0.0,1.8,2.3,december,2023-24,11.4,5.2,70.3,9.9,26.8,0.6,1.4,12.9,1.4,0.0,5.1,,,,,,,,,,,61.3,,0.0,27.6,7-0,245,84
1631117,Walker Kessler,UTA,13,25.4,9.0,8.2,0.9,4.2,6.2,0.2,0.3,0.4,0.9,december,2023-24,12.9,5.1,68.6,12.0,34.6,0.7,1.26,18.5,1.2,0.1,7.5,,,,,,,,29.0,,22.6,51.1,,4.838709677419355,25.4,7-0,245,84
1627827,Dorian Finney-Smith,BKN,12,26.3,8.9,4.4,0.9,3.3,7.7,1.8,4.8,0.6,0.6,december,2023-24,13.0,5.0,56.3,7.1,31.6,0.8,1.6,19.5,0.5,0.0,1.9,,,,,,,,,,,58.8,,62.33766233766234,26.3,6-7,220,79
200768,Kyle Lowry,PHI,10,29.1,8.9,3.2,3.5,2.9,6.2,1.7,4.3,1.4,1.8,december,2023-24,12.4,17.1,63.6,7.5,55.2,3.1,3.36,24.3,0.3,0.1,0.7,,,,,,,,,,,67.4,,69.35483870967741,29.1,6-0,196,72
203083,Andre Drummond,CHI,14,17.5,8.9,10.5,0.6,3.6,6.6,0.0,0.0,1.7,3.2,december,2023-24,21.1,4.7,55.5,16.9,23.1,0.5,1.33,13.9,1.8,1.3,7.6,,5.2,,7.9,,17.0,,16.6,,38.9,42.6,,0.0,17.5,6-11,279,83
1641733,Nick Smith Jr.,CHA,7,17.3,8.9,1.4,1.3,3.4,7.3,1.7,4.1,0.3,0.3,december,2023-24,20.7,13.6,59.8,6.9,25.9,1.6,3.76,14.7,0.1,0.0,0.1,11.6,14.4,36.3,,,21.9,,,,,50.0,,56.164383561643824,17.3,6-2,185,74
1630202,Payton Pritchard,BOS,14,20.3,8.9,3.2,3.3,3.1,7.1,2.2,5.2,0.4,0.6,december,2023-24,16.3,21.4,59.6,9.5,38.4,2.5,3.96,15.2,0.2,0.0,0.6,12.8,16.2,25.6,1.9,,26.2,6.4,,5.1,1.8,58.1,,73.23943661971832,20.3,6-1,195,73
203484,Kentavious Caldwell-Pope,DEN,13,29.5,8.8,2.3,2.7,3.3,6.9,1.5,3.3,0.7,1.0,december,2023-24,11.4,10.5,59.5,6.5,33.1,1.1,1.99,23.1,0.5,0.0,0.6,3.1,24.1,18.1,,,33.7,5.9,,6.5,,53.3,,47.826086956521735,29.5,6-5,204,77
101108,Chris Paul,GSW,11,28.7,8.7,4.0,7.7,3.4,7.7,1.5,4.1,0.5,0.7,december,2023-24,13.5,34.3,54.2,10.4,63.5,4.8,4.53,28.5,0.8,0.8,0.2,,,43.8,,,15.6,,,,,67.6,,53.246753246753244,28.7,6-0,175,72
1630200,Tre Jones,SAS,13,22.8,8.7,2.7,4.6,3.7,7.1,0.5,2.2,0.8,1.1,december,2023-24,15.9,28.7,57.6,9.6,51.5,4.3,4.96,15.7,0.6,0.0,1.3,4.8,22.7,32.0,,,22.7,4.5,3.0,,,61.9,,30.98591549295775,22.8,6-1,185,73
1630191,Isaiah Stewart,DET,9,29.3,8.7,6.8,2.8,3.2,5.9,1.1,2.4,1.1,1.7,december,2023-24,11.7,11.8,65.4,8.0,39.8,1.0,1.57,20.4,1.9,0.7,3.9,,10.3,,13.9,10.3,23.9,,19.2,,11.8,57.9,,40.67796610169491,29.3,6-8,250,80
1629614,Andrew Nembhard,IND,8,23.2,8.6,1.8,4.4,3.6,7.4,0.8,2.0,0.6,0.8,december,2023-24,17.7,24.5,56.0,7.7,43.3,2.8,3.88,20.3,0.5,0.0,0.5,8.9,14.8,38.5,,,21.4,7.1,,,,73.9,,27.027027027027025,23.2,6-4,191,76
1630541,Moses Moody,GSW,12,17.9,8.6,3.0,0.5,2.8,6.5,0.7,2.7,2.3,2.7,december,2023-24,18.7,4.1,55.9,7.6,17.0,0.7,2.39,11.8,0.3,0.0,1.8,4.9,19.0,5.4,,,40.4,5.2,3.7,13.1,3.2,69.2,,41.53846153846154,17.9,6-5,211,77
1628988,Aaron Holiday,HOU,14,18.3,8.6,2.0,1.4,3.0,6.8,1.8,3.9,0.8,0.9,december,2023-24,17.9,11.7,59.8,8.2,30.1,2.1,4.1,12.8,0.1,0.0,0.1,,18.5,18.5,,,42.5,,,,,63.0,,57.35294117647059,18.3,6-0,185,72
1628372,Dennis Smith Jr.,BKN,8,20.8,8.5,4.0,4.5,3.4,8.0,0.3,2.0,1.5,1.9,december,2023-24,20.3,30.3,48.2,10.4,48.6,3.3,4.1,18.0,0.1,0.0,1.7,,,,,,,,,,,68.4,,25.0,20.8,6-3,205,75
1630702,Jaden Hardy,DAL,14,19.3,8.5,2.4,1.9,3.2,9.0,1.7,4.9,0.4,0.7,december,2023-24,21.1,14.4,45.6,5.4,32.6,2.2,3.98,13.7,0.1,0.0,0.6,,19.7,16.3,,,40.9,6.3,,,,69.2,,54.44444444444445,19.3,6-3,198,75
201143,Al Horford,BOS,11,27.9,8.5,7.6,3.1,3.1,6.1,1.6,3.9,0.6,0.6,december,2023-24,10.7,13.1,66.4,10.8,32.6,0.6,1.18,18.8,1.5,0.4,2.6,,15.0,,12.2,8.9,40.0,,7.8,5.6,,66.1,,63.934426229508205,27.9,6-9,240,81
1630583,Santi Aldama,MEM,14,22.1,8.4,5.1,1.8,3.1,7.0,1.4,3.9,0.8,1.3,december,2023-24,15.6,12.0,55.2,10.0,34.5,1.1,1.9,19.9,1.4,0.1,2.1,,22.8,2.3,8.8,4.1,40.1,,6.8,,7.0,51.7,,55.714285714285715,22.1,7-0,215,84
1629731,Dean Wade,CLE,12,24.1,8.3,5.7,0.9,2.8,6.2,2.1,5.1,0.8,0.8,december,2023-24,12.3,5.1,63.8,8.5,33.8,0.8,1.41,18.6,0.3,0.0,1.3,,28.1,,5.0,,46.7,,12.1,,,47.8,,82.25806451612902,24.1,6-9,228,81
1630173,Precious Achiuwa,NYK,12,16.7,8.3,4.7,1.4,3.4,7.2,0.6,2.1,0.8,1.4,december,2023-24,21.4,11.9,53.0,9.3,30.8,1.0,1.9,17.8,1.8,0.2,3.0,,22.2,,13.5,,24.7,,12.0,,17.1,50.0,,29.166666666666668,16.7,6-8,243,80
1630534,Ochai Agbaji,TOR,14,22.9,8.2,2.2,0.9,3.3,6.9,1.2,3.5,0.4,0.6,december,2023-24,14.2,5.0,57.2,5.5,27.6,0.7,1.49,18.1,0.4,0.0,1.6,,33.5,,,,29.2,,13.5,,10.3,59.2,,50.724637681159415,22.9,6-5,215,77
202692,Alec Burks,NYK,12,16.6,8.2,1.8,0.7,2.4,7.4,1.3,4.3,2.0,2.2,december,2023-24,21.2,7.1,48.8,6.7,23.3,1.0,2.62,13.8,0.1,0.1,0.6,,,,,,,,,,,52.2,,58.108108108108105,16.6,6-5,214,77
1641739,Toumani Camara,POR,13,25.5,8.1,5.8,0.8,3.3,7.8,0.8,2.9,0.6,1.1,december,2023-24,14.7,4.2,49.0,5.4,32.1,0.9,1.63,16.8,0.6,0.1,3.0,6.3,20.3,4.4,5.4,,40.5,2.6,9.1,,4.7,71.4,,37.17948717948718,25.5,6-7,226,79
1641854,Craig Porter Jr.,CLE,9,20.9,8.0,3.9,4.8,3.3,7.6,0.4,1.3,0.9,1.6,december,2023-24,18.2,27.6,48.5,11.1,53.4,4.1,4.64,22.3,0.1,0.1,0.8,,17.9,27.8,,,26.0,4.5,,,4.9,68.0,,17.105263157894736,20.9,6-1,180,73
1627777,Georges Niang,CLE,13,21.5,7.9,2.6,1.2,3.1,8.0,1.5,5.1,0.2,0.5,december,2023-24,18.7,7.7,48.3,3.8,37.9,1.1,1.68,21.7,0.2,0.1,0.8,,,,,,,,,,,64.2,,63.74999999999999,21.5,6-7,230,79
1629684,Grant Williams,CHA,13,28.6,7.9,4.2,1.7,2.8,7.1,1.5,4.5,0.9,1.2,december,2023-24,12.2,8.2,52.2,4.6,34.4,0.9,1.61,18.2,0.6,0.6,1.5,,,,,,38.2,,,,,55.0,,63.38028169014085,28.6,6-6,236,78
1630549,Day'Ron Sharpe,BKN,15,17.0,7.9,7.5,2.2,3.3,5.5,0.1,0.2,1.3,2.4,december,2023-24,18.0,17.2,59.7,13.5,31.6,0.8,1.5,18.4,3.3,0.6,7.0,3.7,7.6,,15.0,6.6,7.6,,19.6,,22.6,57.1,,3.6363636363636367,17.0,6-9,265,81
1629669,Jaylen Nowell,SAC,6,20.5,7.8,1.2,2.0,3.3,7.5,0.7,3.2,0.5,0.5,december,2023-24,17.3,14.5,50.7,5.3,35.3,2.8,4.79,15.2,0.2,0.0,0.0,,,,,,,,,,,59.3,,42.66666666666667,20.5,6-4,201,76
204456,T.J. McConnell,IND,12,15.5,7.8,2.5,5.5,3.6,6.8,0.0,0.3,0.7,0.9,december,2023-24,22.7,49.6,54.1,16.1,42.9,3.6,5.07,12.7,0.5,0.0,0.5,5.9,13.1,54.0,,,12.5,,4.2,,,73.9,,4.411764705882353,15.5,6-1,190,73
202694,Marcus Morris Sr.,CLE,13,19.3,7.8,3.5,1.1,2.9,6.0,1.1,2.5,0.8,1.0,december,2023-24,14.2,7.7,60.3,9.3,22.7,0.9,2.28,12.7,0.2,0.5,0.5,,,,,,,,,,,69.4,,41.66666666666667,19.3,6-8,218,80
1629002,Chimezie Metu,DET,12,17.2,7.8,4.7,0.6,2.8,5.6,0.7,2.3,1.6,1.8,december,2023-24,18.5,5.1,60.6,11.4,26.0,0.6,1.44,14.3,1.0,0.0,2.5,,,,,,,,,,,71.4,,41.07142857142857,17.2,6-10,225,82
1631128,Christian Braun,DEN,15,18.3,7.7,2.9,1.6,2.7,5.9,0.8,2.0,1.4,1.8,december,2023-24,16.6,12.5,57.6,9.0,30.4,1.4,2.71,15.6,1.0,0.0,1.4,,33.3,,7.1,,20.6,7.8,11.3,,7.1,55.6,,33.89830508474576,18.3,6-6,220,78
1628436,Luke Kornet,BOS,6,15.5,7.7,3.7,1.3,3.3,4.8,0.0,0.0,1.0,1.0,december,2023-24,14.7,13.3,72.7,12.3,16.5,0.4,1.38,12.0,0.7,0.0,6.3,,6.6,,21.8,,,,35.0,,23.4,50.0,,0.0,15.5,7-1,250,85
1628989,Kevin Huerter,SAC,14,20.4,7.6,2.6,1.9,3.0,7.4,1.3,4.1,0.4,0.5,december,2023-24,16.5,11.7,50.0,5.9,29.4,0.9,1.89,20.4,0.4,0.0,1.3,,22.8,11.3,,,36.6,6.3,8.2,4.0,3.3,66.1,,55.405405405405396,20.4,6-7,198,79
1628464,Daniel Theis,LAC,12,17.2,7.6,3.3,0.4,2.8,5.0,0.6,1.2,1.3,1.6,december,2023-24,15.8,3.3,66.6,8.2,21.8,0.5,1.33,11.8,1.6,0.2,4.7,,,,,,,,,,,55.0,,24.0,17.2,6-8,245,80
1630164,James Wiseman,DET,11,16.8,7.5,5.0,1.0,3.4,4.4,0.0,0.0,0.8,1.2,december,2023-24,14.5,10.1,77.3,12.7,28.0,0.6,1.37,12.4,2.2,0.8,5.2,,,,,,,,,,,56.8,,0.0,16.8,6-11,240,83
1631124,Julian Strawther,DEN,15,16.0,7.5,1.9,1.2,2.7,7.0,1.4,4.3,0.7,1.0,december,2023-24,20.9,10.6,50.6,6.8,24.5,0.8,1.99,16.4,0.3,0.0,0.5,,17.9,14.3,,,31.3,15.2,,,,50.0,,61.42857142857142,16.0,6-6,205,78
201976,Patrick Beverley,MIL,13,17.8,7.4,2.6,2.2,2.5,5.3,0.8,2.4,1.5,1.9,december,2023-24,15.8,18.4,60.0,10.8,35.7,2.7,4.59,15.3,0.1,0.0,0.2,,,,,,,,,,,65.6,,45.28301886792453,17.8,6-2,180,74
1628404,Josh Hart,NYK,14,28.1,7.4,5.7,3.0,2.9,6.1,0.9,2.5,0.7,0.9,december,2023-24,11.6,13.2,56.4,7.4,39.0,1.4,2.18,19.0,0.4,0.1,1.5,,21.0,10.3,,,45.6,4.0,4.6,,,65.6,,40.98360655737705,28.1,6-4,215,76
1631288,Jamal Cain,MIA,6,16.4,7.3,2.5,0.3,2.5,5.3,0.7,1.8,1.7,2.0,december,2023-24,17.0,2.9,59.0,8.6,19.5,0.6,1.85,10.3,0.2,0.0,1.3,,,,,,,,,,,71.4,,33.9622641509434,16.4,6-6,191,78
1629048,Goga Bitadze,ORL,13,20.8,7.3,5.8,1.5,3.1,4.8,0.1,0.2,1.1,1.7,december,2023-24,13.4,10.4,66.3,11.5,26.5,0.7,1.63,17.8,1.8,0.2,6.0,,10.8,,15.0,,,,26.9,,27.5,67.2,,4.166666666666667,20.8,6-10,250,82
203552,Seth Curry,CHA,12,18.6,7.3,2.3,1.3,2.4,6.3,1.8,3.6,0.7,0.8,december,2023-24,15.6,8.7,54.4,6.8,28.4,1.3,2.82,15.2,0.1,0.0,0.3,,,,,,,,,,,76.2,,57.14285714285715,18.6,6-1,185,73
1631223,David Roddy,PHX,13,23.1,7.2,3.8,1.7,2.5,7.1,0.9,3.4,1.4,2.0,december,2023-24,16.6,9.8,45.4,5.9,30.8,1.1,2.23,18.3,0.7,0.0,1.5,,,,,,,,,,,59.1,,47.887323943661976,23.1,6-4,255,76
1630230,Naji Marshall,NOP,14,17.7,7.2,3.4,2.3,2.5,5.6,0.9,2.6,1.3,1.6,december,2023-24,17.7,17.0,56.7,8.5,31.0,1.3,2.47,15.9,0.7,0.0,1.3,5.6,31.6,10.9,3.9,,29.1,,6.0,2.4,2.4,74.2,,46.42857142857144,17.7,6-6,220,78
1628976,Wendell Carter Jr.,ORL,6,21.4,7.2,5.2,2.0,2.7,5.0,0.8,2.0,1.0,1.3,december,2023-24,13.6,12.6,64.1,9.2,31.8,1.0,1.79,20.3,1.8,0.7,5.0,,10.9,,19.2,3.2,26.2,,17.1,,12.7,71.4,,40.0,21.4,6-10,270,82
1630573,Sam Hauser,BOS,14,22.6,7.1,3.9,1.3,2.5,5.9,1.9,4.8,0.2,0.3,december,2023-24,12.0,6.8,59.7,6.6,26.6,0.5,1.21,14.1,0.2,0.0,0.8,,20.5,4.3,8.2,,34.1,9.4,,14.2,3.7,56.4,,81.35593220338983,22.6,6-7,217,79
1630198,Isaiah Joe,OKC,13,18.8,7.1,2.2,0.9,2.5,6.1,1.5,4.5,0.6,0.8,december,2023-24,15.3,6.0,55.2,6.1,22.9,0.7,1.9,14.8,0.5,0.0,0.3,,21.2,,9.4,,39.9,9.4,4.3,6.8,,60.0,,73.77049180327869,18.8,6-3,165,75
1629599,Amir Coffey,LAC,9,24.0,7.0,2.7,1.1,2.4,5.0,1.2,3.3,0.9,1.0,december,2023-24,10.6,5.8,64.3,5.2,21.8,0.7,1.99,12.3,0.0,0.0,0.3,,,,,,,,,,,68.2,,65.99999999999999,24.0,6-7,210,79
1626224,Cedi Osman,SAS,14,17.3,6.9,2.6,2.6,2.6,5.6,0.7,2.5,0.9,1.6,december,2023-24,16.0,21.3,54.7,9.1,25.9,1.1,2.55,14.8,0.5,0.1,0.6,,,,,,,,,,,61.5,,44.642857142857146,17.3,6-7,230,79
1628392,Isaiah Hartenstein,NYK,14,29.2,6.9,9.4,2.6,2.6,4.4,0.0,0.0,1.6,2.4,december,2023-24,9.0,10.1,63.4,8.6,44.4,0.9,1.21,20.8,2.4,0.1,7.2,,7.4,,19.9,5.6,,,40.3,,10.2,53.2,,0.0,29.2,7-0,250,84
1627739,Kris Dunn,UTA,12,22.3,6.9,3.7,5.7,2.8,6.1,0.8,2.3,0.5,0.7,december,2023-24,14.2,31.3,54.2,9.4,49.0,3.5,4.26,20.6,0.3,0.0,0.6,3.9,19.3,9.6,5.5,,38.6,,9.6,,3.2,57.1,,37.704918032786885,22.3,6-3,205,75
1629629,Cam Reddish,LAL,11,25.9,6.9,2.8,2.3,2.5,6.8,0.6,2.5,1.2,1.2,december,2023-24,12.7,11.0,47.1,4.9,23.7,0.8,2.12,14.5,0.6,0.0,1.2,,,,,,,,,,,71.8,,36.76470588235294,25.9,6-7,217,79
1630165,Killian Hayes,DET,9,22.5,6.9,3.6,3.9,2.9,6.9,0.2,0.8,0.9,1.2,december,2023-24,18.5,24.5,46.4,7.3,46.4,3.4,4.43,16.1,0.0,0.0,0.6,,,,,,,,,,,65.0,,11.594202898550725,22.5,6-5,195,77
201145,Jeff Green,HOU,13,17.0,6.8,1.9,0.8,2.2,4.0,0.2,0.8,2.4,2.7,december,2023-24,14.9,6.5,66.0,6.9,18.2,0.6,1.89,12.6,0.8,0.6,1.6,,,,,,,,,,,48.6,,20.0,17.0,6-8,235,80
1631246,Vince Williams Jr.,MEM,15,27.0,6.8,6.5,2.1,2.1,5.5,1.4,4.1,1.3,1.6,december,2023-24,11.1,10.4,54.5,7.8,35.3,1.2,2.02,20.0,0.3,0.0,1.7,,17.7,29.5,,,31.5,,,,,49.4,,74.54545454545453,27.0,6-4,205,76
1626220,Royce O'Neale,PHX,15,21.1,6.7,3.7,3.1,2.3,5.9,1.5,4.5,0.5,0.7,december,2023-24,13.5,18.9,54.7,9.1,37.1,1.2,1.99,19.4,0.4,0.1,0.7,,26.0,8.3,2.7,,43.8,3.9,,3.6,,52.9,,76.27118644067797,21.1,6-6,226,78
201565,Derrick Rose,MEM,7,18.1,6.7,1.7,3.9,2.6,6.9,0.4,1.9,1.1,1.1,december,2023-24,22.0,28.7,45.6,6.8,36.1,2.9,4.88,13.0,0.3,0.0,0.4,,,,,,,,,,,91.7,,27.536231884057965,18.1,6-3,200,75
1626168,Trey Lyles,SAC,14,19.2,6.7,4.8,1.6,2.4,5.1,1.3,3.6,0.6,0.9,december,2023-24,12.8,10.5,61.6,9.1,29.7,0.7,1.37,16.1,0.6,0.1,1.4,,,,,,,,,,,56.0,,70.58823529411765,19.2,6-9,234,81
1630631,Jose Alvarado,NOP,13,16.3,6.7,2.5,1.8,2.3,5.3,1.2,3.1,0.8,1.2,december,2023-24,17.1,14.8,57.2,9.2,30.1,1.7,3.39,11.8,0.3,0.0,0.3,4.2,20.0,27.3,,,30.0,3.8,3.8,,,69.6,,58.490566037735846,16.3,6-0,179,72
203937,Kyle Anderson,MIN,13,22.4,6.6,3.6,4.0,2.5,6.2,0.1,0.9,1.6,1.9,december,2023-24,15.9,24.8,46.7,8.4,43.5,2.4,3.36,22.5,1.7,0.3,1.9,12.6,16.5,7.9,,,17.3,,14.2,,8.7,63.4,,14.516129032258066,22.4,6-9,230,81
1629638,Nickeil Alexander-Walker,MIN,13,22.2,6.6,1.3,2.1,2.3,5.3,1.4,3.6,0.6,0.6,december,2023-24,12.6,12.6,59.3,5.5,37.9,2.4,3.74,15.0,0.2,0.0,0.2,2.9,27.3,18.8,2.9,,22.7,7.1,2.9,9.1,1.3,57.8,,67.9245283018868,22.2,6-5,205,77
1641709,Ausar Thompson,DET,13,20.1,6.5,4.4,1.4,2.6,5.8,0.3,1.8,1.0,1.4,december,2023-24,14.8,10.5,51.3,6.6,23.8,0.8,2.06,11.8,0.4,0.0,2.1,7.7,23.0,10.0,5.6,,16.0,,15.3,2.3,10.0,64.3,,31.03448275862069,20.1,6-6,205,78
1631115,Orlando Robinson,MIA,8,18.0,6.5,4.9,1.8,2.5,4.9,0.6,1.3,0.9,1.3,december,2023-24,15.5,15.1,59.9,9.4,29.1,1.0,1.97,18.3,1.1,0.5,3.3,,,,,,,,,,,55.3,,26.53061224489796,18.0,6-10,235,82
1641717,Cason Wallace,OKC,13,21.4,6.3,2.2,1.5,2.5,5.7,0.9,3.0,0.3,0.5,december,2023-24,12.9,9.3,53.5,5.4,22.1,0.8,2.31,13.4,0.6,0.0,1.5,4.2,22.6,13.5,,,41.3,4.2,4.5,,3.5,52.6,,52.63157894736842,21.4,6-3,195,75
1641710,Anthony Black,ORL,14,23.1,6.3,3.4,2.2,2.4,4.3,0.7,1.6,0.7,1.2,december,2023-24,10.4,12.9,65.2,7.3,34.9,1.9,3.33,15.2,0.3,0.0,2.4,4.4,27.4,21.8,,,25.5,4.7,3.6,1.9,2.7,52.9,,37.2093023255814,23.1,6-7,200,79
204060,Joe Ingles,ORL,6,16.7,6.2,3.2,3.7,1.7,4.3,1.3,2.7,1.5,1.7,december,2023-24,13.1,26.5,60.9,11.1,32.8,1.6,2.97,17.3,0.0,0.0,0.3,,,,,,,,,,,80.0,,62.79069767441862,16.7,6-9,220,81
1629611,Terance Mann,LAC,13,25.2,6.2,2.6,1.8,2.2,6.7,0.8,3.6,1.1,1.3,december,2023-24,13.2,8.6,42.3,3.3,27.5,1.1,2.45,15.1,0.5,0.1,1.6,3.7,22.0,17.9,,,28.9,4.4,6.6,,8.1,56.4,,53.73134328358209,25.2,6-5,215,77
1630194,Paul Reed,PHI,14,16.2,6.1,4.6,1.6,2.4,4.4,0.2,0.6,1.1,1.4,december,2023-24,15.3,12.9,61.6,10.0,23.7,0.7,1.81,13.3,1.4,0.1,2.6,,9.8,,16.0,,13.5,,26.4,,17.2,64.1,,13.636363636363635,16.2,6-9,210,81
203914,Gary Harris,ORL,12,25.5,6.1,1.4,1.8,2.1,6.0,0.8,3.9,1.1,1.3,december,2023-24,11.5,9.7,46.4,3.0,19.4,0.5,1.6,15.2,0.2,0.0,0.8,,16.7,,,,54.2,,,,,68.8,,65.0,25.5,6-4,210,76
1631121,Bryce McGowens,CHA,13,20.1,5.8,1.8,0.9,2.1,4.5,0.5,1.6,1.2,1.6,december,2023-24,12.5,6.2,55.7,3.7,17.3,0.6,2.19,11.8,0.5,0.0,0.7,5.2,24.2,12.4,,,37.6,5.7,6.2,,,50.0,,35.55555555555556,20.1,6-6,175,78
1629680,Matisse Thybulle,POR,13,25.6,5.8,2.9,1.2,2.0,5.3,1.6,4.3,0.2,0.3,december,2023-24,9.4,5.9,53.7,6.4,27.8,0.7,1.49,15.2,0.3,0.0,0.6,,,,,,,,,,,79.2,,81.13207547169812,25.6,6-5,201,77
1629656,Quentin Grimes,DET,13,17.1,5.8,1.5,0.9,2.2,5.1,1.4,3.5,0.2,0.4,december,2023-24,13.8,7.4,55.7,5.7,16.5,0.5,1.7,12.9,0.2,0.0,0.2,10.4,22.2,10.8,,,37.6,2.4,2.8,6.8,2.0,71.4,,68.62745098039215,17.1,6-5,210,77
1629674,Neemias Queta,BOS,10,15.4,5.7,5.1,0.7,2.3,3.6,0.0,0.0,1.1,1.5,december,2023-24,13.0,5.6,66.9,9.0,13.9,0.3,1.47,9.1,0.8,0.2,4.8,,7.1,,25.4,,2.8,,28.2,,20.9,57.6,,0.0,15.4,7-0,248,84
1641707,Taylor Hendricks,UTA,10,17.2,5.7,2.7,0.5,2.1,5.5,1.0,3.2,0.5,0.6,december,2023-24,15.3,3.6,49.4,5.4,16.3,0.3,1.27,10.7,0.2,0.0,0.9,,18.9,,7.0,,39.2,,11.2,,8.4,62.9,,58.18181818181819,17.2,6-9,215,81
201587,Nicolas Batum,PHI,8,23.7,5.6,3.5,3.0,2.0,4.0,1.1,2.8,0.5,0.9,december,2023-24,8.6,14.5,64.1,7.5,26.5,0.5,1.22,16.3,0.5,0.0,1.9,,14.2,,,,68.9,,,,,57.1,,70.0,23.7,6-8,230,80
1626174,Christian Wood,LAL,9,15.3,5.6,4.1,1.3,2.0,3.8,1.0,2.0,0.6,1.6,december,2023-24,15.5,11.9,62.3,9.4,21.0,0.7,1.86,10.6,1.1,0.5,1.0,,,,,,,,,,,58.3,,52.63157894736842,15.3,6-8,214,80
203926,Doug McDermott,IND,13,15.0,5.5,0.9,0.9,1.8,4.5,1.6,3.8,0.3,0.5,december,2023-24,14.3,7.8,57.6,4.4,17.4,0.4,1.44,12.5,0.1,0.0,0.0,,,,,,65.4,,,,,58.6,,84.44444444444444,15.0,6-6,225,78
1626192,Pat Connaughton,MIL,8,19.4,4.9,4.3,1.9,1.8,4.5,1.0,3.5,0.4,0.4,december,2023-24,9.6,10.8,52.3,7.3,27.6,0.9,1.94,15.4,0.4,0.0,1.1,,,,,,,,,,,76.9,,77.77777777777779,19.4,6-5,209,77
1630692,Jordan Goodwin,MEM,12,18.2,4.8,4.1,2.8,1.8,5.4,0.3,2.0,1.0,1.1,december,2023-24,15.6,21.9,41.0,6.6,37.8,2.2,3.54,15.0,0.6,0.0,1.3,,16.2,12.8,3.4,,42.7,,,,12.0,63.6,,37.03703703703704,18.2,6-4,200,76
1631108,Max Christie,LAL,9,16.9,4.8,3.1,1.1,1.8,4.4,0.9,2.2,0.3,0.7,december,2023-24,13.5,8.2,50.4,5.9,22.9,1.2,3.13,8.1,0.1,0.0,0.5,5.7,24.2,13.7,4.7,,33.9,4.0,2.6,5.7,,47.4,,50.0,16.9,6-5,190,77
1626172,Kevon Looney,GSW,13,17.1,4.8,5.8,2.2,2.0,3.3,0.0,0.0,0.8,1.2,december,2023-24,11.1,17.7,62.0,10.1,30.5,0.8,1.62,18.3,1.1,0.2,4.5,,,,19.3,,,,,,31.6,69.4,,0.0,17.1,6-9,222,81
1629234,Drew Eubanks,PHX,11,15.3,4.7,4.2,0.5,2.0,3.5,0.0,0.0,0.7,0.8,december,2023-24,13.8,5.1,62.0,9.1,23.5,0.7,1.67,12.8,1.5,0.0,3.5,,11.3,,36.6,,,,23.9,,8.5,57.5,,0.0,15.3,6-10,245,82
203488,Mike Muscala,OKC,12,15.3,4.6,2.9,1.0,1.5,4.2,0.8,2.4,0.8,1.2,december,2023-24,14.6,9.0,49.0,5.6,21.6,0.5,1.33,12.2,1.2,0.3,1.8,,,,,,,,,,,54.8,,57.14285714285714,15.3,6-10,240,82
203200,Justin Holiday,DEN,9,17.5,4.6,1.3,1.4,1.8,3.8,1.0,2.3,0.0,0.0,december,2023-24,9.3,10.4,60.3,5.7,16.6,0.4,1.45,10.1,0.2,0.0,0.6,,,,,,,,,,,77.3,,60.526315789473685,17.5,6-6,180,78
1629642,Nassir Little,PHX,11,16.6,4.4,3.0,0.8,1.7,3.7,0.5,1.8,0.4,0.5,december,2023-24,11.2,7.1,55.6,6.0,17.7,0.5,1.75,9.1,0.3,0.0,0.4,,,,,,,,,,,53.6,,48.648648648648646,16.6,6-6,220,78
1629723,John Konchar,MEM,12,16.3,4.2,4.0,1.1,1.4,3.4,0.8,2.5,0.5,0.6,december,2023-24,11.2,10.2,56.7,9.6,25.4,0.8,1.93,11.5,0.3,0.0,1.0,,34.2,,,,42.5,,,,,68.6,,73.52941176470588,16.3,6-5,210,77
1629312,Haywood Highsmith,MIA,7,16.2,4.1,2.7,1.0,1.4,4.1,0.9,2.9,0.4,0.7,december,2023-24,13.4,8.3,46.5,3.0,20.9,0.6,1.68,11.1,0.3,0.0,1.9,,,,,,,,,,,58.8,,70.73170731707317,16.2,6-5,220,77
202687,Bismack Biyombo,OKC,14,21.4,3.9,5.6,1.4,1.9,3.6,0.0,0.0,0.2,1.0,december,2023-24,10.4,8.5,48.1,5.0,30.3,0.8,1.59,16.4,1.9,0.1,4.6,,,,,,,,,,,58.8,,0.0,21.4,6-8,255,80
202397,Ish Smith,CHA,13,16.7,3.9,1.3,4.2,1.8,3.7,0.1,0.2,0.2,0.2,december,2023-24,12.0,32.7,52.2,7.8,32.8,2.9,5.35,9.8,0.3,0.0,0.5,,,,,,,,,,,67.9,,5.405405405405405,16.7,6-0,175,72
1630214,Xavier Tillman,BOS,13,16.9,3.8,3.4,0.9,1.7,5.0,0.2,1.5,0.2,0.8,december,2023-24,14.7,8.6,35.8,5.9,26.8,0.7,1.66,14.3,3.4,0.1,3.0,,,,,,,,,,,51.9,,30.0,16.9,6-7,245,79
1631216,Caleb Houstan,ORL,12,16.5,3.7,2.1,0.3,1.2,3.8,1.0,3.6,0.3,0.3,december,2023-24,11.0,2.7,46.1,2.7,11.5,0.2,1.06,7.7,0.1,0.0,0.7,,,,,,,,,,,54.5,,94.73684210526316,16.5,6-8,205,80
1630700,Dyson Daniels,NOP,14,15.7,3.6,2.3,1.2,1.2,3.0,0.5,1.5,0.6,0.9,december,2023-24,10.4,9.7,52.9,6.0,20.9,0.9,2.6,8.6,0.4,0.1,1.2,5.6,23.3,13.2,3.2,,18.5,5.8,15.9,,7.8,56.8,,50.0,15.7,6-7,199,79
1630256,Jae'Sean Tate,HOU,13,17.6,3.5,3.2,0.8,1.5,3.3,0.3,1.1,0.2,0.5,december,2023-24,9.6,5.8,49.3,3.5,18.9,0.6,1.92,9.2,0.5,0.2,1.4,,,,,,,,,,,66.7,,33.333333333333336,17.6,6-4,230,76
1629006,Josh Okogie,PHX,8,16.2,3.4,2.6,1.3,1.1,3.8,0.5,2.4,0.6,1.5,december,2023-24,12.8,10.9,38.3,3.3,20.8,0.8,2.34,11.8,0.4,0.0,1.3,,24.9,,,,41.5,,11.1,,9.7,75.0,,63.1578947368421,16.2,6-4,213,76
1630587,Isaiah Livers,DET,11,18.0,2.9,1.7,1.1,1.0,4.3,0.5,3.1,0.4,0.7,december,2023-24,11.7,8.5,31.7,0.5,18.1,0.6,1.98,9.8,0.5,0.0,0.5,,,,,,49.1,,,,,62.5,,72.09302325581396,18.0,6-6,232,78
1629020,Jarred Vanderbilt,LAL,13,17.8,2.6,4.1,0.8,1.2,3.4,0.1,1.1,0.2,0.3,december,2023-24,8.9,5.2,37.2,3.8,15.6,0.4,1.64,6.7,0.9,0.0,2.1,,18.0,,,,32.3,,16.9,,14.3,82.1,,32.35294117647059,17.8,6-8,214,80
1629029,Luka Dončić,DAL,10,38.8,37.1,9.2,10.4,12.1,24.8,3.4,9.8,9.5,12.4,january,2023-24,37.0,45.0,61.3,20.3,91.9,8.5,5.56,34.2,0.9,1.7,1.2,16.0,14.3,36.3,,7.6,8.7,2.3,1.3,7.4,1.7,67.3,,39.51612903225807,38.8,6-7,230,79
203954,Joel Embiid,PHI,9,33.6,36.3,10.1,4.8,12.0,23.3,1.4,3.6,10.9,12.7,january,2023-24,41.3,30.3,62.8,22.1,76.2,3.7,2.93,53.1,6.1,4.6,4.0,12.3,7.0,,22.0,21.7,12.9,2.3,6.6,1.8,7.1,53.2,,15.450643776824032,33.6,7-0,280,84
1628983,Shai Gilgeous-Alexander,OKC,17,33.8,31.5,5.6,6.4,10.4,19.2,1.4,3.5,9.3,10.8,january,2023-24,32.6,30.4,65.9,18.6,71.5,6.8,5.72,24.0,0.9,1.1,1.5,26.3,14.1,37.3,,4.7,6.2,2.1,3.3,1.6,,52.1,,18.229166666666668,33.8,6-6,195,78
203507,Giannis Antetokounmpo,MIL,15,36.0,30.8,12.6,7.3,11.6,19.1,0.6,1.9,7.0,11.1,january,2023-24,31.0,32.9,64.3,19.6,82.3,4.6,3.39,40.9,4.9,3.3,5.8,10.9,26.0,7.7,6.4,20.2,6.1,,7.9,,8.9,58.9,,9.947643979057592,36.0,6-11,243,83
1626164,Devin Booker,PHX,16,36.5,30.0,4.4,6.3,11.1,20.6,2.8,6.9,5.0,5.8,january,2023-24,30.1,26.2,64.7,15.6,66.9,5.5,4.92,32.4,0.8,0.4,1.0,14.0,15.7,33.1,1.8,3.8,9.5,7.5,1.6,7.5,1.7,73.9,,33.49514563106796,36.5,6-6,206,78
202681,Kyrie Irving,DAL,10,35.9,28.9,7.0,5.5,10.4,22.0,3.5,7.8,4.6,5.2,january,2023-24,30.4,24.6,59.5,16.8,75.2,5.6,4.46,29.4,0.8,0.3,1.7,,,,,,,,,,,79.5,,35.45454545454545,35.9,6-2,195,74
1628973,Jalen Brunson,NYK,14,35.5,28.9,3.6,7.7,10.2,20.6,2.7,7.2,5.7,6.5,january,2023-24,30.0,32.9,61.6,16.7,83.2,8.7,6.28,31.9,0.4,0.5,0.4,14.4,14.3,36.0,,3.3,16.4,5.6,1.9,2.5,,65.2,,34.95145631067961,35.5,6-2,190,74
1628378,Donovan Mitchell,CLE,13,34.1,28.6,5.2,7.6,9.9,21.0,3.5,9.7,5.3,6.5,january,2023-24,33.4,36.1,59.9,18.1,84.8,7.2,5.08,32.7,0.7,0.0,1.2,11.4,22.8,34.1,1.5,,11.4,6.9,1.9,3.8,1.6,71.1,,46.19047619047619,34.1,6-3,215,75
201939,Stephen Curry,GSW,11,33.6,28.2,3.9,6.3,9.5,20.6,4.8,11.8,4.5,4.8,january,2023-24,31.5,26.6,61.9,13.8,66.5,5.1,4.61,24.9,0.8,0.1,0.7,10.1,13.8,21.1,,,11.6,12.0,7.0,18.0,1.3,76.7,,57.28155339805825,33.6,6-2,185,74
1628369,Jayson Tatum,BOS,15,34.0,26.9,8.6,4.7,8.7,18.5,2.9,7.3,6.5,7.9,january,2023-24,30.3,22.6,61.3,16.8,73.1,4.7,3.86,36.5,1.7,1.2,1.7,,,,,,,,,,,66.7,,39.45945945945945,34.0,6-8,210,80
203999,Nikola Jokić,DEN,14,34.0,26.6,11.6,8.6,10.6,16.0,0.9,1.9,4.5,5.6,january,2023-24,28.0,41.2,72.2,22.2,98.2,4.8,2.91,52.4,11.6,9.1,7.7,5.3,10.1,9.7,13.0,22.8,9.0,,7.3,5.3,9.3,65.6,,11.875,34.0,6-11,284,83
1631094,Paolo Banchero,ORL,16,36.3,25.8,7.1,5.7,8.9,20.4,1.9,5.4,6.1,8.8,january,2023-24,32.8,27.2,53.0,13.5,81.8,6.4,4.67,39.7,0.8,2.3,1.7,14.7,19.8,19.4,5.2,9.3,15.4,2.6,4.7,3.6,2.6,63.2,,26.470588235294123,36.3,6-10,250,82
1626157,Karl-Anthony Towns,MIN,17,34.0,25.6,7.8,3.5,9.2,16.8,2.8,5.7,4.4,5.2,january,2023-24,28.3,16.6,67.1,15.7,54.1,2.0,2.22,37.1,2.5,3.8,2.9,10.0,15.2,1.6,13.8,11.1,19.9,1.9,5.9,2.3,12.6,63.9,,33.92857142857143,34.0,7-0,248,84
201142,Kevin Durant,PHX,13,37.6,25.2,6.6,5.2,9.7,17.5,2.4,5.9,3.5,3.9,january,2023-24,25.0,19.5,65.5,14.2,69.5,4.0,3.43,38.2,1.8,1.8,1.2,20.8,13.5,18.4,1.7,7.3,15.2,7.5,2.3,7.5,1.1,56.9,,33.71428571428572,37.6,6-11,240,83
203944,Julius Randle,NYK,14,35.0,24.9,8.3,5.3,8.8,18.4,2.2,6.0,5.1,6.2,january,2023-24,30.0,23.6,58.9,13.9,74.2,4.0,3.21,50.3,2.1,2.9,3.7,15.8,16.5,9.4,7.3,10.1,21.1,2.4,5.0,3.2,5.4,57.7,,32.608695652173914,35.0,6-8,250,80
203076,Anthony Davis,LAL,14,36.6,24.7,11.4,4.6,9.6,17.1,0.4,1.6,5.2,6.5,january,2023-24,25.9,19.3,62.0,15.2,76.8,3.0,2.37,44.1,5.3,4.4,8.2,11.5,10.3,5.8,19.3,12.5,9.8,,8.8,,14.5,70.3,,9.35672514619883,36.6,6-10,253,82
1630162,Anthony Edwards,MIN,17,35.4,24.7,4.8,5.4,8.5,17.8,2.4,5.6,5.3,6.2,january,2023-24,29.9,24.5,60.2,13.5,70.6,5.2,4.45,37.7,0.5,0.7,1.1,23.4,15.7,23.5,,4.9,12.9,7.3,2.0,4.8,1.2,57.1,,31.46067415730337,35.4,6-4,225,76
1630178,Tyrese Maxey,PHI,11,37.7,24.5,3.1,6.8,8.2,19.5,2.8,8.2,5.3,6.3,january,2023-24,26.6,27.0,55.0,12.1,88.2,7.4,5.05,32.3,0.3,0.0,0.8,14.5,21.9,26.2,1.3,1.4,14.3,6.7,3.0,5.4,,60.0,,42.051282051282044,37.7,6-2,200,74
1628991,Jaren Jackson Jr.,MEM,13,32.3,24.1,5.8,2.8,8.3,19.6,1.9,6.5,5.5,6.6,january,2023-24,33.2,15.5,53.4,11.7,59.5,2.9,2.9,36.8,1.7,1.9,1.3,11.1,15.3,2.1,9.7,19.8,26.4,1.5,3.4,,3.9,61.8,,33.16326530612245,32.3,6-10,242,82
1641705,Victor Wembanyama,SAS,14,26.7,24.0,9.6,3.3,8.7,17.2,1.6,5.1,4.9,5.9,january,2023-24,36.0,21.5,60.5,18.5,56.1,2.1,2.3,37.9,4.1,3.4,9.2,14.5,16.8,6.7,8.2,11.7,13.5,2.6,8.6,7.5,6.1,55.2,,29.651162790697672,26.7,7-4,210,88
1628969,Mikal Bridges,BKN,14,37.7,23.8,4.4,3.4,8.1,18.1,3.4,8.9,4.1,5.0,january,2023-24,25.9,14.2,58.7,11.0,63.8,3.2,3.01,39.4,0.9,0.3,1.2,2.3,25.3,9.1,3.4,2.3,36.2,6.3,5.0,4.8,2.7,62.1,,49.17127071823204,37.7,6-6,209,78
1629027,Trae Young,ATL,12,35.6,23.8,2.6,9.9,7.3,18.7,2.5,7.8,6.8,7.8,january,2023-24,28.9,42.2,53.8,11.6,83.5,8.2,5.86,28.2,0.0,0.0,0.5,12.0,20.4,39.3,,,8.4,10.5,,,,68.1,,41.711229946524064,35.6,6-1,164,73
1627749,Dejounte Murray,ATL,14,35.5,23.7,5.9,5.1,9.2,18.6,2.2,5.8,3.1,3.6,january,2023-24,25.4,23.2,58.7,12.8,78.3,6.2,4.76,31.1,0.5,0.0,0.9,,,,,,,,,,,68.4,,31.182795698924725,35.5,6-5,180,77
2544,LeBron James,LAL,13,35.9,23.6,7.6,8.5,9.1,18.6,1.9,5.2,3.5,5.3,january,2023-24,27.8,34.6,56.4,13.7,75.4,4.9,3.87,33.4,1.2,2.6,2.3,12.8,24.5,12.5,3.1,12.1,12.6,,5.7,7.5,1.9,69.8,,27.956989247311824,35.9,6-9,250,81
203081,Damian Lillard,MIL,15,35.6,23.6,4.1,6.6,7.1,18.3,2.3,8.4,7.0,7.5,january,2023-24,27.3,25.8,54.5,12.3,78.1,6.9,5.27,28.3,0.1,0.1,0.5,,,,,,,,,,,64.3,,45.90163934426229,35.6,6-2,195,74
1627750,Jamal Murray,DEN,15,34.3,23.6,3.7,6.7,8.9,18.2,2.2,5.9,3.7,4.4,january,2023-24,28.0,29.5,58.6,13.1,73.5,6.6,5.41,32.3,1.0,0.9,0.7,14.6,13.0,35.4,,2.9,8.6,11.5,3.8,4.0,,65.7,,32.417582417582416,34.3,6-4,215,76
1628374,Lauri Markkanen,UTA,16,31.7,23.5,8.7,2.4,7.6,15.3,3.3,7.4,5.0,5.6,january,2023-24,23.9,10.1,66.2,14.5,49.9,1.5,1.81,30.3,1.6,1.3,5.1,4.0,15.6,3.0,8.3,5.7,12.8,7.5,10.6,20.7,7.0,58.3,,48.36601307189542,31.7,7-0,240,84
202331,Paul George,LAC,14,33.1,23.4,5.3,2.4,8.1,16.4,3.8,8.6,3.4,3.9,january,2023-24,26.3,10.1,64.6,12.7,54.1,2.8,3.1,29.7,1.1,0.7,1.5,18.4,12.4,14.2,,5.5,22.9,3.2,,12.4,,51.4,,52.4390243902439,33.1,6-8,220,80
1630217,Desmond Bane,MEM,6,34.6,23.3,4.5,5.8,8.3,16.8,2.7,7.0,4.0,4.5,january,2023-24,24.4,28.5,62.0,14.2,76.0,5.2,4.13,36.5,0.2,0.0,1.2,7.0,19.3,25.5,,,17.4,7.4,4.1,9.1,3.8,61.1,,41.666666666666664,34.6,6-5,215,77
1628970,Miles Bridges,CHA,16,38.3,23.2,7.9,3.4,8.9,18.1,2.9,7.1,2.5,2.9,january,2023-24,24.3,14.7,59.7,12.9,71.5,2.9,2.4,42.4,1.2,0.7,1.7,9.0,16.5,14.9,7.4,4.9,29.8,7.2,3.2,,2.1,61.3,,39.22651933701657,38.3,6-7,225,79
202695,Kawhi Leonard,LAC,15,34.2,23.1,7.0,4.1,9.1,16.9,2.0,4.3,3.0,3.3,january,2023-24,25.5,17.5,62.9,16.3,53.9,3.3,3.62,34.6,2.4,1.8,2.7,16.5,19.6,25.9,,6.0,12.2,3.4,3.0,7.2,2.8,66.7,,25.443786982248522,34.2,6-7,225,79
1630578,Alperen Sengun,HOU,17,33.8,22.7,9.2,5.0,9.1,16.7,0.3,1.6,4.3,5.9,january,2023-24,28.0,24.7,58.8,14.6,64.2,2.5,2.36,47.1,6.7,3.9,6.3,14.9,13.5,5.2,9.2,21.7,11.8,,9.1,,7.4,61.8,,9.580838323353294,33.8,6-11,243,83
1626156,D'Angelo Russell,LAL,13,34.7,22.7,1.8,6.0,8.2,16.7,3.9,8.5,2.5,2.9,january,2023-24,24.3,23.9,63.1,10.5,65.8,4.4,3.97,29.6,0.3,0.2,0.7,8.7,15.5,36.2,,,20.8,7.9,,,,70.4,,50.898203592814376,34.7,6-3,193,75
202710,Jimmy Butler III,MIA,9,34.2,22.7,5.4,4.2,7.3,12.2,1.2,2.0,6.8,7.8,january,2023-24,22.1,20.7,72.4,15.6,53.9,3.8,4.25,32.9,1.4,2.2,5.6,17.7,17.2,13.1,2.7,6.1,14.0,1.7,12.1,2.4,7.9,71.4,,16.393442622950822,34.2,6-7,230,79
1628368,De'Aaron Fox,SAC,15,36.1,22.5,3.3,4.5,8.1,18.7,2.1,6.3,4.2,5.7,january,2023-24,27.1,17.7,53.0,9.1,76.9,6.3,4.89,25.7,0.3,0.4,0.5,10.1,22.8,29.1,,,18.1,6.4,2.0,3.7,1.7,69.0,,33.68983957219251,36.1,6-3,185,75
1627783,Pascal Siakam,IND,14,33.1,22.4,6.2,4.4,8.6,15.0,1.6,3.1,3.7,4.9,january,2023-24,23.1,19.2,65.4,13.8,53.3,2.4,2.68,33.6,1.9,2.0,4.4,13.3,20.6,13.9,6.5,11.3,16.2,3.0,3.2,4.0,5.0,67.1,,20.666666666666668,33.1,6-8,245,80
1630163,LaMelo Ball,CHA,7,30.0,22.3,4.4,7.6,7.3,17.9,2.6,9.0,5.1,5.9,january,2023-24,33.0,41.4,54.5,12.8,81.3,7.0,5.18,30.6,0.6,0.0,1.7,12.2,12.8,39.4,1.6,,19.4,6.5,,1.7,2.0,68.0,,50.27932960893855,30.0,6-7,180,79
1629632,Coby White,CHI,15,38.2,22.1,5.5,5.9,7.9,15.9,2.6,6.7,3.6,4.5,january,2023-24,23.1,22.8,61.6,11.9,82.2,5.1,3.73,35.4,0.1,0.0,0.3,7.7,29.3,29.6,,,20.9,3.1,,2.6,,68.8,,42.138364779874216,38.2,6-5,195,77
1627759,Jaylen Brown,BOS,15,32.4,22.0,5.9,3.7,8.3,16.4,1.7,5.1,3.7,5.2,january,2023-24,26.8,17.6,58.9,12.0,54.0,3.6,4.03,26.4,0.9,2.1,2.2,20.6,20.4,22.2,1.8,4.7,13.0,4.1,1.1,7.4,1.8,68.6,,31.097560975609756,32.4,6-6,223,78
201942,DeMar DeRozan,CHI,15,38.7,21.2,4.5,5.1,7.5,15.2,1.1,3.3,5.1,5.9,january,2023-24,21.9,19.7,59.5,11.5,64.0,5.0,4.67,32.0,0.8,1.7,0.4,19.9,10.0,17.6,1.7,12.0,19.1,6.1,3.9,4.6,1.7,59.0,,21.710526315789476,38.7,6-6,220,78
202711,Bojan Bogdanovic,NYK,13,31.9,21.0,3.0,2.3,7.5,15.7,3.4,7.4,2.7,3.4,january,2023-24,25.2,10.6,61.1,9.4,41.5,1.9,2.8,31.6,0.5,0.5,0.7,,,,,,,,,,,78.8,,47.133757961783445,31.9,6-7,226,79
1629628,RJ Barrett,TOR,13,33.6,21.0,7.1,3.5,8.1,14.7,1.4,3.8,3.5,5.4,january,2023-24,24.1,15.3,61.5,11.5,53.2,2.2,2.46,32.2,1.2,0.6,2.4,2.7,28.5,18.0,,2.4,23.8,6.6,7.3,3.4,3.4,60.0,,25.850340136054424,33.6,6-6,214,78
1629627,Zion Williamson,NOP,11,28.9,21.0,3.8,4.8,8.6,14.2,0.1,0.2,3.6,5.2,january,2023-24,27.5,26.0,63.8,13.3,51.4,3.0,3.52,31.2,2.6,3.3,3.9,23.8,15.0,15.3,4.8,10.2,5.5,2.6,10.5,,8.6,48.3,,1.4084507042253522,28.9,6-6,284,78
1627734,Domantas Sabonis,SAC,15,36.9,20.8,14.5,9.0,8.7,13.1,0.7,0.9,2.7,3.6,january,2023-24,21.2,34.3,70.7,18.0,97.5,3.9,2.42,57.5,8.4,3.9,9.9,,9.0,,28.5,13.1,9.0,,14.9,,10.9,56.8,,6.870229007633588,36.9,6-10,240,82
1629012,Collin Sexton,UTA,16,25.6,20.6,2.4,6.1,7.1,14.1,1.8,4.1,4.6,5.2,january,2023-24,28.3,33.2,62.9,13.7,56.5,4.8,5.05,25.4,0.4,0.0,1.3,5.2,21.4,36.3,2.5,,20.6,4.3,2.5,,,77.3,,29.078014184397162,25.6,6-3,190,75
1630228,Jonathan Kuminga,GSW,12,30.5,20.6,5.8,2.4,7.9,13.5,1.2,2.9,3.6,4.5,january,2023-24,23.3,11.6,66.5,13.2,47.8,2.3,2.88,25.3,0.8,2.3,2.5,12.6,17.4,21.1,,6.7,18.1,,9.6,,7.0,63.2,,21.48148148148148,30.5,6-7,225,79
1630224,Jalen Green,HOU,17,32.0,20.4,5.6,3.5,7.1,16.5,2.3,7.6,3.9,4.7,january,2023-24,27.0,16.7,54.9,11.9,56.9,3.9,4.16,23.2,0.4,0.0,0.8,,,,,,,,,,,62.3,,46.060606060606055,32.0,6-4,186,76
202691,Klay Thompson,GSW,11,32.7,20.0,2.6,3.1,7.1,16.4,4.1,10.1,1.7,1.8,january,2023-24,23.4,12.9,58.3,8.1,35.2,1.3,2.18,28.7,0.9,0.3,1.7,,19.2,7.1,,,25.9,12.2,2.8,26.3,,69.4,,61.58536585365854,32.7,6-6,220,78
1631114,Jalen Williams,OKC,16,32.2,19.9,4.3,5.4,8.2,14.3,1.6,3.2,1.9,2.7,january,2023-24,22.8,22.3,64.1,12.7,59.1,4.0,4.02,26.8,0.9,0.1,2.4,14.8,21.0,36.0,,,16.9,3.0,4.3,,,53.8,,22.377622377622377,32.2,6-5,211,77
1629014,Anfernee Simons,POR,15,33.2,19.8,3.7,5.1,6.9,16.3,3.0,8.0,3.1,3.5,january,2023-24,26.3,26.6,55.6,9.8,69.7,6.2,5.31,31.2,0.2,0.0,0.3,18.2,14.5,28.8,,,19.8,7.2,,4.9,,74.1,,49.079754601226995,33.2,6-3,193,75
1628398,Kyle Kuzma,WAS,15,31.6,19.7,7.3,4.3,7.9,18.1,1.7,6.2,2.2,2.5,january,2023-24,29.2,21.0,51.3,11.4,54.9,2.9,3.17,34.2,1.6,0.8,3.1,5.1,27.3,5.3,8.7,2.8,27.5,4.1,8.5,,4.9,56.6,,34.254143646408835,31.6,6-9,221,81
203924,Jerami Grant,POR,16,30.7,19.3,3.1,2.5,6.8,14.6,1.4,3.8,4.3,5.4,january,2023-24,25.6,14.0,57.0,10.6,46.3,2.2,2.8,30.3,1.5,1.6,1.8,10.7,16.2,13.9,2.2,2.0,35.4,4.8,4.6,4.2,2.4,65.2,,26.027397260273972,30.7,6-7,210,79
203501,Tim Hardaway Jr.,DAL,15,32.2,19.2,3.7,1.6,6.5,14.7,3.2,8.4,2.9,3.3,january,2023-24,22.5,7.7,59.5,9.7,44.5,1.9,2.55,25.3,0.3,0.0,0.3,2.2,21.3,5.7,3.2,,32.4,12.1,2.8,15.8,,74.1,,57.14285714285715,32.2,6-5,205,77
1630560,Cam Thomas,BKN,14,27.4,19.1,2.8,2.6,6.6,14.6,1.6,4.8,4.4,5.1,january,2023-24,28.5,15.0,57.0,11.3,49.6,3.3,4.0,29.5,0.4,0.0,0.3,16.4,12.0,28.1,,,12.0,17.8,,,,51.7,,32.87671232876712,27.4,6-3,210,75
202699,Tobias Harris,PHI,11,33.1,19.1,5.7,3.4,6.9,13.5,1.3,3.6,4.0,4.5,january,2023-24,21.3,15.0,61.6,13.6,50.5,2.8,3.29,26.8,1.1,2.2,3.5,4.2,17.9,6.8,,14.6,31.8,,6.3,3.0,6.3,60.4,,26.666666666666668,33.1,6-8,226,80
203903,Jordan Clarkson,UTA,16,29.9,18.8,3.6,4.4,6.9,15.2,1.6,5.3,3.4,3.7,january,2023-24,26.8,22.5,55.8,10.5,51.3,3.1,3.68,35.0,1.6,0.0,1.7,5.2,25.6,12.3,,,36.0,7.8,4.2,,3.9,66.1,,34.86842105263158,29.9,6-3,194,75
1628389,Bam Adebayo,MIA,16,35.9,18.5,11.0,4.5,7.1,14.6,0.0,0.4,4.4,5.6,january,2023-24,23.8,21.6,54.1,14.1,61.6,3.1,3.0,35.6,5.5,3.5,7.3,8.0,20.2,,9.1,11.3,30.1,,7.1,2.4,6.5,59.2,,2.7397260273972606,35.9,6-9,255,81
1630170,Devin Vassell,SAS,16,33.5,18.5,3.9,4.5,6.8,14.4,2.1,6.0,2.8,3.6,january,2023-24,21.7,19.5,57.8,10.6,53.4,2.8,3.11,36.8,0.4,0.0,0.7,2.7,22.2,11.5,,,35.3,10.7,,11.8,,72.4,,41.666666666666664,33.5,6-5,200,77
203078,Bradley Beal,PHX,16,36.2,18.4,4.9,4.8,7.4,15.3,1.6,4.8,2.0,2.7,january,2023-24,22.2,17.8,56.1,8.9,65.9,4.6,4.16,27.0,0.6,0.1,1.0,,,21.3,,,24.6,,,,,58.7,,31.372549019607842,36.2,6-4,207,76
1629639,Tyler Herro,MIA,15,33.5,18.4,5.3,4.1,6.8,16.9,3.4,8.7,1.4,1.8,january,2023-24,25.5,20.5,51.9,9.8,59.9,3.4,3.41,31.4,0.4,0.1,0.8,13.3,27.7,13.9,,,32.4,,,5.8,,60.6,,51.4792899408284,33.5,6-5,195,77
1630567,Scottie Barnes,TOR,15,35.4,18.3,5.5,5.8,6.9,14.9,1.2,4.4,3.4,4.5,january,2023-24,24.0,23.8,54.4,10.0,73.9,3.4,2.8,39.7,2.3,2.1,3.3,7.9,21.7,13.1,5.7,10.7,19.7,2.2,9.3,1.5,5.0,61.5,,29.53020134228188,35.4,6-7,237,79
204001,Kristaps Porziņģis,BOS,11,28.0,18.3,6.2,2.5,5.7,11.3,2.0,4.5,4.8,5.6,january,2023-24,22.9,12.6,66.4,11.9,46.5,1.3,1.63,31.8,4.1,3.4,7.1,,14.6,,11.3,24.3,17.4,,7.7,10.5,6.1,47.6,,39.82300884955752,28.0,7-2,240,86
1626179,Terry Rozier,MIA,15,33.1,18.3,3.9,5.5,6.5,15.2,2.4,7.1,2.9,3.5,january,2023-24,24.2,28.6,54.6,10.9,80.8,6.0,4.45,39.5,0.3,0.0,0.6,,,,,,,,,,,70.3,,46.71052631578947,33.1,6-1,190,73
1630595,Cade Cunningham,DET,6,30.2,18.2,3.3,8.0,7.3,16.3,1.5,4.7,2.0,2.8,january,2023-24,27.8,41.7,51.7,10.1,74.5,7.0,5.66,25.8,0.0,0.7,0.0,11.5,17.5,38.7,,3.5,8.5,8.4,1.6,4.4,1.3,68.8,,28.834355828220858,30.2,6-6,220,78
203468,CJ McCollum,NOP,14,29.8,18.1,4.6,4.3,6.5,13.7,3.4,7.6,1.6,1.9,january,2023-24,23.5,20.4,62.0,11.6,62.2,4.2,4.03,24.8,0.6,0.0,0.6,8.8,18.2,31.4,,,17.8,9.7,,6.3,,69.7,,55.47445255474452,29.8,6-3,190,75
1630169,Tyrese Haliburton,IND,7,28.7,17.9,4.6,11.6,6.3,14.3,2.0,6.6,3.3,3.6,january,2023-24,23.6,51.6,56.3,17.3,82.0,6.3,4.58,23.6,0.4,0.0,0.9,,,,,,,,,,,81.8,,46.15384615384615,28.7,6-5,185,77
1631099,Keegan Murray,SAC,15,34.1,17.7,5.8,1.6,6.9,13.5,2.4,6.1,1.4,2.0,january,2023-24,18.7,6.5,61.3,10.0,42.9,1.4,1.92,29.6,0.6,0.1,2.7,4.2,18.5,10.8,5.4,,30.8,,4.2,14.2,4.2,62.1,,45.18518518518518,34.1,6-8,225,80
202696,Nikola Vučević,CHI,13,33.5,17.6,11.0,3.7,8.0,15.3,1.1,4.4,0.5,0.7,january,2023-24,22.1,16.2,56.4,13.8,60.9,1.4,1.35,43.2,5.7,3.2,7.5,,12.5,,28.8,16.1,15.2,,10.0,3.6,7.6,58.9,,28.758169934640527,33.5,6-10,260,82
203935,Marcus Smart,MEM,5,32.2,17.6,3.8,3.8,6.0,13.8,3.2,8.8,2.4,3.4,january,2023-24,23.6,16.4,57.5,9.0,54.0,3.4,3.77,25.8,0.2,1.8,1.6,4.2,18.4,15.1,5.0,,38.3,,,,,62.5,,63.76811594202899,32.2,6-3,220,75
1627742,Brandon Ingram,NOP,14,31.2,17.5,5.5,5.9,6.4,14.0,1.2,3.4,3.6,4.6,january,2023-24,24.8,26.5,54.5,11.3,60.1,4.0,4.03,33.7,1.1,1.1,0.9,13.8,16.6,16.2,,7.7,18.3,5.8,4.3,12.1,2.4,70.0,,24.285714285714285,31.2,6-8,190,80
202692,Alec Burks,NYK,15,24.9,17.4,3.0,2.1,5.4,11.9,3.3,7.2,3.3,3.6,january,2023-24,24.3,12.2,64.7,11.4,42.0,1.8,2.61,25.2,0.3,0.0,0.3,,,,,,,,,,,63.6,,60.50420168067227,24.9,6-5,214,77
1628386,Jarrett Allen,CLE,13,31.9,17.2,13.3,3.2,6.8,11.2,0.0,0.0,3.7,4.5,january,2023-24,19.9,14.5,65.3,17.6,54.2,1.6,1.74,35.4,6.6,0.3,10.7,,13.6,,20.9,7.8,4.1,,33.1,,9.2,56.3,,0.0,31.9,6-9,243,81
1631093,Jaden Ivey,DET,15,29.0,17.1,4.3,4.7,6.3,13.9,1.9,5.4,2.7,4.1,january,2023-24,26.6,22.4,54.6,8.4,47.1,3.3,4.19,24.7,0.7,0.0,1.5,5.6,26.4,11.6,,,34.3,5.6,,,,59.0,,38.84892086330935,29.0,6-4,195,76
1630532,Franz Wagner,ORL,8,28.5,17.1,4.9,4.1,6.3,13.1,2.1,5.1,2.5,2.8,january,2023-24,24.5,23.7,59.7,12.8,53.9,3.6,4.01,30.5,0.8,0.6,1.5,7.6,20.4,22.9,2.9,6.9,16.6,3.2,6.7,3.6,4.4,65.0,,38.93129770992366,28.5,6-10,220,82
1630552,Jalen Johnson,ATL,15,35.9,16.8,8.5,3.7,6.7,13.4,1.3,3.7,2.2,3.0,january,2023-24,18.1,15.6,57.1,11.0,77.4,2.5,1.93,36.5,1.4,0.3,3.3,7.9,22.5,23.7,2.9,4.5,14.4,7.3,6.8,1.8,4.0,63.2,,27.611940298507463,35.9,6-8,219,80
1630193,Immanuel Quickley,TOR,12,31.8,16.7,4.6,6.1,5.6,13.6,2.7,6.0,2.8,3.3,january,2023-24,22.3,27.1,55.4,10.8,70.2,5.1,4.36,27.5,0.5,0.0,0.5,6.1,28.1,20.9,,,25.4,6.4,1.9,4.1,1.4,75.4,,44.11764705882353,31.8,6-2,190,74
203114,Khris Middleton,MIL,14,29.6,16.6,3.9,5.7,6.1,12.2,2.0,5.1,2.3,2.8,january,2023-24,21.7,27.3,61.6,11.4,56.4,3.4,3.58,29.9,0.4,0.7,0.9,6.1,15.3,22.7,,13.6,16.6,5.8,,6.4,5.8,67.9,,41.80327868852459,29.6,6-7,222,79
201935,James Harden,LAC,15,34.2,16.5,5.1,9.6,5.0,11.5,2.7,6.7,3.9,4.3,january,2023-24,20.3,35.2,61.6,13.5,77.8,7.2,5.56,25.4,1.1,0.1,0.5,42.5,13.1,25.0,,1.3,7.5,4.6,,,,55.3,,58.26086956521739,34.2,6-5,220,77
203992,Bogdan Bogdanović,ATL,15,28.2,16.3,2.7,2.3,5.5,13.5,2.7,7.7,2.5,2.8,january,2023-24,23.2,12.2,55.6,8.2,41.9,1.5,2.11,28.7,0.6,0.1,0.9,,12.2,34.4,,,24.4,,,,,63.9,,57.03703703703704,28.2,6-5,225,77
1626167,Myles Turner,IND,16,27.3,16.3,6.1,1.5,6.1,11.8,1.2,4.2,2.9,3.9,january,2023-24,22.9,7.5,60.0,9.7,36.0,0.9,1.54,28.0,3.2,1.5,5.5,,7.7,,17.7,7.3,42.3,,7.1,,6.0,66.4,,35.59322033898305,27.3,6-11,250,83
1641706,Brandon Miller,CHA,13,30.3,16.0,4.1,2.4,5.9,14.1,2.2,6.7,1.9,2.3,january,2023-24,23.8,12.5,53.0,8.1,53.9,2.5,2.8,33.5,0.4,0.1,1.2,10.8,16.1,20.6,9.6,2.7,20.2,9.0,,3.4,,67.1,,47.5177304964539,30.3,6-7,200,79
1628384,OG Anunoby,NYK,14,35.7,15.6,4.6,1.5,5.8,11.2,1.8,4.6,2.3,2.7,january,2023-24,16.3,5.6,63.0,9.5,40.8,1.3,1.93,27.9,0.9,0.2,2.9,5.9,22.4,5.9,3.0,2.8,38.2,4.8,5.3,3.4,4.4,52.1,,41.07142857142857,35.7,6-7,240,79
1627747,Caris LeVert,CLE,11,26.7,15.6,3.5,4.6,5.5,12.4,1.9,5.2,2.6,3.4,january,2023-24,24.1,24.9,56.5,12.2,53.5,4.1,4.64,28.2,0.5,0.0,0.7,6.2,19.0,24.0,,,26.9,4.5,6.6,5.0,,51.2,,41.935483870967744,26.7,6-6,205,78
1628978,Donte DiVincenzo,NYK,16,26.8,15.6,3.8,3.3,5.4,12.1,3.5,8.8,1.4,1.9,january,2023-24,22.9,17.2,60.6,11.1,44.1,1.7,2.25,28.4,0.4,0.0,1.1,1.9,18.5,11.6,,,33.0,10.8,,14.6,3.0,69.2,,72.72727272727273,26.8,6-4,203,76
203897,Zach LaVine,CHI,7,33.8,15.6,5.9,5.3,5.4,11.1,2.3,5.9,2.4,3.0,january,2023-24,19.4,20.7,62.5,10.3,57.1,3.2,3.31,26.7,0.4,0.0,0.9,9.3,23.5,19.5,4.0,,22.7,6.3,3.4,8.5,,31.3,,53.153153153153156,33.8,6-5,200,77
1631097,Bennedict Mathurin,IND,16,26.6,15.6,4.3,1.9,5.5,11.8,1.2,3.5,3.4,4.2,january,2023-24,23.2,10.3,57.0,9.5,42.6,1.8,2.6,28.2,1.1,0.1,1.7,9.0,22.3,27.0,,,17.2,5.2,7.6,5.7,,66.7,,29.66101694915254,26.6,6-5,210,77
1627832,Fred VanVleet,HOU,16,35.8,15.5,3.4,8.1,5.4,12.6,2.8,8.1,1.9,2.4,january,2023-24,17.6,31.2,57.0,10.9,76.1,6.2,4.89,27.4,0.1,0.0,0.0,,,,,,,,,,,52.9,,64.28571428571428,35.8,6-0,197,72
1630559,Austin Reaves,LAL,15,33.3,15.5,2.9,5.9,5.4,10.7,1.4,4.5,3.3,3.9,january,2023-24,17.7,23.3,62.5,9.1,59.0,4.1,4.15,24.0,0.3,0.0,0.7,13.5,15.8,35.6,,,14.0,5.6,,5.6,,61.1,,42.056074766355145,33.3,6-5,197,77
1629008,Michael Porter Jr.,DEN,15,32.1,15.3,6.0,1.1,5.9,12.2,2.5,6.3,0.9,1.1,january,2023-24,18.3,4.4,60.4,8.9,38.1,1.3,1.99,23.5,1.3,0.1,1.8,6.9,13.2,5.7,2.7,2.5,21.5,16.9,8.5,13.1,4.9,60.7,,51.63934426229508,32.1,6-10,218,82
1629028,Deandre Ayton,POR,8,32.2,15.1,9.6,1.5,7.1,12.8,0.0,0.0,0.9,1.0,january,2023-24,19.5,7.3,57.3,12.2,51.6,1.5,1.69,29.1,5.9,2.9,9.8,,9.8,,28.6,9.5,2.9,,26.3,,13.6,60.4,,0.0,32.2,7-0,247,84
1631105,Jalen Duren,DET,15,29.7,15.1,11.9,2.5,6.8,10.4,0.0,0.0,1.5,2.0,january,2023-24,17.7,12.3,66.8,14.0,61.3,2.0,1.99,27.3,5.3,0.7,8.9,8.9,12.2,3.2,14.9,8.7,6.8,,20.0,,16.4,67.5,,0.0,29.7,6-10,250,82
1628381,John Collins,UTA,16,24.6,15.0,7.7,1.6,6.3,10.7,0.8,3.3,1.6,2.0,january,2023-24,20.7,8.8,64.8,12.1,41.3,1.1,1.57,23.2,0.9,0.8,5.0,,18.7,,6.3,9.1,33.6,2.3,10.3,,9.8,63.4,,30.8411214953271,24.6,6-9,226,81
1631096,Chet Holmgren,OKC,17,30.5,14.9,7.3,3.1,6.1,11.8,1.4,4.1,1.4,2.4,january,2023-24,20.0,13.6,58.2,11.4,54.5,1.8,1.98,28.0,1.9,0.5,4.2,7.8,16.0,2.8,14.1,6.5,19.7,,13.4,4.3,9.6,54.4,,34.7457627118644,30.5,7-1,208,85
1627763,Malcolm Brogdon,POR,14,28.5,14.9,3.8,5.0,5.0,11.4,1.9,4.6,3.0,3.3,january,2023-24,22.1,26.9,58.0,11.6,60.2,4.8,4.82,26.7,0.1,0.2,0.5,,,,,,,,,,,66.7,,40.35087719298245,28.5,6-4,229,76
1631246,Vince Williams Jr.,MEM,12,32.7,14.8,6.5,3.3,4.8,9.5,2.5,5.3,2.7,3.4,january,2023-24,16.5,14.6,67.4,10.9,56.6,2.8,3.02,30.0,0.6,0.1,2.8,,17.7,29.5,,,31.5,,,,,60.9,,55.78947368421052,32.7,6-4,205,76
1628415,Dillon Brooks,HOU,10,32.7,14.8,3.3,1.1,5.1,12.1,1.9,5.5,2.7,3.2,january,2023-24,18.6,4.8,54.8,5.6,35.5,1.3,2.26,22.9,0.7,0.7,1.7,9.3,14.6,19.9,1.5,9.9,31.8,2.8,1.7,2.8,2.4,66.7,,45.45454545454546,32.7,6-6,225,78
1629640,Keldon Johnson,SAS,15,26.8,14.8,5.2,1.9,5.3,12.4,1.4,4.4,2.9,3.5,january,2023-24,23.6,10.3,53.1,9.1,46.7,2.3,3.0,22.9,0.5,0.3,2.2,3.9,20.0,2.8,,4.4,32.0,7.4,9.2,,10.9,50.7,,35.483870967741936,26.8,6-5,220,77
1629673,Jordan Poole,WAS,14,29.0,14.8,1.6,2.6,5.4,13.0,1.7,5.5,2.4,2.7,january,2023-24,21.8,12.3,52.1,5.8,43.3,2.7,3.72,24.1,0.4,0.1,0.6,7.9,19.9,30.6,,,14.3,12.9,,5.4,,55.4,,42.30769230769231,29.0,6-4,194,76
201572,Brook Lopez,MIL,16,33.9,14.7,6.4,2.1,5.7,11.1,2.1,5.3,1.3,1.5,january,2023-24,15.8,8.3,62.3,9.2,35.1,0.9,1.48,23.7,1.9,0.9,4.8,,6.5,,32.8,9.5,32.1,,,,,53.5,,47.74774774774775,33.9,7-1,282,85
203497,Rudy Gobert,MIN,16,34.1,14.4,13.2,1.1,5.4,8.1,0.0,0.1,3.6,5.8,january,2023-24,16.3,4.5,67.5,13.9,47.8,1.1,1.41,25.7,3.6,1.5,10.9,,12.6,,16.7,,,,28.5,,26.9,56.5,,1.234567901234568,34.1,7-1,258,85
1626181,Norman Powell,LAC,15,25.5,14.3,3.3,1.1,5.1,10.3,2.5,5.2,1.5,2.0,january,2023-24,19.8,5.9,63.6,9.8,27.1,1.1,2.52,17.4,0.4,0.0,0.4,10.9,24.6,11.3,,,32.5,3.8,1.5,10.9,,60.0,,50.48543689320388,25.5,6-4,215,76
1629023,P.J. Washington,DAL,13,28.0,14.2,4.6,1.9,5.5,10.4,2.2,5.1,1.2,1.6,january,2023-24,19.4,10.5,64.1,9.8,42.5,1.2,1.71,25.3,2.5,0.4,2.6,4.1,20.9,6.3,5.4,6.1,29.9,4.1,8.2,,6.8,69.8,,49.03846153846153,28.0,6-7,230,79
1630166,Deni Avdija,WAS,15,28.0,14.0,6.6,4.1,4.9,9.7,1.1,2.3,3.1,3.9,january,2023-24,19.9,21.0,61.4,11.1,50.5,2.4,2.82,24.1,1.3,0.4,1.6,14.0,18.1,26.9,,3.1,19.0,4.8,4.0,4.7,1.7,52.4,,23.711340206185564,28.0,6-9,210,81
1628976,Wendell Carter Jr.,ORL,11,25.9,14.0,6.5,1.5,4.9,8.5,1.4,2.9,2.8,3.4,january,2023-24,18.8,8.7,69.8,13.8,37.3,1.0,1.6,23.9,2.3,0.5,6.4,,10.9,,19.2,3.2,26.2,,17.1,,12.7,73.6,,34.11764705882353,25.9,6-10,270,82
201950,Jrue Holiday,BOS,15,31.7,13.9,4.9,4.2,5.1,10.7,2.5,5.6,1.1,1.3,january,2023-24,17.7,18.9,61.2,10.0,54.7,3.1,3.38,22.3,0.7,0.2,1.4,10.1,20.5,26.3,,3.6,20.5,,4.3,,,66.0,,52.336448598130836,31.7,6-4,205,76
1630191,Isaiah Stewart,DET,7,30.1,13.7,5.9,1.9,4.9,10.4,1.4,4.7,2.6,3.4,january,2023-24,18.9,7.8,57.4,8.5,37.1,1.1,1.74,23.1,1.3,1.4,4.9,,10.3,,13.9,10.3,23.9,,19.2,,11.8,60.6,,45.19230769230769,30.1,6-8,250,80
1628963,Marvin Bagley III,WAS,10,21.4,13.7,7.1,1.4,5.2,8.5,0.1,0.3,3.2,4.8,january,2023-24,22.8,10.3,64.5,12.5,35.5,1.0,1.63,20.5,2.3,0.6,6.9,7.3,7.3,,21.6,5.7,8.9,,18.4,,23.8,54.9,,3.5294117647058822,21.4,6-10,235,82
1630180,Saddiq Bey,ATL,15,33.6,13.7,6.7,1.9,4.1,11.5,1.4,6.1,4.1,4.9,january,2023-24,16.6,7.2,50.1,7.0,42.6,1.1,1.48,24.7,0.5,1.1,3.3,6.5,19.0,7.8,2.2,13.8,28.5,6.0,4.9,1.9,6.7,69.8,,53.043478260869556,33.6,6-7,215,79
1626162,Kelly Oubre Jr.,PHI,13,30.0,13.6,4.5,1.5,5.3,11.0,1.1,3.9,1.9,2.6,january,2023-24,18.6,7.0,56.0,7.0,35.5,1.4,2.28,19.3,0.3,0.1,2.2,12.1,22.1,7.6,,,29.8,,5.9,,6.6,63.4,,35.45454545454545,30.0,6-7,203,79
1628401,Derrick White,BOS,15,31.2,13.6,4.1,3.7,4.9,12.3,2.6,7.0,1.3,1.4,january,2023-24,19.2,16.6,52.8,7.8,59.0,4.0,4.02,22.5,0.3,0.0,0.7,4.7,10.8,35.1,1.6,,25.9,9.5,1.3,5.1,1.7,59.5,,56.91056910569105,31.2,6-4,190,76
1628370,Malik Monk,SAC,15,26.2,13.6,2.5,5.5,4.7,11.5,1.7,5.7,2.4,3.4,january,2023-24,23.7,30.7,52.2,9.3,54.9,3.2,3.47,31.5,0.2,0.0,0.7,8.4,22.0,24.1,3.5,,25.5,6.7,,4.6,,59.6,,49.56521739130435,26.2,6-3,200,75
203932,Aaron Gordon,DEN,15,32.1,13.5,6.3,2.5,5.1,8.9,0.7,1.9,2.7,4.3,january,2023-24,16.0,10.1,62.6,9.0,38.5,1.9,2.98,21.5,1.7,1.5,6.3,16.0,13.0,10.4,5.9,11.2,15.4,,13.0,,5.3,56.7,,21.34831460674157,32.1,6-8,235,80
1628960,Grayson Allen,PHX,15,32.3,13.5,3.6,2.9,4.4,8.2,3.1,5.5,1.5,1.8,january,2023-24,14.1,10.9,74.9,8.8,42.5,1.6,2.32,18.7,0.3,0.0,0.5,2.8,17.5,24.2,4.0,,33.8,5.4,,7.0,,60.9,,67.07317073170732,32.3,6-4,198,76
1629651,Nic Claxton,BKN,14,33.1,13.4,11.1,2.1,6.1,9.4,0.0,0.1,1.1,2.4,january,2023-24,16.0,10.0,64.0,13.5,50.9,1.7,1.95,31.4,3.4,0.4,10.9,14.1,15.5,3.9,11.1,4.5,10.9,,15.5,,13.4,58.4,,1.0638297872340425,33.1,6-11,215,83
202685,Jonas Valančiūnas,NOP,15,23.2,13.4,9.7,2.2,5.2,9.1,0.5,1.7,2.5,3.2,january,2023-24,22.0,13.1,63.6,14.6,51.1,1.5,1.78,31.8,2.3,3.7,5.9,,,,22.1,29.7,4.2,,13.7,,16.0,63.4,,18.681318681318682,23.2,6-11,265,83
1630174,Aaron Nesmith,IND,14,28.9,13.4,5.4,2.1,5.1,10.1,2.0,4.9,1.2,1.7,january,2023-24,16.3,9.1,61.7,9.0,46.2,1.3,1.66,26.1,0.4,0.0,1.6,,19.9,10.4,6.6,,30.9,5.5,,13.7,4.1,50.0,,48.51485148514852,28.9,6-6,215,78
1631110,Jeremy Sochan,SAS,16,30.2,13.3,6.7,3.3,5.1,11.1,1.3,3.5,1.8,2.1,january,2023-24,18.7,15.3,55.6,10.0,44.1,2.0,2.68,25.3,1.4,0.7,4.0,,18.9,,12.3,,28.3,,17.0,,,63.7,,31.53153153153153,30.2,6-8,230,80
1641715,Cam Whitmore,HOU,17,19.6,13.1,4.5,0.4,4.8,10.1,1.9,4.8,1.5,2.1,january,2023-24,23.6,3.3,59.7,12.7,24.4,1.1,2.62,13.3,0.6,0.1,2.1,6.7,34.8,14.0,,,19.1,,6.7,,6.2,63.2,,47.524752475247524,19.6,6-7,230,79
1630245,Ayo Dosunmu,CHI,15,29.0,12.9,2.9,2.7,5.0,9.3,1.6,3.5,1.3,1.5,january,2023-24,16.6,13.2,64.8,9.1,41.1,1.9,2.84,23.1,0.3,0.0,0.7,2.2,33.6,20.8,,,31.6,,3.1,,,52.1,,37.634408602150536,29.0,6-5,200,77
1629018,Gary Trent Jr.,TOR,13,26.2,12.9,1.9,1.2,4.9,9.8,2.9,5.8,0.2,0.2,january,2023-24,17.6,6.6,65.2,7.5,27.1,1.0,2.13,21.3,0.5,0.0,0.7,,18.3,6.4,,,48.6,9.0,,6.8,,77.5,,59.183673469387756,26.2,6-5,204,77
1631095,Jabari Smith Jr.,HOU,13,34.0,12.9,8.5,1.3,4.8,11.1,1.8,4.6,1.6,2.1,january,2023-24,16.5,5.3,53.9,8.5,47.9,1.5,1.88,20.5,1.5,0.5,3.5,5.6,19.2,4.7,5.3,5.8,36.8,3.9,7.5,2.5,5.4,59.5,,41.44144144144144,34.0,6-11,220,83
1628971,Bruce Brown,TOR,12,27.2,12.8,5.7,2.7,5.0,9.5,0.9,2.0,1.9,2.2,january,2023-24,18.4,13.1,61.4,10.0,43.3,1.9,2.66,24.5,1.4,0.1,2.7,4.1,22.3,15.7,,,22.3,3.8,13.0,,8.7,63.8,,21.052631578947366,27.2,6-4,202,76
203084,Harrison Barnes,SAC,15,29.4,12.8,2.7,1.3,4.5,9.7,2.3,5.5,1.6,2.1,january,2023-24,15.9,5.6,60.5,6.8,33.6,1.1,1.98,22.7,0.9,0.9,1.5,8.0,18.8,3.3,5.0,2.5,43.8,4.8,,4.8,,72.7,,56.70103092783506,29.4,6-8,225,80
1631170,Jaime Jaquez Jr.,MIA,10,31.1,12.6,3.6,2.8,4.8,9.9,0.7,2.7,2.3,2.9,january,2023-24,18.1,13.7,56.4,7.7,42.3,2.4,3.44,22.4,1.0,1.0,3.7,14.8,29.4,5.3,,5.7,26.6,,5.8,,4.0,70.2,,27.272727272727277,31.1,6-6,225,78
1627777,Georges Niang,CLE,13,22.5,12.5,4.5,1.7,4.5,8.2,2.3,5.2,1.3,1.5,january,2023-24,17.5,9.6,70.6,12.1,38.5,1.1,1.7,19.2,0.3,0.1,1.0,,,,,,,,,,,54.7,,63.41463414634148,22.5,6-7,230,79
203471,Dennis Schröder,BKN,15,28.4,12.5,2.6,4.9,4.4,9.0,1.2,3.7,2.5,3.1,january,2023-24,17.5,22.8,60.6,9.3,64.5,4.5,4.14,27.5,0.3,0.0,0.5,14.8,11.2,36.6,,,23.1,5.2,,,,71.2,,41.111111111111114,28.4,6-1,175,73
1630703,Scoot Henderson,POR,17,25.1,12.4,2.9,4.4,4.2,11.1,1.2,3.6,2.8,3.6,january,2023-24,25.9,27.9,49.0,6.9,59.1,4.6,4.64,23.3,0.4,0.0,1.0,,,,,,,,,,,71.6,,32.432432432432435,25.1,6-3,202,75
1630241,Sam Merrill,CLE,13,22.9,12.4,3.2,2.4,4.2,9.5,3.4,7.9,0.5,0.5,january,2023-24,18.3,14.6,63.8,11.3,33.4,0.9,1.6,24.4,0.2,0.0,0.6,,17.3,6.0,10.2,,36.8,10.5,3.8,4.5,,54.3,,83.15789473684211,22.9,6-4,205,76
1629021,Moritz Wagner,ORL,14,20.1,12.4,5.2,1.4,4.4,8.0,0.6,1.8,3.0,3.8,january,2023-24,21.7,12.0,63.9,14.6,34.0,1.1,1.9,21.9,2.8,0.7,4.9,,,,,,,,,,,69.0,,22.5,20.1,6-11,245,83
1631101,Shaedon Sharpe,POR,6,24.6,12.3,3.5,1.5,4.5,11.8,1.0,5.0,2.3,2.8,january,2023-24,23.2,10.8,47.1,7.3,33.7,1.9,3.33,18.2,1.0,0.2,1.5,12.3,19.5,31.7,,,16.7,5.1,4.8,2.1,2.8,63.6,,42.3728813559322,24.6,6-5,205,77
1627826,Ivica Zubac,LAC,7,28.2,12.3,10.3,1.7,5.1,7.1,0.0,0.0,2.0,2.6,january,2023-24,14.7,8.1,74.2,12.7,47.1,1.0,1.3,21.7,3.0,1.9,9.9,,5.5,,18.4,28.3,,,20.1,,20.3,54.5,,0.0,28.2,7-0,240,84
203952,Andrew Wiggins,GSW,12,28.4,12.2,3.8,2.3,4.8,9.7,1.1,3.2,1.6,2.2,january,2023-24,17.2,10.3,57.3,7.2,32.7,1.6,2.95,20.3,0.9,2.1,1.8,10.9,22.1,7.6,,6.8,32.5,2.0,3.8,2.5,7.8,66.7,,32.98969072164949,28.4,6-7,197,79
1629661,Cameron Johnson,BKN,13,27.3,12.2,3.9,2.9,4.5,10.8,2.4,6.2,0.8,1.3,january,2023-24,19.2,15.6,53.2,8.6,36.9,1.6,2.6,25.3,0.2,0.0,1.1,,25.0,8.2,,,26.5,15.3,6.7,4.9,,66.0,,57.407407407407405,27.3,6-8,210,80
1629614,Andrew Nembhard,IND,12,24.8,12.1,1.7,5.7,4.8,9.7,0.8,2.3,1.6,1.8,january,2023-24,21.9,31.6,57.7,8.9,66.6,4.9,4.39,25.4,0.3,0.3,0.7,8.9,14.8,38.5,,,21.4,7.1,,,,65.1,,23.711340206185564,24.8,6-4,191,76
1630200,Tre Jones,SAS,15,30.0,11.9,3.5,7.3,4.6,8.3,0.9,2.3,1.8,1.9,january,2023-24,14.6,31.6,65.2,12.2,66.2,5.2,4.7,19.2,0.3,0.0,0.7,4.8,22.7,32.0,,,22.7,4.5,3.0,,,71.7,,27.710843373493972,30.0,6-1,185,73
1628989,Kevin Huerter,SAC,14,26.2,11.9,3.9,2.9,4.4,9.0,2.3,5.9,0.7,0.9,january,2023-24,16.6,13.8,63.0,9.3,39.1,1.2,1.89,26.0,0.5,0.0,1.8,,22.8,11.3,,,36.6,6.3,8.2,4.0,3.3,57.1,,65.55555555555556,26.2,6-7,198,79
1630591,Jalen Suggs,ORL,16,26.4,11.8,2.9,2.2,4.3,10.1,2.5,5.9,0.8,1.2,january,2023-24,20.2,12.9,55.8,6.6,46.1,2.6,3.35,21.1,0.3,0.1,0.8,6.6,24.5,25.2,,,20.4,7.3,,,4.0,56.9,,58.41584158415842,26.4,6-5,205,77
1630529,Herbert Jones,NOP,14,26.0,11.8,2.9,2.2,4.4,7.9,2.1,3.9,1.0,1.2,january,2023-24,15.7,10.9,69.6,8.5,35.8,1.2,2.07,20.6,0.5,0.0,1.5,,22.4,10.8,,,37.7,6.3,5.4,,,59.1,,49.36708860759494,26.0,6-7,206,79
1628379,Luke Kennard,MEM,12,27.1,11.6,3.4,4.0,3.9,8.7,2.9,6.5,0.8,1.0,january,2023-24,15.9,21.8,63.6,10.0,46.7,2.1,2.74,30.5,0.3,0.0,0.1,,24.5,9.1,,,32.0,7.9,5.8,11.6,,74.0,,74.71264367816093,27.1,6-5,206,77
1626145,Tyus Jones,WAS,15,30.0,11.5,2.7,8.1,4.8,11.5,1.5,4.2,0.4,0.6,january,2023-24,17.7,35.0,49.2,10.3,67.7,4.8,4.23,27.2,0.4,0.0,0.2,,17.2,23.8,,,41.7,,,,,63.3,,36.52173913043478,30.0,6-1,196,73
1626171,Bobby Portis,MIL,16,21.2,11.4,6.6,0.6,4.5,9.6,1.2,3.0,1.3,1.8,january,2023-24,22.2,4.1,55.3,9.4,36.6,1.1,1.88,17.3,0.6,2.1,2.0,3.2,11.0,,15.8,19.8,31.1,,6.6,,5.8,70.4,,31.25,21.2,6-10,250,82
1629675,Naz Reid,MIN,17,22.8,11.4,4.7,1.2,4.4,9.6,2.1,4.8,0.6,1.4,january,2023-24,20.9,8.2,56.0,10.2,36.4,1.0,1.68,20.4,0.8,0.8,1.4,3.8,17.2,4.8,9.1,8.1,30.7,4.7,3.6,8.4,4.3,52.8,,50.0,22.8,6-9,264,81
1630183,Jaden McDaniels,MIN,17,31.3,11.3,3.1,1.6,4.5,9.2,1.4,3.9,0.8,1.0,january,2023-24,15.6,6.8,58.4,6.1,35.1,1.2,2.09,22.1,0.7,0.1,1.4,2.3,27.6,10.3,,,36.8,5.2,5.0,3.2,3.9,57.1,,42.39130434782609,31.3,6-9,185,81
1641718,Keyonte George,UTA,16,21.8,11.1,2.3,3.2,3.3,8.3,1.5,4.9,3.1,3.4,january,2023-24,21.3,20.6,56.6,9.3,49.3,4.4,5.42,17.0,0.1,0.0,0.2,12.3,14.8,29.3,1.4,,13.8,9.7,4.5,5.8,,65.8,,59.036144578313255,21.8,6-4,185,76
201569,Eric Gordon,PHX,12,26.4,11.1,2.6,2.0,3.8,9.2,2.2,6.7,1.3,1.7,january,2023-24,18.0,9.8,56.0,7.6,31.7,1.1,2.17,17.5,0.1,0.0,0.3,,,,,,60.0,,,,,60.0,,72.82608695652175,26.4,6-3,215,75
1630208,Nick Richards,CHA,13,29.2,11.1,9.2,1.1,4.4,6.7,0.0,0.0,2.3,3.3,january,2023-24,14.0,5.6,68.0,10.2,34.0,0.8,1.47,17.1,2.3,0.4,7.8,,,,,,,,,,,64.0,,0.0,29.2,7-0,245,84
1630530,Trey Murphy III,NOP,11,24.6,11.0,3.8,2.0,3.8,10.1,2.4,8.0,1.0,1.5,january,2023-24,19.3,11.9,51.1,8.2,34.5,1.1,1.87,24.5,0.5,0.0,1.2,6.6,20.1,16.5,2.1,,23.4,9.4,8.3,7.1,3.2,53.8,,79.20792079207921,24.6,6-8,206,80
1630581,Josh Giddey,OKC,17,23.9,10.9,6.9,4.9,4.2,9.3,0.9,3.1,1.6,2.0,january,2023-24,20.3,25.5,53.8,13.1,49.4,2.2,2.69,24.6,0.8,0.1,1.9,5.0,22.8,38.8,,,16.0,4.5,4.3,,,58.0,,33.33333333333333,23.9,6-8,216,80
201566,Russell Westbrook,LAC,15,20.5,10.9,4.0,4.6,4.3,9.5,0.6,2.1,1.8,2.4,january,2023-24,24.8,31.4,51.6,11.9,41.5,3.1,4.46,15.7,0.7,0.2,2.1,13.4,18.3,25.8,,5.1,26.7,,2.2,,2.8,68.6,,22.10526315789474,20.5,6-4,200,76
1629060,Rui Hachimura,LAL,10,21.2,10.8,3.3,1.0,3.8,7.0,1.2,2.6,2.0,2.7,january,2023-24,17.6,6.4,66.0,10.4,24.3,0.8,2.05,14.0,0.4,1.3,1.9,3.7,19.3,,3.1,9.5,40.5,,7.1,4.9,,48.0,,37.142857142857146,21.2,6-8,230,80
1630167,Obi Toppin,IND,17,22.2,10.6,4.2,2.0,4.2,7.8,1.2,3.1,0.9,1.2,january,2023-24,16.0,11.1,64.3,10.3,33.3,0.9,1.66,20.1,0.5,0.4,2.9,,23.9,,,,28.3,,,,,69.0,,39.743589743589745,22.2,6-9,220,81
1641713,GG Jackson,MEM,11,19.5,10.6,3.6,0.9,3.5,6.8,1.7,3.7,2.0,2.7,january,2023-24,18.9,8.1,66.3,12.3,24.8,0.9,2.11,15.5,0.5,0.0,1.4,,27.1,12.0,,,44.0,,,,,54.1,,54.41176470588236,19.5,6-9,210,81
1630188,Jalen Smith,IND,15,20.5,10.6,5.9,1.3,4.1,7.6,1.1,3.1,1.3,1.6,january,2023-24,18.0,8.2,63.8,10.6,28.2,0.6,1.38,17.7,0.9,0.7,5.0,,21.0,,17.4,,29.0,,9.8,,10.1,52.5,,40.789473684210535,20.5,6-9,215,81
1627741,Buddy Hield,PHI,17,24.8,10.5,3.1,2.8,3.8,8.7,2.3,5.8,0.5,0.6,january,2023-24,15.8,13.0,58.2,7.8,47.7,1.3,1.67,26.2,0.5,0.0,0.6,,23.1,4.8,,,34.0,5.4,5.4,12.2,3.7,74.7,,66.66666666666667,24.8,6-4,220,76
1630557,Corey Kispert,WAS,15,20.0,10.5,2.3,1.3,3.9,7.8,1.5,4.7,1.2,1.4,january,2023-24,19.9,10.9,62.2,9.1,28.9,0.9,1.93,19.2,0.6,0.0,0.7,,19.0,9.5,,,34.1,11.9,,8.7,,59.5,,60.25641025641026,20.0,6-6,224,78
1629655,Daniel Gafford,DAL,13,27.3,10.5,8.0,1.5,4.4,6.2,0.0,0.0,1.7,2.6,january,2023-24,13.1,7.4,71.6,11.0,41.5,0.9,1.36,22.8,2.5,0.5,6.8,,8.8,,19.9,11.0,,,20.4,,18.2,71.0,,0.0,27.3,6-10,234,82
1629130,Duncan Robinson,MIA,15,24.0,10.4,1.7,2.2,3.5,9.2,2.1,6.5,1.3,1.3,january,2023-24,20.5,14.7,53.1,5.8,29.7,1.0,2.02,22.3,0.3,0.0,0.8,,18.5,7.9,4.3,,31.2,11.7,,18.8,,62.2,,70.65217391304348,24.0,6-7,215,79
1627936,Alex Caruso,CHI,14,31.0,10.4,3.7,3.1,3.6,8.5,2.1,6.1,1.1,1.5,january,2023-24,14.1,13.6,56.5,7.5,52.7,2.1,2.43,22.1,0.5,0.0,0.9,,19.9,8.2,7.0,,45.6,,,,,58.2,,71.76470588235294,31.0,6-5,186,77
1641722,Jordan Hawkins,NOP,15,18.6,10.3,2.5,1.2,3.4,7.5,2.2,4.9,1.3,1.7,january,2023-24,20.8,8.7,63.0,9.4,23.9,0.7,1.87,16.4,0.1,0.0,0.4,,14.0,12.3,,,34.6,16.2,,8.9,,56.7,,65.33333333333334,18.6,6-5,190,77
203994,Jusuf Nurkić,PHX,15,26.0,10.2,9.8,3.6,4.1,7.0,0.2,0.7,1.9,2.7,january,2023-24,17.1,16.2,62.4,11.7,44.7,1.2,1.68,22.7,2.7,2.5,6.1,,6.9,,22.4,10.4,11.8,,17.3,,13.6,61.7,,10.0,26.0,7-0,290,84
203991,Clint Capela,ATL,14,24.8,10.0,9.9,0.4,4.1,7.9,0.0,0.0,1.7,2.9,january,2023-24,15.6,2.4,54.7,10.4,26.9,0.6,1.25,18.7,2.0,0.4,9.5,,,,22.1,,,,24.4,,36.6,64.0,,0.0,24.8,6-10,256,82
1630182,Josh Green,DAL,14,30.3,10.0,3.6,2.4,4.0,7.9,1.4,3.4,0.6,1.1,january,2023-24,13.7,10.4,59.8,5.6,40.9,2.0,2.97,18.1,0.6,0.0,1.6,,28.0,,,,61.3,,,,,67.9,,43.0379746835443,30.3,6-5,200,77
203915,Spencer Dinwiddie,LAL,14,27.6,10.0,1.7,4.9,3.1,7.6,1.6,4.6,2.2,2.6,january,2023-24,15.5,26.3,57.2,8.3,48.4,4.0,4.99,16.9,0.1,0.0,0.1,,,,,,,,,,,66.7,,60.526315789473685,27.6,6-5,215,77
203484,Kentavious Caldwell-Pope,DEN,15,32.7,9.9,2.9,1.9,3.5,8.2,1.3,4.5,1.7,1.7,january,2023-24,13.2,7.0,55.4,5.4,36.3,1.1,1.77,23.9,0.8,0.0,0.7,3.1,24.1,18.1,,,33.7,5.9,,6.5,,62.0,,54.87804878048781,32.7,6-5,204,77
1626196,Josh Richardson,MIA,14,22.7,9.9,2.9,1.8,3.6,7.9,1.7,4.3,1.1,1.1,january,2023-24,17.7,13.4,59.1,9.4,33.6,2.0,3.59,15.4,0.1,0.0,0.7,,,,,,,,,,,48.3,,54.430379746835435,22.7,6-5,200,77
1630171,Isaac Okoro,CLE,13,27.2,9.9,2.8,1.6,3.6,7.2,0.8,2.2,1.8,2.7,january,2023-24,14.4,8.0,59.0,6.6,30.1,1.1,2.29,19.0,0.3,0.2,1.5,,25.9,,,,41.6,,10.8,,5.2,58.1,,30.555555555555557,27.2,6-5,225,77
1627736,Malik Beasley,MIL,16,28.9,9.9,3.3,1.3,3.6,8.1,2.3,5.7,0.3,0.4,january,2023-24,12.8,5.4,60.0,5.2,29.5,0.9,1.91,17.6,0.1,0.0,0.7,,,,,,,,,,,59.6,,70.37037037037037,28.9,6-4,187,76
1631323,Simone Fontecchio,DET,16,26.7,9.8,4.5,2.1,3.7,8.1,2.1,5.1,0.4,0.4,january,2023-24,14.2,9.0,59.0,7.1,33.2,0.9,1.62,18.8,0.4,0.1,1.4,,26.5,,,,43.5,,4.3,10.5,5.2,63.8,,62.96296296296296,26.7,6-7,209,79
1641726,Dereck Lively II,DAL,9,27.4,9.8,8.2,1.8,4.4,5.9,0.0,0.0,0.9,1.7,january,2023-24,11.8,8.3,73.8,10.3,41.4,1.0,1.46,21.8,2.9,0.2,10.0,,,,,,,,,,,64.8,,0.0,27.4,7-1,230,85
1641871,Duop Reath,POR,16,20.5,9.7,4.9,1.4,3.8,7.4,1.3,3.3,0.8,1.3,january,2023-24,18.2,11.4,60.6,8.9,31.9,0.9,1.62,19.7,1.6,0.3,2.9,,,,,,,,,,,59.8,,44.59459459459459,20.5,6-9,245,81
203083,Andre Drummond,CHI,15,18.1,9.7,8.8,0.5,4.1,6.9,0.0,0.1,1.5,2.8,january,2023-24,20.9,4.3,59.2,15.6,22.7,0.6,1.5,13.2,2.5,1.4,7.6,,5.2,,7.9,,17.0,,16.6,,38.9,70.5,,1.4492753623188406,18.1,6-11,279,83
1630583,Santi Aldama,MEM,11,23.5,9.6,6.3,1.8,3.5,8.5,1.6,4.5,1.1,1.5,january,2023-24,19.2,12.0,52.7,10.1,42.3,1.7,2.42,22.4,1.0,0.1,2.3,,22.8,2.3,8.8,4.1,40.1,,6.8,,7.0,49.0,,52.94117647058824,23.5,7-0,215,84
1641764,Brandin Podziemski,GSW,12,28.6,9.6,5.3,3.4,4.1,9.1,1.1,3.5,0.3,0.9,january,2023-24,15.1,15.4,50.5,7.2,51.3,2.5,2.97,25.4,0.4,0.3,1.0,6.1,17.2,25.1,2.4,,30.7,4.2,3.4,3.6,,71.7,,38.46153846153847,28.6,6-4,205,76
203967,Dario Šarić,GSW,12,20.4,9.6,4.5,3.9,3.3,6.3,1.6,3.3,1.3,1.6,january,2023-24,17.8,26.4,68.2,11.9,42.5,1.4,2.0,24.8,1.8,1.9,2.3,,,,,,,,,,,62.0,,52.38095238095239,20.4,6-10,225,82
1630702,Jaden Hardy,DAL,15,18.4,9.5,2.5,2.5,3.5,8.2,1.7,4.3,0.7,0.9,january,2023-24,22.1,20.8,55.0,9.2,32.5,2.1,3.81,12.4,0.1,0.0,0.6,,19.7,16.3,,,40.9,6.3,,,,69.2,,52.4390243902439,18.4,6-3,198,75
1629611,Terance Mann,LAC,15,23.7,9.5,2.9,1.6,3.7,6.5,1.4,2.9,0.7,0.9,january,2023-24,13.5,8.8,68.8,7.9,25.8,1.1,2.62,14.9,0.9,0.1,2.7,3.7,22.0,17.9,,,28.9,4.4,6.6,,8.1,61.1,,44.61538461538461,23.7,6-5,215,77
1629652,Luguentz Dort,OKC,16,28.4,9.4,3.7,1.2,3.1,8.2,1.7,5.3,1.4,1.8,january,2023-24,15.0,4.8,52.2,4.0,26.6,0.9,2.0,17.9,0.3,0.0,1.8,,15.0,,5.5,,61.5,,4.0,,,63.8,,64.63414634146342,28.4,6-4,220,76
1629656,Quentin Grimes,DET,16,19.7,9.4,2.9,1.3,3.1,7.6,1.9,5.3,1.4,1.8,january,2023-24,19.3,10.3,56.3,9.8,26.6,1.0,2.3,18.5,0.4,0.0,0.3,10.4,22.2,10.8,,,37.6,2.4,2.8,6.8,2.0,44.1,,69.73684210526316,19.7,6-5,210,77
1631133,Jabari Walker,POR,13,27.9,9.2,8.6,1.2,3.2,7.2,0.8,2.3,2.0,2.8,january,2023-24,14.6,6.3,55.1,8.9,32.1,1.0,1.85,16.6,0.8,0.2,2.9,,16.0,,,,34.6,,15.4,,24.4,55.6,,31.944444444444443,27.9,6-7,227,79
1628997,Caleb Martin,MIA,11,25.9,9.2,4.0,1.9,3.3,7.3,1.1,2.8,1.5,1.6,january,2023-24,15.1,11.7,57.4,8.3,36.8,2.1,3.37,16.7,0.5,0.1,1.5,,32.5,7.9,,,35.7,,,,,49.0,,38.35616438356164,25.9,6-5,205,77
1629622,Max Strus,CLE,13,29.1,9.2,4.6,3.2,3.4,7.9,1.6,5.1,0.8,0.8,january,2023-24,14.1,13.8,55.2,7.2,51.1,1.7,2.05,29.0,0.6,0.0,1.5,,,,,,,,,,,56.9,,64.55696202531644,29.1,6-5,215,77
1627884,Derrick Jones Jr.,DAL,11,26.8,9.1,3.1,1.0,3.6,6.6,1.0,2.8,0.8,1.4,january,2023-24,13.5,4.9,62.8,5.5,31.6,0.9,1.76,16.6,0.5,0.0,1.4,,18.3,,,,46.0,,13.5,,7.9,64.6,,42.42424242424242,26.8,6-6,210,78
204456,T.J. McConnell,IND,15,20.4,9.1,2.6,6.7,4.0,7.6,0.1,0.5,1.0,1.3,january,2023-24,19.7,41.1,55.6,13.9,61.5,4.8,4.72,21.5,0.9,0.0,0.8,5.9,13.1,54.0,,,12.5,,4.2,,,71.1,,6.578947368421052,20.4,6-1,190,73
1631218,Trayce Jackson-Davis,GSW,11,17.6,9.0,4.8,1.1,4.0,5.4,0.0,0.0,1.0,2.0,january,2023-24,16.5,8.8,72.1,12.3,31.0,0.7,1.41,20.0,1.7,0.3,4.4,,16.8,,11.2,,,,33.6,,23.2,64.2,,0.0,17.6,6-9,245,81
1630175,Cole Anthony,ORL,15,21.4,8.8,3.3,2.8,3.0,8.0,0.7,2.8,2.1,2.5,january,2023-24,21.7,20.3,48.4,8.4,40.6,2.8,4.15,17.1,0.4,0.0,0.7,6.9,14.7,51.8,,,14.3,,,,,66.0,,35.0,21.4,6-2,185,74
201144,Mike Conley,MIN,12,28.4,8.6,2.5,6.6,3.1,7.5,2.0,5.0,0.4,0.5,january,2023-24,13.8,30.2,55.6,10.3,64.6,4.7,4.38,27.5,0.1,0.0,0.3,,14.8,21.2,,,33.3,13.8,,5.8,,66.7,,66.66666666666666,28.4,6-0,175,72
1630533,Ziaire Williams,MEM,14,18.5,8.6,3.0,1.6,3.1,7.8,1.3,4.1,1.0,1.3,january,2023-24,21.3,13.9,51.3,7.1,24.6,1.1,2.62,15.6,0.3,0.1,1.2,,22.1,3.7,,,48.3,9.7,6.0,,,59.1,,52.56410256410257,18.5,6-9,185,81
1630202,Payton Pritchard,BOS,16,21.9,8.6,3.2,2.8,3.0,6.8,1.7,4.6,0.9,0.9,january,2023-24,14.9,16.8,59.5,9.7,38.1,2.6,4.07,15.1,0.4,0.0,1.0,12.8,16.2,25.6,1.9,,26.2,6.4,,5.1,1.8,69.4,,67.6470588235294,21.9,6-1,195,73
1630168,Onyeka Okongwu,ATL,15,24.9,8.5,6.4,1.3,3.4,5.5,0.2,0.6,1.5,2.0,january,2023-24,12.1,6.9,67.2,7.8,29.1,0.6,1.3,19.6,1.5,0.3,6.3,1.6,15.5,2.1,11.6,6.9,28.0,3.2,11.2,3.4,7.5,60.8,,10.909090909090908,24.9,6-10,240,82
201567,Kevin Love,MIA,12,16.7,8.5,4.9,1.8,2.7,5.8,0.8,3.3,2.3,3.0,january,2023-24,20.4,17.9,59.4,12.3,31.4,0.9,1.62,16.0,0.6,0.7,2.4,,14.0,,14.6,,34.1,,6.7,,15.2,57.8,,56.896551724137936,16.7,6-8,251,80
202704,Reggie Jackson,DEN,15,21.1,8.5,1.9,3.0,3.3,7.5,1.0,2.6,0.9,1.1,january,2023-24,18.0,20.1,52.9,7.9,38.9,3.0,4.61,17.6,0.5,0.0,0.7,,,,,,,,,,,67.6,,34.66666666666667,21.1,6-2,208,74
1630172,Patrick Williams,CHI,9,24.9,8.4,3.1,1.7,3.0,8.0,1.4,3.9,1.0,1.1,january,2023-24,18.1,9.0,49.7,3.5,38.1,1.1,1.77,20.1,0.0,0.2,0.6,3.6,22.1,9.3,5.0,3.6,41.4,3.6,,,5.0,66.7,,48.75,24.9,6-7,215,79
1629022,Lonnie Walker IV,BKN,12,15.5,8.4,1.5,1.5,3.3,7.3,1.7,4.3,0.3,0.3,january,2023-24,22.3,14.6,56.3,9.2,20.8,1.2,3.32,12.0,0.1,0.0,0.3,,,,,,,,,,,60.0,,58.9041095890411,15.5,6-4,204,76
201976,Patrick Beverley,MIL,12,24.9,8.4,3.8,4.4,2.9,7.4,0.9,3.1,1.7,1.9,january,2023-24,16.9,26.1,50.9,9.0,58.3,4.4,4.56,21.8,0.1,0.0,0.3,,,,,,,,,,,50.9,,41.891891891891895,24.9,6-2,180,74
1631223,David Roddy,PHX,14,22.6,8.4,4.8,1.9,3.2,8.1,1.0,2.9,0.9,1.2,january,2023-24,18.4,13.7,48.6,7.0,40.6,1.8,2.72,22.7,0.9,0.1,1.6,,,,,,,,,,,59.4,,35.80246913580247,22.6,6-4,255,76
1628392,Isaiah Hartenstein,NYK,14,31.8,8.3,12.1,2.5,3.4,4.9,0.0,0.0,1.6,2.1,january,2023-24,9.8,9.7,70.6,12.0,49.5,1.2,1.5,22.8,2.7,0.4,7.5,,7.4,,19.9,5.6,,,40.3,,10.2,50.4,,0.0,31.8,7-0,250,84
1627752,Taurean Prince,LAL,14,28.9,8.3,2.9,1.5,2.9,7.4,1.7,5.0,0.7,1.0,january,2023-24,12.4,6.5,53.1,4.1,23.9,0.7,1.81,15.1,0.2,0.0,0.4,,27.3,,,,54.5,,,,,70.2,,67.56756756756756,28.9,6-6,218,78
201143,Al Horford,BOS,12,28.0,8.3,6.2,2.9,3.0,6.1,2.1,4.3,0.2,0.3,january,2023-24,10.8,14.1,66.2,9.9,37.3,0.9,1.5,19.8,0.6,0.8,1.5,,15.0,,12.2,8.9,40.0,,7.8,5.6,,65.6,,70.49180327868852,28.0,6-9,240,81
1630540,Miles McBride,NYK,16,15.6,8.3,1.2,1.4,2.9,6.6,1.9,3.9,0.6,0.8,january,2023-24,20.5,17.3,59.8,9.7,31.2,2.7,5.22,12.1,0.1,0.0,0.3,4.7,19.5,14.5,,,38.1,11.5,,3.0,,53.7,,59.09090909090909,15.6,6-1,195,73
203110,Draymond Green,GSW,5,30.5,8.2,7.2,7.0,2.8,6.0,1.0,2.6,1.6,2.2,january,2023-24,12.7,23.8,58.8,10.6,46.6,1.6,2.06,23.6,0.8,1.2,1.4,,9.4,5.1,10.2,,39.8,,10.2,,2.7,31.6,,43.333333333333336,30.5,6-6,230,78
1628995,Kevin Knox II,POR,15,19.6,8.2,2.7,0.9,3.1,6.7,1.0,3.1,0.9,1.0,january,2023-24,15.9,6.5,57.7,7.0,19.1,0.5,1.56,11.5,0.3,0.0,1.4,,,,,,,,,,,58.1,,46.26865671641791,19.6,6-7,215,79
1641731,Bilal Coulibaly,WAS,15,27.8,8.1,3.9,1.7,2.9,7.6,0.9,2.5,1.4,2.0,january,2023-24,14.3,8.2,48.0,5.0,33.4,1.2,2.19,18.7,0.4,0.1,2.3,4.8,27.8,15.1,,,25.8,5.2,8.3,,4.8,59.1,,32.89473684210527,27.8,6-8,195,80
1631216,Caleb Houstan,ORL,13,21.9,8.0,1.8,1.1,2.5,6.5,2.2,6.1,0.7,1.1,january,2023-24,14.8,7.2,57.0,5.0,19.5,0.4,1.16,14.4,0.3,0.0,0.4,,,,,,,,,,,62.5,,93.84615384615384,21.9,6-8,205,80
1626174,Christian Wood,LAL,14,16.4,7.9,5.2,1.3,2.9,5.9,0.6,2.1,1.6,1.9,january,2023-24,19.1,11.3,59.1,12.8,25.2,0.7,1.68,12.9,1.0,0.5,2.4,,,,,,,,,,,63.3,,35.59322033898305,16.4,6-8,214,80
1628380,Zach Collins,SAS,5,20.3,7.8,3.8,2.6,2.8,8.0,0.4,3.0,1.8,2.8,january,2023-24,21.9,17.1,42.2,3.3,35.0,1.1,1.86,25.6,3.0,1.8,4.6,,,,24.7,,25.9,,19.8,,,75.0,,37.5,20.3,6-11,250,83
202694,Marcus Morris Sr.,CLE,11,20.6,7.7,3.5,0.5,2.5,6.6,1.0,3.0,1.6,1.9,january,2023-24,17.2,3.9,51.7,6.5,25.3,0.9,2.07,15.6,0.7,0.8,1.3,,,,,,,,,,,59.4,,45.45454545454546,20.6,6-8,218,80
1630194,Paul Reed,PHI,14,18.0,7.7,5.8,0.9,3.5,6.3,0.3,0.7,0.4,0.7,january,2023-24,16.8,7.1,58.4,11.6,29.2,0.8,1.71,16.4,2.1,0.0,3.2,,9.8,,16.0,,13.5,,26.4,,17.2,74.6,,11.11111111111111,18.0,6-9,210,81
1628365,Markelle Fultz,ORL,10,22.8,7.7,3.1,3.5,3.7,6.9,0.0,0.0,0.3,0.9,january,2023-24,15.9,22.7,52.8,9.6,41.4,3.1,4.54,16.7,0.8,0.2,2.0,,,,,,,,,,,73.3,,0.0,22.8,6-4,209,76
203482,Kelly Olynyk,TOR,16,17.5,7.6,4.5,3.6,2.8,4.8,0.6,1.3,1.4,2.0,january,2023-24,17.1,28.0,67.2,11.4,37.4,1.5,2.4,23.0,1.0,0.4,1.7,,,,,,,,,,,51.8,,27.083333333333336,17.5,6-11,240,83
1641708,Amen Thompson,HOU,17,17.8,7.5,5.1,2.6,2.8,5.5,0.2,1.1,1.6,2.2,january,2023-24,17.5,20.7,58.0,11.9,36.0,2.4,3.93,13.5,0.5,0.0,2.9,9.4,21.4,23.0,,,13.2,2.9,17.8,,5.9,59.4,,20.0,17.8,6-7,200,79
1631117,Walker Kessler,UTA,16,20.8,7.5,6.4,0.6,3.2,4.2,0.0,0.1,1.1,2.2,january,2023-24,11.6,3.7,72.8,10.8,26.1,0.6,1.28,11.6,0.7,0.3,5.9,,,,,,,,29.0,,22.6,49.1,,2.380952380952381,20.8,7-0,245,84
1628372,Dennis Smith Jr.,BKN,13,21.1,7.5,3.8,4.4,3.1,6.5,0.5,1.9,0.8,1.0,january,2023-24,16.8,29.5,53.5,10.6,44.2,3.1,4.17,16.5,0.7,0.0,2.1,,,,,,,,,,,51.6,,29.230769230769226,21.1,6-3,205,75
1630598,Aaron Wiggins,OKC,16,16.0,7.4,2.1,1.1,3.1,5.0,0.9,1.4,0.3,0.3,january,2023-24,15.3,9.8,72.8,10.0,19.7,0.7,1.98,10.9,0.3,0.0,2.2,6.3,22.9,8.6,,,44.9,,3.3,4.0,,55.6,,27.999999999999996,16.0,6-5,190,77
1631212,Peyton Watson,DEN,15,18.1,7.4,3.1,1.0,2.6,6.7,0.9,2.9,1.3,1.7,january,2023-24,19.3,8.1,49.8,7.8,27.9,1.0,2.22,13.9,0.6,0.0,1.7,6.7,19.0,13.2,3.1,,24.9,5.2,16.2,2.3,3.2,41.7,,43.28358208955223,18.1,6-7,200,79
1630198,Isaiah Joe,OKC,16,16.7,7.3,2.6,1.2,2.8,5.4,1.6,3.6,0.3,0.3,january,2023-24,15.0,10.1,66.7,9.7,22.8,0.7,1.9,15.2,0.3,0.0,1.4,,21.2,,9.4,,39.9,9.4,4.3,6.8,,48.5,,66.66666666666666,16.7,6-3,165,75
1626204,Larry Nance Jr.,NOP,15,19.5,7.3,5.6,1.9,2.7,4.5,0.9,1.7,1.1,1.2,january,2023-24,12.2,13.6,71.8,14.1,31.9,0.9,1.7,19.1,2.5,0.1,4.1,,20.3,,,,36.7,,22.8,,,64.4,,37.77777777777778,19.5,6-8,245,80
1629638,Nickeil Alexander-Walker,MIN,17,23.5,7.2,1.8,2.9,2.5,5.6,1.4,3.8,0.8,0.9,january,2023-24,12.7,17.0,59.7,7.3,43.8,2.9,4.0,17.1,0.2,0.0,0.5,2.9,27.3,18.8,2.9,,22.7,7.1,2.9,9.1,1.3,55.8,,67.85714285714286,23.5,6-5,205,77
1629599,Amir Coffey,LAC,15,19.4,7.2,1.6,0.7,2.7,4.2,0.9,1.8,0.8,1.0,january,2023-24,10.7,4.8,77.6,7.4,16.7,0.6,2.07,9.2,0.3,0.0,0.4,,,,,,,,,,,55.6,,42.857142857142854,19.4,6-7,210,79
1626224,Cedi Osman,SAS,16,18.0,7.1,3.3,1.9,2.7,5.0,1.3,3.1,0.5,0.8,january,2023-24,13.8,14.3,66.8,9.6,21.9,0.7,2.03,13.1,0.6,0.0,0.6,,,,,,,,,,,48.6,,62.0,18.0,6-7,230,79
1628998,Cody Martin,CHA,12,27.5,7.1,3.6,3.8,2.6,7.6,1.0,3.3,0.9,1.6,january,2023-24,15.6,18.9,42.8,5.3,39.6,2.4,3.65,22.9,0.4,0.0,0.9,,,,,,,,,,,68.6,,43.42105263157895,27.5,6-6,205,78
1629020,Jarred Vanderbilt,LAL,15,22.2,7.1,5.2,1.6,2.7,4.2,0.3,0.7,1.3,2.0,january,2023-24,12.0,9.1,69.6,10.0,18.8,0.5,1.7,8.9,1.2,0.0,3.7,,18.0,,,,32.3,,16.9,,14.3,58.7,,16.666666666666664,22.2,6-8,214,80
1628404,Josh Hart,NYK,15,29.5,7.1,8.3,3.3,2.7,6.7,0.7,2.7,0.9,1.0,january,2023-24,12.5,14.7,49.3,10.0,48.3,2.2,2.7,24.3,0.5,0.0,1.3,,21.0,10.3,,,45.6,4.0,4.6,,,56.3,,40.298507462686565,29.5,6-4,215,76
1630573,Sam Hauser,BOS,15,19.4,7.1,3.1,1.0,2.5,5.7,1.9,4.9,0.2,0.2,january,2023-24,13.7,6.9,60.7,7.8,21.5,0.5,1.27,11.2,0.3,0.0,0.6,,20.5,4.3,8.2,,34.1,9.4,,14.2,3.7,52.8,,85.96491228070175,19.4,6-7,217,79
1630631,Jose Alvarado,NOP,11,15.7,6.9,1.5,1.6,2.3,5.8,1.5,3.7,0.9,1.2,january,2023-24,18.0,15.3,54.5,8.2,30.5,1.8,3.49,14.7,0.1,0.0,0.6,4.2,20.0,27.3,,,30.0,3.8,3.8,,,39.1,,63.793103448275865,15.7,6-0,179,72
203486,Mason Plumlee,LAC,10,17.8,6.8,5.7,1.2,2.5,3.8,0.0,0.0,1.8,2.5,january,2023-24,12.8,8.3,69.4,11.2,27.0,0.8,1.79,12.8,1.5,0.1,5.0,,,,,,,,,,,52.7,,0.0,17.8,6-10,254,82
1626168,Trey Lyles,SAC,14,20.4,6.6,3.8,1.2,2.3,5.4,1.6,3.9,0.4,0.7,january,2023-24,12.7,7.4,57.8,7.4,27.1,0.7,1.48,15.9,0.6,0.4,1.4,,,,,,,,,,,67.4,,72.22222222222221,20.4,6-9,234,81
1641717,Cason Wallace,OKC,17,19.8,6.6,2.5,1.3,2.5,5.3,1.3,3.2,0.4,0.4,january,2023-24,12.6,8.9,60.2,6.7,20.6,0.8,2.33,12.1,0.4,0.1,1.6,4.2,22.6,13.5,,,41.3,4.2,4.5,,3.5,65.3,,60.377358490566046,19.8,6-3,195,75
1629684,Grant Williams,CHA,14,22.0,6.6,2.6,2.0,2.3,5.7,1.2,3.6,0.8,0.9,january,2023-24,14.5,12.8,53.9,4.1,29.8,0.9,1.82,17.1,0.7,0.1,1.4,,,,,,38.2,,,,,61.4,,63.1578947368421,22.0,6-6,236,78
1631230,Dominick Barlow,SAS,12,18.5,6.5,5.0,2.1,2.7,4.8,0.2,0.3,1.0,1.7,january,2023-24,13.6,14.9,58.4,9.5,26.2,0.7,1.64,15.6,1.6,0.0,3.5,,20.0,,4.5,,32.7,,19.5,,15.9,62.7,,6.25,18.5,6-9,215,81
1630230,Naji Marshall,NOP,15,17.3,6.5,2.8,1.3,2.3,5.1,0.5,1.4,1.3,1.7,january,2023-24,16.1,9.7,55.5,7.3,28.3,1.4,2.96,13.5,0.5,0.0,1.3,5.6,31.6,10.9,3.9,,29.1,,6.0,2.4,2.4,57.6,,27.450980392156865,17.3,6-6,220,78
1641733,Nick Smith Jr.,CHA,16,18.1,6.4,2.0,1.5,2.5,6.4,1.4,3.1,0.1,0.1,january,2023-24,19.0,13.6,50.1,5.0,29.0,1.6,3.35,17.4,0.2,0.0,0.4,11.6,14.4,36.3,,,21.9,,,,,60.6,,48.4375,18.1,6-2,185,74
1627827,Dorian Finney-Smith,BKN,12,27.5,6.4,4.2,1.9,2.3,7.4,1.4,5.4,0.5,0.8,january,2023-24,14.2,9.3,41.2,4.1,40.1,1.1,1.6,22.3,0.3,0.0,1.2,,,,,,,,,,,50.7,,72.97297297297297,27.5,6-7,220,79
1630577,Julian Champagnie,SAS,16,19.3,6.4,2.8,1.4,2.0,5.1,1.4,3.6,1.0,1.1,january,2023-24,13.2,8.7,57.4,6.6,26.1,0.7,1.57,14.1,0.3,0.0,0.8,,23.0,,5.3,,43.3,6.5,3.1,9.3,4.3,64.0,,70.58823529411765,19.3,6-7,217,79
1630214,Xavier Tillman,BOS,14,21.4,6.4,4.7,2.0,2.7,6.0,0.1,1.0,0.8,1.6,january,2023-24,15.1,14.6,47.3,7.8,37.1,1.1,1.76,21.8,4.4,0.5,4.9,,,,,,,,,,,53.9,,16.666666666666664,21.4,6-7,245,79
1629312,Haywood Highsmith,MIA,13,21.2,6.2,3.0,0.8,2.2,4.6,1.3,2.5,0.4,0.5,january,2023-24,10.4,6.3,63.9,7.1,22.8,0.7,1.83,11.2,0.2,0.0,1.3,,,,,,,,,,,54.2,,54.34782608695653,21.2,6-5,220,77
201152,Thaddeus Young,PHX,13,19.1,6.2,3.8,2.8,2.9,5.0,0.1,0.4,0.2,0.5,january,2023-24,12.8,18.8,59.1,8.8,34.7,1.0,1.65,20.5,2.4,0.2,4.0,,,,,,,,,,,70.6,,8.0,19.1,6-8,225,80
1641709,Ausar Thompson,DET,15,19.5,6.1,5.1,1.2,2.6,5.1,0.1,1.1,0.8,1.6,january,2023-24,14.0,8.3,52.5,8.1,21.8,0.8,2.15,11.8,0.7,0.0,2.4,7.7,23.0,10.0,5.6,,16.0,,15.3,2.3,10.0,60.9,,21.568627450980397,19.5,6-6,205,78
1628371,Jonathan Isaac,ORL,9,15.4,6.1,3.1,0.6,2.2,4.2,0.3,1.1,1.3,1.8,january,2023-24,14.4,5.3,61.1,12.7,18.6,0.4,1.33,9.8,0.3,0.0,2.4,,12.4,,,,29.5,,16.2,,14.3,26.1,,26.190476190476193,15.4,6-10,230,82
1629731,Dean Wade,CLE,13,21.4,6.0,3.6,0.8,2.0,4.5,1.7,3.8,0.3,0.4,january,2023-24,10.2,4.6,63.7,7.4,27.8,0.6,1.39,14.3,0.3,0.0,0.5,,28.1,,5.0,,46.7,,12.1,,,67.3,,84.44444444444444,21.4,6-9,228,81
1641739,Toumani Camara,POR,16,21.0,5.9,4.5,1.1,2.1,5.1,0.5,2.1,1.2,1.6,january,2023-24,13.7,7.4,50.8,6.3,27.4,0.8,1.84,15.0,0.5,0.1,1.9,6.3,20.3,4.4,5.4,,40.5,2.6,9.1,,4.7,64.9,,41.1764705882353,21.0,6-7,226,79
1629629,Cam Reddish,LAL,8,18.9,5.9,1.5,0.5,2.1,4.6,1.3,2.6,0.4,1.0,january,2023-24,14.4,3.3,58.0,3.5,15.0,0.5,1.87,9.9,0.1,0.0,0.6,,,,,,,,,,,60.0,,56.52173913043479,18.9,6-7,217,79
1630587,Isaiah Livers,DET,7,21.6,5.7,2.1,0.9,2.1,4.3,1.0,2.4,0.4,0.4,january,2023-24,8.8,4.8,63.9,4.3,17.3,0.4,1.56,9.9,0.6,0.0,1.6,,,,,,49.1,,,,,68.2,,55.81395348837209,21.6,6-6,232,78
1631103,Malaki Branham,SAS,11,15.2,5.6,1.5,1.5,2.3,5.6,0.5,2.2,0.5,0.5,january,2023-24,17.6,15.5,48.0,6.4,26.3,1.7,3.77,10.8,0.3,0.0,0.5,,,,,,,,,,,57.1,,39.28571428571429,15.2,6-4,180,76
1629643,Chuma Okeke,ORL,13,21.5,5.6,4.1,0.9,2.1,5.3,1.3,4.1,0.2,0.4,january,2023-24,12.2,6.9,51.3,7.2,25.4,0.8,1.98,14.7,0.2,0.0,1.4,,,,,,,,,,,59.4,,77.35849056603773,21.5,6-7,229,79
1631107,Nikola Jović,MIA,13,18.4,5.6,4.2,1.8,2.1,5.6,1.1,2.7,0.4,0.8,january,2023-24,16.2,12.8,46.9,6.6,26.8,1.2,2.59,14.4,0.3,0.0,1.5,3.7,31.0,3.4,3.7,4.8,39.2,,4.8,,,60.4,,48.21428571428572,18.4,6-10,205,82
1628464,Daniel Theis,LAC,15,18.3,5.6,3.9,1.3,2.4,4.2,0.3,1.1,0.5,0.7,january,2023-24,11.9,9.0,62.3,7.4,23.7,0.6,1.45,10.6,1.5,0.0,4.0,,,,,,,,,,,65.2,,26.190476190476193,18.3,6-8,245,80
1626220,Royce O'Neale,PHX,14,20.9,5.6,4.3,2.2,2.0,5.4,1.4,4.5,0.2,0.3,january,2023-24,13.6,14.8,50.2,6.2,37.9,1.3,2.04,18.2,0.4,0.0,1.0,,26.0,8.3,2.7,,43.8,3.9,,3.6,,65.3,,83.33333333333333,20.9,6-6,226,78
201587,Nicolas Batum,PHI,13,26.8,5.5,4.2,2.5,2.1,4.2,1.2,2.8,0.2,0.2,january,2023-24,8.3,12.0,63.0,6.0,31.8,0.9,1.74,18.7,0.5,0.1,2.3,,14.2,,,,68.9,,,,,56.3,,66.66666666666666,26.8,6-8,230,80
1641711,Gradey Dick,TOR,7,17.3,5.4,2.6,2.3,2.0,4.7,1.1,2.9,0.3,0.4,january,2023-24,13.0,16.8,55.4,7.3,17.4,0.5,1.56,13.3,0.3,0.0,0.6,,29.6,,4.5,,39.9,,5.2,9.6,3.4,71.4,,61.702127659574465,17.3,6-6,200,78
203109,Jae Crowder,MIL,8,18.1,5.4,2.5,0.8,1.9,5.3,1.4,4.3,0.3,0.5,january,2023-24,13.8,5.5,49.1,3.7,20.3,0.5,1.45,11.5,0.0,0.0,0.5,,,,,,,,,,,64.3,,81.13207547169812,18.1,6-6,235,78
1627739,Kris Dunn,UTA,16,19.7,5.4,3.2,5.1,2.3,4.1,0.7,1.3,0.1,0.1,january,2023-24,11.2,27.9,64.3,9.0,42.1,2.7,3.9,14.2,0.6,0.0,0.8,3.9,19.3,9.6,5.5,,38.6,,9.6,,3.2,59.1,,31.70731707317074,19.7,6-3,205,75
1627863,Danuel House Jr.,PHI,11,20.3,5.4,2.1,0.8,1.7,3.7,0.4,1.5,1.5,2.1,january,2023-24,10.6,6.0,57.7,5.3,25.3,0.9,2.11,12.8,0.4,0.0,0.3,,,,,,,,,,,71.0,,40.54054054054054,20.3,6-6,220,78
1630173,Precious Achiuwa,NYK,16,18.2,5.3,5.3,0.6,2.4,4.6,0.1,0.6,0.3,0.4,january,2023-24,12.5,4.8,56.2,9.0,21.4,0.6,1.75,12.4,0.6,0.1,3.5,,22.2,,13.5,,24.7,,12.0,,17.1,68.2,,13.043478260869565,18.2,6-8,243,80
201145,Jeff Green,HOU,16,18.2,5.3,1.9,0.8,1.8,4.3,0.4,1.6,1.3,1.6,january,2023-24,12.8,5.8,53.2,4.2,17.3,0.6,2.16,11.4,0.6,0.7,0.6,,,,,,,,,,,61.5,,37.2093023255814,18.2,6-8,235,80
1626172,Kevon Looney,GSW,12,15.8,5.2,4.8,1.6,2.2,3.1,0.0,0.1,0.8,1.1,january,2023-24,10.7,12.5,72.6,8.8,26.4,0.7,1.63,17.8,1.1,0.0,3.0,,,,19.3,,,,,,31.6,64.7,,3.225806451612903,15.8,6-9,222,81
1631108,Max Christie,LAL,15,16.2,5.1,2.3,0.9,1.8,3.9,0.7,1.9,0.8,0.9,january,2023-24,13.0,7.5,60.0,6.2,20.8,0.9,2.61,9.9,0.1,0.0,0.5,5.7,24.2,13.7,4.7,,33.9,4.0,2.6,5.7,,58.3,,48.717948717948715,16.2,6-5,190,77
1628988,Aaron Holiday,HOU,16,15.0,5.1,1.8,1.8,1.8,4.0,0.8,2.3,0.9,0.9,january,2023-24,14.2,15.8,58.1,8.2,21.8,1.2,3.35,9.4,0.0,0.0,0.3,,18.5,18.5,,,42.5,,,,,53.3,,57.49999999999999,15.0,6-0,185,72
1626192,Pat Connaughton,MIL,16,18.8,5.1,1.9,1.3,1.7,3.1,1.3,2.6,0.4,0.5,january,2023-24,8.4,8.8,76.6,5.8,24.0,0.9,2.16,11.3,0.1,0.0,0.4,,,,,,,,,,,83.3,,83.87096774193549,18.8,6-5,209,77
203937,Kyle Anderson,MIN,17,20.0,4.9,3.2,3.8,1.9,4.0,0.1,0.3,1.1,1.8,january,2023-24,11.9,27.7,51.7,9.5,32.9,1.7,3.1,18.8,1.5,0.0,2.1,12.6,16.5,7.9,,,17.3,,14.2,,8.7,64.0,,7.5,20.0,6-9,230,81
1641710,Anthony Black,ORL,15,16.6,4.9,1.4,1.4,1.6,3.5,0.5,1.2,1.2,1.7,january,2023-24,12.5,12.7,58.3,5.7,26.8,1.6,3.61,12.5,0.3,0.0,0.5,4.4,27.4,21.8,,,25.5,4.7,3.6,1.9,2.7,58.6,,34.285714285714285,16.6,6-7,200,79
1629048,Goga Bitadze,ORL,12,18.3,4.9,6.3,1.5,2.3,3.4,0.1,0.4,0.3,0.7,january,2023-24,9.9,12.8,66.3,11.9,26.4,0.8,1.84,15.9,1.1,0.4,4.9,,10.8,,15.0,,,,26.9,,27.5,72.7,,11.764705882352942,18.3,6-10,250,82
202684,Tristan Thompson,CLE,9,16.1,4.9,4.8,1.8,2.2,3.7,0.0,0.1,0.4,1.7,january,2023-24,15.0,13.6,55.6,7.8,24.3,0.8,2.09,17.2,1.7,0.3,3.6,,,,,,,,,,,42.3,,2.7027027027027026,16.1,6-9,254,81
1631104,Blake Wesley,SAS,16,15.4,4.9,1.4,2.5,2.1,3.9,0.1,0.9,0.5,0.9,january,2023-24,14.1,22.2,56.0,6.6,28.6,2.3,4.79,10.0,0.4,0.0,0.9,,33.3,,,,22.2,,,,,73.7,,23.076923076923077,15.4,6-3,185,75
1628436,Luke Kornet,BOS,14,16.4,4.9,4.3,1.0,2.0,3.4,0.0,0.0,0.9,0.9,january,2023-24,11.3,8.6,64.5,9.3,16.5,0.4,1.3,11.1,1.3,0.1,4.6,,6.6,,21.8,,,,35.0,,23.4,60.4,,0.0,16.4,7-1,250,85
1630699,MarJon Beauchamp,MIL,7,16.6,4.9,2.3,1.3,2.1,5.0,0.6,2.3,0.0,0.0,january,2023-24,14.2,10.5,48.6,5.5,17.9,0.8,2.62,10.1,0.1,0.0,0.7,,,,,,,,,,,58.3,,46.0,16.6,6-7,199,79
1630164,James Wiseman,DET,8,15.9,4.8,4.1,0.5,2.0,3.6,0.0,0.1,0.8,1.3,january,2023-24,12.2,4.1,56.9,5.9,22.0,0.5,1.46,8.0,0.8,0.3,3.6,,,,,,,,,,,57.6,,2.777777777777778,15.9,6-11,240,83
1629680,Matisse Thybulle,POR,15,20.7,4.7,1.7,1.1,1.7,4.3,1.1,3.3,0.3,0.3,january,2023-24,10.0,7.6,54.0,4.4,23.8,0.7,1.71,12.9,0.3,0.0,0.4,,,,,,,,,,,69.4,,76.74418604651163,20.7,6-5,201,77
1630700,Dyson Daniels,NOP,15,20.5,4.5,3.3,2.6,1.8,3.6,0.5,1.4,0.5,0.8,january,2023-24,10.5,16.1,57.4,7.4,36.4,2.0,3.23,14.6,0.7,0.3,1.8,5.6,23.3,13.2,3.2,,18.5,5.8,15.9,,7.8,66.0,,38.888888888888886,20.5,6-7,199,79
204060,Joe Ingles,ORL,10,17.6,4.5,2.2,2.5,1.7,4.5,1.1,3.2,0.0,0.1,january,2023-24,14.2,18.5,49.5,4.8,28.8,1.4,2.93,18.3,0.3,0.1,0.2,,,,,,,,,,,85.7,,71.11111111111111,17.6,6-9,220,81
1631200,Kris Murray,POR,13,15.0,4.5,2.0,0.7,1.8,4.5,0.5,2.1,0.4,0.5,january,2023-24,14.8,7.0,46.7,5.4,17.7,0.7,2.33,10.5,0.3,0.0,0.8,,23.6,,,,40.4,,11.8,,11.3,47.4,,46.666666666666664,15.0,6-8,210,80
200768,Kyle Lowry,PHI,9,24.2,4.4,2.8,3.6,1.7,5.7,0.6,3.4,0.6,0.7,january,2023-24,13.7,21.5,37.3,4.3,39.0,2.2,3.45,18.8,0.1,0.1,1.1,,,,,,,,,,,63.6,,59.64912280701754,24.2,6-0,196,72
1631128,Christian Braun,DEN,15,16.7,4.4,3.3,0.7,1.5,3.9,0.5,1.9,0.8,1.2,january,2023-24,12.9,5.4,49.3,5.9,22.1,0.8,2.23,12.1,0.6,0.0,1.2,,33.3,,7.1,,20.6,7.8,11.3,,7.1,33.3,,48.717948717948715,16.7,6-6,220,78
1630256,Jae'Sean Tate,HOU,16,18.0,4.2,3.0,1.1,1.7,3.6,0.3,1.3,0.6,0.8,january,2023-24,10.4,8.3,52.9,4.7,17.0,0.6,2.02,8.9,0.5,0.5,1.2,,,,,,,,,,,60.6,,36.11111111111111,18.0,6-4,230,76
1629006,Josh Okogie,PHX,16,15.4,4.2,2.6,1.3,1.4,2.9,0.4,1.3,1.1,1.7,january,2023-24,10.7,10.4,56.9,7.8,17.4,0.6,1.96,8.3,0.4,0.0,1.1,,24.9,,,,41.5,,11.1,,9.7,52.8,,44.827586206896555,15.4,6-4,213,76
1628467,Maxi Kleber,DAL,8,19.1,3.8,2.3,1.1,1.4,3.4,0.5,1.9,0.5,0.6,january,2023-24,10.5,8.2,51.4,2.0,22.5,0.5,1.41,12.3,0.6,0.0,1.5,,,,,,,,,,,65.6,,55.88235294117647,19.1,6-10,240,82
1629723,John Konchar,MEM,12,19.3,3.7,3.8,2.2,1.6,3.3,0.3,1.5,0.2,0.3,january,2023-24,9.4,15.6,53.2,8.1,30.5,1.3,2.6,15.3,0.5,0.1,2.0,,34.2,,,,42.5,,,,,57.1,,45.45454545454546,19.3,6-5,210,77
1630165,Killian Hayes,DET,14,21.4,3.6,2.5,5.9,1.6,4.1,0.1,0.8,0.4,0.7,january,2023-24,10.9,31.9,41.5,6.6,44.1,3.7,5.04,14.1,0.3,0.0,0.4,,,,,,,,,,,69.4,,19.512195121951223,21.4,6-5,195,77
203939,Dwight Powell,DAL,11,18.1,3.6,4.9,2.5,1.3,2.0,0.0,0.0,1.1,2.1,january,2023-24,9.4,17.1,62.3,7.8,26.0,0.7,1.7,15.8,2.5,0.1,4.3,,13.2,,12.1,,,,37.4,,,59.6,,0.0,18.1,6-10,240,82
1631367,Jacob Gilyard,BKN,10,17.1,3.6,1.1,3.8,1.3,3.8,1.0,2.9,0.0,0.0,january,2023-24,11.1,31.7,47.4,7.3,35.7,2.8,4.79,14.1,0.0,0.0,0.1,,,,,,,,,,,78.3,,76.31578947368422,17.1,5-8,160,68
1630534,Ochai Agbaji,TOR,16,17.4,2.9,2.6,0.7,1.1,3.4,0.4,2.0,0.3,0.4,january,2023-24,9.9,5.0,40.8,3.4,14.9,0.4,1.44,7.6,0.3,0.0,0.5,,33.5,,,,29.2,,13.5,,10.3,40.5,,58.82352941176471,17.4,6-5,215,77
202397,Ish Smith,CHA,15,17.2,2.7,2.1,3.4,1.3,3.9,0.1,0.2,0.1,0.1,january,2023-24,11.9,26.0,34.0,5.0,34.7,2.6,4.52,11.4,0.5,0.0,0.7,,,,,,,,,,,77.4,,5.128205128205129,17.2,6-0,175,72
1630641,Ibou Badji,POR,9,15.2,1.3,3.7,0.8,0.7,1.3,0.0,0.0,0.0,0.2,january,2023-24,6.7,7.5,46.6,2.1,16.6,0.4,1.51,8.0,1.6,0.0,2.4,,,,,,,,,,,71.4,,0.0,15.2,7-0,240,84
1629029,Luka Dončić,DAL,11,37.2,33.4,9.7,10.3,11.4,22.0,3.9,9.8,6.7,8.5,february,2023-24,33.4,42.6,64.8,20.9,90.5,8.4,5.57,32.0,0.5,1.2,0.5,16.0,14.3,36.3,,7.6,8.7,2.3,1.3,7.4,1.7,61.8,,44.54545454545455,37.2,6-7,230,79
1628973,Jalen Brunson,NYK,10,37.8,31.9,3.3,7.4,11.5,24.7,2.2,6.6,6.7,7.6,february,2023-24,34.8,36.5,56.9,15.1,96.4,10.0,6.23,39.4,0.4,0.6,0.2,14.4,14.3,36.0,,3.3,16.4,5.6,1.9,2.5,,67.3,,26.72064777327935,37.8,6-2,190,74
1630162,Anthony Edwards,MIN,11,36.0,31.0,5.7,4.9,11.1,22.9,3.0,8.5,5.8,7.0,february,2023-24,33.4,23.5,59.6,17.3,70.8,5.3,4.46,38.4,1.4,1.0,0.9,23.4,15.7,23.5,,4.9,12.9,7.3,2.0,4.8,1.2,56.4,,37.11790393013101,36.0,6-4,225,76
1628983,Shai Gilgeous-Alexander,OKC,11,34.8,30.5,5.3,7.0,11.3,20.2,1.8,3.0,6.2,7.5,february,2023-24,31.4,31.6,65.1,18.3,70.7,7.0,5.96,22.1,0.6,1.0,0.9,26.3,14.1,37.3,,4.7,6.2,2.1,3.3,1.6,,67.8,,14.85148514851485,34.8,6-6,195,78
203507,Giannis Antetokounmpo,MIL,12,33.7,29.3,9.7,7.0,11.1,16.9,0.8,1.8,6.4,9.9,february,2023-24,31.5,37.0,68.9,21.3,77.4,4.8,3.74,35.9,3.2,3.4,4.9,10.9,26.0,7.7,6.4,20.2,6.1,,7.9,,8.9,61.7,,10.650887573964498,33.7,6-11,243,83
201939,Stephen Curry,GSW,14,32.5,27.7,4.5,5.1,9.6,21.2,5.6,13.6,2.8,3.1,february,2023-24,31.2,22.8,61.3,14.2,69.8,4.5,3.91,29.6,0.9,0.0,1.4,10.1,13.8,21.1,,,11.6,12.0,7.0,18.0,1.3,65.2,,64.15094339622641,32.5,6-2,185,74
202681,Kyrie Irving,DAL,10,36.2,27.7,5.2,4.9,11.2,20.2,3.3,7.1,2.0,2.3,february,2023-24,26.5,19.9,65.3,14.7,69.9,4.8,4.13,30.9,0.8,0.4,1.6,,,,,,,,,,,75.0,,35.148514851485146,36.2,6-2,195,74
1628369,Jayson Tatum,BOS,10,36.0,27.2,8.9,6.7,9.6,20.0,3.3,9.4,4.7,5.3,february,2023-24,29.6,26.8,60.9,17.2,79.2,5.1,3.86,37.6,0.7,1.6,1.5,,,,,,,,,,,59.5,,47.0,36.0,6-8,210,80
1628378,Donovan Mitchell,CLE,11,36.0,27.2,5.2,5.5,9.0,17.9,4.0,8.9,5.2,6.0,february,2023-24,28.4,23.3,66.1,14.8,79.8,6.2,4.65,34.7,0.3,0.1,0.5,11.4,22.8,34.1,1.5,,11.4,6.9,1.9,3.8,1.6,55.0,,49.72067039106146,36.0,6-3,215,75
2544,LeBron James,LAL,9,36.7,27.1,5.2,8.8,10.7,19.4,2.6,5.6,3.2,4.0,february,2023-24,28.4,35.1,63.9,16.1,78.2,5.7,4.34,35.6,1.9,3.8,2.9,12.8,24.5,12.5,3.1,12.1,12.6,,5.7,7.5,1.9,65.1,,28.865979381443303,36.7,6-9,250,81
201942,DeMar DeRozan,CHI,10,40.6,27.1,5.0,4.8,8.4,17.9,0.9,2.7,9.4,10.4,february,2023-24,24.6,18.3,60.3,13.8,66.1,5.5,5.02,31.6,1.8,3.3,1.0,19.9,10.0,17.6,1.7,12.0,19.1,6.1,3.9,4.6,1.7,61.4,,15.083798882681569,40.6,6-6,220,78
1630178,Tyrese Maxey,PHI,11,36.8,26.9,4.3,5.5,9.8,21.6,3.0,7.6,4.3,4.9,february,2023-24,29.6,26.0,56.5,12.5,85.2,7.3,5.14,35.8,0.0,0.0,0.2,14.5,21.9,26.2,1.3,1.4,14.3,6.7,3.0,5.4,,62.2,,35.18518518518518,36.8,6-2,200,74
201142,Kevin Durant,PHX,11,36.7,26.0,7.8,5.3,9.9,19.5,2.0,5.9,4.2,5.4,february,2023-24,28.7,21.2,59.3,14.3,73.5,4.6,3.74,39.9,1.9,3.1,1.0,20.8,13.5,18.4,1.7,7.3,15.2,7.5,2.3,7.5,1.1,55.7,,30.25641025641026,36.7,6-11,240,83
1628368,De'Aaron Fox,SAC,11,35.7,25.9,4.8,6.0,10.3,21.1,2.2,6.7,3.2,5.0,february,2023-24,30.7,25.5,55.6,12.1,80.5,6.4,4.77,27.2,0.4,0.5,1.5,10.1,22.8,29.1,,,18.1,6.4,2.0,3.7,1.7,48.9,,31.753554502369667,35.7,6-3,185,75
203076,Anthony Davis,LAL,11,35.3,25.8,13.3,3.4,10.0,17.3,0.2,1.6,5.6,6.6,february,2023-24,26.8,13.8,63.9,18.4,73.5,2.7,2.2,41.2,6.0,3.8,9.2,11.5,10.3,5.8,19.3,12.5,9.8,,8.8,,14.5,57.3,,9.248554913294797,35.3,6-10,253,82
1628991,Jaren Jackson Jr.,MEM,9,32.8,25.1,4.9,3.0,8.9,20.0,2.7,7.4,4.7,6.3,february,2023-24,35.1,18.4,55.1,10.9,65.3,3.3,3.05,40.8,2.6,3.3,2.1,11.1,15.3,2.1,9.7,19.8,26.4,1.5,3.4,,3.9,58.7,,37.0,32.8,6-10,242,82
1626164,Devin Booker,PHX,10,33.7,25.0,3.6,5.2,8.5,18.1,1.8,5.4,6.2,7.1,february,2023-24,27.3,23.9,58.9,13.0,65.5,5.9,5.43,27.7,0.7,1.0,1.0,14.0,15.7,33.1,1.8,3.8,9.5,7.5,1.6,7.5,1.7,55.9,,29.83425414364641,33.7,6-6,206,78
203924,Jerami Grant,POR,7,37.7,24.1,3.9,4.1,7.7,18.7,2.3,5.6,6.4,7.9,february,2023-24,29.4,19.3,54.4,10.1,59.3,3.0,3.03,44.1,1.4,2.6,2.6,10.7,16.2,13.9,2.2,2.0,35.4,4.8,4.6,4.2,2.4,82.8,,29.946524064171122,37.7,6-7,210,79
202695,Kawhi Leonard,LAC,10,34.5,24.1,5.7,3.7,8.9,16.5,2.4,5.2,3.9,4.3,february,2023-24,25.9,17.8,65.5,14.6,57.2,3.7,3.86,34.5,3.5,2.5,3.1,16.5,19.6,25.9,,6.0,12.2,3.4,3.0,7.2,2.8,73.6,,31.51515151515152,34.5,6-7,225,79
1629627,Zion Williamson,NOP,11,32.5,23.9,5.6,6.5,9.3,17.4,0.1,0.2,5.3,7.0,february,2023-24,28.7,30.7,58.5,15.0,65.6,4.4,4.0,35.8,2.7,4.4,4.5,23.8,15.0,15.3,4.8,10.2,5.5,2.6,10.5,,8.6,64.3,,1.149425287356322,32.5,6-6,284,78
203999,Nikola Jokić,DEN,11,34.8,23.7,13.0,10.4,9.6,17.3,0.9,3.1,3.5,4.2,february,2023-24,26.9,44.2,62.1,20.9,101.4,4.9,2.9,55.7,12.7,7.7,7.7,5.3,10.1,9.7,13.0,22.8,9.0,,7.3,5.3,9.3,69.8,,17.91907514450867,34.8,6-11,284,83
1629027,Trae Young,ATL,9,37.4,23.2,2.0,10.7,7.4,17.0,3.6,9.3,4.8,5.9,february,2023-24,25.6,39.2,59.3,10.6,79.0,8.1,6.18,22.8,0.2,0.0,0.3,12.0,20.4,39.3,,,8.4,10.5,,,,74.0,,54.70588235294118,37.4,6-1,164,73
204001,Kristaps Porziņģis,BOS,9,29.1,23.0,7.0,1.8,7.8,14.6,2.0,4.8,5.4,5.9,february,2023-24,28.4,8.8,67.1,15.7,44.3,1.3,1.72,30.9,3.8,3.8,6.6,,14.6,,11.3,24.3,17.4,,7.7,10.5,6.1,49.2,,32.87671232876712,29.1,7-2,240,86
1630170,Devin Vassell,SAS,12,34.1,22.5,4.3,4.9,8.7,17.8,2.8,6.6,2.3,3.0,february,2023-24,25.2,23.2,58.7,12.2,63.0,3.2,3.03,45.9,0.8,0.1,1.0,2.7,22.2,11.5,,,35.3,10.7,,11.8,,58.2,,37.078651685393254,34.1,6-5,200,77
1627742,Brandon Ingram,NOP,10,34.5,22.4,4.9,6.6,8.2,16.9,1.9,4.8,4.1,5.0,february,2023-24,28.2,29.9,58.6,13.3,70.8,4.4,3.75,42.0,1.8,1.2,1.3,13.8,16.6,16.2,,7.7,18.3,5.8,4.3,12.1,2.4,73.9,,28.402366863905325,34.5,6-8,190,80
1631114,Jalen Williams,OKC,9,32.6,22.3,4.3,5.3,9.0,15.9,1.9,4.3,2.4,3.0,february,2023-24,24.6,24.2,64.9,14.0,59.1,4.4,4.51,23.4,0.4,0.0,1.9,14.8,21.0,36.0,,,16.9,3.0,4.3,,,54.5,,27.044025157232703,32.6,6-5,211,77
1628398,Kyle Kuzma,WAS,10,34.6,22.1,6.7,2.9,8.8,19.0,2.5,7.1,2.0,2.9,february,2023-24,27.7,13.1,54.5,9.5,53.4,2.5,2.79,33.5,2.6,0.4,2.4,5.1,27.3,5.3,8.7,2.8,27.5,4.1,8.5,,4.9,64.8,,37.368421052631575,34.6,6-9,221,81
203078,Bradley Beal,PHX,6,30.7,22.0,4.2,5.2,8.5,16.3,2.3,5.7,2.7,3.0,february,2023-24,28.2,22.8,62.3,12.9,67.5,4.8,4.23,29.0,0.0,0.2,1.2,,,21.3,,,24.6,,,,,48.0,,34.96932515337423,30.7,6-4,207,76
1627749,Dejounte Murray,ATL,10,35.8,22.0,6.5,7.3,8.3,18.6,1.6,6.5,3.8,4.9,february,2023-24,26.5,30.4,53.0,12.3,74.7,5.9,4.74,28.2,0.3,0.1,1.1,,,,,,,,,,,67.2,,34.946236559139784,35.8,6-5,180,77
202696,Nikola Vučević,CHI,10,37.9,22.0,11.4,2.9,9.3,19.4,1.4,5.0,2.0,2.6,february,2023-24,25.1,12.9,53.5,12.1,71.6,1.8,1.47,52.2,5.8,4.2,7.8,,12.5,,28.8,16.1,15.2,,10.0,3.6,7.6,74.1,,25.773195876288664,37.9,6-10,260,82
1630595,Cade Cunningham,DET,10,32.3,21.8,4.9,7.3,8.2,16.5,2.0,4.5,3.4,4.1,february,2023-24,27.3,36.1,59.5,14.8,72.6,6.7,5.57,24.6,0.1,0.2,0.5,11.5,17.5,38.7,,3.5,8.5,8.4,1.6,4.4,1.3,60.0,,27.27272727272727,32.3,6-6,220,78
1628978,Donte DiVincenzo,NYK,11,37.5,21.7,4.0,3.1,8.2,19.1,4.5,12.3,0.8,1.3,february,2023-24,24.1,13.2,55.3,9.2,65.2,3.1,2.81,41.9,0.5,0.0,0.5,1.9,18.5,11.6,,,33.0,10.8,,14.6,3.0,66.1,,64.3979057591623,37.5,6-4,203,76
1628970,Miles Bridges,CHA,13,37.5,21.7,7.2,3.7,8.4,18.5,2.5,6.5,2.4,3.0,february,2023-24,25.1,16.6,54.8,10.9,67.5,3.0,2.65,37.9,0.9,1.0,3.1,9.0,16.5,14.9,7.4,4.9,29.8,7.2,3.2,,2.1,70.3,,35.13513513513514,37.5,6-7,225,79
1629014,Anfernee Simons,POR,8,34.7,21.6,3.5,5.1,7.5,19.5,3.3,9.1,3.4,3.5,february,2023-24,29.8,25.6,51.4,8.6,76.5,6.6,5.2,30.8,0.4,0.0,0.0,18.2,14.5,28.8,,,19.8,7.2,,4.9,,76.9,,46.666666666666664,34.7,6-3,193,75
1631094,Paolo Banchero,ORL,10,34.6,21.6,6.0,6.2,7.8,16.0,1.6,4.2,4.4,6.0,february,2023-24,27.2,27.3,57.9,13.6,71.7,5.4,4.52,34.8,2.2,3.4,3.4,14.7,19.8,19.4,5.2,9.3,15.4,2.6,4.7,3.6,2.6,67.8,,26.25,34.6,6-10,250,82
202710,Jimmy Butler III,MIA,7,34.3,21.6,7.4,6.1,6.7,13.0,1.3,2.9,6.9,9.1,february,2023-24,23.5,28.3,63.4,19.3,63.7,5.2,4.91,34.9,1.1,2.3,3.9,17.7,17.2,13.1,2.7,6.1,14.0,1.7,12.1,2.4,7.9,58.6,,22.307692307692307,34.3,6-7,230,79
1630532,Franz Wagner,ORL,12,33.5,21.5,4.9,4.4,8.3,15.6,1.5,5.2,3.5,4.1,february,2023-24,26.2,20.2,61.9,13.8,59.7,4.3,4.37,33.0,1.2,1.2,2.6,7.6,20.4,22.9,2.9,6.9,16.6,3.2,6.7,3.6,4.4,54.9,,33.333333333333336,33.5,6-10,220,82
1628374,Lauri Markkanen,UTA,11,33.6,21.4,7.2,2.0,7.5,16.2,3.3,7.9,3.0,3.2,february,2023-24,22.6,8.9,60.8,11.1,46.7,1.4,1.81,28.8,1.6,1.5,4.6,4.0,15.6,3.0,8.3,5.7,12.8,7.5,10.6,20.7,7.0,61.3,,48.76543209876544,33.6,7-0,240,84
1641705,Victor Wembanyama,SAS,12,28.9,21.3,10.7,4.5,7.5,15.8,2.2,5.3,4.1,4.9,february,2023-24,30.2,24.5,59.0,17.6,66.6,2.7,2.42,45.7,5.0,5.0,8.9,14.5,16.8,6.7,8.2,11.7,13.5,2.6,8.6,7.5,6.1,57.9,,33.54430379746835,28.9,7-4,210,88
203081,Damian Lillard,MIL,10,32.8,21.1,4.8,6.7,7.1,16.3,2.8,7.7,4.1,4.5,february,2023-24,28.1,29.3,57.7,12.6,74.3,7.0,5.66,24.6,0.3,0.1,0.3,,,,,,,,,,,52.5,,47.239263803680984,32.8,6-2,195,74
1627783,Pascal Siakam,IND,12,33.6,21.1,6.8,4.3,8.8,15.8,1.5,3.9,2.1,3.3,february,2023-24,24.0,18.0,61.1,12.5,56.1,2.6,2.75,34.1,0.8,1.9,2.9,13.3,20.6,13.9,6.5,11.3,16.2,3.0,3.2,4.0,5.0,64.9,,24.68354430379747,33.6,6-8,245,80
1626157,Karl-Anthony Towns,MIN,10,31.5,20.8,7.4,1.9,6.9,15.0,2.7,6.6,4.3,4.7,february,2023-24,27.0,9.2,60.9,12.9,51.4,1.8,2.1,35.2,1.8,2.3,2.8,10.0,15.2,1.6,13.8,11.1,19.9,1.9,5.9,2.3,12.6,56.6,,44.0,31.5,7-0,248,84
1641706,Brandon Miller,CHA,13,34.5,20.5,4.5,2.5,7.7,17.2,2.8,7.6,2.3,2.6,february,2023-24,26.0,11.8,56.1,10.0,64.2,3.7,3.44,36.5,0.6,0.2,1.0,10.8,16.1,20.6,9.6,2.7,20.2,9.0,,3.4,,58.8,,44.18604651162791,34.5,6-7,200,79
1629632,Coby White,CHI,10,39.6,20.5,5.4,6.2,6.9,17.5,2.9,8.3,3.8,4.3,february,2023-24,23.3,23.7,52.9,10.0,78.7,5.3,4.01,32.1,0.1,0.0,0.1,7.7,29.3,29.6,,,20.9,3.1,,2.6,,67.3,,47.42857142857143,39.6,6-5,195,77
1629012,Collin Sexton,UTA,11,27.2,20.3,2.1,5.5,6.5,13.3,2.2,4.6,5.2,6.5,february,2023-24,27.7,30.8,62.9,11.9,52.8,3.8,4.35,27.8,0.5,0.1,1.3,5.2,21.4,36.3,2.5,,20.6,4.3,2.5,,,58.3,,34.58646616541353,27.2,6-3,190,75
1627759,Jaylen Brown,BOS,8,34.1,20.3,6.3,3.9,8.3,15.4,1.4,4.5,2.4,3.8,february,2023-24,25.9,16.8,59.5,10.1,52.0,4.0,4.63,24.8,1.3,3.5,3.1,20.6,20.4,22.2,1.8,4.7,13.0,4.1,1.1,7.4,1.8,60.0,,29.22077922077922,34.1,6-6,223,78
1626156,D'Angelo Russell,LAL,11,35.8,20.2,4.1,7.5,7.1,16.2,3.5,8.3,2.5,3.1,february,2023-24,22.8,27.2,57.5,10.5,71.8,4.9,4.07,30.3,0.5,0.3,1.0,8.7,15.5,36.2,,,20.8,7.9,,,,63.2,,51.23456790123457,35.8,6-3,193,75
1630166,Deni Avdija,WAS,9,33.9,20.1,9.3,3.0,7.3,13.1,2.2,4.4,3.2,4.7,february,2023-24,22.0,12.0,66.3,11.5,68.3,3.3,2.87,27.1,1.4,0.6,1.3,14.0,18.1,26.9,,3.1,19.0,4.8,4.0,4.7,1.7,65.2,,33.58778625954199,33.9,6-9,210,81
1627734,Domantas Sabonis,SAC,12,36.6,20.0,13.8,10.2,8.3,13.6,0.3,1.1,3.0,4.0,february,2023-24,21.1,37.0,65.2,17.0,94.6,3.8,2.4,52.8,6.9,3.1,9.5,,9.0,,28.5,13.1,9.0,,14.9,,10.9,64.4,,8.088235294117647,36.6,6-10,240,82
1629628,RJ Barrett,TOR,9,33.2,19.9,5.7,4.4,7.9,14.3,1.8,3.8,2.3,4.6,february,2023-24,23.5,20.2,60.9,10.9,57.4,2.3,2.4,34.0,0.7,0.9,3.3,2.7,28.5,18.0,,2.4,23.8,6.6,7.3,3.4,3.4,56.4,,26.573426573426573,33.2,6-6,214,78
1630560,Cam Thomas,BKN,10,33.1,19.8,3.6,3.8,7.0,17.8,2.3,6.3,3.5,3.9,february,2023-24,27.7,18.5,50.7,9.1,59.3,3.6,3.63,34.7,0.5,0.0,0.7,16.4,12.0,28.1,,,12.0,17.8,,,,66.1,,35.39325842696629,33.1,6-3,210,75
1628389,Bam Adebayo,MIA,11,33.9,19.6,10.2,3.7,8.1,14.5,0.0,0.1,3.5,4.5,february,2023-24,24.7,17.0,59.7,14.9,59.2,2.8,2.81,35.9,7.0,4.0,8.2,8.0,20.2,,9.1,11.3,30.1,,7.1,2.4,6.5,51.0,,0.6896551724137931,33.9,6-9,255,81
1630567,Scottie Barnes,TOR,12,35.2,19.4,8.7,7.4,7.4,16.0,0.8,3.6,3.8,4.5,february,2023-24,24.1,29.5,54.0,13.2,78.4,4.3,3.3,38.6,1.3,3.3,5.8,7.9,21.7,13.1,5.7,10.7,19.7,2.2,9.3,1.5,5.0,68.4,,22.5,35.2,6-7,237,79
1631096,Chet Holmgren,OKC,11,30.5,19.3,8.4,2.7,7.0,11.8,2.4,5.2,2.9,3.5,february,2023-24,21.3,12.1,72.2,15.5,57.6,2.1,2.16,29.7,1.0,0.5,4.4,7.8,16.0,2.8,14.1,6.5,19.7,,13.4,4.3,9.6,53.3,,44.06779661016949,30.5,7-1,208,85
1629639,Tyler Herro,MIA,7,32.1,19.1,4.9,5.0,7.9,17.3,2.9,7.6,0.6,0.7,february,2023-24,25.7,23.8,54.4,12.3,62.9,4.4,4.2,30.9,0.3,0.0,0.0,13.3,27.7,13.9,,,32.4,,,5.8,,65.9,,43.93063583815028,32.1,6-5,195,77
1629008,Michael Porter Jr.,DEN,10,32.5,19.1,7.3,2.0,7.3,15.4,2.8,7.7,1.7,1.7,february,2023-24,22.8,8.8,59.1,11.9,44.9,1.5,1.96,30.0,1.3,0.1,4.1,6.9,13.2,5.7,2.7,2.5,21.5,16.9,8.5,13.1,4.9,63.4,,50.0,32.5,6-10,218,82
203468,CJ McCollum,NOP,10,30.7,18.3,4.6,3.9,6.9,15.8,3.3,8.7,1.2,1.6,february,2023-24,24.6,18.1,55.4,10.8,62.7,4.0,3.84,28.5,0.7,0.0,0.5,8.8,18.2,31.4,,,17.8,9.7,,6.3,,63.5,,55.0632911392405,30.7,6-3,190,75
1630193,Immanuel Quickley,TOR,12,33.5,18.3,4.0,5.2,6.5,15.1,3.3,7.8,2.0,2.5,february,2023-24,21.9,21.2,56.4,10.2,71.7,5.9,4.94,26.2,0.3,0.0,0.4,6.1,28.1,20.9,,,25.4,6.4,1.9,4.1,1.4,64.4,,51.65562913907284,33.5,6-2,190,74
1631093,Jaden Ivey,DET,11,32.5,18.2,2.8,3.8,6.3,14.5,2.3,5.3,3.4,4.2,february,2023-24,25.2,16.2,55.8,7.1,49.9,3.0,3.61,30.5,0.6,0.0,1.2,5.6,26.4,11.6,,,34.3,5.6,,,,55.8,,36.55172413793103,32.5,6-4,195,76
201935,James Harden,LAC,11,36.7,18.2,5.9,7.3,5.0,11.8,3.0,7.5,5.2,5.8,february,2023-24,20.3,27.8,63.2,12.1,83.0,7.2,5.23,27.8,0.4,0.0,0.9,42.5,13.1,25.0,,1.3,7.5,4.6,,,,66.7,,63.559322033898304,36.7,6-5,220,77
1628370,Malik Monk,SAC,12,27.5,18.2,3.6,4.9,7.1,14.4,1.8,5.3,2.3,2.8,february,2023-24,26.3,26.8,58.0,11.9,56.1,3.4,3.59,32.4,0.3,0.0,1.0,8.4,22.0,24.1,3.5,,25.5,6.7,,4.6,,50.0,,36.80555555555555,27.5,6-3,200,75
1630228,Jonathan Kuminga,GSW,14,30.2,18.1,5.6,3.6,7.1,13.2,0.3,1.4,3.5,4.7,february,2023-24,23.2,16.8,59.1,12.2,54.3,2.8,3.08,28.7,1.1,2.6,4.4,12.6,17.4,21.1,,6.7,18.1,,9.6,,7.0,54.2,,10.606060606060606,30.2,6-7,225,79
1627750,Jamal Murray,DEN,9,28.9,17.9,4.0,6.0,7.0,14.6,2.8,6.1,1.1,1.3,february,2023-24,25.6,30.0,59.1,13.4,62.1,5.3,5.12,29.2,1.4,0.8,1.6,14.6,13.0,35.4,,2.9,8.6,11.5,3.8,4.0,,54.8,,41.78082191780822,28.9,6-4,215,76
202331,Paul George,LAC,9,32.6,17.9,4.8,4.4,6.6,15.8,2.3,7.7,2.4,2.8,february,2023-24,25.0,20.9,52.6,10.3,56.4,3.0,3.21,30.7,1.4,1.2,1.4,18.4,12.4,14.2,,5.5,22.9,3.2,,12.4,,62.5,,48.734177215189874,32.6,6-8,220,80
1626167,Myles Turner,IND,10,27.5,17.8,7.7,1.4,6.4,11.3,1.1,3.6,3.9,4.9,february,2023-24,23.3,7.0,66.1,12.9,39.3,0.9,1.32,26.6,4.5,1.0,7.2,,7.7,,17.7,7.3,42.3,,7.1,,6.0,74.0,,31.858407079646017,27.5,6-11,250,83
1628386,Jarrett Allen,CLE,13,32.7,17.8,10.0,2.1,7.5,12.2,0.0,0.3,2.8,4.3,february,2023-24,20.8,9.2,63.2,13.8,49.5,1.3,1.57,33.9,6.8,1.0,11.5,,13.6,,20.9,7.8,4.1,,33.1,,9.2,54.8,,2.459016393442623,32.7,6-9,243,81
1630578,Alperen Sengun,HOU,11,30.5,17.3,8.6,4.2,6.4,12.0,0.5,1.2,4.1,6.3,february,2023-24,23.2,21.8,58.5,12.2,55.8,2.5,2.64,40.3,4.9,3.6,5.7,14.9,13.5,5.2,9.2,21.7,11.8,,9.1,,7.4,66.3,,10.0,30.5,6-11,243,83
1630557,Corey Kispert,WAS,11,27.7,17.3,3.8,3.0,6.5,13.2,2.9,7.7,1.5,1.8,february,2023-24,21.4,16.8,61.8,10.9,43.3,1.3,1.82,27.7,1.0,0.0,1.2,,19.0,9.5,,,34.1,11.9,,8.7,,75.6,,58.333333333333336,27.7,6-6,224,78
1630559,Austin Reaves,LAL,12,34.5,17.3,4.3,6.2,6.3,12.4,2.3,5.4,2.5,2.9,february,2023-24,19.5,23.4,63.0,10.8,63.4,4.3,4.1,27.6,0.8,0.0,0.8,13.5,15.8,35.6,,,14.0,5.6,,5.6,,56.1,,43.54838709677419,34.5,6-5,197,77
1628969,Mikal Bridges,BKN,12,34.4,17.3,3.9,3.8,6.4,16.0,2.8,8.9,1.7,2.2,february,2023-24,22.9,16.9,50.9,9.1,57.9,2.4,2.49,38.2,1.0,0.3,1.7,2.3,25.3,9.1,3.4,2.3,36.2,6.3,5.0,4.8,2.7,61.1,,55.625,34.4,6-6,209,78
1629028,Deandre Ayton,POR,8,30.6,17.1,11.0,2.4,8.1,12.8,0.0,0.0,0.9,0.9,february,2023-24,20.5,14.5,65.2,17.9,54.0,1.6,1.83,30.1,5.4,1.9,8.5,,9.8,,28.6,9.5,2.9,,26.3,,13.6,58.7,,0.0,30.6,7-0,247,84
1629631,De'Andre Hunter,ATL,10,24.5,17.0,3.7,1.1,5.3,10.0,1.9,4.2,4.5,5.2,february,2023-24,21.6,6.5,69.2,12.2,34.5,1.1,1.96,19.5,0.8,0.7,1.7,7.5,18.2,13.3,2.6,,29.0,9.5,6.2,6.0,2.6,75.0,,42.00000000000001,24.5,6-8,221,80
1630168,Onyeka Okongwu,ATL,7,33.2,16.7,9.3,1.0,6.9,10.1,1.0,2.0,2.0,2.7,february,2023-24,15.0,4.1,73.7,11.3,30.4,0.6,1.21,22.0,2.6,0.0,7.7,1.6,15.5,2.1,11.6,6.9,28.0,3.2,11.2,3.4,7.5,62.5,,19.801980198019802,33.2,6-10,240,82
1630596,Evan Mobley,CLE,12,29.0,16.7,10.0,2.8,6.8,11.1,0.8,1.8,2.3,3.7,february,2023-24,21.1,15.3,65.6,15.9,58.7,1.9,1.96,30.5,3.1,1.5,8.8,4.7,16.0,9.5,14.3,8.0,17.9,1.6,13.8,2.7,6.5,50.5,,16.216216216216218,29.0,6-11,215,83
1630552,Jalen Johnson,ATL,12,37.5,16.5,9.9,4.1,6.8,14.3,1.2,4.0,1.7,2.5,february,2023-24,18.1,14.8,53.5,10.6,76.0,2.6,2.05,34.3,2.8,0.4,3.8,7.9,22.5,23.7,2.9,4.5,14.4,7.3,6.8,1.8,4.0,71.1,,27.97202797202797,37.5,6-8,219,80
1626179,Terry Rozier,MIA,7,30.7,16.3,5.1,5.1,5.7,14.6,1.0,5.4,3.9,4.0,february,2023-24,24.3,24.7,49.9,11.3,63.9,4.0,3.79,31.4,0.4,0.0,1.4,,,,,,,,,,,74.2,,36.986301369863014,30.7,6-1,190,73
1630169,Tyrese Haliburton,IND,12,29.1,16.1,2.7,8.9,6.1,12.6,2.5,6.6,1.4,1.9,february,2023-24,22.2,39.8,59.9,13.6,84.7,5.7,4.02,27.3,0.2,0.0,0.1,,,,,,,,,,,63.5,,52.38095238095239,29.1,6-5,185,77
202691,Klay Thompson,GSW,13,28.2,16.0,3.7,1.7,6.0,14.4,3.0,8.6,1.0,1.0,february,2023-24,22.6,8.5,54.0,9.2,39.9,1.4,2.13,29.8,1.2,0.2,1.0,,19.2,7.1,,,25.9,12.2,2.8,26.3,,67.4,,59.72222222222222,28.2,6-6,220,78
1630224,Jalen Green,HOU,12,28.9,15.8,4.8,3.7,5.8,15.8,1.8,6.7,2.4,3.2,february,2023-24,27.3,20.3,46.0,9.0,56.0,3.8,4.05,23.8,0.3,0.0,0.8,,,,,,,,,,,50.0,,42.405063291139236,28.9,6-4,186,76
1630245,Ayo Dosunmu,CHI,10,37.2,15.8,3.3,4.7,6.1,12.4,2.8,6.0,0.8,1.2,february,2023-24,16.9,18.4,61.1,8.4,52.3,2.6,2.95,28.7,0.3,0.0,0.3,2.2,33.6,20.8,,,31.6,,3.1,,,68.6,,48.387096774193544,37.2,6-5,200,77
1629673,Jordan Poole,WAS,12,30.2,15.7,3.6,5.1,5.5,15.6,2.6,8.4,2.1,2.6,february,2023-24,25.0,22.3,46.9,5.8,54.0,3.7,4.06,22.8,0.3,0.0,0.6,7.9,19.9,30.6,,,14.3,12.9,,5.4,,65.3,,53.846153846153854,30.2,6-4,194,76
203992,Bogdan Bogdanović,ATL,12,32.1,15.5,4.1,3.8,5.7,13.6,2.8,7.7,1.3,1.3,february,2023-24,19.4,15.4,54.7,8.4,43.8,1.5,2.05,27.9,0.6,0.0,0.9,,12.2,34.4,,,24.4,,,,,53.2,,56.61764705882353,32.1,6-5,225,77
1631097,Bennedict Mathurin,IND,9,29.1,15.4,5.3,2.7,5.0,11.9,1.9,4.1,3.6,4.6,february,2023-24,22.7,12.2,55.6,9.0,52.2,2.1,2.37,32.7,1.2,0.2,2.7,9.0,22.3,27.0,,,17.2,5.2,7.6,5.7,,68.1,,34.45378151260503,29.1,6-5,210,77
203932,Aaron Gordon,DEN,11,29.2,15.4,5.9,3.5,5.9,9.3,0.5,1.7,3.1,3.9,february,2023-24,18.7,15.6,69.9,12.7,41.3,2.4,3.48,20.8,2.4,1.5,5.5,16.0,13.0,10.4,5.9,11.2,15.4,,13.0,,5.3,56.6,,18.279569892473116,29.2,6-8,235,80
1626171,Bobby Portis,MIL,12,26.1,15.3,7.4,2.0,6.3,12.8,1.4,3.5,1.3,1.4,february,2023-24,24.6,12.6,57.0,13.6,42.0,1.3,1.79,23.4,0.8,2.7,4.6,3.2,11.0,,15.8,19.8,31.1,,6.6,,5.8,64.6,,27.34375,26.1,6-10,250,82
1641713,GG Jackson,MEM,11,26.2,15.1,4.4,0.8,5.5,13.1,2.2,6.5,2.0,3.1,february,2023-24,25.7,5.5,52.2,8.5,42.0,1.8,2.53,25.2,0.9,0.2,2.5,,27.1,12.0,,,44.0,,,,,65.9,,49.61832061068702,26.2,6-9,210,81
1628381,John Collins,UTA,11,29.1,15.1,10.7,1.8,6.0,10.9,1.0,3.1,2.1,2.5,february,2023-24,18.8,9.4,62.7,11.9,51.1,1.3,1.58,24.7,1.7,1.1,6.7,,18.7,,6.3,9.1,33.6,2.3,10.3,,9.8,58.2,,28.440366972477065,29.1,6-9,226,81
1641718,Keyonte George,UTA,11,30.2,14.9,3.0,5.4,5.5,12.6,2.9,6.9,1.1,1.3,february,2023-24,20.7,26.5,56.5,9.2,68.5,6.1,5.32,23.3,0.1,0.0,0.2,12.3,14.8,29.3,1.4,,13.8,9.7,4.5,5.8,,64.9,,54.761904761904766,30.2,6-4,185,76
1630180,Saddiq Bey,ATL,11,31.9,14.9,6.0,1.3,4.9,11.5,2.1,5.5,3.0,3.2,february,2023-24,17.2,5.3,57.6,8.6,29.5,0.9,1.87,20.0,0.5,1.3,2.9,6.5,19.0,7.8,2.2,13.8,28.5,6.0,4.9,1.9,6.7,61.0,,47.82608695652174,31.9,6-7,215,79
1626162,Kelly Oubre Jr.,PHI,12,32.2,14.8,5.1,1.2,5.4,13.4,1.1,4.6,2.9,3.9,february,2023-24,21.6,5.1,49.0,5.5,41.3,1.5,2.19,26.4,1.2,0.0,2.8,12.1,22.1,7.6,,,29.8,,5.9,,6.6,68.4,,34.32835820895522,32.2,6-7,203,79
202699,Tobias Harris,PHI,9,32.8,14.8,6.0,3.7,6.1,14.3,0.8,3.1,1.8,2.0,february,2023-24,20.4,17.1,48.6,9.9,57.1,3.3,3.47,32.1,1.4,2.9,2.8,4.2,17.9,6.8,,14.6,31.8,,6.3,3.0,6.3,64.7,,21.678321678321677,32.8,6-8,226,80
1628401,Derrick White,BOS,10,32.9,14.5,3.6,5.0,5.4,10.5,2.6,6.5,1.1,1.2,february,2023-24,16.9,19.0,65.7,10.5,62.1,4.1,4.01,19.8,1.3,0.0,1.8,4.7,10.8,35.1,1.6,,25.9,9.5,1.3,5.1,1.7,47.2,,61.904761904761905,32.9,6-4,190,76
1626181,Norman Powell,LAC,10,26.6,14.5,2.2,0.8,5.5,11.5,2.7,6.1,0.8,1.1,february,2023-24,21.0,4.6,60.5,7.2,28.4,1.2,2.55,19.1,0.3,0.0,0.5,10.9,24.6,11.3,,,32.5,3.8,1.5,10.9,,57.9,,53.043478260869556,26.6,6-4,215,76
202711,Bojan Bogdanovic,NYK,9,25.5,14.4,3.1,1.4,4.8,11.1,2.7,6.6,2.2,2.7,february,2023-24,23.6,9.8,58.8,8.8,34.1,1.4,2.52,24.9,0.3,0.6,0.2,,,,,,,,,,,75.7,,59.45945945945946,25.5,6-7,226,79
203497,Rudy Gobert,MIN,10,35.2,14.4,13.8,1.5,5.6,8.3,0.0,0.1,3.2,4.7,february,2023-24,14.1,6.0,69.4,13.7,50.7,1.3,1.57,29.6,3.8,1.4,11.0,,12.6,,16.7,,,,28.5,,26.9,45.1,,1.2048192771084336,35.2,7-1,258,85
1641715,Cam Whitmore,HOU,9,20.4,14.2,3.4,0.7,5.1,11.6,1.8,5.6,2.2,3.1,february,2023-24,28.4,5.6,55.0,9.9,28.4,1.5,3.1,15.8,0.8,0.0,2.0,6.7,34.8,14.0,,,19.1,,6.7,,6.2,54.5,,48.275862068965516,20.4,6-7,230,79
1627741,Buddy Hield,PHI,12,30.8,14.0,3.1,4.6,5.3,11.8,3.1,7.8,0.3,0.3,february,2023-24,18.5,20.7,58.4,8.4,60.1,2.3,2.34,34.0,0.3,0.1,1.1,,23.1,4.8,,,34.0,5.4,5.4,12.2,3.7,68.1,,66.10169491525423,30.8,6-4,220,76
1631105,Jalen Duren,DET,11,31.0,14.0,12.7,2.8,5.5,9.5,0.0,0.1,2.9,3.5,february,2023-24,17.8,12.7,63.8,13.7,57.9,1.9,1.96,25.2,5.2,0.6,8.0,8.9,12.2,3.2,14.9,8.7,6.8,,20.0,,16.4,53.8,,1.0526315789473684,31.0,6-10,250,82
1629060,Rui Hachimura,LAL,12,31.2,14.0,4.8,0.9,5.8,10.5,1.6,3.8,0.9,1.5,february,2023-24,16.1,3.7,62.7,7.8,33.5,1.0,1.78,19.2,0.6,1.8,3.4,3.7,19.3,,3.1,9.5,40.5,,7.1,4.9,,55.7,,36.19047619047619,31.2,6-8,230,80
1629636,Darius Garland,CLE,13,31.3,13.9,1.8,6.8,4.9,11.6,2.0,5.7,2.1,2.4,february,2023-24,20.9,30.3,55.0,9.5,65.1,5.8,5.34,27.2,0.3,0.0,0.2,6.7,16.2,41.8,,,17.1,5.4,3.1,2.9,,69.2,,49.13793103448276,31.3,6-1,192,73
203903,Jordan Clarkson,UTA,11,31.6,13.9,3.2,5.9,4.5,12.6,1.6,5.9,3.2,3.7,february,2023-24,21.3,25.5,48.7,7.1,48.0,2.9,3.61,32.0,1.1,0.1,1.3,5.2,25.6,12.3,,,36.0,7.8,4.2,,3.9,55.6,,46.82539682539683,31.6,6-3,194,75
1627832,Fred VanVleet,HOU,7,33.8,13.9,3.3,4.4,4.6,12.0,2.7,7.9,2.0,2.3,february,2023-24,17.8,21.5,53.3,7.5,77.9,5.5,4.22,30.7,0.0,0.0,0.6,,,,,,,,,,,56.3,,65.83333333333333,33.8,6-0,197,72
1630174,Aaron Nesmith,IND,8,29.7,13.8,3.9,1.4,5.0,9.9,1.9,4.8,1.9,2.8,february,2023-24,18.6,5.9,62.0,6.5,45.1,1.2,1.62,27.1,0.4,0.0,1.0,,19.9,10.4,6.6,,30.9,5.5,,13.7,4.1,58.3,,48.48484848484848,29.7,6-6,215,78
1629130,Duncan Robinson,MIA,9,30.2,13.7,2.1,3.6,4.7,9.9,3.0,6.9,1.3,1.4,february,2023-24,16.6,16.8,64.9,9.5,41.8,1.5,2.09,30.7,0.3,0.0,0.7,,18.5,7.9,4.3,,31.2,11.7,,18.8,,51.7,,69.6969696969697,30.2,6-7,215,79
1627736,Malik Beasley,MIL,12,30.1,13.7,3.3,1.5,4.8,10.1,3.9,8.4,0.3,0.6,february,2023-24,15.7,6.5,66.1,8.2,30.5,0.9,1.72,20.2,0.4,0.0,0.5,,,,,,,,,,,70.3,,83.16831683168317,30.1,6-4,187,76
1630529,Herbert Jones,NOP,11,33.3,13.6,4.2,2.5,4.8,8.4,2.1,3.8,1.9,2.3,february,2023-24,13.8,9.6,72.8,9.7,46.3,2.1,2.7,24.4,0.8,0.0,1.9,,22.4,10.8,,,37.7,6.3,5.4,,,64.9,,45.238095238095234,33.3,6-7,206,79
203952,Andrew Wiggins,GSW,11,27.3,13.5,4.5,2.1,5.3,10.5,1.7,3.6,1.3,1.5,february,2023-24,17.6,10.0,60.8,10.4,36.6,1.8,3.02,20.5,0.6,1.5,2.7,10.9,22.1,7.6,,6.8,32.5,2.0,3.8,2.5,7.8,66.0,,34.285714285714285,27.3,6-7,197,79
1631095,Jabari Smith Jr.,HOU,12,33.9,13.4,9.8,1.5,4.7,12.1,1.8,5.8,2.3,2.8,february,2023-24,17.0,6.3,50.5,9.3,50.4,1.6,1.88,23.7,1.3,0.6,3.4,5.6,19.2,4.7,5.3,5.8,36.8,3.9,7.5,2.5,5.4,54.0,,47.93388429752066,33.9,6-11,220,83
1628404,Josh Hart,NYK,12,39.9,13.4,10.3,5.2,4.8,12.3,1.7,4.8,2.1,3.0,february,2023-24,16.5,18.4,49.1,9.8,69.9,3.1,2.66,38.4,1.0,0.3,1.8,,21.0,10.3,,,45.6,4.0,4.6,,,51.5,,39.02439024390244,39.9,6-4,215,76
1631246,Vince Williams Jr.,MEM,11,33.5,13.3,6.0,6.3,4.5,10.3,1.2,4.2,3.0,3.5,february,2023-24,18.9,27.7,56.1,9.9,66.2,4.4,3.97,34.6,0.5,0.2,2.0,,17.7,29.5,,,31.5,,,,,69.2,,40.77669902912621,33.5,6-4,205,76
203084,Harrison Barnes,SAC,12,27.7,13.3,2.9,0.6,4.8,9.1,2.1,4.9,1.7,2.1,february,2023-24,15.6,2.7,66.3,7.6,31.8,1.1,2.1,18.8,0.6,1.4,1.3,8.0,18.8,3.3,5.0,2.5,43.8,4.8,,4.8,,56.8,,53.846153846153854,27.7,6-8,225,80
1627751,Jakob Poeltl,TOR,12,27.1,12.9,9.5,2.8,5.8,9.5,0.0,0.0,1.4,2.2,february,2023-24,18.5,14.3,61.8,12.8,52.5,1.3,1.48,29.6,4.9,1.4,9.8,,13.0,,16.7,,,,40.7,,14.8,59.1,,0.0,27.1,7-0,260,84
1628963,Marvin Bagley III,WAS,8,26.4,12.9,8.5,1.5,5.8,10.8,0.4,1.0,1.0,1.5,february,2023-24,18.1,7.8,56.4,11.3,40.8,1.0,1.49,22.9,2.3,0.9,6.4,7.3,7.3,,21.6,5.7,8.9,,18.4,,23.8,60.0,,9.25925925925926,26.4,6-10,235,82
1630533,Ziaire Williams,MEM,5,29.9,12.8,4.0,1.8,4.8,10.6,1.4,5.0,1.8,2.4,february,2023-24,18.3,10.1,54.9,9.2,36.0,1.6,2.71,24.2,0.6,0.0,3.0,,22.1,3.7,,,48.3,9.7,6.0,,,64.3,,47.16981132075472,29.9,6-9,185,81
1631323,Simone Fontecchio,DET,10,27.3,12.6,3.8,1.9,5.0,10.5,2.1,5.6,0.5,0.7,february,2023-24,17.3,9.5,58.3,8.2,31.0,0.9,1.72,20.1,0.3,0.0,0.8,,26.5,,,,43.5,,4.3,10.5,5.2,51.6,,53.333333333333336,27.3,6-7,209,79
1626145,Tyus Jones,WAS,12,31.9,12.3,2.2,10.8,4.9,9.8,1.9,3.8,0.6,0.6,february,2023-24,14.7,43.8,61.6,12.0,78.8,5.7,4.32,30.2,0.2,0.0,0.4,,17.2,23.8,,,41.7,,,,,78.4,,38.77551020408163,31.9,6-1,196,73
1629675,Naz Reid,MIN,11,24.6,12.3,5.2,0.9,4.5,9.4,1.5,3.8,1.7,2.2,february,2023-24,19.5,5.4,59.4,10.2,35.7,1.1,1.91,19.5,0.6,1.1,1.2,3.8,17.2,4.8,9.1,8.1,30.7,4.7,3.6,8.4,4.3,55.6,,40.42553191489361,24.6,6-9,264,81
1628415,Dillon Brooks,HOU,12,30.9,12.3,3.9,1.8,4.1,11.2,2.2,5.7,1.9,2.3,february,2023-24,17.2,9.0,50.4,5.7,35.3,1.6,2.69,22.3,0.7,0.9,1.3,9.3,14.6,19.9,1.5,9.9,31.8,2.8,1.7,2.8,2.4,54.4,,50.89285714285715,30.9,6-6,225,78
1630530,Trey Murphy III,NOP,12,29.1,12.3,4.3,1.9,4.2,10.0,2.5,7.3,1.4,1.8,february,2023-24,16.1,8.7,56.7,9.4,38.4,1.3,1.99,23.0,0.3,0.0,1.1,6.6,20.1,16.5,2.1,,23.4,9.4,8.3,7.1,3.2,68.6,,73.0,29.1,6-8,206,80
203994,Jusuf Nurkić,PHX,10,26.6,12.2,10.8,4.3,4.7,8.3,0.0,0.6,2.8,5.0,february,2023-24,19.8,19.7,58.1,12.3,54.4,1.8,2.01,29.8,3.9,3.5,7.6,,6.9,,22.4,10.4,11.8,,17.3,,13.6,52.9,,7.228915662650602,26.6,7-0,290,84
1630173,Precious Achiuwa,NYK,12,38.7,12.2,10.7,1.5,4.9,9.7,0.4,1.9,1.9,2.9,february,2023-24,14.0,5.5,55.6,8.4,53.2,1.5,1.65,31.7,1.5,0.2,7.4,,22.2,,13.5,,24.7,,12.0,,17.1,58.0,,19.587628865979383,38.7,6-8,243,80
1630591,Jalen Suggs,ORL,11,27.1,12.1,3.0,3.0,4.4,8.9,2.4,5.5,1.0,1.5,february,2023-24,18.4,14.8,63.3,8.0,48.1,2.5,3.17,22.0,0.5,0.1,0.8,6.6,24.5,25.2,,,20.4,7.3,,,4.0,56.5,,61.79775280898876,27.1,6-5,205,77
1629661,Cameron Johnson,BKN,8,25.6,12.0,3.9,2.5,4.1,9.6,2.3,6.5,1.5,1.9,february,2023-24,19.3,14.7,57.4,10.0,37.9,1.5,2.32,25.9,0.4,0.0,0.6,,25.0,8.2,,,26.5,15.3,6.7,4.9,,51.5,,67.70833333333334,25.6,6-8,210,80
1629684,Grant Williams,CHA,11,27.1,12.0,4.9,1.6,3.9,8.6,1.8,4.8,2.4,2.9,february,2023-24,18.7,8.7,60.5,8.4,41.3,1.2,1.77,24.1,1.5,0.6,2.8,,,,,,38.2,,,,,69.6,,55.81395348837209,27.1,6-6,236,78
1629640,Keldon Johnson,SAS,11,25.3,12.0,3.5,2.0,4.5,10.4,1.6,5.0,1.5,1.8,february,2023-24,19.5,11.8,53.7,7.4,39.9,1.8,2.72,20.2,0.4,0.1,1.5,3.9,20.0,2.8,,4.4,32.0,7.4,9.2,,10.9,74.4,,48.07692307692307,25.3,6-5,220,77
1628976,Wendell Carter Jr.,ORL,12,26.9,12.0,6.4,1.4,4.7,8.0,1.2,2.9,1.5,2.6,february,2023-24,17.3,7.4,65.7,9.8,37.2,1.0,1.6,23.3,2.3,0.7,5.3,,10.9,,19.2,3.2,26.2,,17.1,,12.7,57.9,,36.25,26.9,6-10,270,82
1630544,Tre Mann,CHA,8,29.8,11.9,5.5,4.8,4.4,10.1,1.8,4.3,1.4,1.9,february,2023-24,18.5,24.5,54.2,11.4,49.1,3.9,4.78,21.0,0.4,0.0,0.8,8.5,7.7,38.0,,,26.5,8.5,,,,51.1,,42.57425742574257,29.8,6-3,178,75
1630182,Josh Green,DAL,11,29.7,11.7,4.2,2.5,4.3,7.6,2.0,4.3,1.2,1.3,february,2023-24,13.5,10.8,71.5,9.2,36.7,1.5,2.44,17.1,1.2,0.0,1.6,,28.0,,,,61.3,,,,,65.4,,56.57894736842105,29.7,6-5,200,77
203471,Dennis Schröder,BKN,12,25.8,11.7,3.3,4.1,4.3,10.7,2.0,4.6,1.2,1.7,february,2023-24,23.1,26.9,51.2,8.3,66.1,5.1,4.63,26.4,0.5,0.1,0.5,14.8,11.2,36.6,,,23.1,5.2,,,,72.1,,42.99065420560748,25.8,6-1,175,73
1628960,Grayson Allen,PHX,11,33.9,11.5,3.4,4.1,3.6,8.1,2.2,5.5,2.1,2.4,february,2023-24,12.2,14.3,63.2,7.4,48.9,2.1,2.53,24.3,0.4,0.0,0.7,2.8,17.5,24.2,4.0,,33.8,5.4,,7.0,,55.6,,67.90123456790124,33.9,6-4,198,76
203083,Andre Drummond,CHI,10,23.7,11.5,12.1,0.3,4.9,8.6,0.0,0.1,1.7,2.6,february,2023-24,19.3,1.8,59.0,15.4,24.2,0.6,1.46,14.5,1.8,2.6,9.0,,5.2,,7.9,,17.0,,16.6,,38.9,56.5,,1.1627906976744187,23.7,6-11,279,83
1631099,Keegan Murray,SAC,12,31.6,11.5,4.5,1.6,4.5,9.8,1.7,4.9,0.8,0.8,february,2023-24,15.0,5.9,56.4,5.6,36.8,1.1,1.81,25.4,0.4,0.0,1.9,4.2,18.5,10.8,5.4,,30.8,,4.2,14.2,4.2,71.4,,50.0,31.6,6-8,225,80
1628989,Kevin Huerter,SAC,12,26.3,11.5,3.0,2.3,4.3,9.1,2.2,5.5,0.7,0.9,february,2023-24,17.7,11.0,60.6,6.5,35.1,1.2,1.97,24.3,0.6,0.0,1.5,,22.8,11.3,,,36.6,6.3,8.2,4.0,3.3,78.8,,60.439560439560445,26.3,6-7,198,79
1629655,Daniel Gafford,DAL,10,22.4,11.4,8.9,0.9,4.9,7.5,0.0,0.0,1.6,2.2,february,2023-24,17.0,5.4,67.3,13.1,33.9,0.8,1.46,18.0,2.7,0.4,7.5,,8.8,,19.9,11.0,,,20.4,,18.2,61.3,,0.0,22.4,6-10,234,82
1629652,Luguentz Dort,OKC,11,28.3,11.4,3.5,1.5,4.0,8.8,2.5,5.6,0.9,1.0,february,2023-24,15.4,6.3,61.4,6.7,26.7,1.0,2.31,17.1,0.1,0.0,1.2,,15.0,,5.5,,61.5,,4.0,,,62.8,,63.636363636363626,28.3,6-4,220,76
201950,Jrue Holiday,BOS,9,31.6,11.2,4.4,6.1,4.6,8.0,1.8,3.2,0.3,0.4,february,2023-24,14.3,25.1,68.5,10.5,48.7,2.7,3.34,21.2,1.3,1.3,3.0,10.1,20.5,26.3,,3.6,20.5,,4.3,,,48.7,,40.0,31.6,6-4,205,76
1630200,Tre Jones,SAS,12,28.6,11.2,4.2,6.4,4.3,7.9,1.1,2.8,1.4,1.8,february,2023-24,14.9,30.7,64.3,11.6,68.3,5.2,4.59,20.8,0.8,0.0,1.3,4.8,22.7,32.0,,,22.7,4.5,3.0,,,78.9,,35.44303797468354,28.6,6-1,185,73
1629622,Max Strus,CLE,13,29.2,11.2,4.3,4.2,4.2,8.7,2.2,5.8,0.7,1.2,february,2023-24,15.2,19.2,60.6,9.2,50.5,1.5,1.82,31.4,0.7,0.0,1.8,,,,,,,,,,,50.7,,66.66666666666667,29.2,6-5,215,77
1628379,Luke Kennard,MEM,8,25.0,11.1,2.0,2.1,3.4,7.0,2.6,5.3,1.8,2.1,february,2023-24,16.3,13.8,70.1,8.2,37.8,1.7,2.69,23.6,0.3,0.0,0.1,,24.5,9.1,,,32.0,7.9,5.8,11.6,,72.2,,75.71428571428571,25.0,6-5,206,77
1629023,P.J. Washington,DAL,11,30.9,11.1,5.8,1.6,4.5,10.6,1.1,4.8,1.1,2.2,february,2023-24,17.8,6.6,47.8,5.9,44.8,1.4,1.88,22.7,1.8,0.4,2.7,4.1,20.9,6.3,5.4,6.1,29.9,4.1,8.2,,6.8,50.0,,45.28301886792453,30.9,6-7,230,79
1641708,Amen Thompson,HOU,12,26.9,11.0,8.8,2.8,4.8,9.0,0.1,1.1,1.3,2.5,february,2023-24,17.6,15.6,54.5,11.6,48.9,2.9,3.56,19.5,0.3,0.3,5.3,9.4,21.4,23.0,,,13.2,2.9,17.8,,5.9,53.7,,12.222222222222223,26.9,6-7,200,79
201569,Eric Gordon,PHX,9,27.5,11.0,1.9,1.6,3.8,8.0,2.1,5.0,1.3,1.4,february,2023-24,14.6,7.4,63.7,7.6,30.3,1.1,2.22,16.6,0.1,0.0,0.6,,,,,,60.0,,,,,63.0,,62.5,27.5,6-3,215,75
1641711,Gradey Dick,TOR,12,20.3,11.0,2.5,0.9,4.3,7.7,2.0,4.1,0.5,0.6,february,2023-24,16.5,6.6,69.4,10.1,21.1,0.5,1.51,15.3,0.6,0.0,1.0,,29.6,,4.5,,39.9,,5.2,9.6,3.4,68.3,,53.246753246753244,20.3,6-6,200,78
202685,Jonas Valančiūnas,NOP,12,21.1,10.9,8.8,1.8,4.8,8.4,0.2,0.5,1.3,1.5,february,2023-24,20.3,12.3,60.1,15.0,42.9,1.3,1.8,26.1,1.6,4.6,6.0,,,,22.1,29.7,4.2,,13.7,,16.0,55.2,,5.952380952380952,21.1,6-11,265,83
1641709,Ausar Thompson,DET,11,29.2,10.9,5.7,2.0,4.9,8.5,0.5,1.5,0.6,1.8,february,2023-24,15.5,9.4,58.4,8.2,28.9,1.1,2.2,17.5,1.2,0.0,4.5,7.7,23.0,10.0,5.6,,16.0,,15.3,2.3,10.0,69.8,,17.647058823529413,29.2,6-6,205,78
1629018,Gary Trent Jr.,TOR,12,28.9,10.8,2.9,1.4,3.9,10.4,2.2,5.8,0.8,0.9,february,2023-24,16.6,6.1,50.1,5.7,27.8,1.1,2.31,20.2,0.3,0.1,0.6,,18.3,6.4,,,48.6,9.0,,6.8,,48.1,,55.769230769230774,28.9,6-5,204,77
1641764,Brandin Podziemski,GSW,14,31.8,10.8,6.7,5.6,4.3,10.0,1.1,3.5,1.1,1.7,february,2023-24,15.0,21.5,50.1,10.1,59.1,3.4,3.46,28.6,0.6,0.1,2.9,6.1,17.2,25.1,2.4,,30.7,4.2,3.4,3.6,,60.9,,35.0,31.8,6-4,205,76
1629021,Moritz Wagner,ORL,12,16.6,10.7,4.6,0.9,3.9,6.1,0.2,0.6,2.7,3.1,february,2023-24,22.9,8.9,71.7,15.5,26.5,0.8,1.86,17.8,2.4,0.3,4.4,,,,,,,,,,,58.8,,9.836065573770492,16.6,6-11,245,83
203501,Tim Hardaway Jr.,DAL,11,26.7,10.6,3.0,1.8,3.8,10.8,2.3,6.6,0.7,0.8,february,2023-24,19.2,8.4,47.6,4.9,36.0,1.5,2.53,17.2,0.3,0.0,0.4,2.2,21.3,5.7,3.2,,32.4,12.1,2.8,15.8,,45.2,,61.11111111111111,26.7,6-5,205,77
1630208,Nick Richards,CHA,13,28.6,10.6,9.1,0.8,4.2,6.2,0.0,0.1,2.2,3.2,february,2023-24,13.8,4.5,69.7,11.0,30.9,0.7,1.45,16.5,2.3,0.4,7.3,,,,,,,,,,,63.4,,1.6129032258064515,28.6,7-0,245,84
203484,Kentavious Caldwell-Pope,DEN,8,27.6,10.5,2.3,2.3,3.1,7.6,1.8,4.0,2.5,2.6,february,2023-24,14.0,9.3,59.8,7.0,30.0,0.9,1.85,21.4,0.5,0.0,1.5,3.1,24.1,18.1,,,33.7,5.9,,6.5,,63.2,,52.63157894736842,27.6,6-5,204,77
201566,Russell Westbrook,LAC,11,22.4,10.5,2.8,3.5,4.3,10.6,0.6,3.0,1.3,1.9,february,2023-24,24.5,21.7,45.5,7.0,41.6,3.1,4.45,16.7,0.6,0.6,1.8,13.4,18.3,25.8,,5.1,26.7,,2.2,,2.8,58.1,,28.30188679245283,22.4,6-4,200,76
1630188,Jalen Smith,IND,7,17.4,10.4,5.7,1.0,4.6,7.7,1.0,2.7,0.3,0.4,february,2023-24,20.3,7.4,66.0,14.9,25.7,0.6,1.35,16.6,0.7,0.3,4.3,,21.0,,17.4,,29.0,,9.8,,10.1,46.7,,35.064935064935064,17.4,6-9,215,81
1626220,Royce O'Neale,PHX,10,27.1,10.4,5.6,2.8,3.5,8.8,2.8,7.1,0.6,0.9,february,2023-24,14.9,15.1,56.5,9.9,52.7,1.6,1.83,25.4,0.6,0.1,1.1,,26.0,8.3,2.7,,43.8,3.9,,3.6,,50.9,,80.68181818181817,27.1,6-6,226,78
1627747,Caris LeVert,CLE,13,25.7,10.4,4.8,6.2,4.0,9.8,1.1,3.6,1.3,1.7,february,2023-24,20.1,34.0,49.4,11.3,46.2,2.8,3.66,28.0,0.2,0.0,0.8,6.2,19.0,24.0,,,26.9,4.5,6.6,5.0,,43.5,,36.73469387755102,25.7,6-6,205,78
1631204,Marcus Sasser,DET,8,20.8,10.4,1.6,4.8,3.9,8.5,2.0,4.1,0.6,1.0,february,2023-24,21.2,32.2,58.0,9.2,42.1,3.6,5.09,17.9,0.1,0.0,0.1,,30.8,21.5,,,,,,,,77.8,,48.23529411764705,20.8,6-2,195,74
204456,T.J. McConnell,IND,11,19.1,10.2,3.1,5.9,4.8,8.2,0.3,0.4,0.3,0.3,february,2023-24,21.3,41.1,61.3,15.3,57.1,4.3,4.52,22.1,0.8,0.0,1.2,5.9,13.1,54.0,,,12.5,,4.2,,,78.3,,4.878048780487806,19.1,6-1,190,73
1630205,Lamar Stevens,MEM,7,18.7,10.1,5.3,0.7,4.4,8.0,0.6,0.9,0.7,1.3,february,2023-24,22.5,6.9,59.2,14.0,31.4,1.5,2.83,15.4,1.3,0.3,1.7,,,,,,,,,,,40.7,,11.25,18.7,6-7,230,79
201572,Brook Lopez,MIL,9,27.9,10.1,5.0,2.0,3.7,9.0,1.9,6.0,0.9,0.9,february,2023-24,15.9,9.2,53.8,8.7,31.2,0.8,1.55,21.6,1.0,0.6,2.2,,6.5,,32.8,9.5,32.1,,,,,53.5,,66.66666666666666,27.9,7-1,282,85
1631170,Jaime Jaquez Jr.,MIA,11,28.4,10.1,4.4,2.5,4.1,9.1,0.5,2.3,1.5,2.1,february,2023-24,17.7,13.1,50.4,7.4,42.4,2.4,3.45,19.9,0.5,1.2,3.2,14.8,29.4,5.3,,5.7,26.6,,5.8,,4.0,51.2,,25.274725274725274,28.4,6-6,225,78
1629651,Nic Claxton,BKN,12,27.7,10.1,8.3,2.0,4.4,7.7,0.0,0.1,1.3,1.9,february,2023-24,15.2,11.2,59.2,11.7,41.0,1.3,1.97,24.8,3.3,0.2,7.8,14.1,15.5,3.9,11.1,4.5,10.9,,15.5,,13.4,48.5,,1.2987012987012987,27.7,6-11,215,83
1627826,Ivica Zubac,LAC,8,24.9,10.0,8.1,1.5,4.3,6.5,0.0,0.0,1.5,1.9,february,2023-24,15.6,9.4,68.3,12.2,41.6,1.0,1.49,20.4,4.9,1.1,7.4,,5.5,,18.4,28.3,,,20.1,,20.3,37.7,,0.0,24.9,7-0,240,84
1630171,Isaac Okoro,CLE,13,25.1,9.9,2.5,2.1,3.6,7.0,1.7,3.8,1.0,1.4,february,2023-24,14.3,10.6,65.2,8.3,25.2,0.8,1.96,16.0,0.2,0.0,0.5,,25.9,,,,41.6,,10.8,,5.2,88.9,,54.285714285714285,25.1,6-5,225,77
1631110,Jeremy Sochan,SAS,12,29.0,9.9,6.8,2.0,4.3,10.0,0.6,3.0,0.8,1.3,february,2023-24,17.2,9.6,46.8,6.8,42.9,1.6,2.2,23.9,2.1,0.8,5.7,,18.9,,12.3,,28.3,,17.0,,,63.0,,30.0,29.0,6-8,230,80
202692,Alec Burks,NYK,11,19.2,9.9,2.5,1.0,3.3,9.5,1.7,4.9,1.6,2.0,february,2023-24,25.1,8.4,47.5,6.3,32.4,1.7,3.18,19.1,0.1,0.1,0.3,,,,,,,,,,,57.6,,51.578947368421055,19.2,6-5,214,77
1630540,Miles McBride,NYK,12,23.3,9.8,2.1,1.8,3.8,8.8,1.3,4.3,0.9,1.1,february,2023-24,17.7,11.9,52.8,7.8,37.6,2.6,4.16,17.4,0.4,0.0,0.6,4.7,19.5,14.5,,,38.1,11.5,,3.0,,51.4,,48.86363636363636,23.3,6-1,195,73
1630581,Josh Giddey,OKC,11,23.9,9.8,5.3,3.6,3.8,8.9,1.0,3.5,1.2,1.4,february,2023-24,20.2,18.7,51.6,9.3,47.2,2.2,2.82,23.8,1.6,0.2,2.5,5.0,22.8,38.8,,,16.0,4.5,4.3,,,62.5,,39.32584269662921,23.9,6-8,216,80
203482,Kelly Olynyk,TOR,10,18.8,9.8,3.8,3.5,3.3,6.4,0.6,1.8,2.6,2.9,february,2023-24,18.5,25.9,63.8,12.1,41.4,1.5,2.18,23.5,1.2,0.8,2.6,,,,,,,,,,,71.4,,28.125,18.8,6-11,240,83
1629611,Terance Mann,LAC,11,26.8,9.7,4.7,2.1,3.8,6.6,1.0,2.4,1.1,1.3,february,2023-24,13.1,11.4,67.6,8.8,34.5,1.5,2.63,19.5,0.8,0.1,3.3,3.7,22.0,17.9,,,28.9,4.4,6.6,,8.1,74.2,,36.36363636363637,26.8,6-5,215,77
201144,Mike Conley,MIN,11,27.0,9.6,3.2,5.8,3.2,7.3,2.3,4.9,1.0,1.2,february,2023-24,14.3,31.5,61.8,11.9,63.2,4.7,4.46,28.0,0.4,0.0,0.5,,14.8,21.2,,,33.3,13.8,,5.8,,55.9,,67.12328767123287,27.0,6-0,175,72
203552,Seth Curry,CHA,7,19.4,9.6,2.0,1.7,3.4,7.3,1.1,3.6,1.6,1.7,february,2023-24,19.0,14.3,59.5,10.6,25.6,1.5,3.57,15.6,0.3,0.0,0.3,,,,,,,,,,,87.5,,49.31506849315069,19.4,6-1,185,73
1628997,Caleb Martin,MIA,11,29.3,9.5,4.5,1.9,3.8,8.1,1.2,3.3,0.7,1.0,february,2023-24,14.2,8.5,55.9,6.7,36.6,1.9,3.05,18.8,0.5,0.0,1.5,,32.5,7.9,,,35.7,,,,,56.0,,40.74074074074074,29.3,6-5,205,77
1630175,Cole Anthony,ORL,12,20.2,9.4,3.6,2.5,3.8,8.3,0.8,2.3,1.1,1.5,february,2023-24,22.6,19.7,52.8,11.2,39.6,3.4,5.2,16.0,0.3,0.0,1.0,6.9,14.7,51.8,,,14.3,,,,,57.6,,27.710843373493972,20.2,6-2,185,74
1641739,Toumani Camara,POR,9,24.2,9.3,5.4,1.3,3.6,6.9,1.0,2.0,1.2,1.3,february,2023-24,15.9,9.2,62.4,9.2,28.4,1.0,2.03,16.4,0.6,0.1,2.8,6.3,20.3,4.4,5.4,,40.5,2.6,9.1,,4.7,54.8,,28.985507246376812,24.2,6-7,226,79
1630583,Santi Aldama,MEM,11,28.5,9.3,5.2,3.1,3.7,9.0,1.6,5.2,0.2,0.5,february,2023-24,15.9,16.3,50.2,8.5,47.7,1.7,2.18,30.5,1.4,0.3,2.1,,22.8,2.3,8.8,4.1,40.1,,6.8,,7.0,64.3,,57.777777777777786,28.5,7-0,215,84
203110,Draymond Green,GSW,14,26.9,9.1,8.4,5.8,3.9,7.2,1.0,2.0,0.4,0.8,february,2023-24,15.0,25.6,60.5,11.6,63.5,2.0,1.87,35.5,2.0,1.0,2.6,,9.4,5.1,10.2,,39.8,,10.2,,2.7,61.2,,27.77777777777778,26.9,6-6,230,78
1626196,Josh Richardson,MIA,5,23.8,9.0,3.2,1.8,3.4,7.4,1.4,4.6,0.8,0.8,february,2023-24,14.4,11.3,58.0,8.4,36.4,1.8,2.89,19.2,0.6,0.0,0.8,,,,,,,,,,,75.0,,62.16216216216215,23.8,6-5,200,77
203991,Clint Capela,ATL,6,21.4,8.8,9.7,0.7,3.8,7.7,0.0,0.0,1.2,1.8,february,2023-24,17.7,4.4,52.1,10.2,27.0,0.6,1.32,20.0,2.5,0.2,9.8,,,,22.1,,,,24.4,,36.6,50.0,,0.0,21.4,6-10,256,82
203095,Evan Fournier,DET,6,18.6,8.8,2.5,0.7,3.2,6.5,1.7,3.8,0.8,1.2,february,2023-24,17.4,5.8,63.0,8.6,25.0,1.1,2.54,14.5,0.2,0.0,0.3,,,,,,,,,,,70.6,,58.46153846153845,18.6,6-6,205,78
201567,Kevin Love,MIA,10,15.9,8.8,6.5,1.9,3.0,6.2,1.8,4.5,1.0,1.4,february,2023-24,21.0,19.2,64.6,16.9,37.1,1.1,1.84,20.9,0.5,1.1,2.1,,14.0,,14.6,,34.1,,6.7,,15.2,54.8,,72.58064516129032,15.9,6-8,251,80
1631117,Walker Kessler,UTA,10,23.4,8.8,7.5,1.4,3.8,5.9,0.0,0.3,1.2,1.5,february,2023-24,13.3,8.6,67.1,11.6,34.5,0.8,1.34,16.3,0.7,0.1,7.0,,,,,,,,29.0,,22.6,47.8,,5.084745762711864,23.4,7-0,245,84
1628380,Zach Collins,SAS,12,17.7,8.8,4.4,2.8,3.6,7.5,0.5,1.6,1.1,1.7,february,2023-24,22.4,24.6,53.1,9.3,33.4,1.0,1.8,23.1,3.9,1.8,3.7,,,,24.7,,25.9,,19.8,,,57.6,,21.333333333333336,17.7,6-11,250,83
1626166,Cameron Payne,PHI,11,18.1,8.7,1.8,2.8,3.2,7.6,1.4,3.8,1.0,1.3,february,2023-24,20.0,22.5,53.2,9.4,40.8,3.0,4.39,16.6,0.1,0.0,0.3,,,,,,,,,,,66.7,,50.0,18.1,6-3,183,75
1631367,Jacob Gilyard,BKN,7,24.5,8.7,1.7,4.9,3.0,6.4,2.6,5.6,0.1,0.1,february,2023-24,13.9,29.3,67.1,9.5,52.4,3.8,4.4,23.3,0.4,0.0,0.3,,,,,,,,,,,81.0,,87.49999999999999,24.5,5-8,160,68
1626168,Trey Lyles,SAC,11,19.0,8.6,4.1,0.6,2.8,5.6,1.7,3.7,1.3,1.6,february,2023-24,15.4,4.4,67.9,9.8,28.2,0.8,1.62,14.5,0.4,0.4,1.5,,,,,,,,,,,61.9,,66.07142857142858,19.0,6-9,234,81
1628988,Aaron Holiday,HOU,12,17.7,8.6,1.3,2.3,3.2,6.5,1.5,3.3,0.8,0.9,february,2023-24,17.1,19.6,62.2,9.1,29.7,2.3,4.69,11.4,0.1,0.1,0.2,,18.5,18.5,,,42.5,,,,,82.8,,50.76923076923077,17.7,6-0,185,72
1629599,Amir Coffey,LAC,11,24.5,8.5,2.1,1.5,2.8,6.0,1.3,3.0,1.6,1.7,february,2023-24,12.2,8.0,63.2,6.5,24.4,0.8,2.08,14.3,0.4,0.0,0.4,,,,,,,,,,,71.4,,50.0,24.5,6-7,210,79
1629614,Andrew Nembhard,IND,12,27.6,8.5,2.3,3.5,3.7,7.3,0.9,2.2,0.3,0.4,february,2023-24,12.8,15.1,57.2,7.0,42.2,2.1,2.98,22.4,0.4,0.1,0.8,8.9,14.8,38.5,,,21.4,7.1,,,,61.8,,30.136986301369866,27.6,6-4,191,76
1630202,Payton Pritchard,BOS,10,18.3,8.5,2.7,1.6,3.2,6.6,1.8,4.8,0.3,0.3,february,2023-24,17.8,12.4,63.1,9.7,35.0,2.3,3.89,14.7,0.2,0.0,0.6,12.8,16.2,25.6,1.9,,26.2,6.4,,5.1,1.8,52.6,,72.72727272727273,18.3,6-1,195,73
1631103,Malaki Branham,SAS,12,18.4,8.4,1.8,1.8,3.2,7.8,1.3,3.4,0.8,0.8,february,2023-24,19.7,13.5,52.1,6.3,28.9,1.4,2.81,17.5,0.8,0.0,1.2,,,,,,,,,,,54.2,,43.58974358974359,18.4,6-4,180,76
1629022,Lonnie Walker IV,BKN,10,15.7,8.4,2.1,1.1,3.0,8.0,1.8,4.6,0.6,0.7,february,2023-24,23.1,11.5,50.6,7.7,23.7,1.3,3.33,14.0,0.3,0.0,0.6,,,,,,,,,,,70.0,,57.49999999999999,15.7,6-4,204,76
201143,Al Horford,BOS,9,26.4,8.3,6.1,1.9,3.3,6.3,1.1,3.1,0.6,0.7,february,2023-24,11.7,8.8,62.9,10.5,28.8,0.7,1.43,16.3,0.6,1.1,2.9,,15.0,,12.2,8.9,40.0,,7.8,5.6,,61.5,,49.20634920634921,26.4,6-9,240,81
1628467,Maxi Kleber,DAL,9,27.3,8.3,4.4,2.1,3.1,5.8,1.4,3.4,0.7,1.1,february,2023-24,11.3,9.6,66.5,7.9,33.2,0.8,1.47,21.1,0.9,0.1,2.8,,,,,,,,,,,62.3,,58.620689655172406,27.3,6-10,240,82
1627752,Taurean Prince,LAL,12,26.1,8.3,3.3,1.7,3.2,6.7,1.3,3.3,0.8,1.2,february,2023-24,13.5,8.1,58.0,5.8,24.9,0.8,1.91,15.0,0.5,0.0,0.8,,27.3,,,,54.5,,,,,63.3,,49.25373134328358,26.1,6-6,218,78
1629638,Nickeil Alexander-Walker,MIN,11,23.0,8.2,2.8,2.6,3.0,7.5,1.5,4.1,0.7,0.7,february,2023-24,16.3,14.8,52.0,7.2,38.3,2.1,3.29,16.5,0.3,0.0,0.5,2.9,27.3,18.8,2.9,,22.7,7.1,2.9,9.1,1.3,52.0,,54.666666666666664,23.0,6-5,205,77
1629626,Bol Bol,PHX,9,16.4,8.1,4.8,0.4,3.7,6.1,0.4,1.8,0.3,0.6,february,2023-24,16.2,4.3,63.8,13.4,18.1,0.5,1.74,10.4,0.8,0.2,1.7,,,,,,,,,,,41.7,,29.50819672131148,16.4,7-3,220,87
1627936,Alex Caruso,CHI,8,31.2,8.0,4.5,3.5,3.0,7.4,1.1,4.3,0.9,0.9,february,2023-24,12.9,15.2,51.5,7.5,57.3,2.4,2.47,24.1,0.3,0.0,1.1,,19.9,8.2,7.0,,45.6,,,,,57.4,,58.108108108108105,31.2,6-5,186,77
202704,Reggie Jackson,DEN,11,22.4,8.0,1.7,3.5,3.5,8.6,0.7,3.2,0.4,0.5,february,2023-24,18.1,21.0,45.3,5.5,45.6,3.5,4.65,20.5,0.4,0.0,0.9,,,,,,,,,,,61.1,,37.2093023255814,22.4,6-2,208,74
1630167,Obi Toppin,IND,12,18.6,7.9,3.4,1.8,2.9,5.8,1.4,3.2,0.7,1.0,february,2023-24,16.0,11.1,63.1,9.8,32.3,0.8,1.45,19.3,0.5,0.1,2.1,,23.9,,,,28.3,,,,,54.2,,55.172413793103445,18.6,6-9,220,81
1630194,Paul Reed,PHI,12,26.0,7.9,8.0,1.3,3.6,7.4,0.2,0.8,0.6,0.7,february,2023-24,12.9,6.4,51.3,7.9,36.6,1.0,1.64,22.0,3.3,0.2,6.4,,9.8,,16.0,,13.5,,26.4,,17.2,62.0,,10.81081081081081,26.0,6-9,210,81
1630598,Aaron Wiggins,OKC,11,17.7,7.9,2.6,1.0,2.8,5.6,1.3,2.9,1.0,1.2,february,2023-24,17.0,7.5,64.2,8.4,21.3,0.7,2.11,12.8,0.1,0.0,2.3,6.3,22.9,8.6,,,44.9,,3.3,4.0,,58.8,,51.78571428571429,17.7,6-5,190,77
1630183,Jaden McDaniels,MIN,11,28.7,7.9,2.6,1.5,3.2,7.3,1.1,3.4,0.5,0.5,february,2023-24,14.2,7.2,52.6,3.4,31.2,1.0,1.91,19.2,0.4,0.0,0.9,2.3,27.6,10.3,,,36.8,5.2,5.0,3.2,3.9,47.4,,46.57534246575342,28.7,6-9,185,81
1628392,Isaiah Hartenstein,NYK,8,25.0,7.9,8.8,2.9,3.0,5.1,0.0,0.0,1.9,2.1,february,2023-24,12.2,15.1,65.0,11.1,44.1,1.2,1.57,26.1,5.0,0.3,8.5,,7.4,,19.9,5.6,,,40.3,,10.2,53.3,,0.0,25.0,7-0,250,84
1630631,Jose Alvarado,NOP,9,19.4,7.6,2.6,2.6,3.0,7.2,1.1,4.1,0.4,0.6,february,2023-24,17.7,16.7,50.6,9.4,39.1,2.3,3.54,17.9,0.6,0.0,0.4,4.2,20.0,27.3,,,30.0,3.8,3.8,,,61.1,,56.94444444444444,19.4,6-0,179,72
1628998,Cody Martin,CHA,11,27.5,7.5,4.7,4.7,3.1,7.7,0.9,3.1,0.5,0.6,february,2023-24,15.6,24.2,47.1,8.5,51.6,4.1,4.73,20.4,1.1,0.2,1.5,,,,,,,,,,,67.5,,40.25974025974026,27.5,6-6,205,78
1628971,Bruce Brown,TOR,12,23.7,7.5,3.1,2.6,2.8,6.9,0.3,1.8,1.7,1.7,february,2023-24,14.3,14.5,49.0,6.5,32.7,1.5,2.81,17.1,0.9,0.0,1.8,4.1,22.3,15.7,,,22.3,3.8,13.0,,8.7,70.7,,26.08695652173913,23.7,6-4,202,76
1631107,Nikola Jović,MIA,6,17.9,7.5,3.5,1.5,2.7,5.2,1.7,3.2,0.5,1.0,february,2023-24,17.2,12.3,66.9,9.4,32.0,1.4,2.62,13.7,0.2,0.2,0.7,3.7,31.0,3.4,3.7,4.8,39.2,,4.8,,,65.2,,61.53846153846154,17.9,6-10,205,82
1630573,Sam Hauser,BOS,10,19.2,7.5,2.8,0.5,2.5,5.1,2.1,4.5,0.4,0.4,february,2023-24,12.4,3.3,71.1,7.9,21.8,0.5,1.27,11.2,0.3,0.0,0.4,,20.5,4.3,8.2,,34.1,9.4,,14.2,3.7,60.0,,88.23529411764707,19.2,6-7,217,79
1631223,David Roddy,PHX,7,16.1,7.4,2.7,1.6,3.0,7.4,0.7,2.4,0.7,1.3,february,2023-24,24.1,18.3,46.5,6.6,29.7,1.2,2.48,17.0,0.7,0.6,0.3,,,,,,,,,,,70.6,,32.43243243243243,16.1,6-4,255,76
1641731,Bilal Coulibaly,WAS,10,26.7,7.3,3.8,1.5,2.3,6.8,0.8,3.2,1.9,2.7,february,2023-24,14.4,7.7,45.7,3.1,29.8,1.1,2.25,20.4,0.4,0.0,2.3,4.8,27.8,15.1,,,25.8,5.2,8.3,,4.8,70.4,,47.05882352941177,26.7,6-8,195,80
203914,Gary Harris,ORL,10,22.7,7.3,1.7,1.4,2.7,5.3,1.6,3.3,0.3,0.4,february,2023-24,11.6,8.4,66.7,6.7,19.7,0.7,2.1,14.2,0.2,0.0,0.5,,16.7,,,,54.2,,,,,65.5,,62.264150943396224,22.7,6-4,210,76
1630198,Isaiah Joe,OKC,8,17.6,7.3,1.9,1.4,2.8,4.9,1.5,3.1,0.3,0.3,february,2023-24,13.3,9.6,72.7,8.0,20.3,0.7,1.95,12.0,0.3,0.0,1.0,,21.2,,9.4,,39.9,9.4,4.3,6.8,,78.9,,63.26530612244897,17.6,6-3,165,75
1628365,Markelle Fultz,ORL,9,20.8,7.1,4.0,3.0,3.0,7.2,0.1,0.7,1.0,1.3,february,2023-24,18.4,19.9,45.5,8.3,37.9,2.6,4.15,17.1,0.8,0.6,2.7,,,,,,,,,,,87.5,,9.722222222222221,20.8,6-4,209,76
1630231,KJ Martin,PHI,10,19.5,7.1,4.5,1.4,3.2,5.2,0.4,0.9,0.3,0.6,february,2023-24,13.0,9.1,65.0,9.2,25.2,0.5,1.26,13.3,1.0,0.0,2.6,,,,,,,,,,,62.1,,17.307692307692307,19.5,6-6,215,78
1628981,Bruno Fernando,ATL,9,16.0,7.0,4.6,1.0,2.8,4.9,0.0,0.0,1.4,2.1,february,2023-24,16.1,9.1,60.2,10.0,17.6,0.4,1.37,12.3,2.0,0.2,5.4,,,,,,,,,,,60.5,,0.0,16.0,6-9,240,81
1641717,Cason Wallace,OKC,11,18.1,7.0,2.1,1.2,2.6,5.4,1.5,3.7,0.3,0.5,february,2023-24,13.0,8.0,62.9,8.2,21.0,1.0,2.91,11.4,0.3,0.0,1.3,4.2,22.6,13.5,,,41.3,4.2,4.5,,3.5,55.3,,68.5185185185185,18.1,6-3,195,75
1641726,Dereck Lively II,DAL,5,18.6,7.0,4.4,0.6,3.0,3.8,0.0,0.0,1.0,2.2,february,2023-24,10.7,3.8,73.4,11.1,23.2,0.5,1.22,11.0,1.4,0.0,5.6,,,,,,,,,,,48.5,,0.0,18.6,7-1,230,85
1627777,Georges Niang,CLE,13,18.6,7.0,3.0,0.5,2.6,6.1,1.3,3.9,0.5,0.7,february,2023-24,17.0,3.6,54.8,4.7,26.7,0.8,1.69,14.8,0.1,0.2,0.4,,,,,,,,,,,58.9,,63.934426229508205,18.6,6-7,230,79
1631121,Bryce McGowens,CHA,9,16.0,6.9,2.8,1.0,2.2,4.6,0.6,1.8,1.9,2.2,february,2023-24,16.5,10.2,62.2,10.2,20.3,0.9,2.62,12.8,0.1,0.0,0.9,5.2,24.2,12.4,,,37.6,5.7,6.2,,,54.2,,39.130434782608695,16.0,6-6,175,78
1629013,Landry Shamet,WAS,12,18.3,6.8,1.8,0.9,2.6,6.7,1.0,3.9,0.7,0.7,february,2023-24,16.5,6.6,49.1,4.2,22.6,0.7,1.88,14.2,0.6,0.0,0.7,,22.7,,,,51.6,10.2,,,,51.9,,58.2089552238806,18.3,6-4,190,76
1641733,Nick Smith Jr.,CHA,6,17.4,6.8,1.2,1.7,2.0,6.5,1.5,3.8,1.3,1.5,february,2023-24,19.6,14.7,47.7,4.3,30.3,2.4,4.65,13.7,0.0,0.0,0.0,11.6,14.4,36.3,,,21.9,,,,,50.0,,58.46153846153845,17.4,6-2,185,74
203486,Mason Plumlee,LAC,10,15.7,6.8,5.3,1.4,2.2,3.3,0.0,0.0,2.4,3.1,february,2023-24,15.3,12.1,72.9,12.1,26.7,0.8,1.78,11.6,2.3,0.1,4.0,,,,,,,,,,,51.1,,0.0,15.7,6-10,254,82
1631133,Jabari Walker,POR,9,24.0,6.8,6.0,0.6,2.8,6.9,0.1,1.6,1.1,1.4,february,2023-24,14.8,3.9,45.0,5.8,28.7,0.9,1.82,15.4,1.2,0.2,4.4,,16.0,,,,34.6,,15.4,,24.4,63.4,,23.18840579710145,24.0,6-7,227,79
1641707,Taylor Hendricks,UTA,8,22.1,6.8,5.9,0.6,2.6,6.0,1.1,3.6,0.4,0.4,february,2023-24,12.5,4.1,54.7,6.5,22.4,0.5,1.41,10.8,0.3,0.0,1.4,,18.9,,7.0,,39.2,,11.2,,8.4,61.0,,60.0,22.1,6-9,215,81
1631212,Peyton Watson,DEN,11,20.0,6.5,3.5,0.8,2.5,5.3,0.8,1.8,0.5,0.9,february,2023-24,15.2,5.7,56.9,5.7,25.4,1.1,2.56,12.0,0.5,0.0,1.5,6.7,19.0,13.2,3.1,,24.9,5.2,16.2,2.3,3.2,50.0,,33.9622641509434,20.0,6-7,200,79
1630692,Jordan Goodwin,MEM,5,18.7,6.4,3.6,3.0,2.4,6.2,0.6,1.6,1.0,1.6,february,2023-24,16.7,21.1,46.3,9.6,38.8,2.7,4.23,16.8,0.4,0.0,0.8,,16.2,12.8,3.4,,42.7,,,,12.0,68.8,,25.806451612903224,18.7,6-4,200,76
201145,Jeff Green,HOU,12,16.8,6.3,2.5,1.5,1.9,4.8,0.9,2.4,1.6,2.1,february,2023-24,15.4,13.4,55.1,7.6,20.1,0.7,2.08,14.3,0.9,0.6,1.2,,,,,,,,,,,50.0,,50.0,16.8,6-8,235,80
1627739,Kris Dunn,UTA,11,20.8,6.3,2.6,3.1,2.5,5.5,0.9,2.6,0.5,0.6,february,2023-24,13.8,18.8,53.8,6.8,41.3,2.7,3.99,15.6,0.4,0.0,0.4,3.9,19.3,9.6,5.5,,38.6,,9.6,,3.2,56.7,,47.27272727272727,20.8,6-3,205,75
201976,Patrick Beverley,MIL,12,17.8,6.3,2.9,3.5,2.3,5.5,1.0,2.4,0.6,0.7,february,2023-24,17.4,29.6,53.9,9.2,39.3,2.9,4.36,17.8,0.2,0.0,0.8,,,,,,,,,,,63.9,,43.63636363636363,17.8,6-2,180,74
203915,Spencer Dinwiddie,LAL,10,27.0,6.2,1.2,4.2,2.3,6.5,1.0,3.9,0.6,0.8,february,2023-24,11.8,17.8,45.2,3.8,36.8,2.5,4.07,15.4,0.1,0.0,0.0,,,,,,,,,,,63.3,,60.0,27.0,6-5,215,77
1628372,Dennis Smith Jr.,BKN,11,19.8,6.2,3.0,3.6,2.5,5.9,0.5,1.8,0.5,1.0,february,2023-24,17.0,27.8,48.7,9.1,38.5,2.4,3.81,15.8,0.3,0.1,0.9,,,,,,,,,,,64.5,,30.508474576271183,19.8,6-3,205,75
203109,Jae Crowder,MIL,12,28.2,6.2,4.3,2.1,2.4,5.9,0.8,3.2,0.6,0.7,february,2023-24,10.5,9.5,49.7,5.8,34.6,0.9,1.48,18.6,0.3,0.0,1.6,,,,,,,,,,,50.0,,54.23728813559322,28.2,6-6,235,78
203995,Vasilije Micic,CHA,11,18.6,6.1,1.4,5.1,2.5,6.3,0.6,2.7,0.5,0.7,february,2023-24,19.6,38.6,46.2,7.3,37.4,3.5,5.66,14.3,0.0,0.1,0.3,,,,,,,,,,,72.2,,42.85714285714286,18.6,6-3,188,75
203937,Kyle Anderson,MIN,10,21.2,6.0,3.7,4.7,2.5,4.7,0.2,0.5,0.8,0.8,february,2023-24,12.3,27.5,59.4,11.6,38.9,2.0,3.15,23.1,2.1,0.3,2.6,12.6,16.5,7.9,,,17.3,,14.2,,8.7,64.9,,10.638297872340425,21.2,6-9,230,81
1626192,Pat Connaughton,MIL,12,23.8,5.9,4.2,2.8,2.3,4.6,1.0,2.8,0.4,0.8,february,2023-24,10.8,15.1,60.2,8.8,38.3,1.7,2.73,18.8,0.4,0.0,0.9,,,,,,,,,,,43.8,,60.86956521739131,23.8,6-5,209,77
1627827,Dorian Finney-Smith,BKN,8,21.4,5.9,4.1,1.4,2.3,5.3,0.8,3.1,0.6,1.0,february,2023-24,13.6,9.1,51.6,5.1,29.1,0.7,1.54,17.1,0.5,0.0,1.4,,,,,,,,,,,58.6,,58.490566037735846,21.4,6-7,220,79
1631311,Lester Quinones,GSW,14,15.5,5.9,2.9,1.6,1.9,4.7,1.1,2.7,1.1,1.5,february,2023-24,15.7,13.9,54.5,6.6,25.5,1.5,3.51,12.5,0.4,0.0,1.1,,,,,,,,,,,52.8,,57.446808510638306,15.5,6-4,208,76
1629637,Jaxson Hayes,LAL,12,15.1,5.8,4.4,0.8,2.4,3.4,0.0,0.2,1.0,1.5,february,2023-24,11.9,6.7,71.5,11.6,21.0,0.5,1.44,9.3,1.3,0.0,3.5,,13.2,,26.5,,,,34.4,,13.2,66.7,,5.882352941176471,15.1,7-0,220,84
1628470,Torrey Craig,CHI,6,20.3,5.8,4.3,1.3,2.0,4.7,1.3,3.8,0.5,0.7,february,2023-24,11.9,8.6,58.8,8.0,24.7,0.7,1.8,11.3,0.2,0.0,0.7,,,,,,,,,,,63.6,,80.85106382978722,20.3,6-5,221,77
1631128,Christian Braun,DEN,11,20.5,5.7,3.4,1.1,2.0,5.5,0.5,1.9,1.2,1.9,february,2023-24,13.4,6.9,45.5,5.1,28.0,1.2,2.52,15.4,0.5,0.0,2.4,,33.3,,7.1,,20.6,7.8,11.3,,7.1,55.6,,34.54545454545455,20.5,6-6,220,78
1641998,Trey Jemison III,MEM,7,20.0,5.7,4.3,1.0,2.4,5.1,0.0,0.0,0.9,1.0,february,2023-24,14.4,7.4,51.2,4.5,25.9,0.8,1.86,18.1,2.0,2.1,6.4,,,,,,,,,,,75.7,,0.0,20.0,6-10,260,82
1628371,Jonathan Isaac,ORL,10,16.7,5.7,5.5,0.6,2.3,4.6,0.4,1.0,0.7,1.4,february,2023-24,15.7,5.2,54.6,12.0,20.5,0.5,1.33,10.2,0.3,0.0,3.1,,12.4,,,,29.5,,16.2,,14.3,47.6,,21.73913043478261,16.7,6-10,230,82
1629312,Haywood Highsmith,MIA,9,20.2,5.7,2.7,0.2,2.2,5.0,1.0,3.0,0.2,0.2,february,2023-24,12.0,1.6,55.6,5.2,19.7,0.6,1.91,11.9,0.4,0.0,1.9,,,,,,,,,,,59.1,,60.0,20.2,6-5,220,77
1630577,Julian Champagnie,SAS,12,19.9,5.7,3.9,2.0,2.0,5.3,0.8,3.4,0.8,1.2,february,2023-24,12.2,12.1,49.2,6.8,26.6,0.7,1.51,15.1,0.5,0.0,1.8,,23.0,,5.3,,43.3,6.5,3.1,9.3,4.3,60.4,,64.15094339622641,19.9,6-7,217,79
1629723,John Konchar,MEM,8,25.9,5.6,5.6,2.5,2.3,4.8,0.6,2.3,0.5,0.5,february,2023-24,10.0,13.2,56.6,8.8,42.1,1.2,1.76,22.6,0.5,0.0,2.3,,34.2,,,,42.5,,,,,65.8,,47.916666666666664,25.9,6-5,210,77
1628464,Daniel Theis,LAC,6,15.7,5.5,3.8,1.2,2.3,4.3,0.3,1.2,0.5,0.7,february,2023-24,15.3,9.5,59.4,7.5,22.3,0.6,1.52,10.8,2.2,0.0,2.5,,,,,,,,,,,61.1,,27.906976744186046,15.7,6-8,245,80
1630592,Jalen Wilson,BKN,10,18.9,5.5,2.6,1.5,2.0,4.5,1.1,2.2,0.4,0.6,february,2023-24,11.7,10.5,57.7,7.1,18.7,0.6,1.95,12.4,0.3,0.0,0.9,,14.7,8.0,,,52.0,,,,,64.3,,48.88888888888889,18.9,6-6,220,78
1627732,Ben Simmons,BKN,8,18.8,5.4,5.8,4.4,2.4,4.1,0.0,0.0,0.6,1.4,february,2023-24,13.8,32.1,56.8,12.0,49.0,2.9,3.52,14.5,1.4,0.8,2.4,,,,,,,,,,,85.7,,0.0,18.8,6-10,240,82
1630230,Naji Marshall,NOP,9,19.9,5.2,3.4,2.3,2.0,4.8,0.8,2.3,0.4,0.4,february,2023-24,13.8,14.8,52.5,6.7,33.0,1.6,2.86,13.2,0.4,0.0,1.3,5.6,31.6,10.9,3.9,,29.1,,6.0,2.4,2.4,56.3,,47.916666666666664,19.9,6-6,220,78
1631108,Max Christie,LAL,9,15.3,5.1,1.7,1.3,1.7,3.4,0.8,1.8,1.0,1.3,february,2023-24,11.6,11.3,63.4,8.4,17.4,0.7,2.55,7.7,0.1,0.0,0.0,5.7,24.2,13.7,4.7,,33.9,4.0,2.6,5.7,,47.6,,52.94117647058824,15.3,6-5,190,77
1627884,Derrick Jones Jr.,DAL,11,19.4,5.0,3.5,0.8,1.7,3.8,0.4,1.5,1.2,1.6,february,2023-24,11.4,4.9,55.1,6.0,21.2,0.6,1.67,9.1,0.0,0.0,1.7,,18.3,,,,46.0,,13.5,,7.9,59.3,,39.473684210526315,19.4,6-6,210,78
1631200,Kris Murray,POR,9,22.0,4.9,4.0,1.7,2.0,5.1,0.4,2.3,0.4,1.1,february,2023-24,13.1,10.6,43.7,5.0,27.6,1.0,2.12,16.8,0.1,0.0,1.6,,23.6,,,,40.4,,11.8,,11.3,68.0,,45.09803921568628,22.0,6-8,210,80
1626224,Cedi Osman,SAS,12,15.9,4.8,1.9,1.3,1.7,4.2,1.2,2.8,0.3,0.3,february,2023-24,13.4,10.5,55.1,5.0,18.1,0.5,1.77,10.5,0.6,0.0,0.6,,,,,,,,,,,61.9,,66.66666666666666,15.9,6-7,230,79
1630558,Davion Mitchell,SAC,12,15.2,4.7,1.1,1.8,1.8,3.4,0.8,1.8,0.3,0.5,february,2023-24,11.8,13.5,64.2,5.3,25.0,1.7,4.03,8.8,0.1,0.0,0.3,28.6,19.3,8.1,,,35.6,,,,,75.0,,52.94117647058824,15.2,6-0,202,72
1628420,Monte Morris,MIN,9,15.7,4.7,2.1,2.4,1.8,5.4,0.7,2.6,0.4,0.7,february,2023-24,15.6,22.2,40.7,8.5,30.9,2.2,4.27,13.8,0.1,0.0,0.1,,,,,,,,,,,60.0,,48.148148148148145,15.7,6-2,183,74
201152,Thaddeus Young,PHX,5,18.5,4.6,5.4,1.4,2.2,3.0,0.0,0.2,0.2,0.6,february,2023-24,8.7,10.3,70.5,8.1,28.4,0.8,1.73,16.6,3.0,0.6,4.0,,,,,,,,,,,64.3,,6.666666666666667,18.5,6-8,225,80
1631104,Blake Wesley,SAS,12,15.9,4.5,1.4,3.2,1.6,3.3,0.2,1.0,1.2,1.6,february,2023-24,13.5,26.0,55.8,6.1,34.4,2.4,4.1,12.8,0.5,0.0,0.9,,33.3,,,,22.2,,,,,76.0,,30.303030303030305,15.9,6-3,185,75
1630579,Jericho Sims,NYK,9,22.2,4.3,5.8,1.3,1.7,2.2,0.0,0.0,1.0,1.4,february,2023-24,6.3,8.8,75.8,9.3,27.0,0.7,1.55,13.8,1.1,0.0,4.2,,,,26.0,,,,32.5,,,60.0,,0.0,22.2,6-10,250,82
204060,Joe Ingles,ORL,12,15.4,4.3,1.3,2.5,1.5,3.0,1.3,2.4,0.1,0.1,february,2023-24,10.0,21.0,71.4,9.0,28.8,1.4,2.97,16.8,0.0,0.0,0.0,,,,,,,,,,,73.3,,80.0,15.4,6-9,220,81
1626204,Larry Nance Jr.,NOP,11,20.5,4.2,5.4,2.1,1.8,2.8,0.2,0.7,0.4,0.8,february,2023-24,9.5,13.2,65.8,7.5,30.0,1.1,2.1,18.6,3.2,0.4,3.7,,20.3,,,,36.7,,22.8,,,56.8,,25.0,20.5,6-8,245,80
203200,Justin Holiday,DEN,10,16.9,4.1,1.4,1.0,1.4,4.0,1.0,3.0,0.3,0.4,february,2023-24,11.4,8.2,49.1,3.7,18.6,0.5,1.52,12.5,0.5,0.0,0.3,,,,,,,,,,,67.9,,75.0,16.9,6-6,180,78
1641778,Leaky Black,CHA,5,21.1,4.0,3.6,2.2,1.4,3.6,0.6,1.2,0.6,0.8,february,2023-24,9.2,13.8,50.6,7.0,24.8,0.8,1.84,15.8,0.4,0.0,0.8,,,,,,,,,,,65.0,,33.33333333333333,21.1,6-6,209,78
1629680,Matisse Thybulle,POR,9,26.1,3.2,1.6,1.9,1.1,5.2,0.6,3.1,0.4,0.7,february,2023-24,9.6,10.2,29.2,3.1,34.0,1.2,2.17,17.7,0.3,0.0,0.4,,,,,,,,,,,65.5,,59.61538461538461,26.1,6-5,201,77
1641787,Tosan Evbuomwan,DET,6,15.0,2.8,2.7,1.0,1.2,3.0,0.5,1.5,0.0,0.0,february,2023-24,9.2,9.7,47.2,5.0,15.5,0.4,1.56,11.0,1.0,0.2,2.0,,,,,,,,,,,56.3,,50.0,15.0,6-7,217,79
1629029,Luka Dončić,DAL,14,37.4,32.5,10.1,10.1,11.2,23.9,4.2,11.1,5.9,7.5,march,2023-24,35.9,42.9,59.8,19.4,89.8,7.5,5.01,38.5,1.1,2.8,1.8,16.0,14.3,36.3,,7.6,8.7,2.3,1.3,7.4,1.7,70.1,,46.44351464435147,37.4,6-7,230,79
203507,Giannis Antetokounmpo,MIL,11,37.2,31.8,13.4,7.0,12.0,19.9,0.5,1.7,7.4,11.1,march,2023-24,32.8,35.3,64.2,20.4,82.6,4.8,3.48,42.6,4.7,3.3,8.5,10.9,26.0,7.7,6.4,20.2,6.1,,7.9,,8.9,54.8,,8.542713567839197,37.2,6-11,243,83
1628973,Jalen Brunson,NYK,13,30.9,28.8,2.9,5.8,10.9,22.7,2.9,7.8,4.0,4.9,march,2023-24,35.8,32.5,57.9,18.1,85.3,7.9,5.53,40.5,0.8,0.8,0.5,14.4,14.3,36.0,,3.3,16.4,5.6,1.9,2.5,,68.9,,34.36123348017621,30.9,6-2,190,74
1628369,Jayson Tatum,BOS,14,36.2,28.4,7.1,5.1,9.4,20.1,3.6,7.8,5.9,6.9,march,2023-24,30.8,20.9,61.4,14.5,77.0,5.2,4.08,39.8,0.9,2.5,1.5,,,,,,,,,,,64.2,,38.805970149253724,36.2,6-8,210,80
1630224,Jalen Green,HOU,15,36.6,27.7,6.3,3.9,10.1,20.5,3.9,9.5,3.7,4.9,march,2023-24,28.2,15.6,61.3,14.0,67.8,5.1,4.51,27.5,0.1,0.0,0.9,,,,,,,,,,,62.3,,46.34146341463415,36.6,6-4,186,76
203999,Nikola Jokić,DEN,14,37.1,27.6,12.2,8.1,10.9,19.0,0.9,2.6,4.8,5.7,march,2023-24,28.9,32.4,64.1,19.8,102.5,5.1,2.97,56.0,10.8,10.0,9.2,5.3,10.1,9.7,13.0,22.8,9.0,,7.3,5.3,9.3,62.4,,13.684210526315791,37.1,6-11,284,83
1627759,Jaylen Brown,BOS,13,34.1,27.0,5.5,3.3,10.6,20.8,2.6,6.5,3.2,4.8,march,2023-24,31.2,14.9,58.9,12.9,52.8,3.8,4.34,29.3,1.2,2.0,3.0,20.6,20.4,22.2,1.8,4.7,13.0,4.1,1.1,7.4,1.8,58.6,,31.25,34.1,6-6,223,78
1630560,Cam Thomas,BKN,11,36.4,26.8,4.8,4.3,9.4,20.2,2.6,6.7,5.5,6.2,march,2023-24,29.8,20.0,58.6,12.6,61.0,4.3,4.24,30.9,0.7,0.1,0.5,16.4,12.0,28.1,,,12.0,17.8,,,,76.4,,33.16831683168317,36.4,6-3,210,75
1627749,Dejounte Murray,ATL,15,38.3,26.7,5.4,9.2,10.1,22.3,3.9,10.3,2.6,3.5,march,2023-24,29.5,37.9,55.9,14.8,102.1,9.3,5.47,36.3,0.5,0.0,0.8,,,,,,,,,,,73.9,,46.18834080717489,38.3,6-5,180,77
201142,Kevin Durant,PHX,15,36.8,26.5,7.0,3.5,10.3,19.1,2.4,5.5,3.5,4.3,march,2023-24,28.8,15.2,63.2,13.8,68.3,3.8,3.35,42.0,2.1,3.2,1.6,20.8,13.5,18.4,1.7,7.3,15.2,7.5,2.3,7.5,1.1,55.9,,28.795811518324605,36.8,6-11,240,83
1628983,Shai Gilgeous-Alexander,OKC,13,34.3,26.3,5.5,5.5,9.6,19.3,1.2,4.5,5.8,7.2,march,2023-24,30.7,24.7,58.6,15.0,68.7,6.7,5.87,22.8,0.5,1.5,1.2,26.3,14.1,37.3,,4.7,6.2,2.1,3.3,1.6,,70.7,,23.316062176165804,34.3,6-6,195,78
2544,LeBron James,LAL,12,35.9,26.1,8.3,9.0,9.3,16.3,2.1,4.6,5.3,6.6,march,2023-24,28.0,36.1,67.8,16.9,78.8,5.5,4.16,33.9,1.7,3.2,1.8,12.8,24.5,12.5,3.1,12.1,12.6,,5.7,7.5,1.9,67.3,,28.22085889570552,35.9,6-9,250,81
201942,DeMar DeRozan,CHI,16,36.5,25.5,4.8,5.3,8.6,17.0,0.9,2.9,7.5,8.8,march,2023-24,27.3,22.3,61.1,14.4,65.7,5.4,4.89,35.5,1.1,3.0,0.8,19.9,10.0,17.6,1.7,12.0,19.1,6.1,3.9,4.6,1.7,61.1,,17.058823529411764,36.5,6-6,220,78
1628374,Lauri Markkanen,UTA,5,36.7,25.4,6.4,2.6,7.4,17.4,3.0,7.8,7.6,7.8,march,2023-24,26.9,11.5,61.0,13.1,52.6,1.9,2.14,32.6,2.2,1.4,2.6,4.0,15.6,3.0,8.3,5.7,12.8,7.5,10.6,20.7,7.0,68.0,,44.827586206896555,36.7,7-0,240,84
1628368,De'Aaron Fox,SAC,15,36.0,24.8,5.7,6.0,9.3,20.9,2.5,7.4,3.7,4.4,march,2023-24,29.6,26.9,54.4,13.6,80.7,6.2,4.59,31.6,0.5,0.2,1.4,10.1,22.8,29.1,,,18.1,6.4,2.0,3.7,1.7,66.2,,35.406698564593306,36.0,6-3,185,75
203081,Damian Lillard,MIL,13,37.4,24.5,4.3,8.4,8.2,18.8,3.8,9.3,4.4,4.8,march,2023-24,26.7,34.8,58.4,13.2,87.5,8.7,5.98,28.4,0.2,0.0,0.2,,,,,,,,,,,64.4,,49.46808510638298,37.4,6-2,195,74
1630578,Alperen Sengun,HOU,5,34.6,24.4,12.0,5.4,10.4,20.2,0.4,1.0,3.2,5.8,march,2023-24,30.1,23.7,53.6,15.7,77.6,2.8,2.15,52.6,10.6,4.8,9.6,14.9,13.5,5.2,9.2,21.7,11.8,,9.1,,7.4,58.5,,4.9504950495049505,34.6,6-11,243,83
1630178,Tyrese Maxey,PHI,12,38.2,24.3,3.3,5.6,8.7,20.3,2.8,7.8,4.2,4.8,march,2023-24,28.0,24.5,54.4,11.5,88.2,7.4,5.06,38.7,0.0,0.0,0.5,14.5,21.9,26.2,1.3,1.4,14.3,6.7,3.0,5.4,,61.5,,38.42364532019704,38.2,6-2,200,74
1630162,Anthony Edwards,MIN,15,35.7,24.3,6.6,5.1,9.1,20.6,1.9,6.4,4.1,5.4,march,2023-24,31.3,24.1,52.8,13.8,68.6,4.9,4.25,40.4,0.3,1.3,1.3,23.4,15.7,23.5,,4.9,12.9,7.3,2.0,4.8,1.2,53.0,,31.06796116504854,35.7,6-4,225,76
202331,Paul George,LAC,16,35.3,24.3,5.1,3.3,8.6,16.3,3.8,7.9,3.4,3.8,march,2023-24,25.7,14.8,67.4,13.8,57.9,3.5,3.67,28.9,0.8,1.1,0.8,18.4,12.4,14.2,,5.5,22.9,3.2,,12.4,,52.0,,48.466257668711656,35.3,6-8,220,80
1626164,Devin Booker,PHX,11,35.6,24.1,5.4,6.9,8.9,18.8,1.8,6.2,4.5,4.9,march,2023-24,28.3,28.4,57.4,11.8,72.4,5.6,4.64,36.3,1.0,0.7,0.9,14.0,15.7,33.1,1.8,3.8,9.5,7.5,1.6,7.5,1.7,57.1,,32.97872340425532,35.6,6-6,206,78
1629627,Zion Williamson,NOP,14,32.7,24.1,7.1,4.8,9.1,14.6,0.0,0.1,5.9,8.2,march,2023-24,28.7,24.5,65.9,16.7,67.0,4.5,4.01,35.5,2.5,2.4,3.9,23.8,15.0,15.3,4.8,10.2,5.5,2.6,10.5,,8.6,68.9,,0.6849315068493151,32.7,6-6,284,78
202681,Kyrie Irving,DAL,15,35.6,24.0,4.6,5.5,9.3,19.0,2.9,7.6,2.5,2.6,march,2023-24,26.3,23.4,59.6,13.4,68.1,4.7,4.1,30.9,0.8,0.0,1.0,,,,,,,,,,,67.3,,40.0,35.6,6-2,195,74
1628398,Kyle Kuzma,WAS,12,35.1,23.4,6.5,5.1,9.0,18.4,1.6,4.8,3.8,5.1,march,2023-24,28.8,23.9,56.7,12.6,63.9,3.9,3.63,36.3,1.6,1.3,1.2,5.1,27.3,5.3,8.7,2.8,27.5,4.1,8.5,,4.9,61.8,,26.08695652173913,35.1,6-9,221,81
1629028,Deandre Ayton,POR,8,34.9,23.4,13.1,1.0,10.8,17.5,0.1,0.5,1.8,2.3,march,2023-24,25.5,5.1,63.2,16.8,60.9,1.9,1.91,34.7,6.4,2.4,9.4,,9.8,,28.6,9.5,2.9,,26.3,,13.6,63.6,,2.857142857142857,34.9,7-0,247,84
1641705,Victor Wembanyama,SAS,12,31.6,23.2,11.7,4.8,8.1,17.1,2.0,6.5,5.0,6.7,march,2023-24,32.4,25.8,57.9,17.3,66.8,2.7,2.41,45.5,4.9,6.7,10.5,14.5,16.8,6.7,8.2,11.7,13.5,2.6,8.6,7.5,6.1,48.1,,38.01169590643275,31.6,7-4,210,88
202695,Kawhi Leonard,LAC,16,33.8,22.9,5.9,3.2,8.8,17.2,1.4,4.5,3.9,4.4,march,2023-24,27.8,15.5,59.9,14.3,54.4,3.6,3.92,33.8,2.7,2.5,2.7,16.5,19.6,25.9,,6.0,12.2,3.4,3.0,7.2,2.8,53.1,,26.16279069767442,33.8,6-7,225,79
203076,Anthony Davis,LAL,13,36.3,22.8,14.5,3.2,8.7,16.2,0.6,1.7,4.8,5.8,march,2023-24,24.7,13.7,60.8,16.2,74.1,2.9,2.31,40.5,4.7,4.3,9.7,11.5,10.3,5.8,19.3,12.5,9.8,,8.8,,14.5,55.3,,10.493827160493828,36.3,6-10,253,82
1627750,Jamal Murray,DEN,10,36.1,22.7,5.3,8.2,8.7,19.0,2.0,5.0,3.3,3.9,march,2023-24,28.3,32.3,54.8,13.6,79.0,7.3,5.52,32.9,1.0,1.7,1.7,14.6,13.0,35.4,,2.9,8.6,11.5,3.8,4.0,,65.5,,26.31578947368421,36.1,6-4,215,76
1629014,Anfernee Simons,POR,12,35.9,22.6,4.1,6.6,7.8,17.4,3.6,8.9,3.5,3.8,march,2023-24,26.2,28.0,59.1,12.1,69.8,5.9,5.05,29.7,0.4,0.0,0.3,18.2,14.5,28.8,,,19.8,7.2,,4.9,,68.1,,51.14942528735633,35.9,6-3,193,75
1629012,Collin Sexton,UTA,15,33.7,22.5,3.0,6.0,8.7,16.6,1.8,4.6,3.2,3.7,march,2023-24,25.6,28.4,61.6,12.1,63.2,4.7,4.51,32.9,0.4,0.0,2.1,5.2,21.4,36.3,2.5,,20.6,4.3,2.5,,,65.6,,27.710843373493972,33.7,6-3,190,75
201939,Stephen Curry,GSW,13,30.2,22.4,4.2,4.9,7.9,18.7,4.2,11.5,2.3,2.5,march,2023-24,29.6,23.4,56.6,12.5,62.5,4.5,4.31,25.6,0.5,0.0,1.2,10.1,13.8,21.1,,,11.6,12.0,7.0,18.0,1.3,52.9,,61.49732620320856,30.2,6-2,185,74
1630595,Cade Cunningham,DET,13,31.6,22.3,4.8,7.9,8.2,20.2,1.9,6.1,3.9,4.2,march,2023-24,32.6,43.5,50.5,13.3,79.2,7.3,5.5,29.8,0.3,0.6,0.5,11.5,17.5,38.7,,3.5,8.5,8.4,1.6,4.4,1.3,64.5,,30.198019801980198,31.6,6-6,220,78
1629628,RJ Barrett,TOR,5,34.7,22.0,5.0,4.6,9.0,16.0,1.8,3.8,2.2,3.8,march,2023-24,24.2,20.0,62.2,10.9,69.8,3.7,3.14,35.0,1.2,0.8,2.2,2.7,28.5,18.0,,2.4,23.8,6.6,7.3,3.4,3.4,58.3,,23.75,34.7,6-6,214,78
1627783,Pascal Siakam,IND,15,31.3,21.7,9.1,3.5,8.6,16.0,0.6,1.7,3.9,5.4,march,2023-24,26.6,17.1,59.0,15.3,55.2,2.5,2.72,32.1,1.9,2.2,4.8,13.3,20.6,13.9,6.5,11.3,16.2,3.0,3.2,4.0,5.0,52.3,,10.625,31.3,6-8,245,80
1628970,Miles Bridges,CHA,15,39.1,21.3,7.5,3.4,8.5,18.1,2.0,6.7,2.4,3.3,march,2023-24,24.8,14.7,54.4,10.9,67.9,2.7,2.4,39.7,0.8,0.8,2.6,9.0,16.5,14.9,7.4,4.9,29.8,7.2,3.2,,2.1,68.7,,37.01657458563536,39.1,6-7,225,79
1631094,Paolo Banchero,ORL,14,34.5,20.8,6.7,5.9,7.6,15.8,1.4,4.5,4.1,5.2,march,2023-24,28.0,28.9,57.5,15.0,75.7,5.9,4.68,35.6,1.5,1.9,2.2,14.7,19.8,19.4,5.2,9.3,15.4,2.6,4.7,3.6,2.6,57.6,,28.481012658227844,34.5,6-10,250,82
1629018,Gary Trent Jr.,TOR,12,32.8,20.8,3.6,1.9,7.7,17.3,3.0,8.3,2.4,2.8,march,2023-24,23.8,9.6,56.2,10.8,38.7,1.6,2.44,28.5,0.5,0.2,1.2,,18.3,6.4,,,48.6,9.0,,6.8,,70.5,,47.97687861271677,32.8,6-5,204,77
204001,Kristaps Porziņģis,BOS,9,30.9,20.4,7.1,2.0,7.4,16.4,2.3,6.8,3.2,3.7,march,2023-24,27.5,9.5,56.6,11.7,48.2,1.4,1.7,35.2,4.4,4.8,7.9,,14.6,,11.3,24.3,17.4,,7.7,10.5,6.1,55.8,,41.463414634146346,30.9,7-2,240,86
1631114,Jalen Williams,OKC,14,30.4,20.4,3.6,4.5,8.1,15.3,1.4,3.8,2.9,3.4,march,2023-24,26.5,22.0,60.8,13.5,61.3,4.5,4.45,25.6,0.6,0.1,1.9,14.8,21.0,36.0,,,16.9,3.0,4.3,,,54.1,,24.83660130718954,30.4,6-5,211,77
1630170,Devin Vassell,SAS,13,37.5,20.2,4.2,4.9,8.0,16.9,2.2,6.1,2.0,2.4,march,2023-24,22.8,21.0,56.1,10.5,63.1,3.5,3.29,42.8,0.6,0.0,0.4,2.7,22.2,11.5,,,35.3,10.7,,11.8,,75.0,,36.09467455621302,37.5,6-5,200,77
203903,Jordan Clarkson,UTA,5,33.1,20.0,3.6,5.0,7.6,17.2,1.6,5.6,3.2,3.6,march,2023-24,26.8,23.8,53.2,9.9,58.0,3.9,4.06,34.5,0.5,0.3,1.3,5.2,25.6,12.3,,,36.0,7.8,4.2,,3.9,63.6,,32.558139534883715,33.1,6-3,194,75
1628991,Jaren Jackson Jr.,MEM,10,33.0,19.9,5.8,3.1,7.2,17.8,1.3,4.8,4.2,5.7,march,2023-24,29.9,17.8,49.0,7.7,59.0,3.3,3.34,34.4,1.8,4.9,3.4,11.1,15.3,2.1,9.7,19.8,26.4,1.5,3.4,,3.9,45.3,,26.96629213483146,33.0,6-10,242,82
1626156,D'Angelo Russell,LAL,13,35.3,19.7,3.9,6.4,6.6,15.3,3.7,8.7,2.8,3.2,march,2023-24,22.9,25.5,58.9,10.4,72.4,4.7,3.87,30.5,1.1,0.2,1.4,8.7,15.5,36.2,,,20.8,7.9,,,,62.1,,56.86274509803921,35.3,6-3,193,75
202710,Jimmy Butler III,MIA,12,34.0,19.7,4.8,5.4,6.6,13.3,0.8,2.5,5.7,6.6,march,2023-24,23.2,23.2,60.9,13.5,66.5,4.8,4.32,40.1,1.7,2.9,5.3,17.7,17.2,13.1,2.7,6.1,14.0,1.7,12.1,2.4,7.9,68.3,,18.796992481203006,34.0,6-7,230,79
1630228,Jonathan Kuminga,GSW,13,29.0,19.4,4.6,2.3,7.5,14.8,0.8,2.2,3.5,4.3,march,2023-24,26.5,11.6,58.2,10.6,53.9,2.7,3.05,26.7,1.5,1.8,4.5,12.6,17.4,21.1,,6.7,18.1,,9.6,,7.0,58.3,,14.864864864864865,29.0,6-7,225,79
1629673,Jordan Poole,WAS,16,30.6,19.3,3.3,5.3,7.2,16.1,2.9,8.3,2.0,2.1,march,2023-24,26.9,28.7,56.6,10.7,61.9,5.1,4.97,23.7,0.3,0.0,0.5,7.9,19.9,30.6,,,14.3,12.9,,5.4,,73.4,,51.5527950310559,30.6,6-4,194,76
1628978,Donte DiVincenzo,NYK,14,37.3,19.2,4.4,3.3,6.6,16.4,4.5,12.2,1.4,1.9,march,2023-24,22.1,12.8,55.9,9.6,65.6,2.7,2.47,45.6,0.4,0.0,0.9,1.9,18.5,11.6,,,33.0,10.8,,14.6,3.0,54.3,,74.39024390243902,37.3,6-4,203,76
1626162,Kelly Oubre Jr.,PHI,15,32.6,19.2,6.1,2.5,6.9,17.0,1.6,5.4,3.9,4.9,march,2023-24,28.2,12.7,50.1,9.2,50.2,2.1,2.46,34.5,1.1,0.0,3.1,12.1,22.1,7.6,,,29.8,,5.9,,6.6,65.4,,31.764705882352946,32.6,6-7,203,79
1629632,Coby White,CHI,13,37.0,19.2,4.3,4.8,6.8,15.5,2.7,6.8,2.9,3.3,march,2023-24,22.6,18.7,56.4,8.7,67.2,3.9,3.5,34.3,0.0,0.0,0.3,7.7,29.3,29.6,,,20.9,3.1,,2.6,,75.0,,43.87096774193549,37.0,6-5,195,77
1628381,John Collins,UTA,12,28.2,19.0,8.4,0.9,6.9,11.9,1.7,3.3,3.5,4.3,march,2023-24,22.7,5.0,68.7,13.7,51.4,1.3,1.57,27.2,1.8,1.1,6.3,,18.7,,6.3,9.1,33.6,2.3,10.3,,9.8,61.3,,27.731092436974787,28.2,6-9,226,81
203468,CJ McCollum,NOP,14,32.6,18.8,3.8,4.4,7.2,16.2,3.4,8.6,1.0,1.1,march,2023-24,25.3,20.3,56.2,11.1,61.4,3.9,3.83,31.1,0.4,0.0,0.2,8.8,18.2,31.4,,,17.8,9.7,,6.3,,65.9,,53.086419753086425,32.6,6-3,190,75
1629008,Michael Porter Jr.,DEN,15,31.9,18.7,6.5,1.6,7.3,12.9,2.9,6.3,1.3,1.5,march,2023-24,20.0,7.0,69.0,12.4,38.9,1.4,2.09,24.6,1.3,0.1,1.6,6.9,13.2,5.7,2.7,2.5,21.5,16.9,8.5,13.1,4.9,67.3,,48.837209302325576,31.9,6-10,218,82
1630217,Desmond Bane,MEM,5,33.1,18.6,3.2,6.8,6.0,16.0,2.8,8.0,3.8,4.2,march,2023-24,25.0,32.1,52.1,8.8,75.8,5.3,4.17,33.8,0.0,0.0,0.4,7.0,19.3,25.5,,,17.4,7.4,4.1,9.1,3.8,66.7,,50.0,33.1,6-5,215,77
1641706,Brandon Miller,CHA,14,33.4,18.6,5.3,2.6,7.0,16.4,3.0,8.3,1.6,2.2,march,2023-24,25.4,13.1,53.4,9.3,59.8,3.5,3.5,34.0,0.3,0.0,1.5,10.8,16.1,20.6,9.6,2.7,20.2,9.0,,3.4,,60.4,,50.60975609756099,33.4,6-7,200,79
1627734,Domantas Sabonis,SAC,16,36.3,18.6,15.1,7.8,7.0,12.8,0.3,0.9,4.3,5.7,march,2023-24,22.2,30.4,60.9,17.2,91.9,3.8,2.48,54.4,7.2,3.5,9.8,,9.0,,28.5,13.1,9.0,,14.9,,10.9,51.9,,7.03125,36.3,6-10,240,82
1630193,Immanuel Quickley,TOR,8,36.2,18.5,5.8,9.6,6.3,15.5,2.3,7.4,3.8,5.1,march,2023-24,23.5,40.1,52.1,12.6,89.3,7.4,4.95,30.7,0.0,0.0,0.7,6.1,28.1,20.9,,,25.4,6.4,1.9,4.1,1.4,62.8,,47.74193548387097,36.2,6-2,190,74
202696,Nikola Vučević,CHI,16,33.1,18.3,10.3,3.3,7.9,15.5,1.3,4.0,1.3,1.6,march,2023-24,24.3,15.8,56.5,13.0,62.7,1.4,1.38,45.6,4.9,4.8,6.9,,12.5,,28.8,16.1,15.2,,10.0,3.6,7.6,64.3,,25.806451612903224,33.1,6-10,260,82
1630552,Jalen Johnson,ATL,6,32.6,18.2,8.0,4.5,7.0,15.2,2.0,5.2,2.2,3.2,march,2023-24,22.5,21.1,54.9,13.0,74.7,3.0,2.4,35.5,1.8,0.2,2.3,7.9,22.5,23.7,2.9,4.5,14.4,7.3,6.8,1.8,4.0,67.6,,34.21052631578947,32.6,6-8,219,80
1626179,Terry Rozier,MIA,15,33.3,18.1,4.4,4.5,7.2,16.0,2.3,6.0,1.4,1.7,march,2023-24,24.1,21.8,54.2,11.4,67.3,5.0,4.42,29.7,0.3,0.1,0.6,,,,,,,,,,,61.7,,37.5,33.3,6-1,190,73
1627832,Fred VanVleet,HOU,15,36.3,18.1,3.5,8.9,6.1,13.7,3.6,8.3,2.3,2.6,march,2023-24,19.1,32.0,60.7,12.6,78.3,6.1,4.65,31.1,0.3,0.0,0.1,,,,,,,,,,,64.6,,60.58394160583942,36.3,6-0,197,72
1628969,Mikal Bridges,BKN,16,37.2,18.1,4.3,3.8,6.1,14.9,3.5,8.4,2.4,3.1,march,2023-24,21.6,16.0,55.6,9.4,57.3,2.6,2.72,37.1,0.5,0.7,1.3,2.3,25.3,9.1,3.4,2.3,36.2,6.3,5.0,4.8,2.7,66.7,,56.375838926174495,37.2,6-6,209,78
1629636,Darius Garland,CLE,17,34.6,17.9,3.2,7.3,6.6,15.5,3.0,7.8,1.8,2.2,march,2023-24,25.1,33.5,54.5,9.7,84.6,7.3,5.15,35.6,0.1,0.0,0.4,6.7,16.2,41.8,,,17.1,5.4,3.1,2.9,,72.4,,50.32258064516129,34.6,6-1,192,73
1630625,Dalano Banton,POR,17,30.9,17.9,5.4,3.5,6.7,15.9,2.3,6.4,2.2,2.6,march,2023-24,26.9,19.3,52.5,10.4,64.7,4.4,4.07,29.8,0.5,0.1,2.0,,,,,,,,,,,58.9,,40.25157232704403,30.9,6-8,204,80
1630559,Austin Reaves,LAL,14,35.6,17.9,6.1,6.6,6.1,12.8,2.4,6.4,3.1,3.6,march,2023-24,20.4,25.3,62.1,11.4,62.8,4.5,4.3,26.8,0.9,0.0,1.8,13.5,15.8,35.6,,,14.0,5.6,,5.6,,65.8,,50.0,35.6,6-5,197,77
202691,Klay Thompson,GSW,15,27.5,17.8,2.6,2.3,6.5,14.6,3.7,9.2,1.2,1.3,march,2023-24,24.2,11.9,58.6,9.8,37.1,1.3,2.06,27.4,0.3,0.1,0.9,,19.2,7.1,,,25.9,12.2,2.8,26.3,,56.9,,63.013698630136986,27.5,6-6,220,78
1628389,Bam Adebayo,MIA,14,33.2,17.8,11.3,3.7,7.2,13.1,0.6,1.3,2.7,4.4,march,2023-24,22.8,18.1,59.0,16.4,65.4,3.3,2.99,36.4,5.7,5.6,6.9,8.0,20.2,,9.1,11.3,30.1,,7.1,2.4,6.5,57.8,,9.923664122137406,33.2,6-9,255,81
1628386,Jarrett Allen,CLE,17,33.0,17.7,11.1,2.6,6.8,11.4,0.0,0.0,4.1,5.2,march,2023-24,20.6,13.1,64.8,15.8,55.1,1.5,1.65,36.1,6.9,1.0,11.4,,13.6,,20.9,7.8,4.1,,33.1,,9.2,54.9,,0.0,33.0,6-9,243,81
203992,Bogdan Bogdanović,ATL,14,34.3,17.6,4.4,4.2,6.2,14.5,3.1,7.9,2.0,2.3,march,2023-24,21.6,17.7,56.7,9.8,56.1,2.9,3.06,32.3,0.6,0.0,1.0,,12.2,34.4,,,24.4,,,,,50.0,,54.48275862068965,34.3,6-5,225,77
1641713,GG Jackson,MEM,14,31.5,17.3,4.4,1.6,5.6,13.4,2.5,7.3,3.6,4.4,march,2023-24,23.3,9.3,56.2,9.0,48.9,2.4,2.94,27.7,0.4,0.2,2.3,,27.1,12.0,,,44.0,,,,,52.5,,54.47761194029851,31.5,6-9,210,81
1629060,Rui Hachimura,LAL,14,31.6,17.3,4.9,1.4,7.0,11.8,1.9,3.9,1.4,1.9,march,2023-24,18.4,6.6,68.6,10.4,39.3,1.2,1.88,23.4,1.1,1.9,2.9,3.7,19.3,,3.1,9.5,40.5,,7.1,4.9,,66.7,,33.050847457627114,31.6,6-8,230,80
202699,Tobias Harris,PHI,14,34.7,17.3,7.8,2.6,7.0,14.8,1.6,4.5,1.7,2.2,march,2023-24,21.4,12.4,54.8,12.3,61.4,3.4,3.3,35.1,1.2,2.4,3.0,4.2,17.9,6.8,,14.6,31.8,,6.3,3.0,6.3,63.1,,30.405405405405407,34.7,6-8,226,80
1630166,Deni Avdija,WAS,12,35.2,17.3,9.5,4.0,6.5,13.5,1.2,3.8,3.1,4.3,march,2023-24,21.1,17.0,56.0,12.0,62.6,2.9,2.81,29.7,2.1,0.7,3.4,14.0,18.1,26.9,,3.1,19.0,4.8,4.0,4.7,1.7,63.5,,28.148148148148145,35.2,6-9,210,81
1630530,Trey Murphy III,NOP,14,32.0,17.1,6.4,2.6,5.4,12.1,3.6,8.6,2.7,3.4,march,2023-24,19.8,11.9,63.3,12.9,45.6,1.6,2.11,28.1,0.6,0.0,1.2,6.6,20.1,16.5,2.1,,23.4,9.4,8.3,7.1,3.2,58.3,,71.07438016528926,32.0,6-8,206,80
1630245,Ayo Dosunmu,CHI,16,36.7,16.9,3.1,5.3,6.6,13.0,1.9,4.9,1.8,1.9,march,2023-24,18.7,20.4,60.9,9.1,68.5,4.2,3.65,30.3,0.2,0.0,0.7,2.2,33.6,20.8,,,31.6,,3.1,,,58.7,,37.6923076923077,36.7,6-5,200,77
1628370,Malik Monk,SAC,15,26.8,16.9,3.6,4.7,6.3,14.5,1.6,5.7,2.7,3.1,march,2023-24,27.2,26.8,53.3,11.0,53.2,3.2,3.6,31.2,0.3,0.0,1.1,8.4,22.0,24.1,3.5,,25.5,6.7,,4.6,,54.8,,39.310344827586206,26.8,6-3,200,75
203078,Bradley Beal,PHX,15,33.7,16.7,3.7,6.3,6.5,12.9,1.8,4.3,1.8,2.1,march,2023-24,21.0,25.9,60.1,10.4,71.6,5.3,4.42,30.6,0.4,0.1,1.3,,,21.3,,,24.6,,,,,67.7,,33.33333333333333,33.7,6-4,207,76
1627742,Brandon Ingram,NOP,9,30.8,16.7,5.6,5.6,6.7,13.1,0.8,2.4,2.6,3.3,march,2023-24,24.3,25.8,57.2,12.1,57.2,3.7,3.92,33.3,1.9,0.9,1.1,13.8,16.6,16.2,,7.7,18.3,5.8,4.3,12.1,2.4,47.5,,18.3206106870229,30.8,6-8,190,80
1630169,Tyrese Haliburton,IND,15,32.8,16.7,4.6,9.1,6.1,14.3,2.0,7.3,2.4,2.7,march,2023-24,22.8,38.4,54.0,13.5,90.7,6.1,4.01,34.4,0.3,0.1,0.3,,,,,,,,,,,72.2,,51.04895104895104,32.8,6-5,185,77
1629631,De'Andre Hunter,ATL,15,30.7,16.5,3.6,1.6,6.0,13.4,2.5,6.4,2.1,2.7,march,2023-24,22.4,7.6,56.6,8.0,48.4,1.6,2.0,28.7,0.8,0.5,0.9,7.5,18.2,13.3,2.6,,29.0,9.5,6.2,6.0,2.6,70.0,,47.76119402985074,30.7,6-8,221,80
1641718,Keyonte George,UTA,14,32.1,16.4,3.1,4.7,5.5,14.1,2.0,6.9,3.4,3.8,march,2023-24,25.5,23.1,52.0,7.2,69.9,6.5,5.57,29.2,0.3,0.0,0.2,12.3,14.8,29.3,1.4,,13.8,9.7,4.5,5.8,,60.9,,48.93617021276596,32.1,6-4,185,76
1629675,Naz Reid,MIN,14,28.9,16.4,6.9,2.4,6.0,13.4,2.6,6.7,1.8,2.4,march,2023-24,24.2,13.0,57.1,12.3,52.2,1.5,1.73,31.9,1.4,1.8,2.4,3.8,17.2,4.8,9.1,8.1,30.7,4.7,3.6,8.4,4.3,59.8,,50.0,28.9,6-9,264,81
1630581,Josh Giddey,OKC,15,25.8,16.3,7.0,5.5,6.9,12.0,1.6,3.9,0.9,1.3,march,2023-24,23.7,29.9,64.6,16.2,59.9,3.1,3.07,29.0,0.6,0.1,2.1,5.0,22.8,38.8,,,16.0,4.5,4.3,,,55.2,,32.5,25.8,6-8,216,80
1629640,Keldon Johnson,SAS,12,29.9,16.3,5.7,2.1,5.7,11.5,2.4,6.1,2.5,3.0,march,2023-24,19.1,10.8,63.4,11.4,44.2,2.0,2.7,22.6,0.5,0.4,1.6,3.9,20.0,2.8,,4.4,32.0,7.4,9.2,,10.9,71.4,,53.043478260869556,29.9,6-5,220,77
203471,Dennis Schröder,BKN,16,35.1,16.2,3.1,6.6,5.9,13.8,2.4,5.8,1.9,2.4,march,2023-24,21.8,29.1,54.6,9.3,84.1,7.5,5.34,32.8,0.1,0.0,0.2,14.8,11.2,36.6,,,23.1,5.2,,,,68.4,,42.028985507246375,35.1,6-1,175,73
1630180,Saddiq Bey,ATL,5,35.1,16.0,6.8,1.6,5.2,13.2,1.8,6.8,3.8,4.6,march,2023-24,20.0,6.7,52.5,8.9,42.8,1.3,1.86,27.4,0.6,1.0,2.6,6.5,19.0,7.8,2.2,13.8,28.5,6.0,4.9,1.9,6.7,60.0,,51.515151515151516,35.1,6-7,215,79
203114,Khris Middleton,MIL,6,32.1,15.8,6.5,7.0,6.2,12.3,1.8,4.8,1.7,1.8,march,2023-24,21.0,29.0,60.2,11.1,57.0,3.5,3.72,28.5,0.2,1.5,1.8,6.1,15.3,22.7,,13.6,16.6,5.8,,6.4,5.8,60.0,,39.02439024390244,32.1,6-7,222,79
1631093,Jaden Ivey,DET,15,31.2,15.7,3.3,3.7,5.5,14.4,1.3,5.8,3.3,3.9,march,2023-24,24.9,19.3,48.7,6.3,54.0,3.1,3.48,31.1,0.4,0.1,0.8,5.6,26.4,11.6,,,34.3,5.6,,,,71.6,,40.27777777777777,31.2,6-4,195,76
1631323,Simone Fontecchio,DET,9,31.9,15.7,5.1,1.7,5.4,11.6,2.7,6.2,2.1,2.3,march,2023-24,17.7,8.2,62.3,10.3,43.9,1.3,1.82,27.5,0.5,0.1,0.8,,26.5,,,,43.5,,4.3,10.5,5.2,70.0,,53.448275862068975,31.9,6-7,209,79
1626181,Norman Powell,LAC,14,27.8,15.6,2.6,1.4,5.5,10.8,2.1,5.5,2.4,3.1,march,2023-24,20.5,7.2,64.1,9.0,28.2,1.1,2.45,18.4,0.2,0.0,0.6,10.9,24.6,11.3,,,32.5,3.8,1.5,10.9,,53.7,,50.92592592592592,27.8,6-4,215,76
1630596,Evan Mobley,CLE,8,27.7,15.5,8.5,4.5,5.8,9.6,0.8,1.6,3.3,4.8,march,2023-24,20.8,26.3,66.2,16.0,55.3,1.9,2.07,32.1,4.0,0.9,6.4,4.7,16.0,9.5,14.3,8.0,17.9,1.6,13.8,2.7,6.5,58.1,,16.666666666666668,27.7,6-11,215,83
1630532,Franz Wagner,ORL,14,30.9,15.5,4.4,2.8,5.9,12.7,0.5,3.5,3.1,3.9,march,2023-24,23.0,14.2,53.8,10.5,49.8,3.3,3.93,28.1,0.6,0.9,2.2,7.6,20.4,22.9,2.9,6.9,16.6,3.2,6.7,3.6,4.4,64.6,,27.559055118110237,30.9,6-10,220,82
1628960,Grayson Allen,PHX,15,35.0,15.5,3.4,3.3,5.3,10.4,3.4,7.5,1.4,1.6,march,2023-24,15.2,12.4,69.6,9.1,48.9,1.9,2.31,26.5,0.3,0.0,0.5,2.8,17.5,24.2,4.0,,33.8,5.4,,7.0,,65.8,,72.11538461538461,35.0,6-4,198,76
1626167,Myles Turner,IND,15,26.7,15.5,6.0,1.3,5.7,12.0,1.9,4.6,2.1,3.1,march,2023-24,23.9,6.9,57.8,10.3,38.7,0.9,1.43,29.0,3.9,1.0,5.1,,7.7,,17.7,7.3,42.3,,7.1,,6.0,57.8,,38.33333333333333,26.7,6-11,250,83
1626171,Bobby Portis,MIL,14,25.8,15.4,8.6,1.1,6.5,12.7,1.1,2.7,1.2,1.6,march,2023-24,25.2,7.2,57.1,14.2,45.7,1.4,1.78,24.4,1.1,3.6,4.0,3.2,11.0,,15.8,19.8,31.1,,6.6,,5.8,65.4,,21.259842519685044,25.8,6-10,250,82
1628401,Derrick White,BOS,14,34.4,15.2,5.9,6.7,5.5,11.9,2.9,7.1,1.4,1.5,march,2023-24,17.6,25.2,60.8,11.5,73.3,5.1,4.2,26.6,0.4,0.2,1.1,4.7,10.8,35.1,1.6,,25.9,9.5,1.3,5.1,1.7,57.1,,59.66386554621849,34.4,6-4,190,76
1630703,Scoot Henderson,POR,12,29.4,14.9,3.6,5.5,5.6,14.3,1.3,4.3,2.5,3.0,march,2023-24,28.1,29.3,47.9,6.7,70.3,5.6,4.74,27.5,0.3,0.0,0.7,,,,,,,,,,,67.9,,30.069930069930066,29.4,6-3,202,75
203497,Rudy Gobert,MIN,11,37.5,14.8,13.9,1.6,5.9,8.3,0.0,0.0,3.0,4.9,march,2023-24,13.9,6.4,71.0,13.8,51.3,1.4,1.61,28.0,4.2,0.8,11.0,,12.6,,16.7,,,,28.5,,26.9,44.0,,0.0,37.5,7-1,258,85
1631099,Keegan Murray,SAC,15,35.3,14.7,5.6,1.9,5.5,12.2,2.3,6.6,1.5,1.9,march,2023-24,16.3,7.2,56.6,8.2,43.2,1.4,1.92,29.9,0.6,0.1,2.0,4.2,18.5,10.8,5.4,,30.8,,4.2,14.2,4.2,46.7,,54.09836065573771,35.3,6-8,225,80
201935,James Harden,LAC,15,35.1,14.7,5.1,9.5,4.6,11.5,2.2,6.7,3.3,3.7,march,2023-24,19.4,37.4,55.9,12.1,77.9,6.7,5.17,29.7,0.6,0.1,0.5,42.5,13.1,25.0,,1.3,7.5,4.6,,,,67.5,,58.26086956521739,35.1,6-5,220,77
1631096,Chet Holmgren,OKC,15,28.8,14.3,8.4,1.8,5.2,10.7,1.1,4.0,2.9,3.4,march,2023-24,19.6,8.1,58.6,11.9,52.4,1.7,2.0,27.7,1.5,0.5,4.7,7.8,16.0,2.8,14.1,6.5,19.7,,13.4,4.3,9.6,54.8,,37.383177570093466,28.8,7-1,208,85
1630557,Corey Kispert,WAS,16,31.5,14.3,3.3,1.6,5.2,10.8,2.6,6.3,1.4,2.4,march,2023-24,17.4,7.3,60.7,7.1,41.7,1.3,1.82,26.1,0.6,0.0,1.0,,19.0,9.5,,,34.1,11.9,,8.7,,54.7,,58.33333333333333,31.5,6-6,224,78
1631246,Vince Williams Jr.,MEM,5,34.8,14.2,5.4,5.6,4.8,9.8,2.0,3.8,2.6,3.6,march,2023-24,18.8,28.9,62.4,11.4,63.2,5.0,4.75,30.4,0.2,0.6,1.6,,17.7,29.5,,,31.5,,,,,50.0,,38.77551020408163,34.8,6-4,205,76
1631095,Jabari Smith Jr.,HOU,14,30.1,14.1,6.4,1.3,4.8,10.4,2.1,5.1,2.4,2.9,march,2023-24,17.4,5.9,60.4,9.7,41.6,1.2,1.79,20.7,1.1,0.7,2.4,5.6,19.2,4.7,5.3,5.8,36.8,3.9,7.5,2.5,5.4,63.0,,49.03846153846153,30.1,6-11,220,83
1629130,Duncan Robinson,MIA,10,31.4,14.0,3.5,2.8,5.0,10.9,3.2,8.5,0.8,0.9,march,2023-24,18.4,13.1,62.0,7.9,43.3,1.5,2.07,30.6,0.5,0.0,1.1,,18.5,7.9,4.3,,31.2,11.7,,18.8,,62.5,,77.98165137614679,31.4,6-7,215,79
1630540,Miles McBride,NYK,14,35.5,13.9,2.3,3.1,4.9,10.6,2.9,6.6,1.1,1.1,march,2023-24,14.3,12.4,62.6,7.7,58.3,3.9,4.04,28.6,0.4,0.0,1.2,4.7,19.5,14.5,,,38.1,11.5,,3.0,,58.0,,62.264150943396224,35.5,6-1,195,73
201144,Mike Conley,MIN,15,29.7,13.8,2.8,5.5,4.8,10.1,2.2,5.6,2.0,2.3,march,2023-24,18.6,27.6,62.4,11.7,66.6,4.8,4.37,32.2,0.3,0.0,0.5,,14.8,21.2,,,33.3,13.8,,5.8,,62.2,,55.44554455445544,29.7,6-0,175,72
204456,T.J. McConnell,IND,15,19.7,13.7,2.7,4.5,6.2,11.0,0.6,1.1,0.7,0.9,march,2023-24,27.1,32.7,60.3,15.4,54.2,4.2,4.62,21.2,0.7,0.0,1.0,5.9,13.1,54.0,,,12.5,,4.2,,,59.0,,10.0,19.7,6-1,190,73
1631105,Jalen Duren,DET,13,28.0,13.6,11.9,2.2,5.1,7.9,0.0,0.0,3.5,4.2,march,2023-24,19.0,12.7,69.8,14.8,57.8,1.7,1.8,29.4,4.4,1.1,8.7,8.9,12.2,3.2,14.9,8.7,6.8,,20.0,,16.4,72.2,,0.0,28.0,6-10,250,82
203084,Harrison Barnes,SAC,16,29.2,13.6,3.0,1.3,5.0,10.4,1.8,4.6,1.8,2.3,march,2023-24,18.0,6.3,59.2,8.0,38.3,1.3,2.04,24.4,0.3,0.3,1.2,8.0,18.8,3.3,5.0,2.5,43.8,4.8,,4.8,,59.7,,44.230769230769226,29.2,6-8,225,80
203482,Kelly Olynyk,TOR,15,28.8,13.5,5.7,5.7,5.1,9.3,1.0,2.9,2.3,3.0,march,2023-24,20.4,29.3,63.6,10.6,65.6,2.4,2.24,38.6,1.9,1.3,3.4,,,,,,,,,,,70.8,,31.182795698924725,28.8,6-11,240,83
203995,Vasilije Micic,CHA,15,31.5,13.4,2.5,6.4,5.1,10.7,1.2,3.7,2.1,2.5,march,2023-24,20.5,30.9,56.7,9.1,66.6,5.8,5.25,24.9,0.1,0.0,0.6,,,,,,,,,,,76.7,,34.57943925233645,31.5,6-3,188,75
203932,Aaron Gordon,DEN,14,31.9,13.4,6.6,4.1,5.4,10.3,0.6,2.1,1.9,2.9,march,2023-24,17.8,17.0,57.7,9.3,45.8,2.3,3.03,25.7,2.5,1.5,8.0,16.0,13.0,10.4,5.9,11.2,15.4,,13.0,,5.3,64.2,,20.388349514563107,31.9,6-8,235,80
203952,Andrew Wiggins,GSW,14,26.0,13.4,5.5,1.6,5.0,11.4,1.4,3.9,1.9,2.5,march,2023-24,21.5,8.6,53.3,9.3,37.8,2.0,3.22,20.7,0.7,0.8,2.7,10.9,22.1,7.6,,6.8,32.5,2.0,3.8,2.5,7.8,68.5,,34.21052631578947,26.0,6-7,197,79
1631222,Jake LaRavia,MEM,15,27.4,13.3,4.8,1.9,3.9,10.4,1.8,5.3,3.6,4.6,march,2023-24,20.8,11.9,53.4,9.0,43.4,1.8,2.42,27.7,0.6,0.0,2.5,2.5,21.2,,4.5,,42.4,2.5,8.0,,8.0,67.5,,50.96153846153846,27.4,6-7,235,79
1629684,Grant Williams,CHA,15,30.7,13.2,5.2,2.9,4.9,9.7,1.3,4.0,2.2,3.0,march,2023-24,18.8,14.8,59.7,8.3,49.3,1.7,2.13,33.0,1.6,2.5,3.6,,,,,,38.2,,,,,65.3,,41.23711340206186,30.7,6-6,236,78
1630590,Scotty Pippen Jr.,MEM,5,24.7,13.2,2.8,4.0,4.6,9.0,1.6,3.6,2.4,3.6,march,2023-24,22.9,29.4,62.4,9.7,55.8,4.1,4.44,21.2,0.8,0.0,1.4,,,,,,,,,,,54.2,,40.0,24.7,6-1,170,73
1641708,Amen Thompson,HOU,15,26.4,13.1,8.2,2.5,5.3,9.3,0.1,0.6,2.4,3.1,march,2023-24,17.9,13.2,61.7,14.0,42.1,1.8,2.61,20.0,1.7,0.1,6.6,9.4,21.4,23.0,,,13.2,2.9,17.8,,5.9,52.5,,6.451612903225806,26.4,6-7,200,79
1629661,Cameron Johnson,BKN,10,26.7,13.1,4.0,1.7,4.1,9.7,2.4,6.1,2.5,2.9,march,2023-24,19.3,10.4,59.7,10.2,36.8,1.5,2.45,24.1,0.4,0.0,0.9,,25.0,8.2,,,26.5,15.3,6.7,4.9,,66.7,,62.88659793814433,26.7,6-8,210,80
1630583,Santi Aldama,MEM,13,32.6,13.1,6.8,2.8,4.8,10.5,2.2,5.9,1.3,1.9,march,2023-24,16.3,13.6,57.8,10.2,54.8,2.1,2.31,29.4,1.2,0.1,2.2,,22.8,2.3,8.8,4.1,40.1,,6.8,,7.0,52.9,,56.19047619047619,32.6,7-0,215,84
1631110,Jeremy Sochan,SAS,14,30.6,13.0,7.8,3.1,5.1,11.9,0.9,4.1,1.8,2.3,march,2023-24,20.6,14.3,50.3,9.3,46.5,1.9,2.45,27.1,2.4,0.5,5.1,,18.9,,12.3,,28.3,,17.0,,,56.8,,34.45378151260503,30.6,6-8,230,80
1629651,Nic Claxton,BKN,16,31.7,12.9,10.0,2.4,5.4,8.3,0.0,0.1,2.1,3.6,march,2023-24,15.9,12.1,65.3,13.2,49.6,1.7,2.07,31.1,3.9,0.9,9.5,14.1,15.5,3.9,11.1,4.5,10.9,,15.5,,13.4,66.7,,1.2048192771084336,31.7,6-11,215,83
1630591,Jalen Suggs,ORL,12,27.7,12.9,2.8,3.3,4.5,9.2,2.3,5.2,1.7,2.2,march,2023-24,18.5,16.9,63.8,11.0,48.7,2.5,3.06,23.7,0.3,0.0,1.2,6.6,24.5,25.2,,,20.4,7.3,,,4.0,48.8,,56.52173913043479,27.7,6-5,205,77
1641715,Cam Whitmore,HOU,6,20.0,12.7,5.2,0.7,5.0,11.5,1.5,4.8,1.2,2.3,march,2023-24,27.2,5.0,50.6,10.8,29.5,1.2,2.54,15.2,0.2,0.0,1.8,6.7,34.8,14.0,,,19.1,,6.7,,6.2,60.0,,41.73913043478261,20.0,6-7,230,79
1629622,Max Strus,CLE,5,28.6,12.6,2.4,2.4,4.4,9.4,2.4,5.8,1.4,1.6,march,2023-24,18.7,12.9,62.4,6.6,46.2,1.6,2.06,31.4,0.8,0.0,1.2,,,,,,,,,,,63.6,,61.702127659574465,28.6,6-5,215,77
203991,Clint Capela,ATL,15,26.2,12.5,11.1,2.1,5.4,9.4,0.0,0.1,1.7,2.7,march,2023-24,18.5,11.0,58.8,13.6,34.5,0.9,1.53,25.3,3.3,1.1,10.6,,,,22.1,,,,24.4,,36.6,54.0,,1.0638297872340425,26.2,6-10,256,82
1628963,Marvin Bagley III,WAS,7,23.2,12.4,8.0,0.7,5.3,8.4,0.6,0.7,1.3,1.3,march,2023-24,18.2,5.0,69.1,15.6,33.9,0.9,1.66,16.6,3.0,0.7,5.7,7.3,7.3,,21.6,5.7,8.9,,18.4,,23.8,60.0,,8.333333333333332,23.2,6-10,235,82
1630183,Jaden McDaniels,MIN,15,31.4,12.4,4.8,1.4,4.9,10.5,1.4,4.5,1.3,2.1,march,2023-24,17.5,6.7,54.5,6.8,39.7,1.4,2.19,24.5,0.4,0.5,1.8,2.3,27.6,10.3,,,36.8,5.2,5.0,3.2,3.9,62.0,,42.857142857142854,31.4,6-9,185,81
1627777,Georges Niang,CLE,17,27.0,12.1,3.2,1.6,4.5,9.0,2.5,5.5,0.6,0.6,march,2023-24,17.8,8.6,64.9,7.5,43.4,1.2,1.7,23.8,0.3,0.2,0.8,,,,,,,,,,,68.4,,61.111111111111114,27.0,6-7,230,79
1628379,Luke Kennard,MEM,8,27.4,12.0,3.0,5.1,4.0,8.8,2.9,6.4,1.1,1.1,march,2023-24,18.1,30.8,64.9,10.7,50.8,2.7,3.16,31.5,0.3,0.0,0.1,,24.5,9.1,,,32.0,7.9,5.8,11.6,,69.0,,72.72727272727273,27.4,6-5,206,77
1627747,Caris LeVert,CLE,14,32.3,11.9,4.8,7.4,4.3,11.4,1.3,4.9,2.1,2.9,march,2023-24,21.0,34.0,47.0,10.3,61.9,3.8,3.71,37.3,0.3,0.0,1.2,6.2,19.0,24.0,,,26.9,4.5,6.6,5.0,,59.3,,42.98245614035088,32.3,6-6,205,78
1630175,Cole Anthony,ORL,14,22.4,11.9,4.2,2.4,4.4,9.9,1.7,4.6,1.4,1.9,march,2023-24,23.1,16.2,55.9,11.6,42.4,3.1,4.34,17.9,0.6,0.1,0.8,6.9,14.7,51.8,,,14.3,,,,,55.9,,46.46464646464646,22.4,6-2,185,74
1630205,Lamar Stevens,MEM,9,22.3,11.8,3.9,1.0,4.4,10.7,0.6,2.4,2.3,2.6,march,2023-24,22.9,8.1,49.9,10.6,35.9,1.7,2.89,18.8,1.1,0.7,1.6,,,,,,,,,,,52.6,,22.429906542056074,22.3,6-7,230,79
1627736,Malik Beasley,MIL,13,31.5,11.8,3.6,1.2,4.2,10.8,2.8,8.5,0.6,0.7,march,2023-24,16.2,4.9,52.8,5.1,30.4,0.8,1.61,18.3,0.2,0.0,0.3,,,,,,,,,,,73.9,,78.7037037037037,31.5,6-4,187,76
1630544,Tre Mann,CHA,12,31.5,11.8,4.2,5.3,4.6,9.8,1.2,3.6,1.4,1.9,march,2023-24,18.2,24.9,55.0,9.4,57.5,4.5,4.67,23.4,0.2,0.0,0.5,8.5,7.7,38.0,,,26.5,8.5,,,,68.8,,36.73469387755102,31.5,6-3,178,75
1641711,Gradey Dick,TOR,15,30.5,11.7,2.4,1.7,4.4,11.0,1.9,5.6,1.0,1.3,march,2023-24,17.9,7.9,50.5,4.6,31.5,1.0,1.97,24.1,0.9,0.0,0.9,,29.6,,4.5,,39.9,,5.2,9.6,3.4,68.4,,50.90909090909091,30.5,6-6,200,78
1629655,Daniel Gafford,DAL,15,22.0,11.6,7.0,1.7,5.1,6.2,0.0,0.0,1.3,2.2,march,2023-24,15.1,11.0,80.9,16.7,32.1,0.8,1.52,18.1,2.3,0.1,7.1,,8.8,,19.9,11.0,,,20.4,,18.2,56.7,,0.0,22.0,6-10,234,82
201950,Jrue Holiday,BOS,10,32.5,11.5,4.0,5.7,4.4,8.4,2.3,4.9,0.4,0.4,march,2023-24,13.6,22.1,67.0,10.3,46.9,2.6,3.35,19.1,0.8,0.2,1.4,10.1,20.5,26.3,,3.6,20.5,,4.3,,,52.6,,58.333333333333336,32.5,6-4,205,76
1627936,Alex Caruso,CHI,16,31.5,11.3,4.1,4.7,3.9,8.5,2.6,5.6,0.8,1.2,march,2023-24,15.0,20.8,62.3,9.5,59.9,2.7,2.68,27.9,0.6,0.0,0.8,,19.9,8.2,7.0,,45.6,,,,,60.0,,65.88235294117646,31.5,6-5,186,77
201143,Al Horford,BOS,12,28.3,11.1,5.9,2.3,4.2,7.6,2.1,4.4,0.7,0.7,march,2023-24,13.3,10.4,70.4,10.6,35.4,1.0,1.65,19.7,1.7,1.5,3.9,,15.0,,12.2,8.9,40.0,,7.8,5.6,,68.3,,57.89473684210527,28.3,6-9,240,81
1630202,Payton Pritchard,BOS,16,25.2,11.1,3.4,4.3,4.3,8.8,1.9,4.6,0.6,0.7,march,2023-24,17.4,23.4,60.7,10.8,48.3,3.7,4.61,17.9,0.3,0.0,0.9,12.8,16.2,25.6,1.9,,26.2,6.4,,5.1,1.8,67.5,,52.27272727272726,25.2,6-1,195,73
1627741,Buddy Hield,PHI,17,24.0,11.1,3.1,2.5,4.1,9.4,2.2,5.8,0.6,0.6,march,2023-24,18.9,17.0,57.0,9.7,43.9,1.5,2.02,27.6,0.5,0.0,1.1,,23.1,4.8,,,34.0,5.4,5.4,12.2,3.7,63.6,,61.702127659574465,24.0,6-4,220,76
1641871,Duop Reath,POR,17,21.0,11.0,3.2,1.0,4.2,8.5,1.4,3.8,1.1,1.5,march,2023-24,20.8,7.9,60.2,8.3,35.2,1.0,1.72,23.4,1.1,0.5,3.0,,,,,,,,,,,62.4,,44.705882352941174,21.0,6-9,245,81
1630573,Sam Hauser,BOS,14,21.9,11.0,3.7,1.0,3.9,8.0,3.3,6.9,0.0,0.0,march,2023-24,16.2,6.0,68.8,11.3,28.2,0.6,1.27,16.5,0.2,0.0,0.8,,20.5,4.3,8.2,,34.1,9.4,,14.2,3.7,60.0,,86.25,21.9,6-7,217,79
1631218,Trayce Jackson-Davis,GSW,15,24.6,10.9,7.2,1.8,4.9,6.7,0.0,0.1,1.1,2.1,march,2023-24,13.7,10.0,71.3,13.1,37.6,1.0,1.61,22.2,2.7,0.5,7.1,,16.8,,11.2,,,,33.6,,23.2,58.0,,1.4925373134328357,24.6,6-9,245,81
1628404,Josh Hart,NYK,14,41.6,10.9,11.9,6.3,4.2,10.6,1.1,4.1,1.4,1.7,march,2023-24,13.9,20.4,47.9,11.2,74.8,3.4,2.71,39.3,1.3,0.2,3.3,,21.0,10.3,,,45.6,4.0,4.6,,,58.9,,38.679245283018865,41.6,6-4,215,76
1628971,Bruce Brown,TOR,11,28.0,10.8,3.6,3.6,4.3,8.5,0.8,1.8,1.5,2.0,march,2023-24,17.2,19.0,57.9,7.7,48.8,2.7,3.33,23.5,0.9,0.2,3.1,4.1,22.3,15.7,,,22.3,3.8,13.0,,8.7,71.1,,21.176470588235293,28.0,6-4,202,76
1630174,Aaron Nesmith,IND,14,29.8,10.6,3.3,1.9,3.5,8.9,1.8,5.0,1.9,2.0,march,2023-24,14.9,8.1,54.3,5.3,38.6,1.0,1.59,23.8,0.5,0.0,0.9,,19.9,10.4,6.6,,30.9,5.5,,13.7,4.1,45.3,,56.179775280898866,29.8,6-6,215,78
201572,Brook Lopez,MIL,14,29.0,10.6,4.6,1.6,3.6,7.1,2.0,4.4,1.4,1.7,march,2023-24,13.7,7.1,67.4,7.2,28.2,0.7,1.46,19.6,0.8,1.2,2.7,,6.5,,32.8,9.5,32.1,,,,,52.8,,61.9718309859155,29.0,7-1,282,85
1630191,Isaiah Stewart,DET,10,31.9,10.6,5.8,1.2,4.0,7.1,1.6,3.8,1.0,1.2,march,2023-24,11.4,5.5,69.5,8.9,29.7,0.8,1.62,17.9,0.8,2.1,3.9,,10.3,,13.9,10.3,23.9,,19.2,,11.8,51.4,,53.52112676056338,31.9,6-8,250,80
1629023,P.J. Washington,DAL,15,32.4,10.5,6.4,1.3,3.8,9.9,1.7,5.8,1.3,1.9,march,2023-24,14.8,5.2,49.0,6.8,41.1,1.1,1.61,18.6,0.6,0.4,2.4,4.1,20.9,6.3,5.4,6.1,29.9,4.1,8.2,,6.8,56.7,,58.58585858585859,32.4,6-7,230,79
1631103,Malaki Branham,SAS,15,21.0,10.5,1.7,2.1,3.9,9.1,1.5,4.1,1.3,1.5,march,2023-24,21.9,15.5,53.7,6.8,32.4,1.6,2.91,19.8,0.6,0.0,0.9,,,,,,,,,,,63.6,,45.05494505494505,21.0,6-4,180,76
1627826,Ivica Zubac,LAC,16,25.8,10.4,8.1,1.5,4.3,6.3,0.0,0.0,1.9,2.2,march,2023-24,15.0,8.5,72.4,12.2,42.8,1.1,1.59,21.0,3.7,1.3,7.0,,5.5,,18.4,28.3,,,20.1,,20.3,60.0,,0.0,25.8,7-0,240,84
1626166,Cameron Payne,PHI,16,19.3,10.3,1.6,3.1,3.9,9.1,1.8,4.6,0.8,0.8,march,2023-24,24.3,26.6,54.4,8.6,45.4,3.3,4.42,19.5,0.0,0.0,0.3,,,,,,,,,,,70.4,,50.54945054945055,19.3,6-3,183,75
1641731,Bilal Coulibaly,WAS,7,31.6,10.3,4.6,1.9,3.3,8.4,1.3,4.4,2.4,3.0,march,2023-24,14.7,8.1,52.8,6.0,37.3,1.2,1.88,23.0,1.6,0.0,2.7,4.8,27.8,15.1,,,25.8,5.2,8.3,,4.8,60.0,,52.38095238095239,31.6,6-8,195,80
1631170,Jaime Jaquez Jr.,MIA,14,27.1,10.3,3.7,2.5,3.9,8.4,0.8,2.6,1.6,2.1,march,2023-24,16.8,13.8,55.3,8.3,41.4,2.2,3.19,20.1,0.3,1.0,2.1,14.8,29.4,5.3,,5.7,26.6,,5.8,,4.0,59.1,,30.952380952380953,27.1,6-6,225,78
1629652,Luguentz Dort,OKC,15,28.5,10.3,3.1,1.7,3.4,7.9,2.1,5.2,1.4,1.6,march,2023-24,14.3,7.1,59.4,5.4,25.9,0.9,2.19,16.7,0.3,0.0,0.8,,15.0,,5.5,,61.5,,4.0,,,62.5,,65.82278481012658,28.5,6-4,220,76
1628976,Wendell Carter Jr.,ORL,13,25.7,10.2,8.4,2.2,3.7,7.7,1.1,3.5,1.8,2.5,march,2023-24,17.6,12.6,58.1,13.9,39.8,1.0,1.51,24.2,3.0,0.6,5.5,,10.9,,19.2,3.2,26.2,,17.1,,12.7,53.2,,45.45454545454545,25.7,6-10,270,82
1628997,Caleb Martin,MIA,14,27.2,10.1,4.5,2.3,3.6,9.0,1.6,4.7,1.4,1.6,march,2023-24,17.4,13.3,52.2,8.9,39.1,2.0,3.11,20.5,0.5,0.0,1.5,,32.5,7.9,,,35.7,,,,,59.6,,52.22222222222223,27.2,6-5,205,77
1641709,Ausar Thompson,DET,5,31.8,10.0,6.2,1.8,3.6,9.4,1.0,4.0,1.8,2.8,march,2023-24,15.9,8.4,47.0,7.6,44.0,1.7,2.3,28.8,1.5,0.0,3.0,7.7,23.0,10.0,5.6,,16.0,,15.3,2.3,10.0,50.0,,42.5531914893617,31.8,6-6,205,78
1630529,Herbert Jones,NOP,13,32.2,10.0,3.1,3.1,3.3,7.0,1.5,3.8,1.8,2.1,march,2023-24,13.0,12.6,63.2,7.2,46.3,2.1,2.66,23.2,0.5,0.0,0.6,,22.4,10.8,,,37.7,6.3,5.4,,,67.4,,54.285714285714285,32.2,6-7,206,79
1630171,Isaac Okoro,CLE,16,31.3,9.9,2.9,1.9,3.8,8.4,1.6,4.3,0.9,1.4,march,2023-24,14.2,8.8,55.3,5.2,37.1,1.3,2.11,25.7,0.6,0.2,1.5,,25.9,,,,41.6,,10.8,,5.2,64.0,,51.19047619047619,31.3,6-5,225,77
1631133,Jabari Walker,POR,12,25.6,9.9,6.9,1.4,3.9,7.6,0.5,1.4,1.6,2.1,march,2023-24,15.5,8.0,58.3,9.7,31.0,1.0,1.94,18.8,1.6,0.3,3.3,,16.0,,,,34.6,,15.4,,24.4,67.6,,18.421052631578945,25.6,6-7,227,79
1629614,Andrew Nembhard,IND,15,28.4,9.9,2.5,3.2,4.1,7.9,1.3,3.3,0.5,0.6,march,2023-24,14.0,14.9,60.7,7.2,43.8,2.1,2.89,24.5,0.6,0.0,0.7,8.9,14.8,38.5,,,21.4,7.1,,,,55.2,,41.77215189873417,28.4,6-4,191,76
1628415,Dillon Brooks,HOU,15,29.4,9.9,3.1,1.9,3.7,9.4,1.3,5.3,1.1,1.3,march,2023-24,15.7,7.6,49.5,4.7,30.6,1.1,2.22,19.6,0.8,0.7,0.7,9.3,14.6,19.9,1.5,9.9,31.8,2.8,1.7,2.8,2.4,64.6,,56.38297872340425,29.4,6-6,225,78
1628392,Isaiah Hartenstein,NYK,14,24.1,9.9,8.1,3.4,4.1,5.9,0.0,0.0,1.6,2.1,march,2023-24,14.0,19.0,71.7,15.6,45.6,1.3,1.74,29.1,4.6,0.1,6.9,,7.4,,19.9,5.6,,,40.3,,10.2,54.1,,0.0,24.1,7-0,250,84
1628371,Jonathan Isaac,ORL,11,17.5,9.8,4.9,0.5,3.6,5.5,1.6,2.6,0.9,1.2,march,2023-24,15.6,4.5,80.9,17.7,25.1,0.6,1.35,11.5,0.5,0.1,2.3,,12.4,,,,29.5,,16.2,,14.3,53.6,,47.27272727272727,17.5,6-10,230,82
1628380,Zach Collins,SAS,14,18.6,9.8,4.6,2.1,3.6,7.6,0.6,1.5,1.9,2.5,march,2023-24,23.8,17.5,56.4,8.7,34.3,1.0,1.83,22.2,3.2,1.5,3.0,,,,24.7,,25.9,,19.8,,,57.3,,19.736842105263158,18.6,6-11,250,83
1630164,James Wiseman,DET,16,20.4,9.7,7.1,1.1,3.9,6.4,0.0,0.0,1.8,2.2,march,2023-24,18.3,9.5,65.5,12.3,35.3,0.9,1.53,17.5,2.9,0.9,5.7,,,,,,,,,,,54.5,,0.0,20.4,6-11,240,83
1630208,Nick Richards,CHA,14,28.6,9.6,8.6,0.6,4.1,5.9,0.0,0.0,1.5,2.0,march,2023-24,12.0,3.3,71.6,10.9,29.0,0.7,1.42,14.0,1.7,0.2,6.1,,,,,,,,,,,61.0,,0.0,28.6,7-0,245,84
1629611,Terance Mann,LAC,16,24.8,9.6,2.8,0.9,3.4,6.6,1.2,2.8,1.5,1.6,march,2023-24,14.4,5.0,65.4,7.0,27.9,1.2,2.67,13.9,0.3,0.2,1.9,3.7,22.0,17.9,,,28.9,4.4,6.6,,8.1,70.0,,42.42424242424242,24.8,6-5,215,77
1629638,Nickeil Alexander-Walker,MIN,15,25.6,9.5,2.2,2.1,3.4,7.5,1.9,4.5,0.8,1.0,march,2023-24,14.9,10.8,60.3,7.0,37.7,1.9,3.01,19.0,0.3,0.0,0.7,2.9,27.3,18.8,2.9,,22.7,7.1,2.9,9.1,1.3,64.9,,60.0,25.6,6-5,205,77
203484,Kentavious Caldwell-Pope,DEN,14,32.3,9.5,2.7,2.7,3.4,6.7,2.0,4.3,0.6,0.7,march,2023-24,11.2,10.1,67.6,6.7,36.6,1.3,2.1,23.1,0.5,0.1,0.6,3.1,24.1,18.1,,,33.7,5.9,,6.5,,72.7,,64.17910447761194,32.3,6-5,204,77
1629670,Jordan Nwora,TOR,15,17.2,9.5,3.4,1.1,3.9,8.0,1.0,3.3,0.6,0.7,march,2023-24,23.6,10.8,56.9,11.8,29.9,1.2,2.43,17.1,0.3,0.0,1.3,,,,,,,,,,,67.9,,41.25,17.2,6-8,225,80
1630200,Tre Jones,SAS,15,30.1,9.5,4.0,6.9,3.4,6.7,1.1,2.3,1.6,1.8,march,2023-24,12.7,31.1,63.5,11.1,67.1,5.1,4.59,20.8,0.4,0.0,1.3,4.8,22.7,32.0,,,22.7,4.5,3.0,,,71.7,,34.32835820895522,30.1,6-1,185,73
1626145,Tyus Jones,WAS,7,29.3,9.4,2.4,8.3,3.7,8.9,1.7,5.0,0.3,0.3,march,2023-24,14.8,39.7,52.5,9.9,70.9,5.0,4.24,27.4,0.4,0.0,0.6,,17.2,23.8,,,41.7,,,,,60.6,,56.179775280898866,29.3,6-1,196,73
1630194,Paul Reed,PHI,17,23.3,9.4,7.0,1.5,3.7,7.2,0.5,1.1,1.5,2.1,march,2023-24,17.7,9.7,57.8,11.3,32.8,0.9,1.66,20.3,2.4,0.2,5.5,,9.8,,16.0,,13.5,,26.4,,17.2,56.2,,15.277777777777779,23.3,6-9,210,81
101108,Chris Paul,GSW,16,24.1,9.4,4.4,6.3,4.0,8.3,1.2,3.1,0.2,0.3,march,2023-24,16.8,36.5,55.7,12.7,51.9,4.2,4.84,23.1,0.7,0.6,0.3,,,43.8,,,15.6,,,,,69.1,,37.34939759036144,24.1,6-0,175,72
1641739,Toumani Camara,POR,14,29.3,9.4,5.1,2.0,3.5,6.9,1.1,2.6,1.2,1.4,march,2023-24,12.2,9.4,62.5,8.1,35.8,1.1,1.88,19.8,0.8,0.1,2.9,6.3,20.3,4.4,5.4,,40.5,2.6,9.1,,4.7,62.1,,37.68115942028986,29.3,6-7,226,79
1630241,Sam Merrill,CLE,17,23.9,9.4,2.4,2.4,2.9,8.0,2.8,7.7,0.8,0.8,march,2023-24,16.2,14.7,55.9,7.4,34.4,0.9,1.55,23.7,0.1,0.0,0.2,,17.3,6.0,10.2,,36.8,10.5,3.8,4.5,,57.8,,96.25,23.9,6-4,205,76
200768,Kyle Lowry,PHI,15,30.3,9.3,2.8,4.9,2.9,7.1,1.9,4.8,1.6,1.9,march,2023-24,13.9,24.3,59.2,8.1,66.5,3.7,3.38,32.9,0.7,0.0,0.5,,,,,,,,,,,69.8,,67.6056338028169,30.3,6-0,196,72
1641707,Taylor Hendricks,UTA,12,27.3,9.2,6.6,0.8,3.3,7.3,1.6,4.3,0.9,1.2,march,2023-24,13.0,4.3,58.4,7.2,26.3,0.6,1.48,13.7,0.3,0.3,1.5,,18.9,,7.0,,39.2,,11.2,,8.4,58.0,,58.9041095890411,27.3,6-9,215,81
1630173,Precious Achiuwa,NYK,14,23.6,9.1,8.0,1.6,3.8,6.4,0.4,0.9,1.2,2.1,march,2023-24,16.4,10.7,62.3,13.1,36.1,1.1,1.79,22.1,1.9,0.1,4.5,,22.2,,13.5,,24.7,,12.0,,17.1,48.4,,14.0625,23.6,6-8,243,80
1631200,Kris Murray,POR,17,30.6,9.1,4.9,2.4,3.6,8.4,1.1,4.1,0.8,1.1,march,2023-24,13.9,10.4,51.2,6.6,33.8,1.3,2.22,19.6,0.8,0.0,2.0,,23.6,,,,40.4,,11.8,,11.3,54.3,,48.8095238095238,30.6,6-8,210,80
202722,Davis Bertans,CHA,15,23.5,9.0,2.3,1.2,2.9,8.3,2.4,6.8,0.7,0.8,march,2023-24,16.8,7.7,52.2,5.9,26.6,0.6,1.4,18.6,0.4,0.0,0.7,,,,,,,,,,,66.0,,81.92771084337348,23.5,6-10,225,82
1627827,Dorian Finney-Smith,BKN,15,31.3,8.9,4.6,2.1,3.3,7.5,1.4,4.8,0.9,1.1,march,2023-24,12.4,9.6,55.8,7.4,41.6,1.1,1.62,22.1,0.8,0.1,2.4,,,,,,,,,,,61.7,,64.0,31.3,6-7,220,79
203501,Tim Hardaway Jr.,DAL,15,19.8,8.9,2.3,1.8,3.0,8.3,1.9,5.2,1.0,1.4,march,2023-24,19.9,12.9,49.5,7.9,28.0,1.0,2.23,14.6,0.1,0.0,0.1,2.2,21.3,5.7,3.2,,32.4,12.1,2.8,15.8,,63.3,,62.65060240963856,19.8,6-5,205,77
202704,Reggie Jackson,DEN,15,18.6,8.8,1.3,3.5,3.1,8.1,1.3,3.1,1.3,1.5,march,2023-24,22.4,26.0,50.5,7.6,39.1,3.2,4.98,16.7,0.1,0.0,0.6,,,,,,,,,,,83.3,,38.27160493827161,18.6,6-2,208,74
1629021,Moritz Wagner,ORL,14,15.3,8.7,3.6,1.6,3.5,5.5,0.5,1.4,1.2,1.6,march,2023-24,21.9,15.7,70.4,13.8,24.9,0.7,1.8,17.8,2.2,0.4,3.8,,,,,,,,,,,69.7,,25.454545454545453,15.3,6-11,245,83
1630541,Moses Moody,GSW,14,17.6,8.6,3.2,0.9,3.2,6.8,1.1,3.0,1.1,1.2,march,2023-24,18.7,6.5,58.5,9.0,21.4,0.7,2.08,14.5,0.3,0.0,1.8,4.9,19.0,5.4,,,40.4,5.2,3.7,13.1,3.2,53.1,,44.11764705882353,17.6,6-5,211,77
1641729,Brice Sensabaugh,UTA,15,22.9,8.5,4.1,2.5,3.1,8.2,1.0,4.5,1.4,1.7,march,2023-24,20.0,15.3,47.8,6.3,28.4,1.4,3.0,16.6,0.5,0.0,0.6,2.8,22.0,10.7,2.6,,28.1,9.4,4.1,12.4,3.5,56.4,,54.87804878048781,22.9,6-5,235,77
202711,Bojan Bogdanovic,NYK,14,17.9,8.5,1.5,0.9,3.2,8.0,1.2,3.9,0.9,1.1,march,2023-24,24.2,8.9,50.2,4.4,22.4,0.9,2.34,18.6,0.4,0.3,0.2,,,,,,,,,,,78.3,,48.75,17.9,6-7,226,79
203937,Kyle Anderson,MIN,13,26.8,8.5,3.9,5.1,3.2,7.1,0.2,0.5,1.8,2.4,march,2023-24,14.8,26.9,52.1,10.8,46.7,2.4,3.11,29.0,2.6,0.2,2.5,12.6,16.5,7.9,,,17.3,,14.2,,8.7,59.3,,7.042253521126761,26.8,6-9,230,81
203994,Jusuf Nurkić,PHX,14,26.5,8.4,12.8,3.8,3.6,7.1,0.0,0.1,1.1,2.7,march,2023-24,17.4,18.7,51.0,11.2,56.8,1.9,2.02,31.5,3.2,2.2,8.3,,6.9,,22.4,10.4,11.8,,17.3,,13.6,54.5,,1.4084507042253522,26.5,7-0,290,84
201566,Russell Westbrook,LAC,5,16.7,8.4,2.8,3.8,3.0,6.6,0.0,0.8,2.4,3.2,march,2023-24,24.6,28.8,52.4,10.0,31.4,2.2,4.28,13.4,0.2,0.4,1.6,13.4,18.3,25.8,,5.1,26.7,,2.2,,2.8,66.7,,12.121212121212123,16.7,6-4,200,76
1641726,Dereck Lively II,DAL,14,19.0,8.4,5.1,0.7,4.0,5.3,0.0,0.0,0.4,0.9,march,2023-24,14.4,5.3,73.4,11.0,29.2,0.6,1.32,14.2,2.6,0.2,6.7,,,,,,,,,,,57.7,,0.0,19.0,7-1,230,85
1630188,Jalen Smith,IND,13,15.8,8.3,5.3,0.8,3.0,5.5,0.9,2.4,1.4,2.2,march,2023-24,17.7,6.8,63.7,11.3,24.5,0.6,1.38,14.8,1.5,0.3,3.7,,21.0,,17.4,,29.0,,9.8,,10.1,63.5,,43.63636363636363,15.8,6-9,215,81
1626220,Royce O'Neale,PHX,15,24.8,8.3,5.0,2.7,3.1,7.1,1.9,4.8,0.1,0.1,march,2023-24,13.8,14.0,57.5,8.8,41.1,1.3,1.87,19.4,0.2,0.0,0.9,,26.0,8.3,2.7,,43.8,3.9,,3.6,,68.2,,67.6056338028169,24.8,6-6,226,78
201569,Eric Gordon,PHX,12,23.6,8.3,1.3,1.8,3.1,7.3,1.8,4.6,0.3,0.5,march,2023-24,14.9,10.0,54.6,5.7,25.1,0.8,2.01,15.8,0.3,0.0,0.4,,,,,,60.0,,,,,73.1,,63.013698630136986,23.6,6-3,215,75
1631107,Nikola Jović,MIA,13,21.6,8.2,4.0,2.2,3.0,6.7,1.5,4.3,0.7,0.8,march,2023-24,16.3,13.4,58.3,8.9,35.2,1.4,2.33,20.5,0.6,0.5,1.0,3.7,31.0,3.4,3.7,4.8,39.2,,4.8,,,64.0,,64.17910447761194,21.6,6-10,205,82
1626158,Richaun Holmes,WAS,11,22.7,8.2,7.9,0.8,3.3,5.9,0.0,0.2,1.6,1.9,march,2023-24,14.0,4.5,60.6,9.6,28.3,0.7,1.5,16.7,1.9,0.0,5.7,,,,,,,,,,,76.2,,3.389830508474576,22.7,6-9,235,81
1630692,Jordan Goodwin,MEM,7,27.2,8.1,5.6,4.3,3.3,10.0,1.3,4.1,0.3,0.9,march,2023-24,19.5,26.8,39.2,7.6,59.1,4.3,4.32,27.9,0.3,0.0,1.9,,16.2,12.8,3.4,,42.7,,,,12.0,62.1,,41.0,27.2,6-4,200,76
1631128,Christian Braun,DEN,15,21.2,8.1,4.1,1.7,3.2,5.8,0.9,1.9,0.8,1.3,march,2023-24,14.8,10.4,63.7,9.0,30.0,1.4,2.73,15.6,0.9,0.0,2.4,,33.3,,7.1,,20.6,7.8,11.3,,7.1,61.8,,32.758620689655174,21.2,6-6,220,78
203110,Draymond Green,GSW,15,26.7,8.1,7.9,6.1,3.3,7.1,0.5,2.2,0.9,1.1,march,2023-24,15.5,27.2,53.3,10.7,61.2,1.9,1.91,31.5,1.4,0.3,3.3,,9.4,5.1,10.2,,39.8,,10.2,,2.7,61.3,,30.98591549295775,26.7,6-6,230,78
1629111,Jock Landale,HOU,15,19.2,8.0,4.8,1.7,3.1,5.5,0.3,0.7,1.4,1.7,march,2023-24,14.2,11.9,64.5,11.2,26.6,0.6,1.46,17.3,3.7,0.5,4.6,,9.3,,22.2,14.9,14.4,,14.4,,16.9,51.4,,12.727272727272727,19.2,6-11,255,83
1641998,Trey Jemison III,MEM,9,23.2,8.0,5.0,1.0,3.6,5.2,0.0,0.0,0.9,1.1,march,2023-24,13.0,6.7,70.0,7.9,26.9,0.7,1.65,17.9,3.3,0.8,5.7,,,,,,,,,,,54.8,,0.0,23.2,6-10,260,82
1630230,Naji Marshall,NOP,14,21.0,7.9,4.5,1.8,3.2,6.5,1.2,2.9,0.3,0.4,march,2023-24,15.0,12.5,59.5,11.9,35.6,1.6,2.73,17.0,0.4,0.0,1.1,5.6,31.6,10.9,3.9,,29.1,,6.0,2.4,2.4,57.6,,44.61538461538461,21.0,6-6,220,78
1627752,Taurean Prince,LAL,13,19.5,7.8,2.7,0.7,2.8,5.9,1.5,3.7,0.6,0.8,march,2023-24,14.7,4.9,62.3,6.9,20.1,0.7,1.97,11.6,0.2,0.0,0.4,,27.3,,,,54.5,,,,,54.5,,62.71186440677966,19.5,6-6,218,78
202685,Jonas Valančiūnas,NOP,14,18.5,7.7,7.4,1.5,3.2,6.4,0.4,1.3,0.9,1.1,march,2023-24,19.5,11.4,56.2,11.5,36.1,1.1,1.8,21.2,1.8,3.4,4.3,,,,22.1,29.7,4.2,,13.7,,16.0,60.0,,20.3125,18.5,6-11,265,83
203083,Andre Drummond,CHI,16,16.5,7.7,8.4,0.4,2.8,5.5,0.0,0.0,2.1,3.2,march,2023-24,19.7,3.7,55.7,13.2,20.3,0.5,1.6,13.1,2.3,2.5,7.0,,5.2,,7.9,,17.0,,16.6,,38.9,72.0,,0.0,16.5,6-11,279,83
1629002,Chimezie Metu,DET,6,26.0,7.7,4.5,2.2,2.8,6.7,0.2,2.3,1.8,2.0,march,2023-24,14.7,12.6,50.8,7.0,33.2,1.0,1.89,18.3,1.0,0.2,2.2,,,,,,,,,,,62.1,,34.32835820895522,26.0,6-10,225,82
1641764,Brandin Podziemski,GSW,14,26.2,7.6,5.7,3.1,2.9,7.0,1.1,3.0,0.6,1.0,march,2023-24,13.6,14.5,51.4,8.2,39.9,2.0,3.07,19.4,1.0,0.1,2.2,6.1,17.2,25.1,2.4,,30.7,4.2,3.4,3.6,,68.8,,42.857142857142854,26.2,6-4,205,76
1629731,Dean Wade,CLE,5,24.6,7.6,4.2,1.0,2.6,5.8,1.8,5.0,0.6,1.0,march,2023-24,11.5,6.8,60.9,8.7,33.6,0.8,1.5,18.0,0.2,0.0,1.2,,28.1,,5.0,,46.7,,12.1,,,52.6,,86.20689655172414,24.6,6-9,228,81
1630167,Obi Toppin,IND,15,17.6,7.5,3.5,0.9,3.0,4.9,0.9,2.1,0.7,0.8,march,2023-24,13.8,6.5,71.3,10.1,28.3,0.7,1.57,14.8,0.5,0.1,1.9,,23.9,,,,28.3,,,,,48.3,,42.857142857142854,17.6,6-9,220,81
1630577,Julian Champagnie,SAS,14,24.5,7.5,2.7,1.4,2.4,6.0,1.6,4.1,1.1,1.4,march,2023-24,13.2,7.5,56.8,5.6,28.2,0.7,1.55,15.9,0.4,0.0,0.9,,23.0,,5.3,,43.3,6.5,3.1,9.3,4.3,59.6,,68.33333333333333,24.5,6-7,217,79
1628981,Bruno Fernando,ATL,15,19.2,7.5,6.2,1.3,3.1,4.9,0.0,0.1,1.3,1.9,march,2023-24,16.8,9.9,65.6,11.3,25.7,0.6,1.46,19.0,3.1,0.7,5.3,,,,,,,,,,,59.4,,2.0408163265306123,19.2,6-9,240,81
1641717,Cason Wallace,OKC,15,21.2,7.5,2.4,1.4,2.9,6.0,1.5,3.1,0.1,0.3,march,2023-24,14.0,9.0,61.0,7.1,20.9,1.0,2.88,11.5,0.3,0.0,1.1,4.2,22.6,13.5,,,41.3,4.2,4.5,,3.5,66.7,,51.66666666666667,21.2,6-3,195,75
1631165,Keon Ellis,SAC,15,25.8,7.5,3.5,2.0,2.7,5.4,1.5,3.5,0.5,0.6,march,2023-24,10.3,9.7,65.9,8.1,34.1,1.5,2.58,18.7,0.5,0.0,1.3,,25.6,10.1,,,43.7,,,,,68.0,,64.81481481481481,25.8,6-3,175,75
1627884,Derrick Jones Jr.,DAL,15,19.2,7.3,2.5,0.9,2.7,5.0,0.8,1.9,1.2,1.9,march,2023-24,14.3,6.3,63.0,7.8,20.6,0.6,1.89,10.9,0.2,0.0,1.6,,18.3,,,,46.0,,13.5,,7.9,42.9,,38.0,19.2,6-6,210,78
1631204,Marcus Sasser,DET,14,23.1,7.2,2.4,3.8,2.6,7.8,1.1,4.0,1.0,1.1,march,2023-24,18.0,26.1,43.7,5.9,48.6,4.0,4.88,19.8,0.0,0.0,0.1,,30.8,21.5,,,,,,,,75.0,,51.28205128205129,23.1,6-2,195,74
1630534,Ochai Agbaji,TOR,14,25.2,7.2,4.1,1.4,3.1,8.1,0.6,2.9,0.5,1.1,march,2023-24,16.2,7.6,42.2,4.0,34.1,0.9,1.6,19.5,0.4,0.0,3.8,,33.5,,,,29.2,,13.5,,10.3,55.7,,35.80246913580247,25.2,6-5,215,77
1630558,Davion Mitchell,SAC,16,17.2,7.2,1.7,1.6,2.9,5.1,0.9,2.3,0.4,0.5,march,2023-24,14.9,13.3,67.2,8.9,30.2,2.0,3.94,13.3,0.3,0.0,0.6,28.6,19.3,8.1,,,35.6,,,,,66.7,,45.09803921568628,17.2,6-0,202,72
1641787,Tosan Evbuomwan,DET,8,23.2,7.1,3.9,0.5,2.4,4.8,0.8,2.1,1.6,2.5,march,2023-24,12.5,3.4,60.9,5.9,22.0,0.7,1.86,13.8,1.0,0.0,1.5,,,,,,,,,,,63.4,,43.75000000000001,23.2,6-7,217,79
1630215,Jared Butler,WAS,12,20.4,7.1,2.1,4.7,2.9,6.8,0.5,2.4,0.8,0.8,march,2023-24,18.9,33.3,50.0,9.1,40.3,3.5,5.18,15.7,0.2,0.0,0.3,,,,,,,,,,,65.4,,35.294117647058826,20.4,6-3,193,75
201145,Jeff Green,HOU,13,16.3,7.1,2.5,0.6,2.5,5.8,1.2,3.2,0.9,1.2,march,2023-24,17.1,5.3,56.4,8.1,20.2,0.6,1.81,13.0,0.8,0.3,0.8,,,,,,,,,,,85.7,,55.172413793103445,16.3,6-8,235,80
1630198,Isaiah Joe,OKC,15,17.6,7.1,2.0,1.2,2.5,6.3,1.7,4.5,0.3,0.3,march,2023-24,16.1,9.7,54.8,7.3,22.7,0.7,1.81,14.8,0.5,0.0,0.5,,21.2,,9.4,,39.9,9.4,4.3,6.8,,73.5,,71.42857142857143,17.6,6-3,165,75
202694,Marcus Morris Sr.,CLE,7,17.2,7.0,2.9,1.0,2.6,5.9,1.3,3.0,0.6,0.9,march,2023-24,19.7,10.8,56.1,7.7,25.9,0.9,2.07,16.6,0.9,0.4,0.7,,,,,,,,,,,28.6,,50.847457627118644,17.2,6-8,218,80
203914,Gary Harris,ORL,10,23.7,6.9,1.3,0.8,2.5,5.2,1.4,3.5,0.5,0.8,march,2023-24,12.0,4.8,62.1,5.3,20.5,0.6,1.82,15.4,0.3,0.0,0.6,,16.7,,,,54.2,,,,,52.0,,67.3076923076923,23.7,6-4,210,76
1629726,Garrison Mathews,ATL,15,18.5,6.9,1.5,0.8,2.0,4.0,1.5,3.1,1.3,1.5,march,2023-24,11.0,5.7,73.9,5.9,18.2,0.5,1.53,11.3,0.2,0.0,0.1,,,,,,,,,,,78.3,,77.5,18.5,6-6,215,78
1631241,Javon Freeman-Liberty,TOR,12,19.3,6.8,3.3,1.8,2.4,5.7,0.3,2.0,1.7,1.8,march,2023-24,16.4,12.7,52.8,7.2,40.9,2.7,3.93,14.7,0.5,0.1,1.6,,,,,,,,,,,61.1,,35.08771929824561,19.3,6-3,190,75
1630598,Aaron Wiggins,OKC,14,16.7,6.8,2.3,1.1,2.7,4.6,0.7,1.6,0.6,0.9,march,2023-24,15.3,8.6,67.2,9.0,19.0,0.8,2.44,9.8,0.5,0.1,1.7,6.3,22.9,8.6,,,44.9,,3.3,4.0,,55.1,,34.78260869565218,16.7,6-5,190,77
1630186,Jahmi'us Ramsey,TOR,7,17.3,6.7,3.1,1.1,2.6,5.9,0.9,3.1,0.7,0.9,march,2023-24,18.0,10.3,53.8,8.5,28.9,1.6,3.23,10.6,0.7,0.0,1.1,,,,,,,,,,,55.0,,52.542372881355924,17.3,6-3,190,75
1629680,Matisse Thybulle,POR,10,21.0,6.7,3.1,2.0,2.5,5.3,1.2,3.1,0.5,0.7,march,2023-24,13.9,14.1,59.7,10.1,28.4,0.9,1.92,17.0,0.6,0.0,0.7,,,,,,,,,,,56.0,,58.490566037735846,21.0,6-5,201,77
1630631,Jose Alvarado,NOP,12,21.2,6.7,2.5,2.6,2.3,6.0,1.4,3.4,0.6,0.8,march,2023-24,14.3,15.8,52.4,6.8,39.2,2.3,3.47,17.8,0.3,0.0,0.8,4.2,20.0,27.3,,,30.0,3.8,3.8,,,64.3,,56.666666666666664,21.2,6-0,179,72
1631117,Walker Kessler,UTA,12,24.6,6.7,8.5,1.3,2.9,4.5,0.0,0.0,0.8,1.0,march,2023-24,10.6,7.5,67.5,10.1,32.2,0.8,1.54,15.5,0.9,0.4,7.5,,,,,,,,29.0,,22.6,63.3,,0.0,24.6,7-0,245,84
1630548,Johnny Juzang,UTA,11,18.3,6.6,2.0,0.9,2.5,5.6,1.5,4.2,0.1,0.1,march,2023-24,14.4,6.6,58.5,5.4,17.7,0.5,1.78,12.0,0.3,0.0,0.7,,,,,,,,,,,70.0,,75.00000000000001,18.3,6-5,209,77
1630197,Aleksej Pokusevski,CHA,10,19.4,6.6,4.1,1.9,2.4,5.5,0.6,2.2,1.2,1.6,march,2023-24,16.1,15.1,53.2,10.0,31.0,1.1,2.15,19.1,1.3,0.1,1.3,,,,,,,,,,,70.3,,40.0,19.4,7-0,210,84
203095,Evan Fournier,DET,16,17.8,6.6,1.6,1.8,2.3,6.8,1.0,4.1,1.1,1.3,march,2023-24,19.0,16.3,44.6,5.7,29.5,1.3,2.64,18.7,0.1,0.0,0.3,,,,,,,,,,,70.6,,60.29411764705882,17.8,6-6,205,78
1626204,Larry Nance Jr.,NOP,13,23.4,6.5,4.6,2.2,2.7,4.5,0.3,0.8,0.8,1.1,march,2023-24,9.7,12.4,66.2,9.8,31.6,1.0,1.93,20.1,3.1,0.2,3.9,,20.3,,,,36.7,,22.8,,,74.5,,17.77777777777778,23.4,6-8,245,80
203915,Spencer Dinwiddie,LAL,14,24.8,6.5,1.9,2.1,1.8,4.8,1.1,2.9,1.8,2.1,march,2023-24,11.7,10.4,56.7,3.8,26.7,1.7,3.81,13.1,0.1,0.0,0.2,,,,,,,,,,,70.7,,60.416666666666664,24.8,6-5,215,77
203957,Danté Exum,DAL,15,18.6,6.4,1.9,2.6,2.1,4.2,1.1,1.8,1.2,1.3,march,2023-24,13.3,17.4,66.9,7.7,30.3,2.0,4.03,11.1,0.5,0.0,0.7,,,,,,,,,,,66.7,,42.857142857142854,18.6,6-5,214,77
1628365,Markelle Fultz,ORL,11,17.7,6.4,2.6,2.0,3.0,6.9,0.2,0.5,0.2,0.2,march,2023-24,19.6,16.5,45.5,6.9,31.6,2.4,4.58,14.4,1.0,0.9,2.1,,,,,,,,,,,78.6,,7.246376811594203,17.7,6-4,209,76
1630249,Vít Krejčí,ATL,13,27.6,6.3,2.2,2.4,2.4,4.9,1.2,3.2,0.3,0.4,march,2023-24,9.0,10.3,61.9,4.2,29.3,1.0,1.96,18.9,0.2,0.0,0.6,,19.7,8.4,5.3,,33.4,12.5,,12.2,,59.6,,65.3061224489796,27.6,6-8,195,80
1626168,Trey Lyles,SAC,7,19.3,6.3,4.1,1.3,2.0,5.1,0.7,2.7,1.6,1.9,march,2023-24,14.6,8.3,52.7,7.0,27.0,0.7,1.49,14.1,0.7,0.6,2.0,,,,,,,,,,,61.9,,52.941176470588246,19.3,6-9,234,81
201988,Patty Mills,MIA,11,17.7,6.3,1.3,1.7,2.3,6.6,0.9,4.3,0.8,0.8,march,2023-24,18.9,12.6,44.8,5.1,25.1,1.0,2.42,17.4,0.3,0.0,0.6,,,,,,,,,,,83.3,,65.15151515151516,17.7,6-2,180,74
1628470,Torrey Craig,CHI,13,18.5,6.2,2.6,1.2,2.2,4.8,1.5,3.4,0.3,0.5,march,2023-24,13.8,8.9,61.7,5.9,28.4,0.8,1.62,15.0,0.3,0.0,1.2,,,,,,,,,,,61.4,,70.83333333333334,18.5,6-5,221,77
1631212,Peyton Watson,DEN,15,18.3,6.2,3.7,1.0,2.6,5.9,0.2,1.7,0.8,1.3,march,2023-24,16.9,7.9,47.8,7.5,26.4,1.1,2.57,11.8,0.6,0.0,1.9,6.7,19.0,13.2,3.1,,24.9,5.2,16.2,2.3,3.2,49.3,,28.813559322033893,18.3,6-7,200,79
1630551,Justin Champagnie,WAS,8,17.6,6.1,3.6,1.5,1.9,5.4,1.1,3.6,1.3,1.5,march,2023-24,16.3,12.0,50.7,7.2,27.8,0.9,2.02,13.3,0.3,0.0,1.9,,21.4,3.7,6.3,,26.2,,12.5,,19.6,60.9,,66.66666666666666,17.6,6-6,206,78
1630204,Ashton Hagans,POR,9,21.3,6.1,3.2,4.2,2.1,4.9,0.8,1.8,1.1,1.2,march,2023-24,15.8,27.1,56.3,8.3,46.6,3.0,3.85,22.4,0.2,0.0,0.8,,,,,,,,,,,50.0,,36.73469387755102,21.3,6-3,190,75
1626192,Pat Connaughton,MIL,14,22.5,6.1,2.5,2.3,2.1,4.6,1.0,3.0,0.9,1.2,march,2023-24,11.4,14.3,59.5,6.7,31.3,1.1,2.17,17.0,0.3,0.0,1.1,,,,,,,,,,,70.6,,65.21739130434783,22.5,6-5,209,77
1629599,Amir Coffey,LAC,17,22.5,6.0,2.3,1.6,2.2,4.9,1.1,2.8,0.4,0.5,march,2023-24,11.3,9.1,58.0,5.2,21.8,0.9,2.42,13.0,0.1,0.0,0.3,,,,,,,,,,,60.4,,57.14285714285714,22.5,6-7,210,79
1626224,Cedi Osman,SAS,11,17.1,6.0,2.7,1.2,2.4,4.6,1.2,2.7,0.1,0.2,march,2023-24,12.7,10.5,63.6,7.7,21.0,0.7,1.95,11.9,0.5,0.1,0.7,,,,,,,,,,,63.6,,58.69565217391305,17.1,6-7,230,79
202066,Garrett Temple,TOR,5,16.2,6.0,3.6,2.0,2.0,3.6,1.2,2.2,0.8,0.8,march,2023-24,11.4,17.9,75.9,14.4,27.8,1.0,2.24,13.8,0.4,0.0,1.6,,,,,,,,,,,50.0,,61.111111111111114,16.2,6-5,195,77
203109,Jae Crowder,MIL,14,19.7,6.0,2.4,0.9,2.3,4.9,1.1,2.6,0.4,0.4,march,2023-24,11.6,6.2,59.8,6.0,24.6,0.5,1.33,12.6,0.4,0.0,1.3,,,,,,,,,,,65.6,,53.06122448979592,19.7,6-6,235,78
1628964,Mo Bamba,PHI,17,18.5,5.9,5.4,0.9,2.2,4.1,0.6,1.6,0.9,1.1,march,2023-24,13.2,7.3,64.4,9.6,25.9,0.7,1.57,14.4,1.2,0.2,3.5,,,,,,,,,,,68.5,,39.024390243902445,18.5,7-0,231,84
1629312,Haywood Highsmith,MIA,15,16.8,5.9,2.7,1.0,2.3,4.5,1.3,2.6,0.1,0.5,march,2023-24,12.7,8.8,63.5,8.6,20.2,0.6,1.82,11.8,0.3,0.1,1.9,,,,,,,,,,,47.2,,57.777777777777786,16.8,6-5,220,77
1628436,Luke Kornet,BOS,13,18.0,5.9,4.8,1.5,2.5,3.8,0.0,0.0,1.0,1.1,march,2023-24,10.9,10.4,69.8,11.7,19.8,0.4,1.32,14.7,1.0,0.1,5.6,,6.6,,21.8,,,,35.0,,23.4,50.0,,0.0,18.0,7-1,250,85
201976,Patrick Beverley,MIL,13,21.8,5.8,3.2,2.0,1.8,5.2,0.9,3.0,1.2,1.5,march,2023-24,13.0,12.6,50.4,6.2,35.7,2.2,3.64,16.8,0.4,0.0,0.5,,,,,,,,,,,58.3,,57.692307692307686,21.8,6-2,180,74
1629659,Talen Horton-Tucker,UTA,9,15.9,5.8,1.9,2.6,1.8,6.6,1.0,3.2,1.2,1.4,march,2023-24,19.9,21.7,40.2,5.8,32.6,2.6,4.83,13.0,0.1,0.4,0.5,,,,,,,,,,,73.1,,48.48484848484849,15.9,6-4,234,76
201587,Nicolas Batum,PHI,15,28.0,5.7,5.5,2.0,2.1,5.1,1.2,3.5,0.4,0.5,march,2023-24,9.3,9.5,53.7,7.6,37.5,0.8,1.3,21.6,2.2,0.1,2.3,,14.2,,,,68.9,,,,,66.0,,68.62745098039215,28.0,6-8,230,80
1629723,John Konchar,MEM,10,29.7,5.7,6.4,2.9,1.9,4.6,1.1,2.9,0.8,0.9,march,2023-24,9.6,13.2,57.0,7.4,50.6,2.2,2.64,24.8,0.3,0.0,2.5,,34.2,,,,42.5,,,,,52.8,,63.04347826086957,29.7,6-5,210,77
1628372,Dennis Smith Jr.,BKN,13,16.4,5.5,1.9,2.7,2.1,4.7,0.8,2.2,0.6,0.8,march,2023-24,16.4,24.5,54.7,8.8,31.3,2.1,4.04,12.5,0.3,0.0,0.6,,,,,,,,,,,63.3,,46.808510638297875,16.4,6-3,205,75
1629162,Jordan McLaughlin,MIN,12,15.7,5.5,2.3,2.4,1.9,3.1,1.3,2.1,0.3,0.3,march,2023-24,10.1,19.3,85.1,12.1,31.3,2.0,3.75,12.7,0.2,0.0,0.7,,,,,,,,,,,57.9,,67.74193548387098,15.7,6-0,185,72
1629637,Jaxson Hayes,LAL,13,15.3,5.5,4.5,0.5,2.1,2.8,0.0,0.1,1.3,1.9,march,2023-24,12.7,4.2,75.5,8.4,19.7,0.4,1.32,9.4,1.4,0.0,4.2,,13.2,,26.5,,,,34.4,,13.2,63.9,,3.571428571428572,15.3,7-0,220,84
1630649,Stanley Umude,DET,7,16.7,5.4,2.9,0.3,1.7,4.6,1.0,3.1,1.0,1.1,march,2023-24,13.5,2.6,53.5,5.5,15.0,0.4,1.6,8.8,0.0,0.0,0.2,,,,,,,,,,,60.0,,67.3913043478261,16.7,6-6,210,78
1641767,Ben Sheppard,IND,13,18.3,5.4,2.2,1.1,2.0,4.8,0.9,3.2,0.5,0.5,march,2023-24,11.6,6.8,54.1,4.9,23.7,0.6,1.39,15.0,0.5,0.0,0.8,,27.3,10.0,,,38.2,5.0,6.4,,,64.0,,66.66666666666667,18.3,6-6,190,78
1630182,Josh Green,DAL,8,21.3,5.4,2.8,1.3,2.3,4.6,0.4,1.6,0.5,0.6,march,2023-24,10.9,6.4,54.8,4.3,18.9,0.7,2.25,8.9,0.3,0.0,0.9,,28.0,,,,61.3,,,,,66.7,,34.78260869565218,21.3,6-5,200,77
202330,Gordon Hayward,OKC,15,17.1,5.1,2.0,2.0,1.7,3.7,0.8,1.5,1.0,1.5,march,2023-24,12.4,15.6,58.2,6.8,22.9,0.9,2.4,13.1,0.2,0.0,1.0,,,,,,,,,,,80.0,,40.54054054054054,17.1,6-7,225,79
1627739,Kris Dunn,UTA,12,21.3,5.0,3.1,3.3,2.2,5.1,0.6,1.9,0.1,0.2,march,2023-24,11.8,20.9,48.5,5.9,48.3,3.3,4.12,19.1,0.3,0.0,0.8,3.9,19.3,9.6,5.5,,38.6,,9.6,,3.2,73.7,,37.254901960784316,21.3,6-3,205,75
1628464,Daniel Theis,LAC,13,15.3,4.9,4.5,1.2,2.2,4.3,0.4,1.2,0.2,0.2,march,2023-24,14.6,10.3,55.8,9.2,23.7,0.7,1.66,13.3,1.8,0.1,2.0,,,,,,,,,,,60.7,,27.906976744186046,15.3,6-8,245,80
1628989,Kevin Huerter,SAC,8,19.0,4.9,2.8,2.5,2.0,6.1,0.9,3.5,0.0,0.0,march,2023-24,15.6,16.0,39.8,4.6,31.4,0.9,1.78,22.3,0.6,0.0,1.6,,22.8,11.3,,,36.6,6.3,8.2,4.0,3.3,67.9,,57.37704918032788,19.0,6-7,198,79
1630610,DeJon Jarreau,MEM,9,16.6,4.8,4.9,2.9,1.9,5.6,0.4,1.4,0.6,1.2,march,2023-24,17.1,25.7,39.2,9.0,37.9,2.8,4.43,16.3,0.4,0.0,1.1,,,,,,,,,,,52.9,,25.0,16.6,6-5,185,77
1631104,Blake Wesley,SAS,15,15.0,4.6,1.9,3.0,1.6,3.5,0.3,0.9,1.1,1.5,march,2023-24,13.5,25.6,55.9,8.5,30.2,2.2,4.29,11.4,0.4,0.0,0.9,,33.3,,,,22.2,,,,,63.9,,25.71428571428572,15.0,6-3,185,75
203200,Justin Holiday,DEN,14,16.3,4.6,1.2,1.4,1.8,3.7,1.0,2.4,0.0,0.0,march,2023-24,10.3,10.7,61.5,6.6,15.8,0.4,1.61,10.8,0.5,0.0,0.7,,,,,,,,,,,45.0,,64.86486486486486,16.3,6-6,180,78
1626153,Delon Wright,MIA,8,20.3,4.5,2.0,2.1,1.6,5.3,0.5,2.0,0.8,1.0,march,2023-24,12.8,14.7,39.5,6.0,27.5,1.8,3.86,14.1,0.3,0.0,0.4,,,,,,,,,,,61.1,,37.735849056603776,20.3,6-5,185,77
1629007,Jontay Porter,DET,9,15.4,4.4,3.1,3.3,1.6,3.8,0.9,2.6,0.4,0.7,march,2023-24,14.3,28.6,54.6,11.4,33.6,1.0,1.85,21.9,2.1,1.3,2.6,,,,,,,,,,,44.7,,68.42105263157895,15.4,6-10,240,82
1629234,Drew Eubanks,PHX,15,15.1,4.4,4.3,0.7,1.8,2.9,0.0,0.0,0.8,0.9,march,2023-24,10.9,5.7,67.7,9.2,18.3,0.5,1.55,10.1,1.6,0.1,3.6,,11.3,,36.6,,,,23.9,,8.5,68.0,,0.0,15.1,6-10,245,82
1641712,Rayan Rupert,POR,15,17.0,4.2,2.6,1.9,1.5,3.5,0.6,1.5,0.7,0.7,march,2023-24,11.7,13.8,54.5,5.0,21.9,0.8,2.08,12.2,0.1,0.0,0.6,,20.6,,,,50.4,,9.9,,,59.5,,42.857142857142854,17.0,6-6,185,78
1629052,Oshae Brissett,BOS,10,15.7,3.7,3.5,0.9,1.3,2.9,0.3,0.9,0.8,1.5,march,2023-24,10.8,6.8,52.0,5.5,21.0,0.8,2.2,8.5,0.6,0.0,1.8,,,,,,,,,,,65.0,,31.03448275862069,15.7,6-7,210,79
204060,Joe Ingles,ORL,14,16.8,3.6,1.5,3.0,1.1,2.3,0.9,1.8,0.5,0.6,march,2023-24,9.6,22.6,71.8,7.5,27.4,1.5,3.32,16.1,0.1,0.0,0.1,,,,,,,,,,,61.9,,78.26086956521739,16.8,6-9,220,81
1628972,Troy Brown Jr.,DET,9,16.5,3.6,2.6,0.9,1.1,4.3,0.6,2.3,0.8,1.0,march,2023-24,14.0,8.2,37.2,4.1,19.5,0.8,2.38,11.4,0.0,0.0,0.4,,,,,,,,,,,76.9,,53.48837209302325,16.5,6-7,215,79
1630214,Xavier Tillman,BOS,12,15.6,3.4,3.3,1.0,1.4,3.0,0.3,1.4,0.3,0.5,march,2023-24,9.8,7.8,53.1,7.4,16.8,0.4,1.36,8.5,1.0,0.7,2.0,,,,,,,,,,,55.6,,46.666666666666664,15.6,6-7,245,79
1629117,Wenyen Gabriel,BOS,5,16.2,3.4,5.0,0.6,1.6,4.4,0.2,1.2,0.0,1.0,march,2023-24,16.6,7.1,35.1,3.0,20.8,0.5,1.55,11.0,0.6,0.2,3.0,,,,,,,,,,,58.3,,27.27272727272727,16.2,6-9,205,81
1631098,Johnny Davis,WAS,16,15.0,3.3,1.7,0.9,1.3,3.4,0.4,1.3,0.3,0.4,march,2023-24,10.2,7.9,46.0,4.8,13.1,0.4,1.97,7.7,0.2,0.1,0.7,,,,,,,,,,,68.0,,38.235294117647065,15.0,6-4,195,76
200782,P.J. Tucker,LAC,7,17.1,2.7,3.3,0.6,1.0,2.7,0.7,1.9,0.0,0.0,march,2023-24,8.1,4.9,50.0,4.7,18.6,0.5,1.49,8.3,0.3,0.0,1.7,,,,,,,,,,,66.7,,70.37037037037037,17.1,6-5,245,77
1628467,Maxi Kleber,DAL,15,17.6,2.2,2.7,1.3,0.7,2.1,0.4,1.7,0.5,0.7,march,2023-24,6.6,8.5,46.6,3.7,15.9,0.3,1.29,8.9,0.3,0.0,0.6,,,,,,,,,,,53.3,,80.95238095238095,17.6,6-10,240,82
1628973,Jalen Brunson,NYK,8,38.2,35.9,3.8,8.8,12.3,25.0,2.9,7.0,8.5,9.6,april,2023-24,36.2,40.2,61.4,19.1,101.3,10.5,6.24,43.6,0.1,1.6,0.3,14.4,14.3,36.0,,3.3,16.4,5.6,1.9,2.5,,78.3,,28.000000000000004,38.2,6-2,190,74
1629029,Luka Dončić,DAL,5,38.5,32.0,10.8,10.0,10.6,23.2,5.4,13.6,5.4,6.2,april,2023-24,35.0,41.7,61.7,19.2,95.4,8.0,5.04,44.2,1.0,1.8,1.4,16.0,14.3,36.3,,7.6,8.7,2.3,1.3,7.4,1.7,36.7,,58.620689655172406,38.5,6-7,230,79
201942,DeMar DeRozan,CHI,6,40.6,30.7,4.0,6.3,11.3,21.8,1.2,3.0,6.8,8.3,april,2023-24,30.3,24.4,60.1,14.3,70.3,5.9,5.02,34.5,0.5,2.2,0.5,19.9,10.0,17.6,1.7,12.0,19.1,6.1,3.9,4.6,1.7,76.7,,13.761467889908257,40.6,6-6,220,78
203954,Joel Embiid,PHI,5,30.5,30.4,9.2,5.2,9.6,19.4,2.6,5.4,8.6,9.8,april,2023-24,39.7,33.8,64.1,22.1,67.0,3.1,2.76,48.8,3.8,3.8,4.4,12.3,7.0,,22.0,21.7,12.9,2.3,6.6,1.8,7.1,54.1,,27.83505154639176,30.5,7-0,280,84
1630178,Tyrese Maxey,PHI,5,37.9,30.0,4.0,5.8,11.2,22.4,3.2,9.0,4.4,4.8,april,2023-24,28.9,25.0,61.2,16.3,91.8,8.7,5.71,33.5,0.3,0.0,0.0,14.5,21.9,26.2,1.3,1.4,14.3,6.7,3.0,5.4,,57.1,,40.17857142857143,37.9,6-2,200,74
203999,Nikola Jokić,DEN,7,35.7,29.0,13.3,8.3,11.7,19.0,1.6,3.3,4.0,5.3,april,2023-24,29.2,34.9,68.0,21.6,103.3,5.0,2.88,56.1,11.9,11.6,9.6,5.3,10.1,9.7,13.0,22.8,9.0,,7.3,5.3,9.3,71.2,,17.36842105263158,35.7,6-11,284,83
202681,Kyrie Irving,DAL,6,39.2,28.3,5.3,4.2,10.0,19.0,3.2,7.7,5.2,5.7,april,2023-24,26.9,16.7,65.9,14.6,82.5,5.5,3.97,39.5,1.2,0.0,1.3,,,,,,,,,,,68.0,,40.526315789473685,39.2,6-2,195,74
2544,LeBron James,LAL,6,35.8,28.3,7.2,10.5,11.2,18.3,1.0,3.2,5.0,6.8,april,2023-24,29.5,43.4,66.4,20.6,87.8,5.9,4.0,43.5,3.0,3.3,3.0,12.8,24.5,12.5,3.1,12.1,12.6,,5.7,7.5,1.9,61.5,,17.48633879781421,35.8,6-9,250,81
203468,CJ McCollum,NOP,8,38.4,28.3,5.4,5.5,10.1,21.1,5.5,10.8,2.5,2.6,april,2023-24,28.0,23.4,63.4,13.6,82.1,5.3,3.84,40.0,0.6,0.0,1.3,8.8,18.2,31.4,,,17.8,9.7,,6.3,,76.3,,51.18483412322274,38.4,6-3,190,75
1626164,Devin Booker,PHX,8,38.1,27.9,2.8,7.4,8.9,18.0,3.0,8.0,7.1,7.8,april,2023-24,27.1,31.9,65.1,13.8,76.9,6.2,4.84,39.3,0.9,0.1,0.9,14.0,15.7,33.1,1.8,3.8,9.5,7.5,1.6,7.5,1.7,62.8,,44.44444444444444,38.1,6-6,206,78
1628368,De'Aaron Fox,SAC,8,37.6,27.8,4.9,5.3,10.4,22.4,4.0,9.9,3.0,3.8,april,2023-24,29.1,24.4,57.8,14.9,87.4,6.6,4.53,33.4,0.5,0.1,0.8,10.1,22.8,29.1,,,18.1,6.4,2.0,3.7,1.7,68.4,,44.19642857142858,37.6,6-3,185,75
1629628,RJ Barrett,TOR,5,32.4,26.8,7.2,4.4,10.2,18.4,0.8,3.4,5.6,7.4,april,2023-24,31.1,23.2,61.9,14.2,73.4,4.5,3.66,33.2,1.0,0.8,4.4,2.7,28.5,18.0,,2.4,23.8,6.6,7.3,3.4,3.4,69.6,,18.47826086956522,32.4,6-6,214,78
1630560,Cam Thomas,BKN,7,34.8,26.3,3.3,2.4,8.7,20.0,2.7,7.9,6.1,6.9,april,2023-24,30.8,12.0,57.1,11.0,62.8,4.1,3.87,34.7,0.7,0.0,0.3,16.4,12.0,28.1,,,12.0,17.8,,,,63.4,,39.5,34.8,6-3,210,75
1641705,Victor Wembanyama,SAS,5,35.7,25.0,12.8,6.8,9.2,21.4,3.0,8.8,3.6,4.8,april,2023-24,32.3,29.3,53.2,16.2,75.8,3.5,2.75,50.0,7.4,7.4,10.0,14.5,16.8,6.7,8.2,11.7,13.5,2.6,8.6,7.5,6.1,56.1,,41.12149532710281,35.7,7-4,210,88
203076,Anthony Davis,LAL,6,31.6,24.7,12.0,2.8,8.8,15.5,0.3,2.2,6.7,8.2,april,2023-24,28.2,12.6,64.6,18.8,71.7,2.7,2.29,39.7,3.5,5.3,9.7,11.5,10.3,5.8,19.3,12.5,9.8,,8.8,,14.5,50.0,,14.193548387096774,31.6,6-10,253,82
1627832,Fred VanVleet,HOU,6,38.8,24.7,5.2,7.8,8.2,18.8,3.8,9.2,4.5,5.5,april,2023-24,25.4,31.8,58.0,13.3,88.3,7.5,5.13,34.0,0.5,0.0,0.8,,,,,,,,,,,67.5,,48.93617021276595,38.8,6-0,197,72
201939,Stephen Curry,GSW,6,33.1,24.7,6.2,6.5,8.3,18.2,4.7,10.0,3.3,3.7,april,2023-24,29.3,32.0,62.4,16.5,72.0,5.3,4.43,29.2,0.7,0.0,1.2,10.1,13.8,21.1,,,11.6,12.0,7.0,18.0,1.3,44.0,,54.94505494505495,33.1,6-2,185,74
1630162,Anthony Edwards,MIN,8,33.6,24.4,4.4,4.9,7.9,18.0,2.3,7.3,6.4,7.0,april,2023-24,30.0,25.3,57.8,14.1,69.1,5.0,4.35,36.3,0.3,1.5,1.1,23.4,15.7,23.5,,4.9,12.9,7.3,2.0,4.8,1.2,68.2,,40.55555555555556,33.6,6-4,225,76
1627750,Jamal Murray,DEN,5,25.7,24.0,4.0,4.8,9.2,16.8,3.6,7.6,2.0,2.4,april,2023-24,32.9,24.5,67.2,16.6,58.0,4.0,4.13,28.4,0.4,0.6,2.2,14.6,13.0,35.4,,2.9,8.6,11.5,3.8,4.0,,64.0,,45.238095238095234,25.7,6-4,215,76
1631094,Paolo Banchero,ORL,8,36.8,24.0,7.9,5.9,7.9,20.1,1.4,5.6,6.9,8.5,april,2023-24,31.2,26.4,50.3,13.1,81.9,5.9,4.31,39.4,1.5,3.0,2.0,14.7,19.8,19.4,5.2,9.3,15.4,2.6,4.7,3.6,2.6,63.6,,27.86069651741293,36.8,6-10,250,82
1629673,Jordan Poole,WAS,5,35.5,23.6,3.6,9.0,8.6,19.6,3.6,9.6,2.8,3.0,april,2023-24,27.7,40.5,56.4,13.0,74.0,6.6,5.32,24.0,0.2,0.2,0.4,7.9,19.9,30.6,,,14.3,12.9,,5.4,,65.2,,48.979591836734684,35.5,6-4,194,76
1629627,Zion Williamson,NOP,7,34.4,23.6,5.1,5.3,9.0,19.3,0.1,0.6,5.4,7.1,april,2023-24,31.9,24.8,52.5,11.6,75.4,4.6,3.66,42.1,2.4,3.3,1.9,23.8,15.0,15.3,4.8,10.2,5.5,2.6,10.5,,8.6,57.5,,3.1088082901554404,34.4,6-6,284,78
203081,Damian Lillard,MIL,5,35.4,23.2,4.4,5.6,6.2,15.8,2.0,7.2,8.8,9.8,april,2023-24,29.9,26.4,57.7,12.1,80.0,8.4,6.32,28.0,0.0,0.0,0.4,,,,,,,,,,,64.7,,45.56962025316456,35.4,6-2,195,74
1630193,Immanuel Quickley,TOR,6,32.0,23.2,5.5,7.5,6.8,15.2,3.0,7.8,6.5,6.7,april,2023-24,26.8,36.3,64.0,16.1,75.3,7.6,6.04,25.8,0.7,0.2,0.5,6.1,28.1,20.9,,,25.4,6.4,1.9,4.1,1.4,62.2,,51.31578947368421,32.0,6-2,190,74
202691,Klay Thompson,GSW,7,29.9,23.1,3.3,2.7,8.3,16.7,4.4,10.1,2.1,2.1,april,2023-24,27.4,13.2,65.5,12.8,43.0,1.8,2.48,30.4,0.7,0.3,1.7,,19.2,7.1,,,25.9,12.2,2.8,26.3,,60.0,,60.47904191616767,29.9,6-6,220,78
201142,Kevin Durant,PHX,8,38.2,23.1,5.4,3.9,9.0,19.4,2.3,6.8,2.9,3.3,april,2023-24,26.3,16.6,55.6,11.0,64.5,3.3,3.09,43.1,2.3,2.6,2.8,20.8,13.5,18.4,1.7,7.3,15.2,7.5,2.3,7.5,1.1,70.6,,35.05154639175258,38.2,6-11,240,83
1629028,Deandre Ayton,POR,7,34.4,23.0,11.6,1.9,10.9,20.6,0.0,0.9,1.3,1.4,april,2023-24,28.0,11.5,54.2,16.8,71.0,2.3,1.98,44.9,7.0,4.4,11.6,,9.8,,28.6,9.5,2.9,,26.3,,13.6,61.8,,4.368932038834951,34.4,7-0,247,84
202331,Paul George,LAC,6,29.8,22.0,4.8,3.2,6.7,14.3,2.3,5.5,6.3,6.7,april,2023-24,29.1,16.8,63.7,14.6,55.8,3.9,4.14,27.7,1.5,2.2,1.2,18.4,12.4,14.2,,5.5,22.9,3.2,,12.4,,48.0,,38.46153846153846,29.8,6-8,220,80
1630532,Franz Wagner,ORL,6,30.4,21.8,5.0,2.7,7.7,14.8,1.2,4.2,5.3,6.2,april,2023-24,25.8,14.0,62.2,14.6,52.5,3.4,3.84,30.7,0.8,0.3,1.8,7.6,20.4,22.9,2.9,6.9,16.6,3.2,6.7,3.6,4.4,52.2,,28.37837837837838,30.4,6-10,220,82
1628369,Jayson Tatum,BOS,5,33.0,21.2,6.4,5.0,7.0,16.2,2.4,7.4,4.8,5.6,april,2023-24,27.9,24.8,56.8,13.7,69.2,4.4,3.77,36.2,1.8,1.4,1.6,,,,,,,,,,,66.7,,45.67901234567901,33.0,6-8,210,80
203078,Bradley Beal,PHX,8,35.2,21.0,6.0,4.5,8.1,13.6,3.1,4.5,1.6,1.6,april,2023-24,20.0,20.6,73.2,13.9,73.1,5.2,4.3,33.4,1.0,0.1,1.6,,,21.3,,,24.6,,,,,52.9,,33.088235294117645,35.2,6-4,207,76
1629639,Tyler Herro,MIA,6,33.0,21.0,5.2,5.0,6.8,14.5,2.5,6.7,4.8,5.3,april,2023-24,26.4,24.0,62.3,14.3,68.8,4.2,3.69,38.0,0.3,0.0,0.5,13.3,27.7,13.9,,,32.4,,,5.8,,56.3,,46.20689655172414,33.0,6-5,195,77
1641713,GG Jackson,MEM,8,33.9,20.8,5.5,2.3,7.8,18.3,2.8,8.4,2.5,3.4,april,2023-24,26.5,10.0,52.6,9.9,57.9,3.2,3.31,30.8,1.3,0.1,2.3,,27.1,12.0,,,44.0,,,,,63.9,,45.90163934426229,33.9,6-9,210,81
1628978,Donte DiVincenzo,NYK,8,39.9,20.6,4.8,3.3,7.4,15.4,4.3,10.0,1.6,1.8,april,2023-24,20.4,11.6,63.9,10.1,69.9,2.6,2.2,42.3,0.5,0.0,1.1,1.9,18.5,11.6,,,33.0,10.8,,14.6,3.0,80.0,,64.93506493506493,39.9,6-4,203,76
1630625,Dalano Banton,POR,7,35.4,20.6,4.9,5.4,7.3,19.4,2.0,8.6,4.0,5.0,april,2023-24,27.7,26.2,47.6,11.7,86.3,5.9,4.13,40.0,0.6,0.0,1.1,,,,,,,,,,,60.7,,44.3298969072165,35.4,6-8,204,80
1627749,Dejounte Murray,ATL,7,35.8,20.6,5.7,7.6,8.1,19.1,2.6,7.4,1.7,2.6,april,2023-24,28.2,34.0,50.7,9.9,84.3,7.1,5.06,29.9,0.6,0.1,1.1,,,,,,,,,,,51.4,,38.74345549738219,35.8,6-5,180,77
1627783,Pascal Siakam,IND,7,29.2,20.4,7.0,1.9,8.6,15.7,0.9,2.0,2.4,3.3,april,2023-24,26.1,8.8,59.5,11.5,51.6,2.4,2.83,30.7,0.9,3.0,4.6,13.3,20.6,13.9,6.5,11.3,16.2,3.0,3.2,4.0,5.0,66.7,,12.738853503184714,29.2,6-8,245,80
1631222,Jake LaRavia,MEM,6,34.8,20.3,4.3,2.8,6.2,13.7,3.2,7.2,4.8,5.2,april,2023-24,22.1,11.3,63.8,10.1,53.2,2.4,2.7,34.3,1.0,0.0,1.8,2.5,21.2,,4.5,,42.4,2.5,8.0,,8.0,63.9,,52.55474452554745,34.8,6-7,235,79
1641706,Brandon Miller,CHA,7,32.4,20.3,3.9,2.1,7.0,14.4,2.9,7.3,3.4,3.7,april,2023-24,25.0,10.5,63.1,10.0,55.3,3.1,3.37,32.9,0.6,0.1,0.9,10.8,16.1,20.6,9.6,2.7,20.2,9.0,,3.4,,70.5,,50.69444444444444,32.4,6-7,200,79
1630530,Trey Murphy III,NOP,8,37.4,19.6,6.1,2.9,6.1,12.3,3.8,8.9,3.6,4.0,april,2023-24,16.8,10.6,70.0,11.6,52.9,1.7,1.88,32.9,0.4,0.0,1.0,6.6,20.1,16.5,2.1,,23.4,9.4,8.3,7.1,3.2,57.7,,72.35772357723576,37.4,6-8,206,80
1630703,Scoot Henderson,POR,7,36.1,19.4,3.4,9.7,7.1,17.1,2.9,6.9,2.3,2.9,april,2023-24,27.5,45.9,52.8,9.5,98.1,8.6,5.27,39.3,0.6,0.0,0.6,,,,,,,,,,,82.9,,40.35087719298245,36.1,6-3,202,75
1630557,Corey Kispert,WAS,7,37.5,19.0,4.1,4.3,6.9,13.3,3.4,7.9,1.9,2.4,april,2023-24,18.4,15.5,66.2,9.2,51.6,1.6,1.89,31.0,0.9,0.0,2.3,,19.0,9.5,,,34.1,11.9,,8.7,,68.3,,59.3984962406015,37.5,6-6,224,78
202710,Jimmy Butler III,MIA,8,35.0,19.0,4.9,5.6,6.0,12.1,1.3,3.0,5.8,6.5,april,2023-24,21.3,25.4,63.4,13.5,64.3,4.8,4.45,38.3,0.6,1.8,5.3,17.7,17.2,13.1,2.7,6.1,14.0,1.7,12.1,2.4,7.9,64.0,,24.793388429752067,35.0,6-7,230,79
1630166,Deni Avdija,WAS,7,34.8,18.9,7.6,3.9,6.6,13.0,1.1,4.1,4.6,6.0,april,2023-24,21.2,15.3,60.3,11.4,68.4,4.2,3.72,29.0,1.6,0.3,1.3,14.0,18.1,26.9,,3.1,19.0,4.8,4.0,4.7,1.7,60.0,,31.538461538461537,34.8,6-9,210,81
1626162,Kelly Oubre Jr.,PHI,7,33.6,18.9,6.3,2.0,6.9,14.6,2.0,5.7,3.1,4.1,april,2023-24,22.7,9.0,57.5,11.1,54.5,2.4,2.6,31.2,0.3,0.0,2.0,12.1,22.1,7.6,,,29.8,,5.9,,6.6,48.9,,39.04109589041096,33.6,6-7,203,79
1630169,Tyrese Haliburton,IND,7,32.0,18.9,3.7,10.0,6.6,13.4,2.9,8.0,2.9,3.4,april,2023-24,21.6,36.3,63.1,15.2,87.6,5.7,3.94,33.3,0.3,0.0,0.3,,,,,,,,,,,68.8,,59.70149253731343,32.0,6-5,185,77
1630202,Payton Pritchard,BOS,8,29.2,18.8,3.6,7.0,7.8,13.9,2.4,6.0,0.9,1.0,april,2023-24,23.0,31.6,65.5,14.5,64.0,5.5,5.19,24.3,0.5,0.0,0.9,12.8,16.2,25.6,1.9,,26.2,6.4,,5.1,1.8,63.6,,43.16546762589928,29.2,6-1,195,73
204001,Kristaps Porziņģis,BOS,5,27.6,18.6,9.6,2.8,6.4,10.6,1.8,3.2,4.0,4.8,april,2023-24,21.9,16.7,73.2,19.9,41.8,1.1,1.64,28.2,2.8,3.4,7.2,,14.6,,11.3,24.3,17.4,,7.7,10.5,6.1,47.1,,30.188679245283023,27.6,7-2,240,86
1626167,Myles Turner,IND,6,23.4,18.5,7.3,1.3,6.7,11.0,2.2,4.8,3.0,4.0,april,2023-24,25.5,7.5,72.5,17.6,36.8,0.8,1.36,25.3,3.3,1.3,3.2,,7.7,,17.7,7.3,42.3,,7.1,,6.0,33.3,,43.63636363636363,23.4,6-11,250,83
202696,Nikola Vučević,CHI,6,35.4,18.5,9.8,3.2,7.7,15.0,1.5,3.5,1.7,2.0,april,2023-24,20.9,12.7,58.2,12.3,57.8,1.4,1.44,43.0,3.0,3.3,6.5,,12.5,,28.8,16.1,15.2,,10.0,3.6,7.6,72.2,,23.333333333333332,35.4,6-10,260,82
1628386,Jarrett Allen,CLE,7,33.3,18.4,9.9,3.3,8.0,12.0,0.0,0.1,2.4,3.3,april,2023-24,18.7,14.3,68.5,14.5,51.0,1.3,1.51,35.9,6.1,0.3,11.7,,13.6,,20.9,7.8,4.1,,33.1,,9.2,62.3,,0.8333333333333334,33.3,6-9,243,81
1629018,Gary Trent Jr.,TOR,5,31.6,18.4,4.0,2.8,7.2,16.8,2.6,8.2,1.4,1.8,april,2023-24,24.0,12.8,52.3,9.4,39.6,1.8,2.72,25.2,0.4,0.0,1.2,,18.3,6.4,,,48.6,9.0,,6.8,,60.0,,48.8095238095238,31.6,6-5,204,77
1627747,Caris LeVert,CLE,6,29.5,18.3,4.8,2.8,6.5,12.0,1.8,4.0,3.5,4.0,april,2023-24,22.3,15.2,66.6,13.2,53.5,3.1,3.48,30.2,1.7,0.0,1.7,6.2,19.0,24.0,,,26.9,4.5,6.6,5.0,,48.0,,33.33333333333333,29.5,6-6,205,78
1629636,Darius Garland,CLE,6,34.3,18.2,3.2,6.5,6.8,15.7,2.8,6.5,1.7,2.0,april,2023-24,24.6,27.7,54.9,10.1,78.0,6.3,4.84,29.3,0.5,0.0,0.3,6.7,16.2,41.8,,,17.1,5.4,3.1,2.9,,69.2,,41.40127388535032,34.3,6-1,192,73
1628970,Miles Bridges,CHA,6,34.1,18.0,6.2,3.8,7.0,15.0,1.7,5.3,2.3,2.3,april,2023-24,23.2,16.9,56.2,10.5,57.2,2.3,2.39,31.8,0.3,1.0,1.7,9.0,16.5,14.9,7.4,4.9,29.8,7.2,3.2,,2.1,73.1,,35.333333333333336,34.1,6-7,225,79
1627734,Domantas Sabonis,SAC,8,34.7,17.8,14.1,7.3,6.8,13.0,0.3,1.1,4.0,6.0,april,2023-24,23.5,34.3,56.7,16.8,84.5,3.4,2.39,51.8,8.0,5.1,11.4,,9.0,,28.5,13.1,9.0,,14.9,,10.9,63.6,,8.461538461538462,34.7,6-10,240,82
1629632,Coby White,CHI,7,34.3,17.6,2.9,4.1,7.1,15.3,1.3,5.1,2.0,2.4,april,2023-24,22.2,16.0,53.7,8.1,58.6,4.7,4.84,24.3,0.1,0.0,0.3,7.7,29.3,29.6,,,20.9,3.1,,2.6,,69.0,,33.33333333333333,34.3,6-5,195,77
1626156,D'Angelo Russell,LAL,7,35.6,17.6,3.3,6.1,6.1,14.6,3.6,9.3,1.7,1.7,april,2023-24,20.3,20.2,57.3,8.9,73.1,4.4,3.65,32.3,0.9,0.0,0.7,8.7,15.5,36.2,,,20.8,7.9,,,,63.2,,63.69863013698631,35.6,6-3,193,75
1626171,Bobby Portis,MIL,8,26.9,17.5,8.9,2.3,7.6,13.8,1.8,3.3,0.5,0.5,april,2023-24,24.7,15.0,62.6,16.5,51.5,1.7,2.02,31.1,1.0,4.9,4.6,3.2,11.0,,15.8,19.8,31.1,,6.6,,5.8,63.2,,23.913043478260867,26.9,6-10,250,82
1630224,Jalen Green,HOU,8,32.0,17.1,5.4,4.4,6.0,15.6,2.5,8.6,2.6,3.0,april,2023-24,26.6,21.1,50.5,8.8,66.9,5.5,4.97,25.8,0.3,0.0,0.6,,,,,,,,,,,65.0,,55.12820512820513,32.0,6-4,186,76
203952,Andrew Wiggins,GSW,6,28.0,17.0,4.3,1.3,5.7,12.2,2.0,5.3,3.7,4.3,april,2023-24,24.7,7.1,60.4,9.7,38.0,1.9,2.97,20.7,0.8,1.8,3.0,10.9,22.1,7.6,,6.8,32.5,2.0,3.8,2.5,7.8,50.0,,43.442622950819676,28.0,6-7,197,79
1631093,Jaden Ivey,DET,8,30.2,17.0,2.8,5.0,6.1,15.0,2.6,6.3,2.1,3.4,april,2023-24,27.1,27.4,51.6,8.5,53.0,3.2,3.66,31.3,0.1,0.0,0.6,5.6,26.4,11.6,,,34.3,5.6,,,,66.7,,42.0,30.2,6-4,195,76
1631099,Keegan Murray,SAC,8,36.6,16.9,6.4,1.8,6.3,15.8,3.3,9.5,1.1,1.1,april,2023-24,19.8,7.3,51.9,8.7,49.3,1.7,2.06,34.9,0.9,0.1,2.3,4.2,18.5,10.8,5.4,,30.8,,4.2,14.2,4.2,59.5,,60.12658227848101,36.6,6-8,225,80
1629675,Naz Reid,MIN,8,26.8,16.5,6.3,1.4,6.1,12.9,2.6,5.5,1.6,2.8,april,2023-24,26.7,8.7,58.6,11.4,48.1,1.5,1.9,27.0,0.9,2.8,2.1,3.8,17.2,4.8,9.1,8.1,30.7,4.7,3.6,8.4,4.3,61.1,,42.63565891472868,26.8,6-9,264,81
1629060,Rui Hachimura,LAL,7,30.1,16.4,6.4,1.9,6.6,12.0,1.9,4.3,1.4,1.9,april,2023-24,19.1,8.4,64.1,11.8,41.3,1.2,1.73,22.3,1.3,1.3,5.4,3.7,19.3,,3.1,9.5,40.5,,7.1,4.9,,78.1,,35.833333333333336,30.1,6-8,230,80
203992,Bogdan Bogdanović,ATL,8,32.2,16.3,2.9,3.4,5.4,12.5,2.6,7.4,2.9,2.9,april,2023-24,20.5,16.2,59.0,8.9,53.4,2.4,2.72,30.6,0.0,0.1,0.9,,12.2,34.4,,,24.4,,,,,63.4,,59.20000000000001,32.2,6-5,225,77
1629659,Talen Horton-Tucker,UTA,5,25.8,16.2,2.6,2.4,6.0,13.8,2.0,5.4,2.2,2.6,april,2023-24,26.3,16.2,54.2,8.4,50.2,3.7,4.47,23.2,0.0,0.0,0.6,,,,,,,,,,,61.1,,39.130434782608695,25.8,6-4,234,76
203114,Khris Middleton,MIL,6,27.6,16.2,5.7,5.7,6.3,12.0,1.7,4.2,1.8,2.3,april,2023-24,25.7,35.1,62.1,13.5,53.7,3.5,3.93,27.0,0.5,1.3,1.0,6.1,15.3,22.7,,13.6,16.6,5.8,,6.4,5.8,73.1,,35.0,27.6,6-7,222,79
1631096,Chet Holmgren,OKC,8,25.1,15.9,8.1,1.5,5.6,11.3,1.4,4.1,3.3,4.3,april,2023-24,24.4,9.0,60.5,14.2,52.3,2.0,2.3,29.0,1.8,0.9,4.4,7.8,16.0,2.8,14.1,6.5,19.7,,13.4,4.3,9.6,47.6,,36.28318584070796,25.1,7-1,208,85
1629750,Javonte Green,CHI,6,29.9,15.8,9.3,0.5,6.5,10.7,1.2,3.7,1.7,2.2,april,2023-24,16.7,2.2,68.1,13.0,46.7,1.0,1.23,20.2,0.5,0.0,4.2,,23.5,,3.7,,41.2,,14.7,,4.8,64.7,,34.57943925233645,29.9,6-5,205,77
1629631,De'Andre Hunter,ATL,7,33.2,15.6,4.6,2.6,5.3,13.1,1.9,6.7,3.1,4.0,april,2023-24,21.8,11.5,52.2,6.3,49.0,1.6,1.97,29.9,0.7,1.0,0.7,7.5,18.2,13.3,2.6,,29.0,9.5,6.2,6.0,2.6,58.8,,51.145038167938935,33.2,6-8,221,80
1629684,Grant Williams,CHA,6,33.7,15.5,5.3,5.7,5.8,10.5,1.8,3.5,2.0,2.5,april,2023-24,18.6,23.8,66.8,9.8,50.3,2.0,2.33,35.5,2.2,3.3,4.0,,,,,,38.2,,,,,63.0,,33.33333333333333,33.7,6-6,236,78
1631103,Malaki Branham,SAS,5,32.6,15.4,2.6,1.4,6.0,13.0,3.0,7.0,0.4,0.8,april,2023-24,18.7,6.5,57.7,5.8,42.0,1.6,2.34,31.2,1.0,0.0,1.2,,,,,,,,,,,52.4,,53.84615384615385,32.6,6-4,180,76
203497,Rudy Gobert,MIN,8,34.3,15.4,13.5,1.8,5.8,8.3,0.0,0.0,3.9,5.9,april,2023-24,15.8,7.9,71.0,15.1,48.9,1.3,1.54,26.5,3.3,1.5,11.9,,12.6,,16.7,,,,28.5,,26.9,59.6,,0.0,34.3,7-1,258,85
1630596,Evan Mobley,CLE,7,30.5,15.3,6.9,3.6,6.0,11.4,0.7,2.0,2.6,3.1,april,2023-24,20.0,15.4,59.7,10.7,53.3,1.7,1.92,28.4,5.1,1.0,6.6,4.7,16.0,9.5,14.3,8.0,17.9,1.6,13.8,2.7,6.5,63.2,,17.543859649122805,30.5,6-11,215,83
1629023,P.J. Washington,DAL,7,33.3,15.3,6.7,2.0,5.7,12.3,2.6,6.9,1.3,2.0,april,2023-24,19.1,8.7,58.1,10.8,50.4,1.3,1.59,22.7,1.3,0.3,2.3,4.1,20.9,6.3,5.4,6.1,29.9,4.1,8.2,,6.8,48.9,,56.09756097560975,33.3,6-7,230,79
1631095,Jabari Smith Jr.,HOU,8,33.9,15.3,6.4,2.9,5.8,12.5,2.3,6.5,1.5,2.1,april,2023-24,18.2,12.6,56.8,9.5,44.6,1.4,1.91,23.3,2.1,0.8,2.8,5.6,19.2,4.7,5.3,5.8,36.8,3.9,7.5,2.5,5.4,51.0,,52.0,33.9,6-11,220,83
1641774,Tristan Vukcevic,WAS,5,24.3,15.2,5.4,2.2,5.2,11.4,1.4,5.8,3.4,4.4,april,2023-24,25.1,12.5,57.0,9.8,37.6,1.0,1.62,24.6,3.6,0.4,3.4,,11.3,,28.4,,22.7,,10.3,,5.7,52.6,,50.87719298245613,24.3,6-10,220,82
204456,T.J. McConnell,IND,7,20.0,15.1,2.9,7.1,7.1,11.9,0.6,1.0,0.3,0.3,april,2023-24,26.8,47.6,63.2,18.4,61.1,4.8,4.67,23.1,1.0,0.0,0.7,5.9,13.1,54.0,,,12.5,,4.2,,,59.1,,8.403361344537814,20.0,6-1,190,73
1628389,Bam Adebayo,MIA,8,31.8,15.1,8.3,3.1,6.3,11.9,0.6,1.5,2.0,2.5,april,2023-24,21.2,16.1,58.3,12.8,56.5,2.7,2.85,32.6,3.1,4.5,5.3,8.0,20.2,,9.1,11.3,30.1,,7.1,2.4,6.5,59.4,,12.605042016806722,31.8,6-9,255,81
1630590,Scotty Pippen Jr.,MEM,8,27.8,15.1,3.3,5.3,6.1,12.4,1.1,3.9,1.8,2.0,april,2023-24,24.8,30.7,57.1,10.6,60.3,4.9,4.89,26.3,0.6,0.0,1.6,,,,,,,,,,,84.6,,31.451612903225808,27.8,6-1,170,73
1630552,Jalen Johnson,ATL,5,31.1,15.0,9.6,4.6,6.2,12.6,1.2,3.2,1.4,1.8,april,2023-24,20.6,22.5,56.0,14.6,70.8,3.3,2.8,29.0,0.8,1.2,1.8,7.9,22.5,23.7,2.9,4.5,14.4,7.3,6.8,1.8,4.0,40.0,,25.396825396825403,31.1,6-8,219,80
1641718,Keyonte George,UTA,7,28.7,15.0,2.4,3.6,5.1,12.4,2.3,6.9,2.4,2.9,april,2023-24,25.1,19.2,54.8,6.7,70.9,6.0,5.07,29.6,0.1,0.0,0.4,12.3,14.8,29.3,1.4,,13.8,9.7,4.5,5.8,,81.8,,55.645161290322584,28.7,6-4,185,76
1629008,Michael Porter Jr.,DEN,7,31.1,15.0,7.0,1.7,5.7,14.1,2.3,7.1,1.3,1.4,april,2023-24,21.7,6.8,50.8,8.2,40.4,1.3,1.94,26.4,1.3,0.0,3.1,6.9,13.2,5.7,2.7,2.5,21.5,16.9,8.5,13.1,4.9,47.1,,50.35460992907801,31.1,6-10,218,82
203932,Aaron Gordon,DEN,5,30.3,14.8,5.4,5.8,5.2,8.2,0.6,2.0,3.8,5.4,april,2023-24,16.1,24.0,70.0,13.6,44.2,2.1,2.81,26.2,3.0,1.6,7.0,16.0,13.0,10.4,5.9,11.2,15.4,,13.0,,5.3,65.2,,24.39024390243903,30.3,6-8,235,80
203482,Kelly Olynyk,TOR,6,29.2,14.7,7.8,3.8,5.2,8.5,0.8,2.3,3.5,4.0,april,2023-24,17.8,18.3,71.5,12.7,58.0,2.2,2.29,31.8,2.7,1.2,3.5,,,,,,,,,,,66.7,,27.058823529411764,29.2,6-11,240,83
1631204,Marcus Sasser,DET,7,30.6,14.6,2.0,4.6,5.4,13.3,2.3,6.4,1.4,1.6,april,2023-24,22.9,24.1,52.1,7.8,62.3,5.7,5.49,24.3,0.1,0.0,0.3,,30.8,21.5,,,,,,,,69.2,,48.1203007518797,30.6,6-2,195,74
1630538,Bones Hyland,LAC,5,21.0,14.2,4.2,4.4,5.6,12.4,2.2,6.2,0.8,1.0,april,2023-24,27.5,38.6,55.3,17.0,50.4,4.1,4.94,20.4,0.8,0.0,0.4,10.9,23.0,24.3,,,24.3,5.7,,5.7,,85.7,,50.0,21.0,6-2,169,74
1630559,Austin Reaves,LAL,7,31.1,14.1,3.0,3.9,5.3,11.3,2.3,6.0,1.3,2.0,april,2023-24,19.1,16.8,58.1,7.0,55.7,3.7,3.94,24.9,0.4,0.0,0.7,13.5,15.8,35.6,,,14.0,5.6,,5.6,,54.5,,53.09734513274336,31.1,6-5,197,77
1641711,Gradey Dick,TOR,7,30.0,14.1,3.7,0.1,5.4,12.4,2.4,6.3,0.9,1.0,april,2023-24,18.7,0.7,55.0,6.4,31.9,1.0,1.97,22.9,0.7,0.0,1.0,,29.6,,4.5,,39.9,,5.2,9.6,3.4,82.1,,50.806451612903224,30.0,6-6,200,78
1628960,Grayson Allen,PHX,7,32.7,14.1,4.9,2.0,4.7,10.6,2.6,6.7,2.1,2.6,april,2023-24,17.0,8.5,60.4,9.3,47.0,1.9,2.4,22.4,0.4,0.0,0.6,2.8,17.5,24.2,4.0,,33.8,5.4,,7.0,,47.2,,63.20754716981133,32.7,6-4,198,76
201572,Brook Lopez,MIL,8,28.0,14.1,4.5,1.1,5.3,10.6,2.3,5.6,1.4,1.9,april,2023-24,20.1,6.7,61.7,8.9,32.4,0.9,1.7,24.5,1.5,1.0,4.1,,6.5,,32.8,9.5,32.1,,,,,64.9,,52.83018867924528,28.0,7-1,282,85
1630591,Jalen Suggs,ORL,8,28.8,14.0,2.8,3.3,5.0,9.3,1.6,4.4,2.4,3.3,april,2023-24,17.0,17.6,65.5,10.6,51.0,2.7,3.14,23.3,0.3,0.0,1.0,6.6,24.5,25.2,,,20.4,7.3,,,4.0,66.7,,47.31182795698925,28.8,6-5,205,77
1629652,Luguentz Dort,OKC,7,28.2,14.0,3.3,1.9,4.4,9.9,2.1,5.7,3.0,3.7,april,2023-24,19.3,8.6,60.9,8.3,34.0,1.7,2.98,19.9,0.1,0.0,1.6,,15.0,,5.5,,61.5,,4.0,,,65.2,,57.57575757575758,28.2,6-4,220,76
1630167,Obi Toppin,IND,7,18.5,13.7,4.7,2.6,5.4,9.0,1.7,4.1,1.1,1.3,april,2023-24,21.9,16.4,71.7,17.4,35.9,1.0,1.6,22.6,0.9,0.1,3.9,,23.9,,,,28.3,,,,,42.9,,45.55555555555555,18.5,6-9,220,81
203471,Dennis Schröder,BKN,5,31.8,13.6,5.6,7.2,4.6,11.8,1.0,4.0,3.4,3.6,april,2023-24,20.6,35.3,50.8,11.6,75.8,6.7,5.31,25.6,0.0,0.0,0.4,14.8,11.2,36.6,,,23.1,5.2,,,,70.6,,33.89830508474576,31.8,6-1,175,73
1628380,Zach Collins,SAS,7,20.2,13.4,6.9,2.4,5.3,10.1,1.0,2.4,1.9,2.3,april,2023-24,26.0,22.7,60.2,16.9,38.4,1.0,1.55,25.9,5.1,1.9,6.0,,,,24.7,,25.9,,19.8,,,45.5,,23.762376237623762,20.2,6-11,250,83
1630581,Josh Giddey,OKC,7,28.3,13.3,7.9,6.9,5.1,11.1,0.6,2.4,2.4,2.9,april,2023-24,22.5,31.6,53.6,12.2,76.6,4.5,3.55,33.4,0.9,0.4,2.3,5.0,22.8,38.8,,,16.0,4.5,4.3,,,55.6,,21.62162162162162,28.3,6-8,216,80
1641715,Cam Whitmore,HOU,8,22.5,13.3,3.5,1.8,4.6,11.1,2.0,5.6,2.0,2.5,april,2023-24,24.2,11.1,54.2,8.9,28.3,1.3,2.8,14.9,0.6,0.0,1.9,6.7,34.8,14.0,,,19.1,,6.7,,6.2,70.0,,50.45045045045045,22.5,6-7,230,79
1628415,Dillon Brooks,HOU,7,31.8,13.1,3.1,1.4,4.6,10.9,2.1,5.3,1.9,2.1,april,2023-24,17.5,6.5,55.7,4.8,32.4,1.3,2.34,19.6,0.3,0.1,1.0,9.3,14.6,19.9,1.5,9.9,31.8,2.8,1.7,2.8,2.4,70.8,,48.62385321100917,31.8,6-6,225,78
201935,James Harden,LAC,5,27.6,13.0,5.2,8.2,3.6,11.0,1.8,7.0,4.0,4.6,april,2023-24,24.1,42.7,49.9,12.1,65.0,6.4,5.9,21.8,0.2,0.2,0.4,42.5,13.1,25.0,,1.3,7.5,4.6,,,,71.4,,63.63636363636363,27.6,6-5,220,77
1628384,OG Anunoby,NYK,6,34.0,13.0,3.0,1.3,5.3,11.5,2.2,4.5,0.2,0.5,april,2023-24,17.5,5.3,55.5,5.6,34.5,1.2,2.02,24.7,0.7,0.2,1.5,5.9,22.4,5.9,3.0,2.8,38.2,4.8,5.3,3.4,4.4,61.8,,39.130434782608695,34.0,6-7,240,79
1630201,Malachi Flynn,DET,8,19.7,12.9,1.9,3.6,4.8,10.8,1.4,4.8,2.0,2.9,april,2023-24,30.9,30.2,53.6,10.3,46.1,4.2,5.51,18.1,0.3,0.0,0.3,,,,,,,,,,,67.9,,44.44444444444444,19.7,6-1,185,73
1630573,Sam Hauser,BOS,8,28.1,12.9,4.3,1.9,4.8,12.3,3.1,8.5,0.3,0.3,april,2023-24,19.4,8.2,52.1,8.2,36.8,0.9,1.52,24.6,0.4,0.0,1.1,,20.5,4.3,8.2,,34.1,9.4,,14.2,3.7,54.2,,69.10569105691057,28.1,6-7,217,79
1630577,Julian Champagnie,SAS,7,33.0,12.9,4.4,2.6,4.3,9.1,1.9,5.4,2.4,3.0,april,2023-24,14.9,10.9,61.4,8.6,41.1,1.2,1.8,24.1,0.4,0.0,1.9,,23.0,,5.3,,43.3,6.5,3.1,9.3,4.3,55.8,,59.34065934065935,33.0,6-7,217,79
201144,Mike Conley,MIN,7,28.1,12.9,3.1,4.6,4.1,8.9,3.0,5.9,1.6,1.6,april,2023-24,19.1,24.4,67.3,10.6,64.0,4.5,4.2,29.9,0.0,0.0,0.6,,14.8,21.2,,,33.3,13.8,,5.8,,60.0,,66.29213483146069,28.1,6-0,175,72
1627826,Ivica Zubac,LAC,6,25.5,12.8,10.3,1.5,5.7,10.0,0.0,0.0,1.5,1.8,april,2023-24,20.0,9.3,59.4,15.1,42.7,1.1,1.49,21.5,3.5,3.3,9.5,,5.5,,18.4,28.3,,,20.1,,20.3,52.9,,0.0,25.5,7-0,240,84
201566,Russell Westbrook,LAC,6,23.9,12.8,5.8,5.3,5.2,10.7,0.8,2.0,1.7,2.2,april,2023-24,26.2,36.4,55.2,13.7,48.0,3.8,4.75,18.5,0.7,0.3,2.0,13.4,18.3,25.8,,5.1,26.7,,2.2,,2.8,64.3,,18.691588785046733,23.9,6-4,200,76
1630598,Aaron Wiggins,OKC,8,23.9,12.8,2.9,2.5,5.0,9.9,1.0,2.1,1.8,2.0,april,2023-24,20.9,15.3,59.3,11.0,35.4,1.8,3.04,17.6,0.6,0.0,3.0,6.3,22.9,8.6,,,44.9,,3.3,4.0,,52.8,,21.21212121212121,23.9,6-5,190,77
1629002,Chimezie Metu,DET,8,32.0,12.6,7.1,1.8,5.0,9.3,1.5,3.6,1.1,1.1,april,2023-24,15.9,8.6,64.8,11.3,41.3,1.3,1.94,22.4,0.0,0.8,2.4,,,,,,,,,,,58.1,,38.70967741935484,32.0,6-10,225,82
1628404,Josh Hart,NYK,8,37.0,12.6,8.9,5.3,5.3,9.3,0.6,1.5,1.5,1.6,april,2023-24,13.7,18.8,63.3,11.9,67.8,3.1,2.71,33.3,1.1,0.0,3.1,,21.0,10.3,,,45.6,4.0,4.6,,,69.8,,16.129032258064516,37.0,6-4,215,76
1631105,Jalen Duren,DET,5,23.1,12.6,7.4,1.4,4.6,9.2,0.0,0.2,3.4,3.8,april,2023-24,24.2,10.6,57.9,11.5,51.8,1.9,2.26,27.4,6.4,0.8,6.2,8.9,12.2,3.2,14.9,8.7,6.8,,20.0,,16.4,86.4,,2.173913043478261,23.1,6-10,250,82
1631133,Jabari Walker,POR,7,33.5,12.4,13.3,1.6,4.1,11.0,1.1,3.0,3.0,4.0,april,2023-24,17.1,7.2,48.7,10.9,46.1,1.4,1.85,27.4,1.4,0.0,5.1,,16.0,,,,34.6,,15.4,,24.4,67.9,,27.27272727272727,33.5,6-7,227,79
1630692,Jordan Goodwin,MEM,7,31.8,12.4,11.3,4.7,4.7,13.0,1.0,3.4,2.0,2.6,april,2023-24,19.5,20.5,44.0,12.3,63.3,4.0,3.77,29.3,0.9,0.0,4.6,,16.2,12.8,3.4,,42.7,,,,12.0,59.5,,26.153846153846157,31.8,6-4,200,76
1630200,Tre Jones,SAS,7,33.8,12.4,6.7,7.3,5.6,12.0,1.0,4.0,0.3,0.7,april,2023-24,17.1,28.2,50.5,11.3,75.0,5.9,4.74,25.0,1.4,0.0,1.4,4.8,22.7,32.0,,,22.7,4.5,3.0,,,35.3,,33.33333333333333,33.8,6-1,185,73
1626181,Norman Powell,LAC,6,27.6,12.3,2.7,1.2,4.0,10.5,2.5,5.8,1.8,2.0,april,2023-24,18.1,6.2,54.2,6.9,24.3,0.9,2.22,16.8,0.2,0.0,0.5,10.9,24.6,11.3,,,32.5,3.8,1.5,10.9,,58.8,,55.23809523809524,27.6,6-4,215,76
1641708,Amen Thompson,HOU,7,30.2,12.1,8.6,4.6,4.9,8.1,0.0,0.3,2.4,3.4,april,2023-24,15.3,20.4,62.9,13.5,53.9,2.6,2.91,22.1,3.1,0.1,7.1,9.4,21.4,23.0,,,13.2,2.9,17.8,,5.9,60.7,,3.7037037037037033,30.2,6-7,200,79
1641729,Brice Sensabaugh,UTA,7,23.6,12.1,4.4,2.0,4.1,9.9,2.0,4.9,1.9,1.9,april,2023-24,21.1,12.6,56.9,8.7,32.9,1.7,3.06,20.1,0.1,0.0,0.4,2.8,22.0,10.7,2.6,,28.1,9.4,4.1,12.4,3.5,78.3,,49.494949494949495,23.6,6-5,235,77
203991,Clint Capela,ATL,7,28.4,12.1,11.4,1.7,5.0,8.1,0.0,0.0,2.1,3.9,april,2023-24,16.6,8.6,61.7,13.1,35.4,0.9,1.53,24.3,2.7,0.9,9.6,,,,22.1,,,,24.4,,36.6,59.4,,0.0,28.4,6-10,256,82
1641730,Noah Clowney,BKN,7,29.4,12.1,6.4,1.3,4.6,7.6,1.1,2.4,1.9,2.6,april,2023-24,14.1,7.4,69.8,11.8,35.7,0.9,1.56,21.3,1.8,0.7,4.2,4.6,18.6,4.4,3.9,,41.8,10.3,2.6,4.6,2.4,49.1,,31.57894736842105,29.4,6-9,210,81
1630570,Trendon Watford,BKN,7,26.6,12.1,5.7,2.3,4.4,9.1,0.7,1.9,2.6,4.0,april,2023-24,22.5,15.1,55.7,8.4,56.0,3.7,3.95,21.7,0.5,1.3,1.5,7.8,20.2,,,,24.8,,,,,72.0,,20.87912087912088,26.6,6-8,237,80
1630544,Tre Mann,CHA,8,31.4,12.1,3.9,5.5,4.4,9.6,1.4,3.8,2.0,2.5,april,2023-24,18.4,25.0,56.5,10.2,59.1,5.3,5.33,17.0,0.3,0.0,0.4,8.5,7.7,38.0,,,26.5,8.5,,,,71.4,,39.58333333333333,31.4,6-3,178,75
1630174,Aaron Nesmith,IND,7,28.2,12.0,4.4,1.3,4.4,8.1,1.0,3.6,2.1,2.1,april,2023-24,14.2,5.3,66.0,7.5,40.9,1.0,1.54,24.0,0.3,0.0,1.1,,19.9,10.4,6.6,,30.9,5.5,,13.7,4.1,50.0,,44.44444444444445,28.2,6-6,215,78
1631107,Nikola Jović,MIA,8,23.8,12.0,4.6,2.0,4.4,8.9,2.0,5.4,1.3,1.3,april,2023-24,19.7,14.2,63.7,11.5,37.6,1.5,2.36,19.5,0.1,0.5,1.0,3.7,31.0,3.4,3.7,4.8,39.2,,4.8,,,69.0,,60.67415730337079,23.8,6-10,205,82
1629611,Terance Mann,LAC,8,21.9,11.9,4.0,1.1,5.0,6.9,0.6,1.5,1.3,1.5,april,2023-24,16.2,7.8,78.8,12.2,28.4,1.3,2.64,16.5,1.1,0.0,2.9,3.7,22.0,17.9,,,28.9,4.4,6.6,,8.1,93.8,,21.73913043478261,21.9,6-5,215,77
1630548,Johnny Juzang,UTA,6,27.1,11.8,2.3,2.0,3.8,7.3,2.7,4.5,1.5,2.2,april,2023-24,15.0,10.8,71.4,8.4,27.7,1.1,2.37,20.8,0.3,0.0,0.7,,,,,,,,,,,61.5,,61.64383561643836,27.1,6-5,209,77
1631116,Patrick Baldwin Jr.,WAS,6,27.1,11.8,6.7,1.5,4.3,8.3,2.2,5.3,1.0,1.5,april,2023-24,15.2,6.9,65.8,9.2,36.0,0.9,1.45,16.0,0.7,0.2,0.8,,,,,,,,,,,65.4,,63.85542168674698,27.1,6-9,220,81
1628969,Mikal Bridges,BKN,7,27.5,11.6,2.7,3.1,4.1,10.1,2.4,5.9,0.9,1.0,april,2023-24,18.4,17.9,54.7,8.9,46.2,1.9,2.48,30.7,0.7,0.7,0.7,2.3,25.3,9.1,3.4,2.3,36.2,6.3,5.0,4.8,2.7,50.0,,58.41584158415842,27.5,6-6,209,78
1630572,Sandro Mamukelashvili,SAS,7,26.1,11.6,9.7,2.1,4.3,9.4,1.4,3.7,1.6,2.1,april,2023-24,18.1,12.4,55.8,13.2,42.4,1.3,1.9,22.4,0.9,0.0,4.0,,22.1,,16.1,,30.7,,13.3,,8.0,65.5,,39.361702127659576,26.1,6-9,240,81
1629638,Nickeil Alexander-Walker,MIN,8,22.3,11.5,2.0,2.4,4.1,8.3,2.3,4.9,1.0,1.1,april,2023-24,18.7,15.7,65.8,11.1,33.1,1.8,3.21,18.1,0.3,0.0,0.5,2.9,27.3,18.8,2.9,,22.7,7.1,2.9,9.1,1.3,39.1,,59.036144578313255,22.3,6-5,205,77
1630215,Jared Butler,WAS,7,22.6,11.4,2.9,4.9,4.4,8.9,1.1,3.1,1.4,1.7,april,2023-24,19.8,29.1,59.5,11.0,45.1,4.0,5.25,15.0,0.6,0.0,0.6,,,,,,,,,,,68.2,,34.831460674157306,22.6,6-3,193,75
202711,Bojan Bogdanovic,NYK,8,17.4,11.4,1.9,0.6,4.3,8.6,1.6,3.8,1.3,1.5,april,2023-24,25.4,6.1,61.3,10.5,23.4,0.9,2.36,19.6,0.3,0.3,0.1,,,,,,,,,,,78.6,,44.18604651162791,17.4,6-7,226,79
1630540,Miles McBride,NYK,7,28.7,11.3,2.7,2.4,4.1,9.4,2.1,5.9,0.9,1.0,april,2023-24,16.4,12.2,57.2,7.2,45.4,2.7,3.52,23.7,0.4,0.0,0.4,4.7,19.5,14.5,,,38.1,11.5,,3.0,,53.8,,62.76595744680851,28.7,6-1,195,73
1629622,Max Strus,CLE,7,32.6,11.1,6.7,6.9,3.6,9.0,2.3,5.7,1.7,2.0,april,2023-24,15.7,24.5,56.4,9.3,60.4,2.1,2.08,33.7,1.0,0.0,1.6,,,,,,,,,,,58.3,,63.33333333333333,32.6,6-5,215,77
1629021,Moritz Wagner,ORL,8,15.8,11.0,3.5,0.6,4.4,7.0,0.5,1.5,1.8,1.8,april,2023-24,24.0,6.8,70.8,15.1,23.3,0.6,1.64,16.5,2.1,0.3,3.1,,,,,,,,,,,60.0,,21.428571428571427,15.8,6-11,245,83
1629655,Daniel Gafford,DAL,7,22.8,10.9,5.9,2.0,5.3,6.4,0.0,0.0,0.3,1.0,april,2023-24,15.5,13.0,79.0,13.2,32.0,0.8,1.53,18.3,1.7,0.7,6.1,,8.8,,19.9,11.0,,,20.4,,18.2,42.6,,0.0,22.8,6-10,234,82
1630209,Omer Yurtseven,UTA,7,24.2,10.9,9.1,1.4,5.0,9.4,0.0,0.7,0.9,1.0,april,2023-24,18.7,9.5,55.0,12.4,47.7,1.2,1.53,28.3,4.1,1.0,9.7,,,,,,,,,,,75.9,,7.446808510638298,24.2,6-11,275,83
202685,Jonas Valančiūnas,NOP,8,19.0,10.8,6.0,2.4,4.4,7.9,0.0,1.1,2.0,2.9,april,2023-24,25.1,18.6,58.8,12.2,41.6,1.3,1.86,26.8,1.6,5.1,3.0,,,,22.1,29.7,4.2,,13.7,,16.0,63.8,,13.924050632911392,19.0,6-11,265,83
203484,Kentavious Caldwell-Pope,DEN,7,29.6,10.7,2.3,2.1,4.3,8.4,2.0,4.9,0.1,0.6,april,2023-24,13.4,8.3,61.7,5.8,38.3,1.2,1.88,25.4,1.3,0.0,0.6,3.1,24.1,18.1,,,33.7,5.9,,6.5,,83.3,,58.333333333333336,29.6,6-5,204,77
1628401,Derrick White,BOS,5,31.5,10.6,3.4,5.0,3.6,9.6,2.4,7.2,1.0,1.0,april,2023-24,15.9,21.2,52.8,7.1,63.2,4.2,3.95,25.6,0.8,0.0,1.6,4.7,10.8,35.1,1.6,,25.9,9.5,1.3,5.1,1.7,70.8,,75.0,31.5,6-4,190,76
1629677,Luka Samanic,UTA,7,21.8,10.6,4.7,1.4,3.6,9.0,0.4,3.4,3.0,3.9,april,2023-24,24.0,11.1,49.4,8.4,33.9,1.0,1.84,20.9,1.1,2.9,3.1,,,,,,,,,,,82.1,,37.77777777777778,21.8,6-10,227,82
1629599,Amir Coffey,LAC,8,30.5,10.5,3.9,1.1,3.8,10.3,1.5,5.5,1.5,1.9,april,2023-24,15.3,5.2,47.4,5.4,33.8,1.3,2.36,21.5,0.5,0.0,0.4,,,,,,,,,,,52.4,,53.398058252427184,30.5,6-7,210,79
1631165,Keon Ellis,SAC,8,25.6,10.5,3.6,2.0,3.5,7.4,2.5,5.3,1.0,1.1,april,2023-24,15.3,12.9,66.7,8.2,37.8,1.8,2.94,20.9,0.5,0.0,0.6,,25.6,10.1,,,43.7,,,,,53.3,,71.62162162162161,25.6,6-3,175,75
201143,Al Horford,BOS,5,21.2,10.4,4.6,2.0,4.2,7.4,1.8,4.4,0.2,0.4,april,2023-24,17.2,12.2,68.6,11.9,27.0,0.6,1.42,16.6,0.6,0.6,3.0,,15.0,,12.2,8.9,40.0,,7.8,5.6,,63.2,,59.45945945945946,21.2,6-9,240,81
1631200,Kris Murray,POR,8,35.4,10.4,6.8,1.1,3.8,10.1,1.4,5.3,1.5,1.9,april,2023-24,14.0,4.6,47.4,4.8,42.8,1.5,2.07,28.0,1.0,0.0,4.1,,23.6,,,,40.4,,11.8,,11.3,47.5,,52.475247524752476,35.4,6-8,210,80
1631218,Trayce Jackson-Davis,GSW,8,23.2,10.4,7.0,1.6,4.4,6.4,0.0,0.0,1.6,2.6,april,2023-24,15.7,10.4,68.9,12.7,38.3,1.0,1.64,24.5,1.8,0.6,8.9,,16.8,,11.2,,,,33.6,,23.2,54.2,,0.0,23.2,6-9,245,81
1628976,Wendell Carter Jr.,ORL,8,23.6,10.3,6.3,1.8,4.0,7.5,1.4,3.8,0.9,1.4,april,2023-24,16.9,11.3,63.2,10.6,36.3,0.9,1.49,22.8,2.5,0.5,5.3,,10.9,,19.2,3.2,26.2,,17.1,,12.7,57.7,,50.66666666666666,23.6,6-10,270,82
1630527,Brandon Boston,LAC,6,20.8,10.2,3.7,1.0,4.0,10.7,0.8,3.7,1.3,1.8,april,2023-24,26.9,7.8,44.3,4.5,35.5,1.5,2.57,21.2,0.3,0.0,2.3,,,,,,,,,,,88.9,,34.57943925233645,20.8,6-6,188,78
1628971,Bruce Brown,TOR,5,23.5,10.0,3.0,2.2,4.2,7.2,0.4,1.6,1.2,2.0,april,2023-24,16.1,14.5,61.9,7.8,37.6,2.1,3.43,18.8,1.2,0.2,2.0,4.1,22.3,15.7,,,22.3,3.8,13.0,,8.7,76.5,,22.222222222222225,23.5,6-4,202,76
1629022,Lonnie Walker IV,BKN,5,23.7,10.0,4.2,2.0,4.0,10.8,1.4,5.2,0.6,0.8,april,2023-24,22.3,14.7,44.8,9.3,29.3,2.1,4.36,15.0,0.0,0.3,0.5,,,,,,,,,,,50.0,,48.148148148148145,23.7,6-4,204,76
203084,Harrison Barnes,SAC,8,26.3,9.9,3.8,1.5,3.0,7.9,1.1,4.3,2.8,3.5,april,2023-24,15.8,8.1,52.4,7.8,34.6,1.3,2.26,21.6,0.5,0.3,1.9,8.0,18.8,3.3,5.0,2.5,43.8,4.8,,4.8,,50.0,,54.430379746835435,26.3,6-8,225,80
1627741,Buddy Hield,PHI,7,19.9,9.9,3.3,1.3,3.1,9.0,2.1,5.9,1.4,1.6,april,2023-24,22.2,9.0,50.9,7.6,35.5,0.9,1.6,22.3,0.7,0.0,0.7,,23.1,4.8,,,34.0,5.4,5.4,12.2,3.7,52.0,,65.55555555555556,19.9,6-4,220,76
1628392,Isaiah Hartenstein,NYK,7,28.3,9.9,7.9,4.3,4.1,5.7,0.0,0.0,1.6,2.9,april,2023-24,14.2,19.2,70.7,12.5,47.6,1.4,1.81,30.3,4.4,0.0,8.0,,7.4,,19.9,5.6,,,40.3,,10.2,64.4,,0.0,28.3,7-0,250,84
202704,Reggie Jackson,DEN,7,22.6,9.9,2.0,3.0,3.7,10.3,1.3,4.0,1.1,1.3,april,2023-24,22.9,19.3,45.4,5.4,47.6,4.0,5.1,20.1,0.0,0.0,0.4,,,,,,,,,,,64.0,,38.83495145631068,22.6,6-2,208,74
1630558,Davion Mitchell,SAC,8,24.2,9.8,2.5,3.1,3.6,8.8,1.8,4.3,0.8,1.1,april,2023-24,17.7,17.4,52.7,7.7,41.9,2.6,3.71,21.9,0.4,0.0,0.3,28.6,19.3,8.1,,,35.6,,,,,93.3,,48.86363636363636,24.2,6-0,202,72
101108,Chris Paul,GSW,8,26.9,9.6,3.3,6.3,4.0,9.4,1.4,4.1,0.3,0.3,april,2023-24,18.8,30.7,50.7,9.9,55.9,4.4,4.68,24.9,1.0,0.6,0.4,,,43.8,,,15.6,,,,,66.7,,43.61702127659574,26.9,6-0,175,72
1630529,Herbert Jones,NOP,8,35.4,9.6,3.6,2.9,3.3,7.4,1.3,3.4,1.9,2.0,april,2023-24,12.5,10.7,58.3,5.5,49.8,2.2,2.7,24.4,0.0,0.0,0.8,,22.4,10.8,,,37.7,6.3,5.4,,,72.5,,45.945945945945944,35.4,6-7,206,79
1629111,Jock Landale,HOU,8,22.6,9.6,3.3,2.3,3.8,6.1,0.4,1.4,1.8,2.3,april,2023-24,15.0,13.6,67.6,9.9,28.1,0.7,1.47,20.0,3.5,0.3,5.5,,9.3,,22.2,14.9,14.4,,14.4,,16.9,62.9,,22.950819672131146,22.6,6-11,255,83
202722,Davis Bertans,CHA,7,22.6,9.6,1.9,0.9,3.4,7.9,2.3,6.4,0.4,0.4,april,2023-24,18.2,5.7,59.5,6.2,20.9,0.5,1.47,14.4,0.1,0.0,0.9,,,,,,,,,,,56.0,,81.0126582278481,22.6,6-10,225,82
1630264,Anthony Gill,WAS,6,26.5,9.5,4.7,1.8,4.2,9.3,0.3,2.2,0.8,0.8,april,2023-24,16.6,9.6,49.0,6.0,34.0,1.1,1.92,21.3,1.8,0.2,3.5,,,,,,,,,,,83.3,,23.655913978494624,26.5,6-8,230,80
1631128,Christian Braun,DEN,7,27.0,9.4,4.7,3.6,3.4,7.3,1.4,3.3,1.1,1.6,april,2023-24,13.8,17.1,59.1,10.3,36.4,1.7,2.84,19.6,0.9,0.0,2.4,,33.3,,7.1,,20.6,7.8,11.3,,7.1,47.8,,45.20547945205479,27.0,6-6,220,78
1627936,Alex Caruso,CHI,5,35.3,9.4,4.0,6.2,3.4,8.0,2.0,4.8,0.6,0.8,april,2023-24,12.4,20.7,56.3,8.1,65.2,2.9,2.63,29.8,0.0,0.0,0.8,,19.9,8.2,7.0,,45.6,,,,,71.0,,60.0,35.3,6-5,186,77
1628464,Daniel Theis,LAC,5,20.0,9.2,6.2,0.6,3.8,6.6,0.8,2.4,0.8,0.8,april,2023-24,16.3,4.6,66.2,13.7,28.6,0.7,1.57,14.4,2.0,0.4,3.0,,,,,,,,,,,55.0,,36.36363636363637,20.0,6-8,245,80
1641733,Nick Smith Jr.,CHA,5,17.1,9.2,2.4,1.4,3.4,8.8,2.0,4.2,0.4,0.4,april,2023-24,25.3,14.3,51.2,8.6,31.6,2.6,5.03,11.6,0.0,0.0,0.2,11.6,14.4,36.3,,,21.9,,,,,60.0,,47.72727272727273,17.1,6-2,185,74
201950,Jrue Holiday,BOS,6,29.0,9.2,4.8,3.5,4.0,9.3,1.2,4.8,0.0,0.0,april,2023-24,16.3,16.8,49.1,7.4,46.2,2.7,3.46,17.7,0.7,0.8,1.8,10.1,20.5,26.3,,3.6,20.5,,4.3,,,58.3,,51.61290322580645,29.0,6-4,205,76
1629651,Nic Claxton,BKN,6,29.4,9.2,10.7,2.2,4.2,6.5,0.0,0.0,0.8,2.7,april,2023-24,14.9,10.9,59.7,11.9,46.4,1.6,2.13,28.2,3.4,1.2,9.2,14.1,15.5,3.9,11.1,4.5,10.9,,15.5,,13.4,48.6,,0.0,29.4,6-11,215,83
1641707,Taylor Hendricks,UTA,7,24.4,9.1,4.3,1.6,3.4,6.6,1.9,3.4,0.4,0.6,april,2023-24,13.1,8.8,67.0,9.9,27.6,0.9,1.86,14.9,0.6,0.1,1.3,,18.9,,7.0,,39.2,,11.2,,8.4,61.1,,51.515151515151516,24.4,6-9,215,81
1641764,Brandin Podziemski,GSW,8,26.1,9.1,5.9,3.4,3.8,7.0,1.3,2.1,0.4,0.4,april,2023-24,13.3,16.9,63.7,11.0,47.5,2.5,3.18,21.8,1.1,0.3,2.1,6.1,17.2,25.1,2.4,,30.7,4.2,3.4,3.6,,57.5,,30.0,26.1,6-4,205,76
1628997,Caleb Martin,MIA,8,29.9,9.0,3.0,3.0,3.5,9.0,1.1,4.1,0.9,1.3,april,2023-24,16.1,13.7,47.1,5.0,40.3,2.1,3.11,23.1,0.8,0.0,2.0,,32.5,7.9,,,35.7,,,,,55.3,,45.55555555555555,29.9,6-5,205,77
1630631,Jose Alvarado,NOP,5,24.0,9.0,2.6,2.0,3.2,7.2,2.4,5.8,0.2,0.4,april,2023-24,14.4,11.0,61.0,6.9,40.8,2.4,3.49,15.6,0.4,0.0,0.2,4.2,20.0,27.3,,,30.0,3.8,3.8,,,53.8,,80.55555555555554,24.0,6-0,179,72
1631170,Jaime Jaquez Jr.,MIA,8,21.2,8.9,3.1,2.6,3.1,6.1,0.9,2.1,1.8,2.0,april,2023-24,16.1,16.2,63.3,10.6,29.6,1.8,3.7,14.4,0.9,0.8,2.4,14.8,29.4,5.3,,5.7,26.6,,5.8,,4.0,60.9,,34.42622950819673,21.2,6-6,225,78
1629726,Garrison Mathews,ATL,8,20.8,8.8,1.6,0.6,3.0,6.6,2.3,5.5,0.5,0.6,april,2023-24,13.9,4.1,63.4,6.2,21.5,0.5,1.38,14.8,0.1,0.0,0.4,,,,,,,,,,,55.6,,83.33333333333334,20.8,6-6,215,78
1630194,Paul Reed,PHI,7,20.7,8.7,7.0,2.1,4.1,6.7,0.1,0.4,0.3,0.7,april,2023-24,16.4,13.5,62.0,13.5,27.7,0.7,1.5,14.8,2.2,0.3,4.7,,9.8,,16.0,,13.5,,26.4,,17.2,45.7,,5.970149253731343,20.7,6-9,210,81
1628981,Bruno Fernando,ATL,8,20.7,8.6,4.1,1.8,3.0,5.4,0.0,0.0,2.6,3.8,april,2023-24,16.9,13.1,61.4,7.3,28.9,0.7,1.53,22.9,4.6,1.1,5.6,,,,,,,,,,,68.4,,0.0,20.7,6-9,240,81
1631241,Javon Freeman-Liberty,TOR,8,20.9,8.6,3.8,2.3,3.1,6.6,0.8,2.3,1.6,1.8,april,2023-24,17.5,17.0,58.3,9.2,43.3,2.9,3.98,16.1,0.6,0.0,1.4,,,,,,,,,,,78.3,,34.848484848484844,20.9,6-3,190,75
1627780,Gary Payton II,GSW,5,16.8,8.6,2.0,0.8,3.6,5.2,0.8,1.8,0.6,1.0,april,2023-24,16.8,6.3,76.2,8.9,23.2,0.6,1.48,13.0,1.2,0.2,2.0,,14.6,,9.3,,21.5,,29.8,,9.8,58.3,,34.61538461538461,16.8,6-2,195,74
201976,Patrick Beverley,MIL,5,25.7,8.6,6.2,4.2,3.2,6.2,1.4,2.8,0.8,0.8,april,2023-24,12.3,21.9,65.6,12.6,49.2,3.6,4.35,22.8,0.2,0.0,0.2,,,,,,,,,,,57.9,,45.16129032258064,25.7,6-2,180,74
1629670,Jordan Nwora,TOR,7,18.4,8.6,5.4,1.7,3.1,6.4,1.3,2.9,1.0,1.4,april,2023-24,19.6,15.8,60.7,11.5,29.0,1.3,2.59,16.1,0.4,0.1,1.6,,,,,,,,,,,54.5,,45.31249999999999,18.4,6-8,225,80
203995,Vasilije Micic,CHA,7,25.2,8.6,2.0,6.3,3.0,8.0,1.1,4.0,1.4,1.6,april,2023-24,19.6,33.1,49.3,6.6,50.7,4.3,5.09,18.3,0.0,0.0,0.1,,,,,,,,,,,68.2,,50.0,25.2,6-3,188,75
1630197,Aleksej Pokusevski,CHA,8,18.8,8.5,4.8,1.4,2.6,6.3,1.3,2.8,2.0,2.6,april,2023-24,19.9,11.2,57.4,12.3,31.0,1.2,2.34,16.8,1.1,0.1,1.3,,,,,,,,,,,57.6,,44.44444444444444,18.8,7-0,210,84
1630183,Jaden McDaniels,MIN,8,28.3,8.5,2.8,1.6,3.5,7.5,0.8,3.0,0.8,0.9,april,2023-24,13.6,8.1,53.9,5.1,29.1,0.9,1.92,19.1,0.1,0.4,1.9,2.3,27.6,10.3,,,36.8,5.2,5.0,3.2,3.9,64.3,,40.0,28.3,6-9,185,81
1628984,Devonte' Graham,SAS,7,24.4,8.4,2.1,3.7,2.9,9.0,1.9,7.0,0.9,1.0,april,2023-24,19.1,22.6,44.6,5.8,48.6,3.1,3.87,25.1,0.1,0.0,0.3,,,,,,,,,,,54.5,,77.77777777777779,24.4,6-1,195,73
203915,Spencer Dinwiddie,LAL,7,22.9,8.4,2.3,1.9,2.3,4.9,1.7,3.7,2.1,2.1,april,2023-24,11.7,10.2,72.7,7.8,28.3,1.7,3.53,12.7,0.1,0.1,0.0,,,,,,,,,,,60.0,,75.51020408163265,22.9,6-5,215,77
1641998,Trey Jemison III,MEM,7,31.9,8.4,8.3,1.6,3.7,7.6,0.0,0.0,1.0,1.1,april,2023-24,12.6,6.9,52.2,6.8,38.6,1.1,1.74,24.9,2.9,1.0,7.6,,,,,,,,,,,62.2,,0.0,31.9,6-10,260,82
1630175,Cole Anthony,ORL,8,17.8,8.4,2.1,2.3,3.3,7.8,0.8,2.5,1.1,1.1,april,2023-24,24.1,18.9,50.8,9.0,29.3,2.2,4.54,13.8,0.4,0.0,0.3,6.9,14.7,51.8,,,14.3,,,,,60.0,,32.05128205128205,17.8,6-2,185,74
1630198,Isaiah Joe,OKC,8,19.7,8.4,2.9,2.3,2.9,6.3,1.8,4.5,0.9,1.0,april,2023-24,15.5,16.5,62.6,11.1,31.6,1.2,2.33,19.6,0.1,0.0,1.4,,21.2,,9.4,,39.9,9.4,4.3,6.8,,65.4,,71.42857142857143,19.7,6-3,165,75
201145,Jeff Green,HOU,8,18.2,8.4,2.9,1.5,2.8,6.5,1.3,4.0,1.6,1.9,april,2023-24,16.9,12.9,57.2,10.0,19.5,0.5,1.68,13.1,1.4,0.3,2.1,,,,,,,,,,,68.2,,61.53846153846154,18.2,6-8,235,80
1628365,Markelle Fultz,ORL,8,19.6,8.4,3.1,2.0,3.8,7.5,0.1,0.5,0.8,0.8,april,2023-24,19.9,15.7,53.5,8.4,38.5,2.8,4.3,16.0,0.3,0.9,2.4,,,,,,,,,,,71.4,,6.666666666666667,19.6,6-4,209,76
1627884,Derrick Jones Jr.,DAL,7,24.6,8.1,2.7,1.1,2.9,7.0,1.0,3.4,1.4,2.0,april,2023-24,15.6,6.3,51.7,4.9,26.3,0.8,1.85,15.4,1.0,0.0,2.4,,18.3,,,,46.0,,13.5,,7.9,46.7,,48.57142857142857,24.6,6-6,210,78
203994,Jusuf Nurkić,PHX,7,29.6,8.1,12.6,6.1,2.7,6.1,0.1,0.4,2.6,3.6,april,2023-24,15.5,25.4,52.8,13.0,60.9,1.9,1.92,30.4,2.9,1.6,7.0,,6.9,,22.4,10.4,11.8,,17.3,,13.6,46.6,,6.557377049180328,29.6,7-0,290,84
1627752,Taurean Prince,LAL,7,21.3,8.1,3.6,1.4,3.0,6.6,1.6,3.1,0.6,0.6,april,2023-24,15.5,8.7,59.7,7.8,23.3,0.9,2.26,13.7,0.7,0.0,0.6,,27.3,,,,54.5,,,,,54.5,,46.96969696969697,21.3,6-6,218,78
1629614,Andrew Nembhard,IND,7,27.1,8.0,2.1,4.4,3.0,6.3,0.9,2.7,1.1,1.3,april,2023-24,12.3,17.9,58.4,6.3,40.4,1.7,2.57,26.7,0.4,0.1,0.7,8.9,14.8,38.5,,,21.4,7.1,,,,62.5,,42.85714285714286,27.1,6-4,191,76
1629647,Darius Bazley,UTA,6,23.7,8.0,4.5,0.8,3.0,4.8,0.3,1.3,1.7,2.0,april,2023-24,12.0,4.8,70.0,9.4,33.3,1.1,1.92,15.8,1.0,0.2,2.3,,,,,,,,,,,44.1,,27.083333333333336,23.7,6-9,216,81
1630700,Dyson Daniels,NOP,8,26.1,8.0,5.3,3.3,3.3,6.5,1.3,2.9,0.3,0.4,april,2023-24,12.2,17.6,60.0,9.9,48.0,1.8,2.31,22.8,1.1,0.0,1.9,5.6,23.3,13.2,3.2,,18.5,5.8,15.9,,7.8,63.8,,44.61538461538461,26.1,6-7,199,79
1630647,Eugene Omoruyi,WAS,7,15.7,8.0,2.0,1.1,3.1,6.7,1.0,2.6,0.7,1.4,april,2023-24,19.3,10.0,54.5,7.2,20.6,0.6,1.83,13.4,0.6,0.1,2.7,,,,,,,,,,,46.7,,38.80597014925373,15.7,6-6,235,78
202330,Gordon Hayward,OKC,6,19.7,8.0,2.5,1.3,3.0,5.0,0.5,1.2,1.5,2.2,april,2023-24,14.3,8.7,67.2,9.3,26.3,1.2,2.66,16.0,0.0,0.0,0.8,,,,,,,,,,,54.5,,24.0,19.7,6-7,225,79
1630164,James Wiseman,DET,8,25.4,8.0,7.8,1.1,3.3,6.6,0.0,0.0,1.5,2.1,april,2023-24,14.8,6.4,52.9,8.4,42.0,1.1,1.52,20.1,2.4,1.6,7.8,,,,,,,,,,,54.5,,0.0,25.4,6-11,240,83
1630541,Moses Moody,GSW,8,19.4,8.0,2.6,1.3,2.8,6.3,1.4,3.0,1.1,1.6,april,2023-24,16.2,8.7,57.4,7.1,24.8,0.8,2.05,16.0,0.1,0.0,0.9,4.9,19.0,5.4,,,40.4,5.2,3.7,13.1,3.2,47.6,,47.61904761904762,19.4,6-5,211,77
203501,Tim Hardaway Jr.,DAL,8,21.4,8.0,2.3,2.0,3.0,8.4,1.4,5.5,0.6,0.8,april,2023-24,19.2,14.3,46.0,5.9,32.8,1.2,2.2,18.5,0.3,0.0,0.3,2.2,21.3,5.7,3.2,,32.4,12.1,2.8,15.8,,76.2,,65.47619047619048,21.4,6-5,205,77
1627736,Malik Beasley,MIL,8,26.9,7.6,2.6,1.4,2.9,8.5,1.8,6.3,0.1,0.1,april,2023-24,14.3,7.1,44.6,3.5,28.1,0.9,1.89,17.9,0.0,0.0,0.3,,,,,,,,,,,69.2,,74.11764705882354,26.9,6-4,187,76
1630592,Jalen Wilson,BKN,7,24.1,7.6,5.3,1.1,2.7,6.6,0.9,3.0,1.3,2.0,april,2023-24,14.8,7.4,50.8,7.9,21.8,0.9,2.53,12.7,0.3,0.0,1.2,,14.7,8.0,,,52.0,,,,,66.7,,45.45454545454546,24.1,6-6,220,78
1629312,Haywood Highsmith,MIA,8,26.6,7.4,5.9,1.5,3.1,5.9,1.1,3.3,0.0,0.4,april,2023-24,10.9,8.5,61.1,9.0,29.3,0.9,1.77,17.3,0.5,0.0,3.5,,,,,,,,,,,55.6,,55.932203389830505,26.6,6-5,220,77
1626168,Trey Lyles,SAC,8,21.4,7.4,4.6,1.8,2.8,6.4,1.5,4.3,0.4,0.6,april,2023-24,13.8,10.4,55.5,9.5,30.4,0.8,1.63,17.3,0.1,0.4,1.9,,,,,,,,,,,53.6,,67.18749999999999,21.4,6-9,234,81
1627777,Georges Niang,CLE,7,19.1,7.3,2.3,0.9,2.7,6.7,1.4,4.6,0.4,0.6,april,2023-24,16.9,6.4,52.3,4.7,30.3,0.8,1.64,14.4,0.0,0.1,0.3,,,,,,,,,,,60.0,,68.65671641791045,19.1,6-7,230,79
1630550,JT Thor,CHA,7,17.2,7.3,3.7,0.9,3.0,4.0,0.7,1.6,0.6,1.0,april,2023-24,12.7,7.6,82.0,12.7,24.6,0.7,1.71,11.0,0.6,0.0,1.1,,,,,,,,,,,66.7,,40.0,17.2,6-9,203,81
1631197,Jared Rhoden,DET,7,20.9,7.3,2.4,1.0,2.9,5.9,1.1,2.9,0.4,0.9,april,2023-24,13.3,7.3,58.4,7.0,23.6,0.9,2.22,12.9,0.1,0.0,0.4,,,,,,,,,,,47.4,,49.15254237288135,20.9,6-5,210,77
1641871,Duop Reath,POR,8,15.4,7.3,4.1,0.5,2.6,7.5,1.0,3.5,1.0,1.3,april,2023-24,20.4,5.1,45.0,9.7,28.8,0.8,1.71,18.1,0.9,0.3,2.9,,,,,,,,,,,50.0,,46.666666666666664,15.4,6-9,245,81
203095,Evan Fournier,DET,7,20.8,7.1,1.9,1.7,2.9,7.6,0.7,3.7,0.7,1.0,april,2023-24,17.9,12.9,44.6,5.5,29.1,1.2,2.54,18.7,0.7,0.0,0.4,,,,,,,,,,,52.2,,48.684210526315795,20.8,6-6,205,78
1629026,Kenrich Williams,OKC,8,18.5,7.1,3.0,2.0,2.9,5.8,1.1,2.1,0.3,0.3,april,2023-24,16.7,17.8,60.8,7.8,26.6,1.0,2.22,16.9,0.6,0.0,1.3,,14.6,,,,42.3,,10.0,,7.7,66.7,,36.206896551724135,18.5,6-6,210,78
1626220,Royce O'Neale,PHX,8,24.2,7.1,4.8,2.3,2.5,6.5,1.8,5.1,0.4,0.5,april,2023-24,13.3,11.8,53.0,8.0,42.8,1.2,1.74,18.9,0.6,0.0,0.8,,26.0,8.3,2.7,,43.8,3.9,,3.6,,65.5,,78.46153846153847,24.2,6-6,226,78
1630285,Zavier Simpson,DET,6,25.4,7.0,3.2,3.5,2.8,8.8,0.8,2.8,0.5,0.7,april,2023-24,16.7,21.6,38.3,5.7,54.5,4.9,5.39,21.8,0.3,0.0,0.5,,,,,,,,,,,60.9,,31.818181818181813,25.4,6-0,190,72
1631104,Blake Wesley,SAS,7,20.9,6.9,2.6,3.1,2.6,5.9,0.6,1.9,1.1,1.7,april,2023-24,17.6,22.2,51.9,5.9,36.3,2.3,3.72,18.0,0.3,0.0,1.1,,33.3,,,,22.2,,,,,57.1,,32.20338983050847,20.9,6-3,185,75
1626204,Larry Nance Jr.,NOP,6,22.4,6.8,4.8,3.5,2.5,5.3,0.5,1.3,1.3,1.3,april,2023-24,14.1,23.1,57.7,9.5,35.8,1.0,1.74,25.3,3.8,0.8,5.3,,20.3,,,,36.7,,22.8,,,56.5,,24.528301886792455,22.4,6-8,245,80
1631212,Peyton Watson,DEN,7,22.6,6.7,5.1,1.9,2.9,5.7,0.3,1.1,0.7,1.1,april,2023-24,13.7,11.4,54.0,9.7,32.4,1.6,2.95,14.3,0.7,0.0,2.7,6.7,19.0,13.2,3.1,,24.9,5.2,16.2,2.3,3.2,45.9,,19.29824561403509,22.6,6-7,200,79
203110,Draymond Green,GSW,6,30.6,6.7,7.3,6.3,2.7,5.2,1.0,2.2,0.3,0.8,april,2023-24,11.4,25.2,60.2,9.1,63.3,2.1,2.02,30.2,1.8,1.3,2.3,,9.4,5.1,10.2,,39.8,,10.2,,2.7,58.3,,42.30769230769231,30.6,6-6,230,78
1630249,Vít Krejčí,ATL,8,22.5,6.6,3.0,2.4,2.5,5.0,1.5,3.4,0.1,0.1,april,2023-24,11.5,13.8,65.5,6.8,31.5,1.2,2.35,16.1,0.0,0.0,0.5,,19.7,8.4,5.3,,33.4,12.5,,12.2,,75.0,,68.0,22.5,6-8,195,80
1629637,Jaxson Hayes,LAL,7,16.9,6.6,4.4,0.7,2.9,3.6,0.0,0.0,0.9,1.4,april,2023-24,12.6,5.5,78.2,9.1,22.6,0.5,1.41,10.4,1.1,0.0,4.3,,13.2,,26.5,,,,34.4,,13.2,65.2,,0.0,16.9,7-0,220,84
1631098,Johnny Davis,WAS,6,19.3,6.5,1.5,1.3,2.3,3.7,1.0,1.3,0.8,1.5,april,2023-24,11.3,8.6,75.1,4.3,19.8,0.8,2.44,10.5,0.3,0.0,0.5,,,,,,,,,,,69.2,,35.13513513513514,19.3,6-4,195,76
1631321,Sidy Cissoko,SAS,6,18.2,6.5,2.7,1.7,2.5,4.5,0.2,1.3,1.3,1.8,april,2023-24,13.1,12.7,61.2,7.4,22.7,0.7,1.84,13.5,1.0,0.0,2.2,,20.2,4.2,5.3,,51.3,,,,,78.6,,28.888888888888893,18.2,6-6,200,78
1641717,Cason Wallace,OKC,8,20.5,6.4,2.3,2.3,2.5,6.1,0.9,2.6,0.5,0.5,april,2023-24,14.8,14.8,50.2,7.7,21.8,1.2,3.3,11.9,0.3,0.0,1.5,4.2,22.6,13.5,,,41.3,4.2,4.5,,3.5,69.2,,42.622950819672134,20.5,6-3,195,75
1630534,Ochai Agbaji,TOR,6,30.7,6.3,3.7,1.7,2.3,6.2,0.2,1.8,1.5,2.3,april,2023-24,11.2,7.1,44.0,2.8,30.0,0.9,1.76,16.5,1.2,0.2,3.5,,33.5,,,,29.2,,13.5,,10.3,69.0,,29.03225806451613,30.7,6-5,215,77
1631119,Jaylin Williams,OKC,8,16.1,6.3,3.8,3.4,2.3,4.6,0.9,2.6,0.9,1.1,april,2023-24,15.1,29.0,61.0,12.1,38.5,1.1,1.66,23.9,2.1,0.0,2.3,,14.8,,21.6,,40.7,,,,,90.5,,56.52173913043479,16.1,6-9,240,81
1628436,Luke Kornet,BOS,8,16.6,6.3,4.6,1.5,2.8,3.5,0.1,0.1,0.6,0.6,april,2023-24,10.1,9.9,82.8,13.4,21.0,0.5,1.4,15.3,1.4,0.4,5.4,,6.6,,21.8,,,,35.0,,23.4,45.2,,2.857142857142857,16.6,7-1,250,85
1641712,Rayan Rupert,POR,8,32.5,6.3,4.0,2.9,2.1,8.1,1.5,4.8,0.5,0.8,april,2023-24,12.2,12.0,37.0,2.5,44.9,1.7,2.3,28.1,0.8,0.0,0.9,,20.6,,,,50.4,,9.9,,,68.8,,59.25925925925925,32.5,6-6,185,78
1628975,Jevon Carter,CHI,5,17.3,6.2,1.2,3.0,2.4,7.6,1.4,5.2,0.0,0.0,april,2023-24,19.0,23.1,40.8,6.1,28.0,1.4,3.04,17.4,0.2,0.0,0.2,,21.5,17.2,,,45.2,,,,,33.3,,68.42105263157895,17.3,6-1,200,73
1631207,Dalen Terry,CHI,7,17.7,6.1,2.6,1.7,2.6,4.9,0.4,1.7,0.6,1.3,april,2023-24,14.5,14.0,56.6,7.5,29.6,1.6,3.17,13.0,0.3,0.0,1.6,,30.9,13.4,,,35.1,,,,,57.1,,34.6938775510204,17.7,6-7,195,79
1628467,Maxi Kleber,DAL,6,19.8,6.0,4.0,1.8,1.7,3.3,1.0,2.0,1.7,2.0,april,2023-24,10.1,12.4,71.2,10.4,29.0,0.7,1.41,21.2,1.8,0.2,3.0,,,,,,,,,,,36.4,,60.60606060606061,19.8,6-10,240,82
1626192,Pat Connaughton,MIL,8,25.3,5.9,3.3,3.0,2.0,6.5,0.9,4.4,1.0,1.1,april,2023-24,12.8,15.8,42.0,4.8,43.5,2.1,2.86,20.9,0.4,0.0,0.9,,,,,,,,,,,68.0,,67.6923076923077,25.3,6-5,209,77
202066,Garrett Temple,TOR,6,23.1,5.8,2.7,2.0,1.8,6.5,0.7,3.3,1.5,2.0,april,2023-24,15.7,12.5,39.5,1.7,31.8,1.3,2.51,17.5,0.5,0.0,2.5,,,,,,,,,,,56.0,,50.76923076923077,23.1,6-5,195,77
1630551,Justin Champagnie,WAS,5,16.8,5.8,4.8,1.4,2.4,5.6,0.6,2.6,0.4,0.6,april,2023-24,14.1,10.9,49.5,10.0,23.2,0.6,1.63,9.6,0.4,0.0,2.0,,21.4,3.7,6.3,,26.2,,12.5,,19.6,60.9,,46.42857142857144,16.8,6-6,206,78
1641767,Ben Sheppard,IND,7,21.2,5.7,2.0,1.4,2.0,6.4,1.3,4.6,0.4,0.4,april,2023-24,13.5,6.8,43.2,2.9,34.9,0.8,1.36,22.4,0.9,0.0,0.7,,27.3,10.0,,,38.2,5.0,6.4,,,69.2,,71.87499999999999,21.2,6-6,190,78
1626166,Cameron Payne,PHI,7,19.6,5.7,2.7,3.3,2.1,6.0,1.4,4.0,0.0,0.0,april,2023-24,14.5,23.5,47.6,7.5,42.0,2.7,3.89,17.7,0.2,0.0,0.3,,,,,,,,,,,64.3,,66.66666666666666,19.6,6-3,183,75
201569,Eric Gordon,PHX,7,21.3,5.6,0.4,1.1,2.0,6.0,1.1,4.4,0.4,0.6,april,2023-24,13.4,8.2,44.6,4.2,21.4,0.7,1.85,12.7,0.3,0.0,0.1,,,,,,60.0,,,,,42.9,,73.33333333333334,21.3,6-3,215,75
1628371,Jonathan Isaac,ORL,7,18.8,5.6,5.3,0.9,2.1,5.0,0.6,2.3,0.7,1.0,april,2023-24,13.1,6.3,51.2,10.2,25.7,0.7,1.53,10.0,0.6,0.3,1.9,,12.4,,,,29.5,,16.2,,14.3,69.2,,46.0,18.8,6-10,230,82
203914,Gary Harris,ORL,7,31.0,5.4,2.1,2.1,1.9,5.4,1.4,4.1,0.3,0.3,april,2023-24,8.4,8.6,48.9,3.7,23.9,0.7,1.7,16.9,0.6,0.0,0.7,,16.7,,,,54.2,,,,,52.6,,75.92592592592592,31.0,6-4,210,76
203109,Jae Crowder,MIL,7,22.3,5.4,3.1,1.0,1.9,6.0,1.0,3.7,0.7,1.0,april,2023-24,13.1,6.0,42.1,4.1,26.6,0.7,1.5,14.3,0.1,0.0,1.7,,,,,,,,,,,50.0,,61.66666666666667,22.3,6-6,235,78
200768,Kyle Lowry,PHI,5,25.9,5.4,3.0,4.0,1.8,3.4,1.2,2.4,0.6,0.8,april,2023-24,8.4,19.2,72.0,6.6,44.0,2.3,3.2,19.0,0.3,0.3,0.5,,,,,,,,,,,50.0,,70.58823529411765,25.9,6-0,196,72
1629716,Marques Bolden,CHA,7,15.1,5.3,4.4,0.6,2.4,3.4,0.0,0.1,0.4,0.6,april,2023-24,11.7,6.5,71.8,12.2,17.4,0.4,1.46,8.9,0.7,0.4,4.3,,,,,,,,,,,60.7,,2.9411764705882355,15.1,6-10,249,82
1631260,AJ Green,MIL,6,17.5,5.2,1.3,0.5,1.7,4.2,1.5,3.7,0.3,0.5,april,2023-24,11.8,3.6,58.9,4.6,16.3,0.6,2.02,8.8,0.3,0.0,0.2,,13.4,9.1,4.0,,42.1,12.8,,9.1,,69.2,,88.09523809523809,17.5,6-4,190,76
203937,Kyle Anderson,MIN,8,19.7,4.9,2.1,3.6,2.1,5.6,0.3,1.0,0.4,0.8,april,2023-24,15.5,27.4,40.9,6.5,31.5,1.4,2.65,19.9,0.9,0.5,1.1,12.6,16.5,7.9,,,17.3,,14.2,,8.7,60.0,,17.857142857142858,19.7,6-9,230,81
1629667,Jalen McDaniels,TOR,7,16.3,4.9,2.1,1.6,1.7,5.6,0.1,0.9,1.3,1.6,april,2023-24,17.4,14.3,38.8,2.9,27.0,1.0,2.12,14.1,0.3,0.0,1.0,,,,,,,,,,,79.3,,16.071428571428573,16.3,6-9,190,81
203486,Mason Plumlee,LAC,7,16.9,4.9,5.7,1.7,1.7,4.4,0.0,0.7,1.4,1.7,april,2023-24,15.3,13.5,46.9,8.0,30.6,1.1,2.13,17.0,1.7,1.3,4.1,,,,,,,,,,,61.0,,15.909090909090907,16.9,6-10,254,82
203957,Danté Exum,DAL,7,23.0,4.7,4.0,3.1,1.9,4.9,0.7,2.1,0.3,0.3,april,2023-24,11.5,17.1,47.3,6.3,38.0,2.7,4.33,14.0,0.4,0.0,0.9,,,,,,,,,,,60.0,,42.857142857142854,23.0,6-5,214,77
203200,Justin Holiday,DEN,7,16.6,4.7,1.3,1.7,1.7,4.0,1.3,3.0,0.0,0.0,april,2023-24,11.7,13.0,58.9,7.2,19.4,0.5,1.7,13.6,0.7,0.0,0.4,,,,,,,,,,,42.9,,75.0,16.6,6-6,180,78
201587,Nicolas Batum,PHI,7,29.8,4.6,4.0,2.6,1.7,5.0,1.1,3.9,0.0,0.0,april,2023-24,8.5,10.7,45.7,5.3,41.3,1.1,1.62,23.2,1.5,0.0,1.8,,14.2,,,,68.9,,,,,48.5,,78.0,29.8,6-8,230,80
1629162,Jordan McLaughlin,MIN,8,15.1,4.5,1.0,2.8,1.6,3.1,0.6,1.9,0.6,0.8,april,2023-24,11.9,21.0,65.1,9.1,27.1,1.6,3.49,13.8,0.5,0.0,0.4,,,,,,,,,,,80.0,,61.29032258064515,15.1,6-0,185,72
1631303,Justin Minaya,POR,6,27.5,4.5,4.0,2.0,1.7,5.5,1.0,3.8,0.2,0.2,april,2023-24,8.5,10.5,40.4,2.4,30.7,1.0,1.91,18.7,0.3,0.0,2.3,,,,,,,,,,,60.7,,69.0909090909091,27.5,6-5,205,77
1628972,Troy Brown Jr.,DET,8,24.3,4.5,4.1,1.4,1.6,5.6,0.8,2.6,0.5,0.5,april,2023-24,10.9,7.4,38.5,5.3,25.1,1.1,2.54,13.3,0.3,0.0,0.4,,,,,,,,,,,76.3,,46.42857142857144,24.3,6-7,215,79
1629875,Xavier Moon,LAC,5,16.4,4.4,2.6,2.8,2.0,6.4,0.4,2.4,0.0,0.0,april,2023-24,15.6,21.9,34.4,6.3,37.6,2.6,4.08,13.2,0.4,0.0,0.6,,,,,,,,,,,73.3,,37.49999999999999,16.4,6-0,165,72
1641738,Kobe Brown,LAC,6,15.9,4.0,2.5,1.3,1.8,4.2,0.3,1.5,0.0,0.0,april,2023-24,11.3,12.1,48.0,7.1,20.7,0.7,2.1,11.8,0.3,0.2,2.3,,,,,,,,,,,60.0,,35.714285714285715,15.9,6-7,250,79
204060,Joe Ingles,ORL,8,17.1,3.9,2.3,3.0,1.3,2.5,1.0,2.0,0.4,0.6,april,2023-24,10.3,22.2,69.8,9.1,29.1,1.5,3.03,16.4,0.0,0.0,0.1,,,,,,,,,,,100.0,,80.0,17.1,6-9,220,81
1629011,Mitchell Robinson,NYK,8,15.3,3.5,4.1,0.4,1.1,2.1,0.0,0.0,1.3,2.8,april,2023-24,9.3,3.2,52.5,5.2,14.6,0.4,1.52,8.1,0.6,0.0,3.9,,,,11.7,,,,12.5,,52.3,71.4,,0.0,15.3,7-0,240,84
1628470,Torrey Craig,CHI,7,16.4,3.1,3.9,0.9,1.1,3.0,0.6,1.4,0.3,0.4,april,2023-24,9.1,6.5,49.3,5.9,22.0,0.6,1.77,9.7,0.1,0.0,1.1,,,,,,,,,,,64.3,,46.666666666666664,16.4,6-5,221,77
1642013,Malik Williams,TOR,7,15.2,2.7,5.4,0.3,1.3,4.9,0.1,0.7,0.0,0.3,april,2023-24,14.8,2.9,27.2,2.7,20.4,0.5,1.59,12.4,1.9,0.1,3.7,,,,,,,,,,,68.4,,14.285714285714285,15.2,6-11,250,83
1641851,Timmy Allen,MEM,5,25.1,2.6,3.4,1.0,1.2,4.6,0.0,1.4,0.2,0.4,april,2023-24,8.4,6.0,27.2,-0.2,27.0,0.9,1.9,12.6,0.4,0.0,0.0,,,,,,,,,,,90.9,,30.434782608695656,25.1,6-6,210,78
200782,P.J. Tucker,LAC,6,16.2,2.2,2.3,0.7,0.8,1.8,0.5,1.0,0.0,0.0,april,2023-24,5.0,4.4,59.1,4.0,13.0,0.3,1.33,6.2,0.8,0.0,1.0,,,,,,,,,,,75.0,,55.55555555555556,16.2,6-5,245,77
1629216,Gabe Vincent,LAL,5,15.2,1.0,0.6,1.0,0.4,2.6,0.2,1.8,0.0,0.0,april,2023-24,8.0,7.0,19.2,-1.1,16.0,0.6,2.19,8.2,0.2,0.0,0.6,,14.9,14.9,,,38.6,,,13.2,,57.1,,69.23076923076923,15.2,6-2,200,74
