PLAYER_ID,PLAYER,TEAM,Season,Month,Archetype,Category,USG_Pct,AST_Pct,ThreePt_Rate,Height_Inches,GP,MPG,PTS
203076,Anthony Davis,DAL,2024-25,october,Rim Runner,Big,30.4,15.0,8.247422680412372,82,5,35.9,30.6
203507,Giannis Antetokounmpo,MIL,2024-25,october,Versatile Big,Big,33.9,34.9,3.225806451612903,83,5,34.5,30.4
1628369,Jayson Tatum,BOS,2024-25,october,Movement Shooter,Shooter,30.1,23.4,58.09523809523809,80,5,35.4,30.2
1631094,Paolo Banchero,ORL,2024-25,october,Versatile Big,Big,31.1,27.7,32.98969072164949,82,5,36.4,29.0
1629027,Trae Young,ATL,2024-25,october,Primary Initiator,Primary,30.9,46.8,51.54639175257733,73,5,38.3,28.2
1630224,Jalen Green,HOU,2024-25,october,Primary Initiator,Primary,30.0,15.3,49.54128440366973,76,5,34.8,27.6
1630560,Cam Thomas,BKN,2024-25,october,Secondary Ball Handler,Secondary,31.2,13.7,40.4040404040404,75,5,35.1,27.4
1629029,Luka Dončić,LAL,2024-25,october,Primary Initiator,Primary,33.7,27.3,38.70967741935484,78,5,37.3,27.2
201142,Kevin Durant,PHX,2024-25,october,Anchor Big,Big,27.3,14.8,29.54545454545454,83,5,39.7,26.8
1626164,Devin Booker,PHX,2024-25,october,Secondary Ball Handler,Secondary,26.9,21.6,48.192771084337345,78,5,36.3,26.4
1627759,Jaylen Brown,BOS,2024-25,october,Secondary Ball Handler,Secondary,32.5,15.5,35.13513513513514,78,5,35.9,25.8
1630595,Cade Cunningham,DET,2024-25,october,Primary Initiator,Primary,32.4,36.6,34.31372549019608,78,5,36.7,25.6
1626181,Norman Powell,LAC,2024-25,october,Role Player,Role,26.7,7.8,48.421052631578945,76,5,33.3,25.4
203471,Dennis Schröder,DET,2024-25,october,Secondary Ball Handler,Secondary,23.1,35.7,50.66666666666666,73,5,35.4,24.6
202681,Kyrie Irving,DAL,2024-25,october,Role Player,Role,24.9,23.7,33.333333333333336,74,5,36.8,24.6
1628378,Donovan Mitchell,CLE,2024-25,october,Secondary Ball Handler,Secondary,31.3,26.9,46.666666666666664,75,5,30.2,23.8
201935,James Harden,LAC,2024-25,october,Primary Initiator,Primary,33.3,48.3,49.47368421052632,77,5,36.1,23.8
203081,Damian Lillard,MIL,2024-25,october,Movement Shooter,Shooter,26.9,27.0,56.25,74,5,35.0,23.2
203897,Zach LaVine,SAC,2024-25,october,Role Player,Role,24.6,13.0,51.31578947368421,77,5,34.9,23.0
1627742,Brandon Ingram,TOR,2024-25,october,Role Player,Role,27.2,23.0,32.95454545454545,80,5,32.4,22.4
1627741,Buddy Hield,GSW,2024-25,october,Movement Shooter,Shooter,28.2,19.1,62.33766233766234,76,5,24.1,21.2
1631093,Jaden Ivey,DET,2024-25,october,Role Player,Role,25.8,18.6,35.0,76,5,33.6,21.2
2544,LeBron James,LAL,2024-25,october,Role Player,Role,25.5,31.1,33.333333333333336,81,5,33.6,21.2
1629014,Anfernee Simons,POR,2024-25,october,Secondary Ball Handler,Secondary,26.9,25.8,49.411764705882355,75,5,33.9,20.6
1627783,Pascal Siakam,IND,2024-25,october,Role Player,Role,23.2,26.0,32.0,80,5,33.4,20.6
1629630,Ja Morant,MEM,2024-25,october,Primary Initiator,Primary,31.6,51.1,31.506849315068493,74,5,26.9,20.4
202696,Nikola Vučević,CHI,2024-25,october,Rim Runner,Big,22.8,17.0,31.57894736842105,82,5,33.1,20.2
1628401,Derrick White,BOS,2024-25,october,Role Player,Role,17.4,15.7,63.33333333333333,76,5,33.2,19.2
1630596,Evan Mobley,CLE,2024-25,october,Anchor Big,Big,24.9,10.7,11.940298507462686,83,5,29.1,19.2
1627826,Ivica Zubac,LAC,2024-25,october,Post Scorer,Big,21.0,12.9,0.0,84,5,35.4,19.2
1629632,Coby White,CHI,2024-25,october,Secondary Ball Handler,Secondary,22.6,19.8,61.8421052631579,77,5,33.7,19.0
1630217,Desmond Bane,ORL,2024-25,october,Secondary Ball Handler,Secondary,25.3,15.7,44.44444444444445,77,5,26.5,18.8
1641711,Gradey Dick,TOR,2024-25,october,Role Player,Role,21.1,7.0,47.05882352941177,78,5,31.0,18.8
203924,Jerami Grant,POR,2024-25,october,Role Player,Role,25.1,9.8,50.0,79,5,33.0,18.6
1641705,Victor Wembanyama,SAS,2024-25,october,Stretch Big,Big,27.5,18.0,45.945945945945944,87,5,30.9,18.2
1629636,Darius Garland,CLE,2024-25,october,Secondary Ball Handler,Secondary,26.2,30.0,49.25373134328358,73,5,26.9,17.8
1630532,Franz Wagner,ORL,2024-25,october,Stretch Big,Big,25.7,21.8,43.74999999999999,82,5,26.0,17.8
1628386,Jarrett Allen,CLE,2024-25,october,Role Player,Role,17.4,5.6,0.0,81,5,28.9,17.8
1631110,Jeremy Sochan,SAS,2024-25,october,Role Player,Role,24.2,18.6,12.328767123287673,80,5,32.0,17.0
1630559,Austin Reaves,LAL,2024-25,october,Role Player,Role,19.3,20.3,49.15254237288135,77,5,34.4,16.8
1630552,Jalen Johnson,ATL,2024-25,october,Secondary Ball Handler,Secondary,22.3,16.1,24.000000000000004,80,5,37.3,16.8
1630591,Jalen Suggs,ORL,2024-25,october,Secondary Ball Handler,Secondary,24.5,26.7,66.66666666666666,77,5,27.0,16.8
1641722,Jordan Hawkins,NOP,2024-25,october,Role Player,Role,19.4,6.9,52.459016393442624,77,5,31.1,16.2
1630202,Payton Pritchard,BOS,2024-25,october,Role Player,Role,19.0,13.5,85.96491228070175,73,5,27.7,16.2
1631097,Bennedict Mathurin,IND,2024-25,october,Secondary Ball Handler,Secondary,21.0,9.8,40.0,77,5,25.8,15.8
202691,Klay Thompson,DAL,2024-25,october,Movement Shooter,Shooter,18.4,5.7,76.5625,77,5,29.5,15.6
1629060,Rui Hachimura,LAL,2024-25,october,3&D Wing,Wing,18.0,7.0,22.22222222222222,80,5,34.2,15.6
1630703,Scoot Henderson,POR,2024-25,october,Role Player,Role,24.4,31.5,28.813559322033893,75,5,27.8,15.6
1630581,Josh Giddey,CHI,2024-25,october,Secondary Ball Handler,Secondary,21.9,32.6,30.35714285714286,80,5,28.1,15.4
1630578,Alperen Sengun,HOU,2024-25,october,Post Scorer,Big,24.6,19.8,12.328767123287673,83,5,29.7,15.2
1629661,Cameron Johnson,BKN,2024-25,october,Role Player,Role,17.1,12.3,71.66666666666667,80,5,34.2,14.6
1628381,John Collins,UTA,2024-25,october,Role Player,Role,28.6,19.6,26.5625,81,5,22.4,14.6
1630169,Tyrese Haliburton,IND,2024-25,october,Role Player,Role,21.9,28.9,56.41025641025642,77,5,34.6,14.6
1629028,Deandre Ayton,POR,2024-25,october,Rim Runner,Big,19.0,6.7,8.955223880597014,84,5,32.5,14.4
1629012,Collin Sexton,UTA,2024-25,october,Secondary Ball Handler,Secondary,25.3,15.9,20.0,75,5,23.2,14.2
1630583,Santi Aldama,MEM,2024-25,october,Stretch Big,Big,18.1,14.8,45.63106796116504,84,6,28.6,13.8
1627751,Jakob Poeltl,TOR,2024-25,october,Rim Runner,Big,18.1,9.8,0.0,84,5,31.8,13.8
203501,Tim Hardaway Jr.,DET,2024-25,october,Movement Shooter,Shooter,14.2,7.8,73.17073170731709,77,5,30.6,13.6
1641718,Keyonte George,UTA,2024-25,october,Secondary Ball Handler,Secondary,26.0,34.8,53.333333333333336,76,5,31.6,13.2
203903,Jordan Clarkson,UTA,2024-25,october,Role Player,Role,26.0,28.3,44.06779661016949,75,5,24.5,13.0
1627832,Fred VanVleet,HOU,2024-25,october,Role Player,Role,16.6,23.6,68.18181818181819,72,5,37.4,12.6
201950,Jrue Holiday,BOS,2024-25,october,Role Player,Role,15.4,15.1,51.28205128205129,76,5,29.3,12.2
1628415,Dillon Brooks,HOU,2024-25,october,Role Player,Role,14.1,2.5,53.703703703703695,78,5,35.1,12.0
1631095,Jabari Smith Jr.,HOU,2024-25,october,Stretch Big,Big,15.3,7.2,43.75000000000001,82,5,31.7,12.0
1627747,Caris LeVert,ATL,2024-25,october,Role Player,Role,15.9,20.2,43.74999999999999,78,5,21.5,11.8
1627884,Derrick Jones Jr.,LAC,2024-25,october,3&D Wing,Wing,15.1,5.6,35.55555555555556,78,5,29.6,11.8
1630534,Ochai Agbaji,TOR,2024-25,october,Role Player,Role,14.2,7.5,35.0,77,5,27.9,11.8
1627736,Malik Beasley,DET,2024-25,october,Role Player,Role,21.4,8.2,64.91228070175438,76,5,24.3,11.6
202699,Tobias Harris,DET,2024-25,october,Role Player,Role,17.9,8.6,32.25806451612903,80,5,34.8,11.6
1630533,Ziaire Williams,BKN,2024-25,october,3&D Wing,Wing,19.6,13.6,41.02564102564103,81,5,19.8,11.6
201572,Brook Lopez,MIL,2024-25,october,Stretch Big,Big,18.0,7.4,51.92307692307693,85,5,29.9,11.4
1630228,Jonathan Kuminga,GSW,2024-25,october,Secondary Ball Handler,Secondary,23.9,10.0,26.53061224489796,79,5,22.9,11.4
1630167,Obi Toppin,IND,2024-25,october,Role Player,Role,17.5,13.7,43.24324324324324,81,5,21.3,11.4
1626171,Bobby Portis,MIL,2024-25,october,Anchor Big,Big,21.1,8.2,26.41509433962264,82,5,25.0,11.2
203084,Harrison Barnes,SAS,2024-25,october,3&D Wing,Wing,13.5,4.5,40.54054054054054,80,5,28.0,11.2
101108,Chris Paul,SAS,2024-25,october,Role Player,Role,15.7,40.6,58.53658536585367,72,5,28.5,11.0
1629021,Moritz Wagner,ORL,2024-25,october,Rim Runner,Big,26.8,9.8,35.294117647058826,83,5,15.1,11.0
1630541,Moses Moody,GSW,2024-25,october,Movement Shooter,Shooter,21.6,10.8,65.85365853658539,77,5,18.6,11.0
1630590,Scotty Pippen Jr.,MEM,2024-25,october,Role Player,Role,18.1,36.5,32.05128205128205,73,6,24.4,10.8
1626156,D'Angelo Russell,BKN,2024-25,october,Role Player,Role,16.0,24.6,57.14285714285714,75,5,30.7,10.8
1626220,Royce O'Neale,PHX,2024-25,october,3&D Wing,Wing,14.1,15.9,63.63636363636365,78,5,26.4,10.4
1641764,Brandin Podziemski,GSW,2024-25,october,Role Player,Role,19.6,17.4,48.333333333333336,76,5,29.2,10.2
1629640,Keldon Johnson,SAS,2024-25,october,Role Player,Role,19.0,4.7,42.30769230769231,77,5,27.5,10.2
1629023,P.J. Washington,DAL,2024-25,october,Role Player,Role,14.6,6.7,47.05882352941176,78,5,32.9,10.2
1630166,Deni Avdija,POR,2024-25,october,Role Player,Role,19.5,13.6,39.130434782608695,81,5,28.5,10.0
1627827,Dorian Finney-Smith,LAL,2024-25,october,Role Player,Role,17.5,10.8,65.95744680851064,79,5,29.1,10.0
1629018,Gary Trent Jr.,MIL,2024-25,october,3&D Wing,Wing,13.8,4.4,69.04761904761905,77,5,30.4,9.8
1631218,Trayce Jackson-Davis,GSW,2024-25,october,Role Player,Role,14.7,16.2,0.0,81,5,18.9,9.6
1630643,Jay Huff,MEM,2024-25,october,Stretch Big,Big,15.4,5.9,57.89473684210525,85,6,17.0,9.5
1642377,Jaylen Wells,MEM,2024-25,october,Role Player,Role,18.5,10.3,50.0,80,6,23.0,9.5
1642346,Ryan Dunn,PHX,2024-25,october,Role Player,Role,16.4,4.8,71.42857142857143,80,5,18.6,9.4
1626145,Tyus Jones,PHX,2024-25,october,3&D Wing,Wing,12.5,31.3,48.78048780487806,73,5,32.4,9.4
201143,Al Horford,BOS,2024-25,october,Role Player,Role,11.1,8.8,66.66666666666666,81,5,24.9,9.2
203991,Clint Capela,ATL,2024-25,october,Rim Runner,Big,14.1,7.5,0.0,82,5,22.3,9.2
203994,Jusuf Nurkić,CHA,2024-25,october,Anchor Big,Big,25.6,12.5,38.235294117647065,84,5,21.9,9.2
1642258,Zaccharie Risacher,ATL,2024-25,october,Role Player,Role,18.7,7.4,43.75000000000001,80,5,25.0,9.2
1629655,Daniel Gafford,DAL,2024-25,october,Anchor Big,Big,16.1,12.9,0.0,82,5,18.6,9.0
1641726,Dereck Lively II,DAL,2024-25,october,Anchor Big,Big,13.3,17.5,0.0,85,5,23.5,9.0
1641744,Zach Edey,MEM,2024-25,october,Post Scorer,Big,18.4,2.9,6.944444444444445,88,6,17.7,9.0
1630577,Julian Champagnie,SAS,2024-25,october,3&D Wing,Wing,16.0,6.9,58.97435897435898,79,5,25.2,8.8
1628976,Wendell Carter Jr.,ORL,2024-25,october,Stretch Big,Big,12.3,10.3,42.42424242424242,82,5,29.8,8.8
1630174,Aaron Nesmith,IND,2024-25,october,Role Player,Role,14.5,5.3,29.03225806451613,78,5,25.2,8.6
1628449,Chris Boucher,TOR,2024-25,october,Role Player,Role,20.3,4.8,50.0,81,5,17.1,8.6
1630558,Davion Mitchell,MIA,2024-25,october,Role Player,Role,17.3,30.4,46.34146341463415,72,5,27.3,8.6
1631105,Jalen Duren,DET,2024-25,october,Anchor Big,Big,11.9,16.9,0.0,82,5,25.5,8.6
1641710,Anthony Black,ORL,2024-25,october,Role Player,Role,14.9,24.4,26.47058823529412,79,5,25.6,8.4
1631106,Tari Eason,HOU,2024-25,october,3&D Wing,Wing,15.3,12.7,35.483870967741936,80,5,17.5,8.4
1641739,Toumani Camara,POR,2024-25,october,3&D Wing,Wing,11.7,14.3,40.0,79,5,29.9,8.4
1642261,Dalton Knecht,LAL,2024-25,october,Movement Shooter,Shooter,18.3,9.7,64.51612903225806,78,5,16.6,8.2
1630592,Jalen Wilson,BKN,2024-25,october,3&D Wing,Wing,12.5,9.8,62.5,78,5,21.9,8.2
1642347,Jamal Shead,TOR,2024-25,october,Role Player,Role,19.2,40.6,33.33333333333333,73,5,20.1,8.2
204456,T.J. McConnell,IND,2024-25,october,Secondary Ball Handler,Secondary,22.6,32.7,2.777777777777778,73,5,16.1,8.2
1641708,Amen Thompson,HOU,2024-25,october,Role Player,Role,18.4,8.8,21.42857142857143,79,5,20.5,8.0
1631117,Walker Kessler,UTA,2024-25,october,Anchor Big,Big,11.9,9.1,0.0,84,5,26.6,8.0
1642367,Jonathan Mogbo,TOR,2024-25,october,Role Player,Role,17.7,15.5,16.666666666666668,81,5,16.6,7.6
1627752,Taurean Prince,MIL,2024-25,october,3&D Wing,Wing,10.0,8.9,56.666666666666664,78,5,30.7,7.6
1631222,Jake LaRavia,SAC,2024-25,october,3&D Wing,Wing,13.6,15.8,33.33333333333333,79,6,25.3,7.5
1629645,Kevin Porter Jr.,MIL,2024-25,october,Secondary Ball Handler,Secondary,34.6,20.9,33.333333333333336,76,5,15.4,7.4
1630172,Patrick Williams,CHI,2024-25,october,3&D Wing,Wing,15.0,9.9,50.0,79,5,28.2,7.4
1629599,Amir Coffey,LAC,2024-25,october,Role Player,Role,10.8,5.6,41.66666666666667,79,5,21.3,7.0
1629614,Andrew Nembhard,IND,2024-25,october,Role Player,Role,16.8,28.1,25.71428571428572,76,5,25.3,7.0
1630245,Ayo Dosunmu,CHI,2024-25,october,Role Player,Role,13.4,23.2,51.21951219512195,77,5,26.6,7.0
1629731,Dean Wade,CLE,2024-25,october,3&D Wing,Wing,11.1,8.9,80.0,81,5,24.0,7.0
1627739,Kris Dunn,LAC,2024-25,october,Role Player,Role,10.5,14.3,47.82608695652175,75,5,21.8,6.8
1642274,Yves Missi,NOP,2024-25,october,Rim Runner,Big,15.6,14.1,0.0,83,5,19.8,6.8
1641730,Noah Clowney,BKN,2024-25,october,3&D Wing,Wing,20.6,1.9,54.05405405405405,81,5,16.2,6.4
1642419,Jamison Battle,TOR,2024-25,october,Role Player,Role,13.0,3.8,68.18181818181817,79,5,15.2,6.2
203110,Draymond Green,GSW,2024-25,october,Role Player,Role,11.7,20.2,50.0,78,5,25.1,6.0
1630631,Jose Alvarado,NOP,2024-25,october,Role Player,Role,14.3,33.3,65.38461538461539,72,5,19.7,5.6
203484,Kentavious Caldwell-Pope,MEM,2024-25,october,Role Player,Role,11.1,6.9,74.99999999999999,77,5,28.8,5.6
203935,Marcus Smart,WAS,2024-25,october,Role Player,Role,17.9,16.9,52.94117647058824,75,5,19.8,5.6
1642264,Stephon Castle,SAS,2024-25,october,Role Player,Role,18.4,22.7,30.303030303030305,78,5,20.8,5.6
1627777,Georges Niang,ATL,2024-25,october,Role Player,Role,13.5,4.8,76.0,79,5,18.2,5.4
1629750,Javonte Green,CLE,2024-25,october,3&D Wing,Wing,8.7,4.9,50.0,77,5,21.0,5.4
1626172,Kevon Looney,GSW,2024-25,october,Role Player,Role,15.9,16.1,0.0,81,5,15.2,5.4
1630241,Sam Merrill,CLE,2024-25,october,Role Player,Role,12.7,10.1,92.0,76,5,18.9,5.4
1629637,Jaxson Hayes,LAL,2024-25,october,Rim Runner,Big,10.0,12.1,0.0,84,5,15.8,5.2
1641767,Ben Sheppard,IND,2024-25,october,Role Player,Role,10.2,6.9,57.89473684210527,78,5,15.3,5.0
1631200,Kris Murray,POR,2024-25,october,3&D Wing,Wing,13.2,9.7,45.0,80,5,16.8,5.0
203486,Mason Plumlee,PHX,2024-25,october,Rim Runner,Big,11.2,5.8,0.0,82,5,17.4,5.0
203914,Gary Harris,ORL,2024-25,october,3&D Wing,Wing,10.7,4.9,86.36363636363636,76,5,17.4,4.8
1631323,Simone Fontecchio,DET,2024-25,october,Movement Shooter,Shooter,13.8,3.1,70.83333333333334,79,5,18.4,4.8
1626192,Pat Connaughton,MIL,2024-25,october,Role Player,Role,15.5,10.0,70.37037037037037,77,5,17.2,4.6
1629611,Terance Mann,ATL,2024-25,october,Role Player,Role,11.0,10.2,28.571428571428577,77,5,23.4,4.4
1628464,Daniel Theis,NOP,2024-25,october,Role Player,Role,13.8,17.7,33.33333333333333,80,5,16.0,4.0
1631108,Max Christie,DAL,2024-25,october,Role Player,Role,11.3,10.0,66.66666666666666,77,5,18.2,3.6
1642262,Cody Williams,UTA,2024-25,october,Role Player,Role,10.5,8.6,70.83333333333334,79,5,22.8,3.4
1629216,Gabe Vincent,LAL,2024-25,october,Movement Shooter,Shooter,11.3,3.1,57.14285714285714,74,5,17.2,3.4
1630191,Isaiah Stewart,DET,2024-25,october,Role Player,Role,9.5,14.5,9.090909090909092,80,5,20.2,3.4
1628436,Luke Kornet,BOS,2024-25,october,Anchor Big,Big,8.5,12.5,0.0,85,5,16.1,3.2
1630230,Naji Marshall,DAL,2024-25,october,Role Player,Role,12.0,19.7,33.33333333333333,78,5,17.9,3.2
201587,Nicolas Batum,LAC,2024-25,october,3&D Wing,Wing,8.2,18.7,78.57142857142858,80,5,19.0,3.2
201988,Patty Mills,LAC,2024-25,october,Role Player,Role,10.5,7.7,76.47058823529413,74,5,15.7,3.2
1630171,Isaac Okoro,CLE,2024-25,october,3&D Wing,Wing,8.8,9.2,30.76923076923077,77,5,17.0,2.6
203507,Giannis Antetokounmpo,MIL,2024-25,november,Versatile Big,Big,36.8,38.4,3.930131004366813,83,12,35.5,34.0
1630163,LaMelo Ball,CHA,2024-25,november,Primary Initiator,Primary,40.1,41.6,51.145038167938935,79,14,34.2,31.8
1628983,Shai Gilgeous-Alexander,OKC,2024-25,november,Primary Initiator,Primary,32.3,31.3,27.093596059113302,78,15,35.1,30.9
1628368,De'Aaron Fox,SAS,2024-25,november,Primary Initiator,Primary,31.2,24.3,30.14354066985646,75,16,38.2,29.3
203999,Nikola Jokić,DEN,2024-25,november,Versatile Big,Big,28.7,43.6,19.895287958115183,83,10,36.7,29.0
1629029,Luka Dončić,LAL,2024-25,november,Primary Initiator,Primary,32.5,34.4,47.19626168224299,78,9,36.3,28.6
1628369,Jayson Tatum,BOS,2024-25,november,Primary Initiator,Primary,30.1,26.5,51.813471502590666,80,14,36.6,28.2
203076,Anthony Davis,DAL,2024-25,november,Anchor Big,Big,29.4,17.5,12.359550561797754,82,13,35.1,27.5
203081,Damian Lillard,MIL,2024-25,november,Primary Initiator,Primary,29.6,37.2,49.206349206349216,74,11,36.7,27.2
1630162,Anthony Edwards,MIN,2024-25,november,Primary Initiator,Primary,29.7,18.6,49.519230769230774,76,15,37.0,27.1
201142,Kevin Durant,PHX,2024-25,november,Anchor Big,Big,29.9,14.5,38.79781420765027,83,7,35.6,26.9
1626157,Karl-Anthony Towns,NYK,2024-25,november,Rim Runner,Big,28.6,16.0,32.06521739130435,84,14,34.4,26.8
1628973,Jalen Brunson,NYK,2024-25,november,Primary Initiator,Primary,28.4,34.6,36.46408839779005,74,15,35.7,26.7
1641705,Victor Wembanyama,SAS,2024-25,november,Stretch Big,Big,32.1,17.1,52.26130653266332,87,11,32.7,25.7
1630532,Franz Wagner,ORL,2024-25,november,Versatile Big,Big,31.6,32.9,31.52709359605911,82,16,34.2,25.4
202681,Kyrie Irving,DAL,2024-25,november,Role Player,Role,25.7,23.2,39.22651933701657,74,14,35.0,24.9
1627759,Jaylen Brown,BOS,2024-25,november,Secondary Ball Handler,Secondary,28.2,19.7,41.530054644808736,78,10,36.7,24.2
1626164,Devin Booker,PHX,2024-25,november,Secondary Ball Handler,Secondary,27.2,31.7,40.32258064516129,78,14,36.9,24.1
1628378,Donovan Mitchell,CLE,2024-25,november,Secondary Ball Handler,Secondary,29.8,17.4,48.46938775510204,75,14,32.2,24.1
1629639,Tyler Herro,MIA,2024-25,november,Movement Shooter,Shooter,26.0,22.6,55.8659217877095,77,13,35.8,24.0
1630560,Cam Thomas,BKN,2024-25,november,Secondary Ball Handler,Secondary,30.7,19.7,43.63636363636364,75,12,32.7,23.6
201939,Stephen Curry,GSW,2024-25,november,Movement Shooter,Shooter,27.7,29.1,59.036144578313255,74,12,30.8,23.5
1628991,Jaren Jackson Jr.,MEM,2024-25,november,Anchor Big,Big,27.9,7.5,35.36585365853659,82,14,29.2,23.2
1630178,Tyrese Maxey,PHI,2024-25,november,Primary Initiator,Primary,28.7,26.3,44.3298969072165,74,8,33.3,23.1
1627742,Brandon Ingram,TOR,2024-25,november,Role Player,Role,32.6,32.1,35.148514851485146,80,11,34.3,23.1
2544,LeBron James,LAL,2024-25,november,Role Player,Role,27.3,45.9,31.976744186046513,81,14,35.6,22.7
1630595,Cade Cunningham,DET,2024-25,november,Primary Initiator,Primary,30.0,40.7,29.7979797979798,78,13,36.0,22.7
1631114,Jalen Williams,OKC,2024-25,november,Secondary Ball Handler,Secondary,26.4,25.2,32.51533742331288,77,15,31.9,22.7
1629628,RJ Barrett,TOR,2024-25,november,Role Player,Role,29.1,29.1,31.382978723404253,78,15,34.7,22.5
201942,DeMar DeRozan,SAC,2024-25,november,Role Player,Role,25.8,17.6,14.204545454545451,78,11,36.1,22.5
1629630,Ja Morant,MEM,2024-25,november,Primary Initiator,Primary,32.1,44.4,18.292682926829272,74,5,27.9,22.4
1626181,Norman Powell,LAC,2024-25,november,Role Player,Role,25.5,13.6,48.026315789473685,76,10,33.5,22.2
1629636,Darius Garland,CLE,2024-25,november,Secondary Ball Handler,Secondary,26.0,30.4,43.125,73,14,31.8,21.7
203897,Zach LaVine,SAC,2024-25,november,Role Player,Role,24.3,19.0,45.28301886792453,77,13,33.4,21.6
1641706,Brandon Miller,CHA,2024-25,november,Movement Shooter,Shooter,27.5,18.4,57.51295336787564,79,15,35.7,21.6
1630567,Scottie Barnes,TOR,2024-25,november,Primary Initiator,Primary,28.2,33.0,43.82022471910112,79,5,33.6,21.4
1630552,Jalen Johnson,ATL,2024-25,november,Secondary Ball Handler,Secondary,21.7,23.6,31.874999999999996,80,15,36.2,21.1
202696,Nikola Vučević,CHI,2024-25,november,Rim Runner,Big,22.3,15.0,32.16783216783216,82,16,31.6,21.1
1627783,Pascal Siakam,IND,2024-25,november,Role Player,Role,22.4,14.9,28.187919463087248,80,15,34.7,21.1
201935,James Harden,LAC,2024-25,november,Secondary Ball Handler,Secondary,27.9,37.5,50.326797385620914,77,16,33.6,20.8
203944,Julius Randle,MIN,2024-25,november,Role Player,Role,26.0,18.8,33.56164383561644,81,15,34.1,20.6
1629673,Jordan Poole,WAS,2024-25,november,Secondary Ball Handler,Secondary,29.1,26.5,45.56962025316456,76,12,30.0,20.5
1629008,Michael Porter Jr.,DEN,2024-25,november,Stretch Big,Big,20.0,12.0,44.078947368421055,82,13,35.5,20.2
202710,Jimmy Butler III,GSW,2024-25,november,Role Player,Role,22.3,22.7,12.06896551724138,79,9,30.9,20.0
1628374,Lauri Markkanen,UTA,2024-25,november,Stretch Big,Big,21.4,10.7,54.07407407407408,84,11,33.1,20.0
1630578,Alperen Sengun,HOU,2024-25,november,Versatile Big,Big,26.4,27.5,9.15032679738562,83,15,30.7,19.9
1628384,OG Anunoby,NYK,2024-25,november,Role Player,Role,20.1,7.8,43.83561643835617,79,15,37.1,19.7
1631097,Bennedict Mathurin,IND,2024-25,november,Secondary Ball Handler,Secondary,22.5,7.8,32.33082706766917,77,15,34.6,19.4
1627734,Domantas Sabonis,SAC,2024-25,november,Versatile Big,Big,20.8,26.6,19.834710743801654,82,14,36.7,19.4
1642272,Jared McCain,PHI,2024-25,november,Role Player,Role,26.2,17.7,51.70068027210885,75,14,29.0,19.1
1629027,Trae Young,ATL,2024-25,november,Secondary Ball Handler,Secondary,24.6,46.1,50.326797385620914,73,15,34.9,19.1
1628381,John Collins,UTA,2024-25,november,Role Player,Role,22.3,13.6,20.3125,81,13,31.1,19.0
1629661,Cameron Johnson,BKN,2024-25,november,Role Player,Role,20.3,16.4,57.72357723577235,80,15,31.7,18.7
1630530,Trey Murphy III,NOP,2024-25,november,Role Player,Role,24.3,10.8,50.31055900621118,80,7,32.4,18.7
1630169,Tyrese Haliburton,IND,2024-25,november,Role Player,Role,21.3,38.7,60.56338028169014,77,15,34.8,18.5
203078,Bradley Beal,PHX,2024-25,november,Secondary Ball Handler,Secondary,21.8,12.7,43.88489208633093,76,8,32.3,18.3
1629631,De'Andre Hunter,CLE,2024-25,november,Role Player,Role,22.8,6.3,47.2,80,8,26.8,18.3
1629632,Coby White,CHI,2024-25,november,Secondary Ball Handler,Secondary,22.1,19.5,62.22222222222222,77,16,32.1,18.1
1629012,Collin Sexton,UTA,2024-25,november,Secondary Ball Handler,Secondary,23.1,17.6,38.75968992248062,75,14,30.1,18.0
1628401,Derrick White,BOS,2024-25,november,Secondary Ball Handler,Secondary,20.6,19.9,69.06474820143885,76,14,34.7,18.0
1641711,Gradey Dick,TOR,2024-25,november,Role Player,Role,22.7,10.6,47.651006711409394,78,12,33.8,17.8
1627750,Jamal Murray,DEN,2024-25,november,Secondary Ball Handler,Secondary,23.0,24.1,45.695364238410605,76,10,34.7,17.8
1630596,Evan Mobley,CLE,2024-25,november,Anchor Big,Big,21.3,12.5,16.935483870967744,83,14,31.8,17.8
1631101,Shaedon Sharpe,POR,2024-25,november,Secondary Ball Handler,Secondary,25.0,12.6,43.15068493150685,77,12,30.2,17.7
1631093,Jaden Ivey,DET,2024-25,november,Role Player,Role,26.6,23.7,34.751773049645394,76,16,30.1,17.6
1628389,Bam Adebayo,MIA,2024-25,november,Role Player,Role,22.5,22.2,20.394736842105267,81,13,36.3,17.3
1627736,Malik Beasley,DET,2024-25,november,Role Player,Role,20.5,11.2,70.89552238805969,76,17,30.2,17.1
203952,Andrew Wiggins,MIA,2024-25,november,Role Player,Role,22.4,12.0,40.0,79,14,29.5,16.9
1631128,Christian Braun,DEN,2024-25,november,Role Player,Role,16.0,7.6,26.923076923076923,78,13,34.7,16.8
1630559,Austin Reaves,LAL,2024-25,november,Secondary Ball Handler,Secondary,22.1,21.5,58.82352941176471,77,14,33.5,16.7
1627751,Jakob Poeltl,TOR,2024-25,november,Rim Runner,Big,19.8,11.2,0.8264462809917356,84,15,32.5,16.6
1630224,Jalen Green,HOU,2024-25,november,Role Player,Role,24.9,11.9,47.019867549668874,76,15,31.2,16.6
1628970,Miles Bridges,CHA,2024-25,november,Role Player,Role,22.2,20.1,48.1203007518797,79,7,30.0,16.6
203471,Dennis Schröder,DET,2024-25,november,Secondary Ball Handler,Secondary,22.3,25.0,46.666666666666664,73,13,33.7,16.3
1641718,Keyonte George,UTA,2024-25,november,Secondary Ball Handler,Secondary,22.7,26.0,59.25925925925925,76,13,31.9,16.3
203903,Jordan Clarkson,UTA,2024-25,november,Role Player,Role,26.5,26.2,47.22222222222222,75,8,26.9,16.3
1628370,Malik Monk,SAC,2024-25,november,Secondary Ball Handler,Secondary,22.6,22.2,42.06349206349206,75,9,27.6,16.2
1626167,Myles Turner,IND,2024-25,november,Stretch Big,Big,21.7,5.9,40.476190476190474,83,14,32.7,16.2
1627832,Fred VanVleet,HOU,2024-25,november,Role Player,Role,19.9,26.0,47.183098591549296,72,14,34.0,16.0
1630170,Devin Vassell,SAS,2024-25,november,Role Player,Role,28.6,23.4,50.84745762711864,77,5,22.2,15.8
1628398,Kyle Kuzma,MIL,2024-25,november,Role Player,Role,27.1,9.2,30.76923076923077,81,9,26.4,15.4
1630202,Payton Pritchard,BOS,2024-25,november,Role Player,Role,19.4,16.1,75.23809523809524,73,14,27.2,15.4
1629014,Anfernee Simons,POR,2024-25,november,Secondary Ball Handler,Secondary,23.7,22.3,51.06382978723405,75,12,29.5,15.1
203924,Jerami Grant,POR,2024-25,november,Role Player,Role,19.1,11.0,45.90163934426229,79,13,32.1,15.1
1630631,Jose Alvarado,NOP,2024-25,november,Secondary Ball Handler,Secondary,20.4,23.8,57.60000000000001,72,6,30.5,15.0
1630591,Jalen Suggs,ORL,2024-25,november,Secondary Ball Handler,Secondary,24.1,20.5,51.181102362204726,77,15,29.9,14.9
1628969,Mikal Bridges,NYK,2024-25,november,Role Player,Role,18.0,10.3,45.51724137931034,78,15,38.4,14.7
1627826,Ivica Zubac,LAC,2024-25,november,Post Scorer,Big,18.6,10.5,0.0,84,16,31.7,14.6
1627763,Malcolm Brogdon,WAS,2024-25,november,Role Player,Role,23.1,20.8,20.2020202020202,76,7,24.0,14.6
1629028,Deandre Ayton,POR,2024-25,november,Rim Runner,Big,19.8,5.9,9.482758620689657,84,8,29.3,14.5
202331,Paul George,PHI,2024-25,november,Role Player,Role,27.2,29.5,46.96969696969697,80,9,28.6,14.4
1630228,Jonathan Kuminga,GSW,2024-25,november,Secondary Ball Handler,Secondary,27.4,13.7,33.33333333333333,79,12,22.7,14.4
1630230,Naji Marshall,DAL,2024-25,november,Role Player,Role,20.2,12.1,28.999999999999996,78,15,26.1,14.3
202699,Tobias Harris,DET,2024-25,november,Role Player,Role,18.4,11.7,37.931034482758626,80,16,31.9,14.0
1628404,Josh Hart,NYK,2024-25,november,3&D Wing,Wing,13.0,20.9,34.065934065934066,76,15,37.9,13.8
1630700,Dyson Daniels,ATL,2024-25,november,Role Player,Role,18.5,12.7,30.14705882352941,79,15,34.1,13.7
1642261,Dalton Knecht,LAL,2024-25,november,Movement Shooter,Shooter,17.4,6.7,62.62626262626263,78,14,26.3,13.6
1629655,Daniel Gafford,DAL,2024-25,november,Anchor Big,Big,18.1,7.7,0.0,82,14,22.1,13.6
1642264,Stephon Castle,SAS,2024-25,november,Secondary Ball Handler,Secondary,22.1,22.1,40.869565217391305,78,14,28.6,13.6
1629023,P.J. Washington,DAL,2024-25,november,Role Player,Role,17.5,9.2,27.10280373831776,78,10,32.1,13.5
1628386,Jarrett Allen,CLE,2024-25,november,Role Player,Role,15.0,8.0,0.0,81,15,29.8,13.4
1626171,Bobby Portis,MIL,2024-25,november,Anchor Big,Big,26.0,9.8,26.229508196721312,82,13,23.3,13.4
1630245,Ayo Dosunmu,CHI,2024-25,november,Role Player,Role,17.3,18.5,37.62376237623762,77,16,30.1,13.4
1642377,Jaylen Wells,MEM,2024-25,november,Role Player,Role,18.0,9.7,50.495049504950494,80,14,26.3,13.4
1629675,Naz Reid,MIN,2024-25,november,Role Player,Role,21.3,9.4,51.42857142857144,81,15,24.5,13.3
1629021,Moritz Wagner,ORL,2024-25,november,Rim Runner,Big,24.9,13.9,29.54545454545454,83,16,20.1,13.3
1627741,Buddy Hield,GSW,2024-25,november,Movement Shooter,Shooter,20.3,8.5,69.6078431372549,76,14,23.0,13.2
1641708,Amen Thompson,HOU,2024-25,november,Role Player,Role,16.3,12.1,10.975609756097562,79,15,28.8,13.2
203935,Marcus Smart,WAS,2024-25,november,Role Player,Role,21.9,35.5,71.11111111111111,75,5,21.4,13.2
201572,Brook Lopez,MIL,2024-25,november,Stretch Big,Big,14.7,8.0,58.333333333333336,85,14,33.8,13.1
1630527,Brandon Boston,NOP,2024-25,november,Role Player,Role,19.0,20.6,38.26086956521739,78,15,32.0,13.0
201566,Russell Westbrook,DEN,2024-25,november,Secondary Ball Handler,Secondary,23.3,36.0,38.095238095238095,76,13,26.2,12.9
1641744,Zach Edey,MEM,2024-25,november,Post Scorer,Big,20.5,7.1,11.538461538461538,88,8,21.9,12.8
1629130,Duncan Robinson,MIA,2024-25,november,Movement Shooter,Shooter,20.4,14.8,73.73737373737373,79,12,24.0,12.7
1630577,Julian Champagnie,SAS,2024-25,november,3&D Wing,Wing,15.9,8.3,74.74747474747475,79,14,30.8,12.6
1629640,Keldon Johnson,SAS,2024-25,november,Role Player,Role,19.6,12.6,38.38383838383838,77,13,25.6,12.5
1628415,Dillon Brooks,HOU,2024-25,november,Role Player,Role,17.8,8.0,46.90265486725663,78,15,29.5,12.5
1626156,D'Angelo Russell,BKN,2024-25,november,Secondary Ball Handler,Secondary,22.3,24.0,54.629629629629626,75,14,25.5,12.5
1630583,Santi Aldama,MEM,2024-25,november,Rim Runner,Big,18.0,15.8,38.53211009174312,84,14,27.2,12.5
1630590,Scotty Pippen Jr.,MEM,2024-25,november,Role Player,Role,19.5,29.1,32.98969072164949,73,14,25.3,12.4
1630534,Ochai Agbaji,TOR,2024-25,november,Role Player,Role,13.4,10.1,48.913043478260875,77,15,32.3,12.4
1631096,Chet Holmgren,OKC,2024-25,november,Anchor Big,Big,22.9,8.1,36.36363636363637,85,6,23.2,12.3
1631106,Tari Eason,HOU,2024-25,november,3&D Wing,Wing,19.2,5.6,29.7029702970297,80,15,24.5,12.3
1642258,Zaccharie Risacher,ATL,2024-25,november,Role Player,Role,21.3,8.1,45.714285714285715,80,16,24.1,12.3
1629660,Ty Jerome,CLE,2024-25,november,Role Player,Role,20.5,25.1,43.90243902439025,77,15,20.7,12.3
1628960,Grayson Allen,PHX,2024-25,november,Secondary Ball Handler,Secondary,20.1,5.9,75.00000000000001,76,12,24.5,12.3
202691,Klay Thompson,DAL,2024-25,november,Movement Shooter,Shooter,20.7,9.5,60.33057851239669,77,12,28.1,12.3
1626145,Tyus Jones,PHX,2024-25,november,3&D Wing,Wing,15.4,31.6,55.99999999999999,73,14,32.5,12.2
203992,Bogdan Bogdanović,LAC,2024-25,november,Secondary Ball Handler,Secondary,20.6,10.4,60.909090909090914,77,6,24.3,12.2
201950,Jrue Holiday,BOS,2024-25,november,Role Player,Role,16.7,19.0,55.44554455445544,76,13,31.7,12.1
1631099,Keegan Murray,SAC,2024-25,november,Role Player,Role,15.3,6.6,48.67256637168141,80,16,36.6,11.9
203084,Harrison Barnes,SAS,2024-25,november,3&D Wing,Wing,14.1,9.0,47.2972972972973,80,14,29.7,11.9
1630166,Deni Avdija,POR,2024-25,november,Role Player,Role,19.4,19.4,41.93548387096774,81,15,26.5,11.9
1631095,Jabari Smith Jr.,HOU,2024-25,november,Stretch Big,Big,15.3,3.2,49.45054945054945,82,15,27.6,11.8
1631117,Walker Kessler,UTA,2024-25,november,Anchor Big,Big,13.5,7.6,0.0,84,8,28.6,11.8
1630625,Dalano Banton,POR,2024-25,november,Role Player,Role,27.6,21.5,44.680851063829785,80,15,18.5,11.6
1631212,Peyton Watson,DEN,2024-25,november,Role Player,Role,14.9,6.0,33.33333333333333,79,13,29.0,11.5
202685,Jonas Valančiūnas,SAC,2024-25,november,Post Scorer,Big,22.1,16.5,5.063291139240507,83,14,19.4,11.4
1627747,Caris LeVert,ATL,2024-25,november,Role Player,Role,17.8,22.3,48.8095238095238,78,9,25.5,11.3
1642259,Alex Sarr,WAS,2024-25,november,Stretch Big,Big,20.7,13.5,40.36697247706422,84,14,27.5,11.3
1630544,Tre Mann,CHA,2024-25,november,Secondary Ball Handler,Secondary,23.9,23.0,33.64485981308412,75,9,22.8,11.2
1630172,Patrick Williams,CHI,2024-25,november,3&D Wing,Wing,17.3,11.1,55.0561797752809,79,10,29.2,11.2
203991,Clint Capela,ATL,2024-25,november,Anchor Big,Big,17.7,8.1,0.0,82,16,22.6,11.1
1627827,Dorian Finney-Smith,LAL,2024-25,november,Role Player,Role,13.7,7.7,69.33333333333334,79,10,28.9,11.0
1626162,Kelly Oubre Jr.,PHI,2024-25,november,Role Player,Role,17.4,7.5,40.59405940594059,80,14,29.7,10.9
1628449,Chris Boucher,TOR,2024-25,november,Role Player,Role,21.5,5.1,48.1012658227848,81,15,18.7,10.8
1641731,Bilal Coulibaly,WAS,2024-25,november,Role Player,Role,14.4,12.0,30.434782608695656,80,13,35.4,10.8
1630557,Corey Kispert,WAS,2024-25,november,Role Player,Role,16.7,6.5,60.82474226804124,78,14,28.2,10.7
1630183,Jaden McDaniels,MIN,2024-25,november,Role Player,Role,15.6,8.8,45.263157894736835,81,15,31.1,10.7
1626179,Terry Rozier,MIA,2024-25,november,Role Player,Role,17.7,14.2,50.505050505050505,73,11,29.1,10.6
1630217,Desmond Bane,ORL,2024-25,november,Secondary Ball Handler,Secondary,20.3,19.8,47.74774774774775,77,8,27.7,10.6
203497,Rudy Gobert,MIN,2024-25,november,Anchor Big,Big,11.6,8.9,0.0,85,15,34.2,10.6
1627824,Guerschon Yabusele,PHI,2024-25,november,Role Player,Role,17.0,9.7,54.430379746835435,80,14,24.5,10.6
1630581,Josh Giddey,CHI,2024-25,november,Role Player,Role,20.0,32.8,35.78947368421053,80,16,26.5,10.6
1630168,Onyeka Okongwu,ATL,2024-25,november,Rim Runner,Big,17.0,10.8,22.5,82,15,23.4,10.5
1641722,Jordan Hawkins,NOP,2024-25,november,Role Player,Role,21.9,7.9,52.77777777777778,77,6,24.4,10.5
101108,Chris Paul,SAS,2024-25,november,Role Player,Role,14.9,40.6,67.53246753246754,72,14,28.3,10.4
1629684,Grant Williams,CHA,2024-25,november,Role Player,Role,14.5,8.8,56.79012345679012,78,12,31.9,10.4
1629599,Amir Coffey,LAC,2024-25,november,Role Player,Role,15.9,7.5,52.56410256410257,79,16,25.0,10.4
204456,T.J. McConnell,IND,2024-25,november,Secondary Ball Handler,Secondary,22.6,30.1,3.4090909090909087,73,14,19.8,10.4
1631260,AJ Green,MIL,2024-25,november,3&D Wing,Wing,13.7,5.6,91.1764705882353,76,13,25.1,10.0
1630198,Isaiah Joe,OKC,2024-25,november,Role Player,Role,16.2,8.6,80.68181818181817,75,13,24.6,10.0
1629060,Rui Hachimura,LAL,2024-25,november,3&D Wing,Wing,13.7,7.4,46.98795180722891,80,9,30.0,10.0
1630592,Jalen Wilson,BKN,2024-25,november,3&D Wing,Wing,16.7,10.4,53.24675324675325,78,14,25.3,9.9
1630703,Scoot Henderson,POR,2024-25,november,Role Player,Role,20.9,30.6,30.927835051546392,75,11,25.9,9.9
203110,Draymond Green,GSW,2024-25,november,Role Player,Role,15.3,27.2,58.108108108108105,78,14,29.7,9.9
1627884,Derrick Jones Jr.,LAC,2024-25,november,3&D Wing,Wing,16.5,5.4,38.15789473684211,78,16,24.2,9.8
1629652,Luguentz Dort,OKC,2024-25,november,3&D Wing,Wing,13.8,8.5,64.28571428571429,76,15,30.0,9.8
1641729,Brice Sensabaugh,UTA,2024-25,november,Movement Shooter,Shooter,22.4,5.2,61.33333333333333,77,8,17.0,9.8
201143,Al Horford,BOS,2024-25,november,Role Player,Role,13.9,13.1,72.15189873417721,81,10,29.0,9.7
1629656,Quentin Grimes,PHI,2024-25,november,Role Player,Role,15.7,10.2,57.971014492753625,76,13,22.8,9.6
1630540,Miles McBride,NYK,2024-25,november,Role Player,Role,15.7,11.5,60.465116279069775,73,10,25.9,9.6
1629057,Robert Williams III,POR,2024-25,november,Role Player,Role,15.3,13.3,5.555555555555555,81,7,18.8,9.6
1629048,Goga Bitadze,ORL,2024-25,november,Rim Runner,Big,14.4,11.7,6.779661016949152,82,14,25.1,9.4
1630598,Aaron Wiggins,OKC,2024-25,november,3&D Wing,Wing,18.2,9.5,48.192771084337345,77,15,21.6,9.3
1641739,Toumani Camara,POR,2024-25,november,3&D Wing,Wing,14.8,9.3,52.32558139534884,79,15,31.1,9.3
1628997,Caleb Martin,DAL,2024-25,november,Role Player,Role,14.1,13.2,40.54054054054054,77,12,31.0,9.3
1629645,Kevin Porter Jr.,MIL,2024-25,november,Secondary Ball Handler,Secondary,25.1,25.7,24.41860465116279,76,16,19.7,9.3
1631222,Jake LaRavia,SAC,2024-25,november,3&D Wing,Wing,14.3,22.4,38.70967741935484,79,14,23.1,9.2
1626220,Royce O'Neale,PHX,2024-25,november,3&D Wing,Wing,16.0,11.4,64.28571428571429,78,14,24.5,9.2
1627752,Taurean Prince,MIL,2024-25,november,3&D Wing,Wing,12.1,8.3,61.904761904761905,78,14,28.2,9.1
203484,Kentavious Caldwell-Pope,MEM,2024-25,november,Role Player,Role,11.9,9.8,62.5,77,15,30.1,9.1
1629638,Nickeil Alexander-Walker,MIN,2024-25,november,Role Player,Role,14.8,15.2,52.23880597014925,77,15,25.0,9.1
1626166,Cameron Payne,NYK,2024-25,november,Role Player,Role,17.3,22.6,66.17647058823529,75,11,18.4,9.1
1630526,Jeremiah Robinson-Earl,NOP,2024-25,november,Role Player,Role,15.9,8.2,41.77215189873417,80,15,24.9,9.1
1627777,Georges Niang,ATL,2024-25,november,Role Player,Role,19.0,9.0,66.25,79,15,20.6,8.9
1631105,Jalen Duren,DET,2024-25,november,Rim Runner,Big,15.7,14.9,0.0,82,15,23.5,8.9
1630570,Trendon Watford,BKN,2024-25,november,Role Player,Role,23.8,15.9,33.80281690140845,80,7,17.5,8.9
1631124,Julian Strawther,DEN,2024-25,november,Role Player,Role,17.0,9.0,53.52112676056338,78,13,21.1,8.8
203994,Jusuf Nurkić,CHA,2024-25,november,Stretch Big,Big,16.4,6.0,43.66197183098592,84,11,25.1,8.8
201144,Mike Conley,MIN,2024-25,november,Role Player,Role,15.3,23.4,68.91891891891892,72,11,26.8,8.8
1628978,Donte DiVincenzo,MIN,2024-25,november,Movement Shooter,Shooter,17.3,19.2,81.48148148148148,76,15,25.2,8.8
1642273,Kyshawn George,WAS,2024-25,november,Role Player,Role,15.6,13.5,65.11627906976743,80,14,27.6,8.8
1642274,Yves Missi,NOP,2024-25,november,Rim Runner,Big,14.0,7.9,0.0,83,14,25.9,8.6
1641726,Dereck Lively II,DAL,2024-25,november,Rim Runner,Big,13.1,13.1,0.0,85,11,22.1,8.6
1641710,Anthony Black,ORL,2024-25,november,Role Player,Role,19.9,27.4,40.27777777777777,79,16,23.8,8.5
1629006,Josh Okogie,CHA,2024-25,november,3&D Wing,Wing,18.8,5.9,32.758620689655174,76,10,15.8,8.5
203501,Tim Hardaway Jr.,DET,2024-25,november,Movement Shooter,Shooter,14.7,9.3,67.0886075949367,77,14,26.5,8.5
1631170,Jaime Jaquez Jr.,MIA,2024-25,november,Role Player,Role,20.6,18.0,23.68421052631579,78,9,19.8,8.4
1629669,Jaylen Nowell,WAS,2024-25,november,Role Player,Role,21.5,17.6,37.362637362637365,76,8,21.0,8.4
1631213,Tyrese Martin,BKN,2024-25,november,Role Player,Role,18.0,10.9,80.76923076923077,78,6,15.0,8.3
1641783,Tristan da Silva,ORL,2024-25,november,Role Player,Role,13.9,9.9,50.0,80,16,25.5,8.3
1642267,Bub Carrington,WAS,2024-25,november,Role Player,Role,15.3,23.9,51.21951219512195,76,14,28.1,8.3
203901,Elfrid Payton,NOP,2024-25,november,Role Player,Role,19.3,44.4,2.5641025641025643,75,5,24.2,8.2
1629651,Nic Claxton,BKN,2024-25,november,Anchor Big,Big,13.7,17.5,0.0,83,10,26.1,8.2
1631245,Quenton Jackson,IND,2024-25,november,Role Player,Role,15.7,15.7,30.645161290322577,77,11,19.8,8.2
1630533,Ziaire Williams,BKN,2024-25,november,3&D Wing,Wing,19.0,6.4,40.789473684210535,81,15,22.5,8.1
1630167,Obi Toppin,IND,2024-25,november,Role Player,Role,15.4,11.0,45.45454545454546,81,14,19.4,8.1
1628989,Kevin Huerter,CHI,2024-25,november,Role Player,Role,16.9,12.4,65.47619047619048,79,14,25.7,8.0
1641730,Noah Clowney,BKN,2024-25,november,3&D Wing,Wing,19.3,9.1,71.92982456140349,81,10,16.7,8.0
1628998,Cody Martin,PHX,2024-25,november,Role Player,Role,14.1,15.8,45.714285714285715,78,16,25.2,7.9
1642271,Kyle Filipowski,UTA,2024-25,november,Rim Runner,Big,16.0,17.0,35.08771929824561,83,10,21.2,7.8
1631165,Keon Ellis,SAC,2024-25,november,3&D Wing,Wing,12.1,5.7,74.50980392156863,76,16,23.3,7.8
1626204,Larry Nance Jr.,ATL,2024-25,november,Role Player,Role,13.1,8.9,51.06382978723404,80,7,15.8,7.7
1629018,Gary Trent Jr.,MIL,2024-25,november,3&D Wing,Wing,14.6,5.2,64.70588235294117,77,12,22.9,7.6
1630182,Josh Green,CHA,2024-25,november,3&D Wing,Wing,11.5,7.9,54.09836065573771,77,16,27.3,7.6
203083,Andre Drummond,PHI,2024-25,november,Rim Runner,Big,19.6,6.3,5.172413793103448,83,13,17.9,7.5
1629726,Garrison Mathews,ATL,2024-25,november,Role Player,Role,14.5,12.0,79.59183673469387,78,14,16.8,7.5
1630573,Sam Hauser,BOS,2024-25,november,Movement Shooter,Shooter,14.0,7.0,86.36363636363637,79,14,21.7,7.5
1628380,Zach Collins,CHI,2024-25,november,Versatile Big,Big,19.0,20.7,35.294117647058826,83,14,15.5,7.4
1630241,Sam Merrill,CLE,2024-25,november,Role Player,Role,14.1,9.4,86.66666666666667,76,11,19.7,7.4
1630702,Jaden Hardy,DAL,2024-25,november,3&D Wing,Wing,23.1,13.3,40.845070422535215,75,14,16.7,7.4
1631218,Trayce Jackson-Davis,GSW,2024-25,november,Role Player,Role,19.7,18.0,1.639344262295082,81,14,16.0,7.4
1629637,Jaxson Hayes,LAL,2024-25,november,Rim Runner,Big,13.3,2.5,0.0,84,6,18.8,7.3
1628379,Luke Kennard,MEM,2024-25,november,Movement Shooter,Shooter,12.2,17.5,73.21428571428571,77,12,21.4,7.3
1630171,Isaac Okoro,CLE,2024-25,november,3&D Wing,Wing,11.4,9.7,60.377358490566046,77,13,22.1,7.3
1629674,Neemias Queta,BOS,2024-25,november,Rim Runner,Big,13.0,6.5,2.0833333333333335,84,13,21.6,7.3
203915,Spencer Dinwiddie,DAL,2024-25,november,Role Player,Role,13.8,21.3,61.01694915254237,77,14,21.9,7.3
1631204,Marcus Sasser,DET,2024-25,november,Role Player,Role,18.2,18.3,40.74074074074075,74,12,15.1,7.3
1630191,Isaiah Stewart,DET,2024-25,november,Role Player,Role,12.3,11.8,21.568627450980397,80,17,22.3,7.2
203995,Vasilije Micic,PHX,2024-25,november,Role Player,Role,19.9,26.6,45.83333333333333,75,6,19.2,7.2
1629634,Brandon Clarke,MEM,2024-25,november,Role Player,Role,13.2,5.2,16.071428571428573,80,13,18.7,7.2
1631323,Simone Fontecchio,DET,2024-25,november,Movement Shooter,Shooter,15.1,7.7,67.27272727272727,79,15,18.8,7.1
1629750,Javonte Green,CLE,2024-25,november,3&D Wing,Wing,11.3,5.5,44.06779661016949,77,15,25.4,7.0
1627739,Kris Dunn,LAC,2024-25,november,Role Player,Role,14.7,16.8,51.562499999999986,75,16,22.9,6.8
1641764,Brandin Podziemski,GSW,2024-25,november,Role Player,Role,14.6,21.8,43.74999999999999,76,13,22.3,6.8
1631107,Nikola Jović,MIA,2024-25,november,Stretch Big,Big,16.9,8.5,44.44444444444444,82,10,16.0,6.7
1627936,Alex Caruso,OKC,2024-25,november,3&D Wing,Wing,15.3,16.8,51.562499999999986,77,9,19.1,6.7
1629312,Haywood Highsmith,MIA,2024-25,november,Role Player,Role,10.0,5.0,57.14285714285714,77,13,24.1,6.6
1630558,Davion Mitchell,MIA,2024-25,november,Role Player,Role,12.8,23.8,46.03174603174603,72,15,28.0,6.6
1630541,Moses Moody,GSW,2024-25,november,3&D Wing,Wing,17.9,7.9,54.71698113207547,77,14,15.0,6.6
1628371,Jonathan Isaac,ORL,2024-25,november,Stretch Big,Big,15.1,2.3,50.87719298245613,82,16,18.4,6.6
1629003,Shake Milton,LAL,2024-25,november,Role Player,Role,14.5,22.3,46.666666666666664,77,11,16.9,6.5
1629611,Terance Mann,ATL,2024-25,november,Role Player,Role,13.9,13.4,39.28571428571429,77,16,20.6,6.4
1641796,Pelle Larsson,MIA,2024-25,november,3&D Wing,Wing,13.8,11.6,44.44444444444444,77,11,17.2,6.4
1630553,Keon Johnson,BKN,2024-25,november,Role Player,Role,19.8,10.7,63.934426229508205,77,14,16.5,6.4
202692,Alec Burks,MIA,2024-25,november,Role Player,Role,13.8,14.6,68.75,77,8,16.6,6.3
1641767,Ben Sheppard,IND,2024-25,november,Role Player,Role,11.3,8.3,76.27118644067797,78,8,24.4,6.3
1642270,Donovan Clingan,POR,2024-25,november,Anchor Big,Big,14.3,3.5,13.999999999999998,86,12,18.8,6.3
1626168,Trey Lyles,SAC,2024-25,november,Role Player,Role,13.5,6.6,70.37037037037037,81,14,20.6,6.1
1641716,Jarace Walker,IND,2024-25,november,Role Player,Role,15.3,12.0,54.71698113207547,79,15,20.5,6.1
1641717,Cason Wallace,OKC,2024-25,november,3&D Wing,Wing,10.3,11.4,47.45762711864406,75,15,25.7,6.0
1642349,Ajay Mitchell,OKC,2024-25,november,Role Player,Role,15.1,14.1,32.6530612244898,77,15,16.8,5.9
1630548,Johnny Juzang,UTA,2024-25,november,Role Player,Role,14.9,9.0,73.07692307692307,77,13,16.6,5.9
1642345,Oso Ighodaro,PHX,2024-25,november,Rim Runner,Big,11.5,8.2,0.0,84,10,19.8,5.9
1641842,Ronald Holland II,DET,2024-25,november,Role Player,Role,17.2,5.1,40.74074074074075,80,17,16.7,5.8
1627732,Ben Simmons,LAC,2024-25,november,Versatile Big,Big,13.0,39.6,0.0,82,11,25.4,5.8
1631111,Wendell Moore Jr.,CHA,2024-25,november,Role Player,Role,12.8,12.1,26.31578947368421,77,9,17.4,5.8
1626192,Pat Connaughton,MIL,2024-25,november,Role Player,Role,14.1,15.0,58.333333333333336,77,9,18.3,5.7
1631108,Max Christie,DAL,2024-25,november,Role Player,Role,13.1,6.7,39.473684210526315,77,13,16.6,5.6
1630231,KJ Martin,UTA,2024-25,november,Role Player,Role,11.3,8.5,15.625,78,11,15.8,5.5
203937,Kyle Anderson,MIA,2024-25,november,Role Player,Role,16.5,26.0,30.188679245283023,81,13,15.2,5.5
1642275,Tidjane Salaün,CHA,2024-25,november,3&D Wing,Wing,13.6,7.8,68.5185185185185,80,16,20.2,5.2
1630322,Lindy Waters III,DET,2024-25,november,Role Player,Role,13.0,8.6,69.0909090909091,78,12,18.2,5.2
1630811,Keaton Wallace,ATL,2024-25,november,Role Player,Role,14.7,15.3,47.36842105263158,75,9,19.4,5.1
1628436,Luke Kornet,BOS,2024-25,november,Rim Runner,Big,8.4,12.3,0.0,85,9,17.9,5.1
1642266,Ja'Kobe Walter,TOR,2024-25,november,3&D Wing,Wing,17.5,10.5,47.61904761904762,77,6,17.0,5.0
1642346,Ryan Dunn,PHX,2024-25,november,Role Player,Role,14.8,7.7,63.63636363636363,80,13,18.0,4.9
200768,Kyle Lowry,PHI,2024-25,november,Role Player,Role,11.2,21.6,75.51020408163265,72,9,25.0,4.9
203967,Dario Šarić,DEN,2024-25,november,Stretch Big,Big,18.4,15.9,57.692307692307686,82,6,16.1,4.8
1631288,Jamal Cain,NOP,2024-25,november,Role Player,Role,13.2,7.9,56.41025641025642,78,10,15.6,4.6
1629731,Dean Wade,CLE,2024-25,november,3&D Wing,Wing,9.4,7.3,87.17948717948718,81,8,20.7,4.5
1642367,Jonathan Mogbo,TOR,2024-25,november,Role Player,Role,12.2,12.5,13.88888888888889,81,15,15.4,4.4
203486,Mason Plumlee,PHX,2024-25,november,Rim Runner,Big,13.0,16.1,0.0,82,13,16.6,4.4
201587,Nicolas Batum,LAC,2024-25,november,3&D Wing,Wing,10.3,7.3,76.31578947368422,80,16,17.3,4.4
1629629,Cam Reddish,LAL,2024-25,november,Role Player,Role,7.1,3.4,51.85185185185185,79,12,21.4,4.3
1626196,Josh Richardson,MIA,2024-25,november,Role Player,Role,13.4,11.7,58.333333333333336,77,8,18.7,4.0
1641748,Andre Jackson Jr.,MIL,2024-25,november,Role Player,Role,11.8,9.1,48.717948717948715,78,14,21.6,3.9
1630200,Tre Jones,CHI,2024-25,november,Role Player,Role,12.5,28.6,41.86046511627907,73,6,18.4,3.8
203914,Gary Harris,ORL,2024-25,november,3&D Wing,Wing,9.6,2.8,71.87499999999999,76,12,16.2,3.8
1631217,Moussa Diabaté,CHA,2024-25,november,Role Player,Role,7.7,5.7,0.0,81,16,23.2,3.5
1642268,Isaiah Collier,UTA,2024-25,november,Role Player,Role,16.2,25.2,41.86046511627907,75,12,17.7,3.4
1642262,Cody Williams,UTA,2024-25,november,Role Player,Role,11.9,9.8,46.15384615384615,79,11,16.8,2.9
1629216,Gabe Vincent,LAL,2024-25,november,Movement Shooter,Shooter,9.9,4.6,66.66666666666667,74,14,16.5,2.6
1626153,Delon Wright,NYK,2024-25,november,Role Player,Role,10.1,15.5,65.625,77,11,17.2,2.5
1628467,Maxi Kleber,LAL,2024-25,november,Rim Runner,Big,7.0,2.9,23.529411764705884,82,9,16.9,1.9
1628983,Shai Gilgeous-Alexander,OKC,2024-25,december,Primary Initiator,Primary,32.6,25.8,29.577464788732392,78,13,34.5,33.3
203999,Nikola Jokić,DEN,2024-25,december,Versatile Big,Big,30.4,33.6,23.21428571428572,83,14,37.0,32.2
203507,Giannis Antetokounmpo,MIL,2024-25,december,Versatile Big,Big,36.3,26.3,2.6178010471204183,83,8,34.6,31.9
201142,Kevin Durant,PHX,2024-25,december,Versatile Big,Big,33.8,23.7,25.98039215686275,83,10,34.5,28.8
1641705,Victor Wembanyama,SAS,2024-25,december,Stretch Big,Big,32.8,24.9,47.02970297029703,87,12,33.8,28.5
1629029,Luka Dončić,LAL,2024-25,december,Primary Initiator,Primary,29.9,36.5,48.924731182795696,78,8,33.9,28.3
1628369,Jayson Tatum,BOS,2024-25,december,Primary Initiator,Primary,28.6,22.0,50.24390243902439,80,11,36.4,27.5
203954,Joel Embiid,PHI,2024-25,december,Versatile Big,Big,38.9,28.0,20.0,84,7,28.2,26.0
1630178,Tyrese Maxey,PHI,2024-25,december,Primary Initiator,Primary,28.7,27.1,46.5,74,12,38.2,25.8
1626181,Norman Powell,LAC,2024-25,december,Role Player,Role,28.8,12.8,47.80219780219779,76,11,33.2,25.6
2544,LeBron James,LAL,2024-25,december,Primary Initiator,Primary,31.2,45.0,29.411764705882355,81,10,34.8,25.6
1630595,Cade Cunningham,DET,2024-25,december,Primary Initiator,Primary,30.9,47.8,36.13861386138614,78,10,35.5,24.8
1626164,Devin Booker,PHX,2024-25,december,Secondary Ball Handler,Secondary,29.6,26.3,42.473118279569896,78,8,35.3,24.8
1628368,De'Aaron Fox,SAS,2024-25,december,Primary Initiator,Primary,28.5,29.5,31.553398058252423,75,13,36.3,24.7
1629639,Tyler Herro,MIA,2024-25,december,Role Player,Role,26.5,26.0,53.448275862068975,77,13,35.3,24.6
1628973,Jalen Brunson,NYK,2024-25,december,Primary Initiator,Primary,28.2,32.7,37.42690058479532,74,14,34.9,24.4
1629628,RJ Barrett,TOR,2024-25,december,Role Player,Role,28.2,25.2,28.651685393258425,78,10,33.9,24.3
202681,Kyrie Irving,DAL,2024-25,december,Role Player,Role,26.4,17.1,41.711229946524064,74,10,35.7,24.2
1627759,Jaylen Brown,BOS,2024-25,december,Secondary Ball Handler,Secondary,29.4,23.2,32.29166666666667,78,13,34.1,24.0
203081,Damian Lillard,MIL,2024-25,december,Movement Shooter,Shooter,25.6,31.7,57.57575757575758,74,8,36.6,23.6
1629027,Trae Young,ATL,2024-25,december,Secondary Ball Handler,Secondary,26.8,44.4,49.71751412429379,73,11,36.4,23.3
1626157,Karl-Anthony Towns,NYK,2024-25,december,Rim Runner,Big,25.0,13.9,31.03448275862069,84,13,34.6,23.2
1641706,Brandon Miller,CHA,2024-25,december,Movement Shooter,Shooter,27.4,18.6,62.82722513089005,79,7,35.1,23.1
1628378,Donovan Mitchell,CLE,2024-25,december,Movement Shooter,Shooter,27.9,26.8,56.7251461988304,75,13,31.3,23.1
203076,Anthony Davis,DAL,2024-25,december,Anchor Big,Big,29.2,19.0,14.124293785310735,82,13,33.9,22.9
1629631,De'Andre Hunter,CLE,2024-25,december,Role Player,Role,25.3,7.7,45.774647887323944,80,12,28.5,22.7
201935,James Harden,LAC,2024-25,december,Primary Initiator,Primary,31.3,27.9,54.54545454545454,77,11,33.2,22.6
1630559,Austin Reaves,LAL,2024-25,december,Secondary Ball Handler,Secondary,24.1,31.3,42.58064516129032,77,8,36.3,22.1
1629661,Cameron Johnson,BKN,2024-25,december,Role Player,Role,24.1,17.7,53.956834532374096,80,10,33.2,22.0
1627750,Jamal Murray,DEN,2024-25,december,Secondary Ball Handler,Secondary,23.1,23.2,31.57894736842105,76,11,38.1,22.0
1628991,Jaren Jackson Jr.,MEM,2024-25,december,Rim Runner,Big,28.5,12.5,31.32530120481928,82,14,28.7,22.0
203897,Zach LaVine,SAC,2024-25,december,Role Player,Role,26.9,21.4,47.46835443037975,77,10,32.6,22.0
1629673,Jordan Poole,WAS,2024-25,december,Movement Shooter,Shooter,26.6,24.1,64.02439024390245,76,10,34.0,21.9
203468,CJ McCollum,NOP,2024-25,december,Secondary Ball Handler,Secondary,26.9,21.1,40.625,75,13,34.0,21.6
1628969,Mikal Bridges,NYK,2024-25,december,Role Player,Role,19.0,12.9,44.80519480519481,78,14,40.4,21.5
201939,Stephen Curry,GSW,2024-25,december,Movement Shooter,Shooter,26.8,28.6,64.97175141242938,74,11,33.1,21.5
1627734,Domantas Sabonis,SAC,2024-25,december,Versatile Big,Big,23.0,25.4,13.924050632911392,82,12,33.9,21.3
1629630,Ja Morant,MEM,2024-25,december,Secondary Ball Handler,Secondary,29.5,32.4,36.70886075949367,74,10,27.9,21.0
1630228,Jonathan Kuminga,GSW,2024-25,december,Secondary Ball Handler,Secondary,28.5,13.9,22.981366459627328,79,13,31.1,21.0
1630530,Trey Murphy III,NOP,2024-25,december,Role Player,Role,20.5,13.2,57.24137931034483,80,13,35.1,20.8
1628970,Miles Bridges,CHA,2024-25,december,Role Player,Role,29.1,23.8,41.530054644808736,79,8,31.4,20.6
1630162,Anthony Edwards,MIN,2024-25,december,Primary Initiator,Primary,28.5,21.2,43.888888888888886,76,13,34.0,20.5
1631114,Jalen Williams,OKC,2024-25,december,Secondary Ball Handler,Secondary,28.2,24.4,28.10810810810811,77,13,33.2,20.3
1629636,Darius Garland,CLE,2024-25,december,Secondary Ball Handler,Secondary,26.3,30.8,48.27586206896552,73,13,29.3,20.2
202696,Nikola Vučević,CHI,2024-25,december,Rim Runner,Big,21.7,15.4,31.75675675675675,82,11,32.7,20.0
1628374,Lauri Markkanen,UTA,2024-25,december,Stretch Big,Big,23.0,8.2,64.13793103448276,84,11,32.0,19.8
1630552,Jalen Johnson,ATL,2024-25,december,Secondary Ball Handler,Secondary,21.0,20.6,21.85430463576159,80,11,36.5,19.5
1630578,Alperen Sengun,HOU,2024-25,december,Versatile Big,Big,24.6,25.5,9.803921568627452,83,12,32.8,19.3
1630224,Jalen Green,HOU,2024-25,december,Role Player,Role,24.3,11.8,45.28301886792453,76,12,33.2,19.3
1630567,Scottie Barnes,TOR,2024-25,december,Role Player,Role,25.0,32.3,37.106918238993714,79,11,34.2,19.2
1629008,Michael Porter Jr.,DEN,2024-25,december,Stretch Big,Big,20.3,9.6,42.85714285714286,82,14,32.5,18.9
1630596,Evan Mobley,CLE,2024-25,december,Anchor Big,Big,24.2,16.0,28.68852459016394,83,12,28.8,18.8
1630217,Desmond Bane,ORL,2024-25,december,Secondary Ball Handler,Secondary,21.4,27.0,44.44444444444444,77,13,29.8,18.8
1629014,Anfernee Simons,POR,2024-25,december,Secondary Ball Handler,Secondary,24.4,28.1,52.63157894736842,75,12,31.9,18.6
203903,Jordan Clarkson,UTA,2024-25,december,Role Player,Role,28.4,27.8,35.87786259541985,75,7,27.1,18.6
1630591,Jalen Suggs,ORL,2024-25,december,Primary Initiator,Primary,30.8,22.0,44.171779141104295,77,12,29.7,18.4
1627736,Malik Beasley,DET,2024-25,december,Role Player,Role,23.6,9.0,68.70748299319727,76,10,26.6,18.4
201942,DeMar DeRozan,SAC,2024-25,december,Role Player,Role,21.5,15.2,13.103448275862068,78,13,33.8,18.4
1627783,Pascal Siakam,IND,2024-25,december,Role Player,Role,21.2,12.3,34.306569343065696,80,14,32.8,18.3
203078,Bradley Beal,PHX,2024-25,december,Secondary Ball Handler,Secondary,25.3,15.7,34.83870967741935,76,11,33.4,18.3
204001,Kristaps Porziņģis,BOS,2024-25,december,Stretch Big,Big,24.3,9.0,44.60431654676259,86,9,28.0,18.2
203944,Julius Randle,MIN,2024-25,december,Role Player,Role,26.8,25.1,36.17021276595744,81,13,31.1,18.2
1629012,Collin Sexton,UTA,2024-25,december,Secondary Ball Handler,Secondary,26.2,27.3,34.26573426573427,75,12,28.5,18.1
1631101,Shaedon Sharpe,POR,2024-25,december,Secondary Ball Handler,Secondary,23.1,13.7,42.567567567567565,77,12,31.5,18.0
1630169,Tyrese Haliburton,IND,2024-25,december,Role Player,Role,19.3,33.1,58.778625954198475,77,14,36.0,17.8
1628381,John Collins,UTA,2024-25,december,Role Player,Role,20.5,11.8,37.71929824561403,81,8,32.9,17.5
202710,Jimmy Butler III,GSW,2024-25,december,Role Player,Role,18.8,21.9,9.433962264150944,79,7,30.7,17.4
1628415,Dillon Brooks,HOU,2024-25,december,Role Player,Role,19.2,8.4,56.48854961832062,78,9,34.1,17.3
1629632,Coby White,CHI,2024-25,december,Secondary Ball Handler,Secondary,23.3,21.0,52.9032258064516,77,10,33.7,17.3
1630166,Deni Avdija,POR,2024-25,december,Secondary Ball Handler,Secondary,24.4,17.5,41.74757281553398,81,12,26.6,16.8
1641718,Keyonte George,UTA,2024-25,december,Secondary Ball Handler,Secondary,24.3,27.3,54.761904761904766,76,8,30.8,16.8
1641711,Gradey Dick,TOR,2024-25,december,Role Player,Role,23.1,9.8,50.0,78,10,29.7,16.7
1628389,Bam Adebayo,MIA,2024-25,december,Role Player,Role,23.0,22.0,18.51851851851852,81,13,34.5,16.6
1628370,Malik Monk,SAC,2024-25,december,Secondary Ball Handler,Secondary,21.8,24.4,56.64335664335663,75,13,33.5,16.5
202331,Paul George,PHI,2024-25,december,Role Player,Role,22.1,23.0,43.97163120567376,80,11,34.1,16.3
1626171,Bobby Portis,MIL,2024-25,december,Rim Runner,Big,23.1,19.1,33.83458646616541,82,12,28.0,16.0
1627749,Dejounte Murray,NOP,2024-25,december,Role Player,Role,24.8,33.9,33.333333333333336,76,13,35.1,15.9
1627832,Fred VanVleet,HOU,2024-25,december,Role Player,Role,20.6,23.0,62.58503401360544,72,11,35.5,15.8
1630202,Payton Pritchard,BOS,2024-25,december,Role Player,Role,19.1,19.7,73.98373983739836,73,14,30.3,15.8
202691,Klay Thompson,DAL,2024-25,december,Movement Shooter,Shooter,22.4,10.7,64.16666666666667,77,11,26.3,15.4
1630170,Devin Vassell,SAS,2024-25,december,Role Player,Role,21.5,15.4,42.42424242424242,77,13,29.6,15.2
1628404,Josh Hart,NYK,2024-25,december,3&D Wing,Wing,15.5,19.5,36.73469387755102,76,13,36.6,15.2
1629028,Deandre Ayton,POR,2024-25,december,Anchor Big,Big,19.6,9.5,8.547008547008547,84,10,30.5,15.0
203952,Andrew Wiggins,MIA,2024-25,december,Role Player,Role,20.6,12.5,42.06349206349206,79,11,29.6,14.9
1631093,Jaden Ivey,DET,2024-25,december,Role Player,Role,23.1,15.5,42.14876033057851,76,8,27.7,14.9
1628401,Derrick White,BOS,2024-25,december,Role Player,Role,18.6,19.6,73.94957983193278,76,13,33.9,14.7
1631097,Bennedict Mathurin,IND,2024-25,december,Secondary Ball Handler,Secondary,20.4,7.8,29.365079365079367,77,14,34.0,14.4
1627763,Malcolm Brogdon,WAS,2024-25,december,Role Player,Role,24.4,29.1,31.666666666666664,76,8,26.6,14.4
1628384,OG Anunoby,NYK,2024-25,december,Role Player,Role,17.9,6.9,48.41269841269841,79,14,35.7,14.3
1641731,Bilal Coulibaly,WAS,2024-25,december,Role Player,Role,20.7,20.8,38.059701492537314,80,11,34.0,14.3
1626145,Tyus Jones,PHX,2024-25,december,3&D Wing,Wing,17.7,25.4,53.0,73,13,29.7,14.2
1630245,Ayo Dosunmu,CHI,2024-25,december,Role Player,Role,15.4,25.6,44.44444444444444,77,9,34.2,14.2
1627826,Ivica Zubac,LAC,2024-25,december,Post Scorer,Big,17.6,13.7,0.0,84,12,32.1,13.9
1630581,Josh Giddey,CHI,2024-25,december,Secondary Ball Handler,Secondary,23.1,39.4,47.41379310344828,80,8,28.4,13.9
203114,Khris Middleton,WAS,2024-25,december,Secondary Ball Handler,Secondary,24.5,32.0,38.31775700934579,79,10,23.6,13.8
1642259,Alex Sarr,WAS,2024-25,december,Stretch Big,Big,20.6,11.6,43.36283185840708,84,9,28.4,13.8
1626167,Myles Turner,IND,2024-25,december,Stretch Big,Big,18.5,8.8,49.48453608247423,83,14,30.1,13.6
203924,Jerami Grant,POR,2024-25,december,Role Player,Role,17.4,11.2,56.52173913043478,79,11,33.3,13.3
1629023,P.J. Washington,DAL,2024-25,december,Role Player,Role,17.1,9.0,50.505050505050505,78,11,32.9,13.3
1627751,Jakob Poeltl,TOR,2024-25,december,Rim Runner,Big,16.4,15.6,1.1111111111111112,84,8,30.6,13.3
1629021,Moritz Wagner,ORL,2024-25,december,Rim Runner,Big,25.8,14.3,27.710843373493972,83,9,18.5,13.2
1630583,Santi Aldama,MEM,2024-25,december,Stretch Big,Big,17.3,14.5,53.40909090909091,84,11,22.2,13.2
1631110,Jeremy Sochan,SAS,2024-25,december,Role Player,Role,18.1,13.8,18.08510638297872,80,13,29.2,13.1
1629614,Andrew Nembhard,IND,2024-25,december,Secondary Ball Handler,Secondary,20.2,24.9,29.47368421052631,76,12,27.1,13.0
1626156,D'Angelo Russell,BKN,2024-25,december,Secondary Ball Handler,Secondary,22.9,27.8,51.35135135135136,75,10,25.2,13.0
203915,Spencer Dinwiddie,DAL,2024-25,december,Role Player,Role,20.4,21.7,46.808510638297875,77,13,26.0,13.0
1626162,Kelly Oubre Jr.,PHI,2024-25,december,Role Player,Role,14.5,7.6,44.21052631578948,80,12,34.8,12.8
1642272,Jared McCain,PHI,2024-25,december,Role Player,Role,20.3,14.6,45.09803921568628,75,5,27.6,12.8
203471,Dennis Schröder,DET,2024-25,december,Secondary Ball Handler,Secondary,22.4,32.0,43.08943089430894,73,12,29.4,12.8
1630577,Julian Champagnie,SAS,2024-25,december,3&D Wing,Wing,18.1,5.1,75.24752475247524,79,14,26.1,12.7
1630168,Onyeka Okongwu,ATL,2024-25,december,Rim Runner,Big,17.6,2.5,11.904761904761903,82,7,22.6,12.7
1629048,Goga Bitadze,ORL,2024-25,december,Rim Runner,Big,16.5,14.9,7.228915662650602,82,12,29.1,12.7
201950,Jrue Holiday,BOS,2024-25,december,Role Player,Role,17.9,16.8,54.629629629629626,76,9,29.2,12.7
1630529,Herbert Jones,NOP,2024-25,december,Role Player,Role,17.0,16.0,40.95238095238095,79,11,34.1,12.6
1629060,Rui Hachimura,LAL,2024-25,december,3&D Wing,Wing,14.0,5.7,39.56043956043956,80,13,35.4,12.6
203932,Aaron Gordon,DEN,2024-25,december,Role Player,Role,16.8,13.2,32.94117647058823,80,10,27.6,12.5
1629640,Keldon Johnson,SAS,2024-25,december,Role Player,Role,21.6,9.6,32.99999999999999,77,12,22.2,12.5
1630551,Justin Champagnie,WAS,2024-25,december,Role Player,Role,14.7,5.7,47.31182795698925,78,11,30.1,12.5
1630167,Obi Toppin,IND,2024-25,december,Role Player,Role,20.2,13.1,51.898734177215175,81,12,19.4,12.4
1628386,Jarrett Allen,CLE,2024-25,december,Role Player,Role,14.6,9.0,1.3157894736842106,81,13,28.8,12.4
204456,T.J. McConnell,IND,2024-25,december,Secondary Ball Handler,Secondary,24.9,33.8,14.285714285714285,73,14,20.6,12.4
1628392,Isaiah Hartenstein,OKC,2024-25,december,Anchor Big,Big,16.6,17.5,5.617977528089887,84,13,29.5,12.2
1630700,Dyson Daniels,ATL,2024-25,december,Role Player,Role,15.2,17.2,32.0,79,10,33.3,12.1
1641708,Amen Thompson,HOU,2024-25,december,Role Player,Role,16.9,11.3,18.75,79,12,29.7,12.0
201572,Brook Lopez,MIL,2024-25,december,Stretch Big,Big,14.4,5.7,46.31578947368421,85,12,31.7,12.0
1631095,Jabari Smith Jr.,HOU,2024-25,december,Stretch Big,Big,14.4,5.1,55.99999999999999,82,12,35.4,12.0
1626204,Larry Nance Jr.,ATL,2024-25,december,Role Player,Role,16.2,14.0,55.294117647058826,80,6,25.1,12.0
1631109,Mark Williams,CHA,2024-25,december,Versatile Big,Big,21.0,21.0,0.0,84,10,18.3,12.0
201566,Russell Westbrook,DEN,2024-25,december,Role Player,Role,19.6,29.2,32.6530612244898,76,14,28.5,12.0
1626220,Royce O'Neale,PHX,2024-25,december,3&D Wing,Wing,15.5,14.7,76.40449438202246,78,12,28.4,11.9
1630538,Bones Hyland,MIN,2024-25,december,Movement Shooter,Shooter,27.4,24.1,74.44444444444444,74,6,18.0,11.8
1627747,Caris LeVert,ATL,2024-25,december,Role Player,Role,19.6,18.2,50.0,78,13,23.5,11.7
1629655,Daniel Gafford,DAL,2024-25,december,Anchor Big,Big,19.2,7.9,0.0,82,13,20.5,11.7
1641715,Cam Whitmore,HOU,2024-25,december,Role Player,Role,25.9,5.3,40.86021505376344,79,6,15.9,11.7
202685,Jonas Valančiūnas,SAC,2024-25,december,Versatile Big,Big,24.0,20.4,9.574468085106384,83,12,19.8,11.7
1629645,Kevin Porter Jr.,MIL,2024-25,december,Secondary Ball Handler,Secondary,25.7,27.0,30.08849557522123,76,8,23.1,11.6
1629130,Duncan Robinson,MIA,2024-25,december,Movement Shooter,Shooter,19.2,19.1,67.3469387755102,79,12,25.5,11.6
1630557,Corey Kispert,WAS,2024-25,december,Role Player,Role,17.9,13.5,61.728395061728406,78,7,22.3,11.6
1641730,Noah Clowney,BKN,2024-25,december,3&D Wing,Wing,16.5,5.6,77.27272727272727,81,8,26.6,11.5
1641744,Zach Edey,MEM,2024-25,december,Post Scorer,Big,14.6,7.5,21.951219512195124,88,6,26.0,11.5
1630527,Brandon Boston,NOP,2024-25,december,Role Player,Role,21.2,8.0,35.55555555555556,78,13,20.6,11.5
1631128,Christian Braun,DEN,2024-25,december,Role Player,Role,13.8,7.9,24.719101123595507,78,13,32.2,11.5
1629018,Gary Trent Jr.,MIL,2024-25,december,3&D Wing,Wing,16.9,4.8,60.22727272727272,77,12,24.9,11.4
1628978,Donte DiVincenzo,MIN,2024-25,december,Movement Shooter,Shooter,17.6,21.4,71.91011235955057,76,13,25.2,11.4
1629656,Quentin Grimes,PHI,2024-25,december,Role Player,Role,18.6,12.7,55.421686746987945,76,13,24.5,11.4
1642274,Yves Missi,NOP,2024-25,december,Rim Runner,Big,14.1,5.9,1.234567901234568,83,13,30.8,11.2
1629726,Garrison Mathews,ATL,2024-25,december,Role Player,Role,17.8,12.3,92.3076923076923,78,6,20.3,11.2
1626179,Terry Rozier,MIA,2024-25,december,Role Player,Role,19.9,11.6,43.8095238095238,73,12,26.9,11.2
202699,Tobias Harris,DET,2024-25,december,Role Player,Role,16.0,9.7,41.48936170212766,80,9,29.2,11.1
203992,Bogdan Bogdanović,LAC,2024-25,december,Role Player,Role,17.1,13.8,70.11494252873564,77,7,26.1,11.0
1629675,Naz Reid,MIN,2024-25,december,Role Player,Role,20.3,11.7,44.117647058823536,81,13,24.8,11.0
1630172,Patrick Williams,CHI,2024-25,december,3&D Wing,Wing,17.6,10.7,58.06451612903226,79,8,23.9,11.0
1629599,Amir Coffey,LAC,2024-25,december,Role Player,Role,15.0,5.9,53.333333333333336,79,11,25.3,10.9
1629004,Svi Mykhailiuk,UTA,2024-25,december,Role Player,Role,21.1,11.5,75.0,79,6,19.1,10.7
1629003,Shake Milton,LAL,2024-25,december,Role Player,Role,19.4,20.0,43.67816091954023,77,12,22.8,10.6
1630703,Scoot Henderson,POR,2024-25,december,Role Player,Role,21.2,24.3,45.744680851063826,75,9,24.5,10.6
203497,Rudy Gobert,MIN,2024-25,december,Rim Runner,Big,12.6,6.4,0.0,85,13,32.6,10.5
1629651,Nic Claxton,BKN,2024-25,december,Anchor Big,Big,19.4,8.3,7.6923076923076925,83,12,26.7,10.5
1631117,Walker Kessler,UTA,2024-25,december,Rim Runner,Big,11.9,8.7,4.761904761904762,84,12,31.8,10.5
1631107,Nikola Jović,MIA,2024-25,december,Stretch Big,Big,15.6,14.9,55.73770491803279,82,7,24.0,10.4
1631105,Jalen Duren,DET,2024-25,december,Rim Runner,Big,15.5,9.6,0.0,82,9,26.7,10.3
1631099,Keegan Murray,SAC,2024-25,december,Role Player,Role,13.3,3.6,51.02040816326531,80,12,33.6,10.3
1642264,Stephon Castle,SAS,2024-25,december,Secondary Ball Handler,Secondary,22.9,21.2,34.375,78,13,22.9,10.3
203501,Tim Hardaway Jr.,DET,2024-25,december,Movement Shooter,Shooter,14.2,5.8,65.38461538461539,77,10,26.5,10.3
1626168,Trey Lyles,SAC,2024-25,december,Role Player,Role,15.4,2.4,66.66666666666666,81,5,21.4,10.2
1628989,Kevin Huerter,CHI,2024-25,december,Role Player,Role,15.8,10.6,68.75,79,11,23.8,10.2
1630553,Keon Johnson,BKN,2024-25,december,Role Player,Role,20.1,10.1,56.07476635514019,77,12,26.6,10.1
1641783,Tristan da Silva,ORL,2024-25,december,Role Player,Role,17.2,9.5,48.23529411764705,80,13,26.5,10.1
1628449,Chris Boucher,TOR,2024-25,december,Role Player,Role,22.0,8.1,50.0,81,10,17.2,10.0
1628960,Grayson Allen,PHX,2024-25,december,Role Player,Role,14.3,16.0,65.71428571428571,76,8,25.5,10.0
1642266,Ja'Kobe Walter,TOR,2024-25,december,3&D Wing,Wing,20.3,11.1,46.59090909090908,77,12,22.0,10.0
1631108,Max Christie,DAL,2024-25,december,Role Player,Role,13.5,8.2,54.285714285714285,77,13,28.8,10.0
1642377,Jaylen Wells,MEM,2024-25,december,Role Player,Role,16.1,7.0,57.14285714285714,80,14,24.5,9.9
1627824,Guerschon Yabusele,PHI,2024-25,december,Role Player,Role,16.6,11.1,50.0,80,12,24.0,9.9
1631218,Trayce Jackson-Davis,GSW,2024-25,december,Role Player,Role,15.4,17.1,0.0,81,12,21.7,9.8
1629638,Nickeil Alexander-Walker,MIN,2024-25,december,Role Player,Role,17.6,16.3,59.45945945945946,77,13,21.7,9.5
1631124,Julian Strawther,DEN,2024-25,december,Role Player,Role,17.1,8.6,50.0,78,14,20.2,9.4
203995,Vasilije Micic,PHX,2024-25,december,Role Player,Role,21.4,31.6,48.387096774193544,75,12,25.2,9.4
1642258,Zaccharie Risacher,ATL,2024-25,december,Role Player,Role,19.9,5.3,39.784946236559136,80,12,22.5,9.4
1628379,Luke Kennard,MEM,2024-25,december,Movement Shooter,Shooter,14.8,16.4,73.4375,77,10,19.6,9.4
203484,Kentavious Caldwell-Pope,MEM,2024-25,december,Role Player,Role,13.3,9.0,63.41463414634148,77,13,32.6,9.4
1641722,Jordan Hawkins,NOP,2024-25,december,Role Player,Role,20.7,5.1,65.21739130434783,77,6,20.0,9.3
203084,Harrison Barnes,SAS,2024-25,december,3&D Wing,Wing,14.4,6.6,47.945205479452056,80,14,25.4,9.3
1642267,Bub Carrington,WAS,2024-25,december,Role Player,Role,13.8,13.0,55.91397849462365,76,12,32.8,9.3
1630548,Johnny Juzang,UTA,2024-25,december,Role Player,Role,17.7,8.6,70.58823529411765,77,12,18.3,9.3
1627884,Derrick Jones Jr.,LAC,2024-25,december,3&D Wing,Wing,16.4,6.3,37.662337662337656,78,10,23.2,9.1
1627777,Georges Niang,ATL,2024-25,december,Role Player,Role,14.2,11.5,58.06451612903226,79,13,21.6,9.1
1630534,Ochai Agbaji,TOR,2024-25,december,Role Player,Role,14.2,7.5,46.59090909090908,77,13,27.9,9.1
1629652,Luguentz Dort,OKC,2024-25,december,3&D Wing,Wing,13.0,6.2,70.11494252873564,76,12,29.8,8.9
203935,Marcus Smart,WAS,2024-25,december,Role Player,Role,18.5,18.4,58.22784810126581,75,8,22.0,8.9
1630540,Miles McBride,NYK,2024-25,december,Role Player,Role,16.4,19.7,57.89473684210527,73,14,23.4,8.8
1630643,Jay Huff,MEM,2024-25,december,Stretch Big,Big,20.2,7.4,67.6923076923077,85,10,15.1,8.7
1630183,Jaden McDaniels,MIN,2024-25,december,Role Player,Role,14.8,6.1,38.372093023255815,81,13,28.5,8.7
1630230,Naji Marshall,DAL,2024-25,december,Role Player,Role,18.8,13.2,27.77777777777778,78,6,20.4,8.7
1630590,Scotty Pippen Jr.,MEM,2024-25,december,Role Player,Role,21.9,29.1,39.743589743589745,73,14,18.8,8.6
1641709,Ausar Thompson,DET,2024-25,december,Role Player,Role,19.1,9.8,12.676056338028168,78,8,18.4,8.6
1630171,Isaac Okoro,CLE,2024-25,december,3&D Wing,Wing,11.6,9.7,64.0,77,5,22.0,8.6
1630573,Sam Hauser,BOS,2024-25,december,Movement Shooter,Shooter,12.8,7.6,84.375,79,10,21.5,8.6
1641710,Anthony Black,ORL,2024-25,december,Role Player,Role,18.5,17.5,25.675675675675674,79,12,23.5,8.6
1630592,Jalen Wilson,BKN,2024-25,december,3&D Wing,Wing,15.5,11.3,57.954545454545446,78,12,29.3,8.6
1641726,Dereck Lively II,DAL,2024-25,december,Rim Runner,Big,12.6,14.0,0.0,85,9,26.9,8.6
1630188,Jalen Smith,CHI,2024-25,december,Role Player,Role,17.4,6.2,48.387096774193544,81,11,17.1,8.5
1627741,Buddy Hield,GSW,2024-25,december,Movement Shooter,Shooter,18.9,4.7,70.78651685393258,76,13,22.1,8.5
1641739,Toumani Camara,POR,2024-25,december,3&D Wing,Wing,12.1,6.1,59.72222222222222,79,11,30.4,8.5
1630625,Dalano Banton,POR,2024-25,december,Role Player,Role,25.2,26.4,38.75,80,7,17.4,8.4
203994,Jusuf Nurkić,CHA,2024-25,december,Rim Runner,Big,16.5,16.8,21.311475409836067,84,7,24.7,8.4
1630598,Aaron Wiggins,OKC,2024-25,december,3&D Wing,Wing,19.1,7.3,50.70422535211267,77,13,18.3,8.4
1631170,Jaime Jaquez Jr.,MIA,2024-25,december,Role Player,Role,19.8,14.1,31.081081081081074,78,13,21.7,8.4
1641764,Brandin Podziemski,GSW,2024-25,december,Role Player,Role,14.0,17.5,45.20547945205479,76,12,24.1,8.3
1627827,Dorian Finney-Smith,LAL,2024-25,december,Role Player,Role,11.8,5.1,66.17647058823529,79,6,27.4,8.3
1630208,Nick Richards,PHX,2024-25,december,Rim Runner,Big,19.8,9.3,0.0,84,11,19.0,8.3
1629634,Brandon Clarke,MEM,2024-25,december,Role Player,Role,13.6,8.4,0.0,80,12,19.7,8.3
201144,Mike Conley,MIN,2024-25,december,Role Player,Role,15.2,25.6,71.23287671232877,72,13,24.4,8.2
1630231,KJ Martin,UTA,2024-25,december,Role Player,Role,12.0,3.1,27.11864406779661,78,9,24.7,8.2
1628998,Cody Martin,PHX,2024-25,december,Role Player,Role,14.7,10.6,50.0,78,10,27.7,8.2
1630541,Moses Moody,GSW,2024-25,december,Movement Shooter,Shooter,19.6,5.6,60.60606060606061,77,7,15.8,8.1
1630696,Dru Smith,MIA,2024-25,december,Role Player,Role,13.2,12.4,52.83018867924528,74,9,24.0,8.1
1628997,Caleb Martin,DAL,2024-25,december,Role Player,Role,12.7,7.2,46.03174603174603,77,9,26.3,7.9
101108,Chris Paul,SAS,2024-25,december,Role Player,Role,12.9,36.5,62.31884057971014,72,14,29.4,7.9
202692,Alec Burks,MIA,2024-25,december,Role Player,Role,16.0,4.1,74.0,77,6,17.9,7.8
203991,Clint Capela,ATL,2024-25,december,Rim Runner,Big,13.5,7.0,0.0,82,12,24.0,7.8
203110,Draymond Green,GSW,2024-25,december,Role Player,Role,16.2,24.9,48.717948717948715,78,9,28.4,7.8
1629312,Haywood Highsmith,MIA,2024-25,december,Role Player,Role,12.1,6.5,63.1578947368421,77,13,25.7,7.8
1641729,Brice Sensabaugh,UTA,2024-25,december,Movement Shooter,Shooter,19.0,18.1,62.295081967213115,77,12,17.7,7.8
1630215,Jared Butler,PHI,2024-25,december,Role Player,Role,23.0,27.5,32.0,75,8,15.5,7.8
201143,Al Horford,BOS,2024-25,december,Role Player,Role,14.0,9.5,74.07407407407408,81,11,27.6,7.7
1631212,Peyton Watson,DEN,2024-25,december,Role Player,Role,12.8,9.2,30.76923076923077,79,14,21.9,7.7
1641842,Ronald Holland II,DET,2024-25,december,Role Player,Role,17.2,8.3,26.41509433962264,80,10,15.7,7.7
1641716,Jarace Walker,IND,2024-25,december,Role Player,Role,16.5,10.1,53.57142857142857,79,14,18.4,7.6
1631213,Tyrese Martin,BKN,2024-25,december,Role Player,Role,17.8,14.1,61.76470588235294,78,9,19.4,7.6
1629610,DaQuan Jeffries,CHA,2024-25,december,Role Player,Role,15.1,5.4,44.642857142857146,77,8,19.0,7.5
1630182,Josh Green,CHA,2024-25,december,3&D Wing,Wing,11.6,6.3,58.82352941176471,77,12,32.1,7.4
1631222,Jake LaRavia,SAC,2024-25,december,3&D Wing,Wing,16.2,15.3,36.36363636363637,79,13,19.5,7.4
1630241,Sam Merrill,CLE,2024-25,december,Role Player,Role,16.0,13.1,87.3015873015873,76,13,18.8,7.4
203482,Kelly Olynyk,NOP,2024-25,december,Versatile Big,Big,20.6,21.5,38.59649122807018,83,10,15.9,7.3
1627739,Kris Dunn,LAC,2024-25,december,Role Player,Role,14.2,15.2,53.52112676056338,75,12,25.7,7.3
1642349,Ajay Mitchell,OKC,2024-25,december,Role Player,Role,15.9,14.3,33.333333333333336,77,13,16.3,7.2
1631260,AJ Green,MIL,2024-25,december,3&D Wing,Wing,12.6,11.1,85.24590163934427,76,12,24.0,7.1
1630198,Isaiah Joe,OKC,2024-25,december,Role Player,Role,16.8,8.5,76.92307692307693,75,13,17.3,7.1
1641717,Cason Wallace,OKC,2024-25,december,3&D Wing,Wing,11.2,12.0,53.84615384615385,75,12,28.5,7.0
1642261,Dalton Knecht,LAL,2024-25,december,Role Player,Role,16.1,6.3,53.03030303030303,78,13,21.1,6.8
1630243,Trevelin Queen,ORL,2024-25,december,Role Player,Role,13.7,11.9,53.191489361702125,77,6,20.4,6.8
1629622,Max Strus,CLE,2024-25,december,Role Player,Role,13.6,11.0,84.375,77,5,22.0,6.8
1628976,Wendell Carter Jr.,ORL,2024-25,december,Rim Runner,Big,12.6,13.0,28.846153846153843,82,13,24.3,6.8
1629216,Gabe Vincent,LAL,2024-25,december,Movement Shooter,Shooter,12.3,9.6,67.85714285714286,74,12,22.5,6.7
1629731,Dean Wade,CLE,2024-25,december,3&D Wing,Wing,10.6,8.0,85.18518518518518,81,11,23.0,6.6
1641824,Matas Buzelis,CHI,2024-25,december,Stretch Big,Big,17.1,9.4,46.15384615384615,82,11,16.6,6.6
1642346,Ryan Dunn,PHX,2024-25,december,Role Player,Role,13.2,7.0,58.18181818181819,80,10,20.0,6.5
1630549,Day'Ron Sharpe,BKN,2024-25,december,Role Player,Role,20.6,8.6,20.0,81,11,15.1,6.5
1627936,Alex Caruso,OKC,2024-25,december,3&D Wing,Wing,14.3,19.4,62.71186440677966,77,7,20.3,6.4
1627732,Ben Simmons,LAC,2024-25,december,Versatile Big,Big,15.1,42.9,0.0,82,10,25.3,6.4
1631323,Simone Fontecchio,DET,2024-25,december,Movement Shooter,Shooter,15.1,7.8,60.86956521739131,79,10,16.3,6.2
1630558,Davion Mitchell,MIA,2024-25,december,Role Player,Role,12.0,22.1,55.10204081632652,72,10,23.1,5.9
1628366,Lonzo Ball,CHI,2024-25,december,Role Player,Role,14.8,23.7,82.45614035087719,78,9,19.1,5.9
1631157,Ryan Rollins,MIL,2024-25,december,Role Player,Role,17.3,11.1,43.75000000000001,75,8,15.1,5.9
1628420,Monte Morris,PHX,2024-25,december,Role Player,Role,16.9,19.7,40.74074074074075,74,13,16.0,5.8
1627752,Taurean Prince,MIL,2024-25,december,3&D Wing,Wing,14.7,9.4,60.3448275862069,78,12,21.4,5.6
1631165,Keon Ellis,SAC,2024-25,december,3&D Wing,Wing,12.7,8.2,71.7948717948718,76,12,16.3,5.5
1642347,Jamal Shead,TOR,2024-25,december,Role Player,Role,14.1,32.0,55.319148936170215,73,9,17.7,5.4
1642273,Kyshawn George,WAS,2024-25,december,Role Player,Role,13.2,8.9,72.88135593220339,80,7,23.0,5.4
1642367,Jonathan Mogbo,TOR,2024-25,december,Role Player,Role,14.6,14.9,16.9811320754717,81,13,19.3,5.4
1627780,Gary Payton II,GSW,2024-25,december,Role Player,Role,14.7,14.1,36.95652173913044,74,9,15.3,5.3
1629659,Talen Horton-Tucker,CHI,2024-25,december,Role Player,Role,18.3,15.3,49.122807017543856,76,12,15.0,5.3
1641767,Ben Sheppard,IND,2024-25,december,Role Player,Role,11.7,4.2,69.3877551020408,78,7,18.0,5.1
1642275,Tidjane Salaün,CHA,2024-25,december,3&D Wing,Wing,14.7,11.4,55.35714285714286,80,10,18.9,5.1
1629750,Javonte Green,CLE,2024-25,december,3&D Wing,Wing,12.7,3.3,33.33333333333333,77,11,15.8,5.0
1629006,Josh Okogie,CHA,2024-25,december,3&D Wing,Wing,15.2,4.0,42.5531914893617,76,10,15.5,5.0
1630173,Precious Achiuwa,NYK,2024-25,december,Role Player,Role,12.3,8.6,20.930232558139537,80,12,19.5,5.0
1641757,Jordan Miller,LAC,2024-25,december,Role Player,Role,15.6,12.6,32.6530612244898,77,10,15.2,4.6
1630526,Jeremiah Robinson-Earl,NOP,2024-25,december,Role Player,Role,13.1,10.1,52.27272727272726,80,9,15.6,4.4
1628436,Luke Kornet,BOS,2024-25,december,Anchor Big,Big,10.2,10.2,0.0,85,13,16.2,4.4
1630191,Isaiah Stewart,DET,2024-25,december,Role Player,Role,9.0,9.3,20.0,80,6,19.3,4.3
1630322,Lindy Waters III,DET,2024-25,december,Role Player,Role,15.0,10.0,80.0,78,8,18.5,4.3
1641796,Pelle Larsson,MIA,2024-25,december,3&D Wing,Wing,13.4,15.6,48.57142857142857,77,6,15.7,4.2
203083,Andre Drummond,PHI,2024-25,december,Rim Runner,Big,14.9,2.3,9.756097560975611,83,7,16.7,4.1
1641748,Andre Jackson Jr.,MIL,2024-25,december,Role Player,Role,11.2,11.4,47.36842105263158,78,12,17.7,4.1
1629723,John Konchar,MEM,2024-25,december,3&D Wing,Wing,9.2,13.6,64.70588235294117,77,9,15.9,4.0
203486,Mason Plumlee,PHX,2024-25,december,Rim Runner,Big,8.4,14.8,4.545454545454546,82,13,18.6,3.9
1631207,Dalen Terry,CHI,2024-25,december,Role Player,Role,11.8,10.2,43.74999999999999,79,9,15.3,3.9
1626172,Kevon Looney,GSW,2024-25,december,Role Player,Role,10.3,17.2,0.0,81,11,17.1,3.8
1629629,Cam Reddish,LAL,2024-25,december,Role Player,Role,9.5,7.6,54.545454545454554,79,12,18.5,3.3
1630200,Tre Jones,CHI,2024-25,december,Role Player,Role,8.3,34.3,25.0,73,8,15.5,3.3
1626153,Delon Wright,NYK,2024-25,december,Role Player,Role,12.8,16.3,57.89473684210527,77,6,17.7,3.2
1630249,Vít Krejčí,ATL,2024-25,december,Movement Shooter,Shooter,12.8,21.5,65.78947368421053,80,10,16.8,3.1
1642268,Isaiah Collier,UTA,2024-25,december,Role Player,Role,15.7,28.4,36.84210526315789,75,11,17.3,3.1
1630695,Micah Potter,UTA,2024-25,december,Role Player,Role,7.6,8.6,85.18518518518518,81,7,16.8,3.0
1642345,Oso Ighodaro,PHX,2024-25,december,Rim Runner,Big,9.1,9.2,0.0,84,12,15.5,3.0
1628467,Maxi Kleber,LAL,2024-25,december,Stretch Big,Big,7.3,6.9,51.85185185185185,82,10,21.1,2.6
201587,Nicolas Batum,LAC,2024-25,december,3&D Wing,Wing,6.5,12.4,94.73684210526316,80,12,19.4,2.6
1628983,Shai Gilgeous-Alexander,OKC,2024-25,january,Primary Initiator,Primary,36.5,27.6,19.91341991341991,78,13,34.5,35.6
203507,Giannis Antetokounmpo,MIL,2024-25,january,Versatile Big,Big,35.2,27.3,3.3333333333333335,83,15,34.6,30.5
1630162,Anthony Edwards,MIN,2024-25,january,Primary Initiator,Primary,32.2,24.6,46.88995215311005,76,16,37.9,30.3
1630178,Tyrese Maxey,PHI,2024-25,january,Primary Initiator,Primary,31.2,30.8,43.55555555555556,74,16,39.0,29.9
203897,Zach LaVine,SAC,2024-25,january,Role Player,Role,28.2,21.0,35.93750000000001,77,14,35.6,27.9
1630595,Cade Cunningham,DET,2024-25,january,Primary Initiator,Primary,34.4,40.3,26.339285714285715,78,16,35.1,27.6
1628973,Jalen Brunson,NYK,2024-25,january,Primary Initiator,Primary,28.7,31.4,26.94300518134715,74,14,35.8,27.4
1626164,Devin Booker,PHX,2024-25,january,Primary Initiator,Primary,29.7,30.3,40.39408866995073,78,15,37.9,27.3
203999,Nikola Jokić,DEN,2024-25,january,Versatile Big,Big,26.6,44.0,20.33898305084746,83,14,34.8,27.0
201142,Kevin Durant,PHX,2024-25,january,Versatile Big,Big,27.3,20.8,32.960893854748605,83,15,35.9,26.1
1630224,Jalen Green,HOU,2024-25,january,Primary Initiator,Primary,28.7,15.0,44.84536082474227,76,15,33.9,25.7
203081,Damian Lillard,MIL,2024-25,january,Role Player,Role,26.3,26.2,48.538011695906434,74,15,36.6,25.4
1630530,Trey Murphy III,NOP,2024-25,january,Role Player,Role,23.6,15.7,53.17919075144509,80,13,37.3,25.1
1629636,Darius Garland,CLE,2024-25,january,Primary Initiator,Primary,28.8,32.3,41.61849710982659,73,14,31.1,24.8
203076,Anthony Davis,DAL,2024-25,january,Anchor Big,Big,30.9,14.5,13.186813186813188,82,11,33.0,24.7
1628378,Donovan Mitchell,CLE,2024-25,january,Secondary Ball Handler,Secondary,30.2,22.8,46.391752577319586,75,14,30.8,24.6
2544,LeBron James,LAL,2024-25,january,Primary Initiator,Primary,30.2,44.6,28.49162011173184,81,14,33.8,24.6
1629627,Zion Williamson,NOP,2024-25,january,Role Player,Role,34.5,35.1,4.0462427745664735,78,7,26.3,24.4
1626157,Karl-Anthony Towns,NYK,2024-25,january,Rim Runner,Big,25.7,14.4,24.277456647398843,84,12,35.5,24.3
1628991,Jaren Jackson Jr.,MEM,2024-25,january,Anchor Big,Big,27.9,13.7,28.176795580110493,82,14,32.0,24.3
1629639,Tyler Herro,MIA,2024-25,january,Role Player,Role,26.4,26.1,54.696132596685075,77,15,36.1,24.2
1629027,Trae Young,ATL,2024-25,january,Primary Initiator,Primary,28.8,42.7,45.90163934426229,73,13,35.9,23.8
1626181,Norman Powell,LAC,2024-25,january,Role Player,Role,26.0,7.6,43.125,76,14,33.0,23.7
1628369,Jayson Tatum,BOS,2024-25,january,Role Player,Role,29.0,25.4,48.20512820512821,80,16,36.4,23.6
201942,DeMar DeRozan,SAC,2024-25,january,Role Player,Role,23.7,11.1,21.195652173913047,78,14,37.4,23.5
1630163,LaMelo Ball,CHA,2024-25,january,Primary Initiator,Primary,31.3,34.4,52.0,79,9,32.2,23.4
202681,Kyrie Irving,DAL,2024-25,january,Role Player,Role,25.9,17.8,36.17021276595744,74,10,37.1,23.3
1628370,Malik Monk,SAC,2024-25,january,Secondary Ball Handler,Secondary,25.0,29.8,42.857142857142854,75,13,35.6,22.5
203468,CJ McCollum,NOP,2024-25,january,Secondary Ball Handler,Secondary,26.4,16.6,45.85635359116022,75,16,33.1,22.4
1627783,Pascal Siakam,IND,2024-25,january,Role Player,Role,25.8,16.9,21.951219512195124,80,12,31.4,22.4
1641705,Victor Wembanyama,SAS,2024-25,january,Stretch Big,Big,28.3,14.3,45.90163934426229,87,12,33.8,22.3
201939,Stephen Curry,GSW,2024-25,january,Movement Shooter,Shooter,26.4,28.0,61.403508771929815,74,13,32.6,22.2
1629012,Collin Sexton,UTA,2024-25,january,Secondary Ball Handler,Secondary,27.5,26.7,32.91139240506329,75,13,30.7,21.5
1631114,Jalen Williams,OKC,2024-25,january,Secondary Ball Handler,Secondary,27.0,22.0,26.627218934911244,77,13,33.9,21.5
1628970,Miles Bridges,CHA,2024-25,january,Role Player,Role,25.9,17.8,39.53488372093023,79,12,33.8,21.4
1627750,Jamal Murray,DEN,2024-25,january,Secondary Ball Handler,Secondary,24.1,21.8,30.58823529411765,76,17,35.1,21.3
1627759,Jaylen Brown,BOS,2024-25,january,Secondary Ball Handler,Secondary,26.8,22.8,25.98870056497175,78,14,35.6,21.3
1631094,Paolo Banchero,ORL,2024-25,january,Versatile Big,Big,33.8,28.2,27.173913043478265,82,10,32.1,21.1
1627734,Domantas Sabonis,SAC,2024-25,january,Versatile Big,Big,19.9,26.4,19.37984496124031,82,14,38.0,21.1
1629661,Cameron Johnson,BKN,2024-25,january,Movement Shooter,Shooter,27.3,10.6,55.84415584415584,80,5,30.6,21.0
1630567,Scottie Barnes,TOR,2024-25,january,Role Player,Role,25.7,25.3,22.727272727272727,79,15,35.6,20.9
1630217,Desmond Bane,ORL,2024-25,january,Secondary Ball Handler,Secondary,22.9,27.3,34.86842105263158,77,13,33.3,20.9
1628368,De'Aaron Fox,SAS,2024-25,january,Secondary Ball Handler,Secondary,24.0,21.7,34.831460674157306,75,11,36.8,20.8
201935,James Harden,LAC,2024-25,january,Secondary Ball Handler,Secondary,27.1,40.8,52.25806451612903,77,13,33.7,20.6
202331,Paul George,PHI,2024-25,january,Role Player,Role,26.8,22.8,46.34146341463415,80,10,32.8,20.5
1630169,Tyrese Haliburton,IND,2024-25,january,Role Player,Role,22.8,37.4,52.55474452554745,77,11,31.0,20.3
204001,Kristaps Porziņģis,BOS,2024-25,january,Stretch Big,Big,24.3,12.8,46.96969696969697,86,13,29.2,20.2
1629014,Anfernee Simons,POR,2024-25,january,Secondary Ball Handler,Secondary,22.9,22.4,54.14012738853503,75,15,33.7,19.8
1630578,Alperen Sengun,HOU,2024-25,january,Versatile Big,Big,28.0,23.2,8.074534161490684,83,14,31.4,19.6
1629673,Jordan Poole,WAS,2024-25,january,Movement Shooter,Shooter,28.3,27.0,62.34567901234568,76,14,29.8,19.5
1628374,Lauri Markkanen,UTA,2024-25,january,Stretch Big,Big,25.2,6.3,61.23595505617977,84,9,31.5,19.4
1629632,Coby White,CHI,2024-25,january,Secondary Ball Handler,Secondary,22.6,21.4,52.85714285714286,77,11,31.8,19.4
203952,Andrew Wiggins,MIA,2024-25,january,Role Player,Role,24.6,12.6,43.42105263157895,79,14,31.9,19.3
1627749,Dejounte Murray,NOP,2024-25,january,Role Player,Role,27.0,35.6,37.820512820512825,76,15,31.2,19.1
1631109,Mark Williams,CHA,2024-25,january,Rim Runner,Big,22.1,15.8,0.7936507936507938,84,10,30.4,18.9
1641708,Amen Thompson,HOU,2024-25,january,Role Player,Role,18.5,15.4,9.67741935483871,79,12,38.6,18.7
1628969,Mikal Bridges,NYK,2024-25,january,Role Player,Role,20.5,11.5,43.94904458598727,78,15,36.8,18.5
202696,Nikola Vučević,CHI,2024-25,january,Rim Runner,Big,22.4,17.2,28.947368421052634,82,16,32.1,18.4
1630166,Deni Avdija,POR,2024-25,january,Secondary Ball Handler,Secondary,22.7,18.6,40.310077519379846,81,13,33.9,18.3
1629630,Ja Morant,MEM,2024-25,january,Primary Initiator,Primary,28.3,30.4,30.76923076923077,74,8,30.3,18.1
1630559,Austin Reaves,LAL,2024-25,january,Secondary Ball Handler,Secondary,21.4,26.8,49.25373134328358,77,14,35.6,17.9
1629628,RJ Barrett,TOR,2024-25,january,Role Player,Role,25.2,20.4,31.03448275862069,78,13,31.5,17.9
1626162,Kelly Oubre Jr.,PHI,2024-25,january,Role Player,Role,20.2,10.2,28.368794326241137,80,14,37.3,17.8
1630596,Evan Mobley,CLE,2024-25,january,Rim Runner,Big,20.6,12.8,27.731092436974787,83,11,29.6,17.5
1626167,Myles Turner,IND,2024-25,january,Stretch Big,Big,21.8,5.9,48.41269841269841,83,11,30.4,17.5
1630170,Devin Vassell,SAS,2024-25,january,Role Player,Role,22.2,15.3,48.026315789473685,77,12,33.2,17.4
1641718,Keyonte George,UTA,2024-25,january,Secondary Ball Handler,Secondary,23.1,26.1,53.956834532374096,76,10,31.4,17.4
1629023,P.J. Washington,DAL,2024-25,january,Role Player,Role,22.7,11.4,30.555555555555557,78,16,33.5,17.1
1631101,Shaedon Sharpe,POR,2024-25,january,Secondary Ball Handler,Secondary,24.4,12.4,40.97222222222222,77,16,31.2,16.9
1629631,De'Andre Hunter,CLE,2024-25,january,Role Player,Role,24.9,9.6,54.74452554744526,80,12,29.2,16.8
1629008,Michael Porter Jr.,DEN,2024-25,january,Stretch Big,Big,19.5,5.1,51.61290322580645,82,17,30.4,16.8
203944,Julius Randle,MIN,2024-25,january,Role Player,Role,23.8,21.9,30.597014925373127,81,16,31.8,16.7
202695,Kawhi Leonard,LAC,2024-25,january,Secondary Ball Handler,Secondary,28.1,13.6,32.608695652173914,79,10,24.2,16.6
1628384,OG Anunoby,NYK,2024-25,january,Role Player,Role,16.9,8.0,42.4,79,15,37.5,16.6
1630193,Immanuel Quickley,TOR,2024-25,january,Secondary Ball Handler,Secondary,24.5,31.3,50.37593984962406,74,7,29.2,16.3
1629675,Naz Reid,MIN,2024-25,january,Role Player,Role,20.1,12.4,49.532710280373834,81,15,26.9,16.1
1627826,Ivica Zubac,LAC,2024-25,january,Post Scorer,Big,18.6,11.3,0.0,84,13,30.3,15.5
1628389,Bam Adebayo,MIA,2024-25,january,Role Player,Role,22.5,21.5,16.260162601626014,81,15,31.6,15.4
1627736,Malik Beasley,DET,2024-25,january,Role Player,Role,21.7,8.5,71.2,76,16,27.3,15.3
1628978,Donte DiVincenzo,MIN,2024-25,january,Movement Shooter,Shooter,21.2,21.0,72.41379310344827,76,8,30.4,15.3
1631097,Bennedict Mathurin,IND,2024-25,january,Secondary Ball Handler,Secondary,21.2,9.1,43.08943089430894,77,10,29.0,15.0
203084,Harrison Barnes,SAS,2024-25,january,3&D Wing,Wing,16.9,13.5,46.938775510204074,80,12,29.3,15.0
1642264,Stephon Castle,SAS,2024-25,january,Secondary Ball Handler,Secondary,25.0,18.6,33.59374999999999,78,12,27.0,14.9
1626156,D'Angelo Russell,BKN,2024-25,january,Secondary Ball Handler,Secondary,25.0,51.0,54.12844036697248,75,10,24.8,14.9
203078,Bradley Beal,PHX,2024-25,january,Role Player,Role,19.4,18.1,35.714285714285715,76,12,30.9,14.8
201566,Russell Westbrook,DEN,2024-25,january,Secondary Ball Handler,Secondary,21.6,25.4,31.775700934579444,76,17,30.0,14.6
1630703,Scoot Henderson,POR,2024-25,january,Role Player,Role,21.3,28.3,47.42268041237113,75,16,28.3,14.6
1631128,Christian Braun,DEN,2024-25,january,Role Player,Role,15.9,7.9,27.083333333333336,78,17,29.9,14.5
1641764,Brandin Podziemski,GSW,2024-25,january,Role Player,Role,18.5,24.7,72.09302325581396,76,5,23.6,14.4
1629660,Ty Jerome,CLE,2024-25,january,Role Player,Role,22.3,22.1,40.42553191489361,77,13,21.9,14.4
1628401,Derrick White,BOS,2024-25,january,Role Player,Role,19.3,12.6,70.24793388429752,76,14,32.8,14.3
1641729,Brice Sensabaugh,UTA,2024-25,january,Movement Shooter,Shooter,25.6,9.4,60.71428571428572,77,11,21.5,14.3
1629655,Daniel Gafford,DAL,2024-25,january,Anchor Big,Big,20.1,12.0,0.0,82,15,22.9,14.1
1630700,Dyson Daniels,ATL,2024-25,january,Role Player,Role,18.0,17.7,26.5625,79,14,33.7,14.0
1628386,Jarrett Allen,CLE,2024-25,january,Role Player,Role,15.3,9.6,0.0,81,15,28.5,13.9
1627832,Fred VanVleet,HOU,2024-25,january,Role Player,Role,14.7,19.6,67.56756756756756,72,14,37.5,13.9
1628398,Kyle Kuzma,MIL,2024-25,january,Role Player,Role,24.5,18.5,34.883720930232556,81,17,27.8,13.8
1630175,Cole Anthony,MEM,2024-25,january,Secondary Ball Handler,Secondary,23.7,25.0,36.29032258064516,74,13,27.7,13.5
1630553,Keon Johnson,BKN,2024-25,january,Role Player,Role,22.8,18.2,44.8,77,16,28.2,13.4
1629028,Deandre Ayton,POR,2024-25,january,Rim Runner,Big,19.2,8.5,4.587155963302751,84,11,29.6,13.4
1628379,Luke Kennard,MEM,2024-25,january,Movement Shooter,Shooter,16.7,20.4,61.1764705882353,77,13,24.2,13.2
1627751,Jakob Poeltl,TOR,2024-25,january,Rim Runner,Big,16.3,14.9,0.0,84,15,30.1,13.2
202691,Klay Thompson,DAL,2024-25,january,Movement Shooter,Shooter,20.1,11.5,68.5185185185185,77,14,26.9,13.1
1642276,Kel'el Ware,MIA,2024-25,january,Rim Runner,Big,19.7,5.7,31.521739130434785,84,16,24.7,13.0
202699,Tobias Harris,DET,2024-25,january,Role Player,Role,16.1,9.7,33.33333333333333,80,16,32.9,13.0
1631107,Nikola Jović,MIA,2024-25,january,Stretch Big,Big,19.5,21.8,56.310679611650485,82,16,29.7,12.9
1628404,Josh Hart,NYK,2024-25,january,3&D Wing,Wing,14.3,19.9,29.292929292929298,76,15,38.5,12.9
1630198,Isaiah Joe,OKC,2024-25,january,Role Player,Role,17.5,7.6,77.27272727272727,75,12,22.1,12.8
1630552,Jalen Johnson,ATL,2024-25,january,Secondary Ball Handler,Secondary,20.1,12.6,18.032786885245905,80,5,30.8,12.8
1642377,Jaylen Wells,MEM,2024-25,january,Role Player,Role,15.2,7.2,58.51063829787234,80,14,29.1,12.8
1631099,Keegan Murray,SAC,2024-25,january,Movement Shooter,Shooter,13.8,5.2,57.94392523364487,80,12,34.6,12.8
1629060,Rui Hachimura,LAL,2024-25,january,3&D Wing,Wing,17.4,7.0,40.0,80,12,27.8,12.8
1628415,Dillon Brooks,HOU,2024-25,january,Role Player,Role,16.8,5.8,53.38983050847457,78,15,32.6,12.7
1627824,Guerschon Yabusele,PHI,2024-25,january,Role Player,Role,15.4,12.0,46.15384615384615,80,15,31.8,12.7
1629640,Keldon Johnson,SAS,2024-25,january,Role Player,Role,20.4,7.0,36.08247422680413,77,12,22.5,12.5
203924,Jerami Grant,POR,2024-25,january,Role Player,Role,19.1,8.0,49.494949494949495,79,7,28.8,12.4
203501,Tim Hardaway Jr.,DET,2024-25,january,Movement Shooter,Shooter,15.0,6.3,64.21052631578948,77,15,31.1,12.4
1631117,Walker Kessler,UTA,2024-25,january,Rim Runner,Big,13.0,5.5,4.10958904109589,84,11,29.5,12.4
1631105,Jalen Duren,DET,2024-25,january,Rim Runner,Big,15.6,11.9,0.0,82,16,27.0,12.3
1626179,Terry Rozier,MIA,2024-25,january,Role Player,Role,20.5,18.0,43.11926605504588,73,15,27.9,12.2
1641739,Toumani Camara,POR,2024-25,january,3&D Wing,Wing,15.2,9.8,43.1578947368421,79,15,33.9,12.2
1630183,Jaden McDaniels,MIN,2024-25,january,Role Player,Role,13.2,6.4,43.18181818181818,81,16,33.9,12.2
1628960,Grayson Allen,PHX,2024-25,january,Role Player,Role,15.0,11.1,75.34246575342466,76,15,25.4,12.1
1630168,Onyeka Okongwu,ATL,2024-25,january,Rim Runner,Big,16.8,16.6,18.6046511627907,82,15,26.8,12.1
1629656,Quentin Grimes,PHI,2024-25,january,Role Player,Role,19.4,19.0,53.846153846153854,76,15,25.0,12.0
203915,Spencer Dinwiddie,DAL,2024-25,january,Role Player,Role,17.3,21.4,44.79166666666667,77,16,29.8,12.0
1642258,Zaccharie Risacher,ATL,2024-25,january,Role Player,Role,20.1,6.8,37.62376237623762,80,8,23.9,11.9
1641711,Gradey Dick,TOR,2024-25,january,Role Player,Role,20.4,9.3,55.88235294117647,78,14,26.0,11.9
1630583,Santi Aldama,MEM,2024-25,january,Stretch Big,Big,21.5,7.1,48.113207547169814,84,9,21.7,11.8
1626171,Bobby Portis,MIL,2024-25,january,Rim Runner,Big,22.2,7.7,31.0,82,11,22.6,11.5
1628449,Chris Boucher,TOR,2024-25,january,Role Player,Role,20.0,3.0,60.29411764705882,81,12,16.1,11.5
1629004,Svi Mykhailiuk,UTA,2024-25,january,Role Player,Role,24.7,14.7,67.96116504854368,79,9,20.9,11.4
1629130,Duncan Robinson,MIA,2024-25,january,Movement Shooter,Shooter,18.3,18.2,75.00000000000001,79,16,26.1,11.4
202710,Jimmy Butler III,GSW,2024-25,january,Role Player,Role,17.2,21.7,19.047619047619047,79,5,27.8,11.4
203471,Dennis Schröder,DET,2024-25,january,Secondary Ball Handler,Secondary,21.2,29.1,45.79439252336449,73,16,25.9,11.3
203932,Aaron Gordon,DEN,2024-25,january,Role Player,Role,18.4,10.1,32.0,80,10,22.8,11.3
201572,Brook Lopez,MIL,2024-25,january,Stretch Big,Big,14.7,8.0,54.34782608695653,85,15,31.7,11.3
1627884,Derrick Jones Jr.,LAC,2024-25,january,3&D Wing,Wing,15.9,3.6,27.710843373493972,78,15,25.8,11.3
1630249,Vít Krejčí,ATL,2024-25,january,Movement Shooter,Shooter,14.1,17.8,69.41176470588236,80,14,28.7,11.2
1642259,Alex Sarr,WAS,2024-25,january,Stretch Big,Big,20.6,14.7,40.17857142857143,84,14,25.7,11.1
203114,Khris Middleton,WAS,2024-25,january,Role Player,Role,17.0,21.2,42.30769230769231,79,12,22.7,11.0
1631108,Max Christie,DAL,2024-25,january,Role Player,Role,14.4,7.7,65.88235294117646,77,14,31.4,11.0
1631106,Tari Eason,HOU,2024-25,january,3&D Wing,Wing,16.9,7.3,34.831460674157306,80,7,24.4,11.0
1630702,Jaden Hardy,DAL,2024-25,january,3&D Wing,Wing,25.6,17.3,45.88235294117647,75,13,17.2,10.9
1630557,Corey Kispert,WAS,2024-25,january,Role Player,Role,15.9,8.8,51.13636363636363,78,17,25.9,10.8
1628976,Wendell Carter Jr.,ORL,2024-25,january,Rim Runner,Big,18.6,15.1,32.58426966292134,82,15,27.3,10.8
1641715,Cam Whitmore,HOU,2024-25,january,Role Player,Role,21.2,8.4,47.87234042553191,79,14,20.7,10.8
1641710,Anthony Black,ORL,2024-25,january,Role Player,Role,19.8,19.6,22.916666666666668,79,12,27.4,10.8
1630245,Ayo Dosunmu,CHI,2024-25,january,Role Player,Role,14.9,16.1,46.23655913978494,77,8,29.6,10.8
1641726,Dereck Lively II,DAL,2024-25,january,Rim Runner,Big,14.7,19.6,0.0,85,7,23.6,10.7
202685,Jonas Valančiūnas,SAC,2024-25,january,Post Scorer,Big,23.4,19.1,5.0,83,17,19.1,10.6
1629599,Amir Coffey,LAC,2024-25,january,Role Player,Role,14.3,5.8,43.75,79,15,29.5,10.6
1629018,Gary Trent Jr.,MIL,2024-25,january,3&D Wing,Wing,15.2,6.7,74.35897435897436,77,12,24.6,10.5
1631170,Jaime Jaquez Jr.,MIA,2024-25,january,Role Player,Role,17.6,19.8,24.0506329113924,78,15,26.5,10.5
1630533,Ziaire Williams,BKN,2024-25,january,3&D Wing,Wing,18.6,13.2,63.41463414634148,81,13,24.7,10.4
1641722,Jordan Hawkins,NOP,2024-25,january,Role Player,Role,20.7,5.6,60.82474226804124,77,14,21.8,10.4
1641730,Noah Clowney,BKN,2024-25,january,3&D Wing,Wing,18.0,5.6,69.79166666666667,81,14,28.0,10.4
1630541,Moses Moody,GSW,2024-25,january,Movement Shooter,Shooter,17.5,10.5,65.4320987654321,77,15,21.9,10.3
1630592,Jalen Wilson,BKN,2024-25,january,3&D Wing,Wing,17.0,10.8,52.57731958762887,78,16,30.3,10.3
203497,Rudy Gobert,MIN,2024-25,january,Anchor Big,Big,11.6,8.8,0.0,85,16,31.8,10.3
1630598,Aaron Wiggins,OKC,2024-25,january,3&D Wing,Wing,16.1,11.2,45.45454545454545,77,14,23.2,10.3
1631165,Keon Ellis,SAC,2024-25,january,3&D Wing,Wing,13.6,9.0,72.22222222222221,76,14,25.3,10.2
1630230,Naji Marshall,DAL,2024-25,january,Role Player,Role,17.4,17.6,42.5531914893617,78,10,27.4,10.2
1629651,Nic Claxton,BKN,2024-25,january,Rim Runner,Big,16.5,13.6,4.705882352941177,83,15,27.7,10.2
1629614,Andrew Nembhard,IND,2024-25,january,Role Player,Role,15.5,23.9,28.57142857142857,76,11,30.9,10.2
1631124,Julian Strawther,DEN,2024-25,january,Role Player,Role,17.3,7.5,60.465116279069775,78,17,23.8,10.1
1641731,Bilal Coulibaly,WAS,2024-25,january,Role Player,Role,17.1,13.5,37.634408602150536,80,15,29.8,10.1
1630581,Josh Giddey,CHI,2024-25,january,Role Player,Role,16.7,26.1,33.69565217391305,80,16,30.8,10.1
1630202,Payton Pritchard,BOS,2024-25,january,Role Player,Role,15.6,20.6,65.4320987654321,73,16,25.4,10.0
1627741,Buddy Hield,GSW,2024-25,january,Movement Shooter,Shooter,19.6,14.8,72.34042553191489,76,16,23.8,9.9
1641787,Tosan Evbuomwan,BKN,2024-25,january,Role Player,Role,19.0,9.0,34.61538461538462,79,14,24.4,9.9
1630208,Nick Richards,PHX,2024-25,january,Anchor Big,Big,17.7,7.1,1.5873015873015877,84,11,22.3,9.9
203484,Kentavious Caldwell-Pope,MEM,2024-25,january,Role Player,Role,13.6,8.2,58.75,77,14,30.1,9.9
201569,Eric Gordon,PHI,2024-25,january,3&D Wing,Wing,13.1,10.8,76.66666666666666,75,17,24.0,9.8
1642265,Rob Dillingham,MIN,2024-25,january,Role Player,Role,24.1,28.2,37.142857142857146,75,8,15.7,9.8
101108,Chris Paul,SAS,2024-25,january,Role Player,Role,13.1,33.4,64.1025641025641,72,12,29.7,9.6
1641717,Cason Wallace,OKC,2024-25,january,3&D Wing,Wing,12.8,11.4,35.8974358974359,75,14,29.9,9.4
1627777,Georges Niang,ATL,2024-25,january,Role Player,Role,17.0,7.5,63.38028169014085,79,15,20.2,9.3
1628392,Isaiah Hartenstein,OKC,2024-25,january,Versatile Big,Big,16.0,21.7,7.5,84,9,29.6,9.3
1629652,Luguentz Dort,OKC,2024-25,january,3&D Wing,Wing,13.3,8.4,70.12987012987013,76,13,28.4,9.3
1642268,Isaiah Collier,UTA,2024-25,january,Role Player,Role,18.5,36.2,28.73563218390805,75,15,28.8,9.2
1630548,Johnny Juzang,UTA,2024-25,january,Role Player,Role,15.3,9.1,69.44444444444444,77,5,22.9,9.2
1629634,Brandon Clarke,MEM,2024-25,january,Role Player,Role,15.5,5.9,0.0,80,14,19.8,9.1
201950,Jrue Holiday,BOS,2024-25,january,Role Player,Role,13.8,16.5,58.0246913580247,76,15,29.9,9.1
1630188,Jalen Smith,CHI,2024-25,january,Role Player,Role,21.6,10.9,55.88235294117647,81,16,15.2,8.9
1630631,Jose Alvarado,NOP,2024-25,january,Role Player,Role,18.3,27.0,73.23943661971832,72,15,19.7,8.9
1631213,Tyrese Martin,BKN,2024-25,january,Role Player,Role,18.1,14.8,54.25531914893617,78,15,26.3,8.9
1642346,Ryan Dunn,PHX,2024-25,january,Role Player,Role,16.7,7.6,36.25,80,14,21.2,8.9
1641733,Nick Smith Jr.,CHA,2024-25,january,Secondary Ball Handler,Secondary,20.2,16.7,56.70103092783506,74,13,23.3,8.9
203991,Clint Capela,ATL,2024-25,january,Rim Runner,Big,17.3,6.8,0.0,82,12,20.8,8.8
1628366,Lonzo Ball,CHI,2024-25,january,Role Player,Role,15.4,18.8,81.57894736842107,78,14,23.9,8.7
1628997,Caleb Martin,DAL,2024-25,january,Role Player,Role,11.8,12.7,34.24657534246575,77,6,32.3,8.7
1630549,Day'Ron Sharpe,BKN,2024-25,january,Role Player,Role,18.6,14.9,15.384615384615383,81,15,18.9,8.6
1630167,Obi Toppin,IND,2024-25,january,Role Player,Role,17.5,9.7,45.31249999999999,81,12,17.7,8.6
1641741,Ricky Council IV,PHI,2024-25,january,Role Player,Role,21.3,11.7,46.57534246575342,78,16,18.2,8.6
1628418,Thomas Bryant,IND,2024-25,january,Rim Runner,Big,16.3,9.5,39.655172413793096,82,12,16.1,8.5
1629622,Max Strus,CLE,2024-25,january,Role Player,Role,13.9,16.2,77.46478873239437,77,15,25.2,8.5
1628971,Bruce Brown,NOP,2024-25,january,Role Player,Role,18.8,13.3,27.77777777777778,76,13,20.2,8.5
1642366,Quinten Post,GSW,2024-25,january,Stretch Big,Big,22.1,18.4,62.31884057971014,84,8,15.2,8.4
1630527,Brandon Boston,NOP,2024-25,january,Role Player,Role,19.4,6.7,32.43243243243243,78,11,19.7,8.4
1629645,Kevin Porter Jr.,MIL,2024-25,january,Secondary Ball Handler,Secondary,21.9,27.1,24.0506329113924,76,14,19.3,8.4
1641783,Tristan da Silva,ORL,2024-25,january,Role Player,Role,14.1,11.1,50.632911392405056,80,15,28.2,8.3
1642261,Dalton Knecht,LAL,2024-25,january,Movement Shooter,Shooter,18.5,3.6,67.21311475409836,78,14,17.0,8.3
1641709,Ausar Thompson,DET,2024-25,january,Role Player,Role,16.6,8.1,16.666666666666668,78,14,21.9,8.2
203992,Bogdan Bogdanović,LAC,2024-25,january,Role Player,Role,17.6,10.5,62.637362637362635,77,10,24.1,8.2
204456,T.J. McConnell,IND,2024-25,january,Secondary Ball Handler,Secondary,22.5,35.2,3.7037037037037033,73,12,17.4,8.2
1626145,Tyus Jones,PHX,2024-25,january,3&D Wing,Wing,14.5,26.4,57.14285714285714,73,14,26.0,8.1
1627747,Caris LeVert,ATL,2024-25,january,Role Player,Role,16.4,19.7,55.12820512820513,78,8,25.1,8.1
1630172,Patrick Williams,CHI,2024-25,january,3&D Wing,Wing,15.9,11.4,50.0,79,16,26.3,8.1
1642267,Bub Carrington,WAS,2024-25,january,Role Player,Role,12.8,18.6,62.82051282051283,76,17,29.0,8.1
203110,Draymond Green,GSW,2024-25,january,Role Player,Role,18.1,23.7,47.945205479452056,78,6,24.7,8.0
1642348,Justin Edwards,PHI,2024-25,january,3&D Wing,Wing,14.3,8.1,61.194029850746254,79,16,23.8,7.9
1630540,Miles McBride,NYK,2024-25,january,Role Player,Role,16.4,16.6,58.666666666666664,73,10,19.8,7.9
1627732,Ben Simmons,LAC,2024-25,january,Versatile Big,Big,16.6,41.8,0.0,82,6,25.8,7.8
1630529,Herbert Jones,NOP,2024-25,january,Role Player,Role,11.0,13.8,45.16129032258064,79,5,32.0,7.8
1631260,AJ Green,MIL,2024-25,january,3&D Wing,Wing,12.9,4.8,83.87096774193549,76,9,21.7,7.8
1630534,Ochai Agbaji,TOR,2024-25,january,Role Player,Role,13.1,5.7,55.932203389830505,77,9,21.9,7.8
1642273,Kyshawn George,WAS,2024-25,january,Role Player,Role,15.0,11.5,72.22222222222221,80,17,25.3,7.7
1629234,Drew Eubanks,LAC,2024-25,january,Anchor Big,Big,16.0,12.1,1.886792452830189,82,13,19.1,7.7
1629048,Goga Bitadze,ORL,2024-25,january,Versatile Big,Big,15.9,20.6,9.836065573770492,82,9,23.2,7.7
1630182,Josh Green,CHA,2024-25,january,3&D Wing,Wing,9.3,5.9,67.9245283018868,77,12,27.7,7.6
1629638,Nickeil Alexander-Walker,MIN,2024-25,january,Role Player,Role,15.6,13.0,65.75342465753424,77,16,23.5,7.4
1628371,Jonathan Isaac,ORL,2024-25,january,Stretch Big,Big,17.9,7.1,43.859649122807014,82,15,16.9,7.4
1630577,Julian Champagnie,SAS,2024-25,january,3&D Wing,Wing,15.7,5.7,74.99999999999999,79,12,19.5,7.3
1631217,Moussa Diabaté,CHA,2024-25,january,Role Player,Role,13.8,5.5,0.0,81,8,21.0,7.3
1626168,Trey Lyles,SAC,2024-25,january,Role Player,Role,14.5,8.4,64.40677966101694,81,14,19.9,7.2
201144,Mike Conley,MIN,2024-25,january,Role Player,Role,12.8,24.2,62.5,72,15,23.8,7.2
203995,Vasilije Micic,PHX,2024-25,january,Role Player,Role,19.2,24.6,47.61904761904762,75,13,19.9,7.2
1627752,Taurean Prince,MIL,2024-25,january,3&D Wing,Wing,10.6,12.9,70.17543859649122,78,15,25.3,7.1
1629216,Gabe Vincent,LAL,2024-25,january,Movement Shooter,Shooter,13.3,14.0,68.25396825396825,74,8,24.4,7.1
1629006,Josh Okogie,CHA,2024-25,january,3&D Wing,Wing,18.2,11.1,42.30769230769231,76,12,15.5,7.1
1630590,Scotty Pippen Jr.,MEM,2024-25,january,Role Player,Role,16.0,24.6,38.18181818181819,73,14,18.5,7.1
1642274,Yves Missi,NOP,2024-25,january,Rim Runner,Big,11.0,6.3,0.0,83,14,27.0,7.1
1641744,Zach Edey,MEM,2024-25,january,Post Scorer,Big,15.0,4.8,20.75471698113208,88,14,19.0,6.9
1627780,Gary Payton II,GSW,2024-25,january,Role Player,Role,18.7,16.3,29.166666666666668,74,9,15.1,6.9
1630573,Sam Hauser,BOS,2024-25,january,Movement Shooter,Shooter,14.6,7.4,90.74074074074076,79,14,17.1,6.8
1631212,Peyton Watson,DEN,2024-25,january,Role Player,Role,13.4,8.4,30.35714285714286,79,17,24.3,6.8
1641713,GG Jackson,MEM,2024-25,january,3&D Wing,Wing,24.0,5.2,52.054794520547944,81,6,15.4,6.7
1631110,Jeremy Sochan,SAS,2024-25,january,Role Player,Role,12.8,10.7,21.818181818181817,80,6,22.1,6.7
1630174,Aaron Nesmith,IND,2024-25,january,Role Player,Role,13.3,5.8,52.0,78,5,18.4,6.6
1642354,KJ Simpson,CHA,2024-25,january,Role Player,Role,19.3,13.2,35.714285714285715,72,5,21.8,6.6
1631218,Trayce Jackson-Davis,GSW,2024-25,january,Role Player,Role,14.7,14.9,0.0,81,15,21.2,6.6
1627827,Dorian Finney-Smith,LAL,2024-25,january,Role Player,Role,10.8,3.6,74.0,79,11,23.4,6.5
1628436,Luke Kornet,BOS,2024-25,january,Rim Runner,Big,12.7,12.9,0.0,85,16,17.4,6.5
1630173,Precious Achiuwa,NYK,2024-25,january,Role Player,Role,13.0,5.1,8.0,80,15,18.7,6.5
1642347,Jamal Shead,TOR,2024-25,january,Role Player,Role,16.4,27.0,48.07692307692307,73,14,18.2,6.3
1630611,Gui Santos,GSW,2024-25,january,3&D Wing,Wing,12.9,13.4,62.22222222222222,78,15,18.2,6.3
1642271,Kyle Filipowski,UTA,2024-25,january,Stretch Big,Big,13.0,11.5,45.09803921568628,83,15,20.7,6.1
1629731,Dean Wade,CLE,2024-25,january,3&D Wing,Wing,10.2,8.6,79.62962962962962,81,11,23.7,6.1
1631323,Simone Fontecchio,DET,2024-25,january,3&D Wing,Wing,16.1,7.5,51.72413793103448,79,13,17.6,6.1
1631119,Jaylin Williams,OKC,2024-25,january,3&D Wing,Wing,15.3,17.0,67.85714285714286,81,14,17.6,6.1
1629726,Garrison Mathews,ATL,2024-25,january,Role Player,Role,15.0,9.5,84.48275862068967,78,15,18.3,6.1
201143,Al Horford,BOS,2024-25,january,Role Player,Role,11.0,7.4,67.24137931034483,81,11,24.6,6.0
1629750,Javonte Green,CLE,2024-25,january,3&D Wing,Wing,9.3,6.4,57.14285714285714,77,13,23.9,6.0
1626172,Kevon Looney,GSW,2024-25,january,Role Player,Role,13.4,16.0,2.0833333333333335,81,14,17.0,6.0
1629611,Terance Mann,ATL,2024-25,january,Role Player,Role,14.7,12.9,41.66666666666667,77,12,17.5,6.0
1631222,Jake LaRavia,SAC,2024-25,january,3&D Wing,Wing,11.8,13.0,42.857142857142854,79,11,19.1,5.9
203937,Kyle Anderson,MIA,2024-25,january,Role Player,Role,14.1,20.2,21.73913043478261,81,10,16.3,5.9
1628998,Cody Martin,PHX,2024-25,january,Role Player,Role,13.1,14.1,32.69230769230769,78,9,20.9,5.8
1630322,Lindy Waters III,DET,2024-25,january,Role Player,Role,14.9,6.8,71.15384615384616,78,13,16.7,5.8
1629312,Haywood Highsmith,MIA,2024-25,january,Role Player,Role,10.7,9.8,57.14285714285714,77,16,22.9,5.8
1630200,Tre Jones,CHI,2024-25,january,Role Player,Role,13.0,29.5,21.05263157894737,73,12,15.5,5.7
1641767,Ben Sheppard,IND,2024-25,january,Role Player,Role,10.2,6.6,70.2127659574468,78,12,21.8,5.4
1627936,Alex Caruso,OKC,2024-25,january,3&D Wing,Wing,13.9,17.9,60.0,77,8,16.9,5.4
1630241,Sam Merrill,CLE,2024-25,january,Role Player,Role,15.3,14.2,81.81818181818183,76,11,16.6,5.3
201988,Patty Mills,LAC,2024-25,january,Role Player,Role,17.7,10.4,73.21428571428571,74,8,15.3,5.3
1630558,Davion Mitchell,MIA,2024-25,january,Role Player,Role,11.3,22.6,45.238095238095234,72,13,21.1,5.2
1626220,Royce O'Neale,PHX,2024-25,january,3&D Wing,Wing,14.1,6.6,83.60655737704919,78,10,21.8,5.2
1642266,Ja'Kobe Walter,TOR,2024-25,january,3&D Wing,Wing,14.0,11.5,51.162790697674424,77,11,15.5,5.1
1628464,Daniel Theis,NOP,2024-25,january,Role Player,Role,10.4,11.8,27.027027027027025,80,15,19.1,4.9
1642262,Cody Williams,UTA,2024-25,january,Role Player,Role,12.3,10.7,49.180327868852466,79,7,25.8,4.9
1631200,Kris Murray,POR,2024-25,january,3&D Wing,Wing,12.8,10.3,38.63636363636363,80,14,16.6,4.8
1631216,Caleb Houstan,ORL,2024-25,january,Role Player,Role,10.7,6.0,89.79591836734694,80,13,21.5,4.7
1630243,Trevelin Queen,ORL,2024-25,january,Role Player,Role,16.7,16.1,52.72727272727272,77,13,15.7,4.7
1630191,Isaiah Stewart,DET,2024-25,january,Role Player,Role,11.4,12.3,16.279069767441857,80,15,18.5,4.6
1629637,Jaxson Hayes,LAL,2024-25,january,Anchor Big,Big,11.3,7.0,3.3333333333333335,84,14,16.1,4.6
1641748,Andre Jackson Jr.,MIL,2024-25,january,Role Player,Role,10.5,12.7,30.0,78,14,15.7,4.4
1642270,Donovan Clingan,POR,2024-25,january,Rim Runner,Big,11.4,10.2,17.142857142857142,86,10,17.5,4.3
1628467,Maxi Kleber,LAL,2024-25,january,Stretch Big,Big,10.8,14.7,57.89473684210527,82,13,18.6,4.2
1641737,Adem Bona,PHI,2024-25,january,Rim Runner,Big,11.3,4.5,0.0,82,16,15.0,4.1
1629057,Robert Williams III,POR,2024-25,january,Role Player,Role,10.5,7.1,0.0,81,6,18.7,3.8
1630695,Micah Potter,UTA,2024-25,january,Role Player,Role,10.3,2.7,72.97297297297297,81,9,18.6,3.8
203486,Mason Plumlee,PHX,2024-25,january,Anchor Big,Big,9.4,13.1,4.0,82,15,17.2,3.6
200768,Kyle Lowry,PHI,2024-25,january,Role Player,Role,10.2,19.8,76.66666666666666,72,7,18.2,3.6
1641989,Elijah Harkless,UTA,2024-25,january,Role Player,Role,12.3,7.5,71.7948717948718,75,9,15.0,3.6
1630526,Jeremiah Robinson-Earl,NOP,2024-25,january,Role Player,Role,8.6,11.4,57.692307692307686,80,11,15.0,3.0
201587,Nicolas Batum,LAC,2024-25,january,3&D Wing,Wing,7.4,7.5,84.00000000000001,80,13,15.1,2.6
1630556,Kessler Edwards,DAL,2024-25,january,Role Player,Role,7.2,8.5,47.82608695652175,79,7,15.4,2.6
1627739,Kris Dunn,LAC,2024-25,january,Role Player,Role,11.4,16.8,56.41025641025642,75,9,18.4,2.6
1628983,Shai Gilgeous-Alexander,OKC,2024-25,february,Primary Initiator,Primary,32.3,29.4,27.22772277227723,78,13,33.3,31.7
201939,Stephen Curry,GSW,2024-25,february,Primary Initiator,Primary,33.0,26.3,63.18181818181819,74,11,33.1,30.7
1630162,Anthony Edwards,MIN,2024-25,february,Primary Initiator,Primary,34.7,22.7,51.072961373390555,76,10,36.2,30.7
2544,LeBron James,LAL,2024-25,february,Primary Initiator,Primary,32.3,35.2,36.36363636363637,81,11,35.2,29.3
1628369,Jayson Tatum,BOS,2024-25,february,Primary Initiator,Primary,31.3,31.2,47.92626728110599,80,11,36.9,28.3
1629027,Trae Young,ATL,2024-25,february,Primary Initiator,Primary,31.7,44.3,48.5576923076923,73,12,37.4,28.3
1626164,Devin Booker,PHX,2024-25,february,Secondary Ball Handler,Secondary,28.5,31.5,38.3419689119171,78,12,38.6,28.0
202681,Kyrie Irving,DAL,2024-25,february,Role Player,Role,28.0,18.4,37.49999999999999,74,9,39.4,27.8
203999,Nikola Jokić,DEN,2024-25,february,Versatile Big,Big,27.0,43.4,29.94011976047905,83,12,34.8,27.3
1628973,Jalen Brunson,NYK,2024-25,february,Primary Initiator,Primary,29.9,29.6,28.35051546391753,74,11,35.4,26.7
1630595,Cade Cunningham,DET,2024-25,february,Primary Initiator,Primary,30.4,39.9,30.150753768844226,78,11,34.2,25.9
1630178,Tyrese Maxey,PHI,2024-25,february,Secondary Ball Handler,Secondary,27.2,25.4,42.42424242424242,74,10,38.1,25.9
1628378,Donovan Mitchell,CLE,2024-25,february,Secondary Ball Handler,Secondary,30.7,24.9,44.919786096256686,75,10,30.6,25.8
203081,Damian Lillard,MIL,2024-25,february,Primary Initiator,Primary,28.2,31.6,57.06214689265536,74,9,36.4,25.8
1630532,Franz Wagner,ORL,2024-25,february,Rim Runner,Big,31.0,19.0,26.442307692307693,82,12,34.1,25.7
201142,Kevin Durant,PHX,2024-25,february,Rim Runner,Big,24.6,17.8,35.05747126436782,83,10,39.4,25.5
1626181,Norman Powell,LAC,2024-25,february,Role Player,Role,26.5,10.3,44.08602150537634,76,5,36.4,25.4
1629627,Zion Williamson,NOP,2024-25,february,Role Player,Role,30.9,30.4,0.617283950617284,78,9,28.0,25.3
203507,Giannis Antetokounmpo,MIL,2024-25,february,Versatile Big,Big,33.8,35.4,10.0,83,6,29.4,24.8
1627750,Jamal Murray,DEN,2024-25,february,Secondary Ball Handler,Secondary,24.1,20.9,39.77272727272727,76,11,35.6,24.7
1626157,Karl-Anthony Towns,NYK,2024-25,february,Rim Runner,Big,25.5,9.2,28.415300546448087,84,10,36.9,24.3
1629639,Tyler Herro,MIA,2024-25,february,Primary Initiator,Primary,30.5,31.6,49.2462311557789,77,11,36.4,24.1
1631094,Paolo Banchero,ORL,2024-25,february,Versatile Big,Big,33.0,28.5,31.818181818181817,82,12,32.7,23.6
201942,DeMar DeRozan,SAC,2024-25,february,Role Player,Role,22.9,20.2,24.68354430379747,78,11,35.3,23.5
203078,Bradley Beal,PHX,2024-25,february,Secondary Ball Handler,Secondary,23.6,22.1,27.516778523489933,76,7,35.3,23.0
203897,Zach LaVine,SAC,2024-25,february,Role Player,Role,24.2,16.7,46.42857142857142,77,9,36.2,22.9
1628991,Jaren Jackson Jr.,MEM,2024-25,february,Anchor Big,Big,27.8,11.6,32.31707317073171,82,11,30.6,22.8
1629630,Ja Morant,MEM,2024-25,february,Secondary Ball Handler,Secondary,31.0,32.5,31.91489361702127,74,9,32.3,22.6
201935,James Harden,LAC,2024-25,february,Primary Initiator,Primary,28.4,35.0,53.51351351351351,77,11,37.7,22.5
1630224,Jalen Green,HOU,2024-25,february,Primary Initiator,Primary,28.1,20.3,46.938775510204074,76,12,34.9,22.5
203954,Joel Embiid,PHI,2024-25,february,Versatile Big,Big,31.2,31.8,29.375,84,6,32.0,22.5
1627759,Jaylen Brown,BOS,2024-25,february,Secondary Ball Handler,Secondary,28.2,19.5,28.402366863905325,78,8,33.2,22.4
1629673,Jordan Poole,WAS,2024-25,february,Movement Shooter,Shooter,29.2,23.5,57.71428571428571,76,11,32.4,22.3
1641705,Victor Wembanyama,SAS,2024-25,february,Rim Runner,Big,26.6,17.3,38.95348837209303,87,6,33.6,22.2
1629628,RJ Barrett,TOR,2024-25,february,Role Player,Role,27.0,27.3,31.213872832369944,78,7,33.8,22.1
1630559,Austin Reaves,LAL,2024-25,february,Secondary Ball Handler,Secondary,25.2,25.6,53.333333333333336,77,12,32.4,22.0
1629008,Michael Porter Jr.,DEN,2024-25,february,Stretch Big,Big,23.4,8.4,41.764705882352935,82,9,34.8,22.0
203468,CJ McCollum,NOP,2024-25,february,Secondary Ball Handler,Secondary,26.9,18.9,46.24277456647399,75,9,32.3,21.9
1628970,Miles Bridges,CHA,2024-25,february,Role Player,Role,29.5,21.1,37.03703703703704,79,13,32.3,21.4
1628389,Bam Adebayo,MIA,2024-25,february,Role Player,Role,24.3,18.4,20.512820512820515,81,11,35.4,21.2
1630530,Trey Murphy III,NOP,2024-25,february,Role Player,Role,23.6,23.1,50.0,80,11,36.7,21.2
1629029,Luka Dončić,LAL,2024-25,february,Primary Initiator,Primary,32.9,33.6,46.111111111111114,78,7,31.0,21.0
1627783,Pascal Siakam,IND,2024-25,february,Role Player,Role,25.3,12.6,26.582278481012654,80,12,32.5,20.9
1628381,John Collins,UTA,2024-25,february,Role Player,Role,22.7,4.2,30.49645390070922,81,9,32.8,20.7
1630596,Evan Mobley,CLE,2024-25,february,Rim Runner,Big,23.8,18.3,26.08695652173913,83,11,29.7,20.4
1631114,Jalen Williams,OKC,2024-25,february,Secondary Ball Handler,Secondary,25.0,21.9,31.677018633540367,77,11,32.7,20.4
1630217,Desmond Bane,ORL,2024-25,february,Secondary Ball Handler,Secondary,22.0,20.6,42.281879194630875,77,9,35.4,20.0
1630581,Josh Giddey,CHI,2024-25,february,Secondary Ball Handler,Secondary,23.3,29.3,37.77777777777778,80,11,32.7,19.8
1629014,Anfernee Simons,POR,2024-25,february,Secondary Ball Handler,Secondary,23.8,27.7,55.00000000000001,75,12,33.5,19.7
1628368,De'Aaron Fox,SAS,2024-25,february,Secondary Ball Handler,Secondary,25.7,28.7,35.75757575757576,75,11,34.2,19.6
1629675,Naz Reid,MIN,2024-25,february,Role Player,Role,22.6,14.0,49.101796407185624,81,13,35.5,19.5
1630567,Scottie Barnes,TOR,2024-25,february,Role Player,Role,25.6,25.1,26.666666666666668,79,11,34.9,19.3
203952,Andrew Wiggins,MIA,2024-25,february,Role Player,Role,24.8,15.2,42.65734265734265,79,7,35.3,18.9
1630169,Tyrese Haliburton,IND,2024-25,february,Role Player,Role,20.4,38.7,55.14705882352941,77,12,33.4,18.8
1629636,Darius Garland,CLE,2024-25,february,Secondary Ball Handler,Secondary,27.0,29.4,44.078947368421055,73,9,28.9,18.8
203903,Jordan Clarkson,UTA,2024-25,february,Role Player,Role,24.8,19.6,55.27950310559005,75,8,30.3,18.8
1630598,Aaron Wiggins,OKC,2024-25,february,3&D Wing,Wing,22.1,9.4,46.21212121212121,77,13,27.5,18.7
1630183,Jaden McDaniels,MIN,2024-25,february,Role Player,Role,19.9,12.1,30.405405405405407,81,13,37.3,18.5
1627736,Malik Beasley,DET,2024-25,february,Role Player,Role,22.1,9.4,79.84496124031008,76,12,25.6,18.4
1628404,Josh Hart,NYK,2024-25,february,3&D Wing,Wing,19.5,21.2,17.968749999999996,76,9,38.5,18.2
1628374,Lauri Markkanen,UTA,2024-25,february,Stretch Big,Big,21.7,2.7,50.967741935483865,84,8,33.2,18.1
1630578,Alperen Sengun,HOU,2024-25,february,Versatile Big,Big,28.1,20.2,9.352517985611511,83,10,29.7,18.0
204001,Kristaps Porziņģis,BOS,2024-25,february,Post Scorer,Big,25.3,8.3,38.19444444444444,86,8,30.9,17.9
202695,Kawhi Leonard,LAC,2024-25,february,Secondary Ball Handler,Secondary,27.7,16.5,31.645569620253163,79,8,31.4,17.8
1631128,Christian Braun,DEN,2024-25,february,Role Player,Role,16.0,10.4,21.487603305785125,78,12,35.9,17.7
1629632,Coby White,CHI,2024-25,february,Secondary Ball Handler,Secondary,21.6,21.1,54.22535211267606,77,11,33.0,17.5
1631101,Shaedon Sharpe,POR,2024-25,february,Secondary Ball Handler,Secondary,27.5,17.7,45.0,77,12,25.6,17.4
1628398,Kyle Kuzma,MIL,2024-25,february,Role Player,Role,22.9,12.0,42.567567567567565,81,11,34.1,17.4
1629661,Cameron Johnson,BKN,2024-25,february,Role Player,Role,22.2,18.1,52.38095238095239,80,9,29.6,17.3
1628401,Derrick White,BOS,2024-25,february,Role Player,Role,18.7,22.2,75.21367521367523,76,11,33.7,17.3
202699,Tobias Harris,DET,2024-25,february,Role Player,Role,18.2,6.8,23.96694214876033,80,12,31.9,17.3
1641718,Keyonte George,UTA,2024-25,february,Secondary Ball Handler,Secondary,23.4,32.3,57.14285714285714,76,13,31.3,17.2
1628370,Malik Monk,SAC,2024-25,february,Secondary Ball Handler,Secondary,23.8,24.3,39.50617283950618,75,11,35.1,16.9
1627826,Ivica Zubac,LAC,2024-25,february,Post Scorer,Big,17.8,10.2,0.0,84,11,33.2,16.7
1626162,Kelly Oubre Jr.,PHI,2024-25,february,Role Player,Role,18.1,5.1,25.925925925925924,80,11,38.4,16.7
1630193,Immanuel Quickley,TOR,2024-25,february,Secondary Ball Handler,Secondary,22.4,29.8,53.333333333333336,74,11,29.3,16.5
1626171,Bobby Portis,MIL,2024-25,february,Rim Runner,Big,24.6,20.0,28.947368421052634,82,5,29.8,16.4
202710,Jimmy Butler III,GSW,2024-25,february,Role Player,Role,20.6,27.4,15.929203539823009,79,8,30.1,16.4
1629060,Rui Hachimura,LAL,2024-25,february,3&D Wing,Wing,17.0,6.6,48.30508474576271,80,11,33.7,16.4
1630700,Dyson Daniels,ATL,2024-25,february,Role Player,Role,18.3,18.9,14.634146341463412,79,12,35.4,16.0
1627734,Domantas Sabonis,SAC,2024-25,february,Versatile Big,Big,20.5,21.1,20.338983050847457,82,11,34.0,15.9
1630168,Onyeka Okongwu,ATL,2024-25,february,Rim Runner,Big,16.9,13.9,18.0,82,12,30.6,15.3
1631109,Mark Williams,CHA,2024-25,february,Rim Runner,Big,22.4,10.6,0.0,84,7,27.9,15.3
201572,Brook Lopez,MIL,2024-25,february,Stretch Big,Big,17.9,8.7,47.706422018348626,85,11,30.9,15.3
1631097,Bennedict Mathurin,IND,2024-25,february,Secondary Ball Handler,Secondary,22.3,10.5,31.428571428571427,77,11,25.6,15.2
1628969,Mikal Bridges,NYK,2024-25,february,Role Player,Role,17.4,12.9,31.851851851851848,78,11,35.9,15.2
1629028,Deandre Ayton,POR,2024-25,february,Rim Runner,Big,21.3,10.6,1.694915254237288,84,6,29.6,15.2
1626167,Myles Turner,IND,2024-25,february,Stretch Big,Big,20.1,9.4,57.52212389380531,83,8,29.6,15.1
202691,Klay Thompson,DAL,2024-25,february,Movement Shooter,Shooter,23.2,10.2,58.95522388059702,77,10,26.6,15.1
203497,Rudy Gobert,MIN,2024-25,february,Anchor Big,Big,14.6,8.3,0.0,85,7,34.8,15.0
1641708,Amen Thompson,HOU,2024-25,february,Role Player,Role,16.9,25.0,12.280701754385964,79,12,37.1,14.9
1630163,LaMelo Ball,CHA,2024-25,february,Secondary Ball Handler,Secondary,27.0,37.0,52.054794520547944,79,5,26.0,14.8
202696,Nikola Vučević,CHI,2024-25,february,Rim Runner,Big,21.8,15.4,32.35294117647059,82,8,31.8,14.8
1641733,Nick Smith Jr.,CHA,2024-25,february,Secondary Ball Handler,Secondary,20.3,15.3,51.127819548872175,74,12,31.9,14.7
1642264,Stephon Castle,SAS,2024-25,february,Secondary Ball Handler,Secondary,27.8,18.4,28.925619834710748,78,12,23.3,14.7
1630202,Payton Pritchard,BOS,2024-25,february,Role Player,Role,18.1,17.8,79.0909090909091,73,10,29.7,14.5
1630557,Corey Kispert,WAS,2024-25,february,Role Player,Role,18.9,10.6,58.490566037735846,78,11,27.3,14.3
1629631,De'Andre Hunter,CLE,2024-25,february,Role Player,Role,17.0,6.5,58.51063829787234,80,10,27.5,14.2
202331,Paul George,PHI,2024-25,february,Role Player,Role,18.8,14.1,52.5,80,9,33.9,14.1
1631108,Max Christie,DAL,2024-25,february,Role Player,Role,17.1,13.4,42.857142857142854,77,11,33.1,14.1
203924,Jerami Grant,POR,2024-25,february,Role Player,Role,18.2,9.3,51.96850393700787,79,9,35.0,14.0
1630166,Deni Avdija,POR,2024-25,february,Secondary Ball Handler,Secondary,21.9,18.0,41.41414141414141,81,11,26.3,13.9
1641764,Brandin Podziemski,GSW,2024-25,february,Role Player,Role,18.9,20.8,42.622950819672134,76,11,30.6,13.8
1641731,Bilal Coulibaly,WAS,2024-25,february,Role Player,Role,18.1,18.3,34.51327433628318,80,11,34.9,13.7
1629660,Ty Jerome,CLE,2024-25,february,Role Player,Role,23.3,18.5,37.5,77,10,21.1,13.7
1628415,Dillon Brooks,HOU,2024-25,february,Role Player,Role,16.4,9.2,52.21238938053098,78,12,32.5,13.6
1631105,Jalen Duren,DET,2024-25,february,Rim Runner,Big,17.4,18.3,0.0,82,12,25.6,13.6
1631096,Chet Holmgren,OKC,2024-25,february,Anchor Big,Big,20.3,7.9,35.05154639175258,85,7,25.6,13.6
1631099,Keegan Murray,SAC,2024-25,february,Movement Shooter,Shooter,14.9,6.2,55.769230769230774,80,11,32.7,13.5
203932,Aaron Gordon,DEN,2024-25,february,Role Player,Role,18.1,19.3,33.33333333333333,80,9,28.5,13.1
1629656,Quentin Grimes,PHI,2024-25,february,Role Player,Role,17.8,15.4,54.054054054054056,76,9,30.0,13.1
1630541,Moses Moody,GSW,2024-25,february,Movement Shooter,Shooter,16.5,5.9,56.98924731182795,77,10,27.6,13.1
1630553,Keon Johnson,BKN,2024-25,february,Role Player,Role,21.5,14.6,44.8,77,11,28.8,13.1
1630175,Cole Anthony,MEM,2024-25,february,Secondary Ball Handler,Secondary,21.6,21.2,36.274509803921575,74,12,24.5,13.1
1630170,Devin Vassell,SAS,2024-25,february,Role Player,Role,20.0,9.1,43.93939393939394,77,12,30.9,13.1
1631106,Tari Eason,HOU,2024-25,february,3&D Wing,Wing,16.4,7.0,25.24271844660194,80,7,30.3,13.0
1641739,Toumani Camara,POR,2024-25,february,3&D Wing,Wing,13.3,8.4,41.93548387096774,79,12,35.3,13.0
1631117,Walker Kessler,UTA,2024-25,february,Anchor Big,Big,12.6,8.7,0.0,84,10,33.2,12.9
1630245,Ayo Dosunmu,CHI,2024-25,february,Role Player,Role,18.5,24.5,40.42553191489361,77,8,29.1,12.9
1641709,Ausar Thompson,DET,2024-25,february,Role Player,Role,18.9,20.9,0.0,78,12,24.7,12.8
1641824,Matas Buzelis,CHI,2024-25,february,Stretch Big,Big,18.2,10.8,46.938775510204074,82,11,26.8,12.8
1630583,Santi Aldama,MEM,2024-25,february,Stretch Big,Big,17.4,16.3,54.90196078431373,84,11,25.0,12.8
1642258,Zaccharie Risacher,ATL,2024-25,february,Role Player,Role,18.3,8.4,43.29896907216496,80,12,25.7,12.8
1628384,OG Anunoby,NYK,2024-25,february,Role Player,Role,16.2,7.3,55.769230769230774,79,5,31.9,12.6
1627777,Georges Niang,ATL,2024-25,february,Role Player,Role,17.1,8.0,67.01030927835052,79,11,26.6,12.5
1630703,Scoot Henderson,POR,2024-25,february,Role Player,Role,20.5,27.9,55.00000000000001,75,11,25.5,12.5
1629626,Bol Bol,PHX,2024-25,february,Stretch Big,Big,20.8,6.3,52.74725274725275,87,12,20.9,12.5
1629651,Nic Claxton,BKN,2024-25,february,Anchor Big,Big,18.5,13.5,0.9803921568627452,83,10,28.6,12.5
1626156,D'Angelo Russell,BKN,2024-25,february,Movement Shooter,Shooter,26.8,23.5,57.02479338842976,75,7,23.0,12.3
1630230,Naji Marshall,DAL,2024-25,february,Role Player,Role,18.6,16.6,37.234042553191486,78,11,26.7,12.2
1628386,Jarrett Allen,CLE,2024-25,february,Role Player,Role,14.9,9.3,2.8169014084507045,81,11,26.4,12.1
1629018,Gary Trent Jr.,MIL,2024-25,february,3&D Wing,Wing,18.7,10.0,55.67010309278352,77,12,25.2,12.1
1629638,Nickeil Alexander-Walker,MIN,2024-25,february,Role Player,Role,14.6,12.7,62.10526315789474,77,13,33.1,12.1
1627747,Caris LeVert,ATL,2024-25,february,Role Player,Role,19.3,11.8,46.15384615384615,78,11,25.7,12.0
1629640,Keldon Johnson,SAS,2024-25,february,Role Player,Role,19.7,12.1,36.14457831325301,77,12,21.7,12.0
1629599,Amir Coffey,LAC,2024-25,february,Role Player,Role,16.6,6.9,50.0,79,10,25.2,11.8
1631107,Nikola Jović,MIA,2024-25,february,Stretch Big,Big,16.8,16.4,61.53846153846154,82,9,28.8,11.8
1626220,Royce O'Neale,PHX,2024-25,february,3&D Wing,Wing,15.3,11.8,82.55813953488372,78,13,26.4,11.6
1630167,Obi Toppin,IND,2024-25,february,Role Player,Role,21.6,10.3,54.11764705882353,81,12,19.7,11.6
1642268,Isaiah Collier,UTA,2024-25,february,Role Player,Role,19.6,44.4,34.31372549019608,75,13,30.4,11.5
1642354,KJ Simpson,CHA,2024-25,february,Secondary Ball Handler,Secondary,20.2,22.2,40.36697247706422,72,8,28.3,11.3
1641711,Gradey Dick,TOR,2024-25,february,Role Player,Role,17.6,5.8,51.06382978723404,78,12,29.2,11.2
1630533,Ziaire Williams,BKN,2024-25,february,3&D Wing,Wing,16.0,7.3,65.11627906976743,81,11,27.2,11.0
203957,Danté Exum,DAL,2024-25,february,Role Player,Role,19.8,28.1,38.961038961038966,77,10,20.2,10.8
1642273,Kyshawn George,WAS,2024-25,february,Role Player,Role,16.0,13.0,62.79069767441862,80,10,29.9,10.8
1642267,Bub Carrington,WAS,2024-25,february,Role Player,Role,14.9,21.8,56.25,76,11,28.4,10.7
1630549,Day'Ron Sharpe,BKN,2024-25,february,Role Player,Role,21.1,20.8,8.450704225352112,81,11,18.6,10.7
1626179,Terry Rozier,MIA,2024-25,february,Role Player,Role,20.1,14.4,46.15384615384615,73,8,22.9,10.5
1627741,Buddy Hield,GSW,2024-25,february,Movement Shooter,Shooter,17.2,8.9,66.3157894736842,76,11,24.2,10.5
203992,Bogdan Bogdanović,LAC,2024-25,february,Secondary Ball Handler,Secondary,20.6,20.4,65.34653465346535,77,7,24.0,10.4
1627884,Derrick Jones Jr.,LAC,2024-25,february,3&D Wing,Wing,17.1,4.1,38.55421686746987,78,11,24.2,10.4
1629652,Luguentz Dort,OKC,2024-25,february,3&D Wing,Wing,13.2,4.8,66.66666666666666,76,11,27.9,10.4
1628380,Zach Collins,CHI,2024-25,february,Anchor Big,Big,16.7,15.1,37.142857142857146,83,7,22.7,10.3
1627752,Taurean Prince,MIL,2024-25,february,3&D Wing,Wing,13.3,9.6,73.6111111111111,78,11,27.6,10.3
203084,Harrison Barnes,SAS,2024-25,february,3&D Wing,Wing,15.0,7.6,59.036144578313255,80,12,25.9,10.3
1630631,Jose Alvarado,NOP,2024-25,february,Role Player,Role,15.6,28.8,57.64705882352942,72,10,26.4,10.2
1630570,Trendon Watford,BKN,2024-25,february,Role Player,Role,24.1,25.6,18.6046511627907,80,10,20.3,10.1
1630558,Davion Mitchell,MIA,2024-25,february,Role Player,Role,12.4,19.0,48.52941176470589,72,9,30.9,10.0
1630165,Killian Hayes,BKN,2024-25,february,Role Player,Role,15.2,27.5,51.35135135135135,77,5,27.4,10.0
1642271,Kyle Filipowski,UTA,2024-25,february,Anchor Big,Big,19.9,18.2,39.3939393939394,83,13,19.2,10.0
1628366,Lonzo Ball,CHI,2024-25,february,Role Player,Role,16.4,10.7,75.82417582417584,78,7,26.7,10.0
201566,Russell Westbrook,DEN,2024-25,february,Secondary Ball Handler,Secondary,24.4,20.6,36.36363636363637,76,5,23.9,10.0
1628392,Isaiah Hartenstein,OKC,2024-25,february,Rim Runner,Big,15.7,16.0,2.6315789473684212,84,13,25.0,9.9
1631124,Julian Strawther,DEN,2024-25,february,Role Player,Role,18.2,7.7,58.88888888888889,78,12,24.7,9.9
1641722,Jordan Hawkins,NOP,2024-25,february,Role Player,Role,19.9,11.2,53.76344086021505,77,11,22.4,9.9
1631165,Keon Ellis,SAC,2024-25,february,3&D Wing,Wing,13.0,6.2,65.67164179104478,76,11,26.3,9.9
1641713,GG Jackson,MEM,2024-25,february,3&D Wing,Wing,22.7,10.6,49.31506849315069,81,10,16.7,9.9
1627824,Guerschon Yabusele,PHI,2024-25,february,Role Player,Role,15.3,7.3,43.24324324324324,80,9,25.6,9.9
1642348,Justin Edwards,PHI,2024-25,february,3&D Wing,Wing,13.4,7.3,56.25,79,8,29.2,9.9
203110,Draymond Green,GSW,2024-25,february,Role Player,Role,15.1,26.1,32.0,78,11,30.2,9.8
1626158,Richaun Holmes,WAS,2024-25,february,Role Player,Role,12.4,11.5,4.081632653061225,81,11,24.2,9.8
1630231,KJ Martin,UTA,2024-25,february,Role Player,Role,13.4,7.2,37.142857142857146,78,5,25.8,9.8
1628989,Kevin Huerter,CHI,2024-25,february,Role Player,Role,17.8,13.4,70.32967032967034,79,9,22.8,9.8
1630174,Aaron Nesmith,IND,2024-25,february,Movement Shooter,Shooter,15.6,9.6,55.55555555555556,78,12,23.6,9.8
1630545,Terrence Shannon Jr.,MIN,2024-25,february,Role Player,Role,19.6,16.5,27.27272727272727,78,11,18.8,9.7
1628960,Grayson Allen,PHX,2024-25,february,Role Player,Role,16.1,15.4,75.0,76,10,26.8,9.7
1629622,Max Strus,CLE,2024-25,february,Role Player,Role,14.4,15.5,81.81818181818181,77,10,25.2,9.7
1630173,Precious Achiuwa,NYK,2024-25,february,Role Player,Role,13.1,6.4,12.987012987012983,80,11,30.3,9.5
203915,Spencer Dinwiddie,DAL,2024-25,february,Role Player,Role,15.7,19.4,52.0,77,11,25.5,9.5
1629614,Andrew Nembhard,IND,2024-25,february,Role Player,Role,15.8,18.5,31.081081081081074,76,12,29.1,9.5
201145,Jeff Green,HOU,2024-25,february,Role Player,Role,18.5,7.2,55.55555555555556,80,6,17.3,9.5
1629130,Duncan Robinson,MIA,2024-25,february,Movement Shooter,Shooter,16.9,15.0,73.97260273972603,79,11,23.4,9.5
1642366,Quinten Post,GSW,2024-25,february,Stretch Big,Big,18.3,16.1,61.53846153846154,84,11,16.7,9.5
203501,Tim Hardaway Jr.,DET,2024-25,february,Movement Shooter,Shooter,14.5,8.5,71.26436781609196,77,12,27.2,9.4
1642377,Jaylen Wells,MEM,2024-25,february,Role Player,Role,13.3,6.4,61.9718309859155,80,11,24.0,9.4
1631217,Moussa Diabaté,CHA,2024-25,february,Role Player,Role,17.1,12.3,3.278688524590164,81,11,20.6,9.4
1627763,Malcolm Brogdon,WAS,2024-25,february,Role Player,Role,21.5,28.7,16.883116883116884,76,6,19.5,9.3
1641710,Anthony Black,ORL,2024-25,february,Role Player,Role,16.9,15.6,35.61643835616439,79,12,22.9,9.3
1629004,Svi Mykhailiuk,UTA,2024-25,february,Role Player,Role,19.2,9.2,63.26530612244897,79,5,24.6,9.2
1631110,Jeremy Sochan,SAS,2024-25,february,Role Player,Role,16.1,15.9,20.588235294117645,80,12,21.0,9.2
1642274,Yves Missi,NOP,2024-25,february,Rim Runner,Big,15.8,5.7,0.0,83,11,27.0,9.1
1642276,Kel'el Ware,MIA,2024-25,february,Rim Runner,Big,14.6,8.9,21.51898734177215,84,12,27.7,9.1
1628976,Wendell Carter Jr.,ORL,2024-25,february,Anchor Big,Big,16.5,11.3,21.62162162162162,82,12,24.1,9.1
1629634,Brandon Clarke,MEM,2024-25,february,Role Player,Role,17.2,9.4,1.4925373134328357,80,10,18.7,9.0
1641878,Damion Baugh,CHA,2024-25,february,Role Player,Role,18.4,24.4,50.0,76,5,27.1,9.0
1630198,Isaiah Joe,OKC,2024-25,february,Role Player,Role,15.4,8.9,82.6086956521739,75,12,19.8,9.0
1630540,Miles McBride,NYK,2024-25,february,Role Player,Role,13.8,7.0,56.00000000000001,73,11,24.8,9.0
1630249,Vít Krejčí,ATL,2024-25,february,Movement Shooter,Shooter,13.0,17.1,78.33333333333333,80,6,23.9,9.0
1629645,Kevin Porter Jr.,MIL,2024-25,february,Secondary Ball Handler,Secondary,26.1,28.8,15.27777777777778,76,9,16.2,8.9
201144,Mike Conley,MIN,2024-25,february,Role Player,Role,12.9,27.4,67.6470588235294,72,9,25.9,8.9
1630534,Ochai Agbaji,TOR,2024-25,february,Role Player,Role,14.7,7.0,47.05882352941177,77,12,22.7,8.8
1628418,Thomas Bryant,IND,2024-25,february,Rim Runner,Big,17.3,16.7,36.61971830985916,82,12,19.4,8.8
1631255,Karlo Matković,NOP,2024-25,february,Rim Runner,Big,13.5,6.7,37.704918032786885,82,11,24.0,8.8
202685,Jonas Valančiūnas,SAC,2024-25,february,Post Scorer,Big,19.8,13.2,4.615384615384615,83,10,17.3,8.8
1630241,Sam Merrill,CLE,2024-25,february,Role Player,Role,12.6,3.9,90.47619047619048,76,10,22.5,8.8
1641717,Cason Wallace,OKC,2024-25,february,3&D Wing,Wing,13.9,11.6,46.666666666666664,75,6,24.3,8.5
203482,Kelly Olynyk,NOP,2024-25,february,Rim Runner,Big,17.3,16.9,32.87671232876712,83,7,23.1,8.4
1641787,Tosan Evbuomwan,BKN,2024-25,february,Role Player,Role,16.9,13.3,30.379746835443033,79,7,22.8,8.4
203552,Seth Curry,CHA,2024-25,february,Role Player,Role,17.6,10.3,55.07246376811593,73,11,17.9,8.4
1642266,Ja'Kobe Walter,TOR,2024-25,february,3&D Wing,Wing,17.1,6.1,41.55844155844156,77,12,22.1,8.3
1626204,Larry Nance Jr.,ATL,2024-25,february,Role Player,Role,16.0,12.0,41.53846153846154,80,6,19.5,8.3
203471,Dennis Schröder,DET,2024-25,february,Secondary Ball Handler,Secondary,20.1,29.7,46.57534246575342,73,8,18.9,8.3
1627936,Alex Caruso,OKC,2024-25,february,3&D Wing,Wing,13.8,19.5,61.66666666666667,77,9,20.1,8.2
201950,Jrue Holiday,BOS,2024-25,february,Role Player,Role,14.9,16.2,53.846153846153854,76,5,28.6,8.2
203994,Jusuf Nurkić,CHA,2024-25,february,Stretch Big,Big,20.6,41.8,41.17647058823529,84,5,19.1,8.2
1630208,Nick Richards,PHX,2024-25,february,Rim Runner,Big,14.8,3.3,0.0,84,13,22.1,8.2
204456,T.J. McConnell,IND,2024-25,february,Secondary Ball Handler,Secondary,23.9,51.0,11.764705882352942,73,10,15.4,8.1
1641729,Brice Sensabaugh,UTA,2024-25,february,Role Player,Role,19.9,9.8,54.285714285714285,77,12,16.5,8.0
1629216,Gabe Vincent,LAL,2024-25,february,Movement Shooter,Shooter,16.0,14.0,81.33333333333333,74,11,21.1,8.0
1626145,Tyus Jones,PHX,2024-25,february,3&D Wing,Wing,16.9,26.7,65.47619047619048,73,13,26.5,7.9
1641744,Zach Edey,MEM,2024-25,february,Post Scorer,Big,13.3,5.2,8.928571428571429,88,11,20.3,7.9
1641715,Cam Whitmore,HOU,2024-25,february,Role Player,Role,21.7,8.8,51.898734177215175,79,10,18.1,7.9
202692,Alec Burks,MIA,2024-25,february,Role Player,Role,17.0,8.3,66.66666666666667,77,8,20.0,7.9
1630182,Josh Green,CHA,2024-25,february,3&D Wing,Wing,12.4,9.0,55.07246376811593,77,11,28.9,7.8
1642347,Jamal Shead,TOR,2024-25,february,Role Player,Role,18.9,31.8,41.42857142857142,73,11,20.7,7.7
1631260,AJ Green,MIL,2024-25,february,3&D Wing,Wing,12.1,8.5,77.94117647058823,76,12,26.1,7.7
201143,Al Horford,BOS,2024-25,february,Role Player,Role,12.1,6.4,68.11594202898551,81,10,26.9,7.6
1630548,Johnny Juzang,UTA,2024-25,february,Role Player,Role,18.4,5.4,68.65671641791045,77,10,16.7,7.6
1642270,Donovan Clingan,POR,2024-25,february,Anchor Big,Big,14.7,6.8,2.0833333333333335,86,11,18.5,7.5
1630592,Jalen Wilson,BKN,2024-25,february,3&D Wing,Wing,14.1,11.0,66.66666666666667,78,11,23.4,7.5
1629637,Jaxson Hayes,LAL,2024-25,february,Anchor Big,Big,11.3,9.6,0.0,84,12,22.2,7.5
1630172,Patrick Williams,CHI,2024-25,february,3&D Wing,Wing,16.9,6.3,45.714285714285715,79,6,22.2,7.5
1629611,Terance Mann,ATL,2024-25,february,Role Player,Role,13.1,13.0,42.59259259259259,77,10,21.1,7.4
1628449,Chris Boucher,TOR,2024-25,february,Role Player,Role,19.5,8.7,54.545454545454554,81,8,16.3,7.4
1631170,Jaime Jaquez Jr.,MIA,2024-25,february,Role Player,Role,18.7,17.6,23.636363636363637,78,8,16.7,7.4
1630573,Sam Hauser,BOS,2024-25,february,Movement Shooter,Shooter,11.1,3.7,81.81818181818183,79,11,22.5,7.4
101108,Chris Paul,SAS,2024-25,february,Role Player,Role,12.5,32.6,70.58823529411765,72,12,28.2,7.3
1630200,Tre Jones,CHI,2024-25,february,Role Player,Role,15.6,23.9,19.607843137254903,73,9,15.9,7.2
1630191,Isaiah Stewart,DET,2024-25,february,Role Player,Role,13.7,9.9,13.636363636363637,80,12,18.6,7.1
1627827,Dorian Finney-Smith,LAL,2024-25,february,Role Player,Role,10.4,8.6,70.0,79,11,29.8,7.0
1630192,Zeke Nnaji,DEN,2024-25,february,Role Player,Role,10.9,3.3,38.297872340425535,81,12,20.2,7.0
1641767,Ben Sheppard,IND,2024-25,february,Role Player,Role,11.1,9.4,61.22448979591836,78,12,19.9,6.9
1629026,Kenrich Williams,OKC,2024-25,february,3&D Wing,Wing,15.4,17.1,54.54545454545454,78,12,16.3,6.8
1628988,Aaron Holiday,HOU,2024-25,february,3&D Wing,Wing,16.9,13.0,61.53846153846154,72,10,17.6,6.8
1642275,Tidjane Salaün,CHA,2024-25,february,3&D Wing,Wing,17.3,5.8,47.14285714285714,80,9,22.9,6.8
1631246,Vince Williams Jr.,MEM,2024-25,february,Role Player,Role,17.3,12.0,49.15254237288135,76,7,16.9,6.7
1642367,Jonathan Mogbo,TOR,2024-25,february,Role Player,Role,13.9,12.6,31.147540983606557,81,11,23.8,6.6
1630577,Julian Champagnie,SAS,2024-25,february,3&D Wing,Wing,14.3,10.3,71.42857142857143,79,12,17.7,6.6
1628379,Luke Kennard,MEM,2024-25,february,Movement Shooter,Shooter,12.1,17.9,59.32203389830508,77,11,22.4,6.5
1627739,Kris Dunn,LAC,2024-25,february,Role Player,Role,10.4,20.0,43.10344827586207,75,10,27.0,6.5
1641740,Jaylen Clark,MIN,2024-25,february,3&D Wing,Wing,11.6,4.8,46.0,76,13,20.2,6.5
1628971,Bruce Brown,NOP,2024-25,february,Role Player,Role,16.4,11.3,25.0,76,9,21.1,6.4
1631213,Tyrese Martin,BKN,2024-25,february,Role Player,Role,16.1,8.9,70.0,78,10,19.3,6.2
1630692,Jordan Goodwin,LAL,2024-25,february,3&D Wing,Wing,14.0,8.2,40.0,77,8,16.9,6.1
1631115,Orlando Robinson,TOR,2024-25,february,Rim Runner,Big,16.4,16.5,20.0,82,11,16.1,6.1
1630171,Isaac Okoro,CLE,2024-25,february,3&D Wing,Wing,12.4,5.3,56.52173913043479,77,5,18.0,6.0
203484,Kentavious Caldwell-Pope,MEM,2024-25,february,Role Player,Role,9.4,6.1,54.54545454545454,77,11,27.8,5.8
1631323,Simone Fontecchio,DET,2024-25,february,3&D Wing,Wing,17.1,6.0,54.90196078431373,79,10,15.3,5.8
1627732,Ben Simmons,LAC,2024-25,february,Versatile Big,Big,11.3,35.4,0.0,82,7,21.1,5.7
202687,Bismack Biyombo,SAS,2024-25,february,Role Player,Role,14.5,8.9,0.0,80,6,16.0,5.7
1641842,Ronald Holland II,DET,2024-25,february,Role Player,Role,15.7,10.6,47.916666666666664,80,12,16.6,5.7
1629312,Haywood Highsmith,MIA,2024-25,february,Role Player,Role,10.4,10.2,74.99999999999999,77,7,22.0,5.6
1642265,Rob Dillingham,MIN,2024-25,february,Role Player,Role,19.8,28.0,31.818181818181824,75,13,16.5,5.5
203991,Clint Capela,ATL,2024-25,february,Anchor Big,Big,14.6,7.3,4.0,82,5,16.4,5.4
1642262,Cody Williams,UTA,2024-25,february,Role Player,Role,13.4,7.6,40.0,79,8,18.8,5.4
1629048,Goga Bitadze,ORL,2024-25,february,Rim Runner,Big,10.4,8.7,3.0303030303030307,82,12,18.5,4.9
1628436,Luke Kornet,BOS,2024-25,february,Anchor Big,Big,8.1,13.0,3.4482758620689653,85,9,18.4,4.8
1641765,Olivier-Maxence Prosper,DAL,2024-25,february,3&D Wing,Wing,16.0,11.9,23.636363636363637,79,11,16.3,4.7
1630556,Kessler Edwards,DAL,2024-25,february,Role Player,Role,11.6,10.3,35.55555555555556,79,11,18.4,4.6
1629610,DaQuan Jeffries,CHA,2024-25,february,Role Player,Role,13.0,9.3,59.25925925925925,77,9,22.1,4.2
1629618,Jalen Pickett,DEN,2024-25,february,Role Player,Role,12.2,15.8,48.83720930232558,74,10,16.2,4.2
203486,Mason Plumlee,PHX,2024-25,february,Rim Runner,Big,9.0,14.4,0.0,82,13,18.9,4.1
1631119,Jaylin Williams,OKC,2024-25,february,3&D Wing,Wing,11.7,18.4,66.66666666666667,81,11,16.6,4.0
1629750,Javonte Green,CLE,2024-25,february,3&D Wing,Wing,9.3,6.7,64.86486486486486,77,7,18.1,3.9
1629020,Jarred Vanderbilt,LAL,2024-25,february,Role Player,Role,10.4,8.9,40.0,80,11,15.3,3.5
201587,Nicolas Batum,LAC,2024-25,february,3&D Wing,Wing,8.4,5.0,86.20689655172414,80,11,15.4,3.4
203901,Elfrid Payton,NOP,2024-25,february,Role Player,Role,9.8,26.0,0.0,75,6,20.6,1.0
1628983,Shai Gilgeous-Alexander,OKC,2024-25,march,Primary Initiator,Primary,35.1,35.0,24.56896551724138,78,14,34.0,34.7
1629029,Luka Dončić,LAL,2024-25,march,Primary Initiator,Primary,34.3,37.8,50.23923444976077,78,15,37.1,30.1
203999,Nikola Jokić,DEN,2024-25,march,Versatile Big,Big,29.4,34.2,25.238095238095237,83,10,38.8,30.0
1631094,Paolo Banchero,ORL,2024-25,march,Versatile Big,Big,32.5,22.3,30.88235294117647,82,15,36.5,29.8
1629630,Ja Morant,MEM,2024-25,march,Primary Initiator,Primary,32.9,37.4,30.33175355450237,74,8,33.8,29.5
203507,Giannis Antetokounmpo,MIL,2024-25,march,Versatile Big,Big,33.3,33.7,4.46927374301676,83,15,33.3,28.3
1628369,Jayson Tatum,BOS,2024-25,march,Primary Initiator,Primary,33.0,28.9,47.004608294930875,80,11,36.4,27.9
1629632,Coby White,CHI,2024-25,march,Secondary Ball Handler,Secondary,27.8,16.0,43.684210526315795,77,15,35.5,27.7
1630595,Cade Cunningham,DET,2024-25,march,Primary Initiator,Primary,33.7,38.5,22.596153846153847,78,11,34.3,27.3
1630162,Anthony Edwards,MIN,2024-25,march,Primary Initiator,Primary,29.2,20.5,53.51351351351351,76,14,34.3,26.6
1629656,Quentin Grimes,PHI,2024-25,march,Role Player,Role,29.9,23.9,44.973544973544975,76,14,34.6,26.6
201142,Kevin Durant,PHX,2024-25,march,Rim Runner,Big,28.0,18.1,35.42857142857143,83,15,35.9,26.1
1629027,Trae Young,ATL,2024-25,march,Primary Initiator,Primary,30.0,45.2,36.95652173913044,73,13,35.4,25.3
201935,James Harden,LAC,2024-25,march,Primary Initiator,Primary,28.1,34.5,55.75757575757575,77,16,36.9,25.3
1629627,Zion Williamson,NOP,2024-25,march,Role Player,Role,31.8,36.8,0.5847953216374269,78,8,29.3,25.3
202695,Kawhi Leonard,LAC,2024-25,march,Secondary Ball Handler,Secondary,27.5,14.3,30.107526881720425,79,13,36.3,25.2
201939,Stephen Curry,GSW,2024-25,march,Movement Shooter,Shooter,27.4,27.5,63.63636363636363,74,12,32.4,23.8
1630166,Deni Avdija,POR,2024-25,march,Secondary Ball Handler,Secondary,24.1,21.8,41.891891891891895,81,13,35.9,23.4
1630559,Austin Reaves,LAL,2024-25,march,Secondary Ball Handler,Secondary,24.5,22.5,46.34146341463415,77,14,36.6,23.3
1626157,Karl-Anthony Towns,NYK,2024-25,march,Rim Runner,Big,27.3,12.7,29.239766081871345,84,14,34.8,23.1
1628384,OG Anunoby,NYK,2024-25,march,Role Player,Role,23.1,10.7,42.69005847953216,79,15,38.1,23.1
203081,Damian Lillard,MIL,2024-25,march,Role Player,Role,24.9,26.2,54.77707006369427,74,10,34.5,23.0
1631114,Jalen Williams,OKC,2024-25,march,Secondary Ball Handler,Secondary,27.7,25.0,29.411764705882355,77,8,29.4,23.0
1627750,Jamal Murray,DEN,2024-25,march,Secondary Ball Handler,Secondary,22.8,23.1,36.84210526315789,76,12,37.9,23.0
1630560,Cam Thomas,BKN,2024-25,march,Secondary Ball Handler,Secondary,35.0,33.3,47.0,75,5,29.1,22.8
1628970,Miles Bridges,CHA,2024-25,march,Role Player,Role,28.4,23.4,42.54143646408839,79,16,32.5,22.6
1628378,Donovan Mitchell,CLE,2024-25,march,Primary Initiator,Primary,30.3,26.8,44.08602150537634,75,12,32.5,22.5
201942,DeMar DeRozan,SAC,2024-25,march,Role Player,Role,26.0,25.4,23.033707865168537,78,17,36.5,22.5
1629639,Tyler Herro,MIA,2024-25,march,Role Player,Role,25.9,23.0,35.88235294117647,77,16,35.2,22.4
1626164,Devin Booker,PHX,2024-25,march,Secondary Ball Handler,Secondary,26.3,30.6,37.8698224852071,78,15,37.5,22.3
1629014,Anfernee Simons,POR,2024-25,march,Secondary Ball Handler,Secondary,24.9,19.7,52.40641711229947,75,14,34.1,22.0
1630532,Franz Wagner,ORL,2024-25,march,Versatile Big,Big,29.1,21.5,26.203208556149736,82,15,34.9,22.0
204001,Kristaps Porziņģis,BOS,2024-25,march,Post Scorer,Big,26.8,15.0,35.251798561151084,86,7,29.1,21.7
2544,LeBron James,LAL,2024-25,march,Role Player,Role,27.6,32.9,28.888888888888893,81,10,36.8,21.6
1630163,LaMelo Ball,CHA,2024-25,march,Primary Initiator,Primary,32.1,39.8,52.63157894736842,79,11,31.2,21.5
203952,Andrew Wiggins,MIA,2024-25,march,Role Player,Role,28.5,16.9,36.70886075949367,79,9,31.4,21.3
1630224,Jalen Green,HOU,2024-25,march,Role Player,Role,26.0,19.4,47.19101123595505,76,17,34.1,21.1
1630217,Desmond Bane,ORL,2024-25,march,Secondary Ball Handler,Secondary,23.7,23.8,37.888198757763966,77,15,33.6,20.5
1628991,Jaren Jackson Jr.,MEM,2024-25,march,Anchor Big,Big,27.0,8.2,31.37254901960784,82,11,28.0,20.5
1630193,Immanuel Quickley,TOR,2024-25,march,Secondary Ball Handler,Secondary,26.3,33.1,53.333333333333336,74,9,28.4,20.4
1630581,Josh Giddey,CHI,2024-25,march,Secondary Ball Handler,Secondary,25.2,35.7,28.965517241379313,80,10,33.1,20.3
1629628,RJ Barrett,TOR,2024-25,march,Role Player,Role,30.2,30.0,33.75,78,8,29.0,20.1
1628389,Bam Adebayo,MIA,2024-25,march,Role Player,Role,23.9,18.7,20.945945945945947,81,17,35.3,20.1
203897,Zach LaVine,SAC,2024-25,march,Role Player,Role,22.2,14.6,43.66197183098592,77,16,36.2,19.9
1627826,Ivica Zubac,LAC,2024-25,march,Post Scorer,Big,21.6,12.2,0.0,84,16,34.7,19.9
1628368,De'Aaron Fox,SAS,2024-25,march,Secondary Ball Handler,Secondary,24.6,26.7,34.35582822085889,75,7,33.1,19.9
1630169,Tyrese Haliburton,IND,2024-25,march,Role Player,Role,22.4,48.0,49.28571428571429,77,11,31.5,19.8
1630230,Naji Marshall,DAL,2024-25,march,Role Player,Role,23.2,15.8,24.50331125827815,78,16,34.5,19.8
1642264,Stephon Castle,SAS,2024-25,march,Secondary Ball Handler,Secondary,29.4,24.4,33.55263157894737,78,17,28.8,19.5
1630578,Alperen Sengun,HOU,2024-25,march,Versatile Big,Big,23.7,22.8,4.225352112676056,83,16,33.5,19.5
1627783,Pascal Siakam,IND,2024-25,march,Role Player,Role,25.0,17.6,27.450980392156865,80,16,31.8,19.5
1628969,Mikal Bridges,NYK,2024-25,march,Role Player,Role,21.2,20.8,29.53020134228188,78,15,36.5,19.5
1629023,P.J. Washington,DAL,2024-25,march,Role Player,Role,24.8,6.8,33.08270676691729,78,7,31.2,19.1
1630170,Devin Vassell,SAS,2024-25,march,Role Player,Role,21.2,14.7,51.33333333333333,77,17,33.2,19.1
1631101,Shaedon Sharpe,POR,2024-25,march,Secondary Ball Handler,Secondary,23.2,11.8,42.857142857142854,77,15,35.2,18.9
1629673,Jordan Poole,WAS,2024-25,march,Movement Shooter,Shooter,27.8,24.3,66.15384615384615,76,14,24.1,18.6
203944,Julius Randle,MIN,2024-25,march,Role Player,Role,23.7,26.9,31.40495867768595,81,14,30.0,18.6
1630596,Evan Mobley,CLE,2024-25,march,Rim Runner,Big,22.7,16.0,28.78787878787879,83,13,31.8,18.3
1629636,Darius Garland,CLE,2024-25,march,Secondary Ball Handler,Secondary,25.1,30.0,47.16981132075472,73,15,32.3,18.2
1627751,Jakob Poeltl,TOR,2024-25,march,Anchor Big,Big,22.2,17.8,0.9259259259259258,84,8,24.4,18.1
1630530,Trey Murphy III,NOP,2024-25,march,Role Player,Role,23.6,12.2,48.93617021276596,80,9,31.6,18.1
203468,CJ McCollum,NOP,2024-25,march,Secondary Ball Handler,Secondary,26.8,23.2,49.696969696969695,75,11,30.5,18.1
1629661,Cameron Johnson,BKN,2024-25,march,Role Player,Role,23.8,24.5,47.014925373134325,80,13,31.0,18.1
203932,Aaron Gordon,DEN,2024-25,march,Role Player,Role,20.3,13.8,44.00000000000001,80,9,28.6,18.0
1627759,Jaylen Brown,BOS,2024-25,march,Secondary Ball Handler,Secondary,25.7,17.9,31.37254901960784,78,9,33.7,18.0
1626162,Kelly Oubre Jr.,PHI,2024-25,march,Role Player,Role,23.0,10.8,26.76056338028169,80,5,32.1,18.0
1629012,Collin Sexton,UTA,2024-25,march,Secondary Ball Handler,Secondary,29.6,29.7,24.305555555555554,75,12,26.2,17.9
202710,Jimmy Butler III,GSW,2024-25,march,Role Player,Role,21.4,31.2,24.786324786324787,79,14,33.2,17.5
1641718,Keyonte George,UTA,2024-25,march,Secondary Ball Handler,Secondary,24.2,25.7,50.0,76,12,30.1,17.3
1628370,Malik Monk,SAC,2024-25,march,Secondary Ball Handler,Secondary,26.1,23.9,41.666666666666664,75,11,30.8,17.2
1628401,Derrick White,BOS,2024-25,march,Secondary Ball Handler,Secondary,20.9,24.3,75.36231884057972,76,14,34.6,17.1
1630567,Scottie Barnes,TOR,2024-25,march,Role Player,Role,26.8,26.1,19.863013698630137,79,14,28.6,17.1
1630314,Brandon Williams,DAL,2024-25,march,Secondary Ball Handler,Secondary,24.2,26.3,28.82882882882883,73,11,26.0,16.6
1629008,Michael Porter Jr.,DEN,2024-25,march,Stretch Big,Big,18.2,8.3,48.837209302325576,82,15,34.9,16.6
1642259,Alex Sarr,WAS,2024-25,march,Rim Runner,Big,27.2,13.9,39.597315436241615,84,17,27.6,16.4
1642258,Zaccharie Risacher,ATL,2024-25,march,Role Player,Role,21.2,5.0,50.42016806722689,80,14,27.1,16.3
1631097,Bennedict Mathurin,IND,2024-25,march,Secondary Ball Handler,Secondary,24.8,9.7,34.21052631578947,77,12,26.5,16.1
1631128,Christian Braun,DEN,2024-25,march,Role Player,Role,15.9,13.1,33.02752293577982,78,14,35.2,15.9
1630174,Aaron Nesmith,IND,2024-25,march,Role Player,Role,18.7,5.2,54.54545454545454,78,16,28.8,15.8
202691,Klay Thompson,DAL,2024-25,march,Movement Shooter,Shooter,23.5,12.8,56.02836879432624,77,15,28.9,15.4
1631109,Mark Williams,CHA,2024-25,march,Anchor Big,Big,18.6,16.2,0.0,84,13,28.5,15.3
1626167,Myles Turner,IND,2024-25,march,Stretch Big,Big,19.9,6.6,50.96153846153846,83,15,28.9,15.2
1628415,Dillon Brooks,HOU,2024-25,march,Role Player,Role,19.0,9.4,54.330708661417326,78,16,31.5,15.2
1628386,Jarrett Allen,CLE,2024-25,march,Role Player,Role,16.9,10.1,1.162790697674419,81,16,28.4,15.2
1630168,Onyeka Okongwu,ATL,2024-25,march,Rim Runner,Big,16.7,9.4,23.58490566037736,82,14,31.7,15.1
1642271,Kyle Filipowski,UTA,2024-25,march,Stretch Big,Big,21.9,12.5,46.728971962616825,83,17,25.7,15.1
202696,Nikola Vučević,CHI,2024-25,march,Rim Runner,Big,20.8,16.2,35.0,82,11,28.0,15.1
1627736,Malik Beasley,DET,2024-25,march,Role Player,Role,20.0,8.1,70.24793388429752,76,15,29.3,15.1
201566,Russell Westbrook,DEN,2024-25,march,Secondary Ball Handler,Secondary,24.9,29.9,38.34586466165413,76,15,30.5,14.8
1629640,Keldon Johnson,SAS,2024-25,march,Role Player,Role,21.5,11.2,34.54545454545455,77,17,25.1,14.6
1630700,Dyson Daniels,ATL,2024-25,march,Role Player,Role,18.6,21.7,23.96694214876033,79,14,33.6,14.6
203915,Spencer Dinwiddie,DAL,2024-25,march,Role Player,Role,19.1,26.0,40.70796460176991,77,16,32.3,14.6
1641708,Amen Thompson,HOU,2024-25,march,Role Player,Role,17.6,18.8,11.76470588235294,79,9,34.0,14.6
1641764,Brandin Podziemski,GSW,2024-25,march,Secondary Ball Handler,Secondary,20.1,14.7,53.78151260504202,76,10,27.8,14.5
1630202,Payton Pritchard,BOS,2024-25,march,Role Player,Role,18.4,14.6,75.43859649122805,73,14,29.7,14.5
1630200,Tre Jones,CHI,2024-25,march,Role Player,Role,15.6,28.6,13.725490196078432,73,10,32.6,14.5
1627747,Caris LeVert,ATL,2024-25,march,Secondary Ball Handler,Secondary,20.3,16.2,47.45762711864406,78,11,26.6,14.5
1626181,Norman Powell,LAC,2024-25,march,Role Player,Role,22.3,11.0,42.98245614035088,76,9,26.2,14.4
1628989,Kevin Huerter,CHI,2024-25,march,Role Player,Role,18.1,13.4,61.111111111111114,79,12,33.5,14.4
1631105,Jalen Duren,DET,2024-25,march,Rim Runner,Big,17.1,12.0,0.0,82,15,27.4,14.4
1642348,Justin Edwards,PHI,2024-25,march,3&D Wing,Wing,19.9,9.9,42.622950819672134,79,15,30.5,14.4
202699,Tobias Harris,DET,2024-25,march,Role Player,Role,16.9,8.9,28.947368421052627,80,11,32.8,14.3
1631106,Tari Eason,HOU,2024-25,march,3&D Wing,Wing,19.3,9.4,36.03603603603604,80,14,27.5,14.2
1628398,Kyle Kuzma,MIL,2024-25,march,Role Player,Role,20.0,8.3,36.36363636363637,81,16,32.9,14.2
1629660,Ty Jerome,CLE,2024-25,march,Role Player,Role,24.5,23.4,38.235294117647065,77,12,22.1,14.1
1630183,Jaden McDaniels,MIN,2024-25,march,Role Player,Role,16.5,12.4,32.38095238095238,81,14,30.2,13.9
203903,Jordan Clarkson,UTA,2024-25,march,Role Player,Role,29.0,21.2,47.05882352941176,75,5,22.2,13.8
1629018,Gary Trent Jr.,MIL,2024-25,march,3&D Wing,Wing,19.2,5.7,69.72477064220183,77,14,27.4,13.8
201143,Al Horford,BOS,2024-25,march,Role Player,Role,17.0,15.2,62.13592233009708,81,10,32.0,13.7
1629631,De'Andre Hunter,CLE,2024-25,march,Role Player,Role,19.5,7.0,52.68817204301075,80,15,24.3,13.7
1641824,Matas Buzelis,CHI,2024-25,march,Stretch Big,Big,20.1,9.1,48.62385321100917,82,15,26.5,13.7
1631099,Keegan Murray,SAC,2024-25,march,Movement Shooter,Shooter,15.3,5.2,58.03571428571429,80,17,34.3,13.6
1628978,Donte DiVincenzo,MIN,2024-25,march,Movement Shooter,Shooter,18.8,21.5,70.87378640776699,76,14,25.4,13.6
201572,Brook Lopez,MIL,2024-25,march,Rim Runner,Big,14.7,7.9,38.63636363636363,85,16,32.4,13.5
1630598,Aaron Wiggins,OKC,2024-25,march,3&D Wing,Wing,21.8,11.4,49.15254237288135,77,11,24.8,13.5
1631197,Jared Rhoden,TOR,2024-25,march,Role Player,Role,17.1,6.0,50.98039215686275,77,5,29.1,13.4
1631095,Jabari Smith Jr.,HOU,2024-25,march,Stretch Big,Big,17.6,5.5,46.15384615384615,82,17,27.9,13.2
1631096,Chet Holmgren,OKC,2024-25,march,Anchor Big,Big,19.9,8.1,31.481481481481477,85,10,28.9,13.2
203078,Bradley Beal,PHX,2024-25,march,Secondary Ball Handler,Secondary,20.7,18.9,40.59405940594059,76,7,27.4,13.1
1630703,Scoot Henderson,POR,2024-25,march,Role Player,Role,24.2,24.0,43.80165289256198,75,14,27.3,13.1
1630228,Jonathan Kuminga,GSW,2024-25,march,Secondary Ball Handler,Secondary,26.8,20.8,21.21212121212121,79,9,21.5,13.1
1641739,Toumani Camara,POR,2024-25,march,3&D Wing,Wing,15.0,11.0,58.09523809523809,79,14,34.9,13.1
1627734,Domantas Sabonis,SAC,2024-25,march,Versatile Big,Big,22.2,23.3,14.14141414141414,82,8,27.2,13.0
1627832,Fred VanVleet,HOU,2024-25,march,Role Player,Role,17.0,19.6,65.25423728813558,72,12,34.6,12.9
201950,Jrue Holiday,BOS,2024-25,march,Role Player,Role,15.8,19.9,49.523809523809526,76,11,32.9,12.9
1630288,Jeff Dowtin Jr.,PHI,2024-25,march,Role Player,Role,19.9,18.9,31.818181818181813,75,13,21.5,12.8
1630198,Isaiah Joe,OKC,2024-25,march,Role Player,Role,18.0,11.7,78.88888888888889,75,14,24.0,12.8
1641729,Brice Sensabaugh,UTA,2024-25,march,Movement Shooter,Shooter,20.3,12.4,60.86956521739131,77,17,22.5,12.8
1630583,Santi Aldama,MEM,2024-25,march,Stretch Big,Big,18.9,19.9,55.96330275229357,84,8,28.5,12.6
203497,Rudy Gobert,MIN,2024-25,march,Anchor Big,Big,14.3,6.1,0.0,85,10,30.4,12.6
1626156,D'Angelo Russell,BKN,2024-25,march,Secondary Ball Handler,Secondary,22.6,33.0,64.34782608695653,75,11,26.9,12.5
1627777,Georges Niang,ATL,2024-25,march,Role Player,Role,20.3,9.7,67.3913043478261,79,13,21.9,12.5
1629675,Naz Reid,MIN,2024-25,march,Role Player,Role,20.5,13.7,55.172413793103445,81,14,28.0,12.5
1642266,Ja'Kobe Walter,TOR,2024-25,march,3&D Wing,Wing,18.7,13.4,49.504950495049506,77,7,27.9,12.4
1628392,Isaiah Hartenstein,OKC,2024-25,march,Rim Runner,Big,17.5,17.0,3.3707865168539324,84,14,27.2,12.2
203084,Harrison Barnes,SAS,2024-25,march,3&D Wing,Wing,16.9,8.2,59.75609756097562,80,17,24.5,12.2
1630590,Scotty Pippen Jr.,MEM,2024-25,march,Role Player,Role,18.7,28.9,37.931034482758626,73,15,24.2,12.1
1630539,Kai Jones,DAL,2024-25,march,Anchor Big,Big,14.1,8.0,4.761904761904762,83,8,23.6,12.1
203992,Bogdan Bogdanović,LAC,2024-25,march,Role Player,Role,18.2,17.4,48.31460674157303,77,16,26.3,12.1
1630175,Cole Anthony,MEM,2024-25,march,Secondary Ball Handler,Secondary,24.2,22.9,40.0,74,5,22.9,12.0
1630167,Obi Toppin,IND,2024-25,march,Role Player,Role,19.5,11.5,53.16455696202531,81,17,20.5,11.9
203471,Dennis Schröder,DET,2024-25,march,Role Player,Role,19.6,30.4,42.85714285714286,73,15,25.3,11.9
1641733,Nick Smith Jr.,CHA,2024-25,march,Secondary Ball Handler,Secondary,21.3,15.9,53.04347826086955,74,17,27.5,11.9
1631110,Jeremy Sochan,SAS,2024-25,march,Role Player,Role,19.6,12.1,23.076923076923077,80,16,24.7,11.8
1642268,Isaiah Collier,UTA,2024-25,march,Role Player,Role,19.2,29.7,23.404255319148938,75,17,29.9,11.7
1630553,Keon Johnson,BKN,2024-25,march,Role Player,Role,21.1,14.4,51.92307692307693,77,17,26.4,11.7
1629652,Luguentz Dort,OKC,2024-25,march,3&D Wing,Wing,13.3,6.0,75.28089887640449,76,12,30.4,11.7
1630541,Moses Moody,GSW,2024-25,march,Movement Shooter,Shooter,16.1,10.3,55.434782608695656,77,15,28.4,11.7
203501,Tim Hardaway Jr.,DET,2024-25,march,Movement Shooter,Shooter,16.3,7.4,64.8936170212766,77,14,26.0,11.6
1630702,Jaden Hardy,DAL,2024-25,march,3&D Wing,Wing,24.4,11.5,50.0,75,9,17.3,11.6
1641717,Cason Wallace,OKC,2024-25,march,3&D Wing,Wing,14.2,14.6,40.0,75,13,28.2,11.5
1630215,Jared Butler,PHI,2024-25,march,Role Player,Role,19.0,26.6,48.93617021276595,75,16,26.0,11.5
1627780,Gary Payton II,GSW,2024-25,march,Role Player,Role,16.7,10.0,32.89473684210527,74,11,21.0,11.5
1641774,Tristan Vukcevic,WAS,2024-25,march,Stretch Big,Big,24.8,11.4,44.08602150537634,84,12,18.5,11.3
1631213,Tyrese Martin,BKN,2024-25,march,Role Player,Role,17.9,19.0,59.55056179775281,78,16,24.3,11.3
1629130,Duncan Robinson,MIA,2024-25,march,Movement Shooter,Shooter,18.2,10.4,73.03370786516854,79,13,25.2,11.2
203482,Kelly Olynyk,NOP,2024-25,march,Versatile Big,Big,18.3,21.2,23.076923076923077,83,13,26.1,11.2
1630548,Johnny Juzang,UTA,2024-25,march,Role Player,Role,18.8,8.7,57.30337078651685,77,16,21.6,11.2
203114,Khris Middleton,WAS,2024-25,march,Secondary Ball Handler,Secondary,21.4,23.8,35.869565217391305,79,11,21.3,11.2
1629645,Kevin Porter Jr.,MIL,2024-25,march,Secondary Ball Handler,Secondary,24.7,30.3,36.84210526315789,76,16,18.9,11.1
1629022,Lonnie Walker IV,PHI,2024-25,march,Role Player,Role,20.3,18.4,57.14285714285715,76,10,21.6,11.1
1630533,Ziaire Williams,BKN,2024-25,march,3&D Wing,Wing,17.6,7.2,68.42105263157895,81,15,27.2,11.1
1627824,Guerschon Yabusele,PHI,2024-25,march,Role Player,Role,16.3,13.1,49.39759036144578,80,14,28.9,11.0
1642273,Kyshawn George,WAS,2024-25,march,Role Player,Role,17.5,17.4,55.67010309278352,80,12,28.2,11.0
1629611,Terance Mann,ATL,2024-25,march,Role Player,Role,16.5,12.2,42.6829268292683,77,14,23.0,10.9
1630573,Sam Hauser,BOS,2024-25,march,Movement Shooter,Shooter,14.6,4.8,86.41975308641976,79,13,24.9,10.9
1641741,Ricky Council IV,PHI,2024-25,march,Role Player,Role,20.4,10.6,49.504950495049506,78,16,25.1,10.9
1628404,Josh Hart,NYK,2024-25,march,3&D Wing,Wing,14.0,21.7,38.14432989690722,76,15,37.7,10.9
1629622,Max Strus,CLE,2024-25,march,Role Player,Role,14.7,15.9,74.68354430379746,77,15,25.9,10.9
1630208,Nick Richards,PHX,2024-25,march,Rim Runner,Big,19.1,4.7,0.0,84,12,21.9,10.8
1641722,Jordan Hawkins,NOP,2024-25,march,Role Player,Role,20.2,7.6,67.3469387755102,77,14,24.8,10.7
1627741,Buddy Hield,GSW,2024-25,march,Movement Shooter,Shooter,18.4,14.5,70.73170731707317,76,15,21.7,10.7
1641709,Ausar Thompson,DET,2024-25,march,Role Player,Role,19.5,11.2,9.523809523809524,78,15,23.0,10.6
1641731,Bilal Coulibaly,WAS,2024-25,march,Role Player,Role,18.0,7.8,34.0,80,5,29.0,10.6
1630540,Miles McBride,NYK,2024-25,march,Role Player,Role,16.9,20.1,51.78571428571429,73,10,31.2,10.6
1631115,Orlando Robinson,TOR,2024-25,march,Rim Runner,Big,17.7,15.5,13.636363636363637,82,14,24.9,10.3
1627884,Derrick Jones Jr.,LAC,2024-25,march,3&D Wing,Wing,15.5,3.2,46.15384615384615,78,13,22.3,10.2
1642276,Kel'el Ware,MIA,2024-25,march,Rim Runner,Big,15.8,5.6,20.77922077922078,84,14,26.1,10.2
1630570,Trendon Watford,BKN,2024-25,march,Role Player,Role,20.7,21.5,29.761904761904763,80,14,23.2,10.2
203110,Draymond Green,GSW,2024-25,march,Role Player,Role,16.5,25.6,48.8095238095238,78,15,30.6,10.2
1642347,Jamal Shead,TOR,2024-25,march,Role Player,Role,19.1,32.1,46.391752577319586,73,15,23.8,10.2
201144,Mike Conley,MIN,2024-25,march,Role Player,Role,13.5,20.0,60.655737704918046,72,12,24.1,10.2
1629614,Andrew Nembhard,IND,2024-25,march,Role Player,Role,14.7,22.8,41.463414634146346,76,17,30.5,10.1
1642261,Dalton Knecht,LAL,2024-25,march,Movement Shooter,Shooter,19.6,10.4,60.759493670886066,78,17,19.2,10.1
1629634,Brandon Clarke,MEM,2024-25,march,Role Player,Role,16.9,8.5,0.0,80,9,19.2,10.1
1629651,Nic Claxton,BKN,2024-25,march,Rim Runner,Big,15.3,15.8,3.75,83,15,28.9,10.1
1641737,Adem Bona,PHI,2024-25,march,Rim Runner,Big,15.6,6.1,0.0,82,11,21.7,10.0
1641710,Anthony Black,ORL,2024-25,march,Secondary Ball Handler,Secondary,20.8,18.1,35.064935064935064,79,15,21.8,10.0
1630557,Corey Kispert,WAS,2024-25,march,Role Player,Role,16.1,11.9,62.82051282051283,78,8,23.5,10.0
1630534,Ochai Agbaji,TOR,2024-25,march,Role Player,Role,16.6,11.4,40.86021505376344,77,6,26.2,10.0
1642274,Yves Missi,NOP,2024-25,march,Rim Runner,Big,15.2,6.8,0.0,83,12,26.3,9.9
1630556,Kessler Edwards,DAL,2024-25,march,Role Player,Role,12.1,8.5,37.49999999999999,79,10,27.2,9.9
1630639,A.J. Lawson,TOR,2024-25,march,Role Player,Role,18.5,7.4,56.666666666666664,78,14,22.4,9.8
1629637,Jaxson Hayes,LAL,2024-25,march,Anchor Big,Big,13.1,8.5,1.886792452830189,84,13,23.5,9.8
1628976,Wendell Carter Jr.,ORL,2024-25,march,Anchor Big,Big,16.0,7.6,39.743589743589745,82,15,27.8,9.7
1629216,Gabe Vincent,LAL,2024-25,march,Movement Shooter,Shooter,14.5,7.6,76.31578947368422,74,16,24.2,9.7
203083,Andre Drummond,PHI,2024-25,march,Rim Runner,Big,19.9,11.0,15.294117647058824,83,6,21.5,9.7
1641744,Zach Edey,MEM,2024-25,march,Post Scorer,Big,16.7,6.9,4.166666666666666,88,15,20.3,9.7
1627827,Dorian Finney-Smith,LAL,2024-25,march,Role Player,Role,13.0,4.8,74.68354430379746,79,14,32.0,9.6
1631117,Walker Kessler,UTA,2024-25,march,Rim Runner,Big,15.9,10.6,28.73563218390805,84,11,28.4,9.5
1642419,Jamison Battle,TOR,2024-25,march,Role Player,Role,14.4,3.6,73.62637362637363,79,13,26.7,9.5
1631255,Karlo Matković,NOP,2024-25,march,Rim Runner,Big,16.4,10.7,22.388059701492537,82,15,21.5,9.5
1631165,Keon Ellis,SAC,2024-25,march,3&D Wing,Wing,13.2,11.3,64.17910447761194,76,17,28.2,9.5
1642358,AJ Johnson,WAS,2024-25,march,Role Player,Role,16.2,17.5,45.238095238095234,77,12,27.2,9.5
1642267,Bub Carrington,WAS,2024-25,march,Role Player,Role,17.3,24.9,49.494949494949495,76,17,29.2,9.4
1630558,Davion Mitchell,MIA,2024-25,march,Role Player,Role,14.8,23.7,36.48648648648648,72,15,30.9,9.4
1631232,Keion Brooks Jr.,NOP,2024-25,march,Role Player,Role,15.9,8.7,37.142857142857146,79,5,22.4,9.4
1626145,Tyus Jones,PHX,2024-25,march,3&D Wing,Wing,15.9,26.7,65.75342465753424,73,15,21.5,9.4
203935,Marcus Smart,WAS,2024-25,march,Role Player,Role,22.4,28.6,48.684210526315795,75,11,17.9,9.4
203484,Kentavious Caldwell-Pope,MEM,2024-25,march,Role Player,Role,11.4,8.0,52.17391304347826,77,14,30.3,9.4
1642366,Quinten Post,GSW,2024-25,march,Stretch Big,Big,20.3,10.5,67.0886075949367,84,15,19.6,9.3
1641720,Jalen Hood-Schifino,PHI,2024-25,march,Role Player,Role,18.9,16.9,51.31578947368421,77,8,22.5,9.3
1631108,Max Christie,DAL,2024-25,march,Role Player,Role,15.4,9.6,56.97674418604651,77,16,29.0,9.3
1630592,Jalen Wilson,BKN,2024-25,march,3&D Wing,Wing,17.3,9.9,59.42028985507245,78,17,20.9,9.2
1628379,Luke Kennard,MEM,2024-25,march,Role Player,Role,15.2,17.1,44.59459459459459,77,14,25.1,9.1
1630631,Jose Alvarado,NOP,2024-25,march,Role Player,Role,19.2,27.8,55.00000000000001,72,15,26.0,9.1
202685,Jonas Valančiūnas,SAC,2024-25,march,Post Scorer,Big,20.5,15.4,5.333333333333334,83,17,19.8,9.1
1627936,Alex Caruso,OKC,2024-25,march,3&D Wing,Wing,16.8,16.2,48.27586206896552,77,13,18.7,9.1
1631212,Peyton Watson,DEN,2024-25,march,Role Player,Role,14.4,8.0,30.88235294117647,79,14,24.0,8.9
1629610,DaQuan Jeffries,CHA,2024-25,march,Role Player,Role,14.7,6.5,53.16455696202531,77,17,25.9,8.9
1629060,Rui Hachimura,LAL,2024-25,march,3&D Wing,Wing,12.7,1.1,63.63636363636365,80,5,25.8,8.8
1626158,Richaun Holmes,WAS,2024-25,march,Role Player,Role,16.9,14.2,0.0,81,9,18.2,8.8
1630551,Justin Champagnie,WAS,2024-25,march,Role Player,Role,13.2,7.5,47.05882352941177,78,16,24.3,8.8
202692,Alec Burks,MIA,2024-25,march,Role Player,Role,17.3,9.0,90.47619047619048,77,10,18.0,8.7
1627752,Taurean Prince,MIL,2024-25,march,3&D Wing,Wing,12.6,8.4,62.5,78,16,29.6,8.7
1641732,Colby Jones,WAS,2024-25,march,Role Player,Role,15.1,15.0,42.59259259259259,78,9,20.5,8.7
1642354,KJ Simpson,CHA,2024-25,march,Role Player,Role,17.7,21.1,50.588235294117645,72,6,27.2,8.7
1629052,Oshae Brissett,PHI,2024-25,march,Role Player,Role,15.4,4.0,46.15384615384615,79,6,23.7,8.7
1628971,Bruce Brown,NOP,2024-25,march,Role Player,Role,14.8,13.7,32.43243243243243,76,13,25.3,8.6
1631222,Jake LaRavia,SAC,2024-25,march,3&D Wing,Wing,14.5,9.2,53.125,79,12,22.8,8.6
1629638,Nickeil Alexander-Walker,MIN,2024-25,march,Role Player,Role,16.1,14.8,54.7945205479452,77,14,23.4,8.5
1642346,Ryan Dunn,PHX,2024-25,march,Role Player,Role,18.7,4.3,58.666666666666664,80,13,19.9,8.5
1628380,Zach Collins,CHI,2024-25,march,Anchor Big,Big,16.4,13.8,33.33333333333333,83,15,18.7,8.4
1630577,Julian Champagnie,SAS,2024-25,march,3&D Wing,Wing,16.8,10.4,70.42253521126761,79,17,19.9,8.2
1641842,Ronald Holland II,DET,2024-25,march,Role Player,Role,19.4,15.1,27.450980392156865,80,15,15.3,8.1
1642377,Jaylen Wells,MEM,2024-25,march,Role Player,Role,14.8,9.6,65.4320987654321,80,16,26.1,8.1
1631157,Ryan Rollins,MIL,2024-25,march,Role Player,Role,17.1,20.2,52.83018867924528,75,10,17.1,8.1
1641810,Antonio Reeves,NOP,2024-25,march,Role Player,Role,17.7,8.5,54.0,77,9,15.7,8.0
1629643,Chuma Okeke,CLE,2024-25,march,Role Player,Role,9.2,10.2,67.27272727272727,79,6,28.2,8.0
1641871,Duop Reath,POR,2024-25,march,Role Player,Role,15.6,7.8,62.5,81,15,19.3,7.9
1641730,Noah Clowney,BKN,2024-25,march,3&D Wing,Wing,20.1,8.1,71.60493827160494,81,9,21.1,7.9
1630172,Patrick Williams,CHI,2024-25,march,3&D Wing,Wing,15.7,11.2,55.88235294117647,79,11,22.0,7.8
1641878,Damion Baugh,CHA,2024-25,march,Role Player,Role,18.0,22.3,39.784946236559136,76,6,25.2,7.7
1626220,Royce O'Neale,PHX,2024-25,march,3&D Wing,Wing,13.3,16.1,87.09677419354838,78,15,22.0,7.7
101108,Chris Paul,SAS,2024-25,march,Role Player,Role,12.1,29.5,65.45454545454545,72,17,25.1,7.6
1630188,Jalen Smith,CHI,2024-25,march,Role Player,Role,18.8,12.6,55.88235294117647,81,8,15.8,7.6
203957,Danté Exum,DAL,2024-25,march,Role Player,Role,19.3,13.1,34.848484848484844,77,7,18.3,7.6
1630241,Sam Merrill,CLE,2024-25,march,Role Player,Role,13.7,9.0,85.48387096774192,76,16,20.2,7.6
1626179,Terry Rozier,MIA,2024-25,march,Role Player,Role,18.3,16.6,60.0,73,11,20.9,7.5
1630526,Jeremiah Robinson-Earl,NOP,2024-25,march,Role Player,Role,13.5,11.0,50.0,80,12,20.0,7.5
1642275,Tidjane Salaün,CHA,2024-25,march,3&D Wing,Wing,13.7,10.9,61.22448979591836,80,10,21.2,7.5
203991,Clint Capela,ATL,2024-25,march,Anchor Big,Big,17.8,5.7,0.0,82,5,16.9,7.4
1630182,Josh Green,CHA,2024-25,march,3&D Wing,Wing,12.6,10.0,61.904761904761905,77,14,26.1,7.3
1628960,Grayson Allen,PHX,2024-25,march,Role Player,Role,14.1,13.0,70.45454545454545,76,9,19.3,7.2
1628436,Luke Kornet,BOS,2024-25,march,Anchor Big,Big,11.1,10.2,2.2222222222222223,85,14,22.2,7.2
204456,T.J. McConnell,IND,2024-25,march,Secondary Ball Handler,Secondary,20.1,37.7,9.523809523809524,73,17,16.3,7.2
1631119,Jaylin Williams,OKC,2024-25,march,3&D Wing,Wing,14.1,18.6,67.3913043478261,81,14,17.4,7.1
1629599,Amir Coffey,LAC,2024-25,march,Role Player,Role,14.8,6.6,43.63636363636363,79,14,18.9,7.0
1642270,Donovan Clingan,POR,2024-25,march,Anchor Big,Big,12.2,8.9,19.29824561403509,86,14,25.2,7.0
203994,Jusuf Nurkić,CHA,2024-25,march,Anchor Big,Big,19.9,20.0,21.052631578947366,84,15,16.1,6.9
1630658,Colin Castleton,TOR,2024-25,march,Anchor Big,Big,12.8,9.9,14.035087719298245,82,10,25.9,6.9
1627739,Kris Dunn,LAC,2024-25,march,Role Player,Role,13.1,13.8,53.125,75,15,25.6,6.9
202709,Cory Joseph,ORL,2024-25,march,Role Player,Role,12.6,17.3,64.81481481481481,74,13,21.8,6.8
1631246,Vince Williams Jr.,MEM,2024-25,march,Role Player,Role,15.7,13.7,63.07692307692307,76,13,20.1,6.8
1631230,Dominick Barlow,ATL,2024-25,march,Role Player,Role,14.2,7.9,19.565217391304348,80,10,15.7,6.8
1630249,Vít Krejčí,ATL,2024-25,march,Movement Shooter,Shooter,12.2,16.8,82.92682926829269,80,10,18.8,6.8
203486,Mason Plumlee,PHX,2024-25,march,Rim Runner,Big,13.6,10.9,2.857142857142857,82,11,16.4,6.7
1642367,Jonathan Mogbo,TOR,2024-25,march,Role Player,Role,14.4,16.5,16.417910447761194,81,9,22.9,6.7
1629026,Kenrich Williams,OKC,2024-25,march,3&D Wing,Wing,12.7,11.4,45.28301886792453,78,15,20.0,6.7
201599,DeAndre Jordan,DEN,2024-25,march,Anchor Big,Big,13.4,16.7,0.0,83,5,18.6,6.6
1630191,Isaiah Stewart,DET,2024-25,march,Role Player,Role,13.1,13.1,9.30232558139535,80,14,18.1,6.6
1631131,Oscar Tshiebwe,UTA,2024-25,march,Role Player,Role,13.0,6.5,0.0,80,7,18.8,6.6
1626168,Trey Lyles,SAC,2024-25,march,Role Player,Role,14.8,14.7,53.703703703703695,81,15,18.5,6.5
1631243,Mouhamed Gueye,ATL,2024-25,march,Stretch Big,Big,14.3,6.6,53.84615384615385,82,12,17.8,6.4
1626166,Cameron Payne,NYK,2024-25,march,Role Player,Role,19.8,26.1,58.46153846153845,75,13,16.5,6.4
1641713,GG Jackson,MEM,2024-25,march,3&D Wing,Wing,20.2,9.0,50.0,81,9,16.3,6.3
1629013,Landry Shamet,NYK,2024-25,march,3&D Wing,Wing,14.7,2.6,63.63636363636363,76,15,18.1,6.3
1631248,Baylor Scheierman,BOS,2024-25,march,3&D Wing,Wing,12.0,13.3,88.37209302325581,78,10,17.3,6.3
203937,Kyle Anderson,MIA,2024-25,march,Role Player,Role,16.3,23.4,15.686274509803924,81,11,17.7,6.2
1631260,AJ Green,MIL,2024-25,march,3&D Wing,Wing,11.5,11.9,88.23529411764707,76,15,22.5,6.1
1630549,Day'Ron Sharpe,BKN,2024-25,march,Role Player,Role,15.1,17.7,13.79310344827586,81,13,19.5,6.1
1630692,Jordan Goodwin,LAL,2024-25,march,3&D Wing,Wing,12.2,10.7,50.98039215686275,77,14,20.8,6.1
1641798,Jaylen Martin,WAS,2024-25,march,Role Player,Role,15.2,11.6,31.481481481481477,78,10,18.1,6.0
1629680,Matisse Thybulle,POR,2024-25,march,Role Player,Role,14.3,12.5,63.04347826086957,77,8,15.1,6.0
1641721,Maxwell Lewis,BKN,2024-25,march,Role Player,Role,15.4,8.3,50.0,79,12,15.7,5.9
1630611,Gui Santos,GSW,2024-25,march,3&D Wing,Wing,13.7,14.8,48.83720930232558,78,15,16.6,5.9
1629312,Haywood Highsmith,MIA,2024-25,march,Role Player,Role,10.9,10.0,56.86274509803921,77,16,26.8,5.8
203552,Seth Curry,CHA,2024-25,march,Role Player,Role,14.1,13.2,50.98039215686275,73,14,17.4,5.8
1630171,Isaac Okoro,CLE,2024-25,march,3&D Wing,Wing,13.3,5.9,58.139534883720934,77,16,17.1,5.8
201587,Nicolas Batum,LAC,2024-25,march,3&D Wing,Wing,9.4,5.9,88.8888888888889,80,16,20.5,5.8
1631207,Dalen Terry,CHI,2024-25,march,Role Player,Role,15.0,13.7,43.75000000000001,79,15,16.0,5.7
1642345,Oso Ighodaro,PHX,2024-25,march,Rim Runner,Big,9.5,9.5,0.0,84,11,23.6,5.7
1631170,Jaime Jaquez Jr.,MIA,2024-25,march,Role Player,Role,19.0,16.9,20.0,78,13,15.8,5.6
1631323,Simone Fontecchio,DET,2024-25,march,Movement Shooter,Shooter,13.2,7.7,60.00000000000001,79,15,15.9,5.5
1631221,Collin Gillespie,PHX,2024-25,march,Role Player,Role,15.2,25.3,59.57446808510638,73,15,15.3,5.5
1642262,Cody Williams,UTA,2024-25,march,Role Player,Role,12.8,5.7,57.37704918032788,79,16,22.8,5.4
1642024,Alex Reese,PHI,2024-25,march,Role Player,Role,11.5,2.0,74.35897435897436,81,11,16.4,5.2
1631111,Wendell Moore Jr.,CHA,2024-25,march,Role Player,Role,13.3,13.3,33.33333333333333,77,9,17.2,5.1
202687,Bismack Biyombo,SAS,2024-25,march,Role Player,Role,10.6,9.7,0.0,80,14,18.6,4.9
1629004,Svi Mykhailiuk,UTA,2024-25,march,Role Player,Role,17.2,18.3,63.934426229508205,79,9,17.2,4.9
203500,Steven Adams,HOU,2024-25,march,Anchor Big,Big,12.3,9.5,3.225806451612903,83,14,16.9,4.9
1629731,Dean Wade,CLE,2024-25,march,3&D Wing,Wing,9.8,4.8,84.61538461538461,81,16,18.9,4.8
1628997,Caleb Martin,DAL,2024-25,march,Role Player,Role,13.1,13.3,20.930232558139537,77,8,17.6,4.6
1628998,Cody Martin,PHX,2024-25,march,Role Player,Role,15.8,10.5,54.16666666666667,78,8,15.1,4.6
1629020,Jarred Vanderbilt,LAL,2024-25,march,Role Player,Role,11.8,10.8,28.20512820512821,80,16,17.2,4.6
1630695,Micah Potter,UTA,2024-25,march,Role Player,Role,12.3,6.7,67.44186046511628,81,7,19.2,4.6
1630550,JT Thor,WAS,2024-25,march,Role Player,Role,12.7,5.5,31.91489361702127,81,6,17.5,4.5
1630231,KJ Martin,UTA,2024-25,march,Role Player,Role,10.1,10.0,40.0,78,13,21.7,4.5
1629011,Mitchell Robinson,NYK,2024-25,march,Rim Runner,Big,10.1,5.6,0.0,84,12,16.3,4.4
1641763,Julian Phillips,CHI,2024-25,march,Role Player,Role,10.1,5.5,51.35135135135135,80,15,17.3,4.4
1641767,Ben Sheppard,IND,2024-25,march,Role Player,Role,11.0,12.3,72.5,78,17,17.5,3.9
203939,Dwight Powell,DAL,2024-25,march,Rim Runner,Big,7.9,15.6,5.2631578947368425,82,15,15.2,3.4
1641736,Reece Beekman,BKN,2024-25,march,Role Player,Role,12.0,11.1,43.74999999999999,75,5,15.2,3.4
1630579,Jericho Sims,MIL,2024-25,march,Rim Runner,Big,8.1,9.1,0.0,82,9,15.3,3.3
1627732,Ben Simmons,LAC,2024-25,march,Rim Runner,Big,10.5,18.9,0.0,82,8,15.8,2.0
203999,Nikola Jokić,DEN,2024-25,april,Versatile Big,Big,29.5,39.6,31.0,83,6,39.7,33.2
203507,Giannis Antetokounmpo,MIL,2024-25,april,Versatile Big,Big,30.5,46.1,10.6951871657754,83,6,36.5,31.8
1629029,Luka Dončić,LAL,2024-25,april,Primary Initiator,Primary,32.1,27.6,44.00000000000001,78,6,35.2,31.8
1630162,Anthony Edwards,MIN,2024-25,april,Primary Initiator,Primary,29.6,17.2,56.8075117370892,76,7,38.3,31.4
1629630,Ja Morant,MEM,2024-25,april,Primary Initiator,Primary,35.5,29.9,40.70796460176991,74,5,32.4,30.2
1626164,Devin Booker,PHX,2024-25,april,Primary Initiator,Primary,33.4,34.7,25.0,78,6,36.6,29.2
201939,Stephen Curry,GSW,2024-25,april,Primary Initiator,Primary,31.4,31.3,60.19900497512437,74,8,32.9,29.1
1631101,Shaedon Sharpe,POR,2024-25,april,Primary Initiator,Primary,31.1,20.3,42.34234234234234,77,5,35.4,28.8
203897,Zach LaVine,SAC,2024-25,april,Role Player,Role,26.3,16.6,46.1139896373057,77,7,37.9,27.4
202695,Kawhi Leonard,LAC,2024-25,april,Secondary Ball Handler,Secondary,29.6,14.6,27.17948717948718,79,6,35.9,26.7
1626157,Karl-Anthony Towns,NYK,2024-25,april,Rim Runner,Big,28.3,10.3,15.476190476190476,84,5,35.0,26.6
1629639,Tyler Herro,MIA,2024-25,april,Role Player,Role,29.8,20.0,29.670329670329675,77,5,33.0,26.4
1631114,Jalen Williams,OKC,2024-25,april,Secondary Ball Handler,Secondary,28.7,16.7,23.958333333333332,77,5,33.2,26.2
201935,James Harden,LAC,2024-25,april,Secondary Ball Handler,Secondary,27.2,36.6,38.32335329341318,77,7,37.3,25.9
1629027,Trae Young,ATL,2024-25,april,Primary Initiator,Primary,28.1,49.4,48.63387978142077,73,7,35.5,25.9
2544,LeBron James,LAL,2024-25,april,Role Player,Role,27.4,29.9,30.67484662576687,81,6,33.4,24.7
1630217,Desmond Bane,ORL,2024-25,april,Secondary Ball Handler,Secondary,24.8,20.3,45.05494505494505,77,6,34.6,24.2
1628389,Bam Adebayo,MIA,2024-25,april,Role Player,Role,27.6,22.1,24.73118279569892,81,5,32.8,23.8
1630559,Austin Reaves,LAL,2024-25,april,Secondary Ball Handler,Secondary,21.9,17.9,59.859154929577464,77,6,36.6,23.2
201942,DeMar DeRozan,SAC,2024-25,april,Role Player,Role,28.7,21.9,22.279792746113987,78,7,35.9,23.1
1628384,OG Anunoby,NYK,2024-25,april,Role Player,Role,24.7,12.9,44.171779141104295,79,6,35.7,22.3
1629632,Coby White,CHI,2024-25,april,Secondary Ball Handler,Secondary,24.0,22.1,37.878787878787875,77,6,31.1,22.0
1629656,Quentin Grimes,PHI,2024-25,april,Role Player,Role,27.5,25.6,50.0,76,6,35.5,22.0
203932,Aaron Gordon,DEN,2024-25,april,Role Player,Role,21.4,15.2,32.33082706766917,80,6,36.1,20.3
202710,Jimmy Butler III,GSW,2024-25,april,Role Player,Role,18.1,22.9,18.0,79,8,34.4,20.3
1627734,Domantas Sabonis,SAC,2024-25,april,Versatile Big,Big,21.6,28.0,14.50381679389313,82,7,34.1,20.0
1627826,Ivica Zubac,LAC,2024-25,april,Post Scorer,Big,19.7,15.9,0.0,84,7,34.3,19.9
1629636,Darius Garland,CLE,2024-25,april,Secondary Ball Handler,Secondary,25.8,33.9,44.87179487179488,73,5,31.9,19.8
1628991,Jaren Jackson Jr.,MEM,2024-25,april,Stretch Big,Big,24.1,5.8,40.60606060606061,82,6,33.9,19.5
203497,Rudy Gobert,MIN,2024-25,april,Anchor Big,Big,16.2,6.4,0.0,85,7,36.2,19.4
1642264,Stephon Castle,SAS,2024-25,april,Secondary Ball Handler,Secondary,25.7,35.1,30.71428571428571,78,8,33.3,18.9
1631128,Christian Braun,DEN,2024-25,april,Role Player,Role,15.5,13.6,29.914529914529915,78,6,38.7,18.7
202696,Nikola Vučević,CHI,2024-25,april,Versatile Big,Big,23.8,22.7,22.377622377622377,82,6,28.6,18.7
1641774,Tristan Vukcevic,WAS,2024-25,april,Rim Runner,Big,27.9,15.9,33.89830508474576,84,5,25.0,18.6
1630169,Tyrese Haliburton,IND,2024-25,april,Role Player,Role,19.7,43.6,57.14285714285715,77,5,32.8,18.6
203084,Harrison Barnes,SAS,2024-25,april,3&D Wing,Wing,18.5,6.2,60.0,80,8,29.9,18.5
1629022,Lonnie Walker IV,PHI,2024-25,april,Role Player,Role,23.3,16.0,61.224489795918366,76,7,30.9,18.4
1630567,Scottie Barnes,TOR,2024-25,april,Role Player,Role,29.0,28.7,20.0,79,5,27.8,18.4
1630596,Evan Mobley,CLE,2024-25,april,Rim Runner,Big,22.7,18.6,37.878787878787875,83,5,32.9,18.2
1641718,Keyonte George,UTA,2024-25,april,Secondary Ball Handler,Secondary,23.6,18.9,56.86274509803921,76,6,34.4,18.0
1631096,Chet Holmgren,OKC,2024-25,april,Anchor Big,Big,20.5,10.3,38.88888888888889,85,5,28.7,17.6
1630631,Jose Alvarado,NOP,2024-25,april,Primary Initiator,Primary,31.5,30.7,51.28205128205129,72,5,26.9,17.6
1642267,Bub Carrington,WAS,2024-25,april,Secondary Ball Handler,Secondary,20.5,28.7,53.333333333333336,76,7,37.8,17.6
203944,Julius Randle,MIN,2024-25,april,Role Player,Role,21.8,20.6,41.6058394160584,81,7,34.5,17.6
1641764,Brandin Podziemski,GSW,2024-25,april,Secondary Ball Handler,Secondary,20.1,21.1,50.3875968992248,76,8,32.3,17.4
1641729,Brice Sensabaugh,UTA,2024-25,april,Movement Shooter,Shooter,20.6,12.9,72.5925925925926,77,6,32.4,17.2
1629631,De'Andre Hunter,CLE,2024-25,april,Role Player,Role,24.0,8.9,50.0,80,5,27.0,17.0
1629008,Michael Porter Jr.,DEN,2024-25,april,Stretch Big,Big,18.7,6.3,50.793650793650805,82,5,34.7,17.0
1630202,Payton Pritchard,BOS,2024-25,april,Secondary Ball Handler,Secondary,22.6,28.0,51.53846153846155,73,7,29.7,17.0
1629645,Kevin Porter Jr.,MIL,2024-25,april,Secondary Ball Handler,Secondary,23.0,28.8,26.126126126126124,76,7,26.8,16.9
1626167,Myles Turner,IND,2024-25,april,Stretch Big,Big,22.9,6.4,53.91304347826087,83,6,27.7,16.8
1641810,Antonio Reeves,NOP,2024-25,april,Role Player,Role,19.8,7.7,49.26470588235294,77,7,33.3,16.6
1630551,Justin Champagnie,WAS,2024-25,april,Role Player,Role,17.3,4.9,43.96551724137931,78,7,34.5,16.3
1630168,Onyeka Okongwu,ATL,2024-25,april,Rim Runner,Big,17.9,9.4,33.94495412844037,82,7,34.3,16.1
1630625,Dalano Banton,POR,2024-25,april,Role Player,Role,25.5,20.8,44.2528735632184,80,7,33.2,16.0
1628401,Derrick White,BOS,2024-25,april,Secondary Ball Handler,Secondary,20.1,28.0,74.13793103448276,76,5,33.3,16.0
1627736,Malik Beasley,DET,2024-25,april,Role Player,Role,22.6,5.9,71.81208053691275,76,7,28.5,15.9
1630598,Aaron Wiggins,OKC,2024-25,april,3&D Wing,Wing,24.5,13.4,42.27642276422764,77,6,26.1,15.8
203994,Jusuf Nurkić,CHA,2024-25,april,Versatile Big,Big,30.0,25.8,19.65811965811966,84,6,22.3,15.5
1641737,Adem Bona,PHI,2024-25,april,Anchor Big,Big,17.3,4.5,1.1235955056179776,82,7,31.6,15.4
1627747,Caris LeVert,ATL,2024-25,april,Secondary Ball Handler,Secondary,22.1,18.9,39.63963963963965,78,7,25.5,15.3
1630224,Jalen Green,HOU,2024-25,april,Role Player,Role,27.4,17.7,37.956204379562045,76,6,25.2,15.2
201572,Brook Lopez,MIL,2024-25,april,Rim Runner,Big,19.7,8.7,36.69724770642201,85,7,29.9,14.9
1630570,Trendon Watford,BKN,2024-25,april,Role Player,Role,24.4,24.8,15.30612244897959,80,6,26.2,14.8
1631097,Bennedict Mathurin,IND,2024-25,april,Secondary Ball Handler,Secondary,24.8,12.0,31.57894736842105,77,5,27.1,14.8
1630170,Devin Vassell,SAS,2024-25,april,Movement Shooter,Shooter,21.5,9.3,59.374999999999986,77,5,30.8,14.8
1630700,Dyson Daniels,ATL,2024-25,april,Role Player,Role,18.5,19.4,20.689655172413794,79,7,33.0,14.7
1631288,Jamal Cain,NOP,2024-25,april,Role Player,Role,22.6,5.6,43.11926605504588,78,7,25.1,14.7
1626181,Norman Powell,LAC,2024-25,april,Role Player,Role,20.2,4.0,40.0,76,6,35.1,14.3
1641739,Toumani Camara,POR,2024-25,april,3&D Wing,Wing,17.5,12.1,52.5,79,6,29.5,14.3
1630215,Jared Butler,PHI,2024-25,april,Role Player,Role,24.0,31.0,43.84615384615385,75,7,28.0,14.3
1628989,Kevin Huerter,CHI,2024-25,april,Role Player,Role,15.5,13.5,60.0,79,6,30.1,14.2
201566,Russell Westbrook,DEN,2024-25,april,Secondary Ball Handler,Secondary,26.1,26.4,33.33333333333333,76,7,26.8,14.1
1628398,Kyle Kuzma,MIL,2024-25,april,Role Player,Role,22.3,11.3,43.689320388349515,81,8,26.5,14.1
1630174,Aaron Nesmith,IND,2024-25,april,Role Player,Role,19.0,3.9,48.387096774193544,78,6,24.9,14.0
203078,Bradley Beal,PHX,2024-25,april,Secondary Ball Handler,Secondary,20.7,19.4,48.4375,76,5,31.5,14.0
1630577,Julian Champagnie,SAS,2024-25,april,3&D Wing,Wing,17.3,7.3,67.96116504854368,79,8,28.3,14.0
1642271,Kyle Filipowski,UTA,2024-25,april,Rim Runner,Big,23.0,12.2,37.956204379562045,83,6,28.9,14.0
1628969,Mikal Bridges,NYK,2024-25,april,Role Player,Role,18.2,20.0,30.27522935779816,78,8,31.4,14.0
1628960,Grayson Allen,PHX,2024-25,april,Secondary Ball Handler,Secondary,23.0,15.9,58.653846153846146,76,7,24.3,13.9
1642258,Zaccharie Risacher,ATL,2024-25,april,Role Player,Role,22.1,6.9,44.03669724770642,80,8,23.0,13.8
1630548,Johnny Juzang,UTA,2024-25,april,Role Player,Role,18.0,7.6,66.92913385826772,77,6,31.0,13.7
1631255,Karlo Matković,NOP,2024-25,april,Anchor Big,Big,21.1,8.7,32.6530612244898,82,5,22.5,13.6
1641824,Matas Buzelis,CHI,2024-25,april,Stretch Big,Big,18.0,7.8,44.9438202247191,82,7,27.7,13.4
1626192,Pat Connaughton,MIL,2024-25,april,Role Player,Role,24.1,17.5,34.78260869565218,77,5,19.1,13.4
1629659,Talen Horton-Tucker,CHI,2024-25,april,Role Player,Role,21.5,16.0,37.34939759036144,76,7,22.0,13.3
203501,Tim Hardaway Jr.,DET,2024-25,april,Movement Shooter,Shooter,16.3,7.1,69.81132075471699,77,7,29.8,13.3
1630590,Scotty Pippen Jr.,MEM,2024-25,april,Role Player,Role,19.1,24.0,32.608695652173914,73,6,27.7,13.2
1631232,Keion Brooks Jr.,NOP,2024-25,april,Role Player,Role,17.4,4.3,39.80582524271844,79,7,30.0,13.0
1630553,Keon Johnson,BKN,2024-25,april,Role Player,Role,23.0,29.2,57.14285714285714,77,5,24.7,13.0
1630230,Naji Marshall,DAL,2024-25,april,Role Player,Role,17.4,22.4,28.57142857142857,78,6,32.8,13.0
1642259,Alex Sarr,WAS,2024-25,april,Rim Runner,Big,26.8,18.9,38.059701492537314,84,7,27.1,12.9
1630639,A.J. Lawson,TOR,2024-25,april,Role Player,Role,19.4,12.9,45.0,78,7,22.4,12.6
1630558,Davion Mitchell,MIA,2024-25,april,Role Player,Role,15.6,28.7,38.70967741935484,72,7,31.8,12.6
1641709,Ausar Thompson,DET,2024-25,april,Role Player,Role,17.8,14.8,8.16326530612245,78,6,28.3,12.5
1629013,Landry Shamet,NYK,2024-25,april,3&D Wing,Wing,17.4,4.3,82.35294117647058,76,8,23.3,12.3
203552,Seth Curry,CHA,2024-25,april,Role Player,Role,15.8,9.5,51.51515151515152,73,5,21.8,12.2
1631105,Jalen Duren,DET,2024-25,april,Rim Runner,Big,17.0,19.8,0.0,82,6,27.1,12.2
1628978,Donte DiVincenzo,MIN,2024-25,april,Movement Shooter,Shooter,21.8,15.3,71.57894736842105,76,6,23.9,12.0
1629130,Duncan Robinson,MIA,2024-25,april,Movement Shooter,Shooter,19.1,8.9,77.27272727272727,79,6,20.8,12.0
1629640,Keldon Johnson,SAS,2024-25,april,Role Player,Role,23.6,13.5,29.464285714285715,77,6,23.8,12.0
1629018,Gary Trent Jr.,MIL,2024-25,april,3&D Wing,Wing,16.6,8.3,68.81720430107526,77,7,26.7,11.9
1631108,Max Christie,DAL,2024-25,april,Role Player,Role,18.4,8.3,45.91836734693877,77,6,29.7,11.8
1629675,Naz Reid,MIN,2024-25,april,Role Player,Role,20.9,11.8,45.0,81,6,25.7,11.8
1631166,Drew Timme,BKN,2024-25,april,Rim Runner,Big,21.0,13.9,34.95934959349593,82,6,30.0,11.7
1642419,Jamison Battle,TOR,2024-25,april,Role Player,Role,14.8,7.3,74.46808510638297,79,7,29.1,11.6
1642276,Kel'el Ware,MIA,2024-25,april,Rim Runner,Big,17.2,4.8,14.14141414141414,84,7,27.4,11.6
1630573,Sam Hauser,BOS,2024-25,april,Movement Shooter,Shooter,16.7,3.5,73.56321839080461,79,7,24.6,11.6
1641715,Cam Whitmore,HOU,2024-25,april,Role Player,Role,23.1,9.6,45.83333333333333,79,6,16.7,11.5
1628404,Josh Hart,NYK,2024-25,april,3&D Wing,Wing,15.7,24.8,32.99999999999999,76,6,36.8,11.5
1629655,Daniel Gafford,DAL,2024-25,april,Anchor Big,Big,19.8,9.6,0.0,82,5,18.4,11.4
1630198,Isaiah Joe,OKC,2024-25,april,Role Player,Role,15.3,13.4,84.33734939759036,75,6,25.4,11.3
1642358,AJ Johnson,WAS,2024-25,april,Role Player,Role,18.7,15.6,41.32231404958678,77,7,34.5,11.3
1629638,Nickeil Alexander-Walker,MIN,2024-25,april,Role Player,Role,15.2,20.5,66.25,77,7,27.8,11.3
202692,Alec Burks,MIA,2024-25,april,Role Player,Role,21.0,8.7,74.11764705882354,77,6,20.4,11.0
203992,Bogdan Bogdanović,LAC,2024-25,april,Role Player,Role,17.1,17.8,53.24675324675325,77,7,23.0,11.0
203471,Dennis Schröder,DET,2024-25,april,Role Player,Role,17.5,21.2,36.89320388349514,73,6,32.0,11.0
1642346,Ryan Dunn,PHX,2024-25,april,Role Player,Role,18.5,4.8,61.6822429906542,80,7,28.1,11.0
1631157,Ryan Rollins,MIL,2024-25,april,Role Player,Role,19.6,21.7,42.857142857142854,75,7,23.0,10.9
1641710,Anthony Black,ORL,2024-25,april,Role Player,Role,19.7,16.8,28.037383177570096,79,6,27.5,10.8
1630228,Jonathan Kuminga,GSW,2024-25,april,Secondary Ball Handler,Secondary,25.5,16.2,29.03225806451613,79,6,19.8,10.8
1641787,Tosan Evbuomwan,BKN,2024-25,april,Role Player,Role,19.3,20.7,37.49999999999999,79,6,24.9,10.8
1630540,Miles McBride,NYK,2024-25,april,Role Player,Role,19.2,21.2,62.7450980392157,73,5,24.6,10.8
1629004,Svi Mykhailiuk,UTA,2024-25,april,Role Player,Role,15.6,18.0,61.64383561643836,79,6,23.8,10.7
203484,Kentavious Caldwell-Pope,MEM,2024-25,april,Role Player,Role,14.5,15.3,75.00000000000001,77,5,21.7,10.6
203915,Spencer Dinwiddie,DAL,2024-25,april,Role Player,Role,17.2,31.8,50.0,77,5,32.2,10.6
1631221,Collin Gillespie,PHX,2024-25,april,Role Player,Role,18.6,18.1,64.04494382022472,73,7,23.5,10.6
1628436,Luke Kornet,BOS,2024-25,april,Anchor Big,Big,17.3,10.4,1.351351351351351,85,7,22.1,10.6
1642367,Jonathan Mogbo,TOR,2024-25,april,Role Player,Role,16.8,25.1,18.01801801801802,81,7,32.7,10.4
1631115,Orlando Robinson,TOR,2024-25,april,Rim Runner,Big,20.4,13.6,34.78260869565218,82,5,23.8,10.4
1642347,Jamal Shead,TOR,2024-25,april,Secondary Ball Handler,Secondary,20.2,34.4,42.727272727272734,73,6,28.2,10.3
1642270,Donovan Clingan,POR,2024-25,april,Anchor Big,Big,13.1,11.8,20.0,86,7,27.9,10.3
1631133,Jabari Walker,POR,2024-25,april,Role Player,Role,17.3,5.8,24.285714285714285,79,7,21.5,10.3
1631217,Moussa Diabaté,CHA,2024-25,april,Role Player,Role,18.3,3.2,6.060606060606061,81,5,20.0,10.2
101108,Chris Paul,SAS,2024-25,april,Role Player,Role,17.6,28.8,50.0,72,8,27.6,10.0
1641854,Craig Porter Jr.,CLE,2024-25,april,Secondary Ball Handler,Secondary,21.8,17.5,31.70731707317074,73,5,20.8,10.0
1629622,Max Strus,CLE,2024-25,april,Role Player,Role,14.8,17.8,84.21052631578948,77,5,28.8,10.0
1630583,Santi Aldama,MEM,2024-25,april,Stretch Big,Big,13.6,14.0,69.44444444444444,84,6,27.4,10.0
1630167,Obi Toppin,IND,2024-25,april,Role Player,Role,22.5,14.3,52.87356321839081,81,7,19.5,9.9
1630172,Patrick Williams,CHI,2024-25,april,3&D Wing,Wing,17.4,10.3,51.94805194805194,79,7,22.1,9.9
1631106,Tari Eason,HOU,2024-25,april,3&D Wing,Wing,20.8,15.0,31.25,80,5,21.2,9.8
1628386,Jarrett Allen,CLE,2024-25,april,Role Player,Role,16.2,11.3,1.694915254237288,81,7,22.5,9.7
1626145,Tyus Jones,PHX,2024-25,april,3&D Wing,Wing,19.5,24.1,61.25000000000001,73,7,20.0,9.7
1641716,Jarace Walker,IND,2024-25,april,Role Player,Role,16.5,14.4,48.57142857142857,79,7,20.2,9.6
1631311,Lester Quinones,NOP,2024-25,april,Role Player,Role,21.7,23.2,59.34065934065935,76,7,20.5,9.6
1627741,Buddy Hield,GSW,2024-25,april,Movement Shooter,Shooter,19.1,3.8,77.77777777777779,76,8,20.1,9.5
1630173,Precious Achiuwa,NYK,2024-25,april,Role Player,Role,20.3,6.9,6.5420560747663545,80,6,26.9,9.5
1630249,Vít Krejčí,ATL,2024-25,april,Movement Shooter,Shooter,12.0,15.5,73.33333333333333,80,8,19.2,9.5
1642354,KJ Simpson,CHA,2024-25,april,Role Player,Role,17.7,23.2,40.56603773584906,72,7,29.9,9.4
203937,Kyle Anderson,MIA,2024-25,april,Role Player,Role,15.3,17.0,9.09090909090909,81,7,24.9,9.4
1641712,Rayan Rupert,POR,2024-25,april,3&D Wing,Wing,19.6,7.4,36.04651162790698,78,7,20.7,9.4
1628976,Wendell Carter Jr.,ORL,2024-25,april,Rim Runner,Big,17.3,11.1,27.77777777777778,82,5,24.8,9.4
1627827,Dorian Finney-Smith,LAL,2024-25,april,Role Player,Role,10.3,7.9,86.56716417910447,79,6,30.9,9.3
1641744,Zach Edey,MEM,2024-25,april,Post Scorer,Big,12.4,5.8,13.79310344827586,88,6,30.6,9.3
1630572,Sandro Mamukelashvili,SAS,2024-25,april,Role Player,Role,19.2,8.6,53.75,81,8,19.6,9.3
1629611,Terance Mann,ATL,2024-25,april,Role Player,Role,15.4,9.3,33.78378378378378,77,8,23.5,9.3
202691,Klay Thompson,DAL,2024-25,april,Movement Shooter,Shooter,16.8,6.7,75.0,77,5,22.7,9.2
1630542,Marcus Bagley,PHI,2024-25,april,Role Player,Role,14.3,7.2,42.04545454545454,78,6,28.7,9.2
1627777,Georges Niang,ATL,2024-25,april,Role Player,Role,21.7,7.5,70.78651685393258,79,7,19.5,9.1
1630183,Jaden McDaniels,MIN,2024-25,april,Role Player,Role,16.8,6.0,28.125000000000007,81,7,30.7,9.1
1629680,Matisse Thybulle,POR,2024-25,april,Role Player,Role,12.9,12.6,49.31506849315069,77,7,27.3,9.1
1627752,Taurean Prince,MIL,2024-25,april,3&D Wing,Wing,12.6,6.0,63.76811594202899,78,7,29.5,9.1
1626168,Trey Lyles,SAC,2024-25,april,Role Player,Role,12.0,6.1,59.09090909090909,81,7,29.8,9.1
1630171,Isaac Okoro,CLE,2024-25,april,3&D Wing,Wing,13.2,5.5,45.20547945205479,77,6,23.2,9.0
1629006,Josh Okogie,CHA,2024-25,april,3&D Wing,Wing,24.1,12.1,61.53846153846154,76,6,16.6,9.0
1629026,Kenrich Williams,OKC,2024-25,april,3&D Wing,Wing,18.2,11.4,39.75903614457831,78,7,21.4,9.0
1641732,Colby Jones,WAS,2024-25,april,Role Player,Role,14.9,13.3,33.33333333333333,78,6,33.4,8.8
1641727,Dariq Whitehead,BKN,2024-25,april,Role Player,Role,18.2,9.3,71.23287671232877,78,6,19.9,8.8
1642281,Jaylon Tyson,CLE,2024-25,april,Role Player,Role,24.0,12.5,37.2093023255814,78,5,16.3,8.6
204456,T.J. McConnell,IND,2024-25,april,Secondary Ball Handler,Secondary,21.0,35.4,5.0,73,7,18.5,8.6
1630526,Jeremiah Robinson-Earl,NOP,2024-25,april,Role Player,Role,17.2,13.6,46.98795180722891,80,7,24.6,8.4
1627884,Derrick Jones Jr.,LAC,2024-25,april,3&D Wing,Wing,14.6,3.9,43.93939393939394,78,7,23.3,8.3
1642275,Tidjane Salaün,CHA,2024-25,april,3&D Wing,Wing,17.2,9.9,60.00000000000001,80,7,28.7,8.3
203110,Draymond Green,GSW,2024-25,april,Role Player,Role,16.0,26.6,52.0,78,8,30.7,8.3
1642263,Reed Sheppard,HOU,2024-25,april,Role Player,Role,19.0,22.0,70.1492537313433,74,6,17.7,8.2
1629614,Andrew Nembhard,IND,2024-25,april,Role Player,Role,16.1,20.8,34.48275862068966,76,6,27.0,8.0
1629618,Jalen Pickett,DEN,2024-25,april,Role Player,Role,13.6,21.1,59.70149253731343,74,7,25.2,8.0
1631260,AJ Green,MIL,2024-25,april,3&D Wing,Wing,10.4,8.0,84.31372549019608,76,7,23.5,7.9
1631216,Caleb Houstan,ORL,2024-25,april,Role Player,Role,12.1,11.8,73.68421052631578,80,6,23.9,7.8
1630623,Tyson Etienne,BKN,2024-25,april,Role Player,Role,17.0,12.0,86.66666666666667,74,6,23.5,7.8
1631306,Cole Swider,IND,2024-25,april,Role Player,Role,16.9,2.4,74.35897435897436,80,5,19.9,7.8
1629312,Haywood Highsmith,MIA,2024-25,april,Role Player,Role,13.0,9.0,65.71428571428571,77,7,24.4,7.7
1641721,Maxwell Lewis,BKN,2024-25,april,Role Player,Role,20.1,9.4,46.15384615384615,79,5,19.8,7.6
1630241,Sam Merrill,CLE,2024-25,april,Role Player,Role,11.7,12.0,92.85714285714288,76,5,22.6,7.6
1627739,Kris Dunn,LAC,2024-25,april,Role Player,Role,10.6,9.3,54.71698113207547,75,7,25.6,7.6
1630175,Cole Anthony,MEM,2024-25,april,Role Player,Role,17.9,25.8,65.51724137931035,74,6,16.5,7.5
1631165,Keon Ellis,SAC,2024-25,april,3&D Wing,Wing,8.9,5.1,79.62962962962962,76,7,30.7,7.4
1628371,Jonathan Isaac,ORL,2024-25,april,Anchor Big,Big,19.4,13.3,23.076923076923077,82,5,16.2,7.4
1630541,Moses Moody,GSW,2024-25,april,Movement Shooter,Shooter,14.3,5.4,57.971014492753625,77,8,25.8,7.4
1641763,Julian Phillips,CHI,2024-25,april,Role Player,Role,14.3,6.8,50.0,80,6,15.9,7.2
1641741,Ricky Council IV,PHI,2024-25,april,Role Player,Role,18.9,10.5,44.28571428571429,78,7,20.0,7.1
1629610,DaQuan Jeffries,CHA,2024-25,april,Role Player,Role,12.5,6.3,60.60606060606061,77,7,27.5,7.0
1631301,Jaylen Sims,CHA,2024-25,april,Role Player,Role,15.9,17.6,53.191489361702125,78,6,18.6,7.0
1631200,Kris Murray,POR,2024-25,april,3&D Wing,Wing,14.7,12.9,48.648648648648646,80,7,24.9,7.0
1642345,Oso Ighodaro,PHX,2024-25,april,Anchor Big,Big,10.8,10.1,0.0,84,7,25.4,7.0
1626153,Delon Wright,NYK,2024-25,april,Role Player,Role,11.5,17.9,50.0,77,5,25.7,6.8
1626166,Cameron Payne,NYK,2024-25,april,Role Player,Role,20.2,31.0,42.857142857142854,75,6,18.2,6.7
1630658,Colin Castleton,TOR,2024-25,april,Rim Runner,Big,11.3,11.1,13.461538461538462,82,6,21.2,6.7
1631248,Baylor Scheierman,BOS,2024-25,april,3&D Wing,Wing,18.8,10.6,66.66666666666666,78,6,20.2,6.3
1628997,Caleb Martin,DAL,2024-25,april,Role Player,Role,16.8,12.8,23.80952380952381,77,6,22.4,6.3
1631212,Peyton Watson,DEN,2024-25,april,Role Player,Role,11.7,1.5,33.33333333333333,79,6,27.0,6.3
1626220,Royce O'Neale,PHX,2024-25,april,3&D Wing,Wing,17.8,13.1,85.8974358974359,78,6,21.4,6.3
1628380,Zach Collins,CHI,2024-25,april,Rim Runner,Big,16.8,18.3,35.84905660377358,83,7,17.2,6.3
1631243,Mouhamed Gueye,ATL,2024-25,april,Anchor Big,Big,14.2,6.2,37.5,82,8,16.7,6.1
1631104,Blake Wesley,SAS,2024-25,april,Role Player,Role,16.1,19.0,27.777777777777775,75,8,19.6,6.0
1629674,Neemias Queta,BOS,2024-25,april,Rim Runner,Big,12.3,16.7,0.0,84,6,15.2,5.8
1629048,Goga Bitadze,ORL,2024-25,april,Rim Runner,Big,14.7,14.3,13.636363636363637,82,5,16.7,5.8
1642277,Johnny Furphy,IND,2024-25,april,Role Player,Role,15.1,12.3,46.808510638297875,81,6,15.3,5.7
1641720,Jalen Hood-Schifino,PHI,2024-25,april,Role Player,Role,13.8,16.7,41.666666666666664,77,5,24.1,5.6
201144,Mike Conley,MIN,2024-25,april,Role Player,Role,12.9,25.0,65.57377049180329,72,7,24.1,5.4
202709,Cory Joseph,ORL,2024-25,april,Role Player,Role,10.6,15.1,81.81818181818181,74,5,18.9,5.4
1641736,Reece Beekman,BKN,2024-25,april,Role Player,Role,11.3,27.9,27.58620689655172,75,5,25.9,5.4
1629637,Jaxson Hayes,LAL,2024-25,april,Anchor Big,Big,13.0,2.7,0.0,84,6,17.3,5.3
202687,Bismack Biyombo,SAS,2024-25,april,Role Player,Role,14.1,4.2,0.0,80,8,21.4,5.1
1641842,Ronald Holland II,DET,2024-25,april,Role Player,Role,15.9,8.6,23.25581395348837,80,6,16.1,4.8
1631207,Dalen Terry,CHI,2024-25,april,Role Player,Role,15.4,13.6,44.44444444444444,79,5,16.9,4.6
1630695,Micah Potter,UTA,2024-25,april,Role Player,Role,9.4,5.2,66.66666666666667,81,5,24.4,4.6
1629216,Gabe Vincent,LAL,2024-25,april,Movement Shooter,Shooter,11.5,7.5,86.53846153846153,74,6,20.9,4.5
1628379,Luke Kennard,MEM,2024-25,april,Movement Shooter,Shooter,9.5,15.9,66.66666666666666,77,5,21.3,4.4
1630531,Jaden Springer,UTA,2024-25,april,Role Player,Role,12.6,8.9,53.191489361702125,76,6,18.1,4.3
1629020,Jarred Vanderbilt,LAL,2024-25,april,Role Player,Role,13.5,4.3,6.060606060606061,80,6,16.0,4.2
1630692,Jordan Goodwin,LAL,2024-25,april,3&D Wing,Wing,15.4,14.1,48.93617021276595,77,7,16.5,3.9
1642269,Devin Carter,SAC,2024-25,april,Role Player,Role,14.2,8.5,37.5,74,6,16.4,3.8
1641794,Dillon Jones,OKC,2024-25,april,Role Player,Role,10.2,9.9,29.166666666666668,77,7,15.5,3.3
1630550,JT Thor,WAS,2024-25,april,Role Player,Role,9.3,1.6,37.49999999999999,81,5,20.4,3.2
203901,Elfrid Payton,NOP,2024-25,april,Role Player,Role,13.4,50.8,16.279069767441857,75,7,23.5,2.9
1628470,Torrey Craig,BOS,2024-25,april,Role Player,Role,10.7,11.8,64.70588235294117,77,5,18.9,1.4
