PLAYER_ID,PLAYER,TEAM,Season,Month,Archetype,Category,Size,USG_Pct,AST_Pct,ThreePt_Rate,Isolation_Freq,Height_Inches,GP,MPG,PTS
1629630,Ja Morant,MEM,2021-22,october,Primary Initiator,Primary,Guard,31.8,39.3,29.7029702970297,14.1,75,6,35.4,28.7
201939,Stephen Curry,GSW,2021-22,october,Primary Initiator,Primary,Guard,32.2,29.5,62.441314553990615,10.1,74,6,34.9,28.7
201142,Kevin Durant,BKN,2021-22,october,Shot Creator,Scorer,Big,30.5,29.8,22.651933701657452,20.8,82,7,34.3,27.7
202331,Paul George,LAC,2021-22,october,Primary Initiator,Primary,Forward,33.2,20.7,44.44444444444444,18.4,80,5,33.1,27.6
203507,Giannis Antetokounmpo,MIL,2021-22,october,Primary Initiator,Primary,Big,33.3,32.3,23.655913978494624,10.9,83,7,32.0,27.3
1628369,Jayson Tatum,BOS,2021-22,october,Primary Initiator,Primary,Forward,32.5,18.3,36.8,,80,6,39.1,26.7
1627759,Jaylen Brown,BOS,2021-22,october,Shot Creator,Scorer,Forward,27.8,10.3,35.92233009708738,20.6,78,5,39.4,26.4
203897,Zach LaVine,CHI,2021-22,october,Secondary Ball Handler,Secondary,Guard,29.2,24.1,35.02824858757062,9.3,77,6,34.1,25.5
202710,Jimmy Butler III,MIA,2021-22,october,Shot Creator,Scorer,Forward,27.5,26.6,7.647058823529412,17.7,79,6,34.3,25.3
1626157,Karl-Anthony Towns,MIN,2021-22,october,Playmaking Big,Big,Big,27.7,20.2,36.14457831325301,10.0,83,5,33.9,25.2
1627742,Brandon Ingram,NOP,2021-22,october,Shot Creator,Scorer,Forward,29.3,23.2,24.774774774774773,13.8,80,6,37.0,25.0
203076,Anthony Davis,LAL,2021-22,october,Post Scorer,Big,Big,27.7,11.7,11.76470588235294,11.5,82,7,36.2,24.7
1628970,Miles Bridges,CHA,2021-22,october,3&D Wing,Wing,Forward,24.6,11.4,43.502824858757066,9.0,79,7,35.4,24.6
203078,Bradley Beal,WAS,2021-22,october,Primary Initiator,Primary,Guard,34.0,23.8,29.838709677419356,,76,5,37.0,24.4
203468,CJ McCollum,NOP,2021-22,october,Secondary Ball Handler,Secondary,Guard,29.9,17.1,49.26108374384236,8.8,75,6,33.3,24.3
203999,Nikola Jokić,DEN,2021-22,october,Playmaking Big,Big,Big,30.0,30.0,26.543209876543212,5.3,83,6,30.0,24.0
2544,LeBron James,LAL,2021-22,october,Primary Initiator,Primary,Forward,28.8,27.4,44.554455445544555,12.8,81,5,37.2,23.8
201942,DeMar DeRozan,CHI,2021-22,october,Shot Creator,Scorer,Forward,29.1,22.4,11.578947368421051,19.9,78,6,34.8,23.7
1627763,Malcolm Brogdon,IND,2021-22,october,Role Player,Role,Guard,27.6,31.3,29.47368421052631,,77,5,37.0,23.4
203084,Harrison Barnes,SAC,2021-22,october,3&D Wing,Wing,Forward,21.8,11.1,46.202531645569614,8.0,80,6,37.3,23.3
1630162,Anthony Edwards,MIN,2021-22,october,Shot Creator,Scorer,Guard,29.7,15.6,43.11926605504588,23.4,76,5,35.2,23.0
1628378,Donovan Mitchell,UTA,2021-22,october,Primary Initiator,Primary,Guard,33.3,24.1,48.98989898989898,11.4,73,6,31.9,23.0
1626164,Devin Booker,PHX,2021-22,october,Shot Creator,Scorer,Guard,30.9,29.3,27.72277227722772,14.0,77,5,32.7,22.6
1629029,Luka Dončić,DAL,2021-22,october,Primary Initiator,Primary,Forward,33.9,45.0,33.81642512077295,16.0,79,6,34.1,22.5
1629027,Trae Young,ATL,2021-22,october,Primary Initiator,Primary,Guard,29.9,43.8,26.262626262626267,12.0,73,6,33.8,22.3
1628983,Shai Gilgeous-Alexander,OKC,2021-22,october,Shot Creator,Scorer,Forward,27.6,22.3,40.46242774566473,26.3,78,6,33.3,22.0
1629639,Tyler Herro,MIA,2021-22,october,Primary Initiator,Primary,Guard,28.8,23.7,40.44943820224719,13.3,77,6,31.0,22.0
203954,Joel Embiid,PHI,2021-22,october,Shot Creator,Scorer,Big,31.4,20.4,26.573426573426573,12.3,84,6,30.0,21.0
1627734,Domantas Sabonis,SAC,2021-22,october,Post Scorer,Big,Big,21.4,17.3,26.42857142857143,,83,7,38.6,20.9
203944,Julius Randle,NYK,2021-22,october,Shot Creator,Scorer,Forward,26.8,25.7,31.428571428571427,15.8,80,6,37.3,20.8
1628389,Bam Adebayo,MIA,2021-22,october,3&D Wing,Wing,Forward,26.0,8.9,0.0,8.0,81,5,31.5,20.6
203114,Khris Middleton,MIL,2021-22,october,Primary Initiator,Primary,Forward,28.1,23.1,34.11764705882353,6.1,79,6,31.5,20.0
202699,Tobias Harris,PHI,2021-22,october,3&D Wing,Wing,Forward,24.5,22.1,26.751592356687897,4.2,79,6,33.1,19.8
203915,Spencer Dinwiddie,DAL,2021-22,october,Role Player,Role,Forward,26.3,35.0,33.333333333333336,,78,5,31.2,19.8
202685,Jonas Valančiūnas,NOP,2021-22,october,Post Scorer,Big,Big,22.5,12.4,7.638888888888889,,83,7,34.1,19.4
1626149,Montrezl Harrell,CHA,2021-22,october,Role Player,Role,Forward,20.2,9.8,6.837606837606838,,79,6,31.5,19.3
1626174,Christian Wood,HOU,2021-22,october,Role Player,Role,Forward,23.6,10.5,34.64052287581699,,81,6,33.4,19.2
1630217,Desmond Bane,MEM,2021-22,october,Movement Shooter,Shooter,Guard,22.4,12.3,58.620689655172406,7.0,77,6,29.7,18.8
1630163,LaMelo Ball,CHA,2021-22,october,Primary Initiator,Primary,Forward,28.7,31.9,42.69005847953216,12.2,79,7,29.2,18.7
201935,James Harden,PHI,2021-22,october,Shot Creator,Scorer,Guard,26.9,41.1,52.85714285714286,42.5,77,7,33.2,18.6
1628368,De'Aaron Fox,SAC,2021-22,october,Primary Initiator,Primary,Guard,28.7,27.0,30.526315789473685,10.1,75,6,36.4,18.5
203081,Damian Lillard,POR,2021-22,october,Primary Initiator,Primary,Guard,28.3,38.5,51.09890109890111,,74,6,32.8,18.3
201566,Russell Westbrook,LAL,2021-22,october,Shot Creator,Scorer,Guard,27.0,35.7,22.3463687150838,13.4,75,7,35.7,18.3
202330,Gordon Hayward,CHA,2021-22,october,Role Player,Role,Forward,20.6,16.6,36.84210526315789,,79,7,34.9,18.1
1630567,Scottie Barnes,TOR,2021-22,october,Finisher,Finisher,Forward,21.3,9.3,9.285714285714286,7.9,79,7,34.9,18.1
1628384,OG Anunoby,TOR,2021-22,october,3&D Wing,Wing,Forward,23.2,12.2,47.05882352941176,5.9,79,7,35.8,18.0
1628984,Devonte' Graham,NOP,2021-22,october,Stretch Shooter,Shooter,Guard,23.0,22.4,58.82352941176471,,73,7,32.8,17.9
1627749,Dejounte Murray,SAS,2021-22,october,Role Player,Role,Guard,24.2,34.0,20.786516853932586,,76,6,35.4,17.8
1630537,Chris Duarte,IND,2021-22,october,Role Player,Role,Guard,22.2,10.4,40.99378881987577,,77,7,35.9,17.7
1630175,Cole Anthony,ORL,2021-22,october,Secondary Ball Handler,Secondary,Guard,22.9,23.9,45.39007092198582,6.9,75,7,33.2,17.7
203095,Evan Fournier,NYK,2021-22,october,Stretch Shooter,Shooter,Forward,20.7,10.1,59.44055944055944,,78,6,33.2,17.5
1627741,Buddy Hield,IND,2021-22,october,Movement Shooter,Shooter,Guard,24.2,8.7,75.18248175182482,,76,6,28.2,17.3
1629012,Collin Sexton,CLE,2021-22,october,Secondary Ball Handler,Secondary,Guard,26.7,11.1,29.411764705882355,5.2,73,7,29.1,17.3
1626156,D'Angelo Russell,MIN,2021-22,october,Primary Initiator,Primary,Guard,28.3,28.6,47.61904761904761,8.7,76,5,30.2,17.2
1629628,RJ Barrett,NYK,2021-22,october,Finisher,Finisher,Forward,19.9,12.4,43.18181818181819,2.7,78,6,34.4,17.2
1627832,Fred VanVleet,TOR,2021-22,october,Role Player,Role,Guard,21.4,28.8,47.4025974025974,,73,7,38.4,17.0
2546,Carmelo Anthony,LAL,2021-22,october,Stretch Shooter,Shooter,Forward,21.1,4.4,56.41025641025641,,79,7,27.0,16.7
203903,Jordan Clarkson,UTA,2021-22,october,Stretch Shooter,Shooter,Guard,29.9,10.3,55.55555555555556,5.2,76,6,25.5,16.5
1626158,Richaun Holmes,SAC,2021-22,october,Rim Protector,Big,Big,17.0,8.0,3.225806451612903,,82,6,27.7,16.3
203497,Rudy Gobert,UTA,2021-22,october,Finisher,Finisher,Big,18.0,5.4,0.0,,85,6,31.0,16.3
1626162,Kelly Oubre Jr.,CHA,2021-22,october,Shot Creator,Scorer,Forward,18.8,7.4,58.01526717557252,12.1,78,7,31.9,16.3
203952,Andrew Wiggins,GSW,2021-22,october,3&D Wing,Wing,Forward,22.4,8.5,36.231884057971016,10.9,79,6,30.1,16.2
202711,Bojan Bogdanovic,UTA,2021-22,october,Role Player,Role,Forward,22.3,6.8,42.96875,,79,6,29.9,16.2
1629629,Cam Reddish,NYK,2021-22,october,Role Player,Role,Forward,26.2,6.1,39.37007874015748,,80,6,24.5,16.2
203924,Jerami Grant,DET,2021-22,october,3&D Wing,Wing,Forward,25.1,12.9,31.57894736842105,10.7,80,5,32.5,16.0
1628381,John Collins,ATL,2021-22,october,3&D Wing,Wing,Forward,19.4,13.2,20.0,,81,6,29.1,16.0
1629640,Keldon Johnson,SAS,2021-22,october,3&D Wing,Wing,Forward,23.8,9.2,19.718309859154928,3.9,78,6,29.4,15.8
202696,Nikola Vučević,CHI,2021-22,october,Post Scorer,Big,Big,24.7,16.0,26.582278481012654,,82,6,34.0,15.8
1630180,Saddiq Bey,DET,2021-22,october,3&D Wing,Wing,Forward,21.6,15.0,44.05594405594405,6.5,79,6,32.6,15.8
1628398,Kyle Kuzma,WAS,2021-22,october,3&D Wing,Wing,Forward,20.3,7.1,44.927536231884055,5.1,81,6,36.8,15.5
203552,Seth Curry,BKN,2021-22,october,Role Player,Role,Guard,15.6,5.6,50.0,,74,6,31.3,15.3
203115,Will Barton,DEN,2021-22,october,Role Player,Role,Guard,19.9,16.9,40.65040650406504,,77,6,31.9,15.3
1628969,Mikal Bridges,PHX,2021-22,october,3&D Wing,Wing,Forward,17.8,7.1,36.84210526315789,2.3,78,5,31.6,15.2
202689,Kemba Walker,NYK,2021-22,october,Stretch Shooter,Shooter,Guard,20.3,17.3,61.16504854368931,,72,6,27.7,15.0
1630178,Tyrese Maxey,PHI,2021-22,october,Shot Creator,Scorer,Guard,20.6,16.2,27.82608695652174,14.5,74,6,31.7,14.7
201569,Eric Gordon,HOU,2021-22,october,3&D Wing,Wing,Guard,19.0,10.1,48.913043478260875,,75,6,26.2,14.3
1627751,Jakob Poeltl,SAS,2021-22,october,Finisher,Finisher,Big,17.0,12.9,0.0,,85,6,31.2,14.3
1627814,Damion Lee,GSW,2021-22,october,Role Player,Role,Guard,18.6,5.6,50.0,,77,5,27.9,14.2
203471,Dennis Schröder,HOU,2021-22,october,Shot Creator,Scorer,Guard,20.9,29.9,40.17094017094017,14.8,73,6,33.5,14.2
1629638,Nickeil Alexander-Walker,UTA,2021-22,october,Movement Shooter,Shooter,Guard,22.5,12.0,52.5974025974026,2.9,77,7,31.7,14.1
1629673,Jordan Poole,GSW,2021-22,october,Secondary Ball Handler,Secondary,Guard,26.8,23.1,43.35664335664335,7.9,76,6,27.8,14.0
202704,Reggie Jackson,LAC,2021-22,october,Stretch Shooter,Shooter,Guard,22.3,16.7,57.831325301204814,,74,5,34.0,14.0
201937,Ricky Rubio,IND,2021-22,october,Role Player,Role,Guard,23.8,38.0,44.18604651162791,,74,7,28.2,14.0
1630532,Franz Wagner,ORL,2021-22,october,Finisher,Finisher,Big,16.9,9.4,40.70796460176991,7.6,82,7,32.3,13.9
1629028,Deandre Ayton,PHX,2021-22,october,Finisher,Finisher,Big,16.6,6.5,8.333333333333334,,83,5,29.8,13.8
1628960,Grayson Allen,MIL,2021-22,october,3&D Wing,Wing,Guard,17.1,6.6,78.76106194690266,2.8,76,7,29.2,13.7
1629014,Anfernee Simons,POR,2021-22,october,Shot Creator,Scorer,Guard,21.6,15.9,60.0,18.2,75,6,22.2,13.7
1629001,De'Anthony Melton,MEM,2021-22,october,Stretch Shooter,Shooter,Guard,18.4,13.4,51.66666666666667,,74,6,29.8,13.7
203482,Kelly Olynyk,DET,2021-22,october,Rim Protector,Big,Big,23.1,18.5,37.25490196078432,,83,6,24.2,13.7
201144,Mike Conley,UTA,2021-22,october,Stretch Shooter,Shooter,Guard,20.4,20.0,58.82352941176471,,73,5,28.2,13.6
1629018,Gary Trent Jr.,TOR,2021-22,october,3&D Wing,Wing,Guard,19.3,5.3,44.88188976377953,,77,7,31.4,13.6
1630596,Evan Mobley,CLE,2021-22,october,Finisher,Finisher,Big,17.3,12.7,9.70873786407767,4.7,83,7,32.0,13.4
1629636,Darius Garland,CLE,2021-22,october,Stretch Shooter,Shooter,Guard,23.8,37.3,52.63157894736842,6.7,73,5,31.0,13.4
203501,Tim Hardaway Jr.,DAL,2021-22,october,Movement Shooter,Shooter,Guard,18.4,8.5,66.36363636363636,2.2,77,6,30.4,13.3
1628401,Derrick White,BOS,2021-22,october,3&D Wing,Wing,Guard,18.2,26.4,47.82608695652174,4.7,76,6,32.7,13.2
1629022,Lonnie Walker IV,SAS,2021-22,october,Stretch Shooter,Shooter,Guard,23.7,16.2,58.03571428571429,,76,6,24.8,13.2
1628964,Mo Bamba,ORL,2021-22,october,Rim Protector,Big,Big,16.8,12.0,45.05494505494505,,84,7,32.0,13.1
1630224,Jalen Green,HOU,2021-22,october,Stretch Shooter,Shooter,Guard,22.3,16.7,50.724637681159415,,76,6,31.9,13.0
203932,Aaron Gordon,DEN,2021-22,october,Shot Creator,Scorer,Forward,18.7,8.3,23.711340206185564,16.0,80,6,29.3,12.8
203994,Jusuf Nurkić,POR,2021-22,october,Finisher,Finisher,Big,22.7,10.1,13.333333333333334,,83,6,24.9,12.8
101108,Chris Paul,PHX,2021-22,october,Role Player,Role,Guard,19.0,48.6,25.0,,72,5,31.0,12.8
1630591,Jalen Suggs,ORL,2021-22,october,Secondary Ball Handler,Secondary,Guard,25.6,20.7,44.18604651162791,6.6,77,7,29.4,12.7
1628991,Jaren Jackson Jr.,MEM,2021-22,october,Stretch Shooter,Shooter,Big,23.1,6.5,57.48031496062992,11.1,83,6,27.3,12.7
200746,LaMarcus Aldridge,BKN,2021-22,october,Rim Protector,Big,Big,21.8,2.5,6.024096385542168,,83,6,20.2,12.7
1628976,Wendell Carter Jr.,ORL,2021-22,october,3&D Wing,Wing,Big,18.9,12.2,34.02061855670103,,82,7,27.2,12.6
1629645,Kevin Porter Jr.,HOU,2021-22,october,Stretch Shooter,Shooter,Guard,24.2,29.4,54.54545454545454,9.8,76,6,29.7,12.5
1626167,Myles Turner,IND,2021-22,october,Stretch Shooter,Shooter,Big,18.3,6.6,51.19047619047619,,83,7,27.1,12.4
1628379,Luke Kennard,LAC,2021-22,october,Movement Shooter,Shooter,Guard,16.3,12.5,70.0,,77,5,27.3,12.4
201565,Derrick Rose,NYK,2021-22,october,Role Player,Role,Guard,22.1,20.9,41.23711340206186,,74,6,21.4,12.3
1628366,Lonzo Ball,CHI,2021-22,october,3&D Wing,Wing,Forward,17.8,18.0,64.81481481481481,,78,6,35.1,12.3
1630169,Tyrese Haliburton,IND,2021-22,october,Role Player,Role,Guard,15.6,24.5,31.428571428571427,,77,6,32.2,11.8
1628386,Jarrett Allen,CLE,2021-22,october,Finisher,Finisher,Big,13.3,6.3,1.4084507042253522,,82,7,30.0,11.7
1628374,Lauri Markkanen,CLE,2021-22,october,Movement Shooter,Shooter,Big,18.3,8.2,54.054054054054056,4.0,83,7,30.1,11.7
1629652,Luguentz Dort,OKC,2021-22,october,3&D Wing,Wing,Guard,19.5,10.7,48.148148148148145,,75,6,31.9,11.7
203992,Bogdan Bogdanović,ATL,2021-22,october,Role Player,Role,Forward,15.8,9.9,43.29896907216496,,78,6,28.7,11.5
203082,Terrence Ross,ORL,2021-22,october,Role Player,Role,Forward,17.9,9.1,55.55555555555556,,78,7,25.7,11.3
1628420,Monte Morris,DEN,2021-22,october,Role Player,Role,Guard,16.8,17.1,38.94736842105264,,74,6,29.0,11.2
203925,Joe Harris,BKN,2021-22,october,Stretch Shooter,Shooter,Forward,18.7,4.8,66.98113207547169,,78,7,30.3,11.0
1629008,Michael Porter Jr.,DEN,2021-22,october,Movement Shooter,Shooter,Big,20.0,9.9,51.53846153846155,6.9,82,6,31.1,10.8
1628973,Jalen Brunson,DAL,2021-22,october,Shot Creator,Scorer,Guard,19.0,27.5,31.428571428571427,14.4,73,6,25.6,10.7
1630581,Josh Giddey,OKC,2021-22,october,Finisher,Finisher,Forward,19.1,33.0,25.0,5.0,80,6,28.2,10.7
1629631,De'Andre Hunter,ATL,2021-22,october,3&D Wing,Wing,Forward,18.8,2.8,30.35714285714286,7.5,80,5,28.4,10.6
201988,Patty Mills,BKN,2021-22,october,Role Player,Role,Guard,14.9,13.3,57.4712643678161,,72,7,26.5,10.6
1629130,Duncan Robinson,MIA,2021-22,october,Movement Shooter,Shooter,Forward,16.5,7.4,86.27450980392159,,79,6,28.7,10.5
1629057,Robert Williams III,BOS,2021-22,october,Finisher,Finisher,Forward,10.3,7.6,0.0,,81,5,33.5,10.4
1626192,Pat Connaughton,MIL,2021-22,october,Role Player,Role,Guard,12.6,7.9,65.51724137931035,,77,7,30.5,10.3
1627788,Furkan Korkmaz,PHI,2021-22,october,Stretch Shooter,Shooter,Forward,22.4,20.7,53.75,,79,6,19.8,10.2
1628367,Josh Jackson,SAC,2021-22,october,Role Player,Role,Forward,20.8,16.5,45.97701149425288,,80,6,23.3,10.2
203500,Steven Adams,MEM,2021-22,october,Finisher,Finisher,Big,15.3,16.5,0.0,,83,6,25.0,10.2
1629647,Darius Bazley,OKC,2021-22,october,Role Player,Role,Forward,20.2,9.0,47.05882352941176,,80,6,26.5,10.0
202339,Eric Bledsoe,POR,2021-22,october,Role Player,Role,Guard,22.0,23.0,33.333333333333336,,73,5,26.6,10.0
203087,Jeremy Lamb,SAC,2021-22,october,Stretch Shooter,Shooter,Guard,19.9,5.4,52.702702702702695,,77,7,18.7,10.0
201567,Kevin Love,CLE,2021-22,october,3&D Wing,Wing,Forward,21.6,17.4,38.20224719101123,,80,7,20.7,9.9
1630170,Devin Vassell,SAS,2021-22,october,Movement Shooter,Shooter,Guard,17.4,8.6,51.61290322580645,2.7,77,6,25.2,9.8
1629684,Grant Williams,BOS,2021-22,october,3&D Wing,Wing,Forward,13.1,10.0,60.0,,78,6,22.9,9.8
203484,Kentavious Caldwell-Pope,WAS,2021-22,october,3&D Wing,Wing,Guard,11.4,8.2,59.72222222222222,3.1,77,6,31.5,9.5
1628998,Cody Martin,CHA,2021-22,october,Role Player,Role,Forward,13.4,10.8,34.42622950819673,,78,7,24.2,9.4
203110,Draymond Green,GSW,2021-22,october,3&D Wing,Wing,Forward,14.0,29.2,12.307692307692308,,78,6,32.2,9.3
204060,Joe Ingles,POR,2021-22,october,Role Player,Role,Forward,12.4,12.9,86.66666666666667,,80,6,23.3,9.2
1630173,Precious Achiuwa,TOR,2021-22,october,Finisher,Finisher,Forward,20.4,7.6,14.14141414141414,,80,7,24.4,9.1
1630578,Alperen Sengun,HOU,2021-22,october,Shot Creator,Scorer,Big,22.4,15.1,19.35483870967742,14.9,82,6,19.1,9.0
1627777,Georges Niang,PHI,2021-22,october,Role Player,Role,Forward,17.2,10.8,70.1492537313433,,79,6,18.0,9.0
203991,Clint Capela,ATL,2021-22,october,Finisher,Finisher,Big,15.0,2.4,0.0,,82,6,25.7,8.8
203939,Dwight Powell,DAL,2021-22,october,Finisher,Finisher,Big,15.2,6.6,14.035087719298245,,82,6,24.4,8.8
1629642,Nassir Little,POR,2021-22,october,Role Player,Role,Guard,13.1,3.8,45.0,,77,6,24.1,8.8
1626168,Trey Lyles,SAC,2021-22,october,Role Player,Role,Forward,21.4,16.1,41.66666666666667,,81,6,16.9,8.8
1627826,Ivica Zubac,LAC,2021-22,october,Post Scorer,Big,Big,15.7,15.1,0.0,,84,5,21.6,8.8
1627736,Malik Beasley,MIN,2021-22,october,Role Player,Role,Guard,16.1,13.9,68.29268292682927,,76,5,22.5,8.8
1629023,P.J. Washington,CHA,2021-22,october,3&D Wing,Wing,Forward,15.8,11.5,38.888888888888886,4.1,79,5,22.7,8.8
1629611,Terance Mann,LAC,2021-22,october,3&D Wing,Wing,Guard,13.3,18.9,38.46153846153847,3.7,77,5,29.0,8.6
201588,George Hill,MIL,2021-22,october,Role Player,Role,Guard,13.2,12.4,37.142857142857146,,76,7,27.1,8.6
203200,Justin Holiday,SAC,2021-22,october,Role Player,Role,Forward,14.1,6.8,75.28089887640449,,78,7,30.6,8.6
1627827,Dorian Finney-Smith,DAL,2021-22,october,Role Player,Role,Forward,17.1,4.8,54.08163265306122,,79,6,31.4,8.5
1630191,Isaiah Stewart,DET,2021-22,october,Finisher,Finisher,Forward,15.5,11.1,11.428571428571429,,80,6,22.7,8.5
1629011,Mitchell Robinson,NYK,2021-22,october,Finisher,Finisher,Big,9.3,3.8,0.0,,84,6,30.1,8.5
1629670,Jordan Nwora,MIL,2021-22,october,Stretch Shooter,Shooter,Forward,18.2,9.9,52.80898876404494,,80,7,22.6,8.4
200768,Kyle Lowry,MIA,2021-22,october,Role Player,Role,Guard,15.2,30.0,57.777777777777786,,72,5,31.1,8.4
202692,Alec Burks,NYK,2021-22,october,Stretch Shooter,Shooter,Forward,19.3,17.1,61.76470588235294,,78,6,17.7,8.3
1627936,Alex Caruso,CHI,2021-22,october,3&D Wing,Wing,Guard,13.6,19.1,33.33333333333333,,77,6,28.0,8.2
1626224,Cedi Osman,CLE,2021-22,october,Stretch Shooter,Shooter,Forward,19.7,12.7,66.15384615384615,,79,6,16.8,8.2
1630256,Jae'Sean Tate,HOU,2021-22,october,Role Player,Role,Guard,18.3,17.7,32.92682926829269,,76,6,24.1,8.2
202397,Ish Smith,WAS,2021-22,october,Role Player,Role,Guard,20.9,29.8,3.125,,72,7,20.0,7.9
1630558,Davion Mitchell,SAC,2021-22,october,Shot Creator,Scorer,Guard,15.2,16.1,52.22222222222223,28.6,72,6,27.0,7.7
203109,Jae Crowder,PHX,2021-22,october,Role Player,Role,Forward,14.0,6.3,65.85365853658539,,78,5,29.5,7.6
203526,Raul Neto,WAS,2021-22,october,Role Player,Role,Guard,15.2,18.7,22.857142857142858,,74,5,22.2,7.6
1628464,Daniel Theis,BOS,2021-22,october,Role Player,Role,Forward,13.9,3.9,42.85714285714286,,81,6,22.0,7.5
202693,Markieff Morris,MIA,2021-22,october,Role Player,Role,Forward,18.6,9.5,30.136986301369863,,81,6,19.0,7.5
203145,Kent Bazemore,LAL,2021-22,october,Role Player,Role,Guard,10.6,5.7,60.655737704918046,,76,7,28.0,7.4
1626196,Josh Richardson,SAS,2021-22,october,Role Player,Role,Guard,15.0,6.6,46.875,,77,5,21.3,7.4
203935,Marcus Smart,BOS,2021-22,october,3&D Wing,Wing,Guard,13.7,17.3,72.34042553191489,4.2,76,5,37.0,7.4
1628971,Bruce Brown,BKN,2021-22,october,Finisher,Finisher,Guard,12.9,3.2,23.80952380952381,4.1,76,6,23.8,7.3
1630167,Obi Toppin,NYK,2021-22,october,3&D Wing,Wing,Forward,16.0,10.0,38.46153846153846,,81,6,16.5,7.3
1628370,Malik Monk,LAL,2021-22,october,3&D Wing,Wing,Guard,14.3,10.4,65.15151515151516,8.4,75,7,21.7,7.3
203486,Mason Plumlee,CHA,2021-22,october,Role Player,Role,Big,12.8,12.2,0.0,,83,7,28.1,7.3
203469,Cody Zeller,POR,2021-22,october,Role Player,Role,Big,14.5,8.5,11.904761904761903,,83,6,18.0,7.2
203937,Kyle Anderson,MEM,2021-22,october,Shot Creator,Scorer,Forward,16.3,14.3,34.24657534246575,12.6,81,6,21.5,7.2
1628467,Maxi Kleber,DAL,2021-22,october,Rim Protector,Big,Big,13.0,4.1,80.85106382978722,,82,6,18.8,7.2
1629661,Cameron Johnson,PHX,2021-22,october,3&D Wing,Wing,Forward,15.5,7.7,60.526315789473685,,80,5,21.0,7.0
202355,Hassan Whiteside,UTA,2021-22,october,Role Player,Role,Big,15.3,2.8,0.0,,84,6,16.4,7.0
201145,Jeff Green,DEN,2021-22,october,Role Player,Role,Forward,19.5,8.6,43.39622641509433,,80,6,16.3,7.0
204456,T.J. McConnell,IND,2021-22,october,Role Player,Role,Guard,14.6,28.3,17.808219178082194,5.9,73,7,25.4,6.9
202709,Cory Joseph,DET,2021-22,october,Role Player,Role,Guard,15.5,19.8,39.655172413793096,,75,6,21.3,6.8
202722,Davis Bertans,DAL,2021-22,october,Role Player,Role,Big,14.8,4.6,79.36507936507937,,82,6,19.2,6.8
1629026,Kenrich Williams,OKC,2021-22,october,3&D Wing,Wing,Forward,16.6,11.1,39.68253968253968,,78,6,20.5,6.8
1630181,R.J. Hampton,ORL,2021-22,october,Role Player,Role,Guard,19.9,17.6,37.49999999999999,,76,7,17.6,6.7
1628988,Aaron Holiday,PHX,2021-22,october,3&D Wing,Wing,Guard,16.6,12.2,37.735849056603776,,72,6,18.5,6.7
1630172,Patrick Williams,CHI,2021-22,october,3&D Wing,Wing,Forward,9.3,3.3,26.08695652173913,3.6,79,5,24.9,6.6
203493,Reggie Bullock Jr.,DAL,2021-22,october,Role Player,Role,Forward,14.2,6.1,73.84615384615384,,78,6,20.5,6.5
203473,Dewayne Dedmon,MIA,2021-22,october,Rim Protector,Big,Big,15.3,5.5,7.142857142857142,,84,6,15.3,6.3
203490,Otto Porter Jr.,GSW,2021-22,october,Role Player,Role,Forward,13.9,10.3,57.446808510638306,,80,6,18.1,6.3
203920,Khem Birch,TOR,2021-22,october,Role Player,Role,Forward,10.8,7.7,9.756097560975611,,81,7,22.1,6.3
1630526,Jeremiah Robinson-Earl,OKC,2021-22,october,3&D Wing,Wing,Forward,15.9,3.7,48.88888888888889,,80,6,16.6,6.2
1626172,Kevon Looney,GSW,2021-22,october,Finisher,Finisher,Forward,13.8,5.4,0.0,,81,6,15.9,6.2
1628470,Torrey Craig,PHX,2021-22,october,Role Player,Role,Forward,15.5,13.0,63.04347826086957,,79,7,16.0,6.1
1628402,Frank Jackson,DET,2021-22,october,Role Player,Role,Guard,17.1,4.2,55.55555555555556,,75,6,20.5,6.0
1629622,Max Strus,MIA,2021-22,october,Role Player,Role,Guard,13.4,6.1,75.47169811320755,,77,6,17.3,6.0
1630530,Trey Murphy III,NOP,2021-22,october,Finisher,Finisher,Forward,11.0,5.1,79.59183673469387,6.6,80,7,21.5,5.9
201980,Danny Green,PHI,2021-22,october,Role Player,Role,Forward,10.4,3.7,97.91666666666669,,78,6,24.1,5.8
202357,Nemanja Bjelica,GSW,2021-22,october,Role Player,Role,Forward,17.5,17.7,24.0,,81,6,15.6,5.8
202324,Derrick Favors,OKC,2021-22,october,Role Player,Role,Forward,15.7,3.4,0.0,,81,5,17.0,5.8
1630529,Herbert Jones,NOP,2021-22,october,3&D Wing,Wing,Forward,11.5,8.5,13.725490196078432,,79,7,25.1,5.7
1626204,Larry Nance Jr.,NOP,2021-22,october,3&D Wing,Wing,Forward,12.1,7.2,28.57142857142857,,79,6,17.8,5.7
1626220,Royce O'Neale,UTA,2021-22,october,3&D Wing,Wing,Guard,8.3,7.1,63.46153846153846,,77,6,30.1,5.7
1630559,Austin Reaves,LAL,2021-22,october,Shot Creator,Scorer,Guard,10.5,6.0,59.45945945945946,13.5,77,6,19.8,5.5
1629750,Javonte Green,CHI,2021-22,october,3&D Wing,Wing,Guard,8.8,5.8,32.0,,77,6,16.9,5.3
1630165,Killian Hayes,DET,2021-22,october,Role Player,Role,Guard,17.1,18.9,31.944444444444443,,77,6,23.6,5.3
203496,Robert Covington,LAC,2021-22,october,Role Player,Role,Forward,9.0,0.7,90.56603773584906,,79,6,28.4,5.3
203083,Andre Drummond,BKN,2021-22,october,Finisher,Finisher,Big,18.5,12.7,5.0,,82,5,15.8,5.2
1629013,Landry Shamet,PHX,2021-22,october,3&D Wing,Wing,Guard,12.8,7.3,68.18181818181817,,76,5,17.5,5.2
1629680,Matisse Thybulle,PHI,2021-22,october,Role Player,Role,Guard,10.1,8.8,40.476190476190474,,77,6,21.5,5.2
203648,Thanasis Antetokounmpo,MIL,2021-22,october,Role Player,Role,Forward,14.5,11.6,7.843137254901962,,78,7,18.4,5.1
200782,P.J. Tucker,MIA,2021-22,october,Role Player,Role,Guard,8.4,6.6,62.5,,77,6,26.5,5.0
201933,Blake Griffin,BKN,2021-22,october,Role Player,Role,Forward,15.5,4.9,48.27586206896552,,81,6,20.0,4.8
1628989,Kevin Huerter,ATL,2021-22,october,3&D Wing,Wing,Forward,16.3,15.0,47.14285714285714,,79,6,20.4,4.8
1629052,Oshae Brissett,IND,2021-22,october,Role Player,Role,Forward,15.9,4.8,48.93617021276595,,79,6,15.8,4.8
202340,Avery Bradley,LAL,2021-22,october,Role Player,Role,Guard,10.4,1.4,60.526315789473685,,75,6,16.9,4.7
1630166,Deni Avdija,WAS,2021-22,october,Shot Creator,Scorer,Forward,12.2,8.0,46.51162790697674,14.0,81,6,20.0,4.7
1628408,PJ Dozier,DEN,2021-22,october,Role Player,Role,Forward,12.6,11.1,51.162790697674424,,78,6,17.5,4.7
1629020,Jarred Vanderbilt,MIN,2021-22,october,3&D Wing,Wing,Forward,9.8,10.2,0.0,,81,5,16.6,4.4
2730,Dwight Howard,LAL,2021-22,october,Role Player,Role,Big,9.3,4.1,11.111111111111112,,82,6,15.2,4.3
1629672,Eric Paschall,UTA,2021-22,october,Role Player,Role,Forward,11.3,8.2,65.71428571428571,,78,6,15.9,4.3
1630533,Ziaire Williams,MEM,2021-22,october,3&D Wing,Wing,Forward,14.1,5.1,77.08333333333334,,81,6,17.7,4.3
2738,Andre Iguodala,GSW,2021-22,october,Role Player,Role,Forward,10.2,15.8,60.0,,78,5,21.7,4.2
1629620,Justin Robinson,DET,2021-22,october,Role Player,Role,Guard,13.9,10.1,60.0,,73,7,16.0,4.1
1630267,Facundo Campazzo,DEN,2021-22,october,Role Player,Role,Guard,12.0,18.6,60.60606060606061,,70,6,18.2,3.8
203090,Maurice Harkless,SAC,2021-22,october,Role Player,Role,Forward,9.4,3.4,60.0,,79,5,22.0,3.8
1630202,Payton Pritchard,BOS,2021-22,october,Shot Creator,Scorer,Guard,12.2,20.4,80.0,12.8,73,5,15.0,3.4
1630183,Jaden McDaniels,MIN,2021-22,october,3&D Wing,Wing,Forward,8.3,3.8,58.333333333333336,2.3,81,5,28.4,3.2
1628975,Jevon Carter,MIL,2021-22,october,3&D Wing,Wing,Guard,10.1,10.8,72.22222222222221,,73,7,17.5,2.0
201142,Kevin Durant,BKN,2021-22,november,Shot Creator,Scorer,Big,30.6,26.1,25.75757575757576,20.8,82,13,36.6,29.0
203999,Nikola Jokić,DEN,2021-22,november,Playmaking Big,Big,Big,30.4,36.0,23.033707865168537,5.3,83,9,34.0,27.7
2544,LeBron James,LAL,2021-22,november,Primary Initiator,Primary,Forward,29.6,31.6,40.60913705583757,12.8,81,6,36.7,27.5
201939,Stephen Curry,GSW,2021-22,november,Primary Initiator,Primary,Guard,29.2,31.0,65.65656565656566,10.1,74,14,34.0,27.4
1629027,Trae Young,ATL,2021-22,november,Primary Initiator,Primary,Guard,33.6,41.1,37.94871794871795,12.0,73,15,33.8,27.4
1629029,Luka Dončić,DAL,2021-22,november,Primary Initiator,Primary,Forward,35.9,45.1,41.891891891891895,16.0,79,10,35.9,27.3
203507,Giannis Antetokounmpo,MIL,2021-22,november,Playmaking Big,Big,Big,33.3,29.5,22.3463687150838,10.9,83,13,32.6,26.8
201942,DeMar DeRozan,CHI,2021-22,november,Primary Initiator,Primary,Forward,29.3,19.1,14.97326203208556,19.9,78,16,35.1,26.8
202331,Paul George,LAC,2021-22,november,Primary Initiator,Primary,Forward,34.3,28.1,38.46153846153846,18.4,80,16,36.2,25.4
203897,Zach LaVine,CHI,2021-22,november,Secondary Ball Handler,Secondary,Guard,29.8,16.9,39.8989898989899,9.3,77,16,35.0,25.3
203954,Joel Embiid,PHI,2021-22,november,Shot Creator,Scorer,Big,35.0,21.9,17.582417582417584,12.3,84,5,34.7,25.0
203076,Anthony Davis,LAL,2021-22,november,Post Scorer,Big,Big,26.7,16.6,10.614525139664805,11.5,82,15,35.5,24.1
1626164,Devin Booker,PHX,2021-22,november,Shot Creator,Scorer,Guard,30.8,19.2,32.78688524590164,14.0,77,16,32.0,23.4
1628369,Jayson Tatum,BOS,2021-22,november,Role Player,Role,Forward,30.9,18.0,39.512195121951216,,80,15,35.6,23.3
1628378,Donovan Mitchell,UTA,2021-22,november,Primary Initiator,Primary,Guard,31.9,26.4,43.28358208955223,11.4,73,14,32.3,23.3
1626157,Karl-Anthony Towns,MIN,2021-22,november,Role Player,Role,Big,26.2,15.2,35.97560975609756,10.0,83,16,34.5,22.9
203081,Damian Lillard,POR,2021-22,november,Role Player,Role,Guard,26.7,31.1,48.64864864864865,,74,14,36.9,22.8
202710,Jimmy Butler III,MIA,2021-22,november,Shot Creator,Scorer,Forward,26.5,28.1,13.88888888888889,17.7,79,11,34.2,22.6
203078,Bradley Beal,WAS,2021-22,november,Primary Initiator,Primary,Guard,29.5,30.8,32.240437158469945,,76,13,35.5,22.4
201935,James Harden,PHI,2021-22,november,Shot Creator,Scorer,Guard,27.1,38.9,51.369863013698634,42.5,77,14,36.6,22.1
1629630,Ja Morant,MEM,2021-22,november,Primary Initiator,Primary,Guard,30.5,32.5,21.42857142857143,14.1,75,13,31.3,22.0
1628384,OG Anunoby,TOR,2021-22,november,3&D Wing,Wing,Forward,23.6,10.7,38.25136612021858,5.9,79,8,38.7,22.0
201566,Russell Westbrook,LAL,2021-22,november,Primary Initiator,Primary,Guard,28.2,38.1,26.90058479532163,13.4,75,16,36.4,21.8
1630162,Anthony Edwards,MIN,2021-22,november,Shot Creator,Scorer,Guard,26.4,16.5,46.19565217391305,23.4,76,16,36.6,21.7
1629639,Tyler Herro,MIA,2021-22,november,Shot Creator,Scorer,Guard,27.5,16.3,40.7608695652174,13.3,77,12,34.9,21.7
204001,Kristaps Porziņģis,WAS,2021-22,november,Post Scorer,Big,Big,26.5,12.4,34.59119496855346,,87,11,31.8,21.5
1627832,Fred VanVleet,TOR,2021-22,november,Stretch Shooter,Shooter,Guard,23.2,23.8,50.602409638554214,,73,14,38.3,21.3
1630175,Cole Anthony,ORL,2021-22,november,Secondary Ball Handler,Secondary,Guard,27.4,32.0,49.43181818181817,6.9,75,9,34.8,21.1
1628368,De'Aaron Fox,SAC,2021-22,november,Secondary Ball Handler,Secondary,Guard,27.1,24.6,22.485207100591715,10.1,75,16,34.1,20.7
203924,Jerami Grant,DET,2021-22,november,3&D Wing,Wing,Forward,26.6,15.0,36.64596273291925,10.7,80,15,32.9,20.6
1629636,Darius Garland,CLE,2021-22,november,Secondary Ball Handler,Secondary,Guard,25.9,31.0,43.786982248520715,6.7,73,14,35.7,20.5
1629673,Jordan Poole,GSW,2021-22,november,Stretch Shooter,Shooter,Guard,24.9,14.9,61.904761904761905,7.9,76,15,31.5,20.3
202699,Tobias Harris,PHI,2021-22,november,3&D Wing,Wing,Forward,26.9,18.3,22.598870056497177,4.2,79,7,35.2,20.3
1628374,Lauri Markkanen,CLE,2021-22,november,Movement Shooter,Shooter,Big,21.5,2.6,53.24675324675325,4.0,83,5,33.5,20.2
1626156,D'Angelo Russell,MIN,2021-22,november,Stretch Shooter,Shooter,Guard,26.0,30.2,52.66272189349112,8.7,76,14,33.0,20.1
1627749,Dejounte Murray,SAS,2021-22,november,Role Player,Role,Guard,26.5,32.7,20.87912087912088,,76,13,34.4,19.7
1630163,LaMelo Ball,CHA,2021-22,november,Shot Creator,Scorer,Forward,25.6,36.9,41.5204678362573,12.2,79,16,34.6,19.6
1627763,Malcolm Brogdon,IND,2021-22,november,Role Player,Role,Guard,23.6,24.8,42.384105960264904,,77,13,34.7,19.6
1627759,Jaylen Brown,BOS,2021-22,november,Shot Creator,Scorer,Forward,27.8,14.0,42.281879194630875,20.6,78,7,28.0,19.6
203952,Andrew Wiggins,GSW,2021-22,november,3&D Wing,Wing,Forward,25.3,8.4,34.96503496503497,10.9,79,15,30.4,19.5
1630178,Tyrese Maxey,PHI,2021-22,november,Shot Creator,Scorer,Guard,21.3,24.5,21.85430463576159,14.5,74,15,37.3,19.4
1628983,Shai Gilgeous-Alexander,OKC,2021-22,november,Shot Creator,Scorer,Forward,26.3,23.4,38.06818181818182,26.3,78,12,35.5,19.3
202685,Jonas Valančiūnas,NOP,2021-22,november,Post Scorer,Big,Big,25.5,14.3,21.52777777777778,,83,16,30.4,19.3
1629018,Gary Trent Jr.,TOR,2021-22,november,3&D Wing,Wing,Guard,20.7,8.3,49.36708860759494,,77,13,36.0,19.3
203468,CJ McCollum,NOP,2021-22,november,Secondary Ball Handler,Secondary,Guard,24.2,21.4,41.98895027624309,8.8,75,16,36.4,19.3
1627742,Brandon Ingram,NOP,2021-22,november,Shot Creator,Scorer,Forward,29.8,21.2,24.550898203592812,13.8,80,10,33.0,19.2
1626179,Terry Rozier,CHA,2021-22,november,Role Player,Role,Guard,22.9,15.9,46.666666666666664,,73,16,33.2,19.2
1629652,Luguentz Dort,OKC,2021-22,november,Stretch Shooter,Shooter,Guard,22.8,9.3,54.666666666666664,,75,13,32.9,19.2
1628386,Jarrett Allen,CLE,2021-22,november,Finisher,Finisher,Big,19.3,10.4,2.702702702702702,,82,11,35.3,19.0
203944,Julius Randle,NYK,2021-22,november,Shot Creator,Scorer,Forward,27.1,24.5,33.128834355828225,15.8,80,15,34.4,18.9
202704,Reggie Jackson,LAC,2021-22,november,Stretch Shooter,Shooter,Guard,25.3,18.2,50.60975609756099,,74,16,33.5,18.7
1628415,Dillon Brooks,MEM,2021-22,november,Secondary Ball Handler,Secondary,Forward,31.3,12.2,32.919254658385086,9.3,79,8,25.7,18.4
203471,Dennis Schröder,HOU,2021-22,november,Shot Creator,Scorer,Guard,25.6,22.0,28.571428571428577,14.8,73,14,33.2,18.3
1628389,Bam Adebayo,MIA,2021-22,november,3&D Wing,Wing,Forward,24.8,19.1,0.7518796992481203,8.0,81,13,33.4,18.0
1627783,Pascal Siakam,TOR,2021-22,november,Shot Creator,Scorer,Forward,24.0,18.2,27.083333333333332,13.3,80,11,33.0,17.9
1626181,Norman Powell,LAC,2021-22,november,3&D Wing,Wing,Guard,21.6,8.0,35.0,10.9,75,14,29.9,17.7
1628970,Miles Bridges,CHA,2021-22,november,3&D Wing,Wing,Forward,21.2,13.3,38.961038961038966,9.0,79,16,36.6,17.7
202711,Bojan Bogdanovic,UTA,2021-22,november,Stretch Shooter,Shooter,Forward,21.5,9.8,52.10084033613446,,79,15,30.2,17.2
1629028,Deandre Ayton,PHX,2021-22,november,Finisher,Finisher,Big,22.4,6.0,0.7874015748031498,,83,10,30.7,17.1
203084,Harrison Barnes,SAC,2021-22,november,3&D Wing,Wing,Forward,19.7,9.8,36.53846153846153,8.0,80,13,33.9,17.0
202330,Gordon Hayward,CHA,2021-22,november,Role Player,Role,Forward,20.5,13.2,33.08270676691729,,79,16,33.4,16.8
1628381,John Collins,ATL,2021-22,november,3&D Wing,Wing,Forward,18.3,8.7,25.663716814159287,,81,15,33.3,16.8
203552,Seth Curry,BKN,2021-22,november,Role Player,Role,Guard,19.5,13.2,46.4,,74,13,35.1,16.6
203115,Will Barton,DEN,2021-22,november,Role Player,Role,Guard,21.6,20.9,48.96551724137931,,77,12,34.4,16.6
1628991,Jaren Jackson Jr.,MEM,2021-22,november,3&D Wing,Wing,Big,24.3,4.7,42.63565891472868,11.1,83,15,26.8,16.5
1627741,Buddy Hield,IND,2021-22,november,Movement Shooter,Shooter,Guard,22.9,13.7,73.10344827586206,,76,16,29.8,16.5
1628973,Jalen Brunson,DAL,2021-22,november,Shot Creator,Scorer,Guard,22.3,26.5,26.016260162601625,14.4,73,12,30.4,16.4
1626171,Bobby Portis,MIL,2021-22,november,3&D Wing,Wing,Big,21.2,8.0,37.096774193548384,3.2,82,14,29.4,16.1
1626174,Christian Wood,HOU,2021-22,november,Role Player,Role,Forward,21.4,12.7,33.58778625954199,,81,14,32.4,15.8
1627734,Domantas Sabonis,SAC,2021-22,november,Post Scorer,Big,Big,21.7,19.3,21.238938053097343,,83,16,31.5,15.8
101108,Chris Paul,PHX,2021-22,november,Secondary Ball Handler,Secondary,Guard,20.1,39.6,30.35714285714286,,72,16,32.6,15.1
1630596,Evan Mobley,CLE,2021-22,november,Finisher,Finisher,Big,20.4,11.3,19.84126984126984,4.7,83,10,35.1,15.0
201950,Jrue Holiday,MIL,2021-22,november,Secondary Ball Handler,Secondary,Guard,24.2,28.3,36.48648648648648,10.1,75,13,31.9,14.9
203903,Jordan Clarkson,UTA,2021-22,november,Stretch Shooter,Shooter,Guard,26.1,14.8,65.92592592592594,5.2,76,15,24.9,14.9
1626149,Montrezl Harrell,CHA,2021-22,november,Role Player,Role,Forward,20.9,15.9,1.1764705882352942,,79,15,25.2,14.9
1630217,Desmond Bane,MEM,2021-22,november,Movement Shooter,Shooter,Guard,20.3,9.5,47.96747967479675,7.0,77,15,28.6,14.8
203497,Rudy Gobert,UTA,2021-22,november,Finisher,Finisher,Big,16.3,4.3,1.3333333333333337,,85,15,31.6,14.7
1630595,Cade Cunningham,DET,2021-22,november,Stretch Shooter,Shooter,Forward,25.3,26.3,51.72413793103448,11.5,78,15,32.2,14.6
1629640,Keldon Johnson,SAS,2021-22,november,3&D Wing,Wing,Forward,18.7,9.1,22.88135593220339,3.9,78,13,32.3,14.5
1626158,Richaun Holmes,SAC,2021-22,november,Rim Protector,Big,Big,17.8,6.9,2.298850574712644,,82,13,27.7,14.5
1630224,Jalen Green,HOU,2021-22,november,Stretch Shooter,Shooter,Guard,22.2,11.5,50.413223140495866,,76,12,30.3,14.5
1627747,Caris LeVert,CLE,2021-22,november,Secondary Ball Handler,Secondary,Forward,26.3,16.5,33.33333333333333,6.2,78,14,27.4,14.4
203932,Aaron Gordon,DEN,2021-22,november,Shot Creator,Scorer,Forward,18.1,10.8,28.30188679245283,16.0,80,14,32.8,14.4
203501,Tim Hardaway Jr.,DAL,2021-22,november,Movement Shooter,Shooter,Guard,19.8,12.4,49.29577464788733,2.2,77,13,34.2,14.3
201937,Ricky Rubio,IND,2021-22,november,Role Player,Role,Guard,25.1,31.4,42.74809160305343,,74,14,29.9,14.3
1626162,Kelly Oubre Jr.,CHA,2021-22,november,Shot Creator,Scorer,Forward,22.9,4.2,55.284552845528445,12.1,78,16,25.1,14.3
203114,Khris Middleton,MIL,2021-22,november,Secondary Ball Handler,Secondary,Forward,22.2,25.7,49.13793103448276,6.1,79,7,28.7,14.1
200768,Kyle Lowry,MIA,2021-22,november,Stretch Shooter,Shooter,Guard,18.6,33.7,59.81308411214954,,72,14,35.1,14.0
1628960,Grayson Allen,MIL,2021-22,november,3&D Wing,Wing,Guard,16.7,7.2,69.6969696969697,2.8,76,14,28.5,13.9
200746,LaMarcus Aldridge,BKN,2021-22,november,Rim Protector,Big,Big,22.6,7.7,13.761467889908255,,83,14,23.6,13.9
1630567,Scottie Barnes,TOR,2021-22,november,Finisher,Finisher,Forward,18.5,16.8,15.57377049180328,7.9,79,13,35.7,13.9
1629638,Nickeil Alexander-Walker,UTA,2021-22,november,Movement Shooter,Shooter,Guard,24.5,15.0,47.014925373134325,2.9,77,16,27.8,13.9
1629645,Kevin Porter Jr.,HOU,2021-22,november,Secondary Ball Handler,Secondary,Guard,24.5,28.7,41.6058394160584,9.8,76,11,33.1,13.7
201144,Mike Conley,UTA,2021-22,november,3&D Wing,Wing,Guard,18.0,30.3,57.14285714285714,,73,14,28.2,13.6
202696,Nikola Vučević,CHI,2021-22,november,Post Scorer,Big,Big,20.3,19.8,31.818181818181824,,82,9,32.4,13.6
1626224,Cedi Osman,CLE,2021-22,november,Stretch Shooter,Shooter,Forward,19.8,10.8,68.36734693877551,,79,11,25.2,13.5
1630170,Devin Vassell,SAS,2021-22,november,Movement Shooter,Shooter,Guard,18.3,7.5,48.543689320388346,2.7,77,11,26.2,13.5
203991,Clint Capela,ATL,2021-22,november,Finisher,Finisher,Big,15.8,6.5,1.0309278350515465,,82,15,31.2,13.4
2546,Carmelo Anthony,LAL,2021-22,november,Role Player,Role,Forward,17.9,4.4,56.88073394495413,,79,16,29.4,13.3
1628976,Wendell Carter Jr.,ORL,2021-22,november,3&D Wing,Wing,Big,18.1,13.9,42.57425742574257,,82,15,29.1,13.3
1630532,Franz Wagner,ORL,2021-22,november,Finisher,Finisher,Big,20.0,13.8,30.081300813008127,7.6,82,15,31.1,13.1
1626192,Pat Connaughton,MIL,2021-22,november,Role Player,Role,Guard,16.0,7.8,73.33333333333333,,77,14,28.0,13.1
201988,Patty Mills,BKN,2021-22,november,Role Player,Role,Guard,16.4,11.5,76.28865979381445,,72,14,28.6,13.0
1629628,RJ Barrett,NYK,2021-22,november,Secondary Ball Handler,Secondary,Forward,22.6,9.6,37.2093023255814,2.7,78,15,30.0,12.8
1630256,Jae'Sean Tate,HOU,2021-22,november,Role Player,Role,Guard,18.3,12.6,26.53061224489796,,76,14,28.9,12.8
203915,Spencer Dinwiddie,DAL,2021-22,november,Stretch Shooter,Shooter,Forward,19.7,26.4,53.27102803738318,,78,13,29.1,12.8
201569,Eric Gordon,HOU,2021-22,november,3&D Wing,Wing,Guard,19.2,14.6,50.0,,75,11,30.9,12.7
1628398,Kyle Kuzma,WAS,2021-22,november,Stretch Shooter,Shooter,Forward,19.8,14.7,54.20560747663552,5.1,81,15,31.3,12.6
1628366,Lonzo Ball,CHI,2021-22,november,3&D Wing,Wing,Forward,16.2,19.1,62.962962962962955,,78,16,34.6,12.6
203994,Jusuf Nurkić,POR,2021-22,november,Finisher,Finisher,Big,19.1,15.6,7.594936708860758,,83,16,24.7,12.4
203935,Marcus Smart,BOS,2021-22,november,3&D Wing,Wing,Guard,16.4,25.3,44.117647058823536,4.2,76,15,34.2,12.4
201143,Al Horford,BOS,2021-22,november,3&D Wing,Wing,Forward,18.7,19.9,45.36082474226804,,81,14,28.3,12.4
1626167,Myles Turner,IND,2021-22,november,3&D Wing,Wing,Big,16.0,4.8,52.87356321839081,,83,15,29.1,12.3
202692,Alec Burks,NYK,2021-22,november,Stretch Shooter,Shooter,Forward,18.6,12.8,56.666666666666664,,78,15,25.3,12.3
201565,Derrick Rose,NYK,2021-22,november,Role Player,Role,Guard,22.4,26.5,32.743362831858406,,74,12,24.7,12.2
1627777,Georges Niang,PHI,2021-22,november,Stretch Shooter,Shooter,Forward,19.0,10.0,58.653846153846146,,79,15,27.8,12.1
1630591,Jalen Suggs,ORL,2021-22,november,Secondary Ball Handler,Secondary,Guard,25.4,20.1,36.97478991596639,6.6,77,14,26.9,12.1
1629014,Anfernee Simons,POR,2021-22,november,Shot Creator,Scorer,Guard,21.7,14.7,51.48514851485149,18.2,75,15,24.1,12.1
1628984,Devonte' Graham,NOP,2021-22,november,Stretch Shooter,Shooter,Guard,19.2,21.6,66.05504587155964,,73,13,29.8,11.9
203484,Kentavious Caldwell-Pope,WAS,2021-22,november,3&D Wing,Wing,Guard,17.8,7.2,60.416666666666664,3.1,77,15,28.6,11.7
1629023,P.J. Washington,CHA,2021-22,november,Stretch Shooter,Shooter,Forward,18.8,8.1,60.0,4.1,79,6,21.9,11.7
203992,Bogdan Bogdanović,ATL,2021-22,november,Role Player,Role,Forward,17.4,11.8,60.3960396039604,,78,14,27.9,11.6
1626163,Frank Kaminsky,PHX,2021-22,november,Rim Protector,Big,Big,18.4,11.2,20.512820512820515,,84,8,21.4,11.6
1628401,Derrick White,BOS,2021-22,november,3&D Wing,Wing,Guard,18.4,21.2,40.869565217391305,4.7,76,13,30.6,11.6
203925,Joe Harris,BKN,2021-22,november,Role Player,Role,Forward,10.7,4.6,76.05633802816902,,78,7,30.1,11.6
1629003,Shake Milton,PHI,2021-22,november,Role Player,Role,Guard,19.6,18.3,27.0,,77,14,26.4,11.6
1628969,Mikal Bridges,PHX,2021-22,november,3&D Wing,Wing,Forward,12.0,7.0,34.090909090909086,2.3,78,16,35.4,11.5
1628420,Monte Morris,DEN,2021-22,november,Role Player,Role,Guard,18.9,22.1,34.51327433628318,,74,14,29.8,11.5
1628404,Josh Hart,POR,2021-22,november,3&D Wing,Wing,Guard,15.8,19.4,28.888888888888893,,77,16,31.8,11.4
1628989,Kevin Huerter,ATL,2021-22,november,3&D Wing,Wing,Forward,16.1,12.1,48.31460674157303,,79,14,27.7,11.4
203095,Evan Fournier,NYK,2021-22,november,Stretch Shooter,Shooter,Forward,19.5,8.7,55.88235294117647,,78,15,26.4,11.3
1630169,Tyrese Haliburton,IND,2021-22,november,Role Player,Role,Guard,16.0,22.2,40.77669902912621,,77,14,33.1,11.3
1628402,Frank Jackson,DET,2021-22,november,Stretch Shooter,Shooter,Guard,20.7,6.8,67.41573033707866,,75,15,22.0,11.3
201587,Nicolas Batum,LAC,2021-22,november,3&D Wing,Wing,Forward,11.8,6.7,79.41176470588236,,80,10,28.2,11.2
1630180,Saddiq Bey,DET,2021-22,november,3&D Wing,Wing,Forward,19.4,13.2,48.031496062992126,6.5,79,15,32.0,11.2
1630193,Immanuel Quickley,NYK,2021-22,november,Stretch Shooter,Shooter,Guard,19.7,20.7,61.44578313253011,6.1,75,15,22.6,11.1
1628370,Malik Monk,LAL,2021-22,november,3&D Wing,Wing,Guard,17.9,14.4,55.68181818181818,8.4,75,16,25.4,11.1
1629631,De'Andre Hunter,ATL,2021-22,november,3&D Wing,Wing,Forward,16.9,3.5,38.04347826086957,7.5,80,6,27.4,11.0
1629130,Duncan Robinson,MIA,2021-22,november,Movement Shooter,Shooter,Forward,17.6,7.7,86.9158878504673,,79,15,29.0,11.0
1629659,Talen Horton-Tucker,LAL,2021-22,november,Role Player,Role,Guard,19.2,13.1,33.01886792452831,,76,10,28.8,10.9
1630537,Chris Duarte,IND,2021-22,november,Role Player,Role,Guard,20.0,10.0,46.666666666666664,,77,14,25.9,10.9
1629726,Garrison Mathews,HOU,2021-22,november,Role Player,Role,Guard,14.9,3.1,85.71428571428571,,77,7,24.0,10.9
200752,Rudy Gay,UTA,2021-22,november,Stretch Shooter,Shooter,Forward,19.9,10.2,64.7887323943662,,80,7,18.9,10.9
201567,Kevin Love,CLE,2021-22,november,Stretch Shooter,Shooter,Forward,21.0,12.2,62.35294117647059,,80,6,19.8,10.8
1627736,Malik Beasley,MIN,2021-22,november,Stretch Shooter,Shooter,Guard,18.5,7.3,76.36363636363637,,76,16,26.5,10.8
201145,Jeff Green,DEN,2021-22,november,Role Player,Role,Forward,17.2,5.8,33.75,,80,14,26.8,10.7
1627751,Jakob Poeltl,SAS,2021-22,november,Finisher,Finisher,Big,16.8,5.9,0.0,,85,6,26.1,10.7
201580,JaVale McGee,PHX,2021-22,november,Rim Protector,Big,Big,23.0,7.0,0.0,,84,16,16.5,10.6
1626196,Josh Richardson,SAS,2021-22,november,Role Player,Role,Guard,15.5,8.1,39.50617283950618,,77,10,26.9,10.5
203200,Justin Holiday,SAC,2021-22,november,Role Player,Role,Forward,15.8,8.8,74.44444444444444,,78,16,27.1,10.4
1630581,Josh Giddey,OKC,2021-22,november,Secondary Ball Handler,Secondary,Forward,21.5,31.9,34.21052631578947,5.0,80,14,29.9,10.2
1627826,Ivica Zubac,LAC,2021-22,november,Post Scorer,Big,Big,14.1,5.5,0.0,,84,16,25.3,10.1
202689,Kemba Walker,NYK,2021-22,november,Role Player,Role,Guard,21.1,22.9,46.875,,72,12,22.9,10.0
203926,Doug McDermott,SAS,2021-22,november,3&D Wing,Wing,Forward,16.8,7.4,49.438202247191015,,79,8,25.5,9.9
202339,Eric Bledsoe,POR,2021-22,november,Role Player,Role,Guard,16.6,16.9,37.2093023255814,,73,16,28.9,9.9
1629611,Terance Mann,LAC,2021-22,november,3&D Wing,Wing,Guard,15.0,11.2,37.662337662337656,3.7,77,15,28.3,9.9
1626166,Cameron Payne,PHX,2021-22,november,Role Player,Role,Guard,25.1,26.3,41.86046511627907,,73,14,17.7,9.8
1629629,Cam Reddish,NYK,2021-22,november,Role Player,Role,Forward,20.0,6.9,46.98795180722891,,80,15,21.7,9.6
1628964,Mo Bamba,ORL,2021-22,november,Role Player,Role,Big,15.8,8.2,42.2680412371134,,84,14,28.9,9.6
204456,T.J. McConnell,IND,2021-22,november,Role Player,Role,Guard,16.0,29.0,12.34567901234568,5.9,73,16,25.0,9.6
1627788,Furkan Korkmaz,PHI,2021-22,november,Role Player,Role,Forward,18.0,14.0,62.24489795918367,,79,14,26.6,9.4
1627827,Dorian Finney-Smith,DAL,2021-22,november,Role Player,Role,Forward,11.4,6.2,67.6056338028169,,79,13,31.1,9.4
1630558,Davion Mitchell,SAC,2021-22,november,Shot Creator,Scorer,Guard,19.9,24.2,38.613861386138616,28.6,72,16,24.7,9.4
1628464,Daniel Theis,BOS,2021-22,november,Role Player,Role,Forward,17.0,7.1,45.83333333333333,,81,9,24.2,9.3
1629661,Cameron Johnson,PHX,2021-22,november,3&D Wing,Wing,Forward,15.7,7.7,64.0,,80,16,22.9,9.3
203109,Jae Crowder,PHX,2021-22,november,Role Player,Role,Forward,14.5,6.4,70.88607594936708,,78,16,27.3,9.3
201980,Danny Green,PHI,2021-22,november,Role Player,Role,Forward,14.7,9.7,78.125,,78,8,22.6,9.3
1629622,Max Strus,MIA,2021-22,november,Role Player,Role,Guard,15.6,5.6,75.34246575342466,,77,8,23.7,9.3
1629655,Daniel Gafford,WAS,2021-22,november,Finisher,Finisher,Forward,16.0,9.9,0.0,,81,14,21.7,9.1
1627936,Alex Caruso,CHI,2021-22,november,3&D Wing,Wing,Guard,12.8,19.3,49.25373134328358,,77,15,30.1,8.9
1629057,Robert Williams III,BOS,2021-22,november,Finisher,Finisher,Forward,11.0,5.5,0.0,,81,9,28.4,8.9
1629634,Brandon Clarke,MEM,2021-22,november,Role Player,Role,Forward,16.5,13.4,8.333333333333332,,80,13,17.1,8.8
1629675,Naz Reid,MIN,2021-22,november,3&D Wing,Wing,Forward,20.2,9.4,28.78787878787879,3.8,81,14,16.2,8.8
203082,Terrence Ross,ORL,2021-22,november,Role Player,Role,Forward,18.8,15.0,48.31460674157303,,78,14,24.5,8.8
1628379,Luke Kennard,LAC,2021-22,november,Movement Shooter,Shooter,Guard,13.7,9.8,69.23076923076924,,77,16,28.0,8.7
1629647,Darius Bazley,OKC,2021-22,november,Role Player,Role,Forward,16.9,7.3,38.297872340425535,,80,14,28.7,8.6
1629002,Chimezie Metu,SAC,2021-22,november,Role Player,Role,Forward,17.9,6.6,51.76470588235295,,81,11,23.2,8.5
1629022,Lonnie Walker IV,SAS,2021-22,november,Role Player,Role,Guard,21.6,15.0,48.421052631578945,,76,13,21.6,8.5
1626220,Royce O'Neale,UTA,2021-22,november,3&D Wing,Wing,Guard,11.3,9.5,69.23076923076923,,77,13,31.4,8.5
203490,Otto Porter Jr.,GSW,2021-22,november,Role Player,Role,Forward,15.7,8.0,75.40983606557377,,80,13,19.1,8.4
1629056,Terence Davis,SAC,2021-22,november,Stretch Shooter,Shooter,Guard,24.3,4.8,60.0,,76,8,16.6,8.4
1630578,Alperen Sengun,HOU,2021-22,november,Shot Creator,Scorer,Big,19.6,25.3,20.689655172413794,14.9,82,13,17.8,8.3
1630538,Bones Hyland,DEN,2021-22,november,Stretch Shooter,Shooter,Guard,22.9,15.4,67.12328767123287,10.9,74,12,16.7,8.3
201568,Danilo Gallinari,ATL,2021-22,november,Role Player,Role,Big,15.9,9.0,55.223880597014926,,82,15,20.9,8.2
1629001,De'Anthony Melton,MEM,2021-22,november,Stretch Shooter,Shooter,Guard,18.5,12.5,52.32558139534884,,74,12,22.4,8.2
201976,Patrick Beverley,MIN,2021-22,november,Role Player,Role,Guard,13.4,22.1,45.714285714285715,,73,12,26.7,8.2
203937,Kyle Anderson,MEM,2021-22,november,Shot Creator,Scorer,Forward,16.2,16.9,31.506849315068493,12.6,81,15,21.7,8.1
201152,Thaddeus Young,TOR,2021-22,november,Role Player,Role,Forward,19.3,26.4,1.5873015873015877,,80,13,17.1,8.1
1629642,Nassir Little,POR,2021-22,november,Role Player,Role,Guard,16.0,5.4,46.26865671641791,,77,15,21.7,8.1
1627780,Gary Payton II,GSW,2021-22,november,Finisher,Finisher,Guard,13.9,7.7,31.25,,75,14,17.5,8.0
1630171,Isaac Okoro,CLE,2021-22,november,3&D Wing,Wing,Guard,14.9,9.3,45.238095238095234,,77,10,30.7,8.0
1629013,Landry Shamet,PHX,2021-22,november,3&D Wing,Wing,Guard,16.3,14.1,75.75757575757575,,76,15,18.9,7.9
1630181,R.J. Hampton,ORL,2021-22,november,Role Player,Role,Guard,20.0,23.8,42.42424242424242,,76,15,19.5,7.9
203110,Draymond Green,GSW,2021-22,november,3&D Wing,Wing,Forward,14.2,34.9,17.857142857142858,,78,14,29.2,7.6
200782,P.J. Tucker,MIA,2021-22,november,Role Player,Role,Guard,10.2,9.0,45.28301886792453,,77,15,28.6,7.6
203920,Khem Birch,TOR,2021-22,november,Role Player,Role,Forward,13.2,8.3,6.25,,81,8,23.7,7.5
1629643,Chuma Okeke,ORL,2021-22,november,Role Player,Role,Forward,16.2,9.4,45.83333333333333,,78,15,21.7,7.5
203526,Raul Neto,WAS,2021-22,november,Role Player,Role,Guard,20.3,18.3,26.5625,,74,15,19.1,7.5
1626168,Trey Lyles,SAC,2021-22,november,Role Player,Role,Forward,21.3,4.7,49.20634920634921,,81,15,15.9,7.5
1629216,Gabe Vincent,MIA,2021-22,november,Movement Shooter,Shooter,Guard,18.5,18.9,61.29032258064515,,75,13,17.5,7.5
1630526,Jeremiah Robinson-Earl,OKC,2021-22,november,3&D Wing,Wing,Forward,14.0,6.4,51.42857142857144,,80,14,23.5,7.4
204060,Joe Ingles,POR,2021-22,november,Role Player,Role,Forward,12.2,19.6,78.68852459016394,,80,15,25.5,7.4
1628392,Isaiah Hartenstein,LAC,2021-22,november,Finisher,Finisher,Big,17.2,15.1,4.25531914893617,,84,16,15.4,7.4
1629680,Matisse Thybulle,PHI,2021-22,november,Role Player,Role,Guard,11.1,4.1,47.27272727272727,,77,8,29.0,7.4
1630173,Precious Achiuwa,TOR,2021-22,november,Finisher,Finisher,Forward,15.6,9.0,16.049382716049383,,80,12,26.7,7.3
1629004,Svi Mykhailiuk,TOR,2021-22,november,3&D Wing,Wing,Forward,15.2,7.5,53.73134328358209,,79,15,20.9,7.3
1629103,Kelan Martin,BOS,2021-22,november,Role Player,Role,Guard,20.0,9.7,40.27777777777777,,77,16,16.9,7.3
201588,George Hill,MIL,2021-22,november,Role Player,Role,Guard,11.7,12.9,52.54237288135592,,76,13,27.2,7.2
203083,Andre Drummond,BKN,2021-22,november,Finisher,Finisher,Big,16.9,13.7,0.0,,82,15,24.3,7.2
1628971,Bruce Brown,BKN,2021-22,november,Finisher,Finisher,Guard,13.5,8.6,16.923076923076923,4.1,76,12,23.5,7.2
1630231,KJ Martin,HOU,2021-22,november,Role Player,Role,Guard,16.6,8.8,30.508474576271183,,77,14,17.2,7.1
1630183,Jaden McDaniels,MIN,2021-22,november,3&D Wing,Wing,Forward,13.3,5.2,39.3939393939394,2.3,81,15,24.3,7.1
1629670,Jordan Nwora,MIL,2021-22,november,Stretch Shooter,Shooter,Forward,19.2,9.6,50.793650793650805,,80,12,17.1,7.1
1627884,Derrick Jones Jr.,CHI,2021-22,november,3&D Wing,Wing,Forward,13.6,4.8,20.454545454545453,,78,16,17.7,7.1
203496,Robert Covington,LAC,2021-22,november,Role Player,Role,Forward,12.1,8.3,72.13114754098362,,79,16,25.7,7.0
202355,Hassan Whiteside,UTA,2021-22,november,Rim Protector,Big,Big,19.0,1.9,0.0,,84,15,15.0,6.9
1629234,Drew Eubanks,POR,2021-22,november,Finisher,Finisher,Forward,18.7,14.7,4.166666666666667,,81,13,16.8,6.9
1630191,Isaiah Stewart,DET,2021-22,november,Finisher,Finisher,Forward,12.7,6.3,8.620689655172415,,80,13,25.4,6.9
1628998,Cody Martin,CHA,2021-22,november,Role Player,Role,Forward,10.9,11.4,31.03448275862069,,78,15,24.8,6.9
1629026,Kenrich Williams,OKC,2021-22,november,3&D Wing,Wing,Forward,14.4,14.9,32.142857142857146,,78,13,20.0,6.8
1630245,Ayo Dosunmu,CHI,2021-22,november,3&D Wing,Wing,Guard,15.4,6.8,39.62264150943396,2.2,76,16,17.2,6.8
1629684,Grant Williams,BOS,2021-22,november,3&D Wing,Wing,Forward,11.7,7.1,71.42857142857142,,78,15,21.0,6.7
1630529,Herbert Jones,NOP,2021-22,november,3&D Wing,Wing,Forward,11.3,8.7,15.517241379310343,,79,13,26.7,6.7
202709,Cory Joseph,DET,2021-22,november,Role Player,Role,Guard,14.3,27.5,33.333333333333336,,75,15,21.9,6.7
201961,Wayne Ellington,LAL,2021-22,november,Role Player,Role,Guard,12.0,4.8,92.72727272727272,,76,15,20.8,6.7
203914,Gary Harris,ORL,2021-22,november,3&D Wing,Wing,Guard,13.4,9.7,46.57534246575342,,76,12,25.2,6.6
1626204,Larry Nance Jr.,NOP,2021-22,november,3&D Wing,Wing,Forward,13.7,11.9,32.6530612244898,,79,16,20.1,6.6
1630267,Facundo Campazzo,DEN,2021-22,november,Role Player,Role,Guard,16.3,20.0,68.0,,70,13,17.7,6.5
203486,Mason Plumlee,CHA,2021-22,november,Role Player,Role,Big,10.9,15.7,0.0,,83,13,25.1,6.5
1630166,Deni Avdija,WAS,2021-22,november,Shot Creator,Scorer,Forward,13.1,8.1,47.27272727272727,14.0,81,15,22.5,6.5
1627761,DeAndre' Bembry,MIL,2021-22,november,Role Player,Role,Guard,11.0,8.5,21.27659574468085,,77,14,23.2,6.4
1628963,Marvin Bagley III,DET,2021-22,november,Finisher,Finisher,Big,14.0,6.5,39.21568627450981,7.3,83,7,18.5,6.4
1630165,Killian Hayes,DET,2021-22,november,Role Player,Role,Guard,12.4,24.4,50.0,,77,10,26.5,6.4
203210,JaMychal Green,DEN,2021-22,november,Role Player,Role,Forward,19.3,11.1,40.35087719298245,,80,13,15.8,6.4
1627814,Damion Lee,GSW,2021-22,november,Role Player,Role,Guard,17.8,10.7,46.666666666666664,,77,10,17.6,6.3
1626145,Tyus Jones,MEM,2021-22,november,3&D Wing,Wing,Guard,14.5,29.0,35.84905660377358,,72,15,18.1,6.3
1630184,Kira Lewis Jr.,NOP,2021-22,november,Role Player,Role,Guard,22.2,19.3,41.17647058823529,,73,13,15.3,6.2
1629020,Jarred Vanderbilt,MIN,2021-22,november,3&D Wing,Wing,Forward,11.5,6.8,8.333333333333334,,81,15,23.5,6.1
202066,Garrett Temple,NOP,2021-22,november,Role Player,Role,Guard,14.5,10.1,60.377358490566046,,77,16,19.7,6.1
1629632,Coby White,CHI,2021-22,november,Secondary Ball Handler,Secondary,Guard,20.4,10.3,48.57142857142857,7.7,76,9,17.5,6.1
203458,Alex Len,SAC,2021-22,november,Role Player,Role,Big,15.8,11.1,20.0,,84,11,16.0,6.1
1629011,Mitchell Robinson,NYK,2021-22,november,Finisher,Finisher,Big,8.2,4.9,0.0,,84,12,23.1,6.1
1628367,Josh Jackson,SAC,2021-22,november,Role Player,Role,Forward,17.8,13.0,45.45454545454545,,80,13,17.0,6.0
201933,Blake Griffin,BKN,2021-22,november,Role Player,Role,Forward,14.0,15.5,53.84615384615385,,81,11,22.6,5.8
1629731,Dean Wade,CLE,2021-22,november,3&D Wing,Wing,Forward,9.5,8.4,62.264150943396224,,81,12,27.5,5.8
201949,James Johnson,BKN,2021-22,november,Role Player,Role,Forward,14.1,13.4,18.867924528301888,,79,8,19.7,5.8
1628408,PJ Dozier,DEN,2021-22,november,Role Player,Role,Forward,15.6,14.7,47.54098360655738,,78,12,19.6,5.8
1628470,Torrey Craig,PHX,2021-22,november,Role Player,Role,Forward,13.3,6.5,40.90909090909091,,79,16,17.1,5.8
1628997,Caleb Martin,MIA,2021-22,november,3&D Wing,Wing,Guard,14.6,4.4,38.18181818181819,,77,15,18.4,5.7
202324,Derrick Favors,OKC,2021-22,november,Role Player,Role,Forward,15.0,4.2,13.725490196078432,,81,11,16.5,5.7
1629750,Javonte Green,CHI,2021-22,november,3&D Wing,Wing,Guard,12.3,4.4,27.083333333333336,,77,16,21.5,5.5
1630533,Ziaire Williams,MEM,2021-22,november,3&D Wing,Wing,Forward,13.6,4.8,62.06896551724138,,81,12,19.1,5.3
1628373,Frank Ntilikina,DAL,2021-22,november,Role Player,Role,Guard,18.3,15.0,50.0,,76,10,15.2,5.3
1630559,Austin Reaves,LAL,2021-22,november,Shot Creator,Scorer,Guard,11.4,7.1,58.139534883720934,13.5,77,6,19.8,5.2
203493,Reggie Bullock Jr.,DAL,2021-22,november,Role Player,Role,Forward,11.9,3.7,68.96551724137932,,78,12,24.1,5.2
1626172,Kevon Looney,GSW,2021-22,november,Finisher,Finisher,Forward,12.9,8.8,0.0,,81,15,19.3,5.1
202340,Avery Bradley,LAL,2021-22,november,Role Player,Role,Guard,10.6,6.4,60.0,,75,15,24.4,5.1
1629667,Jalen McDaniels,CHA,2021-22,november,Role Player,Role,Forward,13.7,7.1,53.846153846153854,,81,15,15.2,5.1
1628988,Aaron Holiday,PHX,2021-22,november,3&D Wing,Wing,Guard,17.0,18.0,28.30188679245283,,72,15,17.1,4.9
203500,Steven Adams,MEM,2021-22,november,Finisher,Finisher,Big,11.3,13.4,0.0,,83,15,24.1,4.9
203939,Dwight Powell,DAL,2021-22,november,Finisher,Finisher,Big,9.9,9.0,25.0,,82,13,18.1,4.8
203085,Austin Rivers,DEN,2021-22,november,Role Player,Role,Guard,12.3,5.6,65.99999999999999,,76,12,20.2,4.8
1629308,Juan Toscano-Anderson,GSW,2021-22,november,Role Player,Role,Forward,14.0,18.3,33.33333333333333,,78,14,16.7,4.7
1630197,Aleksej Pokusevski,OKC,2021-22,november,Role Player,Role,Big,19.0,15.4,40.0,,84,14,15.2,4.5
1629641,Romeo Langford,SAS,2021-22,november,Role Player,Role,Guard,11.3,3.8,43.18181818181818,,77,14,19.1,4.5
203090,Maurice Harkless,SAC,2021-22,november,Role Player,Role,Forward,10.6,3.6,60.97560975609757,,79,11,19.7,4.4
203457,Nerlens Noel,NYK,2021-22,november,Rim Protector,Big,Big,8.3,3.8,6.666666666666667,,83,9,24.1,4.1
1627752,Taurean Prince,MIN,2021-22,november,3&D Wing,Wing,Forward,12.5,9.7,65.85365853658539,,78,14,15.7,4.1
1628400,Semi Ojeleye,LAC,2021-22,november,Role Player,Role,Forward,9.4,3.0,48.78048780487806,,78,9,21.4,3.7
2738,Andre Iguodala,GSW,2021-22,november,Role Player,Role,Forward,8.7,28.7,48.48484848484849,,78,7,20.2,3.4
203918,Rodney Hood,LAC,2021-22,november,Role Player,Role,Forward,9.2,7.5,69.69696969696969,,80,10,16.1,3.4
1630598,Aaron Wiggins,OKC,2021-22,november,3&D Wing,Wing,Guard,9.9,12.0,86.95652173913044,6.3,76,8,15.0,3.3
1629006,Josh Okogie,MIN,2021-22,november,3&D Wing,Wing,Guard,10.1,9.4,41.37931034482759,,76,9,15.1,2.9
203107,Tomas Satoransky,WAS,2021-22,november,Role Player,Role,Forward,11.1,23.9,21.21212121212121,,79,15,16.5,2.9
203145,Kent Bazemore,LAL,2021-22,november,Role Player,Role,Guard,11.5,5.5,44.73684210526316,,76,10,15.0,2.5
201959,Taj Gibson,NYK,2021-22,november,Role Player,Role,Forward,6.4,5.1,0.0,,81,6,21.8,2.0
201142,Kevin Durant,BKN,2021-22,december,Primary Initiator,Primary,Big,33.6,25.8,22.448979591836736,20.8,82,8,40.2,33.1
2544,LeBron James,LAL,2021-22,december,Primary Initiator,Primary,Forward,30.5,31.4,35.7487922705314,12.8,81,14,36.8,30.7
1629027,Trae Young,ATL,2021-22,december,Primary Initiator,Primary,Guard,36.4,46.2,34.59915611814346,12.0,73,11,36.0,30.5
1628378,Donovan Mitchell,UTA,2021-22,december,Primary Initiator,Primary,Guard,32.3,24.1,47.88732394366197,11.4,73,12,34.2,30.2
203081,Damian Lillard,POR,2021-22,december,Primary Initiator,Primary,Guard,32.4,29.5,55.392156862745104,,74,9,38.0,29.6
201942,DeMar DeRozan,CHI,2021-22,december,Primary Initiator,Primary,Forward,31.3,25.3,4.784688995215311,19.9,78,8,35.9,29.3
203954,Joel Embiid,PHI,2021-22,december,Shot Creator,Scorer,Big,34.6,22.4,18.617021276595743,12.3,84,13,34.5,29.2
203507,Giannis Antetokounmpo,MIL,2021-22,december,Playmaking Big,Big,Big,34.3,31.1,15.873015873015875,10.9,83,9,32.3,28.9
1628369,Jayson Tatum,BOS,2021-22,december,Primary Initiator,Primary,Forward,31.2,18.0,41.34615384615385,,80,12,36.8,27.9
203897,Zach LaVine,CHI,2021-22,december,Primary Initiator,Primary,Guard,28.9,28.6,37.69633507853403,9.3,77,9,35.8,27.8
201939,Stephen Curry,GSW,2021-22,december,Primary Initiator,Primary,Guard,32.1,21.5,67.13615023474179,10.1,74,12,35.5,27.6
1626157,Karl-Anthony Towns,MIN,2021-22,december,Playmaking Big,Big,Big,29.5,21.3,27.07182320441989,10.0,83,9,34.8,26.8
1629630,Ja Morant,MEM,2021-22,december,Primary Initiator,Primary,Guard,31.0,30.3,19.791666666666664,14.1,75,6,31.8,26.5
201935,James Harden,PHI,2021-22,december,Primary Initiator,Primary,Guard,29.8,40.6,37.2972972972973,42.5,77,8,39.5,26.3
1628983,Shai Gilgeous-Alexander,OKC,2021-22,december,Primary Initiator,Primary,Forward,31.2,29.2,27.22772277227723,26.3,78,13,35.8,26.2
1629029,Luka Dončić,DAL,2021-22,december,Primary Initiator,Primary,Forward,37.5,48.9,39.6039603960396,16.0,79,5,34.3,26.0
203999,Nikola Jokić,DEN,2021-22,december,Playmaking Big,Big,Big,33.3,40.9,23.958333333333332,5.3,83,13,33.0,25.2
1627742,Brandon Ingram,NOP,2021-22,december,Shot Creator,Scorer,Forward,28.3,26.9,26.737967914438503,13.8,80,11,35.0,25.2
1626164,Devin Booker,PHX,2021-22,december,Shot Creator,Scorer,Guard,29.5,21.7,37.74509803921569,14.0,77,7,34.8,24.7
203078,Bradley Beal,WAS,2021-22,december,Primary Initiator,Primary,Guard,29.7,28.8,20.0,,76,11,35.6,24.4
1627759,Jaylen Brown,BOS,2021-22,december,Shot Creator,Scorer,Forward,31.8,15.0,42.857142857142854,20.6,78,10,35.2,24.0
1630162,Anthony Edwards,MIN,2021-22,december,Shot Creator,Scorer,Guard,27.2,16.8,49.14285714285714,23.4,76,8,34.5,22.9
1627783,Pascal Siakam,TOR,2021-22,december,Shot Creator,Scorer,Forward,26.8,19.6,15.591397849462362,13.3,80,8,38.1,22.6
1627832,Fred VanVleet,TOR,2021-22,december,Stretch Shooter,Shooter,Guard,24.8,30.9,59.65909090909091,,73,8,36.9,22.0
204001,Kristaps Porziņģis,WAS,2021-22,december,Post Scorer,Big,Big,29.4,14.8,32.92682926829269,,87,12,30.3,21.7
1627747,Caris LeVert,CLE,2021-22,december,Secondary Ball Handler,Secondary,Forward,26.6,24.6,31.07344632768362,6.2,78,13,34.7,21.6
201950,Jrue Holiday,MIL,2021-22,december,Secondary Ball Handler,Secondary,Guard,23.2,32.6,26.282051282051285,10.1,75,15,35.3,21.3
1630163,LaMelo Ball,CHA,2021-22,december,Shot Creator,Scorer,Forward,26.9,37.1,45.751633986928105,12.2,79,7,30.1,20.9
1629636,Darius Garland,CLE,2021-22,december,Secondary Ball Handler,Secondary,Guard,24.5,34.4,41.830065359477125,6.7,73,12,33.8,20.8
1630175,Cole Anthony,ORL,2021-22,december,Secondary Ball Handler,Secondary,Guard,27.2,27.4,42.19653179190751,6.9,75,8,34.5,20.6
1628368,De'Aaron Fox,SAC,2021-22,december,Secondary Ball Handler,Secondary,Guard,26.8,21.5,18.125,10.1,75,11,32.6,20.5
203114,Khris Middleton,MIL,2021-22,december,Secondary Ball Handler,Secondary,Forward,26.4,24.1,41.935483870967744,6.1,79,13,32.3,20.3
1628415,Dillon Brooks,MEM,2021-22,december,Secondary Ball Handler,Secondary,Forward,27.1,16.1,28.73563218390805,9.3,79,11,31.8,20.0
1626181,Norman Powell,LAC,2021-22,december,3&D Wing,Wing,Guard,24.5,13.8,41.61490683229813,10.9,75,13,37.2,19.9
1628381,John Collins,ATL,2021-22,december,3&D Wing,Wing,Forward,21.4,8.6,31.343283582089555,,81,11,33.5,19.6
1628970,Miles Bridges,CHA,2021-22,december,3&D Wing,Wing,Forward,22.3,18.7,35.374149659863946,9.0,79,11,36.1,19.6
1627734,Domantas Sabonis,SAC,2021-22,december,Playmaking Big,Big,Big,20.8,21.6,15.254237288135592,,83,12,35.2,19.5
1630532,Franz Wagner,ORL,2021-22,december,Secondary Ball Handler,Secondary,Big,23.9,15.0,22.81879194630872,7.6,82,14,34.0,19.5
202331,Paul George,LAC,2021-22,december,Primary Initiator,Primary,Forward,29.6,31.8,35.1063829787234,18.4,80,5,35.7,19.4
202689,Kemba Walker,NYK,2021-22,december,Stretch Shooter,Shooter,Guard,23.1,25.2,54.37499999999999,,72,6,35.6,19.3
1626162,Kelly Oubre Jr.,CHA,2021-22,december,Shot Creator,Scorer,Forward,23.6,9.0,59.45945945945946,12.1,78,13,32.2,19.2
203952,Andrew Wiggins,GSW,2021-22,december,3&D Wing,Wing,Forward,22.6,11.3,41.21621621621621,10.9,79,9,32.9,19.2
203944,Julius Randle,NYK,2021-22,december,Shot Creator,Scorer,Forward,27.2,24.2,33.93939393939394,15.8,80,14,35.4,19.1
203076,Anthony Davis,LAL,2021-22,december,Post Scorer,Big,Big,24.9,9.3,14.084507042253522,11.5,82,5,33.9,19.0
1630217,Desmond Bane,MEM,2021-22,december,Secondary Ball Handler,Secondary,Guard,23.4,13.9,44.93670886075949,7.0,77,16,30.6,18.9
1629028,Deandre Ayton,PHX,2021-22,december,Finisher,Finisher,Big,23.6,10.9,1.5748031496062995,,83,9,31.2,18.7
202711,Bojan Bogdanovic,UTA,2021-22,december,Role Player,Role,Forward,23.3,6.1,50.0,,79,14,29.0,18.6
1629639,Tyler Herro,MIA,2021-22,december,Shot Creator,Scorer,Guard,29.8,24.2,34.35582822085889,13.3,77,12,30.5,18.4
1628973,Jalen Brunson,DAL,2021-22,december,Shot Creator,Scorer,Guard,23.4,31.0,23.076923076923077,14.4,73,16,33.1,18.3
1628386,Jarrett Allen,CLE,2021-22,december,Finisher,Finisher,Big,18.6,8.7,1.98019801980198,,82,11,32.0,18.2
1626174,Christian Wood,HOU,2021-22,december,Role Player,Role,Forward,25.2,11.6,37.404580152671755,,81,14,29.7,18.0
202694,Marcus Morris Sr.,LAC,2021-22,december,Role Player,Role,Forward,23.4,12.8,39.16083916083915,,80,11,31.4,18.0
1630180,Saddiq Bey,DET,2021-22,december,Stretch Shooter,Shooter,Forward,21.0,10.7,54.34782608695651,6.5,79,12,35.2,18.0
201567,Kevin Love,CLE,2021-22,december,Stretch Shooter,Shooter,Forward,26.1,15.9,71.96261682242991,,80,15,21.9,17.9
1630595,Cade Cunningham,DET,2021-22,december,Secondary Ball Handler,Secondary,Forward,26.5,31.3,35.80246913580247,11.5,78,9,34.0,17.9
201566,Russell Westbrook,LAL,2021-22,december,Shot Creator,Scorer,Guard,25.2,33.9,16.3265306122449,13.4,75,14,35.4,17.6
1629628,RJ Barrett,NYK,2021-22,december,Secondary Ball Handler,Secondary,Forward,26.5,15.8,43.24324324324324,2.7,78,8,30.0,17.6
202696,Nikola Vučević,CHI,2021-22,december,Post Scorer,Big,Big,24.5,12.4,35.294117647058826,,82,11,33.3,17.5
201988,Patty Mills,BKN,2021-22,december,Stretch Shooter,Shooter,Guard,19.6,10.5,67.58620689655173,,72,12,35.4,17.5
1628991,Jaren Jackson Jr.,MEM,2021-22,december,3&D Wing,Wing,Big,26.4,7.2,38.02816901408451,11.1,83,15,28.2,17.5
1628401,Derrick White,BOS,2021-22,december,Secondary Ball Handler,Secondary,Guard,22.1,27.4,46.34146341463414,4.7,76,15,29.4,17.2
1626156,D'Angelo Russell,MIN,2021-22,december,Stretch Shooter,Shooter,Guard,25.0,34.7,54.21686746987952,8.7,76,8,35.0,17.1
202330,Gordon Hayward,CHA,2021-22,december,Role Player,Role,Forward,21.3,19.0,35.338345864661655,,79,12,32.8,17.1
202699,Tobias Harris,PHI,2021-22,december,3&D Wing,Wing,Forward,23.2,16.8,25.547445255474457,4.2,79,13,35.1,16.8
202685,Jonas Valančiūnas,NOP,2021-22,december,Post Scorer,Big,Big,23.6,11.9,14.166666666666666,,83,10,31.5,16.6
1627736,Malik Beasley,MIN,2021-22,december,Stretch Shooter,Shooter,Guard,21.8,11.5,70.66666666666667,,76,14,30.9,16.6
1628404,Josh Hart,POR,2021-22,december,3&D Wing,Wing,Guard,17.1,21.6,33.6734693877551,,77,8,37.6,16.5
203501,Tim Hardaway Jr.,DAL,2021-22,december,Movement Shooter,Shooter,Guard,24.7,12.8,60.28368794326241,2.2,77,10,29.2,16.5
1630169,Tyrese Haliburton,IND,2021-22,december,Role Player,Role,Guard,19.1,37.4,46.34146341463414,,77,15,35.2,16.5
202704,Reggie Jackson,LAC,2021-22,december,Primary Initiator,Primary,Guard,28.8,25.9,38.8235294117647,,74,11,30.6,16.5
1626179,Terry Rozier,CHA,2021-22,december,Stretch Shooter,Shooter,Guard,21.8,17.2,50.69444444444444,,73,9,30.7,16.4
1630567,Scottie Barnes,TOR,2021-22,december,Finisher,Finisher,Forward,16.7,14.8,29.03225806451613,7.9,79,7,37.8,16.3
201569,Eric Gordon,HOU,2021-22,december,Stretch Shooter,Shooter,Guard,20.4,23.7,50.46728971962617,,75,14,29.5,16.1
203497,Rudy Gobert,UTA,2021-22,december,Finisher,Finisher,Big,16.6,5.3,0.0,,85,14,32.5,16.1
1626171,Bobby Portis,MIL,2021-22,december,3&D Wing,Wing,Big,22.4,8.0,36.8,3.2,82,12,28.5,15.9
1629673,Jordan Poole,GSW,2021-22,december,Stretch Shooter,Shooter,Guard,22.2,18.8,54.99999999999999,7.9,76,7,31.6,15.9
203552,Seth Curry,BKN,2021-22,december,Role Player,Role,Guard,18.7,23.4,41.80327868852459,,74,13,35.8,15.8
1627749,Dejounte Murray,SAS,2021-22,december,Role Player,Role,Guard,23.0,40.1,29.411764705882355,,76,12,33.5,15.8
200768,Kyle Lowry,MIA,2021-22,december,Stretch Shooter,Shooter,Guard,21.6,37.6,58.536585365853654,,72,13,35.5,15.8
1629056,Terence Davis,SAC,2021-22,december,Stretch Shooter,Shooter,Guard,25.8,10.1,50.42016806722689,,76,8,22.7,15.8
1629652,Luguentz Dort,OKC,2021-22,december,Stretch Shooter,Shooter,Guard,22.7,7.4,56.164383561643824,,75,14,32.7,15.6
203914,Gary Harris,ORL,2021-22,december,3&D Wing,Wing,Guard,17.1,10.3,47.222222222222214,,76,13,33.2,15.5
1628366,Lonzo Ball,CHI,2021-22,december,Stretch Shooter,Shooter,Forward,19.0,22.2,68.42105263157893,,78,7,38.0,15.4
203082,Terrence Ross,ORL,2021-22,december,Role Player,Role,Forward,22.3,16.9,46.36363636363636,,78,7,27.4,15.4
1626167,Myles Turner,IND,2021-22,december,3&D Wing,Wing,Big,18.0,4.9,42.59259259259259,,83,13,31.2,15.4
1627763,Malcolm Brogdon,IND,2021-22,december,Role Player,Role,Guard,21.8,30.6,37.096774193548384,,77,8,31.9,15.3
1629640,Keldon Johnson,SAS,2021-22,december,3&D Wing,Wing,Forward,20.0,5.3,37.06896551724138,3.9,78,14,29.6,15.2
1629632,Coby White,CHI,2021-22,december,Stretch Shooter,Shooter,Guard,20.5,15.7,59.29203539823009,7.7,76,6,30.5,15.2
1629018,Gary Trent Jr.,TOR,2021-22,december,Stretch Shooter,Shooter,Guard,19.6,12.6,53.42465753424658,,77,9,35.2,15.1
1629661,Cameron Johnson,PHX,2021-22,december,3&D Wing,Wing,Forward,17.4,7.0,65.71428571428571,,80,14,28.4,15.1
200746,LaMarcus Aldridge,BKN,2021-22,december,Role Player,Role,Big,20.2,5.0,13.392857142857142,,83,6,27.5,15.0
1628379,Luke Kennard,LAC,2021-22,december,Movement Shooter,Shooter,Guard,17.2,10.6,64.54545454545453,,77,14,30.8,14.9
201144,Mike Conley,UTA,2021-22,december,Secondary Ball Handler,Secondary,Guard,20.6,26.2,49.57983193277311,,73,12,28.3,14.8
203994,Jusuf Nurkić,POR,2021-22,december,Finisher,Finisher,Big,24.9,16.4,7.6190476190476195,,83,10,27.4,14.8
1629629,Cam Reddish,NYK,2021-22,december,Role Player,Role,Forward,23.0,9.2,47.05882352941176,,80,10,27.2,14.7
203471,Dennis Schröder,HOU,2021-22,december,Shot Creator,Scorer,Guard,23.1,20.0,32.30769230769231,14.8,73,9,30.2,14.7
1628420,Monte Morris,DEN,2021-22,december,Role Player,Role,Guard,18.0,19.0,44.642857142857146,,74,12,30.8,14.7
1630596,Evan Mobley,CLE,2021-22,december,Finisher,Finisher,Big,18.9,11.6,10.743801652892564,4.7,83,11,33.0,14.5
203903,Jordan Clarkson,UTA,2021-22,december,Stretch Shooter,Shooter,Guard,25.0,15.9,52.89855072463767,5.2,76,14,26.3,14.4
1630178,Tyrese Maxey,PHI,2021-22,december,Shot Creator,Scorer,Guard,20.3,17.5,28.2258064516129,14.5,74,11,32.3,14.4
1629622,Max Strus,MIA,2021-22,december,Stretch Shooter,Shooter,Guard,20.1,9.0,70.58823529411765,,77,13,25.4,14.3
203932,Aaron Gordon,DEN,2021-22,december,Shot Creator,Scorer,Forward,17.9,9.1,33.009708737864074,16.0,80,10,33.4,14.3
101108,Chris Paul,PHX,2021-22,december,Secondary Ball Handler,Secondary,Guard,20.6,40.6,23.72881355932203,,72,14,32.3,14.2
1630256,Jae'Sean Tate,HOU,2021-22,december,Role Player,Role,Guard,22.0,24.6,26.41509433962264,,76,14,27.5,14.2
1628977,Hamidou Diallo,DET,2021-22,december,Role Player,Role,Guard,20.2,11.5,18.095238095238095,,77,11,28.1,14.1
203084,Harrison Barnes,SAC,2021-22,december,3&D Wing,Wing,Forward,18.2,10.1,47.706422018348626,8.0,80,13,32.0,14.1
1628984,Devonte' Graham,NOP,2021-22,december,Stretch Shooter,Shooter,Guard,18.8,21.1,74.38016528925621,,73,12,32.1,14.0
203115,Will Barton,DEN,2021-22,december,Role Player,Role,Guard,22.0,17.2,48.55072463768116,,77,11,31.6,14.0
1628449,Chris Boucher,TOR,2021-22,december,Role Player,Role,Forward,21.0,3.0,39.361702127659576,,81,10,24.5,13.7
1628370,Malik Monk,LAL,2021-22,december,3&D Wing,Wing,Guard,17.6,10.1,54.08163265306122,8.4,75,9,27.1,13.6
1629638,Nickeil Alexander-Walker,UTA,2021-22,december,Movement Shooter,Shooter,Guard,25.3,18.5,46.3768115942029,2.9,77,9,26.2,13.6
1628398,Kyle Kuzma,WAS,2021-22,december,3&D Wing,Wing,Forward,20.4,14.5,41.46341463414633,5.1,81,12,31.3,13.4
201568,Danilo Gallinari,ATL,2021-22,december,Rim Protector,Big,Big,19.0,11.3,48.93617021276595,,82,8,25.5,13.4
1628989,Kevin Huerter,ATL,2021-22,december,3&D Wing,Wing,Forward,16.2,13.4,56.481481481481474,,79,8,33.1,13.4
1630537,Chris Duarte,IND,2021-22,december,Role Player,Role,Guard,20.5,12.0,45.79439252336449,,77,12,28.4,13.3
202692,Alec Burks,NYK,2021-22,december,Role Player,Role,Forward,17.8,12.7,48.51485148514852,,78,14,32.3,13.3
1628997,Caleb Martin,MIA,2021-22,december,3&D Wing,Wing,Guard,16.4,9.9,44.18604651162791,,77,8,29.3,13.3
1626196,Josh Richardson,SAS,2021-22,december,Role Player,Role,Guard,18.1,9.8,48.93617021276595,,77,9,27.2,13.1
1627741,Buddy Hield,IND,2021-22,december,Movement Shooter,Shooter,Guard,20.2,8.7,67.52136752136752,,76,15,28.7,13.1
1629022,Lonnie Walker IV,SAS,2021-22,december,Role Player,Role,Guard,22.6,13.7,48.113207547169814,,76,14,22.3,12.9
203095,Evan Fournier,NYK,2021-22,december,Stretch Shooter,Shooter,Forward,20.2,11.1,59.50413223140496,,78,14,29.8,12.7
1629130,Duncan Robinson,MIA,2021-22,december,Movement Shooter,Shooter,Forward,18.2,9.4,75.72815533980581,,79,14,27.8,12.6
1628976,Wendell Carter Jr.,ORL,2021-22,december,3&D Wing,Wing,Big,19.1,15.1,35.35353535353536,,82,12,30.0,12.5
203926,Doug McDermott,SAS,2021-22,december,Stretch Shooter,Shooter,Forward,18.8,8.2,55.55555555555556,,79,14,23.8,12.3
1628402,Frank Jackson,DET,2021-22,december,Stretch Shooter,Shooter,Guard,20.8,9.1,56.07476635514019,,75,12,24.7,12.3
1629216,Gabe Vincent,MIA,2021-22,december,Movement Shooter,Shooter,Guard,18.9,21.4,61.0,,75,14,30.4,12.1
1630193,Immanuel Quickley,NYK,2021-22,december,Stretch Shooter,Shooter,Guard,21.9,15.8,60.55045871559632,6.1,75,11,26.3,12.0
1627827,Dorian Finney-Smith,DAL,2021-22,december,Role Player,Role,Forward,13.9,12.6,58.24175824175825,,79,15,34.7,11.9
1629726,Garrison Mathews,HOU,2021-22,december,Role Player,Role,Guard,14.2,4.1,82.55813953488372,,77,13,31.5,11.9
1628374,Lauri Markkanen,CLE,2021-22,december,Movement Shooter,Shooter,Big,19.5,7.3,47.32142857142858,4.0,83,15,28.6,11.9
1626166,Cameron Payne,PHX,2021-22,december,Role Player,Role,Guard,25.6,28.4,29.66101694915254,,73,14,23.7,11.9
1627751,Jakob Poeltl,SAS,2021-22,december,Finisher,Finisher,Big,18.4,15.5,0.0,,85,15,27.5,11.8
1630581,Josh Giddey,OKC,2021-22,december,Secondary Ball Handler,Secondary,Forward,22.4,33.7,31.25,5.0,80,10,31.3,11.8
2546,Carmelo Anthony,LAL,2021-22,december,Stretch Shooter,Shooter,Forward,19.6,6.6,59.00000000000001,,79,14,25.1,11.8
1628998,Cody Martin,CHA,2021-22,december,Role Player,Role,Forward,14.3,15.2,36.04651162790698,,78,9,33.7,11.8
1629611,Terance Mann,LAC,2021-22,december,3&D Wing,Wing,Guard,15.0,11.7,31.034482758620697,3.7,77,15,30.9,11.7
203935,Marcus Smart,BOS,2021-22,december,3&D Wing,Wing,Guard,17.1,20.7,38.83495145631068,4.2,76,13,33.8,11.6
1626149,Montrezl Harrell,CHA,2021-22,december,Role Player,Role,Forward,19.2,14.1,4.411764705882353,,79,12,22.6,11.6
1629023,P.J. Washington,CHA,2021-22,december,3&D Wing,Wing,Forward,16.8,14.8,62.10526315789474,4.1,79,10,28.2,11.5
201565,Derrick Rose,NYK,2021-22,december,Role Player,Role,Guard,20.5,30.8,29.7029702970297,,74,8,26.4,11.4
201937,Ricky Rubio,IND,2021-22,december,Role Player,Role,Guard,21.1,36.9,39.62264150943396,,74,13,27.3,11.3
1627854,Bryn Forbes,DEN,2021-22,december,Role Player,Role,Guard,24.3,9.1,48.192771084337345,,74,13,16.5,11.2
1626224,Cedi Osman,CLE,2021-22,december,Stretch Shooter,Shooter,Forward,21.3,14.5,60.63829787234043,,79,9,22.8,11.2
1630558,Davion Mitchell,SAC,2021-22,december,Shot Creator,Scorer,Guard,17.7,20.1,35.41666666666667,28.6,72,9,25.5,11.2
1628969,Mikal Bridges,PHX,2021-22,december,3&D Wing,Wing,Forward,13.2,6.4,38.88888888888889,2.3,78,14,33.1,11.2
1629001,De'Anthony Melton,MEM,2021-22,december,Stretch Shooter,Shooter,Guard,21.1,20.1,51.68539325842696,,74,12,23.0,11.2
1630171,Isaac Okoro,CLE,2021-22,december,3&D Wing,Wing,Guard,15.4,9.3,39.726027397260275,,77,12,28.3,11.2
201580,JaVale McGee,PHX,2021-22,december,Rim Protector,Big,Big,23.3,7.5,4.3478260869565215,,84,13,16.9,11.2
203484,Kentavious Caldwell-Pope,WAS,2021-22,december,3&D Wing,Wing,Guard,18.8,10.5,49.523809523809526,3.1,77,11,28.7,11.1
1629667,Jalen McDaniels,CHA,2021-22,december,Role Player,Role,Forward,16.1,6.3,35.80246913580247,,81,8,26.3,11.0
203085,Austin Rivers,DEN,2021-22,december,Role Player,Role,Guard,15.9,13.4,63.41463414634148,,76,5,25.3,10.8
201143,Al Horford,BOS,2021-22,december,3&D Wing,Wing,Forward,14.9,21.9,53.191489361702125,,81,9,32.3,10.8
203991,Clint Capela,ATL,2021-22,december,Finisher,Finisher,Big,15.2,9.5,0.0,,82,12,30.4,10.8
1630529,Herbert Jones,NOP,2021-22,december,3&D Wing,Wing,Forward,14.6,9.3,23.809523809523807,,79,12,30.9,10.8
202339,Eric Bledsoe,POR,2021-22,december,Role Player,Role,Guard,21.3,32.2,30.434782608695656,,73,15,24.3,10.7
203200,Justin Holiday,SAC,2021-22,december,Role Player,Role,Forward,16.2,6.3,70.2127659574468,,78,7,28.9,10.7
1630183,Jaden McDaniels,MIN,2021-22,december,3&D Wing,Wing,Forward,16.2,7.2,47.474747474747474,2.3,81,12,29.5,10.7
1628963,Marvin Bagley III,DET,2021-22,december,Finisher,Finisher,Big,18.2,4.3,31.521739130434785,7.3,83,9,22.8,10.7
1629057,Robert Williams III,BOS,2021-22,december,Finisher,Finisher,Forward,13.5,13.3,0.0,,81,14,26.7,10.6
203915,Spencer Dinwiddie,DAL,2021-22,december,Role Player,Role,Forward,19.8,29.7,43.26923076923077,,78,11,30.8,10.5
1629669,Jaylen Nowell,MIN,2021-22,december,Role Player,Role,Guard,23.5,21.3,38.20224719101123,,76,11,18.3,10.5
1629634,Brandon Clarke,MEM,2021-22,december,Role Player,Role,Forward,19.3,12.8,15.151515151515152,,80,5,16.2,10.4
1629014,Anfernee Simons,POR,2021-22,december,Shot Creator,Scorer,Guard,21.6,12.8,46.29629629629629,18.2,75,9,25.6,10.3
1626192,Pat Connaughton,MIL,2021-22,december,Role Player,Role,Guard,13.0,5.8,70.88607594936708,,77,16,27.8,10.3
203109,Jae Crowder,PHX,2021-22,december,Role Player,Role,Forward,15.0,6.0,64.55696202531644,,78,11,28.6,10.0
200782,P.J. Tucker,MIA,2021-22,december,Role Player,Role,Guard,14.6,16.9,44.15584415584416,,77,10,28.8,10.0
1630202,Payton Pritchard,BOS,2021-22,december,Shot Creator,Scorer,Guard,18.8,23.5,63.095238095238095,12.8,73,12,20.8,10.0
1629655,Daniel Gafford,WAS,2021-22,december,Finisher,Finisher,Forward,14.5,6.8,0.0,,81,14,24.5,9.9
1626145,Tyus Jones,MEM,2021-22,december,3&D Wing,Wing,Guard,15.5,25.3,35.63218390804598,,72,15,27.3,9.8
1629002,Chimezie Metu,SAC,2021-22,december,Role Player,Role,Forward,19.3,5.6,38.46153846153847,,81,13,23.8,9.8
1629717,Armoni Brooks,TOR,2021-22,december,Role Player,Role,Guard,16.5,12.6,84.26966292134831,,75,15,25.7,9.7
201145,Jeff Green,DEN,2021-22,december,Role Player,Role,Forward,13.7,7.0,30.76923076923077,,80,13,27.3,9.7
1630598,Aaron Wiggins,OKC,2021-22,december,3&D Wing,Wing,Guard,14.4,5.2,38.70967741935484,6.3,76,9,22.6,9.7
1629659,Talen Horton-Tucker,LAL,2021-22,december,Role Player,Role,Guard,17.9,13.8,31.25,,76,11,27.8,9.6
201976,Patrick Beverley,MIN,2021-22,december,Role Player,Role,Guard,15.9,26.3,50.0,,73,8,29.4,9.6
1626168,Trey Lyles,SAC,2021-22,december,Role Player,Role,Forward,20.7,11.8,36.36363636363637,,81,10,19.6,9.6
1630578,Alperen Sengun,HOU,2021-22,december,Shot Creator,Scorer,Big,22.6,23.8,16.176470588235293,14.9,82,16,18.6,9.6
203463,Ben McLemore,POR,2021-22,december,Stretch Shooter,Shooter,Guard,19.2,7.6,77.33333333333333,,75,11,17.9,9.5
1630219,Skylar Mays,ATL,2021-22,december,Role Player,Role,Guard,15.6,10.9,40.0,,76,6,22.6,9.5
1627826,Ivica Zubac,LAC,2021-22,december,Post Scorer,Big,Big,14.6,4.9,0.0,,84,14,25.9,9.4
1628372,Dennis Smith Jr.,POR,2021-22,december,Role Player,Role,Guard,19.0,29.6,21.686746987951803,,74,6,27.3,9.3
1627780,Gary Payton II,GSW,2021-22,december,Finisher,Finisher,Guard,16.7,6.4,40.32258064516129,,75,13,18.6,9.3
1629003,Shake Milton,PHI,2021-22,december,Role Player,Role,Guard,20.2,15.2,33.72093023255814,,77,10,24.2,9.3
1630231,KJ Martin,HOU,2021-22,december,Role Player,Role,Guard,16.6,13.1,28.985507246376812,,77,14,21.4,9.3
202340,Avery Bradley,LAL,2021-22,december,Role Player,Role,Guard,13.0,1.8,51.898734177215175,,75,8,27.5,9.3
1629675,Naz Reid,MIN,2021-22,december,3&D Wing,Wing,Forward,23.5,6.0,37.17948717948718,3.8,81,13,17.5,9.2
1630538,Bones Hyland,DEN,2021-22,december,Stretch Shooter,Shooter,Guard,24.7,13.7,56.04395604395605,10.9,74,9,18.4,9.2
1629670,Jordan Nwora,MIL,2021-22,december,Role Player,Role,Forward,20.7,6.8,43.333333333333336,,80,9,20.6,9.2
1630166,Deni Avdija,WAS,2021-22,december,Shot Creator,Scorer,Forward,16.7,10.3,45.07042253521127,14.0,81,14,23.4,9.1
1630560,Cam Thomas,BKN,2021-22,december,Shot Creator,Scorer,Guard,17.6,11.0,36.95652173913044,16.4,75,10,23.5,9.1
1630167,Obi Toppin,NYK,2021-22,december,3&D Wing,Wing,Forward,19.7,8.3,28.125,,81,10,18.1,9.1
1628464,Daniel Theis,BOS,2021-22,december,Role Player,Role,Forward,19.4,8.6,38.57142857142858,,81,6,21.5,9.0
1630191,Isaiah Stewart,DET,2021-22,december,Finisher,Finisher,Forward,13.2,6.0,3.0303030303030307,,80,9,29.1,9.0
1629651,Nic Claxton,BKN,2021-22,december,Shot Creator,Scorer,Big,14.1,5.8,0.0,14.1,83,10,22.4,9.0
201577,Robin Lopez,ORL,2021-22,december,Playmaking Big,Big,Big,20.1,24.3,2.5974025974025974,,84,9,20.2,9.0
203504,Trey Burke,DAL,2021-22,december,Role Player,Role,Guard,25.6,28.7,40.0,,72,8,17.4,9.0
202326,DeMarcus Cousins,DEN,2021-22,december,Role Player,Role,Big,21.9,10.1,38.02816901408451,,82,14,16.8,8.9
203110,Draymond Green,GSW,2021-22,december,3&D Wing,Wing,Forward,14.9,32.5,25.37313432835821,,78,11,31.6,8.9
1627777,Georges Niang,PHI,2021-22,december,Role Player,Role,Forward,16.6,5.9,61.194029850746254,,79,10,19.5,8.9
1630528,Josh Christopher,HOU,2021-22,december,Role Player,Role,Guard,19.4,16.2,42.42424242424242,,75,16,20.6,8.9
1630240,Saben Lee,DET,2021-22,december,Role Player,Role,Guard,19.6,25.9,43.0379746835443,,74,7,20.0,8.9
1630527,Brandon Boston,LAC,2021-22,december,Role Player,Role,Forward,21.2,7.4,40.2439024390244,,78,13,19.6,8.8
1628960,Grayson Allen,MIL,2021-22,december,3&D Wing,Wing,Guard,14.4,4.9,66.27906976744187,2.8,76,13,27.8,8.8
1628964,Mo Bamba,ORL,2021-22,december,Role Player,Role,Big,16.3,8.6,47.43589743589744,,84,6,24.4,8.8
1630181,R.J. Hampton,ORL,2021-22,december,Role Player,Role,Guard,20.4,24.0,39.24050632911392,,76,10,21.1,8.8
1629642,Nassir Little,POR,2021-22,december,Role Player,Role,Guard,14.8,10.6,47.76119402985074,,77,9,26.7,8.8
201933,Blake Griffin,BKN,2021-22,december,Role Player,Role,Forward,17.4,17.3,41.17647058823529,,81,8,19.3,8.8
1630188,Jalen Smith,IND,2021-22,december,3&D Wing,Wing,Big,18.1,2.2,32.758620689655174,,82,8,17.0,8.8
202684,Tristan Thompson,CHI,2021-22,december,Role Player,Role,Forward,20.9,5.3,1.4492753623188406,,81,11,18.8,8.7
1629052,Oshae Brissett,IND,2021-22,december,Role Player,Role,Forward,14.1,6.0,43.47826086956522,,79,13,23.6,8.7
202709,Cory Joseph,DET,2021-22,december,Role Player,Role,Guard,16.8,29.5,36.507936507936506,,75,6,23.1,8.7
1628392,Isaiah Hartenstein,LAC,2021-22,december,Playmaking Big,Big,Big,17.0,21.2,0.0,,84,9,18.2,8.7
1629647,Darius Bazley,OKC,2021-22,december,Role Player,Role,Forward,15.6,5.5,36.231884057971016,,80,11,24.8,8.6
1630561,David Duke Jr.,BKN,2021-22,december,Role Player,Role,Guard,15.8,6.7,29.78723404255319,,76,5,27.3,8.6
202738,Isaiah Thomas,CHA,2021-22,december,Stretch Shooter,Shooter,Guard,20.1,12.8,53.191489361702125,,69,5,22.9,8.6
1629139,Yuta Watanabe,TOR,2021-22,december,Role Player,Role,Forward,16.4,8.9,49.29577464788733,,81,10,22.1,8.6
101150,Lou Williams,ATL,2021-22,december,Role Player,Role,Guard,25.1,11.1,36.48648648648648,,74,9,16.9,8.6
203473,Dewayne Dedmon,MIA,2021-22,december,Role Player,Role,Big,15.4,11.6,20.3125,,84,12,22.8,8.5
1629684,Grant Williams,BOS,2021-22,december,3&D Wing,Wing,Forward,12.2,4.3,62.962962962962955,,78,10,24.8,8.5
203937,Kyle Anderson,MEM,2021-22,december,Shot Creator,Scorer,Forward,16.8,15.8,20.547945205479454,12.6,81,12,23.6,8.5
203526,Raul Neto,WAS,2021-22,december,Role Player,Role,Guard,19.7,19.0,24.67532467532467,,74,11,20.9,8.5
1628988,Aaron Holiday,PHX,2021-22,december,3&D Wing,Wing,Guard,19.1,18.8,26.785714285714285,,72,11,15.5,8.2
1630170,Devin Vassell,SAS,2021-22,december,Movement Shooter,Shooter,Guard,16.6,7.3,45.67901234567901,2.7,77,12,21.7,8.2
1630526,Jeremiah Robinson-Earl,OKC,2021-22,december,3&D Wing,Wing,Forward,16.3,5.3,50.70422535211267,,80,12,24.0,8.2
200752,Rudy Gay,UTA,2021-22,december,Role Player,Role,Forward,17.5,6.5,58.333333333333336,,80,14,20.0,8.1
1629011,Mitchell Robinson,NYK,2021-22,december,Finisher,Finisher,Big,11.5,1.4,0.0,,84,15,23.5,8.1
1630544,Tre Mann,OKC,2021-22,december,3&D Wing,Wing,Guard,18.6,7.6,42.5,8.5,75,11,20.2,8.1
202722,Davis Bertans,DAL,2021-22,december,Role Player,Role,Big,17.9,4.9,82.45614035087719,,82,13,16.2,8.1
204060,Joe Ingles,POR,2021-22,december,Role Player,Role,Forward,14.3,20.8,75.0,,80,13,25.6,8.1
1626204,Larry Nance Jr.,NOP,2021-22,december,3&D Wing,Wing,Forward,12.2,15.0,28.78787878787879,,79,13,28.3,8.1
203500,Steven Adams,MEM,2021-22,december,Finisher,Finisher,Big,12.8,14.5,0.0,,83,16,27.0,8.1
1629013,Landry Shamet,PHX,2021-22,december,3&D Wing,Wing,Guard,15.8,7.6,60.0,,76,14,23.4,8.0
201571,D.J. Augustin,LAL,2021-22,december,Role Player,Role,Guard,17.7,22.4,67.85714285714286,,71,12,18.6,7.9
1627789,Timothe Luwawu-Cabarrot,ATL,2021-22,december,Role Player,Role,Forward,11.6,5.6,65.75342465753424,,79,8,28.1,7.9
1629643,Chuma Okeke,ORL,2021-22,december,Role Player,Role,Forward,17.5,8.7,60.0,,78,11,24.5,7.8
203490,Otto Porter Jr.,GSW,2021-22,december,Role Player,Role,Forward,13.4,7.7,54.7945205479452,,80,10,24.5,7.8
1627752,Taurean Prince,MIN,2021-22,december,3&D Wing,Wing,Forward,15.7,5.2,62.962962962962955,,78,5,16.9,7.8
1627814,Damion Lee,GSW,2021-22,december,Role Player,Role,Guard,15.7,4.1,50.0,,77,10,20.6,7.7
202357,Nemanja Bjelica,GSW,2021-22,december,Role Player,Role,Forward,20.3,19.4,45.16129032258064,,81,13,16.5,7.7
1630559,Austin Reaves,LAL,2021-22,december,Shot Creator,Scorer,Guard,11.7,8.0,62.22222222222222,13.5,77,6,20.7,7.5
1630245,Ayo Dosunmu,CHI,2021-22,december,3&D Wing,Wing,Guard,11.5,10.7,20.454545454545453,2.2,76,8,25.6,7.5
1629660,Ty Jerome,OKC,2021-22,december,Role Player,Role,Guard,23.9,23.0,38.961038961038966,,77,10,17.9,7.5
1628966,Keita Bates-Diop,SAS,2021-22,december,Role Player,Role,Forward,16.0,7.3,19.148936170212767,,80,12,16.4,7.4
1630267,Facundo Campazzo,DEN,2021-22,december,Role Player,Role,Guard,14.1,30.3,64.70588235294117,,70,13,25.9,7.4
1626195,Willy Hernangomez,NOP,2021-22,december,Role Player,Role,Big,18.0,8.8,1.7241379310344829,,83,12,16.7,7.3
1629656,Quentin Grimes,NYK,2021-22,december,Stretch Shooter,Shooter,Guard,19.5,13.1,86.36363636363637,10.4,76,9,16.6,7.2
1630557,Corey Kispert,WAS,2021-22,december,Movement Shooter,Shooter,Forward,14.8,6.3,53.2258064516129,,78,11,21.5,7.2
1629755,Hassani Gravett,ORL,2021-22,december,Role Player,Role,Guard,13.4,17.0,69.0909090909091,,74,6,23.8,7.2
1630165,Killian Hayes,DET,2021-22,december,Role Player,Role,Guard,14.5,19.0,45.20547945205479,,77,8,26.9,7.1
1630209,Omer Yurtseven,MIA,2021-22,december,Rim Protector,Big,Big,19.8,8.2,4.477611940298507,,83,15,19.2,7.1
1627936,Alex Caruso,CHI,2021-22,december,3&D Wing,Wing,Guard,14.1,18.8,55.55555555555555,,77,5,21.9,7.0
1629599,Amir Coffey,LAC,2021-22,december,Role Player,Role,Forward,13.0,8.0,56.86274509803921,,79,7,20.1,7.0
203939,Dwight Powell,DAL,2021-22,december,Finisher,Finisher,Big,13.4,9.2,15.555555555555555,,82,16,19.7,7.0
202066,Garrett Temple,NOP,2021-22,december,Role Player,Role,Guard,13.8,8.5,65.51724137931035,,77,12,21.3,7.0
1629026,Kenrich Williams,OKC,2021-22,december,3&D Wing,Wing,Forward,13.6,14.4,39.655172413793096,,78,13,21.6,7.0
203496,Robert Covington,LAC,2021-22,december,Role Player,Role,Forward,12.4,6.1,63.1578947368421,,79,10,30.5,7.0
1627745,Damian Jones,SAC,2021-22,december,Rim Protector,Big,Big,18.2,6.3,10.638297872340424,,83,11,16.3,6.9
1629750,Javonte Green,CHI,2021-22,december,3&D Wing,Wing,Guard,8.9,7.1,21.27659574468085,,77,7,28.4,6.9
203486,Mason Plumlee,CHA,2021-22,december,Role Player,Role,Big,11.9,17.0,2.127659574468085,,83,7,23.1,6.9
1629020,Jarred Vanderbilt,MIN,2021-22,december,3&D Wing,Wing,Forward,8.5,5.1,6.0,,81,10,30.7,6.8
203493,Reggie Bullock Jr.,DAL,2021-22,december,Role Player,Role,Forward,11.1,7.4,78.94736842105263,,78,10,26.3,6.7
1626172,Kevon Looney,GSW,2021-22,december,Finisher,Finisher,Forward,13.2,12.4,2.0,,81,13,20.6,6.7
1626158,Richaun Holmes,SAC,2021-22,december,Rim Protector,Big,Big,12.3,9.8,0.0,,82,8,22.5,6.6
1627884,Derrick Jones Jr.,CHI,2021-22,december,3&D Wing,Wing,Forward,13.1,3.5,38.63636363636363,,78,7,18.1,6.6
1628971,Bruce Brown,BKN,2021-22,december,Finisher,Finisher,Guard,14.5,9.5,11.29032258064516,4.1,76,9,21.5,6.6
203087,Jeremy Lamb,SAC,2021-22,december,Role Player,Role,Guard,22.6,16.7,44.927536231884055,,77,10,15.0,6.5
1628425,Sterling Brown,DAL,2021-22,december,Role Player,Role,Guard,12.9,8.3,60.377358490566046,,77,10,21.2,6.5
1629731,Dean Wade,CLE,2021-22,december,3&D Wing,Wing,Forward,12.0,8.9,62.0,,81,10,18.9,6.4
201586,Serge Ibaka,MIL,2021-22,december,Role Player,Role,Big,18.3,15.9,36.53846153846153,,82,10,16.9,6.4
201949,James Johnson,BKN,2021-22,december,Role Player,Role,Forward,12.4,17.1,17.857142857142858,,79,8,23.0,6.4
1628021,David Nwaba,HOU,2021-22,december,Role Player,Role,Guard,15.7,6.5,24.0,,77,12,16.0,6.3
1628467,Maxi Kleber,DAL,2021-22,december,Rim Protector,Big,Big,11.8,6.0,75.92592592592592,,82,10,24.7,6.3
1626220,Royce O'Neale,UTA,2021-22,december,3&D Wing,Wing,Guard,7.9,12.3,63.04347826086957,,77,14,30.6,6.3
201588,George Hill,MIL,2021-22,december,Role Player,Role,Guard,11.5,11.4,48.0,,76,11,23.3,6.3
1627761,DeAndre' Bembry,MIL,2021-22,december,Role Player,Role,Guard,11.8,10.1,20.930232558139537,,77,9,20.3,6.2
202083,Wesley Matthews,MIL,2021-22,december,Role Player,Role,Guard,11.9,6.4,71.42857142857143,,76,9,16.5,6.2
1630602,Chaundee Brown Jr.,ATL,2021-22,december,Role Player,Role,Guard,14.6,5.6,56.25,,77,5,20.7,6.2
201980,Danny Green,PHI,2021-22,december,Role Player,Role,Forward,12.8,7.1,87.3015873015873,,78,10,27.2,6.1
1629744,Matt Thomas,CHI,2021-22,december,Role Player,Role,Guard,10.9,4.8,68.18181818181817,,75,5,18.7,6.0
1629641,Romeo Langford,SAS,2021-22,december,Role Player,Role,Guard,12.2,4.8,41.07142857142857,,77,12,21.2,6.0
201961,Wayne Ellington,LAL,2021-22,december,Role Player,Role,Guard,12.3,6.2,91.2280701754386,,76,12,21.5,6.0
1630572,Sandro Mamukelashvili,MIL,2021-22,december,3&D Wing,Wing,Forward,14.5,10.4,54.71698113207547,,81,7,18.2,5.9
1629308,Juan Toscano-Anderson,GSW,2021-22,december,Role Player,Role,Forward,16.1,19.2,25.53191489361702,,78,13,18.8,5.8
1627788,Furkan Korkmaz,PHI,2021-22,december,Role Player,Role,Forward,17.8,13.0,50.84745762711864,,79,11,16.3,5.8
1629004,Svi Mykhailiuk,TOR,2021-22,december,3&D Wing,Wing,Forward,16.6,13.1,58.333333333333336,,79,10,18.1,5.8
202397,Ish Smith,WAS,2021-22,december,Role Player,Role,Guard,18.5,26.8,28.571428571428577,,72,8,16.8,5.8
203458,Alex Len,SAC,2021-22,december,Rim Protector,Big,Big,15.9,7.0,8.0,,84,7,17.5,5.7
1629723,John Konchar,MEM,2021-22,december,3&D Wing,Wing,Guard,9.2,10.9,52.77777777777778,,77,14,19.1,5.7
1630540,Miles McBride,NYK,2021-22,december,3&D Wing,Wing,Guard,15.5,19.7,47.36842105263158,4.7,73,6,18.3,5.7
1630214,Xavier Tillman,MEM,2021-22,december,Role Player,Role,Forward,16.3,11.2,20.0,,80,15,15.8,5.7
1630192,Zeke Nnaji,DEN,2021-22,december,Finisher,Finisher,Forward,13.9,5.0,48.88888888888889,,81,12,17.3,5.7
1626153,Delon Wright,ATL,2021-22,december,Role Player,Role,Guard,10.8,19.9,36.585365853658544,,77,11,22.7,5.6
1629678,Admiral Schofield,ORL,2021-22,december,Role Player,Role,Guard,12.7,9.7,48.717948717948715,,77,7,16.6,5.6
1629644,KZ Okpala,MIA,2021-22,december,Role Player,Role,Forward,14.1,8.5,33.33333333333333,,80,12,16.3,5.5
1628972,Troy Brown Jr.,CHI,2021-22,december,Role Player,Role,Forward,13.6,13.7,38.0,,78,9,19.0,5.4
2738,Andre Iguodala,GSW,2021-22,december,Role Player,Role,Forward,14.5,31.3,80.0,,78,5,19.4,5.4
1628373,Frank Ntilikina,DAL,2021-22,december,Role Player,Role,Guard,14.4,12.5,50.98039215686275,,76,11,18.4,5.3
1628432,Davon Reed,DEN,2021-22,december,Role Player,Role,Guard,11.1,11.7,46.15384615384615,,77,9,17.1,5.0
1629103,Kelan Martin,BOS,2021-22,december,Role Player,Role,Guard,14.8,3.5,52.083333333333336,,77,11,15.8,4.9
202324,Derrick Favors,OKC,2021-22,december,Role Player,Role,Forward,12.3,14.3,4.651162790697675,,81,11,15.6,4.7
201587,Nicolas Batum,LAC,2021-22,december,3&D Wing,Wing,Forward,11.5,9.3,82.6086956521739,,80,5,21.6,4.6
204025,Tim Frazier,CLE,2021-22,december,Role Player,Role,Guard,16.3,27.9,48.0,,72,5,20.0,4.6
1629680,Matisse Thybulle,PHI,2021-22,december,Role Player,Role,Guard,9.7,6.1,56.250000000000014,,77,14,25.8,4.6
2730,Dwight Howard,LAL,2021-22,december,Role Player,Role,Big,11.4,6.5,3.3333333333333335,,82,8,16.1,4.1
1630200,Tre Jones,SAS,2021-22,december,Finisher,Finisher,Guard,11.7,27.8,13.513513513513512,4.8,73,15,15.0,4.1
1630550,JT Thor,CHA,2021-22,december,Role Player,Role,Forward,12.8,7.8,65.78947368421053,,81,6,16.1,4.0
1629681,Killian Tillie,MEM,2021-22,december,Role Player,Role,Forward,11.6,6.1,67.56756756756756,,81,15,15.1,4.0
202954,Brad Wanamaker,WAS,2021-22,december,Role Player,Role,Guard,12.9,26.0,11.428571428571429,,75,12,15.2,3.8
203090,Maurice Harkless,SAC,2021-22,december,Role Player,Role,Forward,9.0,3.2,50.0,,79,8,18.7,3.8
1629162,Jordan McLaughlin,MIN,2021-22,december,Role Player,Role,Guard,15.8,26.2,23.25581395348837,,71,8,16.5,3.6
201959,Taj Gibson,NYK,2021-22,december,Role Player,Role,Forward,9.6,5.1,33.33333333333333,,81,10,16.9,3.6
203918,Rodney Hood,LAC,2021-22,december,Role Player,Role,Forward,10.8,7.9,52.63157894736842,,80,12,16.9,3.6
1628778,Paul Watson,OKC,2021-22,december,Role Player,Role,Forward,10.1,8.0,67.5,,78,7,18.8,3.6
1628539,Mychal Mulder,MIA,2021-22,december,Role Player,Role,Guard,13.1,3.0,72.97297297297297,,75,6,15.1,3.3
203457,Nerlens Noel,NYK,2021-22,december,Rim Protector,Big,Big,6.4,7.2,0.0,,83,8,22.0,2.8
203503,Tony Snell,NOP,2021-22,december,Role Player,Role,Forward,7.7,10.1,72.72727272727273,,78,10,16.0,2.7
203954,Joel Embiid,PHI,2021-22,january,Shot Creator,Scorer,Big,42.1,31.1,15.566037735849056,12.3,84,14,32.1,34.0
203507,Giannis Antetokounmpo,MIL,2021-22,january,Primary Initiator,Primary,Big,36.9,35.5,21.57894736842105,10.9,83,13,33.1,31.5
2544,LeBron James,LAL,2021-22,january,Primary Initiator,Primary,Forward,31.9,28.9,35.58558558558559,12.8,81,11,36.2,30.3
1629630,Ja Morant,MEM,2021-22,january,Primary Initiator,Primary,Guard,34.1,32.9,21.17117117117117,14.1,75,15,34.9,29.1
1629027,Trae Young,ATL,2021-22,january,Primary Initiator,Primary,Guard,34.3,41.8,47.179487179487175,12.0,73,13,34.5,28.2
1626164,Devin Booker,PHX,2021-22,january,Shot Creator,Scorer,Guard,33.9,18.5,35.59322033898305,14.0,77,14,35.3,28.2
201142,Kevin Durant,BKN,2021-22,january,Shot Creator,Scorer,Big,29.0,26.2,27.419354838709676,20.8,82,8,34.5,27.1
1628369,Jayson Tatum,BOS,2021-22,january,Primary Initiator,Primary,Forward,31.7,21.8,41.7910447761194,,80,15,36.0,27.0
203999,Nikola Jokić,DEN,2021-22,january,Playmaking Big,Big,Big,28.2,41.4,25.0,5.3,83,16,33.7,26.6
1627759,Jaylen Brown,BOS,2021-22,january,Shot Creator,Scorer,Forward,31.0,18.1,42.00000000000001,20.6,78,16,35.1,26.1
201942,DeMar DeRozan,CHI,2021-22,january,Primary Initiator,Primary,Forward,30.4,27.7,5.405405405405405,19.9,78,15,34.3,25.7
1629029,Luka Dončić,DAL,2021-22,january,Primary Initiator,Primary,Forward,34.4,48.3,36.868686868686865,16.0,79,15,35.0,25.6
202681,Kyrie Irving,BKN,2021-22,january,Role Player,Role,Guard,27.3,23.0,31.28205128205128,,74,8,35.2,24.5
1628378,Donovan Mitchell,UTA,2021-22,january,Primary Initiator,Primary,Guard,31.8,26.0,44.60093896713615,11.4,73,8,35.7,24.3
1626157,Karl-Anthony Towns,MIN,2021-22,january,Role Player,Role,Big,25.7,19.9,30.67484662576687,10.0,83,13,34.5,24.2
201935,James Harden,PHI,2021-22,january,Shot Creator,Scorer,Guard,27.6,39.4,36.41618497109826,42.5,77,13,37.9,24.2
1627832,Fred VanVleet,TOR,2021-22,january,Stretch Shooter,Shooter,Guard,24.4,31.1,64.32160804020101,,73,14,40.0,23.8
1628368,De'Aaron Fox,SAC,2021-22,january,Primary Initiator,Primary,Guard,28.3,24.1,16.853932584269664,10.1,75,10,34.5,23.7
1630162,Anthony Edwards,MIN,2021-22,january,Shot Creator,Scorer,Guard,26.5,17.0,53.10734463276836,23.4,76,15,34.2,23.5
1629014,Anfernee Simons,POR,2021-22,january,Shot Creator,Scorer,Guard,25.4,30.6,60.0,18.2,75,15,36.5,23.1
1627749,Dejounte Murray,SAS,2021-22,january,Primary Initiator,Primary,Guard,29.2,44.1,22.727272727272727,,76,14,34.6,22.9
1628983,Shai Gilgeous-Alexander,OKC,2021-22,january,Primary Initiator,Primary,Forward,29.8,32.6,22.159090909090907,26.3,78,12,33.0,22.6
1627783,Pascal Siakam,TOR,2021-22,january,Shot Creator,Scorer,Forward,25.0,25.8,14.689265536723164,13.3,80,16,40.4,22.6
1628398,Kyle Kuzma,WAS,2021-22,january,3&D Wing,Wing,Forward,26.7,13.4,31.288343558282207,5.1,81,13,35.4,22.5
203078,Bradley Beal,WAS,2021-22,january,Secondary Ball Handler,Secondary,Guard,27.8,35.7,27.11864406779661,,76,11,36.4,22.5
1627734,Domantas Sabonis,SAC,2021-22,january,Playmaking Big,Big,Big,21.9,31.9,16.03053435114504,,83,11,37.2,22.5
201939,Stephen Curry,GSW,2021-22,january,Primary Initiator,Primary,Guard,28.5,31.0,56.613756613756614,10.1,74,15,34.9,22.3
203114,Khris Middleton,MIL,2021-22,january,Secondary Ball Handler,Secondary,Forward,26.1,28.1,39.743589743589745,6.1,79,14,33.3,22.1
1629628,RJ Barrett,NYK,2021-22,january,Secondary Ball Handler,Secondary,Forward,28.2,16.4,32.95454545454545,2.7,78,15,35.0,21.8
203468,CJ McCollum,NOP,2021-22,january,Secondary Ball Handler,Secondary,Guard,25.0,22.5,44.76744186046512,8.8,75,9,35.6,21.6
203897,Zach LaVine,CHI,2021-22,january,Secondary Ball Handler,Secondary,Guard,29.2,18.3,42.94478527607362,9.3,77,11,31.5,21.5
1628970,Miles Bridges,CHA,2021-22,january,3&D Wing,Wing,Forward,22.3,11.8,37.25490196078432,9.0,79,15,35.2,21.3
1629018,Gary Trent Jr.,TOR,2021-22,january,Stretch Shooter,Shooter,Guard,23.5,7.4,56.97674418604651,,77,10,34.3,21.2
1627742,Brandon Ingram,NOP,2021-22,january,Shot Creator,Scorer,Forward,28.6,29.8,24.43181818181818,13.8,80,9,33.5,21.0
1630217,Desmond Bane,MEM,2021-22,january,Secondary Ball Handler,Secondary,Guard,23.5,13.8,44.5859872611465,7.0,77,12,31.7,20.8
1629636,Darius Garland,CLE,2021-22,january,Secondary Ball Handler,Secondary,Guard,26.6,45.7,38.983050847457626,6.7,73,13,35.8,20.4
202699,Tobias Harris,PHI,2021-22,january,3&D Wing,Wing,Forward,22.6,16.3,22.22222222222222,4.2,79,15,35.9,19.8
202710,Jimmy Butler III,MIA,2021-22,january,Shot Creator,Scorer,Forward,24.5,34.7,17.02127659574468,17.7,79,11,34.3,19.5
1626179,Terry Rozier,CHA,2021-22,january,Stretch Shooter,Shooter,Guard,22.1,21.1,55.34591194968554,,73,15,34.0,19.3
1629639,Tyler Herro,MIA,2021-22,january,Shot Creator,Scorer,Guard,26.7,19.2,41.111111111111114,13.3,77,12,35.1,19.3
1626181,Norman Powell,LAC,2021-22,january,Movement Shooter,Shooter,Guard,21.2,8.4,48.837209302325576,10.9,75,8,35.7,19.1
1626156,D'Angelo Russell,MIN,2021-22,january,Stretch Shooter,Shooter,Guard,23.7,33.6,59.25925925925925,8.7,76,11,30.1,19.1
1630163,LaMelo Ball,CHA,2021-22,january,Shot Creator,Scorer,Forward,26.8,30.9,43.90243902439025,12.2,79,14,31.9,19.0
202711,Bojan Bogdanovic,UTA,2021-22,january,Role Player,Role,Forward,24.1,9.9,46.05263157894737,,79,14,34.1,18.6
1626174,Christian Wood,HOU,2021-22,january,Role Player,Role,Forward,24.2,10.8,40.6015037593985,,81,13,29.4,18.6
202696,Nikola Vučević,CHI,2021-22,january,Post Scorer,Big,Big,24.5,17.5,30.625000000000004,,82,16,33.5,18.4
1627747,Caris LeVert,CLE,2021-22,january,Secondary Ball Handler,Secondary,Forward,24.5,25.4,28.767123287671236,6.2,78,9,32.0,18.0
203497,Rudy Gobert,UTA,2021-22,january,Finisher,Finisher,Big,17.5,7.9,1.0416666666666667,,85,7,35.6,18.0
1628384,OG Anunoby,TOR,2021-22,january,3&D Wing,Wing,Forward,20.1,10.9,48.993288590604024,5.9,79,16,37.6,17.9
1630180,Saddiq Bey,DET,2021-22,january,Stretch Shooter,Shooter,Forward,21.2,11.1,56.375838926174495,6.5,79,16,34.1,17.8
202685,Jonas Valančiūnas,NOP,2021-22,january,Post Scorer,Big,Big,23.2,15.0,22.4,,83,11,31.8,17.6
1626162,Kelly Oubre Jr.,CHA,2021-22,january,Shot Creator,Scorer,Forward,25.6,3.7,66.9172932330827,12.1,78,9,23.9,17.6
203952,Andrew Wiggins,GSW,2021-22,january,3&D Wing,Wing,Forward,21.0,12.5,41.911764705882355,10.9,79,17,32.7,17.5
1630595,Cade Cunningham,DET,2021-22,january,Secondary Ball Handler,Secondary,Forward,26.6,27.4,35.84905660377358,11.5,78,15,32.3,17.3
203994,Jusuf Nurkić,POR,2021-22,january,Finisher,Finisher,Big,25.7,16.7,10.15625,,83,16,31.4,17.3
201566,Russell Westbrook,LAL,2021-22,january,Shot Creator,Scorer,Guard,26.7,27.4,19.62025316455696,13.4,75,14,32.0,17.3
201950,Jrue Holiday,MIL,2021-22,january,Secondary Ball Handler,Secondary,Guard,23.9,31.4,34.32835820895522,10.1,75,9,31.6,17.2
1630178,Tyrese Maxey,PHI,2021-22,january,Shot Creator,Scorer,Guard,18.6,20.9,29.197080291970806,14.5,74,11,39.1,16.8
203903,Jordan Clarkson,UTA,2021-22,january,Stretch Shooter,Shooter,Guard,25.9,14.2,52.142857142857146,5.2,76,15,29.0,16.7
1628991,Jaren Jackson Jr.,MEM,2021-22,january,3&D Wing,Wing,Big,24.8,5.0,30.71428571428571,11.1,83,16,28.8,16.7
1629652,Luguentz Dort,OKC,2021-22,january,Stretch Shooter,Shooter,Guard,21.5,8.0,52.27272727272728,,75,12,31.8,16.7
1630169,Tyrese Haliburton,IND,2021-22,january,Role Player,Role,Guard,18.9,37.3,47.5,,77,13,35.0,16.6
1628370,Malik Monk,LAL,2021-22,january,Stretch Shooter,Shooter,Guard,20.2,14.2,56.55737704918033,8.4,75,13,30.1,16.5
203944,Julius Randle,NYK,2021-22,january,Shot Creator,Scorer,Forward,24.9,24.1,32.450331125827816,15.8,80,14,34.9,16.4
202330,Gordon Hayward,CHA,2021-22,january,Role Player,Role,Forward,18.3,15.7,39.51612903225807,,79,10,31.7,16.2
203932,Aaron Gordon,DEN,2021-22,january,Shot Creator,Scorer,Forward,21.2,12.6,36.440677966101696,16.0,80,16,31.0,15.9
1629632,Coby White,CHI,2021-22,january,Stretch Shooter,Shooter,Guard,19.9,14.2,51.21951219512195,7.7,76,16,31.6,15.9
101108,Chris Paul,PHX,2021-22,january,Role Player,Role,Guard,19.1,45.0,26.89075630252101,,72,14,34.7,15.7
203095,Evan Fournier,NYK,2021-22,january,Stretch Shooter,Shooter,Forward,21.2,10.0,61.98347107438017,,78,14,28.1,15.7
1630596,Evan Mobley,CLE,2021-22,january,Finisher,Finisher,Big,20.5,12.0,8.94308943089431,4.7,83,15,35.5,15.7
1630532,Franz Wagner,ORL,2021-22,january,Secondary Ball Handler,Secondary,Big,21.0,17.8,21.951219512195124,7.6,82,15,32.0,15.6
202691,Klay Thompson,GSW,2021-22,january,Movement Shooter,Shooter,Forward,28.9,18.0,51.04895104895104,,78,10,23.4,15.6
203115,Will Barton,DEN,2021-22,january,Role Player,Role,Guard,20.8,19.4,46.4,,77,13,32.0,15.5
1629640,Keldon Johnson,SAS,2021-22,january,3&D Wing,Wing,Forward,18.5,8.0,49.19354838709677,3.9,78,14,32.3,15.4
202704,Reggie Jackson,LAC,2021-22,january,Primary Initiator,Primary,Guard,28.3,23.2,41.84397163120568,,74,17,27.1,15.3
202694,Marcus Morris Sr.,LAC,2021-22,january,Role Player,Role,Forward,24.4,11.4,37.77777777777778,,80,12,29.2,15.3
1627751,Jakob Poeltl,SAS,2021-22,january,Finisher,Finisher,Big,18.2,13.1,0.0,,85,15,31.0,15.2
203084,Harrison Barnes,SAC,2021-22,january,3&D Wing,Wing,Forward,17.8,10.8,47.16981132075472,8.0,80,15,33.4,15.1
1628389,Bam Adebayo,MIA,2021-22,january,3&D Wing,Wing,Forward,22.1,21.9,0.0,8.0,81,8,34.3,15.1
203992,Bogdan Bogdanović,ATL,2021-22,january,Stretch Shooter,Shooter,Forward,22.6,21.2,68.54838709677419,,78,8,27.7,15.1
1628976,Wendell Carter Jr.,ORL,2021-22,january,3&D Wing,Wing,Big,21.9,14.1,25.688073394495408,,82,8,30.1,15.0
204001,Kristaps Porziņģis,WAS,2021-22,january,Post Scorer,Big,Big,25.3,6.5,33.62068965517241,,87,8,26.3,14.9
1628404,Josh Hart,POR,2021-22,january,3&D Wing,Wing,Guard,18.4,15.9,38.88888888888889,,77,13,35.8,14.8
1629631,De'Andre Hunter,ATL,2021-22,january,3&D Wing,Wing,Forward,20.9,8.0,35.77981651376147,7.5,80,11,29.6,14.7
201144,Mike Conley,UTA,2021-22,january,Secondary Ball Handler,Secondary,Guard,21.5,27.4,49.122807017543856,,73,14,29.5,14.6
1628973,Jalen Brunson,DAL,2021-22,january,Shot Creator,Scorer,Guard,19.7,27.6,17.355371900826448,14.4,73,16,32.7,14.6
1628984,Devonte' Graham,NOP,2021-22,january,Stretch Shooter,Shooter,Guard,21.4,20.6,69.46564885496184,,73,14,31.3,14.5
1629673,Jordan Poole,GSW,2021-22,january,Stretch Shooter,Shooter,Guard,22.5,19.4,53.63636363636364,7.9,76,17,26.4,14.4
1628381,John Collins,ATL,2021-22,january,3&D Wing,Wing,Forward,20.0,9.2,25.0,,81,13,29.1,14.4
1628386,Jarrett Allen,CLE,2021-22,january,Finisher,Finisher,Big,17.0,8.3,2.127659574468085,,82,14,32.9,14.3
1629661,Cameron Johnson,PHX,2021-22,january,3&D Wing,Wing,Forward,14.5,5.6,66.3265306122449,,80,11,31.5,14.2
1626168,Trey Lyles,SAC,2021-22,january,Role Player,Role,Forward,22.9,10.9,34.02061855670103,,81,15,24.3,14.1
1628374,Lauri Markkanen,CLE,2021-22,january,Movement Shooter,Shooter,Big,15.8,7.3,57.14285714285714,4.0,83,11,31.0,14.1
1628379,Luke Kennard,LAC,2021-22,january,Movement Shooter,Shooter,Guard,17.8,14.4,68.31683168316832,,77,8,26.4,14.0
1629599,Amir Coffey,LAC,2021-22,january,Role Player,Role,Forward,15.8,13.2,57.29166666666667,,79,17,31.1,13.9
1629645,Kevin Porter Jr.,HOU,2021-22,january,Stretch Shooter,Shooter,Guard,22.0,35.5,50.89285714285715,9.8,76,12,29.5,13.9
1630175,Cole Anthony,ORL,2021-22,january,Secondary Ball Handler,Secondary,Guard,24.7,31.3,42.028985507246375,6.9,75,13,31.2,13.8
201569,Eric Gordon,HOU,2021-22,january,3&D Wing,Wing,Guard,16.6,10.3,54.08163265306122,,75,12,30.4,13.8
1628401,Derrick White,BOS,2021-22,january,Secondary Ball Handler,Secondary,Guard,20.6,28.7,45.13274336283185,4.7,76,11,30.3,13.7
203914,Gary Harris,ORL,2021-22,january,3&D Wing,Wing,Guard,17.0,7.2,57.14285714285715,,76,14,32.4,13.7
203552,Seth Curry,BKN,2021-22,january,Stretch Shooter,Shooter,Guard,18.2,23.6,53.78151260504202,,74,10,35.6,13.6
201567,Kevin Love,CLE,2021-22,january,Stretch Shooter,Shooter,Forward,25.7,15.7,57.798165137614674,,80,15,22.9,13.5
1628969,Mikal Bridges,PHX,2021-22,january,3&D Wing,Wing,Forward,14.3,9.9,40.56603773584906,2.3,78,14,36.1,13.5
1626195,Willy Hernangomez,NOP,2021-22,january,Rim Protector,Big,Big,26.2,12.7,6.862745098039216,,83,6,22.2,13.5
201988,Patty Mills,BKN,2021-22,january,Role Player,Role,Guard,15.7,11.1,69.36936936936937,,72,15,32.4,13.5
1626171,Bobby Portis,MIL,2021-22,january,3&D Wing,Wing,Big,19.7,4.0,36.66666666666667,3.2,82,15,29.5,13.3
1630170,Devin Vassell,SAS,2021-22,january,Movement Shooter,Shooter,Guard,20.2,7.6,52.066115702479344,2.7,77,14,27.7,13.3
1630581,Josh Giddey,OKC,2021-22,january,Secondary Ball Handler,Secondary,Forward,20.9,29.5,38.095238095238095,5.0,80,14,33.2,13.3
2546,Carmelo Anthony,LAL,2021-22,january,Stretch Shooter,Shooter,Forward,19.5,7.2,54.45544554455446,,79,11,24.8,13.3
203915,Spencer Dinwiddie,DAL,2021-22,january,Stretch Shooter,Shooter,Forward,18.7,26.7,51.35135135135136,,78,11,31.6,13.3
1628989,Kevin Huerter,ATL,2021-22,january,3&D Wing,Wing,Forward,17.6,13.9,49.07407407407407,,79,15,30.9,13.3
1630537,Chris Duarte,IND,2021-22,january,Role Player,Role,Guard,20.4,12.6,33.92857142857143,,77,11,28.3,13.2
1629642,Nassir Little,POR,2021-22,january,Role Player,Role,Guard,16.4,8.8,52.52525252525253,,77,12,31.5,13.1
1630224,Jalen Green,HOU,2021-22,january,Role Player,Role,Guard,23.5,10.8,43.54838709677419,,76,14,29.1,13.1
1627741,Buddy Hield,IND,2021-22,january,Movement Shooter,Shooter,Guard,20.2,10.2,71.55172413793103,,76,15,28.2,13.0
203200,Justin Holiday,SAC,2021-22,january,Role Player,Role,Forward,16.1,11.6,75.25773195876289,,78,16,29.3,12.9
203501,Tim Hardaway Jr.,DAL,2021-22,january,Movement Shooter,Shooter,Guard,22.5,10.9,60.74766355140188,2.2,77,13,25.1,12.8
203082,Terrence Ross,ORL,2021-22,january,Role Player,Role,Forward,21.7,12.0,37.5,,78,14,24.2,12.8
1629056,Terence Davis,SAC,2021-22,january,Stretch Shooter,Shooter,Guard,23.9,15.7,58.51063829787234,,76,8,19.2,12.8
1630591,Jalen Suggs,ORL,2021-22,january,Secondary Ball Handler,Secondary,Guard,22.8,26.9,25.688073394495408,6.6,77,9,29.3,12.7
201145,Jeff Green,DEN,2021-22,january,Role Player,Role,Forward,18.3,7.7,25.555555555555554,,80,12,25.0,12.7
1628420,Monte Morris,DEN,2021-22,january,Role Player,Role,Guard,18.0,17.8,42.056074766355145,,74,14,30.1,12.6
1629622,Max Strus,MIA,2021-22,january,Stretch Shooter,Shooter,Guard,19.8,10.3,77.35849056603773,,77,13,26.3,12.6
1630567,Scottie Barnes,TOR,2021-22,january,Finisher,Finisher,Forward,17.5,14.9,33.04347826086956,7.9,79,13,36.0,12.6
203484,Kentavious Caldwell-Pope,WAS,2021-22,january,Stretch Shooter,Shooter,Guard,18.4,8.4,50.45045045045045,3.1,77,14,30.2,12.6
1629130,Duncan Robinson,MIA,2021-22,january,Movement Shooter,Shooter,Forward,18.4,7.2,89.13043478260869,,79,13,24.9,12.5
1629634,Brandon Clarke,MEM,2021-22,january,Role Player,Role,Forward,17.0,8.8,3.797468354430379,,80,15,22.2,12.5
1630256,Jae'Sean Tate,HOU,2021-22,january,Role Player,Role,Guard,19.5,20.4,27.083333333333336,,76,14,26.2,12.4
1629216,Gabe Vincent,MIA,2021-22,january,Movement Shooter,Shooter,Guard,18.3,24.3,65.68627450980394,,75,10,30.0,12.3
200746,LaMarcus Aldridge,BKN,2021-22,january,Rim Protector,Big,Big,23.8,5.6,4.854368932038835,,83,10,20.8,12.3
1628977,Hamidou Diallo,DET,2021-22,january,Role Player,Role,Guard,21.8,9.7,16.379310344827587,,77,16,26.6,12.3
1630529,Herbert Jones,NOP,2021-22,january,3&D Wing,Wing,Forward,14.2,11.7,34.44444444444444,,79,15,33.9,12.1
203926,Doug McDermott,SAS,2021-22,january,Stretch Shooter,Shooter,Forward,19.2,5.5,55.88235294117647,,79,10,24.7,12.0
1628366,Lonzo Ball,CHI,2021-22,january,3&D Wing,Wing,Forward,15.8,24.4,85.22727272727272,,78,6,30.3,12.0
1626149,Montrezl Harrell,CHA,2021-22,january,Role Player,Role,Forward,18.6,14.2,5.882352941176471,,79,9,20.5,11.9
1628997,Caleb Martin,MIA,2021-22,january,3&D Wing,Wing,Guard,16.5,6.0,34.48275862068966,,77,15,26.9,11.7
1629726,Garrison Mathews,HOU,2021-22,january,Role Player,Role,Guard,14.5,6.4,84.72222222222221,,77,13,25.8,11.6
1627854,Bryn Forbes,DEN,2021-22,january,Role Player,Role,Guard,20.0,9.7,48.113207547169814,,74,14,22.9,11.6
203935,Marcus Smart,BOS,2021-22,january,Stretch Shooter,Shooter,Guard,18.1,25.0,54.44444444444445,4.2,76,10,30.0,11.5
1628960,Grayson Allen,MIL,2021-22,january,3&D Wing,Wing,Guard,16.1,9.4,65.21739130434783,2.8,76,9,27.7,11.4
202355,Hassan Whiteside,UTA,2021-22,january,Role Player,Role,Big,14.7,2.7,0.0,,84,7,30.5,11.4
200768,Kyle Lowry,MIA,2021-22,january,Role Player,Role,Guard,18.0,38.0,58.333333333333336,,72,7,32.0,11.4
1629022,Lonnie Walker IV,SAS,2021-22,january,Role Player,Role,Guard,23.6,14.3,38.05309734513274,,76,14,23.4,11.4
203471,Dennis Schröder,HOU,2021-22,january,Shot Creator,Scorer,Guard,19.8,24.1,35.22727272727273,14.8,73,16,26.1,11.4
201568,Danilo Gallinari,ATL,2021-22,january,Role Player,Role,Big,17.9,7.6,55.95238095238096,,82,14,25.6,11.4
1630613,Duane Washington Jr.,IND,2021-22,january,Stretch Shooter,Shooter,Guard,21.6,15.2,51.9607843137255,,75,15,23.0,11.3
1629669,Jaylen Nowell,MIN,2021-22,january,Role Player,Role,Guard,19.7,21.3,36.585365853658544,,76,14,20.1,11.2
202687,Bismack Biyombo,PHX,2021-22,january,Role Player,Role,Forward,17.8,6.8,0.0,,80,12,22.8,11.1
202709,Cory Joseph,DET,2021-22,january,Role Player,Role,Guard,14.0,23.6,44.44444444444445,,75,11,27.0,10.9
1629638,Nickeil Alexander-Walker,UTA,2021-22,january,Movement Shooter,Shooter,Guard,24.0,20.8,46.22641509433963,2.9,77,15,23.8,10.9
1627788,Furkan Korkmaz,PHI,2021-22,january,Role Player,Role,Forward,15.2,12.2,53.93258426966292,,79,14,30.6,10.7
1629011,Mitchell Robinson,NYK,2021-22,january,Finisher,Finisher,Big,13.4,1.8,0.0,,84,13,26.0,10.6
1630209,Omer Yurtseven,MIA,2021-22,january,Rim Protector,Big,Big,18.1,15.8,2.666666666666667,,83,10,22.3,10.6
201577,Robin Lopez,ORL,2021-22,january,Role Player,Role,Big,18.5,12.3,2.6315789473684212,,84,5,21.1,10.6
203490,Otto Porter Jr.,GSW,2021-22,january,Role Player,Role,Forward,15.7,15.0,44.44444444444445,,80,14,24.3,10.6
1630560,Cam Thomas,BKN,2021-22,january,Shot Creator,Scorer,Guard,20.8,6.1,37.078651685393254,16.4,75,14,21.3,10.5
200782,P.J. Tucker,MIA,2021-22,january,Role Player,Role,Guard,14.2,11.2,52.054794520547944,,77,13,28.9,10.5
1628963,Marvin Bagley III,DET,2021-22,january,Finisher,Finisher,Big,19.5,2.3,17.708333333333336,7.3,83,13,23.9,10.4
1628964,Mo Bamba,ORL,2021-22,january,Rim Protector,Big,Big,18.2,5.5,41.77215189873417,,84,13,23.4,10.4
201587,Nicolas Batum,LAC,2021-22,january,3&D Wing,Wing,Forward,15.2,11.6,71.23287671232877,,80,13,24.1,10.4
1629651,Nic Claxton,BKN,2021-22,january,Shot Creator,Scorer,Big,17.5,7.2,0.0,14.1,83,8,22.1,10.4
1629637,Jaxson Hayes,NOP,2021-22,january,Finisher,Finisher,Big,18.5,4.0,8.771929824561402,,83,15,18.2,10.3
203463,Ben McLemore,POR,2021-22,january,Stretch Shooter,Shooter,Guard,19.8,7.9,81.17647058823529,,75,16,21.3,10.3
1626166,Cameron Payne,PHX,2021-22,january,Role Player,Role,Guard,22.3,27.1,30.434782608695656,,73,10,20.2,10.1
1627736,Malik Beasley,MIN,2021-22,january,Stretch Shooter,Shooter,Guard,19.2,6.4,68.26923076923076,,76,15,23.1,10.1
203496,Robert Covington,LAC,2021-22,january,Role Player,Role,Forward,13.8,5.5,62.19512195121951,,79,15,33.9,10.1
1630245,Ayo Dosunmu,CHI,2021-22,january,3&D Wing,Wing,Guard,12.6,16.5,38.35616438356164,2.2,76,16,32.2,10.0
1628449,Chris Boucher,TOR,2021-22,january,Role Player,Role,Forward,14.6,1.8,40.845070422535215,,81,16,25.8,10.0
203991,Clint Capela,ATL,2021-22,january,Finisher,Finisher,Big,13.9,6.1,0.0,,82,9,24.7,10.0
1626158,Richaun Holmes,SAC,2021-22,january,Role Player,Role,Big,13.0,3.5,0.0,,82,7,25.1,10.0
1626145,Tyus Jones,MEM,2021-22,january,3&D Wing,Wing,Guard,17.5,30.8,34.21052631578947,,72,10,20.0,9.9
1630231,KJ Martin,HOU,2021-22,january,Role Player,Role,Guard,16.6,11.5,28.37837837837838,,77,14,22.7,9.9
1629672,Eric Paschall,UTA,2021-22,january,Role Player,Role,Forward,20.1,4.2,35.483870967741936,,78,13,17.4,9.8
1630558,Davion Mitchell,SAC,2021-22,january,Shot Creator,Scorer,Guard,20.2,18.9,40.0,28.6,72,15,24.7,9.7
1626167,Myles Turner,IND,2021-22,january,3&D Wing,Wing,Big,17.9,6.2,37.77777777777778,,83,7,29.0,9.7
1627827,Dorian Finney-Smith,DAL,2021-22,january,Role Player,Role,Forward,15.0,7.6,57.64705882352942,,79,16,30.4,9.7
1630533,Ziaire Williams,MEM,2021-22,january,3&D Wing,Wing,Forward,14.6,5.9,53.01204819277109,,81,14,25.5,9.6
1629643,Chuma Okeke,ORL,2021-22,january,Role Player,Role,Forward,14.7,10.7,70.73170731707317,,78,13,25.8,9.5
1627826,Ivica Zubac,LAC,2021-22,january,Post Scorer,Big,Big,17.2,12.3,0.0,,84,13,22.1,9.5
1630183,Jaden McDaniels,MIN,2021-22,january,3&D Wing,Wing,Forward,16.7,6.9,43.75,2.3,81,15,23.7,9.5
1630168,Onyeka Okongwu,ATL,2021-22,january,3&D Wing,Wing,Forward,14.1,6.3,0.0,1.6,80,15,23.4,9.5
202692,Alec Burks,NYK,2021-22,january,Role Player,Role,Forward,16.6,18.6,53.75,,78,15,27.2,9.5
1629647,Darius Bazley,OKC,2021-22,january,Role Player,Role,Forward,17.7,7.5,46.05263157894737,,80,13,23.4,9.5
202339,Eric Bledsoe,POR,2021-22,january,Role Player,Role,Guard,21.5,27.8,38.27160493827161,,73,17,22.4,9.3
1629611,Terance Mann,LAC,2021-22,january,3&D Wing,Wing,Guard,14.9,9.2,31.70731707317074,3.7,77,17,27.7,9.3
1630528,Josh Christopher,HOU,2021-22,january,Role Player,Role,Guard,20.8,15.5,38.961038961038966,,75,14,19.2,9.3
1629659,Talen Horton-Tucker,LAL,2021-22,january,Role Player,Role,Guard,18.5,14.2,32.5,,76,14,22.7,9.3
1630549,Day'Ron Sharpe,BKN,2021-22,january,Finisher,Finisher,Forward,21.3,4.7,0.0,3.7,81,12,17.2,9.3
1629057,Robert Williams III,BOS,2021-22,january,Finisher,Finisher,Forward,10.1,10.5,1.785714285714286,,81,13,32.0,9.2
1626224,Cedi Osman,CLE,2021-22,january,Stretch Shooter,Shooter,Forward,19.7,14.2,59.782608695652186,,79,13,24.1,9.2
203109,Jae Crowder,PHX,2021-22,january,Role Player,Role,Forward,13.4,6.4,64.38356164383562,,78,7,28.1,9.1
1630193,Immanuel Quickley,NYK,2021-22,january,Secondary Ball Handler,Secondary,Guard,22.4,29.6,48.27586206896552,6.1,75,15,21.8,9.1
201976,Patrick Beverley,MIN,2021-22,january,Role Player,Role,Guard,17.9,29.1,51.24999999999999,,73,8,24.0,9.1
1629048,Goga Bitadze,IND,2021-22,january,Finisher,Finisher,Big,23.5,14.9,20.634920634920636,,84,9,15.9,9.1
202362,Lance Stephenson,IND,2021-22,january,Role Player,Role,Guard,22.7,33.5,34.61538461538462,,77,16,18.8,9.1
1630228,Jonathan Kuminga,GSW,2021-22,january,Shot Creator,Scorer,Forward,24.2,7.9,30.434782608695656,12.6,79,15,16.3,9.0
203085,Austin Rivers,DEN,2021-22,january,Role Player,Role,Guard,13.7,5.7,74.24242424242425,,76,13,25.7,8.9
1629655,Daniel Gafford,WAS,2021-22,january,Finisher,Finisher,Forward,14.5,6.3,0.0,,81,13,18.2,8.9
1629020,Jarred Vanderbilt,MIN,2021-22,january,3&D Wing,Wing,Forward,11.2,8.2,1.7241379310344829,,81,15,29.0,8.7
1630171,Isaac Okoro,CLE,2021-22,january,3&D Wing,Wing,Guard,12.7,8.3,36.66666666666667,,77,10,27.1,8.6
203585,Rodney McGruder,DET,2021-22,january,Role Player,Role,Guard,14.3,8.8,64.51612903225806,,76,10,21.4,8.6
203939,Dwight Powell,DAL,2021-22,january,Finisher,Finisher,Big,13.2,6.3,7.3170731707317085,,82,16,19.7,8.6
1630205,Lamar Stevens,CLE,2021-22,january,Role Player,Role,Forward,16.7,9.2,17.91044776119403,,78,13,22.0,8.5
203493,Reggie Bullock Jr.,DAL,2021-22,january,Role Player,Role,Forward,13.1,7.6,78.46153846153847,,78,15,23.1,8.5
1628367,Josh Jackson,SAC,2021-22,january,Role Player,Role,Forward,20.3,7.5,46.57534246575342,,80,14,18.5,8.5
200752,Rudy Gay,UTA,2021-22,january,Stretch Shooter,Shooter,Forward,19.1,9.0,52.054794520547944,,80,12,20.9,8.5
203087,Jeremy Lamb,SAC,2021-22,january,Role Player,Role,Guard,16.1,8.4,55.932203389830505,,77,11,19.9,8.5
1630538,Bones Hyland,DEN,2021-22,january,Stretch Shooter,Shooter,Guard,22.3,16.5,60.759493670886066,10.9,74,13,18.9,8.4
1630598,Aaron Wiggins,OKC,2021-22,january,3&D Wing,Wing,Guard,15.2,6.7,40.0,6.3,76,13,25.6,8.3
202340,Avery Bradley,LAL,2021-22,january,Role Player,Role,Guard,14.5,6.7,56.94444444444444,,75,14,24.1,8.3
1627863,Danuel House Jr.,UTA,2021-22,january,Role Player,Role,Forward,15.5,11.5,60.71428571428572,,78,7,19.2,8.3
1629670,Jordan Nwora,MIL,2021-22,january,Role Player,Role,Forward,17.5,5.1,56.75675675675676,,80,12,19.3,8.3
1626220,Royce O'Neale,UTA,2021-22,january,3&D Wing,Wing,Guard,8.2,9.8,65.38461538461539,,77,14,32.9,8.2
1628470,Torrey Craig,PHX,2021-22,january,Role Player,Role,Forward,13.5,7.6,52.0,,79,14,26.6,8.1
1626196,Josh Richardson,SAS,2021-22,january,Role Player,Role,Guard,16.4,10.6,41.891891891891895,,77,16,23.3,8.1
1629001,De'Anthony Melton,MEM,2021-22,january,Role Player,Role,Guard,21.2,17.5,47.25274725274725,,74,14,20.5,8.0
1630188,Jalen Smith,IND,2021-22,january,3&D Wing,Wing,Big,21.3,2.6,23.529411764705884,,82,10,17.2,8.0
1628467,Maxi Kleber,DAL,2021-22,january,Rim Protector,Big,Big,13.8,6.6,77.27272727272727,,82,16,26.3,7.9
1630191,Isaiah Stewart,DET,2021-22,january,Finisher,Finisher,Forward,15.8,7.8,10.0,,80,13,23.9,7.8
1629023,P.J. Washington,CHA,2021-22,january,3&D Wing,Wing,Forward,17.4,12.8,64.61538461538461,4.1,79,13,21.4,7.8
202689,Kemba Walker,NYK,2021-22,january,Role Player,Role,Guard,17.6,17.4,57.53424657534247,,72,6,22.6,7.8
1629026,Kenrich Williams,OKC,2021-22,january,3&D Wing,Wing,Forward,18.4,15.0,36.25,,78,9,22.2,7.8
1630527,Brandon Boston,LAC,2021-22,january,Role Player,Role,Forward,21.3,10.0,29.87012987012987,,78,15,17.7,7.7
1629656,Quentin Grimes,NYK,2021-22,january,3&D Wing,Wing,Guard,14.0,11.2,72.88135593220339,10.4,76,15,21.3,7.7
1630557,Corey Kispert,WAS,2021-22,january,Movement Shooter,Shooter,Forward,12.6,6.9,55.73770491803279,,78,14,23.7,7.7
1630166,Deni Avdija,WAS,2021-22,january,Shot Creator,Scorer,Forward,14.8,12.9,42.42424242424242,14.0,81,14,23.3,7.7
201580,JaVale McGee,PHX,2021-22,january,Role Player,Role,Big,18.7,5.7,0.0,,84,9,15.8,7.7
1630568,Luka Garza,DET,2021-22,january,Finisher,Finisher,Big,18.9,5.5,28.333333333333332,,82,6,16.4,7.7
1630556,Kessler Edwards,BKN,2021-22,january,Role Player,Role,Forward,12.1,3.1,51.51515151515152,,79,13,27.7,7.6
1626208,Keifer Sykes,IND,2021-22,january,Role Player,Role,Guard,18.4,18.7,47.05882352941177,,71,13,20.5,7.5
1626159,Justise Winslow,POR,2021-22,january,Role Player,Role,Forward,16.4,17.2,16.363636363636363,,78,10,20.7,7.5
1629060,Rui Hachimura,WAS,2021-22,january,3&D Wing,Wing,Forward,21.2,9.6,31.818181818181824,3.7,80,10,16.0,7.5
101150,Lou Williams,ATL,2021-22,january,Role Player,Role,Guard,19.5,32.5,44.642857142857146,,74,11,15.4,7.5
200765,Rajon Rondo,CLE,2021-22,january,Stretch Shooter,Shooter,Guard,20.2,35.4,58.57142857142856,,73,7,20.0,7.4
1627780,Gary Payton II,GSW,2021-22,january,Finisher,Finisher,Guard,13.9,7.7,31.481481481481477,,75,15,18.8,7.4
201143,Al Horford,BOS,2021-22,january,3&D Wing,Wing,Forward,13.7,13.2,45.714285714285715,,81,16,26.5,7.4
1629675,Naz Reid,MIN,2021-22,january,3&D Wing,Wing,Forward,20.9,8.5,32.758620689655174,3.8,81,15,15.4,7.3
1629002,Chimezie Metu,SAC,2021-22,january,Role Player,Role,Forward,17.1,9.2,47.54098360655738,,81,10,18.8,7.3
203937,Kyle Anderson,MEM,2021-22,january,Shot Creator,Scorer,Forward,14.6,19.0,13.043478260869565,12.6,81,7,22.7,7.3
1628418,Thomas Bryant,WAS,2021-22,january,Role Player,Role,Big,20.6,6.4,32.786885245901644,,82,8,15.2,7.3
1630544,Tre Mann,OKC,2021-22,january,Stretch Shooter,Shooter,Guard,18.4,9.4,51.38888888888889,8.5,75,13,19.7,7.2
1630192,Zeke Nnaji,DEN,2021-22,january,Finisher,Finisher,Forward,13.4,0.8,33.333333333333336,,81,13,15.9,7.2
1627777,Georges Niang,PHI,2021-22,january,Role Player,Role,Forward,13.9,10.0,72.58064516129032,,79,15,22.7,7.1
203458,Alex Len,SAC,2021-22,january,Role Player,Role,Big,18.7,12.4,7.142857142857144,,84,10,17.4,7.1
1626192,Pat Connaughton,MIL,2021-22,january,Role Player,Role,Guard,10.4,7.3,78.57142857142858,,77,12,24.6,7.1
1629660,Ty Jerome,OKC,2021-22,january,Stretch Shooter,Shooter,Guard,19.1,21.7,61.42857142857142,,77,13,17.7,7.1
1628464,Daniel Theis,BOS,2021-22,january,Role Player,Role,Forward,16.7,4.7,50.0,,81,5,21.1,7.0
1630173,Precious Achiuwa,TOR,2021-22,january,Finisher,Finisher,Forward,14.1,5.6,17.460317460317462,,80,16,23.0,6.9
203486,Mason Plumlee,CHA,2021-22,january,Role Player,Role,Big,11.8,15.7,0.0,,83,15,24.8,6.9
1629680,Matisse Thybulle,PHI,2021-22,january,Role Player,Role,Guard,7.6,7.3,53.333333333333336,,77,8,27.1,6.8
1629052,Oshae Brissett,IND,2021-22,january,Role Player,Role,Forward,14.9,4.0,47.61904761904762,,79,15,21.7,6.7
1629013,Landry Shamet,PHX,2021-22,january,3&D Wing,Wing,Guard,15.1,12.7,78.43137254901961,,76,11,17.5,6.7
1630578,Alperen Sengun,HOU,2021-22,january,Shot Creator,Scorer,Big,24.5,14.1,19.29824561403509,14.9,82,7,15.2,6.7
1628021,David Nwaba,HOU,2021-22,january,Role Player,Role,Guard,13.3,12.5,27.083333333333336,,77,6,17.0,6.7
1628966,Keita Bates-Diop,SAS,2021-22,january,Role Player,Role,Forward,14.1,4.9,25.396825396825403,,80,12,22.1,6.7
1630563,Joshua Primo,SAS,2021-22,january,Role Player,Role,Guard,18.2,11.6,49.23076923076923,,76,11,20.3,6.6
203210,JaMychal Green,DEN,2021-22,january,Role Player,Role,Forward,16.8,8.2,34.146341463414636,,80,8,15.3,6.6
1628978,Donte DiVincenzo,SAC,2021-22,january,Movement Shooter,Shooter,Guard,18.9,14.6,63.888888888888886,1.9,76,10,21.0,6.6
201588,George Hill,MIL,2021-22,january,Role Player,Role,Guard,10.9,14.0,62.264150943396224,,76,10,24.4,6.6
1628998,Cody Martin,CHA,2021-22,january,Role Player,Role,Forward,11.7,11.5,44.26229508196722,,78,15,28.1,6.5
201980,Danny Green,PHI,2021-22,january,Role Player,Role,Forward,12.9,2.6,80.0,,78,8,18.5,6.5
1626172,Kevon Looney,GSW,2021-22,january,Finisher,Finisher,Forward,11.9,10.9,0.0,,81,17,24.9,6.5
203083,Andre Drummond,BKN,2021-22,january,Finisher,Finisher,Big,17.7,15.3,2.127659574468085,,82,15,17.1,6.5
1627745,Damian Jones,SAC,2021-22,january,Role Player,Role,Big,14.9,14.7,11.904761904761903,,83,11,18.3,6.5
1630200,Tre Jones,SAS,2021-22,january,Finisher,Finisher,Guard,16.1,23.8,12.962962962962962,4.8,73,9,16.5,6.4
1627814,Damion Lee,GSW,2021-22,january,Role Player,Role,Guard,14.0,7.0,48.93617021276595,,77,15,18.3,6.4
1630167,Obi Toppin,NYK,2021-22,january,3&D Wing,Wing,Forward,16.7,9.4,34.04255319148936,,81,15,15.3,6.4
1630182,Josh Green,DAL,2021-22,january,3&D Wing,Wing,Guard,14.0,12.7,25.0,,77,16,16.6,6.4
1630526,Jeremiah Robinson-Earl,OKC,2021-22,january,3&D Wing,Wing,Forward,13.1,8.9,54.41176470588236,,80,12,24.7,6.3
1630165,Killian Hayes,DET,2021-22,january,Role Player,Role,Guard,14.4,24.7,38.095238095238095,,77,13,24.7,6.1
1629604,CJ Elleby,POR,2021-22,january,Role Player,Role,Forward,14.6,14.5,44.89795918367347,,78,10,16.6,5.9
1630559,Austin Reaves,LAL,2021-22,january,Shot Creator,Scorer,Guard,10.5,9.1,53.333333333333336,13.5,77,14,22.8,5.8
1627752,Taurean Prince,MIN,2021-22,january,3&D Wing,Wing,Forward,13.7,7.9,52.5,,78,15,15.5,5.7
202083,Wesley Matthews,MIL,2021-22,january,Role Player,Role,Guard,11.1,4.2,70.37037037037037,,76,14,22.5,5.7
1630267,Facundo Campazzo,DEN,2021-22,january,Role Player,Role,Guard,14.8,32.9,61.22448979591836,,70,16,20.8,5.7
1626153,Delon Wright,ATL,2021-22,january,Role Player,Role,Guard,11.2,19.7,50.0,,77,15,21.4,5.7
1629723,John Konchar,MEM,2021-22,january,3&D Wing,Wing,Guard,9.1,9.0,52.17391304347826,,77,12,24.2,5.7
202357,Nemanja Bjelica,GSW,2021-22,january,Role Player,Role,Forward,18.1,20.6,42.5531914893617,,81,15,16.0,5.7
1626169,Stanley Johnson,LAL,2021-22,january,Role Player,Role,Forward,11.2,9.0,45.65217391304349,,78,13,21.1,5.6
1628372,Dennis Smith Jr.,POR,2021-22,january,Role Player,Role,Guard,17.1,32.1,9.803921568627452,,74,15,16.1,5.6
1630199,Cassius Stanley,DET,2021-22,january,Role Player,Role,Guard,13.6,4.7,38.63636363636363,,77,7,15.5,5.6
203526,Raul Neto,WAS,2021-22,january,Role Player,Role,Guard,16.1,19.6,27.450980392156865,,74,9,18.2,5.6
1627884,Derrick Jones Jr.,CHI,2021-22,january,3&D Wing,Wing,Forward,10.8,3.6,56.666666666666664,,78,6,17.1,5.5
1629684,Grant Williams,BOS,2021-22,january,3&D Wing,Wing,Forward,10.9,6.5,73.91304347826087,,78,16,23.3,5.4
1629667,Jalen McDaniels,CHA,2021-22,january,Role Player,Role,Forward,16.3,12.9,36.36363636363637,,81,10,16.7,5.4
1627761,DeAndre' Bembry,MIL,2021-22,january,Role Player,Role,Guard,11.2,8.2,9.090909090909092,,77,14,18.8,5.4
201949,James Johnson,BKN,2021-22,january,Role Player,Role,Forward,13.7,15.6,27.083333333333336,,79,13,17.2,5.3
202066,Garrett Temple,NOP,2021-22,january,Role Player,Role,Guard,13.5,13.1,58.333333333333336,,77,15,21.4,5.1
1628972,Troy Brown Jr.,CHI,2021-22,january,Role Player,Role,Forward,10.5,8.7,54.54545454545454,,78,16,21.7,5.0
203500,Steven Adams,MEM,2021-22,january,Finisher,Finisher,Big,10.0,13.6,0.0,,83,12,28.1,4.9
204060,Joe Ingles,POR,2021-22,january,Role Player,Role,Forward,12.3,20.8,80.95238095238095,,80,11,24.2,4.9
201571,D.J. Augustin,LAL,2021-22,january,Role Player,Role,Guard,16.8,14.5,72.72727272727273,,71,5,15.4,4.8
1630181,R.J. Hampton,ORL,2021-22,january,Role Player,Role,Guard,16.7,17.6,29.82456140350877,,76,10,18.8,4.7
1628971,Bruce Brown,BKN,2021-22,january,Finisher,Finisher,Guard,12.0,7.6,12.820512820512825,4.1,76,13,17.1,4.5
1630235,Trent Forrest,UTA,2021-22,january,Role Player,Role,Guard,14.4,15.4,9.67741935483871,,76,12,15.0,4.5
1629681,Killian Tillie,MEM,2021-22,january,Role Player,Role,Forward,13.0,5.8,67.3913043478261,,81,9,16.1,4.4
203457,Nerlens Noel,NYK,2021-22,january,Rim Protector,Big,Big,7.0,8.1,7.6923076923076925,,83,5,23.6,4.2
2738,Andre Iguodala,GSW,2021-22,january,Role Player,Role,Forward,11.5,27.7,51.21951219512195,,78,8,20.7,4.0
202324,Derrick Favors,OKC,2021-22,january,Role Player,Role,Forward,12.8,6.4,13.636363636363637,,81,5,15.7,4.0
203920,Khem Birch,TOR,2021-22,january,Role Player,Role,Forward,10.7,7.7,11.11111111111111,,81,7,17.1,3.3
201959,Taj Gibson,NYK,2021-22,january,Role Player,Role,Forward,8.9,5.6,8.695652173913045,,81,13,17.5,3.2
204025,Tim Frazier,CLE,2021-22,january,Role Player,Role,Guard,10.5,23.2,27.77777777777778,,72,5,19.9,2.8
2772,Trevor Ariza,LAL,2021-22,january,Role Player,Role,Forward,10.6,8.7,83.78378378378379,,80,11,18.2,2.6
203503,Tony Snell,NOP,2021-22,january,Role Player,Role,Forward,7.5,1.6,68.0,,78,10,16.0,1.8
1629029,Luka Dončić,DAL,2021-22,february,Primary Initiator,Primary,Forward,41.8,46.8,38.18897637795275,16.0,79,10,37.1,34.7
201942,DeMar DeRozan,CHI,2021-22,february,Primary Initiator,Primary,Forward,33.0,23.4,8.189655172413794,19.9,78,13,38.5,34.2
1629630,Ja Morant,MEM,2021-22,february,Primary Initiator,Primary,Guard,35.7,29.3,19.04761904761905,14.1,75,9,33.1,33.0
203954,Joel Embiid,PHI,2021-22,february,Shot Creator,Scorer,Big,40.7,27.5,22.4390243902439,12.3,84,10,33.1,32.5
203507,Giannis Antetokounmpo,MIL,2021-22,february,Playmaking Big,Big,Big,30.9,33.0,21.38728323699422,10.9,83,9,33.1,32.1
1629628,RJ Barrett,NYK,2021-22,february,Secondary Ball Handler,Secondary,Forward,29.2,15.8,30.630630630630627,2.7,78,6,40.2,28.3
2544,LeBron James,LAL,2021-22,february,Primary Initiator,Primary,Forward,32.9,33.1,32.73542600896861,12.8,81,7,37.2,28.3
1629027,Trae Young,ATL,2021-22,february,Primary Initiator,Primary,Guard,32.4,44.1,34.82587064676616,12.0,73,10,34.4,28.2
1628378,Donovan Mitchell,UTA,2021-22,february,Primary Initiator,Primary,Guard,30.4,26.2,54.891304347826086,11.4,73,8,33.5,27.9
1626164,Devin Booker,PHX,2021-22,february,Primary Initiator,Primary,Guard,30.8,22.2,33.95348837209302,14.0,77,12,36.8,27.4
1628368,De'Aaron Fox,SAC,2021-22,february,Primary Initiator,Primary,Guard,29.2,25.7,22.4390243902439,10.1,75,8,37.5,27.0
202681,Kyrie Irving,BKN,2021-22,february,Primary Initiator,Primary,Guard,30.3,23.9,34.25925925925925,,74,7,37.8,25.7
203944,Julius Randle,NYK,2021-22,february,Primary Initiator,Primary,Forward,30.0,30.6,25.373134328358205,15.8,80,10,38.3,25.2
203468,CJ McCollum,NOP,2021-22,february,Secondary Ball Handler,Secondary,Guard,27.6,25.2,38.308457711442784,8.8,75,10,35.0,24.7
1628369,Jayson Tatum,BOS,2021-22,february,Role Player,Role,Forward,29.9,21.1,44.680851063829785,,80,11,34.3,24.5
201939,Stephen Curry,GSW,2021-22,february,Movement Shooter,Shooter,Guard,26.8,34.0,57.14285714285714,10.1,74,9,34.7,24.0
1627749,Dejounte Murray,SAS,2021-22,february,Role Player,Role,Guard,26.8,41.3,16.577540106951876,,76,9,35.8,23.8
1629014,Anfernee Simons,POR,2021-22,february,Shot Creator,Scorer,Guard,27.9,24.1,55.08021390374333,18.2,75,10,34.0,23.7
1626157,Karl-Anthony Towns,MIN,2021-22,february,Playmaking Big,Big,Big,26.1,20.8,24.848484848484848,10.0,83,12,32.9,23.7
203999,Nikola Jokić,DEN,2021-22,february,Playmaking Big,Big,Big,28.9,41.6,28.025477707006377,5.3,83,11,32.6,23.4
1629652,Luguentz Dort,OKC,2021-22,february,Stretch Shooter,Shooter,Guard,28.2,10.5,54.06976744186047,,75,6,34.4,23.3
203076,Anthony Davis,LAL,2021-22,february,Post Scorer,Big,Big,23.3,15.5,4.697986577181208,11.5,82,7,35.1,22.9
203897,Zach LaVine,CHI,2021-22,february,Secondary Ball Handler,Secondary,Guard,25.0,19.6,39.024390243902445,9.3,77,8,37.3,22.8
1628389,Bam Adebayo,MIA,2021-22,february,3&D Wing,Wing,Forward,26.5,17.8,2.666666666666667,8.0,81,11,33.2,22.0
1626179,Terry Rozier,CHA,2021-22,february,Role Player,Role,Guard,22.9,23.8,50.0,,73,12,38.1,21.8
1630163,LaMelo Ball,CHA,2021-22,february,Primary Initiator,Primary,Forward,28.4,30.7,42.473118279569896,12.2,79,12,34.7,21.6
1626156,D'Angelo Russell,MIN,2021-22,february,Stretch Shooter,Shooter,Guard,25.9,31.0,52.17391304347826,8.7,76,10,32.5,21.5
202696,Nikola Vučević,CHI,2021-22,february,Post Scorer,Big,Big,26.2,14.6,23.728813559322035,,82,13,35.1,21.4
1627783,Pascal Siakam,TOR,2021-22,february,Shot Creator,Scorer,Forward,24.8,21.7,18.71345029239766,13.3,80,12,37.0,21.3
1627759,Jaylen Brown,BOS,2021-22,february,Shot Creator,Scorer,Forward,28.1,21.2,32.35294117647059,20.6,78,11,33.9,21.2
1629639,Tyler Herro,MIA,2021-22,february,Shot Creator,Scorer,Guard,27.6,17.8,39.735099337748345,13.3,77,7,29.7,21.1
1627742,Brandon Ingram,NOP,2021-22,february,Primary Initiator,Primary,Forward,28.5,28.6,18.12865497076023,13.8,80,11,33.8,21.1
1628398,Kyle Kuzma,WAS,2021-22,february,3&D Wing,Wing,Forward,27.2,20.3,37.2093023255814,5.1,81,11,35.0,21.0
202710,Jimmy Butler III,MIA,2021-22,february,Shot Creator,Scorer,Forward,27.0,20.8,12.16216216216216,17.7,79,11,34.1,20.9
1627832,Fred VanVleet,TOR,2021-22,february,Stretch Shooter,Shooter,Guard,23.9,27.3,63.92405063291139,,73,9,36.1,20.7
203084,Harrison Barnes,SAC,2021-22,february,3&D Wing,Wing,Forward,18.8,11.4,32.38095238095238,8.0,80,11,34.3,20.4
1627747,Caris LeVert,CLE,2021-22,february,Secondary Ball Handler,Secondary,Forward,27.2,23.3,21.11111111111111,6.2,78,6,33.2,20.2
1626171,Bobby Portis,MIL,2021-22,february,3&D Wing,Wing,Big,22.8,6.4,48.25174825174825,3.2,82,10,29.5,19.5
201950,Jrue Holiday,MIL,2021-22,february,Secondary Ball Handler,Secondary,Guard,21.1,26.0,33.85826771653544,10.1,75,10,34.4,19.5
1629640,Keldon Johnson,SAS,2021-22,february,3&D Wing,Wing,Forward,22.0,8.1,44.89795918367347,3.9,78,10,33.4,19.3
202691,Klay Thompson,GSW,2021-22,february,Movement Shooter,Shooter,Forward,26.0,19.0,53.99999999999999,,78,7,27.9,19.3
1629018,Gary Trent Jr.,TOR,2021-22,february,3&D Wing,Wing,Guard,22.2,7.8,46.79487179487179,,77,12,34.8,19.2
203095,Evan Fournier,NYK,2021-22,february,Stretch Shooter,Shooter,Forward,21.6,10.6,69.4267515923567,,78,10,34.8,19.0
1630178,Tyrese Maxey,PHI,2021-22,february,Shot Creator,Scorer,Guard,19.8,16.6,28.57142857142857,14.5,74,10,35.0,18.9
1628970,Miles Bridges,CHA,2021-22,february,3&D Wing,Wing,Forward,21.5,17.3,36.80555555555555,9.0,79,12,37.3,18.7
1628976,Wendell Carter Jr.,ORL,2021-22,february,3&D Wing,Wing,Big,22.5,16.9,26.016260162601625,,82,11,30.3,18.5
203114,Khris Middleton,MIL,2021-22,february,Secondary Ball Handler,Secondary,Forward,23.5,20.0,50.0,6.1,79,10,32.8,18.4
1627741,Buddy Hield,IND,2021-22,february,Movement Shooter,Shooter,Guard,20.1,14.1,56.462585034013614,,76,10,34.5,18.1
1628404,Josh Hart,POR,2021-22,february,3&D Wing,Wing,Guard,20.2,19.1,48.30508474576271,,77,6,33.9,18.0
202694,Marcus Morris Sr.,LAC,2021-22,february,Role Player,Role,Forward,22.9,9.9,40.74074074074074,,80,10,29.9,17.7
202704,Reggie Jackson,LAC,2021-22,february,Primary Initiator,Primary,Guard,28.1,33.3,31.176470588235293,,74,10,32.6,17.7
1630169,Tyrese Haliburton,IND,2021-22,february,Role Player,Role,Guard,19.5,38.6,45.86466165413533,,77,10,38.1,17.7
203994,Jusuf Nurkić,POR,2021-22,february,Finisher,Finisher,Big,24.0,18.3,9.420289855072465,,83,8,32.3,17.6
1628381,John Collins,ATL,2021-22,february,3&D Wing,Wing,Forward,24.0,5.2,27.027027027027025,,81,5,28.3,17.6
1628969,Mikal Bridges,PHX,2021-22,february,3&D Wing,Wing,Forward,16.4,10.2,36.440677966101696,2.3,78,12,36.1,17.4
1627734,Domantas Sabonis,SAC,2021-22,february,Playmaking Big,Big,Big,23.8,27.4,7.462686567164178,,83,8,32.0,17.4
1628973,Jalen Brunson,DAL,2021-22,february,Shot Creator,Scorer,Guard,21.4,18.3,28.35820895522388,14.4,73,10,35.7,17.3
1630180,Saddiq Bey,DET,2021-22,february,Stretch Shooter,Shooter,Forward,20.0,19.4,55.24475524475524,6.5,79,12,33.6,17.2
203992,Bogdan Bogdanović,ATL,2021-22,february,Stretch Shooter,Shooter,Forward,21.7,17.6,55.30303030303031,,78,10,30.4,17.0
1626174,Christian Wood,HOU,2021-22,february,Role Player,Role,Forward,23.3,12.6,38.70967741935484,,81,9,30.6,17.0
1628386,Jarrett Allen,CLE,2021-22,february,Finisher,Finisher,Big,19.1,6.4,0.9433962264150944,,82,10,32.0,16.9
202685,Jonas Valančiūnas,NOP,2021-22,february,Post Scorer,Big,Big,22.0,12.9,17.92452830188679,,83,11,29.8,16.8
1628991,Jaren Jackson Jr.,MEM,2021-22,february,3&D Wing,Wing,Big,24.0,5.6,39.097744360902254,11.1,83,10,27.1,16.8
202711,Bojan Bogdanovic,UTA,2021-22,february,Role Player,Role,Forward,23.6,7.9,47.183098591549296,,79,9,31.3,16.7
1630162,Anthony Edwards,MIN,2021-22,february,Shot Creator,Scorer,Guard,25.0,15.9,46.0,23.4,76,12,32.1,16.5
1630224,Jalen Green,HOU,2021-22,february,Stretch Shooter,Shooter,Guard,20.9,13.2,53.43511450381679,,76,10,32.2,16.5
203924,Jerami Grant,DET,2021-22,february,3&D Wing,Wing,Forward,23.7,11.3,40.57971014492753,10.7,80,12,30.1,16.5
1630560,Cam Thomas,BKN,2021-22,february,Shot Creator,Scorer,Guard,25.1,13.7,31.11111111111111,16.4,75,13,26.7,16.5
1630175,Cole Anthony,ORL,2021-22,february,Secondary Ball Handler,Secondary,Guard,24.2,24.8,34.81481481481482,6.9,75,11,31.7,16.5
1630581,Josh Giddey,OKC,2021-22,february,Secondary Ball Handler,Secondary,Forward,24.4,36.2,24.657534246575345,5.0,80,10,33.4,16.3
1629632,Coby White,CHI,2021-22,february,Stretch Shooter,Shooter,Guard,19.2,15.8,57.72357723577235,7.7,76,11,31.0,16.3
1630595,Cade Cunningham,DET,2021-22,february,Primary Initiator,Primary,Forward,29.9,21.7,28.025477707006377,11.5,78,7,28.3,15.9
203903,Jordan Clarkson,UTA,2021-22,february,Stretch Shooter,Shooter,Guard,24.7,12.5,52.63157894736842,5.2,76,7,24.2,15.9
101108,Chris Paul,PHX,2021-22,february,Secondary Ball Handler,Secondary,Guard,21.1,45.2,30.0,,72,9,33.6,15.8
1629028,Deandre Ayton,PHX,2021-22,february,Finisher,Finisher,Big,21.2,5.8,2.7777777777777777,,83,12,27.9,15.8
203493,Reggie Bullock Jr.,DAL,2021-22,february,Role Player,Role,Forward,14.8,4.2,82.72727272727273,,78,8,35.8,15.8
202699,Tobias Harris,PHI,2021-22,february,3&D Wing,Wing,Forward,19.1,13.4,20.930232558139537,4.2,79,10,35.6,15.5
1630567,Scottie Barnes,TOR,2021-22,february,Finisher,Finisher,Forward,19.0,12.1,17.543859649122805,7.9,79,12,31.8,15.2
1626162,Kelly Oubre Jr.,CHA,2021-22,february,Shot Creator,Scorer,Forward,22.2,6.4,59.285714285714285,12.1,78,12,30.5,15.1
1626149,Montrezl Harrell,CHA,2021-22,february,Role Player,Role,Forward,20.7,11.8,2.061855670103093,,79,11,26.7,14.9
1630228,Jonathan Kuminga,GSW,2021-22,february,Shot Creator,Scorer,Forward,22.3,9.8,32.608695652173914,12.6,79,10,25.6,14.8
203552,Seth Curry,BKN,2021-22,february,Stretch Shooter,Shooter,Guard,19.7,16.8,50.793650793650805,,74,9,31.6,14.8
1630532,Franz Wagner,ORL,2021-22,february,Finisher,Finisher,Big,19.8,15.2,36.206896551724135,7.6,82,11,29.7,14.7
1630217,Desmond Bane,MEM,2021-22,february,Movement Shooter,Shooter,Guard,21.8,14.5,51.82481751824818,7.0,77,10,29.9,14.7
200746,LaMarcus Aldridge,BKN,2021-22,february,Rim Protector,Big,Big,24.5,7.4,8.602150537634408,,83,6,20.8,14.7
1630596,Evan Mobley,CLE,2021-22,february,Finisher,Finisher,Big,20.8,12.3,9.243697478991598,4.7,83,10,33.9,14.6
1630544,Tre Mann,OKC,2021-22,february,Secondary Ball Handler,Secondary,Guard,21.8,13.9,45.65217391304348,8.5,75,12,30.0,14.6
1627751,Jakob Poeltl,SAS,2021-22,february,Finisher,Finisher,Big,18.6,15.4,1.0309278350515465,,85,9,29.5,14.6
203115,Will Barton,DEN,2021-22,february,Role Player,Role,Guard,20.4,12.1,45.21739130434783,,77,12,30.5,14.5
201567,Kevin Love,CLE,2021-22,february,Stretch Shooter,Shooter,Forward,27.3,15.8,58.4,,80,10,23.8,14.3
1629645,Kevin Porter Jr.,HOU,2021-22,february,Stretch Shooter,Shooter,Guard,21.3,28.1,62.727272727272734,9.8,76,7,28.5,14.3
203932,Aaron Gordon,DEN,2021-22,february,Shot Creator,Scorer,Forward,18.6,12.9,31.858407079646017,16.0,80,10,30.4,14.2
1629022,Lonnie Walker IV,SAS,2021-22,february,Role Player,Role,Guard,24.8,11.5,35.53719008264463,,76,10,24.5,14.2
1629673,Jordan Poole,GSW,2021-22,february,Stretch Shooter,Shooter,Guard,24.0,22.5,51.78571428571429,7.9,76,10,26.4,14.1
1628420,Monte Morris,DEN,2021-22,february,Role Player,Role,Guard,15.8,18.9,44.79166666666667,,74,9,29.4,14.0
201566,Russell Westbrook,LAL,2021-22,february,Shot Creator,Scorer,Guard,26.0,24.4,21.27659574468085,13.4,75,8,31.7,13.9
203952,Andrew Wiggins,GSW,2021-22,february,3&D Wing,Wing,Forward,20.4,11.4,44.61538461538461,10.9,79,9,31.4,13.8
1630537,Chris Duarte,IND,2021-22,february,Role Player,Role,Guard,21.9,11.7,35.64356435643565,,77,8,26.0,13.5
1630256,Jae'Sean Tate,HOU,2021-22,february,Role Player,Role,Guard,19.3,16.4,26.041666666666668,,76,10,29.5,13.5
1629661,Cameron Johnson,PHX,2021-22,february,3&D Wing,Wing,Forward,17.5,10.4,63.44086021505376,,80,12,26.0,13.4
1629611,Terance Mann,LAC,2021-22,february,3&D Wing,Wing,Guard,17.7,14.9,20.952380952380953,3.7,77,10,29.4,13.4
1628977,Hamidou Diallo,DET,2021-22,february,Role Player,Role,Guard,24.2,9.4,18.269230769230766,,77,12,21.8,13.3
200768,Kyle Lowry,MIA,2021-22,february,Role Player,Role,Guard,14.8,24.4,59.036144578313255,,72,9,34.9,13.2
201568,Danilo Gallinari,ATL,2021-22,february,Role Player,Role,Big,19.6,6.6,40.4040404040404,,82,9,26.6,13.1
203484,Kentavious Caldwell-Pope,WAS,2021-22,february,3&D Wing,Wing,Guard,18.8,8.8,38.93805309734513,3.1,77,11,30.7,13.1
1628401,Derrick White,BOS,2021-22,february,Stretch Shooter,Shooter,Guard,21.0,18.9,54.0,4.7,76,11,27.4,13.0
203935,Marcus Smart,BOS,2021-22,february,Stretch Shooter,Shooter,Guard,18.2,23.0,56.04395604395605,4.2,76,10,29.2,13.0
1626224,Cedi Osman,CLE,2021-22,february,Stretch Shooter,Shooter,Forward,23.1,17.2,58.94736842105262,,79,10,23.8,12.9
1628370,Malik Monk,LAL,2021-22,february,Secondary Ball Handler,Secondary,Guard,20.7,13.9,48.333333333333336,8.4,75,9,29.2,12.9
1630170,Devin Vassell,SAS,2021-22,february,Movement Shooter,Shooter,Guard,18.0,15.0,46.08695652173913,2.7,77,11,29.7,12.8
1630558,Davion Mitchell,SAC,2021-22,february,Shot Creator,Scorer,Guard,21.5,18.3,45.90163934426229,28.6,72,10,28.1,12.8
1629631,De'Andre Hunter,ATL,2021-22,february,3&D Wing,Wing,Forward,19.3,7.4,32.407407407407405,7.5,80,10,29.2,12.6
203926,Doug McDermott,SAS,2021-22,february,3&D Wing,Wing,Forward,17.5,7.2,51.61290322580645,,79,10,24.0,12.6
1629052,Oshae Brissett,IND,2021-22,february,Role Player,Role,Forward,18.2,6.8,45.54455445544554,,79,10,28.9,12.6
201569,Eric Gordon,HOU,2021-22,february,Stretch Shooter,Shooter,Guard,18.1,8.7,61.86440677966101,,75,6,29.9,12.5
1630591,Jalen Suggs,ORL,2021-22,february,Secondary Ball Handler,Secondary,Guard,24.7,31.7,31.896551724137932,6.6,77,11,26.9,12.5
1628384,OG Anunoby,TOR,2021-22,february,3&D Wing,Wing,Forward,17.6,11.1,43.333333333333336,5.9,79,9,35.1,12.4
1629637,Jaxson Hayes,NOP,2021-22,february,Finisher,Finisher,Big,13.7,5.2,10.937499999999998,,83,11,25.7,12.4
1629647,Darius Bazley,OKC,2021-22,february,Role Player,Role,Forward,18.1,8.2,33.33333333333333,,80,12,33.2,12.3
1626159,Justise Winslow,POR,2021-22,february,Role Player,Role,Forward,17.9,15.3,32.075471698113205,,78,7,30.0,12.3
202362,Lance Stephenson,IND,2021-22,february,Role Player,Role,Guard,23.9,25.3,20.792079207920793,,77,9,22.4,12.1
1628989,Kevin Huerter,ATL,2021-22,february,3&D Wing,Wing,Forward,16.0,10.8,58.8785046728972,,79,10,30.6,12.1
1629634,Brandon Clarke,MEM,2021-22,february,Role Player,Role,Forward,18.5,12.3,1.2195121951219514,,80,10,21.4,12.0
1627736,Malik Beasley,MIN,2021-22,february,Stretch Shooter,Shooter,Guard,20.1,5.7,76.34408602150536,,76,11,19.6,11.8
203471,Dennis Schröder,HOU,2021-22,february,Shot Creator,Scorer,Guard,23.6,33.8,37.272727272727266,14.8,73,9,25.5,11.8
201144,Mike Conley,UTA,2021-22,february,Stretch Shooter,Shooter,Guard,22.5,29.1,56.14035087719298,,73,9,26.5,11.8
1629726,Garrison Mathews,HOU,2021-22,february,Role Player,Role,Guard,15.7,7.3,79.01234567901236,,77,10,26.0,11.7
1629001,De'Anthony Melton,MEM,2021-22,february,Stretch Shooter,Shooter,Guard,20.5,13.3,51.61290322580645,,74,10,21.4,11.5
1630183,Jaden McDaniels,MIN,2021-22,february,3&D Wing,Wing,Forward,16.1,7.9,48.27586206896552,2.3,81,12,26.0,11.5
1629057,Robert Williams III,BOS,2021-22,february,Finisher,Finisher,Forward,12.2,10.1,0.0,,81,9,31.0,11.1
1630197,Aleksej Pokusevski,OKC,2021-22,february,Role Player,Role,Big,19.5,11.8,40.86021505376344,,84,9,24.0,11.0
1627854,Bryn Forbes,DEN,2021-22,february,Stretch Shooter,Shooter,Guard,18.9,9.1,55.12820512820513,,74,12,20.5,11.0
203914,Gary Harris,ORL,2021-22,february,3&D Wing,Wing,Guard,15.1,10.0,69.41176470588236,,76,11,27.7,11.0
1629750,Javonte Green,CHI,2021-22,february,3&D Wing,Wing,Guard,12.6,4.9,32.35294117647059,,77,12,29.6,11.0
1630678,Terry Taylor,IND,2021-22,february,Role Player,Role,Guard,16.1,11.0,10.126582278481012,,77,10,23.4,10.8
1630245,Ayo Dosunmu,CHI,2021-22,february,3&D Wing,Wing,Guard,12.8,22.2,41.86046511627907,2.2,76,12,36.6,10.8
1630557,Corey Kispert,WAS,2021-22,february,Movement Shooter,Shooter,Forward,16.4,6.6,63.73626373626373,,78,11,28.2,10.7
203915,Spencer Dinwiddie,DAL,2021-22,february,Role Player,Role,Forward,19.3,29.3,36.666666666666664,,78,8,27.6,10.6
1628402,Frank Jackson,DET,2021-22,february,Stretch Shooter,Shooter,Guard,20.2,8.3,54.0,,75,7,22.7,10.6
1629023,P.J. Washington,CHA,2021-22,february,3&D Wing,Wing,Forward,13.3,7.6,63.636363636363626,4.1,79,12,31.5,10.5
201976,Patrick Beverley,MIN,2021-22,february,Role Player,Role,Guard,17.0,21.0,65.85365853658539,,73,11,27.0,10.5
1627826,Ivica Zubac,LAC,2021-22,february,Post Scorer,Big,Big,18.3,12.3,0.0,,84,9,24.5,10.4
1629002,Chimezie Metu,SAC,2021-22,february,Role Player,Role,Forward,18.4,9.8,37.142857142857146,,81,8,22.3,10.4
1629060,Rui Hachimura,WAS,2021-22,february,3&D Wing,Wing,Forward,19.6,8.7,27.848101265822784,3.7,80,10,21.2,10.3
203526,Raul Neto,WAS,2021-22,february,Role Player,Role,Guard,18.3,26.6,35.0,,74,11,24.3,10.3
1627827,Dorian Finney-Smith,DAL,2021-22,february,Role Player,Role,Forward,11.9,6.0,66.25,,79,10,37.0,10.2
1630529,Herbert Jones,NOP,2021-22,february,3&D Wing,Wing,Forward,14.8,9.4,27.77777777777778,,79,11,30.8,10.1
1629643,Chuma Okeke,ORL,2021-22,february,Role Player,Role,Forward,15.3,12.9,66.27906976744187,,78,11,25.6,10.0
1628379,Luke Kennard,LAC,2021-22,february,Movement Shooter,Shooter,Guard,14.3,14.7,72.85714285714285,,77,9,24.3,10.0
1630191,Isaiah Stewart,DET,2021-22,february,Finisher,Finisher,Forward,15.1,4.9,3.4482758620689653,,80,12,28.2,9.8
203210,JaMychal Green,DEN,2021-22,february,Role Player,Role,Forward,19.5,9.2,39.34426229508197,,80,11,17.5,9.8
203200,Justin Holiday,SAC,2021-22,february,Role Player,Role,Forward,15.0,7.8,69.14893617021276,,78,10,30.7,9.8
201145,Jeff Green,DEN,2021-22,february,Role Player,Role,Forward,17.0,8.9,39.3939393939394,,80,12,21.8,9.8
1630533,Ziaire Williams,MEM,2021-22,february,3&D Wing,Wing,Forward,11.8,4.3,49.25373134328358,,81,10,24.8,9.7
1628962,Udoka Azubuike,UTA,2021-22,february,Rim Protector,Big,Big,16.0,0.0,0.0,,84,6,20.3,9.7
1630578,Alperen Sengun,HOU,2021-22,february,Shot Creator,Scorer,Big,20.4,20.0,30.136986301369863,14.9,82,10,22.2,9.6
1629130,Duncan Robinson,MIA,2021-22,february,Movement Shooter,Shooter,Forward,17.3,12.5,88.23529411764706,,79,11,24.7,9.5
1629684,Grant Williams,BOS,2021-22,february,3&D Wing,Wing,Forward,11.9,7.5,56.4516129032258,,78,11,26.7,9.5
1630231,KJ Martin,HOU,2021-22,february,Role Player,Role,Guard,16.7,5.5,28.000000000000004,,77,10,22.3,9.5
1626168,Trey Lyles,SAC,2021-22,february,Role Player,Role,Forward,21.6,6.0,29.03225806451613,,81,10,15.1,9.5
201143,Al Horford,BOS,2021-22,february,3&D Wing,Wing,Forward,13.2,14.2,50.0,,81,10,27.9,9.3
203090,Maurice Harkless,SAC,2021-22,february,Role Player,Role,Forward,14.2,3.6,53.125,,79,9,24.2,9.2
203500,Steven Adams,MEM,2021-22,february,Playmaking Big,Big,Big,12.6,20.2,0.0,,83,10,27.7,9.2
1630166,Deni Avdija,WAS,2021-22,february,Shot Creator,Scorer,Forward,15.1,8.5,43.42105263157895,14.0,81,11,28.0,9.2
1627752,Taurean Prince,MIN,2021-22,february,Stretch Shooter,Shooter,Forward,19.4,8.9,59.09090909090909,,78,11,16.6,9.2
1628971,Bruce Brown,BKN,2021-22,february,Finisher,Finisher,Guard,14.5,13.0,21.21212121212121,4.1,76,13,24.0,9.2
203503,Tony Snell,NOP,2021-22,february,Role Player,Role,Forward,12.7,4.6,84.12698412698413,,78,7,22.6,9.1
1628960,Grayson Allen,MIL,2021-22,february,3&D Wing,Wing,Guard,13.4,9.9,66.21621621621621,2.8,76,8,24.7,9.1
1629026,Kenrich Williams,OKC,2021-22,february,3&D Wing,Wing,Forward,15.3,23.0,44.59459459459459,,78,8,26.0,9.1
1626220,Royce O'Neale,UTA,2021-22,february,3&D Wing,Wing,Guard,11.5,11.3,74.19354838709677,,77,9,30.7,9.1
203939,Dwight Powell,DAL,2021-22,february,Finisher,Finisher,Big,13.2,8.2,3.921568627450981,,82,10,24.5,9.1
203109,Jae Crowder,PHX,2021-22,february,Role Player,Role,Forward,13.3,9.6,64.47368421052633,,78,12,28.9,9.1
1630173,Precious Achiuwa,TOR,2021-22,february,Finisher,Finisher,Forward,19.3,8.9,25.71428571428572,,80,12,19.0,9.1
202692,Alec Burks,NYK,2021-22,february,Role Player,Role,Forward,15.1,16.4,43.83561643835617,,78,10,26.7,9.0
1630538,Bones Hyland,DEN,2021-22,february,Stretch Shooter,Shooter,Guard,23.5,22.3,61.25000000000001,10.9,74,12,18.0,8.9
201580,JaVale McGee,PHX,2021-22,february,Rim Protector,Big,Big,21.9,4.8,4.615384615384615,,84,12,15.3,8.8
1629216,Gabe Vincent,MIA,2021-22,february,Movement Shooter,Shooter,Guard,14.9,18.8,65.38461538461539,,75,11,26.3,8.8
1628449,Chris Boucher,TOR,2021-22,february,Role Player,Role,Forward,14.0,1.6,29.629629629629623,,81,12,20.0,8.8
1627745,Damian Jones,SAC,2021-22,february,Role Player,Role,Big,15.7,12.9,6.666666666666667,,83,8,17.0,8.8
202355,Hassan Whiteside,UTA,2021-22,february,Rim Protector,Big,Big,13.5,3.6,0.0,,84,8,21.5,8.8
1627777,Georges Niang,PHI,2021-22,february,Role Player,Role,Forward,15.4,9.5,69.56521739130434,,79,10,23.6,8.7
1628964,Mo Bamba,ORL,2021-22,february,Role Player,Role,Big,16.4,5.1,44.73684210526316,,84,11,22.7,8.6
201988,Patty Mills,BKN,2021-22,february,Role Player,Role,Guard,16.1,12.4,69.3877551020408,,72,13,28.7,8.6
1629599,Amir Coffey,LAC,2021-22,february,Role Player,Role,Forward,15.6,8.7,50.0,,79,10,23.8,8.5
1628978,Donte DiVincenzo,SAC,2021-22,february,Movement Shooter,Shooter,Guard,18.2,17.3,67.56756756756756,1.9,76,10,21.8,8.5
1630188,Jalen Smith,IND,2021-22,february,3&D Wing,Wing,Big,18.0,6.5,47.45762711864406,,82,12,17.1,8.5
1630192,Zeke Nnaji,DEN,2021-22,february,Finisher,Finisher,Forward,13.8,6.0,48.27586206896552,,81,6,24.5,8.5
1629676,Isaiah Roby,OKC,2021-22,february,Role Player,Role,Forward,17.2,8.6,26.582278481012654,,80,7,22.9,8.4
201949,James Johnson,BKN,2021-22,february,Role Player,Role,Forward,17.4,16.3,33.333333333333336,,79,12,24.1,8.4
203463,Ben McLemore,POR,2021-22,february,Stretch Shooter,Shooter,Guard,19.3,8.8,75.78947368421053,,75,10,23.2,8.4
203991,Clint Capela,ATL,2021-22,february,Finisher,Finisher,Big,12.9,5.9,0.0,,82,10,23.9,8.4
1628467,Maxi Kleber,DAL,2021-22,february,Rim Protector,Big,Big,12.6,7.4,67.6923076923077,,82,8,26.5,8.4
1629655,Daniel Gafford,WAS,2021-22,february,Finisher,Finisher,Forward,18.1,11.3,0.0,,81,6,16.7,8.3
1629659,Talen Horton-Tucker,LAL,2021-22,february,Role Player,Role,Guard,14.9,19.0,51.562499999999986,,76,9,25.4,8.3
1626145,Tyus Jones,MEM,2021-22,february,3&D Wing,Wing,Guard,19.3,30.2,35.36585365853659,,72,10,18.0,8.3
202689,Kemba Walker,NYK,2021-22,february,Role Player,Role,Guard,17.0,25.0,56.57894736842105,,72,7,22.5,8.3
2730,Dwight Howard,LAL,2021-22,february,Rim Protector,Big,Big,18.8,6.1,0.0,,82,5,16.3,8.2
201933,Blake Griffin,BKN,2021-22,february,Role Player,Role,Forward,19.8,15.3,45.90163934426229,,81,12,16.8,8.2
1629656,Quentin Grimes,NYK,2021-22,february,3&D Wing,Wing,Guard,12.7,4.9,79.1044776119403,10.4,76,7,24.3,8.1
201586,Serge Ibaka,MIL,2021-22,february,Rim Protector,Big,Big,13.4,5.0,30.303030303030305,,82,7,23.1,8.1
1630200,Tre Jones,SAS,2021-22,february,Finisher,Finisher,Guard,15.0,30.3,14.814814814814811,4.8,73,8,19.7,8.1
1628418,Thomas Bryant,WAS,2021-22,february,Role Player,Role,Big,18.2,10.7,26.229508196721312,,82,10,18.6,8.1
1627814,Damion Lee,GSW,2021-22,february,Role Player,Role,Guard,14.9,7.9,58.57142857142856,,77,9,21.5,8.0
1630171,Isaac Okoro,CLE,2021-22,february,3&D Wing,Wing,Guard,10.1,8.1,35.714285714285715,,77,10,30.8,8.0
1626172,Kevon Looney,GSW,2021-22,february,Finisher,Finisher,Forward,14.1,16.5,0.0,,81,10,22.9,8.0
1628997,Caleb Martin,MIA,2021-22,february,3&D Wing,Wing,Guard,14.5,9.5,35.08771929824561,,77,6,21.6,7.8
201152,Thaddeus Young,TOR,2021-22,february,Role Player,Role,Forward,17.1,14.9,16.666666666666664,,80,6,19.3,7.8
1628392,Isaiah Hartenstein,LAC,2021-22,february,Finisher,Finisher,Big,19.4,19.5,10.714285714285715,,84,10,17.2,7.8
1629651,Nic Claxton,BKN,2021-22,february,Shot Creator,Scorer,Big,17.4,6.5,0.0,14.1,83,5,15.3,7.8
1628984,Devonte' Graham,NOP,2021-22,february,Role Player,Role,Guard,15.6,19.4,76.54320987654322,,73,11,26.8,7.7
1628988,Aaron Holiday,PHX,2021-22,february,3&D Wing,Wing,Guard,18.0,23.2,35.0,,72,9,19.2,7.7
1630193,Immanuel Quickley,NYK,2021-22,february,Stretch Shooter,Shooter,Guard,21.7,24.8,60.526315789473685,6.1,75,10,17.9,7.6
1630168,Onyeka Okongwu,ATL,2021-22,february,3&D Wing,Wing,Forward,13.6,11.9,0.0,1.6,80,10,18.7,7.6
1626192,Pat Connaughton,MIL,2021-22,february,Role Player,Role,Guard,12.9,0.0,91.1764705882353,,77,5,22.2,7.6
1629020,Jarred Vanderbilt,MIN,2021-22,february,3&D Wing,Wing,Forward,11.6,6.5,1.886792452830189,,81,12,24.9,7.6
200765,Rajon Rondo,CLE,2021-22,february,Role Player,Role,Guard,14.7,37.6,47.05882352941176,,73,7,23.4,7.6
1630535,Greg Brown III,POR,2021-22,february,Role Player,Role,Forward,18.2,4.0,35.0,,79,9,17.9,7.6
1629011,Mitchell Robinson,NYK,2021-22,february,Finisher,Finisher,Big,10.0,1.8,0.0,,84,9,27.4,7.6
203083,Andre Drummond,BKN,2021-22,february,Playmaking Big,Big,Big,18.6,22.0,1.6666666666666667,,82,10,19.0,7.5
202709,Cory Joseph,DET,2021-22,february,Role Player,Role,Guard,13.4,20.4,36.231884057971016,,75,12,27.9,7.5
203087,Jeremy Lamb,SAC,2021-22,february,Role Player,Role,Guard,18.1,13.0,45.83333333333333,,77,6,20.2,7.5
1629660,Ty Jerome,OKC,2021-22,february,Stretch Shooter,Shooter,Guard,18.5,35.4,61.44578313253011,,77,8,21.5,7.5
202397,Ish Smith,WAS,2021-22,february,Role Player,Role,Guard,19.9,33.6,15.068493150684931,,72,9,18.5,7.4
1629164,Brandon Goodwin,CLE,2021-22,february,Role Player,Role,Guard,17.5,33.3,47.2972972972973,,72,8,23.4,7.4
203496,Robert Covington,LAC,2021-22,february,Role Player,Role,Forward,15.2,11.5,61.29032258064515,,79,10,21.7,7.3
1629670,Jordan Nwora,MIL,2021-22,february,Role Player,Role,Forward,18.9,7.5,50.0,,80,8,18.7,7.3
1626196,Josh Richardson,SAS,2021-22,february,Role Player,Role,Guard,14.7,11.0,55.932203389830505,,77,7,20.1,7.1
1630613,Duane Washington Jr.,IND,2021-22,february,Role Player,Role,Guard,19.9,13.4,46.83544303797469,,75,11,19.1,7.1
1628998,Cody Martin,CHA,2021-22,february,Role Player,Role,Forward,15.0,12.5,35.08771929824561,,78,6,21.5,7.0
1630177,Theo Maledon,OKC,2021-22,february,Role Player,Role,Guard,20.2,15.7,42.85714285714286,,76,11,16.4,7.0
1630631,Jose Alvarado,NOP,2021-22,february,Secondary Ball Handler,Secondary,Guard,20.1,25.7,40.35087719298245,4.2,72,10,15.8,6.9
1630235,Trent Forrest,UTA,2021-22,february,Role Player,Role,Guard,14.0,23.7,21.568627450980397,,76,9,20.7,6.9
200782,P.J. Tucker,MIA,2021-22,february,Role Player,Role,Guard,10.7,9.4,42.85714285714286,,77,11,28.3,6.8
202684,Tristan Thompson,CHI,2021-22,february,Role Player,Role,Forward,18.2,3.8,0.0,,81,7,16.0,6.7
1628470,Torrey Craig,PHX,2021-22,february,Role Player,Role,Forward,13.2,5.8,53.73134328358209,,79,10,25.4,6.7
201959,Taj Gibson,NYK,2021-22,february,Role Player,Role,Forward,10.6,3.8,28.57142857142857,,81,6,18.9,6.7
1630570,Trendon Watford,POR,2021-22,february,Role Player,Role,Forward,13.4,11.8,9.523809523809524,7.8,80,10,19.0,6.6
203490,Otto Porter Jr.,GSW,2021-22,february,Role Player,Role,Forward,13.6,8.3,45.28301886792453,,80,7,18.7,6.6
1630559,Austin Reaves,LAL,2021-22,february,Shot Creator,Scorer,Guard,10.1,7.7,55.81395348837209,13.5,77,9,22.8,6.6
1629622,Max Strus,MIA,2021-22,february,Role Player,Role,Guard,14.8,7.8,87.71929824561403,,77,9,20.5,6.6
1627788,Furkan Korkmaz,PHI,2021-22,february,Role Player,Role,Forward,15.0,12.1,49.01960784313726,,79,8,19.2,6.5
1630528,Josh Christopher,HOU,2021-22,february,Role Player,Role,Guard,20.0,15.3,42.857142857142854,,75,10,16.8,6.5
203482,Kelly Olynyk,DET,2021-22,february,Playmaking Big,Big,Big,19.8,22.8,41.7910447761194,,83,12,17.5,6.4
201587,Nicolas Batum,LAC,2021-22,february,3&D Wing,Wing,Forward,12.2,7.5,59.01639344262296,,80,10,22.5,6.3
1629048,Goga Bitadze,IND,2021-22,february,Finisher,Finisher,Big,16.4,13.5,28.26086956521739,,84,8,17.4,6.3
1630541,Moses Moody,GSW,2021-22,february,Movement Shooter,Shooter,Guard,14.1,1.9,73.58490566037736,4.9,77,8,18.1,6.3
1628975,Jevon Carter,MIL,2021-22,february,3&D Wing,Wing,Guard,17.3,12.9,70.9090909090909,,73,11,15.3,6.2
202324,Derrick Favors,OKC,2021-22,february,Role Player,Role,Forward,10.3,1.0,9.756097560975611,,81,7,19.3,6.0
203486,Mason Plumlee,CHA,2021-22,february,Rim Protector,Big,Big,11.1,18.3,2.5641025641025643,,83,12,25.6,5.9
1629604,CJ Elleby,POR,2021-22,february,Role Player,Role,Forward,12.7,8.7,34.78260869565217,,78,10,27.5,5.9
1629731,Dean Wade,CLE,2021-22,february,3&D Wing,Wing,Forward,10.8,6.8,73.80952380952381,,81,10,19.3,5.9
1629680,Matisse Thybulle,PHI,2021-22,february,Role Player,Role,Guard,9.3,7.3,52.17391304347826,,77,9,27.4,5.9
1626169,Stanley Johnson,LAL,2021-22,february,Role Player,Role,Forward,14.3,9.9,25.490196078431374,,78,9,19.4,5.9
203082,Terrence Ross,ORL,2021-22,february,Role Player,Role,Forward,15.1,10.5,50.793650793650805,,78,11,19.5,5.7
203937,Kyle Anderson,MEM,2021-22,february,Shot Creator,Scorer,Forward,13.8,15.7,9.25925925925926,12.6,81,10,19.2,5.6
1630598,Aaron Wiggins,OKC,2021-22,february,3&D Wing,Wing,Guard,11.1,4.8,41.07142857142857,6.3,76,7,24.1,5.6
1626158,Richaun Holmes,SAC,2021-22,february,Role Player,Role,Big,15.8,7.5,2.173913043478261,,82,7,18.7,5.6
1630264,Anthony Gill,WAS,2021-22,february,Role Player,Role,Forward,15.1,6.9,16.666666666666664,,79,8,15.0,5.5
1628380,Zach Collins,SAS,2021-22,february,3&D Wing,Wing,Big,19.0,15.3,28.57142857142857,,83,8,16.3,5.5
1630563,Joshua Primo,SAS,2021-22,february,Role Player,Role,Guard,15.1,12.9,54.54545454545454,,76,10,19.2,5.4
1630165,Killian Hayes,DET,2021-22,february,Role Player,Role,Guard,16.2,31.4,25.86206896551724,,77,12,21.2,5.3
1627761,DeAndre' Bembry,MIL,2021-22,february,Role Player,Role,Guard,10.3,9.5,17.073170731707318,,77,7,19.3,5.3
1628372,Dennis Smith Jr.,POR,2021-22,february,Role Player,Role,Guard,15.7,36.9,0.0,,74,5,19.2,5.2
202340,Avery Bradley,LAL,2021-22,february,Role Player,Role,Guard,11.6,3.8,76.0,,75,6,23.3,5.2
1629003,Shake Milton,PHI,2021-22,february,Role Player,Role,Guard,18.5,26.7,22.41379310344828,,77,6,17.4,5.0
2772,Trevor Ariza,LAL,2021-22,february,Role Player,Role,Forward,11.0,5.2,75.60975609756099,,80,8,19.5,4.6
1629723,John Konchar,MEM,2021-22,february,3&D Wing,Wing,Guard,8.5,7.3,70.58823529411765,,77,9,17.9,4.6
203085,Austin Rivers,DEN,2021-22,february,Role Player,Role,Guard,11.3,10.4,60.00000000000001,,76,11,20.2,4.5
1630556,Kessler Edwards,BKN,2021-22,february,Role Player,Role,Forward,13.2,3.8,56.60377358490566,,79,13,19.9,4.5
1627780,Gary Payton II,GSW,2021-22,february,Finisher,Finisher,Guard,11.9,7.3,48.648648648648646,,75,10,16.8,4.4
201980,Danny Green,PHI,2021-22,february,Role Player,Role,Forward,11.3,5.1,78.72340425531915,,78,10,21.2,4.3
1626153,Delon Wright,ATL,2021-22,february,Role Player,Role,Guard,9.8,12.2,42.857142857142854,,77,10,17.9,4.3
1626208,Keifer Sykes,IND,2021-22,february,Role Player,Role,Guard,18.3,13.9,49.20634920634921,,71,7,16.6,4.3
1628972,Troy Brown Jr.,CHI,2021-22,february,Role Player,Role,Forward,10.2,3.7,53.191489361702125,,78,13,20.2,4.2
1629162,Jordan McLaughlin,MIN,2021-22,february,Role Player,Role,Guard,9.9,29.5,41.17647058823529,,71,12,16.5,4.1
1627884,Derrick Jones Jr.,CHI,2021-22,february,3&D Wing,Wing,Forward,10.5,3.8,21.05263157894737,,78,6,20.2,4.0
1630249,Vít Krejčí,OKC,2021-22,february,Movement Shooter,Shooter,Forward,11.5,9.6,51.42857142857144,,80,6,15.1,3.7
1630182,Josh Green,DAL,2021-22,february,3&D Wing,Wing,Guard,10.9,9.8,30.76923076923077,,77,10,18.6,3.6
202083,Wesley Matthews,MIL,2021-22,february,Role Player,Role,Guard,8.8,4.9,83.87096774193549,,76,9,17.3,2.0
2544,LeBron James,LAL,2021-22,march,Primary Initiator,Primary,Forward,34.1,27.4,36.51452282157677,12.8,81,12,38.8,34.3
203507,Giannis Antetokounmpo,MIL,2021-22,march,Playmaking Big,Big,Big,35.0,24.8,14.14141414141414,10.9,83,12,33.9,33.3
1628369,Jayson Tatum,BOS,2021-22,march,Primary Initiator,Primary,Forward,31.7,22.3,44.81132075471698,,80,13,36.9,32.8
1628368,De'Aaron Fox,SAC,2021-22,march,Primary Initiator,Primary,Guard,31.3,31.6,28.991596638655466,10.1,75,8,39.4,30.9
201142,Kevin Durant,BKN,2021-22,march,Primary Initiator,Primary,Big,31.4,28.4,29.90196078431373,20.8,82,14,37.9,30.6
203954,Joel Embiid,PHI,2021-22,march,Shot Creator,Scorer,Big,36.9,20.8,18.5,12.3,84,15,35.5,30.5
1626164,Devin Booker,PHX,2021-22,march,Primary Initiator,Primary,Guard,30.0,23.8,33.830845771144276,14.0,77,11,34.9,30.1
202681,Kyrie Irving,BKN,2021-22,march,Role Player,Role,Guard,27.8,23.5,44.66019417475727,,74,9,37.7,30.0
203999,Nikola Jokić,DEN,2021-22,march,Playmaking Big,Big,Big,32.3,39.7,14.606741573033707,5.3,83,15,34.0,29.9
1629029,Luka Dončić,DAL,2021-22,march,Primary Initiator,Primary,Forward,35.8,41.4,46.04651162790698,16.0,79,14,35.9,29.9
1629027,Trae Young,ATL,2021-22,march,Primary Initiator,Primary,Guard,31.1,46.9,46.90721649484536,12.0,73,16,35.9,29.4
1627742,Brandon Ingram,NOP,2021-22,march,Shot Creator,Scorer,Forward,33.1,32.0,19.318181818181817,13.8,80,5,31.1,29.0
1628983,Shai Gilgeous-Alexander,OKC,2021-22,march,Primary Initiator,Primary,Forward,31.5,34.9,21.287128712871286,26.3,78,10,34.9,29.0
201942,DeMar DeRozan,CHI,2021-22,march,Primary Initiator,Primary,Forward,31.3,21.4,9.25925925925926,19.9,78,14,38.1,27.6
1629630,Ja Morant,MEM,2021-22,march,Primary Initiator,Primary,Guard,33.5,34.7,21.49532710280374,14.1,75,7,33.0,27.4
1628378,Donovan Mitchell,UTA,2021-22,march,Primary Initiator,Primary,Guard,34.0,31.2,50.943396226415096,11.4,73,16,34.3,26.6
1627783,Pascal Siakam,TOR,2021-22,march,Shot Creator,Scorer,Forward,26.8,21.7,18.08510638297872,13.3,80,16,38.6,25.9
1627749,Dejounte Murray,SAS,2021-22,march,Primary Initiator,Primary,Guard,29.2,39.2,28.205128205128204,,76,13,35.9,25.6
1629673,Jordan Poole,GSW,2021-22,march,Stretch Shooter,Shooter,Guard,27.2,23.1,53.40909090909091,7.9,76,16,34.0,25.4
1629636,Darius Garland,CLE,2021-22,march,Primary Initiator,Primary,Guard,30.1,42.9,32.487309644670056,6.7,73,16,39.1,25.3
1626157,Karl-Anthony Towns,MIN,2021-22,march,Role Player,Role,Big,28.8,13.9,26.53061224489796,10.0,83,15,30.9,25.2
203468,CJ McCollum,NOP,2021-22,march,Primary Initiator,Primary,Guard,28.8,29.6,35.175879396984925,8.8,75,13,34.9,24.8
203897,Zach LaVine,CHI,2021-22,march,Secondary Ball Handler,Secondary,Guard,28.1,20.8,40.828402366863905,9.3,77,14,36.1,24.7
1629628,RJ Barrett,NYK,2021-22,march,Secondary Ball Handler,Secondary,Forward,28.7,15.5,28.846153846153843,2.7,78,16,39.2,24.6
201939,Stephen Curry,GSW,2021-22,march,Movement Shooter,Shooter,Guard,27.0,22.8,53.987730061349694,10.1,74,8,33.1,24.0
203114,Khris Middleton,MIL,2021-22,march,Secondary Ball Handler,Secondary,Forward,26.4,26.1,40.229885057471265,6.1,79,12,33.7,23.5
1630595,Cade Cunningham,DET,2021-22,march,Primary Initiator,Primary,Forward,29.2,30.7,25.257731958762893,11.5,78,14,36.6,22.9
1627759,Jaylen Brown,BOS,2021-22,march,Shot Creator,Scorer,Forward,29.4,14.6,35.26011560693642,20.6,78,12,31.9,22.5
203944,Julius Randle,NYK,2021-22,march,Shot Creator,Scorer,Forward,31.2,22.9,30.76923076923077,15.8,80,13,33.6,22.3
1627763,Malcolm Brogdon,IND,2021-22,march,Role Player,Role,Guard,25.3,26.6,24.57142857142857,,77,6,35.4,22.2
1629639,Tyler Herro,MIA,2021-22,march,Shot Creator,Scorer,Guard,27.1,20.9,39.39393939393939,13.3,77,13,32.3,22.2
201935,James Harden,PHI,2021-22,march,Shot Creator,Scorer,Guard,25.6,37.5,47.183098591549296,42.5,77,14,37.7,21.9
1628970,Miles Bridges,CHA,2021-22,march,3&D Wing,Wing,Forward,23.7,19.5,39.6103896103896,9.0,79,14,34.6,21.9
204001,Kristaps Porziņģis,WAS,2021-22,march,Post Scorer,Big,Big,31.4,18.0,30.405405405405407,,87,13,28.0,21.8
1630217,Desmond Bane,MEM,2021-22,march,Movement Shooter,Shooter,Guard,23.3,17.6,47.71241830065359,7.0,77,14,29.2,21.1
1626179,Terry Rozier,CHA,2021-22,march,Stretch Shooter,Shooter,Guard,23.8,18.2,52.17391304347826,,73,14,34.1,21.0
202691,Klay Thompson,GSW,2021-22,march,Movement Shooter,Shooter,Forward,27.3,12.0,50.73170731707317,,78,12,34.0,20.9
1630224,Jalen Green,HOU,2021-22,march,Role Player,Role,Guard,24.7,16.0,45.121951219512205,,76,17,33.5,20.8
1628404,Josh Hart,POR,2021-22,march,3&D Wing,Wing,Guard,24.7,22.9,43.333333333333336,,77,8,31.2,20.5
1630163,LaMelo Ball,CHA,2021-22,march,Shot Creator,Scorer,Forward,26.9,34.6,51.57232704402516,12.2,79,14,31.2,20.5
202711,Bojan Bogdanovic,UTA,2021-22,march,Stretch Shooter,Shooter,Forward,24.9,11.2,69.11764705882354,,79,7,29.3,20.4
203924,Jerami Grant,DET,2021-22,march,3&D Wing,Wing,Forward,24.5,11.3,39.85507246376812,10.7,80,11,31.1,20.4
201950,Jrue Holiday,MIL,2021-22,march,Secondary Ball Handler,Secondary,Guard,24.6,28.7,34.782608695652165,10.1,75,13,34.9,20.3
1629640,Keldon Johnson,SAS,2021-22,march,3&D Wing,Wing,Forward,23.2,12.4,46.2962962962963,3.9,78,13,33.1,20.0
1626174,Christian Wood,HOU,2021-22,march,Role Player,Role,Forward,22.2,15.1,46.42857142857144,,81,12,30.5,19.6
202710,Jimmy Butler III,MIA,2021-22,march,Shot Creator,Scorer,Forward,25.1,22.1,17.647058823529413,17.7,79,11,32.5,19.5
1628389,Bam Adebayo,MIA,2021-22,march,3&D Wing,Wing,Forward,24.6,16.4,0.8130081300813007,8.0,81,15,31.2,19.3
1629028,Deandre Ayton,PHX,2021-22,march,Finisher,Finisher,Big,22.6,6.1,2.9197080291970807,,83,15,30.3,19.3
1630162,Anthony Edwards,MIN,2021-22,march,Shot Creator,Scorer,Guard,23.4,18.8,49.66887417218543,23.4,76,11,33.2,19.2
202696,Nikola Vučević,CHI,2021-22,march,Post Scorer,Big,Big,24.6,11.3,25.64102564102565,,82,14,32.7,19.1
1627734,Domantas Sabonis,SAC,2021-22,march,Playmaking Big,Big,Big,24.1,27.5,8.527131782945736,,83,8,34.2,19.1
202704,Reggie Jackson,LAC,2021-22,march,Primary Initiator,Primary,Guard,29.7,29.3,36.21621621621622,,74,13,32.4,19.1
1628976,Wendell Carter Jr.,ORL,2021-22,march,3&D Wing,Wing,Big,23.7,17.1,21.897810218978105,,82,9,32.4,19.0
201566,Russell Westbrook,LAL,2021-22,march,Shot Creator,Scorer,Guard,25.0,27.1,22.22222222222222,13.4,75,16,34.3,18.6
202685,Jonas Valančiūnas,NOP,2021-22,march,Post Scorer,Big,Big,25.4,14.1,14.074074074074073,,83,15,28.9,18.5
203992,Bogdan Bogdanović,ATL,2021-22,march,Stretch Shooter,Shooter,Forward,24.9,15.9,55.333333333333336,,78,16,30.3,18.4
1628969,Mikal Bridges,PHX,2021-22,march,3&D Wing,Wing,Forward,16.9,8.8,35.15625,2.3,78,15,38.4,18.3
1629018,Gary Trent Jr.,TOR,2021-22,march,Stretch Shooter,Shooter,Guard,21.6,9.5,52.25806451612903,,77,13,35.2,18.2
203903,Jordan Clarkson,UTA,2021-22,march,3&D Wing,Wing,Guard,26.2,12.4,43.70860927152318,5.2,76,17,29.6,18.1
1628398,Kyle Kuzma,WAS,2021-22,march,3&D Wing,Wing,Forward,28.0,28.9,37.73584905660377,5.1,81,9,32.7,18.1
203915,Spencer Dinwiddie,DAL,2021-22,march,Role Player,Role,Forward,23.0,22.7,43.54838709677419,,78,14,31.3,18.1
1630180,Saddiq Bey,DET,2021-22,march,Stretch Shooter,Shooter,Forward,21.1,14.1,58.450704225352126,6.5,79,16,34.3,17.9
1627741,Buddy Hield,IND,2021-22,march,Movement Shooter,Shooter,Guard,21.6,19.3,52.317880794701985,,76,14,34.5,17.3
1628415,Dillon Brooks,MEM,2021-22,march,Secondary Ball Handler,Secondary,Forward,26.8,10.7,28.30188679245283,9.3,79,8,26.7,17.3
1630178,Tyrese Maxey,PHI,2021-22,march,Shot Creator,Scorer,Guard,18.7,15.8,41.40624999999999,14.5,74,16,35.9,17.2
1628973,Jalen Brunson,DAL,2021-22,march,Shot Creator,Scorer,Guard,22.3,15.4,26.717557251908396,14.4,73,14,31.9,17.1
1630567,Scottie Barnes,TOR,2021-22,march,Finisher,Finisher,Forward,19.8,18.1,16.78321678321678,7.9,79,16,37.0,17.1
203484,Kentavious Caldwell-Pope,WAS,2021-22,march,3&D Wing,Wing,Guard,20.0,11.5,47.05882352941176,3.1,77,16,32.4,16.9
1629645,Kevin Porter Jr.,HOU,2021-22,march,Stretch Shooter,Shooter,Guard,23.5,30.0,51.77304964539007,9.8,76,16,32.4,16.5
1628370,Malik Monk,LAL,2021-22,march,Stretch Shooter,Shooter,Guard,20.9,15.6,51.96850393700787,8.4,75,16,30.6,16.2
1630544,Tre Mann,OKC,2021-22,march,Secondary Ball Handler,Secondary,Guard,24.3,12.9,50.0,8.5,75,12,31.1,15.9
1628374,Lauri Markkanen,CLE,2021-22,march,Movement Shooter,Shooter,Big,19.0,5.4,57.264957264957275,4.0,83,15,32.6,15.9
1630532,Franz Wagner,ORL,2021-22,march,Secondary Ball Handler,Secondary,Big,21.1,15.8,26.4,7.6,82,15,29.8,15.5
1628991,Jaren Jackson Jr.,MEM,2021-22,march,3&D Wing,Wing,Big,24.7,6.4,35.53719008264463,11.1,83,13,24.8,15.5
1628963,Marvin Bagley III,DET,2021-22,march,Finisher,Finisher,Big,21.1,7.6,18.26086956521739,7.3,83,14,28.6,15.4
1630314,Brandon Williams,POR,2021-22,march,Secondary Ball Handler,Secondary,Guard,25.4,21.4,38.46153846153846,10.6,74,15,30.2,15.4
1630570,Trendon Watford,POR,2021-22,march,Role Player,Role,Forward,19.5,17.5,17.948717948717952,7.8,80,13,31.5,15.4
1630558,Davion Mitchell,SAC,2021-22,march,Shot Creator,Scorer,Guard,22.4,25.4,32.35294117647059,28.6,72,14,31.6,15.4
1630596,Evan Mobley,CLE,2021-22,march,Finisher,Finisher,Big,20.8,11.3,10.56910569105691,4.7,83,14,33.2,15.4
1629647,Darius Bazley,OKC,2021-22,march,Role Player,Role,Forward,19.8,9.1,49.10714285714286,,80,13,29.8,15.3
203952,Andrew Wiggins,GSW,2021-22,march,3&D Wing,Wing,Forward,23.0,11.7,35.86206896551724,10.9,79,13,32.7,15.2
202699,Tobias Harris,PHI,2021-22,march,3&D Wing,Wing,Forward,18.0,14.5,35.483870967741936,4.2,79,16,34.2,15.1
1629234,Drew Eubanks,POR,2021-22,march,Finisher,Finisher,Forward,16.9,10.4,7.216494845360826,,81,15,29.8,15.0
203084,Harrison Barnes,SAC,2021-22,march,3&D Wing,Wing,Forward,16.6,10.3,47.0,8.0,80,14,34.9,15.0
1630193,Immanuel Quickley,NYK,2021-22,march,Secondary Ball Handler,Secondary,Guard,20.3,24.6,48.93617021276595,6.1,75,16,26.3,14.9
1627832,Fred VanVleet,TOR,2021-22,march,Stretch Shooter,Shooter,Guard,20.2,19.8,58.273381294964025,,73,10,36.1,14.8
1628971,Bruce Brown,BKN,2021-22,march,Finisher,Finisher,Guard,17.1,14.6,20.0,4.1,76,15,31.8,14.7
1630169,Tyrese Haliburton,IND,2021-22,march,Role Player,Role,Guard,19.1,36.3,40.49586776859505,,77,14,35.3,14.7
203932,Aaron Gordon,DEN,2021-22,march,Shot Creator,Scorer,Forward,20.3,10.3,27.192982456140353,16.0,80,15,30.7,14.7
1629631,De'Andre Hunter,ATL,2021-22,march,3&D Wing,Wing,Forward,19.0,6.4,36.607142857142854,7.5,80,16,31.5,14.6
203497,Rudy Gobert,UTA,2021-22,march,Finisher,Finisher,Big,15.0,4.2,0.0,,85,15,32.2,14.5
1629048,Goga Bitadze,IND,2021-22,march,Finisher,Finisher,Big,19.9,12.5,30.000000000000004,,84,10,23.7,14.5
1630538,Bones Hyland,DEN,2021-22,march,Stretch Shooter,Shooter,Guard,23.0,30.0,61.79775280898876,10.9,74,15,21.9,14.3
1630175,Cole Anthony,ORL,2021-22,march,Secondary Ball Handler,Secondary,Guard,21.8,28.6,44.53781512605042,6.9,75,15,30.3,14.3
202694,Marcus Morris Sr.,LAC,2021-22,march,Role Player,Role,Forward,23.1,13.7,33.050847457627114,,80,13,26.8,14.2
1629022,Lonnie Walker IV,SAS,2021-22,march,Stretch Shooter,Shooter,Guard,24.4,10.6,54.310344827586206,,76,9,22.7,14.1
203935,Marcus Smart,BOS,2021-22,march,Secondary Ball Handler,Secondary,Guard,22.0,31.2,46.72131147540984,4.2,76,13,32.7,13.9
202692,Alec Burks,NYK,2021-22,march,Role Player,Role,Forward,16.3,16.7,58.8785046728972,,78,16,33.5,13.9
1627827,Dorian Finney-Smith,DAL,2021-22,march,Role Player,Role,Forward,15.1,7.0,66.66666666666667,,79,15,34.5,13.9
1628989,Kevin Huerter,ATL,2021-22,march,Stretch Shooter,Shooter,Forward,18.3,11.3,58.119658119658126,,79,16,30.9,13.8
1630188,Jalen Smith,IND,2021-22,march,3&D Wing,Wing,Big,19.3,3.8,37.62376237623762,,82,12,25.4,13.7
203552,Seth Curry,BKN,2021-22,march,Role Player,Role,Guard,16.9,8.9,62.7450980392157,,74,11,29.7,13.6
1627747,Caris LeVert,CLE,2021-22,march,Secondary Ball Handler,Secondary,Forward,23.4,20.8,28.57142857142857,6.2,78,10,27.6,13.5
1627751,Jakob Poeltl,SAS,2021-22,march,Finisher,Finisher,Big,18.0,11.9,0.0,,85,13,29.0,13.5
1629001,De'Anthony Melton,MEM,2021-22,march,Stretch Shooter,Shooter,Guard,21.6,14.4,61.386138613861384,,74,14,21.7,13.2
201568,Danilo Gallinari,ATL,2021-22,march,Role Player,Role,Big,18.3,10.8,46.42857142857144,,82,13,29.4,13.2
203095,Evan Fournier,NYK,2021-22,march,Stretch Shooter,Shooter,Forward,18.5,14.7,73.45132743362832,,78,16,29.5,13.1
1630170,Devin Vassell,SAS,2021-22,march,Movement Shooter,Shooter,Guard,17.8,8.3,50.0,2.7,77,12,30.9,13.1
1626156,D'Angelo Russell,MIN,2021-22,march,Stretch Shooter,Shooter,Guard,21.1,32.2,52.066115702479344,8.7,76,14,30.5,13.1
203463,Ben McLemore,POR,2021-22,march,Stretch Shooter,Shooter,Guard,22.7,4.7,73.52941176470588,,75,14,22.0,13.0
1629676,Isaiah Roby,OKC,2021-22,march,Role Player,Role,Forward,17.4,13.5,29.761904761904763,,80,14,26.9,12.9
203083,Andre Drummond,BKN,2021-22,march,Finisher,Finisher,Big,19.6,6.4,0.0,,82,13,23.5,12.8
1629060,Rui Hachimura,WAS,2021-22,march,3&D Wing,Wing,Forward,20.5,6.6,34.6938775510204,3.7,80,16,24.3,12.8
203115,Will Barton,DEN,2021-22,march,Stretch Shooter,Shooter,Guard,19.2,16.6,50.43478260869565,,77,13,31.2,12.7
2546,Carmelo Anthony,LAL,2021-22,march,Role Player,Role,Forward,20.0,4.3,49.494949494949495,,79,15,23.9,12.6
200768,Kyle Lowry,MIA,2021-22,march,Role Player,Role,Guard,15.3,27.1,77.38095238095238,,72,12,32.7,12.6
1627736,Malik Beasley,MIN,2021-22,march,Role Player,Role,Guard,16.0,8.7,86.51685393258427,,76,13,24.5,12.5
1626166,Cameron Payne,PHX,2021-22,march,Role Player,Role,Guard,21.5,36.7,38.26086956521739,,73,14,27.4,12.5
1626196,Josh Richardson,SAS,2021-22,march,Role Player,Role,Guard,18.5,13.1,46.46464646464646,,77,12,26.6,12.4
201144,Mike Conley,UTA,2021-22,march,3&D Wing,Wing,Guard,18.7,27.3,50.0,,73,14,28.7,12.4
1630197,Aleksej Pokusevski,OKC,2021-22,march,Rim Protector,Big,Big,20.3,19.7,42.727272727272734,,84,15,29.1,12.2
1628420,Monte Morris,DEN,2021-22,march,Role Player,Role,Guard,15.9,22.3,38.70967741935484,,74,16,29.3,12.2
1630183,Jaden McDaniels,MIN,2021-22,march,3&D Wing,Wing,Forward,16.3,5.0,46.23655913978494,2.3,81,8,27.8,12.1
1630173,Precious Achiuwa,TOR,2021-22,march,Finisher,Finisher,Forward,21.0,6.1,37.735849056603776,,80,16,25.1,12.1
1630613,Duane Washington Jr.,IND,2021-22,march,Role Player,Role,Guard,22.6,12.2,48.97959183673469,,75,12,21.4,12.1
1630228,Jonathan Kuminga,GSW,2021-22,march,Shot Creator,Scorer,Forward,22.5,9.1,32.967032967032964,12.6,79,16,22.9,12.1
1630598,Aaron Wiggins,OKC,2021-22,march,3&D Wing,Wing,Guard,17.7,11.0,35.71428571428571,6.3,76,11,30.4,12.0
203939,Dwight Powell,DAL,2021-22,march,Finisher,Finisher,Big,14.9,9.4,4.545454545454546,,82,16,25.3,12.0
1630557,Corey Kispert,WAS,2021-22,march,Movement Shooter,Shooter,Forward,14.0,5.5,68.13186813186813,,78,16,31.3,11.9
1629052,Oshae Brissett,IND,2021-22,march,Role Player,Role,Forward,16.8,6.1,45.833333333333336,,79,12,28.9,11.8
1626168,Trey Lyles,SAC,2021-22,march,Role Player,Role,Forward,16.4,8.8,38.095238095238095,,81,14,27.2,11.8
1627826,Ivica Zubac,LAC,2021-22,march,Post Scorer,Big,Big,20.6,13.8,0.0,,84,14,24.9,11.7
1628964,Mo Bamba,ORL,2021-22,march,Rim Protector,Big,Big,17.1,3.6,46.067415730337075,,84,15,24.9,11.7
1629021,Moritz Wagner,ORL,2021-22,march,Role Player,Role,Big,23.5,18.2,48.23529411764705,,83,13,20.1,11.5
1627752,Taurean Prince,MIN,2021-22,march,Stretch Shooter,Shooter,Forward,21.6,6.4,55.0561797752809,,78,15,20.7,11.4
1629023,P.J. Washington,CHA,2021-22,march,3&D Wing,Wing,Forward,14.4,12.1,53.846153846153854,4.1,79,14,31.4,11.3
1630578,Alperen Sengun,HOU,2021-22,march,Shot Creator,Scorer,Big,22.8,14.3,24.468085106382976,14.9,82,16,23.8,11.3
203991,Clint Capela,ATL,2021-22,march,Finisher,Finisher,Big,15.0,6.6,0.0,,82,17,26.7,11.2
1626192,Pat Connaughton,MIL,2021-22,march,Stretch Shooter,Shooter,Guard,18.4,7.6,80.76923076923077,,77,6,21.1,11.2
1629611,Terance Mann,LAC,2021-22,march,3&D Wing,Wing,Guard,17.1,17.2,28.915662650602407,3.7,77,14,28.0,11.1
1630177,Theo Maledon,OKC,2021-22,march,Role Player,Role,Guard,21.6,23.1,47.19101123595505,,76,15,24.0,11.1
1628379,Luke Kennard,LAC,2021-22,march,Movement Shooter,Shooter,Guard,15.8,7.2,61.904761904761905,,77,14,26.4,11.0
203109,Jae Crowder,PHX,2021-22,march,Role Player,Role,Forward,16.5,10.8,69.14893617021276,,78,13,28.1,10.8
201567,Kevin Love,CLE,2021-22,march,Stretch Shooter,Shooter,Forward,19.6,14.8,68.88888888888889,,80,16,24.0,10.8
1629013,Landry Shamet,PHX,2021-22,march,3&D Wing,Wing,Guard,15.6,9.2,71.42857142857143,,76,15,23.8,10.7
1627745,Damian Jones,SAC,2021-22,march,Rim Protector,Big,Big,16.1,9.8,12.5,,83,11,23.9,10.7
1626147,Justin Anderson,IND,2021-22,march,Role Player,Role,Guard,15.7,14.2,56.04395604395605,,77,7,29.0,10.7
1626162,Kelly Oubre Jr.,CHA,2021-22,march,Shot Creator,Scorer,Forward,21.2,6.3,57.30337078651685,12.1,78,14,19.5,10.6
203471,Dennis Schröder,HOU,2021-22,march,Shot Creator,Scorer,Guard,19.5,29.0,42.6829268292683,14.8,73,10,25.3,10.6
1628418,Thomas Bryant,WAS,2021-22,march,Rim Protector,Big,Big,19.8,10.0,25.0,,82,5,18.2,10.6
1628449,Chris Boucher,TOR,2021-22,march,Role Player,Role,Forward,17.0,0.4,37.49999999999999,,81,16,24.2,10.6
1630543,Isaiah Jackson,IND,2021-22,march,Finisher,Finisher,Big,22.3,1.8,6.17283950617284,,82,8,20.0,10.5
1626145,Tyus Jones,MEM,2021-22,march,3&D Wing,Wing,Guard,17.2,29.3,41.75824175824176,,72,14,23.3,10.5
1629637,Jaxson Hayes,NOP,2021-22,march,Finisher,Finisher,Big,12.9,4.5,17.460317460317462,,83,15,27.2,10.5
201145,Jeff Green,DEN,2021-22,march,Role Player,Role,Forward,14.2,5.6,30.303030303030305,,80,15,26.0,10.4
1629634,Brandon Clarke,MEM,2021-22,march,Role Player,Role,Forward,16.3,6.5,4.3478260869565215,,80,12,20.8,10.3
1628365,Markelle Fultz,ORL,2021-22,march,Role Player,Role,Guard,26.7,40.8,9.67741935483871,,76,12,18.7,10.3
1630678,Terry Taylor,IND,2021-22,march,Role Player,Role,Guard,13.9,5.3,20.0,,77,12,24.3,10.3
1628401,Derrick White,BOS,2021-22,march,3&D Wing,Wing,Guard,17.8,20.3,45.55555555555555,4.7,76,14,28.2,10.2
1630231,KJ Martin,HOU,2021-22,march,Role Player,Role,Guard,14.6,7.7,37.142857142857146,,77,17,24.4,10.1
1628978,Donte DiVincenzo,SAC,2021-22,march,Movement Shooter,Shooter,Guard,17.3,17.3,64.04494382022472,1.9,76,14,27.9,10.1
1626149,Montrezl Harrell,CHA,2021-22,march,Role Player,Role,Forward,19.0,15.2,1.7241379310344829,,79,14,17.3,10.1
1626171,Bobby Portis,MIL,2021-22,march,3&D Wing,Wing,Big,16.4,4.8,40.625,3.2,82,14,27.0,10.0
202326,DeMarcus Cousins,DEN,2021-22,march,Playmaking Big,Big,Big,30.2,20.4,36.61971830985916,,82,16,15.0,10.0
1628960,Grayson Allen,MIL,2021-22,march,3&D Wing,Wing,Guard,12.1,7.5,67.6923076923077,2.8,76,13,26.6,10.0
1629669,Jaylen Nowell,MIN,2021-22,march,Role Player,Role,Guard,19.0,17.2,41.891891891891895,,76,15,19.0,10.0
1630167,Obi Toppin,NYK,2021-22,march,3&D Wing,Wing,Forward,18.6,12.6,42.028985507246375,,81,11,18.2,10.0
1629632,Coby White,CHI,2021-22,march,Stretch Shooter,Shooter,Guard,18.5,16.6,54.736842105263165,7.7,76,15,24.9,9.9
1629622,Max Strus,MIA,2021-22,march,Stretch Shooter,Shooter,Guard,18.6,10.4,86.74698795180721,,77,15,22.5,9.9
203493,Reggie Bullock Jr.,DAL,2021-22,march,Role Player,Role,Forward,12.9,7.0,81.25,,78,12,36.1,9.9
201572,Brook Lopez,MIL,2021-22,march,3&D Wing,Wing,Big,20.0,5.3,48.23529411764705,,84,8,21.7,9.9
1629675,Naz Reid,MIN,2021-22,march,3&D Wing,Wing,Forward,21.2,11.3,31.57894736842105,3.8,81,13,15.3,9.8
1630529,Herbert Jones,NOP,2021-22,march,3&D Wing,Wing,Forward,14.3,10.5,37.662337662337656,,79,15,30.1,9.8
201976,Patrick Beverley,MIN,2021-22,march,Role Player,Role,Guard,16.4,24.2,61.42857142857142,,73,12,22.9,9.8
1629057,Robert Williams III,BOS,2021-22,march,Finisher,Finisher,Forward,9.6,8.1,0.0,,81,11,28.4,9.7
203496,Robert Covington,LAC,2021-22,march,Role Player,Role,Forward,14.0,6.5,67.18749999999999,,79,9,23.2,9.7
1629130,Duncan Robinson,MIA,2021-22,march,Movement Shooter,Shooter,Forward,16.3,12.2,89.33333333333333,,79,15,23.1,9.6
1628392,Isaiah Hartenstein,LAC,2021-22,march,Playmaking Big,Big,Big,17.0,24.2,8.771929824561402,,84,14,21.4,9.6
1626224,Cedi Osman,CLE,2021-22,march,Stretch Shooter,Shooter,Forward,20.9,16.5,62.0253164556962,,79,12,19.5,9.5
1629655,Daniel Gafford,WAS,2021-22,march,Finisher,Finisher,Forward,18.1,6.4,1.8518518518518516,,81,15,17.8,9.4
1630166,Deni Avdija,WAS,2021-22,march,Shot Creator,Scorer,Forward,18.3,15.8,45.56962025316456,14.0,81,16,24.4,9.4
1630245,Ayo Dosunmu,CHI,2021-22,march,3&D Wing,Wing,Guard,14.0,18.7,30.952380952380953,2.2,76,15,31.2,9.3
1630171,Isaac Okoro,CLE,2021-22,march,3&D Wing,Wing,Guard,11.1,7.7,30.15873015873016,,77,16,31.9,9.3
1626195,Willy Hernangomez,NOP,2021-22,march,Role Player,Role,Big,21.5,8.8,4.615384615384615,,83,13,16.9,9.3
1628997,Caleb Martin,MIA,2021-22,march,3&D Wing,Wing,Guard,16.1,8.6,39.34426229508197,,77,10,21.4,9.3
1628984,Devonte' Graham,NOP,2021-22,march,Role Player,Role,Guard,17.6,20.2,70.11494252873564,,73,14,24.2,9.3
1630322,Lindy Waters III,OKC,2021-22,march,Role Player,Role,Forward,16.7,8.7,84.33734939759036,,78,15,22.2,9.3
1629011,Mitchell Robinson,NYK,2021-22,march,Finisher,Finisher,Big,11.9,5.6,0.0,,84,15,26.5,9.3
1630230,Naji Marshall,NOP,2021-22,march,3&D Wing,Wing,Forward,20.1,11.7,40.0,5.6,79,15,19.5,9.3
201143,Al Horford,BOS,2021-22,march,3&D Wing,Wing,Forward,11.8,12.7,52.054794520547944,,81,12,31.4,9.3
1630591,Jalen Suggs,ORL,2021-22,march,Secondary Ball Handler,Secondary,Guard,23.7,26.7,40.74074074074075,6.6,77,5,26.2,9.2
1630256,Jae'Sean Tate,HOU,2021-22,march,Role Player,Role,Guard,19.5,13.6,31.25,,76,15,21.8,9.1
201569,Eric Gordon,HOU,2021-22,march,3&D Wing,Wing,Guard,14.7,6.5,63.07692307692307,,75,8,26.9,9.1
1627777,Georges Niang,PHI,2021-22,march,Role Player,Role,Forward,15.2,8.1,79.72972972972973,,79,16,22.6,9.1
1630528,Josh Christopher,HOU,2021-22,march,Role Player,Role,Guard,20.8,19.6,35.064935064935064,,75,17,20.7,8.9
1630553,Keon Johnson,POR,2021-22,march,Role Player,Role,Guard,19.5,13.9,40.659340659340664,,76,14,23.9,8.9
1629659,Talen Horton-Tucker,LAL,2021-22,march,Role Player,Role,Guard,20.5,15.5,32.94117647058823,,76,11,22.5,8.9
1629651,Nic Claxton,BKN,2021-22,march,Shot Creator,Scorer,Big,14.9,7.1,0.0,14.1,83,15,20.5,8.9
1629599,Amir Coffey,LAC,2021-22,march,Role Player,Role,Forward,16.9,11.5,46.42857142857142,,79,14,25.2,8.9
1629684,Grant Williams,BOS,2021-22,march,3&D Wing,Wing,Forward,14.5,3.6,42.25352112676057,,78,14,26.5,8.9
1630530,Trey Murphy III,NOP,2021-22,march,Finisher,Finisher,Forward,16.3,9.1,58.46153846153845,6.6,80,13,17.7,8.8
1630205,Lamar Stevens,CLE,2021-22,march,Role Player,Role,Forward,18.0,6.8,13.043478260869565,,78,15,20.6,8.8
1630631,Jose Alvarado,NOP,2021-22,march,3&D Wing,Wing,Guard,17.3,27.6,36.00000000000001,4.2,72,15,21.0,8.7
203914,Gary Harris,ORL,2021-22,march,3&D Wing,Wing,Guard,16.4,8.0,64.7887323943662,,76,7,21.9,8.7
1630202,Payton Pritchard,BOS,2021-22,march,Shot Creator,Scorer,Guard,16.1,20.3,75.40983606557377,12.8,73,14,18.3,8.6
1629604,CJ Elleby,POR,2021-22,march,Role Player,Role,Forward,15.3,10.7,34.72222222222222,,78,15,28.4,8.5
1627739,Kris Dunn,POR,2021-22,march,3&D Wing,Wing,Guard,16.7,30.0,7.142857142857142,3.9,75,10,23.6,8.3
201587,Nicolas Batum,LAC,2021-22,march,3&D Wing,Wing,Forward,13.8,11.0,66.19718309859155,,80,14,25.7,8.3
1630191,Isaiah Stewart,DET,2021-22,march,Finisher,Finisher,Forward,14.3,6.4,11.764705882352942,,80,13,26.3,8.2
1629643,Chuma Okeke,ORL,2021-22,march,Role Player,Role,Forward,15.6,10.9,68.6046511627907,,78,14,27.3,8.1
203482,Kelly Olynyk,DET,2021-22,march,Playmaking Big,Big,Big,17.3,22.2,41.1764705882353,,83,14,17.3,8.1
1630165,Killian Hayes,DET,2021-22,march,Role Player,Role,Guard,15.4,22.6,29.333333333333332,,77,12,26.6,8.0
202709,Cory Joseph,DET,2021-22,march,Role Player,Role,Guard,13.3,16.7,44.06779661016949,,75,15,24.9,7.9
1629002,Chimezie Metu,SAC,2021-22,march,Role Player,Role,Forward,19.7,7.1,37.096774193548384,,81,13,16.9,7.8
203200,Justin Holiday,SAC,2021-22,march,Role Player,Role,Forward,16.5,6.4,72.94117647058825,,78,13,25.0,7.8
203490,Otto Porter Jr.,GSW,2021-22,march,Role Player,Role,Forward,14.2,8.9,37.49999999999999,,80,10,23.9,7.8
1627780,Gary Payton II,GSW,2021-22,march,Finisher,Finisher,Guard,13.2,7.1,27.450980392156865,,75,8,20.9,7.8
202362,Lance Stephenson,IND,2021-22,march,Role Player,Role,Guard,22.1,23.0,31.818181818181824,,77,10,16.6,7.7
1630559,Austin Reaves,LAL,2021-22,march,Shot Creator,Scorer,Guard,13.3,11.2,49.20634920634921,13.5,77,16,24.9,7.7
202397,Ish Smith,WAS,2021-22,march,Role Player,Role,Guard,20.1,33.5,19.277108433734934,,72,16,21.2,7.6
1630168,Onyeka Okongwu,ATL,2021-22,march,3&D Wing,Wing,Forward,13.6,6.1,0.0,1.6,80,15,19.3,7.6
201609,Goran Dragic,BKN,2021-22,march,Role Player,Role,Guard,16.3,22.5,40.789473684210535,,75,14,26.9,7.5
1626220,Royce O'Neale,UTA,2021-22,march,3&D Wing,Wing,Guard,10.8,10.8,72.05882352941177,,77,17,31.9,7.5
1628470,Torrey Craig,PHX,2021-22,march,Role Player,Role,Forward,13.9,8.4,54.99999999999999,,79,15,22.4,7.5
1630541,Moses Moody,GSW,2021-22,march,Movement Shooter,Shooter,Guard,15.2,6.8,53.84615384615385,4.9,77,13,17.2,7.5
203500,Steven Adams,MEM,2021-22,march,Finisher,Finisher,Big,11.1,14.0,1.8518518518518516,,83,14,26.3,7.4
2730,Dwight Howard,LAL,2021-22,march,Role Player,Role,Big,14.5,3.9,4.545454545454546,,82,11,18.5,7.4
1630533,Ziaire Williams,MEM,2021-22,march,3&D Wing,Wing,Forward,14.7,9.0,61.01694915254237,,81,14,18.9,7.4
1629020,Jarred Vanderbilt,MIN,2021-22,march,3&D Wing,Wing,Forward,12.2,5.9,1.9607843137254903,,81,12,23.7,7.3
203082,Terrence Ross,ORL,2021-22,march,Stretch Shooter,Shooter,Forward,21.2,11.5,54.7945205479452,,78,9,17.2,7.3
201586,Serge Ibaka,MIL,2021-22,march,Role Player,Role,Big,16.1,5.0,35.18518518518518,,82,12,15.9,7.2
1628380,Zach Collins,SAS,2021-22,march,3&D Wing,Wing,Big,16.8,16.8,29.629629629629623,,83,14,17.0,7.1
203087,Jeremy Lamb,SAC,2021-22,march,Role Player,Role,Guard,20.1,11.0,35.714285714285715,,77,8,16.5,7.1
203937,Kyle Anderson,MEM,2021-22,march,Shot Creator,Scorer,Forward,15.2,13.3,23.076923076923077,12.6,81,14,20.1,7.1
201988,Patty Mills,BKN,2021-22,march,Role Player,Role,Guard,13.0,7.0,81.53846153846153,,72,15,22.9,7.1
1630181,R.J. Hampton,ORL,2021-22,march,Role Player,Role,Guard,13.5,10.6,50.74626865671642,,76,15,26.2,7.1
1628988,Aaron Holiday,PHX,2021-22,march,3&D Wing,Wing,Guard,18.5,31.5,23.21428571428572,,72,12,17.0,7.0
1628464,Daniel Theis,BOS,2021-22,march,Role Player,Role,Forward,16.7,8.7,27.27272727272727,,81,12,16.3,7.0
203926,Doug McDermott,SAS,2021-22,march,3&D Wing,Wing,Forward,16.5,6.2,62.962962962962955,,79,5,19.2,7.0
1629649,Ignas Brazdeikis,ORL,2021-22,march,Role Player,Role,Forward,17.0,8.5,46.666666666666664,,78,8,16.3,7.0
1630249,Vít Krejčí,OKC,2021-22,march,Movement Shooter,Shooter,Forward,10.9,10.4,71.15384615384616,,80,15,24.9,6.9
200752,Rudy Gay,UTA,2021-22,march,Role Player,Role,Forward,18.4,5.6,49.20634920634921,,80,16,16.8,6.8
1626169,Stanley Johnson,LAL,2021-22,march,Role Player,Role,Forward,11.6,11.3,39.62264150943396,,78,16,23.4,6.8
1630563,Joshua Primo,SAS,2021-22,march,Role Player,Role,Guard,13.5,7.7,50.0,,76,12,25.2,6.6
1628998,Cody Martin,CHA,2021-22,march,Role Player,Role,Forward,10.9,12.9,41.66666666666667,,78,14,24.5,6.5
201571,D.J. Augustin,LAL,2021-22,march,Role Player,Role,Guard,11.5,12.3,80.48780487804879,,71,15,17.4,6.5
203526,Raul Neto,WAS,2021-22,march,Role Player,Role,Guard,15.5,31.4,21.153846153846153,,74,14,18.4,6.4
1629117,Wenyen Gabriel,LAL,2021-22,march,Role Player,Role,Forward,17.4,4.4,30.76923076923077,,81,13,15.9,6.4
1627936,Alex Caruso,CHI,2021-22,march,3&D Wing,Wing,Guard,12.1,18.0,50.0,,77,11,29.8,6.4
202355,Hassan Whiteside,UTA,2021-22,march,Role Player,Role,Big,13.6,2.0,0.0,,84,12,16.8,6.3
1630240,Saben Lee,DET,2021-22,march,Role Player,Role,Guard,14.9,26.0,23.636363636363637,,74,6,18.5,6.3
203506,Victor Oladipo,MIA,2021-22,march,Role Player,Role,Guard,19.8,26.2,40.298507462686565,,76,6,18.4,6.3
1630846,Olivier Sarr,OKC,2021-22,march,Role Player,Role,Big,13.3,7.1,26.829268292682933,,84,14,19.2,6.3
1627823,Juancho Hernangomez,UTA,2021-22,march,Role Player,Role,Forward,13.1,7.2,75.55555555555556,,81,11,19.6,6.1
1629750,Javonte Green,CHI,2021-22,march,3&D Wing,Wing,Guard,10.5,4.3,37.2093023255814,,77,15,20.9,6.1
1627814,Damion Lee,GSW,2021-22,march,Role Player,Role,Guard,14.5,7.9,48.97959183673469,,77,10,19.0,6.0
1628975,Jevon Carter,MIL,2021-22,march,3&D Wing,Wing,Guard,10.0,17.8,62.85714285714287,,73,13,17.2,6.0
203486,Mason Plumlee,CHA,2021-22,march,Rim Protector,Big,Big,11.0,19.0,0.0,,83,14,23.8,6.0
203085,Austin Rivers,DEN,2021-22,march,Role Player,Role,Guard,10.7,10.3,67.3469387755102,,76,15,24.4,5.9
201152,Thaddeus Young,TOR,2021-22,march,Role Player,Role,Forward,15.3,12.6,31.481481481481477,,80,15,17.6,5.9
203210,JaMychal Green,DEN,2021-22,march,Role Player,Role,Forward,13.5,6.3,27.083333333333336,,80,14,19.2,5.9
201959,Taj Gibson,NYK,2021-22,march,Role Player,Role,Forward,10.1,2.1,26.47058823529412,,81,8,17.4,5.9
1630182,Josh Green,DAL,2021-22,march,3&D Wing,Wing,Guard,14.1,8.2,36.73469387755102,,77,16,18.9,5.8
1629680,Matisse Thybulle,PHI,2021-22,march,Role Player,Role,Guard,9.8,4.7,36.585365853658544,,77,16,23.4,5.8
1630200,Tre Jones,SAS,2021-22,march,Finisher,Finisher,Guard,14.0,26.6,21.818181818181817,4.8,73,14,20.0,5.8
1629216,Gabe Vincent,MIA,2021-22,march,Movement Shooter,Shooter,Guard,17.4,13.2,62.121212121212125,,75,11,20.9,5.7
1629726,Garrison Mathews,HOU,2021-22,march,Role Player,Role,Guard,10.5,4.8,85.71428571428571,,77,17,23.4,5.6
1626208,Keifer Sykes,IND,2021-22,march,Role Player,Role,Guard,15.4,14.5,46.42857142857144,,71,9,18.1,5.6
1630587,Isaiah Livers,DET,2021-22,march,3&D Wing,Wing,Forward,12.2,7.5,76.74418604651163,,78,12,18.2,5.5
1629162,Jordan McLaughlin,MIN,2021-22,march,Role Player,Role,Guard,11.1,20.9,41.86046511627907,,71,13,19.4,5.5
1627863,Danuel House Jr.,UTA,2021-22,march,Role Player,Role,Forward,11.1,9.1,69.04761904761905,,78,9,18.1,5.3
202684,Tristan Thompson,CHI,2021-22,march,Role Player,Role,Forward,13.3,6.3,2.439024390243903,,81,15,16.7,5.3
1626172,Kevon Looney,GSW,2021-22,march,Finisher,Finisher,Forward,9.1,17.5,0.0,,81,16,22.4,5.3
203585,Rodney McGruder,DET,2021-22,march,Role Player,Role,Guard,15.8,10.5,84.00000000000001,,76,12,15.2,5.3
200782,P.J. Tucker,MIA,2021-22,march,Role Player,Role,Guard,11.0,11.1,34.54545454545455,,77,14,26.3,5.2
1629731,Dean Wade,CLE,2021-22,march,3&D Wing,Wing,Forward,9.2,2.7,45.45454545454545,,81,5,20.7,5.2
1630535,Greg Brown III,POR,2021-22,march,Role Player,Role,Forward,14.5,11.6,27.083333333333336,,79,12,19.0,5.1
202083,Wesley Matthews,MIL,2021-22,march,Role Player,Role,Guard,9.7,4.5,68.08510638297872,,76,13,22.6,5.1
1630172,Patrick Williams,CHI,2021-22,march,3&D Wing,Wing,Forward,10.7,2.8,34.146341463414636,3.6,79,7,20.4,5.0
1626153,Delon Wright,ATL,2021-22,march,Role Player,Role,Guard,8.8,16.1,42.857142857142854,,77,17,20.9,4.9
1629670,Jordan Nwora,MIL,2021-22,march,Role Player,Role,Forward,14.4,5.6,50.98039215686275,,80,10,16.1,4.8
203920,Khem Birch,TOR,2021-22,march,Role Player,Role,Forward,10.9,6.4,8.108108108108107,,81,15,18.1,4.8
203110,Draymond Green,GSW,2021-22,march,3&D Wing,Wing,Forward,12.1,30.8,30.555555555555557,,78,7,24.4,4.7
1628467,Maxi Kleber,DAL,2021-22,march,Role Player,Role,Big,13.5,7.0,65.45454545454545,,82,14,22.8,4.7
203107,Tomas Satoransky,WAS,2021-22,march,Role Player,Role,Forward,11.9,29.5,27.77777777777778,,79,16,18.4,4.5
202357,Nemanja Bjelica,GSW,2021-22,march,Role Player,Role,Forward,13.8,21.8,35.13513513513514,,81,11,18.8,4.5
202340,Avery Bradley,LAL,2021-22,march,Role Player,Role,Guard,11.3,3.5,70.27027027027027,,75,10,16.2,4.4
1629003,Shake Milton,PHI,2021-22,march,Role Player,Role,Guard,11.6,14.6,40.90909090909091,,77,16,17.0,4.3
1629723,John Konchar,MEM,2021-22,march,3&D Wing,Wing,Guard,10.2,11.7,42.42424242424242,,77,13,15.0,4.3
201949,James Johnson,BKN,2021-22,march,Role Player,Role,Forward,11.3,16.3,31.42857142857143,,79,15,16.6,4.3
1630174,Aaron Nesmith,BOS,2021-22,march,Movement Shooter,Shooter,Guard,11.1,6.5,47.36842105263158,,77,5,16.2,4.2
1629833,Keljin Blevins,POR,2021-22,march,Role Player,Role,Guard,15.2,10.3,63.82978723404255,,76,11,15.1,4.2
201980,Danny Green,PHI,2021-22,march,Role Player,Role,Forward,10.6,6.1,90.2439024390244,,78,14,18.3,4.0
203503,Tony Snell,NOP,2021-22,march,Role Player,Role,Forward,9.7,1.7,74.46808510638297,,78,6,21.5,4.0
1630190,Elijah Hughes,POR,2021-22,march,Role Player,Role,Guard,13.9,7.3,60.416666666666664,,77,12,15.5,3.9
1627884,Derrick Jones Jr.,CHI,2021-22,march,3&D Wing,Wing,Forward,10.0,4.4,29.03225806451613,,78,9,16.7,3.6
201588,George Hill,MIL,2021-22,march,Role Player,Role,Guard,8.8,9.0,50.0,,76,8,15.4,3.0
1630579,Jericho Sims,NYK,2021-22,march,Finisher,Finisher,Forward,7.5,6.1,0.0,,81,16,16.2,2.7
203954,Joel Embiid,PHI,2021-22,april,Shot Creator,Scorer,Big,37.6,15.7,16.216216216216218,12.3,84,5,36.5,37.8
201142,Kevin Durant,BKN,2021-22,april,Primary Initiator,Primary,Big,30.0,29.2,35.0,20.8,82,5,40.7,32.2
1629029,Luka Dončić,DAL,2021-22,april,Primary Initiator,Primary,Forward,41.2,47.7,46.15384615384615,16.0,79,5,33.5,31.8
1629027,Trae Young,ATL,2021-22,april,Primary Initiator,Primary,Guard,35.2,47.0,41.12149532710281,12.0,73,5,36.0,31.0
202681,Kyrie Irving,BKN,2021-22,april,Primary Initiator,Primary,Guard,28.4,23.7,44.354838709677416,,74,5,41.4,30.0
1629645,Kevin Porter Jr.,HOU,2021-22,april,Primary Initiator,Primary,Guard,28.6,26.4,51.35135135135136,9.8,76,5,39.0,29.0
1630224,Jalen Green,HOU,2021-22,april,Role Player,Role,Guard,26.0,10.9,45.54455445544554,,76,5,38.5,28.6
1627783,Pascal Siakam,TOR,2021-22,april,Shot Creator,Scorer,Forward,27.5,28.2,17.117117117117118,13.3,80,5,40.6,28.4
1630167,Obi Toppin,NYK,2021-22,april,3&D Wing,Wing,Forward,24.6,13.5,46.067415730337075,,81,5,37.5,27.2
1627759,Jaylen Brown,BOS,2021-22,april,Shot Creator,Scorer,Forward,30.6,27.9,31.521739130434785,20.6,78,5,31.8,25.8
1630162,Anthony Edwards,MIN,2021-22,april,Shot Creator,Scorer,Guard,27.5,22.7,48.31460674157303,23.4,76,5,33.0,25.2
1629636,Darius Garland,CLE,2021-22,april,Secondary Ball Handler,Secondary,Guard,27.3,31.4,33.69565217391305,6.7,73,5,35.6,23.2
1629640,Keldon Johnson,SAS,2021-22,april,3&D Wing,Wing,Forward,24.9,17.0,49.36708860759494,3.9,78,5,33.0,22.6
1629673,Jordan Poole,GSW,2021-22,april,Primary Initiator,Primary,Guard,30.7,29.8,59.77011494252874,7.9,76,5,33.4,22.4
1630169,Tyrese Haliburton,IND,2021-22,april,Role Player,Role,Guard,19.6,32.3,35.0,,77,5,35.6,21.2
1630163,LaMelo Ball,CHA,2021-22,april,Primary Initiator,Primary,Forward,28.9,38.7,52.56410256410257,12.2,79,5,31.0,21.0
1630178,Tyrese Maxey,PHI,2021-22,april,Shot Creator,Scorer,Guard,21.1,19.1,45.66929133858268,14.5,74,6,31.9,20.8
1629018,Gary Trent Jr.,TOR,2021-22,april,3&D Wing,Wing,Guard,20.6,7.3,41.666666666666664,,77,6,37.6,20.5
1630193,Immanuel Quickley,NYK,2021-22,april,Secondary Ball Handler,Secondary,Guard,27.3,41.5,47.72727272727273,6.1,75,5,33.6,20.0
203468,CJ McCollum,NOP,2021-22,april,Primary Initiator,Primary,Guard,28.1,23.1,36.809815950920246,8.8,75,6,28.8,18.8
1628374,Lauri Markkanen,CLE,2021-22,april,Movement Shooter,Shooter,Big,21.5,4.0,58.92857142857143,4.0,83,5,28.6,18.2
1628970,Miles Bridges,CHA,2021-22,april,3&D Wing,Wing,Forward,23.6,14.0,37.49999999999999,9.0,79,5,29.2,18.2
1628370,Malik Monk,LAL,2021-22,april,Secondary Ball Handler,Secondary,Guard,23.2,21.2,45.98540145985402,8.4,75,6,32.0,18.0
203497,Rudy Gobert,UTA,2021-22,april,Finisher,Finisher,Big,19.3,4.8,5.128205128205129,,85,5,32.1,18.0
1629052,Oshae Brissett,IND,2021-22,april,Stretch Shooter,Shooter,Forward,20.9,11.5,52.307692307692314,,79,5,32.6,17.8
1626179,Terry Rozier,CHA,2021-22,april,Role Player,Role,Guard,23.1,25.9,45.20547945205479,,73,5,29.9,17.6
1627745,Damian Jones,SAC,2021-22,april,Rim Protector,Big,Big,19.0,10.9,11.11111111111111,,83,5,30.6,17.4
1628973,Jalen Brunson,DAL,2021-22,april,Shot Creator,Scorer,Guard,20.4,13.4,35.59322033898305,14.4,73,5,30.0,17.4
201567,Kevin Love,CLE,2021-22,april,Stretch Shooter,Shooter,Forward,26.0,13.2,69.0909090909091,,80,5,21.7,17.2
1629658,Jaylen Hoard,OKC,2021-22,april,Role Player,Role,Forward,18.4,11.3,28.37837837837838,,80,6,39.6,17.2
1630172,Patrick Williams,CHI,2021-22,april,3&D Wing,Wing,Forward,20.3,9.2,26.0,3.6,79,5,30.9,17.0
203992,Bogdan Bogdanović,ATL,2021-22,april,Stretch Shooter,Shooter,Forward,22.5,18.0,61.9718309859155,,78,5,29.6,16.8
1627741,Buddy Hield,IND,2021-22,april,Movement Shooter,Shooter,Guard,22.6,18.3,62.33766233766234,,76,5,34.2,16.6
1630170,Devin Vassell,SAS,2021-22,april,Movement Shooter,Shooter,Guard,20.2,15.0,57.37704918032788,2.7,77,5,30.6,16.6
1626171,Bobby Portis,MIL,2021-22,april,3&D Wing,Wing,Big,23.0,6.5,30.88235294117647,3.2,82,5,24.8,16.0
201935,James Harden,PHI,2021-22,april,Shot Creator,Scorer,Guard,21.3,42.3,54.09836065573771,42.5,77,5,38.0,15.8
203496,Robert Covington,LAC,2021-22,april,Stretch Shooter,Shooter,Forward,20.2,5.7,76.0,,79,5,23.8,15.8
1629659,Talen Horton-Tucker,LAL,2021-22,april,Role Player,Role,Guard,26.4,18.6,25.396825396825403,,76,5,24.8,15.8
1629234,Drew Eubanks,POR,2021-22,april,Finisher,Finisher,Forward,20.6,6.1,9.090909090909092,,81,5,30.7,15.6
1629676,Isaiah Roby,OKC,2021-22,april,Role Player,Role,Forward,22.3,14.5,40.17857142857143,,80,6,27.7,15.5
1629060,Rui Hachimura,WAS,2021-22,april,3&D Wing,Wing,Forward,20.7,8.7,31.818181818181824,3.7,80,6,30.5,15.5
1630567,Scottie Barnes,TOR,2021-22,april,Finisher,Finisher,Forward,17.9,14.2,30.833333333333336,7.9,79,6,33.7,15.5
1630533,Ziaire Williams,MEM,2021-22,april,Stretch Shooter,Shooter,Forward,20.0,8.2,54.23728813559322,,81,5,27.7,15.4
1630558,Davion Mitchell,SAC,2021-22,april,Shot Creator,Scorer,Guard,21.8,45.3,25.71428571428572,28.6,72,5,39.0,15.0
203991,Clint Capela,ATL,2021-22,april,Finisher,Finisher,Big,15.9,1.0,0.0,,82,5,27.6,14.6
1629649,Ignas Brazdeikis,ORL,2021-22,april,Role Player,Role,Forward,20.1,11.6,48.333333333333336,,78,5,30.1,14.6
203903,Jordan Clarkson,UTA,2021-22,april,Stretch Shooter,Shooter,Guard,22.5,22.6,61.66666666666667,5.2,76,5,27.7,14.4
1628964,Mo Bamba,ORL,2021-22,april,Stretch Shooter,Shooter,Big,20.4,15.2,62.0,,84,5,24.6,14.4
1629021,Moritz Wagner,ORL,2021-22,april,Stretch Shooter,Shooter,Big,19.7,14.4,51.06382978723404,,83,5,26.8,14.4
202692,Alec Burks,NYK,2021-22,april,Role Player,Role,Forward,17.2,18.1,52.17391304347826,,78,5,34.1,14.0
203463,Ben McLemore,POR,2021-22,april,Stretch Shooter,Shooter,Guard,21.7,12.2,74.22680412371135,,75,6,25.3,14.0
1627747,Caris LeVert,CLE,2021-22,april,3&D Wing,Wing,Forward,19.1,20.8,34.54545454545455,6.2,78,5,33.5,14.0
201950,Jrue Holiday,MIL,2021-22,april,Role Player,Role,Guard,19.9,37.5,44.44444444444444,10.1,75,5,27.4,14.0
202699,Tobias Harris,PHI,2021-22,april,3&D Wing,Wing,Forward,18.2,12.0,40.869565217391305,4.2,79,6,33.2,13.8
1629599,Amir Coffey,LAC,2021-22,april,Stretch Shooter,Shooter,Forward,20.7,16.5,53.658536585365866,,79,5,20.1,13.8
1630245,Ayo Dosunmu,CHI,2021-22,april,3&D Wing,Wing,Guard,19.3,16.7,27.450980392156865,2.2,76,5,30.2,13.8
1629631,De'Andre Hunter,ATL,2021-22,april,3&D Wing,Wing,Forward,20.8,4.2,24.561403508771928,7.5,80,5,29.7,13.8
203939,Dwight Powell,DAL,2021-22,april,Finisher,Finisher,Big,16.6,5.5,0.0,,82,5,27.0,13.8
1630200,Tre Jones,SAS,2021-22,april,Finisher,Finisher,Guard,17.8,37.0,19.41747572815534,4.8,73,6,30.6,13.7
1630553,Keon Johnson,POR,2021-22,april,Role Player,Role,Guard,23.8,30.5,43.18181818181819,,76,6,30.5,13.5
1628401,Derrick White,BOS,2021-22,april,3&D Wing,Wing,Guard,16.6,13.9,48.648648648648646,4.7,76,5,27.1,13.4
1628402,Frank Jackson,DET,2021-22,april,Stretch Shooter,Shooter,Guard,19.5,9.0,52.941176470588246,,75,5,24.8,13.4
1627826,Ivica Zubac,LAC,2021-22,april,Post Scorer,Big,Big,18.7,11.6,0.0,,84,5,23.8,13.4
1628978,Donte DiVincenzo,SAC,2021-22,april,Movement Shooter,Shooter,Guard,22.2,22.6,65.3061224489796,1.9,76,5,27.4,13.2
1630613,Duane Washington Jr.,IND,2021-22,april,Stretch Shooter,Shooter,Guard,21.2,6.5,53.06122448979592,,75,5,21.6,13.2
1630180,Saddiq Bey,DET,2021-22,april,3&D Wing,Wing,Forward,25.3,17.7,50.0,6.5,79,5,21.6,13.2
1629001,De'Anthony Melton,MEM,2021-22,april,Stretch Shooter,Shooter,Guard,21.6,20.7,59.61538461538461,,74,5,25.7,13.0
1630528,Josh Christopher,HOU,2021-22,april,Role Player,Role,Guard,21.7,15.2,36.53846153846153,,75,5,25.9,13.0
1626196,Josh Richardson,SAS,2021-22,april,Stretch Shooter,Shooter,Guard,20.8,11.9,51.54639175257733,,77,6,24.3,12.8
1630538,Bones Hyland,DEN,2021-22,april,Stretch Shooter,Shooter,Guard,22.9,28.9,69.81132075471699,10.9,74,5,23.5,12.8
1628464,Daniel Theis,BOS,2021-22,april,Role Player,Role,Forward,16.1,6.1,20.833333333333336,,81,5,28.1,12.8
1630543,Isaiah Jackson,IND,2021-22,april,Finisher,Finisher,Big,18.2,1.0,7.3170731707317085,,82,5,25.4,12.8
1627827,Dorian Finney-Smith,DAL,2021-22,april,Role Player,Role,Forward,11.2,10.4,77.77777777777777,,79,5,31.0,12.6
1628380,Zach Collins,SAS,2021-22,april,3&D Wing,Wing,Big,20.7,19.5,19.402985074626866,,83,6,22.3,12.3
1630165,Killian Hayes,DET,2021-22,april,Role Player,Role,Guard,22.0,28.4,38.983050847457626,,77,5,26.0,12.2
203935,Marcus Smart,BOS,2021-22,april,3&D Wing,Wing,Guard,17.6,25.6,73.33333333333333,4.2,76,5,28.1,12.2
1628365,Markelle Fultz,ORL,2021-22,april,Role Player,Role,Guard,26.7,49.4,10.714285714285715,,76,5,23.9,12.2
1629655,Daniel Gafford,WAS,2021-22,april,Finisher,Finisher,Forward,17.0,5.2,0.0,,81,6,20.6,12.2
1630166,Deni Avdija,WAS,2021-22,april,Shot Creator,Scorer,Forward,20.0,18.3,47.27272727272727,14.0,81,6,29.1,12.2
1628969,Mikal Bridges,PHX,2021-22,april,3&D Wing,Wing,Forward,17.9,8.9,27.77777777777778,2.3,78,6,25.3,12.2
203084,Harrison Barnes,SAC,2021-22,april,3&D Wing,Wing,Forward,17.5,6.7,45.833333333333336,8.0,80,5,28.0,12.0
1627736,Malik Beasley,MIN,2021-22,april,Role Player,Role,Guard,16.4,8.7,85.71428571428571,,76,5,25.4,12.0
1630228,Jonathan Kuminga,GSW,2021-22,april,Shot Creator,Scorer,Forward,21.5,11.8,27.272727272727277,12.6,79,5,18.8,11.8
1630181,R.J. Hampton,ORL,2021-22,april,Role Player,Role,Guard,21.0,23.6,31.147540983606557,,76,5,30.8,11.8
1629637,Jaxson Hayes,NOP,2021-22,april,Finisher,Finisher,Big,18.8,5.0,23.913043478260875,,83,6,23.5,11.7
1629643,Chuma Okeke,ORL,2021-22,april,Role Player,Role,Forward,16.9,8.1,84.00000000000001,,78,5,28.1,11.6
1628392,Isaiah Hartenstein,LAC,2021-22,april,Playmaking Big,Big,Big,17.1,22.3,36.11111111111111,,84,5,24.2,11.6
1629611,Terance Mann,LAC,2021-22,april,3&D Wing,Wing,Guard,17.8,15.5,22.727272727272727,3.7,77,5,25.3,11.6
1630557,Corey Kispert,WAS,2021-22,april,Movement Shooter,Shooter,Forward,13.3,7.5,66.26506024096385,,78,6,30.6,11.5
203083,Andre Drummond,BKN,2021-22,april,Finisher,Finisher,Big,21.6,6.2,0.0,,82,5,19.9,11.4
1626162,Kelly Oubre Jr.,CHA,2021-22,april,Shot Creator,Scorer,Forward,19.0,6.0,66.66666666666667,12.1,78,5,20.2,11.4
1628989,Kevin Huerter,ATL,2021-22,april,3&D Wing,Wing,Forward,15.6,12.8,60.7843137254902,,79,5,29.9,11.4
1629726,Garrison Mathews,HOU,2021-22,april,Role Player,Role,Guard,13.3,5.2,89.18918918918918,,77,5,28.1,11.2
1630678,Terry Taylor,IND,2021-22,april,Role Player,Role,Guard,15.8,7.0,27.906976744186046,,77,5,26.6,11.2
1629003,Shake Milton,PHI,2021-22,april,Role Player,Role,Guard,16.0,19.6,38.35616438356164,,77,6,22.4,11.2
1629002,Chimezie Metu,SAC,2021-22,april,Role Player,Role,Forward,16.8,3.9,32.5,,81,5,25.6,11.0
2730,Dwight Howard,LAL,2021-22,april,Role Player,Role,Big,16.2,6.3,14.285714285714288,,82,5,22.7,11.0
1628449,Chris Boucher,TOR,2021-22,april,Role Player,Role,Forward,17.2,5.4,48.717948717948715,,81,6,22.4,10.8
203915,Spencer Dinwiddie,DAL,2021-22,april,Role Player,Role,Forward,20.6,23.8,47.05882352941177,,78,5,20.3,10.8
1629617,Reggie Perry,POR,2021-22,april,Role Player,Role,Forward,26.6,17.5,20.61855670103093,,80,6,20.0,10.7
1630296,Braxton Key,DET,2021-22,april,Role Player,Role,Forward,17.6,11.1,28.57142857142857,,80,5,23.8,10.6
1629023,P.J. Washington,CHA,2021-22,april,3&D Wing,Wing,Forward,13.9,9.6,29.72972972972973,4.1,79,5,29.2,10.6
1630202,Payton Pritchard,BOS,2021-22,april,Shot Creator,Scorer,Guard,21.6,20.0,73.68421052631578,12.8,73,5,16.7,10.6
1626168,Trey Lyles,SAC,2021-22,april,Role Player,Role,Forward,22.1,6.0,27.500000000000004,,81,5,21.0,10.6
202397,Ish Smith,WAS,2021-22,april,Role Player,Role,Guard,20.2,37.4,12.244897959183673,,72,6,24.0,10.5
203095,Evan Fournier,NYK,2021-22,april,Stretch Shooter,Shooter,Forward,18.3,15.7,69.3877551020408,,78,5,26.3,10.4
1630173,Precious Achiuwa,TOR,2021-22,april,Finisher,Finisher,Forward,19.9,6.9,45.78313253012048,,80,6,23.2,10.3
1629667,Jalen McDaniels,CHA,2021-22,april,Role Player,Role,Forward,17.8,13.2,39.28571428571429,,81,5,16.0,10.2
1629013,Landry Shamet,PHX,2021-22,april,Stretch Shooter,Shooter,Guard,18.6,10.1,60.7843137254902,,76,6,23.4,10.2
1629962,Devin Cannady,ORL,2021-22,april,Role Player,Role,Guard,15.6,10.2,84.09090909090908,,74,5,28.9,10.0
1630249,Vít Krejčí,OKC,2021-22,april,Movement Shooter,Shooter,Forward,15.7,15.6,45.45454545454545,,80,6,36.1,10.0
202355,Hassan Whiteside,UTA,2021-22,april,Rim Protector,Big,Big,20.2,9.8,0.0,,84,5,15.2,9.8
1630587,Isaiah Livers,DET,2021-22,april,3&D Wing,Wing,Forward,11.9,7.8,58.06451612903226,,78,5,29.3,9.8
1626224,Cedi Osman,CLE,2021-22,april,Stretch Shooter,Shooter,Forward,18.5,15.9,67.74193548387098,,79,5,18.7,9.6
203937,Kyle Anderson,MEM,2021-22,april,Shot Creator,Scorer,Forward,16.2,23.4,25.71428571428572,12.6,81,5,22.8,9.6
1630256,Jae'Sean Tate,HOU,2021-22,april,Role Player,Role,Guard,15.9,11.7,25.581395348837212,,76,5,26.7,9.4
202357,Nemanja Bjelica,GSW,2021-22,april,Role Player,Role,Forward,16.9,27.1,42.85714285714286,,81,5,19.7,9.4
1630530,Trey Murphy III,NOP,2021-22,april,Stretch Shooter,Shooter,Forward,18.4,2.5,65.27777777777779,6.6,80,6,18.3,9.3
1630314,Brandon Williams,POR,2021-22,april,Secondary Ball Handler,Secondary,Guard,22.1,28.8,32.6530612244898,10.6,74,5,26.3,9.2
1629130,Duncan Robinson,MIA,2021-22,april,Movement Shooter,Shooter,Forward,15.8,10.8,97.14285714285714,,79,5,20.8,9.2
1630529,Herbert Jones,NOP,2021-22,april,3&D Wing,Wing,Forward,12.7,6.5,44.11764705882353,,79,5,28.7,9.2
1630563,Joshua Primo,SAS,2021-22,april,Role Player,Role,Guard,16.9,15.5,47.43589743589744,,76,6,26.9,9.2
203110,Draymond Green,GSW,2021-22,april,3&D Wing,Wing,Forward,15.1,32.0,12.903225806451612,,78,5,28.0,9.0
1630535,Greg Brown III,POR,2021-22,april,Role Player,Role,Forward,16.6,9.7,47.76119402985074,,79,6,24.2,9.0
1628966,Keita Bates-Diop,SAS,2021-22,april,Role Player,Role,Forward,18.6,7.0,14.705882352941178,,80,6,19.0,9.0
1629650,Moses Brown,CLE,2021-22,april,Role Player,Role,Big,19.5,0.0,0.0,,86,5,18.1,9.0
1626169,Stanley Johnson,LAL,2021-22,april,Role Player,Role,Forward,15.6,7.4,47.76119402985074,,78,6,27.6,8.8
1629661,Cameron Johnson,PHX,2021-22,april,Stretch Shooter,Shooter,Forward,19.4,8.9,61.855670103092784,,80,6,25.2,8.7
1627863,Danuel House Jr.,UTA,2021-22,april,Role Player,Role,Forward,15.8,2.2,67.6470588235294,,78,5,24.9,8.6
1628367,Josh Jackson,SAC,2021-22,april,Role Player,Role,Forward,23.0,5.2,28.57142857142857,,80,5,18.5,8.6
202362,Lance Stephenson,IND,2021-22,april,Role Player,Role,Guard,21.2,50.0,13.79310344827586,,77,5,15.5,8.4
203493,Reggie Bullock Jr.,DAL,2021-22,april,Role Player,Role,Forward,11.4,5.4,77.14285714285715,,78,5,31.8,8.4
1629684,Grant Williams,BOS,2021-22,april,3&D Wing,Wing,Forward,12.3,3.3,56.666666666666664,,78,5,27.4,8.2
1630191,Isaiah Stewart,DET,2021-22,april,Finisher,Finisher,Forward,14.9,15.0,34.48275862068966,,80,5,19.2,8.2
1630205,Lamar Stevens,CLE,2021-22,april,Role Player,Role,Forward,17.6,6.6,18.918918918918916,,78,5,21.5,8.2
201580,JaVale McGee,PHX,2021-22,april,Role Player,Role,Big,19.0,4.2,2.9850746268656714,,84,6,19.3,8.0
203200,Justin Holiday,SAC,2021-22,april,Role Player,Role,Forward,13.6,13.2,63.33333333333333,,78,5,21.3,8.0
1629604,CJ Elleby,POR,2021-22,april,Role Player,Role,Forward,14.1,14.9,48.61111111111111,,78,6,28.4,7.8
1628470,Torrey Craig,PHX,2021-22,april,Role Player,Role,Forward,16.1,7.8,69.23076923076923,,79,6,18.4,7.8
1629723,John Konchar,MEM,2021-22,april,3&D Wing,Wing,Guard,11.8,20.3,37.03703703703704,,77,5,20.8,7.8
1629651,Nic Claxton,BKN,2021-22,april,Shot Creator,Scorer,Big,12.0,6.9,0.0,14.1,83,5,22.6,7.8
1628998,Cody Martin,CHA,2021-22,april,Role Player,Role,Forward,9.2,13.2,37.5,,78,5,25.2,7.6
1630556,Kessler Edwards,BKN,2021-22,april,Role Player,Role,Forward,13.5,3.8,45.945945945945944,,79,5,24.9,7.6
201980,Danny Green,PHI,2021-22,april,Role Player,Role,Forward,11.9,10.9,84.90566037735849,,78,6,23.3,7.5
1626204,Larry Nance Jr.,NOP,2021-22,april,3&D Wing,Wing,Forward,15.6,8.5,17.543859649122805,,79,6,20.5,7.5
1630231,KJ Martin,HOU,2021-22,april,Role Player,Role,Guard,13.0,6.3,56.666666666666664,,77,5,21.6,7.4
201988,Patty Mills,BKN,2021-22,april,Role Player,Role,Guard,12.5,7.5,90.90909090909092,,72,5,26.8,7.4
1630230,Naji Marshall,NOP,2021-22,april,3&D Wing,Wing,Forward,19.2,15.5,22.41379310344828,5.6,79,6,17.2,7.3
1629117,Wenyen Gabriel,LAL,2021-22,april,Role Player,Role,Forward,15.6,7.1,6.25,,81,6,17.5,7.3
1630264,Anthony Gill,WAS,2021-22,april,Role Player,Role,Forward,17.8,8.6,25.925925925925924,,79,5,18.6,7.2
1628984,Devonte' Graham,NOP,2021-22,april,Role Player,Role,Guard,16.3,25.0,70.37037037037037,,73,5,17.5,7.2
1627780,Gary Payton II,GSW,2021-22,april,Finisher,Finisher,Guard,12.7,10.7,28.571428571428577,,75,5,21.3,7.2
1629750,Javonte Green,CHI,2021-22,april,3&D Wing,Wing,Guard,11.5,3.7,31.03448275862069,,77,5,22.2,7.2
1629675,Naz Reid,MIN,2021-22,april,Movement Shooter,Shooter,Forward,22.5,6.7,48.48484848484849,3.8,81,5,15.6,7.2
203087,Jeremy Lamb,SAC,2021-22,april,Role Player,Role,Guard,17.3,18.2,53.57142857142857,,77,5,18.2,7.0
203486,Mason Plumlee,CHA,2021-22,april,Role Player,Role,Big,15.2,15.8,0.0,,83,5,19.1,7.0
1626192,Pat Connaughton,MIL,2021-22,april,Role Player,Role,Guard,14.3,9.4,73.52941176470588,,77,5,21.3,7.0
1627884,Derrick Jones Jr.,CHI,2021-22,april,3&D Wing,Wing,Forward,13.2,6.6,50.0,,78,5,18.9,6.8
1629162,Jordan McLaughlin,MIN,2021-22,april,Role Player,Role,Guard,9.8,19.4,70.58823529411765,,71,5,18.2,6.6
202684,Tristan Thompson,CHI,2021-22,april,Role Player,Role,Forward,15.4,1.9,0.0,,81,5,16.0,6.6
1630171,Isaac Okoro,CLE,2021-22,april,3&D Wing,Wing,Guard,8.5,6.3,30.0,,77,5,27.5,6.2
203210,JaMychal Green,DEN,2021-22,april,Role Player,Role,Forward,12.4,10.8,10.0,,80,5,17.1,6.2
1630214,Xavier Tillman,MEM,2021-22,april,Role Player,Role,Forward,14.5,20.0,30.0,,80,5,18.4,6.2
1630631,Jose Alvarado,NOP,2021-22,april,3&D Wing,Wing,Guard,17.9,32.8,31.57894736842105,4.2,72,6,16.3,6.2
1628432,Davon Reed,DEN,2021-22,april,Role Player,Role,Guard,11.4,13.2,35.0,,77,5,18.2,6.0
201152,Thaddeus Young,TOR,2021-22,april,Role Player,Role,Forward,14.1,14.1,38.46153846153846,,80,6,20.0,5.8
203107,Tomas Satoransky,WAS,2021-22,april,Role Player,Role,Forward,13.7,43.4,23.25581395348837,,79,6,20.2,5.8
201959,Taj Gibson,NYK,2021-22,april,Role Player,Role,Forward,14.3,8.8,36.0,,81,5,19.0,5.8
1630579,Jericho Sims,NYK,2021-22,april,Finisher,Finisher,Forward,8.3,5.8,0.0,,81,5,28.6,5.6
1630168,Onyeka Okongwu,ATL,2021-22,april,3&D Wing,Wing,Forward,11.3,9.0,0.0,1.6,80,5,19.7,5.6
1630182,Josh Green,DAL,2021-22,april,3&D Wing,Wing,Guard,11.9,8.9,57.89473684210527,,77,5,15.7,5.4
201577,Robin Lopez,ORL,2021-22,april,Rim Protector,Big,Big,15.8,12.0,4.545454545454546,,84,5,15.5,5.4
1629712,Didi Louzada,POR,2021-22,april,Role Player,Role,Guard,12.0,6.8,62.5,,77,6,18.5,5.0
1629680,Matisse Thybulle,PHI,2021-22,april,Role Player,Role,Guard,8.1,8.0,45.45454545454545,,77,5,25.0,5.0
203085,Austin Rivers,DEN,2021-22,april,Role Player,Role,Guard,9.5,4.1,59.09090909090908,,76,5,23.5,4.8
1628975,Jevon Carter,MIL,2021-22,april,3&D Wing,Wing,Guard,11.2,21.8,37.5,,73,5,18.4,4.8
201588,George Hill,MIL,2021-22,april,Role Player,Role,Guard,12.0,13.7,35.0,,76,5,17.3,4.2
1629020,Jarred Vanderbilt,MIN,2021-22,april,3&D Wing,Wing,Forward,8.1,4.0,7.142857142857144,,81,5,23.8,4.0
1629833,Keljin Blevins,POR,2021-22,april,Role Player,Role,Guard,17.1,4.9,71.69811320754717,,76,6,16.4,3.8
1626153,Delon Wright,ATL,2021-22,april,Role Player,Role,Guard,7.6,14.7,73.33333333333334,,77,5,20.6,3.6
203920,Khem Birch,TOR,2021-22,april,Role Player,Role,Forward,9.6,5.3,9.374999999999998,,81,6,16.7,3.2
1630586,Usman Garuba,HOU,2021-22,april,Role Player,Role,Forward,6.7,10.5,25.0,,80,5,17.1,2.6
201571,D.J. Augustin,LAL,2021-22,april,Role Player,Role,Guard,10.8,12.8,80.0,,71,6,18.9,2.5
1629029,Luka Dončić,DAL,2022-23,october,Primary Initiator,Primary,Forward,39.4,49.5,34.50980392156863,16.0,79,6,36.7,36.7
203507,Giannis Antetokounmpo,MIL,2022-23,october,Primary Initiator,Primary,Big,35.2,30.4,16.27906976744186,10.9,84,6,34.1,33.8
1629630,Ja Morant,MEM,2022-23,october,Primary Initiator,Primary,Guard,34.6,36.9,21.000000000000004,14.1,74,6,32.6,33.3
201142,Kevin Durant,PHX,2022-23,october,Shot Creator,Scorer,Big,33.3,20.6,25.60386473429952,20.8,82,7,37.7,32.6
1628378,Donovan Mitchell,CLE,2022-23,october,Primary Initiator,Primary,Guard,31.9,32.8,41.44144144144144,11.4,73,6,38.9,32.2
203081,Damian Lillard,POR,2022-23,october,Primary Initiator,Primary,Guard,33.0,24.5,52.57731958762887,,74,5,34.9,31.0
1628983,Shai Gilgeous-Alexander,OKC,2022-23,october,Primary Initiator,Primary,Forward,31.5,31.3,15.966386554621849,26.3,78,5,36.6,31.0
201939,Stephen Curry,GSW,2022-23,october,Primary Initiator,Primary,Guard,30.1,23.9,56.94444444444444,10.1,74,7,34.4,31.0
1628369,Jayson Tatum,BOS,2022-23,october,Role Player,Role,Forward,29.7,17.8,42.70833333333333,,80,6,36.3,30.8
202681,Kyrie Irving,DAL,2022-23,october,Primary Initiator,Primary,Guard,30.4,21.7,43.23144104803494,,74,7,39.5,30.1
1626164,Devin Booker,PHX,2022-23,october,Primary Initiator,Primary,Guard,29.3,21.9,29.7029702970297,14.0,77,6,37.1,29.3
1629027,Trae Young,ATL,2022-23,october,Primary Initiator,Primary,Guard,34.9,40.7,35.714285714285715,12.0,73,7,35.0,29.0
203954,Joel Embiid,PHI,2022-23,october,Shot Creator,Scorer,Big,33.8,18.5,18.13186813186813,12.3,84,6,34.5,27.2
1627783,Pascal Siakam,TOR,2022-23,october,Primary Initiator,Primary,Forward,30.1,34.2,23.03664921465969,13.3,80,7,37.4,26.1
201942,DeMar DeRozan,CHI,2022-23,october,Shot Creator,Scorer,Forward,27.4,23.2,7.784431137724551,19.9,78,7,34.3,25.9
2544,LeBron James,LAL,2022-23,october,Primary Initiator,Primary,Forward,30.7,36.7,35.0,12.8,81,6,36.2,25.8
1627759,Jaylen Brown,BOS,2022-23,october,Shot Creator,Scorer,Forward,31.4,13.4,36.13861386138614,20.6,78,6,36.4,25.3
1628368,De'Aaron Fox,SAC,2022-23,october,Primary Initiator,Primary,Guard,31.1,27.1,30.057803468208093,10.1,75,6,30.8,24.5
1630217,Desmond Bane,MEM,2022-23,october,Movement Shooter,Shooter,Guard,27.2,22.6,50.27027027027028,7.0,77,6,33.0,24.2
1629640,Keldon Johnson,SAS,2022-23,october,Stretch Shooter,Shooter,Guard,26.5,18.7,50.56818181818181,3.9,77,7,33.5,23.9
203076,Anthony Davis,LAL,2022-23,october,Post Scorer,Big,Big,25.2,9.6,11.956521739130435,11.5,82,5,35.4,23.8
1630178,Tyrese Maxey,PHI,2022-23,october,Shot Creator,Scorer,Guard,25.3,14.8,39.053254437869825,14.5,74,8,37.1,23.3
1630595,Cade Cunningham,DET,2022-23,october,Primary Initiator,Primary,Forward,30.3,31.8,24.87562189054726,11.5,79,8,34.7,23.1
1630162,Anthony Edwards,MIN,2022-23,october,Shot Creator,Scorer,Guard,26.7,18.6,40.932642487046635,23.4,76,7,36.4,23.0
202711,Bojan Bogdanovic,DET,2022-23,october,Stretch Shooter,Shooter,Forward,21.2,10.2,53.23741007194245,,79,8,32.1,22.8
1631094,Paolo Banchero,ORL,2022-23,october,Primary Initiator,Primary,Big,30.5,20.0,25.43352601156069,14.7,82,7,33.2,22.7
1628374,Lauri Markkanen,UTA,2022-23,october,Finisher,Finisher,Big,24.7,13.5,40.0,4.0,84,8,34.0,22.6
1630169,Tyrese Haliburton,IND,2022-23,october,Role Player,Role,Guard,24.4,42.1,40.397350993377486,,77,8,33.4,21.9
201935,James Harden,PHI,2022-23,october,Shot Creator,Scorer,Guard,25.7,43.5,41.66666666666667,42.5,77,8,36.9,21.8
202331,Paul George,LAC,2022-23,october,Primary Initiator,Primary,Forward,29.8,22.8,40.54054054054054,18.4,80,6,34.2,21.7
202710,Jimmy Butler III,MIA,2022-23,october,Shot Creator,Scorer,Forward,22.9,22.8,16.428571428571427,17.7,79,7,35.4,21.3
1626157,Karl-Anthony Towns,MIN,2022-23,october,Playmaking Big,Big,Big,25.0,22.4,37.106918238993714,10.0,84,7,35.3,21.3
203999,Nikola Jokić,DEN,2022-23,october,Playmaking Big,Big,Big,22.8,36.2,21.774193548387096,5.3,83,7,32.8,21.0
203078,Bradley Beal,WAS,2022-23,october,Secondary Ball Handler,Secondary,Guard,24.5,27.4,29.87012987012987,,76,7,35.7,20.7
1629014,Anfernee Simons,POR,2022-23,october,Shot Creator,Scorer,Guard,24.7,13.9,56.00000000000001,18.2,75,6,36.1,20.5
203468,CJ McCollum,NOP,2022-23,october,Secondary Ball Handler,Secondary,Guard,26.5,28.9,35.233160621761655,8.8,75,6,34.2,20.5
1631097,Bennedict Mathurin,IND,2022-23,october,Secondary Ball Handler,Secondary,Guard,26.2,12.7,42.65734265734265,9.0,77,8,27.0,20.4
1629645,Kevin Porter Jr.,HOU,2022-23,october,Secondary Ball Handler,Secondary,Guard,26.0,25.6,27.2189349112426,9.8,76,8,34.5,20.3
1627749,Dejounte Murray,ATL,2022-23,october,Role Player,Role,Guard,24.2,29.0,28.409090909090907,,77,7,36.2,20.0
1629639,Tyler Herro,MIA,2022-23,october,Shot Creator,Scorer,Guard,24.7,14.9,44.23076923076923,13.3,77,7,32.5,19.9
204001,Kristaps Porziņģis,WAS,2022-23,october,Post Scorer,Big,Big,25.7,10.6,36.3013698630137,,87,7,31.0,19.7
1629018,Gary Trent Jr.,TOR,2022-23,october,Stretch Shooter,Shooter,Guard,21.3,5.9,55.625,,77,7,37.0,19.4
201950,Jrue Holiday,MIL,2022-23,october,Secondary Ball Handler,Secondary,Guard,24.8,35.5,38.72832369942196,10.1,77,6,35.0,19.2
1630224,Jalen Green,HOU,2022-23,october,Role Player,Role,Guard,25.9,10.4,38.82978723404255,,76,8,33.7,19.0
202330,Gordon Hayward,CHA,2022-23,october,Role Player,Role,Forward,23.3,20.0,26.47058823529412,,79,7,33.1,18.9
1629008,Michael Porter Jr.,DEN,2022-23,october,Movement Shooter,Shooter,Big,22.2,5.6,57.77777777777777,6.9,82,6,29.0,18.5
203944,Julius Randle,NYK,2022-23,october,Shot Creator,Scorer,Forward,24.1,15.3,28.37837837837838,15.8,80,6,33.1,18.3
1628989,Kevin Huerter,SAC,2022-23,october,Stretch Shooter,Shooter,Forward,18.6,18.1,66.66666666666667,,79,6,30.9,18.3
1628973,Jalen Brunson,NYK,2022-23,october,Shot Creator,Scorer,Guard,21.3,29.7,27.027027027027025,14.4,74,6,34.2,18.2
1629673,Jordan Poole,GSW,2022-23,october,Stretch Shooter,Shooter,Guard,23.5,29.9,52.23880597014925,7.9,76,7,29.1,17.9
1627741,Buddy Hield,IND,2022-23,october,Movement Shooter,Shooter,Guard,21.0,20.0,68.11594202898551,,76,8,29.8,17.8
1629628,RJ Barrett,NYK,2022-23,october,Secondary Ball Handler,Secondary,Forward,23.3,8.3,31.736526946107784,2.7,78,6,35.1,17.7
1628389,Bam Adebayo,MIA,2022-23,october,3&D Wing,Wing,Forward,22.4,12.2,2.4390243902439024,8.0,81,7,35.1,17.4
1631099,Keegan Murray,SAC,2022-23,october,Movement Shooter,Shooter,Forward,19.3,5.3,56.71641791044776,4.2,80,5,35.6,17.4
203952,Andrew Wiggins,GSW,2022-23,october,3&D Wing,Wing,Forward,20.0,10.5,40.0,10.9,79,7,33.2,17.3
1628398,Kyle Kuzma,WAS,2022-23,october,3&D Wing,Wing,Forward,22.0,8.8,38.84892086330935,5.1,81,7,33.1,17.1
1629023,P.J. Washington,CHA,2022-23,october,3&D Wing,Wing,Forward,21.7,8.5,39.86013986013986,4.1,79,7,31.2,17.1
202696,Nikola Vučević,CHI,2022-23,october,Post Scorer,Big,Big,23.4,14.5,34.55882352941177,,82,7,30.9,17.0
1626174,Christian Wood,DAL,2022-23,october,Role Player,Role,Forward,25.8,5.7,30.927835051546392,,81,6,25.9,16.7
202685,Jonas Valančiūnas,NOP,2022-23,october,Post Scorer,Big,Big,22.0,15.4,13.636363636363637,,83,6,26.3,16.7
203903,Jordan Clarkson,UTA,2022-23,october,Stretch Shooter,Shooter,Guard,23.2,24.0,55.94405594405594,5.2,77,8,30.8,16.5
1626162,Kelly Oubre Jr.,CHA,2022-23,october,Shot Creator,Scorer,Forward,24.8,7.3,42.857142857142854,12.1,78,7,29.4,16.4
203915,Spencer Dinwiddie,BKN,2022-23,october,Role Player,Role,Guard,21.2,20.2,45.08196721311475,,77,6,31.4,16.2
1630596,Evan Mobley,CLE,2022-23,october,Finisher,Finisher,Big,19.5,10.2,12.037037037037036,4.7,83,6,34.6,15.8
1631093,Jaden Ivey,DET,2022-23,october,3&D Wing,Wing,Guard,21.0,19.1,32.28346456692913,5.6,76,7,31.3,15.7
203924,Jerami Grant,POR,2022-23,october,3&D Wing,Wing,Forward,18.4,8.7,40.0,10.7,80,6,34.8,15.7
1630567,Scottie Barnes,TOR,2022-23,october,Finisher,Finisher,Forward,20.6,22.4,30.434782608695656,7.9,80,6,29.4,15.5
1629028,Deandre Ayton,PHX,2022-23,october,Finisher,Finisher,Big,25.6,11.5,4.838709677419355,,84,5,26.1,15.4
201572,Brook Lopez,MIL,2022-23,october,3&D Wing,Wing,Big,17.6,4.6,56.91056910569105,,85,6,31.6,15.3
1628969,Mikal Bridges,BKN,2022-23,october,3&D Wing,Wing,Forward,14.7,10.5,23.157894736842103,2.3,78,6,35.4,15.3
1626156,D'Angelo Russell,LAL,2022-23,october,Secondary Ball Handler,Secondary,Guard,23.9,27.6,41.6058394160584,8.7,76,7,31.3,15.3
1630180,Saddiq Bey,ATL,2022-23,october,3&D Wing,Wing,Forward,18.1,7.1,49.07407407407407,6.5,79,8,31.1,15.3
1630578,Alperen Sengun,HOU,2022-23,october,Shot Creator,Scorer,Big,21.7,9.4,16.666666666666668,14.9,83,6,26.1,15.2
1630532,Franz Wagner,ORL,2022-23,october,Secondary Ball Handler,Secondary,Big,23.4,18.3,30.76923076923077,7.6,82,7,33.3,15.1
1630530,Trey Murphy III,NOP,2022-23,october,Finisher,Finisher,Forward,15.4,4.1,57.99999999999999,6.6,80,6,31.6,15.0
1627747,Caris LeVert,CLE,2022-23,october,Secondary Ball Handler,Secondary,Forward,21.4,26.8,44.0,6.2,78,6,34.9,14.7
201569,Eric Gordon,LAC,2022-23,october,3&D Wing,Wing,Guard,18.4,15.5,48.148148148148145,,75,6,31.6,14.5
203501,Tim Hardaway Jr.,DAL,2022-23,october,Movement Shooter,Shooter,Guard,22.5,9.5,56.36363636363636,2.2,77,5,26.1,14.4
1629022,Lonnie Walker IV,LAL,2022-23,october,Role Player,Role,Guard,19.9,11.6,40.15151515151515,,76,6,31.4,14.2
1627751,Jakob Poeltl,TOR,2022-23,october,Finisher,Finisher,Big,17.5,18.4,0.0,,85,7,29.4,14.1
203497,Rudy Gobert,MIN,2022-23,october,Finisher,Finisher,Big,16.1,4.5,1.0638297872340423,,85,7,32.5,14.1
1628976,Wendell Carter Jr.,ORL,2022-23,october,3&D Wing,Wing,Big,20.3,14.0,31.19266055045871,,82,7,32.2,14.1
1629631,De'Andre Hunter,ATL,2022-23,october,3&D Wing,Wing,Forward,19.3,6.2,35.13513513513514,7.5,80,7,27.7,14.0
1629652,Luguentz Dort,OKC,2022-23,october,3&D Wing,Wing,Guard,20.5,9.3,44.61538461538461,,76,6,32.1,14.0
1627750,Jamal Murray,DEN,2022-23,october,Shot Creator,Scorer,Guard,26.3,17.0,36.496350364963504,14.6,76,6,26.6,13.8
202322,John Wall,LAC,2022-23,october,Role Player,Role,Guard,27.6,37.7,28.30188679245283,,75,5,21.5,13.8
203932,Aaron Gordon,DEN,2022-23,october,Shot Creator,Scorer,Forward,20.4,8.8,30.0,16.0,80,7,28.3,13.7
1628381,John Collins,ATL,2022-23,october,3&D Wing,Wing,Forward,16.3,3.4,32.03883495145631,,81,7,32.9,13.7
202694,Marcus Morris Sr.,LAC,2022-23,october,Role Player,Role,Forward,18.8,12.5,37.50000000000001,,80,5,28.0,13.6
1628384,OG Anunoby,TOR,2022-23,october,3&D Wing,Wing,Forward,17.0,6.9,46.728971962616825,5.9,79,7,35.5,13.6
1627734,Domantas Sabonis,SAC,2022-23,october,Playmaking Big,Big,Big,20.5,27.1,12.903225806451612,,85,6,29.2,13.5
203994,Jusuf Nurkić,POR,2022-23,october,Finisher,Finisher,Big,20.1,11.6,6.999999999999999,,84,6,30.6,13.5
201566,Russell Westbrook,LAC,2022-23,october,Shot Creator,Scorer,Guard,23.7,22.9,29.850746268656714,13.4,75,5,30.0,13.4
1626171,Bobby Portis,MIL,2022-23,october,3&D Wing,Wing,Big,21.0,8.4,31.62393162393163,3.2,83,6,24.8,13.3
1627832,Fred VanVleet,TOR,2022-23,october,Role Player,Role,Guard,15.7,28.8,54.86725663716814,,72,6,38.0,13.3
1627763,Malcolm Brogdon,BOS,2022-23,october,Role Player,Role,Guard,24.5,25.6,35.0,,76,6,22.9,13.3
1626145,Tyus Jones,MEM,2022-23,october,Secondary Ball Handler,Secondary,Guard,21.8,24.2,43.58974358974359,,74,7,25.6,13.3
1630191,Isaiah Stewart,DET,2022-23,october,Finisher,Finisher,Forward,17.2,5.9,47.77777777777777,,80,8,29.0,13.1
202699,Tobias Harris,PHI,2022-23,october,3&D Wing,Wing,Forward,16.5,10.7,52.38095238095239,4.2,79,8,32.4,13.1
1629622,Max Strus,MIA,2022-23,october,Role Player,Role,Guard,17.2,7.9,64.60176991150442,,77,7,30.8,13.0
1630200,Tre Jones,SAS,2022-23,october,Finisher,Finisher,Guard,19.0,23.4,21.698113207547166,4.8,73,7,30.9,13.0
1630544,Tre Mann,OKC,2022-23,october,Secondary Ball Handler,Secondary,Guard,21.5,15.6,45.45454545454546,8.5,75,6,27.4,13.0
203482,Kelly Olynyk,UTA,2022-23,october,Rim Protector,Big,Big,18.5,17.5,41.666666666666664,,83,8,27.3,12.9
1629669,Jaylen Nowell,MIN,2022-23,october,Role Player,Role,Guard,26.8,16.1,37.98449612403101,,76,7,19.9,12.7
1630245,Ayo Dosunmu,CHI,2022-23,october,3&D Wing,Wing,Guard,16.0,16.2,40.81632653061224,2.2,77,6,29.9,12.5
1629661,Cameron Johnson,BKN,2022-23,october,Stretch Shooter,Shooter,Forward,18.6,8.2,60.74766355140188,,80,6,27.3,12.5
1629012,Collin Sexton,UTA,2022-23,october,Secondary Ball Handler,Secondary,Guard,23.6,12.5,35.294117647058826,5.2,74,8,19.7,12.5
200768,Kyle Lowry,MIA,2022-23,october,Role Player,Role,Guard,16.6,23.0,67.74193548387096,,72,7,34.0,12.4
202691,Klay Thompson,GSW,2022-23,october,Movement Shooter,Shooter,Forward,23.6,13.2,63.07692307692307,,78,6,24.9,12.3
1628372,Dennis Smith Jr.,CHA,2022-23,october,Role Player,Role,Guard,17.8,31.0,23.853211009174313,,74,7,30.7,12.3
1629651,Nic Claxton,BKN,2022-23,october,Shot Creator,Scorer,Big,17.2,4.5,1.25,14.1,83,7,28.1,12.1
1630538,Bones Hyland,LAC,2022-23,october,Stretch Shooter,Shooter,Guard,31.5,32.4,50.476190476190474,10.9,74,6,18.1,12.0
1628386,Jarrett Allen,CLE,2022-23,october,Finisher,Finisher,Forward,15.4,7.3,3.260869565217391,,81,6,32.5,12.0
1631095,Jabari Smith Jr.,HOU,2022-23,october,Stretch Shooter,Shooter,Big,18.2,4.2,53.78151260504202,5.6,83,8,31.1,11.9
1630188,Jalen Smith,IND,2022-23,october,3&D Wing,Wing,Forward,19.6,5.0,35.35353535353536,,81,8,25.2,11.9
1627736,Malik Beasley,LAL,2022-23,october,Role Player,Role,Guard,17.7,6.6,59.4059405940594,,76,8,25.7,11.9
203095,Evan Fournier,NYK,2022-23,october,Role Player,Role,Forward,18.0,8.8,63.26530612244897,,78,6,25.3,11.8
203926,Doug McDermott,SAS,2022-23,october,Stretch Shooter,Shooter,Forward,19.8,10.7,63.82978723404255,,78,7,20.9,11.7
1626196,Josh Richardson,NOP,2022-23,october,Role Player,Role,Forward,16.6,20.0,62.65060240963856,,78,6,24.4,11.7
201567,Kevin Love,MIA,2022-23,october,Stretch Shooter,Shooter,Forward,19.8,11.8,73.17073170731709,,80,6,20.1,11.7
201144,Mike Conley,MIN,2022-23,october,3&D Wing,Wing,Guard,15.8,30.6,61.855670103092784,,73,7,30.5,11.6
203082,Terrence Ross,PHX,2022-23,october,Role Player,Role,Forward,14.4,6.2,55.208333333333336,,79,7,30.9,11.6
1626224,Cedi Osman,CLE,2022-23,october,Stretch Shooter,Shooter,Forward,18.6,10.9,54.34782608695653,,79,6,25.6,11.5
203084,Harrison Barnes,SAC,2022-23,october,3&D Wing,Wing,Forward,15.8,10.9,36.14457831325301,8.0,80,6,32.6,11.3
203484,Kentavious Caldwell-Pope,DEN,2022-23,october,3&D Wing,Wing,Guard,13.2,12.7,58.82352941176471,3.1,77,6,31.5,11.3
1630208,Nick Richards,CHA,2022-23,october,Role Player,Role,Big,16.3,6.9,0.0,,84,7,20.9,11.3
1629060,Rui Hachimura,LAL,2022-23,october,3&D Wing,Wing,Forward,21.6,6.8,21.978021978021975,3.7,80,7,22.9,11.1
1630183,Jaden McDaniels,MIN,2022-23,october,3&D Wing,Wing,Forward,12.4,4.6,38.15789473684211,2.3,81,7,32.1,11.0
1629626,Bol Bol,ORL,2022-23,october,Role Player,Role,Big,18.9,2.4,15.714285714285715,,86,7,20.4,10.9
1629667,Jalen McDaniels,PHI,2022-23,october,Role Player,Role,Forward,16.2,12.5,41.25,,81,7,24.9,10.9
1626181,Norman Powell,LAC,2022-23,october,3&D Wing,Wing,Guard,23.9,9.8,40.0,10.9,76,7,26.1,10.9
1630230,Naji Marshall,NOP,2022-23,october,3&D Wing,Wing,Forward,16.8,11.1,35.064935064935064,5.6,79,6,24.4,10.7
1628971,Bruce Brown,DEN,2022-23,october,Finisher,Finisher,Guard,15.9,18.2,39.53488372093023,4.1,76,7,27.7,10.6
1629731,Dean Wade,CLE,2022-23,october,3&D Wing,Wing,Forward,10.9,8.7,75.47169811320755,,81,6,24.9,10.5
1629111,Jock Landale,PHX,2022-23,october,Post Scorer,Big,Big,23.0,4.4,31.25,,83,6,17.4,10.5
1628404,Josh Hart,NYK,2022-23,october,3&D Wing,Wing,Guard,11.8,15.2,17.808219178082194,,76,6,35.9,10.5
1630231,KJ Martin,HOU,2022-23,october,Role Player,Role,Forward,16.5,9.4,38.63636363636363,,79,8,25.8,10.5
1630537,Chris Duarte,IND,2022-23,october,Stretch Shooter,Shooter,Guard,20.0,6.3,53.48837209302325,,77,8,21.5,10.0
1627826,Ivica Zubac,LAC,2022-23,october,Post Scorer,Big,Big,14.7,6.6,1.5151515151515154,,84,7,29.3,9.7
1630583,Santi Aldama,MEM,2022-23,october,3&D Wing,Wing,Big,13.3,4.2,40.96385542168674,,84,7,29.5,9.7
1628401,Derrick White,BOS,2022-23,october,3&D Wing,Wing,Guard,15.3,14.2,52.054794520547944,4.7,76,6,26.2,9.7
1629684,Grant Williams,BOS,2022-23,october,3&D Wing,Wing,Forward,10.1,11.4,65.21739130434783,,78,5,24.7,9.6
203110,Draymond Green,GSW,2022-23,october,3&D Wing,Wing,Forward,15.1,24.5,15.714285714285715,,78,7,28.5,9.6
1629001,De'Anthony Melton,PHI,2022-23,october,Role Player,Role,Guard,15.8,14.8,45.33333333333333,,74,8,22.5,9.5
203935,Marcus Smart,BOS,2022-23,october,3&D Wing,Wing,Guard,15.8,25.2,65.21739130434783,4.2,76,6,34.2,9.5
1630167,Obi Toppin,NYK,2022-23,october,3&D Wing,Wing,Forward,20.3,13.0,44.11764705882353,,81,6,15.5,9.5
1630168,Onyeka Okongwu,ATL,2022-23,october,3&D Wing,Wing,Forward,16.0,5.2,0.0,1.6,81,7,19.9,9.4
1626220,Royce O'Neale,BKN,2022-23,october,3&D Wing,Wing,Forward,12.5,11.1,64.8936170212766,,78,7,37.4,9.4
101108,Chris Paul,PHX,2022-23,october,Role Player,Role,Guard,15.7,40.4,40.229885057471265,,72,6,32.7,9.3
1628960,Grayson Allen,MIL,2022-23,october,3&D Wing,Wing,Guard,16.2,11.6,65.0,2.8,76,6,26.1,9.3
1631101,Shaedon Sharpe,POR,2022-23,october,Shot Creator,Scorer,Guard,19.4,5.8,31.506849315068493,12.3,77,6,18.6,9.3
1629634,Brandon Clarke,MEM,2022-23,october,Role Player,Role,Forward,19.1,13.0,6.779661016949152,,80,7,17.2,9.3
1628420,Monte Morris,WAS,2022-23,october,Role Player,Role,Guard,15.1,24.7,32.53012048192771,,74,7,28.2,9.3
203115,Will Barton,TOR,2022-23,october,Role Player,Role,Guard,17.0,13.8,42.5,,77,7,24.6,9.3
1628392,Isaiah Hartenstein,NYK,2022-23,october,Finisher,Finisher,Big,14.5,6.2,18.055555555555554,,84,6,25.1,9.2
1628379,Luke Kennard,MEM,2022-23,october,Movement Shooter,Shooter,Guard,16.6,4.4,52.702702702702695,,77,7,24.7,9.1
202704,Reggie Jackson,DEN,2022-23,october,Role Player,Role,Guard,18.7,24.0,42.71844660194175,,74,7,28.4,9.1
203083,Andre Drummond,CHI,2022-23,october,Finisher,Finisher,Big,23.7,7.9,4.166666666666666,,83,6,16.8,9.0
1626166,Cameron Payne,PHX,2022-23,october,Role Player,Role,Guard,25.7,26.5,36.585365853658544,,73,6,16.3,9.0
201145,Jeff Green,DEN,2022-23,october,Role Player,Role,Forward,16.2,11.4,26.229508196721312,,80,7,19.5,8.9
1630174,Aaron Nesmith,IND,2022-23,october,Movement Shooter,Shooter,Guard,16.3,9.0,51.38888888888889,,77,6,21.9,8.7
1628997,Caleb Martin,MIA,2022-23,october,3&D Wing,Wing,Guard,14.5,8.8,27.058823529411764,,77,6,27.4,8.7
1630193,Immanuel Quickley,NYK,2022-23,october,Stretch Shooter,Shooter,Guard,19.3,23.3,52.4390243902439,6.1,74,6,22.2,8.7
203991,Clint Capela,ATL,2022-23,october,Finisher,Finisher,Big,12.3,3.4,0.0,,82,7,26.4,8.4
1630173,Precious Achiuwa,TOR,2022-23,october,Finisher,Finisher,Forward,19.0,8.6,33.76623376623377,,80,7,22.4,8.4
1628370,Malik Monk,SAC,2022-23,october,Stretch Shooter,Shooter,Guard,21.9,37.1,70.73170731707317,8.4,75,6,18.0,8.3
1628380,Zach Collins,SAS,2022-23,october,Playmaking Big,Big,Big,20.4,27.0,31.666666666666664,,83,7,16.2,8.3
1630543,Isaiah Jackson,IND,2022-23,october,Finisher,Finisher,Forward,16.0,10.1,1.7241379310344829,,81,8,18.5,8.3
1629020,Jarred Vanderbilt,LAL,2022-23,october,3&D Wing,Wing,Forward,15.0,16.6,18.032786885245905,,80,8,24.4,8.3
1629629,Cam Reddish,POR,2022-23,october,Role Player,Role,Forward,17.9,5.0,36.76470588235294,,79,6,18.9,8.2
1629632,Coby White,CHI,2022-23,october,Role Player,Role,Guard,16.5,10.3,62.0253164556962,7.7,77,7,21.9,8.1
1627752,Taurean Prince,MIN,2022-23,october,3&D Wing,Wing,Forward,12.7,7.8,60.0,,78,7,18.8,8.1
201143,Al Horford,BOS,2022-23,october,3&D Wing,Wing,Forward,11.7,8.5,75.75757575757575,,81,5,29.4,8.0
1627827,Dorian Finney-Smith,BKN,2022-23,october,Role Player,Role,Forward,10.6,3.3,64.38356164383562,,79,6,34.0,8.0
1631110,Jeremy Sochan,SAS,2022-23,october,3&D Wing,Wing,Forward,15.3,10.7,37.33333333333333,,80,6,23.5,8.0
1626204,Larry Nance Jr.,NOP,2022-23,october,3&D Wing,Wing,Forward,15.9,17.1,12.6984126984127,,80,6,21.1,8.0
203486,Mason Plumlee,LAC,2022-23,october,Playmaking Big,Big,Big,14.0,24.4,0.0,,84,7,24.4,8.0
1630631,Jose Alvarado,NOP,2022-23,october,3&D Wing,Wing,Guard,17.4,15.8,54.41176470588236,4.2,72,6,21.4,7.8
201609,Goran Dragic,MIL,2022-23,october,Role Player,Role,Guard,19.4,33.3,36.61971830985916,,76,7,17.4,7.7
1629659,Talen Horton-Tucker,UTA,2022-23,october,Role Player,Role,Guard,22.3,16.9,44.73684210526316,,76,8,16.7,7.6
1626159,Justise Winslow,POR,2022-23,october,Role Player,Role,Forward,15.4,17.3,25.0,,78,5,24.8,7.6
1630558,Davion Mitchell,SAC,2022-23,october,Shot Creator,Scorer,Guard,19.4,16.2,48.387096774193544,28.6,72,6,18.1,7.5
1629723,John Konchar,MEM,2022-23,october,3&D Wing,Wing,Guard,10.3,2.3,66.15384615384615,,77,6,27.3,7.5
1631105,Jalen Duren,DET,2022-23,october,Finisher,Finisher,Big,15.4,1.2,1.694915254237288,8.9,83,7,20.7,7.4
1630598,Aaron Wiggins,OKC,2022-23,october,3&D Wing,Wing,Guard,12.2,8.4,37.49999999999999,6.3,77,5,26.4,7.4
1627777,Georges Niang,PHI,2022-23,october,Role Player,Role,Forward,16.8,4.7,78.0,,79,8,15.4,7.4
1630559,Austin Reaves,LAL,2022-23,october,Shot Creator,Scorer,Guard,9.8,9.8,65.11627906976743,13.5,77,6,22.9,7.3
1629647,Darius Bazley,PHX,2022-23,october,Role Player,Role,Forward,16.5,9.3,28.571428571428577,,81,6,18.4,7.3
1629011,Mitchell Robinson,NYK,2022-23,october,Finisher,Finisher,Big,10.6,4.5,0.0,,84,6,24.0,7.3
1629216,Gabe Vincent,MIA,2022-23,october,Movement Shooter,Shooter,Guard,17.9,24.5,46.03174603174603,,74,7,21.1,7.3
1631106,Tari Eason,HOU,2022-23,october,3&D Wing,Wing,Forward,17.1,4.8,26.08695652173913,5.0,80,8,16.8,7.3
1631222,Jake LaRavia,MEM,2022-23,october,3&D Wing,Wing,Forward,11.5,3.0,65.21739130434783,2.5,79,5,18.2,7.2
203493,Reggie Bullock Jr.,DAL,2022-23,october,Role Player,Role,Forward,9.3,3.4,80.0,,78,6,32.9,7.2
1630172,Patrick Williams,CHI,2022-23,october,3&D Wing,Wing,Forward,15.5,3.2,40.0,3.6,79,7,21.4,7.1
1628984,Devonte' Graham,SAS,2022-23,october,Role Player,Role,Guard,13.5,18.8,81.13207547169812,,73,6,20.0,6.8
1629026,Kenrich Williams,OKC,2022-23,october,3&D Wing,Wing,Forward,12.4,13.9,34.48275862068966,,78,6,20.9,6.5
1630541,Moses Moody,GSW,2022-23,october,Movement Shooter,Shooter,Guard,17.8,2.3,66.66666666666666,4.9,77,7,16.9,6.4
203925,Joe Harris,BKN,2022-23,october,Role Player,Role,Forward,11.6,10.1,63.33333333333333,,78,5,22.8,6.4
200782,P.J. Tucker,PHI,2022-23,october,Role Player,Role,Guard,9.2,2.9,52.27272727272726,,77,8,28.7,6.4
1630197,Aleksej Pokusevski,OKC,2022-23,october,Rim Protector,Big,Big,18.5,14.9,41.17647058823529,,84,6,19.6,6.3
1630526,Jeremiah Robinson-Earl,OKC,2022-23,october,3&D Wing,Wing,Forward,12.8,6.8,62.22222222222222,,80,6,16.4,6.3
1627732,Ben Simmons,BKN,2022-23,october,Playmaking Big,Big,Big,12.7,31.9,3.508771929824561,,82,6,31.8,6.2
1628467,Maxi Kleber,DAL,2022-23,october,Role Player,Role,Big,10.5,3.5,71.11111111111111,,82,6,27.0,6.2
203200,Justin Holiday,DAL,2022-23,october,Role Player,Role,Forward,13.1,11.8,65.07936507936508,,78,7,20.1,6.1
201588,George Hill,IND,2022-23,october,Role Player,Role,Guard,9.3,14.4,60.526315789473685,,76,6,22.4,6.0
1626172,Kevon Looney,GSW,2022-23,october,Finisher,Finisher,Forward,9.5,18.8,0.0,,81,7,22.9,6.0
1629750,Javonte Green,CHI,2022-23,october,3&D Wing,Wing,Guard,12.6,7.5,32.558139534883715,,77,7,17.6,5.9
200752,Rudy Gay,UTA,2022-23,october,Role Player,Role,Forward,15.8,10.3,50.0,,80,5,16.9,5.8
1631117,Walker Kessler,UTA,2022-23,october,Finisher,Finisher,Big,13.3,10.0,0.0,,84,5,16.6,5.8
1630547,James Bouknight,CHA,2022-23,october,Stretch Shooter,Shooter,Guard,19.9,8.2,62.31884057971014,,76,7,17.1,5.7
1627814,Damion Lee,PHX,2022-23,october,Role Player,Role,Guard,12.1,9.2,63.82978723404255,,77,6,17.5,5.7
1630587,Isaiah Livers,DET,2022-23,october,3&D Wing,Wing,Forward,12.2,5.5,80.85106382978722,,78,6,18.2,5.7
1628470,Torrey Craig,PHX,2022-23,october,Role Player,Role,Forward,11.2,9.4,59.45945945945946,,79,6,15.0,5.7
1629611,Terance Mann,LAC,2022-23,october,3&D Wing,Wing,Guard,14.3,5.9,25.64102564102565,3.7,77,7,16.2,5.6
1628988,Aaron Holiday,ATL,2022-23,october,3&D Wing,Wing,Guard,12.2,10.1,26.829268292682933,,72,7,17.9,5.4
1627936,Alex Caruso,CHI,2022-23,october,3&D Wing,Wing,Guard,12.0,17.9,59.09090909090908,,77,7,25.3,5.4
1629614,Andrew Nembhard,IND,2022-23,october,Role Player,Role,Guard,13.5,22.9,61.22448979591836,8.9,75,7,15.6,5.4
201976,Patrick Beverley,CHI,2022-23,october,Role Player,Role,Guard,9.9,14.3,74.46808510638297,,74,6,27.8,5.3
1630181,R.J. Hampton,DET,2022-23,october,Role Player,Role,Guard,13.4,15.0,32.43243243243243,,76,6,15.0,5.3
203496,Robert Covington,LAC,2022-23,october,Role Player,Role,Forward,12.5,12.1,68.42105263157895,,79,5,17.3,5.2
203500,Steven Adams,MEM,2022-23,october,Finisher,Finisher,Big,11.8,9.4,0.0,,83,7,25.9,5.1
1630182,Josh Green,DAL,2022-23,october,3&D Wing,Wing,Forward,11.2,7.6,65.21739130434783,,79,6,15.4,5.0
1631223,David Roddy,MEM,2022-23,october,Role Player,Role,Guard,15.1,5.5,54.545454545454554,,76,7,20.1,4.9
1630166,Deni Avdija,WAS,2022-23,october,Shot Creator,Scorer,Forward,13.3,9.2,41.463414634146346,14.0,81,7,17.1,4.9
1629670,Jordan Nwora,IND,2022-23,october,Role Player,Role,Forward,15.5,2.9,52.083333333333336,,81,6,15.0,4.8
1631128,Christian Braun,DEN,2022-23,october,Finisher,Finisher,Forward,10.8,8.5,42.5,,78,7,17.7,4.6
201587,Nicolas Batum,LAC,2022-23,october,3&D Wing,Wing,Forward,10.7,11.8,64.51612903225806,,80,7,17.6,4.4
202083,Wesley Matthews,MIL,2022-23,october,Role Player,Role,Guard,11.7,5.8,78.94736842105263,,77,6,16.2,4.2
1629643,Chuma Okeke,ORL,2022-23,october,Role Player,Role,Forward,10.1,12.5,78.37837837837837,,80,7,17.2,4.0
203210,JaMychal Green,GSW,2022-23,october,Role Player,Role,Forward,10.7,5.4,51.35135135135135,,81,7,18.2,4.0
1628975,Jevon Carter,MIL,2022-23,october,3&D Wing,Wing,Guard,10.6,8.6,70.0,,73,6,24.4,3.8
202709,Cory Joseph,DET,2022-23,october,Role Player,Role,Guard,10.3,23.6,46.666666666666664,,75,7,15.8,3.7
1629162,Jordan McLaughlin,MIN,2022-23,october,Role Player,Role,Guard,10.6,21.0,47.05882352941177,,72,5,16.6,3.4
1631132,Christian Koloko,TOR,2022-23,october,Role Player,Role,Big,9.8,4.1,0.0,,84,7,15.4,3.3
1627863,Danuel House Jr.,PHI,2022-23,october,Role Player,Role,Forward,9.4,7.8,66.66666666666666,,78,8,15.6,2.6
1630165,Killian Hayes,DET,2022-23,october,Role Player,Role,Guard,17.0,29.5,32.20338983050847,,77,8,17.1,2.5
1630171,Isaac Okoro,CLE,2022-23,october,3&D Wing,Wing,Guard,10.8,2.7,56.666666666666664,,77,6,16.2,1.7
203954,Joel Embiid,PHI,2022-23,november,Shot Creator,Scorer,Big,39.8,35.6,17.22488038277512,12.3,84,8,35.2,34.1
1629029,Luka Dončić,DAL,2022-23,november,Primary Initiator,Primary,Forward,36.0,41.9,33.48837209302326,16.0,79,13,37.7,32.0
1628369,Jayson Tatum,BOS,2022-23,november,Role Player,Role,Forward,32.6,19.7,46.57534246575342,,80,15,36.8,31.9
201939,Stephen Curry,GSW,2022-23,november,Primary Initiator,Primary,Guard,29.8,32.5,56.93069306930694,10.1,74,13,34.9,31.6
1628983,Shai Gilgeous-Alexander,OKC,2022-23,november,Primary Initiator,Primary,Forward,32.7,26.2,14.215686274509803,26.3,78,15,35.6,31.1
203507,Giannis Antetokounmpo,MIL,2022-23,november,Primary Initiator,Primary,Big,40.0,33.0,14.883720930232558,10.9,84,11,32.1,29.9
201142,Kevin Durant,PHX,2022-23,november,Shot Creator,Scorer,Big,30.3,26.3,23.404255319148938,20.8,82,16,36.3,29.4
1626164,Devin Booker,PHX,2022-23,november,Primary Initiator,Primary,Guard,31.3,25.1,30.414746543778804,14.0,77,15,36.3,28.9
203076,Anthony Davis,LAL,2022-23,november,Post Scorer,Big,Big,28.4,13.9,4.761904761904762,11.5,82,13,33.7,27.2
1629027,Trae Young,ATL,2022-23,november,Primary Initiator,Primary,Guard,32.1,40.9,33.177570093457945,12.0,73,14,35.7,27.2
1628378,Donovan Mitchell,CLE,2022-23,november,Primary Initiator,Primary,Guard,29.0,20.7,46.596858638743456,11.4,73,14,35.2,26.8
201942,DeMar DeRozan,CHI,2022-23,november,Shot Creator,Scorer,Forward,29.2,21.7,8.465608465608467,19.9,78,14,34.9,26.5
1627759,Jaylen Brown,BOS,2022-23,november,Shot Creator,Scorer,Forward,30.9,17.3,32.631578947368425,20.6,78,14,34.5,26.4
203078,Bradley Beal,WAS,2022-23,november,Secondary Ball Handler,Secondary,Guard,26.6,22.7,28.804347826086957,,76,9,37.5,25.8
2544,LeBron James,LAL,2022-23,november,Primary Initiator,Primary,Forward,30.5,26.3,35.92233009708738,12.8,81,8,34.7,25.8
1629630,Ja Morant,MEM,2022-23,november,Primary Initiator,Primary,Guard,35.0,40.2,23.474178403755868,14.1,74,12,33.2,25.7
1629014,Anfernee Simons,POR,2022-23,november,Shot Creator,Scorer,Guard,27.2,23.3,55.276381909547744,18.2,75,14,37.4,25.2
1630217,Desmond Bane,MEM,2022-23,november,Movement Shooter,Shooter,Guard,25.9,19.7,45.294117647058826,7.0,77,6,34.1,25.2
203924,Jerami Grant,POR,2022-23,november,3&D Wing,Wing,Forward,26.1,13.2,38.72832369942196,10.7,80,15,37.1,24.9
202331,Paul George,LAC,2022-23,november,Primary Initiator,Primary,Forward,31.4,20.2,42.93785310734463,18.4,80,10,34.4,24.8
1629636,Darius Garland,CLE,2022-23,november,Secondary Ball Handler,Secondary,Guard,27.6,36.8,40.78212290502793,6.7,73,15,37.1,24.1
1628368,De'Aaron Fox,SAC,2022-23,november,Secondary Ball Handler,Secondary,Guard,26.3,30.7,29.166666666666668,10.1,75,13,32.4,23.8
203999,Nikola Jokić,DEN,2022-23,november,Playmaking Big,Big,Big,28.0,40.8,11.510791366906476,5.3,83,11,31.0,23.7
1629627,Zion Williamson,NOP,2022-23,november,Shot Creator,Scorer,Forward,26.2,21.0,5.594405594405594,23.8,78,12,32.1,23.6
1630162,Anthony Edwards,MIN,2022-23,november,Shot Creator,Scorer,Guard,26.0,14.6,42.19653179190751,23.4,76,15,36.5,22.8
1630224,Jalen Green,HOU,2022-23,november,Role Player,Role,Guard,27.2,24.5,48.14814814814815,,76,13,34.6,22.8
1631094,Paolo Banchero,ORL,2022-23,november,Shot Creator,Scorer,Big,28.0,15.5,18.181818181818183,14.7,82,8,36.2,22.6
204001,Kristaps Porziņģis,WAS,2022-23,november,Post Scorer,Big,Big,27.3,12.3,38.853503184713375,,87,14,32.8,22.6
1628973,Jalen Brunson,NYK,2022-23,november,Shot Creator,Scorer,Guard,26.0,31.7,26.543209876543212,14.4,74,16,31.9,22.5
1630178,Tyrese Maxey,PHI,2022-23,november,Primary Initiator,Primary,Guard,28.7,27.5,35.53299492385787,14.5,74,7,35.6,22.4
1628389,Bam Adebayo,MIA,2022-23,november,3&D Wing,Wing,Forward,27.7,17.9,2.976190476190476,8.0,81,13,34.5,22.4
1628398,Kyle Kuzma,WAS,2022-23,november,3&D Wing,Wing,Forward,27.4,19.6,45.16129032258064,5.1,81,14,35.4,22.4
203081,Damian Lillard,POR,2022-23,november,Primary Initiator,Primary,Guard,30.6,42.2,58.82352941176471,,74,6,35.3,22.3
203944,Julius Randle,NYK,2022-23,november,Shot Creator,Scorer,Forward,26.4,15.8,45.3416149068323,15.8,80,16,33.3,22.2
1628374,Lauri Markkanen,UTA,2022-23,november,Finisher,Finisher,Big,22.7,8.4,42.36111111111111,4.0,84,16,33.8,22.0
1630532,Franz Wagner,ORL,2022-23,november,Playmaking Big,Big,Big,25.7,21.2,25.503355704697984,7.6,82,15,33.3,21.7
1626162,Kelly Oubre Jr.,CHA,2022-23,november,Shot Creator,Scorer,Forward,26.2,6.0,43.333333333333336,12.1,78,14,32.4,21.3
1627749,Dejounte Murray,ATL,2022-23,november,Role Player,Role,Guard,25.5,25.4,33.85416666666667,,77,15,37.3,21.3
1628384,OG Anunoby,TOR,2022-23,november,3&D Wing,Wing,Forward,24.0,10.9,26.90058479532163,5.9,79,14,36.7,21.2
203903,Jordan Clarkson,UTA,2022-23,november,3&D Wing,Wing,Guard,27.0,21.2,45.08670520231214,5.2,77,16,33.1,21.1
1630170,Devin Vassell,SAS,2022-23,november,3&D Wing,Wing,Guard,23.8,15.1,42.592592592592595,2.7,77,13,32.5,20.9
1627742,Brandon Ingram,NOP,2022-23,november,Shot Creator,Scorer,Forward,26.4,21.4,27.32919254658385,13.8,80,12,33.5,20.5
202710,Jimmy Butler III,MIA,2022-23,november,Shot Creator,Scorer,Forward,22.1,29.7,19.230769230769234,17.7,79,6,36.1,20.5
1626157,Karl-Anthony Towns,MIN,2022-23,november,Playmaking Big,Big,Big,24.0,24.1,39.41605839416059,10.0,84,14,33.0,20.5
203897,Zach LaVine,CHI,2022-23,november,Movement Shooter,Shooter,Guard,26.9,20.7,46.448087431693985,9.3,77,13,34.7,20.5
1627832,Fred VanVleet,TOR,2022-23,november,Stretch Shooter,Shooter,Guard,25.7,25.2,55.93220338983051,,72,9,35.0,20.3
1627750,Jamal Murray,DEN,2022-23,november,Shot Creator,Scorer,Guard,27.4,25.7,31.51515151515152,14.6,76,11,31.0,20.0
1626179,Terry Rozier,CHA,2022-23,november,Role Player,Role,Guard,25.9,21.5,42.99516908212561,,73,11,38.0,20.0
202681,Kyrie Irving,DAL,2022-23,november,Role Player,Role,Guard,25.8,16.3,43.55828220858896,,74,8,33.8,19.9
202691,Klay Thompson,GSW,2022-23,november,Movement Shooter,Shooter,Forward,24.4,8.0,62.96296296296296,,78,12,32.0,19.3
203952,Andrew Wiggins,GSW,2022-23,november,3&D Wing,Wing,Forward,21.6,8.9,49.29577464788733,10.9,79,13,32.7,19.3
1629628,RJ Barrett,NYK,2022-23,november,Secondary Ball Handler,Secondary,Forward,25.3,15.1,35.22012578616352,2.7,78,16,33.7,19.2
202711,Bojan Bogdanovic,DET,2022-23,november,Role Player,Role,Forward,25.0,14.4,35.03649635036496,,79,14,31.2,18.9
1628976,Wendell Carter Jr.,ORL,2022-23,november,3&D Wing,Wing,Big,21.2,16.5,30.17241379310345,,82,8,33.4,18.8
1628991,Jaren Jackson Jr.,MEM,2022-23,november,3&D Wing,Wing,Big,26.7,1.0,41.35338345864661,11.1,82,6,25.7,18.5
1631097,Bennedict Mathurin,IND,2022-23,november,Secondary Ball Handler,Secondary,Guard,25.5,6.8,40.298507462686565,9.0,77,13,28.6,18.5
1629640,Keldon Johnson,SAS,2022-23,november,3&D Wing,Wing,Guard,28.7,13.1,47.752808988764045,3.9,77,13,31.4,18.4
202699,Tobias Harris,PHI,2022-23,november,3&D Wing,Wing,Forward,23.2,16.0,32.25806451612903,4.2,79,12,33.9,18.3
1629645,Kevin Porter Jr.,HOU,2022-23,november,Secondary Ball Handler,Secondary,Guard,24.5,29.4,44.29530201342281,9.8,76,12,34.5,18.1
1626167,Myles Turner,IND,2022-23,november,3&D Wing,Wing,Big,20.5,7.1,33.04347826086956,,83,13,29.8,18.1
1627734,Domantas Sabonis,SAC,2022-23,november,Playmaking Big,Big,Big,20.5,28.4,11.11111111111111,,85,14,33.4,18.0
1629022,Lonnie Walker IV,LAL,2022-23,november,Role Player,Role,Guard,20.2,7.1,41.53846153846154,,76,11,31.6,18.0
1630169,Tyrese Haliburton,IND,2022-23,november,Role Player,Role,Guard,22.3,57.1,49.67320261437908,,77,13,33.4,17.8
203468,CJ McCollum,NOP,2022-23,november,Secondary Ball Handler,Secondary,Guard,23.7,22.3,41.86046511627907,8.8,75,11,35.7,17.7
1628415,Dillon Brooks,MEM,2022-23,november,Secondary Ball Handler,Secondary,Forward,24.3,14.0,38.78787878787879,9.3,78,14,31.8,17.6
1630538,Bones Hyland,LAC,2022-23,november,Primary Initiator,Primary,Guard,29.4,25.8,53.23741007194245,10.9,74,7,24.5,17.6
1629028,Deandre Ayton,PHX,2022-23,november,Finisher,Finisher,Big,20.6,10.7,5.0,,84,14,30.5,17.6
203932,Aaron Gordon,DEN,2022-23,november,Shot Creator,Scorer,Forward,19.1,12.1,26.31578947368421,16.0,80,11,28.9,17.5
203915,Spencer Dinwiddie,BKN,2022-23,november,Stretch Shooter,Shooter,Guard,22.8,28.4,53.67647058823529,,77,14,32.3,17.3
1628370,Malik Monk,SAC,2022-23,november,Secondary Ball Handler,Secondary,Guard,25.8,27.9,45.37815126050421,8.4,75,14,24.4,17.2
1629622,Max Strus,MIA,2022-23,november,Stretch Shooter,Shooter,Guard,19.1,8.6,68.11594202898551,,77,13,36.0,17.2
201950,Jrue Holiday,MIL,2022-23,november,Secondary Ball Handler,Secondary,Guard,25.4,31.6,38.19444444444444,10.1,77,10,30.0,16.9
1629639,Tyler Herro,MIA,2022-23,november,Shot Creator,Scorer,Guard,26.1,24.1,46.103896103896105,13.3,77,7,33.0,16.9
1627741,Buddy Hield,IND,2022-23,november,Movement Shooter,Shooter,Guard,22.5,7.7,66.89655172413794,,76,13,32.1,16.8
1626181,Norman Powell,LAC,2022-23,november,3&D Wing,Wing,Guard,24.6,10.9,38.05309734513274,10.9,76,15,24.9,16.7
1631093,Jaden Ivey,DET,2022-23,november,3&D Wing,Wing,Guard,24.9,23.5,34.50704225352113,5.6,76,12,32.0,16.5
1626174,Christian Wood,DAL,2022-23,november,Role Player,Role,Forward,27.4,8.2,31.092436974789916,,81,12,25.4,16.2
1628969,Mikal Bridges,BKN,2022-23,november,3&D Wing,Wing,Forward,16.3,12.7,32.28346456692913,2.3,78,15,38.2,15.8
1629018,Gary Trent Jr.,TOR,2022-23,november,3&D Wing,Wing,Guard,22.9,9.9,43.07692307692307,,77,11,27.8,15.7
1630578,Alperen Sengun,HOU,2022-23,november,Shot Creator,Scorer,Big,23.8,16.0,8.333333333333332,14.9,83,12,27.2,15.7
200768,Kyle Lowry,MIA,2022-23,november,Stretch Shooter,Shooter,Guard,18.9,25.7,57.98319327731093,,72,15,37.6,15.6
201566,Russell Westbrook,LAC,2022-23,november,Primary Initiator,Primary,Guard,28.7,41.2,32.35294117647059,13.4,75,14,27.2,15.6
201572,Brook Lopez,MIL,2022-23,november,3&D Wing,Wing,Big,18.0,5.3,48.64864864864865,,85,14,30.8,15.5
1629631,De'Andre Hunter,ATL,2022-23,november,3&D Wing,Wing,Forward,20.1,4.4,29.600000000000005,7.5,80,14,32.4,15.4
1629023,P.J. Washington,CHA,2022-23,november,3&D Wing,Wing,Forward,20.6,9.9,41.86046511627907,4.1,79,14,32.2,15.3
1629008,Michael Porter Jr.,DEN,2022-23,november,Movement Shooter,Shooter,Big,20.3,6.0,50.4,6.9,82,10,29.1,15.2
202692,Alec Burks,DET,2022-23,november,Role Player,Role,Forward,26.9,14.0,44.89795918367347,,78,10,20.6,15.0
1629673,Jordan Poole,GSW,2022-23,november,Stretch Shooter,Shooter,Guard,26.4,24.3,52.307692307692314,7.9,76,15,26.8,15.0
202696,Nikola Vučević,CHI,2022-23,november,Post Scorer,Big,Big,20.3,14.0,35.24590163934426,,82,14,32.2,14.9
1626166,Cameron Payne,PHX,2022-23,november,Role Player,Role,Guard,23.4,28.7,40.298507462686565,,73,13,29.8,14.9
1627763,Malcolm Brogdon,BOS,2022-23,november,Role Player,Role,Guard,25.3,23.4,42.00000000000001,,76,12,22.9,14.9
1628989,Kevin Huerter,SAC,2022-23,november,Stretch Shooter,Shooter,Forward,18.1,11.8,60.71428571428572,,79,14,32.4,14.9
1630596,Evan Mobley,CLE,2022-23,november,Finisher,Finisher,Big,19.2,11.1,7.079646017699115,4.7,83,16,33.5,14.7
1629012,Collin Sexton,UTA,2022-23,november,Secondary Ball Handler,Secondary,Guard,23.1,19.7,22.641509433962263,5.2,74,16,26.1,14.6
203994,Jusuf Nurkić,POR,2022-23,november,Finisher,Finisher,Big,22.7,15.5,19.444444444444446,,84,13,28.7,14.5
1627736,Malik Beasley,LAL,2022-23,november,Stretch Shooter,Shooter,Guard,20.8,9.5,73.98373983739836,,76,16,26.8,14.4
1630581,Josh Giddey,OKC,2022-23,november,Secondary Ball Handler,Secondary,Forward,23.7,26.1,18.705035971223023,5.0,80,16,30.7,14.4
1628386,Jarrett Allen,CLE,2022-23,november,Finisher,Finisher,Forward,18.2,5.6,0.0,,81,11,31.7,14.3
1629003,Shake Milton,PHI,2022-23,november,Role Player,Role,Guard,21.1,24.7,27.72277227722772,,77,14,27.9,14.2
1629626,Bol Bol,ORL,2022-23,november,Role Player,Role,Big,18.6,6.5,24.24242424242424,,86,15,30.2,14.2
1629652,Luguentz Dort,OKC,2022-23,november,3&D Wing,Wing,Guard,19.2,10.6,44.06779661016949,,76,16,29.9,14.2
202694,Marcus Morris Sr.,LAC,2022-23,november,Role Player,Role,Forward,19.9,9.2,45.90163934426229,,80,16,30.9,14.2
1626156,D'Angelo Russell,LAL,2022-23,november,Stretch Shooter,Shooter,Guard,20.8,32.7,51.26050420168067,8.7,76,15,31.3,14.0
203084,Harrison Barnes,SAC,2022-23,november,3&D Wing,Wing,Forward,16.5,7.6,39.28571428571428,8.0,80,14,29.6,14.0
202704,Reggie Jackson,DEN,2022-23,november,Role Player,Role,Guard,20.9,23.5,40.0,,74,16,29.9,14.0
1630180,Saddiq Bey,ATL,2022-23,november,3&D Wing,Wing,Forward,21.0,7.7,46.21848739495798,6.5,79,11,30.1,14.0
1626171,Bobby Portis,MIL,2022-23,november,3&D Wing,Wing,Big,19.7,14.1,33.62068965517241,3.2,83,14,27.9,13.3
203497,Rudy Gobert,MIN,2022-23,november,Finisher,Finisher,Big,14.2,3.7,1.4705882352941178,,85,13,31.1,13.2
203482,Kelly Olynyk,UTA,2022-23,november,Role Player,Role,Big,16.5,14.2,41.97530864197531,,83,16,29.1,13.2
203991,Clint Capela,ATL,2022-23,november,Finisher,Finisher,Big,15.6,4.2,0.0,,82,13,28.4,13.1
1630567,Scottie Barnes,TOR,2022-23,november,Finisher,Finisher,Forward,20.5,23.0,29.787234042553195,7.9,80,12,33.9,13.0
1628963,Marvin Bagley III,DET,2022-23,november,Finisher,Finisher,Big,20.4,4.3,17.39130434782609,7.3,82,10,23.9,12.8
1628449,Chris Boucher,TOR,2022-23,november,Role Player,Role,Forward,20.5,3.2,32.6530612244898,,81,13,25.6,12.5
202322,John Wall,LAC,2022-23,november,Role Player,Role,Guard,27.5,42.3,34.285714285714285,,75,13,22.8,12.5
1630591,Jalen Suggs,ORL,2022-23,november,Secondary Ball Handler,Secondary,Guard,22.1,27.7,42.24137931034483,6.6,77,12,30.3,12.4
1630559,Austin Reaves,LAL,2022-23,november,Shot Creator,Scorer,Guard,12.9,9.6,41.42857142857142,13.5,77,14,31.3,12.4
203935,Marcus Smart,BOS,2022-23,november,3&D Wing,Wing,Guard,16.9,32.0,50.0,4.2,76,14,31.6,12.4
1628997,Caleb Martin,MIA,2022-23,november,3&D Wing,Wing,Guard,14.5,10.0,40.42553191489361,,77,15,34.4,12.3
1628960,Grayson Allen,MIL,2022-23,november,3&D Wing,Wing,Guard,14.2,14.2,61.111111111111114,2.8,76,12,27.5,12.2
1627751,Jakob Poeltl,TOR,2022-23,november,Finisher,Finisher,Big,19.9,19.2,0.0,,85,13,26.1,12.2
1630530,Trey Murphy III,NOP,2022-23,november,Finisher,Finisher,Forward,15.4,6.9,66.27906976744187,6.6,80,13,26.4,12.2
201143,Al Horford,BOS,2022-23,november,3&D Wing,Wing,Forward,12.1,12.4,52.5,,81,13,32.0,12.0
1630200,Tre Jones,SAS,2022-23,november,Finisher,Finisher,Guard,19.3,34.9,23.423423423423426,4.8,73,14,29.7,12.0
1629060,Rui Hachimura,LAL,2022-23,november,3&D Wing,Wing,Forward,21.5,8.1,23.076923076923077,3.7,80,9,23.9,11.9
1629001,De'Anthony Melton,PHI,2022-23,november,Stretch Shooter,Shooter,Guard,20.9,18.4,55.833333333333336,,74,12,31.7,11.8
1630191,Isaiah Stewart,DET,2022-23,november,Finisher,Finisher,Forward,17.3,8.1,47.36842105263158,,80,8,24.9,11.8
1628971,Bruce Brown,DEN,2022-23,november,Finisher,Finisher,Guard,17.7,23.8,33.663366336633665,4.1,76,14,30.3,11.7
1628381,John Collins,ATL,2022-23,november,3&D Wing,Wing,Forward,15.5,6.5,35.1063829787234,,81,15,30.8,11.7
1628401,Derrick White,BOS,2022-23,november,3&D Wing,Wing,Guard,15.8,17.6,55.69620253164557,4.7,76,16,26.3,11.6
1629139,Yuta Watanabe,BKN,2022-23,november,Role Player,Role,Forward,15.6,10.7,59.42028985507245,,80,8,21.9,11.6
202685,Jonas Valančiūnas,NOP,2022-23,november,Post Scorer,Big,Big,22.3,11.6,18.072289156626503,,83,15,22.2,11.6
1630183,Jaden McDaniels,MIN,2022-23,november,3&D Wing,Wing,Forward,16.9,7.2,34.090909090909086,2.3,81,12,28.6,11.6
1629651,Nic Claxton,BKN,2022-23,november,Shot Creator,Scorer,Big,15.8,7.9,0.0,14.1,83,15,27.1,11.5
1631095,Jabari Smith Jr.,HOU,2022-23,november,3&D Wing,Wing,Big,17.5,4.3,60.19417475728155,5.6,83,12,29.4,11.5
1629216,Gabe Vincent,MIA,2022-23,november,Movement Shooter,Shooter,Guard,17.9,15.3,62.7450980392157,,74,10,28.4,11.4
1628975,Jevon Carter,MIL,2022-23,november,3&D Wing,Wing,Guard,15.2,20.5,46.067415730337075,,73,14,28.9,11.4
1630529,Herbert Jones,NOP,2022-23,november,3&D Wing,Wing,Forward,17.8,10.2,35.22727272727273,,79,14,27.4,11.3
203484,Kentavious Caldwell-Pope,DEN,2022-23,november,3&D Wing,Wing,Guard,14.2,6.9,52.38095238095239,3.1,77,14,31.2,11.3
201569,Eric Gordon,LAC,2022-23,november,3&D Wing,Wing,Guard,16.1,11.3,60.22727272727272,,75,12,28.6,11.3
1630231,KJ Martin,HOU,2022-23,november,Role Player,Role,Forward,15.5,9.2,38.888888888888886,,79,13,24.3,11.2
1627777,Georges Niang,PHI,2022-23,november,Stretch Shooter,Shooter,Forward,18.4,11.2,72.09302325581396,,79,14,22.4,11.1
1630188,Jalen Smith,IND,2022-23,november,3&D Wing,Wing,Forward,20.3,6.9,50.0,,81,13,22.9,11.1
1627826,Ivica Zubac,LAC,2022-23,november,Post Scorer,Big,Big,15.4,6.2,0.0,,84,16,31.2,11.1
1630197,Aleksej Pokusevski,OKC,2022-23,november,Role Player,Role,Big,17.1,8.7,40.229885057471265,,84,13,24.5,11.0
1631114,Jalen Williams,OKC,2022-23,november,Shot Creator,Scorer,Guard,16.6,14.2,30.232558139534888,14.8,77,16,26.2,10.9
203552,Seth Curry,BKN,2022-23,november,Stretch Shooter,Shooter,Guard,18.7,11.7,56.62650602409638,,73,12,23.6,10.8
1627747,Caris LeVert,CLE,2022-23,november,3&D Wing,Wing,Forward,17.3,17.1,35.71428571428571,6.2,78,12,30.7,10.6
203914,Gary Harris,ORL,2022-23,november,3&D Wing,Wing,Guard,16.9,11.3,47.5,,76,6,25.8,10.3
1629669,Jaylen Nowell,MIN,2022-23,november,Role Player,Role,Guard,25.2,19.0,44.827586206896555,,76,15,17.0,10.3
1630172,Patrick Williams,CHI,2022-23,november,3&D Wing,Wing,Forward,15.6,5.5,40.0,3.6,79,14,28.2,10.2
1626204,Larry Nance Jr.,NOP,2022-23,november,3&D Wing,Wing,Forward,13.7,9.6,13.114754098360656,,80,13,22.9,10.1
1626220,Royce O'Neale,BKN,2022-23,november,3&D Wing,Wing,Forward,14.0,20.2,63.85542168674698,,78,16,35.1,9.9
201567,Kevin Love,MIA,2022-23,november,Stretch Shooter,Shooter,Forward,19.3,20.6,72.6027397260274,,80,10,21.1,9.9
1631100,AJ Griffin,ATL,2022-23,november,Stretch Shooter,Shooter,Forward,18.7,6.0,53.57142857142857,,78,14,20.7,9.9
1630245,Ayo Dosunmu,CHI,2022-23,november,3&D Wing,Wing,Guard,15.4,14.0,33.75,2.2,77,14,28.6,9.9
1628964,Mo Bamba,LAL,2022-23,november,Role Player,Role,Big,18.2,9.2,45.07042253521127,,84,12,21.8,9.8
1630165,Killian Hayes,DET,2022-23,november,Role Player,Role,Guard,18.5,27.9,32.29166666666667,,77,15,27.1,9.8
1630193,Immanuel Quickley,NYK,2022-23,november,3&D Wing,Wing,Guard,18.4,19.1,45.78313253012048,6.1,74,16,22.6,9.6
1627827,Dorian Finney-Smith,BKN,2022-23,november,Role Player,Role,Forward,13.1,4.7,70.37037037037037,,79,14,33.1,9.6
203501,Tim Hardaway Jr.,DAL,2022-23,november,Movement Shooter,Shooter,Guard,21.6,13.2,68.93203883495144,2.2,77,14,23.4,9.6
1627732,Ben Simmons,BKN,2022-23,november,Playmaking Big,Big,Big,15.3,25.7,0.0,,82,11,26.0,9.5
203926,Doug McDermott,SAS,2022-23,november,3&D Wing,Wing,Forward,17.3,9.6,55.26315789473685,,78,13,20.5,9.5
1626196,Josh Richardson,NOP,2022-23,november,Stretch Shooter,Shooter,Forward,21.4,17.0,51.72413793103448,,78,11,22.0,9.5
1627814,Damion Lee,PHX,2022-23,november,Role Player,Role,Guard,14.0,8.1,67.18749999999999,,77,15,22.3,9.3
1630526,Jeremiah Robinson-Earl,OKC,2022-23,november,3&D Wing,Wing,Forward,15.5,5.9,43.24324324324324,,80,15,22.3,9.3
201144,Mike Conley,MIN,2022-23,november,3&D Wing,Wing,Guard,15.0,38.8,51.24999999999999,,73,10,28.4,9.3
1630205,Lamar Stevens,CLE,2022-23,november,Role Player,Role,Forward,14.1,2.2,26.5625,,78,7,27.1,9.3
203486,Mason Plumlee,LAC,2022-23,november,Playmaking Big,Big,Big,14.9,20.9,0.0,,84,14,28.4,9.3
203500,Steven Adams,MEM,2022-23,november,Finisher,Finisher,Big,14.4,10.7,1.5625,,83,13,27.2,9.2
1630173,Precious Achiuwa,TOR,2022-23,november,Finisher,Finisher,Forward,22.6,13.5,26.31578947368421,,80,5,17.6,9.2
1629629,Cam Reddish,POR,2022-23,november,Role Player,Role,Forward,14.2,6.3,42.857142857142854,,79,13,24.3,9.2
1629667,Jalen McDaniels,PHI,2022-23,november,Role Player,Role,Forward,16.2,11.7,42.6829268292683,,81,14,26.2,9.1
1628404,Josh Hart,NYK,2022-23,november,3&D Wing,Wing,Guard,12.6,17.4,28.767123287671236,,76,15,35.6,9.1
1630583,Santi Aldama,MEM,2022-23,november,3&D Wing,Wing,Big,15.0,6.4,50.0,,84,13,23.2,9.1
1630557,Corey Kispert,WAS,2022-23,november,Movement Shooter,Shooter,Forward,12.4,9.5,59.67741935483871,,78,14,26.1,9.0
1629611,Terance Mann,LAC,2022-23,november,3&D Wing,Wing,Guard,14.8,14.7,33.84615384615385,3.7,77,16,23.5,9.0
1630166,Deni Avdija,WAS,2022-23,november,Shot Creator,Scorer,Forward,16.9,14.8,39.50617283950618,14.0,81,15,27.6,8.8
1629723,John Konchar,MEM,2022-23,november,3&D Wing,Wing,Guard,11.0,9.3,62.121212121212125,,77,14,27.6,8.8
1631106,Tari Eason,HOU,2022-23,november,3&D Wing,Wing,Forward,20.7,9.0,28.749999999999996,5.0,80,13,19.0,8.7
1626145,Tyus Jones,MEM,2022-23,november,3&D Wing,Wing,Guard,15.9,25.4,40.50632911392405,,74,14,23.0,8.6
203110,Draymond Green,GSW,2022-23,november,3&D Wing,Wing,Forward,11.4,28.3,22.807017543859647,,78,13,31.7,8.6
1630631,Jose Alvarado,NOP,2022-23,november,3&D Wing,Wing,Guard,18.4,23.2,50.0,4.2,72,15,20.5,8.6
1629634,Brandon Clarke,MEM,2022-23,november,Role Player,Role,Forward,17.1,9.0,3.278688524590164,,80,14,19.7,8.6
1629684,Grant Williams,BOS,2022-23,november,3&D Wing,Wing,Forward,11.2,8.6,61.904761904761905,,78,16,29.4,8.5
1630208,Nick Richards,CHA,2022-23,november,Role Player,Role,Big,16.4,4.1,0.0,,84,14,19.1,8.5
203925,Joe Harris,BKN,2022-23,november,Role Player,Role,Forward,15.1,8.5,73.75,,78,16,26.5,8.4
203471,Dennis Schröder,LAL,2022-23,november,Shot Creator,Scorer,Guard,15.1,19.5,30.434782608695656,14.8,73,7,25.3,8.4
1631107,Nikola Jović,MIA,2022-23,november,3&D Wing,Wing,Big,19.3,10.6,46.96969696969697,3.7,82,7,19.7,8.4
1628420,Monte Morris,WAS,2022-23,november,Role Player,Role,Guard,14.4,23.2,42.66666666666667,,74,12,26.4,8.4
1628470,Torrey Craig,PHX,2022-23,november,Role Player,Role,Forward,13.0,7.7,50.68493150684932,,79,15,27.0,8.4
1628380,Zach Collins,SAS,2022-23,november,3&D Wing,Wing,Big,16.6,13.5,40.0,,83,5,22.5,8.4
1626159,Justise Winslow,POR,2022-23,november,Role Player,Role,Forward,15.1,19.7,21.428571428571427,,78,14,30.2,8.4
1626224,Cedi Osman,CLE,2022-23,november,Role Player,Role,Forward,16.2,9.2,57.57575757575758,,79,16,22.1,8.3
201609,Goran Dragic,MIL,2022-23,november,Role Player,Role,Guard,21.5,21.6,41.666666666666664,,76,13,17.7,8.3
1629020,Jarred Vanderbilt,LAL,2022-23,november,3&D Wing,Wing,Forward,13.3,13.7,15.517241379310343,,80,14,25.0,8.3
1630573,Sam Hauser,BOS,2022-23,november,Movement Shooter,Shooter,Forward,13.8,5.8,87.50000000000001,,79,16,19.1,8.3
1629614,Andrew Nembhard,IND,2022-23,november,Role Player,Role,Guard,13.0,17.4,51.51515151515152,8.9,75,9,25.4,8.2
1628966,Keita Bates-Diop,SAS,2022-23,november,Role Player,Role,Forward,15.8,6.0,21.21212121212121,,80,13,20.3,8.2
1629675,Naz Reid,MIN,2022-23,november,3&D Wing,Wing,Forward,20.6,6.8,41.66666666666667,3.8,81,11,15.2,8.1
1630544,Tre Mann,OKC,2022-23,november,Stretch Shooter,Shooter,Guard,19.0,9.0,60.97560975609757,8.5,75,13,20.5,8.1
1631110,Jeremy Sochan,SAS,2022-23,november,3&D Wing,Wing,Forward,15.8,10.9,25.33333333333333,,80,14,25.4,8.1
1629632,Coby White,CHI,2022-23,november,Stretch Shooter,Shooter,Guard,18.1,15.4,68.25396825396825,7.7,77,6,17.1,8.0
1631099,Keegan Murray,SAC,2022-23,november,Movement Shooter,Shooter,Forward,16.1,3.9,57.14285714285714,4.2,80,13,25.9,8.0
1628972,Troy Brown Jr.,LAL,2022-23,november,Role Player,Role,Forward,12.9,4.8,48.48484848484849,,79,13,25.9,7.9
1631101,Shaedon Sharpe,POR,2022-23,november,Shot Creator,Scorer,Guard,15.9,3.0,37.31343283582089,12.3,77,15,21.0,7.8
1629011,Mitchell Robinson,NYK,2022-23,november,Finisher,Finisher,Big,11.5,5.0,0.0,,84,8,21.7,7.8
1627752,Taurean Prince,MIN,2022-23,november,3&D Wing,Wing,Forward,17.3,8.0,48.387096774193544,,78,11,20.0,7.7
1628410,Edmond Sumner,BKN,2022-23,november,Role Player,Role,Guard,20.4,10.4,39.34426229508197,,76,14,16.9,7.7
1630181,R.J. Hampton,DET,2022-23,november,Role Player,Role,Guard,19.3,15.6,50.0,,76,13,17.1,7.7
1630167,Obi Toppin,NYK,2022-23,november,Stretch Shooter,Shooter,Forward,18.3,7.5,61.111111111111114,,81,16,18.3,7.7
1630182,Josh Green,DAL,2022-23,november,3&D Wing,Wing,Forward,11.9,6.1,56.81818181818181,,79,14,21.3,7.6
203937,Kyle Anderson,MIN,2022-23,november,Shot Creator,Scorer,Forward,13.8,15.8,24.561403508771928,12.6,81,14,23.7,7.6
203082,Terrence Ross,PHX,2022-23,november,Stretch Shooter,Shooter,Forward,18.8,9.8,52.054794520547944,,79,12,21.1,7.5
1630228,Jonathan Kuminga,GSW,2022-23,november,Shot Creator,Scorer,Forward,19.4,8.9,42.1875,12.6,79,12,18.1,7.4
1629659,Talen Horton-Tucker,UTA,2022-23,november,Role Player,Role,Guard,21.0,20.0,40.298507462686565,,76,15,16.6,7.4
1629660,Ty Jerome,GSW,2022-23,november,Role Player,Role,Guard,13.6,23.2,54.16666666666667,,77,5,19.3,7.4
1629670,Jordan Nwora,IND,2022-23,november,Role Player,Role,Forward,18.0,11.8,52.85714285714286,,81,13,19.9,7.4
1630692,Jordan Goodwin,WAS,2022-23,november,3&D Wing,Wing,Guard,13.0,20.6,32.72727272727273,,75,13,22.4,7.3
1630560,Cam Thomas,BKN,2022-23,november,Shot Creator,Scorer,Guard,21.8,16.3,22.033898305084744,16.4,75,15,16.6,7.3
1629013,Landry Shamet,PHX,2022-23,november,3&D Wing,Wing,Guard,17.9,7.7,67.79661016949152,,76,8,17.1,7.3
201145,Jeff Green,DEN,2022-23,november,Role Player,Role,Forward,15.5,7.0,19.607843137254903,,80,9,20.2,7.2
1630174,Aaron Nesmith,IND,2022-23,november,Movement Shooter,Shooter,Guard,15.8,7.4,64.70588235294117,,77,11,21.9,7.0
1628977,Hamidou Diallo,DET,2022-23,november,Role Player,Role,Guard,18.4,8.8,13.461538461538462,,77,15,16.2,7.0
203115,Will Barton,TOR,2022-23,november,Role Player,Role,Guard,18.0,16.9,45.45454545454545,,77,15,21.1,7.0
1629130,Duncan Robinson,MIA,2022-23,november,Movement Shooter,Shooter,Forward,16.4,9.2,76.11940298507463,,79,10,20.9,6.9
1628427,Vlatko Čančar,DEN,2022-23,november,Role Player,Role,Forward,16.8,11.3,52.941176470588246,,80,10,15.3,6.8
1631223,David Roddy,MEM,2022-23,november,Role Player,Role,Guard,14.8,3.2,54.54545454545454,,76,14,17.2,6.8
1628372,Dennis Smith Jr.,CHA,2022-23,november,Role Player,Role,Guard,14.4,28.2,20.547945205479454,,74,8,25.5,6.8
1628995,Kevin Knox II,POR,2022-23,november,Role Player,Role,Forward,14.3,4.8,65.95744680851064,,79,11,16.2,6.7
201152,Thaddeus Young,TOR,2022-23,november,Role Player,Role,Forward,13.0,16.5,11.320754716981131,,80,14,20.9,6.7
204456,T.J. McConnell,IND,2022-23,november,Role Player,Role,Guard,16.3,41.2,14.545454545454549,5.9,73,13,19.6,6.6
1630168,Onyeka Okongwu,ATL,2022-23,november,3&D Wing,Wing,Forward,12.4,7.8,2.173913043478261,1.6,81,14,21.0,6.6
1627863,Danuel House Jr.,PHI,2022-23,november,Role Player,Role,Forward,12.1,5.6,53.48837209302325,,78,12,20.1,6.5
1630543,Isaiah Jackson,IND,2022-23,november,Finisher,Finisher,Forward,16.5,8.5,5.2631578947368425,,81,12,15.2,6.5
1630237,Anthony Lamb,GSW,2022-23,november,Role Player,Role,Forward,13.2,12.9,65.21739130434783,,78,13,18.9,6.5
1627788,Furkan Korkmaz,PHI,2022-23,november,Role Player,Role,Forward,18.4,11.2,48.97959183673469,,79,9,15.3,6.4
1629643,Chuma Okeke,ORL,2022-23,november,Role Player,Role,Forward,12.0,7.4,65.45454545454545,,80,11,24.7,6.4
1630558,Davion Mitchell,SAC,2022-23,november,Shot Creator,Scorer,Guard,14.9,15.3,43.859649122807014,28.6,72,14,19.5,6.4
1626172,Kevon Looney,GSW,2022-23,november,Finisher,Finisher,Forward,9.3,14.9,0.0,,81,15,22.6,6.3
1628379,Luke Kennard,MEM,2022-23,november,Movement Shooter,Shooter,Guard,12.1,3.0,75.0,,77,7,17.9,6.3
1629641,Romeo Langford,SAS,2022-23,november,Role Player,Role,Guard,13.5,6.5,35.08771929824561,,77,7,20.8,6.3
1629234,Drew Eubanks,POR,2022-23,november,Finisher,Finisher,Big,11.5,7.5,0.0,,82,15,19.1,6.3
1630699,MarJon Beauchamp,MIL,2022-23,november,Role Player,Role,Forward,16.9,4.0,53.2258064516129,,79,12,18.3,6.2
1627823,Juancho Hernangomez,TOR,2022-23,november,Role Player,Role,Forward,10.6,6.9,51.06382978723404,,81,11,21.4,6.1
1631105,Jalen Duren,DET,2022-23,november,Finisher,Finisher,Big,10.5,4.8,0.0,8.9,83,13,22.9,6.1
1627936,Alex Caruso,CHI,2022-23,november,3&D Wing,Wing,Guard,10.0,17.6,55.81395348837209,,77,14,25.6,6.0
1629026,Kenrich Williams,OKC,2022-23,november,3&D Wing,Wing,Forward,11.5,7.7,32.0,,78,14,20.2,6.0
1629052,Oshae Brissett,IND,2022-23,november,Role Player,Role,Forward,13.1,4.5,62.22222222222222,,79,12,16.8,6.0
1630598,Aaron Wiggins,OKC,2022-23,november,3&D Wing,Wing,Guard,12.8,12.0,42.857142857142854,6.3,77,11,16.8,5.9
1630587,Isaiah Livers,DET,2022-23,november,3&D Wing,Wing,Forward,12.0,4.2,75.51020408163265,,78,15,21.0,5.9
203939,Dwight Powell,DAL,2022-23,november,Finisher,Finisher,Big,12.5,5.5,0.0,,82,14,18.0,5.8
201599,DeAndre Jordan,DEN,2022-23,november,Role Player,Role,Big,12.9,10.1,0.0,,83,11,18.5,5.7
1630700,Dyson Daniels,NOP,2022-23,november,Finisher,Finisher,Forward,12.4,17.2,38.095238095238095,5.6,79,11,18.4,5.7
1629312,Haywood Highsmith,MIA,2022-23,november,Role Player,Role,Guard,12.5,5.6,50.84745762711864,,77,9,24.3,5.7
1629642,Nassir Little,POR,2022-23,november,Role Player,Role,Guard,15.7,8.2,45.45454545454545,,77,15,15.5,5.6
1629750,Javonte Green,CHI,2022-23,november,3&D Wing,Wing,Guard,12.8,6.1,30.555555555555557,,77,14,15.3,5.6
203490,Otto Porter Jr.,TOR,2022-23,november,Role Player,Role,Forward,10.4,7.8,55.26315789473685,,80,8,18.3,5.5
1629656,Quentin Grimes,NYK,2022-23,november,3&D Wing,Wing,Guard,11.9,12.2,58.333333333333336,10.4,77,12,18.8,5.5
1630570,Trendon Watford,POR,2022-23,november,Role Player,Role,Forward,12.9,13.7,20.0,7.8,80,13,17.4,5.5
1630579,Jericho Sims,NYK,2022-23,november,Finisher,Finisher,Big,10.1,5.2,0.0,,82,13,15.8,5.4
1628392,Isaiah Hartenstein,NYK,2022-23,november,Finisher,Finisher,Big,10.6,4.3,14.634146341463415,,84,16,20.2,5.4
1631172,Ousmane Dieng,OKC,2022-23,november,Shot Creator,Scorer,Forward,12.3,13.0,63.04347826086957,17.3,81,7,18.2,5.3
1630171,Isaac Okoro,CLE,2022-23,november,3&D Wing,Wing,Guard,11.1,4.7,42.10526315789474,,77,16,20.6,5.3
1630177,Theo Maledon,CHA,2022-23,november,Role Player,Role,Guard,14.1,19.3,35.714285714285715,,77,13,17.8,5.2
201588,George Hill,IND,2022-23,november,Role Player,Role,Guard,12.1,16.3,48.83720930232558,,76,14,19.9,5.1
1628978,Donte DiVincenzo,GSW,2022-23,november,Movement Shooter,Shooter,Guard,13.4,17.9,75.55555555555556,1.9,76,11,17.6,5.0
1630547,James Bouknight,CHA,2022-23,november,Role Player,Role,Guard,15.8,13.4,44.44444444444444,,76,12,17.3,5.0
1631103,Malaki Branham,SAS,2022-23,november,Role Player,Role,Guard,16.2,14.0,60.0,,76,8,15.6,5.0
1630586,Usman Garuba,HOU,2022-23,november,Role Player,Role,Forward,10.2,10.7,21.874999999999996,,80,13,17.9,4.8
1630230,Naji Marshall,NOP,2022-23,november,3&D Wing,Wing,Forward,14.0,14.4,44.89795918367347,5.6,79,13,18.2,4.8
1631117,Walker Kessler,UTA,2022-23,november,Finisher,Finisher,Big,10.3,4.0,0.0,,84,16,15.0,4.8
1630194,Paul Reed,PHI,2022-23,november,Finisher,Finisher,Forward,12.7,8.3,6.060606060606061,,81,14,15.1,4.6
1629599,Amir Coffey,LAC,2022-23,november,Role Player,Role,Forward,12.7,13.5,32.35294117647059,,79,14,15.3,4.5
1629731,Dean Wade,CLE,2022-23,november,3&D Wing,Wing,Forward,10.0,4.4,60.7843137254902,,81,10,25.0,4.5
201587,Nicolas Batum,LAC,2022-23,november,3&D Wing,Wing,Forward,10.4,9.4,79.48717948717949,,80,16,19.5,4.5
1631216,Caleb Houstan,ORL,2022-23,november,Role Player,Role,Forward,9.8,7.2,74.28571428571429,,80,13,17.7,4.5
1628467,Maxi Kleber,DAL,2022-23,november,Role Player,Role,Big,8.0,8.8,55.26315789473685,,82,10,23.7,4.4
1631132,Christian Koloko,TOR,2022-23,november,Role Player,Role,Big,11.0,3.2,9.090909090909092,,84,14,17.0,4.3
203085,Austin Rivers,MIN,2022-23,november,Role Player,Role,Guard,10.8,7.4,70.0,,76,8,15.8,4.3
1629162,Jordan McLaughlin,MIN,2022-23,november,Role Player,Role,Guard,11.7,32.5,58.333333333333336,,72,10,15.4,4.2
1631222,Jake LaRavia,MEM,2022-23,november,3&D Wing,Wing,Forward,12.6,9.0,72.09302325581396,2.5,79,11,18.6,4.2
1628988,Aaron Holiday,ATL,2022-23,november,3&D Wing,Wing,Guard,11.6,10.7,35.8974358974359,,72,13,16.6,3.7
203493,Reggie Bullock Jr.,DAL,2022-23,november,Role Player,Role,Forward,9.9,6.3,82.6923076923077,,78,13,25.7,3.7
201976,Patrick Beverley,CHI,2022-23,november,Role Player,Role,Guard,9.5,11.9,60.416666666666664,,74,9,26.5,3.4
1630227,Daishen Nix,HOU,2022-23,november,Role Player,Role,Guard,12.8,20.3,68.75,,76,13,15.3,3.3
202083,Wesley Matthews,MIL,2022-23,november,Role Player,Role,Guard,9.2,4.1,80.64516129032258,,77,11,15.6,2.9
203095,Evan Fournier,NYK,2022-23,november,Role Player,Role,Forward,15.9,16.0,65.9090909090909,,78,7,15.4,2.7
200782,P.J. Tucker,PHI,2022-23,november,Role Player,Role,Guard,5.0,4.9,54.54545454545454,,77,14,28.1,1.9
203954,Joel Embiid,PHI,2022-23,december,Shot Creator,Scorer,Big,38.1,22.4,12.444444444444445,12.3,84,13,36.1,35.4
1629029,Luka Dončić,DAL,2022-23,december,Primary Initiator,Primary,Forward,37.6,47.0,38.93805309734513,16.0,79,15,36.3,35.1
203507,Giannis Antetokounmpo,MIL,2022-23,december,Primary Initiator,Primary,Big,36.8,27.4,12.558139534883722,10.9,84,13,34.9,33.1
2544,LeBron James,LAL,2022-23,december,Primary Initiator,Primary,Forward,32.3,30.0,26.521739130434774,12.8,81,14,36.4,31.2
1628983,Shai Gilgeous-Alexander,OKC,2022-23,december,Primary Initiator,Primary,Forward,31.7,25.3,13.19796954314721,26.3,78,13,35.6,30.5
203076,Anthony Davis,LAL,2022-23,december,Post Scorer,Big,Big,28.6,14.6,8.284023668639055,11.5,82,7,31.5,30.3
1628369,Jayson Tatum,BOS,2022-23,december,Role Player,Role,Forward,32.0,15.0,40.35874439461883,,80,13,37.4,30.1
1629627,Zion Williamson,NOP,2022-23,december,Primary Initiator,Primary,Forward,31.1,25.4,4.519774011299436,23.8,78,12,35.1,29.8
203999,Nikola Jokić,DEN,2022-23,december,Primary Initiator,Primary,Big,29.5,42.0,15.591397849462362,5.3,83,14,36.2,29.2
203081,Damian Lillard,POR,2022-23,december,Primary Initiator,Primary,Guard,30.7,29.7,61.083743842364534,,74,12,35.6,29.2
1627759,Jaylen Brown,BOS,2022-23,december,Shot Creator,Scorer,Forward,31.2,15.5,40.35874439461883,20.6,78,14,36.9,28.4
203944,Julius Randle,NYK,2022-23,december,Shot Creator,Scorer,Forward,28.5,19.1,46.90721649484536,15.8,80,15,37.1,28.3
201142,Kevin Durant,PHX,2022-23,december,Primary Initiator,Primary,Big,30.7,22.7,28.333333333333332,20.8,82,12,35.3,28.3
1627783,Pascal Siakam,TOR,2022-23,december,Primary Initiator,Primary,Forward,29.4,26.9,21.393034825870643,13.3,80,15,38.4,28.3
202681,Kyrie Irving,DAL,2022-23,december,Primary Initiator,Primary,Guard,29.6,22.0,41.87192118226601,,74,11,36.7,28.3
1628378,Donovan Mitchell,CLE,2022-23,december,Primary Initiator,Primary,Guard,31.0,17.9,46.07843137254902,11.4,73,13,36.3,27.5
1628374,Lauri Markkanen,UTA,2022-23,december,Movement Shooter,Shooter,Big,24.3,6.2,52.46913580246913,4.0,84,12,34.2,26.8
1629673,Jordan Poole,GSW,2022-23,december,Primary Initiator,Primary,Guard,34.3,21.5,47.23618090452262,7.9,76,15,32.0,26.8
1629027,Trae Young,ATL,2022-23,december,Primary Initiator,Primary,Guard,31.4,42.2,34.35897435897436,12.0,73,11,35.9,26.5
201942,DeMar DeRozan,CHI,2022-23,december,Shot Creator,Scorer,Forward,27.8,22.0,6.521739130434782,19.9,78,15,37.8,26.1
202331,Paul George,LAC,2022-23,december,Primary Initiator,Primary,Forward,29.8,29.2,45.744680851063826,18.4,80,12,35.1,25.5
1630162,Anthony Edwards,MIN,2022-23,december,Primary Initiator,Primary,Guard,28.6,20.6,32.98969072164949,23.4,76,15,37.6,25.3
201939,Stephen Curry,GSW,2022-23,december,Primary Initiator,Primary,Guard,29.1,28.7,59.45945945945946,10.1,74,6,33.3,25.2
1629630,Ja Morant,MEM,2022-23,december,Primary Initiator,Primary,Guard,33.8,45.8,29.807692307692307,14.1,74,12,31.6,25.1
1630163,LaMelo Ball,CHA,2022-23,december,Primary Initiator,Primary,Forward,28.8,36.6,55.02392344497608,12.2,79,10,34.8,25.0
203897,Zach LaVine,CHI,2022-23,december,Secondary Ball Handler,Secondary,Guard,27.1,17.0,36.51685393258427,9.3,77,15,35.9,24.5
1629639,Tyler Herro,MIA,2022-23,december,Shot Creator,Scorer,Guard,25.6,21.2,54.696132596685075,13.3,77,15,37.4,24.3
203078,Bradley Beal,WAS,2022-23,december,Secondary Ball Handler,Secondary,Guard,30.6,23.4,22.360248447204967,,76,7,29.3,23.4
1629640,Keldon Johnson,SAS,2022-23,december,3&D Wing,Wing,Guard,28.3,10.5,28.494623655913976,3.9,77,12,33.6,23.3
204001,Kristaps Porziņģis,WAS,2022-23,december,Post Scorer,Big,Big,28.0,11.3,30.18867924528302,,87,12,34.3,23.2
1630169,Tyrese Haliburton,IND,2022-23,december,Stretch Shooter,Shooter,Guard,25.1,39.4,53.20512820512822,,77,14,33.5,23.1
1628398,Kyle Kuzma,WAS,2022-23,december,3&D Wing,Wing,Forward,27.7,16.1,40.86021505376344,5.1,81,15,36.2,23.1
1628368,De'Aaron Fox,SAC,2022-23,december,Secondary Ball Handler,Secondary,Guard,27.8,24.8,29.775280898876407,10.1,75,12,33.9,22.9
202710,Jimmy Butler III,MIA,2022-23,december,Shot Creator,Scorer,Forward,24.7,28.4,10.958904109589042,17.7,79,10,33.9,22.9
202691,Klay Thompson,GSW,2022-23,december,Movement Shooter,Shooter,Forward,26.3,13.1,53.20197044334976,,78,11,34.8,22.5
1628389,Bam Adebayo,MIA,2022-23,december,3&D Wing,Wing,Forward,26.8,15.1,0.6211180124223602,8.0,81,13,35.7,22.2
203903,Jordan Clarkson,UTA,2022-23,december,3&D Wing,Wing,Guard,28.1,18.6,40.93567251461988,5.2,77,14,32.9,22.1
1626164,Devin Booker,PHX,2022-23,december,Shot Creator,Scorer,Guard,32.9,27.0,31.521739130434785,14.0,77,8,29.3,22.1
201935,James Harden,PHI,2022-23,december,Shot Creator,Scorer,Guard,24.7,45.2,54.109589041095894,42.5,77,11,39.1,21.8
1627734,Domantas Sabonis,SAC,2022-23,december,Playmaking Big,Big,Big,19.8,29.4,10.169491525423728,,85,13,36.4,21.7
1630224,Jalen Green,HOU,2022-23,december,Role Player,Role,Guard,27.5,14.1,37.85310734463277,,76,15,34.7,21.7
202711,Bojan Bogdanovic,DET,2022-23,december,Role Player,Role,Forward,26.6,15.0,41.21621621621621,,79,16,30.8,21.6
203924,Jerami Grant,POR,2022-23,december,3&D Wing,Wing,Forward,23.0,12.9,38.41059602649007,10.7,80,12,35.6,21.6
1626156,D'Angelo Russell,LAL,2022-23,december,Stretch Shooter,Shooter,Guard,23.2,24.0,50.335570469798654,8.7,76,13,35.5,21.4
1629628,RJ Barrett,NYK,2022-23,december,Secondary Ball Handler,Secondary,Forward,26.6,13.2,31.48148148148148,2.7,78,13,34.0,21.4
203468,CJ McCollum,NOP,2022-23,december,Secondary Ball Handler,Secondary,Guard,26.4,24.9,40.78212290502793,8.8,75,15,35.0,21.0
1626162,Kelly Oubre Jr.,CHA,2022-23,december,Shot Creator,Scorer,Forward,26.3,4.9,39.68253968253968,12.1,78,14,34.4,20.9
201950,Jrue Holiday,MIL,2022-23,december,Secondary Ball Handler,Secondary,Guard,24.2,32.0,41.02564102564103,10.1,77,10,35.0,20.7
202695,Kawhi Leonard,LAC,2022-23,december,Shot Creator,Scorer,Forward,26.6,22.0,27.044025157232703,16.5,79,11,31.9,20.6
1630532,Franz Wagner,ORL,2022-23,december,Secondary Ball Handler,Secondary,Big,23.7,13.4,32.25806451612903,7.6,82,15,33.3,20.3
1629014,Anfernee Simons,POR,2022-23,december,Shot Creator,Scorer,Guard,24.4,15.2,56.28742514970059,18.2,75,13,34.2,20.2
1629645,Kevin Porter Jr.,HOU,2022-23,december,Secondary Ball Handler,Secondary,Guard,25.4,26.4,42.76315789473684,9.8,76,15,34.1,19.9
1629636,Darius Garland,CLE,2022-23,december,Secondary Ball Handler,Secondary,Guard,24.5,31.9,35.294117647058826,6.7,73,14,36.3,19.7
1627749,Dejounte Murray,ATL,2022-23,december,Role Player,Role,Guard,24.0,22.9,29.166666666666668,,77,9,33.9,19.6
1627832,Fred VanVleet,TOR,2022-23,december,Stretch Shooter,Shooter,Guard,22.8,22.5,53.125,,72,13,37.3,19.5
1626174,Christian Wood,DAL,2022-23,december,Role Player,Role,Forward,25.6,11.1,42.74809160305343,,81,16,30.3,19.3
1631094,Paolo Banchero,ORL,2022-23,december,Shot Creator,Scorer,Big,26.0,19.1,27.89115646258503,14.7,82,15,33.5,19.1
203932,Aaron Gordon,DEN,2022-23,december,Shot Creator,Scorer,Forward,21.6,7.3,18.699186991869915,16.0,80,12,32.2,19.1
1626179,Terry Rozier,CHA,2022-23,december,Role Player,Role,Guard,24.7,23.2,37.49999999999999,,73,14,34.5,19.1
1627741,Buddy Hield,IND,2022-23,december,Movement Shooter,Shooter,Guard,20.8,12.2,60.14492753623188,,76,16,32.3,18.8
1627750,Jamal Murray,DEN,2022-23,december,Shot Creator,Scorer,Guard,23.0,25.7,41.09589041095891,14.6,76,12,35.2,18.7
1628384,OG Anunoby,TOR,2022-23,december,3&D Wing,Wing,Forward,19.8,8.0,39.70588235294118,5.9,79,11,37.5,18.6
1629028,Deandre Ayton,PHX,2022-23,december,Finisher,Finisher,Big,25.1,9.9,2.9850746268656714,,84,14,28.9,18.6
1628973,Jalen Brunson,NYK,2022-23,december,Shot Creator,Scorer,Guard,26.5,31.0,25.949367088607588,14.4,74,12,32.4,18.2
1630170,Devin Vassell,SAS,2022-23,december,3&D Wing,Wing,Guard,25.4,18.8,41.77215189873417,2.7,77,11,29.9,18.0
202696,Nikola Vučević,CHI,2022-23,december,Post Scorer,Big,Big,20.9,12.1,33.81294964028777,,82,15,34.2,17.9
1629018,Gary Trent Jr.,TOR,2022-23,december,3&D Wing,Wing,Guard,20.9,6.5,48.87218045112782,,77,11,30.8,17.9
202699,Tobias Harris,PHI,2022-23,december,3&D Wing,Wing,Forward,17.6,10.9,44.0,4.2,79,12,36.3,17.7
1629060,Rui Hachimura,LAL,2022-23,december,3&D Wing,Wing,Forward,22.4,8.5,30.35714285714286,3.7,80,5,25.7,17.6
203992,Bogdan Bogdanović,ATL,2022-23,december,Stretch Shooter,Shooter,Guard,23.5,11.3,60.27397260273973,,77,13,30.2,17.4
1628415,Dillon Brooks,MEM,2022-23,december,Secondary Ball Handler,Secondary,Forward,23.6,13.1,43.5374149659864,9.3,78,14,30.4,17.4
203501,Tim Hardaway Jr.,DAL,2022-23,december,Movement Shooter,Shooter,Guard,21.1,5.5,68.42105263157893,2.2,77,16,32.6,16.9
1626181,Norman Powell,LAC,2022-23,december,3&D Wing,Wing,Guard,26.4,15.1,35.92233009708738,10.9,76,6,23.7,16.8
1629008,Michael Porter Jr.,DEN,2022-23,december,Movement Shooter,Shooter,Big,22.6,6.8,46.26865671641791,6.9,82,5,30.3,16.8
1626167,Myles Turner,IND,2022-23,december,3&D Wing,Wing,Big,19.9,7.4,37.864077669902905,,83,15,29.8,16.3
1630581,Josh Giddey,OKC,2022-23,december,Secondary Ball Handler,Secondary,Forward,21.8,24.6,23.308270676691727,5.0,80,12,31.4,15.8
1628969,Mikal Bridges,BKN,2022-23,december,3&D Wing,Wing,Forward,19.9,10.0,44.85294117647059,2.3,78,16,34.6,15.8
203994,Jusuf Nurkić,POR,2022-23,december,Finisher,Finisher,Big,21.1,18.2,24.210526315789473,,84,11,28.0,15.7
101108,Chris Paul,PHX,2022-23,december,Secondary Ball Handler,Secondary,Guard,21.8,40.6,41.12903225806451,,72,13,32.6,15.7
203915,Spencer Dinwiddie,BKN,2022-23,december,Stretch Shooter,Shooter,Guard,18.9,24.3,54.46428571428571,,77,16,33.8,15.4
1630567,Scottie Barnes,TOR,2022-23,december,Finisher,Finisher,Forward,20.0,16.3,18.939393939393938,7.9,80,15,35.6,15.3
1628989,Kevin Huerter,SAC,2022-23,december,Stretch Shooter,Shooter,Forward,20.2,10.6,57.14285714285714,,79,13,30.2,15.3
1629631,De'Andre Hunter,ATL,2022-23,december,3&D Wing,Wing,Forward,20.0,7.3,41.88034188034189,7.5,80,7,30.3,15.1
1630193,Immanuel Quickley,NYK,2022-23,december,Secondary Ball Handler,Secondary,Guard,21.2,20.1,48.41269841269841,6.1,74,15,30.0,15.1
1627736,Malik Beasley,LAL,2022-23,december,Stretch Shooter,Shooter,Guard,23.0,8.1,66.42857142857143,,76,15,27.5,15.1
1629012,Collin Sexton,UTA,2022-23,december,Secondary Ball Handler,Secondary,Guard,21.7,14.6,27.368421052631582,5.2,74,8,24.4,14.9
1630217,Desmond Bane,MEM,2022-23,december,Movement Shooter,Shooter,Guard,24.0,6.9,45.714285714285715,7.0,77,5,26.5,14.8
1628991,Jaren Jackson Jr.,MEM,2022-23,december,3&D Wing,Wing,Big,21.5,6.0,36.19047619047619,11.1,82,13,25.5,14.8
1631097,Bennedict Mathurin,IND,2022-23,december,Secondary Ball Handler,Secondary,Guard,23.2,6.9,33.88429752066116,9.0,77,16,28.3,14.7
1626171,Bobby Portis,MIL,2022-23,december,3&D Wing,Wing,Big,22.0,7.8,27.27272727272727,3.2,83,15,25.3,14.6
1628370,Malik Monk,SAC,2022-23,december,Secondary Ball Handler,Secondary,Guard,25.8,19.7,49.15254237288135,8.4,75,14,24.3,14.4
1628386,Jarrett Allen,CLE,2022-23,december,Finisher,Finisher,Forward,14.8,6.6,2.4096385542168672,,81,13,35.6,14.2
201566,Russell Westbrook,LAC,2022-23,december,Shot Creator,Scorer,Guard,25.8,40.9,26.5625,13.4,75,14,28.3,14.1
202685,Jonas Valančiūnas,NOP,2022-23,december,Post Scorer,Big,Big,23.1,8.5,19.65811965811966,,83,15,25.6,14.1
203084,Harrison Barnes,SAC,2022-23,december,3&D Wing,Wing,Forward,17.5,6.5,47.474747474747474,8.0,80,14,32.9,14.1
201572,Brook Lopez,MIL,2022-23,december,3&D Wing,Wing,Big,17.3,6.2,40.59405940594059,,85,14,30.1,13.9
1629021,Moritz Wagner,ORL,2022-23,december,Role Player,Role,Big,18.8,10.8,35.1063829787234,,83,14,27.0,13.9
1629656,Quentin Grimes,NYK,2022-23,december,3&D Wing,Wing,Guard,15.3,8.6,66.33663366336634,10.4,77,14,35.4,13.9
1629001,De'Anthony Melton,PHI,2022-23,december,Role Player,Role,Guard,16.1,13.3,71.29629629629629,,74,12,33.9,13.8
1629023,P.J. Washington,CHA,2022-23,december,3&D Wing,Wing,Forward,18.7,12.4,42.63565891472868,4.1,79,15,31.8,13.8
1630596,Evan Mobley,CLE,2022-23,december,Finisher,Finisher,Big,16.6,14.6,15.625,4.7,83,14,34.4,13.8
1630200,Tre Jones,SAS,2022-23,december,Finisher,Finisher,Guard,19.5,27.2,23.89380530973451,4.8,73,14,30.2,13.8
1631093,Jaden Ivey,DET,2022-23,december,3&D Wing,Wing,Guard,24.8,21.7,31.858407079646017,5.6,76,16,27.7,13.8
1629675,Naz Reid,MIN,2022-23,december,3&D Wing,Wing,Forward,23.0,8.8,33.33333333333333,3.8,81,15,23.1,13.7
203497,Rudy Gobert,MIN,2022-23,december,Finisher,Finisher,Big,16.4,4.4,1.2987012987012987,,85,11,30.7,13.7
203991,Clint Capela,ATL,2022-23,december,Finisher,Finisher,Big,16.1,2.8,0.0,,82,7,27.1,13.6
1629652,Luguentz Dort,OKC,2022-23,december,3&D Wing,Wing,Guard,20.0,10.4,45.535714285714285,,76,13,30.1,13.4
202692,Alec Burks,DET,2022-23,december,Stretch Shooter,Shooter,Forward,21.1,15.3,53.93258426966292,,78,16,22.1,13.4
1630180,Saddiq Bey,ATL,2022-23,december,3&D Wing,Wing,Forward,20.8,9.0,50.0,6.5,79,16,25.3,13.1
1628381,John Collins,ATL,2022-23,december,3&D Wing,Wing,Forward,18.8,5.9,24.271844660194173,,81,6,26.1,13.0
1631100,AJ Griffin,ATL,2022-23,december,Role Player,Role,Forward,18.7,7.7,49.10714285714286,,78,14,27.0,12.8
1630578,Alperen Sengun,HOU,2022-23,december,Shot Creator,Scorer,Big,20.0,16.2,3.1914893617021276,14.9,83,14,25.8,12.8
1631095,Jabari Smith Jr.,HOU,2022-23,december,3&D Wing,Wing,Big,18.7,4.3,46.84684684684685,5.6,83,15,29.8,12.7
1631099,Keegan Murray,SAC,2022-23,december,Movement Shooter,Shooter,Forward,16.0,3.0,61.22448979591836,4.2,80,14,28.6,12.7
203486,Mason Plumlee,LAC,2022-23,december,Role Player,Role,Big,15.0,15.4,0.0,,84,16,28.2,12.7
1630530,Trey Murphy III,NOP,2022-23,december,Finisher,Finisher,Forward,14.2,7.6,63.095238095238095,6.6,80,14,28.9,12.6
1629651,Nic Claxton,BKN,2022-23,december,Shot Creator,Scorer,Big,13.5,7.5,0.0,14.1,83,11,29.9,12.5
1627747,Caris LeVert,CLE,2022-23,december,Secondary Ball Handler,Secondary,Forward,20.3,13.2,38.73873873873874,6.2,78,15,28.9,12.5
202694,Marcus Morris Sr.,LAC,2022-23,december,Role Player,Role,Forward,17.4,7.5,57.42574257425742,,80,14,29.5,12.4
1629022,Lonnie Walker IV,LAL,2022-23,december,Role Player,Role,Guard,17.9,4.3,53.46534653465347,,76,15,27.8,12.4
1630175,Cole Anthony,ORL,2022-23,december,Secondary Ball Handler,Secondary,Guard,21.5,27.2,37.11340206185567,6.9,75,14,25.2,12.3
1631114,Jalen Williams,OKC,2022-23,december,Shot Creator,Scorer,Guard,17.0,13.3,28.125000000000007,14.8,77,14,30.3,12.3
1629634,Brandon Clarke,MEM,2022-23,december,Role Player,Role,Forward,18.0,6.7,0.0,,80,14,20.4,12.1
1630165,Killian Hayes,DET,2022-23,december,Role Player,Role,Guard,20.4,36.0,38.26086956521739,,77,14,28.6,12.1
1629669,Jaylen Nowell,MIN,2022-23,december,Role Player,Role,Guard,22.9,14.9,31.858407079646017,,76,15,23.4,12.1
203484,Kentavious Caldwell-Pope,DEN,2022-23,december,3&D Wing,Wing,Guard,14.3,7.7,48.35164835164836,3.1,77,14,32.0,12.0
1628418,Thomas Bryant,DEN,2022-23,december,Role Player,Role,Big,17.9,6.3,20.0,,82,16,22.1,12.0
200768,Kyle Lowry,MIA,2022-23,december,Role Player,Role,Guard,15.1,21.7,65.97938144329898,,72,10,33.4,11.9
1629667,Jalen McDaniels,PHI,2022-23,december,Role Player,Role,Forward,16.9,11.9,40.44943820224719,,81,16,26.1,11.8
1626166,Cameron Payne,PHX,2022-23,december,Role Player,Role,Guard,23.1,34.8,49.03846153846153,,73,7,22.9,11.7
1629013,Landry Shamet,PHX,2022-23,december,Stretch Shooter,Shooter,Guard,20.9,18.9,70.83333333333334,,76,13,22.3,11.7
1627763,Malcolm Brogdon,BOS,2022-23,december,Role Player,Role,Guard,19.5,26.8,44.08602150537634,,76,12,24.4,11.7
202704,Reggie Jackson,DEN,2022-23,december,Role Player,Role,Guard,20.9,12.3,46.15384615384615,,74,12,27.2,11.7
203482,Kelly Olynyk,UTA,2022-23,december,Role Player,Role,Big,18.3,15.5,46.15384615384615,,83,11,29.0,11.6
1628420,Monte Morris,WAS,2022-23,december,Role Player,Role,Guard,14.8,24.1,42.69662921348314,,74,13,31.1,11.6
1630174,Aaron Nesmith,IND,2022-23,december,Movement Shooter,Shooter,Guard,17.5,6.8,50.0,,77,15,23.9,11.6
203471,Dennis Schröder,LAL,2022-23,december,Shot Creator,Scorer,Guard,18.1,19.2,38.04347826086957,14.8,73,15,28.4,11.6
1628365,Markelle Fultz,ORL,2022-23,december,Role Player,Role,Guard,20.4,30.1,15.23809523809524,,76,15,27.6,11.5
1630230,Naji Marshall,NOP,2022-23,december,3&D Wing,Wing,Forward,16.2,14.8,48.23529411764705,5.6,79,15,27.0,11.5
203935,Marcus Smart,BOS,2022-23,december,3&D Wing,Wing,Guard,16.4,27.5,58.41584158415842,4.2,76,12,34.5,11.4
1630168,Onyeka Okongwu,ATL,2022-23,december,3&D Wing,Wing,Forward,15.6,3.5,1.388888888888889,1.6,81,14,26.2,11.4
1630538,Bones Hyland,LAC,2022-23,december,Stretch Shooter,Shooter,Guard,26.3,24.3,56.43564356435644,10.9,74,14,20.4,11.3
203114,Khris Middleton,MIL,2022-23,december,Stretch Shooter,Shooter,Forward,22.1,25.6,53.63636363636364,6.1,79,7,24.4,11.1
202330,Gordon Hayward,CHA,2022-23,december,Role Player,Role,Forward,15.7,13.3,36.69724770642201,,79,9,33.8,11.1
1627751,Jakob Poeltl,TOR,2022-23,december,Finisher,Finisher,Big,15.1,9.9,0.0,,85,8,24.4,11.0
1631110,Jeremy Sochan,SAS,2022-23,december,3&D Wing,Wing,Forward,19.4,15.8,19.148936170212767,,80,10,25.8,11.0
1630183,Jaden McDaniels,MIN,2022-23,december,3&D Wing,Wing,Forward,14.3,8.7,35.22727272727273,2.3,81,15,31.8,10.9
1630191,Isaiah Stewart,DET,2022-23,december,Finisher,Finisher,Forward,16.0,5.3,48.88888888888889,,80,16,29.5,10.9
203926,Doug McDermott,SAS,2022-23,december,Stretch Shooter,Shooter,Forward,19.5,12.1,57.14285714285714,,78,11,20.0,10.8
1628404,Josh Hart,NYK,2022-23,december,3&D Wing,Wing,Guard,12.4,13.0,28.767123287671236,,76,12,33.2,10.7
1630559,Austin Reaves,LAL,2022-23,december,Shot Creator,Scorer,Guard,14.9,8.3,55.00000000000001,13.5,77,14,29.2,10.4
1626196,Josh Richardson,NOP,2022-23,december,Stretch Shooter,Shooter,Forward,21.0,17.1,51.61290322580645,,78,9,22.4,10.3
1629626,Bol Bol,ORL,2022-23,december,Role Player,Role,Big,16.9,5.4,20.0,,86,15,24.7,10.3
1626224,Cedi Osman,CLE,2022-23,december,Role Player,Role,Forward,17.8,10.6,48.14814814814815,,79,13,22.7,10.2
1628971,Bruce Brown,DEN,2022-23,december,Finisher,Finisher,Guard,13.6,12.8,37.33333333333333,4.1,76,13,29.2,10.1
203925,Joe Harris,BKN,2022-23,december,Role Player,Role,Forward,12.9,8.3,57.35294117647059,,78,8,25.8,10.0
1630583,Santi Aldama,MEM,2022-23,december,3&D Wing,Wing,Big,15.8,10.9,54.09836065573771,,84,13,20.1,10.0
1629655,Daniel Gafford,WAS,2022-23,december,Finisher,Finisher,Big,14.8,4.8,0.0,,82,15,20.5,9.9
1630231,KJ Martin,HOU,2022-23,december,Role Player,Role,Forward,15.6,9.1,32.3943661971831,,79,15,23.2,9.9
1629003,Shake Milton,PHI,2022-23,december,Role Player,Role,Guard,16.1,16.6,31.645569620253163,,77,13,26.1,9.9
1628379,Luke Kennard,MEM,2022-23,december,Movement Shooter,Shooter,Guard,13.9,11.3,72.46376811594203,,77,12,23.3,9.9
1630631,Jose Alvarado,NOP,2022-23,december,Stretch Shooter,Shooter,Guard,21.6,16.5,54.54545454545454,4.2,72,14,20.5,9.9
202322,John Wall,LAC,2022-23,december,Role Player,Role,Guard,24.7,33.8,35.1063829787234,,75,11,21.6,9.8
1630172,Patrick Williams,CHI,2022-23,december,3&D Wing,Wing,Forward,14.1,7.6,42.52873563218391,3.6,79,15,31.9,9.8
1628470,Torrey Craig,PHX,2022-23,december,Role Player,Role,Forward,13.9,8.9,53.94736842105263,,79,13,27.2,9.8
1629638,Nickeil Alexander-Walker,MIN,2022-23,december,Movement Shooter,Shooter,Guard,18.3,22.2,53.84615384615385,2.9,77,12,20.6,9.8
1630557,Corey Kispert,WAS,2022-23,december,Movement Shooter,Shooter,Forward,12.6,5.2,63.63636363636363,,78,15,29.9,9.7
202689,Kemba Walker,DAL,2022-23,december,Stretch Shooter,Shooter,Guard,21.8,23.2,50.64935064935064,,72,7,19.5,9.7
1628997,Caleb Martin,MIA,2022-23,december,3&D Wing,Wing,Guard,13.4,6.1,54.87804878048781,,77,11,31.9,9.6
1628978,Donte DiVincenzo,GSW,2022-23,december,Movement Shooter,Shooter,Guard,14.2,17.7,65.85365853658539,1.9,76,13,28.6,9.6
1630228,Jonathan Kuminga,GSW,2022-23,december,Shot Creator,Scorer,Forward,18.6,17.9,23.943661971830988,12.6,79,15,22.2,9.6
201569,Eric Gordon,LAC,2022-23,december,3&D Wing,Wing,Guard,16.1,10.5,56.98924731182795,,75,12,29.6,9.6
203933,T.J. Warren,PHX,2022-23,december,Role Player,Role,Forward,19.2,10.6,23.68421052631579,,80,12,20.0,9.6
1626145,Tyus Jones,MEM,2022-23,december,3&D Wing,Wing,Guard,16.9,30.5,46.75324675324675,,74,14,22.4,9.6
1629622,Max Strus,MIA,2022-23,december,Role Player,Role,Guard,17.5,11.5,72.44897959183673,,77,15,25.8,9.5
1628963,Marvin Bagley III,DET,2022-23,december,Finisher,Finisher,Big,18.8,4.3,15.789473684210526,7.3,82,14,20.4,9.5
1631117,Walker Kessler,UTA,2022-23,december,Finisher,Finisher,Big,12.7,3.7,0.0,,84,15,23.7,9.5
1628380,Zach Collins,SAS,2022-23,december,3&D Wing,Wing,Big,18.4,15.8,18.333333333333336,,83,13,22.3,9.5
1629684,Grant Williams,BOS,2022-23,december,3&D Wing,Wing,Forward,12.2,6.3,61.904761904761905,,78,14,27.0,9.4
1630529,Herbert Jones,NOP,2022-23,december,3&D Wing,Wing,Forward,15.2,11.4,43.37349397590361,,79,7,29.0,9.4
1630166,Deni Avdija,WAS,2022-23,december,Shot Creator,Scorer,Forward,14.2,15.5,50.0,14.0,81,13,29.0,9.4
1627826,Ivica Zubac,LAC,2022-23,december,Post Scorer,Big,Big,13.4,3.0,0.0,,84,13,28.2,9.4
203506,Victor Oladipo,MIA,2022-23,december,Role Player,Role,Guard,17.6,16.0,53.57142857142857,,75,11,26.2,9.4
1628467,Maxi Kleber,DAL,2022-23,december,Rim Protector,Big,Big,11.1,2.7,64.61538461538461,,82,6,27.6,9.3
201587,Nicolas Batum,LAC,2022-23,december,3&D Wing,Wing,Forward,12.6,7.7,84.84848484848484,,80,14,24.8,9.3
201144,Mike Conley,MIN,2022-23,december,3&D Wing,Wing,Guard,17.0,33.0,60.91954022988506,,73,11,29.0,9.3
1629614,Andrew Nembhard,IND,2022-23,december,Role Player,Role,Guard,13.6,19.4,44.303797468354425,8.9,75,16,31.8,9.2
1629026,Kenrich Williams,OKC,2022-23,december,3&D Wing,Wing,Forward,13.1,12.1,37.878787878787875,,78,8,23.8,9.1
203937,Kyle Anderson,MIN,2022-23,december,Shot Creator,Scorer,Forward,14.6,19.5,15.942028985507248,12.6,81,10,29.8,9.1
1629130,Duncan Robinson,MIA,2022-23,december,Movement Shooter,Shooter,Forward,17.6,8.7,88.73239436619718,,79,10,20.2,9.0
1626220,Royce O'Neale,BKN,2022-23,december,3&D Wing,Wing,Forward,12.0,11.3,74.28571428571429,,78,11,33.7,9.0
1631106,Tari Eason,HOU,2022-23,december,3&D Wing,Wing,Forward,17.9,5.4,31.944444444444443,5.0,80,15,20.1,8.9
1628960,Grayson Allen,MIL,2022-23,december,3&D Wing,Wing,Guard,13.4,10.4,57.89473684210527,2.8,76,14,27.9,8.9
1627814,Damion Lee,PHX,2022-23,december,Role Player,Role,Guard,14.2,7.0,58.06451612903226,,77,16,23.1,8.8
1629637,Jaxson Hayes,NOP,2022-23,december,Finisher,Finisher,Big,13.0,9.4,24.39024390243903,,84,7,19.2,8.7
1630526,Jeremiah Robinson-Earl,OKC,2022-23,december,3&D Wing,Wing,Forward,14.9,6.1,30.555555555555557,,80,5,23.0,8.6
203115,Will Barton,TOR,2022-23,december,Stretch Shooter,Shooter,Guard,18.9,20.1,55.84415584415584,,77,10,20.7,8.6
1631105,Jalen Duren,DET,2022-23,december,Finisher,Finisher,Big,11.6,8.2,0.0,8.9,83,16,26.7,8.4
1629057,Robert Williams III,BOS,2022-23,december,Finisher,Finisher,Forward,12.6,8.6,0.0,,81,6,18.9,8.3
203500,Steven Adams,MEM,2022-23,december,Finisher,Finisher,Big,13.6,11.3,0.0,,83,12,26.1,8.3
1630245,Ayo Dosunmu,CHI,2022-23,december,3&D Wing,Wing,Guard,14.9,13.0,36.36363636363637,2.2,77,14,24.0,8.3
1629006,Josh Okogie,PHX,2022-23,december,3&D Wing,Wing,Guard,17.7,15.2,42.622950819672134,,76,14,19.1,8.3
1627777,Georges Niang,PHI,2022-23,december,Role Player,Role,Forward,17.8,6.0,81.33333333333333,,79,11,20.9,8.3
1630198,Isaiah Joe,OKC,2022-23,december,3&D Wing,Wing,Guard,15.7,9.5,78.94736842105263,,75,13,17.4,8.2
201567,Kevin Love,MIA,2022-23,december,Stretch Shooter,Shooter,Forward,18.6,11.1,67.16417910447761,,80,13,19.9,8.2
1628401,Derrick White,BOS,2022-23,december,3&D Wing,Wing,Guard,14.8,14.3,50.70422535211267,4.7,76,14,26.5,8.2
1628449,Chris Boucher,TOR,2022-23,december,Role Player,Role,Forward,16.0,3.3,38.70967741935484,,81,14,20.1,8.1
201976,Patrick Beverley,CHI,2022-23,december,Role Player,Role,Guard,11.3,12.6,61.01694915254237,,74,14,26.9,8.1
1629020,Jarred Vanderbilt,LAL,2022-23,december,3&D Wing,Wing,Forward,13.3,16.6,21.666666666666668,,80,15,24.8,8.1
1630188,Jalen Smith,IND,2022-23,december,3&D Wing,Wing,Forward,21.3,8.9,41.7910447761194,,81,15,16.2,8.0
1629660,Ty Jerome,GSW,2022-23,december,Role Player,Role,Guard,16.6,21.7,38.095238095238095,,77,12,18.4,8.0
1631103,Malaki Branham,SAS,2022-23,december,Role Player,Role,Guard,15.8,9.7,47.69230769230769,,76,13,20.0,7.8
1628964,Mo Bamba,LAL,2022-23,december,Rim Protector,Big,Big,13.9,6.5,52.83018867924528,,84,11,19.3,7.8
1630182,Josh Green,DAL,2022-23,december,3&D Wing,Wing,Forward,12.9,14.8,35.714285714285715,,79,5,23.3,7.8
1629139,Yuta Watanabe,BKN,2022-23,december,Role Player,Role,Forward,13.3,5.9,52.54237288135592,,80,9,21.5,7.8
201609,Goran Dragic,MIL,2022-23,december,Role Player,Role,Guard,20.7,19.6,44.776119402985074,,76,13,16.3,7.8
1630692,Jordan Goodwin,WAS,2022-23,december,3&D Wing,Wing,Guard,18.4,21.8,29.5774647887324,,75,13,19.5,7.8
1629632,Coby White,CHI,2022-23,december,Role Player,Role,Guard,15.9,12.0,68.25396825396825,7.7,77,15,20.6,7.7
1630201,Malachi Flynn,TOR,2022-23,december,Role Player,Role,Guard,16.2,12.4,57.14285714285715,,73,10,21.8,7.7
1629641,Romeo Langford,SAS,2022-23,december,Role Player,Role,Guard,14.9,7.7,22.033898305084744,,77,10,20.2,7.7
1630208,Nick Richards,CHA,2022-23,december,Rim Protector,Big,Big,15.3,4.9,0.0,,84,13,16.3,7.7
1630197,Aleksej Pokusevski,OKC,2022-23,december,Role Player,Role,Big,18.7,18.1,43.24324324324324,,84,12,20.2,7.7
1629611,Terance Mann,LAC,2022-23,december,3&D Wing,Wing,Guard,15.5,14.7,38.70967741935484,3.7,77,14,19.8,7.6
1629011,Mitchell Robinson,NYK,2022-23,december,Finisher,Finisher,Big,8.6,5.3,0.0,,84,15,29.2,7.6
1627732,Ben Simmons,BKN,2022-23,december,Playmaking Big,Big,Big,15.7,27.6,0.0,,82,9,25.2,7.6
201143,Al Horford,BOS,2022-23,december,3&D Wing,Wing,Forward,10.6,9.4,77.14285714285715,,81,9,29.7,7.4
1628966,Keita Bates-Diop,SAS,2022-23,december,Role Player,Role,Forward,13.3,7.1,31.25,,80,8,20.4,7.4
1629052,Oshae Brissett,IND,2022-23,december,Role Player,Role,Forward,16.6,5.0,52.17391304347826,,79,16,17.0,7.4
203085,Austin Rivers,MIN,2022-23,december,Role Player,Role,Guard,11.0,8.7,54.71698113207547,,76,15,25.2,7.3
1630544,Tre Mann,OKC,2022-23,december,Stretch Shooter,Shooter,Guard,21.7,10.9,51.28205128205129,8.5,75,12,16.4,7.3
1627827,Dorian Finney-Smith,BKN,2022-23,december,Role Player,Role,Forward,12.4,6.9,82.08955223880596,,79,11,28.6,7.1
1626192,Pat Connaughton,MIL,2022-23,december,Role Player,Role,Guard,15.2,6.8,75.36231884057972,,77,15,21.4,7.0
1626204,Larry Nance Jr.,NOP,2022-23,december,3&D Wing,Wing,Forward,11.1,10.0,20.0,,80,10,23.8,6.9
201933,Blake Griffin,BOS,2022-23,december,Role Player,Role,Forward,13.6,12.9,40.81632653061224,,81,7,18.5,6.9
1631223,David Roddy,MEM,2022-23,december,Role Player,Role,Guard,17.1,6.3,54.545454545454554,,76,12,20.1,6.8
1626172,Kevon Looney,GSW,2022-23,december,Finisher,Finisher,Forward,10.4,15.7,0.0,,81,15,23.2,6.8
1631101,Shaedon Sharpe,POR,2022-23,december,Shot Creator,Scorer,Guard,16.6,3.1,39.0625,12.3,77,13,17.9,6.7
1627884,Derrick Jones Jr.,CHI,2022-23,december,3&D Wing,Wing,Forward,14.9,7.0,39.130434782608695,,78,9,15.8,6.7
203110,Draymond Green,GSW,2022-23,december,3&D Wing,Wing,Forward,12.2,24.4,42.42424242424242,,78,13,31.2,6.6
1629111,Jock Landale,PHX,2022-23,december,Post Scorer,Big,Big,16.2,8.3,28.57142857142857,,83,13,15.0,6.6
1630552,Jalen Johnson,ATL,2022-23,december,Finisher,Finisher,Forward,14.6,10.2,36.206896551724135,7.9,80,14,20.2,6.6
203082,Terrence Ross,PHX,2022-23,december,Role Player,Role,Forward,16.2,7.8,49.27536231884058,,79,14,20.8,6.6
201145,Jeff Green,DEN,2022-23,december,Role Player,Role,Forward,15.4,8.0,26.0,,80,8,18.1,6.5
1629750,Javonte Green,CHI,2022-23,december,3&D Wing,Wing,Guard,14.7,6.3,32.35294117647059,,77,7,15.9,6.4
1629678,Admiral Schofield,ORL,2022-23,december,Role Player,Role,Guard,15.4,12.3,58.69565217391305,,77,12,15.1,6.4
1629117,Wenyen Gabriel,LAL,2022-23,december,Role Player,Role,Forward,14.2,1.9,13.953488372093023,,81,9,15.5,6.3
1630598,Aaron Wiggins,OKC,2022-23,december,3&D Wing,Wing,Guard,16.9,9.2,29.411764705882355,6.3,77,11,17.5,6.3
1629234,Drew Eubanks,POR,2022-23,december,Finisher,Finisher,Big,10.0,8.0,7.894736842105263,,82,12,19.7,6.3
1630171,Isaac Okoro,CLE,2022-23,december,3&D Wing,Wing,Guard,13.2,9.7,48.93617021276595,,77,15,18.0,6.2
203552,Seth Curry,BKN,2022-23,december,Role Player,Role,Guard,16.2,15.7,50.0,,73,11,18.5,6.2
1630205,Lamar Stevens,CLE,2022-23,december,Role Player,Role,Forward,14.7,4.9,40.57971014492753,,78,12,24.1,6.2
1628988,Aaron Holiday,ATL,2022-23,december,3&D Wing,Wing,Guard,13.6,14.6,42.5531914893617,,72,12,16.9,6.1
1629647,Darius Bazley,PHX,2022-23,december,Role Player,Role,Forward,15.8,4.3,27.659574468085108,,81,7,18.6,6.0
203939,Dwight Powell,DAL,2022-23,december,Finisher,Finisher,Big,11.0,5.3,3.4482758620689653,,82,15,18.2,6.0
203493,Reggie Bullock Jr.,DAL,2022-23,december,Role Player,Role,Forward,8.4,5.0,85.1063829787234,,78,16,28.7,5.9
1629723,John Konchar,MEM,2022-23,december,3&D Wing,Wing,Guard,10.3,8.2,45.28301886792453,,77,13,22.7,5.8
1630541,Moses Moody,GSW,2022-23,december,Movement Shooter,Shooter,Guard,11.6,9.6,58.139534883720934,4.9,77,14,16.4,5.8
1630237,Anthony Lamb,GSW,2022-23,december,Role Player,Role,Forward,12.7,11.3,73.33333333333333,,78,15,18.8,5.7
1629216,Gabe Vincent,MIA,2022-23,december,Movement Shooter,Shooter,Guard,15.7,13.6,59.70149253731343,,74,6,21.3,5.7
1630177,Theo Maledon,CHA,2022-23,december,Role Player,Role,Guard,16.3,20.1,43.47826086956522,,77,16,15.5,5.6
1630558,Davion Mitchell,SAC,2022-23,december,Shot Creator,Scorer,Guard,14.4,21.7,40.74074074074075,28.6,72,13,20.3,5.6
1628975,Jevon Carter,MIL,2022-23,december,3&D Wing,Wing,Guard,12.8,15.5,53.703703703703695,,73,15,22.6,5.6
1630570,Trendon Watford,POR,2022-23,december,Role Player,Role,Forward,12.7,15.2,25.71428571428572,7.8,80,13,17.2,5.5
204060,Joe Ingles,MIL,2022-23,december,Role Player,Role,Forward,17.0,19.1,82.45614035087719,,81,6,18.7,5.5
1630540,Miles McBride,NYK,2022-23,december,3&D Wing,Wing,Guard,13.6,11.7,67.9245283018868,4.7,74,15,19.7,5.2
204456,T.J. McConnell,IND,2022-23,december,Role Player,Role,Guard,15.7,39.2,10.0,5.9,73,14,16.4,5.1
1630235,Trent Forrest,ATL,2022-23,december,Role Player,Role,Guard,12.0,18.6,5.88235294117647,,76,7,21.2,5.1
1628972,Troy Brown Jr.,LAL,2022-23,december,Role Player,Role,Forward,11.7,2.5,61.904761904761905,,79,16,18.2,5.1
1627863,Danuel House Jr.,PHI,2022-23,december,Role Player,Role,Forward,12.2,8.2,56.41025641025642,,78,9,15.5,5.1
203496,Robert Covington,LAC,2022-23,december,Role Player,Role,Forward,17.2,15.6,57.627118644067785,,79,7,15.3,5.0
1629312,Haywood Highsmith,MIA,2022-23,december,Role Player,Role,Guard,11.1,7.0,41.86046511627907,,77,13,20.3,4.8
200752,Rudy Gay,UTA,2022-23,december,Role Player,Role,Forward,15.2,4.3,47.916666666666664,,80,13,15.5,4.6
1630533,Ziaire Williams,MEM,2022-23,december,3&D Wing,Wing,Forward,16.7,11.7,50.0,,81,10,17.1,4.6
1631128,Christian Braun,DEN,2022-23,december,Finisher,Finisher,Forward,11.4,2.0,36.11111111111111,,78,12,16.6,4.6
1627936,Alex Caruso,CHI,2022-23,december,3&D Wing,Wing,Guard,9.5,18.4,47.05882352941177,,77,11,23.5,4.5
201152,Thaddeus Young,TOR,2022-23,december,Role Player,Role,Forward,12.1,11.7,16.216216216216214,,80,14,16.6,4.5
1630537,Chris Duarte,IND,2022-23,december,Role Player,Role,Guard,19.7,13.8,48.4375,,77,7,15.7,4.4
201588,George Hill,IND,2022-23,december,Role Player,Role,Guard,10.8,23.0,58.82352941176471,,76,10,18.6,4.4
202687,Bismack Biyombo,PHX,2022-23,december,Role Player,Role,Forward,11.8,7.5,0.0,,80,13,15.5,4.4
1631216,Caleb Houstan,ORL,2022-23,december,Role Player,Role,Forward,11.6,2.1,71.7948717948718,,80,8,16.5,4.4
1628392,Isaiah Hartenstein,NYK,2022-23,december,Finisher,Finisher,Big,12.6,6.9,22.5,,84,15,16.7,4.1
1626159,Justise Winslow,POR,2022-23,december,Role Player,Role,Forward,10.9,14.8,24.444444444444446,,78,10,22.8,4.1
202709,Cory Joseph,DET,2022-23,december,Role Player,Role,Guard,12.9,26.0,50.0,,75,15,16.4,4.0
1631121,Bryce McGowens,CHA,2022-23,december,3&D Wing,Wing,Forward,11.0,6.5,31.70731707317074,5.2,78,7,18.8,3.9
1630700,Dyson Daniels,NOP,2022-23,december,Finisher,Finisher,Forward,9.8,12.6,43.24324324324324,5.6,79,14,21.3,3.8
1630688,Ish Wainright,PHX,2022-23,december,Role Player,Role,Guard,10.0,8.7,72.72727272727273,,77,14,15.8,3.7
1631132,Christian Koloko,TOR,2022-23,december,Role Player,Role,Big,9.7,4.3,10.714285714285715,,84,13,15.8,3.5
1628373,Frank Ntilikina,DAL,2022-23,december,Role Player,Role,Guard,13.5,13.2,52.77777777777778,,76,13,16.0,3.5
200782,P.J. Tucker,PHI,2022-23,december,Role Player,Role,Guard,6.0,3.2,62.06896551724138,,77,12,27.6,3.4
1627823,Juancho Hernangomez,TOR,2022-23,december,Role Player,Role,Forward,9.0,2.5,64.51612903225806,,81,11,18.0,3.1
203954,Joel Embiid,PHI,2022-23,january,Shot Creator,Scorer,Big,38.7,18.3,17.84037558685446,12.3,84,10,33.1,34.9
203081,Damian Lillard,POR,2022-23,january,Primary Initiator,Primary,Guard,32.9,35.5,50.71090047393364,,74,15,36.7,34.5
2544,LeBron James,LAL,2022-23,january,Primary Initiator,Primary,Forward,34.6,35.3,30.522088353413658,12.8,81,13,37.8,33.8
1629029,Luka Dončić,DAL,2022-23,january,Primary Initiator,Primary,Forward,38.0,35.5,31.797235023041477,16.0,79,12,36.4,31.3
1628369,Jayson Tatum,BOS,2022-23,january,Primary Initiator,Primary,Forward,33.2,23.7,41.44144144144144,,80,14,38.7,31.3
1628983,Shai Gilgeous-Alexander,OKC,2022-23,january,Primary Initiator,Primary,Forward,30.3,22.5,11.34020618556701,26.3,78,13,35.4,31.1
203507,Giannis Antetokounmpo,MIL,2022-23,january,Primary Initiator,Primary,Big,36.0,26.7,15.104166666666666,10.9,84,10,32.7,31.0
202681,Kyrie Irving,DAL,2022-23,january,Primary Initiator,Primary,Guard,30.3,26.6,42.34234234234234,,74,13,38.1,29.5
201939,Stephen Curry,GSW,2022-23,january,Primary Initiator,Primary,Guard,29.2,24.8,57.57575757575758,10.1,74,9,35.3,29.1
1628973,Jalen Brunson,NYK,2022-23,january,Primary Initiator,Primary,Guard,28.7,23.7,23.72093023255814,14.4,74,15,39.5,28.7
1628374,Lauri Markkanen,UTA,2022-23,january,Finisher,Finisher,Big,27.1,6.0,42.45810055865922,4.0,84,11,35.1,28.5
1629630,Ja Morant,MEM,2022-23,january,Primary Initiator,Primary,Guard,32.5,40.6,24.519230769230766,14.1,74,12,33.1,28.0
202695,Kawhi Leonard,LAC,2022-23,january,Shot Creator,Scorer,Forward,28.2,19.8,27.47252747252747,16.5,79,12,35.1,27.7
1630162,Anthony Edwards,MIN,2022-23,january,Primary Initiator,Primary,Guard,32.1,22.3,39.71291866028709,23.4,76,16,35.7,27.3
202691,Klay Thompson,GSW,2022-23,january,Movement Shooter,Shooter,Forward,28.1,10.4,53.21100917431192,,78,10,34.9,27.0
1627759,Jaylen Brown,BOS,2022-23,january,Shot Creator,Scorer,Forward,30.3,13.6,36.09756097560976,20.6,78,11,36.5,26.8
1629027,Trae Young,ATL,2022-23,january,Primary Initiator,Primary,Guard,30.9,37.5,30.89887640449438,12.0,73,13,36.0,26.7
201942,DeMar DeRozan,CHI,2022-23,january,Primary Initiator,Primary,Forward,28.7,20.7,9.424083769633508,19.9,78,11,36.8,26.5
203944,Julius Randle,NYK,2022-23,january,Shot Creator,Scorer,Forward,29.7,19.9,42.857142857142854,15.8,80,15,38.5,26.3
1628378,Donovan Mitchell,CLE,2022-23,january,Primary Initiator,Primary,Guard,31.2,27.3,54.973821989528794,11.4,73,10,34.2,26.1
203897,Zach LaVine,CHI,2022-23,january,Primary Initiator,Primary,Guard,28.1,17.2,43.548387096774185,9.3,77,14,37.8,26.1
1628368,De'Aaron Fox,SAC,2022-23,january,Primary Initiator,Primary,Guard,28.2,26.9,21.76165803108808,10.1,75,15,35.6,25.2
1626179,Terry Rozier,CHA,2022-23,january,Role Player,Role,Guard,27.4,19.1,45.273631840796014,,73,15,35.6,25.1
203468,CJ McCollum,NOP,2022-23,january,Primary Initiator,Primary,Guard,29.7,25.2,43.65482233502538,8.8,75,14,35.6,24.6
203999,Nikola Jokić,DEN,2022-23,january,Playmaking Big,Big,Big,24.4,47.6,16.058394160583944,5.3,83,12,33.4,24.0
202711,Bojan Bogdanovic,DET,2022-23,january,Role Player,Role,Forward,25.3,13.6,37.34939759036144,,79,11,32.9,23.3
1629640,Keldon Johnson,SAS,2022-23,january,3&D Wing,Wing,Guard,26.7,9.9,36.99421965317919,3.9,77,13,32.0,23.1
1627749,Dejounte Murray,ATL,2022-23,january,Role Player,Role,Guard,24.4,22.3,28.571428571428577,,77,15,37.9,22.7
1629636,Darius Garland,CLE,2022-23,january,Secondary Ball Handler,Secondary,Guard,27.2,35.9,37.7245508982036,6.7,73,14,34.8,22.6
1630163,LaMelo Ball,CHA,2022-23,january,Primary Initiator,Primary,Forward,30.3,35.5,50.73891625615764,12.2,79,12,34.9,22.5
1627783,Pascal Siakam,TOR,2022-23,january,Shot Creator,Scorer,Forward,25.6,22.0,23.756906077348063,13.3,80,16,38.8,22.4
1630224,Jalen Green,HOU,2022-23,january,Primary Initiator,Primary,Guard,28.4,17.1,44.973544973544975,,76,12,35.0,22.4
1629673,Jordan Poole,GSW,2022-23,january,Secondary Ball Handler,Secondary,Guard,26.6,19.5,47.953216374269,7.9,76,13,34.2,22.3
1628398,Kyle Kuzma,WAS,2022-23,january,3&D Wing,Wing,Forward,28.9,20.3,41.53846153846153,5.1,81,13,35.5,22.3
202710,Jimmy Butler III,MIA,2022-23,january,Shot Creator,Scorer,Forward,25.5,18.5,11.510791366906476,17.7,79,14,32.2,22.3
203903,Jordan Clarkson,UTA,2022-23,january,3&D Wing,Wing,Guard,28.0,17.9,44.76744186046512,5.2,77,13,32.3,22.1
1627750,Jamal Murray,DEN,2022-23,january,Shot Creator,Scorer,Guard,25.7,25.2,39.1566265060241,14.6,76,14,33.9,22.1
1628389,Bam Adebayo,MIA,2022-23,january,3&D Wing,Wing,Forward,25.5,13.1,0.0,8.0,81,14,35.0,21.6
1630217,Desmond Bane,MEM,2022-23,january,Secondary Ball Handler,Secondary,Guard,24.9,22.8,38.125,7.0,77,11,30.4,21.4
1629628,RJ Barrett,NYK,2022-23,january,Secondary Ball Handler,Secondary,Forward,24.7,10.0,34.33734939759036,2.7,78,11,36.1,21.4
1626174,Christian Wood,DAL,2022-23,january,Role Player,Role,Forward,24.2,13.0,37.24137931034483,,81,8,34.2,21.1
204001,Kristaps Porziņģis,WAS,2022-23,january,Post Scorer,Big,Big,26.5,11.0,36.11111111111111,,87,9,31.1,21.1
1629018,Gary Trent Jr.,TOR,2022-23,january,Stretch Shooter,Shooter,Guard,20.2,6.6,50.617283950617285,,77,16,37.0,20.8
1627832,Fred VanVleet,TOR,2022-23,january,Stretch Shooter,Shooter,Guard,22.0,28.3,53.6144578313253,,72,15,37.5,20.6
203915,Spencer Dinwiddie,BKN,2022-23,january,Role Player,Role,Guard,23.3,24.7,45.13888888888889,,77,15,37.2,20.5
201935,James Harden,PHI,2022-23,january,Shot Creator,Scorer,Guard,23.5,44.9,52.94117647058824,42.5,77,13,34.7,20.3
201950,Jrue Holiday,MIL,2022-23,january,Secondary Ball Handler,Secondary,Guard,26.3,31.1,36.96969696969697,10.1,77,14,32.3,20.3
202696,Nikola Vučević,CHI,2022-23,january,Post Scorer,Big,Big,20.8,17.3,31.12582781456954,,82,14,37.1,20.3
1631094,Paolo Banchero,ORL,2022-23,january,Shot Creator,Scorer,Big,27.2,14.7,35.61643835616439,14.7,82,14,32.7,20.1
1630532,Franz Wagner,ORL,2022-23,january,Secondary Ball Handler,Secondary,Big,22.3,15.1,36.231884057971016,7.6,82,13,32.6,19.9
202331,Paul George,LAC,2022-23,january,Shot Creator,Scorer,Forward,27.8,26.8,44.59459459459459,18.4,80,9,32.3,19.9
1629014,Anfernee Simons,POR,2022-23,january,Shot Creator,Scorer,Guard,22.3,17.0,54.729729729729726,18.2,75,15,35.8,19.8
203924,Jerami Grant,POR,2022-23,january,3&D Wing,Wing,Forward,21.9,5.8,36.80555555555555,10.7,80,15,35.0,19.7
1631097,Bennedict Mathurin,IND,2022-23,january,Secondary Ball Handler,Secondary,Guard,25.0,7.3,25.563909774436087,9.0,77,15,29.6,19.5
1626167,Myles Turner,IND,2022-23,january,3&D Wing,Wing,Big,23.2,4.7,31.884057971014496,,83,12,31.3,19.4
1628969,Mikal Bridges,BKN,2022-23,january,3&D Wing,Wing,Forward,21.0,21.2,29.60526315789474,2.3,78,15,37.4,19.3
1626156,D'Angelo Russell,LAL,2022-23,january,Stretch Shooter,Shooter,Guard,22.2,25.4,54.13533834586466,8.7,76,15,33.8,19.1
203084,Harrison Barnes,SAC,2022-23,january,3&D Wing,Wing,Forward,17.9,4.8,55.75221238938053,8.0,80,15,35.4,19.1
1630178,Tyrese Maxey,PHI,2022-23,january,Shot Creator,Scorer,Guard,23.0,15.8,40.54054054054054,14.5,74,14,31.9,18.9
1630581,Josh Giddey,OKC,2022-23,january,Secondary Ball Handler,Secondary,Forward,26.2,29.7,19.49685534591195,5.0,80,14,30.9,18.8
101108,Chris Paul,PHX,2022-23,january,Secondary Ball Handler,Secondary,Guard,21.7,39.1,37.404580152671755,,72,8,32.5,18.6
1626181,Norman Powell,LAC,2022-23,january,Movement Shooter,Shooter,Guard,25.1,10.9,47.05882352941176,10.9,76,16,26.3,18.5
1630578,Alperen Sengun,HOU,2022-23,january,Shot Creator,Scorer,Big,22.0,28.9,4.132231404958678,14.9,83,13,32.1,18.3
201566,Russell Westbrook,LAC,2022-23,january,Primary Initiator,Primary,Guard,28.8,35.1,27.92207792207792,13.4,75,16,30.1,18.3
1627734,Domantas Sabonis,SAC,2022-23,january,Playmaking Big,Big,Big,22.0,30.5,8.870967741935484,,85,14,36.1,18.2
1629028,Deandre Ayton,PHX,2022-23,january,Finisher,Finisher,Big,27.9,15.3,2.9940119760479043,,84,10,32.3,18.1
1630567,Scottie Barnes,TOR,2022-23,january,Finisher,Finisher,Forward,19.6,21.5,16.03053435114504,7.9,80,16,36.8,18.1
1629645,Kevin Porter Jr.,HOU,2022-23,january,Stretch Shooter,Shooter,Guard,23.6,24.1,54.7945205479452,9.8,76,5,31.5,17.8
1627763,Malcolm Brogdon,BOS,2022-23,january,Role Player,Role,Guard,21.9,19.8,43.54838709677419,,76,13,28.4,17.3
1628991,Jaren Jackson Jr.,MEM,2022-23,january,3&D Wing,Wing,Big,21.4,4.7,34.166666666666664,11.1,82,15,28.3,17.2
1629639,Tyler Herro,MIA,2022-23,january,Shot Creator,Scorer,Guard,24.2,15.8,44.171779141104295,13.3,77,11,33.8,17.1
1629631,De'Andre Hunter,ATL,2022-23,january,3&D Wing,Wing,Forward,18.8,5.8,40.76923076923077,7.5,80,13,35.0,17.1
1630596,Evan Mobley,CLE,2022-23,january,Finisher,Finisher,Big,21.8,11.1,9.923664122137406,4.7,83,15,34.7,17.1
203078,Bradley Beal,WAS,2022-23,january,Secondary Ball Handler,Secondary,Guard,26.7,27.7,22.302158273381295,,76,7,27.4,17.0
1630180,Saddiq Bey,ATL,2022-23,january,3&D Wing,Wing,Forward,21.1,8.0,47.32824427480916,6.5,79,13,30.6,16.7
202685,Jonas Valančiūnas,NOP,2022-23,january,Post Scorer,Big,Big,26.1,7.7,11.965811965811966,,83,16,25.4,16.7
203486,Mason Plumlee,LAC,2022-23,january,Role Player,Role,Big,16.6,14.8,0.0,,84,15,30.0,16.5
1627741,Buddy Hield,IND,2022-23,january,Movement Shooter,Shooter,Guard,18.8,13.6,67.96874999999999,,76,15,32.9,16.4
1626171,Bobby Portis,MIL,2022-23,january,3&D Wing,Wing,Big,21.9,10.3,29.600000000000005,3.2,83,12,28.3,16.1
203932,Aaron Gordon,DEN,2022-23,january,Shot Creator,Scorer,Forward,21.7,16.1,21.42857142857143,16.0,80,16,30.4,15.9
1629651,Nic Claxton,BKN,2022-23,january,Shot Creator,Scorer,Big,17.6,8.7,1.075268817204301,14.1,83,14,32.2,15.6
1629008,Michael Porter Jr.,DEN,2022-23,january,Movement Shooter,Shooter,Big,20.5,2.7,56.77966101694915,6.9,82,13,28.2,15.6
1630169,Tyrese Haliburton,IND,2022-23,january,Role Player,Role,Guard,22.5,45.2,48.48484848484849,,77,5,33.3,15.6
1628381,John Collins,ATL,2022-23,january,3&D Wing,Wing,Forward,17.7,5.2,29.82456140350877,,81,15,33.9,15.5
1630193,Immanuel Quickley,NYK,2022-23,january,3&D Wing,Wing,Guard,16.3,12.3,43.925233644859816,6.1,74,14,33.1,15.4
201569,Eric Gordon,LAC,2022-23,january,3&D Wing,Wing,Guard,18.3,15.8,46.08695652173913,,75,13,30.7,15.4
203552,Seth Curry,BKN,2022-23,january,Role Player,Role,Guard,20.8,10.9,49.10714285714286,,73,13,27.3,15.4
1629661,Cameron Johnson,BKN,2022-23,january,Stretch Shooter,Shooter,Forward,19.3,7.7,59.04761904761905,,80,6,26.7,15.3
1629012,Collin Sexton,UTA,2022-23,january,Secondary Ball Handler,Secondary,Guard,24.7,16.1,21.21212121212121,5.2,74,7,23.2,15.3
1629023,P.J. Washington,CHA,2022-23,january,3&D Wing,Wing,Forward,16.9,11.1,51.69491525423729,4.1,79,15,34.2,15.2
1631093,Jaden Ivey,DET,2022-23,january,3&D Wing,Wing,Guard,24.2,27.3,32.786885245901644,5.6,76,13,30.3,15.2
202699,Tobias Harris,PHI,2022-23,january,3&D Wing,Wing,Forward,18.7,10.0,31.147540983606557,4.2,79,13,32.1,15.2
1629652,Luguentz Dort,OKC,2022-23,january,3&D Wing,Wing,Guard,19.9,9.0,47.5,,76,12,30.3,14.7
203471,Dennis Schröder,LAL,2022-23,january,Shot Creator,Scorer,Guard,17.7,14.2,37.16814159292035,14.8,73,16,34.8,14.5
1628418,Thomas Bryant,DEN,2022-23,january,Role Player,Role,Big,18.6,2.6,13.978494623655912,,82,16,25.1,14.4
1628386,Jarrett Allen,CLE,2022-23,january,Finisher,Finisher,Forward,16.3,8.9,3.225806451612903,,81,16,32.2,14.4
1628989,Kevin Huerter,SAC,2022-23,january,Stretch Shooter,Shooter,Forward,19.2,15.2,56.896551724137936,,79,13,30.0,14.3
1628976,Wendell Carter Jr.,ORL,2022-23,january,3&D Wing,Wing,Big,20.3,11.2,32.69230769230769,,82,14,28.8,14.1
1631099,Keegan Murray,SAC,2022-23,january,Movement Shooter,Shooter,Forward,14.1,5.1,67.01030927835052,4.2,80,15,32.2,14.0
203501,Tim Hardaway Jr.,DAL,2022-23,january,Movement Shooter,Shooter,Guard,18.4,5.9,60.0,2.2,77,13,35.1,13.7
1630230,Naji Marshall,NOP,2022-23,january,3&D Wing,Wing,Forward,21.0,14.9,30.508474576271183,5.6,79,13,30.4,13.6
1631114,Jalen Williams,OKC,2022-23,january,Shot Creator,Scorer,Guard,17.2,12.2,25.663716814159287,14.8,77,14,31.7,13.6
1630200,Tre Jones,SAS,2022-23,january,Secondary Ball Handler,Secondary,Guard,20.8,29.0,20.930232558139537,4.8,73,15,29.1,13.5
202330,Gordon Hayward,CHA,2022-23,january,Role Player,Role,Forward,18.3,17.0,24.444444444444446,,79,6,25.5,13.5
203992,Bogdan Bogdanović,ATL,2022-23,january,Stretch Shooter,Shooter,Guard,19.0,16.0,53.278688524590166,,77,13,31.3,13.5
201572,Brook Lopez,MIL,2022-23,january,3&D Wing,Wing,Big,17.9,7.1,42.477876106194685,,85,16,29.7,13.4
1626196,Josh Richardson,NOP,2022-23,january,Role Player,Role,Forward,19.5,21.6,50.0,,78,12,24.2,13.3
1629060,Rui Hachimura,LAL,2022-23,january,3&D Wing,Wing,Forward,20.7,6.4,33.04347826086956,3.7,80,13,25.9,13.1
1630231,KJ Martin,HOU,2022-23,january,Role Player,Role,Forward,17.0,6.8,30.526315789473685,,79,14,28.3,13.1
1627747,Caris LeVert,CLE,2022-23,january,3&D Wing,Wing,Forward,18.9,18.5,45.370370370370374,6.2,78,16,31.3,13.1
1628365,Markelle Fultz,ORL,2022-23,january,Role Player,Role,Guard,20.0,31.9,9.0,,76,14,29.3,12.9
203991,Clint Capela,ATL,2022-23,january,Finisher,Finisher,Big,15.9,4.5,1.162790697674419,,82,8,25.9,12.9
1631105,Jalen Duren,DET,2022-23,january,Finisher,Finisher,Big,14.4,5.5,0.0,8.9,83,8,26.1,12.9
203497,Rudy Gobert,MIN,2022-23,january,Finisher,Finisher,Big,16.1,4.2,0.0,,85,13,30.5,12.8
203952,Andrew Wiggins,GSW,2022-23,january,3&D Wing,Wing,Forward,22.0,10.8,42.5531914893617,10.9,79,8,29.3,12.8
1628977,Hamidou Diallo,DET,2022-23,january,Role Player,Role,Guard,21.2,6.9,2.5641025641025643,,77,12,21.7,12.8
1630172,Patrick Williams,CHI,2022-23,january,3&D Wing,Wing,Forward,15.6,5.9,47.31182795698925,3.6,79,14,32.0,12.7
203994,Jusuf Nurkić,POR,2022-23,january,Finisher,Finisher,Big,22.6,15.7,31.632653061224485,,84,14,25.6,12.6
1630165,Killian Hayes,DET,2022-23,january,Role Player,Role,Guard,21.8,34.6,41.40624999999999,,77,11,30.4,12.5
202692,Alec Burks,DET,2022-23,january,Role Player,Role,Forward,19.4,15.2,47.72727272727273,,78,13,23.6,12.5
1628384,OG Anunoby,TOR,2022-23,january,3&D Wing,Wing,Forward,17.2,6.8,49.15254237288135,5.9,79,13,33.5,12.5
203506,Victor Oladipo,MIA,2022-23,january,Role Player,Role,Guard,20.3,24.0,44.642857142857146,,75,15,30.0,12.5
1631110,Jeremy Sochan,SAS,2022-23,january,3&D Wing,Wing,Forward,19.8,12.9,22.641509433962263,,80,14,28.6,12.4
1630228,Jonathan Kuminga,GSW,2022-23,january,Shot Creator,Scorer,Forward,20.3,15.0,28.57142857142857,12.6,79,5,22.1,12.4
203114,Khris Middleton,MIL,2022-23,january,Secondary Ball Handler,Secondary,Forward,30.3,29.5,40.42553191489361,6.1,79,5,16.5,12.4
204456,T.J. McConnell,IND,2022-23,january,Role Player,Role,Guard,17.8,42.6,8.333333333333332,5.9,73,15,25.2,12.4
1629655,Daniel Gafford,WAS,2022-23,january,Finisher,Finisher,Big,15.6,9.6,0.0,,82,11,24.3,12.3
1630183,Jaden McDaniels,MIN,2022-23,january,3&D Wing,Wing,Forward,15.5,10.9,41.75824175824176,2.3,81,16,31.3,12.1
1630530,Trey Murphy III,NOP,2022-23,january,Finisher,Finisher,Forward,15.0,5.4,53.06122448979592,6.6,80,16,30.6,12.1
1629634,Brandon Clarke,MEM,2022-23,january,Role Player,Role,Forward,17.8,10.0,0.0,,80,9,20.5,12.0
1627736,Malik Beasley,LAL,2022-23,january,Stretch Shooter,Shooter,Guard,19.9,11.0,74.78260869565217,,76,13,27.6,12.0
1626145,Tyus Jones,MEM,2022-23,january,3&D Wing,Wing,Guard,18.0,26.5,48.51485148514852,,74,15,24.4,11.9
1628420,Monte Morris,WAS,2022-23,january,Role Player,Role,Guard,15.4,24.9,40.69767441860465,,74,11,27.4,11.7
1628971,Bruce Brown,DEN,2022-23,january,Finisher,Finisher,Guard,17.9,13.7,41.48936170212766,4.1,76,16,27.5,11.7
1629667,Jalen McDaniels,PHI,2022-23,january,Role Player,Role,Forward,18.2,7.3,39.80582524271844,,81,15,29.5,11.7
1628415,Dillon Brooks,MEM,2022-23,january,3&D Wing,Wing,Forward,20.0,9.8,38.235294117647065,9.3,78,14,30.6,11.6
1628960,Grayson Allen,MIL,2022-23,january,3&D Wing,Wing,Guard,14.9,14.0,65.4320987654321,2.8,76,15,27.4,11.5
201144,Mike Conley,MIN,2022-23,january,3&D Wing,Wing,Guard,14.8,32.5,57.954545454545446,,73,12,30.6,11.3
1630173,Precious Achiuwa,TOR,2022-23,january,Finisher,Finisher,Forward,18.9,4.7,23.809523809523807,,80,16,23.2,11.3
1630198,Isaiah Joe,OKC,2022-23,january,3&D Wing,Wing,Guard,16.5,6.6,80.51948051948052,,75,13,20.9,11.2
202694,Marcus Morris Sr.,LAC,2022-23,january,Role Player,Role,Forward,20.1,11.1,45.45454545454545,,80,11,25.6,11.2
1631095,Jabari Smith Jr.,HOU,2022-23,january,3&D Wing,Wing,Big,19.8,7.6,41.12149532710281,5.6,83,12,28.4,11.1
1628401,Derrick White,BOS,2022-23,january,3&D Wing,Wing,Guard,17.7,22.9,54.022988505747136,4.7,76,15,26.6,11.1
203484,Kentavious Caldwell-Pope,DEN,2022-23,january,3&D Wing,Wing,Guard,13.6,8.9,50.588235294117645,3.1,77,15,31.8,11.0
1630237,Anthony Lamb,GSW,2022-23,january,Role Player,Role,Forward,16.0,12.1,60.27397260273973,,78,12,22.2,10.9
1629622,Max Strus,MIA,2022-23,january,Role Player,Role,Guard,16.5,14.8,70.96774193548386,,77,15,28.5,10.9
1629656,Quentin Grimes,NYK,2022-23,january,3&D Wing,Wing,Guard,13.1,8.6,67.03296703296702,10.4,77,15,34.4,10.8
1630175,Cole Anthony,ORL,2022-23,january,Role Player,Role,Guard,19.2,22.3,34.883720930232556,6.9,75,14,24.9,10.8
1627751,Jakob Poeltl,TOR,2022-23,january,Finisher,Finisher,Big,18.0,16.2,0.0,,85,14,24.9,10.8
1629134,Kendrick Nunn,WAS,2022-23,january,Stretch Shooter,Shooter,Guard,21.7,8.2,50.53763440860215,,75,14,18.7,10.8
1628380,Zach Collins,SAS,2022-23,january,3&D Wing,Wing,Big,20.4,15.8,17.28395061728395,,83,15,20.6,10.7
1626192,Pat Connaughton,MIL,2022-23,january,Role Player,Role,Guard,13.3,7.2,77.52808988764045,,77,16,30.4,10.7
1629216,Gabe Vincent,MIA,2022-23,january,Movement Shooter,Shooter,Guard,18.1,13.2,63.2183908045977,,74,15,25.4,10.7
1627814,Damion Lee,PHX,2022-23,january,Role Player,Role,Guard,17.8,13.1,46.05263157894737,,77,15,23.4,10.6
1627827,Dorian Finney-Smith,BKN,2022-23,january,Role Player,Role,Forward,12.6,10.1,63.095238095238095,,79,7,34.2,10.6
1628978,Donte DiVincenzo,GSW,2022-23,january,Movement Shooter,Shooter,Guard,14.1,17.9,67.44186046511628,1.9,76,13,30.3,10.5
203500,Steven Adams,MEM,2022-23,january,Finisher,Finisher,Big,15.0,10.7,0.0,,83,10,28.6,10.5
203937,Kyle Anderson,MIN,2022-23,january,Shot Creator,Scorer,Forward,14.2,24.6,25.0,12.6,81,15,30.5,10.4
1630538,Bones Hyland,LAC,2022-23,january,Stretch Shooter,Shooter,Guard,26.3,19.4,57.954545454545446,10.9,74,15,17.0,10.3
1630631,Jose Alvarado,NOP,2022-23,january,3&D Wing,Wing,Guard,19.3,21.5,48.93617021276595,4.2,72,16,25.0,10.3
1627826,Ivica Zubac,LAC,2022-23,january,Post Scorer,Big,Big,14.7,4.8,1.4705882352941178,,84,16,27.7,10.3
1629013,Landry Shamet,PHX,2022-23,january,Stretch Shooter,Shooter,Guard,19.5,18.7,52.83018867924528,,76,5,30.8,10.2
1630557,Corey Kispert,WAS,2022-23,january,Movement Shooter,Shooter,Forward,14.0,6.1,70.58823529411765,,78,13,26.1,10.2
1630182,Josh Green,DAL,2022-23,january,3&D Wing,Wing,Forward,15.1,11.1,40.845070422535215,,79,7,29.7,10.1
1629021,Moritz Wagner,ORL,2022-23,january,Role Player,Role,Big,22.0,11.1,48.387096774193544,,83,12,16.2,10.1
1630191,Isaiah Stewart,DET,2022-23,january,Finisher,Finisher,Forward,18.0,7.5,33.333333333333336,,80,9,27.6,10.0
203935,Marcus Smart,BOS,2022-23,january,Stretch Shooter,Shooter,Guard,18.3,28.0,56.98924731182795,4.2,76,9,29.8,10.0
1631117,Walker Kessler,UTA,2022-23,january,Finisher,Finisher,Big,14.4,7.3,0.0,,84,13,23.9,10.0
1628370,Malik Monk,SAC,2022-23,january,Secondary Ball Handler,Secondary,Guard,24.0,29.4,45.65217391304349,8.4,75,14,19.9,9.9
1627752,Taurean Prince,MIN,2022-23,january,3&D Wing,Wing,Forward,15.2,9.6,50.68493150684932,,78,11,23.5,9.9
1630166,Deni Avdija,WAS,2022-23,january,Shot Creator,Scorer,Forward,16.0,10.2,32.05128205128205,14.0,81,13,26.7,9.8
1629611,Terance Mann,LAC,2022-23,january,3&D Wing,Wing,Guard,15.0,12.9,39.24050632911392,3.7,77,16,27.7,9.8
1629669,Jaylen Nowell,MIN,2022-23,january,Role Player,Role,Guard,22.5,14.2,37.804878048780495,,76,16,18.9,9.8
1629614,Andrew Nembhard,IND,2022-23,january,Role Player,Role,Guard,18.3,22.2,43.689320388349515,8.9,75,13,28.8,9.5
1626168,Trey Lyles,SAC,2022-23,january,Role Player,Role,Forward,17.5,7.4,52.63157894736842,,81,15,17.7,9.5
1630529,Herbert Jones,NOP,2022-23,january,3&D Wing,Wing,Forward,14.8,9.6,29.411764705882355,,79,12,27.2,9.5
1630613,Duane Washington Jr.,NYK,2022-23,january,Role Player,Role,Guard,31.1,30.8,39.80582524271844,,74,11,15.7,9.5
1630168,Onyeka Okongwu,ATL,2022-23,january,3&D Wing,Wing,Forward,12.2,6.0,0.0,1.6,81,14,29.0,9.4
1629020,Jarred Vanderbilt,LAL,2022-23,january,3&D Wing,Wing,Forward,17.0,16.6,16.923076923076923,,80,13,23.1,9.4
1626220,Royce O'Neale,BKN,2022-23,january,3&D Wing,Wing,Forward,14.5,13.0,71.26436781609196,,78,13,33.4,9.3
203926,Doug McDermott,SAS,2022-23,january,3&D Wing,Wing,Forward,17.6,6.2,48.648648648648646,,78,14,20.3,9.3
1630537,Chris Duarte,IND,2022-23,january,Role Player,Role,Guard,17.7,12.9,54.05405405405405,,77,15,20.9,9.3
203493,Reggie Bullock Jr.,DAL,2022-23,january,Role Player,Role,Forward,10.2,7.0,84.05797101449275,,78,15,32.3,9.3
202322,John Wall,LAC,2022-23,january,Role Player,Role,Guard,22.8,36.8,23.404255319148938,,75,5,22.8,9.2
1629641,Romeo Langford,SAS,2022-23,january,Role Player,Role,Guard,16.8,11.7,18.51851851851852,,77,11,21.7,9.2
1629001,De'Anthony Melton,PHI,2022-23,january,Role Player,Role,Guard,15.0,10.4,64.38356164383562,,74,14,26.5,9.0
1627777,Georges Niang,PHI,2022-23,january,Role Player,Role,Forward,15.2,9.2,81.9672131147541,,79,14,18.8,8.9
1629675,Naz Reid,MIN,2022-23,january,3&D Wing,Wing,Forward,22.8,7.3,40.57971014492753,3.8,81,14,16.4,8.9
1630174,Aaron Nesmith,IND,2022-23,january,Movement Shooter,Shooter,Guard,17.2,4.7,46.34146341463415,,77,13,25.4,8.9
203933,T.J. Warren,PHX,2022-23,january,Role Player,Role,Forward,20.9,6.6,24.35897435897436,,80,12,18.0,8.9
1629026,Kenrich Williams,OKC,2022-23,january,3&D Wing,Wing,Forward,13.6,13.2,47.14285714285714,,78,14,24.1,8.9
1629684,Grant Williams,BOS,2022-23,january,3&D Wing,Wing,Forward,14.8,8.2,50.0,,78,15,27.9,8.8
1629632,Coby White,CHI,2022-23,january,Role Player,Role,Guard,16.4,11.5,60.759493670886066,7.7,77,14,23.2,8.7
203914,Gary Harris,ORL,2022-23,january,3&D Wing,Wing,Guard,12.6,5.8,67.21311475409836,,76,14,23.8,8.7
1630527,Brandon Boston,LAC,2022-23,january,Role Player,Role,Forward,25.3,16.7,21.794871794871796,,78,6,15.6,8.7
201143,Al Horford,BOS,2022-23,january,3&D Wing,Wing,Forward,11.6,12.7,62.33766233766234,,81,13,31.0,8.6
1630245,Ayo Dosunmu,CHI,2022-23,january,3&D Wing,Wing,Guard,13.6,11.9,30.0,2.2,77,14,28.8,8.5
1631106,Tari Eason,HOU,2022-23,january,3&D Wing,Wing,Forward,17.2,10.6,21.62162162162162,5.0,80,14,20.4,8.4
1626195,Willy Hernangomez,NOP,2022-23,january,Rim Protector,Big,Big,18.0,10.4,1.8518518518518516,,83,8,16.0,8.4
1626149,Montrezl Harrell,PHI,2022-23,january,Role Player,Role,Forward,18.0,6.5,0.0,,79,14,16.2,8.3
202704,Reggie Jackson,DEN,2022-23,january,Role Player,Role,Guard,21.5,23.4,43.37349397590361,,74,13,19.3,8.2
1628997,Caleb Martin,MIA,2022-23,january,3&D Wing,Wing,Guard,14.3,5.6,46.15384615384615,,77,10,25.6,8.2
203967,Dario Šarić,OKC,2022-23,january,Role Player,Role,Big,18.2,17.8,37.50000000000001,,82,14,18.1,8.1
203925,Joe Harris,BKN,2022-23,january,Role Player,Role,Forward,13.2,8.3,71.1864406779661,,78,14,22.2,8.1
1629117,Wenyen Gabriel,LAL,2022-23,january,Role Player,Role,Forward,16.0,2.8,14.035087719298245,,81,14,18.1,8.1
1629642,Nassir Little,POR,2022-23,january,Role Player,Role,Guard,13.8,6.3,55.35714285714286,,77,8,18.9,8.1
1631100,AJ Griffin,ATL,2022-23,january,Role Player,Role,Forward,13.2,6.5,54.71698113207547,,78,15,18.8,8.1
1626224,Cedi Osman,CLE,2022-23,january,Role Player,Role,Forward,17.9,9.9,61.01694915254237,,79,16,17.1,8.0
201145,Jeff Green,DEN,2022-23,january,Role Player,Role,Forward,17.0,12.3,37.931034482758626,,80,6,20.2,8.0
1630533,Ziaire Williams,MEM,2022-23,january,3&D Wing,Wing,Forward,16.7,3.8,50.724637681159415,,81,14,20.0,8.0
1628404,Josh Hart,NYK,2022-23,january,3&D Wing,Wing,Guard,11.6,17.9,36.06557377049181,,76,14,30.4,7.9
1630583,Santi Aldama,MEM,2022-23,january,3&D Wing,Wing,Big,15.5,7.1,60.71428571428572,,84,14,18.2,7.9
1628966,Keita Bates-Diop,SAS,2022-23,january,Role Player,Role,Forward,15.5,7.4,35.93749999999999,,80,9,19.8,7.9
203082,Terrence Ross,PHX,2022-23,january,Role Player,Role,Forward,12.0,9.3,59.25925925925925,,79,9,20.5,7.9
1631103,Malaki Branham,SAS,2022-23,january,Role Player,Role,Guard,17.7,12.8,43.0379746835443,,76,15,21.7,7.8
1628972,Troy Brown Jr.,LAL,2022-23,january,Role Player,Role,Forward,11.1,8.2,69.01408450704226,,79,13,28.8,7.8
1630171,Isaac Okoro,CLE,2022-23,january,3&D Wing,Wing,Guard,12.6,8.2,49.05660377358491,,77,16,23.5,7.8
203939,Dwight Powell,DAL,2022-23,january,Finisher,Finisher,Big,12.5,5.9,2.439024390243903,,82,15,22.4,7.7
200768,Kyle Lowry,MIA,2022-23,january,Role Player,Role,Guard,14.3,19.6,65.75342465753424,,72,11,27.7,7.7
1629003,Shake Milton,PHI,2022-23,january,Role Player,Role,Guard,16.9,22.8,26.5625,,77,14,19.1,7.7
1631101,Shaedon Sharpe,POR,2022-23,january,Shot Creator,Scorer,Guard,15.7,4.4,46.03174603174603,12.3,77,15,20.8,7.7
1629057,Robert Williams III,BOS,2022-23,january,Finisher,Finisher,Forward,9.9,10.7,0.0,,81,11,25.4,7.6
1626172,Kevon Looney,GSW,2022-23,january,Finisher,Finisher,Forward,10.5,11.6,0.0,,81,13,24.6,7.6
204060,Joe Ingles,MIL,2022-23,january,Role Player,Role,Forward,11.6,19.5,76.36363636363637,,81,13,23.6,7.5
1628449,Chris Boucher,TOR,2022-23,january,Role Player,Role,Forward,15.8,3.8,36.36363636363637,,81,15,16.8,7.5
203110,Draymond Green,GSW,2022-23,january,3&D Wing,Wing,Forward,10.8,28.9,35.294117647058826,,78,12,33.5,7.5
1630256,Jae'Sean Tate,HOU,2022-23,january,Role Player,Role,Guard,17.3,19.7,21.21212121212121,,77,10,20.1,7.5
1626153,Delon Wright,WAS,2022-23,january,Role Player,Role,Guard,13.1,20.8,43.859649122807014,,77,13,22.3,7.5
1629111,Jock Landale,PHX,2022-23,january,Post Scorer,Big,Big,18.8,11.4,31.57894736842105,,83,12,15.6,7.3
1630543,Isaiah Jackson,IND,2022-23,january,Finisher,Finisher,Forward,17.4,6.2,5.454545454545454,,81,10,15.6,7.2
1628470,Torrey Craig,PHX,2022-23,january,Role Player,Role,Forward,13.4,7.8,42.028985507246375,,79,15,26.9,7.2
1629626,Bol Bol,ORL,2022-23,january,Role Player,Role,Big,19.8,6.2,15.789473684210526,,86,9,17.5,7.1
203482,Kelly Olynyk,UTA,2022-23,january,Rim Protector,Big,Big,14.6,17.9,54.545454545454554,,83,5,24.8,7.0
1628995,Kevin Knox II,POR,2022-23,january,Role Player,Role,Forward,15.3,2.2,58.69565217391305,,79,9,16.4,7.0
201988,Patty Mills,BKN,2022-23,january,Role Player,Role,Guard,17.8,12.8,67.74193548387098,,72,6,16.3,7.0
1630240,Saben Lee,PHX,2022-23,january,Role Player,Role,Guard,16.1,30.0,27.27272727272727,,74,10,17.3,7.0
1631109,Mark Williams,CHA,2022-23,january,Finisher,Finisher,Big,16.4,1.7,0.0,,84,14,15.3,6.9
201976,Patrick Beverley,CHI,2022-23,january,Role Player,Role,Guard,11.5,10.1,70.0,,74,13,26.9,6.9
1628975,Jevon Carter,MIL,2022-23,january,3&D Wing,Wing,Guard,15.4,13.4,70.0,,73,16,18.1,6.9
1629660,Ty Jerome,GSW,2022-23,january,Role Player,Role,Guard,14.4,21.7,32.72727272727273,,77,8,18.0,6.8
1629006,Josh Okogie,PHX,2022-23,january,3&D Wing,Wing,Guard,19.8,11.9,40.38461538461539,,76,13,15.8,6.6
1630192,Zeke Nnaji,DEN,2022-23,january,Finisher,Finisher,Forward,14.1,3.6,36.36363636363637,,81,16,16.6,6.6
1630598,Aaron Wiggins,OKC,2022-23,january,3&D Wing,Wing,Guard,13.5,12.7,37.77777777777778,6.3,77,12,17.3,6.5
1627936,Alex Caruso,CHI,2022-23,january,3&D Wing,Wing,Guard,12.3,14.3,39.62264150943396,,77,12,23.6,6.5
203496,Robert Covington,LAC,2022-23,january,Role Player,Role,Forward,14.0,11.4,55.99999999999999,,79,12,18.3,6.5
1628372,Dennis Smith Jr.,CHA,2022-23,january,Role Player,Role,Guard,17.1,23.3,23.28767123287671,,74,15,22.7,6.3
1631119,Jaylin Williams,OKC,2022-23,january,3&D Wing,Wing,Forward,16.8,13.1,27.450980392156865,,81,9,15.8,6.3
1626204,Larry Nance Jr.,NOP,2022-23,january,3&D Wing,Wing,Forward,11.5,13.1,12.76595744680851,,80,13,22.1,6.3
1628379,Luke Kennard,MEM,2022-23,january,Movement Shooter,Shooter,Guard,17.5,6.0,49.15254237288135,,77,7,18.2,6.3
1630214,Xavier Tillman,MEM,2022-23,january,Role Player,Role,Forward,12.9,10.6,6.382978723404255,,79,12,17.6,6.3
1627884,Derrick Jones Jr.,CHI,2022-23,january,3&D Wing,Wing,Forward,12.2,6.4,26.190476190476193,,78,14,18.5,6.2
1629011,Mitchell Robinson,NYK,2022-23,january,Finisher,Finisher,Big,9.1,4.2,0.0,,84,9,29.6,6.1
1631223,David Roddy,MEM,2022-23,january,Role Player,Role,Guard,16.1,5.0,39.21568627450981,,76,10,15.7,6.1
1629637,Jaxson Hayes,NOP,2022-23,january,Finisher,Finisher,Big,15.1,8.2,13.953488372093023,,84,13,16.1,6.1
1630202,Payton Pritchard,BOS,2022-23,january,Shot Creator,Scorer,Guard,17.9,8.9,60.3448275862069,12.8,73,13,16.4,6.0
201587,Nicolas Batum,LAC,2022-23,january,3&D Wing,Wing,Forward,11.5,9.3,84.90566037735849,,80,14,24.1,5.9
201567,Kevin Love,MIA,2022-23,january,3&D Wing,Wing,Forward,17.2,9.7,63.49206349206349,,80,12,19.3,5.9
1630587,Isaiah Livers,DET,2022-23,january,3&D Wing,Wing,Forward,9.2,4.7,73.46938775510203,,78,8,24.9,5.9
1628998,Cody Martin,CHA,2022-23,january,Role Player,Role,Forward,12.2,11.1,38.33333333333333,,78,6,22.1,5.8
203085,Austin Rivers,MIN,2022-23,january,Role Player,Role,Guard,9.5,10.8,60.416666666666664,,76,14,24.2,5.8
1627732,Ben Simmons,BKN,2022-23,january,Playmaking Big,Big,Big,13.9,34.0,0.0,,82,11,27.8,5.7
203488,Mike Muscala,BOS,2022-23,january,Rim Protector,Big,Big,13.2,5.5,71.11111111111111,,83,13,15.8,5.7
1630591,Jalen Suggs,ORL,2022-23,january,Role Player,Role,Guard,16.0,17.4,57.777777777777786,6.6,77,13,16.0,5.5
1629731,Dean Wade,CLE,2022-23,january,3&D Wing,Wing,Forward,12.6,7.9,80.0,,81,6,18.6,5.5
1630544,Tre Mann,OKC,2022-23,january,3&D Wing,Wing,Guard,17.0,13.4,50.98039215686275,8.5,75,14,15.1,5.5
1630534,Ochai Agbaji,UTA,2022-23,january,3&D Wing,Wing,Guard,9.9,5.4,59.45945945945946,,77,13,18.9,5.5
1630699,MarJon Beauchamp,MIL,2022-23,january,Role Player,Role,Forward,17.0,11.0,58.92857142857143,,79,10,15.6,5.4
1629312,Haywood Highsmith,MIA,2022-23,january,Role Player,Role,Guard,13.1,3.6,57.777777777777786,,77,10,18.0,5.2
1628984,Devonte' Graham,SAS,2022-23,january,Role Player,Role,Guard,14.5,22.7,81.81818181818181,,73,16,15.7,5.2
1629234,Drew Eubanks,POR,2022-23,january,Finisher,Finisher,Big,9.9,7.3,6.451612903225806,,82,15,19.9,5.1
1629052,Oshae Brissett,IND,2022-23,january,Role Player,Role,Forward,13.0,5.0,46.29629629629629,,79,13,18.3,5.0
1629139,Yuta Watanabe,BKN,2022-23,january,Role Player,Role,Forward,12.1,5.0,52.77777777777778,,80,14,16.2,5.0
1630558,Davion Mitchell,SAC,2022-23,january,Shot Creator,Scorer,Guard,12.8,10.5,50.0,28.6,72,15,15.2,4.9
1631108,Max Christie,LAL,2022-23,january,3&D Wing,Wing,Guard,9.5,4.4,55.88235294117647,5.7,77,14,17.2,4.8
201937,Ricky Rubio,CLE,2022-23,january,Stretch Shooter,Shooter,Guard,18.2,33.3,58.490566037735846,,74,9,15.3,4.8
202687,Bismack Biyombo,PHX,2022-23,january,Role Player,Role,Forward,14.3,9.8,0.0,,80,12,15.7,4.6
1628427,Vlatko Čančar,DEN,2022-23,january,Role Player,Role,Forward,11.5,11.1,43.58974358974359,,80,12,18.0,4.5
1628392,Isaiah Hartenstein,NYK,2022-23,january,Finisher,Finisher,Big,11.0,7.3,5.555555555555556,,84,15,17.2,4.4
1630700,Dyson Daniels,NOP,2022-23,january,Finisher,Finisher,Forward,11.6,18.4,37.2093023255814,5.6,79,12,21.1,4.1
1630579,Jericho Sims,NYK,2022-23,january,Finisher,Finisher,Big,6.1,4.8,0.0,,82,10,21.9,4.0
1627780,Gary Payton II,GSW,2022-23,january,Finisher,Finisher,Guard,9.4,15.3,40.0,,74,11,15.9,3.7
1629723,John Konchar,MEM,2022-23,january,3&D Wing,Wing,Guard,10.3,8.0,44.11764705882353,,77,10,15.1,2.7
1630227,Daishen Nix,HOU,2022-23,january,Role Player,Role,Guard,11.4,13.6,68.18181818181817,,76,6,15.7,2.7
200782,P.J. Tucker,PHI,2022-23,january,Role Player,Role,Guard,5.9,4.5,60.0,,77,13,22.2,2.5
203081,Damian Lillard,POR,2022-23,february,Primary Initiator,Primary,Guard,35.0,34.0,52.58620689655172,,74,10,37.4,38.5
1628368,De'Aaron Fox,SAC,2022-23,february,Primary Initiator,Primary,Guard,31.8,30.1,23.0,10.1,75,9,36.8,32.0
1629029,Luka Dončić,DAL,2022-23,february,Primary Initiator,Primary,Forward,35.3,35.4,37.37864077669903,16.0,79,7,34.2,31.6
1628983,Shai Gilgeous-Alexander,OKC,2022-23,february,Primary Initiator,Primary,Forward,32.7,25.0,9.090909090909092,26.3,78,8,34.9,31.5
203954,Joel Embiid,PHI,2022-23,february,Shot Creator,Scorer,Big,33.6,20.8,12.29946524064171,12.3,84,11,35.9,30.8
203507,Giannis Antetokounmpo,MIL,2022-23,february,Playmaking Big,Big,Big,40.5,37.6,12.935323383084576,10.9,84,9,28.0,29.0
1627742,Brandon Ingram,NOP,2022-23,february,Primary Initiator,Primary,Forward,34.1,23.3,18.51851851851852,13.8,80,9,34.8,28.3
1628973,Jalen Brunson,NYK,2022-23,february,Shot Creator,Scorer,Guard,25.9,25.2,31.034482758620697,14.4,74,10,37.8,27.3
1628374,Lauri Markkanen,UTA,2022-23,february,Finisher,Finisher,Big,28.0,9.6,44.84536082474227,4.0,84,10,34.9,27.2
1629630,Ja Morant,MEM,2022-23,february,Primary Initiator,Primary,Guard,36.2,40.1,23.671497584541065,14.1,74,9,32.4,27.1
203944,Julius Randle,NYK,2022-23,february,Shot Creator,Scorer,Forward,30.6,20.3,46.96969696969697,15.8,80,11,35.5,27.1
202695,Kawhi Leonard,LAC,2022-23,february,Shot Creator,Scorer,Forward,26.5,17.1,27.083333333333336,16.5,79,9,37.9,27.0
203078,Bradley Beal,WAS,2022-23,february,Primary Initiator,Primary,Guard,32.2,29.1,28.155339805825243,,76,9,33.9,26.8
204001,Kristaps Porziņģis,WAS,2022-23,february,Post Scorer,Big,Big,26.8,13.8,39.726027397260275,,87,9,32.7,26.7
1629027,Trae Young,ATL,2022-23,february,Primary Initiator,Primary,Guard,31.8,46.7,33.333333333333336,12.0,73,10,33.4,26.6
1627783,Pascal Siakam,TOR,2022-23,february,Shot Creator,Scorer,Forward,27.7,22.1,20.81218274111675,13.3,80,11,36.6,26.3
1628378,Donovan Mitchell,CLE,2022-23,february,Primary Initiator,Primary,Guard,30.1,18.9,47.42268041237113,11.4,73,10,33.4,25.5
1628369,Jayson Tatum,BOS,2022-23,february,Primary Initiator,Primary,Forward,30.7,26.1,47.938144329896915,,80,10,36.8,25.5
203897,Zach LaVine,CHI,2022-23,february,Secondary Ball Handler,Secondary,Guard,27.6,14.8,35.92814371257485,9.3,77,12,36.2,25.5
202691,Klay Thompson,GSW,2022-23,february,Movement Shooter,Shooter,Forward,28.0,11.4,61.139896373057,,78,11,33.8,25.5
1627750,Jamal Murray,DEN,2022-23,february,Primary Initiator,Primary,Guard,29.6,31.1,52.02020202020202,14.6,76,6,32.9,25.2
2544,LeBron James,LAL,2022-23,february,Shot Creator,Scorer,Forward,31.1,26.2,29.44162436548223,12.8,81,6,33.2,25.2
202331,Paul George,LAC,2022-23,february,Primary Initiator,Primary,Forward,28.5,20.0,43.258426966292134,18.4,80,10,35.7,24.2
202681,Kyrie Irving,DAL,2022-23,february,Role Player,Role,Guard,27.0,26.9,40.98360655737705,,74,8,36.1,24.1
1630163,LaMelo Ball,CHA,2022-23,february,Shot Creator,Scorer,Forward,27.8,34.9,52.0408163265306,12.2,79,11,36.6,23.6
1628969,Mikal Bridges,BKN,2022-23,february,3&D Wing,Wing,Forward,26.3,17.3,33.132530120481924,2.3,78,10,34.0,23.6
1628969,Mikal Bridges,BKN,2022-23,february,3&D Wing,Wing,Forward,26.3,17.3,33.132530120481924,2.3,78,10,34.0,23.6
1630560,Cam Thomas,BKN,2022-23,february,Shot Creator,Scorer,Guard,32.2,17.9,32.27848101265822,16.4,75,11,27.8,23.5
1630162,Anthony Edwards,MIN,2022-23,february,Primary Initiator,Primary,Guard,30.1,19.1,31.70731707317073,23.4,76,11,35.4,23.5
1626164,Devin Booker,PHX,2022-23,february,Primary Initiator,Primary,Guard,31.8,31.1,31.35135135135135,14.0,77,6,31.7,23.3
203076,Anthony Davis,LAL,2022-23,february,Post Scorer,Big,Big,28.1,10.6,9.392265193370166,11.5,82,10,33.3,23.1
1629028,Deandre Ayton,PHX,2022-23,february,Finisher,Finisher,Big,23.2,7.0,0.0,,84,10,32.1,22.8
203999,Nikola Jokić,DEN,2022-23,february,Playmaking Big,Big,Big,25.2,39.3,6.569343065693431,5.3,83,11,33.3,22.6
1627759,Jaylen Brown,BOS,2022-23,february,Shot Creator,Scorer,Forward,30.2,14.7,40.659340659340664,20.6,78,5,33.6,22.6
201935,James Harden,PHI,2022-23,february,Shot Creator,Scorer,Guard,25.8,45.8,50.3448275862069,42.5,77,11,36.6,22.5
1629636,Darius Garland,CLE,2022-23,february,Secondary Ball Handler,Secondary,Guard,25.2,28.4,37.93103448275862,6.7,73,10,33.1,22.5
1629639,Tyler Herro,MIA,2022-23,february,Shot Creator,Scorer,Guard,25.7,19.9,44.559585492227974,13.3,77,8,38.3,21.6
202710,Jimmy Butler III,MIA,2022-23,february,Shot Creator,Scorer,Forward,26.5,30.4,5.673758865248227,17.7,79,10,31.6,21.6
1630224,Jalen Green,HOU,2022-23,february,Primary Initiator,Primary,Guard,32.0,21.1,45.97701149425288,,76,7,27.5,21.6
1629640,Keldon Johnson,SAS,2022-23,february,3&D Wing,Wing,Guard,25.3,17.9,23.899371069182383,3.9,77,10,33.6,21.5
1626167,Myles Turner,IND,2022-23,february,3&D Wing,Wing,Big,25.3,6.5,36.36363636363637,,83,10,30.0,21.4
202711,Bojan Bogdanovic,DET,2022-23,february,Role Player,Role,Forward,25.4,11.2,36.60130718954248,,79,9,33.9,21.2
201950,Jrue Holiday,MIL,2022-23,february,Secondary Ball Handler,Secondary,Guard,23.7,29.3,45.625,10.1,77,10,33.5,21.0
203903,Jordan Clarkson,UTA,2022-23,february,3&D Wing,Wing,Guard,29.3,21.5,41.98895027624309,5.2,77,9,33.1,20.8
1628389,Bam Adebayo,MIA,2022-23,february,3&D Wing,Wing,Forward,24.6,19.6,1.3698630136986305,8.0,81,10,34.8,20.7
1629673,Jordan Poole,GSW,2022-23,february,Secondary Ball Handler,Secondary,Guard,28.0,26.8,48.795180722891565,7.9,76,12,31.3,20.7
1627832,Fred VanVleet,TOR,2022-23,february,Stretch Shooter,Shooter,Guard,24.1,29.0,52.77777777777778,,72,8,36.6,20.3
1626179,Terry Rozier,CHA,2022-23,february,Role Player,Role,Guard,23.8,14.9,47.36842105263157,,73,10,35.1,20.2
1629014,Anfernee Simons,POR,2022-23,february,Shot Creator,Scorer,Guard,24.2,24.0,46.540880503144656,18.2,75,8,33.6,20.0
1627734,Domantas Sabonis,SAC,2022-23,february,Playmaking Big,Big,Big,21.7,26.1,9.836065573770492,,85,12,34.5,19.8
1630217,Desmond Bane,MEM,2022-23,february,Secondary Ball Handler,Secondary,Guard,23.8,18.0,44.73684210526316,7.0,77,10,31.0,19.8
1628401,Derrick White,BOS,2022-23,february,Secondary Ball Handler,Secondary,Guard,22.7,24.4,46.89655172413793,4.7,76,11,33.7,19.7
1630169,Tyrese Haliburton,IND,2022-23,february,Role Player,Role,Guard,23.0,40.4,43.97163120567376,,77,11,34.2,19.6
203468,CJ McCollum,NOP,2022-23,february,Secondary Ball Handler,Secondary,Guard,25.1,27.4,38.65030674846626,8.8,75,9,34.0,19.4
1629008,Michael Porter Jr.,DEN,2022-23,february,Movement Shooter,Shooter,Big,23.4,3.6,61.111111111111114,6.9,82,12,30.0,19.4
1626181,Norman Powell,LAC,2022-23,february,3&D Wing,Wing,Guard,25.7,12.6,42.33576642335766,10.9,76,9,28.2,19.3
1627749,Dejounte Murray,ATL,2022-23,february,Role Player,Role,Guard,22.5,23.0,34.93975903614457,,77,11,35.3,19.3
1630596,Evan Mobley,CLE,2022-23,february,Finisher,Finisher,Big,23.3,10.4,13.79310344827586,4.7,83,11,33.7,19.2
201942,DeMar DeRozan,CHI,2022-23,february,Shot Creator,Scorer,Forward,23.8,22.8,13.6986301369863,19.9,78,9,35.7,18.8
202696,Nikola Vučević,CHI,2022-23,february,Post Scorer,Big,Big,24.8,17.0,30.18867924528302,,82,12,33.1,18.8
203932,Aaron Gordon,DEN,2022-23,february,Shot Creator,Scorer,Forward,21.1,21.5,25.86206896551724,16.0,80,5,28.7,18.6
1628386,Jarrett Allen,CLE,2022-23,february,Finisher,Finisher,Forward,18.1,7.3,0.9090909090909092,,81,11,33.4,18.4
203915,Spencer Dinwiddie,BKN,2022-23,february,Role Player,Role,Guard,24.5,26.7,44.680851063829785,,77,9,34.1,18.3
1628398,Kyle Kuzma,WAS,2022-23,february,3&D Wing,Wing,Forward,28.6,13.9,44.6927374301676,5.1,81,7,33.5,17.7
1626156,D'Angelo Russell,LAL,2022-23,february,Stretch Shooter,Shooter,Guard,24.6,28.5,57.8125,8.7,76,8,27.6,17.5
1628991,Jaren Jackson Jr.,MEM,2022-23,february,3&D Wing,Wing,Big,23.3,3.2,36.76470588235294,11.1,82,9,29.2,17.4
1628370,Malik Monk,SAC,2022-23,february,Secondary Ball Handler,Secondary,Guard,25.1,18.9,41.81818181818181,8.4,75,10,24.8,17.4
1629018,Gary Trent Jr.,TOR,2022-23,february,3&D Wing,Wing,Guard,20.5,8.3,47.133757961783445,,77,9,34.9,17.3
203924,Jerami Grant,POR,2022-23,february,3&D Wing,Wing,Forward,20.8,8.2,39.02439024390244,10.7,80,8,34.8,17.0
1631103,Malaki Branham,SAS,2022-23,february,Role Player,Role,Guard,20.8,12.9,38.235294117647065,,76,11,31.6,16.8
1629628,RJ Barrett,NYK,2022-23,february,Secondary Ball Handler,Secondary,Forward,26.1,13.8,34.86842105263158,2.7,78,10,32.2,16.8
201566,Russell Westbrook,LAC,2022-23,february,Shot Creator,Scorer,Guard,26.7,37.6,30.075187969924812,13.4,75,6,29.3,16.7
1631094,Paolo Banchero,ORL,2022-23,february,Shot Creator,Scorer,Big,25.8,15.2,19.35483870967742,14.7,82,11,33.7,16.6
1627741,Buddy Hield,IND,2022-23,february,Movement Shooter,Shooter,Guard,19.6,11.3,71.90082644628099,,76,11,31.7,16.5
203114,Khris Middleton,MIL,2022-23,february,Secondary Ball Handler,Secondary,Forward,29.2,31.0,34.32835820895522,6.1,79,8,22.1,16.5
1630178,Tyrese Maxey,PHI,2022-23,february,Shot Creator,Scorer,Guard,23.6,15.1,35.07462686567165,14.5,74,11,29.4,16.5
1631093,Jaden Ivey,DET,2022-23,february,3&D Wing,Wing,Guard,23.7,31.5,39.34426229508197,5.6,76,9,30.5,16.4
1629023,P.J. Washington,CHA,2022-23,february,3&D Wing,Wing,Forward,19.2,8.3,45.07042253521127,4.1,79,9,35.1,16.4
202330,Gordon Hayward,CHA,2022-23,february,Role Player,Role,Forward,20.4,15.7,21.1864406779661,,79,11,31.3,16.4
201572,Brook Lopez,MIL,2022-23,february,3&D Wing,Wing,Big,18.4,3.9,37.50000000000001,,85,10,30.2,16.2
1627763,Malcolm Brogdon,BOS,2022-23,february,Role Player,Role,Guard,22.2,21.3,40.54054054054054,,76,10,27.5,16.2
1628365,Markelle Fultz,ORL,2022-23,february,Role Player,Role,Guard,21.1,24.2,11.811023622047244,,76,11,32.5,16.2
1629006,Josh Okogie,PHX,2022-23,february,3&D Wing,Wing,Guard,17.9,7.1,50.90909090909091,,76,7,32.6,16.1
203501,Tim Hardaway Jr.,DAL,2022-23,february,Movement Shooter,Shooter,Guard,20.5,10.5,65.64885496183206,2.2,77,9,31.5,15.9
203952,Andrew Wiggins,GSW,2022-23,february,3&D Wing,Wing,Forward,20.4,10.9,28.776978417266186,10.9,79,7,33.4,15.9
1630581,Josh Giddey,OKC,2022-23,february,Secondary Ball Handler,Secondary,Forward,24.0,29.3,17.24137931034483,5.0,80,11,29.9,15.6
1629661,Cameron Johnson,BKN,2022-23,february,Stretch Shooter,Shooter,Forward,22.1,8.8,53.448275862068975,,80,9,26.9,15.6
1629631,De'Andre Hunter,ATL,2022-23,february,3&D Wing,Wing,Forward,18.8,7.3,34.78260869565217,7.5,80,11,30.6,15.5
1631114,Jalen Williams,OKC,2022-23,february,Shot Creator,Scorer,Guard,17.9,16.2,26.126126126126124,14.8,77,11,31.7,14.9
1630231,KJ Martin,HOU,2022-23,february,Role Player,Role,Forward,15.8,10.4,23.711340206185564,,79,11,32.5,14.7
1628976,Wendell Carter Jr.,ORL,2022-23,february,3&D Wing,Wing,Big,21.6,11.7,38.31775700934579,,82,10,29.0,14.6
1627751,Jakob Poeltl,TOR,2022-23,february,Finisher,Finisher,Big,18.9,16.1,1.0526315789473684,,85,11,27.3,14.5
1630567,Scottie Barnes,TOR,2022-23,february,Finisher,Finisher,Forward,18.8,15.5,30.37037037037037,7.9,80,11,37.2,14.5
1630532,Franz Wagner,ORL,2022-23,february,Finisher,Finisher,Big,18.9,14.5,40.0,7.6,82,11,33.6,14.0
1629012,Collin Sexton,UTA,2022-23,february,Secondary Ball Handler,Secondary,Guard,21.0,21.1,26.96629213483146,5.2,74,8,24.6,13.9
203084,Harrison Barnes,SAC,2022-23,february,3&D Wing,Wing,Forward,15.5,6.6,40.42553191489361,8.0,80,12,32.7,13.8
203497,Rudy Gobert,MIN,2022-23,february,Finisher,Finisher,Big,17.3,4.0,0.0,,85,8,27.1,13.8
1629652,Luguentz Dort,OKC,2022-23,february,3&D Wing,Wing,Guard,21.3,8.9,44.166666666666664,,76,7,27.6,13.7
1626174,Christian Wood,DAL,2022-23,february,Role Player,Role,Forward,28.9,17.2,41.34615384615385,,81,9,19.0,13.7
1630193,Immanuel Quickley,NYK,2022-23,february,3&D Wing,Wing,Guard,18.0,12.5,55.33980582524271,6.1,74,11,28.7,13.6
1630182,Josh Green,DAL,2022-23,february,3&D Wing,Wing,Forward,16.7,10.5,43.87755102040816,,79,11,31.2,13.6
1630530,Trey Murphy III,NOP,2022-23,february,Finisher,Finisher,Forward,17.2,6.0,59.79381443298969,6.6,80,10,28.6,13.4
1631097,Bennedict Mathurin,IND,2022-23,february,Secondary Ball Handler,Secondary,Guard,21.1,8.5,30.188679245283023,9.0,77,11,26.6,13.4
1628978,Donte DiVincenzo,GSW,2022-23,february,Movement Shooter,Shooter,Guard,16.2,16.1,76.13636363636364,1.9,76,12,28.3,13.3
1629659,Talen Horton-Tucker,UTA,2022-23,february,Role Player,Role,Guard,23.8,30.6,27.192982456140353,,76,8,27.2,13.3
1630180,Saddiq Bey,ATL,2022-23,february,3&D Wing,Wing,Forward,17.4,7.6,58.333333333333336,6.5,79,9,27.1,13.2
203471,Dennis Schröder,LAL,2022-23,february,Shot Creator,Scorer,Guard,16.6,27.2,32.25806451612903,14.8,73,10,31.3,13.1
1628404,Josh Hart,NYK,2022-23,february,3&D Wing,Wing,Guard,16.0,13.1,40.229885057471265,,76,10,28.8,13.1
1629675,Naz Reid,MIN,2022-23,february,3&D Wing,Wing,Forward,26.5,14.3,44.117647058823536,3.8,81,11,20.0,13.1
203992,Bogdan Bogdanović,ATL,2022-23,february,Role Player,Role,Guard,17.7,13.6,59.13978494623655,,77,11,26.0,12.9
1630198,Isaiah Joe,OKC,2022-23,february,3&D Wing,Wing,Guard,17.1,9.0,78.57142857142856,,75,11,22.7,12.9
202685,Jonas Valančiūnas,NOP,2022-23,february,Post Scorer,Big,Big,19.1,12.3,4.49438202247191,,83,9,26.2,12.8
1629611,Terance Mann,LAC,2022-23,february,3&D Wing,Wing,Guard,15.3,15.0,37.662337662337656,3.7,77,10,26.9,12.6
1629629,Cam Reddish,POR,2022-23,february,Stretch Shooter,Shooter,Forward,18.8,12.8,63.91752577319589,,79,6,27.4,12.5
1628984,Devonte' Graham,SAS,2022-23,february,Stretch Shooter,Shooter,Guard,19.1,23.3,70.37037037037037,,73,8,26.0,12.5
1628989,Kevin Huerter,SAC,2022-23,february,Stretch Shooter,Shooter,Forward,19.6,13.8,58.252427184466015,,79,12,27.3,12.4
1630578,Alperen Sengun,HOU,2022-23,february,Shot Creator,Scorer,Big,20.7,24.0,7.6923076923076925,14.9,83,11,28.7,12.3
203482,Kelly Olynyk,UTA,2022-23,february,Rim Protector,Big,Big,17.5,14.8,44.705882352941174,,83,11,28.3,12.2
1631095,Jabari Smith Jr.,HOU,2022-23,february,3&D Wing,Wing,Big,17.5,8.4,40.0,5.6,83,11,32.9,12.1
1630183,Jaden McDaniels,MIN,2022-23,february,3&D Wing,Wing,Forward,15.2,10.0,39.53488372093023,2.3,81,11,29.4,12.0
1628380,Zach Collins,SAS,2022-23,february,Playmaking Big,Big,Big,22.1,21.3,27.18446601941747,,83,11,24.5,12.0
101108,Chris Paul,PHX,2022-23,february,Role Player,Role,Guard,19.9,38.2,26.666666666666668,,72,10,33.3,11.9
1626196,Josh Richardson,NOP,2022-23,february,Role Player,Role,Forward,18.4,16.4,48.51485148514852,,78,9,28.8,11.9
1627736,Malik Beasley,LAL,2022-23,february,Stretch Shooter,Shooter,Guard,21.7,9.8,73.50427350427351,,76,9,24.4,11.9
1628977,Hamidou Diallo,DET,2022-23,february,Role Player,Role,Guard,23.3,7.2,1.149425287356322,,77,10,19.6,11.8
201569,Eric Gordon,LAC,2022-23,february,3&D Wing,Wing,Guard,17.0,19.8,43.58974358974359,,75,9,25.7,11.8
1630174,Aaron Nesmith,IND,2022-23,february,Movement Shooter,Shooter,Guard,16.3,7.2,55.68181818181818,,77,11,28.4,11.7
203484,Kentavious Caldwell-Pope,DEN,2022-23,february,3&D Wing,Wing,Guard,14.0,11.7,44.87179487179488,3.1,77,11,30.5,11.7
1629622,Max Strus,MIA,2022-23,february,Role Player,Role,Guard,17.0,12.6,75.51020408163265,,77,10,29.3,11.6
1630191,Isaiah Stewart,DET,2022-23,february,Finisher,Finisher,Forward,17.3,11.5,52.083333333333336,,80,9,29.3,11.6
1631110,Jeremy Sochan,SAS,2022-23,february,3&D Wing,Wing,Forward,23.2,17.5,21.1864406779661,,80,6,24.5,11.5
1628381,John Collins,ATL,2022-23,february,3&D Wing,Wing,Forward,16.0,3.6,33.70786516853933,,81,9,27.7,11.4
203991,Clint Capela,ATL,2022-23,february,Finisher,Finisher,Big,16.9,6.1,0.0,,82,11,25.7,11.4
1628971,Bruce Brown,DEN,2022-23,february,Finisher,Finisher,Guard,17.3,15.4,40.217391304347835,4.1,76,12,27.8,11.3
1629632,Coby White,CHI,2022-23,february,Role Player,Role,Guard,16.5,15.6,52.74725274725275,7.7,77,12,26.7,11.3
1630164,James Wiseman,DET,2022-23,february,Role Player,Role,Big,20.8,0.0,9.09090909090909,,84,6,19.3,11.2
201144,Mike Conley,MIN,2022-23,february,3&D Wing,Wing,Guard,15.2,28.7,56.09756097560976,,73,9,30.8,11.1
1629216,Gabe Vincent,MIA,2022-23,february,Movement Shooter,Shooter,Guard,16.4,10.1,71.42857142857142,,74,10,32.2,11.1
202699,Tobias Harris,PHI,2022-23,february,3&D Wing,Wing,Forward,14.4,9.3,42.5531914893617,4.2,79,11,33.3,11.1
1631099,Keegan Murray,SAC,2022-23,february,Movement Shooter,Shooter,Forward,14.4,7.9,64.8936170212766,4.2,80,12,30.3,11.0
1630175,Cole Anthony,ORL,2022-23,february,Secondary Ball Handler,Secondary,Guard,21.4,29.8,26.436781609195403,6.9,75,9,21.3,10.9
1628449,Chris Boucher,TOR,2022-23,february,Role Player,Role,Forward,17.1,2.5,38.666666666666664,,81,11,21.6,10.8
1631106,Tari Eason,HOU,2022-23,february,3&D Wing,Wing,Forward,20.8,7.9,20.454545454545453,5.0,80,11,21.7,10.7
1629669,Jaylen Nowell,MIN,2022-23,february,Role Player,Role,Guard,22.4,13.8,38.372093023255815,,76,9,17.8,10.7
1631117,Walker Kessler,UTA,2022-23,february,Finisher,Finisher,Big,12.0,4.9,1.4925373134328357,,84,11,29.1,10.6
1630559,Austin Reaves,LAL,2022-23,february,Shot Creator,Scorer,Guard,14.7,19.5,51.78571428571429,13.5,77,8,22.3,10.5
203488,Mike Muscala,BOS,2022-23,february,Role Player,Role,Big,17.7,6.4,76.31578947368422,,83,8,18.7,10.5
1630583,Santi Aldama,MEM,2022-23,february,Stretch Shooter,Shooter,Big,19.3,7.7,55.95238095238096,,84,10,22.3,10.5
1630166,Deni Avdija,WAS,2022-23,february,Shot Creator,Scorer,Forward,18.2,12.1,40.229885057471265,14.0,81,11,27.3,10.5
1627826,Ivica Zubac,LAC,2022-23,february,Post Scorer,Big,Big,13.1,5.2,0.0,,84,8,30.9,10.4
1628420,Monte Morris,WAS,2022-23,february,Role Player,Role,Guard,15.7,27.1,39.473684210526315,,74,8,26.8,10.4
1628372,Dennis Smith Jr.,CHA,2022-23,february,Role Player,Role,Guard,17.8,20.6,26.31578947368421,,74,11,25.3,10.4
1628966,Keita Bates-Diop,SAS,2022-23,february,Role Player,Role,Forward,14.7,11.4,22.619047619047617,,80,11,29.4,10.4
1631109,Mark Williams,CHA,2022-23,february,Finisher,Finisher,Big,16.0,3.1,0.0,,84,11,21.7,10.3
1630228,Jonathan Kuminga,GSW,2022-23,february,Shot Creator,Scorer,Forward,20.7,11.4,29.761904761904763,12.6,79,12,21.9,10.3
1629021,Moritz Wagner,ORL,2022-23,february,Role Player,Role,Big,20.3,11.9,42.64705882352941,,83,11,18.8,10.2
202692,Alec Burks,DET,2022-23,february,Stretch Shooter,Shooter,Forward,21.0,14.9,58.333333333333336,,78,10,21.4,10.1
1630591,Jalen Suggs,ORL,2022-23,february,Role Player,Role,Guard,18.9,15.4,42.35294117647059,6.6,77,10,23.8,10.1
1629651,Nic Claxton,BKN,2022-23,february,Shot Creator,Scorer,Big,14.4,11.3,0.0,14.1,83,10,29.2,10.1
1628960,Grayson Allen,MIL,2022-23,february,3&D Wing,Wing,Guard,13.5,6.0,74.02597402597402,2.8,76,10,28.5,9.9
1630168,Onyeka Okongwu,ATL,2022-23,february,3&D Wing,Wing,Forward,16.1,7.6,3.076923076923077,1.6,81,11,20.6,9.8
1628997,Caleb Martin,MIA,2022-23,february,3&D Wing,Wing,Guard,16.7,7.9,44.57831325301205,,77,10,27.6,9.8
201145,Jeff Green,DEN,2022-23,february,Role Player,Role,Forward,23.0,8.2,32.558139534883715,,80,9,19.2,9.8
1630173,Precious Achiuwa,TOR,2022-23,february,Finisher,Finisher,Forward,16.8,5.2,20.253164556962027,,80,11,25.5,9.7
203110,Draymond Green,GSW,2022-23,february,3&D Wing,Wing,Forward,14.6,26.8,24.657534246575345,,78,9,31.4,9.7
201143,Al Horford,BOS,2022-23,february,3&D Wing,Wing,Forward,12.0,11.5,73.97260273972603,,81,8,30.0,9.6
1629026,Kenrich Williams,OKC,2022-23,february,3&D Wing,Wing,Forward,15.9,13.1,36.585365853658544,,78,11,24.6,9.5
1629655,Daniel Gafford,WAS,2022-23,february,Finisher,Finisher,Big,12.5,8.8,0.0,,82,11,25.2,9.5
1630256,Jae'Sean Tate,HOU,2022-23,february,Role Player,Role,Guard,18.0,14.4,16.25,,77,9,22.7,9.4
203937,Kyle Anderson,MIN,2022-23,february,Shot Creator,Scorer,Forward,15.8,22.2,17.647058823529413,12.6,81,9,23.9,9.4
203486,Mason Plumlee,LAC,2022-23,february,Role Player,Role,Big,13.9,18.5,0.0,,84,9,25.2,9.4
1629057,Robert Williams III,BOS,2022-23,february,Finisher,Finisher,Forward,12.4,7.5,1.6129032258064515,,81,9,26.3,9.4
1629670,Jordan Nwora,IND,2022-23,february,Role Player,Role,Forward,18.9,16.1,43.90243902439025,,81,5,19.0,9.4
1631105,Jalen Duren,DET,2022-23,february,Finisher,Finisher,Big,14.5,8.8,0.0,8.9,83,8,28.2,9.4
1630245,Ayo Dosunmu,CHI,2022-23,february,3&D Wing,Wing,Guard,14.1,14.9,26.506024096385545,2.2,77,12,30.6,9.3
203493,Reggie Bullock Jr.,DAL,2022-23,february,Role Player,Role,Forward,10.3,8.3,88.57142857142858,,78,11,34.4,9.3
1631101,Shaedon Sharpe,POR,2022-23,february,Shot Creator,Scorer,Guard,16.4,7.8,50.0,12.3,77,11,22.8,9.3
1629056,Terence Davis,SAC,2022-23,february,Stretch Shooter,Shooter,Guard,21.3,9.3,63.76811594202899,,76,12,16.6,9.3
203926,Doug McDermott,SAS,2022-23,february,3&D Wing,Wing,Forward,16.7,11.2,61.25000000000001,,78,9,21.8,9.2
1630528,Josh Christopher,HOU,2022-23,february,Role Player,Role,Guard,21.0,16.1,24.285714285714285,,76,11,17.4,9.2
1630172,Patrick Williams,CHI,2022-23,february,3&D Wing,Wing,Forward,16.2,7.9,33.75,3.6,79,12,26.3,9.2
1628415,Dillon Brooks,MEM,2022-23,february,3&D Wing,Wing,Forward,15.7,8.3,46.73913043478261,9.3,78,9,28.9,9.0
1629060,Rui Hachimura,LAL,2022-23,february,3&D Wing,Wing,Forward,16.6,3.6,23.076923076923077,3.7,80,10,23.1,9.0
1630573,Sam Hauser,BOS,2022-23,february,Movement Shooter,Shooter,Forward,14.7,5.6,79.36507936507937,,79,11,20.0,9.0
1629634,Brandon Clarke,MEM,2022-23,february,Role Player,Role,Forward,15.3,13.8,0.0,,80,10,20.1,8.9
1628975,Jevon Carter,MIL,2022-23,february,3&D Wing,Wing,Guard,15.8,10.0,65.27777777777779,,73,10,20.6,8.9
1630227,Daishen Nix,HOU,2022-23,february,Stretch Shooter,Shooter,Guard,18.1,17.7,50.53763440860215,,76,7,25.1,8.7
1629022,Lonnie Walker IV,LAL,2022-23,february,Role Player,Role,Guard,21.9,11.0,47.14285714285714,,76,10,15.3,8.7
1630544,Tre Mann,OKC,2022-23,february,Stretch Shooter,Shooter,Guard,22.7,18.8,50.617283950617285,8.5,75,10,16.5,8.7
1630702,Jaden Hardy,DAL,2022-23,february,Stretch Shooter,Shooter,Guard,21.1,13.5,56.14035087719298,,75,9,15.9,8.7
1628427,Vlatko Čančar,DEN,2022-23,february,Role Player,Role,Forward,13.4,13.1,46.875,,80,12,23.7,8.7
1631102,TyTy Washington Jr.,HOU,2022-23,february,Role Player,Role,Guard,17.8,16.8,46.98795180722891,,75,9,20.6,8.6
203967,Dario Šarić,OKC,2022-23,february,Role Player,Role,Big,19.7,14.7,44.26229508196722,,82,9,16.7,8.4
1630214,Xavier Tillman,MEM,2022-23,february,Role Player,Role,Forward,12.9,12.4,1.694915254237288,,79,10,26.1,8.4
203939,Dwight Powell,DAL,2022-23,february,Finisher,Finisher,Big,13.0,8.9,0.0,,82,11,22.7,8.4
1629656,Quentin Grimes,NYK,2022-23,february,3&D Wing,Wing,Guard,12.7,7.5,64.70588235294117,10.4,77,11,27.8,8.4
1627827,Dorian Finney-Smith,BKN,2022-23,february,Role Player,Role,Forward,13.5,8.7,62.33766233766234,,79,9,30.3,8.3
1630171,Isaac Okoro,CLE,2022-23,february,3&D Wing,Wing,Guard,10.9,8.1,50.0,,77,11,25.9,8.3
1630534,Ochai Agbaji,UTA,2022-23,february,3&D Wing,Wing,Guard,11.8,4.8,72.13114754098362,,77,11,23.3,8.2
1630570,Trendon Watford,POR,2022-23,february,Role Player,Role,Forward,15.7,20.6,16.363636363636363,7.8,80,11,21.5,8.2
1626168,Trey Lyles,SAC,2022-23,february,Role Player,Role,Forward,17.2,6.8,50.0,,81,12,17.9,8.2
1627752,Taurean Prince,MIN,2022-23,february,3&D Wing,Wing,Forward,15.9,13.5,53.52112676056338,,78,9,22.3,8.1
1630557,Corey Kispert,WAS,2022-23,february,Movement Shooter,Shooter,Forward,12.2,2.4,70.3125,,78,11,24.9,8.1
204456,T.J. McConnell,IND,2022-23,february,Role Player,Role,Guard,19.8,38.2,17.142857142857142,5.9,73,11,18.6,8.1
1626172,Kevon Looney,GSW,2022-23,february,Finisher,Finisher,Forward,10.1,9.1,0.0,,81,12,24.0,8.0
1629660,Ty Jerome,GSW,2022-23,february,Role Player,Role,Guard,15.0,27.3,26.984126984126984,,77,11,20.3,7.9
202694,Marcus Morris Sr.,LAC,2022-23,february,Role Player,Role,Forward,15.0,8.2,49.38271604938272,,80,10,26.9,7.9
1629646,Charles Bassey,SAS,2022-23,february,Role Player,Role,Forward,18.6,13.0,3.125,,81,5,16.5,7.8
1626224,Cedi Osman,CLE,2022-23,february,Stretch Shooter,Shooter,Forward,19.0,14.9,64.93506493506493,,79,9,20.6,7.8
202704,Reggie Jackson,DEN,2022-23,february,Stretch Shooter,Shooter,Guard,19.2,25.9,53.086419753086425,,74,8,20.6,7.8
1631119,Jaylin Williams,OKC,2022-23,february,3&D Wing,Wing,Forward,12.9,10.7,52.72727272727272,,81,11,21.1,7.7
1630165,Killian Hayes,DET,2022-23,february,Role Player,Role,Guard,18.1,31.2,41.836734693877546,,77,10,29.3,7.7
1629234,Drew Eubanks,POR,2022-23,february,Finisher,Finisher,Big,13.0,11.8,1.886792452830189,,82,11,23.8,7.6
1629642,Nassir Little,POR,2022-23,february,Role Player,Role,Guard,15.4,7.6,64.51612903225806,,77,11,19.7,7.5
203914,Gary Harris,ORL,2022-23,february,3&D Wing,Wing,Guard,10.4,6.0,85.0,,76,10,26.8,7.4
203925,Joe Harris,BKN,2022-23,february,Role Player,Role,Forward,15.5,12.5,83.63636363636363,,78,11,17.7,7.4
1630529,Herbert Jones,NOP,2022-23,february,3&D Wing,Wing,Forward,12.3,9.4,28.985507246376812,,79,10,31.1,7.3
1629001,De'Anthony Melton,PHI,2022-23,february,Role Player,Role,Guard,12.8,11.9,61.40350877192983,,74,11,24.4,7.3
1626153,Delon Wright,WAS,2022-23,february,Role Player,Role,Guard,11.2,16.7,38.46153846153846,,77,11,26.0,7.3
1630208,Nick Richards,CHA,2022-23,february,Role Player,Role,Big,14.5,1.0,0.0,,84,8,19.1,7.3
1630631,Jose Alvarado,NOP,2022-23,february,3&D Wing,Wing,Guard,17.2,18.7,45.45454545454546,4.2,72,10,18.8,7.1
1626220,Royce O'Neale,BKN,2022-23,february,3&D Wing,Wing,Forward,13.0,16.3,79.36507936507937,,78,11,25.6,7.1
1631128,Christian Braun,DEN,2022-23,february,Finisher,Finisher,Forward,12.9,10.6,29.78723404255319,,78,12,19.7,7.1
1628464,Daniel Theis,IND,2022-23,february,Role Player,Role,Forward,20.1,12.5,25.396825396825403,,80,7,15.5,7.0
1626192,Pat Connaughton,MIL,2022-23,february,Role Player,Role,Guard,10.7,7.4,77.77777777777779,,77,8,25.9,7.0
1629134,Kendrick Nunn,WAS,2022-23,february,Role Player,Role,Guard,19.4,20.6,44.642857142857146,,75,11,16.5,6.9
1628972,Troy Brown Jr.,LAL,2022-23,february,Role Player,Role,Forward,11.9,7.2,54.83870967741935,,79,10,23.4,6.9
1626204,Larry Nance Jr.,NOP,2022-23,february,3&D Wing,Wing,Forward,12.3,11.9,13.636363636363637,,80,8,20.5,6.9
1627747,Caris LeVert,CLE,2022-23,february,3&D Wing,Wing,Forward,14.6,26.8,43.333333333333336,6.2,78,9,25.1,6.8
1630598,Aaron Wiggins,OKC,2022-23,february,3&D Wing,Wing,Guard,12.6,7.3,35.18518518518518,6.3,77,10,20.2,6.7
1629020,Jarred Vanderbilt,LAL,2022-23,february,3&D Wing,Wing,Forward,11.5,12.2,12.5,,80,8,22.1,6.6
1627814,Damion Lee,PHX,2022-23,february,Role Player,Role,Guard,16.8,12.3,52.38095238095239,,77,10,19.4,6.6
1630688,Ish Wainright,PHX,2022-23,february,Role Player,Role,Guard,12.5,5.6,79.59183673469387,,77,10,19.4,6.6
1630230,Naji Marshall,NOP,2022-23,february,3&D Wing,Wing,Forward,13.2,13.5,44.44444444444444,5.6,79,10,21.9,6.4
201933,Blake Griffin,BOS,2022-23,february,Role Player,Role,Forward,16.2,13.2,65.95744680851064,,81,7,16.2,6.3
1631100,AJ Griffin,ATL,2022-23,february,Role Player,Role,Forward,16.9,7.3,33.84615384615385,,78,11,17.1,6.3
201587,Nicolas Batum,LAC,2022-23,february,3&D Wing,Wing,Forward,11.3,11.3,84.31372549019608,,80,9,22.0,6.2
201976,Patrick Beverley,CHI,2022-23,february,Role Player,Role,Guard,10.4,17.6,67.5,,74,6,26.1,6.2
1628470,Torrey Craig,PHX,2022-23,february,Role Player,Role,Forward,11.4,8.9,46.42857142857144,,79,10,27.2,6.1
1629684,Grant Williams,BOS,2022-23,february,3&D Wing,Wing,Forward,12.9,12.8,65.45454545454545,,78,11,25.2,6.1
1629614,Andrew Nembhard,IND,2022-23,february,Role Player,Role,Guard,12.9,19.9,46.15384615384615,8.9,75,11,26.6,6.0
1626169,Stanley Johnson,UTA,2022-23,february,Role Player,Role,Forward,11.6,10.3,16.279069767441857,,78,6,20.4,6.0
1629626,Bol Bol,ORL,2022-23,february,Rim Protector,Big,Big,15.1,5.0,24.444444444444446,,86,11,16.2,5.9
1629680,Matisse Thybulle,POR,2022-23,february,Role Player,Role,Guard,9.9,5.7,65.11627906976743,,77,9,21.1,5.9
1630537,Chris Duarte,IND,2022-23,february,Role Player,Role,Guard,17.6,6.7,52.54237288135592,,77,8,16.3,5.9
1626145,Tyus Jones,MEM,2022-23,february,3&D Wing,Wing,Guard,15.8,26.1,43.859649122807014,,74,10,18.7,5.7
1628379,Luke Kennard,MEM,2022-23,february,Movement Shooter,Shooter,Guard,11.0,6.5,72.91666666666667,,77,6,18.4,5.7
201937,Ricky Rubio,CLE,2022-23,february,Role Player,Role,Guard,17.7,29.0,52.63157894736842,,74,7,18.4,5.6
1627777,Georges Niang,PHI,2022-23,february,Role Player,Role,Forward,15.1,7.6,72.72727272727273,,79,11,17.7,5.5
200782,P.J. Tucker,PHI,2022-23,february,Role Player,Role,Guard,7.4,3.0,67.6470588235294,,77,11,25.0,5.4
1629667,Jalen McDaniels,PHI,2022-23,february,Role Player,Role,Forward,13.2,9.1,30.61224489795918,,81,10,18.7,5.3
1631121,Bryce McGowens,CHA,2022-23,february,3&D Wing,Wing,Forward,14.1,10.2,33.33333333333333,5.2,78,5,16.5,5.2
202709,Cory Joseph,DET,2022-23,february,Role Player,Role,Guard,14.6,23.0,55.319148936170215,,75,7,17.5,5.1
1629312,Haywood Highsmith,MIA,2022-23,february,Role Player,Role,Guard,10.4,4.3,66.66666666666667,,77,8,21.3,5.1
1631104,Blake Wesley,SAS,2022-23,february,Role Player,Role,Guard,18.0,14.5,27.27272727272727,,76,11,16.9,5.1
1630558,Davion Mitchell,SAC,2022-23,february,Shot Creator,Scorer,Guard,13.1,18.8,62.22222222222222,28.6,72,12,17.3,4.9
1630587,Isaiah Livers,DET,2022-23,february,3&D Wing,Wing,Forward,9.4,3.1,79.48717948717949,,78,10,21.1,4.7
1628392,Isaiah Hartenstein,NYK,2022-23,february,Finisher,Finisher,Big,8.4,5.5,0.0,,84,11,23.1,4.6
1627936,Alex Caruso,CHI,2022-23,february,3&D Wing,Wing,Guard,10.2,15.6,68.42105263157895,,77,8,23.2,4.5
1630237,Anthony Lamb,GSW,2022-23,february,Role Player,Role,Forward,10.9,14.1,53.191489361702125,,78,6,21.7,4.5
1631323,Simone Fontecchio,UTA,2022-23,february,Movement Shooter,Shooter,Forward,16.3,10.8,63.33333333333333,,79,8,16.8,4.5
1629139,Yuta Watanabe,BKN,2022-23,february,Role Player,Role,Forward,10.5,9.3,66.66666666666666,,80,7,15.0,4.3
204060,Joe Ingles,MIL,2022-23,february,Role Player,Role,Forward,10.1,12.3,80.3921568627451,,81,9,23.3,4.2
201988,Patty Mills,BKN,2022-23,february,Role Player,Role,Guard,19.1,10.0,49.25373134328358,,72,6,16.3,4.2
1630526,Jeremiah Robinson-Earl,OKC,2022-23,february,3&D Wing,Wing,Forward,13.1,7.0,59.57446808510638,,80,6,16.3,3.8
203085,Austin Rivers,MIN,2022-23,february,Role Player,Role,Guard,11.3,11.1,63.1578947368421,,76,8,16.4,3.8
1627732,Ben Simmons,BKN,2022-23,february,Playmaking Big,Big,Big,11.6,25.3,6.25,,82,5,19.1,3.6
1629731,Dean Wade,CLE,2022-23,february,3&D Wing,Wing,Forward,8.7,4.8,71.87499999999999,,81,11,17.4,3.3
1629723,John Konchar,MEM,2022-23,february,3&D Wing,Wing,Guard,8.9,6.8,60.71428571428572,,77,9,16.2,3.1
1630579,Jericho Sims,NYK,2022-23,february,Finisher,Finisher,Big,6.7,4.9,5.0,,82,9,21.5,2.7
202083,Wesley Matthews,MIL,2022-23,february,Role Player,Role,Guard,8.6,0.9,80.0,,77,7,19.6,2.4
1628983,Shai Gilgeous-Alexander,OKC,2022-23,march,Primary Initiator,Primary,Forward,33.3,21.1,8.530805687203792,26.3,78,11,35.3,33.5
203954,Joel Embiid,PHI,2022-23,march,Shot Creator,Scorer,Big,37.1,24.3,15.135135135135132,12.3,84,15,33.4,33.2
203081,Damian Lillard,POR,2022-23,march,Primary Initiator,Primary,Guard,35.8,35.9,54.71698113207547,,74,10,36.8,32.5
1626164,Devin Booker,PHX,2022-23,march,Primary Initiator,Primary,Guard,31.6,22.8,25.118483412322274,14.0,77,15,35.8,32.1
1628369,Jayson Tatum,BOS,2022-23,march,Primary Initiator,Primary,Forward,31.6,19.0,45.63106796116504,,80,14,36.3,31.2
1628378,Donovan Mitchell,CLE,2022-23,march,Primary Initiator,Primary,Guard,32.6,14.9,38.88888888888889,11.4,73,13,36.7,30.6
203507,Giannis Antetokounmpo,MIL,2022-23,march,Primary Initiator,Primary,Big,35.9,34.6,12.234042553191488,10.9,84,12,30.8,30.4
1629029,Luka Dončić,DAL,2022-23,march,Primary Initiator,Primary,Forward,36.9,42.1,46.36363636363636,16.0,79,9,35.7,30.3
201939,Stephen Curry,GSW,2022-23,march,Primary Initiator,Primary,Guard,30.3,27.2,54.20560747663552,10.1,74,14,35.7,30.2
1628969,Mikal Bridges,BKN,2022-23,march,3&D Wing,Wing,Forward,29.4,13.3,36.787564766839374,2.3,78,16,35.6,28.8
1628374,Lauri Markkanen,UTA,2022-23,march,Movement Shooter,Shooter,Big,30.9,10.3,45.58139534883721,4.0,84,8,34.9,28.5
203897,Zach LaVine,CHI,2022-23,march,Secondary Ball Handler,Secondary,Guard,29.2,20.6,32.98429319371727,9.3,77,15,37.0,28.4
203076,Anthony Davis,LAL,2022-23,march,Post Scorer,Big,Big,28.7,13.7,7.386363636363635,11.5,82,13,35.8,27.9
1630169,Tyrese Haliburton,IND,2022-23,march,Role Player,Role,Guard,26.7,52.7,46.34146341463415,,77,5,34.1,27.2
202681,Kyrie Irving,DAL,2022-23,march,Role Player,Role,Guard,27.4,24.2,39.68253968253968,,74,10,37.5,27.1
1627742,Brandon Ingram,NOP,2022-23,march,Primary Initiator,Primary,Forward,31.4,34.7,16.41025641025641,13.8,80,13,34.8,27.1
1627759,Jaylen Brown,BOS,2022-23,march,Shot Creator,Scorer,Forward,30.0,19.1,30.33175355450237,20.6,78,16,36.2,27.0
1628973,Jalen Brunson,NYK,2022-23,march,Primary Initiator,Primary,Guard,28.4,27.8,33.52272727272727,14.4,74,8,33.0,26.9
203999,Nikola Jokić,DEN,2022-23,march,Playmaking Big,Big,Big,26.0,39.1,17.72151898734177,5.3,83,12,35.5,26.3
203944,Julius Randle,NYK,2022-23,march,Shot Creator,Scorer,Forward,31.1,18.8,46.15384615384615,15.8,80,14,34.3,25.3
202331,Paul George,LAC,2022-23,march,Shot Creator,Scorer,Forward,29.2,21.7,36.68341708542714,18.4,80,9,35.7,25.2
201142,Kevin Durant,PHX,2022-23,march,Shot Creator,Scorer,Big,26.3,18.5,26.666666666666668,20.8,82,5,32.0,25.2
202710,Jimmy Butler III,MIA,2022-23,march,Shot Creator,Scorer,Forward,25.6,27.4,10.294117647058822,17.7,79,14,33.4,25.1
202695,Kawhi Leonard,LAC,2022-23,march,Shot Creator,Scorer,Forward,25.5,16.2,31.05590062111801,16.5,79,11,34.0,24.5
204001,Kristaps Porziņģis,WAS,2022-23,march,Post Scorer,Big,Big,27.8,14.8,31.60919540229885,,87,14,32.6,24.5
1628368,De'Aaron Fox,SAC,2022-23,march,Primary Initiator,Primary,Guard,28.9,28.9,33.52601156069364,10.1,75,14,31.5,24.1
201942,DeMar DeRozan,CHI,2022-23,march,Shot Creator,Scorer,Forward,25.4,22.3,17.261904761904763,19.9,78,14,37.7,24.1
203078,Bradley Beal,WAS,2022-23,march,Primary Initiator,Primary,Guard,31.0,25.8,18.947368421052634,,76,11,34.8,23.5
1629027,Trae Young,ATL,2022-23,march,Primary Initiator,Primary,Guard,29.9,39.7,32.53012048192771,12.0,73,15,31.8,23.3
1630224,Jalen Green,HOU,2022-23,march,Role Player,Role,Guard,26.4,14.7,35.95505617977528,,76,17,35.6,23.2
1629640,Keldon Johnson,SAS,2022-23,march,3&D Wing,Wing,Guard,27.1,15.7,33.33333333333333,3.9,77,7,33.2,22.9
1630162,Anthony Edwards,MIN,2022-23,march,Shot Creator,Scorer,Guard,27.8,18.8,40.7608695652174,23.4,76,11,34.8,22.7
1630178,Tyrese Maxey,PHI,2022-23,march,Shot Creator,Scorer,Guard,21.4,16.7,46.30872483221477,14.5,74,17,35.7,22.7
1626162,Kelly Oubre Jr.,CHA,2022-23,march,Shot Creator,Scorer,Forward,25.5,6.3,40.7185628742515,12.1,78,10,33.3,22.5
1629630,Ja Morant,MEM,2022-23,march,Primary Initiator,Primary,Guard,34.0,39.5,21.11801242236025,14.1,74,7,27.6,22.1
1630217,Desmond Bane,MEM,2022-23,march,Secondary Ball Handler,Secondary,Guard,26.2,22.0,40.49079754601227,7.0,77,16,32.4,22.1
1629636,Darius Garland,CLE,2022-23,march,Secondary Ball Handler,Secondary,Guard,26.0,29.9,34.30232558139535,6.7,73,13,36.5,20.9
1627832,Fred VanVleet,TOR,2022-23,march,Stretch Shooter,Shooter,Guard,23.6,29.1,56.024096385542165,,72,14,37.1,20.9
1631094,Paolo Banchero,ORL,2022-23,march,Shot Creator,Scorer,Big,27.4,18.5,21.81818181818182,14.7,82,15,34.0,20.7
1628991,Jaren Jackson Jr.,MEM,2022-23,march,3&D Wing,Wing,Big,26.4,4.9,30.76923076923077,11.1,82,16,30.3,20.7
202691,Klay Thompson,GSW,2022-23,march,Movement Shooter,Shooter,Forward,22.8,9.2,60.24096385542168,,78,16,34.1,20.7
203468,CJ McCollum,NOP,2022-23,march,Secondary Ball Handler,Secondary,Guard,25.1,23.8,41.17647058823529,8.8,75,15,35.2,20.5
1627734,Domantas Sabonis,SAC,2022-23,march,Playmaking Big,Big,Big,22.4,32.4,4.477611940298507,,85,16,36.0,20.4
1628398,Kyle Kuzma,WAS,2022-23,march,3&D Wing,Wing,Forward,26.5,14.0,40.25157232704403,5.1,81,8,34.0,20.4
1629639,Tyler Herro,MIA,2022-23,march,Shot Creator,Scorer,Guard,24.3,18.8,50.318471337579616,13.3,77,15,34.9,20.3
1627750,Jamal Murray,DEN,2022-23,march,Shot Creator,Scorer,Guard,25.1,29.9,47.27272727272727,14.6,76,13,35.3,20.2
201935,James Harden,PHI,2022-23,march,Shot Creator,Scorer,Guard,24.2,42.9,48.32214765100672,42.5,77,11,38.1,20.1
1626156,D'Angelo Russell,LAL,2022-23,march,Secondary Ball Handler,Secondary,Guard,23.4,30.2,49.664429530201346,8.7,76,9,33.9,20.0
1627783,Pascal Siakam,TOR,2022-23,march,Shot Creator,Scorer,Forward,24.0,21.7,23.076923076923077,13.3,80,14,37.8,19.9
1631114,Jalen Williams,OKC,2022-23,march,Shot Creator,Scorer,Guard,20.5,20.0,20.610687022900763,14.8,77,15,34.1,19.8
1626179,Terry Rozier,CHA,2022-23,march,Primary Initiator,Primary,Guard,28.3,30.5,41.66666666666667,,73,11,33.6,19.7
1630193,Immanuel Quickley,NYK,2022-23,march,Secondary Ball Handler,Secondary,Guard,24.3,20.9,48.29931972789115,6.1,74,15,31.8,19.7
201572,Brook Lopez,MIL,2022-23,march,3&D Wing,Wing,Big,21.1,7.7,31.782945736434105,,85,15,30.3,19.5
1629628,RJ Barrett,NYK,2022-23,march,Secondary Ball Handler,Secondary,Forward,26.4,10.5,31.84713375796179,2.7,78,15,32.8,19.4
1629673,Jordan Poole,GSW,2022-23,march,Stretch Shooter,Shooter,Guard,26.3,22.0,53.67647058823529,7.9,76,16,29.1,19.3
1627749,Dejounte Murray,ATL,2022-23,march,Role Player,Role,Guard,23.0,24.7,23.428571428571427,,77,13,36.3,19.0
203924,Jerami Grant,POR,2022-23,march,3&D Wing,Wing,Forward,22.2,14.1,48.52941176470589,10.7,80,7,35.6,18.9
1628389,Bam Adebayo,MIA,2022-23,march,3&D Wing,Wing,Forward,22.9,15.6,0.0,8.0,81,15,35.9,18.8
1628384,OG Anunoby,TOR,2022-23,march,3&D Wing,Wing,Forward,17.8,6.6,53.2258064516129,5.9,79,14,35.8,18.8
1630532,Franz Wagner,ORL,2022-23,march,Secondary Ball Handler,Secondary,Big,22.3,18.3,34.04255319148936,7.6,82,15,32.0,18.7
203114,Khris Middleton,MIL,2022-23,march,Secondary Ball Handler,Secondary,Forward,25.0,29.0,35.416666666666664,6.1,79,11,30.1,18.7
1630530,Trey Murphy III,NOP,2022-23,march,Finisher,Finisher,Forward,17.2,7.0,71.2,6.6,80,15,35.6,18.7
1629645,Kevin Porter Jr.,HOU,2022-23,march,Secondary Ball Handler,Secondary,Guard,21.6,24.7,47.482014388489205,9.8,76,16,34.8,18.6
1630581,Josh Giddey,OKC,2022-23,march,Secondary Ball Handler,Secondary,Forward,24.0,34.9,20.382165605095544,5.0,80,17,32.5,18.5
1629014,Anfernee Simons,POR,2022-23,march,Shot Creator,Scorer,Guard,26.4,16.5,48.75,18.2,75,6,30.1,18.3
1628989,Kevin Huerter,SAC,2022-23,march,Stretch Shooter,Shooter,Forward,22.1,14.8,59.01639344262296,,79,13,26.4,18.3
1631093,Jaden Ivey,DET,2022-23,march,Primary Initiator,Primary,Guard,28.5,33.6,40.90909090909091,5.6,76,12,33.3,18.3
1629659,Talen Horton-Tucker,UTA,2022-23,march,Primary Initiator,Primary,Guard,30.1,33.1,28.947368421052634,,76,14,28.1,18.1
1630596,Evan Mobley,CLE,2022-23,march,Finisher,Finisher,Big,19.6,14.1,9.448818897637794,4.7,83,14,36.6,18.1
1628380,Zach Collins,SAS,2022-23,march,3&D Wing,Wing,Big,23.9,18.0,35.60606060606061,,83,10,29.2,17.8
1629008,Michael Porter Jr.,DEN,2022-23,march,Movement Shooter,Shooter,Big,22.2,5.9,53.125,6.9,82,13,28.3,17.7
1629023,P.J. Washington,CHA,2022-23,march,3&D Wing,Wing,Forward,24.7,12.1,41.44736842105263,4.1,79,13,31.1,17.5
1630559,Austin Reaves,LAL,2022-23,march,Shot Creator,Scorer,Guard,19.4,26.8,31.57894736842105,13.5,77,15,30.4,17.4
202696,Nikola Vučević,CHI,2022-23,march,Post Scorer,Big,Big,21.7,13.5,22.627737226277375,,82,15,33.6,17.3
201950,Jrue Holiday,MIL,2022-23,march,Secondary Ball Handler,Secondary,Guard,21.6,32.3,42.1875,10.1,77,14,31.1,17.2
1630567,Scottie Barnes,TOR,2022-23,march,Finisher,Finisher,Forward,21.7,21.5,14.685314685314683,7.9,80,12,33.8,17.2
1628976,Wendell Carter Jr.,ORL,2022-23,march,3&D Wing,Wing,Big,19.4,8.2,43.69747899159664,,82,12,30.8,17.2
203915,Spencer Dinwiddie,BKN,2022-23,march,Role Player,Role,Guard,22.0,39.9,38.405797101449274,,77,15,35.8,16.7
1631110,Jeremy Sochan,SAS,2022-23,march,3&D Wing,Wing,Forward,27.4,13.4,25.675675675675674,,80,6,26.0,16.7
1629661,Cameron Johnson,BKN,2022-23,march,Stretch Shooter,Shooter,Forward,20.3,11.3,53.278688524590166,,80,15,31.3,16.6
1628365,Markelle Fultz,ORL,2022-23,march,Role Player,Role,Guard,21.2,27.5,13.076923076923078,,76,15,32.7,16.6
1626167,Myles Turner,IND,2022-23,march,3&D Wing,Wing,Big,25.3,11.4,27.192982456140353,,83,9,26.5,16.4
1630175,Cole Anthony,ORL,2022-23,march,Secondary Ball Handler,Secondary,Guard,20.6,16.5,32.231404958677686,6.9,75,15,28.6,16.1
201144,Mike Conley,MIN,2022-23,march,3&D Wing,Wing,Guard,17.8,21.0,56.60377358490566,,73,14,31.4,15.7
1630231,KJ Martin,HOU,2022-23,march,Role Player,Role,Forward,16.0,5.4,28.71287128712871,,79,17,32.6,15.6
1630702,Jaden Hardy,DAL,2022-23,march,Stretch Shooter,Shooter,Guard,26.7,18.6,50.42016806722689,,75,11,23.5,15.6
1630170,Devin Vassell,SAS,2022-23,march,Movement Shooter,Shooter,Guard,23.1,17.6,47.61904761904762,2.7,77,9,30.2,15.6
1629675,Naz Reid,MIN,2022-23,march,3&D Wing,Wing,Forward,27.6,11.8,33.33333333333333,3.8,81,12,20.0,15.3
1631095,Jabari Smith Jr.,HOU,2022-23,march,3&D Wing,Wing,Big,18.3,6.5,36.29032258064516,5.6,83,17,33.3,15.1
203084,Harrison Barnes,SAC,2022-23,march,3&D Wing,Wing,Forward,16.6,5.5,43.61702127659574,8.0,80,16,32.6,15.1
1627741,Buddy Hield,IND,2022-23,march,Movement Shooter,Shooter,Guard,20.6,14.8,58.19672131147541,,76,13,28.9,15.0
202330,Gordon Hayward,CHA,2022-23,march,Role Player,Role,Forward,20.2,24.9,27.11864406779661,,79,13,32.3,14.8
1630557,Corey Kispert,WAS,2022-23,march,Movement Shooter,Shooter,Forward,14.5,5.1,68.36734693877551,,78,16,32.7,14.8
1630183,Jaden McDaniels,MIN,2022-23,march,3&D Wing,Wing,Forward,18.8,7.2,36.03603603603604,2.3,81,14,31.2,14.8
203497,Rudy Gobert,MIN,2022-23,march,Finisher,Finisher,Big,18.0,9.8,0.0,,85,14,32.5,14.7
203501,Tim Hardaway Jr.,DAL,2022-23,march,Movement Shooter,Shooter,Guard,18.3,9.6,65.13761467889908,2.2,77,11,30.7,14.6
1629631,De'Andre Hunter,ATL,2022-23,march,3&D Wing,Wing,Forward,18.7,5.7,31.060606060606062,7.5,80,13,33.1,14.6
203932,Aaron Gordon,DEN,2022-23,march,Shot Creator,Scorer,Forward,20.2,12.4,23.423423423423426,16.0,80,14,30.2,14.5
202685,Jonas Valančiūnas,NOP,2022-23,march,Post Scorer,Big,Big,23.0,13.8,9.803921568627452,,83,13,25.4,14.5
201566,Russell Westbrook,LAC,2022-23,march,Shot Creator,Scorer,Guard,24.0,34.6,28.813559322033893,13.4,75,14,29.8,14.4
1629028,Deandre Ayton,PHX,2022-23,march,Finisher,Finisher,Big,19.0,3.3,0.8849557522123894,,84,11,30.8,14.3
1630578,Alperen Sengun,HOU,2022-23,march,Shot Creator,Scorer,Big,19.5,17.1,6.730769230769231,14.9,83,15,30.9,14.3
203471,Dennis Schröder,LAL,2022-23,march,Shot Creator,Scorer,Guard,21.9,25.9,31.818181818181817,14.8,73,15,29.3,14.2
1630228,Jonathan Kuminga,GSW,2022-23,march,Shot Creator,Scorer,Forward,20.3,11.4,26.80412371134021,12.6,79,13,24.7,14.2
1628963,Marvin Bagley III,DET,2022-23,march,Finisher,Finisher,Big,18.3,8.7,18.81188118811881,7.3,82,12,29.6,14.1
1627751,Jakob Poeltl,TOR,2022-23,march,Finisher,Finisher,Big,17.5,10.3,0.0,,85,14,29.3,14.1
1627763,Malcolm Brogdon,BOS,2022-23,march,Role Player,Role,Guard,20.5,20.3,38.392857142857146,,76,12,27.7,13.9
1628984,Devonte' Graham,SAS,2022-23,march,Stretch Shooter,Shooter,Guard,20.0,22.9,77.89473684210527,,73,11,26.3,13.9
1629670,Jordan Nwora,IND,2022-23,march,Role Player,Role,Forward,20.4,12.0,42.056074766355145,,81,15,25.8,13.9
202699,Tobias Harris,PHI,2022-23,march,3&D Wing,Wing,Forward,17.1,11.8,35.78947368421053,4.2,79,15,31.0,13.9
1626174,Christian Wood,DAL,2022-23,march,Role Player,Role,Forward,24.7,15.9,27.47252747252747,,81,13,21.7,13.8
1631101,Shaedon Sharpe,POR,2022-23,march,Shot Creator,Scorer,Guard,21.2,13.3,48.543689320388346,12.3,77,16,26.6,13.8
201569,Eric Gordon,LAC,2022-23,march,3&D Wing,Wing,Guard,17.2,10.3,61.95652173913045,,75,14,27.4,13.8
1631117,Walker Kessler,UTA,2022-23,march,Finisher,Finisher,Big,14.6,7.2,1.2195121951219514,,84,13,28.7,13.8
1627747,Caris LeVert,CLE,2022-23,march,3&D Wing,Wing,Forward,17.2,16.1,52.083333333333336,6.2,78,14,30.7,13.6
1629614,Andrew Nembhard,IND,2022-23,march,Role Player,Role,Guard,19.4,24.4,33.33333333333333,8.9,75,15,28.6,13.6
1628401,Derrick White,BOS,2022-23,march,3&D Wing,Wing,Guard,16.3,18.1,52.0408163265306,4.7,76,16,30.5,13.6
1629018,Gary Trent Jr.,TOR,2022-23,march,3&D Wing,Wing,Guard,19.4,7.0,40.67796610169491,,77,9,27.1,13.4
1631097,Bennedict Mathurin,IND,2022-23,march,Finisher,Finisher,Guard,18.8,5.0,30.107526881720425,9.0,77,11,27.6,13.4
1628415,Dillon Brooks,MEM,2022-23,march,Stretch Shooter,Shooter,Forward,19.6,12.9,54.23728813559322,9.3,78,15,29.7,13.3
1630164,James Wiseman,DET,2022-23,march,Role Player,Role,Big,21.9,5.0,8.256880733944955,,84,15,26.5,13.1
1629652,Luguentz Dort,OKC,2022-23,march,3&D Wing,Wing,Guard,17.5,7.2,52.58620689655172,,76,17,32.9,12.9
1626145,Tyus Jones,MEM,2022-23,march,3&D Wing,Wing,Guard,18.1,31.9,44.44444444444444,,74,16,29.2,12.9
203482,Kelly Olynyk,UTA,2022-23,march,Playmaking Big,Big,Big,17.7,21.4,39.024390243902445,,83,13,28.7,12.8
1629651,Nic Claxton,BKN,2022-23,march,Shot Creator,Scorer,Big,15.3,12.4,0.0,14.1,83,15,30.7,12.8
1628370,Malik Monk,SAC,2022-23,march,Stretch Shooter,Shooter,Guard,23.7,30.0,59.13978494623655,8.4,75,16,21.2,12.6
101108,Chris Paul,PHX,2022-23,march,Role Player,Role,Guard,18.3,41.3,40.17857142857143,,72,15,31.2,12.6
202709,Cory Joseph,DET,2022-23,march,Role Player,Role,Guard,16.7,21.8,52.32558139534884,,75,14,28.1,12.5
1630538,Bones Hyland,LAC,2022-23,march,Stretch Shooter,Shooter,Guard,27.3,33.7,55.263157894736835,10.9,74,7,20.4,12.4
1629656,Quentin Grimes,NYK,2022-23,march,3&D Wing,Wing,Guard,15.0,10.6,75.29411764705883,10.4,77,15,28.6,12.4
1630534,Ochai Agbaji,UTA,2022-23,march,3&D Wing,Wing,Guard,17.2,8.5,63.46153846153846,,77,14,30.1,12.4
1627826,Ivica Zubac,LAC,2022-23,march,Post Scorer,Big,Big,17.3,5.8,0.0,,84,12,24.8,12.3
204456,T.J. McConnell,IND,2022-23,march,Secondary Ball Handler,Secondary,Guard,20.4,34.7,12.76595744680851,5.9,73,13,24.4,12.2
1630168,Onyeka Okongwu,ATL,2022-23,march,3&D Wing,Wing,Forward,18.0,5.8,3.3333333333333335,1.6,81,15,20.4,12.2
1626171,Bobby Portis,MIL,2022-23,march,3&D Wing,Wing,Big,19.8,4.4,35.71428571428571,3.2,83,16,24.3,12.2
203937,Kyle Anderson,MIN,2022-23,march,Shot Creator,Scorer,Forward,14.9,26.6,19.387755102040813,12.6,81,14,35.2,12.1
1631099,Keegan Murray,SAC,2022-23,march,Movement Shooter,Shooter,Forward,16.1,5.8,72.44897959183673,4.2,80,16,28.8,12.0
203991,Clint Capela,ATL,2022-23,march,Finisher,Finisher,Big,13.9,5.4,0.0,,82,15,26.2,11.9
1628381,John Collins,ATL,2022-23,march,3&D Wing,Wing,Forward,16.6,6.2,38.94736842105264,,81,15,27.2,11.9
203935,Marcus Smart,BOS,2022-23,march,Stretch Shooter,Shooter,Guard,18.2,19.0,61.16504854368931,4.2,76,15,31.4,11.7
1630180,Saddiq Bey,ATL,2022-23,march,3&D Wing,Wing,Forward,17.9,7.0,52.68817204301075,6.5,79,15,24.2,11.7
1627739,Kris Dunn,UTA,2022-23,march,3&D Wing,Wing,Guard,20.1,32.3,17.204301075268816,3.9,75,14,23.9,11.6
1628386,Jarrett Allen,CLE,2022-23,march,Finisher,Finisher,Forward,13.7,7.7,0.0,,81,8,32.3,11.6
203992,Bogdan Bogdanović,ATL,2022-23,march,Role Player,Role,Guard,17.5,11.9,61.79775280898876,,77,14,24.8,11.6
1628379,Luke Kennard,MEM,2022-23,march,Movement Shooter,Shooter,Guard,14.9,12.1,77.77777777777777,,77,17,23.9,11.5
1628966,Keita Bates-Diop,SAS,2022-23,march,Role Player,Role,Forward,16.8,12.1,43.66197183098592,,80,14,22.8,11.5
1630165,Killian Hayes,DET,2022-23,march,Role Player,Role,Guard,22.4,35.6,25.40983606557377,,77,13,30.2,11.5
1631103,Malaki Branham,SAS,2022-23,march,Role Player,Role,Guard,19.8,9.5,36.607142857142854,,76,13,26.1,11.5
1628971,Bruce Brown,DEN,2022-23,march,Finisher,Finisher,Guard,20.0,14.8,24.73118279569892,4.1,76,14,26.8,11.4
1631323,Simone Fontecchio,UTA,2022-23,march,Movement Shooter,Shooter,Forward,19.9,7.6,55.44554455445544,,79,13,23.5,11.4
1629632,Coby White,CHI,2022-23,march,Role Player,Role,Guard,17.3,23.9,56.179775280898866,7.7,77,15,25.8,11.2
1630200,Tre Jones,SAS,2022-23,march,Finisher,Finisher,Guard,15.3,30.5,15.909090909090908,4.8,73,11,28.3,11.2
203585,Rodney McGruder,DET,2022-23,march,Role Player,Role,Guard,14.7,6.4,58.42696629213483,,76,10,27.6,11.1
1631105,Jalen Duren,DET,2022-23,march,Finisher,Finisher,Big,19.7,12.8,1.388888888888889,8.9,83,10,21.5,11.0
201143,Al Horford,BOS,2022-23,march,3&D Wing,Wing,Forward,12.3,16.8,71.7948717948718,,81,13,29.6,10.9
1630256,Jae'Sean Tate,HOU,2022-23,march,Role Player,Role,Guard,18.9,19.1,21.51898734177215,,77,9,22.7,10.9
1630198,Isaiah Joe,OKC,2022-23,march,3&D Wing,Wing,Guard,17.0,7.4,74.73684210526315,,75,17,26.3,10.9
1629001,De'Anthony Melton,PHI,2022-23,march,Role Player,Role,Guard,16.2,12.8,62.19512195121951,,74,17,28.4,10.8
1628960,Grayson Allen,MIL,2022-23,march,3&D Wing,Wing,Guard,14.7,8.5,72.83950617283952,2.8,76,14,27.1,10.8
1630174,Aaron Nesmith,IND,2022-23,march,Movement Shooter,Shooter,Guard,17.6,10.0,56.32183908045978,,77,13,26.3,10.8
1630214,Xavier Tillman,MEM,2022-23,march,Role Player,Role,Forward,14.2,11.8,2.6315789473684212,,79,17,27.6,10.8
203994,Jusuf Nurkić,POR,2022-23,march,Finisher,Finisher,Big,20.9,18.1,30.337078651685395,,84,7,23.6,10.7
1630570,Trendon Watford,POR,2022-23,march,Role Player,Role,Forward,17.3,16.3,20.454545454545453,7.8,80,13,27.0,10.7
203926,Doug McDermott,SAS,2022-23,march,Stretch Shooter,Shooter,Forward,19.4,12.1,61.627906976744185,,78,8,20.7,10.6
1630591,Jalen Suggs,ORL,2022-23,march,Role Player,Role,Guard,18.0,10.0,38.46153846153847,6.6,77,11,26.2,10.5
1631106,Tari Eason,HOU,2022-23,march,3&D Wing,Wing,Forward,17.3,5.7,27.27272727272727,5.0,80,17,26.6,10.4
1629629,Cam Reddish,POR,2022-23,march,Role Player,Role,Forward,17.1,9.7,42.857142857142854,,79,14,27.7,10.3
1630572,Sandro Mamukelashvili,SAS,2022-23,march,3&D Wing,Wing,Big,18.9,15.6,40.90909090909091,,82,14,22.8,10.3
1627752,Taurean Prince,MIN,2022-23,march,3&D Wing,Wing,Forward,18.9,10.9,50.0,,78,12,23.3,10.3
1627736,Malik Beasley,LAL,2022-23,march,Stretch Shooter,Shooter,Guard,20.6,6.3,68.31683168316832,,76,15,23.9,10.2
1630188,Jalen Smith,IND,2022-23,march,3&D Wing,Wing,Forward,19.3,8.9,32.467532467532465,,81,13,20.1,10.0
1629006,Josh Okogie,PHX,2022-23,march,3&D Wing,Wing,Guard,16.9,8.8,54.320987654320994,,76,15,27.3,9.9
1630587,Isaiah Livers,DET,2022-23,march,3&D Wing,Wing,Forward,13.4,6.4,56.666666666666664,,78,10,30.4,9.9
1630166,Deni Avdija,WAS,2022-23,march,Shot Creator,Scorer,Forward,17.7,18.2,39.024390243902445,14.0,81,16,26.8,9.8
1628404,Josh Hart,NYK,2022-23,march,3&D Wing,Wing,Guard,10.9,14.9,30.909090909090907,,76,15,31.4,9.8
1630172,Patrick Williams,CHI,2022-23,march,3&D Wing,Wing,Forward,15.8,3.3,37.662337662337656,3.6,79,15,26.4,9.8
1628420,Monte Morris,WAS,2022-23,march,Role Player,Role,Guard,18.4,26.6,36.04651162790698,,74,11,23.8,9.7
1628975,Jevon Carter,MIL,2022-23,march,3&D Wing,Wing,Guard,17.7,12.0,62.65060240963856,,73,16,20.8,9.7
1631109,Mark Williams,CHA,2022-23,march,Finisher,Finisher,Big,15.6,4.2,0.0,,84,8,26.0,9.6
1628372,Dennis Smith Jr.,CHA,2022-23,march,Role Player,Role,Guard,19.2,35.2,26.041666666666668,,74,13,27.1,9.6
203082,Terrence Ross,PHX,2022-23,march,Stretch Shooter,Shooter,Forward,20.2,12.4,64.1025641025641,,79,13,17.2,9.6
1629021,Moritz Wagner,ORL,2022-23,march,Role Player,Role,Big,21.6,8.3,35.59322033898305,,83,13,15.5,9.5
203110,Draymond Green,GSW,2022-23,march,3&D Wing,Wing,Forward,14.8,28.8,21.917808219178085,,78,15,31.3,9.4
1630537,Chris Duarte,IND,2022-23,march,Role Player,Role,Guard,16.5,7.2,48.8095238095238,,77,7,23.7,9.3
1629655,Daniel Gafford,WAS,2022-23,march,Finisher,Finisher,Big,13.6,7.6,0.0,,82,15,25.4,9.3
1630529,Herbert Jones,NOP,2022-23,march,3&D Wing,Wing,Forward,13.1,12.9,33.80281690140845,,79,15,30.3,9.3
1630647,Eugene Omoruyi,DET,2022-23,march,Role Player,Role,Forward,18.3,5.7,38.666666666666664,,78,14,21.8,9.2
1630230,Naji Marshall,NOP,2022-23,march,3&D Wing,Wing,Forward,18.9,16.2,34.72222222222222,5.6,79,15,21.9,9.2
1628997,Caleb Martin,MIA,2022-23,march,3&D Wing,Wing,Guard,13.5,8.2,45.31249999999999,,77,14,27.6,9.1
1630182,Josh Green,DAL,2022-23,march,3&D Wing,Wing,Forward,14.8,10.0,38.666666666666664,,79,14,27.8,9.0
1629622,Max Strus,MIA,2022-23,march,Role Player,Role,Guard,14.1,12.0,73.91304347826086,,77,15,24.0,9.0
1630583,Santi Aldama,MEM,2022-23,march,3&D Wing,Wing,Big,15.8,7.4,42.42424242424242,,84,17,22.8,8.9
1626168,Trey Lyles,SAC,2022-23,march,Role Player,Role,Forward,17.9,8.1,62.295081967213115,,81,14,19.5,8.9
203493,Reggie Bullock Jr.,DAL,2022-23,march,Role Player,Role,Forward,10.6,4.8,83.09859154929579,,78,13,32.0,8.8
203506,Victor Oladipo,MIA,2022-23,march,Stretch Shooter,Shooter,Guard,20.6,16.7,56.79012345679012,,75,11,23.4,8.8
203496,Robert Covington,LAC,2022-23,march,Role Player,Role,Forward,16.7,7.5,50.87719298245613,,79,9,16.9,8.7
204060,Joe Ingles,MIL,2022-23,march,Role Player,Role,Forward,12.2,19.1,83.63636363636363,,81,14,23.2,8.5
1629216,Gabe Vincent,MIA,2022-23,march,Movement Shooter,Shooter,Guard,15.8,11.8,57.333333333333336,,74,15,25.5,8.5
200768,Kyle Lowry,MIA,2022-23,march,Role Player,Role,Guard,13.9,21.4,66.66666666666666,,72,7,24.5,8.4
1629052,Oshae Brissett,IND,2022-23,march,Role Player,Role,Forward,18.0,7.3,42.85714285714286,,79,12,18.5,8.4
1628972,Troy Brown Jr.,LAL,2022-23,march,Role Player,Role,Forward,12.0,9.1,72.05882352941177,,79,15,27.0,8.4
1628449,Chris Boucher,TOR,2022-23,march,Role Player,Role,Forward,16.6,1.7,32.8125,,81,14,18.4,8.3
1626220,Royce O'Neale,BKN,2022-23,march,3&D Wing,Wing,Forward,14.5,16.2,68.05555555555556,,78,14,27.3,8.3
1626153,Delon Wright,WAS,2022-23,march,Role Player,Role,Guard,12.4,20.7,37.31343283582089,,77,16,27.3,8.3
1626224,Cedi Osman,CLE,2022-23,march,Role Player,Role,Forward,18.0,9.1,71.42857142857143,,79,13,18.1,8.2
1630543,Isaiah Jackson,IND,2022-23,march,Finisher,Finisher,Forward,15.9,3.8,1.5873015873015877,,81,14,18.3,8.2
1628962,Udoka Azubuike,UTA,2022-23,march,Role Player,Role,Big,15.7,5.2,0.0,,83,5,17.6,8.2
1630208,Nick Richards,CHA,2022-23,march,Role Player,Role,Big,12.7,5.8,2.173913043478261,,84,14,22.7,8.1
1629611,Terance Mann,LAC,2022-23,march,3&D Wing,Wing,Guard,14.9,16.4,44.827586206896555,3.7,77,14,22.0,8.1
1629004,Svi Mykhailiuk,CHA,2022-23,march,3&D Wing,Wing,Forward,15.5,14.7,53.333333333333336,,79,13,20.3,8.1
1629646,Charles Bassey,SAS,2022-23,march,Role Player,Role,Forward,17.3,19.0,3.6363636363636367,,81,6,16.4,8.0
203914,Gary Harris,ORL,2022-23,march,3&D Wing,Wing,Guard,12.5,6.7,80.88235294117648,,76,13,25.0,7.9
1629060,Rui Hachimura,LAL,2022-23,march,3&D Wing,Wing,Forward,15.2,4.3,29.687499999999993,3.7,80,14,20.0,7.9
203484,Kentavious Caldwell-Pope,DEN,2022-23,march,3&D Wing,Wing,Guard,11.7,10.3,48.684210526315795,3.1,77,13,32.3,7.8
1626166,Cameron Payne,PHX,2022-23,march,Role Player,Role,Guard,22.2,31.6,39.726027397260275,,73,15,16.1,7.8
1629684,Grant Williams,BOS,2022-23,march,3&D Wing,Wing,Forward,14.0,6.8,69.4915254237288,,78,14,21.9,7.8
1626196,Josh Richardson,NOP,2022-23,march,Role Player,Role,Forward,14.8,9.3,56.71641791044776,,78,13,22.3,7.8
1628978,Donte DiVincenzo,GSW,2022-23,march,Movement Shooter,Shooter,Guard,13.9,15.9,73.97260273972603,1.9,76,16,27.6,7.8
1626172,Kevon Looney,GSW,2022-23,march,Finisher,Finisher,Forward,12.6,12.9,1.7241379310344829,,81,16,25.0,7.8
1630181,R.J. Hampton,DET,2022-23,march,Stretch Shooter,Shooter,Guard,18.7,9.1,52.54237288135592,,76,14,18.2,7.7
1631223,David Roddy,MEM,2022-23,march,Role Player,Role,Guard,17.5,8.0,51.51515151515152,,76,16,17.9,7.6
203486,Mason Plumlee,LAC,2022-23,march,Rim Protector,Big,Big,14.3,11.1,0.0,,84,14,20.1,7.6
1629234,Drew Eubanks,POR,2022-23,march,Finisher,Finisher,Big,14.6,12.3,3.8461538461538463,,82,16,20.7,7.6
1630549,Day'Ron Sharpe,BKN,2022-23,march,Finisher,Finisher,Forward,19.2,8.6,10.526315789473683,3.7,81,9,15.3,7.6
203552,Seth Curry,BKN,2022-23,march,Role Player,Role,Guard,19.1,8.5,48.387096774193544,,73,14,15.7,7.5
1629020,Jarred Vanderbilt,LAL,2022-23,march,3&D Wing,Wing,Forward,12.6,9.1,27.11864406779661,,80,15,26.0,7.5
1628995,Kevin Knox II,POR,2022-23,march,Role Player,Role,Forward,19.4,10.0,42.857142857142854,,79,11,17.1,7.5
1630171,Isaac Okoro,CLE,2022-23,march,3&D Wing,Wing,Guard,10.8,5.9,49.01960784313726,,77,12,24.5,7.3
1629680,Matisse Thybulle,POR,2022-23,march,Role Player,Role,Guard,11.8,7.4,60.31746031746032,,77,16,27.2,7.3
201567,Kevin Love,MIA,2022-23,march,3&D Wing,Wing,Forward,17.6,11.9,71.42857142857143,,80,14,20.4,7.2
1627827,Dorian Finney-Smith,BKN,2022-23,march,Role Player,Role,Forward,14.0,8.5,65.33333333333334,,79,16,26.9,7.2
1627777,Georges Niang,PHI,2022-23,march,Role Player,Role,Forward,14.1,5.1,80.0,,79,16,19.2,7.1
1626192,Pat Connaughton,MIL,2022-23,march,Role Player,Role,Guard,12.5,6.8,76.66666666666666,,77,16,22.3,6.9
203939,Dwight Powell,DAL,2022-23,march,Finisher,Finisher,Big,14.0,8.4,2.5641025641025643,,82,14,17.8,6.9
1630598,Aaron Wiggins,OKC,2022-23,march,3&D Wing,Wing,Guard,15.6,3.8,27.777777777777775,6.3,77,17,17.3,6.9
1629642,Nassir Little,POR,2022-23,march,Role Player,Role,Guard,17.8,7.0,46.478873239436616,,77,14,20.5,6.8
1630322,Lindy Waters III,OKC,2022-23,march,Role Player,Role,Forward,15.0,6.5,89.0909090909091,,78,13,16.4,6.8
1627936,Alex Caruso,CHI,2022-23,march,3&D Wing,Wing,Guard,12.6,10.4,55.319148936170215,,77,11,21.5,6.7
201145,Jeff Green,DEN,2022-23,march,Role Player,Role,Forward,13.8,9.3,35.41666666666667,,80,13,19.7,6.6
1629641,Romeo Langford,SAS,2022-23,march,Role Player,Role,Guard,14.5,4.5,27.11864406779661,,77,7,19.9,6.6
1630550,JT Thor,CHA,2022-23,march,Role Player,Role,Forward,14.9,6.4,54.71698113207547,,81,15,18.6,6.5
1629011,Mitchell Robinson,NYK,2022-23,march,Finisher,Finisher,Big,9.9,3.0,0.0,,84,15,26.4,6.5
1630577,Julian Champagnie,SAS,2022-23,march,Movement Shooter,Shooter,Forward,14.8,3.5,68.42105263157895,,79,10,16.7,6.5
1629667,Jalen McDaniels,PHI,2022-23,march,Role Player,Role,Forward,15.5,3.8,23.913043478260875,,81,13,15.9,6.5
201587,Nicolas Batum,LAC,2022-23,march,3&D Wing,Wing,Forward,10.7,10.0,87.50000000000001,,80,14,21.0,6.4
1629057,Robert Williams III,BOS,2022-23,march,Finisher,Finisher,Forward,11.5,5.8,0.0,,81,7,19.8,6.4
202694,Marcus Morris Sr.,LAC,2022-23,march,Role Player,Role,Forward,12.8,7.8,41.17647058823529,,80,9,25.2,6.3
1630245,Ayo Dosunmu,CHI,2022-23,march,3&D Wing,Wing,Guard,13.7,13.6,35.294117647058826,2.2,77,15,19.8,6.3
1631098,Johnny Davis,WAS,2022-23,march,Role Player,Role,Guard,17.2,5.7,41.7910447761194,,76,10,18.1,6.2
1630593,McKinley Wright IV,DAL,2022-23,march,Role Player,Role,Guard,18.6,31.8,32.0,,71,5,15.5,6.2
1630237,Anthony Lamb,GSW,2022-23,march,Role Player,Role,Forward,13.6,6.1,66.66666666666666,,78,11,19.9,6.2
202687,Bismack Biyombo,PHX,2022-23,march,Role Player,Role,Forward,15.0,9.2,0.0,,80,11,16.2,6.2
202704,Reggie Jackson,DEN,2022-23,march,Stretch Shooter,Shooter,Guard,19.0,18.9,54.929577464788736,,74,7,19.9,6.1
1629003,Shake Milton,PHI,2022-23,march,Role Player,Role,Guard,14.2,19.7,38.0,,77,16,18.7,6.1
1631119,Jaylin Williams,OKC,2022-23,march,3&D Wing,Wing,Forward,12.5,9.5,55.769230769230774,,81,17,22.1,6.0
1629013,Landry Shamet,PHX,2022-23,march,3&D Wing,Wing,Guard,14.3,13.3,66.66666666666666,,76,5,18.5,6.0
201976,Patrick Beverley,CHI,2022-23,march,Role Player,Role,Guard,10.8,16.1,67.27272727272727,,74,15,28.1,5.9
1630205,Lamar Stevens,CLE,2022-23,march,Role Player,Role,Forward,12.9,2.5,30.76923076923077,,78,13,20.3,5.8
201937,Ricky Rubio,CLE,2022-23,march,Role Player,Role,Guard,16.2,25.0,36.0,,74,13,17.5,5.8
1628467,Maxi Kleber,DAL,2022-23,march,Role Player,Role,Big,9.9,10.2,79.54545454545455,,82,11,26.6,5.5
1629638,Nickeil Alexander-Walker,MIN,2022-23,march,Movement Shooter,Shooter,Guard,15.6,13.0,61.11111111111111,2.9,77,14,16.7,5.5
1630552,Jalen Johnson,ATL,2022-23,march,Finisher,Finisher,Forward,15.0,16.0,29.166666666666668,7.9,80,8,15.2,5.4
1630573,Sam Hauser,BOS,2022-23,march,Movement Shooter,Shooter,Forward,12.5,8.4,90.47619047619048,,79,16,15.6,5.4
1630558,Davion Mitchell,SAC,2022-23,march,Shot Creator,Scorer,Guard,12.0,17.7,52.27272727272726,28.6,72,16,18.1,5.3
1628470,Torrey Craig,PHX,2022-23,march,Role Player,Role,Forward,11.6,5.9,64.70588235294117,,79,15,22.0,5.1
203109,Jae Crowder,MIL,2022-23,march,Role Player,Role,Forward,10.1,10.1,71.7948717948718,,78,10,17.7,5.0
1631104,Blake Wesley,SAS,2022-23,march,Role Player,Role,Guard,18.7,25.5,23.88059701492537,,76,14,20.5,4.9
1631121,Bryce McGowens,CHA,2022-23,march,3&D Wing,Wing,Forward,14.7,9.0,50.0,5.2,78,15,17.8,4.7
1630539,Kai Jones,CHA,2022-23,march,Rim Protector,Big,Big,11.7,4.1,3.571428571428572,,83,13,15.4,4.3
1629117,Wenyen Gabriel,LAL,2022-23,march,Role Player,Role,Forward,12.0,6.5,6.25,,81,15,15.6,4.2
1628392,Isaiah Hartenstein,NYK,2022-23,march,Finisher,Finisher,Big,8.8,13.1,6.451612903225806,,84,15,20.8,4.1
202083,Wesley Matthews,MIL,2022-23,march,Role Player,Role,Guard,9.4,9.5,67.74193548387098,,77,8,15.3,4.0
1629162,Jordan McLaughlin,MIN,2022-23,march,Role Player,Role,Guard,11.8,29.1,57.89473684210527,,72,13,16.7,3.8
1630227,Daishen Nix,HOU,2022-23,march,Role Player,Role,Guard,16.6,12.4,47.82608695652175,,76,10,16.5,3.4
1626204,Larry Nance Jr.,NOP,2022-23,march,3&D Wing,Wing,Forward,7.6,9.4,16.666666666666668,,80,10,15.6,3.3
1630288,Jeff Dowtin Jr.,TOR,2022-23,march,Role Player,Role,Guard,8.0,14.1,38.46153846153846,,75,5,15.3,3.2
200782,P.J. Tucker,PHI,2022-23,march,Role Player,Role,Guard,6.6,4.3,74.19354838709677,,77,14,23.5,2.7
1629723,John Konchar,MEM,2022-23,march,3&D Wing,Wing,Guard,8.5,9.0,65.38461538461539,,77,15,16.6,2.7
1627853,Ryan Arcidiacono,NYK,2022-23,march,Role Player,Role,Guard,10.8,21.7,60.526315789473685,,75,6,17.1,2.3
1627742,Brandon Ingram,NOP,2022-23,april,Primary Initiator,Primary,Forward,29.7,32.8,12.12121212121212,13.8,80,5,40.8,28.4
2544,LeBron James,LAL,2022-23,april,Primary Initiator,Primary,Forward,33.1,33.0,40.36697247706422,12.8,81,5,33.1,28.0
1630530,Trey Murphy III,NOP,2022-23,april,Stretch Shooter,Shooter,Forward,18.3,6.2,57.971014492753625,6.6,80,5,40.0,23.4
1631093,Jaden Ivey,DET,2022-23,april,Primary Initiator,Primary,Guard,28.4,35.0,37.362637362637365,5.6,76,5,37.8,22.4
203076,Anthony Davis,LAL,2022-23,april,Post Scorer,Big,Big,24.3,13.6,2.5974025974025974,11.5,82,5,34.6,21.6
203468,CJ McCollum,NOP,2022-23,april,Secondary Ball Handler,Secondary,Guard,23.9,14.8,34.78260869565218,8.8,75,5,39.0,21.6
1628969,Mikal Bridges,BKN,2022-23,april,3&D Wing,Wing,Forward,34.5,13.5,36.36363636363637,2.3,78,5,30.7,20.4
1630559,Austin Reaves,LAL,2022-23,april,Shot Creator,Scorer,Guard,16.6,19.6,46.938775510204074,13.5,77,5,34.0,20.0
1630577,Julian Champagnie,SAS,2022-23,april,Movement Shooter,Shooter,Forward,22.0,5.4,59.1549295774648,,79,5,29.2,20.0
1628995,Kevin Knox II,POR,2022-23,april,Role Player,Role,Forward,23.7,5.9,46.478873239436616,,79,5,29.3,18.4
1630557,Corey Kispert,WAS,2022-23,april,Movement Shooter,Shooter,Forward,21.6,4.2,59.09090909090909,,78,5,28.5,18.0
1628966,Keita Bates-Diop,SAS,2022-23,april,Role Player,Role,Forward,21.5,16.0,32.758620689655174,,80,5,26.7,18.0
1627739,Kris Dunn,UTA,2022-23,april,3&D Wing,Wing,Guard,18.4,28.9,12.5,3.9,75,5,33.3,18.0
1630534,Ochai Agbaji,UTA,2022-23,april,3&D Wing,Wing,Guard,25.4,13.4,44.04761904761904,,77,5,31.9,18.0
1630200,Tre Jones,SAS,2022-23,april,Finisher,Finisher,Guard,19.6,41.3,19.29824561403509,4.8,73,5,29.6,17.8
1631098,Johnny Davis,WAS,2022-23,april,Role Player,Role,Guard,22.7,15.2,44.18604651162791,,76,5,36.0,17.0
1630165,Killian Hayes,DET,2022-23,april,Role Player,Role,Guard,20.5,28.3,35.38461538461538,,77,5,38.1,17.0
202696,Nikola Vučević,CHI,2022-23,april,Post Scorer,Big,Big,23.4,13.3,19.6969696969697,,82,5,29.1,16.2
1630219,Skylar Mays,POR,2022-23,april,Role Player,Role,Guard,19.0,37.3,33.33333333333333,,76,5,31.7,15.6
203084,Harrison Barnes,SAC,2022-23,april,3&D Wing,Wing,Forward,17.4,3.7,35.294117647058826,8.0,80,5,29.1,15.4
1630529,Herbert Jones,NOP,2022-23,april,3&D Wing,Wing,Forward,14.7,12.6,28.888888888888893,,79,5,35.4,15.4
1631103,Malaki Branham,SAS,2022-23,april,Role Player,Role,Guard,22.4,7.8,39.3939393939394,,76,5,26.6,15.0
1631099,Keegan Murray,SAC,2022-23,april,Movement Shooter,Shooter,Forward,15.0,7.8,58.18181818181819,4.2,80,5,31.9,14.6
1629632,Coby White,CHI,2022-23,april,Secondary Ball Handler,Secondary,Guard,21.1,19.6,38.88888888888889,7.7,77,5,26.9,13.8
1629134,Kendrick Nunn,WAS,2022-23,april,Role Player,Role,Guard,27.5,24.6,45.45454545454545,,75,5,20.0,13.8
1630173,Precious Achiuwa,TOR,2022-23,april,Finisher,Finisher,Forward,23.7,3.3,31.91489361702127,,80,5,19.8,13.2
1630180,Saddiq Bey,ATL,2022-23,april,3&D Wing,Wing,Forward,16.4,10.0,50.0,6.5,79,5,28.0,13.0
1629060,Rui Hachimura,LAL,2022-23,april,3&D Wing,Wing,Forward,20.9,7.1,25.0,3.7,80,5,22.7,12.8
1630591,Jalen Suggs,ORL,2022-23,april,Stretch Shooter,Shooter,Guard,21.8,14.1,57.777777777777786,6.6,77,5,21.5,12.6
1630692,Jordan Goodwin,WAS,2022-23,april,3&D Wing,Wing,Guard,22.1,31.6,35.0,,75,5,26.3,12.6
1630572,Sandro Mamukelashvili,SAS,2022-23,april,3&D Wing,Wing,Big,20.5,12.1,34.6938775510204,,82,5,24.6,12.4
1631105,Jalen Duren,DET,2022-23,april,Finisher,Finisher,Big,15.9,3.2,0.0,8.9,83,5,30.1,11.8
202685,Jonas Valančiūnas,NOP,2022-23,april,Post Scorer,Big,Big,22.1,8.3,7.843137254901962,,83,5,24.3,11.8
1630552,Jalen Johnson,ATL,2022-23,april,Secondary Ball Handler,Secondary,Forward,22.1,22.5,27.27272727272727,7.9,80,5,20.5,11.6
1630172,Patrick Williams,CHI,2022-23,april,3&D Wing,Wing,Forward,18.2,6.1,42.00000000000001,3.6,79,5,28.0,11.6
1627736,Malik Beasley,LAL,2022-23,april,Role Player,Role,Guard,17.9,7.2,73.33333333333333,,76,5,22.0,11.4
203109,Jae Crowder,MIL,2022-23,april,Role Player,Role,Forward,17.9,11.3,46.666666666666664,,78,5,21.2,11.2
1630164,James Wiseman,DET,2022-23,april,Role Player,Role,Big,22.4,6.5,2.3255813953488373,,84,5,22.7,11.2
1629677,Luka Samanic,UTA,2022-23,april,Stretch Shooter,Shooter,Big,18.9,11.7,55.55555555555556,,82,5,24.7,11.2
1628470,Torrey Craig,PHX,2022-23,april,Role Player,Role,Forward,16.3,11.1,37.142857142857146,,79,5,18.7,11.0
1631323,Simone Fontecchio,UTA,2022-23,april,Movement Shooter,Shooter,Forward,22.3,7.7,57.407407407407405,,79,5,22.8,10.8
1631466,Nate Williams,POR,2022-23,april,Role Player,Role,Guard,13.9,10.0,20.512820512820515,,77,5,25.3,10.6
202704,Reggie Jackson,DEN,2022-23,april,Role Player,Role,Guard,21.6,22.9,50.0,,74,5,19.7,10.6
1629622,Max Strus,MIA,2022-23,april,Role Player,Role,Guard,17.5,12.2,78.57142857142856,,77,5,24.1,10.4
1630168,Onyeka Okongwu,ATL,2022-23,april,3&D Wing,Wing,Forward,17.6,7.1,12.820512820512825,1.6,81,5,22.3,10.2
1629667,Jalen McDaniels,PHI,2022-23,april,Role Player,Role,Forward,16.5,7.9,29.26829268292683,,81,5,23.2,10.0
1631128,Christian Braun,DEN,2022-23,april,Finisher,Finisher,Forward,19.3,7.1,29.54545454545454,,78,5,24.2,9.8
202709,Cory Joseph,DET,2022-23,april,Role Player,Role,Guard,13.5,27.0,73.80952380952381,,75,5,29.6,9.8
1631245,Quenton Jackson,WAS,2022-23,april,3&D Wing,Wing,Guard,16.0,15.7,25.0,,77,5,24.6,9.8
1629048,Goga Bitadze,ORL,2022-23,april,Finisher,Finisher,Big,17.9,11.5,12.121212121212125,,83,5,20.1,9.2
1630567,Scottie Barnes,TOR,2022-23,april,Finisher,Finisher,Forward,18.3,15.6,25.490196078431374,7.9,80,5,31.2,9.2
1628449,Chris Boucher,TOR,2022-23,april,Role Player,Role,Forward,18.5,1.4,33.333333333333336,,81,5,17.8,9.0
1627863,Danuel House Jr.,PHI,2022-23,april,Role Player,Role,Forward,19.5,8.9,38.235294117647065,,78,5,18.0,9.0
1631133,Jabari Walker,POR,2022-23,april,3&D Wing,Wing,Forward,21.3,9.6,32.608695652173914,,79,5,21.7,9.0
1627751,Jakob Poeltl,TOR,2022-23,april,Finisher,Finisher,Big,17.5,11.0,0.0,,85,5,21.4,9.0
1631223,David Roddy,MEM,2022-23,april,Role Player,Role,Guard,15.0,11.4,50.0,,76,5,27.1,8.8
1631230,Dominick Barlow,SAS,2022-23,april,3&D Wing,Wing,Forward,11.1,10.9,0.0,,81,5,25.5,8.8
1629216,Gabe Vincent,MIA,2022-23,april,Movement Shooter,Shooter,Guard,17.1,17.4,60.97560975609757,,74,5,22.5,8.8
1630702,Jaden Hardy,DAL,2022-23,april,Secondary Ball Handler,Secondary,Guard,23.7,15.1,43.58974358974359,,75,5,15.7,8.6
1630181,R.J. Hampton,DET,2022-23,april,Role Player,Role,Guard,16.6,5.9,45.714285714285715,,76,5,21.3,8.6
1631212,Peyton Watson,DEN,2022-23,april,Finisher,Finisher,Forward,16.7,10.3,20.0,6.7,79,5,21.5,8.0
1629006,Josh Okogie,PHX,2022-23,april,3&D Wing,Wing,Guard,15.0,11.1,48.387096774193544,,76,5,25.7,7.8
1630194,Paul Reed,PHI,2022-23,april,Finisher,Finisher,Forward,16.8,4.6,6.666666666666667,,81,5,17.0,7.8
1631219,John Butler Jr.,POR,2022-23,april,Rim Protector,Big,Big,12.1,7.3,62.85714285714287,,84,5,24.6,7.4
1628962,Udoka Azubuike,UTA,2022-23,april,Role Player,Role,Big,8.0,2.3,0.0,,83,5,23.4,6.8
1641645,Xavier Cooks,WAS,2022-23,april,Role Player,Role,Forward,13.1,6.0,3.8461538461538463,,80,5,21.5,6.8
1630245,Ayo Dosunmu,CHI,2022-23,april,3&D Wing,Wing,Guard,14.8,11.2,30.303030303030305,2.2,77,5,22.9,6.6
1628997,Caleb Martin,MIA,2022-23,april,3&D Wing,Wing,Guard,11.9,11.9,27.58620689655172,,77,5,25.7,6.6
203082,Terrence Ross,PHX,2022-23,april,Role Player,Role,Forward,15.7,18.4,45.714285714285715,,79,5,19.7,6.2
1631104,Blake Wesley,SAS,2022-23,april,Role Player,Role,Guard,16.3,19.1,18.421052631578945,,76,5,24.9,6.0
1628972,Troy Brown Jr.,LAL,2022-23,april,Role Player,Role,Forward,9.4,9.5,52.17391304347826,,79,5,22.3,6.0
1629020,Jarred Vanderbilt,LAL,2022-23,april,3&D Wing,Wing,Forward,11.1,5.1,30.0,,80,5,18.9,5.6
1630699,MarJon Beauchamp,MIL,2022-23,april,Role Player,Role,Forward,15.1,11.9,61.53846153846154,,79,5,17.7,5.6
1626168,Trey Lyles,SAC,2022-23,april,Role Player,Role,Forward,15.3,4.5,66.66666666666666,,81,5,17.0,5.6
1630264,Anthony Gill,WAS,2022-23,april,Role Player,Role,Forward,13.4,6.8,27.27272727272727,,80,5,17.0,5.4
1629723,John Konchar,MEM,2022-23,april,3&D Wing,Wing,Guard,9.1,13.1,31.818181818181813,,77,5,20.5,5.0
1631197,Jared Rhoden,DET,2022-23,april,Role Player,Role,Forward,10.6,1.3,41.66666666666667,,78,5,21.6,4.6
1629308,Juan Toscano-Anderson,UTA,2022-23,april,Role Player,Role,Forward,15.8,20.2,36.36363636363637,,78,5,21.4,4.6
1626204,Larry Nance Jr.,NOP,2022-23,april,3&D Wing,Wing,Forward,9.1,15.2,0.0,,80,5,22.3,4.6
202083,Wesley Matthews,MIL,2022-23,april,Role Player,Role,Guard,9.1,5.9,70.58823529411765,,77,5,18.0,4.2
1626196,Josh Richardson,NOP,2022-23,april,Role Player,Role,Forward,10.5,6.5,66.66666666666666,,78,5,20.1,3.8
1630556,Kessler Edwards,SAC,2022-23,april,Role Player,Role,Forward,9.4,8.5,62.5,,79,5,15.1,2.4
201142,Kevin Durant,PHX,2023-24,november,Shot Creator,Scorer,Big,32.1,28.0,24.28571428571428,20.8,83,12,37.2,32.7
203954,Joel Embiid,PHI,2023-24,november,Shot Creator,Scorer,Big,35.4,33.1,15.121951219512194,12.3,84,13,34.7,32.2
1628983,Shai Gilgeous-Alexander,OKC,2023-24,november,Primary Initiator,Primary,Forward,31.8,29.9,16.99029126213592,26.3,78,13,34.6,32.1
1628368,De'Aaron Fox,SAC,2023-24,november,Primary Initiator,Primary,Guard,30.6,26.8,39.90825688073394,10.1,75,9,36.5,30.4
203507,Giannis Antetokounmpo,MIL,2023-24,november,Primary Initiator,Primary,Big,33.0,25.4,9.473684210526317,10.9,83,15,34.6,30.3
203999,Nikola Jokić,DEN,2023-24,november,Primary Initiator,Primary,Big,33.6,46.3,21.153846153846153,5.3,83,14,33.7,29.7
1629029,Luka Dončić,DAL,2023-24,november,Primary Initiator,Primary,Forward,34.2,37.4,42.129629629629626,16.0,79,14,34.9,29.4
1630169,Tyrese Haliburton,IND,2023-24,november,Stretch Shooter,Shooter,Guard,26.5,44.6,50.54945054945055,,77,13,34.4,28.6
1629027,Trae Young,ATL,2023-24,november,Primary Initiator,Primary,Guard,29.9,43.3,44.44444444444445,12.0,73,13,36.4,28.5
201939,Stephen Curry,GSW,2023-24,november,Primary Initiator,Primary,Guard,30.9,22.4,62.03208556149733,10.1,74,13,33.7,28.2
1628369,Jayson Tatum,BOS,2023-24,november,Primary Initiator,Primary,Forward,29.2,17.4,45.07772020725388,,80,15,37.2,27.3
1630163,LaMelo Ball,CHA,2023-24,november,Primary Initiator,Primary,Forward,31.3,38.1,43.39622641509433,12.2,79,12,34.6,27.3
1626164,Devin Booker,PHX,2023-24,november,Primary Initiator,Primary,Forward,32.2,41.0,24.86772486772487,14.0,78,9,33.5,26.8
1628973,Jalen Brunson,NYK,2023-24,november,Shot Creator,Scorer,Guard,26.1,26.6,35.93750000000001,14.4,74,14,36.4,26.6
1628378,Donovan Mitchell,CLE,2023-24,november,Primary Initiator,Primary,Guard,30.1,22.9,42.028985507246375,11.4,75,11,35.7,26.5
1630162,Anthony Edwards,MIN,2023-24,november,Primary Initiator,Primary,Guard,31.8,23.0,34.183673469387756,23.4,76,14,34.8,26.4
1630178,Tyrese Maxey,PHI,2023-24,november,Shot Creator,Scorer,Guard,25.5,25.9,40.487804878048784,14.5,74,15,38.4,26.3
203081,Damian Lillard,MIL,2023-24,november,Role Player,Role,Guard,28.0,31.2,48.29545454545454,,74,14,35.0,26.0
2544,LeBron James,LAL,2023-24,november,Primary Initiator,Primary,Forward,29.0,29.8,35.54216867469879,12.8,81,15,33.3,25.6
202681,Kyrie Irving,DAL,2023-24,november,Primary Initiator,Primary,Guard,28.3,25.6,37.823834196891184,,74,12,32.8,25.4
203924,Jerami Grant,POR,2023-24,november,3&D Wing,Wing,Forward,26.6,12.2,37.078651685393254,10.7,79,14,36.2,24.6
1629627,Zion Williamson,NOP,2023-24,november,Shot Creator,Scorer,Forward,28.9,26.3,1.7857142857142856,23.8,78,12,32.4,24.5
1627742,Brandon Ingram,NOP,2023-24,november,Primary Initiator,Primary,Forward,29.3,24.7,24.479166666666668,13.8,80,14,33.9,24.2
1630560,Cam Thomas,BKN,2023-24,november,Shot Creator,Scorer,Guard,31.5,10.4,34.883720930232556,16.4,75,6,31.3,23.7
1628398,Kyle Kuzma,WAS,2023-24,november,3&D Wing,Wing,Forward,31.6,26.6,33.33333333333333,5.1,81,15,31.3,23.6
202710,Jimmy Butler III,MIA,2023-24,november,Shot Creator,Scorer,Forward,25.9,18.3,22.75862068965517,17.7,79,12,33.9,23.3
1628374,Lauri Markkanen,UTA,2023-24,november,Movement Shooter,Shooter,Big,23.1,3.0,50.31055900621118,4.0,84,11,34.5,23.3
1626157,Karl-Anthony Towns,MIN,2023-24,november,Role Player,Role,Big,26.6,14.3,32.02614379084967,10.0,84,15,33.4,23.1
1630595,Cade Cunningham,DET,2023-24,november,Primary Initiator,Primary,Forward,30.6,31.3,29.20792079207921,11.5,78,15,35.3,22.7
202695,Kawhi Leonard,LAC,2023-24,november,Shot Creator,Scorer,Forward,25.3,13.7,30.28571428571428,16.5,79,14,34.9,22.6
1626179,Terry Rozier,MIA,2023-24,november,Role Player,Role,Guard,26.2,27.3,29.670329670329675,,73,5,35.8,22.6
1630217,Desmond Bane,MEM,2023-24,november,Primary Initiator,Primary,Guard,28.3,28.3,47.916666666666664,7.0,77,13,34.0,22.5
202331,Paul George,LAC,2023-24,november,Shot Creator,Scorer,Forward,26.7,16.8,46.23655913978494,18.4,80,14,36.3,22.3
1628389,Bam Adebayo,MIA,2023-24,november,3&D Wing,Wing,Forward,27.0,21.6,1.2820512820512822,8.0,81,13,33.6,22.2
203944,Julius Randle,NYK,2023-24,november,Shot Creator,Scorer,Forward,28.6,24.6,32.59668508287293,15.8,80,14,35.4,22.0
1628969,Mikal Bridges,BKN,2023-24,november,3&D Wing,Wing,Forward,26.0,18.6,35.59322033898305,2.3,78,15,34.8,22.0
203076,Anthony Davis,LAL,2023-24,november,Post Scorer,Big,Big,24.3,14.6,2.054794520547945,11.5,82,15,34.1,21.8
1630578,Alperen Sengun,HOU,2023-24,november,Shot Creator,Scorer,Big,28.0,25.8,16.025641025641026,14.9,83,13,32.3,21.4
1627759,Jaylen Brown,BOS,2023-24,november,Shot Creator,Scorer,Forward,28.3,18.1,38.46153846153847,20.6,78,14,34.5,21.3
1627783,Pascal Siakam,IND,2023-24,november,Shot Creator,Scorer,Forward,26.3,23.7,22.560975609756103,13.3,80,15,33.7,21.0
1631094,Paolo Banchero,ORL,2023-24,november,Shot Creator,Scorer,Big,26.4,20.6,21.710526315789476,14.7,82,14,33.6,20.9
201942,DeMar DeRozan,CHI,2023-24,november,Shot Creator,Scorer,Forward,24.8,23.6,16.149068322981368,19.9,78,14,35.2,20.8
1630532,Franz Wagner,ORL,2023-24,november,Secondary Ball Handler,Secondary,Big,25.1,16.5,27.2189349112426,7.6,82,14,32.7,20.8
1628970,Miles Bridges,CHA,2023-24,november,3&D Wing,Wing,Forward,20.7,10.6,30.76923076923077,9.0,79,7,36.4,20.3
1641705,Victor Wembanyama,SAS,2023-24,november,Shot Creator,Scorer,Big,28.9,14.3,31.428571428571427,14.5,88,14,30.8,20.1
1630224,Jalen Green,HOU,2023-24,november,Role Player,Role,Guard,26.9,18.1,45.945945945945944,,76,13,31.1,20.0
203897,Zach LaVine,CHI,2023-24,november,Secondary Ball Handler,Secondary,Guard,23.5,17.6,42.94871794871795,9.3,77,14,35.7,20.0
1628991,Jaren Jackson Jr.,MEM,2023-24,november,3&D Wing,Wing,Big,28.8,9.1,31.70731707317074,11.1,82,13,31.3,19.7
203903,Jordan Clarkson,UTA,2023-24,november,3&D Wing,Wing,Guard,27.1,24.4,37.125748502994014,5.2,75,13,32.0,19.5
1627749,Dejounte Murray,ATL,2023-24,november,Role Player,Role,Guard,23.8,21.6,38.55421686746987,,77,14,34.2,19.4
1629636,Darius Garland,CLE,2023-24,november,Secondary Ball Handler,Secondary,Guard,26.6,26.4,31.081081081081074,6.7,73,13,33.4,19.4
1629008,Michael Porter Jr.,DEN,2023-24,november,Movement Shooter,Shooter,Big,21.6,6.3,54.966887417218544,6.9,82,15,32.7,19.0
1627734,Domantas Sabonis,SAC,2023-24,november,Playmaking Big,Big,Big,22.2,32.7,9.090909090909092,,82,14,35.2,18.9
1631096,Chet Holmgren,OKC,2023-24,november,Finisher,Finisher,Big,22.5,13.0,34.10852713178294,7.8,85,14,31.0,18.8
1630567,Scottie Barnes,TOR,2023-24,november,Finisher,Finisher,Forward,22.8,23.7,34.64052287581699,7.9,79,15,34.0,18.7
204001,Kristaps Porziņģis,BOS,2023-24,november,Post Scorer,Big,Big,22.1,10.1,40.33613445378151,,86,12,30.1,18.5
1630170,Devin Vassell,SAS,2023-24,november,Movement Shooter,Shooter,Guard,23.7,19.0,53.07692307692308,2.7,77,9,25.4,18.0
202699,Tobias Harris,PHI,2023-24,november,3&D Wing,Wing,Forward,20.1,11.4,24.087591240875913,4.2,80,15,34.7,17.9
1631114,Jalen Williams,OKC,2023-24,november,Shot Creator,Scorer,Guard,20.8,14.8,22.22222222222222,14.8,77,11,33.4,17.9
1629628,RJ Barrett,TOR,2023-24,november,Secondary Ball Handler,Secondary,Forward,26.9,12.1,35.46099290780142,2.7,78,9,28.7,17.9
1626156,D'Angelo Russell,LAL,2023-24,november,Secondary Ball Handler,Secondary,Guard,22.9,30.2,40.6015037593985,8.7,75,16,29.8,17.6
1629673,Jordan Poole,WAS,2023-24,november,Secondary Ball Handler,Secondary,Guard,27.3,18.0,43.046357615894046,7.9,76,14,29.3,17.1
1631101,Shaedon Sharpe,POR,2023-24,november,Shot Creator,Scorer,Guard,22.7,15.0,37.24137931034483,12.3,77,14,36.8,17.1
1627763,Malcolm Brogdon,POR,2023-24,november,Role Player,Role,Guard,26.6,41.6,33.78378378378378,,76,9,29.2,17.0
203992,Bogdan Bogdanović,ATL,2023-24,november,Stretch Shooter,Shooter,Guard,22.0,10.2,61.832061068702295,,77,14,27.3,16.9
1629640,Keldon Johnson,SAS,2023-24,november,3&D Wing,Wing,Guard,19.3,18.0,41.66666666666667,3.9,77,13,33.3,16.8
1630596,Evan Mobley,CLE,2023-24,november,Finisher,Finisher,Big,19.5,13.8,5.084745762711864,4.7,83,15,33.5,16.7
203471,Dennis Schröder,BKN,2023-24,november,Shot Creator,Scorer,Guard,22.2,29.2,37.121212121212125,14.8,73,15,30.7,16.7
1626167,Myles Turner,IND,2023-24,november,3&D Wing,Wing,Big,23.3,6.4,34.7457627118644,,83,14,26.3,16.5
202696,Nikola Vučević,CHI,2023-24,november,Post Scorer,Big,Big,22.9,16.4,24.18300653594771,,82,16,34.3,16.5
1627832,Fred VanVleet,HOU,2023-24,november,Stretch Shooter,Shooter,Guard,18.6,35.7,60.14492753623188,,72,12,37.8,16.3
203501,Tim Hardaway Jr.,DAL,2023-24,november,Movement Shooter,Shooter,Guard,22.7,8.5,68.42105263157893,2.2,77,14,27.2,16.3
1630175,Cole Anthony,ORL,2023-24,november,Secondary Ball Handler,Secondary,Guard,24.5,23.5,36.607142857142854,6.9,74,14,26.9,15.7
1630193,Immanuel Quickley,TOR,2023-24,november,Secondary Ball Handler,Secondary,Guard,24.7,17.9,44.09448818897638,6.1,74,14,25.0,15.6
1629661,Cameron Johnson,BKN,2023-24,november,Stretch Shooter,Shooter,Forward,20.9,13.9,53.6,,80,10,29.4,15.5
1629130,Duncan Robinson,MIA,2023-24,november,Movement Shooter,Shooter,Forward,18.2,15.1,65.13761467889908,,79,13,31.1,15.4
202691,Klay Thompson,GSW,2023-24,november,Movement Shooter,Shooter,Forward,22.6,11.5,55.639097744360896,,78,15,29.0,15.3
1629632,Coby White,CHI,2023-24,november,Stretch Shooter,Shooter,Guard,20.4,18.2,57.03125,7.7,77,16,33.3,15.3
201935,James Harden,LAC,2023-24,november,Shot Creator,Scorer,Guard,17.8,27.6,59.4059405940594,42.5,77,13,33.6,15.3
1628384,OG Anunoby,NYK,2023-24,november,3&D Wing,Wing,Forward,18.5,10.1,50.0,5.9,79,12,32.5,15.3
203915,Spencer Dinwiddie,LAL,2023-24,november,Stretch Shooter,Shooter,Guard,19.9,27.7,57.758620689655174,,77,14,32.4,15.0
1628380,Zach Collins,SAS,2023-24,november,3&D Wing,Wing,Big,20.8,18.4,37.864077669902905,,83,14,29.0,14.6
1626162,Kelly Oubre Jr.,PHI,2023-24,november,Shot Creator,Scorer,Forward,17.9,2.8,37.50000000000001,12.1,79,5,28.9,14.6
1628381,John Collins,UTA,2023-24,november,3&D Wing,Wing,Forward,18.9,3.1,33.333333333333336,,81,15,30.8,14.5
1629028,Deandre Ayton,POR,2023-24,november,Finisher,Finisher,Big,18.1,8.7,0.0,,84,13,33.3,14.5
1641722,Jordan Hawkins,NOP,2023-24,november,Movement Shooter,Shooter,Guard,18.9,9.9,67.22689075630251,,77,16,30.1,14.4
1629022,Lonnie Walker IV,BKN,2023-24,november,Stretch Shooter,Shooter,Guard,25.5,10.5,52.38095238095239,,76,15,20.8,14.4
1630559,Austin Reaves,LAL,2023-24,november,Shot Creator,Scorer,Guard,19.8,26.7,38.613861386138616,13.5,77,16,30.0,14.4
1628989,Kevin Huerter,SAC,2023-24,november,Stretch Shooter,Shooter,Forward,19.4,18.0,62.5,,79,13,28.1,14.3
1630583,Santi Aldama,MEM,2023-24,november,3&D Wing,Wing,Big,23.1,12.8,46.03174603174603,,84,11,26.3,14.3
1629651,Nic Claxton,BKN,2023-24,november,Shot Creator,Scorer,Big,16.8,6.7,0.0,14.1,83,8,27.4,14.3
202704,Reggie Jackson,DEN,2023-24,november,Role Player,Role,Guard,20.6,24.1,36.28318584070796,,74,15,27.7,14.1
201569,Eric Gordon,PHX,2023-24,november,3&D Wing,Wing,Guard,17.5,13.4,60.0,,75,13,31.6,14.1
1631095,Jabari Smith Jr.,HOU,2023-24,november,3&D Wing,Wing,Big,17.7,6.1,44.66019417475727,5.6,83,13,29.7,14.0
1630552,Jalen Johnson,ATL,2023-24,november,Finisher,Finisher,Forward,16.6,11.3,28.421052631578945,7.9,80,11,30.0,14.0
202685,Jonas Valančiūnas,NOP,2023-24,november,Post Scorer,Big,Big,19.8,14.6,16.3265306122449,,83,16,26.3,14.0
1627741,Buddy Hield,PHI,2023-24,november,Movement Shooter,Shooter,Guard,20.4,11.7,69.02654867256636,,76,14,25.7,13.9
1631109,Mark Williams,CHA,2023-24,november,Finisher,Finisher,Big,17.1,6.3,0.0,,84,14,27.5,13.9
201572,Brook Lopez,MIL,2023-24,november,3&D Wing,Wing,Big,16.4,5.6,51.45631067961165,,85,16,30.2,13.8
1631170,Jaime Jaquez Jr.,MIA,2023-24,november,Shot Creator,Scorer,Forward,18.7,13.9,32.69230769230769,14.8,78,15,29.1,13.8
1629631,De'Andre Hunter,ATL,2023-24,november,3&D Wing,Wing,Forward,18.4,6.3,47.16981132075472,7.5,80,14,30.1,13.8
1628370,Malik Monk,SAC,2023-24,november,Stretch Shooter,Shooter,Guard,23.4,27.0,55.66037735849058,8.4,75,14,24.8,13.8
1630167,Obi Toppin,IND,2023-24,november,3&D Wing,Wing,Forward,17.3,7.3,37.362637362637365,,81,14,25.1,13.8
1627747,Caris LeVert,CLE,2023-24,november,Secondary Ball Handler,Secondary,Forward,20.9,16.0,39.31623931623932,6.2,78,13,29.1,13.8
1641706,Brandon Miller,CHA,2023-24,november,Role Player,Role,Forward,18.4,8.4,36.440677966101696,10.8,79,12,30.5,13.7
202330,Gordon Hayward,OKC,2023-24,november,Role Player,Role,Forward,20.0,18.4,20.472440944881892,,79,13,32.2,13.6
1628401,Derrick White,BOS,2023-24,november,3&D Wing,Wing,Guard,17.6,21.3,58.58585858585859,4.7,76,12,32.6,13.6
1630591,Jalen Suggs,ORL,2023-24,november,Secondary Ball Handler,Secondary,Guard,20.4,15.1,42.00000000000001,6.6,77,13,27.4,13.5
1629622,Max Strus,CLE,2023-24,november,Role Player,Role,Guard,16.3,15.5,63.30275229357798,,77,15,34.4,13.5
1628386,Jarrett Allen,CLE,2023-24,november,Finisher,Finisher,Forward,16.2,11.0,0.0,,81,14,29.0,13.4
1629023,P.J. Washington,DAL,2023-24,november,Stretch Shooter,Shooter,Forward,19.4,9.2,53.78151260504202,4.1,79,13,31.5,13.4
203952,Andrew Wiggins,GSW,2023-24,november,3&D Wing,Wing,Forward,22.3,7.4,29.411764705882355,10.9,79,14,27.7,13.4
1629021,Moritz Wagner,ORL,2023-24,november,Role Player,Role,Big,21.7,11.7,22.89156626506024,,83,14,20.1,13.4
1629001,De'Anthony Melton,PHI,2023-24,november,Role Player,Role,Guard,17.5,15.4,59.22330097087378,,75,15,30.0,13.3
1628415,Dillon Brooks,HOU,2023-24,november,3&D Wing,Wing,Forward,19.2,8.1,39.0,9.3,78,13,29.9,13.2
1630166,Deni Avdija,WAS,2023-24,november,Shot Creator,Scorer,Forward,17.7,18.8,30.526315789473685,14.0,81,15,27.7,13.1
1629060,Rui Hachimura,LAL,2023-24,november,3&D Wing,Wing,Forward,19.4,6.7,30.851063829787233,3.7,80,9,26.1,13.0
203932,Aaron Gordon,DEN,2023-24,november,Shot Creator,Scorer,Forward,18.3,15.6,23.07692307692308,16.0,80,12,35.0,12.9
203114,Khris Middleton,MIL,2023-24,november,Secondary Ball Handler,Secondary,Forward,26.5,25.6,37.735849056603776,6.1,79,13,21.1,12.8
1631110,Jeremy Sochan,SAS,2023-24,november,3&D Wing,Wing,Forward,19.4,22.0,20.192307692307693,,80,14,29.4,12.4
1630180,Saddiq Bey,ATL,2023-24,november,3&D Wing,Wing,Forward,15.2,5.4,51.06382978723404,6.5,79,14,29.1,12.4
1628960,Grayson Allen,PHX,2023-24,november,3&D Wing,Wing,Guard,14.5,12.2,55.172413793103445,2.8,76,12,33.0,12.4
1631099,Keegan Murray,SAC,2023-24,november,Movement Shooter,Shooter,Forward,17.5,8.2,53.71900826446281,4.2,80,10,32.8,12.4
201950,Jrue Holiday,BOS,2023-24,november,Role Player,Role,Guard,17.8,21.1,41.5929203539823,10.1,76,13,34.9,12.4
1631097,Bennedict Mathurin,IND,2023-24,november,Finisher,Finisher,Guard,20.0,9.4,28.846153846153843,9.0,77,14,24.8,12.3
203967,Dario Šarić,GSW,2023-24,november,Stretch Shooter,Shooter,Big,19.7,17.6,54.11764705882353,,82,15,22.5,12.3
203497,Rudy Gobert,MIN,2023-24,november,Finisher,Finisher,Big,15.4,4.9,0.0,,85,15,32.6,12.2
1630581,Josh Giddey,OKC,2023-24,november,Secondary Ball Handler,Secondary,Forward,23.8,22.8,17.391304347826086,5.0,80,14,26.6,12.1
1627751,Jakob Poeltl,TOR,2023-24,november,Finisher,Finisher,Big,15.2,13.6,0.0,,84,15,27.3,12.0
1627736,Malik Beasley,MIL,2023-24,november,Role Player,Role,Guard,14.2,5.9,74.15730337078651,,76,16,28.1,12.0
201566,Russell Westbrook,LAC,2023-24,november,Shot Creator,Scorer,Guard,24.3,30.7,21.73913043478261,13.4,76,14,25.9,12.0
1629012,Collin Sexton,UTA,2023-24,november,Secondary Ball Handler,Secondary,Guard,24.1,27.3,41.75824175824176,5.2,75,15,20.3,11.9
1629018,Gary Trent Jr.,TOR,2023-24,november,Stretch Shooter,Shooter,Guard,18.5,5.8,55.44554455445544,,77,12,25.1,11.8
201565,Derrick Rose,MEM,2023-24,november,Role Player,Role,Guard,20.4,32.7,23.076923076923077,,75,5,19.7,11.8
1630529,Herbert Jones,NOP,2023-24,november,3&D Wing,Wing,Forward,14.7,12.9,44.303797468354425,,79,13,31.3,11.7
1641709,Ausar Thompson,DET,2023-24,november,Finisher,Finisher,Forward,18.4,12.2,19.0,7.7,78,15,28.7,11.7
1630198,Isaiah Joe,OKC,2023-24,november,3&D Wing,Wing,Guard,16.4,7.4,81.33333333333333,,75,14,20.8,11.6
1631093,Jaden Ivey,DET,2023-24,november,3&D Wing,Wing,Guard,19.3,17.9,35.52631578947369,5.6,76,11,23.5,11.6
1627826,Ivica Zubac,LAC,2023-24,november,Post Scorer,Big,Big,17.0,5.8,0.0,,84,14,26.9,11.5
203084,Harrison Barnes,SAC,2023-24,november,3&D Wing,Wing,Forward,14.4,7.1,60.71428571428571,8.0,80,14,30.8,11.4
1630228,Jonathan Kuminga,GSW,2023-24,november,Shot Creator,Scorer,Forward,25.3,9.3,25.84269662921348,12.6,79,15,19.7,11.3
203994,Jusuf Nurkić,PHX,2023-24,november,Finisher,Finisher,Big,18.4,19.5,24.705882352941178,,84,14,27.8,11.2
1626181,Norman Powell,LAC,2023-24,november,Movement Shooter,Shooter,Guard,17.3,6.4,46.83544303797469,10.9,76,14,23.3,11.2
203484,Kentavious Caldwell-Pope,DEN,2023-24,november,3&D Wing,Wing,Guard,13.3,11.0,43.52941176470589,3.1,77,15,34.2,11.2
1629675,Naz Reid,MIN,2023-24,november,Movement Shooter,Shooter,Forward,20.9,4.8,46.98795180722891,3.8,81,15,20.4,11.2
1628971,Bruce Brown,TOR,2023-24,november,Finisher,Finisher,Guard,14.2,11.2,37.362637362637365,4.1,76,14,31.4,10.9
1630573,Sam Hauser,BOS,2023-24,november,Movement Shooter,Shooter,Forward,14.7,6.1,89.33333333333333,,79,15,24.0,10.9
1626171,Bobby Portis,MIL,2023-24,november,3&D Wing,Wing,Big,19.1,5.8,27.83505154639176,3.2,82,16,24.8,10.8
203991,Clint Capela,ATL,2023-24,november,Finisher,Finisher,Big,15.3,4.9,0.0,,82,14,23.8,10.7
200768,Kyle Lowry,PHI,2023-24,november,Role Player,Role,Guard,14.3,20.6,66.66666666666667,,72,14,28.9,10.7
1627936,Alex Caruso,CHI,2023-24,november,3&D Wing,Wing,Guard,16.4,14.3,56.71641791044776,,77,13,23.9,10.5
1641718,Keyonte George,UTA,2023-24,november,Shot Creator,Scorer,Guard,20.2,28.4,52.57731958762887,12.3,76,15,27.2,10.5
1627827,Dorian Finney-Smith,BKN,2023-24,november,Role Player,Role,Forward,12.7,5.8,65.51724137931035,,79,15,31.6,10.5
1630191,Isaiah Stewart,DET,2023-24,november,Finisher,Finisher,Forward,14.9,5.7,47.12643678160919,,80,15,30.7,10.5
1626196,Josh Richardson,MIA,2023-24,november,Role Player,Role,Guard,15.8,16.9,50.0,,77,15,28.2,10.5
1630208,Nick Richards,CHA,2023-24,november,Rim Protector,Big,Big,16.3,2.2,0.0,,84,8,18.1,10.3
201144,Mike Conley,MIN,2023-24,november,3&D Wing,Wing,Guard,13.6,30.4,63.63636363636363,,72,15,29.2,10.1
1626145,Tyus Jones,WAS,2023-24,november,3&D Wing,Wing,Guard,15.4,21.5,28.571428571428577,,73,15,26.7,10.1
1628963,Marvin Bagley III,WAS,2023-24,november,Finisher,Finisher,Big,21.5,9.6,2.739726027397261,7.3,82,14,19.2,10.1
203110,Draymond Green,GSW,2023-24,november,3&D Wing,Wing,Forward,15.8,30.5,43.28358208955223,,78,9,24.4,10.0
1631105,Jalen Duren,DET,2023-24,november,Finisher,Finisher,Big,17.4,13.5,3.614457831325301,8.9,82,8,27.6,10.0
1630557,Corey Kispert,WAS,2023-24,november,Movement Shooter,Shooter,Forward,17.5,10.5,63.1578947368421,,78,14,22.1,9.9
1628997,Caleb Martin,MIA,2023-24,november,3&D Wing,Wing,Guard,21.3,10.2,36.55913978494623,,77,8,21.8,9.9
1630174,Aaron Nesmith,IND,2023-24,november,Movement Shooter,Shooter,Forward,14.9,5.0,49.27536231884058,,78,12,22.5,9.8
1631204,Marcus Sasser,DET,2023-24,november,Role Player,Role,Guard,18.3,23.7,46.98795180722891,,74,15,21.1,9.7
1630165,Killian Hayes,DET,2023-24,november,Role Player,Role,Guard,15.0,23.8,30.58823529411765,,77,14,26.2,9.7
1629652,Luguentz Dort,OKC,2023-24,november,3&D Wing,Wing,Guard,13.9,5.8,56.94444444444444,,76,14,27.7,9.7
203935,Marcus Smart,MEM,2023-24,november,Secondary Ball Handler,Secondary,Guard,20.2,23.2,47.0,4.2,75,7,28.4,9.7
1630346,Matt Ryan,NOP,2023-24,november,Role Player,Role,Forward,13.9,4.5,78.33333333333333,,78,10,23.1,9.7
1630188,Jalen Smith,IND,2023-24,november,3&D Wing,Wing,Forward,18.3,7.8,26.0,,81,11,15.3,9.6
1629655,Daniel Gafford,DAL,2023-24,november,Finisher,Finisher,Big,13.3,8.5,0.0,,82,14,25.0,9.5
1630230,Naji Marshall,NOP,2023-24,november,3&D Wing,Wing,Forward,17.1,15.8,44.776119402985074,5.6,78,10,21.8,9.4
1630183,Jaden McDaniels,MIN,2023-24,november,3&D Wing,Wing,Forward,15.5,6.5,36.986301369863014,2.3,81,10,23.6,9.3
1630219,Skylar Mays,LAL,2023-24,november,Role Player,Role,Guard,19.8,36.1,38.20224719101123,,75,11,22.8,9.3
1628978,Donte DiVincenzo,NYK,2023-24,november,Movement Shooter,Shooter,Guard,18.0,10.0,69.73684210526316,1.9,76,14,21.1,9.2
1629684,Grant Williams,CHA,2023-24,november,3&D Wing,Wing,Forward,13.0,8.3,70.27027027027027,,78,14,28.1,9.2
1631128,Christian Braun,DEN,2023-24,november,Finisher,Finisher,Forward,17.6,11.3,20.547945205479454,,78,15,20.6,9.1
1627777,Georges Niang,CLE,2023-24,november,Role Player,Role,Forward,15.8,7.3,58.108108108108105,,79,15,22.7,9.0
203109,Jae Crowder,MIL,2023-24,november,Role Player,Role,Forward,9.6,7.1,75.47169811320755,,78,6,27.1,9.0
1628379,Luke Kennard,MEM,2023-24,november,Movement Shooter,Shooter,Guard,15.3,13.5,77.63157894736842,,77,7,22.5,9.0
1630168,Onyeka Okongwu,ATL,2023-24,november,3&D Wing,Wing,Big,13.7,6.6,20.338983050847457,1.6,82,14,23.5,9.0
202692,Alec Burks,NYK,2023-24,november,Stretch Shooter,Shooter,Guard,22.8,16.0,63.291139240506325,,77,9,17.3,8.9
1629659,Talen Horton-Tucker,UTA,2023-24,november,Role Player,Role,Guard,21.9,29.1,42.85714285714286,,76,15,22.1,8.9
1641731,Bilal Coulibaly,WAS,2023-24,november,3&D Wing,Wing,Forward,12.5,8.1,45.0,4.8,80,14,26.9,8.9
1628995,Kevin Knox II,POR,2023-24,november,Role Player,Role,Forward,15.2,3.4,51.47058823529412,,79,6,20.7,8.8
1631223,David Roddy,PHX,2023-24,november,Role Player,Role,Guard,17.2,4.6,43.20987654320988,,76,13,23.1,8.7
1627884,Derrick Jones Jr.,DAL,2023-24,november,3&D Wing,Wing,Forward,13.6,6.5,58.46153846153845,,78,14,23.5,8.6
1626220,Royce O'Neale,PHX,2023-24,november,3&D Wing,Wing,Forward,12.3,16.1,86.66666666666667,,78,14,30.0,8.6
1628404,Josh Hart,NYK,2023-24,november,3&D Wing,Wing,Guard,12.0,13.7,41.891891891891895,,76,14,30.1,8.5
1631117,Walker Kessler,UTA,2023-24,november,Finisher,Finisher,Big,15.4,7.0,11.842105263157896,,84,8,24.6,8.5
1630172,Patrick Williams,CHI,2023-24,november,3&D Wing,Wing,Forward,16.0,6.2,42.465753424657535,3.6,79,16,25.1,8.4
1631103,Malaki Branham,SAS,2023-24,november,Role Player,Role,Guard,17.6,14.7,41.463414634146346,,76,14,22.1,8.4
1630533,Ziaire Williams,MEM,2023-24,november,3&D Wing,Wing,Forward,19.0,11.1,45.45454545454545,,81,12,20.2,8.4
1630587,Isaiah Livers,DET,2023-24,november,3&D Wing,Wing,Forward,17.3,8.2,66.66666666666667,,78,5,24.2,8.4
1630703,Scoot Henderson,POR,2023-24,november,Role Player,Role,Guard,24.7,31.5,40.0,,75,5,21.5,8.4
1629629,Cam Reddish,LAL,2023-24,november,Role Player,Role,Forward,13.0,6.1,48.52941176470589,,79,12,27.6,8.3
101108,Chris Paul,GSW,2023-24,november,Role Player,Role,Guard,13.8,37.3,48.57142857142857,,72,14,25.9,8.3
1630700,Dyson Daniels,NOP,2023-24,november,Finisher,Finisher,Forward,14.2,17.9,44.15584415584416,5.6,79,16,28.5,8.2
1629048,Goga Bitadze,ORL,2023-24,november,Finisher,Finisher,Big,13.0,10.2,3.508771929824561,,82,13,23.8,8.2
201568,Danilo Gallinari,MIL,2023-24,november,Role Player,Role,Big,19.2,15.0,47.45762711864406,,82,13,15.8,8.1
1629013,Landry Shamet,WAS,2023-24,november,3&D Wing,Wing,Guard,18.0,11.5,62.121212121212125,,76,14,16.8,8.0
1627752,Taurean Prince,LAL,2023-24,november,3&D Wing,Wing,Forward,12.3,7.0,53.24675324675325,,78,14,30.2,8.0
1641726,Dereck Lively II,DAL,2023-24,november,Role Player,Role,Big,11.1,7.9,3.8461538461538463,,85,12,25.3,7.9
1629234,Drew Eubanks,PHX,2023-24,november,Finisher,Finisher,Big,15.8,11.0,4.0,,82,13,18.1,7.7
1629614,Andrew Nembhard,IND,2023-24,november,Role Player,Role,Guard,18.5,25.6,34.285714285714285,8.9,76,11,18.0,7.6
203482,Kelly Olynyk,TOR,2023-24,november,Playmaking Big,Big,Big,14.0,22.9,40.42553191489361,,83,15,21.5,7.5
1630541,Moses Moody,GSW,2023-24,november,Movement Shooter,Shooter,Guard,16.6,8.9,46.666666666666664,4.9,77,15,17.8,7.5
1630577,Julian Champagnie,SAS,2023-24,november,Movement Shooter,Shooter,Forward,18.6,9.2,70.58823529411765,,79,9,18.0,7.4
1629638,Nickeil Alexander-Walker,MIN,2023-24,november,Movement Shooter,Shooter,Guard,13.1,16.7,64.06249999999999,2.9,77,15,23.9,7.4
202687,Bismack Biyombo,OKC,2023-24,november,Role Player,Role,Forward,11.4,10.1,0.0,,80,12,26.3,7.3
203914,Gary Harris,ORL,2023-24,november,3&D Wing,Wing,Guard,11.7,12.4,76.92307692307692,,76,9,21.7,7.3
201143,Al Horford,BOS,2023-24,november,3&D Wing,Wing,Forward,10.6,15.8,68.96551724137932,,81,13,26.7,7.2
1630173,Precious Achiuwa,NYK,2023-24,november,Finisher,Finisher,Forward,19.3,20.5,28.333333333333332,,80,10,17.1,7.2
1631323,Simone Fontecchio,DET,2023-24,november,Movement Shooter,Shooter,Forward,15.9,8.8,70.6896551724138,,79,15,17.6,7.2
1630200,Tre Jones,SAS,2023-24,november,Finisher,Finisher,Guard,16.3,28.6,27.027027027027025,4.8,73,11,23.5,7.2
1630202,Payton Pritchard,BOS,2023-24,november,Shot Creator,Scorer,Guard,14.2,18.2,58.730158730158735,12.8,73,15,21.5,7.1
201567,Kevin Love,MIA,2023-24,november,Stretch Shooter,Shooter,Forward,19.2,18.9,70.17543859649122,,80,10,16.3,7.1
1641764,Brandin Podziemski,GSW,2023-24,november,3&D Wing,Wing,Guard,16.7,19.4,43.10344827586207,6.1,76,12,16.9,7.1
1626224,Cedi Osman,SAS,2023-24,november,Role Player,Role,Forward,15.3,10.3,59.01639344262296,,79,14,18.6,7.0
1626174,Christian Wood,LAL,2023-24,november,Role Player,Role,Forward,16.2,4.7,45.76271186440678,,80,16,21.0,7.0
1631133,Jabari Walker,POR,2023-24,november,3&D Wing,Wing,Forward,18.0,6.4,33.84615384615385,,79,14,17.8,7.0
203937,Kyle Anderson,MIN,2023-24,november,Shot Creator,Scorer,Forward,14.1,24.9,11.320754716981131,12.6,81,15,23.7,6.9
1629312,Haywood Highsmith,MIA,2023-24,november,Role Player,Role,Guard,13.3,9.3,58.620689655172406,,77,14,23.6,6.9
201587,Nicolas Batum,PHI,2023-24,november,3&D Wing,Wing,Forward,7.7,7.3,80.0,,80,10,25.4,6.9
1629642,Nassir Little,PHX,2023-24,november,Role Player,Role,Forward,15.2,8.0,55.55555555555556,,78,8,15.3,6.9
1630631,Jose Alvarado,NOP,2023-24,november,Secondary Ball Handler,Secondary,Guard,21.2,19.7,49.23076923076923,4.2,72,6,15.9,6.8
1630549,Day'Ron Sharpe,BKN,2023-24,november,Finisher,Finisher,Forward,16.0,6.7,6.382978723404255,3.7,81,15,16.6,6.8
1630534,Ochai Agbaji,TOR,2023-24,november,3&D Wing,Wing,Guard,11.6,7.9,68.62745098039215,,77,15,21.5,6.8
1631106,Tari Eason,HOU,2023-24,november,3&D Wing,Wing,Forward,17.0,6.4,27.868852459016395,5.0,80,9,17.6,6.8
1629611,Terance Mann,LAC,2023-24,november,3&D Wing,Wing,Guard,11.8,10.6,39.68253968253968,3.7,77,12,26.9,6.8
1641717,Cason Wallace,OKC,2023-24,november,3&D Wing,Wing,Guard,10.9,8.4,40.42553191489361,4.2,75,14,22.5,6.7
203926,Doug McDermott,IND,2023-24,november,3&D Wing,Wing,Forward,14.2,15.4,75.51020408163265,,78,13,17.4,6.6
1629680,Matisse Thybulle,POR,2023-24,november,Role Player,Role,Guard,10.7,7.1,77.55102040816325,,77,14,23.7,6.6
1628988,Aaron Holiday,HOU,2023-24,november,3&D Wing,Wing,Guard,13.0,14.8,51.85185185185185,,72,13,19.5,6.5
1630245,Ayo Dosunmu,CHI,2023-24,november,3&D Wing,Wing,Guard,14.1,15.3,44.680851063829785,2.2,77,14,18.3,6.5
1628464,Daniel Theis,LAC,2023-24,november,Role Player,Role,Forward,19.0,12.0,13.114754098360656,,80,9,15.7,6.4
1630256,Jae'Sean Tate,HOU,2023-24,november,Role Player,Role,Guard,12.5,11.7,45.09803921568628,,76,12,19.3,6.4
1628372,Dennis Smith Jr.,BKN,2023-24,november,Role Player,Role,Guard,17.5,28.4,29.687499999999993,,75,8,18.6,6.4
1628966,Keita Bates-Diop,BKN,2023-24,november,Role Player,Role,Forward,12.8,6.6,38.88888888888889,,80,14,20.8,6.3
1641739,Toumani Camara,POR,2023-24,november,3&D Wing,Wing,Forward,11.1,5.5,53.06122448979592,6.3,79,14,25.2,6.3
1629011,Mitchell Robinson,NYK,2023-24,november,Finisher,Finisher,Big,9.1,2.2,0.0,,84,14,30.3,6.2
1629656,Quentin Grimes,DET,2023-24,november,3&D Wing,Wing,Guard,12.2,8.3,83.60655737704919,10.4,77,12,23.0,6.2
1630558,Davion Mitchell,SAC,2023-24,november,Shot Creator,Scorer,Guard,16.0,25.4,60.0,28.6,72,11,17.9,6.0
1630182,Josh Green,DAL,2023-24,november,3&D Wing,Wing,Guard,11.3,12.2,65.45454545454545,,77,14,23.6,6.0
1630201,Malachi Flynn,DET,2023-24,november,Role Player,Role,Guard,13.8,17.8,60.7843137254902,,73,15,18.6,6.0
1630692,Jordan Goodwin,MEM,2023-24,november,3&D Wing,Wing,Guard,15.9,20.0,54.71698113207547,,76,14,15.6,5.9
1626166,Cameron Payne,PHI,2023-24,november,Role Player,Role,Guard,13.9,18.8,58.333333333333336,,75,16,18.0,5.8
1626153,Delon Wright,MIA,2023-24,november,Role Player,Role,Guard,12.8,25.0,52.94117647058824,,77,5,16.8,5.8
1629026,Kenrich Williams,OKC,2023-24,november,3&D Wing,Wing,Forward,11.7,16.2,43.90243902439025,,78,8,17.4,5.8
1629006,Josh Okogie,PHX,2023-24,november,3&D Wing,Wing,Guard,13.1,7.9,45.238095238095234,,76,14,19.5,5.6
1626192,Pat Connaughton,MIL,2023-24,november,Role Player,Role,Guard,10.1,10.6,65.95744680851064,,77,15,23.3,5.6
1629003,Shake Milton,NYK,2023-24,november,Role Player,Role,Guard,17.9,12.8,37.5,,77,15,15.4,5.6
204060,Joe Ingles,ORL,2023-24,november,Role Player,Role,Forward,11.5,21.6,61.36363636363637,,81,14,19.9,5.6
1630699,MarJon Beauchamp,MIL,2023-24,november,Role Player,Role,Forward,15.1,8.7,48.93617021276595,,79,13,16.2,5.5
1626172,Kevon Looney,GSW,2023-24,november,Finisher,Finisher,Forward,9.7,18.5,0.0,,81,15,22.5,5.3
1641710,Anthony Black,ORL,2023-24,november,3&D Wing,Wing,Forward,11.9,9.4,36.36363636363637,4.4,79,14,20.9,5.1
203496,Robert Covington,PHI,2023-24,november,Role Player,Role,Forward,11.5,5.4,53.846153846153854,,79,15,17.1,5.1
1627780,Gary Payton II,GSW,2023-24,november,Finisher,Finisher,Guard,13.1,7.3,29.54545454545454,,74,10,16.3,5.0
1631108,Max Christie,LAL,2023-24,november,3&D Wing,Wing,Guard,13.7,7.7,46.938775510204074,5.7,77,14,18.7,4.9
1631121,Bryce McGowens,CHA,2023-24,november,3&D Wing,Wing,Forward,12.5,8.3,68.57142857142857,5.2,78,12,15.7,4.9
1628392,Isaiah Hartenstein,NYK,2023-24,november,Finisher,Finisher,Big,12.5,7.1,2.777777777777778,,84,14,16.6,4.8
1631367,Jacob Gilyard,BKN,2023-24,november,Role Player,Role,Guard,9.7,26.5,91.66666666666666,,68,12,19.0,4.6
1628470,Torrey Craig,CHI,2023-24,november,Role Player,Role,Guard,10.7,7.9,52.27272727272726,,77,16,21.4,4.4
1629139,Yuta Watanabe,MEM,2023-24,november,Role Player,Role,Forward,12.0,4.2,80.95238095238095,,81,10,18.1,4.3
203939,Dwight Powell,DAL,2023-24,november,Finisher,Finisher,Big,8.7,13.1,0.0,,82,14,15.2,4.3
1630171,Isaac Okoro,CLE,2023-24,november,3&D Wing,Wing,Guard,9.9,7.2,30.303030303030305,,77,6,19.3,3.8
1630550,JT Thor,CHA,2023-24,november,Role Player,Role,Forward,9.8,3.6,54.545454545454554,,81,14,15.5,3.6
201976,Patrick Beverley,MIL,2023-24,november,Role Player,Role,Guard,10.5,18.8,61.76470588235294,,74,15,17.1,3.5
202397,Ish Smith,CHA,2023-24,november,Role Player,Role,Guard,11.6,20.5,7.142857142857144,,72,11,15.9,3.2
1629723,John Konchar,MEM,2023-24,november,3&D Wing,Wing,Guard,9.4,15.3,54.285714285714285,,77,10,17.1,2.9
1629731,Dean Wade,CLE,2023-24,november,3&D Wing,Wing,Forward,6.7,5.1,100.0,,81,10,18.5,2.6
203954,Joel Embiid,PHI,2023-24,december,Shot Creator,Scorer,Big,41.2,27.5,12.236286919831224,12.3,84,9,33.5,40.2
1629029,Luka Dončić,DAL,2023-24,december,Primary Initiator,Primary,Forward,36.7,46.0,44.230769230769226,16.0,79,13,39.5,37.5
203507,Giannis Antetokounmpo,MIL,2023-24,december,Playmaking Big,Big,Big,31.7,29.1,6.914893617021277,10.9,83,13,35.6,32.5
1628983,Shai Gilgeous-Alexander,OKC,2023-24,december,Primary Initiator,Primary,Forward,30.8,28.1,15.609756097560975,26.3,78,13,35.2,31.9
1629027,Trae Young,ATL,2023-24,december,Primary Initiator,Primary,Guard,31.1,48.9,49.05660377358491,12.0,73,13,37.4,30.4
202695,Kawhi Leonard,LAC,2023-24,december,Shot Creator,Scorer,Forward,25.9,17.8,29.775280898876407,16.5,79,9,35.3,29.3
1628368,De'Aaron Fox,SAC,2023-24,december,Primary Initiator,Primary,Guard,32.9,27.6,42.99065420560748,10.1,75,13,34.5,29.3
1628378,Donovan Mitchell,CLE,2023-24,december,Primary Initiator,Primary,Guard,30.2,26.7,42.85714285714286,11.4,75,9,37.8,28.6
203076,Anthony Davis,LAL,2023-24,december,Post Scorer,Big,Big,28.3,14.4,8.080808080808081,11.5,82,13,36.5,28.5
1629014,Anfernee Simons,POR,2023-24,december,Primary Initiator,Primary,Guard,29.9,26.3,46.26168224299066,18.2,75,10,34.9,28.0
201142,Kevin Durant,PHX,2023-24,december,Shot Creator,Scorer,Big,27.0,27.6,24.043715846994537,20.8,83,12,37.5,27.9
203944,Julius Randle,NYK,2023-24,december,Shot Creator,Scorer,Forward,28.4,16.8,20.105820105820108,15.8,80,14,36.5,27.6
1626164,Devin Booker,PHX,2023-24,december,Primary Initiator,Primary,Forward,28.2,31.6,28.35051546391753,14.0,78,13,37.7,26.9
1628973,Jalen Brunson,NYK,2023-24,december,Primary Initiator,Primary,Guard,29.0,27.9,27.77777777777778,14.4,74,14,36.1,26.9
1630217,Desmond Bane,MEM,2023-24,december,Primary Initiator,Primary,Guard,28.1,26.1,45.07772020725388,7.0,77,14,34.8,26.4
2544,LeBron James,LAL,2023-24,december,Primary Initiator,Primary,Forward,29.0,41.6,25.906735751295333,12.8,81,12,35.4,26.3
203081,Damian Lillard,MIL,2023-24,december,Stretch Shooter,Shooter,Guard,26.4,24.7,51.74418604651163,,74,13,35.5,26.3
1629639,Tyler Herro,MIA,2023-24,december,Primary Initiator,Primary,Guard,29.8,19.7,40.59405940594059,13.3,77,6,35.1,26.0
1628369,Jayson Tatum,BOS,2023-24,december,Primary Initiator,Primary,Forward,28.5,18.8,43.81443298969073,,80,12,36.4,25.8
1630162,Anthony Edwards,MIN,2023-24,december,Primary Initiator,Primary,Guard,32.6,25.2,35.05154639175258,23.4,76,11,33.9,25.7
1630595,Cade Cunningham,DET,2023-24,december,Primary Initiator,Primary,Forward,28.4,32.9,26.881720430107524,11.5,78,13,35.5,25.2
1629630,Ja Morant,MEM,2023-24,december,Primary Initiator,Primary,Guard,30.5,37.9,24.0,14.1,74,6,35.5,25.2
1631094,Paolo Banchero,ORL,2023-24,december,Primary Initiator,Primary,Big,31.0,23.3,21.5,14.7,82,14,35.5,25.0
1627783,Pascal Siakam,IND,2023-24,december,Shot Creator,Scorer,Forward,25.3,21.5,17.575757575757574,13.3,80,13,35.9,24.8
1630178,Tyrese Maxey,PHI,2023-24,december,Shot Creator,Scorer,Guard,26.9,24.6,42.931937172774866,14.5,74,13,35.9,24.8
1629636,Darius Garland,CLE,2023-24,december,Primary Initiator,Primary,Guard,28.4,28.0,33.33333333333333,6.7,73,6,35.6,24.5
201939,Stephen Curry,GSW,2023-24,december,Movement Shooter,Shooter,Guard,28.0,22.1,58.333333333333336,10.1,74,13,33.8,24.5
1627759,Jaylen Brown,BOS,2023-24,december,Shot Creator,Scorer,Forward,28.1,17.2,27.77777777777778,20.6,78,13,32.9,24.4
1626179,Terry Rozier,MIA,2023-24,december,Role Player,Role,Guard,27.8,35.5,43.22916666666667,,73,12,35.7,24.3
1630567,Scottie Barnes,TOR,2023-24,december,Finisher,Finisher,Forward,25.4,24.6,38.50574712643679,7.9,79,13,35.8,23.8
201942,DeMar DeRozan,CHI,2023-24,december,Shot Creator,Scorer,Forward,24.6,25.3,16.57142857142857,19.9,78,14,38.6,23.7
1628374,Lauri Markkanen,UTA,2023-24,december,Movement Shooter,Shooter,Big,24.6,12.9,51.87500000000001,4.0,84,8,31.0,23.0
1628991,Jaren Jackson Jr.,MEM,2023-24,december,3&D Wing,Wing,Big,27.1,8.0,30.967741935483872,11.1,82,15,31.5,22.8
203999,Nikola Jokić,DEN,2023-24,december,Playmaking Big,Big,Big,26.5,37.9,14.465408805031446,5.3,83,15,33.4,22.7
1629632,Coby White,CHI,2023-24,december,Secondary Ball Handler,Secondary,Guard,23.9,22.2,45.97701149425288,7.7,77,14,38.1,22.6
1628398,Kyle Kuzma,WAS,2023-24,december,3&D Wing,Wing,Forward,30.8,16.9,40.211640211640216,5.1,81,14,31.7,22.6
1627742,Brandon Ingram,NOP,2023-24,december,Shot Creator,Scorer,Forward,26.7,25.1,22.151898734177212,13.8,80,14,34.1,22.6
1630532,Franz Wagner,ORL,2023-24,december,Playmaking Big,Big,Big,25.6,22.0,25.287356321839084,7.6,82,14,36.0,22.5
204001,Kristaps Porziņģis,BOS,2023-24,december,Post Scorer,Big,Big,26.3,5.9,43.15068493150685,,86,8,31.3,22.0
202331,Paul George,LAC,2023-24,december,Shot Creator,Scorer,Forward,26.2,16.3,45.08670520231214,18.4,80,11,33.2,22.0
203924,Jerami Grant,POR,2023-24,december,3&D Wing,Wing,Forward,23.4,15.1,33.55263157894737,10.7,79,9,34.8,21.6
1628389,Bam Adebayo,MIA,2023-24,december,3&D Wing,Wing,Forward,27.2,21.3,1.30718954248366,8.0,81,6,35.4,21.5
1627750,Jamal Murray,DEN,2023-24,december,Shot Creator,Scorer,Guard,27.2,26.7,35.36585365853659,14.6,76,12,29.8,21.5
1627749,Dejounte Murray,ATL,2023-24,december,Role Player,Role,Guard,23.4,21.8,38.63636363636363,,77,14,34.8,21.4
1630169,Tyrese Haliburton,IND,2023-24,december,Stretch Shooter,Shooter,Guard,24.7,53.8,50.588235294117645,,77,12,34.5,21.4
1630578,Alperen Sengun,HOU,2023-24,december,Shot Creator,Scorer,Big,27.2,24.8,12.17948717948718,14.9,83,14,31.4,21.2
1629012,Collin Sexton,UTA,2023-24,december,Secondary Ball Handler,Secondary,Guard,26.6,24.2,30.28169014084507,5.2,75,14,28.4,21.1
1629627,Zion Williamson,NOP,2023-24,december,Shot Creator,Scorer,Forward,25.7,22.8,3.076923076923077,23.8,78,12,29.6,20.4
1628401,Derrick White,BOS,2023-24,december,Stretch Shooter,Shooter,Guard,21.0,22.1,55.79710144927537,4.7,76,14,33.0,20.3
1627734,Domantas Sabonis,SAC,2023-24,december,Playmaking Big,Big,Big,22.8,34.8,7.913669064748202,,82,14,34.4,20.3
1628969,Mikal Bridges,BKN,2023-24,december,3&D Wing,Wing,Forward,25.2,16.1,33.5483870967742,2.3,78,15,33.0,20.3
203992,Bogdan Bogdanović,ATL,2023-24,december,Stretch Shooter,Shooter,Guard,23.8,14.1,58.62068965517242,,77,12,31.4,20.1
1626157,Karl-Anthony Towns,MIN,2023-24,december,Role Player,Role,Big,25.6,13.8,28.776978417266186,10.0,84,12,31.7,20.1
201935,James Harden,LAC,2023-24,december,Shot Creator,Scorer,Guard,22.2,35.6,55.645161290322584,42.5,77,13,34.7,20.0
1630560,Cam Thomas,BKN,2023-24,december,Shot Creator,Scorer,Guard,30.0,13.5,30.635838150289015,16.4,75,15,28.8,19.7
202710,Jimmy Butler III,MIA,2023-24,december,Shot Creator,Scorer,Forward,24.3,24.9,8.823529411764707,17.7,79,9,33.5,19.7
202711,Bojan Bogdanovic,NYK,2023-24,december,Role Player,Role,Forward,23.3,11.7,48.34437086092716,,79,13,34.2,19.6
203501,Tim Hardaway Jr.,DAL,2023-24,december,Movement Shooter,Shooter,Guard,25.0,8.9,58.18181818181818,2.2,77,13,31.3,19.4
1626167,Myles Turner,IND,2023-24,december,3&D Wing,Wing,Big,23.1,3.9,31.707317073170728,,83,13,28.6,19.2
203468,CJ McCollum,NOP,2023-24,december,Stretch Shooter,Shooter,Guard,21.7,19.9,51.35135135135135,8.8,75,13,33.6,19.0
1627832,Fred VanVleet,HOU,2023-24,december,Role Player,Role,Guard,20.1,30.2,49.30555555555555,,72,14,38.1,18.9
1628970,Miles Bridges,CHA,2023-24,december,3&D Wing,Wing,Forward,24.9,13.4,40.659340659340664,9.0,79,12,36.3,18.8
1631114,Jalen Williams,OKC,2023-24,december,Shot Creator,Scorer,Guard,22.9,18.6,24.63768115942029,14.8,77,13,30.5,18.8
1629640,Keldon Johnson,SAS,2023-24,december,3&D Wing,Wing,Guard,23.6,16.9,39.16083916083915,3.9,77,13,32.2,18.5
202691,Klay Thompson,GSW,2023-24,december,Movement Shooter,Shooter,Forward,22.8,9.0,65.51724137931035,,78,13,30.9,18.2
1641705,Victor Wembanyama,SAS,2023-24,december,Shot Creator,Scorer,Big,28.7,21.0,28.37837837837838,14.5,88,10,28.6,18.1
1630170,Devin Vassell,SAS,2023-24,december,Movement Shooter,Shooter,Guard,22.6,15.7,49.03225806451613,2.7,77,14,32.1,18.1
202696,Nikola Vučević,CHI,2023-24,december,Post Scorer,Big,Big,24.6,17.8,28.31325301204819,,82,11,33.4,17.7
1629628,RJ Barrett,TOR,2023-24,december,Secondary Ball Handler,Secondary,Forward,26.3,11.8,32.236842105263165,2.7,78,13,29.5,17.6
1631096,Chet Holmgren,OKC,2023-24,december,Finisher,Finisher,Big,21.1,10.4,32.786885245901644,7.8,85,13,29.7,17.4
203114,Khris Middleton,MIL,2023-24,december,Secondary Ball Handler,Secondary,Forward,22.7,25.5,36.56716417910448,6.1,79,12,30.0,17.3
1630559,Austin Reaves,LAL,2023-24,december,Shot Creator,Scorer,Guard,22.1,25.5,46.280991735537185,13.5,77,14,28.7,17.3
1631099,Keegan Murray,SAC,2023-24,december,Movement Shooter,Shooter,Forward,19.5,5.7,50.3875968992248,4.2,80,14,31.9,17.2
1629673,Jordan Poole,WAS,2023-24,december,Secondary Ball Handler,Secondary,Guard,24.7,18.7,46.09929078014184,7.9,76,14,29.4,17.1
1629631,De'Andre Hunter,ATL,2023-24,december,3&D Wing,Wing,Forward,19.4,5.7,32.0,7.5,80,6,31.2,16.3
1627747,Caris LeVert,CLE,2023-24,december,Secondary Ball Handler,Secondary,Forward,27.2,25.5,42.857142857142854,6.2,78,8,26.9,16.3
1631170,Jaime Jaquez Jr.,MIA,2023-24,december,Shot Creator,Scorer,Forward,20.1,12.2,22.950819672131143,14.8,78,13,33.6,16.1
202699,Tobias Harris,PHI,2023-24,december,3&D Wing,Wing,Forward,19.4,14.5,26.77165354330709,4.2,80,14,32.9,15.9
1631105,Jalen Duren,DET,2023-24,december,Finisher,Finisher,Big,15.4,7.4,0.0,8.9,82,5,33.4,15.8
202685,Jonas Valančiūnas,NOP,2023-24,december,Post Scorer,Big,Big,19.9,10.7,17.92452830188679,,83,14,29.8,15.8
202330,Gordon Hayward,OKC,2023-24,december,Role Player,Role,Forward,20.5,21.9,20.18348623853211,,79,9,31.2,15.7
1631101,Shaedon Sharpe,POR,2023-24,december,Shot Creator,Scorer,Guard,19.8,14.7,48.8,12.3,77,8,31.5,15.6
1641706,Brandon Miller,CHA,2023-24,december,Secondary Ball Handler,Secondary,Forward,23.2,12.2,43.88489208633093,10.8,79,12,32.0,15.5
1628370,Malik Monk,SAC,2023-24,december,Stretch Shooter,Shooter,Guard,22.9,32.9,56.52173913043478,8.4,75,13,25.7,15.5
1628384,OG Anunoby,NYK,2023-24,december,3&D Wing,Wing,Forward,17.1,12.8,48.333333333333336,5.9,79,12,34.8,15.3
203957,Danté Exum,DAL,2023-24,december,Role Player,Role,Guard,16.9,18.6,35.71428571428571,,77,13,31.1,15.3
1628386,Jarrett Allen,CLE,2023-24,december,Finisher,Finisher,Forward,17.9,15.5,1.020408163265306,,81,13,30.8,15.2
203994,Jusuf Nurkić,PHX,2023-24,december,Finisher,Finisher,Big,24.2,14.5,18.699186991869915,,84,12,28.9,15.2
1626171,Bobby Portis,MIL,2023-24,december,3&D Wing,Wing,Big,20.1,5.7,32.407407407407405,3.2,82,13,24.9,15.2
1626145,Tyus Jones,WAS,2023-24,december,3&D Wing,Wing,Guard,16.4,28.7,39.42307692307692,,73,14,29.4,15.0
1630703,Scoot Henderson,POR,2023-24,december,Role Player,Role,Guard,25.8,26.7,28.26086956521739,,75,13,28.3,14.9
1627763,Malcolm Brogdon,POR,2023-24,december,Stretch Shooter,Shooter,Guard,18.3,25.9,51.78571428571429,,76,11,28.7,14.9
1629659,Talen Horton-Tucker,UTA,2023-24,december,Role Player,Role,Guard,26.1,27.7,32.45614035087719,,76,10,22.2,14.9
1630224,Jalen Green,HOU,2023-24,december,Role Player,Role,Guard,25.7,15.6,44.776119402985074,,76,14,28.3,14.9
1628960,Grayson Allen,PHX,2023-24,december,3&D Wing,Wing,Guard,14.0,10.0,58.94736842105262,2.8,76,11,34.7,14.8
1630530,Trey Murphy III,NOP,2023-24,december,Stretch Shooter,Shooter,Forward,18.5,8.8,63.106796116504846,6.6,80,12,27.0,14.8
1629661,Cameron Johnson,BKN,2023-24,december,3&D Wing,Wing,Forward,17.4,10.4,53.21100917431192,,80,14,28.8,14.7
1629130,Duncan Robinson,MIA,2023-24,december,Movement Shooter,Shooter,Forward,18.8,19.4,64.76190476190476,,79,13,29.0,14.7
1631097,Bennedict Mathurin,IND,2023-24,december,Secondary Ball Handler,Secondary,Guard,23.1,11.0,36.11111111111111,9.0,77,14,25.5,14.6
1626181,Norman Powell,LAC,2023-24,december,Movement Shooter,Shooter,Guard,18.6,4.4,45.28301886792453,10.9,76,13,28.0,14.6
203903,Jordan Clarkson,UTA,2023-24,december,3&D Wing,Wing,Guard,27.7,30.6,41.6058394160584,5.2,75,6,25.9,14.5
1629008,Michael Porter Jr.,DEN,2023-24,december,Movement Shooter,Shooter,Big,18.6,5.2,48.7603305785124,6.9,82,15,31.3,14.3
203915,Spencer Dinwiddie,LAL,2023-24,december,Role Player,Role,Guard,20.2,28.6,48.06201550387597,,77,14,32.7,14.3
1630228,Jonathan Kuminga,GSW,2023-24,december,Shot Creator,Scorer,Forward,21.6,9.2,27.55102040816326,12.6,79,13,24.4,14.2
203932,Aaron Gordon,DEN,2023-24,december,Shot Creator,Scorer,Forward,17.4,13.3,13.684210526315791,16.0,80,12,29.5,14.2
1630172,Patrick Williams,CHI,2023-24,december,3&D Wing,Wing,Forward,16.1,8.1,35.57692307692308,3.6,79,14,33.0,14.1
201950,Jrue Holiday,BOS,2023-24,december,Role Player,Role,Guard,15.8,15.6,42.056074766355145,10.1,76,13,34.8,14.1
1629622,Max Strus,CLE,2023-24,december,Stretch Shooter,Shooter,Guard,20.0,15.6,70.28985507246375,,77,13,34.1,14.1
1629675,Naz Reid,MIN,2023-24,december,Movement Shooter,Shooter,Forward,23.2,10.2,53.333333333333336,3.8,81,13,23.5,14.1
1630193,Immanuel Quickley,TOR,2023-24,december,Stretch Shooter,Shooter,Guard,21.4,10.5,52.68817204301075,6.1,74,12,22.9,14.0
1630180,Saddiq Bey,ATL,2023-24,december,3&D Wing,Wing,Forward,15.6,4.8,54.91803278688525,6.5,79,14,36.7,14.0
1631095,Jabari Smith Jr.,HOU,2023-24,december,3&D Wing,Wing,Big,17.4,8.4,38.77551020408163,5.6,83,13,30.8,13.8
1631093,Jaden Ivey,DET,2023-24,december,3&D Wing,Wing,Guard,21.8,15.7,32.142857142857146,5.6,76,13,28.9,13.8
201144,Mike Conley,MIN,2023-24,december,3&D Wing,Wing,Guard,16.5,30.7,64.44444444444444,,72,13,29.8,13.8
203991,Clint Capela,ATL,2023-24,december,Finisher,Finisher,Big,16.5,7.8,0.0,,82,13,29.3,13.8
1628415,Dillon Brooks,HOU,2023-24,december,3&D Wing,Wing,Forward,18.1,7.5,48.67256637168141,9.3,78,12,31.5,13.8
1630174,Aaron Nesmith,IND,2023-24,december,Movement Shooter,Shooter,Forward,16.3,5.4,60.67415730337079,,78,14,27.8,13.6
1641718,Keyonte George,UTA,2023-24,december,Shot Creator,Scorer,Guard,24.2,28.4,52.83018867924528,12.3,76,8,25.8,13.5
203497,Rudy Gobert,MIN,2023-24,december,Finisher,Finisher,Big,15.0,6.1,1.2987012987012987,,85,13,32.8,13.5
203078,Bradley Beal,PHX,2023-24,december,Role Player,Role,Guard,19.3,20.0,22.727272727272727,,76,5,26.1,13.4
1627826,Ivica Zubac,LAC,2023-24,december,Post Scorer,Big,Big,16.6,7.7,0.0,,84,13,28.1,13.2
1628978,Donte DiVincenzo,NYK,2023-24,december,Movement Shooter,Shooter,Guard,16.9,12.2,76.19047619047619,1.9,76,14,22.2,13.1
1629028,Deandre Ayton,POR,2023-24,december,Finisher,Finisher,Big,20.5,6.4,0.0,,84,7,31.5,13.0
1627741,Buddy Hield,PHI,2023-24,december,Movement Shooter,Shooter,Guard,17.8,10.8,72.11538461538461,,76,14,28.6,12.9
1630557,Corey Kispert,WAS,2023-24,december,Movement Shooter,Shooter,Forward,20.7,10.6,62.36559139784945,,78,14,22.0,12.9
1629023,P.J. Washington,DAL,2023-24,december,3&D Wing,Wing,Forward,21.7,14.8,49.5575221238938,4.1,79,11,26.6,12.7
1630175,Cole Anthony,ORL,2023-24,december,Secondary Ball Handler,Secondary,Guard,22.6,20.5,35.64356435643565,6.9,74,14,23.6,12.7
1629655,Daniel Gafford,DAL,2023-24,december,Finisher,Finisher,Big,15.2,7.9,0.0,,82,13,26.6,12.7
1628997,Caleb Martin,MIA,2023-24,december,3&D Wing,Wing,Guard,18.3,13.4,32.67326732673268,,77,11,30.5,12.6
1627884,Derrick Jones Jr.,DAL,2023-24,december,3&D Wing,Wing,Forward,16.9,5.0,51.02040816326531,,78,15,28.9,12.5
203952,Andrew Wiggins,GSW,2023-24,december,3&D Wing,Wing,Forward,21.2,9.6,28.30188679245283,10.9,79,10,25.6,12.5
203471,Dennis Schröder,BKN,2023-24,december,Shot Creator,Scorer,Guard,16.7,26.3,36.53846153846153,14.8,73,13,33.5,12.3
1629652,Luguentz Dort,OKC,2023-24,december,3&D Wing,Wing,Guard,15.4,6.0,53.40909090909091,,76,12,29.1,12.3
1628381,John Collins,UTA,2023-24,december,3&D Wing,Wing,Forward,20.7,3.4,37.755102040816325,,81,10,26.0,12.2
1630591,Jalen Suggs,ORL,2023-24,december,Stretch Shooter,Shooter,Guard,19.6,13.3,56.98924731182795,6.6,77,11,25.4,12.1
1627736,Malik Beasley,MIL,2023-24,december,Role Player,Role,Guard,12.2,5.6,70.45454545454545,,76,11,31.5,12.1
1627752,Taurean Prince,LAL,2023-24,december,3&D Wing,Wing,Forward,13.7,8.8,77.52808988764045,,78,14,32.2,12.0
1630183,Jaden McDaniels,MIN,2023-24,december,3&D Wing,Wing,Forward,16.3,4.8,33.68421052631579,2.3,81,10,30.0,11.9
201569,Eric Gordon,PHX,2023-24,december,3&D Wing,Wing,Guard,14.2,8.2,64.8936170212766,,75,11,32.7,11.8
1629018,Gary Trent Jr.,TOR,2023-24,december,Stretch Shooter,Shooter,Guard,18.3,12.1,59.04761904761905,,77,13,26.1,11.7
1629001,De'Anthony Melton,PHI,2023-24,december,Role Player,Role,Guard,17.7,10.7,58.82352941176471,,75,13,28.8,11.6
201567,Kevin Love,MIA,2023-24,december,Stretch Shooter,Shooter,Forward,21.3,21.9,78.2051282051282,,80,12,19.5,11.6
1628380,Zach Collins,SAS,2023-24,december,3&D Wing,Wing,Big,22.5,17.2,30.107526881720425,,83,13,21.5,11.5
1628971,Bruce Brown,TOR,2023-24,december,Finisher,Finisher,Guard,17.3,12.0,28.57142857142857,4.1,76,10,29.2,11.5
202704,Reggie Jackson,DEN,2023-24,december,Role Player,Role,Guard,24.9,31.9,37.5,,74,15,21.0,11.5
1629060,Rui Hachimura,LAL,2023-24,december,3&D Wing,Wing,Forward,19.5,6.7,32.6530612244898,3.7,80,13,23.7,11.5
1630581,Josh Giddey,OKC,2023-24,december,Secondary Ball Handler,Secondary,Forward,22.2,24.5,35.35353535353536,5.0,80,12,22.9,11.4
1631106,Tari Eason,HOU,2023-24,december,3&D Wing,Wing,Forward,19.3,10.4,26.262626262626267,5.0,80,12,24.8,11.4
1630188,Jalen Smith,IND,2023-24,december,3&D Wing,Wing,Forward,19.2,7.8,43.74999999999999,,81,5,18.2,11.4
1641764,Brandin Podziemski,GSW,2023-24,december,3&D Wing,Wing,Guard,15.9,18.2,44.565217391304344,6.1,76,13,29.0,11.2
201572,Brook Lopez,MIL,2023-24,december,3&D Wing,Wing,Big,13.7,5.9,52.17391304347826,,85,13,32.8,11.1
1626162,Kelly Oubre Jr.,PHI,2023-24,december,Shot Creator,Scorer,Forward,18.5,5.1,49.47368421052632,12.1,79,13,24.7,11.1
1628963,Marvin Bagley III,WAS,2023-24,december,Finisher,Finisher,Big,20.5,1.3,2.5641025641025643,7.3,82,6,20.1,10.8
1629651,Nic Claxton,BKN,2023-24,december,Shot Creator,Scorer,Big,14.8,10.6,1.3157894736842106,14.1,83,14,27.9,10.6
1631103,Malaki Branham,SAS,2023-24,december,Role Player,Role,Guard,17.6,15.5,38.20224719101123,,76,14,25.6,10.5
201566,Russell Westbrook,LAC,2023-24,december,Shot Creator,Scorer,Guard,22.7,26.2,25.0,13.4,76,13,20.0,10.5
1630166,Deni Avdija,WAS,2023-24,december,Shot Creator,Scorer,Forward,17.1,18.6,30.58823529411765,14.0,81,14,27.2,10.4
1631323,Simone Fontecchio,DET,2023-24,december,Movement Shooter,Shooter,Forward,15.1,6.7,63.74999999999999,,79,14,26.6,10.4
1630168,Onyeka Okongwu,ATL,2023-24,december,3&D Wing,Wing,Big,13.1,8.2,24.657534246575345,1.6,82,13,26.6,10.3
1641871,Duop Reath,POR,2023-24,december,Stretch Shooter,Shooter,Forward,22.6,8.1,50.632911392405056,,81,10,16.6,10.3
1630167,Obi Toppin,IND,2023-24,december,3&D Wing,Wing,Forward,14.4,7.6,49.25373134328358,,81,14,23.0,10.3
1627936,Alex Caruso,CHI,2023-24,december,3&D Wing,Wing,Guard,16.6,15.0,50.0,,77,11,24.4,10.3
203084,Harrison Barnes,SAC,2023-24,december,3&D Wing,Wing,Forward,12.7,4.3,50.0,8.0,80,14,28.4,10.2
1626156,D'Angelo Russell,LAL,2023-24,december,Role Player,Role,Guard,19.1,27.5,46.938775510204074,8.7,75,12,25.7,10.2
1641726,Dereck Lively II,DAL,2023-24,december,Rim Protector,Big,Big,13.3,4.5,0.0,,85,12,27.0,10.1
1630245,Ayo Dosunmu,CHI,2023-24,december,3&D Wing,Wing,Guard,15.3,10.5,40.44943820224719,2.2,77,14,29.0,10.1
203967,Dario Šarić,GSW,2023-24,december,Role Player,Role,Big,20.1,11.1,46.478873239436616,,82,13,18.8,9.9
1631110,Jeremy Sochan,SAS,2023-24,december,3&D Wing,Wing,Forward,17.4,16.8,30.208333333333332,,80,14,29.4,9.9
1626196,Josh Richardson,MIA,2023-24,december,Role Player,Role,Guard,14.5,13.0,63.291139240506325,,77,8,27.4,9.8
1630529,Herbert Jones,NOP,2023-24,december,3&D Wing,Wing,Forward,14.7,10.7,39.50617283950618,,79,14,28.2,9.7
1628470,Torrey Craig,CHI,2023-24,december,Role Player,Role,Guard,15.0,5.8,62.5,,77,7,20.4,9.6
1631218,Trayce Jackson-Davis,GSW,2023-24,december,Finisher,Finisher,Forward,17.0,11.9,0.0,,81,9,18.9,9.6
1629021,Moritz Wagner,ORL,2023-24,december,Role Player,Role,Big,21.2,9.6,20.28985507246377,,83,14,17.7,9.5
1631133,Jabari Walker,POR,2023-24,december,3&D Wing,Wing,Forward,15.3,5.4,27.11864406779661,,79,13,21.1,9.4
1630171,Isaac Okoro,CLE,2023-24,december,3&D Wing,Wing,Guard,12.5,11.8,49.23076923076923,,77,13,28.2,9.3
1641731,Bilal Coulibaly,WAS,2023-24,december,3&D Wing,Wing,Forward,14.2,10.3,42.1875,4.8,80,14,26.2,9.2
1627751,Jakob Poeltl,TOR,2023-24,december,Finisher,Finisher,Big,14.0,12.6,0.0,,84,13,25.1,9.1
1631212,Peyton Watson,DEN,2023-24,december,Finisher,Finisher,Forward,15.8,8.9,38.46153846153847,6.7,79,15,21.2,9.1
203482,Kelly Olynyk,TOR,2023-24,december,Playmaking Big,Big,Big,15.7,36.6,32.35294117647059,,83,12,23.5,9.0
1630208,Nick Richards,CHA,2023-24,december,Role Player,Role,Big,11.4,5.2,0.0,,84,13,27.6,9.0
1631117,Walker Kessler,UTA,2023-24,december,Finisher,Finisher,Big,12.9,5.1,4.838709677419355,,84,13,25.4,9.0
1627827,Dorian Finney-Smith,BKN,2023-24,december,Role Player,Role,Forward,13.0,5.0,62.33766233766234,,79,12,26.3,8.9
200768,Kyle Lowry,PHI,2023-24,december,Role Player,Role,Guard,12.4,17.1,69.35483870967741,,72,10,29.1,8.9
203083,Andre Drummond,CHI,2023-24,december,Finisher,Finisher,Big,21.1,4.7,0.0,,83,14,17.5,8.9
1641733,Nick Smith Jr.,CHA,2023-24,december,Stretch Shooter,Shooter,Guard,20.7,13.6,56.164383561643824,11.6,74,7,17.3,8.9
1630202,Payton Pritchard,BOS,2023-24,december,Shot Creator,Scorer,Guard,16.3,21.4,73.23943661971832,12.8,73,14,20.3,8.9
203484,Kentavious Caldwell-Pope,DEN,2023-24,december,3&D Wing,Wing,Guard,11.4,10.5,47.826086956521735,3.1,77,13,29.5,8.8
101108,Chris Paul,GSW,2023-24,december,Role Player,Role,Guard,13.5,34.3,53.24675324675325,,72,11,28.7,8.7
1630200,Tre Jones,SAS,2023-24,december,Finisher,Finisher,Guard,15.9,28.7,30.98591549295775,4.8,73,13,22.8,8.7
1630191,Isaiah Stewart,DET,2023-24,december,Finisher,Finisher,Forward,11.7,11.8,40.67796610169491,,80,9,29.3,8.7
1629614,Andrew Nembhard,IND,2023-24,december,Role Player,Role,Guard,17.7,24.5,27.027027027027025,8.9,76,8,23.2,8.6
1630541,Moses Moody,GSW,2023-24,december,3&D Wing,Wing,Guard,18.7,4.1,41.53846153846154,4.9,77,12,17.9,8.6
1628988,Aaron Holiday,HOU,2023-24,december,3&D Wing,Wing,Guard,17.9,11.7,57.35294117647059,,72,14,18.3,8.6
1628372,Dennis Smith Jr.,BKN,2023-24,december,Role Player,Role,Guard,20.3,30.3,25.0,,75,8,20.8,8.5
1630702,Jaden Hardy,DAL,2023-24,december,Stretch Shooter,Shooter,Guard,21.1,14.4,54.44444444444445,,75,14,19.3,8.5
201143,Al Horford,BOS,2023-24,december,3&D Wing,Wing,Forward,10.7,13.1,63.934426229508205,,81,11,27.9,8.5
1630583,Santi Aldama,MEM,2023-24,december,3&D Wing,Wing,Big,15.6,12.0,55.714285714285715,,84,14,22.1,8.4
1629731,Dean Wade,CLE,2023-24,december,3&D Wing,Wing,Forward,12.3,5.1,82.25806451612902,,81,12,24.1,8.3
1630173,Precious Achiuwa,NYK,2023-24,december,Finisher,Finisher,Forward,21.4,11.9,29.166666666666668,,80,12,16.7,8.3
1630534,Ochai Agbaji,TOR,2023-24,december,3&D Wing,Wing,Guard,14.2,5.0,50.724637681159415,,77,14,22.9,8.2
202692,Alec Burks,NYK,2023-24,december,Stretch Shooter,Shooter,Guard,21.2,7.1,58.108108108108105,,77,12,16.6,8.2
1641739,Toumani Camara,POR,2023-24,december,3&D Wing,Wing,Forward,14.7,4.2,37.17948717948718,6.3,79,13,25.5,8.1
1641854,Craig Porter Jr.,CLE,2023-24,december,3&D Wing,Wing,Guard,18.2,27.6,17.105263157894736,,73,9,20.9,8.0
1627777,Georges Niang,CLE,2023-24,december,Stretch Shooter,Shooter,Forward,18.7,7.7,63.74999999999999,,79,13,21.5,7.9
1629684,Grant Williams,CHA,2023-24,december,3&D Wing,Wing,Forward,12.2,8.2,63.38028169014085,,78,13,28.6,7.9
1630549,Day'Ron Sharpe,BKN,2023-24,december,Finisher,Finisher,Forward,18.0,17.2,3.6363636363636367,3.7,81,15,17.0,7.9
1629669,Jaylen Nowell,SAC,2023-24,december,Role Player,Role,Guard,17.3,14.5,42.66666666666667,,76,6,20.5,7.8
204456,T.J. McConnell,IND,2023-24,december,Secondary Ball Handler,Secondary,Guard,22.7,49.6,4.411764705882353,5.9,73,12,15.5,7.8
202694,Marcus Morris Sr.,CLE,2023-24,december,Role Player,Role,Forward,14.2,7.7,41.66666666666667,,80,13,19.3,7.8
1629002,Chimezie Metu,DET,2023-24,december,Role Player,Role,Big,18.5,5.1,41.07142857142857,,82,12,17.2,7.8
1631128,Christian Braun,DEN,2023-24,december,Finisher,Finisher,Forward,16.6,12.5,33.89830508474576,,78,15,18.3,7.7
1628436,Luke Kornet,BOS,2023-24,december,Finisher,Finisher,Big,14.7,13.3,0.0,,85,6,15.5,7.7
1628989,Kevin Huerter,SAC,2023-24,december,3&D Wing,Wing,Forward,16.5,11.7,55.40540540540539,,79,14,20.4,7.6
1628464,Daniel Theis,LAC,2023-24,december,Role Player,Role,Forward,15.8,3.3,24.0,,80,12,17.2,7.6
1630164,James Wiseman,DET,2023-24,december,Rim Protector,Big,Big,14.5,10.1,0.0,,83,11,16.8,7.5
1631124,Julian Strawther,DEN,2023-24,december,Stretch Shooter,Shooter,Forward,20.9,10.6,61.42857142857142,,78,15,16.0,7.5
201976,Patrick Beverley,MIL,2023-24,december,Role Player,Role,Guard,15.8,18.4,45.28301886792453,,74,13,17.8,7.4
1628404,Josh Hart,NYK,2023-24,december,3&D Wing,Wing,Guard,11.6,13.2,40.98360655737705,,76,14,28.1,7.4
1631288,Jamal Cain,MIA,2023-24,december,Role Player,Role,Forward,17.0,2.9,33.9622641509434,,78,6,16.4,7.3
1629048,Goga Bitadze,ORL,2023-24,december,Finisher,Finisher,Big,13.4,10.4,4.166666666666667,,82,13,20.8,7.3
203552,Seth Curry,CHA,2023-24,december,Role Player,Role,Guard,15.6,8.7,57.14285714285715,,73,12,18.6,7.3
1631223,David Roddy,PHX,2023-24,december,Role Player,Role,Guard,16.6,9.8,47.887323943661976,,76,13,23.1,7.2
1630230,Naji Marshall,NOP,2023-24,december,3&D Wing,Wing,Forward,17.7,17.0,46.42857142857144,5.6,78,14,17.7,7.2
1628976,Wendell Carter Jr.,ORL,2023-24,december,3&D Wing,Wing,Big,13.6,12.6,40.0,,82,6,21.4,7.2
1630573,Sam Hauser,BOS,2023-24,december,Movement Shooter,Shooter,Forward,12.0,6.8,81.35593220338983,,79,14,22.6,7.1
1630198,Isaiah Joe,OKC,2023-24,december,3&D Wing,Wing,Guard,15.3,6.0,73.77049180327869,,75,13,18.8,7.1
1629599,Amir Coffey,LAC,2023-24,december,Role Player,Role,Forward,10.6,5.8,65.99999999999999,,79,9,24.0,7.0
1626224,Cedi Osman,SAS,2023-24,december,Role Player,Role,Forward,16.0,21.3,44.642857142857146,,79,14,17.3,6.9
1628392,Isaiah Hartenstein,NYK,2023-24,december,Finisher,Finisher,Big,9.0,10.1,0.0,,84,14,29.2,6.9
1627739,Kris Dunn,UTA,2023-24,december,3&D Wing,Wing,Guard,14.2,31.3,37.704918032786885,3.9,75,12,22.3,6.9
1629629,Cam Reddish,LAL,2023-24,december,Role Player,Role,Forward,12.7,11.0,36.76470588235294,,79,11,25.9,6.9
1630165,Killian Hayes,DET,2023-24,december,Role Player,Role,Guard,18.5,24.5,11.594202898550725,,77,9,22.5,6.9
201145,Jeff Green,HOU,2023-24,december,Role Player,Role,Forward,14.9,6.5,20.0,,80,13,17.0,6.8
1631246,Vince Williams Jr.,MEM,2023-24,december,3&D Wing,Wing,Guard,11.1,10.4,74.54545454545453,,76,15,27.0,6.8
1626220,Royce O'Neale,PHX,2023-24,december,3&D Wing,Wing,Forward,13.5,18.9,76.27118644067797,,78,15,21.1,6.7
201565,Derrick Rose,MEM,2023-24,december,Role Player,Role,Guard,22.0,28.7,27.536231884057965,,75,7,18.1,6.7
1626168,Trey Lyles,SAC,2023-24,december,Role Player,Role,Forward,12.8,10.5,70.58823529411765,,81,14,19.2,6.7
1630631,Jose Alvarado,NOP,2023-24,december,3&D Wing,Wing,Guard,17.1,14.8,58.490566037735846,4.2,72,13,16.3,6.7
203937,Kyle Anderson,MIN,2023-24,december,Shot Creator,Scorer,Forward,15.9,24.8,14.516129032258066,12.6,81,13,22.4,6.6
1629638,Nickeil Alexander-Walker,MIN,2023-24,december,Movement Shooter,Shooter,Guard,12.6,12.6,67.9245283018868,2.9,77,13,22.2,6.6
1641709,Ausar Thompson,DET,2023-24,december,Finisher,Finisher,Forward,14.8,10.5,31.03448275862069,7.7,78,13,20.1,6.5
1631115,Orlando Robinson,MIA,2023-24,december,Rim Protector,Big,Big,15.5,15.1,26.53061224489796,,82,8,18.0,6.5
1641717,Cason Wallace,OKC,2023-24,december,3&D Wing,Wing,Guard,12.9,9.3,52.63157894736842,4.2,75,13,21.4,6.3
1641710,Anthony Black,ORL,2023-24,december,3&D Wing,Wing,Forward,10.4,12.9,37.2093023255814,4.4,79,14,23.1,6.3
204060,Joe Ingles,ORL,2023-24,december,Role Player,Role,Forward,13.1,26.5,62.79069767441862,,81,6,16.7,6.2
1629611,Terance Mann,LAC,2023-24,december,3&D Wing,Wing,Guard,13.2,8.6,53.73134328358209,3.7,77,13,25.2,6.2
1630194,Paul Reed,PHI,2023-24,december,Finisher,Finisher,Forward,15.3,12.9,13.636363636363637,,81,14,16.2,6.1
203914,Gary Harris,ORL,2023-24,december,3&D Wing,Wing,Guard,11.5,9.7,65.0,,76,12,25.5,6.1
1631121,Bryce McGowens,CHA,2023-24,december,3&D Wing,Wing,Forward,12.5,6.2,35.55555555555556,5.2,78,13,20.1,5.8
1629680,Matisse Thybulle,POR,2023-24,december,Role Player,Role,Guard,9.4,5.9,81.13207547169812,,77,13,25.6,5.8
1629656,Quentin Grimes,DET,2023-24,december,3&D Wing,Wing,Guard,13.8,7.4,68.62745098039215,10.4,77,13,17.1,5.8
1629674,Neemias Queta,BOS,2023-24,december,Finisher,Finisher,Big,13.0,5.6,0.0,,84,10,15.4,5.7
1641707,Taylor Hendricks,UTA,2023-24,december,3&D Wing,Wing,Forward,15.3,3.6,58.18181818181819,,81,10,17.2,5.7
201587,Nicolas Batum,PHI,2023-24,december,3&D Wing,Wing,Forward,8.6,14.5,70.0,,80,8,23.7,5.6
1626174,Christian Wood,LAL,2023-24,december,Role Player,Role,Forward,15.5,11.9,52.63157894736842,,80,9,15.3,5.6
203926,Doug McDermott,IND,2023-24,december,3&D Wing,Wing,Forward,14.3,7.8,84.44444444444444,,78,13,15.0,5.5
1626192,Pat Connaughton,MIL,2023-24,december,Role Player,Role,Guard,9.6,10.8,77.77777777777779,,77,8,19.4,4.9
1630692,Jordan Goodwin,MEM,2023-24,december,3&D Wing,Wing,Guard,15.6,21.9,37.03703703703704,,76,12,18.2,4.8
1631108,Max Christie,LAL,2023-24,december,3&D Wing,Wing,Guard,13.5,8.2,50.0,5.7,77,9,16.9,4.8
1626172,Kevon Looney,GSW,2023-24,december,Finisher,Finisher,Forward,11.1,17.7,0.0,,81,13,17.1,4.8
1629234,Drew Eubanks,PHX,2023-24,december,Finisher,Finisher,Big,13.8,5.1,0.0,,82,11,15.3,4.7
203488,Mike Muscala,OKC,2023-24,december,Rim Protector,Big,Big,14.6,9.0,57.14285714285714,,82,12,15.3,4.6
203200,Justin Holiday,DEN,2023-24,december,Role Player,Role,Forward,9.3,10.4,60.526315789473685,,78,9,17.5,4.6
1629642,Nassir Little,PHX,2023-24,december,Role Player,Role,Forward,11.2,7.1,48.648648648648646,,78,11,16.6,4.4
1629723,John Konchar,MEM,2023-24,december,3&D Wing,Wing,Guard,11.2,10.2,73.52941176470588,,77,12,16.3,4.2
1629312,Haywood Highsmith,MIA,2023-24,december,Role Player,Role,Guard,13.4,8.3,70.73170731707317,,77,7,16.2,4.1
202687,Bismack Biyombo,OKC,2023-24,december,Role Player,Role,Forward,10.4,8.5,0.0,,80,14,21.4,3.9
202397,Ish Smith,CHA,2023-24,december,Role Player,Role,Guard,12.0,32.7,5.405405405405405,,72,13,16.7,3.9
1630214,Xavier Tillman,BOS,2023-24,december,Role Player,Role,Forward,14.7,8.6,30.0,,79,13,16.9,3.8
1631216,Caleb Houstan,ORL,2023-24,december,Role Player,Role,Forward,11.0,2.7,94.73684210526316,,80,12,16.5,3.7
1630700,Dyson Daniels,NOP,2023-24,december,Finisher,Finisher,Forward,10.4,9.7,50.0,5.6,79,14,15.7,3.6
1630256,Jae'Sean Tate,HOU,2023-24,december,Role Player,Role,Guard,9.6,5.8,33.333333333333336,,76,13,17.6,3.5
1629006,Josh Okogie,PHX,2023-24,december,3&D Wing,Wing,Guard,12.8,10.9,63.1578947368421,,76,8,16.2,3.4
1630587,Isaiah Livers,DET,2023-24,december,3&D Wing,Wing,Forward,11.7,8.5,72.09302325581396,,78,11,18.0,2.9
1629020,Jarred Vanderbilt,LAL,2023-24,december,3&D Wing,Wing,Forward,8.9,5.2,32.35294117647059,,80,13,17.8,2.6
1629029,Luka Dončić,DAL,2023-24,january,Primary Initiator,Primary,Forward,37.0,45.0,39.51612903225807,16.0,79,10,38.8,37.1
203954,Joel Embiid,PHI,2023-24,january,Shot Creator,Scorer,Big,41.3,30.3,15.450643776824032,12.3,84,9,33.6,36.3
1628983,Shai Gilgeous-Alexander,OKC,2023-24,january,Primary Initiator,Primary,Forward,32.6,30.4,18.229166666666668,26.3,78,17,33.8,31.5
203507,Giannis Antetokounmpo,MIL,2023-24,january,Primary Initiator,Primary,Big,31.0,32.9,9.947643979057592,10.9,83,15,36.0,30.8
1626164,Devin Booker,PHX,2023-24,january,Primary Initiator,Primary,Forward,30.1,26.2,33.49514563106796,14.0,78,16,36.5,30.0
202681,Kyrie Irving,DAL,2023-24,january,Primary Initiator,Primary,Guard,30.4,24.6,35.45454545454545,,74,10,35.9,28.9
1628973,Jalen Brunson,NYK,2023-24,january,Primary Initiator,Primary,Guard,30.0,32.9,34.95145631067961,14.4,74,14,35.5,28.9
1628378,Donovan Mitchell,CLE,2023-24,january,Primary Initiator,Primary,Guard,33.4,36.1,46.19047619047619,11.4,75,13,34.1,28.6
201939,Stephen Curry,GSW,2023-24,january,Primary Initiator,Primary,Guard,31.5,26.6,57.28155339805825,10.1,74,11,33.6,28.2
1628369,Jayson Tatum,BOS,2023-24,january,Primary Initiator,Primary,Forward,30.3,22.6,39.45945945945945,,80,15,34.0,26.9
203999,Nikola Jokić,DEN,2023-24,january,Playmaking Big,Big,Big,28.0,41.2,11.875,5.3,83,14,34.0,26.6
1631094,Paolo Banchero,ORL,2023-24,january,Primary Initiator,Primary,Big,32.8,27.2,26.470588235294123,14.7,82,16,36.3,25.8
1626157,Karl-Anthony Towns,MIN,2023-24,january,Role Player,Role,Big,28.3,16.6,33.92857142857143,10.0,84,17,34.0,25.6
201142,Kevin Durant,PHX,2023-24,january,Shot Creator,Scorer,Big,25.0,19.5,33.71428571428572,20.8,83,13,37.6,25.2
203944,Julius Randle,NYK,2023-24,january,Shot Creator,Scorer,Forward,30.0,23.6,32.608695652173914,15.8,80,14,35.0,24.9
203076,Anthony Davis,LAL,2023-24,january,Post Scorer,Big,Big,25.9,19.3,9.35672514619883,11.5,82,14,36.6,24.7
1630162,Anthony Edwards,MIN,2023-24,january,Primary Initiator,Primary,Guard,29.9,24.5,31.46067415730337,23.4,76,17,35.4,24.7
1630178,Tyrese Maxey,PHI,2023-24,january,Shot Creator,Scorer,Guard,26.6,27.0,42.05128205128205,14.5,74,11,37.7,24.5
1628991,Jaren Jackson Jr.,MEM,2023-24,january,3&D Wing,Wing,Big,33.2,15.5,33.16326530612245,11.1,82,13,32.3,24.1
1641705,Victor Wembanyama,SAS,2023-24,january,Shot Creator,Scorer,Big,36.0,21.5,29.651162790697672,14.5,88,14,26.7,24.0
1628969,Mikal Bridges,BKN,2023-24,january,3&D Wing,Wing,Forward,25.9,14.2,49.17127071823204,2.3,78,14,37.7,23.8
1629027,Trae Young,ATL,2023-24,january,Primary Initiator,Primary,Guard,28.9,42.2,41.711229946524064,12.0,73,12,35.6,23.8
1627749,Dejounte Murray,ATL,2023-24,january,Role Player,Role,Guard,25.4,23.2,31.182795698924725,,77,14,35.5,23.7
2544,LeBron James,LAL,2023-24,january,Shot Creator,Scorer,Forward,27.8,34.6,27.956989247311824,12.8,81,13,35.9,23.6
203081,Damian Lillard,MIL,2023-24,january,Role Player,Role,Guard,27.3,25.8,45.90163934426229,,74,15,35.6,23.6
1627750,Jamal Murray,DEN,2023-24,january,Shot Creator,Scorer,Guard,28.0,29.5,32.417582417582416,14.6,76,15,34.3,23.6
1628374,Lauri Markkanen,UTA,2023-24,january,Movement Shooter,Shooter,Big,23.9,10.1,48.36601307189542,4.0,84,16,31.7,23.5
202331,Paul George,LAC,2023-24,january,Shot Creator,Scorer,Forward,26.3,10.1,52.4390243902439,18.4,80,14,33.1,23.4
1630217,Desmond Bane,MEM,2023-24,january,Secondary Ball Handler,Secondary,Guard,24.4,28.5,41.666666666666664,7.0,77,6,34.6,23.3
1628970,Miles Bridges,CHA,2023-24,january,3&D Wing,Wing,Forward,24.3,14.7,39.22651933701657,9.0,79,16,38.3,23.2
202695,Kawhi Leonard,LAC,2023-24,january,Shot Creator,Scorer,Forward,25.5,17.5,25.44378698224852,16.5,79,15,34.2,23.1
1630578,Alperen Sengun,HOU,2023-24,january,Shot Creator,Scorer,Big,28.0,24.7,9.580838323353294,14.9,83,17,33.8,22.7
1626156,D'Angelo Russell,LAL,2023-24,january,Stretch Shooter,Shooter,Guard,24.3,23.9,50.898203592814376,8.7,75,13,34.7,22.7
202710,Jimmy Butler III,MIA,2023-24,january,Shot Creator,Scorer,Forward,22.1,20.7,16.393442622950822,17.7,79,9,34.2,22.7
1628368,De'Aaron Fox,SAC,2023-24,january,Secondary Ball Handler,Secondary,Guard,27.1,17.7,33.68983957219251,10.1,75,15,36.1,22.5
1627783,Pascal Siakam,IND,2023-24,january,Shot Creator,Scorer,Forward,23.1,19.2,20.666666666666668,13.3,80,14,33.1,22.4
1630163,LaMelo Ball,CHA,2023-24,january,Primary Initiator,Primary,Forward,33.0,41.4,50.27932960893855,12.2,79,7,30.0,22.3
1629632,Coby White,CHI,2023-24,january,Secondary Ball Handler,Secondary,Guard,23.1,22.8,42.138364779874216,7.7,77,15,38.2,22.1
1627759,Jaylen Brown,BOS,2023-24,january,Shot Creator,Scorer,Forward,26.8,17.6,31.097560975609756,20.6,78,15,32.4,22.0
201942,DeMar DeRozan,CHI,2023-24,january,Shot Creator,Scorer,Forward,21.9,19.7,21.710526315789476,19.9,78,15,38.7,21.2
202711,Bojan Bogdanovic,NYK,2023-24,january,Role Player,Role,Forward,25.2,10.6,47.133757961783445,,79,13,31.9,21.0
1629628,RJ Barrett,TOR,2023-24,january,Secondary Ball Handler,Secondary,Forward,24.1,15.3,25.850340136054424,2.7,78,13,33.6,21.0
1629627,Zion Williamson,NOP,2023-24,january,Shot Creator,Scorer,Forward,27.5,26.0,1.4084507042253522,23.8,78,11,28.9,21.0
1627734,Domantas Sabonis,SAC,2023-24,january,Playmaking Big,Big,Big,21.2,34.3,6.870229007633588,,82,15,36.9,20.8
1629012,Collin Sexton,UTA,2023-24,january,Primary Initiator,Primary,Guard,28.3,33.2,29.07801418439716,5.2,75,16,25.6,20.6
1630228,Jonathan Kuminga,GSW,2023-24,january,Shot Creator,Scorer,Forward,23.3,11.6,21.48148148148148,12.6,79,12,30.5,20.6
1630224,Jalen Green,HOU,2023-24,january,Role Player,Role,Guard,27.0,16.7,46.060606060606055,,76,17,32.0,20.4
202691,Klay Thompson,GSW,2023-24,january,Movement Shooter,Shooter,Forward,23.4,12.9,61.58536585365854,,78,11,32.7,20.0
1631114,Jalen Williams,OKC,2023-24,january,Shot Creator,Scorer,Guard,22.8,22.3,22.377622377622377,14.8,77,16,32.2,19.9
1629014,Anfernee Simons,POR,2023-24,january,Shot Creator,Scorer,Guard,26.3,26.6,49.079754601226995,18.2,75,15,33.2,19.8
1628398,Kyle Kuzma,WAS,2023-24,january,3&D Wing,Wing,Forward,29.2,21.0,34.254143646408835,5.1,81,15,31.6,19.7
203924,Jerami Grant,POR,2023-24,january,3&D Wing,Wing,Forward,25.6,14.0,26.027397260273972,10.7,79,16,30.7,19.3
203501,Tim Hardaway Jr.,DAL,2023-24,january,Movement Shooter,Shooter,Guard,22.5,7.7,57.14285714285715,2.2,77,15,32.2,19.2
1630560,Cam Thomas,BKN,2023-24,january,Shot Creator,Scorer,Guard,28.5,15.0,32.87671232876712,16.4,75,14,27.4,19.1
202699,Tobias Harris,PHI,2023-24,january,3&D Wing,Wing,Forward,21.3,15.0,26.666666666666668,4.2,80,11,33.1,19.1
203903,Jordan Clarkson,UTA,2023-24,january,3&D Wing,Wing,Guard,26.8,22.5,34.86842105263158,5.2,75,16,29.9,18.8
1628389,Bam Adebayo,MIA,2023-24,january,3&D Wing,Wing,Forward,23.8,21.6,2.739726027397261,8.0,81,16,35.9,18.5
1630170,Devin Vassell,SAS,2023-24,january,3&D Wing,Wing,Guard,21.7,19.5,41.666666666666664,2.7,77,16,33.5,18.5
203078,Bradley Beal,PHX,2023-24,january,Secondary Ball Handler,Secondary,Guard,22.2,17.8,31.37254901960784,,76,16,36.2,18.4
1629639,Tyler Herro,MIA,2023-24,january,Shot Creator,Scorer,Guard,25.5,20.5,51.4792899408284,13.3,77,15,33.5,18.4
1630567,Scottie Barnes,TOR,2023-24,january,Finisher,Finisher,Forward,24.0,23.8,29.53020134228188,7.9,79,15,35.4,18.3
204001,Kristaps Porziņģis,BOS,2023-24,january,Post Scorer,Big,Big,22.9,12.6,39.82300884955752,,86,11,28.0,18.3
1626179,Terry Rozier,MIA,2023-24,january,Role Player,Role,Guard,24.2,28.6,46.71052631578947,,73,15,33.1,18.3
1630595,Cade Cunningham,DET,2023-24,january,Secondary Ball Handler,Secondary,Forward,27.8,41.7,28.834355828220858,11.5,78,6,30.2,18.2
203468,CJ McCollum,NOP,2023-24,january,Stretch Shooter,Shooter,Guard,23.5,20.4,55.47445255474452,8.8,75,14,29.8,18.1
1630169,Tyrese Haliburton,IND,2023-24,january,Role Player,Role,Guard,23.6,51.6,46.15384615384615,,77,7,28.7,17.9
1631099,Keegan Murray,SAC,2023-24,january,Movement Shooter,Shooter,Forward,18.7,6.5,45.18518518518518,4.2,80,15,34.1,17.7
202696,Nikola Vučević,CHI,2023-24,january,Post Scorer,Big,Big,22.1,16.2,28.758169934640527,,82,13,33.5,17.6
203935,Marcus Smart,MEM,2023-24,january,Stretch Shooter,Shooter,Guard,23.6,16.4,63.76811594202899,4.2,75,5,32.2,17.6
1627742,Brandon Ingram,NOP,2023-24,january,Shot Creator,Scorer,Forward,24.8,26.5,24.285714285714285,13.8,80,14,31.2,17.5
202692,Alec Burks,NYK,2023-24,january,Stretch Shooter,Shooter,Guard,24.3,12.2,60.50420168067227,,77,15,24.9,17.4
1628386,Jarrett Allen,CLE,2023-24,january,Finisher,Finisher,Forward,19.9,14.5,0.0,,81,13,31.9,17.2
1631093,Jaden Ivey,DET,2023-24,january,3&D Wing,Wing,Guard,26.6,22.4,38.84892086330935,5.6,76,15,29.0,17.1
1630532,Franz Wagner,ORL,2023-24,january,Playmaking Big,Big,Big,24.5,23.7,38.93129770992366,7.6,82,8,28.5,17.1
1630552,Jalen Johnson,ATL,2023-24,january,Finisher,Finisher,Forward,18.1,15.6,27.611940298507463,7.9,80,15,35.9,16.8
1630193,Immanuel Quickley,TOR,2023-24,january,Secondary Ball Handler,Secondary,Guard,22.3,27.1,44.11764705882353,6.1,74,12,31.8,16.7
203114,Khris Middleton,MIL,2023-24,january,Secondary Ball Handler,Secondary,Forward,21.7,27.3,41.80327868852459,6.1,79,14,29.6,16.6
201935,James Harden,LAC,2023-24,january,Shot Creator,Scorer,Guard,20.3,35.2,58.26086956521739,42.5,77,15,34.2,16.5
203992,Bogdan Bogdanović,ATL,2023-24,january,Stretch Shooter,Shooter,Guard,23.2,12.2,57.03703703703704,,77,15,28.2,16.3
1626167,Myles Turner,IND,2023-24,january,3&D Wing,Wing,Big,22.9,7.5,35.59322033898305,,83,16,27.3,16.3
1641706,Brandon Miller,CHA,2023-24,january,Secondary Ball Handler,Secondary,Forward,23.8,12.5,47.5177304964539,10.8,79,13,30.3,16.0
1628384,OG Anunoby,NYK,2023-24,january,3&D Wing,Wing,Forward,16.3,5.6,41.07142857142857,5.9,79,14,35.7,15.6
1627747,Caris LeVert,CLE,2023-24,january,Secondary Ball Handler,Secondary,Forward,24.1,24.9,41.935483870967744,6.2,78,11,26.7,15.6
1628978,Donte DiVincenzo,NYK,2023-24,january,Movement Shooter,Shooter,Guard,22.9,17.2,72.72727272727273,1.9,76,16,26.8,15.6
203897,Zach LaVine,CHI,2023-24,january,Movement Shooter,Shooter,Guard,19.4,20.7,53.15315315315315,9.3,77,7,33.8,15.6
1631097,Bennedict Mathurin,IND,2023-24,january,Secondary Ball Handler,Secondary,Guard,23.2,10.3,29.66101694915254,9.0,77,16,26.6,15.6
1627832,Fred VanVleet,HOU,2023-24,january,Role Player,Role,Guard,17.6,31.2,64.28571428571428,,72,16,35.8,15.5
1630559,Austin Reaves,LAL,2023-24,january,Shot Creator,Scorer,Guard,17.7,23.3,42.056074766355145,13.5,77,15,33.3,15.5
1629008,Michael Porter Jr.,DEN,2023-24,january,Movement Shooter,Shooter,Big,18.3,4.4,51.63934426229508,6.9,82,15,32.1,15.3
1629028,Deandre Ayton,POR,2023-24,january,Finisher,Finisher,Big,19.5,7.3,0.0,,84,8,32.2,15.1
1631105,Jalen Duren,DET,2023-24,january,Finisher,Finisher,Big,17.7,12.3,0.0,8.9,82,15,29.7,15.1
1628381,John Collins,UTA,2023-24,january,3&D Wing,Wing,Forward,20.7,8.8,30.8411214953271,,81,16,24.6,15.0
1631096,Chet Holmgren,OKC,2023-24,january,Finisher,Finisher,Big,20.0,13.6,34.7457627118644,7.8,85,17,30.5,14.9
1627763,Malcolm Brogdon,POR,2023-24,january,Role Player,Role,Guard,22.1,26.9,40.35087719298245,,76,14,28.5,14.9
1631246,Vince Williams Jr.,MEM,2023-24,january,3&D Wing,Wing,Guard,16.5,14.6,55.78947368421052,,76,12,32.7,14.8
1628415,Dillon Brooks,HOU,2023-24,january,3&D Wing,Wing,Forward,18.6,4.8,45.45454545454546,9.3,78,10,32.7,14.8
1629640,Keldon Johnson,SAS,2023-24,january,3&D Wing,Wing,Guard,23.6,10.3,35.483870967741936,3.9,77,15,26.8,14.8
1629673,Jordan Poole,WAS,2023-24,january,Secondary Ball Handler,Secondary,Guard,21.8,12.3,42.30769230769231,7.9,76,14,29.0,14.8
201572,Brook Lopez,MIL,2023-24,january,3&D Wing,Wing,Big,15.8,8.3,47.74774774774775,,85,16,33.9,14.7
203497,Rudy Gobert,MIN,2023-24,january,Finisher,Finisher,Big,16.3,4.5,1.234567901234568,,85,16,34.1,14.4
1626181,Norman Powell,LAC,2023-24,january,Movement Shooter,Shooter,Guard,19.8,5.9,50.48543689320388,10.9,76,15,25.5,14.3
1629023,P.J. Washington,DAL,2023-24,january,3&D Wing,Wing,Forward,19.4,10.5,49.03846153846153,4.1,79,13,28.0,14.2
1630166,Deni Avdija,WAS,2023-24,january,Shot Creator,Scorer,Forward,19.9,21.0,23.711340206185564,14.0,81,15,28.0,14.0
1628976,Wendell Carter Jr.,ORL,2023-24,january,3&D Wing,Wing,Big,18.8,8.7,34.11764705882353,,82,11,25.9,14.0
201950,Jrue Holiday,BOS,2023-24,january,Role Player,Role,Guard,17.7,18.9,52.33644859813083,10.1,76,15,31.7,13.9
1630191,Isaiah Stewart,DET,2023-24,january,Finisher,Finisher,Forward,18.9,7.8,45.19230769230769,,80,7,30.1,13.7
1628963,Marvin Bagley III,WAS,2023-24,january,Finisher,Finisher,Big,22.8,10.3,3.5294117647058822,7.3,82,10,21.4,13.7
1630180,Saddiq Bey,ATL,2023-24,january,3&D Wing,Wing,Forward,16.6,7.2,53.04347826086955,6.5,79,15,33.6,13.7
1626162,Kelly Oubre Jr.,PHI,2023-24,january,Shot Creator,Scorer,Forward,18.6,7.0,35.45454545454545,12.1,79,13,30.0,13.6
1628401,Derrick White,BOS,2023-24,january,Stretch Shooter,Shooter,Guard,19.2,16.6,56.91056910569105,4.7,76,15,31.2,13.6
1628370,Malik Monk,SAC,2023-24,january,Secondary Ball Handler,Secondary,Guard,23.7,30.7,49.56521739130435,8.4,75,15,26.2,13.6
203932,Aaron Gordon,DEN,2023-24,january,Shot Creator,Scorer,Forward,16.0,10.1,21.34831460674157,16.0,80,15,32.1,13.5
1628960,Grayson Allen,PHX,2023-24,january,3&D Wing,Wing,Guard,14.1,10.9,67.07317073170732,2.8,76,15,32.3,13.5
1629651,Nic Claxton,BKN,2023-24,january,Shot Creator,Scorer,Big,16.0,10.0,1.0638297872340423,14.1,83,14,33.1,13.4
202685,Jonas Valančiūnas,NOP,2023-24,january,Post Scorer,Big,Big,22.0,13.1,18.68131868131868,,83,15,23.2,13.4
1630174,Aaron Nesmith,IND,2023-24,january,Movement Shooter,Shooter,Forward,16.3,9.1,48.51485148514852,,78,14,28.9,13.4
1631110,Jeremy Sochan,SAS,2023-24,january,3&D Wing,Wing,Forward,18.7,15.3,31.53153153153153,,80,16,30.2,13.3
1641715,Cam Whitmore,HOU,2023-24,january,Finisher,Finisher,Forward,23.6,3.3,47.52475247524752,6.7,79,17,19.6,13.1
1630245,Ayo Dosunmu,CHI,2023-24,january,3&D Wing,Wing,Guard,16.6,13.2,37.634408602150536,2.2,77,15,29.0,12.9
1629018,Gary Trent Jr.,TOR,2023-24,january,3&D Wing,Wing,Guard,17.6,6.6,59.18367346938776,,77,13,26.2,12.9
1631095,Jabari Smith Jr.,HOU,2023-24,january,3&D Wing,Wing,Big,16.5,5.3,41.44144144144144,5.6,83,13,34.0,12.9
1628971,Bruce Brown,TOR,2023-24,january,Finisher,Finisher,Guard,18.4,13.1,21.052631578947366,4.1,76,12,27.2,12.8
203084,Harrison Barnes,SAC,2023-24,january,3&D Wing,Wing,Forward,15.9,5.6,56.70103092783506,8.0,80,15,29.4,12.8
1631170,Jaime Jaquez Jr.,MIA,2023-24,january,Shot Creator,Scorer,Forward,18.1,13.7,27.272727272727277,14.8,78,10,31.1,12.6
1627777,Georges Niang,CLE,2023-24,january,Role Player,Role,Forward,17.5,9.6,63.41463414634148,,79,13,22.5,12.5
203471,Dennis Schröder,BKN,2023-24,january,Shot Creator,Scorer,Guard,17.5,22.8,41.111111111111114,14.8,73,15,28.4,12.5
1630703,Scoot Henderson,POR,2023-24,january,Role Player,Role,Guard,25.9,27.9,32.432432432432435,,75,17,25.1,12.4
1630241,Sam Merrill,CLE,2023-24,january,Stretch Shooter,Shooter,Guard,18.3,14.6,83.15789473684211,,76,13,22.9,12.4
1629021,Moritz Wagner,ORL,2023-24,january,Role Player,Role,Big,21.7,12.0,22.5,,83,14,20.1,12.4
1631101,Shaedon Sharpe,POR,2023-24,january,Shot Creator,Scorer,Guard,23.2,10.8,42.3728813559322,12.3,77,6,24.6,12.3
1627826,Ivica Zubac,LAC,2023-24,january,Post Scorer,Big,Big,14.7,8.1,0.0,,84,7,28.2,12.3
203952,Andrew Wiggins,GSW,2023-24,january,3&D Wing,Wing,Forward,17.2,10.3,32.98969072164949,10.9,79,12,28.4,12.2
1629661,Cameron Johnson,BKN,2023-24,january,Stretch Shooter,Shooter,Forward,19.2,15.6,57.407407407407405,,80,13,27.3,12.2
1629614,Andrew Nembhard,IND,2023-24,january,Secondary Ball Handler,Secondary,Guard,21.9,31.6,23.711340206185564,8.9,76,12,24.8,12.1
1630200,Tre Jones,SAS,2023-24,january,Finisher,Finisher,Guard,14.6,31.6,27.710843373493972,4.8,73,15,30.0,11.9
1628989,Kevin Huerter,SAC,2023-24,january,3&D Wing,Wing,Forward,16.6,13.8,65.55555555555556,,79,14,26.2,11.9
1630591,Jalen Suggs,ORL,2023-24,january,Stretch Shooter,Shooter,Guard,20.2,12.9,58.41584158415842,6.6,77,16,26.4,11.8
1630529,Herbert Jones,NOP,2023-24,january,3&D Wing,Wing,Forward,15.7,10.9,49.36708860759494,,79,14,26.0,11.8
1628379,Luke Kennard,MEM,2023-24,january,Movement Shooter,Shooter,Guard,15.9,21.8,74.71264367816093,,77,12,27.1,11.6
1626145,Tyus Jones,WAS,2023-24,january,3&D Wing,Wing,Guard,17.7,35.0,36.52173913043478,,73,15,30.0,11.5
1626171,Bobby Portis,MIL,2023-24,january,3&D Wing,Wing,Big,22.2,4.1,31.25,3.2,82,16,21.2,11.4
1629675,Naz Reid,MIN,2023-24,january,Movement Shooter,Shooter,Forward,20.9,8.2,50.0,3.8,81,17,22.8,11.4
1630183,Jaden McDaniels,MIN,2023-24,january,3&D Wing,Wing,Forward,15.6,6.8,42.39130434782609,2.3,81,17,31.3,11.3
1641718,Keyonte George,UTA,2023-24,january,Shot Creator,Scorer,Guard,21.3,20.6,59.036144578313255,12.3,76,16,21.8,11.1
201569,Eric Gordon,PHX,2023-24,january,3&D Wing,Wing,Guard,18.0,9.8,72.82608695652175,,75,12,26.4,11.1
1630208,Nick Richards,CHA,2023-24,january,Role Player,Role,Big,14.0,5.6,0.0,,84,13,29.2,11.1
1630530,Trey Murphy III,NOP,2023-24,january,Stretch Shooter,Shooter,Forward,19.3,11.9,79.20792079207921,6.6,80,11,24.6,11.0
1630581,Josh Giddey,OKC,2023-24,january,Secondary Ball Handler,Secondary,Forward,20.3,25.5,33.33333333333333,5.0,80,17,23.9,10.9
201566,Russell Westbrook,LAC,2023-24,january,Shot Creator,Scorer,Guard,24.8,31.4,22.10526315789474,13.4,76,15,20.5,10.9
1629060,Rui Hachimura,LAL,2023-24,january,3&D Wing,Wing,Forward,17.6,6.4,37.142857142857146,3.7,80,10,21.2,10.8
1630167,Obi Toppin,IND,2023-24,january,3&D Wing,Wing,Forward,16.0,11.1,39.743589743589745,,81,17,22.2,10.6
1641713,GG Jackson,MEM,2023-24,january,Stretch Shooter,Shooter,Forward,18.9,8.1,54.41176470588236,,81,11,19.5,10.6
1630188,Jalen Smith,IND,2023-24,january,3&D Wing,Wing,Forward,18.0,8.2,40.789473684210535,,81,15,20.5,10.6
1627741,Buddy Hield,PHI,2023-24,january,Movement Shooter,Shooter,Guard,15.8,13.0,66.66666666666667,,76,17,24.8,10.5
1630557,Corey Kispert,WAS,2023-24,january,Movement Shooter,Shooter,Forward,19.9,10.9,60.25641025641026,,78,15,20.0,10.5
1629655,Daniel Gafford,DAL,2023-24,january,Finisher,Finisher,Big,13.1,7.4,0.0,,82,13,27.3,10.5
1629130,Duncan Robinson,MIA,2023-24,january,Movement Shooter,Shooter,Forward,20.5,14.7,70.65217391304348,,79,15,24.0,10.4
1627936,Alex Caruso,CHI,2023-24,january,3&D Wing,Wing,Guard,14.1,13.6,71.76470588235294,,77,14,31.0,10.4
1641722,Jordan Hawkins,NOP,2023-24,january,Movement Shooter,Shooter,Guard,20.8,8.7,65.33333333333334,,77,15,18.6,10.3
203994,Jusuf Nurkić,PHX,2023-24,january,Finisher,Finisher,Big,17.1,16.2,10.0,,84,15,26.0,10.2
203991,Clint Capela,ATL,2023-24,january,Finisher,Finisher,Big,15.6,2.4,0.0,,82,14,24.8,10.0
1630182,Josh Green,DAL,2023-24,january,3&D Wing,Wing,Guard,13.7,10.4,43.0379746835443,,77,14,30.3,10.0
203915,Spencer Dinwiddie,LAL,2023-24,january,Role Player,Role,Guard,15.5,26.3,60.526315789473685,,77,14,27.6,10.0
203484,Kentavious Caldwell-Pope,DEN,2023-24,january,3&D Wing,Wing,Guard,13.2,7.0,54.87804878048781,3.1,77,15,32.7,9.9
1626196,Josh Richardson,MIA,2023-24,january,Role Player,Role,Guard,17.7,13.4,54.430379746835435,,77,14,22.7,9.9
1630171,Isaac Okoro,CLE,2023-24,january,3&D Wing,Wing,Guard,14.4,8.0,30.555555555555557,,77,13,27.2,9.9
1627736,Malik Beasley,MIL,2023-24,january,Role Player,Role,Guard,12.8,5.4,70.37037037037037,,76,16,28.9,9.9
1631323,Simone Fontecchio,DET,2023-24,january,Movement Shooter,Shooter,Forward,14.2,9.0,62.96296296296296,,79,16,26.7,9.8
1641726,Dereck Lively II,DAL,2023-24,january,Role Player,Role,Big,11.8,8.3,0.0,,85,9,27.4,9.8
1641871,Duop Reath,POR,2023-24,january,Role Player,Role,Forward,18.2,11.4,44.59459459459459,,81,16,20.5,9.7
203083,Andre Drummond,CHI,2023-24,january,Finisher,Finisher,Big,20.9,4.3,1.4492753623188406,,83,15,18.1,9.7
1630583,Santi Aldama,MEM,2023-24,january,Stretch Shooter,Shooter,Big,19.2,12.0,52.94117647058824,,84,11,23.5,9.6
1641764,Brandin Podziemski,GSW,2023-24,january,3&D Wing,Wing,Guard,15.1,15.4,38.46153846153847,6.1,76,12,28.6,9.6
203967,Dario Šarić,GSW,2023-24,january,Playmaking Big,Big,Big,17.8,26.4,52.38095238095239,,82,12,20.4,9.6
1630702,Jaden Hardy,DAL,2023-24,january,Stretch Shooter,Shooter,Guard,22.1,20.8,52.4390243902439,,75,15,18.4,9.5
1629611,Terance Mann,LAC,2023-24,january,3&D Wing,Wing,Guard,13.5,8.8,44.61538461538461,3.7,77,15,23.7,9.5
1629652,Luguentz Dort,OKC,2023-24,january,3&D Wing,Wing,Guard,15.0,4.8,64.63414634146342,,76,16,28.4,9.4
1629656,Quentin Grimes,DET,2023-24,january,Stretch Shooter,Shooter,Guard,19.3,10.3,69.73684210526316,10.4,77,16,19.7,9.4
1631133,Jabari Walker,POR,2023-24,january,3&D Wing,Wing,Forward,14.6,6.3,31.944444444444443,,79,13,27.9,9.2
1628997,Caleb Martin,MIA,2023-24,january,3&D Wing,Wing,Guard,15.1,11.7,38.35616438356164,,77,11,25.9,9.2
1629622,Max Strus,CLE,2023-24,january,Role Player,Role,Guard,14.1,13.8,64.55696202531644,,77,13,29.1,9.2
1627884,Derrick Jones Jr.,DAL,2023-24,january,3&D Wing,Wing,Forward,13.5,4.9,42.42424242424242,,78,11,26.8,9.1
204456,T.J. McConnell,IND,2023-24,january,Role Player,Role,Guard,19.7,41.1,6.578947368421052,5.9,73,15,20.4,9.1
1631218,Trayce Jackson-Davis,GSW,2023-24,january,Finisher,Finisher,Forward,16.5,8.8,0.0,,81,11,17.6,9.0
1630175,Cole Anthony,ORL,2023-24,january,Secondary Ball Handler,Secondary,Guard,21.7,20.3,35.0,6.9,74,15,21.4,8.8
201144,Mike Conley,MIN,2023-24,january,3&D Wing,Wing,Guard,13.8,30.2,66.66666666666666,,72,12,28.4,8.6
1630533,Ziaire Williams,MEM,2023-24,january,Stretch Shooter,Shooter,Forward,21.3,13.9,52.56410256410257,,81,14,18.5,8.6
1630202,Payton Pritchard,BOS,2023-24,january,Shot Creator,Scorer,Guard,14.9,16.8,67.6470588235294,12.8,73,16,21.9,8.6
1630168,Onyeka Okongwu,ATL,2023-24,january,3&D Wing,Wing,Big,12.1,6.9,10.909090909090908,1.6,82,15,24.9,8.5
201567,Kevin Love,MIA,2023-24,january,Stretch Shooter,Shooter,Forward,20.4,17.9,56.896551724137936,,80,12,16.7,8.5
202704,Reggie Jackson,DEN,2023-24,january,Role Player,Role,Guard,18.0,20.1,34.66666666666667,,74,15,21.1,8.5
1630172,Patrick Williams,CHI,2023-24,january,3&D Wing,Wing,Forward,18.1,9.0,48.75,3.6,79,9,24.9,8.4
1629022,Lonnie Walker IV,BKN,2023-24,january,Stretch Shooter,Shooter,Guard,22.3,14.6,58.9041095890411,,76,12,15.5,8.4
201976,Patrick Beverley,MIL,2023-24,january,Role Player,Role,Guard,16.9,26.1,41.891891891891895,,74,12,24.9,8.4
1631223,David Roddy,PHX,2023-24,january,Role Player,Role,Guard,18.4,13.7,35.80246913580247,,76,14,22.6,8.4
1628392,Isaiah Hartenstein,NYK,2023-24,january,Finisher,Finisher,Big,9.8,9.7,0.0,,84,14,31.8,8.3
1627752,Taurean Prince,LAL,2023-24,january,3&D Wing,Wing,Forward,12.4,6.5,67.56756756756756,,78,14,28.9,8.3
201143,Al Horford,BOS,2023-24,january,3&D Wing,Wing,Forward,10.8,14.1,70.49180327868852,,81,12,28.0,8.3
1630540,Miles McBride,NYK,2023-24,january,Stretch Shooter,Shooter,Guard,20.5,17.3,59.09090909090909,4.7,73,16,15.6,8.3
203110,Draymond Green,GSW,2023-24,january,3&D Wing,Wing,Forward,12.7,23.8,43.333333333333336,,78,5,30.5,8.2
1628995,Kevin Knox II,POR,2023-24,january,Role Player,Role,Forward,15.9,6.5,46.26865671641791,,79,15,19.6,8.2
1641731,Bilal Coulibaly,WAS,2023-24,january,3&D Wing,Wing,Forward,14.3,8.2,32.89473684210527,4.8,80,15,27.8,8.1
1631216,Caleb Houstan,ORL,2023-24,january,Role Player,Role,Forward,14.8,7.2,93.84615384615384,,80,13,21.9,8.0
1626174,Christian Wood,LAL,2023-24,january,Role Player,Role,Forward,19.1,11.3,35.59322033898305,,80,14,16.4,7.9
1628380,Zach Collins,SAS,2023-24,january,3&D Wing,Wing,Big,21.9,17.1,37.5,,83,5,20.3,7.8
202694,Marcus Morris Sr.,CLE,2023-24,january,Role Player,Role,Forward,17.2,3.9,45.45454545454546,,80,11,20.6,7.7
1630194,Paul Reed,PHI,2023-24,january,Finisher,Finisher,Forward,16.8,7.1,11.11111111111111,,81,14,18.0,7.7
1628365,Markelle Fultz,ORL,2023-24,january,Role Player,Role,Guard,15.9,22.7,0.0,,76,10,22.8,7.7
203482,Kelly Olynyk,TOR,2023-24,january,Playmaking Big,Big,Big,17.1,28.0,27.083333333333336,,83,16,17.5,7.6
1641708,Amen Thompson,HOU,2023-24,january,Finisher,Finisher,Forward,17.5,20.7,20.0,9.4,79,17,17.8,7.5
1631117,Walker Kessler,UTA,2023-24,january,Finisher,Finisher,Big,11.6,3.7,2.380952380952381,,84,16,20.8,7.5
1628372,Dennis Smith Jr.,BKN,2023-24,january,Role Player,Role,Guard,16.8,29.5,29.230769230769223,,75,13,21.1,7.5
1630598,Aaron Wiggins,OKC,2023-24,january,3&D Wing,Wing,Guard,15.3,9.8,27.999999999999996,6.3,77,16,16.0,7.4
1631212,Peyton Watson,DEN,2023-24,january,Finisher,Finisher,Forward,19.3,8.1,43.28358208955223,6.7,79,15,18.1,7.4
1630198,Isaiah Joe,OKC,2023-24,january,3&D Wing,Wing,Guard,15.0,10.1,66.66666666666666,,75,16,16.7,7.3
1626204,Larry Nance Jr.,NOP,2023-24,january,3&D Wing,Wing,Forward,12.2,13.6,37.77777777777778,,80,15,19.5,7.3
1629638,Nickeil Alexander-Walker,MIN,2023-24,january,Movement Shooter,Shooter,Guard,12.7,17.0,67.85714285714286,2.9,77,17,23.5,7.2
1629599,Amir Coffey,LAC,2023-24,january,Role Player,Role,Forward,10.7,4.8,42.857142857142854,,79,15,19.4,7.2
1626224,Cedi Osman,SAS,2023-24,january,Role Player,Role,Forward,13.8,14.3,62.0,,79,16,18.0,7.1
1628998,Cody Martin,CHA,2023-24,january,Role Player,Role,Forward,15.6,18.9,43.42105263157895,,78,12,27.5,7.1
1629020,Jarred Vanderbilt,LAL,2023-24,january,3&D Wing,Wing,Forward,12.0,9.1,16.666666666666664,,80,15,22.2,7.1
1628404,Josh Hart,NYK,2023-24,january,3&D Wing,Wing,Guard,12.5,14.7,40.298507462686565,,76,15,29.5,7.1
1630573,Sam Hauser,BOS,2023-24,january,Movement Shooter,Shooter,Forward,13.7,6.9,85.96491228070175,,79,15,19.4,7.1
1630631,Jose Alvarado,NOP,2023-24,january,3&D Wing,Wing,Guard,18.0,15.3,63.793103448275865,4.2,72,11,15.7,6.9
203486,Mason Plumlee,LAC,2023-24,january,Rim Protector,Big,Big,12.8,8.3,0.0,,82,10,17.8,6.8
1626168,Trey Lyles,SAC,2023-24,january,Role Player,Role,Forward,12.7,7.4,72.22222222222221,,81,14,20.4,6.6
1641717,Cason Wallace,OKC,2023-24,january,3&D Wing,Wing,Guard,12.6,8.9,60.377358490566046,4.2,75,17,19.8,6.6
1629684,Grant Williams,CHA,2023-24,january,3&D Wing,Wing,Forward,14.5,12.8,63.1578947368421,,78,14,22.0,6.6
1631230,Dominick Barlow,SAS,2023-24,january,3&D Wing,Wing,Forward,13.6,14.9,6.25,,81,12,18.5,6.5
1630230,Naji Marshall,NOP,2023-24,january,3&D Wing,Wing,Forward,16.1,9.7,27.450980392156865,5.6,78,15,17.3,6.5
1641733,Nick Smith Jr.,CHA,2023-24,january,Role Player,Role,Guard,19.0,13.6,48.4375,11.6,74,16,18.1,6.4
1627827,Dorian Finney-Smith,BKN,2023-24,january,Role Player,Role,Forward,14.2,9.3,72.97297297297297,,79,12,27.5,6.4
1630577,Julian Champagnie,SAS,2023-24,january,Movement Shooter,Shooter,Forward,13.2,8.7,70.58823529411765,,79,16,19.3,6.4
1630214,Xavier Tillman,BOS,2023-24,january,Role Player,Role,Forward,15.1,14.6,16.666666666666664,,79,14,21.4,6.4
1629312,Haywood Highsmith,MIA,2023-24,january,Role Player,Role,Guard,10.4,6.3,54.34782608695653,,77,13,21.2,6.2
201152,Thaddeus Young,PHX,2023-24,january,Role Player,Role,Forward,12.8,18.8,8.0,,80,13,19.1,6.2
1641709,Ausar Thompson,DET,2023-24,january,Finisher,Finisher,Forward,14.0,8.3,21.568627450980397,7.7,78,15,19.5,6.1
1628371,Jonathan Isaac,ORL,2023-24,january,3&D Wing,Wing,Big,14.4,5.3,26.190476190476193,,82,9,15.4,6.1
1629731,Dean Wade,CLE,2023-24,january,3&D Wing,Wing,Forward,10.2,4.6,84.44444444444444,,81,13,21.4,6.0
1641739,Toumani Camara,POR,2023-24,january,3&D Wing,Wing,Forward,13.7,7.4,41.1764705882353,6.3,79,16,21.0,5.9
1629629,Cam Reddish,LAL,2023-24,january,Role Player,Role,Forward,14.4,3.3,56.52173913043479,,79,8,18.9,5.9
1630587,Isaiah Livers,DET,2023-24,january,3&D Wing,Wing,Forward,8.8,4.8,55.81395348837209,,78,7,21.6,5.7
1631103,Malaki Branham,SAS,2023-24,january,Role Player,Role,Guard,17.6,15.5,39.28571428571429,,76,11,15.2,5.6
1629643,Chuma Okeke,ORL,2023-24,january,Role Player,Role,Forward,12.2,6.9,77.35849056603773,,79,13,21.5,5.6
1631107,Nikola Jović,MIA,2023-24,january,3&D Wing,Wing,Big,16.2,12.8,48.21428571428572,3.7,82,13,18.4,5.6
1628464,Daniel Theis,LAC,2023-24,january,Role Player,Role,Forward,11.9,9.0,26.190476190476193,,80,15,18.3,5.6
1626220,Royce O'Neale,PHX,2023-24,january,3&D Wing,Wing,Forward,13.6,14.8,83.33333333333333,,78,14,20.9,5.6
201587,Nicolas Batum,PHI,2023-24,january,3&D Wing,Wing,Forward,8.3,12.0,66.66666666666666,,80,13,26.8,5.5
1641711,Gradey Dick,TOR,2023-24,january,Movement Shooter,Shooter,Forward,13.0,16.8,61.702127659574465,,78,7,17.3,5.4
203109,Jae Crowder,MIL,2023-24,january,Role Player,Role,Forward,13.8,5.5,81.13207547169812,,78,8,18.1,5.4
1627739,Kris Dunn,UTA,2023-24,january,3&D Wing,Wing,Guard,11.2,27.9,31.70731707317074,3.9,75,16,19.7,5.4
1627863,Danuel House Jr.,PHI,2023-24,january,Role Player,Role,Forward,10.6,6.0,40.54054054054054,,78,11,20.3,5.4
1630173,Precious Achiuwa,NYK,2023-24,january,Finisher,Finisher,Forward,12.5,4.8,13.043478260869565,,80,16,18.2,5.3
201145,Jeff Green,HOU,2023-24,january,Role Player,Role,Forward,12.8,5.8,37.2093023255814,,80,16,18.2,5.3
1626172,Kevon Looney,GSW,2023-24,january,Finisher,Finisher,Forward,10.7,12.5,3.225806451612903,,81,12,15.8,5.2
1631108,Max Christie,LAL,2023-24,january,3&D Wing,Wing,Guard,13.0,7.5,48.717948717948715,5.7,77,15,16.2,5.1
1628988,Aaron Holiday,HOU,2023-24,january,3&D Wing,Wing,Guard,14.2,15.8,57.49999999999999,,72,16,15.0,5.1
1626192,Pat Connaughton,MIL,2023-24,january,Role Player,Role,Guard,8.4,8.8,83.87096774193549,,77,16,18.8,5.1
203937,Kyle Anderson,MIN,2023-24,january,Shot Creator,Scorer,Forward,11.9,27.7,7.5,12.6,81,17,20.0,4.9
1641710,Anthony Black,ORL,2023-24,january,3&D Wing,Wing,Forward,12.5,12.7,34.285714285714285,4.4,79,15,16.6,4.9
1629048,Goga Bitadze,ORL,2023-24,january,Finisher,Finisher,Big,9.9,12.8,11.764705882352942,,82,12,18.3,4.9
202684,Tristan Thompson,CLE,2023-24,january,Role Player,Role,Forward,15.0,13.6,2.702702702702702,,81,9,16.1,4.9
1631104,Blake Wesley,SAS,2023-24,january,Role Player,Role,Guard,14.1,22.2,23.076923076923077,,75,16,15.4,4.9
1628436,Luke Kornet,BOS,2023-24,january,Finisher,Finisher,Big,11.3,8.6,0.0,,85,14,16.4,4.9
1630699,MarJon Beauchamp,MIL,2023-24,january,Role Player,Role,Forward,14.2,10.5,46.0,,79,7,16.6,4.9
1630164,James Wiseman,DET,2023-24,january,Rim Protector,Big,Big,12.2,4.1,2.777777777777778,,83,8,15.9,4.8
1629680,Matisse Thybulle,POR,2023-24,january,Role Player,Role,Guard,10.0,7.6,76.74418604651163,,77,15,20.7,4.7
1630700,Dyson Daniels,NOP,2023-24,january,Finisher,Finisher,Forward,10.5,16.1,38.888888888888886,5.6,79,15,20.5,4.5
204060,Joe Ingles,ORL,2023-24,january,Role Player,Role,Forward,14.2,18.5,71.11111111111111,,81,10,17.6,4.5
1631200,Kris Murray,POR,2023-24,january,3&D Wing,Wing,Forward,14.8,7.0,46.666666666666664,,80,13,15.0,4.5
200768,Kyle Lowry,PHI,2023-24,january,Role Player,Role,Guard,13.7,21.5,59.64912280701754,,72,9,24.2,4.4
1631128,Christian Braun,DEN,2023-24,january,Finisher,Finisher,Forward,12.9,5.4,48.717948717948715,,78,15,16.7,4.4
1630256,Jae'Sean Tate,HOU,2023-24,january,Role Player,Role,Guard,10.4,8.3,36.11111111111111,,76,16,18.0,4.2
1629006,Josh Okogie,PHX,2023-24,january,3&D Wing,Wing,Guard,10.7,10.4,44.827586206896555,,76,16,15.4,4.2
1628467,Maxi Kleber,DAL,2023-24,january,Role Player,Role,Big,10.5,8.2,55.88235294117647,,82,8,19.1,3.8
1629723,John Konchar,MEM,2023-24,january,3&D Wing,Wing,Guard,9.4,15.6,45.45454545454546,,77,12,19.3,3.7
1630165,Killian Hayes,DET,2023-24,january,Role Player,Role,Guard,10.9,31.9,19.512195121951223,,77,14,21.4,3.6
203939,Dwight Powell,DAL,2023-24,january,Finisher,Finisher,Big,9.4,17.1,0.0,,82,11,18.1,3.6
1631367,Jacob Gilyard,BKN,2023-24,january,Role Player,Role,Guard,11.1,31.7,76.31578947368422,,68,10,17.1,3.6
1630534,Ochai Agbaji,TOR,2023-24,january,3&D Wing,Wing,Guard,9.9,5.0,58.82352941176471,,77,16,17.4,2.9
202397,Ish Smith,CHA,2023-24,january,Role Player,Role,Guard,11.9,26.0,5.128205128205129,,72,15,17.2,2.7
1630641,Ibou Badji,POR,2023-24,january,Role Player,Role,Big,6.7,7.5,0.0,,84,9,15.2,1.3
1629029,Luka Dončić,DAL,2023-24,february,Primary Initiator,Primary,Forward,33.4,42.6,44.54545454545455,16.0,79,11,37.2,33.4
1628973,Jalen Brunson,NYK,2023-24,february,Primary Initiator,Primary,Guard,34.8,36.5,26.72064777327935,14.4,74,10,37.8,31.9
1630162,Anthony Edwards,MIN,2023-24,february,Primary Initiator,Primary,Guard,33.4,23.5,37.11790393013101,23.4,76,11,36.0,31.0
1628983,Shai Gilgeous-Alexander,OKC,2023-24,february,Primary Initiator,Primary,Forward,31.4,31.6,14.85148514851485,26.3,78,11,34.8,30.5
203507,Giannis Antetokounmpo,MIL,2023-24,february,Primary Initiator,Primary,Big,31.5,37.0,10.650887573964498,10.9,83,12,33.7,29.3
201939,Stephen Curry,GSW,2023-24,february,Movement Shooter,Shooter,Guard,31.2,22.8,64.15094339622641,10.1,74,14,32.5,27.7
202681,Kyrie Irving,DAL,2023-24,february,Role Player,Role,Guard,26.5,19.9,35.148514851485146,,74,10,36.2,27.7
1628369,Jayson Tatum,BOS,2023-24,february,Primary Initiator,Primary,Forward,29.6,26.8,47.0,,80,10,36.0,27.2
1628378,Donovan Mitchell,CLE,2023-24,february,Primary Initiator,Primary,Guard,28.4,23.3,49.72067039106146,11.4,75,11,36.0,27.2
2544,LeBron James,LAL,2023-24,february,Primary Initiator,Primary,Forward,28.4,35.1,28.865979381443303,12.8,81,9,36.7,27.1
201942,DeMar DeRozan,CHI,2023-24,february,Shot Creator,Scorer,Forward,24.6,18.3,15.083798882681569,19.9,78,10,40.6,27.1
1630178,Tyrese Maxey,PHI,2023-24,february,Primary Initiator,Primary,Guard,29.6,26.0,35.18518518518518,14.5,74,11,36.8,26.9
201142,Kevin Durant,PHX,2023-24,february,Primary Initiator,Primary,Big,28.7,21.2,30.25641025641026,20.8,83,11,36.7,26.0
1628368,De'Aaron Fox,SAC,2023-24,february,Primary Initiator,Primary,Guard,30.7,25.5,31.753554502369667,10.1,75,11,35.7,25.9
203076,Anthony Davis,LAL,2023-24,february,Post Scorer,Big,Big,26.8,13.8,9.248554913294797,11.5,82,11,35.3,25.8
1628991,Jaren Jackson Jr.,MEM,2023-24,february,3&D Wing,Wing,Big,35.1,18.4,37.0,11.1,82,9,32.8,25.1
1626164,Devin Booker,PHX,2023-24,february,Shot Creator,Scorer,Forward,27.3,23.9,29.83425414364641,14.0,78,10,33.7,25.0
203924,Jerami Grant,POR,2023-24,february,3&D Wing,Wing,Forward,29.4,19.3,29.94652406417112,10.7,79,7,37.7,24.1
202695,Kawhi Leonard,LAC,2023-24,february,Shot Creator,Scorer,Forward,25.9,17.8,31.51515151515152,16.5,79,10,34.5,24.1
1629627,Zion Williamson,NOP,2023-24,february,Shot Creator,Scorer,Forward,28.7,30.7,1.149425287356322,23.8,78,11,32.5,23.9
203999,Nikola Jokić,DEN,2023-24,february,Playmaking Big,Big,Big,26.9,44.2,17.91907514450867,5.3,83,11,34.8,23.7
1629027,Trae Young,ATL,2023-24,february,Stretch Shooter,Shooter,Guard,25.6,39.2,54.70588235294118,12.0,73,9,37.4,23.2
204001,Kristaps Porziņģis,BOS,2023-24,february,Post Scorer,Big,Big,28.4,8.8,32.87671232876712,,86,9,29.1,23.0
1630170,Devin Vassell,SAS,2023-24,february,3&D Wing,Wing,Guard,25.2,23.2,37.078651685393254,2.7,77,12,34.1,22.5
1627742,Brandon Ingram,NOP,2023-24,february,Shot Creator,Scorer,Forward,28.2,29.9,28.402366863905325,13.8,80,10,34.5,22.4
1631114,Jalen Williams,OKC,2023-24,february,Shot Creator,Scorer,Guard,24.6,24.2,27.044025157232703,14.8,77,9,32.6,22.3
1628398,Kyle Kuzma,WAS,2023-24,february,3&D Wing,Wing,Forward,27.7,13.1,37.368421052631575,5.1,81,10,34.6,22.1
203078,Bradley Beal,PHX,2023-24,february,Primary Initiator,Primary,Guard,28.2,22.8,34.96932515337423,,76,6,30.7,22.0
1627749,Dejounte Murray,ATL,2023-24,february,Role Player,Role,Guard,26.5,30.4,34.946236559139784,,77,10,35.8,22.0
202696,Nikola Vučević,CHI,2023-24,february,Post Scorer,Big,Big,25.1,12.9,25.773195876288664,,82,10,37.9,22.0
1630595,Cade Cunningham,DET,2023-24,february,Secondary Ball Handler,Secondary,Forward,27.3,36.1,27.27272727272727,11.5,78,10,32.3,21.8
1628978,Donte DiVincenzo,NYK,2023-24,february,Movement Shooter,Shooter,Guard,24.1,13.2,64.3979057591623,1.9,76,11,37.5,21.7
1628970,Miles Bridges,CHA,2023-24,february,3&D Wing,Wing,Forward,25.1,16.6,35.13513513513514,9.0,79,13,37.5,21.7
1629014,Anfernee Simons,POR,2023-24,february,Primary Initiator,Primary,Guard,29.8,25.6,46.666666666666664,18.2,75,8,34.7,21.6
1631094,Paolo Banchero,ORL,2023-24,february,Shot Creator,Scorer,Big,27.2,27.3,26.25,14.7,82,10,34.6,21.6
202710,Jimmy Butler III,MIA,2023-24,february,Shot Creator,Scorer,Forward,23.5,28.3,22.307692307692307,17.7,79,7,34.3,21.6
1630532,Franz Wagner,ORL,2023-24,february,Playmaking Big,Big,Big,26.2,20.2,33.333333333333336,7.6,82,12,33.5,21.5
1628374,Lauri Markkanen,UTA,2023-24,february,Movement Shooter,Shooter,Big,22.6,8.9,48.76543209876544,4.0,84,11,33.6,21.4
1641705,Victor Wembanyama,SAS,2023-24,february,Shot Creator,Scorer,Big,30.2,24.5,33.54430379746835,14.5,88,12,28.9,21.3
203081,Damian Lillard,MIL,2023-24,february,Primary Initiator,Primary,Guard,28.1,29.3,47.239263803680984,,74,10,32.8,21.1
1627783,Pascal Siakam,IND,2023-24,february,Shot Creator,Scorer,Forward,24.0,18.0,24.68354430379747,13.3,80,12,33.6,21.1
1626157,Karl-Anthony Towns,MIN,2023-24,february,Rim Protector,Big,Big,27.0,9.2,44.0,10.0,84,10,31.5,20.8
1641706,Brandon Miller,CHA,2023-24,february,Secondary Ball Handler,Secondary,Forward,26.0,11.8,44.18604651162791,10.8,79,13,34.5,20.5
1629632,Coby White,CHI,2023-24,february,Secondary Ball Handler,Secondary,Guard,23.3,23.7,47.42857142857143,7.7,77,10,39.6,20.5
1629012,Collin Sexton,UTA,2023-24,february,Secondary Ball Handler,Secondary,Guard,27.7,30.8,34.58646616541353,5.2,75,11,27.2,20.3
1627759,Jaylen Brown,BOS,2023-24,february,Shot Creator,Scorer,Forward,25.9,16.8,29.22077922077922,20.6,78,8,34.1,20.3
1626156,D'Angelo Russell,LAL,2023-24,february,Stretch Shooter,Shooter,Guard,22.8,27.2,51.23456790123457,8.7,75,11,35.8,20.2
1630166,Deni Avdija,WAS,2023-24,february,Shot Creator,Scorer,Forward,22.0,12.0,33.58778625954199,14.0,81,9,33.9,20.1
1627734,Domantas Sabonis,SAC,2023-24,february,Playmaking Big,Big,Big,21.1,37.0,8.088235294117647,,82,12,36.6,20.0
1629628,RJ Barrett,TOR,2023-24,february,Secondary Ball Handler,Secondary,Forward,23.5,20.2,26.573426573426573,2.7,78,9,33.2,19.9
1630560,Cam Thomas,BKN,2023-24,february,Shot Creator,Scorer,Guard,27.7,18.5,35.39325842696629,16.4,75,10,33.1,19.8
1628389,Bam Adebayo,MIA,2023-24,february,3&D Wing,Wing,Forward,24.7,17.0,0.6896551724137931,8.0,81,11,33.9,19.6
1630567,Scottie Barnes,TOR,2023-24,february,Finisher,Finisher,Forward,24.1,29.5,22.5,7.9,79,12,35.2,19.4
1631096,Chet Holmgren,OKC,2023-24,february,Finisher,Finisher,Big,21.3,12.1,44.06779661016949,7.8,85,11,30.5,19.3
1629639,Tyler Herro,MIA,2023-24,february,Shot Creator,Scorer,Guard,25.7,23.8,43.93063583815028,13.3,77,7,32.1,19.1
1629008,Michael Porter Jr.,DEN,2023-24,february,Movement Shooter,Shooter,Big,22.8,8.8,50.0,6.9,82,10,32.5,19.1
203468,CJ McCollum,NOP,2023-24,february,Stretch Shooter,Shooter,Guard,24.6,18.1,55.0632911392405,8.8,75,10,30.7,18.3
1630193,Immanuel Quickley,TOR,2023-24,february,Stretch Shooter,Shooter,Guard,21.9,21.2,51.65562913907284,6.1,74,12,33.5,18.3
1631093,Jaden Ivey,DET,2023-24,february,3&D Wing,Wing,Guard,25.2,16.2,36.55172413793103,5.6,76,11,32.5,18.2
201935,James Harden,LAC,2023-24,february,Shot Creator,Scorer,Guard,20.3,27.8,63.559322033898304,42.5,77,11,36.7,18.2
1628370,Malik Monk,SAC,2023-24,february,Secondary Ball Handler,Secondary,Guard,26.3,26.8,36.80555555555555,8.4,75,12,27.5,18.2
1630228,Jonathan Kuminga,GSW,2023-24,february,Shot Creator,Scorer,Forward,23.2,16.8,10.606060606060606,12.6,79,14,30.2,18.1
1627750,Jamal Murray,DEN,2023-24,february,Shot Creator,Scorer,Guard,25.6,30.0,41.78082191780822,14.6,76,9,28.9,17.9
202331,Paul George,LAC,2023-24,february,Shot Creator,Scorer,Forward,25.0,20.9,48.734177215189874,18.4,80,9,32.6,17.9
1626167,Myles Turner,IND,2023-24,february,3&D Wing,Wing,Big,23.3,7.0,31.858407079646017,,83,10,27.5,17.8
1628386,Jarrett Allen,CLE,2023-24,february,Finisher,Finisher,Forward,20.8,9.2,2.459016393442623,,81,13,32.7,17.8
1630578,Alperen Sengun,HOU,2023-24,february,Shot Creator,Scorer,Big,23.2,21.8,10.0,14.9,83,11,30.5,17.3
1630557,Corey Kispert,WAS,2023-24,february,Movement Shooter,Shooter,Forward,21.4,16.8,58.333333333333336,,78,11,27.7,17.3
1630559,Austin Reaves,LAL,2023-24,february,Shot Creator,Scorer,Guard,19.5,23.4,43.54838709677419,13.5,77,12,34.5,17.3
1628969,Mikal Bridges,BKN,2023-24,february,Stretch Shooter,Shooter,Forward,22.9,16.9,55.625,2.3,78,12,34.4,17.3
1629028,Deandre Ayton,POR,2023-24,february,Finisher,Finisher,Big,20.5,14.5,0.0,,84,8,30.6,17.1
1629631,De'Andre Hunter,ATL,2023-24,february,3&D Wing,Wing,Forward,21.6,6.5,42.00000000000001,7.5,80,10,24.5,17.0
1630168,Onyeka Okongwu,ATL,2023-24,february,3&D Wing,Wing,Big,15.0,4.1,19.8019801980198,1.6,82,7,33.2,16.7
1630596,Evan Mobley,CLE,2023-24,february,Finisher,Finisher,Big,21.1,15.3,16.216216216216218,4.7,83,12,29.0,16.7
1630552,Jalen Johnson,ATL,2023-24,february,Finisher,Finisher,Forward,18.1,14.8,27.97202797202797,7.9,80,12,37.5,16.5
1626179,Terry Rozier,MIA,2023-24,february,Role Player,Role,Guard,24.3,24.7,36.986301369863014,,73,7,30.7,16.3
1630169,Tyrese Haliburton,IND,2023-24,february,Stretch Shooter,Shooter,Guard,22.2,39.8,52.38095238095239,,77,12,29.1,16.1
202691,Klay Thompson,GSW,2023-24,february,Movement Shooter,Shooter,Forward,22.6,8.5,59.72222222222222,,78,13,28.2,16.0
1630224,Jalen Green,HOU,2023-24,february,Role Player,Role,Guard,27.3,20.3,42.40506329113923,,76,12,28.9,15.8
1630245,Ayo Dosunmu,CHI,2023-24,february,3&D Wing,Wing,Guard,16.9,18.4,48.387096774193544,2.2,77,10,37.2,15.8
1629673,Jordan Poole,WAS,2023-24,february,Stretch Shooter,Shooter,Guard,25.0,22.3,53.846153846153854,7.9,76,12,30.2,15.7
203992,Bogdan Bogdanović,ATL,2023-24,february,Stretch Shooter,Shooter,Guard,19.4,15.4,56.61764705882353,,77,12,32.1,15.5
1631097,Bennedict Mathurin,IND,2023-24,february,Secondary Ball Handler,Secondary,Guard,22.7,12.2,34.45378151260503,9.0,77,9,29.1,15.4
203932,Aaron Gordon,DEN,2023-24,february,Shot Creator,Scorer,Forward,18.7,15.6,18.279569892473116,16.0,80,11,29.2,15.4
1626171,Bobby Portis,MIL,2023-24,february,3&D Wing,Wing,Big,24.6,12.6,27.34375,3.2,82,12,26.1,15.3
1641713,GG Jackson,MEM,2023-24,february,3&D Wing,Wing,Forward,25.7,5.5,49.61832061068702,,81,11,26.2,15.1
1628381,John Collins,UTA,2023-24,february,3&D Wing,Wing,Forward,18.8,9.4,28.440366972477065,,81,11,29.1,15.1
1641718,Keyonte George,UTA,2023-24,february,Shot Creator,Scorer,Guard,20.7,26.5,54.761904761904766,12.3,76,11,30.2,14.9
1630180,Saddiq Bey,ATL,2023-24,february,3&D Wing,Wing,Forward,17.2,5.3,47.82608695652174,6.5,79,11,31.9,14.9
1626162,Kelly Oubre Jr.,PHI,2023-24,february,Shot Creator,Scorer,Forward,21.6,5.1,34.32835820895522,12.1,79,12,32.2,14.8
202699,Tobias Harris,PHI,2023-24,february,3&D Wing,Wing,Forward,20.4,17.1,21.678321678321677,4.2,80,9,32.8,14.8
1628401,Derrick White,BOS,2023-24,february,3&D Wing,Wing,Guard,16.9,19.0,61.904761904761905,4.7,76,10,32.9,14.5
1626181,Norman Powell,LAC,2023-24,february,Movement Shooter,Shooter,Guard,21.0,4.6,53.04347826086955,10.9,76,10,26.6,14.5
202711,Bojan Bogdanovic,NYK,2023-24,february,Stretch Shooter,Shooter,Forward,23.6,9.8,59.45945945945946,,79,9,25.5,14.4
203497,Rudy Gobert,MIN,2023-24,february,Finisher,Finisher,Big,14.1,6.0,1.2048192771084336,,85,10,35.2,14.4
1641715,Cam Whitmore,HOU,2023-24,february,Finisher,Finisher,Forward,28.4,5.6,48.27586206896552,6.7,79,9,20.4,14.2
1627741,Buddy Hield,PHI,2023-24,february,Movement Shooter,Shooter,Guard,18.5,20.7,66.10169491525423,,76,12,30.8,14.0
1631105,Jalen Duren,DET,2023-24,february,Finisher,Finisher,Big,17.8,12.7,1.0526315789473684,8.9,82,11,31.0,14.0
1629060,Rui Hachimura,LAL,2023-24,february,3&D Wing,Wing,Forward,16.1,3.7,36.19047619047619,3.7,80,12,31.2,14.0
1629636,Darius Garland,CLE,2023-24,february,Secondary Ball Handler,Secondary,Guard,20.9,30.3,49.13793103448276,6.7,73,13,31.3,13.9
203903,Jordan Clarkson,UTA,2023-24,february,3&D Wing,Wing,Guard,21.3,25.5,46.82539682539683,5.2,75,11,31.6,13.9
1627832,Fred VanVleet,HOU,2023-24,february,Role Player,Role,Guard,17.8,21.5,65.83333333333333,,72,7,33.8,13.9
1630174,Aaron Nesmith,IND,2023-24,february,Movement Shooter,Shooter,Forward,18.6,5.9,48.48484848484848,,78,8,29.7,13.8
1629130,Duncan Robinson,MIA,2023-24,february,Movement Shooter,Shooter,Forward,16.6,16.8,69.6969696969697,,79,9,30.2,13.7
1627736,Malik Beasley,MIL,2023-24,february,Role Player,Role,Guard,15.7,6.5,83.16831683168317,,76,12,30.1,13.7
1630529,Herbert Jones,NOP,2023-24,february,3&D Wing,Wing,Forward,13.8,9.6,45.238095238095234,,79,11,33.3,13.6
203952,Andrew Wiggins,GSW,2023-24,february,3&D Wing,Wing,Forward,17.6,10.0,34.285714285714285,10.9,79,11,27.3,13.5
1631095,Jabari Smith Jr.,HOU,2023-24,february,3&D Wing,Wing,Big,17.0,6.3,47.93388429752066,5.6,83,12,33.9,13.4
1628404,Josh Hart,NYK,2023-24,february,3&D Wing,Wing,Guard,16.5,18.4,39.02439024390244,,76,12,39.9,13.4
1631246,Vince Williams Jr.,MEM,2023-24,february,3&D Wing,Wing,Guard,18.9,27.7,40.77669902912621,,76,11,33.5,13.3
203084,Harrison Barnes,SAC,2023-24,february,3&D Wing,Wing,Forward,15.6,2.7,53.846153846153854,8.0,80,12,27.7,13.3
1627751,Jakob Poeltl,TOR,2023-24,february,Finisher,Finisher,Big,18.5,14.3,0.0,,84,12,27.1,12.9
1628963,Marvin Bagley III,WAS,2023-24,february,Finisher,Finisher,Big,18.1,7.8,9.25925925925926,7.3,82,8,26.4,12.9
1630533,Ziaire Williams,MEM,2023-24,february,3&D Wing,Wing,Forward,18.3,10.1,47.16981132075472,,81,5,29.9,12.8
1631323,Simone Fontecchio,DET,2023-24,february,Movement Shooter,Shooter,Forward,17.3,9.5,53.333333333333336,,79,10,27.3,12.6
1626145,Tyus Jones,WAS,2023-24,february,3&D Wing,Wing,Guard,14.7,43.8,38.77551020408163,,73,12,31.9,12.3
1629675,Naz Reid,MIN,2023-24,february,3&D Wing,Wing,Forward,19.5,5.4,40.42553191489361,3.8,81,11,24.6,12.3
1628415,Dillon Brooks,HOU,2023-24,february,3&D Wing,Wing,Forward,17.2,9.0,50.89285714285715,9.3,78,12,30.9,12.3
1630530,Trey Murphy III,NOP,2023-24,february,Finisher,Finisher,Forward,16.1,8.7,73.0,6.6,80,12,29.1,12.3
203994,Jusuf Nurkić,PHX,2023-24,february,Finisher,Finisher,Big,19.8,19.7,7.228915662650602,,84,10,26.6,12.2
1630173,Precious Achiuwa,NYK,2023-24,february,Finisher,Finisher,Forward,14.0,5.5,19.587628865979383,,80,12,38.7,12.2
1630591,Jalen Suggs,ORL,2023-24,february,Stretch Shooter,Shooter,Guard,18.4,14.8,61.79775280898876,6.6,77,11,27.1,12.1
1629661,Cameron Johnson,BKN,2023-24,february,Stretch Shooter,Shooter,Forward,19.3,14.7,67.70833333333334,,80,8,25.6,12.0
1629684,Grant Williams,CHA,2023-24,february,Stretch Shooter,Shooter,Forward,18.7,8.7,55.81395348837209,,78,11,27.1,12.0
1629640,Keldon Johnson,SAS,2023-24,february,3&D Wing,Wing,Guard,19.5,11.8,48.07692307692307,3.9,77,11,25.3,12.0
1628976,Wendell Carter Jr.,ORL,2023-24,february,3&D Wing,Wing,Big,17.3,7.4,36.25,,82,12,26.9,12.0
1630544,Tre Mann,CHA,2023-24,february,3&D Wing,Wing,Guard,18.5,24.5,42.57425742574257,8.5,75,8,29.8,11.9
1630182,Josh Green,DAL,2023-24,february,3&D Wing,Wing,Guard,13.5,10.8,56.57894736842105,,77,11,29.7,11.7
203471,Dennis Schröder,BKN,2023-24,february,Shot Creator,Scorer,Guard,23.1,26.9,42.99065420560748,14.8,73,12,25.8,11.7
1628960,Grayson Allen,PHX,2023-24,february,3&D Wing,Wing,Guard,12.2,14.3,67.90123456790124,2.8,76,11,33.9,11.5
203083,Andre Drummond,CHI,2023-24,february,Finisher,Finisher,Big,19.3,1.8,1.162790697674419,,83,10,23.7,11.5
1631099,Keegan Murray,SAC,2023-24,february,Movement Shooter,Shooter,Forward,15.0,5.9,50.0,4.2,80,12,31.6,11.5
1628989,Kevin Huerter,SAC,2023-24,february,3&D Wing,Wing,Forward,17.7,11.0,60.439560439560445,,79,12,26.3,11.5
1629655,Daniel Gafford,DAL,2023-24,february,Finisher,Finisher,Big,17.0,5.4,0.0,,82,10,22.4,11.4
1629652,Luguentz Dort,OKC,2023-24,february,3&D Wing,Wing,Guard,15.4,6.3,63.636363636363626,,76,11,28.3,11.4
201950,Jrue Holiday,BOS,2023-24,february,Role Player,Role,Guard,14.3,25.1,40.0,10.1,76,9,31.6,11.2
1630200,Tre Jones,SAS,2023-24,february,Finisher,Finisher,Guard,14.9,30.7,35.44303797468354,4.8,73,12,28.6,11.2
1629622,Max Strus,CLE,2023-24,february,Role Player,Role,Guard,15.2,19.2,66.66666666666667,,77,13,29.2,11.2
1628379,Luke Kennard,MEM,2023-24,february,Movement Shooter,Shooter,Guard,16.3,13.8,75.71428571428571,,77,8,25.0,11.1
1629023,P.J. Washington,DAL,2023-24,february,3&D Wing,Wing,Forward,17.8,6.6,45.28301886792453,4.1,79,11,30.9,11.1
1641708,Amen Thompson,HOU,2023-24,february,Finisher,Finisher,Forward,17.6,15.6,12.222222222222223,9.4,79,12,26.9,11.0
201569,Eric Gordon,PHX,2023-24,february,3&D Wing,Wing,Guard,14.6,7.4,62.5,,75,9,27.5,11.0
1641711,Gradey Dick,TOR,2023-24,february,Movement Shooter,Shooter,Forward,16.5,6.6,53.24675324675325,,78,12,20.3,11.0
202685,Jonas Valančiūnas,NOP,2023-24,february,Post Scorer,Big,Big,20.3,12.3,5.952380952380952,,83,12,21.1,10.9
1641709,Ausar Thompson,DET,2023-24,february,Finisher,Finisher,Forward,15.5,9.4,17.647058823529413,7.7,78,11,29.2,10.9
1629018,Gary Trent Jr.,TOR,2023-24,february,3&D Wing,Wing,Guard,16.6,6.1,55.769230769230774,,77,12,28.9,10.8
1641764,Brandin Podziemski,GSW,2023-24,february,3&D Wing,Wing,Guard,15.0,21.5,35.0,6.1,76,14,31.8,10.8
1629021,Moritz Wagner,ORL,2023-24,february,Role Player,Role,Big,22.9,8.9,9.836065573770492,,83,12,16.6,10.7
203501,Tim Hardaway Jr.,DAL,2023-24,february,Movement Shooter,Shooter,Guard,19.2,8.4,61.11111111111111,2.2,77,11,26.7,10.6
1630208,Nick Richards,CHA,2023-24,february,Role Player,Role,Big,13.8,4.5,1.6129032258064515,,84,13,28.6,10.6
203484,Kentavious Caldwell-Pope,DEN,2023-24,february,3&D Wing,Wing,Guard,14.0,9.3,52.63157894736842,3.1,77,8,27.6,10.5
201566,Russell Westbrook,LAC,2023-24,february,Shot Creator,Scorer,Guard,24.5,21.7,28.30188679245283,13.4,76,11,22.4,10.5
1630188,Jalen Smith,IND,2023-24,february,3&D Wing,Wing,Forward,20.3,7.4,35.064935064935064,,81,7,17.4,10.4
1626220,Royce O'Neale,PHX,2023-24,february,3&D Wing,Wing,Forward,14.9,15.1,80.68181818181817,,78,10,27.1,10.4
1627747,Caris LeVert,CLE,2023-24,february,Secondary Ball Handler,Secondary,Forward,20.1,34.0,36.73469387755102,6.2,78,13,25.7,10.4
1631204,Marcus Sasser,DET,2023-24,february,Secondary Ball Handler,Secondary,Guard,21.2,32.2,48.23529411764705,,74,8,20.8,10.4
204456,T.J. McConnell,IND,2023-24,february,Secondary Ball Handler,Secondary,Guard,21.3,41.1,4.878048780487806,5.9,73,11,19.1,10.2
1630205,Lamar Stevens,MEM,2023-24,february,Role Player,Role,Forward,22.5,6.9,11.25,,79,7,18.7,10.1
201572,Brook Lopez,MIL,2023-24,february,3&D Wing,Wing,Big,15.9,9.2,66.66666666666666,,85,9,27.9,10.1
1631170,Jaime Jaquez Jr.,MIA,2023-24,february,Shot Creator,Scorer,Forward,17.7,13.1,25.274725274725274,14.8,78,11,28.4,10.1
1629651,Nic Claxton,BKN,2023-24,february,Shot Creator,Scorer,Big,15.2,11.2,1.2987012987012987,14.1,83,12,27.7,10.1
1627826,Ivica Zubac,LAC,2023-24,february,Post Scorer,Big,Big,15.6,9.4,0.0,,84,8,24.9,10.0
1630171,Isaac Okoro,CLE,2023-24,february,3&D Wing,Wing,Guard,14.3,10.6,54.285714285714285,,77,13,25.1,9.9
1631110,Jeremy Sochan,SAS,2023-24,february,3&D Wing,Wing,Forward,17.2,9.6,30.0,,80,12,29.0,9.9
202692,Alec Burks,NYK,2023-24,february,Stretch Shooter,Shooter,Guard,25.1,8.4,51.578947368421055,,77,11,19.2,9.9
1630540,Miles McBride,NYK,2023-24,february,3&D Wing,Wing,Guard,17.7,11.9,48.86363636363636,4.7,73,12,23.3,9.8
1630581,Josh Giddey,OKC,2023-24,february,Secondary Ball Handler,Secondary,Forward,20.2,18.7,39.32584269662921,5.0,80,11,23.9,9.8
203482,Kelly Olynyk,TOR,2023-24,february,Playmaking Big,Big,Big,18.5,25.9,28.125,,83,10,18.8,9.8
1629611,Terance Mann,LAC,2023-24,february,3&D Wing,Wing,Guard,13.1,11.4,36.36363636363637,3.7,77,11,26.8,9.7
201144,Mike Conley,MIN,2023-24,february,3&D Wing,Wing,Guard,14.3,31.5,67.12328767123287,,72,11,27.0,9.6
203552,Seth Curry,CHA,2023-24,february,Role Player,Role,Guard,19.0,14.3,49.31506849315069,,73,7,19.4,9.6
1628997,Caleb Martin,MIA,2023-24,february,3&D Wing,Wing,Guard,14.2,8.5,40.74074074074074,,77,11,29.3,9.5
1630175,Cole Anthony,ORL,2023-24,february,Secondary Ball Handler,Secondary,Guard,22.6,19.7,27.710843373493972,6.9,74,12,20.2,9.4
1641739,Toumani Camara,POR,2023-24,february,3&D Wing,Wing,Forward,15.9,9.2,28.985507246376812,6.3,79,9,24.2,9.3
1630583,Santi Aldama,MEM,2023-24,february,3&D Wing,Wing,Big,15.9,16.3,57.777777777777786,,84,11,28.5,9.3
203110,Draymond Green,GSW,2023-24,february,3&D Wing,Wing,Forward,15.0,25.6,27.77777777777778,,78,14,26.9,9.1
1626196,Josh Richardson,MIA,2023-24,february,Role Player,Role,Guard,14.4,11.3,62.16216216216215,,77,5,23.8,9.0
203991,Clint Capela,ATL,2023-24,february,Finisher,Finisher,Big,17.7,4.4,0.0,,82,6,21.4,8.8
203095,Evan Fournier,DET,2023-24,february,Role Player,Role,Forward,17.4,5.8,58.46153846153845,,78,6,18.6,8.8
201567,Kevin Love,MIA,2023-24,february,Stretch Shooter,Shooter,Forward,21.0,19.2,72.58064516129032,,80,10,15.9,8.8
1631117,Walker Kessler,UTA,2023-24,february,Finisher,Finisher,Big,13.3,8.6,5.084745762711864,,84,10,23.4,8.8
1628380,Zach Collins,SAS,2023-24,february,Playmaking Big,Big,Big,22.4,24.6,21.333333333333336,,83,12,17.7,8.8
1626166,Cameron Payne,PHI,2023-24,february,Role Player,Role,Guard,20.0,22.5,50.0,,75,11,18.1,8.7
1631367,Jacob Gilyard,BKN,2023-24,february,Role Player,Role,Guard,13.9,29.3,87.49999999999999,,68,7,24.5,8.7
1626168,Trey Lyles,SAC,2023-24,february,Role Player,Role,Forward,15.4,4.4,66.07142857142858,,81,11,19.0,8.6
1628988,Aaron Holiday,HOU,2023-24,february,3&D Wing,Wing,Guard,17.1,19.6,50.76923076923077,,72,12,17.7,8.6
1629599,Amir Coffey,LAC,2023-24,february,Role Player,Role,Forward,12.2,8.0,50.0,,79,11,24.5,8.5
1629614,Andrew Nembhard,IND,2023-24,february,Role Player,Role,Guard,12.8,15.1,30.136986301369863,8.9,76,12,27.6,8.5
1630202,Payton Pritchard,BOS,2023-24,february,Shot Creator,Scorer,Guard,17.8,12.4,72.72727272727273,12.8,73,10,18.3,8.5
1631103,Malaki Branham,SAS,2023-24,february,Role Player,Role,Guard,19.7,13.5,43.58974358974359,,76,12,18.4,8.4
1629022,Lonnie Walker IV,BKN,2023-24,february,Stretch Shooter,Shooter,Guard,23.1,11.5,57.49999999999999,,76,10,15.7,8.4
201143,Al Horford,BOS,2023-24,february,3&D Wing,Wing,Forward,11.7,8.8,49.20634920634921,,81,9,26.4,8.3
1628467,Maxi Kleber,DAL,2023-24,february,Role Player,Role,Big,11.3,9.6,58.620689655172406,,82,9,27.3,8.3
1627752,Taurean Prince,LAL,2023-24,february,3&D Wing,Wing,Forward,13.5,8.1,49.25373134328358,,78,12,26.1,8.3
1629638,Nickeil Alexander-Walker,MIN,2023-24,february,Movement Shooter,Shooter,Guard,16.3,14.8,54.666666666666664,2.9,77,11,23.0,8.2
1629626,Bol Bol,PHX,2023-24,february,Rim Protector,Big,Big,16.2,4.3,29.50819672131148,,87,9,16.4,8.1
1627936,Alex Caruso,CHI,2023-24,february,3&D Wing,Wing,Guard,12.9,15.2,58.108108108108105,,77,8,31.2,8.0
202704,Reggie Jackson,DEN,2023-24,february,Role Player,Role,Guard,18.1,21.0,37.2093023255814,,74,11,22.4,8.0
1630167,Obi Toppin,IND,2023-24,february,3&D Wing,Wing,Forward,16.0,11.1,55.172413793103445,,81,12,18.6,7.9
1630194,Paul Reed,PHI,2023-24,february,Finisher,Finisher,Forward,12.9,6.4,10.81081081081081,,81,12,26.0,7.9
1630598,Aaron Wiggins,OKC,2023-24,february,3&D Wing,Wing,Guard,17.0,7.5,51.78571428571429,6.3,77,11,17.7,7.9
1630183,Jaden McDaniels,MIN,2023-24,february,3&D Wing,Wing,Forward,14.2,7.2,46.57534246575342,2.3,81,11,28.7,7.9
1628392,Isaiah Hartenstein,NYK,2023-24,february,Finisher,Finisher,Big,12.2,15.1,0.0,,84,8,25.0,7.9
1630631,Jose Alvarado,NOP,2023-24,february,3&D Wing,Wing,Guard,17.7,16.7,56.94444444444444,4.2,72,9,19.4,7.6
1628998,Cody Martin,CHA,2023-24,february,Role Player,Role,Forward,15.6,24.2,40.25974025974026,,78,11,27.5,7.5
1628971,Bruce Brown,TOR,2023-24,february,Finisher,Finisher,Guard,14.3,14.5,26.08695652173913,4.1,76,12,23.7,7.5
1631107,Nikola Jović,MIA,2023-24,february,3&D Wing,Wing,Big,17.2,12.3,61.53846153846154,3.7,82,6,17.9,7.5
1630573,Sam Hauser,BOS,2023-24,february,Movement Shooter,Shooter,Forward,12.4,3.3,88.23529411764707,,79,10,19.2,7.5
1631223,David Roddy,PHX,2023-24,february,Role Player,Role,Guard,24.1,18.3,32.43243243243243,,76,7,16.1,7.4
1641731,Bilal Coulibaly,WAS,2023-24,february,3&D Wing,Wing,Forward,14.4,7.7,47.05882352941177,4.8,80,10,26.7,7.3
203914,Gary Harris,ORL,2023-24,february,3&D Wing,Wing,Guard,11.6,8.4,62.264150943396224,,76,10,22.7,7.3
1630198,Isaiah Joe,OKC,2023-24,february,3&D Wing,Wing,Guard,13.3,9.6,63.26530612244897,,75,8,17.6,7.3
1628365,Markelle Fultz,ORL,2023-24,february,Role Player,Role,Guard,18.4,19.9,9.72222222222222,,76,9,20.8,7.1
1630231,KJ Martin,PHI,2023-24,february,Role Player,Role,Forward,13.0,9.1,17.307692307692307,,78,10,19.5,7.1
1628981,Bruno Fernando,ATL,2023-24,february,Role Player,Role,Forward,16.1,9.1,0.0,,81,9,16.0,7.0
1641717,Cason Wallace,OKC,2023-24,february,3&D Wing,Wing,Guard,13.0,8.0,68.5185185185185,4.2,75,11,18.1,7.0
1641726,Dereck Lively II,DAL,2023-24,february,Rim Protector,Big,Big,10.7,3.8,0.0,,85,5,18.6,7.0
1627777,Georges Niang,CLE,2023-24,february,Role Player,Role,Forward,17.0,3.6,63.934426229508205,,79,13,18.6,7.0
1631121,Bryce McGowens,CHA,2023-24,february,3&D Wing,Wing,Forward,16.5,10.2,39.130434782608695,5.2,78,9,16.0,6.9
1629013,Landry Shamet,WAS,2023-24,february,3&D Wing,Wing,Guard,16.5,6.6,58.2089552238806,,76,12,18.3,6.8
1641733,Nick Smith Jr.,CHA,2023-24,february,Stretch Shooter,Shooter,Guard,19.6,14.7,58.46153846153845,11.6,74,6,17.4,6.8
203486,Mason Plumlee,LAC,2023-24,february,Rim Protector,Big,Big,15.3,12.1,0.0,,82,10,15.7,6.8
1631133,Jabari Walker,POR,2023-24,february,3&D Wing,Wing,Forward,14.8,3.9,23.18840579710145,,79,9,24.0,6.8
1641707,Taylor Hendricks,UTA,2023-24,february,3&D Wing,Wing,Forward,12.5,4.1,60.0,,81,8,22.1,6.8
1631212,Peyton Watson,DEN,2023-24,february,Finisher,Finisher,Forward,15.2,5.7,33.9622641509434,6.7,79,11,20.0,6.5
1630692,Jordan Goodwin,MEM,2023-24,february,3&D Wing,Wing,Guard,16.7,21.1,25.806451612903224,,76,5,18.7,6.4
201145,Jeff Green,HOU,2023-24,february,Role Player,Role,Forward,15.4,13.4,50.0,,80,12,16.8,6.3
1627739,Kris Dunn,UTA,2023-24,february,3&D Wing,Wing,Guard,13.8,18.8,47.27272727272727,3.9,75,11,20.8,6.3
201976,Patrick Beverley,MIL,2023-24,february,Role Player,Role,Guard,17.4,29.6,43.63636363636363,,74,12,17.8,6.3
203915,Spencer Dinwiddie,LAL,2023-24,february,Role Player,Role,Guard,11.8,17.8,60.0,,77,10,27.0,6.2
1628372,Dennis Smith Jr.,BKN,2023-24,february,Role Player,Role,Guard,17.0,27.8,30.508474576271183,,75,11,19.8,6.2
203109,Jae Crowder,MIL,2023-24,february,Role Player,Role,Forward,10.5,9.5,54.23728813559322,,78,12,28.2,6.2
203995,Vasilije Micic,CHA,2023-24,february,Role Player,Role,Guard,19.6,38.6,42.85714285714286,,75,11,18.6,6.1
203937,Kyle Anderson,MIN,2023-24,february,Shot Creator,Scorer,Forward,12.3,27.5,10.638297872340424,12.6,81,10,21.2,6.0
1626192,Pat Connaughton,MIL,2023-24,february,Role Player,Role,Guard,10.8,15.1,60.86956521739131,,77,12,23.8,5.9
1627827,Dorian Finney-Smith,BKN,2023-24,february,Role Player,Role,Forward,13.6,9.1,58.490566037735846,,79,8,21.4,5.9
1631311,Lester Quinones,GSW,2023-24,february,Role Player,Role,Guard,15.7,13.9,57.446808510638306,,76,14,15.5,5.9
1629637,Jaxson Hayes,LAL,2023-24,february,Finisher,Finisher,Big,11.9,6.7,5.882352941176471,,84,12,15.1,5.8
1628470,Torrey Craig,CHI,2023-24,february,Role Player,Role,Guard,11.9,8.6,80.85106382978722,,77,6,20.3,5.8
1631128,Christian Braun,DEN,2023-24,february,Finisher,Finisher,Forward,13.4,6.9,34.54545454545455,,78,11,20.5,5.7
1641998,Trey Jemison III,MEM,2023-24,february,Role Player,Role,Big,14.4,7.4,0.0,,82,7,20.0,5.7
1628371,Jonathan Isaac,ORL,2023-24,february,3&D Wing,Wing,Big,15.7,5.2,21.73913043478261,,82,10,16.7,5.7
1629312,Haywood Highsmith,MIA,2023-24,february,Role Player,Role,Guard,12.0,1.6,60.0,,77,9,20.2,5.7
1630577,Julian Champagnie,SAS,2023-24,february,Movement Shooter,Shooter,Forward,12.2,12.1,64.15094339622641,,79,12,19.9,5.7
1629723,John Konchar,MEM,2023-24,february,3&D Wing,Wing,Guard,10.0,13.2,47.916666666666664,,77,8,25.9,5.6
1628464,Daniel Theis,LAC,2023-24,february,Role Player,Role,Forward,15.3,9.5,27.906976744186046,,80,6,15.7,5.5
1630592,Jalen Wilson,BKN,2023-24,february,3&D Wing,Wing,Forward,11.7,10.5,48.88888888888889,,78,10,18.9,5.5
1627732,Ben Simmons,BKN,2023-24,february,Playmaking Big,Big,Big,13.8,32.1,0.0,,82,8,18.8,5.4
1630230,Naji Marshall,NOP,2023-24,february,3&D Wing,Wing,Forward,13.8,14.8,47.916666666666664,5.6,78,9,19.9,5.2
1631108,Max Christie,LAL,2023-24,february,3&D Wing,Wing,Guard,11.6,11.3,52.94117647058824,5.7,77,9,15.3,5.1
1627884,Derrick Jones Jr.,DAL,2023-24,february,3&D Wing,Wing,Forward,11.4,4.9,39.473684210526315,,78,11,19.4,5.0
1631200,Kris Murray,POR,2023-24,february,3&D Wing,Wing,Forward,13.1,10.6,45.09803921568628,,80,9,22.0,4.9
1626224,Cedi Osman,SAS,2023-24,february,Role Player,Role,Forward,13.4,10.5,66.66666666666666,,79,12,15.9,4.8
1630558,Davion Mitchell,SAC,2023-24,february,Shot Creator,Scorer,Guard,11.8,13.5,52.94117647058824,28.6,72,12,15.2,4.7
1628420,Monte Morris,MIN,2023-24,february,Role Player,Role,Guard,15.6,22.2,48.148148148148145,,74,9,15.7,4.7
201152,Thaddeus Young,PHX,2023-24,february,Role Player,Role,Forward,8.7,10.3,6.666666666666667,,80,5,18.5,4.6
1631104,Blake Wesley,SAS,2023-24,february,Role Player,Role,Guard,13.5,26.0,30.303030303030305,,75,12,15.9,4.5
1630579,Jericho Sims,NYK,2023-24,february,Finisher,Finisher,Big,6.3,8.8,0.0,,82,9,22.2,4.3
204060,Joe Ingles,ORL,2023-24,february,Role Player,Role,Forward,10.0,21.0,80.0,,81,12,15.4,4.3
1626204,Larry Nance Jr.,NOP,2023-24,february,3&D Wing,Wing,Forward,9.5,13.2,25.0,,80,11,20.5,4.2
203200,Justin Holiday,DEN,2023-24,february,Role Player,Role,Forward,11.4,8.2,75.0,,78,10,16.9,4.1
1641778,Leaky Black,CHA,2023-24,february,Role Player,Role,Forward,9.2,13.8,33.33333333333333,,78,5,21.1,4.0
1629680,Matisse Thybulle,POR,2023-24,february,Role Player,Role,Guard,9.6,10.2,59.61538461538461,,77,9,26.1,3.2
1641787,Tosan Evbuomwan,DET,2023-24,february,Role Player,Role,Forward,9.2,9.7,50.0,,79,6,15.0,2.8
1629029,Luka Dončić,DAL,2023-24,march,Primary Initiator,Primary,Forward,35.9,42.9,46.44351464435147,16.0,79,14,37.4,32.5
203507,Giannis Antetokounmpo,MIL,2023-24,march,Primary Initiator,Primary,Big,32.8,35.3,8.542713567839197,10.9,83,11,37.2,31.8
1628973,Jalen Brunson,NYK,2023-24,march,Primary Initiator,Primary,Guard,35.8,32.5,34.36123348017621,14.4,74,13,30.9,28.8
1628369,Jayson Tatum,BOS,2023-24,march,Primary Initiator,Primary,Forward,30.8,20.9,38.80597014925373,,80,14,36.2,28.4
1630224,Jalen Green,HOU,2023-24,march,Primary Initiator,Primary,Guard,28.2,15.6,46.34146341463415,,76,15,36.6,27.7
203999,Nikola Jokić,DEN,2023-24,march,Primary Initiator,Primary,Big,28.9,32.4,13.684210526315791,5.3,83,14,37.1,27.6
1627759,Jaylen Brown,BOS,2023-24,march,Shot Creator,Scorer,Forward,31.2,14.9,31.25,20.6,78,13,34.1,27.0
1630560,Cam Thomas,BKN,2023-24,march,Shot Creator,Scorer,Guard,29.8,20.0,33.16831683168317,16.4,75,11,36.4,26.8
1627749,Dejounte Murray,ATL,2023-24,march,Primary Initiator,Primary,Guard,29.5,37.9,46.18834080717489,,77,15,38.3,26.7
201142,Kevin Durant,PHX,2023-24,march,Shot Creator,Scorer,Big,28.8,15.2,28.795811518324605,20.8,83,15,36.8,26.5
1628983,Shai Gilgeous-Alexander,OKC,2023-24,march,Primary Initiator,Primary,Forward,30.7,24.7,23.316062176165804,26.3,78,13,34.3,26.3
2544,LeBron James,LAL,2023-24,march,Shot Creator,Scorer,Forward,28.0,36.1,28.22085889570552,12.8,81,12,35.9,26.1
201942,DeMar DeRozan,CHI,2023-24,march,Shot Creator,Scorer,Forward,27.3,22.3,17.058823529411764,19.9,78,16,36.5,25.5
1628374,Lauri Markkanen,UTA,2023-24,march,Finisher,Finisher,Big,26.9,11.5,44.827586206896555,4.0,84,5,36.7,25.4
1628368,De'Aaron Fox,SAC,2023-24,march,Primary Initiator,Primary,Guard,29.6,26.9,35.406698564593306,10.1,75,15,36.0,24.8
203081,Damian Lillard,MIL,2023-24,march,Role Player,Role,Guard,26.7,34.8,49.46808510638298,,74,13,37.4,24.5
1630578,Alperen Sengun,HOU,2023-24,march,Shot Creator,Scorer,Big,30.1,23.7,4.9504950495049505,14.9,83,5,34.6,24.4
1630178,Tyrese Maxey,PHI,2023-24,march,Shot Creator,Scorer,Guard,28.0,24.5,38.42364532019704,14.5,74,12,38.2,24.3
1630162,Anthony Edwards,MIN,2023-24,march,Primary Initiator,Primary,Guard,31.3,24.1,31.06796116504854,23.4,76,15,35.7,24.3
202331,Paul George,LAC,2023-24,march,Shot Creator,Scorer,Forward,25.7,14.8,48.466257668711656,18.4,80,16,35.3,24.3
1626164,Devin Booker,PHX,2023-24,march,Primary Initiator,Primary,Forward,28.3,28.4,32.97872340425532,14.0,78,11,35.6,24.1
1629627,Zion Williamson,NOP,2023-24,march,Shot Creator,Scorer,Forward,28.7,24.5,0.6849315068493151,23.8,78,14,32.7,24.1
202681,Kyrie Irving,DAL,2023-24,march,Role Player,Role,Guard,26.3,23.4,40.0,,74,15,35.6,24.0
1628398,Kyle Kuzma,WAS,2023-24,march,3&D Wing,Wing,Forward,28.8,23.9,26.08695652173913,5.1,81,12,35.1,23.4
1629028,Deandre Ayton,POR,2023-24,march,Finisher,Finisher,Big,25.5,5.1,2.857142857142857,,84,8,34.9,23.4
1641705,Victor Wembanyama,SAS,2023-24,march,Shot Creator,Scorer,Big,32.4,25.8,38.01169590643275,14.5,88,12,31.6,23.2
202695,Kawhi Leonard,LAC,2023-24,march,Shot Creator,Scorer,Forward,27.8,15.5,26.16279069767442,16.5,79,16,33.8,22.9
203076,Anthony Davis,LAL,2023-24,march,Post Scorer,Big,Big,24.7,13.7,10.493827160493828,11.5,82,13,36.3,22.8
1627750,Jamal Murray,DEN,2023-24,march,Primary Initiator,Primary,Guard,28.3,32.3,26.31578947368421,14.6,76,10,36.1,22.7
1629014,Anfernee Simons,POR,2023-24,march,Shot Creator,Scorer,Guard,26.2,28.0,51.14942528735633,18.2,75,12,35.9,22.6
1629012,Collin Sexton,UTA,2023-24,march,Secondary Ball Handler,Secondary,Guard,25.6,28.4,27.710843373493972,5.2,75,15,33.7,22.5
201939,Stephen Curry,GSW,2023-24,march,Movement Shooter,Shooter,Guard,29.6,23.4,61.49732620320856,10.1,74,13,30.2,22.4
1630595,Cade Cunningham,DET,2023-24,march,Primary Initiator,Primary,Forward,32.6,43.5,30.1980198019802,11.5,78,13,31.6,22.3
1629628,RJ Barrett,TOR,2023-24,march,Secondary Ball Handler,Secondary,Forward,24.2,20.0,23.75,2.7,78,5,34.7,22.0
1627783,Pascal Siakam,IND,2023-24,march,Shot Creator,Scorer,Forward,26.6,17.1,10.625,13.3,80,15,31.3,21.7
1628970,Miles Bridges,CHA,2023-24,march,3&D Wing,Wing,Forward,24.8,14.7,37.01657458563536,9.0,79,15,39.1,21.3
1631094,Paolo Banchero,ORL,2023-24,march,Shot Creator,Scorer,Big,28.0,28.9,28.481012658227844,14.7,82,14,34.5,20.8
1629018,Gary Trent Jr.,TOR,2023-24,march,3&D Wing,Wing,Guard,23.8,9.6,47.97687861271677,,77,12,32.8,20.8
204001,Kristaps Porziņģis,BOS,2023-24,march,Post Scorer,Big,Big,27.5,9.5,41.463414634146346,,86,9,30.9,20.4
1631114,Jalen Williams,OKC,2023-24,march,Shot Creator,Scorer,Guard,26.5,22.0,24.83660130718954,14.8,77,14,30.4,20.4
1630170,Devin Vassell,SAS,2023-24,march,3&D Wing,Wing,Guard,22.8,21.0,36.09467455621302,2.7,77,13,37.5,20.2
203903,Jordan Clarkson,UTA,2023-24,march,3&D Wing,Wing,Guard,26.8,23.8,32.558139534883715,5.2,75,5,33.1,20.0
1628991,Jaren Jackson Jr.,MEM,2023-24,march,3&D Wing,Wing,Big,29.9,17.8,26.96629213483146,11.1,82,10,33.0,19.9
1626156,D'Angelo Russell,LAL,2023-24,march,Stretch Shooter,Shooter,Guard,22.9,25.5,56.86274509803921,8.7,75,13,35.3,19.7
202710,Jimmy Butler III,MIA,2023-24,march,Shot Creator,Scorer,Forward,23.2,23.2,18.79699248120301,17.7,79,12,34.0,19.7
1630228,Jonathan Kuminga,GSW,2023-24,march,Shot Creator,Scorer,Forward,26.5,11.6,14.864864864864863,12.6,79,13,29.0,19.4
1629673,Jordan Poole,WAS,2023-24,march,Stretch Shooter,Shooter,Guard,26.9,28.7,51.5527950310559,7.9,76,16,30.6,19.3
1628978,Donte DiVincenzo,NYK,2023-24,march,Movement Shooter,Shooter,Guard,22.1,12.8,74.39024390243902,1.9,76,14,37.3,19.2
1626162,Kelly Oubre Jr.,PHI,2023-24,march,Shot Creator,Scorer,Forward,28.2,12.7,31.764705882352946,12.1,79,15,32.6,19.2
1629632,Coby White,CHI,2023-24,march,Secondary Ball Handler,Secondary,Guard,22.6,18.7,43.87096774193549,7.7,77,13,37.0,19.2
1628381,John Collins,UTA,2023-24,march,3&D Wing,Wing,Forward,22.7,5.0,27.731092436974787,,81,12,28.2,19.0
203468,CJ McCollum,NOP,2023-24,march,Stretch Shooter,Shooter,Guard,25.3,20.3,53.086419753086425,8.8,75,14,32.6,18.8
1629008,Michael Porter Jr.,DEN,2023-24,march,Movement Shooter,Shooter,Big,20.0,7.0,48.837209302325576,6.9,82,15,31.9,18.7
1630217,Desmond Bane,MEM,2023-24,march,Movement Shooter,Shooter,Guard,25.0,32.1,50.0,7.0,77,5,33.1,18.6
1641706,Brandon Miller,CHA,2023-24,march,Stretch Shooter,Shooter,Forward,25.4,13.1,50.60975609756099,10.8,79,14,33.4,18.6
1627734,Domantas Sabonis,SAC,2023-24,march,Playmaking Big,Big,Big,22.2,30.4,7.03125,,82,16,36.3,18.6
1630193,Immanuel Quickley,TOR,2023-24,march,Secondary Ball Handler,Secondary,Guard,23.5,40.1,47.74193548387097,6.1,74,8,36.2,18.5
202696,Nikola Vučević,CHI,2023-24,march,Post Scorer,Big,Big,24.3,15.8,25.806451612903224,,82,16,33.1,18.3
1630552,Jalen Johnson,ATL,2023-24,march,Secondary Ball Handler,Secondary,Forward,22.5,21.1,34.21052631578947,7.9,80,6,32.6,18.2
1626179,Terry Rozier,MIA,2023-24,march,Role Player,Role,Guard,24.1,21.8,37.5,,73,15,33.3,18.1
1627832,Fred VanVleet,HOU,2023-24,march,Stretch Shooter,Shooter,Guard,19.1,32.0,60.58394160583942,,72,15,36.3,18.1
1628969,Mikal Bridges,BKN,2023-24,march,Stretch Shooter,Shooter,Forward,21.6,16.0,56.375838926174495,2.3,78,16,37.2,18.1
1629636,Darius Garland,CLE,2023-24,march,Stretch Shooter,Shooter,Guard,25.1,33.5,50.32258064516129,6.7,73,17,34.6,17.9
1630625,Dalano Banton,POR,2023-24,march,Role Player,Role,Forward,26.9,19.3,40.25157232704403,,80,17,30.9,17.9
1630559,Austin Reaves,LAL,2023-24,march,Shot Creator,Scorer,Guard,20.4,25.3,50.0,13.5,77,14,35.6,17.9
202691,Klay Thompson,GSW,2023-24,march,Movement Shooter,Shooter,Forward,24.2,11.9,63.013698630136986,,78,15,27.5,17.8
1628389,Bam Adebayo,MIA,2023-24,march,3&D Wing,Wing,Forward,22.8,18.1,9.923664122137406,8.0,81,14,33.2,17.8
1628386,Jarrett Allen,CLE,2023-24,march,Finisher,Finisher,Forward,20.6,13.1,0.0,,81,17,33.0,17.7
203992,Bogdan Bogdanović,ATL,2023-24,march,Stretch Shooter,Shooter,Guard,21.6,17.7,54.48275862068965,,77,14,34.3,17.6
1641713,GG Jackson,MEM,2023-24,march,Stretch Shooter,Shooter,Forward,23.3,9.3,54.47761194029851,,81,14,31.5,17.3
1629060,Rui Hachimura,LAL,2023-24,march,3&D Wing,Wing,Forward,18.4,6.6,33.050847457627114,3.7,80,14,31.6,17.3
202699,Tobias Harris,PHI,2023-24,march,3&D Wing,Wing,Forward,21.4,12.4,30.405405405405407,4.2,80,14,34.7,17.3
1630166,Deni Avdija,WAS,2023-24,march,Shot Creator,Scorer,Forward,21.1,17.0,28.148148148148145,14.0,81,12,35.2,17.3
1630530,Trey Murphy III,NOP,2023-24,march,Stretch Shooter,Shooter,Forward,19.8,11.9,71.07438016528926,6.6,80,14,32.0,17.1
1630245,Ayo Dosunmu,CHI,2023-24,march,3&D Wing,Wing,Guard,18.7,20.4,37.6923076923077,2.2,77,16,36.7,16.9
1628370,Malik Monk,SAC,2023-24,march,Secondary Ball Handler,Secondary,Guard,27.2,26.8,39.310344827586206,8.4,75,15,26.8,16.9
203078,Bradley Beal,PHX,2023-24,march,Secondary Ball Handler,Secondary,Guard,21.0,25.9,33.33333333333333,,76,15,33.7,16.7
1627742,Brandon Ingram,NOP,2023-24,march,Shot Creator,Scorer,Forward,24.3,25.8,18.3206106870229,13.8,80,9,30.8,16.7
1630169,Tyrese Haliburton,IND,2023-24,march,Stretch Shooter,Shooter,Guard,22.8,38.4,51.04895104895104,,77,15,32.8,16.7
1629631,De'Andre Hunter,ATL,2023-24,march,3&D Wing,Wing,Forward,22.4,7.6,47.76119402985074,7.5,80,15,30.7,16.5
1641718,Keyonte George,UTA,2023-24,march,Shot Creator,Scorer,Guard,25.5,23.1,48.93617021276596,12.3,76,14,32.1,16.4
1629675,Naz Reid,MIN,2023-24,march,Movement Shooter,Shooter,Forward,24.2,13.0,50.0,3.8,81,14,28.9,16.4
1630581,Josh Giddey,OKC,2023-24,march,Secondary Ball Handler,Secondary,Forward,23.7,29.9,32.5,5.0,80,15,25.8,16.3
1629640,Keldon Johnson,SAS,2023-24,march,Stretch Shooter,Shooter,Guard,19.1,10.8,53.04347826086955,3.9,77,12,29.9,16.3
203471,Dennis Schröder,BKN,2023-24,march,Shot Creator,Scorer,Guard,21.8,29.1,42.028985507246375,14.8,73,16,35.1,16.2
1630180,Saddiq Bey,ATL,2023-24,march,Stretch Shooter,Shooter,Forward,20.0,6.7,51.51515151515152,6.5,79,5,35.1,16.0
203114,Khris Middleton,MIL,2023-24,march,Secondary Ball Handler,Secondary,Forward,21.0,29.0,39.02439024390244,6.1,79,6,32.1,15.8
1631093,Jaden Ivey,DET,2023-24,march,3&D Wing,Wing,Guard,24.9,19.3,40.27777777777777,5.6,76,15,31.2,15.7
1631323,Simone Fontecchio,DET,2023-24,march,Movement Shooter,Shooter,Forward,17.7,8.2,53.448275862068975,,79,9,31.9,15.7
1626181,Norman Powell,LAC,2023-24,march,Movement Shooter,Shooter,Guard,20.5,7.2,50.92592592592592,10.9,76,14,27.8,15.6
1630596,Evan Mobley,CLE,2023-24,march,Playmaking Big,Big,Big,20.8,26.3,16.666666666666668,4.7,83,8,27.7,15.5
1630532,Franz Wagner,ORL,2023-24,march,Secondary Ball Handler,Secondary,Big,23.0,14.2,27.559055118110237,7.6,82,14,30.9,15.5
1628960,Grayson Allen,PHX,2023-24,march,3&D Wing,Wing,Guard,15.2,12.4,72.11538461538461,2.8,76,15,35.0,15.5
1626167,Myles Turner,IND,2023-24,march,3&D Wing,Wing,Big,23.9,6.9,38.33333333333333,,83,15,26.7,15.5
1626171,Bobby Portis,MIL,2023-24,march,3&D Wing,Wing,Big,25.2,7.2,21.259842519685044,3.2,82,14,25.8,15.4
1628401,Derrick White,BOS,2023-24,march,3&D Wing,Wing,Guard,17.6,25.2,59.66386554621849,4.7,76,14,34.4,15.2
1630703,Scoot Henderson,POR,2023-24,march,Primary Initiator,Primary,Guard,28.1,29.3,30.069930069930063,,75,12,29.4,14.9
203497,Rudy Gobert,MIN,2023-24,march,Finisher,Finisher,Big,13.9,6.4,0.0,,85,11,37.5,14.8
1631099,Keegan Murray,SAC,2023-24,march,Movement Shooter,Shooter,Forward,16.3,7.2,54.09836065573771,4.2,80,15,35.3,14.7
201935,James Harden,LAC,2023-24,march,Shot Creator,Scorer,Guard,19.4,37.4,58.26086956521739,42.5,77,15,35.1,14.7
1631096,Chet Holmgren,OKC,2023-24,march,Finisher,Finisher,Big,19.6,8.1,37.383177570093466,7.8,85,15,28.8,14.3
1630557,Corey Kispert,WAS,2023-24,march,Movement Shooter,Shooter,Forward,17.4,7.3,58.33333333333333,,78,16,31.5,14.3
1631246,Vince Williams Jr.,MEM,2023-24,march,3&D Wing,Wing,Guard,18.8,28.9,38.77551020408163,,76,5,34.8,14.2
1631095,Jabari Smith Jr.,HOU,2023-24,march,3&D Wing,Wing,Big,17.4,5.9,49.03846153846153,5.6,83,14,30.1,14.1
1629130,Duncan Robinson,MIA,2023-24,march,Movement Shooter,Shooter,Forward,18.4,13.1,77.98165137614679,,79,10,31.4,14.0
1630540,Miles McBride,NYK,2023-24,march,3&D Wing,Wing,Guard,14.3,12.4,62.264150943396224,4.7,73,14,35.5,13.9
201144,Mike Conley,MIN,2023-24,march,Stretch Shooter,Shooter,Guard,18.6,27.6,55.44554455445544,,72,15,29.7,13.8
204456,T.J. McConnell,IND,2023-24,march,Secondary Ball Handler,Secondary,Guard,27.1,32.7,10.0,5.9,73,15,19.7,13.7
1631105,Jalen Duren,DET,2023-24,march,Finisher,Finisher,Big,19.0,12.7,0.0,8.9,82,13,28.0,13.6
203084,Harrison Barnes,SAC,2023-24,march,3&D Wing,Wing,Forward,18.0,6.3,44.230769230769226,8.0,80,16,29.2,13.6
203482,Kelly Olynyk,TOR,2023-24,march,Playmaking Big,Big,Big,20.4,29.3,31.182795698924725,,83,15,28.8,13.5
203995,Vasilije Micic,CHA,2023-24,march,Role Player,Role,Guard,20.5,30.9,34.57943925233645,,75,15,31.5,13.4
203932,Aaron Gordon,DEN,2023-24,march,Shot Creator,Scorer,Forward,17.8,17.0,20.388349514563107,16.0,80,14,31.9,13.4
203952,Andrew Wiggins,GSW,2023-24,march,3&D Wing,Wing,Forward,21.5,8.6,34.21052631578947,10.9,79,14,26.0,13.4
1631222,Jake LaRavia,MEM,2023-24,march,Stretch Shooter,Shooter,Forward,20.8,11.9,50.96153846153846,2.5,79,15,27.4,13.3
1629684,Grant Williams,CHA,2023-24,march,3&D Wing,Wing,Forward,18.8,14.8,41.23711340206186,,78,15,30.7,13.2
1630590,Scotty Pippen Jr.,MEM,2023-24,march,Role Player,Role,Guard,22.9,29.4,40.0,,73,5,24.7,13.2
1641708,Amen Thompson,HOU,2023-24,march,Finisher,Finisher,Forward,17.9,13.2,6.451612903225806,9.4,79,15,26.4,13.1
1629661,Cameron Johnson,BKN,2023-24,march,Stretch Shooter,Shooter,Forward,19.3,10.4,62.88659793814433,,80,10,26.7,13.1
1630583,Santi Aldama,MEM,2023-24,march,3&D Wing,Wing,Big,16.3,13.6,56.19047619047619,,84,13,32.6,13.1
1631110,Jeremy Sochan,SAS,2023-24,march,3&D Wing,Wing,Forward,20.6,14.3,34.45378151260503,,80,14,30.6,13.0
1629651,Nic Claxton,BKN,2023-24,march,Shot Creator,Scorer,Big,15.9,12.1,1.2048192771084336,14.1,83,16,31.7,12.9
1630591,Jalen Suggs,ORL,2023-24,march,Stretch Shooter,Shooter,Guard,18.5,16.9,56.52173913043479,6.6,77,12,27.7,12.9
1641715,Cam Whitmore,HOU,2023-24,march,Finisher,Finisher,Forward,27.2,5.0,41.73913043478261,6.7,79,6,20.0,12.7
1629622,Max Strus,CLE,2023-24,march,Stretch Shooter,Shooter,Guard,18.7,12.9,61.702127659574465,,77,5,28.6,12.6
203991,Clint Capela,ATL,2023-24,march,Finisher,Finisher,Big,18.5,11.0,1.0638297872340423,,82,15,26.2,12.5
1628963,Marvin Bagley III,WAS,2023-24,march,Finisher,Finisher,Big,18.2,5.0,8.333333333333332,7.3,82,7,23.2,12.4
1630183,Jaden McDaniels,MIN,2023-24,march,3&D Wing,Wing,Forward,17.5,6.7,42.857142857142854,2.3,81,15,31.4,12.4
1627777,Georges Niang,CLE,2023-24,march,Role Player,Role,Forward,17.8,8.6,61.111111111111114,,79,17,27.0,12.1
1628379,Luke Kennard,MEM,2023-24,march,Movement Shooter,Shooter,Guard,18.1,30.8,72.72727272727273,,77,8,27.4,12.0
1627747,Caris LeVert,CLE,2023-24,march,Secondary Ball Handler,Secondary,Forward,21.0,34.0,42.98245614035088,6.2,78,14,32.3,11.9
1630175,Cole Anthony,ORL,2023-24,march,Secondary Ball Handler,Secondary,Guard,23.1,16.2,46.46464646464646,6.9,74,14,22.4,11.9
1630205,Lamar Stevens,MEM,2023-24,march,Role Player,Role,Forward,22.9,8.1,22.429906542056074,,79,9,22.3,11.8
1627736,Malik Beasley,MIL,2023-24,march,Role Player,Role,Guard,16.2,4.9,78.7037037037037,,76,13,31.5,11.8
1630544,Tre Mann,CHA,2023-24,march,3&D Wing,Wing,Guard,18.2,24.9,36.73469387755102,8.5,75,12,31.5,11.8
1641711,Gradey Dick,TOR,2023-24,march,Movement Shooter,Shooter,Forward,17.9,7.9,50.90909090909091,,78,15,30.5,11.7
1629655,Daniel Gafford,DAL,2023-24,march,Finisher,Finisher,Big,15.1,11.0,0.0,,82,15,22.0,11.6
201950,Jrue Holiday,BOS,2023-24,march,Role Player,Role,Guard,13.6,22.1,58.333333333333336,10.1,76,10,32.5,11.5
1627936,Alex Caruso,CHI,2023-24,march,3&D Wing,Wing,Guard,15.0,20.8,65.88235294117646,,77,16,31.5,11.3
201143,Al Horford,BOS,2023-24,march,3&D Wing,Wing,Forward,13.3,10.4,57.89473684210527,,81,12,28.3,11.1
1630202,Payton Pritchard,BOS,2023-24,march,Shot Creator,Scorer,Guard,17.4,23.4,52.27272727272726,12.8,73,16,25.2,11.1
1627741,Buddy Hield,PHI,2023-24,march,Movement Shooter,Shooter,Guard,18.9,17.0,61.702127659574465,,76,17,24.0,11.1
1641871,Duop Reath,POR,2023-24,march,Role Player,Role,Forward,20.8,7.9,44.705882352941174,,81,17,21.0,11.0
1630573,Sam Hauser,BOS,2023-24,march,Movement Shooter,Shooter,Forward,16.2,6.0,86.25,,79,14,21.9,11.0
1631218,Trayce Jackson-Davis,GSW,2023-24,march,Finisher,Finisher,Forward,13.7,10.0,1.4925373134328357,,81,15,24.6,10.9
1628404,Josh Hart,NYK,2023-24,march,3&D Wing,Wing,Guard,13.9,20.4,38.679245283018865,,76,14,41.6,10.9
1628971,Bruce Brown,TOR,2023-24,march,Finisher,Finisher,Guard,17.2,19.0,21.176470588235293,4.1,76,11,28.0,10.8
1630174,Aaron Nesmith,IND,2023-24,march,Movement Shooter,Shooter,Forward,14.9,8.1,56.179775280898866,,78,14,29.8,10.6
201572,Brook Lopez,MIL,2023-24,march,3&D Wing,Wing,Big,13.7,7.1,61.9718309859155,,85,14,29.0,10.6
1630191,Isaiah Stewart,DET,2023-24,march,Finisher,Finisher,Forward,11.4,5.5,53.52112676056338,,80,10,31.9,10.6
1629023,P.J. Washington,DAL,2023-24,march,3&D Wing,Wing,Forward,14.8,5.2,58.58585858585859,4.1,79,15,32.4,10.5
1631103,Malaki Branham,SAS,2023-24,march,Role Player,Role,Guard,21.9,15.5,45.05494505494505,,76,15,21.0,10.5
1627826,Ivica Zubac,LAC,2023-24,march,Post Scorer,Big,Big,15.0,8.5,0.0,,84,16,25.8,10.4
1626166,Cameron Payne,PHI,2023-24,march,Stretch Shooter,Shooter,Guard,24.3,26.6,50.54945054945055,,75,16,19.3,10.3
1641731,Bilal Coulibaly,WAS,2023-24,march,3&D Wing,Wing,Forward,14.7,8.1,52.38095238095239,4.8,80,7,31.6,10.3
1631170,Jaime Jaquez Jr.,MIA,2023-24,march,Shot Creator,Scorer,Forward,16.8,13.8,30.952380952380953,14.8,78,14,27.1,10.3
1629652,Luguentz Dort,OKC,2023-24,march,3&D Wing,Wing,Guard,14.3,7.1,65.82278481012658,,76,15,28.5,10.3
1628976,Wendell Carter Jr.,ORL,2023-24,march,3&D Wing,Wing,Big,17.6,12.6,45.45454545454545,,82,13,25.7,10.2
1628997,Caleb Martin,MIA,2023-24,march,3&D Wing,Wing,Guard,17.4,13.3,52.22222222222223,,77,14,27.2,10.1
1641709,Ausar Thompson,DET,2023-24,march,Finisher,Finisher,Forward,15.9,8.4,42.5531914893617,7.7,78,5,31.8,10.0
1630529,Herbert Jones,NOP,2023-24,march,3&D Wing,Wing,Forward,13.0,12.6,54.285714285714285,,79,13,32.2,10.0
1630171,Isaac Okoro,CLE,2023-24,march,3&D Wing,Wing,Guard,14.2,8.8,51.19047619047619,,77,16,31.3,9.9
1631133,Jabari Walker,POR,2023-24,march,3&D Wing,Wing,Forward,15.5,8.0,18.421052631578945,,79,12,25.6,9.9
1629614,Andrew Nembhard,IND,2023-24,march,Role Player,Role,Guard,14.0,14.9,41.77215189873417,8.9,76,15,28.4,9.9
1628415,Dillon Brooks,HOU,2023-24,march,3&D Wing,Wing,Forward,15.7,7.6,56.38297872340425,9.3,78,15,29.4,9.9
1628392,Isaiah Hartenstein,NYK,2023-24,march,Finisher,Finisher,Big,14.0,19.0,0.0,,84,14,24.1,9.9
1628371,Jonathan Isaac,ORL,2023-24,march,3&D Wing,Wing,Big,15.6,4.5,47.27272727272727,,82,11,17.5,9.8
1628380,Zach Collins,SAS,2023-24,march,3&D Wing,Wing,Big,23.8,17.5,19.73684210526316,,83,14,18.6,9.8
1630164,James Wiseman,DET,2023-24,march,Rim Protector,Big,Big,18.3,9.5,0.0,,83,16,20.4,9.7
1630208,Nick Richards,CHA,2023-24,march,Role Player,Role,Big,12.0,3.3,0.0,,84,14,28.6,9.6
1629611,Terance Mann,LAC,2023-24,march,3&D Wing,Wing,Guard,14.4,5.0,42.42424242424242,3.7,77,16,24.8,9.6
1629638,Nickeil Alexander-Walker,MIN,2023-24,march,Movement Shooter,Shooter,Guard,14.9,10.8,60.0,2.9,77,15,25.6,9.5
203484,Kentavious Caldwell-Pope,DEN,2023-24,march,3&D Wing,Wing,Guard,11.2,10.1,64.17910447761194,3.1,77,14,32.3,9.5
1629670,Jordan Nwora,TOR,2023-24,march,Role Player,Role,Forward,23.6,10.8,41.25,,80,15,17.2,9.5
1630200,Tre Jones,SAS,2023-24,march,Finisher,Finisher,Guard,12.7,31.1,34.32835820895522,4.8,73,15,30.1,9.5
1626145,Tyus Jones,WAS,2023-24,march,3&D Wing,Wing,Guard,14.8,39.7,56.179775280898866,,73,7,29.3,9.4
1630194,Paul Reed,PHI,2023-24,march,Finisher,Finisher,Forward,17.7,9.7,15.27777777777778,,81,17,23.3,9.4
101108,Chris Paul,GSW,2023-24,march,Role Player,Role,Guard,16.8,36.5,37.34939759036144,,72,16,24.1,9.4
1641739,Toumani Camara,POR,2023-24,march,3&D Wing,Wing,Forward,12.2,9.4,37.68115942028986,6.3,79,14,29.3,9.4
1630241,Sam Merrill,CLE,2023-24,march,3&D Wing,Wing,Guard,16.2,14.7,96.25,,76,17,23.9,9.4
200768,Kyle Lowry,PHI,2023-24,march,Role Player,Role,Guard,13.9,24.3,67.6056338028169,,72,15,30.3,9.3
1641707,Taylor Hendricks,UTA,2023-24,march,3&D Wing,Wing,Forward,13.0,4.3,58.9041095890411,,81,12,27.3,9.2
1630173,Precious Achiuwa,NYK,2023-24,march,Finisher,Finisher,Forward,16.4,10.7,14.0625,,80,14,23.6,9.1
1631200,Kris Murray,POR,2023-24,march,3&D Wing,Wing,Forward,13.9,10.4,48.8095238095238,,80,17,30.6,9.1
202722,Davis Bertans,CHA,2023-24,march,Role Player,Role,Big,16.8,7.7,81.92771084337348,,82,15,23.5,9.0
1627827,Dorian Finney-Smith,BKN,2023-24,march,Role Player,Role,Forward,12.4,9.6,64.0,,79,15,31.3,8.9
203501,Tim Hardaway Jr.,DAL,2023-24,march,Movement Shooter,Shooter,Guard,19.9,12.9,62.65060240963856,2.2,77,15,19.8,8.9
202704,Reggie Jackson,DEN,2023-24,march,Role Player,Role,Guard,22.4,26.0,38.27160493827161,,74,15,18.6,8.8
1629021,Moritz Wagner,ORL,2023-24,march,Role Player,Role,Big,21.9,15.7,25.454545454545453,,83,14,15.3,8.7
1630541,Moses Moody,GSW,2023-24,march,3&D Wing,Wing,Guard,18.7,6.5,44.11764705882353,4.9,77,14,17.6,8.6
1641729,Brice Sensabaugh,UTA,2023-24,march,Movement Shooter,Shooter,Guard,20.0,15.3,54.87804878048781,2.8,77,15,22.9,8.5
202711,Bojan Bogdanovic,NYK,2023-24,march,Role Player,Role,Forward,24.2,8.9,48.75,,79,14,17.9,8.5
203937,Kyle Anderson,MIN,2023-24,march,Shot Creator,Scorer,Forward,14.8,26.9,7.042253521126761,12.6,81,13,26.8,8.5
203994,Jusuf Nurkić,PHX,2023-24,march,Finisher,Finisher,Big,17.4,18.7,1.4084507042253522,,84,14,26.5,8.4
201566,Russell Westbrook,LAC,2023-24,march,Shot Creator,Scorer,Guard,24.6,28.8,12.121212121212125,13.4,76,5,16.7,8.4
1641726,Dereck Lively II,DAL,2023-24,march,Rim Protector,Big,Big,14.4,5.3,0.0,,85,14,19.0,8.4
1630188,Jalen Smith,IND,2023-24,march,3&D Wing,Wing,Forward,17.7,6.8,43.63636363636363,,81,13,15.8,8.3
1626220,Royce O'Neale,PHX,2023-24,march,3&D Wing,Wing,Forward,13.8,14.0,67.6056338028169,,78,15,24.8,8.3
201569,Eric Gordon,PHX,2023-24,march,3&D Wing,Wing,Guard,14.9,10.0,63.013698630136986,,75,12,23.6,8.3
1631107,Nikola Jović,MIA,2023-24,march,3&D Wing,Wing,Big,16.3,13.4,64.17910447761194,3.7,82,13,21.6,8.2
1626158,Richaun Holmes,WAS,2023-24,march,Role Player,Role,Forward,14.0,4.5,3.389830508474576,,81,11,22.7,8.2
1630692,Jordan Goodwin,MEM,2023-24,march,3&D Wing,Wing,Guard,19.5,26.8,41.0,,76,7,27.2,8.1
1631128,Christian Braun,DEN,2023-24,march,Finisher,Finisher,Forward,14.8,10.4,32.758620689655174,,78,15,21.2,8.1
203110,Draymond Green,GSW,2023-24,march,3&D Wing,Wing,Forward,15.5,27.2,30.98591549295775,,78,15,26.7,8.1
1629111,Jock Landale,HOU,2023-24,march,Post Scorer,Big,Big,14.2,11.9,12.727272727272728,,83,15,19.2,8.0
1641998,Trey Jemison III,MEM,2023-24,march,Rim Protector,Big,Big,13.0,6.7,0.0,,82,9,23.2,8.0
1630230,Naji Marshall,NOP,2023-24,march,3&D Wing,Wing,Forward,15.0,12.5,44.61538461538461,5.6,78,14,21.0,7.9
1627752,Taurean Prince,LAL,2023-24,march,3&D Wing,Wing,Forward,14.7,4.9,62.71186440677966,,78,13,19.5,7.8
202685,Jonas Valančiūnas,NOP,2023-24,march,Post Scorer,Big,Big,19.5,11.4,20.3125,,83,14,18.5,7.7
203083,Andre Drummond,CHI,2023-24,march,Finisher,Finisher,Big,19.7,3.7,0.0,,83,16,16.5,7.7
1629002,Chimezie Metu,DET,2023-24,march,Role Player,Role,Big,14.7,12.6,34.32835820895522,,82,6,26.0,7.7
1641764,Brandin Podziemski,GSW,2023-24,march,3&D Wing,Wing,Guard,13.6,14.5,42.857142857142854,6.1,76,14,26.2,7.6
1629731,Dean Wade,CLE,2023-24,march,3&D Wing,Wing,Forward,11.5,6.8,86.20689655172414,,81,5,24.6,7.6
1630167,Obi Toppin,IND,2023-24,march,3&D Wing,Wing,Forward,13.8,6.5,42.857142857142854,,81,15,17.6,7.5
1630577,Julian Champagnie,SAS,2023-24,march,Movement Shooter,Shooter,Forward,13.2,7.5,68.33333333333333,,79,14,24.5,7.5
1628981,Bruno Fernando,ATL,2023-24,march,Role Player,Role,Forward,16.8,9.9,2.0408163265306123,,81,15,19.2,7.5
1641717,Cason Wallace,OKC,2023-24,march,3&D Wing,Wing,Guard,14.0,9.0,51.66666666666667,4.2,75,15,21.2,7.5
1631165,Keon Ellis,SAC,2023-24,march,3&D Wing,Wing,Guard,10.3,9.7,64.81481481481481,,75,15,25.8,7.5
1627884,Derrick Jones Jr.,DAL,2023-24,march,3&D Wing,Wing,Forward,14.3,6.3,38.0,,78,15,19.2,7.3
1631204,Marcus Sasser,DET,2023-24,march,Role Player,Role,Guard,18.0,26.1,51.28205128205129,,74,14,23.1,7.2
1630534,Ochai Agbaji,TOR,2023-24,march,3&D Wing,Wing,Guard,16.2,7.6,35.80246913580247,,77,14,25.2,7.2
1630558,Davion Mitchell,SAC,2023-24,march,Shot Creator,Scorer,Guard,14.9,13.3,45.09803921568628,28.6,72,16,17.2,7.2
1641787,Tosan Evbuomwan,DET,2023-24,march,Role Player,Role,Forward,12.5,3.4,43.75000000000001,,79,8,23.2,7.1
1630215,Jared Butler,WAS,2023-24,march,Role Player,Role,Guard,18.9,33.3,35.294117647058826,,75,12,20.4,7.1
201145,Jeff Green,HOU,2023-24,march,Role Player,Role,Forward,17.1,5.3,55.172413793103445,,80,13,16.3,7.1
1630198,Isaiah Joe,OKC,2023-24,march,3&D Wing,Wing,Guard,16.1,9.7,71.42857142857143,,75,15,17.6,7.1
202694,Marcus Morris Sr.,CLE,2023-24,march,Stretch Shooter,Shooter,Forward,19.7,10.8,50.84745762711864,,80,7,17.2,7.0
203914,Gary Harris,ORL,2023-24,march,3&D Wing,Wing,Guard,12.0,4.8,67.3076923076923,,76,10,23.7,6.9
1629726,Garrison Mathews,ATL,2023-24,march,Role Player,Role,Forward,11.0,5.7,77.5,,78,15,18.5,6.9
1631241,Javon Freeman-Liberty,TOR,2023-24,march,Role Player,Role,Guard,16.4,12.7,35.08771929824561,,75,12,19.3,6.8
1630598,Aaron Wiggins,OKC,2023-24,march,3&D Wing,Wing,Guard,15.3,8.6,34.78260869565218,6.3,77,14,16.7,6.8
1630186,Jahmi'us Ramsey,TOR,2023-24,march,Role Player,Role,Guard,18.0,10.3,52.54237288135592,,75,7,17.3,6.7
1629680,Matisse Thybulle,POR,2023-24,march,Role Player,Role,Guard,13.9,14.1,58.490566037735846,,77,10,21.0,6.7
1630631,Jose Alvarado,NOP,2023-24,march,3&D Wing,Wing,Guard,14.3,15.8,56.666666666666664,4.2,72,12,21.2,6.7
1631117,Walker Kessler,UTA,2023-24,march,Finisher,Finisher,Big,10.6,7.5,0.0,,84,12,24.6,6.7
1630548,Johnny Juzang,UTA,2023-24,march,Role Player,Role,Guard,14.4,6.6,75.00000000000001,,77,11,18.3,6.6
1630197,Aleksej Pokusevski,CHA,2023-24,march,Role Player,Role,Big,16.1,15.1,40.0,,84,10,19.4,6.6
203095,Evan Fournier,DET,2023-24,march,Stretch Shooter,Shooter,Forward,19.0,16.3,60.29411764705882,,78,16,17.8,6.6
1626204,Larry Nance Jr.,NOP,2023-24,march,3&D Wing,Wing,Forward,9.7,12.4,17.77777777777778,,80,13,23.4,6.5
203915,Spencer Dinwiddie,LAL,2023-24,march,Role Player,Role,Guard,11.7,10.4,60.416666666666664,,77,14,24.8,6.5
203957,Danté Exum,DAL,2023-24,march,Role Player,Role,Guard,13.3,17.4,42.857142857142854,,77,15,18.6,6.4
1628365,Markelle Fultz,ORL,2023-24,march,Role Player,Role,Guard,19.6,16.5,7.246376811594203,,76,11,17.7,6.4
1630249,Vít Krejčí,ATL,2023-24,march,Movement Shooter,Shooter,Forward,9.0,10.3,65.3061224489796,,80,13,27.6,6.3
1626168,Trey Lyles,SAC,2023-24,march,Role Player,Role,Forward,14.6,8.3,52.941176470588246,,81,7,19.3,6.3
201988,Patty Mills,MIA,2023-24,march,Stretch Shooter,Shooter,Guard,18.9,12.6,65.15151515151516,,74,11,17.7,6.3
1628470,Torrey Craig,CHI,2023-24,march,Role Player,Role,Guard,13.8,8.9,70.83333333333334,,77,13,18.5,6.2
1631212,Peyton Watson,DEN,2023-24,march,Finisher,Finisher,Forward,16.9,7.9,28.813559322033893,6.7,79,15,18.3,6.2
1630551,Justin Champagnie,WAS,2023-24,march,3&D Wing,Wing,Forward,16.3,12.0,66.66666666666666,,78,8,17.6,6.1
1630204,Ashton Hagans,POR,2023-24,march,Role Player,Role,Guard,15.8,27.1,36.73469387755102,,75,9,21.3,6.1
1626192,Pat Connaughton,MIL,2023-24,march,Role Player,Role,Guard,11.4,14.3,65.21739130434783,,77,14,22.5,6.1
1629599,Amir Coffey,LAC,2023-24,march,Role Player,Role,Forward,11.3,9.1,57.14285714285714,,79,17,22.5,6.0
1626224,Cedi Osman,SAS,2023-24,march,Role Player,Role,Forward,12.7,10.5,58.69565217391305,,79,11,17.1,6.0
202066,Garrett Temple,TOR,2023-24,march,Role Player,Role,Guard,11.4,17.9,61.111111111111114,,77,5,16.2,6.0
203109,Jae Crowder,MIL,2023-24,march,Role Player,Role,Forward,11.6,6.2,53.06122448979592,,78,14,19.7,6.0
1628964,Mo Bamba,PHI,2023-24,march,Role Player,Role,Big,13.2,7.3,39.024390243902445,,84,17,18.5,5.9
1629312,Haywood Highsmith,MIA,2023-24,march,Role Player,Role,Guard,12.7,8.8,57.777777777777786,,77,15,16.8,5.9
1628436,Luke Kornet,BOS,2023-24,march,Finisher,Finisher,Big,10.9,10.4,0.0,,85,13,18.0,5.9
201976,Patrick Beverley,MIL,2023-24,march,Role Player,Role,Guard,13.0,12.6,57.692307692307686,,74,13,21.8,5.8
1629659,Talen Horton-Tucker,UTA,2023-24,march,Role Player,Role,Guard,19.9,21.7,48.48484848484849,,76,9,15.9,5.8
201587,Nicolas Batum,PHI,2023-24,march,3&D Wing,Wing,Forward,9.3,9.5,68.62745098039215,,80,15,28.0,5.7
1629723,John Konchar,MEM,2023-24,march,3&D Wing,Wing,Guard,9.6,13.2,63.04347826086957,,77,10,29.7,5.7
1628372,Dennis Smith Jr.,BKN,2023-24,march,Role Player,Role,Guard,16.4,24.5,46.808510638297875,,75,13,16.4,5.5
1629162,Jordan McLaughlin,MIN,2023-24,march,Role Player,Role,Guard,10.1,19.3,67.74193548387098,,72,12,15.7,5.5
1629637,Jaxson Hayes,LAL,2023-24,march,Finisher,Finisher,Big,12.7,4.2,3.571428571428572,,84,13,15.3,5.5
1630649,Stanley Umude,DET,2023-24,march,Role Player,Role,Forward,13.5,2.6,67.3913043478261,,78,7,16.7,5.4
1641767,Ben Sheppard,IND,2023-24,march,3&D Wing,Wing,Forward,11.6,6.8,66.66666666666667,,78,13,18.3,5.4
1630182,Josh Green,DAL,2023-24,march,3&D Wing,Wing,Guard,10.9,6.4,34.78260869565218,,77,8,21.3,5.4
202330,Gordon Hayward,OKC,2023-24,march,Role Player,Role,Forward,12.4,15.6,40.54054054054054,,79,15,17.1,5.1
1627739,Kris Dunn,UTA,2023-24,march,3&D Wing,Wing,Guard,11.8,20.9,37.25490196078432,3.9,75,12,21.3,5.0
1628464,Daniel Theis,LAC,2023-24,march,Role Player,Role,Forward,14.6,10.3,27.906976744186046,,80,13,15.3,4.9
1628989,Kevin Huerter,SAC,2023-24,march,3&D Wing,Wing,Forward,15.6,16.0,57.37704918032788,,79,8,19.0,4.9
1630610,DeJon Jarreau,MEM,2023-24,march,Role Player,Role,Guard,17.1,25.7,25.0,,77,9,16.6,4.8
1631104,Blake Wesley,SAS,2023-24,march,Role Player,Role,Guard,13.5,25.6,25.71428571428572,,75,15,15.0,4.6
203200,Justin Holiday,DEN,2023-24,march,Role Player,Role,Forward,10.3,10.7,64.86486486486486,,78,14,16.3,4.6
1626153,Delon Wright,MIA,2023-24,march,Role Player,Role,Guard,12.8,14.7,37.735849056603776,,77,8,20.3,4.5
1629007,Jontay Porter,DET,2023-24,march,Playmaking Big,Big,Big,14.3,28.6,68.42105263157895,,82,9,15.4,4.4
1629234,Drew Eubanks,PHX,2023-24,march,Finisher,Finisher,Big,10.9,5.7,0.0,,82,15,15.1,4.4
1641712,Rayan Rupert,POR,2023-24,march,3&D Wing,Wing,Forward,11.7,13.8,42.857142857142854,,78,15,17.0,4.2
1629052,Oshae Brissett,BOS,2023-24,march,Role Player,Role,Forward,10.8,6.8,31.03448275862069,,79,10,15.7,3.7
204060,Joe Ingles,ORL,2023-24,march,Role Player,Role,Forward,9.6,22.6,78.26086956521739,,81,14,16.8,3.6
1628972,Troy Brown Jr.,DET,2023-24,march,Role Player,Role,Forward,14.0,8.2,53.48837209302325,,79,9,16.5,3.6
1630214,Xavier Tillman,BOS,2023-24,march,Role Player,Role,Forward,9.8,7.8,46.666666666666664,,79,12,15.6,3.4
1629117,Wenyen Gabriel,BOS,2023-24,march,Role Player,Role,Forward,16.6,7.1,27.27272727272727,,81,5,16.2,3.4
1631098,Johnny Davis,WAS,2023-24,march,Role Player,Role,Guard,10.2,7.9,38.235294117647065,,76,16,15.0,3.3
200782,P.J. Tucker,LAC,2023-24,march,Role Player,Role,Guard,8.1,4.9,70.37037037037037,,77,7,17.1,2.7
1628467,Maxi Kleber,DAL,2023-24,march,Rim Protector,Big,Big,6.6,8.5,80.95238095238095,,82,15,17.6,2.2
1628973,Jalen Brunson,NYK,2023-24,april,Primary Initiator,Primary,Guard,36.2,40.2,28.000000000000004,14.4,74,8,38.2,35.9
1629029,Luka Dončić,DAL,2023-24,april,Primary Initiator,Primary,Forward,35.0,41.7,58.620689655172406,16.0,79,5,38.5,32.0
201942,DeMar DeRozan,CHI,2023-24,april,Primary Initiator,Primary,Forward,30.3,24.4,13.761467889908255,19.9,78,6,40.6,30.7
203954,Joel Embiid,PHI,2023-24,april,Shot Creator,Scorer,Big,39.7,33.8,27.83505154639176,12.3,84,5,30.5,30.4
1630178,Tyrese Maxey,PHI,2023-24,april,Primary Initiator,Primary,Guard,28.9,25.0,40.17857142857143,14.5,74,5,37.9,30.0
203999,Nikola Jokić,DEN,2023-24,april,Primary Initiator,Primary,Big,29.2,34.9,17.36842105263158,5.3,83,7,35.7,29.0
202681,Kyrie Irving,DAL,2023-24,april,Role Player,Role,Guard,26.9,16.7,40.526315789473685,,74,6,39.2,28.3
2544,LeBron James,LAL,2023-24,april,Primary Initiator,Primary,Forward,29.5,43.4,17.48633879781421,12.8,81,6,35.8,28.3
203468,CJ McCollum,NOP,2023-24,april,Stretch Shooter,Shooter,Guard,28.0,23.4,51.18483412322274,8.8,75,8,38.4,28.3
1626164,Devin Booker,PHX,2023-24,april,Shot Creator,Scorer,Forward,27.1,31.9,44.44444444444444,14.0,78,8,38.1,27.9
1628368,De'Aaron Fox,SAC,2023-24,april,Primary Initiator,Primary,Guard,29.1,24.4,44.19642857142858,10.1,75,8,37.6,27.8
1629628,RJ Barrett,TOR,2023-24,april,Secondary Ball Handler,Secondary,Forward,31.1,23.2,18.47826086956522,2.7,78,5,32.4,26.8
1630560,Cam Thomas,BKN,2023-24,april,Shot Creator,Scorer,Guard,30.8,12.0,39.5,16.4,75,7,34.8,26.3
1641705,Victor Wembanyama,SAS,2023-24,april,Shot Creator,Scorer,Big,32.3,29.3,41.12149532710281,14.5,88,5,35.7,25.0
203076,Anthony Davis,LAL,2023-24,april,Post Scorer,Big,Big,28.2,12.6,14.193548387096774,11.5,82,6,31.6,24.7
1627832,Fred VanVleet,HOU,2023-24,april,Role Player,Role,Guard,25.4,31.8,48.93617021276595,,72,6,38.8,24.7
201939,Stephen Curry,GSW,2023-24,april,Primary Initiator,Primary,Guard,29.3,32.0,54.94505494505495,10.1,74,6,33.1,24.7
1630162,Anthony Edwards,MIN,2023-24,april,Primary Initiator,Primary,Guard,30.0,25.3,40.55555555555556,23.4,76,8,33.6,24.4
1627750,Jamal Murray,DEN,2023-24,april,Shot Creator,Scorer,Guard,32.9,24.5,45.238095238095234,14.6,76,5,25.7,24.0
1631094,Paolo Banchero,ORL,2023-24,april,Primary Initiator,Primary,Big,31.2,26.4,27.86069651741293,14.7,82,8,36.8,24.0
1629673,Jordan Poole,WAS,2023-24,april,Secondary Ball Handler,Secondary,Guard,27.7,40.5,48.97959183673469,7.9,76,5,35.5,23.6
1629627,Zion Williamson,NOP,2023-24,april,Primary Initiator,Primary,Forward,31.9,24.8,3.1088082901554404,23.8,78,7,34.4,23.6
203081,Damian Lillard,MIL,2023-24,april,Primary Initiator,Primary,Guard,29.9,26.4,45.56962025316456,,74,5,35.4,23.2
1630193,Immanuel Quickley,TOR,2023-24,april,Stretch Shooter,Shooter,Guard,26.8,36.3,51.31578947368421,6.1,74,6,32.0,23.2
202691,Klay Thompson,GSW,2023-24,april,Movement Shooter,Shooter,Forward,27.4,13.2,60.47904191616767,,78,7,29.9,23.1
201142,Kevin Durant,PHX,2023-24,april,Shot Creator,Scorer,Big,26.3,16.6,35.05154639175258,20.8,83,8,38.2,23.1
1629028,Deandre Ayton,POR,2023-24,april,Finisher,Finisher,Big,28.0,11.5,4.368932038834951,,84,7,34.4,23.0
202331,Paul George,LAC,2023-24,april,Shot Creator,Scorer,Forward,29.1,16.8,38.46153846153846,18.4,80,6,29.8,22.0
1630532,Franz Wagner,ORL,2023-24,april,Secondary Ball Handler,Secondary,Big,25.8,14.0,28.37837837837838,7.6,82,6,30.4,21.8
1628369,Jayson Tatum,BOS,2023-24,april,Role Player,Role,Forward,27.9,24.8,45.67901234567901,,80,5,33.0,21.2
203078,Bradley Beal,PHX,2023-24,april,Role Player,Role,Guard,20.0,20.6,33.088235294117645,,76,8,35.2,21.0
1629639,Tyler Herro,MIA,2023-24,april,Shot Creator,Scorer,Guard,26.4,24.0,46.20689655172414,13.3,77,6,33.0,21.0
1641713,GG Jackson,MEM,2023-24,april,3&D Wing,Wing,Forward,26.5,10.0,45.90163934426229,,81,8,33.9,20.8
1628978,Donte DiVincenzo,NYK,2023-24,april,Movement Shooter,Shooter,Guard,20.4,11.6,64.93506493506493,1.9,76,8,39.9,20.6
1630625,Dalano Banton,POR,2023-24,april,Role Player,Role,Forward,27.7,26.2,44.3298969072165,,80,7,35.4,20.6
1627749,Dejounte Murray,ATL,2023-24,april,Primary Initiator,Primary,Guard,28.2,34.0,38.74345549738219,,77,7,35.8,20.6
1627783,Pascal Siakam,IND,2023-24,april,Shot Creator,Scorer,Forward,26.1,8.8,12.738853503184714,13.3,80,7,29.2,20.4
1631222,Jake LaRavia,MEM,2023-24,april,Stretch Shooter,Shooter,Forward,22.1,11.3,52.55474452554745,2.5,79,6,34.8,20.3
1641706,Brandon Miller,CHA,2023-24,april,Stretch Shooter,Shooter,Forward,25.0,10.5,50.69444444444444,10.8,79,7,32.4,20.3
1630530,Trey Murphy III,NOP,2023-24,april,Finisher,Finisher,Forward,16.8,10.6,72.35772357723576,6.6,80,8,37.4,19.6
1630703,Scoot Henderson,POR,2023-24,april,Role Player,Role,Guard,27.5,45.9,40.35087719298245,,75,7,36.1,19.4
1630557,Corey Kispert,WAS,2023-24,april,Movement Shooter,Shooter,Forward,18.4,15.5,59.3984962406015,,78,7,37.5,19.0
202710,Jimmy Butler III,MIA,2023-24,april,Shot Creator,Scorer,Forward,21.3,25.4,24.793388429752067,17.7,79,8,35.0,19.0
1630166,Deni Avdija,WAS,2023-24,april,Shot Creator,Scorer,Forward,21.2,15.3,31.538461538461537,14.0,81,7,34.8,18.9
1626162,Kelly Oubre Jr.,PHI,2023-24,april,Shot Creator,Scorer,Forward,22.7,9.0,39.04109589041096,12.1,79,7,33.6,18.9
1630169,Tyrese Haliburton,IND,2023-24,april,Stretch Shooter,Shooter,Guard,21.6,36.3,59.70149253731343,,77,7,32.0,18.9
1630202,Payton Pritchard,BOS,2023-24,april,Shot Creator,Scorer,Guard,23.0,31.6,43.16546762589928,12.8,73,8,29.2,18.8
204001,Kristaps Porziņģis,BOS,2023-24,april,Post Scorer,Big,Big,21.9,16.7,30.188679245283023,,86,5,27.6,18.6
1626167,Myles Turner,IND,2023-24,april,3&D Wing,Wing,Big,25.5,7.5,43.63636363636363,,83,6,23.4,18.5
202696,Nikola Vučević,CHI,2023-24,april,Post Scorer,Big,Big,20.9,12.7,23.333333333333332,,82,6,35.4,18.5
1628386,Jarrett Allen,CLE,2023-24,april,Finisher,Finisher,Forward,18.7,14.3,0.8333333333333334,,81,7,33.3,18.4
1629018,Gary Trent Jr.,TOR,2023-24,april,3&D Wing,Wing,Guard,24.0,12.8,48.8095238095238,,77,5,31.6,18.4
1627747,Caris LeVert,CLE,2023-24,april,Secondary Ball Handler,Secondary,Forward,22.3,15.2,33.33333333333333,6.2,78,6,29.5,18.3
1629636,Darius Garland,CLE,2023-24,april,Secondary Ball Handler,Secondary,Guard,24.6,27.7,41.40127388535032,6.7,73,6,34.3,18.2
1628970,Miles Bridges,CHA,2023-24,april,3&D Wing,Wing,Forward,23.2,16.9,35.333333333333336,9.0,79,6,34.1,18.0
1627734,Domantas Sabonis,SAC,2023-24,april,Playmaking Big,Big,Big,23.5,34.3,8.461538461538462,,82,8,34.7,17.8
1629632,Coby White,CHI,2023-24,april,Secondary Ball Handler,Secondary,Guard,22.2,16.0,33.33333333333333,7.7,77,7,34.3,17.6
1626156,D'Angelo Russell,LAL,2023-24,april,Stretch Shooter,Shooter,Guard,20.3,20.2,63.69863013698631,8.7,75,7,35.6,17.6
1626171,Bobby Portis,MIL,2023-24,april,3&D Wing,Wing,Big,24.7,15.0,23.913043478260867,3.2,82,8,26.9,17.5
1630224,Jalen Green,HOU,2023-24,april,Stretch Shooter,Shooter,Guard,26.6,21.1,55.12820512820513,,76,8,32.0,17.1
203952,Andrew Wiggins,GSW,2023-24,april,3&D Wing,Wing,Forward,24.7,7.1,43.44262295081968,10.9,79,6,28.0,17.0
1631093,Jaden Ivey,DET,2023-24,april,3&D Wing,Wing,Guard,27.1,27.4,42.0,5.6,76,8,30.2,17.0
1631099,Keegan Murray,SAC,2023-24,april,Movement Shooter,Shooter,Forward,19.8,7.3,60.12658227848101,4.2,80,8,36.6,16.9
1629675,Naz Reid,MIN,2023-24,april,3&D Wing,Wing,Forward,26.7,8.7,42.63565891472868,3.8,81,8,26.8,16.5
1629060,Rui Hachimura,LAL,2023-24,april,3&D Wing,Wing,Forward,19.1,8.4,35.833333333333336,3.7,80,7,30.1,16.4
203992,Bogdan Bogdanović,ATL,2023-24,april,Stretch Shooter,Shooter,Guard,20.5,16.2,59.20000000000001,,77,8,32.2,16.3
1629659,Talen Horton-Tucker,UTA,2023-24,april,Role Player,Role,Guard,26.3,16.2,39.130434782608695,,76,5,25.8,16.2
203114,Khris Middleton,MIL,2023-24,april,Secondary Ball Handler,Secondary,Forward,25.7,35.1,35.0,6.1,79,6,27.6,16.2
1631096,Chet Holmgren,OKC,2023-24,april,Finisher,Finisher,Big,24.4,9.0,36.28318584070796,7.8,85,8,25.1,15.9
1629750,Javonte Green,CHI,2023-24,april,3&D Wing,Wing,Guard,16.7,2.2,34.57943925233645,,77,6,29.9,15.8
1629631,De'Andre Hunter,ATL,2023-24,april,Stretch Shooter,Shooter,Forward,21.8,11.5,51.145038167938935,7.5,80,7,33.2,15.6
1629684,Grant Williams,CHA,2023-24,april,3&D Wing,Wing,Forward,18.6,23.8,33.33333333333333,,78,6,33.7,15.5
1631103,Malaki Branham,SAS,2023-24,april,Stretch Shooter,Shooter,Guard,18.7,6.5,53.84615384615385,,76,5,32.6,15.4
203497,Rudy Gobert,MIN,2023-24,april,Finisher,Finisher,Big,15.8,7.9,0.0,,85,8,34.3,15.4
1630596,Evan Mobley,CLE,2023-24,april,Finisher,Finisher,Big,20.0,15.4,17.543859649122805,4.7,83,7,30.5,15.3
1629023,P.J. Washington,DAL,2023-24,april,Stretch Shooter,Shooter,Forward,19.1,8.7,56.09756097560975,4.1,79,7,33.3,15.3
1631095,Jabari Smith Jr.,HOU,2023-24,april,Stretch Shooter,Shooter,Big,18.2,12.6,52.0,5.6,83,8,33.9,15.3
1641774,Tristan Vukcevic,WAS,2023-24,april,Stretch Shooter,Shooter,Big,25.1,12.5,50.87719298245613,,82,5,24.3,15.2
204456,T.J. McConnell,IND,2023-24,april,Secondary Ball Handler,Secondary,Guard,26.8,47.6,8.403361344537814,5.9,73,7,20.0,15.1
1628389,Bam Adebayo,MIA,2023-24,april,3&D Wing,Wing,Forward,21.2,16.1,12.605042016806722,8.0,81,8,31.8,15.1
1630590,Scotty Pippen Jr.,MEM,2023-24,april,Role Player,Role,Guard,24.8,30.7,31.451612903225808,,73,8,27.8,15.1
1630552,Jalen Johnson,ATL,2023-24,april,Secondary Ball Handler,Secondary,Forward,20.6,22.5,25.396825396825403,7.9,80,5,31.1,15.0
1641718,Keyonte George,UTA,2023-24,april,Shot Creator,Scorer,Guard,25.1,19.2,55.645161290322584,12.3,76,7,28.7,15.0
1629008,Michael Porter Jr.,DEN,2023-24,april,Movement Shooter,Shooter,Big,21.7,6.8,50.35460992907801,6.9,82,7,31.1,15.0
203932,Aaron Gordon,DEN,2023-24,april,Shot Creator,Scorer,Forward,16.1,24.0,24.39024390243903,16.0,80,5,30.3,14.8
203482,Kelly Olynyk,TOR,2023-24,april,Role Player,Role,Big,17.8,18.3,27.058823529411764,,83,6,29.2,14.7
1631204,Marcus Sasser,DET,2023-24,april,Secondary Ball Handler,Secondary,Guard,22.9,24.1,48.1203007518797,,74,7,30.6,14.6
1630538,Bones Hyland,LAC,2023-24,april,Secondary Ball Handler,Secondary,Guard,27.5,38.6,50.0,10.9,74,5,21.0,14.2
1630559,Austin Reaves,LAL,2023-24,april,Shot Creator,Scorer,Guard,19.1,16.8,53.09734513274336,13.5,77,7,31.1,14.1
1641711,Gradey Dick,TOR,2023-24,april,Movement Shooter,Shooter,Forward,18.7,0.7,50.806451612903224,,78,7,30.0,14.1
1628960,Grayson Allen,PHX,2023-24,april,3&D Wing,Wing,Guard,17.0,8.5,63.20754716981133,2.8,76,7,32.7,14.1
201572,Brook Lopez,MIL,2023-24,april,Stretch Shooter,Shooter,Big,20.1,6.7,52.83018867924528,,85,8,28.0,14.1
1630591,Jalen Suggs,ORL,2023-24,april,Role Player,Role,Guard,17.0,17.6,47.31182795698925,6.6,77,8,28.8,14.0
1629652,Luguentz Dort,OKC,2023-24,april,Stretch Shooter,Shooter,Guard,19.3,8.6,57.57575757575758,,76,7,28.2,14.0
1630167,Obi Toppin,IND,2023-24,april,3&D Wing,Wing,Forward,21.9,16.4,45.55555555555555,,81,7,18.5,13.7
203471,Dennis Schröder,BKN,2023-24,april,Shot Creator,Scorer,Guard,20.6,35.3,33.89830508474576,14.8,73,5,31.8,13.6
1628380,Zach Collins,SAS,2023-24,april,Playmaking Big,Big,Big,26.0,22.7,23.76237623762376,,83,7,20.2,13.4
1630581,Josh Giddey,OKC,2023-24,april,Secondary Ball Handler,Secondary,Forward,22.5,31.6,21.62162162162162,5.0,80,7,28.3,13.3
1641715,Cam Whitmore,HOU,2023-24,april,Stretch Shooter,Shooter,Forward,24.2,11.1,50.45045045045045,6.7,79,8,22.5,13.3
1628415,Dillon Brooks,HOU,2023-24,april,3&D Wing,Wing,Forward,17.5,6.5,48.62385321100917,9.3,78,7,31.8,13.1
201935,James Harden,LAC,2023-24,april,Shot Creator,Scorer,Guard,24.1,42.7,63.63636363636363,42.5,77,5,27.6,13.0
1628384,OG Anunoby,NYK,2023-24,april,3&D Wing,Wing,Forward,17.5,5.3,39.130434782608695,5.9,79,6,34.0,13.0
1630201,Malachi Flynn,DET,2023-24,april,Role Player,Role,Guard,30.9,30.2,44.44444444444444,,73,8,19.7,12.9
1630573,Sam Hauser,BOS,2023-24,april,Movement Shooter,Shooter,Forward,19.4,8.2,69.10569105691057,,79,8,28.1,12.9
1630577,Julian Champagnie,SAS,2023-24,april,Movement Shooter,Shooter,Forward,14.9,10.9,59.34065934065935,,79,7,33.0,12.9
201144,Mike Conley,MIN,2023-24,april,Stretch Shooter,Shooter,Guard,19.1,24.4,66.29213483146069,,72,7,28.1,12.9
1627826,Ivica Zubac,LAC,2023-24,april,Post Scorer,Big,Big,20.0,9.3,0.0,,84,6,25.5,12.8
201566,Russell Westbrook,LAC,2023-24,april,Shot Creator,Scorer,Guard,26.2,36.4,18.691588785046733,13.4,76,6,23.9,12.8
1630598,Aaron Wiggins,OKC,2023-24,april,3&D Wing,Wing,Guard,20.9,15.3,21.21212121212121,6.3,77,8,23.9,12.8
1629002,Chimezie Metu,DET,2023-24,april,Role Player,Role,Big,15.9,8.6,38.70967741935484,,82,8,32.0,12.6
1628404,Josh Hart,NYK,2023-24,april,3&D Wing,Wing,Guard,13.7,18.8,16.129032258064516,,76,8,37.0,12.6
1631105,Jalen Duren,DET,2023-24,april,Finisher,Finisher,Big,24.2,10.6,2.173913043478261,8.9,82,5,23.1,12.6
1631133,Jabari Walker,POR,2023-24,april,3&D Wing,Wing,Forward,17.1,7.2,27.27272727272727,,79,7,33.5,12.4
1630692,Jordan Goodwin,MEM,2023-24,april,3&D Wing,Wing,Guard,19.5,20.5,26.153846153846157,,76,7,31.8,12.4
1630200,Tre Jones,SAS,2023-24,april,Finisher,Finisher,Guard,17.1,28.2,33.33333333333333,4.8,73,7,33.8,12.4
1626181,Norman Powell,LAC,2023-24,april,Movement Shooter,Shooter,Guard,18.1,6.2,55.23809523809524,10.9,76,6,27.6,12.3
1641708,Amen Thompson,HOU,2023-24,april,Finisher,Finisher,Forward,15.3,20.4,3.7037037037037033,9.4,79,7,30.2,12.1
1641729,Brice Sensabaugh,UTA,2023-24,april,Movement Shooter,Shooter,Guard,21.1,12.6,49.494949494949495,2.8,77,7,23.6,12.1
203991,Clint Capela,ATL,2023-24,april,Finisher,Finisher,Big,16.6,8.6,0.0,,82,7,28.4,12.1
1641730,Noah Clowney,BKN,2023-24,april,3&D Wing,Wing,Forward,14.1,7.4,31.57894736842105,4.6,81,7,29.4,12.1
1630570,Trendon Watford,BKN,2023-24,april,Role Player,Role,Forward,22.5,15.1,20.87912087912088,7.8,80,7,26.6,12.1
1630544,Tre Mann,CHA,2023-24,april,3&D Wing,Wing,Guard,18.4,25.0,39.58333333333333,8.5,75,8,31.4,12.1
1630174,Aaron Nesmith,IND,2023-24,april,3&D Wing,Wing,Forward,14.2,5.3,44.44444444444445,,78,7,28.2,12.0
1631107,Nikola Jović,MIA,2023-24,april,Stretch Shooter,Shooter,Big,19.7,14.2,60.67415730337079,3.7,82,8,23.8,12.0
1629611,Terance Mann,LAC,2023-24,april,3&D Wing,Wing,Guard,16.2,7.8,21.73913043478261,3.7,77,8,21.9,11.9
1630548,Johnny Juzang,UTA,2023-24,april,Role Player,Role,Guard,15.0,10.8,61.64383561643836,,77,6,27.1,11.8
1631116,Patrick Baldwin Jr.,WAS,2023-24,april,Role Player,Role,Forward,15.2,6.9,63.85542168674698,,81,6,27.1,11.8
1628969,Mikal Bridges,BKN,2023-24,april,Stretch Shooter,Shooter,Forward,18.4,17.9,58.41584158415842,2.3,78,7,27.5,11.6
1630572,Sandro Mamukelashvili,SAS,2023-24,april,3&D Wing,Wing,Forward,18.1,12.4,39.361702127659576,,81,7,26.1,11.6
1629638,Nickeil Alexander-Walker,MIN,2023-24,april,Movement Shooter,Shooter,Guard,18.7,15.7,59.036144578313255,2.9,77,8,22.3,11.5
1630215,Jared Butler,WAS,2023-24,april,Role Player,Role,Guard,19.8,29.1,34.831460674157306,,75,7,22.6,11.4
202711,Bojan Bogdanovic,NYK,2023-24,april,Role Player,Role,Forward,25.4,6.1,44.18604651162791,,79,8,17.4,11.4
1630540,Miles McBride,NYK,2023-24,april,3&D Wing,Wing,Guard,16.4,12.2,62.76595744680851,4.7,73,7,28.7,11.3
1629622,Max Strus,CLE,2023-24,april,Role Player,Role,Guard,15.7,24.5,63.33333333333333,,77,7,32.6,11.1
1629021,Moritz Wagner,ORL,2023-24,april,Role Player,Role,Big,24.0,6.8,21.428571428571427,,83,8,15.8,11.0
1629655,Daniel Gafford,DAL,2023-24,april,Finisher,Finisher,Big,15.5,13.0,0.0,,82,7,22.8,10.9
1630209,Omer Yurtseven,UTA,2023-24,april,Role Player,Role,Big,18.7,9.5,7.446808510638298,,83,7,24.2,10.9
202685,Jonas Valančiūnas,NOP,2023-24,april,Post Scorer,Big,Big,25.1,18.6,13.924050632911392,,83,8,19.0,10.8
203484,Kentavious Caldwell-Pope,DEN,2023-24,april,3&D Wing,Wing,Guard,13.4,8.3,58.333333333333336,3.1,77,7,29.6,10.7
1628401,Derrick White,BOS,2023-24,april,3&D Wing,Wing,Guard,15.9,21.2,75.0,4.7,76,5,31.5,10.6
1629677,Luka Samanic,UTA,2023-24,april,Role Player,Role,Big,24.0,11.1,37.77777777777778,,82,7,21.8,10.6
1629599,Amir Coffey,LAC,2023-24,april,Role Player,Role,Forward,15.3,5.2,53.398058252427184,,79,8,30.5,10.5
1631165,Keon Ellis,SAC,2023-24,april,3&D Wing,Wing,Guard,15.3,12.9,71.62162162162161,,75,8,25.6,10.5
201143,Al Horford,BOS,2023-24,april,3&D Wing,Wing,Forward,17.2,12.2,59.45945945945946,,81,5,21.2,10.4
1631200,Kris Murray,POR,2023-24,april,3&D Wing,Wing,Forward,14.0,4.6,52.47524752475248,,80,8,35.4,10.4
1631218,Trayce Jackson-Davis,GSW,2023-24,april,Finisher,Finisher,Forward,15.7,10.4,0.0,,81,8,23.2,10.4
1628976,Wendell Carter Jr.,ORL,2023-24,april,3&D Wing,Wing,Big,16.9,11.3,50.66666666666666,,82,8,23.6,10.3
1630527,Brandon Boston,LAC,2023-24,april,Role Player,Role,Forward,26.9,7.8,34.57943925233645,,78,6,20.8,10.2
1628971,Bruce Brown,TOR,2023-24,april,Finisher,Finisher,Guard,16.1,14.5,22.222222222222225,4.1,76,5,23.5,10.0
1629022,Lonnie Walker IV,BKN,2023-24,april,Role Player,Role,Guard,22.3,14.7,48.148148148148145,,76,5,23.7,10.0
203084,Harrison Barnes,SAC,2023-24,april,3&D Wing,Wing,Forward,15.8,8.1,54.430379746835435,8.0,80,8,26.3,9.9
1627741,Buddy Hield,PHI,2023-24,april,Movement Shooter,Shooter,Guard,22.2,9.0,65.55555555555556,,76,7,19.9,9.9
1628392,Isaiah Hartenstein,NYK,2023-24,april,Finisher,Finisher,Big,14.2,19.2,0.0,,84,7,28.3,9.9
202704,Reggie Jackson,DEN,2023-24,april,Role Player,Role,Guard,22.9,19.3,38.83495145631068,,74,7,22.6,9.9
1630558,Davion Mitchell,SAC,2023-24,april,Shot Creator,Scorer,Guard,17.7,17.4,48.86363636363636,28.6,72,8,24.2,9.8
101108,Chris Paul,GSW,2023-24,april,Role Player,Role,Guard,18.8,30.7,43.61702127659574,,72,8,26.9,9.6
1630529,Herbert Jones,NOP,2023-24,april,3&D Wing,Wing,Forward,12.5,10.7,45.945945945945944,,79,8,35.4,9.6
1629111,Jock Landale,HOU,2023-24,april,Post Scorer,Big,Big,15.0,13.6,22.950819672131143,,83,8,22.6,9.6
202722,Davis Bertans,CHA,2023-24,april,Stretch Shooter,Shooter,Big,18.2,5.7,81.0126582278481,,82,7,22.6,9.6
1630264,Anthony Gill,WAS,2023-24,april,Role Player,Role,Forward,16.6,9.6,23.655913978494624,,80,6,26.5,9.5
1631128,Christian Braun,DEN,2023-24,april,Finisher,Finisher,Forward,13.8,17.1,45.20547945205479,,78,7,27.0,9.4
1627936,Alex Caruso,CHI,2023-24,april,3&D Wing,Wing,Guard,12.4,20.7,60.0,,77,5,35.3,9.4
1628464,Daniel Theis,LAC,2023-24,april,Role Player,Role,Forward,16.3,4.6,36.36363636363637,,80,5,20.0,9.2
1641733,Nick Smith Jr.,CHA,2023-24,april,Secondary Ball Handler,Secondary,Guard,25.3,14.3,47.72727272727273,11.6,74,5,17.1,9.2
201950,Jrue Holiday,BOS,2023-24,april,Role Player,Role,Guard,16.3,16.8,51.61290322580645,10.1,76,6,29.0,9.2
1629651,Nic Claxton,BKN,2023-24,april,Shot Creator,Scorer,Big,14.9,10.9,0.0,14.1,83,6,29.4,9.2
1641707,Taylor Hendricks,UTA,2023-24,april,3&D Wing,Wing,Forward,13.1,8.8,51.51515151515152,,81,7,24.4,9.1
1641764,Brandin Podziemski,GSW,2023-24,april,3&D Wing,Wing,Guard,13.3,16.9,30.0,6.1,76,8,26.1,9.1
1628997,Caleb Martin,MIA,2023-24,april,3&D Wing,Wing,Guard,16.1,13.7,45.55555555555555,,77,8,29.9,9.0
1630631,Jose Alvarado,NOP,2023-24,april,3&D Wing,Wing,Guard,14.4,11.0,80.55555555555554,4.2,72,5,24.0,9.0
1631170,Jaime Jaquez Jr.,MIA,2023-24,april,Shot Creator,Scorer,Forward,16.1,16.2,34.42622950819673,14.8,78,8,21.2,8.9
1629726,Garrison Mathews,ATL,2023-24,april,Role Player,Role,Forward,13.9,4.1,83.33333333333334,,78,8,20.8,8.8
1630194,Paul Reed,PHI,2023-24,april,Finisher,Finisher,Forward,16.4,13.5,5.970149253731343,,81,7,20.7,8.7
1628981,Bruno Fernando,ATL,2023-24,april,Role Player,Role,Forward,16.9,13.1,0.0,,81,8,20.7,8.6
1631241,Javon Freeman-Liberty,TOR,2023-24,april,Role Player,Role,Guard,17.5,17.0,34.848484848484844,,75,8,20.9,8.6
1627780,Gary Payton II,GSW,2023-24,april,Finisher,Finisher,Guard,16.8,6.3,34.61538461538461,,74,5,16.8,8.6
201976,Patrick Beverley,MIL,2023-24,april,Role Player,Role,Guard,12.3,21.9,45.16129032258064,,74,5,25.7,8.6
1629670,Jordan Nwora,TOR,2023-24,april,Role Player,Role,Forward,19.6,15.8,45.31249999999999,,80,7,18.4,8.6
203995,Vasilije Micic,CHA,2023-24,april,Role Player,Role,Guard,19.6,33.1,50.0,,75,7,25.2,8.6
1630197,Aleksej Pokusevski,CHA,2023-24,april,Rim Protector,Big,Big,19.9,11.2,44.44444444444444,,84,8,18.8,8.5
1630183,Jaden McDaniels,MIN,2023-24,april,3&D Wing,Wing,Forward,13.6,8.1,40.0,2.3,81,8,28.3,8.5
1628984,Devonte' Graham,SAS,2023-24,april,Stretch Shooter,Shooter,Guard,19.1,22.6,77.77777777777779,,73,7,24.4,8.4
203915,Spencer Dinwiddie,LAL,2023-24,april,Role Player,Role,Guard,11.7,10.2,75.51020408163265,,77,7,22.9,8.4
1641998,Trey Jemison III,MEM,2023-24,april,Role Player,Role,Big,12.6,6.9,0.0,,82,7,31.9,8.4
1630175,Cole Anthony,ORL,2023-24,april,Secondary Ball Handler,Secondary,Guard,24.1,18.9,32.05128205128205,6.9,74,8,17.8,8.4
1630198,Isaiah Joe,OKC,2023-24,april,3&D Wing,Wing,Guard,15.5,16.5,71.42857142857143,,75,8,19.7,8.4
201145,Jeff Green,HOU,2023-24,april,Role Player,Role,Forward,16.9,12.9,61.53846153846154,,80,8,18.2,8.4
1628365,Markelle Fultz,ORL,2023-24,april,Role Player,Role,Guard,19.9,15.7,6.666666666666667,,76,8,19.6,8.4
1627884,Derrick Jones Jr.,DAL,2023-24,april,3&D Wing,Wing,Forward,15.6,6.3,48.57142857142857,,78,7,24.6,8.1
203994,Jusuf Nurkić,PHX,2023-24,april,Playmaking Big,Big,Big,15.5,25.4,6.557377049180328,,84,7,29.6,8.1
1627752,Taurean Prince,LAL,2023-24,april,3&D Wing,Wing,Forward,15.5,8.7,46.96969696969697,,78,7,21.3,8.1
1629614,Andrew Nembhard,IND,2023-24,april,Role Player,Role,Guard,12.3,17.9,42.85714285714286,8.9,76,7,27.1,8.0
1629647,Darius Bazley,UTA,2023-24,april,Role Player,Role,Forward,12.0,4.8,27.083333333333336,,81,6,23.7,8.0
1630700,Dyson Daniels,NOP,2023-24,april,Finisher,Finisher,Forward,12.2,17.6,44.61538461538461,5.6,79,8,26.1,8.0
1630647,Eugene Omoruyi,WAS,2023-24,april,Role Player,Role,Forward,19.3,10.0,38.80597014925373,,78,7,15.7,8.0
202330,Gordon Hayward,OKC,2023-24,april,Role Player,Role,Forward,14.3,8.7,24.0,,79,6,19.7,8.0
1630164,James Wiseman,DET,2023-24,april,Rim Protector,Big,Big,14.8,6.4,0.0,,83,8,25.4,8.0
1630541,Moses Moody,GSW,2023-24,april,Movement Shooter,Shooter,Guard,16.2,8.7,47.61904761904762,4.9,77,8,19.4,8.0
203501,Tim Hardaway Jr.,DAL,2023-24,april,Movement Shooter,Shooter,Guard,19.2,14.3,65.47619047619048,2.2,77,8,21.4,8.0
1627736,Malik Beasley,MIL,2023-24,april,Role Player,Role,Guard,14.3,7.1,74.11764705882354,,76,8,26.9,7.6
1630592,Jalen Wilson,BKN,2023-24,april,3&D Wing,Wing,Forward,14.8,7.4,45.45454545454546,,78,7,24.1,7.6
1629312,Haywood Highsmith,MIA,2023-24,april,Role Player,Role,Guard,10.9,8.5,55.932203389830505,,77,8,26.6,7.4
1626168,Trey Lyles,SAC,2023-24,april,Role Player,Role,Forward,13.8,10.4,67.18749999999999,,81,8,21.4,7.4
1627777,Georges Niang,CLE,2023-24,april,Role Player,Role,Forward,16.9,6.4,68.65671641791045,,79,7,19.1,7.3
1630550,JT Thor,CHA,2023-24,april,Role Player,Role,Forward,12.7,7.6,40.0,,81,7,17.2,7.3
1631197,Jared Rhoden,DET,2023-24,april,Role Player,Role,Guard,13.3,7.3,49.15254237288135,,77,7,20.9,7.3
1641871,Duop Reath,POR,2023-24,april,Role Player,Role,Forward,20.4,5.1,46.666666666666664,,81,8,15.4,7.3
203095,Evan Fournier,DET,2023-24,april,Role Player,Role,Forward,17.9,12.9,48.684210526315795,,78,7,20.8,7.1
1629026,Kenrich Williams,OKC,2023-24,april,3&D Wing,Wing,Forward,16.7,17.8,36.206896551724135,,78,8,18.5,7.1
1626220,Royce O'Neale,PHX,2023-24,april,3&D Wing,Wing,Forward,13.3,11.8,78.46153846153847,,78,8,24.2,7.1
1630285,Zavier Simpson,DET,2023-24,april,Role Player,Role,Guard,16.7,21.6,31.818181818181813,,72,6,25.4,7.0
1631104,Blake Wesley,SAS,2023-24,april,Role Player,Role,Guard,17.6,22.2,32.20338983050847,,75,7,20.9,6.9
1626204,Larry Nance Jr.,NOP,2023-24,april,3&D Wing,Wing,Forward,14.1,23.1,24.528301886792455,,80,6,22.4,6.8
1631212,Peyton Watson,DEN,2023-24,april,Finisher,Finisher,Forward,13.7,11.4,19.29824561403509,6.7,79,7,22.6,6.7
203110,Draymond Green,GSW,2023-24,april,3&D Wing,Wing,Forward,11.4,25.2,42.30769230769231,,78,6,30.6,6.7
1630249,Vít Krejčí,ATL,2023-24,april,Movement Shooter,Shooter,Forward,11.5,13.8,68.0,,80,8,22.5,6.6
1629637,Jaxson Hayes,LAL,2023-24,april,Finisher,Finisher,Big,12.6,5.5,0.0,,84,7,16.9,6.6
1631098,Johnny Davis,WAS,2023-24,april,Role Player,Role,Guard,11.3,8.6,35.13513513513514,,76,6,19.3,6.5
1631321,Sidy Cissoko,SAS,2023-24,april,3&D Wing,Wing,Forward,13.1,12.7,28.888888888888893,,78,6,18.2,6.5
1641717,Cason Wallace,OKC,2023-24,april,3&D Wing,Wing,Guard,14.8,14.8,42.622950819672134,4.2,75,8,20.5,6.4
1630534,Ochai Agbaji,TOR,2023-24,april,3&D Wing,Wing,Guard,11.2,7.1,29.03225806451613,,77,6,30.7,6.3
1631119,Jaylin Williams,OKC,2023-24,april,3&D Wing,Wing,Forward,15.1,29.0,56.52173913043479,,81,8,16.1,6.3
1628436,Luke Kornet,BOS,2023-24,april,Finisher,Finisher,Big,10.1,9.9,2.857142857142857,,85,8,16.6,6.3
1641712,Rayan Rupert,POR,2023-24,april,3&D Wing,Wing,Forward,12.2,12.0,59.25925925925925,,78,8,32.5,6.3
1628975,Jevon Carter,CHI,2023-24,april,Stretch Shooter,Shooter,Guard,19.0,23.1,68.42105263157895,,73,5,17.3,6.2
1631207,Dalen Terry,CHI,2023-24,april,3&D Wing,Wing,Forward,14.5,14.0,34.6938775510204,,79,7,17.7,6.1
1628467,Maxi Kleber,DAL,2023-24,april,Rim Protector,Big,Big,10.1,12.4,60.60606060606061,,82,6,19.8,6.0
1626192,Pat Connaughton,MIL,2023-24,april,Role Player,Role,Guard,12.8,15.8,67.6923076923077,,77,8,25.3,5.9
202066,Garrett Temple,TOR,2023-24,april,Role Player,Role,Guard,15.7,12.5,50.76923076923077,,77,6,23.1,5.8
1630551,Justin Champagnie,WAS,2023-24,april,3&D Wing,Wing,Forward,14.1,10.9,46.42857142857144,,78,5,16.8,5.8
1641767,Ben Sheppard,IND,2023-24,april,3&D Wing,Wing,Forward,13.5,6.8,71.87499999999999,,78,7,21.2,5.7
1626166,Cameron Payne,PHI,2023-24,april,Role Player,Role,Guard,14.5,23.5,66.66666666666666,,75,7,19.6,5.7
201569,Eric Gordon,PHX,2023-24,april,3&D Wing,Wing,Guard,13.4,8.2,73.33333333333334,,75,7,21.3,5.6
1628371,Jonathan Isaac,ORL,2023-24,april,3&D Wing,Wing,Big,13.1,6.3,46.0,,82,7,18.8,5.6
203914,Gary Harris,ORL,2023-24,april,3&D Wing,Wing,Guard,8.4,8.6,75.92592592592592,,76,7,31.0,5.4
203109,Jae Crowder,MIL,2023-24,april,Role Player,Role,Forward,13.1,6.0,61.66666666666667,,78,7,22.3,5.4
200768,Kyle Lowry,PHI,2023-24,april,Role Player,Role,Guard,8.4,19.2,70.58823529411765,,72,5,25.9,5.4
1629716,Marques Bolden,CHA,2023-24,april,Role Player,Role,Big,11.7,6.5,2.9411764705882355,,82,7,15.1,5.3
1631260,AJ Green,MIL,2023-24,april,Movement Shooter,Shooter,Guard,11.8,3.6,88.09523809523809,,76,6,17.5,5.2
203937,Kyle Anderson,MIN,2023-24,april,Shot Creator,Scorer,Forward,15.5,27.4,17.857142857142858,12.6,81,8,19.7,4.9
1629667,Jalen McDaniels,TOR,2023-24,april,Role Player,Role,Forward,17.4,14.3,16.071428571428573,,81,7,16.3,4.9
203486,Mason Plumlee,LAC,2023-24,april,Role Player,Role,Big,15.3,13.5,15.909090909090908,,82,7,16.9,4.9
203957,Danté Exum,DAL,2023-24,april,Role Player,Role,Guard,11.5,17.1,42.857142857142854,,77,7,23.0,4.7
203200,Justin Holiday,DEN,2023-24,april,Role Player,Role,Forward,11.7,13.0,75.0,,78,7,16.6,4.7
201587,Nicolas Batum,PHI,2023-24,april,3&D Wing,Wing,Forward,8.5,10.7,78.0,,80,7,29.8,4.6
1629162,Jordan McLaughlin,MIN,2023-24,april,Role Player,Role,Guard,11.9,21.0,61.29032258064515,,72,8,15.1,4.5
1631303,Justin Minaya,POR,2023-24,april,Role Player,Role,Guard,8.5,10.5,69.0909090909091,,77,6,27.5,4.5
1628972,Troy Brown Jr.,DET,2023-24,april,Role Player,Role,Forward,10.9,7.4,46.42857142857144,,79,8,24.3,4.5
1629875,Xavier Moon,LAC,2023-24,april,Role Player,Role,Guard,15.6,21.9,37.49999999999999,,72,5,16.4,4.4
1641738,Kobe Brown,LAC,2023-24,april,Role Player,Role,Forward,11.3,12.1,35.714285714285715,,79,6,15.9,4.0
204060,Joe Ingles,ORL,2023-24,april,Role Player,Role,Forward,10.3,22.2,80.0,,81,8,17.1,3.9
1629011,Mitchell Robinson,NYK,2023-24,april,Finisher,Finisher,Big,9.3,3.2,0.0,,84,8,15.3,3.5
1628470,Torrey Craig,CHI,2023-24,april,Role Player,Role,Guard,9.1,6.5,46.666666666666664,,77,7,16.4,3.1
1642013,Malik Williams,TOR,2023-24,april,Role Player,Role,Big,14.8,2.9,14.285714285714285,,83,7,15.2,2.7
1641851,Timmy Allen,MEM,2023-24,april,Role Player,Role,Forward,8.4,6.0,30.434782608695656,,78,5,25.1,2.6
200782,P.J. Tucker,LAC,2023-24,april,Role Player,Role,Guard,5.0,4.4,55.55555555555556,,77,6,16.2,2.2
1629216,Gabe Vincent,LAL,2023-24,april,Movement Shooter,Shooter,Guard,8.0,7.0,69.23076923076923,,74,5,15.2,1.0
203076,Anthony Davis,DAL,2024-25,october,Post Scorer,Big,Big,30.4,15.0,8.247422680412372,11.5,82,5,35.9,30.6
203507,Giannis Antetokounmpo,MIL,2024-25,october,Primary Initiator,Primary,Big,33.9,34.9,3.225806451612903,10.9,83,5,34.5,30.4
1628369,Jayson Tatum,BOS,2024-25,october,Primary Initiator,Primary,Forward,30.1,23.4,58.09523809523809,,80,5,35.4,30.2
1631094,Paolo Banchero,ORL,2024-25,october,Primary Initiator,Primary,Big,31.1,27.7,32.98969072164949,14.7,82,5,36.4,29.0
1629027,Trae Young,ATL,2024-25,october,Primary Initiator,Primary,Guard,30.9,46.8,51.54639175257733,12.0,73,5,38.3,28.2
1630224,Jalen Green,HOU,2024-25,october,Primary Initiator,Primary,Guard,30.0,15.3,49.54128440366973,,76,5,34.8,27.6
1630560,Cam Thomas,BKN,2024-25,october,Shot Creator,Scorer,Guard,31.2,13.7,40.4040404040404,16.4,75,5,35.1,27.4
1629029,Luka Dončić,LAL,2024-25,october,Primary Initiator,Primary,Forward,33.7,27.3,38.70967741935484,16.0,78,5,37.3,27.2
201142,Kevin Durant,PHX,2024-25,october,Shot Creator,Scorer,Big,27.3,14.8,29.54545454545454,20.8,83,5,39.7,26.8
1626164,Devin Booker,PHX,2024-25,october,Shot Creator,Scorer,Forward,26.9,21.6,48.192771084337345,14.0,78,5,36.3,26.4
1627759,Jaylen Brown,BOS,2024-25,october,Shot Creator,Scorer,Forward,32.5,15.5,35.13513513513514,20.6,78,5,35.9,25.8
1630595,Cade Cunningham,DET,2024-25,october,Primary Initiator,Primary,Forward,32.4,36.6,34.31372549019608,11.5,78,5,36.7,25.6
1626181,Norman Powell,LAC,2024-25,october,Movement Shooter,Shooter,Guard,26.7,7.8,48.421052631578945,10.9,76,5,33.3,25.4
203471,Dennis Schröder,DET,2024-25,october,Shot Creator,Scorer,Guard,23.1,35.7,50.66666666666666,14.8,73,5,35.4,24.6
202681,Kyrie Irving,DAL,2024-25,october,Role Player,Role,Guard,24.9,23.7,33.333333333333336,,74,5,36.8,24.6
1628378,Donovan Mitchell,CLE,2024-25,october,Secondary Ball Handler,Secondary,Guard,31.3,26.9,46.666666666666664,11.4,75,5,30.2,23.8
201935,James Harden,LAC,2024-25,october,Primary Initiator,Primary,Guard,33.3,48.3,49.47368421052632,42.5,77,5,36.1,23.8
203081,Damian Lillard,MIL,2024-25,october,Stretch Shooter,Shooter,Guard,26.9,27.0,56.25,,74,5,35.0,23.2
203897,Zach LaVine,SAC,2024-25,october,Movement Shooter,Shooter,Guard,24.6,13.0,51.31578947368421,9.3,77,5,34.9,23.0
1627742,Brandon Ingram,TOR,2024-25,october,Shot Creator,Scorer,Forward,27.2,23.0,32.95454545454545,13.8,80,5,32.4,22.4
1627741,Buddy Hield,GSW,2024-25,october,Movement Shooter,Shooter,Guard,28.2,19.1,62.33766233766234,,76,5,24.1,21.2
1631093,Jaden Ivey,DET,2024-25,october,3&D Wing,Wing,Guard,25.8,18.6,35.0,5.6,76,5,33.6,21.2
2544,LeBron James,LAL,2024-25,october,Shot Creator,Scorer,Forward,25.5,31.1,33.333333333333336,12.8,81,5,33.6,21.2
1629014,Anfernee Simons,POR,2024-25,october,Shot Creator,Scorer,Guard,26.9,25.8,49.411764705882355,18.2,75,5,33.9,20.6
1627783,Pascal Siakam,IND,2024-25,october,Shot Creator,Scorer,Forward,23.2,26.0,32.0,13.3,80,5,33.4,20.6
1629630,Ja Morant,MEM,2024-25,october,Primary Initiator,Primary,Guard,31.6,51.1,31.506849315068493,14.1,74,5,26.9,20.4
202696,Nikola Vučević,CHI,2024-25,october,Post Scorer,Big,Big,22.8,17.0,31.57894736842105,,82,5,33.1,20.2
1628401,Derrick White,BOS,2024-25,october,3&D Wing,Wing,Guard,17.4,15.7,63.33333333333333,4.7,76,5,33.2,19.2
1630596,Evan Mobley,CLE,2024-25,october,Finisher,Finisher,Big,24.9,10.7,11.940298507462686,4.7,83,5,29.1,19.2
1627826,Ivica Zubac,LAC,2024-25,october,Post Scorer,Big,Big,21.0,12.9,0.0,,84,5,35.4,19.2
1629632,Coby White,CHI,2024-25,october,Stretch Shooter,Shooter,Guard,22.6,19.8,61.8421052631579,7.7,77,5,33.7,19.0
1630217,Desmond Bane,ORL,2024-25,october,Secondary Ball Handler,Secondary,Guard,25.3,15.7,44.44444444444445,7.0,77,5,26.5,18.8
1641711,Gradey Dick,TOR,2024-25,october,Movement Shooter,Shooter,Forward,21.1,7.0,47.05882352941177,,78,5,31.0,18.8
203924,Jerami Grant,POR,2024-25,october,3&D Wing,Wing,Forward,25.1,9.8,50.0,10.7,79,5,33.0,18.6
1641705,Victor Wembanyama,SAS,2024-25,october,Shot Creator,Scorer,Big,27.5,18.0,45.945945945945944,14.5,87,5,30.9,18.2
1629636,Darius Garland,CLE,2024-25,october,Secondary Ball Handler,Secondary,Guard,26.2,30.0,49.25373134328358,6.7,73,5,26.9,17.8
1630532,Franz Wagner,ORL,2024-25,october,Playmaking Big,Big,Big,25.7,21.8,43.74999999999999,7.6,82,5,26.0,17.8
1628386,Jarrett Allen,CLE,2024-25,october,Finisher,Finisher,Forward,17.4,5.6,0.0,,81,5,28.9,17.8
1631110,Jeremy Sochan,SAS,2024-25,october,3&D Wing,Wing,Forward,24.2,18.6,12.328767123287673,,80,5,32.0,17.0
1630559,Austin Reaves,LAL,2024-25,october,Shot Creator,Scorer,Guard,19.3,20.3,49.15254237288135,13.5,77,5,34.4,16.8
1630552,Jalen Johnson,ATL,2024-25,october,Secondary Ball Handler,Secondary,Forward,22.3,16.1,24.000000000000004,7.9,80,5,37.3,16.8
1630591,Jalen Suggs,ORL,2024-25,october,Stretch Shooter,Shooter,Guard,24.5,26.7,66.66666666666666,6.6,77,5,27.0,16.8
1641722,Jordan Hawkins,NOP,2024-25,october,Movement Shooter,Shooter,Guard,19.4,6.9,52.459016393442624,,77,5,31.1,16.2
1630202,Payton Pritchard,BOS,2024-25,october,Shot Creator,Scorer,Guard,19.0,13.5,85.96491228070175,12.8,73,5,27.7,16.2
1631097,Bennedict Mathurin,IND,2024-25,october,Secondary Ball Handler,Secondary,Guard,21.0,9.8,40.0,9.0,77,5,25.8,15.8
202691,Klay Thompson,DAL,2024-25,october,Movement Shooter,Shooter,Guard,18.4,5.7,76.5625,,77,5,29.5,15.6
1629060,Rui Hachimura,LAL,2024-25,october,3&D Wing,Wing,Forward,18.0,7.0,22.22222222222222,3.7,80,5,34.2,15.6
1630703,Scoot Henderson,POR,2024-25,october,Role Player,Role,Guard,24.4,31.5,28.813559322033893,,75,5,27.8,15.6
1630581,Josh Giddey,CHI,2024-25,october,Secondary Ball Handler,Secondary,Forward,21.9,32.6,30.35714285714286,5.0,80,5,28.1,15.4
1630578,Alperen Sengun,HOU,2024-25,october,Shot Creator,Scorer,Big,24.6,19.8,12.328767123287673,14.9,83,5,29.7,15.2
1629661,Cameron Johnson,BKN,2024-25,october,3&D Wing,Wing,Forward,17.1,12.3,71.66666666666667,,80,5,34.2,14.6
1628381,John Collins,UTA,2024-25,october,3&D Wing,Wing,Forward,28.6,19.6,26.5625,,81,5,22.4,14.6
1630169,Tyrese Haliburton,IND,2024-25,october,Stretch Shooter,Shooter,Guard,21.9,28.9,56.41025641025642,,77,5,34.6,14.6
1629028,Deandre Ayton,POR,2024-25,october,Finisher,Finisher,Big,19.0,6.7,8.955223880597014,,84,5,32.5,14.4
1629012,Collin Sexton,UTA,2024-25,october,Secondary Ball Handler,Secondary,Guard,25.3,15.9,20.0,5.2,75,5,23.2,14.2
1630583,Santi Aldama,MEM,2024-25,october,3&D Wing,Wing,Big,18.1,14.8,45.63106796116504,,84,6,28.6,13.8
1627751,Jakob Poeltl,TOR,2024-25,october,Finisher,Finisher,Big,18.1,9.8,0.0,,84,5,31.8,13.8
203501,Tim Hardaway Jr.,DET,2024-25,october,Movement Shooter,Shooter,Guard,14.2,7.8,73.17073170731709,2.2,77,5,30.6,13.6
1641718,Keyonte George,UTA,2024-25,october,Shot Creator,Scorer,Guard,26.0,34.8,53.333333333333336,12.3,76,5,31.6,13.2
203903,Jordan Clarkson,UTA,2024-25,october,3&D Wing,Wing,Guard,26.0,28.3,44.06779661016949,5.2,75,5,24.5,13.0
1627832,Fred VanVleet,HOU,2024-25,october,Role Player,Role,Guard,16.6,23.6,68.18181818181819,,72,5,37.4,12.6
201950,Jrue Holiday,BOS,2024-25,october,Role Player,Role,Guard,15.4,15.1,51.28205128205129,10.1,76,5,29.3,12.2
1628415,Dillon Brooks,HOU,2024-25,october,3&D Wing,Wing,Forward,14.1,2.5,53.703703703703695,9.3,78,5,35.1,12.0
1631095,Jabari Smith Jr.,HOU,2024-25,october,3&D Wing,Wing,Big,15.3,7.2,43.75000000000001,5.6,82,5,31.7,12.0
1627747,Caris LeVert,ATL,2024-25,october,3&D Wing,Wing,Forward,15.9,20.2,43.74999999999999,6.2,78,5,21.5,11.8
1627884,Derrick Jones Jr.,LAC,2024-25,october,3&D Wing,Wing,Forward,15.1,5.6,35.55555555555556,,78,5,29.6,11.8
1630534,Ochai Agbaji,TOR,2024-25,october,3&D Wing,Wing,Guard,14.2,7.5,35.0,,77,5,27.9,11.8
1627736,Malik Beasley,DET,2024-25,october,Stretch Shooter,Shooter,Guard,21.4,8.2,64.91228070175438,,76,5,24.3,11.6
202699,Tobias Harris,DET,2024-25,october,3&D Wing,Wing,Forward,17.9,8.6,32.25806451612903,4.2,80,5,34.8,11.6
1630533,Ziaire Williams,BKN,2024-25,october,3&D Wing,Wing,Forward,19.6,13.6,41.02564102564103,,81,5,19.8,11.6
201572,Brook Lopez,MIL,2024-25,october,3&D Wing,Wing,Big,18.0,7.4,51.92307692307693,,85,5,29.9,11.4
1630228,Jonathan Kuminga,GSW,2024-25,october,Shot Creator,Scorer,Forward,23.9,10.0,26.53061224489796,12.6,79,5,22.9,11.4
1630167,Obi Toppin,IND,2024-25,october,3&D Wing,Wing,Forward,17.5,13.7,43.24324324324324,,81,5,21.3,11.4
1626171,Bobby Portis,MIL,2024-25,october,3&D Wing,Wing,Big,21.1,8.2,26.41509433962264,3.2,82,5,25.0,11.2
203084,Harrison Barnes,SAS,2024-25,october,3&D Wing,Wing,Forward,13.5,4.5,40.54054054054054,8.0,80,5,28.0,11.2
101108,Chris Paul,SAS,2024-25,october,Role Player,Role,Guard,15.7,40.6,58.53658536585367,,72,5,28.5,11.0
1629021,Moritz Wagner,ORL,2024-25,october,Role Player,Role,Big,26.8,9.8,35.294117647058826,,83,5,15.1,11.0
1630541,Moses Moody,GSW,2024-25,october,Movement Shooter,Shooter,Guard,21.6,10.8,65.85365853658539,4.9,77,5,18.6,11.0
1630590,Scotty Pippen Jr.,MEM,2024-25,october,Role Player,Role,Guard,18.1,36.5,32.05128205128205,,73,6,24.4,10.8
1626156,D'Angelo Russell,BKN,2024-25,october,Role Player,Role,Guard,16.0,24.6,57.14285714285714,8.7,75,5,30.7,10.8
1626220,Royce O'Neale,PHX,2024-25,october,3&D Wing,Wing,Forward,14.1,15.9,63.63636363636365,,78,5,26.4,10.4
1641764,Brandin Podziemski,GSW,2024-25,october,3&D Wing,Wing,Guard,19.6,17.4,48.333333333333336,6.1,76,5,29.2,10.2
1629640,Keldon Johnson,SAS,2024-25,october,3&D Wing,Wing,Guard,19.0,4.7,42.30769230769231,3.9,77,5,27.5,10.2
1629023,P.J. Washington,DAL,2024-25,october,3&D Wing,Wing,Forward,14.6,6.7,47.05882352941176,4.1,78,5,32.9,10.2
1630166,Deni Avdija,POR,2024-25,october,Shot Creator,Scorer,Forward,19.5,13.6,39.130434782608695,14.0,81,5,28.5,10.0
1627827,Dorian Finney-Smith,LAL,2024-25,october,Role Player,Role,Forward,17.5,10.8,65.95744680851064,,79,5,29.1,10.0
1629018,Gary Trent Jr.,MIL,2024-25,october,3&D Wing,Wing,Guard,13.8,4.4,69.04761904761905,,77,5,30.4,9.8
1631218,Trayce Jackson-Davis,GSW,2024-25,october,Finisher,Finisher,Forward,14.7,16.2,0.0,,81,5,18.9,9.6
1630643,Jay Huff,MEM,2024-25,october,3&D Wing,Wing,Big,15.4,5.9,57.89473684210525,,85,6,17.0,9.5
1642377,Jaylen Wells,MEM,2024-25,october,3&D Wing,Wing,Forward,18.5,10.3,50.0,3.0,80,6,23.0,9.5
1642346,Ryan Dunn,PHX,2024-25,october,3&D Wing,Wing,Forward,16.4,4.8,71.42857142857143,,80,5,18.6,9.4
1626145,Tyus Jones,PHX,2024-25,october,3&D Wing,Wing,Guard,12.5,31.3,48.78048780487806,,73,5,32.4,9.4
201143,Al Horford,BOS,2024-25,october,3&D Wing,Wing,Forward,11.1,8.8,66.66666666666666,,81,5,24.9,9.2
203991,Clint Capela,ATL,2024-25,october,Finisher,Finisher,Big,14.1,7.5,0.0,,82,5,22.3,9.2
203994,Jusuf Nurkić,CHA,2024-25,october,Finisher,Finisher,Big,25.6,12.5,38.235294117647065,,84,5,21.9,9.2
1642258,Zaccharie Risacher,ATL,2024-25,october,3&D Wing,Wing,Forward,18.7,7.4,43.75000000000001,,80,5,25.0,9.2
1629655,Daniel Gafford,DAL,2024-25,october,Finisher,Finisher,Big,16.1,12.9,0.0,,82,5,18.6,9.0
1641726,Dereck Lively II,DAL,2024-25,october,Rim Protector,Big,Big,13.3,17.5,0.0,,85,5,23.5,9.0
1641744,Zach Edey,MEM,2024-25,october,Post Scorer,Big,Big,18.4,2.9,6.944444444444445,,88,6,17.7,9.0
1630577,Julian Champagnie,SAS,2024-25,october,Movement Shooter,Shooter,Forward,16.0,6.9,58.97435897435898,,79,5,25.2,8.8
1628976,Wendell Carter Jr.,ORL,2024-25,october,3&D Wing,Wing,Big,12.3,10.3,42.42424242424242,,82,5,29.8,8.8
1630174,Aaron Nesmith,IND,2024-25,october,3&D Wing,Wing,Forward,14.5,5.3,29.03225806451613,,78,5,25.2,8.6
1628449,Chris Boucher,TOR,2024-25,october,Role Player,Role,Forward,20.3,4.8,50.0,,81,5,17.1,8.6
1630558,Davion Mitchell,MIA,2024-25,october,Shot Creator,Scorer,Guard,17.3,30.4,46.34146341463415,28.6,72,5,27.3,8.6
1631105,Jalen Duren,DET,2024-25,october,Finisher,Finisher,Big,11.9,16.9,0.0,8.9,82,5,25.5,8.6
1641710,Anthony Black,ORL,2024-25,october,3&D Wing,Wing,Forward,14.9,24.4,26.47058823529412,4.4,79,5,25.6,8.4
1631106,Tari Eason,HOU,2024-25,october,3&D Wing,Wing,Forward,15.3,12.7,35.483870967741936,5.0,80,5,17.5,8.4
1641739,Toumani Camara,POR,2024-25,october,3&D Wing,Wing,Forward,11.7,14.3,40.0,6.3,79,5,29.9,8.4
1642261,Dalton Knecht,LAL,2024-25,october,Movement Shooter,Shooter,Forward,18.3,9.7,64.51612903225806,6.0,78,5,16.6,8.2
1630592,Jalen Wilson,BKN,2024-25,october,3&D Wing,Wing,Forward,12.5,9.8,62.5,,78,5,21.9,8.2
1642347,Jamal Shead,TOR,2024-25,october,3&D Wing,Wing,Guard,19.2,40.6,33.33333333333333,8.2,73,5,20.1,8.2
204456,T.J. McConnell,IND,2024-25,october,Secondary Ball Handler,Secondary,Guard,22.6,32.7,2.777777777777778,5.9,73,5,16.1,8.2
1641708,Amen Thompson,HOU,2024-25,october,Finisher,Finisher,Forward,18.4,8.8,21.42857142857143,9.4,79,5,20.5,8.0
1631117,Walker Kessler,UTA,2024-25,october,Finisher,Finisher,Big,11.9,9.1,0.0,,84,5,26.6,8.0
1642367,Jonathan Mogbo,TOR,2024-25,october,Role Player,Role,Forward,17.7,15.5,16.666666666666668,,81,5,16.6,7.6
1627752,Taurean Prince,MIL,2024-25,october,3&D Wing,Wing,Forward,10.0,8.9,56.666666666666664,,78,5,30.7,7.6
1631222,Jake LaRavia,SAC,2024-25,october,3&D Wing,Wing,Forward,13.6,15.8,33.33333333333333,2.5,79,6,25.3,7.5
1629645,Kevin Porter Jr.,MIL,2024-25,october,Secondary Ball Handler,Secondary,Guard,34.6,20.9,33.333333333333336,9.8,76,5,15.4,7.4
1630172,Patrick Williams,CHI,2024-25,october,3&D Wing,Wing,Forward,15.0,9.9,50.0,3.6,79,5,28.2,7.4
1629599,Amir Coffey,LAC,2024-25,october,Role Player,Role,Forward,10.8,5.6,41.66666666666667,,79,5,21.3,7.0
1629614,Andrew Nembhard,IND,2024-25,october,Role Player,Role,Guard,16.8,28.1,25.71428571428572,8.9,76,5,25.3,7.0
1630245,Ayo Dosunmu,CHI,2024-25,october,3&D Wing,Wing,Guard,13.4,23.2,51.21951219512195,2.2,77,5,26.6,7.0
1629731,Dean Wade,CLE,2024-25,october,3&D Wing,Wing,Forward,11.1,8.9,80.0,,81,5,24.0,7.0
1627739,Kris Dunn,LAC,2024-25,october,3&D Wing,Wing,Guard,10.5,14.3,47.82608695652175,3.9,75,5,21.8,6.8
1642274,Yves Missi,NOP,2024-25,october,Finisher,Finisher,Big,15.6,14.1,0.0,,83,5,19.8,6.8
1641730,Noah Clowney,BKN,2024-25,october,Stretch Shooter,Shooter,Forward,20.6,1.9,54.05405405405405,4.6,81,5,16.2,6.4
1642419,Jamison Battle,TOR,2024-25,october,Role Player,Role,Forward,13.0,3.8,68.18181818181817,,79,5,15.2,6.2
203110,Draymond Green,GSW,2024-25,october,3&D Wing,Wing,Forward,11.7,20.2,50.0,,78,5,25.1,6.0
1630631,Jose Alvarado,NOP,2024-25,october,3&D Wing,Wing,Guard,14.3,33.3,65.38461538461539,4.2,72,5,19.7,5.6
203484,Kentavious Caldwell-Pope,MEM,2024-25,october,3&D Wing,Wing,Guard,11.1,6.9,74.99999999999999,3.1,77,5,28.8,5.6
203935,Marcus Smart,WAS,2024-25,october,3&D Wing,Wing,Guard,17.9,16.9,52.94117647058824,4.2,75,5,19.8,5.6
1642264,Stephon Castle,SAS,2024-25,october,Finisher,Finisher,Forward,18.4,22.7,30.303030303030305,8.4,78,5,20.8,5.6
1627777,Georges Niang,ATL,2024-25,october,Role Player,Role,Forward,13.5,4.8,76.0,,79,5,18.2,5.4
1629750,Javonte Green,CLE,2024-25,october,3&D Wing,Wing,Guard,8.7,4.9,50.0,,77,5,21.0,5.4
1626172,Kevon Looney,GSW,2024-25,october,Finisher,Finisher,Forward,15.9,16.1,0.0,,81,5,15.2,5.4
1630241,Sam Merrill,CLE,2024-25,october,3&D Wing,Wing,Guard,12.7,10.1,92.0,,76,5,18.9,5.4
1629637,Jaxson Hayes,LAL,2024-25,october,Finisher,Finisher,Big,10.0,12.1,0.0,,84,5,15.8,5.2
1641767,Ben Sheppard,IND,2024-25,october,3&D Wing,Wing,Forward,10.2,6.9,57.89473684210527,,78,5,15.3,5.0
1631200,Kris Murray,POR,2024-25,october,3&D Wing,Wing,Forward,13.2,9.7,45.0,,80,5,16.8,5.0
203486,Mason Plumlee,PHX,2024-25,october,Role Player,Role,Big,11.2,5.8,0.0,,82,5,17.4,5.0
203914,Gary Harris,ORL,2024-25,october,3&D Wing,Wing,Guard,10.7,4.9,86.36363636363636,,76,5,17.4,4.8
1631323,Simone Fontecchio,DET,2024-25,october,Movement Shooter,Shooter,Forward,13.8,3.1,70.83333333333334,,79,5,18.4,4.8
1626192,Pat Connaughton,MIL,2024-25,october,Role Player,Role,Guard,15.5,10.0,70.37037037037037,,77,5,17.2,4.6
1629611,Terance Mann,ATL,2024-25,october,3&D Wing,Wing,Guard,11.0,10.2,28.571428571428577,3.7,77,5,23.4,4.4
1628464,Daniel Theis,NOP,2024-25,october,Role Player,Role,Forward,13.8,17.7,33.33333333333333,,80,5,16.0,4.0
1631108,Max Christie,DAL,2024-25,october,3&D Wing,Wing,Guard,11.3,10.0,66.66666666666666,5.7,77,5,18.2,3.6
1642262,Cody Williams,UTA,2024-25,october,3&D Wing,Wing,Forward,10.5,8.6,70.83333333333334,,79,5,22.8,3.4
1629216,Gabe Vincent,LAL,2024-25,october,Movement Shooter,Shooter,Guard,11.3,3.1,57.14285714285714,,74,5,17.2,3.4
1630191,Isaiah Stewart,DET,2024-25,october,Finisher,Finisher,Forward,9.5,14.5,9.090909090909092,,80,5,20.2,3.4
1628436,Luke Kornet,BOS,2024-25,october,Finisher,Finisher,Big,8.5,12.5,0.0,,85,5,16.1,3.2
1630230,Naji Marshall,DAL,2024-25,october,3&D Wing,Wing,Forward,12.0,19.7,33.33333333333333,5.6,78,5,17.9,3.2
201587,Nicolas Batum,LAC,2024-25,october,3&D Wing,Wing,Forward,8.2,18.7,78.57142857142858,,80,5,19.0,3.2
201988,Patty Mills,LAC,2024-25,october,Role Player,Role,Guard,10.5,7.7,76.47058823529413,,74,5,15.7,3.2
1630171,Isaac Okoro,CLE,2024-25,october,3&D Wing,Wing,Guard,8.8,9.2,30.76923076923077,,77,5,17.0,2.6
203507,Giannis Antetokounmpo,MIL,2024-25,november,Primary Initiator,Primary,Big,36.8,38.4,3.930131004366813,10.9,83,12,35.5,34.0
1630163,LaMelo Ball,CHA,2024-25,november,Primary Initiator,Primary,Forward,40.1,41.6,51.145038167938935,12.2,79,14,34.2,31.8
1628983,Shai Gilgeous-Alexander,OKC,2024-25,november,Primary Initiator,Primary,Forward,32.3,31.3,27.093596059113302,26.3,78,15,35.1,30.9
1628368,De'Aaron Fox,SAS,2024-25,november,Primary Initiator,Primary,Guard,31.2,24.3,30.14354066985646,10.1,75,16,38.2,29.3
203999,Nikola Jokić,DEN,2024-25,november,Primary Initiator,Primary,Big,28.7,43.6,19.895287958115183,5.3,83,10,36.7,29.0
1629029,Luka Dončić,LAL,2024-25,november,Primary Initiator,Primary,Forward,32.5,34.4,47.19626168224299,16.0,78,9,36.3,28.6
1628369,Jayson Tatum,BOS,2024-25,november,Primary Initiator,Primary,Forward,30.1,26.5,51.813471502590666,,80,14,36.6,28.2
203076,Anthony Davis,DAL,2024-25,november,Post Scorer,Big,Big,29.4,17.5,12.359550561797754,11.5,82,13,35.1,27.5
203081,Damian Lillard,MIL,2024-25,november,Primary Initiator,Primary,Guard,29.6,37.2,49.206349206349216,,74,11,36.7,27.2
1630162,Anthony Edwards,MIN,2024-25,november,Primary Initiator,Primary,Guard,29.7,18.6,49.519230769230774,23.4,76,15,37.0,27.1
201142,Kevin Durant,PHX,2024-25,november,Shot Creator,Scorer,Big,29.9,14.5,38.79781420765027,20.8,83,7,35.6,26.9
1626157,Karl-Anthony Towns,NYK,2024-25,november,Role Player,Role,Big,28.6,16.0,32.06521739130435,10.0,84,14,34.4,26.8
1628973,Jalen Brunson,NYK,2024-25,november,Primary Initiator,Primary,Guard,28.4,34.6,36.46408839779005,14.4,74,15,35.7,26.7
1641705,Victor Wembanyama,SAS,2024-25,november,Shot Creator,Scorer,Big,32.1,17.1,52.26130653266332,14.5,87,11,32.7,25.7
1630532,Franz Wagner,ORL,2024-25,november,Primary Initiator,Primary,Big,31.6,32.9,31.52709359605911,7.6,82,16,34.2,25.4
202681,Kyrie Irving,DAL,2024-25,november,Role Player,Role,Guard,25.7,23.2,39.22651933701657,,74,14,35.0,24.9
1627759,Jaylen Brown,BOS,2024-25,november,Shot Creator,Scorer,Forward,28.2,19.7,41.530054644808736,20.6,78,10,36.7,24.2
1626164,Devin Booker,PHX,2024-25,november,Shot Creator,Scorer,Forward,27.2,31.7,40.32258064516129,14.0,78,14,36.9,24.1
1628378,Donovan Mitchell,CLE,2024-25,november,Primary Initiator,Primary,Guard,29.8,17.4,48.46938775510204,11.4,75,14,32.2,24.1
1629639,Tyler Herro,MIA,2024-25,november,Shot Creator,Scorer,Guard,26.0,22.6,55.8659217877095,13.3,77,13,35.8,24.0
1630560,Cam Thomas,BKN,2024-25,november,Shot Creator,Scorer,Guard,30.7,19.7,43.63636363636364,16.4,75,12,32.7,23.6
201939,Stephen Curry,GSW,2024-25,november,Movement Shooter,Shooter,Guard,27.7,29.1,59.036144578313255,10.1,74,12,30.8,23.5
1628991,Jaren Jackson Jr.,MEM,2024-25,november,3&D Wing,Wing,Big,27.9,7.5,35.36585365853659,11.1,82,14,29.2,23.2
1630178,Tyrese Maxey,PHI,2024-25,november,Primary Initiator,Primary,Guard,28.7,26.3,44.3298969072165,14.5,74,8,33.3,23.1
1627742,Brandon Ingram,TOR,2024-25,november,Primary Initiator,Primary,Forward,32.6,32.1,35.148514851485146,13.8,80,11,34.3,23.1
2544,LeBron James,LAL,2024-25,november,Shot Creator,Scorer,Forward,27.3,45.9,31.976744186046513,12.8,81,14,35.6,22.7
1630595,Cade Cunningham,DET,2024-25,november,Primary Initiator,Primary,Forward,30.0,40.7,29.7979797979798,11.5,78,13,36.0,22.7
1631114,Jalen Williams,OKC,2024-25,november,Shot Creator,Scorer,Guard,26.4,25.2,32.51533742331288,14.8,77,15,31.9,22.7
1629628,RJ Barrett,TOR,2024-25,november,Secondary Ball Handler,Secondary,Forward,29.1,29.1,31.382978723404253,2.7,78,15,34.7,22.5
201942,DeMar DeRozan,SAC,2024-25,november,Shot Creator,Scorer,Forward,25.8,17.6,14.204545454545451,19.9,78,11,36.1,22.5
1629630,Ja Morant,MEM,2024-25,november,Primary Initiator,Primary,Guard,32.1,44.4,18.292682926829272,14.1,74,5,27.9,22.4
1626181,Norman Powell,LAC,2024-25,november,Movement Shooter,Shooter,Guard,25.5,13.6,48.026315789473685,10.9,76,10,33.5,22.2
1629636,Darius Garland,CLE,2024-25,november,Secondary Ball Handler,Secondary,Guard,26.0,30.4,43.125,6.7,73,14,31.8,21.7
203897,Zach LaVine,SAC,2024-25,november,Movement Shooter,Shooter,Guard,24.3,19.0,45.28301886792453,9.3,77,13,33.4,21.6
1641706,Brandon Miller,CHA,2024-25,november,Stretch Shooter,Shooter,Forward,27.5,18.4,57.51295336787564,10.8,79,15,35.7,21.6
1630567,Scottie Barnes,TOR,2024-25,november,Primary Initiator,Primary,Forward,28.2,33.0,43.82022471910112,7.9,79,5,33.6,21.4
1630552,Jalen Johnson,ATL,2024-25,november,Secondary Ball Handler,Secondary,Forward,21.7,23.6,31.874999999999996,7.9,80,15,36.2,21.1
202696,Nikola Vučević,CHI,2024-25,november,Post Scorer,Big,Big,22.3,15.0,32.16783216783216,,82,16,31.6,21.1
1627783,Pascal Siakam,IND,2024-25,november,Shot Creator,Scorer,Forward,22.4,14.9,28.187919463087248,13.3,80,15,34.7,21.1
201935,James Harden,LAC,2024-25,november,Shot Creator,Scorer,Guard,27.9,37.5,50.326797385620914,42.5,77,16,33.6,20.8
203944,Julius Randle,MIN,2024-25,november,Shot Creator,Scorer,Forward,26.0,18.8,33.56164383561644,15.8,81,15,34.1,20.6
1629673,Jordan Poole,WAS,2024-25,november,Secondary Ball Handler,Secondary,Guard,29.1,26.5,45.56962025316456,7.9,76,12,30.0,20.5
1629008,Michael Porter Jr.,DEN,2024-25,november,Role Player,Role,Big,20.0,12.0,44.078947368421055,6.9,82,13,35.5,20.2
202710,Jimmy Butler III,GSW,2024-25,november,Shot Creator,Scorer,Forward,22.3,22.7,12.06896551724138,17.7,79,9,30.9,20.0
1628374,Lauri Markkanen,UTA,2024-25,november,Movement Shooter,Shooter,Big,21.4,10.7,54.07407407407408,4.0,84,11,33.1,20.0
1630578,Alperen Sengun,HOU,2024-25,november,Shot Creator,Scorer,Big,26.4,27.5,9.15032679738562,14.9,83,15,30.7,19.9
1628384,OG Anunoby,NYK,2024-25,november,3&D Wing,Wing,Forward,20.1,7.8,43.83561643835617,5.9,79,15,37.1,19.7
1631097,Bennedict Mathurin,IND,2024-25,november,Secondary Ball Handler,Secondary,Guard,22.5,7.8,32.33082706766917,9.0,77,15,34.6,19.4
1627734,Domantas Sabonis,SAC,2024-25,november,Playmaking Big,Big,Big,20.8,26.6,19.834710743801654,,82,14,36.7,19.4
1642272,Jared McCain,PHI,2024-25,november,Stretch Shooter,Shooter,Guard,26.2,17.7,51.70068027210885,9.0,75,14,29.0,19.1
1629027,Trae Young,ATL,2024-25,november,Stretch Shooter,Shooter,Guard,24.6,46.1,50.326797385620914,12.0,73,15,34.9,19.1
1628381,John Collins,UTA,2024-25,november,3&D Wing,Wing,Forward,22.3,13.6,20.3125,,81,13,31.1,19.0
1629661,Cameron Johnson,BKN,2024-25,november,Stretch Shooter,Shooter,Forward,20.3,16.4,57.72357723577235,,80,15,31.7,18.7
1630530,Trey Murphy III,NOP,2024-25,november,Stretch Shooter,Shooter,Forward,24.3,10.8,50.31055900621118,6.6,80,7,32.4,18.7
1630169,Tyrese Haliburton,IND,2024-25,november,Stretch Shooter,Shooter,Guard,21.3,38.7,60.56338028169014,,77,15,34.8,18.5
203078,Bradley Beal,PHX,2024-25,november,Secondary Ball Handler,Secondary,Guard,21.8,12.7,43.88489208633093,,76,8,32.3,18.3
1629631,De'Andre Hunter,CLE,2024-25,november,3&D Wing,Wing,Forward,22.8,6.3,47.2,7.5,80,8,26.8,18.3
1629632,Coby White,CHI,2024-25,november,Stretch Shooter,Shooter,Guard,22.1,19.5,62.22222222222222,7.7,77,16,32.1,18.1
1629012,Collin Sexton,UTA,2024-25,november,Secondary Ball Handler,Secondary,Guard,23.1,17.6,38.75968992248062,5.2,75,14,30.1,18.0
1628401,Derrick White,BOS,2024-25,november,Stretch Shooter,Shooter,Guard,20.6,19.9,69.06474820143885,4.7,76,14,34.7,18.0
1641711,Gradey Dick,TOR,2024-25,november,Movement Shooter,Shooter,Forward,22.7,10.6,47.651006711409394,,78,12,33.8,17.8
1627750,Jamal Murray,DEN,2024-25,november,Shot Creator,Scorer,Guard,23.0,24.1,45.695364238410605,14.6,76,10,34.7,17.8
1630596,Evan Mobley,CLE,2024-25,november,Finisher,Finisher,Big,21.3,12.5,16.935483870967744,4.7,83,14,31.8,17.8
1631101,Shaedon Sharpe,POR,2024-25,november,Shot Creator,Scorer,Guard,25.0,12.6,43.15068493150685,12.3,77,12,30.2,17.7
1631093,Jaden Ivey,DET,2024-25,november,3&D Wing,Wing,Guard,26.6,23.7,34.751773049645394,5.6,76,16,30.1,17.6
1628389,Bam Adebayo,MIA,2024-25,november,3&D Wing,Wing,Forward,22.5,22.2,20.394736842105267,8.0,81,13,36.3,17.3
1627736,Malik Beasley,DET,2024-25,november,Stretch Shooter,Shooter,Guard,20.5,11.2,70.89552238805969,,76,17,30.2,17.1
203952,Andrew Wiggins,MIA,2024-25,november,3&D Wing,Wing,Forward,22.4,12.0,40.0,10.9,79,14,29.5,16.9
1631128,Christian Braun,DEN,2024-25,november,Finisher,Finisher,Forward,16.0,7.6,26.923076923076923,,78,13,34.7,16.8
1630559,Austin Reaves,LAL,2024-25,november,Shot Creator,Scorer,Guard,22.1,21.5,58.82352941176471,13.5,77,14,33.5,16.7
1627751,Jakob Poeltl,TOR,2024-25,november,Finisher,Finisher,Big,19.8,11.2,0.8264462809917356,,84,15,32.5,16.6
1630224,Jalen Green,HOU,2024-25,november,Role Player,Role,Guard,24.9,11.9,47.019867549668874,,76,15,31.2,16.6
1628970,Miles Bridges,CHA,2024-25,november,3&D Wing,Wing,Forward,22.2,20.1,48.1203007518797,9.0,79,7,30.0,16.6
203471,Dennis Schröder,DET,2024-25,november,Shot Creator,Scorer,Guard,22.3,25.0,46.666666666666664,14.8,73,13,33.7,16.3
1641718,Keyonte George,UTA,2024-25,november,Shot Creator,Scorer,Guard,22.7,26.0,59.25925925925925,12.3,76,13,31.9,16.3
203903,Jordan Clarkson,UTA,2024-25,november,3&D Wing,Wing,Guard,26.5,26.2,47.22222222222222,5.2,75,8,26.9,16.3
1628370,Malik Monk,SAC,2024-25,november,Secondary Ball Handler,Secondary,Guard,22.6,22.2,42.06349206349206,8.4,75,9,27.6,16.2
1626167,Myles Turner,IND,2024-25,november,3&D Wing,Wing,Big,21.7,5.9,40.476190476190474,,83,14,32.7,16.2
1627832,Fred VanVleet,HOU,2024-25,november,Role Player,Role,Guard,19.9,26.0,47.183098591549296,,72,14,34.0,16.0
1630170,Devin Vassell,SAS,2024-25,november,Movement Shooter,Shooter,Guard,28.6,23.4,50.84745762711864,2.7,77,5,22.2,15.8
1628398,Kyle Kuzma,MIL,2024-25,november,3&D Wing,Wing,Forward,27.1,9.2,30.76923076923077,5.1,81,9,26.4,15.4
1630202,Payton Pritchard,BOS,2024-25,november,Shot Creator,Scorer,Guard,19.4,16.1,75.23809523809524,12.8,73,14,27.2,15.4
1629014,Anfernee Simons,POR,2024-25,november,Shot Creator,Scorer,Guard,23.7,22.3,51.06382978723405,18.2,75,12,29.5,15.1
203924,Jerami Grant,POR,2024-25,november,3&D Wing,Wing,Forward,19.1,11.0,45.90163934426229,10.7,79,13,32.1,15.1
1630631,Jose Alvarado,NOP,2024-25,november,Stretch Shooter,Shooter,Guard,20.4,23.8,57.60000000000001,4.2,72,6,30.5,15.0
1630591,Jalen Suggs,ORL,2024-25,november,Stretch Shooter,Shooter,Guard,24.1,20.5,51.181102362204726,6.6,77,15,29.9,14.9
1628969,Mikal Bridges,NYK,2024-25,november,3&D Wing,Wing,Forward,18.0,10.3,45.51724137931034,2.3,78,15,38.4,14.7
1627826,Ivica Zubac,LAC,2024-25,november,Post Scorer,Big,Big,18.6,10.5,0.0,,84,16,31.7,14.6
1627763,Malcolm Brogdon,WAS,2024-25,november,Role Player,Role,Guard,23.1,20.8,20.2020202020202,,76,7,24.0,14.6
1629028,Deandre Ayton,POR,2024-25,november,Finisher,Finisher,Big,19.8,5.9,9.482758620689657,,84,8,29.3,14.5
202331,Paul George,PHI,2024-25,november,Shot Creator,Scorer,Forward,27.2,29.5,46.96969696969697,18.4,80,9,28.6,14.4
1630228,Jonathan Kuminga,GSW,2024-25,november,Shot Creator,Scorer,Forward,27.4,13.7,33.33333333333333,12.6,79,12,22.7,14.4
1630230,Naji Marshall,DAL,2024-25,november,3&D Wing,Wing,Forward,20.2,12.1,28.999999999999996,5.6,78,15,26.1,14.3
202699,Tobias Harris,DET,2024-25,november,3&D Wing,Wing,Forward,18.4,11.7,37.931034482758626,4.2,80,16,31.9,14.0
1628404,Josh Hart,NYK,2024-25,november,3&D Wing,Wing,Guard,13.0,20.9,34.065934065934066,,76,15,37.9,13.8
1630700,Dyson Daniels,ATL,2024-25,november,Finisher,Finisher,Forward,18.5,12.7,30.14705882352941,5.6,79,15,34.1,13.7
1642261,Dalton Knecht,LAL,2024-25,november,Movement Shooter,Shooter,Forward,17.4,6.7,62.62626262626263,6.0,78,14,26.3,13.6
1629655,Daniel Gafford,DAL,2024-25,november,Finisher,Finisher,Big,18.1,7.7,0.0,,82,14,22.1,13.6
1642264,Stephon Castle,SAS,2024-25,november,Secondary Ball Handler,Secondary,Forward,22.1,22.1,40.869565217391305,8.4,78,14,28.6,13.6
1629023,P.J. Washington,DAL,2024-25,november,3&D Wing,Wing,Forward,17.5,9.2,27.10280373831776,4.1,78,10,32.1,13.5
1628386,Jarrett Allen,CLE,2024-25,november,Finisher,Finisher,Forward,15.0,8.0,0.0,,81,15,29.8,13.4
1626171,Bobby Portis,MIL,2024-25,november,3&D Wing,Wing,Big,26.0,9.8,26.229508196721312,3.2,82,13,23.3,13.4
1630245,Ayo Dosunmu,CHI,2024-25,november,3&D Wing,Wing,Guard,17.3,18.5,37.62376237623762,2.2,77,16,30.1,13.4
1642377,Jaylen Wells,MEM,2024-25,november,3&D Wing,Wing,Forward,18.0,9.7,50.495049504950494,3.0,80,14,26.3,13.4
1629675,Naz Reid,MIN,2024-25,november,Movement Shooter,Shooter,Forward,21.3,9.4,51.42857142857144,3.8,81,15,24.5,13.3
1629021,Moritz Wagner,ORL,2024-25,november,Role Player,Role,Big,24.9,13.9,29.54545454545454,,83,16,20.1,13.3
1627741,Buddy Hield,GSW,2024-25,november,Movement Shooter,Shooter,Guard,20.3,8.5,69.6078431372549,,76,14,23.0,13.2
1641708,Amen Thompson,HOU,2024-25,november,Finisher,Finisher,Forward,16.3,12.1,10.975609756097562,9.4,79,15,28.8,13.2
203935,Marcus Smart,WAS,2024-25,november,Stretch Shooter,Shooter,Guard,21.9,35.5,71.11111111111111,4.2,75,5,21.4,13.2
201572,Brook Lopez,MIL,2024-25,november,3&D Wing,Wing,Big,14.7,8.0,58.333333333333336,,85,14,33.8,13.1
1630527,Brandon Boston,NOP,2024-25,november,Role Player,Role,Forward,19.0,20.6,38.26086956521739,,78,15,32.0,13.0
201566,Russell Westbrook,DEN,2024-25,november,Shot Creator,Scorer,Guard,23.3,36.0,38.095238095238095,13.4,76,13,26.2,12.9
1641744,Zach Edey,MEM,2024-25,november,Post Scorer,Big,Big,20.5,7.1,11.538461538461538,,88,8,21.9,12.8
1629130,Duncan Robinson,MIA,2024-25,november,Movement Shooter,Shooter,Forward,20.4,14.8,73.73737373737373,,79,12,24.0,12.7
1630577,Julian Champagnie,SAS,2024-25,november,Movement Shooter,Shooter,Forward,15.9,8.3,74.74747474747475,,79,14,30.8,12.6
1629640,Keldon Johnson,SAS,2024-25,november,3&D Wing,Wing,Guard,19.6,12.6,38.38383838383838,3.9,77,13,25.6,12.5
1628415,Dillon Brooks,HOU,2024-25,november,3&D Wing,Wing,Forward,17.8,8.0,46.90265486725663,9.3,78,15,29.5,12.5
1626156,D'Angelo Russell,BKN,2024-25,november,Stretch Shooter,Shooter,Guard,22.3,24.0,54.629629629629626,8.7,75,14,25.5,12.5
1630583,Santi Aldama,MEM,2024-25,november,3&D Wing,Wing,Big,18.0,15.8,38.53211009174312,,84,14,27.2,12.5
1630590,Scotty Pippen Jr.,MEM,2024-25,november,Role Player,Role,Guard,19.5,29.1,32.98969072164949,,73,14,25.3,12.4
1630534,Ochai Agbaji,TOR,2024-25,november,3&D Wing,Wing,Guard,13.4,10.1,48.913043478260875,,77,15,32.3,12.4
1631096,Chet Holmgren,OKC,2024-25,november,Finisher,Finisher,Big,22.9,8.1,36.36363636363637,7.8,85,6,23.2,12.3
1631106,Tari Eason,HOU,2024-25,november,3&D Wing,Wing,Forward,19.2,5.6,29.7029702970297,5.0,80,15,24.5,12.3
1642258,Zaccharie Risacher,ATL,2024-25,november,3&D Wing,Wing,Forward,21.3,8.1,45.714285714285715,,80,16,24.1,12.3
1629660,Ty Jerome,CLE,2024-25,november,Role Player,Role,Guard,20.5,25.1,43.90243902439025,,77,15,20.7,12.3
1628960,Grayson Allen,PHX,2024-25,november,Stretch Shooter,Shooter,Guard,20.1,5.9,75.00000000000001,2.8,76,12,24.5,12.3
202691,Klay Thompson,DAL,2024-25,november,Movement Shooter,Shooter,Guard,20.7,9.5,60.33057851239669,,77,12,28.1,12.3
1626145,Tyus Jones,PHX,2024-25,november,3&D Wing,Wing,Guard,15.4,31.6,55.99999999999999,,73,14,32.5,12.2
203992,Bogdan Bogdanović,LAC,2024-25,november,Stretch Shooter,Shooter,Guard,20.6,10.4,60.909090909090914,,77,6,24.3,12.2
201950,Jrue Holiday,BOS,2024-25,november,Role Player,Role,Guard,16.7,19.0,55.44554455445544,10.1,76,13,31.7,12.1
1631099,Keegan Murray,SAC,2024-25,november,Movement Shooter,Shooter,Forward,15.3,6.6,48.67256637168141,4.2,80,16,36.6,11.9
203084,Harrison Barnes,SAS,2024-25,november,3&D Wing,Wing,Forward,14.1,9.0,47.2972972972973,8.0,80,14,29.7,11.9
1630166,Deni Avdija,POR,2024-25,november,Shot Creator,Scorer,Forward,19.4,19.4,41.93548387096774,14.0,81,15,26.5,11.9
1631095,Jabari Smith Jr.,HOU,2024-25,november,3&D Wing,Wing,Big,15.3,3.2,49.45054945054945,5.6,82,15,27.6,11.8
1631117,Walker Kessler,UTA,2024-25,november,Finisher,Finisher,Big,13.5,7.6,0.0,,84,8,28.6,11.8
1630625,Dalano Banton,POR,2024-25,november,Role Player,Role,Forward,27.6,21.5,44.680851063829785,,80,15,18.5,11.6
1631212,Peyton Watson,DEN,2024-25,november,Finisher,Finisher,Forward,14.9,6.0,33.33333333333333,6.7,79,13,29.0,11.5
202685,Jonas Valančiūnas,SAC,2024-25,november,Post Scorer,Big,Big,22.1,16.5,5.063291139240507,,83,14,19.4,11.4
1627747,Caris LeVert,ATL,2024-25,november,3&D Wing,Wing,Forward,17.8,22.3,48.8095238095238,6.2,78,9,25.5,11.3
1642259,Alex Sarr,WAS,2024-25,november,Finisher,Finisher,Big,20.7,13.5,40.36697247706422,5.3,84,14,27.5,11.3
1630544,Tre Mann,CHA,2024-25,november,Secondary Ball Handler,Secondary,Guard,23.9,23.0,33.64485981308412,8.5,75,9,22.8,11.2
1630172,Patrick Williams,CHI,2024-25,november,3&D Wing,Wing,Forward,17.3,11.1,55.0561797752809,3.6,79,10,29.2,11.2
203991,Clint Capela,ATL,2024-25,november,Finisher,Finisher,Big,17.7,8.1,0.0,,82,16,22.6,11.1
1627827,Dorian Finney-Smith,LAL,2024-25,november,Role Player,Role,Forward,13.7,7.7,69.33333333333334,,79,10,28.9,11.0
1626162,Kelly Oubre Jr.,PHI,2024-25,november,Shot Creator,Scorer,Forward,17.4,7.5,40.59405940594059,12.1,80,14,29.7,10.9
1628449,Chris Boucher,TOR,2024-25,november,Role Player,Role,Forward,21.5,5.1,48.1012658227848,,81,15,18.7,10.8
1641731,Bilal Coulibaly,WAS,2024-25,november,3&D Wing,Wing,Forward,14.4,12.0,30.434782608695656,4.8,80,13,35.4,10.8
1630557,Corey Kispert,WAS,2024-25,november,Movement Shooter,Shooter,Forward,16.7,6.5,60.82474226804124,,78,14,28.2,10.7
1630183,Jaden McDaniels,MIN,2024-25,november,3&D Wing,Wing,Forward,15.6,8.8,45.263157894736835,2.3,81,15,31.1,10.7
1626179,Terry Rozier,MIA,2024-25,november,Role Player,Role,Guard,17.7,14.2,50.505050505050505,,73,11,29.1,10.6
1630217,Desmond Bane,ORL,2024-25,november,Movement Shooter,Shooter,Guard,20.3,19.8,47.74774774774775,7.0,77,8,27.7,10.6
203497,Rudy Gobert,MIN,2024-25,november,Finisher,Finisher,Big,11.6,8.9,0.0,,85,15,34.2,10.6
1627824,Guerschon Yabusele,PHI,2024-25,november,Role Player,Role,Forward,17.0,9.7,54.430379746835435,,80,14,24.5,10.6
1630581,Josh Giddey,CHI,2024-25,november,Finisher,Finisher,Forward,20.0,32.8,35.78947368421053,5.0,80,16,26.5,10.6
1630168,Onyeka Okongwu,ATL,2024-25,november,3&D Wing,Wing,Big,17.0,10.8,22.5,1.6,82,15,23.4,10.5
1641722,Jordan Hawkins,NOP,2024-25,november,Movement Shooter,Shooter,Guard,21.9,7.9,52.77777777777778,,77,6,24.4,10.5
101108,Chris Paul,SAS,2024-25,november,Role Player,Role,Guard,14.9,40.6,67.53246753246754,,72,14,28.3,10.4
1629684,Grant Williams,CHA,2024-25,november,3&D Wing,Wing,Forward,14.5,8.8,56.79012345679012,,78,12,31.9,10.4
1629599,Amir Coffey,LAC,2024-25,november,Role Player,Role,Forward,15.9,7.5,52.56410256410257,,79,16,25.0,10.4
204456,T.J. McConnell,IND,2024-25,november,Secondary Ball Handler,Secondary,Guard,22.6,30.1,3.4090909090909087,5.9,73,14,19.8,10.4
1631260,AJ Green,MIL,2024-25,november,Movement Shooter,Shooter,Guard,13.7,5.6,91.1764705882353,,76,13,25.1,10.0
1630198,Isaiah Joe,OKC,2024-25,november,3&D Wing,Wing,Guard,16.2,8.6,80.68181818181817,,75,13,24.6,10.0
1629060,Rui Hachimura,LAL,2024-25,november,3&D Wing,Wing,Forward,13.7,7.4,46.98795180722891,3.7,80,9,30.0,10.0
1630592,Jalen Wilson,BKN,2024-25,november,3&D Wing,Wing,Forward,16.7,10.4,53.24675324675325,,78,14,25.3,9.9
1630703,Scoot Henderson,POR,2024-25,november,Role Player,Role,Guard,20.9,30.6,30.927835051546392,,75,11,25.9,9.9
203110,Draymond Green,GSW,2024-25,november,3&D Wing,Wing,Forward,15.3,27.2,58.108108108108105,,78,14,29.7,9.9
1627884,Derrick Jones Jr.,LAC,2024-25,november,3&D Wing,Wing,Forward,16.5,5.4,38.15789473684211,,78,16,24.2,9.8
1629652,Luguentz Dort,OKC,2024-25,november,3&D Wing,Wing,Guard,13.8,8.5,64.28571428571429,,76,15,30.0,9.8
1641729,Brice Sensabaugh,UTA,2024-25,november,Movement Shooter,Shooter,Guard,22.4,5.2,61.33333333333333,2.8,77,8,17.0,9.8
201143,Al Horford,BOS,2024-25,november,3&D Wing,Wing,Forward,13.9,13.1,72.15189873417721,,81,10,29.0,9.7
1629656,Quentin Grimes,PHI,2024-25,november,3&D Wing,Wing,Guard,15.7,10.2,57.971014492753625,10.4,76,13,22.8,9.6
1630540,Miles McBride,NYK,2024-25,november,3&D Wing,Wing,Guard,15.7,11.5,60.465116279069775,4.7,73,10,25.9,9.6
1629057,Robert Williams III,POR,2024-25,november,Finisher,Finisher,Forward,15.3,13.3,5.555555555555555,,81,7,18.8,9.6
1629048,Goga Bitadze,ORL,2024-25,november,Finisher,Finisher,Big,14.4,11.7,6.779661016949152,,82,14,25.1,9.4
1630598,Aaron Wiggins,OKC,2024-25,november,3&D Wing,Wing,Guard,18.2,9.5,48.192771084337345,6.3,77,15,21.6,9.3
1641739,Toumani Camara,POR,2024-25,november,3&D Wing,Wing,Forward,14.8,9.3,52.32558139534884,6.3,79,15,31.1,9.3
1628997,Caleb Martin,DAL,2024-25,november,3&D Wing,Wing,Guard,14.1,13.2,40.54054054054054,,77,12,31.0,9.3
1629645,Kevin Porter Jr.,MIL,2024-25,november,Secondary Ball Handler,Secondary,Guard,25.1,25.7,24.41860465116279,9.8,76,16,19.7,9.3
1631222,Jake LaRavia,SAC,2024-25,november,3&D Wing,Wing,Forward,14.3,22.4,38.70967741935484,2.5,79,14,23.1,9.2
1626220,Royce O'Neale,PHX,2024-25,november,3&D Wing,Wing,Forward,16.0,11.4,64.28571428571429,,78,14,24.5,9.2
1627752,Taurean Prince,MIL,2024-25,november,3&D Wing,Wing,Forward,12.1,8.3,61.904761904761905,,78,14,28.2,9.1
203484,Kentavious Caldwell-Pope,MEM,2024-25,november,3&D Wing,Wing,Guard,11.9,9.8,62.5,3.1,77,15,30.1,9.1
1629638,Nickeil Alexander-Walker,MIN,2024-25,november,Movement Shooter,Shooter,Guard,14.8,15.2,52.23880597014925,2.9,77,15,25.0,9.1
1626166,Cameron Payne,NYK,2024-25,november,Role Player,Role,Guard,17.3,22.6,66.17647058823529,,75,11,18.4,9.1
1630526,Jeremiah Robinson-Earl,NOP,2024-25,november,3&D Wing,Wing,Forward,15.9,8.2,41.77215189873417,,80,15,24.9,9.1
1627777,Georges Niang,ATL,2024-25,november,Stretch Shooter,Shooter,Forward,19.0,9.0,66.25,,79,15,20.6,8.9
1631105,Jalen Duren,DET,2024-25,november,Finisher,Finisher,Big,15.7,14.9,0.0,8.9,82,15,23.5,8.9
1630570,Trendon Watford,BKN,2024-25,november,Role Player,Role,Forward,23.8,15.9,33.80281690140845,7.8,80,7,17.5,8.9
1631124,Julian Strawther,DEN,2024-25,november,3&D Wing,Wing,Forward,17.0,9.0,53.52112676056338,,78,13,21.1,8.8
203994,Jusuf Nurkić,CHA,2024-25,november,Finisher,Finisher,Big,16.4,6.0,43.66197183098592,,84,11,25.1,8.8
201144,Mike Conley,MIN,2024-25,november,3&D Wing,Wing,Guard,15.3,23.4,68.91891891891892,,72,11,26.8,8.8
1628978,Donte DiVincenzo,MIN,2024-25,november,Movement Shooter,Shooter,Guard,17.3,19.2,81.48148148148148,1.9,76,15,25.2,8.8
1642273,Kyshawn George,WAS,2024-25,november,Role Player,Role,Forward,15.6,13.5,65.11627906976743,6.1,80,14,27.6,8.8
1642274,Yves Missi,NOP,2024-25,november,Finisher,Finisher,Big,14.0,7.9,0.0,,83,14,25.9,8.6
1641726,Dereck Lively II,DAL,2024-25,november,Rim Protector,Big,Big,13.1,13.1,0.0,,85,11,22.1,8.6
1641710,Anthony Black,ORL,2024-25,november,3&D Wing,Wing,Forward,19.9,27.4,40.27777777777777,4.4,79,16,23.8,8.5
1629006,Josh Okogie,CHA,2024-25,november,3&D Wing,Wing,Guard,18.8,5.9,32.758620689655174,,76,10,15.8,8.5
203501,Tim Hardaway Jr.,DET,2024-25,november,Movement Shooter,Shooter,Guard,14.7,9.3,67.0886075949367,2.2,77,14,26.5,8.5
1631170,Jaime Jaquez Jr.,MIA,2024-25,november,Shot Creator,Scorer,Forward,20.6,18.0,23.68421052631579,14.8,78,9,19.8,8.4
1629669,Jaylen Nowell,WAS,2024-25,november,Role Player,Role,Guard,21.5,17.6,37.362637362637365,,76,8,21.0,8.4
1631213,Tyrese Martin,BKN,2024-25,november,3&D Wing,Wing,Forward,18.0,10.9,80.76923076923077,,78,6,15.0,8.3
1641783,Tristan da Silva,ORL,2024-25,november,3&D Wing,Wing,Forward,13.9,9.9,50.0,,80,16,25.5,8.3
1642267,Bub Carrington,WAS,2024-25,november,Role Player,Role,Guard,15.3,23.9,51.21951219512195,4.8,76,14,28.1,8.3
203901,Elfrid Payton,NOP,2024-25,november,Role Player,Role,Guard,19.3,44.4,2.5641025641025643,,75,5,24.2,8.2
1629651,Nic Claxton,BKN,2024-25,november,Shot Creator,Scorer,Big,13.7,17.5,0.0,14.1,83,10,26.1,8.2
1631245,Quenton Jackson,IND,2024-25,november,3&D Wing,Wing,Guard,15.7,15.7,30.645161290322577,,77,11,19.8,8.2
1630533,Ziaire Williams,BKN,2024-25,november,3&D Wing,Wing,Forward,19.0,6.4,40.789473684210535,,81,15,22.5,8.1
1630167,Obi Toppin,IND,2024-25,november,3&D Wing,Wing,Forward,15.4,11.0,45.45454545454546,,81,14,19.4,8.1
1628989,Kevin Huerter,CHI,2024-25,november,3&D Wing,Wing,Forward,16.9,12.4,65.47619047619048,,79,14,25.7,8.0
1641730,Noah Clowney,BKN,2024-25,november,Stretch Shooter,Shooter,Forward,19.3,9.1,71.92982456140349,4.6,81,10,16.7,8.0
1628998,Cody Martin,PHX,2024-25,november,Role Player,Role,Forward,14.1,15.8,45.714285714285715,,78,16,25.2,7.9
1642271,Kyle Filipowski,UTA,2024-25,november,3&D Wing,Wing,Big,16.0,17.0,35.08771929824561,,83,10,21.2,7.8
1631165,Keon Ellis,SAC,2024-25,november,3&D Wing,Wing,Guard,12.1,5.7,74.50980392156863,,76,16,23.3,7.8
1626204,Larry Nance Jr.,ATL,2024-25,november,3&D Wing,Wing,Forward,13.1,8.9,51.06382978723404,,80,7,15.8,7.7
1629018,Gary Trent Jr.,MIL,2024-25,november,3&D Wing,Wing,Guard,14.6,5.2,64.70588235294117,,77,12,22.9,7.6
1630182,Josh Green,CHA,2024-25,november,3&D Wing,Wing,Guard,11.5,7.9,54.09836065573771,,77,16,27.3,7.6
203083,Andre Drummond,PHI,2024-25,november,Finisher,Finisher,Big,19.6,6.3,5.172413793103448,,83,13,17.9,7.5
1629726,Garrison Mathews,ATL,2024-25,november,Role Player,Role,Forward,14.5,12.0,79.59183673469387,,78,14,16.8,7.5
1630573,Sam Hauser,BOS,2024-25,november,Movement Shooter,Shooter,Forward,14.0,7.0,86.36363636363637,,79,14,21.7,7.5
1628380,Zach Collins,CHI,2024-25,november,Playmaking Big,Big,Big,19.0,20.7,35.294117647058826,,83,14,15.5,7.4
1630241,Sam Merrill,CLE,2024-25,november,3&D Wing,Wing,Guard,14.1,9.4,86.66666666666667,,76,11,19.7,7.4
1630702,Jaden Hardy,DAL,2024-25,november,Secondary Ball Handler,Secondary,Guard,23.1,13.3,40.845070422535215,,75,14,16.7,7.4
1631218,Trayce Jackson-Davis,GSW,2024-25,november,Finisher,Finisher,Forward,19.7,18.0,1.639344262295082,,81,14,16.0,7.4
1629637,Jaxson Hayes,LAL,2024-25,november,Finisher,Finisher,Big,13.3,2.5,0.0,,84,6,18.8,7.3
1628379,Luke Kennard,MEM,2024-25,november,Movement Shooter,Shooter,Guard,12.2,17.5,73.21428571428571,,77,12,21.4,7.3
1630171,Isaac Okoro,CLE,2024-25,november,3&D Wing,Wing,Guard,11.4,9.7,60.377358490566046,,77,13,22.1,7.3
1629674,Neemias Queta,BOS,2024-25,november,Finisher,Finisher,Big,13.0,6.5,2.0833333333333335,,84,13,21.6,7.3
203915,Spencer Dinwiddie,DAL,2024-25,november,Role Player,Role,Guard,13.8,21.3,61.01694915254237,,77,14,21.9,7.3
1631204,Marcus Sasser,DET,2024-25,november,Role Player,Role,Guard,18.2,18.3,40.74074074074075,,74,12,15.1,7.3
1630191,Isaiah Stewart,DET,2024-25,november,Finisher,Finisher,Forward,12.3,11.8,21.568627450980397,,80,17,22.3,7.2
203995,Vasilije Micic,PHX,2024-25,november,Role Player,Role,Guard,19.9,26.6,45.83333333333333,,75,6,19.2,7.2
1629634,Brandon Clarke,MEM,2024-25,november,Role Player,Role,Forward,13.2,5.2,16.071428571428573,,80,13,18.7,7.2
1631323,Simone Fontecchio,DET,2024-25,november,Movement Shooter,Shooter,Forward,15.1,7.7,67.27272727272727,,79,15,18.8,7.1
1629750,Javonte Green,CLE,2024-25,november,3&D Wing,Wing,Guard,11.3,5.5,44.06779661016949,,77,15,25.4,7.0
1627739,Kris Dunn,LAC,2024-25,november,3&D Wing,Wing,Guard,14.7,16.8,51.562499999999986,3.9,75,16,22.9,6.8
1641764,Brandin Podziemski,GSW,2024-25,november,3&D Wing,Wing,Guard,14.6,21.8,43.74999999999999,6.1,76,13,22.3,6.8
1631107,Nikola Jović,MIA,2024-25,november,3&D Wing,Wing,Big,16.9,8.5,44.44444444444444,3.7,82,10,16.0,6.7
1627936,Alex Caruso,OKC,2024-25,november,3&D Wing,Wing,Guard,15.3,16.8,51.562499999999986,,77,9,19.1,6.7
1629312,Haywood Highsmith,MIA,2024-25,november,Role Player,Role,Guard,10.0,5.0,57.14285714285714,,77,13,24.1,6.6
1630558,Davion Mitchell,MIA,2024-25,november,Shot Creator,Scorer,Guard,12.8,23.8,46.03174603174603,28.6,72,15,28.0,6.6
1630541,Moses Moody,GSW,2024-25,november,Movement Shooter,Shooter,Guard,17.9,7.9,54.71698113207547,4.9,77,14,15.0,6.6
1628371,Jonathan Isaac,ORL,2024-25,november,3&D Wing,Wing,Big,15.1,2.3,50.87719298245613,,82,16,18.4,6.6
1629003,Shake Milton,LAL,2024-25,november,Role Player,Role,Guard,14.5,22.3,46.666666666666664,,77,11,16.9,6.5
1629611,Terance Mann,ATL,2024-25,november,3&D Wing,Wing,Guard,13.9,13.4,39.28571428571429,3.7,77,16,20.6,6.4
1641796,Pelle Larsson,MIA,2024-25,november,3&D Wing,Wing,Guard,13.8,11.6,44.44444444444444,5.6,77,11,17.2,6.4
1630553,Keon Johnson,BKN,2024-25,november,Stretch Shooter,Shooter,Guard,19.8,10.7,63.934426229508205,,77,14,16.5,6.4
202692,Alec Burks,MIA,2024-25,november,Role Player,Role,Guard,13.8,14.6,68.75,,77,8,16.6,6.3
1641767,Ben Sheppard,IND,2024-25,november,3&D Wing,Wing,Forward,11.3,8.3,76.27118644067797,,78,8,24.4,6.3
1642270,Donovan Clingan,POR,2024-25,november,Finisher,Finisher,Big,14.3,3.5,13.999999999999998,,86,12,18.8,6.3
1626168,Trey Lyles,SAC,2024-25,november,Role Player,Role,Forward,13.5,6.6,70.37037037037037,,81,14,20.6,6.1
1641716,Jarace Walker,IND,2024-25,november,3&D Wing,Wing,Forward,15.3,12.0,54.71698113207547,6.4,79,15,20.5,6.1
1641717,Cason Wallace,OKC,2024-25,november,3&D Wing,Wing,Guard,10.3,11.4,47.45762711864406,4.2,75,15,25.7,6.0
1642349,Ajay Mitchell,OKC,2024-25,november,Role Player,Role,Guard,15.1,14.1,32.6530612244898,8.9,77,15,16.8,5.9
1630548,Johnny Juzang,UTA,2024-25,november,Role Player,Role,Guard,14.9,9.0,73.07692307692307,,77,13,16.6,5.9
1642345,Oso Ighodaro,PHX,2024-25,november,Finisher,Finisher,Big,11.5,8.2,0.0,8.5,84,10,19.8,5.9
1641842,Ronald Holland II,DET,2024-25,november,3&D Wing,Wing,Forward,17.2,5.1,40.74074074074075,3.8,80,17,16.7,5.8
1627732,Ben Simmons,LAC,2024-25,november,Playmaking Big,Big,Big,13.0,39.6,0.0,,82,11,25.4,5.8
1631111,Wendell Moore Jr.,CHA,2024-25,november,Role Player,Role,Guard,12.8,12.1,26.31578947368421,,77,9,17.4,5.8
1626192,Pat Connaughton,MIL,2024-25,november,Role Player,Role,Guard,14.1,15.0,58.333333333333336,,77,9,18.3,5.7
1631108,Max Christie,DAL,2024-25,november,3&D Wing,Wing,Guard,13.1,6.7,39.473684210526315,5.7,77,13,16.6,5.6
1630231,KJ Martin,UTA,2024-25,november,Role Player,Role,Forward,11.3,8.5,15.625,,78,11,15.8,5.5
203937,Kyle Anderson,MIA,2024-25,november,Shot Creator,Scorer,Forward,16.5,26.0,30.188679245283023,12.6,81,13,15.2,5.5
1642275,Tidjane Salaün,CHA,2024-25,november,3&D Wing,Wing,Forward,13.6,7.8,68.5185185185185,,80,16,20.2,5.2
1630322,Lindy Waters III,DET,2024-25,november,Role Player,Role,Forward,13.0,8.6,69.0909090909091,,78,12,18.2,5.2
1630811,Keaton Wallace,ATL,2024-25,november,3&D Wing,Wing,Guard,14.7,15.3,47.36842105263158,8.2,75,9,19.4,5.1
1628436,Luke Kornet,BOS,2024-25,november,Finisher,Finisher,Big,8.4,12.3,0.0,,85,9,17.9,5.1
1642266,Ja'Kobe Walter,TOR,2024-25,november,3&D Wing,Wing,Guard,17.5,10.5,47.61904761904762,,77,6,17.0,5.0
1642346,Ryan Dunn,PHX,2024-25,november,3&D Wing,Wing,Forward,14.8,7.7,63.63636363636363,,80,13,18.0,4.9
200768,Kyle Lowry,PHI,2024-25,november,Role Player,Role,Guard,11.2,21.6,75.51020408163265,,72,9,25.0,4.9
203967,Dario Šarić,DEN,2024-25,november,Stretch Shooter,Shooter,Big,18.4,15.9,57.692307692307686,,82,6,16.1,4.8
1631288,Jamal Cain,NOP,2024-25,november,Role Player,Role,Forward,13.2,7.9,56.41025641025642,,78,10,15.6,4.6
1629731,Dean Wade,CLE,2024-25,november,3&D Wing,Wing,Forward,9.4,7.3,87.17948717948718,,81,8,20.7,4.5
1642367,Jonathan Mogbo,TOR,2024-25,november,Role Player,Role,Forward,12.2,12.5,13.88888888888889,,81,15,15.4,4.4
203486,Mason Plumlee,PHX,2024-25,november,Role Player,Role,Big,13.0,16.1,0.0,,82,13,16.6,4.4
201587,Nicolas Batum,LAC,2024-25,november,3&D Wing,Wing,Forward,10.3,7.3,76.31578947368422,,80,16,17.3,4.4
1629629,Cam Reddish,LAL,2024-25,november,Role Player,Role,Forward,7.1,3.4,51.85185185185185,,79,12,21.4,4.3
1626196,Josh Richardson,MIA,2024-25,november,Role Player,Role,Guard,13.4,11.7,58.333333333333336,,77,8,18.7,4.0
1641748,Andre Jackson Jr.,MIL,2024-25,november,Role Player,Role,Forward,11.8,9.1,48.717948717948715,,78,14,21.6,3.9
1630200,Tre Jones,CHI,2024-25,november,Finisher,Finisher,Guard,12.5,28.6,41.86046511627907,4.8,73,6,18.4,3.8
203914,Gary Harris,ORL,2024-25,november,3&D Wing,Wing,Guard,9.6,2.8,71.87499999999999,,76,12,16.2,3.8
1631217,Moussa Diabaté,CHA,2024-25,november,Finisher,Finisher,Forward,7.7,5.7,0.0,,81,16,23.2,3.5
1642268,Isaiah Collier,UTA,2024-25,november,Shot Creator,Scorer,Guard,16.2,25.2,41.86046511627907,12.5,75,12,17.7,3.4
1642262,Cody Williams,UTA,2024-25,november,3&D Wing,Wing,Forward,11.9,9.8,46.15384615384615,,79,11,16.8,2.9
1629216,Gabe Vincent,LAL,2024-25,november,Movement Shooter,Shooter,Guard,9.9,4.6,66.66666666666667,,74,14,16.5,2.6
1626153,Delon Wright,NYK,2024-25,november,Role Player,Role,Guard,10.1,15.5,65.625,,77,11,17.2,2.5
1628467,Maxi Kleber,LAL,2024-25,november,Role Player,Role,Big,7.0,2.9,23.529411764705884,,82,9,16.9,1.9
1628983,Shai Gilgeous-Alexander,OKC,2024-25,december,Primary Initiator,Primary,Forward,32.6,25.8,29.577464788732392,26.3,78,13,34.5,33.3
203999,Nikola Jokić,DEN,2024-25,december,Primary Initiator,Primary,Big,30.4,33.6,23.21428571428572,5.3,83,14,37.0,32.2
203507,Giannis Antetokounmpo,MIL,2024-25,december,Primary Initiator,Primary,Big,36.3,26.3,2.6178010471204183,10.9,83,8,34.6,31.9
201142,Kevin Durant,PHX,2024-25,december,Shot Creator,Scorer,Big,33.8,23.7,25.98039215686275,20.8,83,10,34.5,28.8
1641705,Victor Wembanyama,SAS,2024-25,december,Shot Creator,Scorer,Big,32.8,24.9,47.02970297029703,14.5,87,12,33.8,28.5
1629029,Luka Dončić,LAL,2024-25,december,Primary Initiator,Primary,Forward,29.9,36.5,48.924731182795696,16.0,78,8,33.9,28.3
1628369,Jayson Tatum,BOS,2024-25,december,Primary Initiator,Primary,Forward,28.6,22.0,50.24390243902439,,80,11,36.4,27.5
203954,Joel Embiid,PHI,2024-25,december,Shot Creator,Scorer,Big,38.9,28.0,20.0,12.3,84,7,28.2,26.0
1630178,Tyrese Maxey,PHI,2024-25,december,Primary Initiator,Primary,Guard,28.7,27.1,46.5,14.5,74,12,38.2,25.8
1626181,Norman Powell,LAC,2024-25,december,Movement Shooter,Shooter,Guard,28.8,12.8,47.80219780219779,10.9,76,11,33.2,25.6
2544,LeBron James,LAL,2024-25,december,Primary Initiator,Primary,Forward,31.2,45.0,29.411764705882355,12.8,81,10,34.8,25.6
1630595,Cade Cunningham,DET,2024-25,december,Primary Initiator,Primary,Forward,30.9,47.8,36.13861386138614,11.5,78,10,35.5,24.8
1626164,Devin Booker,PHX,2024-25,december,Shot Creator,Scorer,Forward,29.6,26.3,42.473118279569896,14.0,78,8,35.3,24.8
1628368,De'Aaron Fox,SAS,2024-25,december,Primary Initiator,Primary,Guard,28.5,29.5,31.553398058252423,10.1,75,13,36.3,24.7
1629639,Tyler Herro,MIA,2024-25,december,Shot Creator,Scorer,Guard,26.5,26.0,53.448275862068975,13.3,77,13,35.3,24.6
1628973,Jalen Brunson,NYK,2024-25,december,Primary Initiator,Primary,Guard,28.2,32.7,37.42690058479532,14.4,74,14,34.9,24.4
1629628,RJ Barrett,TOR,2024-25,december,Secondary Ball Handler,Secondary,Forward,28.2,25.2,28.651685393258425,2.7,78,10,33.9,24.3
202681,Kyrie Irving,DAL,2024-25,december,Role Player,Role,Guard,26.4,17.1,41.711229946524064,,74,10,35.7,24.2
1627759,Jaylen Brown,BOS,2024-25,december,Shot Creator,Scorer,Forward,29.4,23.2,32.29166666666667,20.6,78,13,34.1,24.0
203081,Damian Lillard,MIL,2024-25,december,Stretch Shooter,Shooter,Guard,25.6,31.7,57.57575757575758,,74,8,36.6,23.6
1629027,Trae Young,ATL,2024-25,december,Secondary Ball Handler,Secondary,Guard,26.8,44.4,49.71751412429379,12.0,73,11,36.4,23.3
1626157,Karl-Anthony Towns,NYK,2024-25,december,Role Player,Role,Big,25.0,13.9,31.03448275862069,10.0,84,13,34.6,23.2
1641706,Brandon Miller,CHA,2024-25,december,Stretch Shooter,Shooter,Forward,27.4,18.6,62.82722513089005,10.8,79,7,35.1,23.1
1628378,Donovan Mitchell,CLE,2024-25,december,Stretch Shooter,Shooter,Guard,27.9,26.8,56.7251461988304,11.4,75,13,31.3,23.1
203076,Anthony Davis,DAL,2024-25,december,Post Scorer,Big,Big,29.2,19.0,14.124293785310735,11.5,82,13,33.9,22.9
1629631,De'Andre Hunter,CLE,2024-25,december,3&D Wing,Wing,Forward,25.3,7.7,45.774647887323944,7.5,80,12,28.5,22.7
201935,James Harden,LAC,2024-25,december,Primary Initiator,Primary,Guard,31.3,27.9,54.54545454545454,42.5,77,11,33.2,22.6
1630559,Austin Reaves,LAL,2024-25,december,Shot Creator,Scorer,Guard,24.1,31.3,42.58064516129032,13.5,77,8,36.3,22.1
1629661,Cameron Johnson,BKN,2024-25,december,Stretch Shooter,Shooter,Forward,24.1,17.7,53.956834532374096,,80,10,33.2,22.0
1627750,Jamal Murray,DEN,2024-25,december,Shot Creator,Scorer,Guard,23.1,23.2,31.57894736842105,14.6,76,11,38.1,22.0
1628991,Jaren Jackson Jr.,MEM,2024-25,december,3&D Wing,Wing,Big,28.5,12.5,31.32530120481928,11.1,82,14,28.7,22.0
203897,Zach LaVine,SAC,2024-25,december,Movement Shooter,Shooter,Guard,26.9,21.4,47.46835443037975,9.3,77,10,32.6,22.0
1629673,Jordan Poole,WAS,2024-25,december,Stretch Shooter,Shooter,Guard,26.6,24.1,64.02439024390245,7.9,76,10,34.0,21.9
203468,CJ McCollum,NOP,2024-25,december,Secondary Ball Handler,Secondary,Guard,26.9,21.1,40.625,8.8,75,13,34.0,21.6
1628969,Mikal Bridges,NYK,2024-25,december,3&D Wing,Wing,Forward,19.0,12.9,44.80519480519481,2.3,78,14,40.4,21.5
201939,Stephen Curry,GSW,2024-25,december,Movement Shooter,Shooter,Guard,26.8,28.6,64.97175141242938,10.1,74,11,33.1,21.5
1627734,Domantas Sabonis,SAC,2024-25,december,Playmaking Big,Big,Big,23.0,25.4,13.924050632911392,,82,12,33.9,21.3
1629630,Ja Morant,MEM,2024-25,december,Primary Initiator,Primary,Guard,29.5,32.4,36.70886075949367,14.1,74,10,27.9,21.0
1630228,Jonathan Kuminga,GSW,2024-25,december,Shot Creator,Scorer,Forward,28.5,13.9,22.981366459627328,12.6,79,13,31.1,21.0
1630530,Trey Murphy III,NOP,2024-25,december,Stretch Shooter,Shooter,Forward,20.5,13.2,57.24137931034483,6.6,80,13,35.1,20.8
1628970,Miles Bridges,CHA,2024-25,december,3&D Wing,Wing,Forward,29.1,23.8,41.530054644808736,9.0,79,8,31.4,20.6
1630162,Anthony Edwards,MIN,2024-25,december,Primary Initiator,Primary,Guard,28.5,21.2,43.888888888888886,23.4,76,13,34.0,20.5
1631114,Jalen Williams,OKC,2024-25,december,Shot Creator,Scorer,Guard,28.2,24.4,28.10810810810811,14.8,77,13,33.2,20.3
1629636,Darius Garland,CLE,2024-25,december,Secondary Ball Handler,Secondary,Guard,26.3,30.8,48.27586206896552,6.7,73,13,29.3,20.2
202696,Nikola Vučević,CHI,2024-25,december,Post Scorer,Big,Big,21.7,15.4,31.75675675675675,,82,11,32.7,20.0
1628374,Lauri Markkanen,UTA,2024-25,december,Movement Shooter,Shooter,Big,23.0,8.2,64.13793103448276,4.0,84,11,32.0,19.8
1630552,Jalen Johnson,ATL,2024-25,december,Secondary Ball Handler,Secondary,Forward,21.0,20.6,21.85430463576159,7.9,80,11,36.5,19.5
1630578,Alperen Sengun,HOU,2024-25,december,Shot Creator,Scorer,Big,24.6,25.5,9.803921568627452,14.9,83,12,32.8,19.3
1630224,Jalen Green,HOU,2024-25,december,Role Player,Role,Guard,24.3,11.8,45.28301886792453,,76,12,33.2,19.3
1630567,Scottie Barnes,TOR,2024-25,december,Finisher,Finisher,Forward,25.0,32.3,37.106918238993714,7.9,79,11,34.2,19.2
1629008,Michael Porter Jr.,DEN,2024-25,december,Role Player,Role,Big,20.3,9.6,42.85714285714286,6.9,82,14,32.5,18.9
1630596,Evan Mobley,CLE,2024-25,december,Finisher,Finisher,Big,24.2,16.0,28.68852459016394,4.7,83,12,28.8,18.8
1630217,Desmond Bane,ORL,2024-25,december,Secondary Ball Handler,Secondary,Guard,21.4,27.0,44.44444444444444,7.0,77,13,29.8,18.8
1629014,Anfernee Simons,POR,2024-25,december,Shot Creator,Scorer,Guard,24.4,28.1,52.63157894736842,18.2,75,12,31.9,18.6
203903,Jordan Clarkson,UTA,2024-25,december,3&D Wing,Wing,Guard,28.4,27.8,35.87786259541985,5.2,75,7,27.1,18.6
1630591,Jalen Suggs,ORL,2024-25,december,Primary Initiator,Primary,Guard,30.8,22.0,44.171779141104295,6.6,77,12,29.7,18.4
1627736,Malik Beasley,DET,2024-25,december,Stretch Shooter,Shooter,Guard,23.6,9.0,68.70748299319727,,76,10,26.6,18.4
201942,DeMar DeRozan,SAC,2024-25,december,Shot Creator,Scorer,Forward,21.5,15.2,13.103448275862068,19.9,78,13,33.8,18.4
1627783,Pascal Siakam,IND,2024-25,december,Shot Creator,Scorer,Forward,21.2,12.3,34.306569343065696,13.3,80,14,32.8,18.3
203078,Bradley Beal,PHX,2024-25,december,Secondary Ball Handler,Secondary,Guard,25.3,15.7,34.83870967741935,,76,11,33.4,18.3
204001,Kristaps Porziņģis,BOS,2024-25,december,Post Scorer,Big,Big,24.3,9.0,44.60431654676259,,86,9,28.0,18.2
203944,Julius Randle,MIN,2024-25,december,Shot Creator,Scorer,Forward,26.8,25.1,36.17021276595744,15.8,81,13,31.1,18.2
1629012,Collin Sexton,UTA,2024-25,december,Secondary Ball Handler,Secondary,Guard,26.2,27.3,34.26573426573427,5.2,75,12,28.5,18.1
1631101,Shaedon Sharpe,POR,2024-25,december,Shot Creator,Scorer,Guard,23.1,13.7,42.567567567567565,12.3,77,12,31.5,18.0
1630169,Tyrese Haliburton,IND,2024-25,december,Stretch Shooter,Shooter,Guard,19.3,33.1,58.778625954198475,,77,14,36.0,17.8
1628381,John Collins,UTA,2024-25,december,3&D Wing,Wing,Forward,20.5,11.8,37.71929824561403,,81,8,32.9,17.5
202710,Jimmy Butler III,GSW,2024-25,december,Shot Creator,Scorer,Forward,18.8,21.9,9.433962264150944,17.7,79,7,30.7,17.4
1628415,Dillon Brooks,HOU,2024-25,december,Stretch Shooter,Shooter,Forward,19.2,8.4,56.48854961832062,9.3,78,9,34.1,17.3
1629632,Coby White,CHI,2024-25,december,Stretch Shooter,Shooter,Guard,23.3,21.0,52.9032258064516,7.7,77,10,33.7,17.3
1630166,Deni Avdija,POR,2024-25,december,Shot Creator,Scorer,Forward,24.4,17.5,41.74757281553398,14.0,81,12,26.6,16.8
1641718,Keyonte George,UTA,2024-25,december,Shot Creator,Scorer,Guard,24.3,27.3,54.761904761904766,12.3,76,8,30.8,16.8
1641711,Gradey Dick,TOR,2024-25,december,Movement Shooter,Shooter,Forward,23.1,9.8,50.0,,78,10,29.7,16.7
1628389,Bam Adebayo,MIA,2024-25,december,3&D Wing,Wing,Forward,23.0,22.0,18.51851851851852,8.0,81,13,34.5,16.6
1628370,Malik Monk,SAC,2024-25,december,Stretch Shooter,Shooter,Guard,21.8,24.4,56.64335664335663,8.4,75,13,33.5,16.5
202331,Paul George,PHI,2024-25,december,Shot Creator,Scorer,Forward,22.1,23.0,43.97163120567376,18.4,80,11,34.1,16.3
1626171,Bobby Portis,MIL,2024-25,december,3&D Wing,Wing,Big,23.1,19.1,33.83458646616541,3.2,82,12,28.0,16.0
1627749,Dejounte Murray,NOP,2024-25,december,Role Player,Role,Guard,24.8,33.9,33.333333333333336,,76,13,35.1,15.9
1627832,Fred VanVleet,HOU,2024-25,december,Stretch Shooter,Shooter,Guard,20.6,23.0,62.58503401360544,,72,11,35.5,15.8
1630202,Payton Pritchard,BOS,2024-25,december,Shot Creator,Scorer,Guard,19.1,19.7,73.98373983739836,12.8,73,14,30.3,15.8
202691,Klay Thompson,DAL,2024-25,december,Movement Shooter,Shooter,Guard,22.4,10.7,64.16666666666667,,77,11,26.3,15.4
1630170,Devin Vassell,SAS,2024-25,december,3&D Wing,Wing,Guard,21.5,15.4,42.42424242424242,2.7,77,13,29.6,15.2
1628404,Josh Hart,NYK,2024-25,december,3&D Wing,Wing,Guard,15.5,19.5,36.73469387755102,,76,13,36.6,15.2
1629028,Deandre Ayton,POR,2024-25,december,Finisher,Finisher,Big,19.6,9.5,8.547008547008547,,84,10,30.5,15.0
203952,Andrew Wiggins,MIA,2024-25,december,3&D Wing,Wing,Forward,20.6,12.5,42.06349206349206,10.9,79,11,29.6,14.9
1631093,Jaden Ivey,DET,2024-25,december,3&D Wing,Wing,Guard,23.1,15.5,42.14876033057851,5.6,76,8,27.7,14.9
1628401,Derrick White,BOS,2024-25,december,Stretch Shooter,Shooter,Guard,18.6,19.6,73.94957983193278,4.7,76,13,33.9,14.7
1631097,Bennedict Mathurin,IND,2024-25,december,Secondary Ball Handler,Secondary,Guard,20.4,7.8,29.365079365079367,9.0,77,14,34.0,14.4
1627763,Malcolm Brogdon,WAS,2024-25,december,Role Player,Role,Guard,24.4,29.1,31.666666666666664,,76,8,26.6,14.4
1628384,OG Anunoby,NYK,2024-25,december,3&D Wing,Wing,Forward,17.9,6.9,48.41269841269841,5.9,79,14,35.7,14.3
1641731,Bilal Coulibaly,WAS,2024-25,december,Secondary Ball Handler,Secondary,Forward,20.7,20.8,38.059701492537314,4.8,80,11,34.0,14.3
1626145,Tyus Jones,PHX,2024-25,december,3&D Wing,Wing,Guard,17.7,25.4,53.0,,73,13,29.7,14.2
1630245,Ayo Dosunmu,CHI,2024-25,december,3&D Wing,Wing,Guard,15.4,25.6,44.44444444444444,2.2,77,9,34.2,14.2
1627826,Ivica Zubac,LAC,2024-25,december,Post Scorer,Big,Big,17.6,13.7,0.0,,84,12,32.1,13.9
1630581,Josh Giddey,CHI,2024-25,december,Secondary Ball Handler,Secondary,Forward,23.1,39.4,47.41379310344828,5.0,80,8,28.4,13.9
203114,Khris Middleton,WAS,2024-25,december,Secondary Ball Handler,Secondary,Forward,24.5,32.0,38.31775700934579,6.1,79,10,23.6,13.8
1642259,Alex Sarr,WAS,2024-25,december,Finisher,Finisher,Big,20.6,11.6,43.36283185840708,5.3,84,9,28.4,13.8
1626167,Myles Turner,IND,2024-25,december,3&D Wing,Wing,Big,18.5,8.8,49.48453608247423,,83,14,30.1,13.6
203924,Jerami Grant,POR,2024-25,december,3&D Wing,Wing,Forward,17.4,11.2,56.52173913043478,10.7,79,11,33.3,13.3
1629023,P.J. Washington,DAL,2024-25,december,3&D Wing,Wing,Forward,17.1,9.0,50.505050505050505,4.1,78,11,32.9,13.3
1627751,Jakob Poeltl,TOR,2024-25,december,Finisher,Finisher,Big,16.4,15.6,1.1111111111111112,,84,8,30.6,13.3
1629021,Moritz Wagner,ORL,2024-25,december,Rim Protector,Big,Big,25.8,14.3,27.710843373493972,,83,9,18.5,13.2
1630583,Santi Aldama,MEM,2024-25,december,3&D Wing,Wing,Big,17.3,14.5,53.40909090909091,,84,11,22.2,13.2
1631110,Jeremy Sochan,SAS,2024-25,december,3&D Wing,Wing,Forward,18.1,13.8,18.08510638297872,,80,13,29.2,13.1
1629614,Andrew Nembhard,IND,2024-25,december,Secondary Ball Handler,Secondary,Guard,20.2,24.9,29.47368421052631,8.9,76,12,27.1,13.0
1626156,D'Angelo Russell,BKN,2024-25,december,Stretch Shooter,Shooter,Guard,22.9,27.8,51.35135135135136,8.7,75,10,25.2,13.0
203915,Spencer Dinwiddie,DAL,2024-25,december,Role Player,Role,Guard,20.4,21.7,46.808510638297875,,77,13,26.0,13.0
1626162,Kelly Oubre Jr.,PHI,2024-25,december,Shot Creator,Scorer,Forward,14.5,7.6,44.21052631578948,12.1,80,12,34.8,12.8
1642272,Jared McCain,PHI,2024-25,december,3&D Wing,Wing,Guard,20.3,14.6,45.09803921568628,9.0,75,5,27.6,12.8
203471,Dennis Schröder,DET,2024-25,december,Shot Creator,Scorer,Guard,22.4,32.0,43.08943089430894,14.8,73,12,29.4,12.8
1630577,Julian Champagnie,SAS,2024-25,december,Movement Shooter,Shooter,Forward,18.1,5.1,75.24752475247524,,79,14,26.1,12.7
1630168,Onyeka Okongwu,ATL,2024-25,december,3&D Wing,Wing,Big,17.6,2.5,11.904761904761903,1.6,82,7,22.6,12.7
1629048,Goga Bitadze,ORL,2024-25,december,Finisher,Finisher,Big,16.5,14.9,7.228915662650602,,82,12,29.1,12.7
201950,Jrue Holiday,BOS,2024-25,december,Role Player,Role,Guard,17.9,16.8,54.629629629629626,10.1,76,9,29.2,12.7
1630529,Herbert Jones,NOP,2024-25,december,3&D Wing,Wing,Forward,17.0,16.0,40.95238095238095,,79,11,34.1,12.6
1629060,Rui Hachimura,LAL,2024-25,december,3&D Wing,Wing,Forward,14.0,5.7,39.56043956043956,3.7,80,13,35.4,12.6
203932,Aaron Gordon,DEN,2024-25,december,Shot Creator,Scorer,Forward,16.8,13.2,32.94117647058823,16.0,80,10,27.6,12.5
1629640,Keldon Johnson,SAS,2024-25,december,3&D Wing,Wing,Guard,21.6,9.6,32.99999999999999,3.9,77,12,22.2,12.5
1630551,Justin Champagnie,WAS,2024-25,december,3&D Wing,Wing,Forward,14.7,5.7,47.31182795698925,,78,11,30.1,12.5
1630167,Obi Toppin,IND,2024-25,december,Stretch Shooter,Shooter,Forward,20.2,13.1,51.898734177215175,,81,12,19.4,12.4
1628386,Jarrett Allen,CLE,2024-25,december,Finisher,Finisher,Forward,14.6,9.0,1.3157894736842106,,81,13,28.8,12.4
204456,T.J. McConnell,IND,2024-25,december,Secondary Ball Handler,Secondary,Guard,24.9,33.8,14.285714285714285,5.9,73,14,20.6,12.4
1628392,Isaiah Hartenstein,OKC,2024-25,december,Finisher,Finisher,Big,16.6,17.5,5.617977528089887,,84,13,29.5,12.2
1630700,Dyson Daniels,ATL,2024-25,december,Finisher,Finisher,Forward,15.2,17.2,32.0,5.6,79,10,33.3,12.1
1641708,Amen Thompson,HOU,2024-25,december,Finisher,Finisher,Forward,16.9,11.3,18.75,9.4,79,12,29.7,12.0
201572,Brook Lopez,MIL,2024-25,december,3&D Wing,Wing,Big,14.4,5.7,46.31578947368421,,85,12,31.7,12.0
1631095,Jabari Smith Jr.,HOU,2024-25,december,3&D Wing,Wing,Big,14.4,5.1,55.99999999999999,5.6,82,12,35.4,12.0
1626204,Larry Nance Jr.,ATL,2024-25,december,3&D Wing,Wing,Forward,16.2,14.0,55.294117647058826,,80,6,25.1,12.0
1631109,Mark Williams,CHA,2024-25,december,Playmaking Big,Big,Big,21.0,21.0,0.0,,84,10,18.3,12.0
201566,Russell Westbrook,DEN,2024-25,december,Shot Creator,Scorer,Guard,19.6,29.2,32.6530612244898,13.4,76,14,28.5,12.0
1626220,Royce O'Neale,PHX,2024-25,december,3&D Wing,Wing,Forward,15.5,14.7,76.40449438202246,,78,12,28.4,11.9
1630538,Bones Hyland,MIN,2024-25,december,Stretch Shooter,Shooter,Guard,27.4,24.1,74.44444444444444,10.9,74,6,18.0,11.8
1627747,Caris LeVert,ATL,2024-25,december,3&D Wing,Wing,Forward,19.6,18.2,50.0,6.2,78,13,23.5,11.7
1629655,Daniel Gafford,DAL,2024-25,december,Finisher,Finisher,Big,19.2,7.9,0.0,,82,13,20.5,11.7
1641715,Cam Whitmore,HOU,2024-25,december,Finisher,Finisher,Forward,25.9,5.3,40.86021505376344,6.7,79,6,15.9,11.7
202685,Jonas Valančiūnas,SAC,2024-25,december,Playmaking Big,Big,Big,24.0,20.4,9.574468085106384,,83,12,19.8,11.7
1629645,Kevin Porter Jr.,MIL,2024-25,december,Secondary Ball Handler,Secondary,Guard,25.7,27.0,30.08849557522123,9.8,76,8,23.1,11.6
1629130,Duncan Robinson,MIA,2024-25,december,Movement Shooter,Shooter,Forward,19.2,19.1,67.3469387755102,,79,12,25.5,11.6
1630557,Corey Kispert,WAS,2024-25,december,Movement Shooter,Shooter,Forward,17.9,13.5,61.728395061728406,,78,7,22.3,11.6
1641730,Noah Clowney,BKN,2024-25,december,3&D Wing,Wing,Forward,16.5,5.6,77.27272727272727,4.6,81,8,26.6,11.5
1641744,Zach Edey,MEM,2024-25,december,Post Scorer,Big,Big,14.6,7.5,21.951219512195124,,88,6,26.0,11.5
1630527,Brandon Boston,NOP,2024-25,december,Role Player,Role,Forward,21.2,8.0,35.55555555555556,,78,13,20.6,11.5
1631128,Christian Braun,DEN,2024-25,december,Finisher,Finisher,Forward,13.8,7.9,24.719101123595507,,78,13,32.2,11.5
1629018,Gary Trent Jr.,MIL,2024-25,december,3&D Wing,Wing,Guard,16.9,4.8,60.22727272727272,,77,12,24.9,11.4
1628978,Donte DiVincenzo,MIN,2024-25,december,Movement Shooter,Shooter,Guard,17.6,21.4,71.91011235955057,1.9,76,13,25.2,11.4
1629656,Quentin Grimes,PHI,2024-25,december,Stretch Shooter,Shooter,Guard,18.6,12.7,55.421686746987945,10.4,76,13,24.5,11.4
1642274,Yves Missi,NOP,2024-25,december,Finisher,Finisher,Big,14.1,5.9,1.234567901234568,,83,13,30.8,11.2
1629726,Garrison Mathews,ATL,2024-25,december,Role Player,Role,Forward,17.8,12.3,92.3076923076923,,78,6,20.3,11.2
1626179,Terry Rozier,MIA,2024-25,december,Role Player,Role,Guard,19.9,11.6,43.8095238095238,,73,12,26.9,11.2
202699,Tobias Harris,DET,2024-25,december,3&D Wing,Wing,Forward,16.0,9.7,41.48936170212766,4.2,80,9,29.2,11.1
203992,Bogdan Bogdanović,LAC,2024-25,december,Role Player,Role,Guard,17.1,13.8,70.11494252873564,,77,7,26.1,11.0
1629675,Naz Reid,MIN,2024-25,december,3&D Wing,Wing,Forward,20.3,11.7,44.117647058823536,3.8,81,13,24.8,11.0
1630172,Patrick Williams,CHI,2024-25,december,3&D Wing,Wing,Forward,17.6,10.7,58.06451612903226,3.6,79,8,23.9,11.0
1629599,Amir Coffey,LAC,2024-25,december,Role Player,Role,Forward,15.0,5.9,53.333333333333336,,79,11,25.3,10.9
1629004,Svi Mykhailiuk,UTA,2024-25,december,Stretch Shooter,Shooter,Forward,21.1,11.5,75.0,,79,6,19.1,10.7
1629003,Shake Milton,LAL,2024-25,december,Role Player,Role,Guard,19.4,20.0,43.67816091954023,,77,12,22.8,10.6
1630703,Scoot Henderson,POR,2024-25,december,Role Player,Role,Guard,21.2,24.3,45.744680851063826,,75,9,24.5,10.6
203497,Rudy Gobert,MIN,2024-25,december,Finisher,Finisher,Big,12.6,6.4,0.0,,85,13,32.6,10.5
1629651,Nic Claxton,BKN,2024-25,december,Shot Creator,Scorer,Big,19.4,8.3,7.6923076923076925,14.1,83,12,26.7,10.5
1631117,Walker Kessler,UTA,2024-25,december,Finisher,Finisher,Big,11.9,8.7,4.761904761904762,,84,12,31.8,10.5
1631107,Nikola Jović,MIA,2024-25,december,3&D Wing,Wing,Big,15.6,14.9,55.73770491803279,3.7,82,7,24.0,10.4
1631105,Jalen Duren,DET,2024-25,december,Finisher,Finisher,Big,15.5,9.6,0.0,8.9,82,9,26.7,10.3
1631099,Keegan Murray,SAC,2024-25,december,Movement Shooter,Shooter,Forward,13.3,3.6,51.02040816326531,4.2,80,12,33.6,10.3
1642264,Stephon Castle,SAS,2024-25,december,Secondary Ball Handler,Secondary,Forward,22.9,21.2,34.375,8.4,78,13,22.9,10.3
203501,Tim Hardaway Jr.,DET,2024-25,december,Movement Shooter,Shooter,Guard,14.2,5.8,65.38461538461539,2.2,77,10,26.5,10.3
1626168,Trey Lyles,SAC,2024-25,december,Role Player,Role,Forward,15.4,2.4,66.66666666666666,,81,5,21.4,10.2
1628989,Kevin Huerter,CHI,2024-25,december,3&D Wing,Wing,Forward,15.8,10.6,68.75,,79,11,23.8,10.2
1630553,Keon Johnson,BKN,2024-25,december,Stretch Shooter,Shooter,Guard,20.1,10.1,56.07476635514019,,77,12,26.6,10.1
1641783,Tristan da Silva,ORL,2024-25,december,3&D Wing,Wing,Forward,17.2,9.5,48.23529411764705,,80,13,26.5,10.1
1628449,Chris Boucher,TOR,2024-25,december,Role Player,Role,Forward,22.0,8.1,50.0,,81,10,17.2,10.0
1628960,Grayson Allen,PHX,2024-25,december,3&D Wing,Wing,Guard,14.3,16.0,65.71428571428571,2.8,76,8,25.5,10.0
1642266,Ja'Kobe Walter,TOR,2024-25,december,3&D Wing,Wing,Guard,20.3,11.1,46.59090909090908,,77,12,22.0,10.0
1631108,Max Christie,DAL,2024-25,december,3&D Wing,Wing,Guard,13.5,8.2,54.285714285714285,5.7,77,13,28.8,10.0
1642377,Jaylen Wells,MEM,2024-25,december,3&D Wing,Wing,Forward,16.1,7.0,57.14285714285714,3.0,80,14,24.5,9.9
1627824,Guerschon Yabusele,PHI,2024-25,december,Role Player,Role,Forward,16.6,11.1,50.0,,80,12,24.0,9.9
1631218,Trayce Jackson-Davis,GSW,2024-25,december,Finisher,Finisher,Forward,15.4,17.1,0.0,,81,12,21.7,9.8
1629638,Nickeil Alexander-Walker,MIN,2024-25,december,Movement Shooter,Shooter,Guard,17.6,16.3,59.45945945945946,2.9,77,13,21.7,9.5
1631124,Julian Strawther,DEN,2024-25,december,3&D Wing,Wing,Forward,17.1,8.6,50.0,,78,14,20.2,9.4
203995,Vasilije Micic,PHX,2024-25,december,Role Player,Role,Guard,21.4,31.6,48.387096774193544,,75,12,25.2,9.4
1642258,Zaccharie Risacher,ATL,2024-25,december,3&D Wing,Wing,Forward,19.9,5.3,39.784946236559136,,80,12,22.5,9.4
1628379,Luke Kennard,MEM,2024-25,december,Movement Shooter,Shooter,Guard,14.8,16.4,73.4375,,77,10,19.6,9.4
203484,Kentavious Caldwell-Pope,MEM,2024-25,december,3&D Wing,Wing,Guard,13.3,9.0,63.41463414634148,3.1,77,13,32.6,9.4
1641722,Jordan Hawkins,NOP,2024-25,december,Movement Shooter,Shooter,Guard,20.7,5.1,65.21739130434783,,77,6,20.0,9.3
203084,Harrison Barnes,SAS,2024-25,december,3&D Wing,Wing,Forward,14.4,6.6,47.945205479452056,8.0,80,14,25.4,9.3
1642267,Bub Carrington,WAS,2024-25,december,Role Player,Role,Guard,13.8,13.0,55.91397849462365,4.8,76,12,32.8,9.3
1630548,Johnny Juzang,UTA,2024-25,december,Role Player,Role,Guard,17.7,8.6,70.58823529411765,,77,12,18.3,9.3
1627884,Derrick Jones Jr.,LAC,2024-25,december,3&D Wing,Wing,Forward,16.4,6.3,37.662337662337656,,78,10,23.2,9.1
1627777,Georges Niang,ATL,2024-25,december,Role Player,Role,Forward,14.2,11.5,58.06451612903226,,79,13,21.6,9.1
1630534,Ochai Agbaji,TOR,2024-25,december,3&D Wing,Wing,Guard,14.2,7.5,46.59090909090908,,77,13,27.9,9.1
1629652,Luguentz Dort,OKC,2024-25,december,3&D Wing,Wing,Guard,13.0,6.2,70.11494252873564,,76,12,29.8,8.9
203935,Marcus Smart,WAS,2024-25,december,Stretch Shooter,Shooter,Guard,18.5,18.4,58.22784810126581,4.2,75,8,22.0,8.9
1630540,Miles McBride,NYK,2024-25,december,3&D Wing,Wing,Guard,16.4,19.7,57.89473684210527,4.7,73,14,23.4,8.8
1630643,Jay Huff,MEM,2024-25,december,Stretch Shooter,Shooter,Big,20.2,7.4,67.6923076923077,,85,10,15.1,8.7
1630183,Jaden McDaniels,MIN,2024-25,december,3&D Wing,Wing,Forward,14.8,6.1,38.372093023255815,2.3,81,13,28.5,8.7
1630230,Naji Marshall,DAL,2024-25,december,3&D Wing,Wing,Forward,18.8,13.2,27.77777777777778,5.6,78,6,20.4,8.7
1630590,Scotty Pippen Jr.,MEM,2024-25,december,Role Player,Role,Guard,21.9,29.1,39.743589743589745,,73,14,18.8,8.6
1641709,Ausar Thompson,DET,2024-25,december,Finisher,Finisher,Forward,19.1,9.8,12.676056338028168,7.7,78,8,18.4,8.6
1630171,Isaac Okoro,CLE,2024-25,december,3&D Wing,Wing,Guard,11.6,9.7,64.0,,77,5,22.0,8.6
1630573,Sam Hauser,BOS,2024-25,december,Movement Shooter,Shooter,Forward,12.8,7.6,84.375,,79,10,21.5,8.6
1641710,Anthony Black,ORL,2024-25,december,3&D Wing,Wing,Forward,18.5,17.5,25.675675675675674,4.4,79,12,23.5,8.6
1630592,Jalen Wilson,BKN,2024-25,december,3&D Wing,Wing,Forward,15.5,11.3,57.954545454545446,,78,12,29.3,8.6
1641726,Dereck Lively II,DAL,2024-25,december,Rim Protector,Big,Big,12.6,14.0,0.0,,85,9,26.9,8.6
1630188,Jalen Smith,CHI,2024-25,december,3&D Wing,Wing,Forward,17.4,6.2,48.387096774193544,,81,11,17.1,8.5
1627741,Buddy Hield,GSW,2024-25,december,Movement Shooter,Shooter,Guard,18.9,4.7,70.78651685393258,,76,13,22.1,8.5
1641739,Toumani Camara,POR,2024-25,december,3&D Wing,Wing,Forward,12.1,6.1,59.72222222222222,6.3,79,11,30.4,8.5
1630625,Dalano Banton,POR,2024-25,december,Role Player,Role,Forward,25.2,26.4,38.75,,80,7,17.4,8.4
203994,Jusuf Nurkić,CHA,2024-25,december,Finisher,Finisher,Big,16.5,16.8,21.311475409836067,,84,7,24.7,8.4
1630598,Aaron Wiggins,OKC,2024-25,december,Stretch Shooter,Shooter,Guard,19.1,7.3,50.70422535211267,6.3,77,13,18.3,8.4
1631170,Jaime Jaquez Jr.,MIA,2024-25,december,Shot Creator,Scorer,Forward,19.8,14.1,31.081081081081074,14.8,78,13,21.7,8.4
1641764,Brandin Podziemski,GSW,2024-25,december,3&D Wing,Wing,Guard,14.0,17.5,45.20547945205479,6.1,76,12,24.1,8.3
1627827,Dorian Finney-Smith,LAL,2024-25,december,Role Player,Role,Forward,11.8,5.1,66.17647058823529,,79,6,27.4,8.3
1630208,Nick Richards,PHX,2024-25,december,Rim Protector,Big,Big,19.8,9.3,0.0,,84,11,19.0,8.3
1629634,Brandon Clarke,MEM,2024-25,december,Role Player,Role,Forward,13.6,8.4,0.0,,80,12,19.7,8.3
201144,Mike Conley,MIN,2024-25,december,3&D Wing,Wing,Guard,15.2,25.6,71.23287671232877,,72,13,24.4,8.2
1630231,KJ Martin,UTA,2024-25,december,Role Player,Role,Forward,12.0,3.1,27.11864406779661,,78,9,24.7,8.2
1628998,Cody Martin,PHX,2024-25,december,Role Player,Role,Forward,14.7,10.6,50.0,,78,10,27.7,8.2
1630541,Moses Moody,GSW,2024-25,december,Movement Shooter,Shooter,Guard,19.6,5.6,60.60606060606061,4.9,77,7,15.8,8.1
1630696,Dru Smith,MIA,2024-25,december,3&D Wing,Wing,Guard,13.2,12.4,52.83018867924528,10.0,74,9,24.0,8.1
1628997,Caleb Martin,DAL,2024-25,december,3&D Wing,Wing,Guard,12.7,7.2,46.03174603174603,,77,9,26.3,7.9
101108,Chris Paul,SAS,2024-25,december,Role Player,Role,Guard,12.9,36.5,62.31884057971014,,72,14,29.4,7.9
202692,Alec Burks,MIA,2024-25,december,Role Player,Role,Guard,16.0,4.1,74.0,,77,6,17.9,7.8
203991,Clint Capela,ATL,2024-25,december,Finisher,Finisher,Big,13.5,7.0,0.0,,82,12,24.0,7.8
203110,Draymond Green,GSW,2024-25,december,3&D Wing,Wing,Forward,16.2,24.9,48.717948717948715,,78,9,28.4,7.8
1629312,Haywood Highsmith,MIA,2024-25,december,Role Player,Role,Guard,12.1,6.5,63.1578947368421,,77,13,25.7,7.8
1641729,Brice Sensabaugh,UTA,2024-25,december,Movement Shooter,Shooter,Guard,19.0,18.1,62.295081967213115,2.8,77,12,17.7,7.8
1630215,Jared Butler,PHI,2024-25,december,Role Player,Role,Guard,23.0,27.5,32.0,,75,8,15.5,7.8
201143,Al Horford,BOS,2024-25,december,3&D Wing,Wing,Forward,14.0,9.5,74.07407407407408,,81,11,27.6,7.7
1631212,Peyton Watson,DEN,2024-25,december,Finisher,Finisher,Forward,12.8,9.2,30.76923076923077,6.7,79,14,21.9,7.7
1641842,Ronald Holland II,DET,2024-25,december,3&D Wing,Wing,Forward,17.2,8.3,26.41509433962264,3.8,80,10,15.7,7.7
1641716,Jarace Walker,IND,2024-25,december,3&D Wing,Wing,Forward,16.5,10.1,53.57142857142857,6.4,79,14,18.4,7.6
1631213,Tyrese Martin,BKN,2024-25,december,3&D Wing,Wing,Forward,17.8,14.1,61.76470588235294,,78,9,19.4,7.6
1629610,DaQuan Jeffries,CHA,2024-25,december,Role Player,Role,Guard,15.1,5.4,44.642857142857146,,77,8,19.0,7.5
1630182,Josh Green,CHA,2024-25,december,3&D Wing,Wing,Guard,11.6,6.3,58.82352941176471,,77,12,32.1,7.4
1631222,Jake LaRavia,SAC,2024-25,december,3&D Wing,Wing,Forward,16.2,15.3,36.36363636363637,2.5,79,13,19.5,7.4
1630241,Sam Merrill,CLE,2024-25,december,3&D Wing,Wing,Guard,16.0,13.1,87.3015873015873,,76,13,18.8,7.4
203482,Kelly Olynyk,NOP,2024-25,december,Playmaking Big,Big,Big,20.6,21.5,38.59649122807018,,83,10,15.9,7.3
1627739,Kris Dunn,LAC,2024-25,december,3&D Wing,Wing,Guard,14.2,15.2,53.52112676056338,3.9,75,12,25.7,7.3
1642349,Ajay Mitchell,OKC,2024-25,december,Role Player,Role,Guard,15.9,14.3,33.333333333333336,8.9,77,13,16.3,7.2
1631260,AJ Green,MIL,2024-25,december,Movement Shooter,Shooter,Guard,12.6,11.1,85.24590163934427,,76,12,24.0,7.1
1630198,Isaiah Joe,OKC,2024-25,december,3&D Wing,Wing,Guard,16.8,8.5,76.92307692307693,,75,13,17.3,7.1
1641717,Cason Wallace,OKC,2024-25,december,3&D Wing,Wing,Guard,11.2,12.0,53.84615384615385,4.2,75,12,28.5,7.0
1642261,Dalton Knecht,LAL,2024-25,december,Movement Shooter,Shooter,Forward,16.1,6.3,53.03030303030303,6.0,78,13,21.1,6.8
1630243,Trevelin Queen,ORL,2024-25,december,Role Player,Role,Guard,13.7,11.9,53.191489361702125,,77,6,20.4,6.8
1629622,Max Strus,CLE,2024-25,december,Role Player,Role,Guard,13.6,11.0,84.375,,77,5,22.0,6.8
1628976,Wendell Carter Jr.,ORL,2024-25,december,3&D Wing,Wing,Big,12.6,13.0,28.846153846153843,,82,13,24.3,6.8
1629216,Gabe Vincent,LAL,2024-25,december,Movement Shooter,Shooter,Guard,12.3,9.6,67.85714285714286,,74,12,22.5,6.7
1629731,Dean Wade,CLE,2024-25,december,3&D Wing,Wing,Forward,10.6,8.0,85.18518518518518,,81,11,23.0,6.6
1641824,Matas Buzelis,CHI,2024-25,december,3&D Wing,Wing,Big,17.1,9.4,46.15384615384615,4.1,82,11,16.6,6.6
1642346,Ryan Dunn,PHX,2024-25,december,3&D Wing,Wing,Forward,13.2,7.0,58.18181818181819,,80,10,20.0,6.5
1630549,Day'Ron Sharpe,BKN,2024-25,december,Finisher,Finisher,Forward,20.6,8.6,20.0,3.7,81,11,15.1,6.5
1627936,Alex Caruso,OKC,2024-25,december,3&D Wing,Wing,Guard,14.3,19.4,62.71186440677966,,77,7,20.3,6.4
1627732,Ben Simmons,LAC,2024-25,december,Playmaking Big,Big,Big,15.1,42.9,0.0,,82,10,25.3,6.4
1631323,Simone Fontecchio,DET,2024-25,december,Movement Shooter,Shooter,Forward,15.1,7.8,60.86956521739131,,79,10,16.3,6.2
1630558,Davion Mitchell,MIA,2024-25,december,Shot Creator,Scorer,Guard,12.0,22.1,55.10204081632652,28.6,72,10,23.1,5.9
1628366,Lonzo Ball,CHI,2024-25,december,3&D Wing,Wing,Forward,14.8,23.7,82.45614035087719,,78,9,19.1,5.9
1631157,Ryan Rollins,MIL,2024-25,december,Role Player,Role,Guard,17.3,11.1,43.75000000000001,7.3,75,8,15.1,5.9
1628420,Monte Morris,PHX,2024-25,december,Role Player,Role,Guard,16.9,19.7,40.74074074074075,,74,13,16.0,5.8
1627752,Taurean Prince,MIL,2024-25,december,3&D Wing,Wing,Forward,14.7,9.4,60.3448275862069,,78,12,21.4,5.6
1631165,Keon Ellis,SAC,2024-25,december,3&D Wing,Wing,Guard,12.7,8.2,71.7948717948718,,76,12,16.3,5.5
1642347,Jamal Shead,TOR,2024-25,december,3&D Wing,Wing,Guard,14.1,32.0,55.319148936170215,8.2,73,9,17.7,5.4
1642273,Kyshawn George,WAS,2024-25,december,Role Player,Role,Forward,13.2,8.9,72.88135593220339,6.1,80,7,23.0,5.4
1642367,Jonathan Mogbo,TOR,2024-25,december,Role Player,Role,Forward,14.6,14.9,16.9811320754717,,81,13,19.3,5.4
1627780,Gary Payton II,GSW,2024-25,december,Finisher,Finisher,Guard,14.7,14.1,36.95652173913044,,74,9,15.3,5.3
1629659,Talen Horton-Tucker,CHI,2024-25,december,Role Player,Role,Guard,18.3,15.3,49.122807017543856,,76,12,15.0,5.3
1641767,Ben Sheppard,IND,2024-25,december,3&D Wing,Wing,Forward,11.7,4.2,69.3877551020408,,78,7,18.0,5.1
1642275,Tidjane Salaün,CHA,2024-25,december,3&D Wing,Wing,Forward,14.7,11.4,55.35714285714286,,80,10,18.9,5.1
1629750,Javonte Green,CLE,2024-25,december,3&D Wing,Wing,Guard,12.7,3.3,33.33333333333333,,77,11,15.8,5.0
1629006,Josh Okogie,CHA,2024-25,december,3&D Wing,Wing,Guard,15.2,4.0,42.5531914893617,,76,10,15.5,5.0
1630173,Precious Achiuwa,NYK,2024-25,december,Finisher,Finisher,Forward,12.3,8.6,20.930232558139537,,80,12,19.5,5.0
1641757,Jordan Miller,LAC,2024-25,december,3&D Wing,Wing,Guard,15.6,12.6,32.6530612244898,11.8,77,10,15.2,4.6
1630526,Jeremiah Robinson-Earl,NOP,2024-25,december,3&D Wing,Wing,Forward,13.1,10.1,52.27272727272726,,80,9,15.6,4.4
1628436,Luke Kornet,BOS,2024-25,december,Finisher,Finisher,Big,10.2,10.2,0.0,,85,13,16.2,4.4
1630191,Isaiah Stewart,DET,2024-25,december,Finisher,Finisher,Forward,9.0,9.3,20.0,,80,6,19.3,4.3
1630322,Lindy Waters III,DET,2024-25,december,Role Player,Role,Forward,15.0,10.0,80.0,,78,8,18.5,4.3
1641796,Pelle Larsson,MIA,2024-25,december,3&D Wing,Wing,Guard,13.4,15.6,48.57142857142857,5.6,77,6,15.7,4.2
203083,Andre Drummond,PHI,2024-25,december,Finisher,Finisher,Big,14.9,2.3,9.756097560975611,,83,7,16.7,4.1
1641748,Andre Jackson Jr.,MIL,2024-25,december,Role Player,Role,Forward,11.2,11.4,47.36842105263158,,78,12,17.7,4.1
1629723,John Konchar,MEM,2024-25,december,3&D Wing,Wing,Guard,9.2,13.6,64.70588235294117,,77,9,15.9,4.0
203486,Mason Plumlee,PHX,2024-25,december,Role Player,Role,Big,8.4,14.8,4.545454545454546,,82,13,18.6,3.9
1631207,Dalen Terry,CHI,2024-25,december,3&D Wing,Wing,Forward,11.8,10.2,43.74999999999999,,79,9,15.3,3.9
1626172,Kevon Looney,GSW,2024-25,december,Finisher,Finisher,Forward,10.3,17.2,0.0,,81,11,17.1,3.8
1629629,Cam Reddish,LAL,2024-25,december,Role Player,Role,Forward,9.5,7.6,54.545454545454554,,79,12,18.5,3.3
1630200,Tre Jones,CHI,2024-25,december,Finisher,Finisher,Guard,8.3,34.3,25.0,4.8,73,8,15.5,3.3
1626153,Delon Wright,NYK,2024-25,december,Role Player,Role,Guard,12.8,16.3,57.89473684210527,,77,6,17.7,3.2
1630249,Vít Krejčí,ATL,2024-25,december,Movement Shooter,Shooter,Forward,12.8,21.5,65.78947368421053,,80,10,16.8,3.1
1642268,Isaiah Collier,UTA,2024-25,december,Shot Creator,Scorer,Guard,15.7,28.4,36.84210526315789,12.5,75,11,17.3,3.1
1630695,Micah Potter,UTA,2024-25,december,Role Player,Role,Forward,7.6,8.6,85.18518518518518,,81,7,16.8,3.0
1642345,Oso Ighodaro,PHX,2024-25,december,Finisher,Finisher,Big,9.1,9.2,0.0,8.5,84,12,15.5,3.0
1628467,Maxi Kleber,LAL,2024-25,december,Rim Protector,Big,Big,7.3,6.9,51.85185185185185,,82,10,21.1,2.6
201587,Nicolas Batum,LAC,2024-25,december,3&D Wing,Wing,Forward,6.5,12.4,94.73684210526316,,80,12,19.4,2.6
1628983,Shai Gilgeous-Alexander,OKC,2024-25,january,Primary Initiator,Primary,Forward,36.5,27.6,19.91341991341991,26.3,78,13,34.5,35.6
203507,Giannis Antetokounmpo,MIL,2024-25,january,Primary Initiator,Primary,Big,35.2,27.3,3.3333333333333335,10.9,83,15,34.6,30.5
1630162,Anthony Edwards,MIN,2024-25,january,Primary Initiator,Primary,Guard,32.2,24.6,46.88995215311005,23.4,76,16,37.9,30.3
1630178,Tyrese Maxey,PHI,2024-25,january,Primary Initiator,Primary,Guard,31.2,30.8,43.55555555555556,14.5,74,16,39.0,29.9
203897,Zach LaVine,SAC,2024-25,january,Primary Initiator,Primary,Guard,28.2,21.0,35.93750000000001,9.3,77,14,35.6,27.9
1630595,Cade Cunningham,DET,2024-25,january,Primary Initiator,Primary,Forward,34.4,40.3,26.339285714285715,11.5,78,16,35.1,27.6
1628973,Jalen Brunson,NYK,2024-25,january,Primary Initiator,Primary,Guard,28.7,31.4,26.94300518134715,14.4,74,14,35.8,27.4
1626164,Devin Booker,PHX,2024-25,january,Primary Initiator,Primary,Forward,29.7,30.3,40.39408866995073,14.0,78,15,37.9,27.3
203999,Nikola Jokić,DEN,2024-25,january,Playmaking Big,Big,Big,26.6,44.0,20.33898305084746,5.3,83,14,34.8,27.0
201142,Kevin Durant,PHX,2024-25,january,Shot Creator,Scorer,Big,27.3,20.8,32.960893854748605,20.8,83,15,35.9,26.1
1630224,Jalen Green,HOU,2024-25,january,Primary Initiator,Primary,Guard,28.7,15.0,44.84536082474227,,76,15,33.9,25.7
203081,Damian Lillard,MIL,2024-25,january,Role Player,Role,Guard,26.3,26.2,48.538011695906434,,74,15,36.6,25.4
1630530,Trey Murphy III,NOP,2024-25,january,Stretch Shooter,Shooter,Forward,23.6,15.7,53.17919075144509,6.6,80,13,37.3,25.1
1629636,Darius Garland,CLE,2024-25,january,Primary Initiator,Primary,Guard,28.8,32.3,41.61849710982659,6.7,73,14,31.1,24.8
203076,Anthony Davis,DAL,2024-25,january,Post Scorer,Big,Big,30.9,14.5,13.186813186813188,11.5,82,11,33.0,24.7
1628378,Donovan Mitchell,CLE,2024-25,january,Primary Initiator,Primary,Guard,30.2,22.8,46.391752577319586,11.4,75,14,30.8,24.6
2544,LeBron James,LAL,2024-25,january,Primary Initiator,Primary,Forward,30.2,44.6,28.49162011173184,12.8,81,14,33.8,24.6
1629627,Zion Williamson,NOP,2024-25,january,Shot Creator,Scorer,Forward,34.5,35.1,4.0462427745664735,23.8,78,7,26.3,24.4
1626157,Karl-Anthony Towns,NYK,2024-25,january,Role Player,Role,Big,25.7,14.4,24.277456647398843,10.0,84,12,35.5,24.3
1628991,Jaren Jackson Jr.,MEM,2024-25,january,3&D Wing,Wing,Big,27.9,13.7,28.176795580110493,11.1,82,14,32.0,24.3
1629639,Tyler Herro,MIA,2024-25,january,Shot Creator,Scorer,Guard,26.4,26.1,54.696132596685075,13.3,77,15,36.1,24.2
1629027,Trae Young,ATL,2024-25,january,Primary Initiator,Primary,Guard,28.8,42.7,45.90163934426229,12.0,73,13,35.9,23.8
1626181,Norman Powell,LAC,2024-25,january,3&D Wing,Wing,Guard,26.0,7.6,43.125,10.9,76,14,33.0,23.7
1628369,Jayson Tatum,BOS,2024-25,january,Primary Initiator,Primary,Forward,29.0,25.4,48.20512820512821,,80,16,36.4,23.6
201942,DeMar DeRozan,SAC,2024-25,january,Shot Creator,Scorer,Forward,23.7,11.1,21.195652173913047,19.9,78,14,37.4,23.5
1630163,LaMelo Ball,CHA,2024-25,january,Primary Initiator,Primary,Forward,31.3,34.4,52.0,12.2,79,9,32.2,23.4
202681,Kyrie Irving,DAL,2024-25,january,Role Player,Role,Guard,25.9,17.8,36.17021276595744,,74,10,37.1,23.3
1628370,Malik Monk,SAC,2024-25,january,Secondary Ball Handler,Secondary,Guard,25.0,29.8,42.857142857142854,8.4,75,13,35.6,22.5
203468,CJ McCollum,NOP,2024-25,january,Secondary Ball Handler,Secondary,Guard,26.4,16.6,45.85635359116022,8.8,75,16,33.1,22.4
1627783,Pascal Siakam,IND,2024-25,january,Shot Creator,Scorer,Forward,25.8,16.9,21.951219512195124,13.3,80,12,31.4,22.4
1641705,Victor Wembanyama,SAS,2024-25,january,Shot Creator,Scorer,Big,28.3,14.3,45.90163934426229,14.5,87,12,33.8,22.3
201939,Stephen Curry,GSW,2024-25,january,Movement Shooter,Shooter,Guard,26.4,28.0,61.403508771929815,10.1,74,13,32.6,22.2
1629012,Collin Sexton,UTA,2024-25,january,Secondary Ball Handler,Secondary,Guard,27.5,26.7,32.91139240506329,5.2,75,13,30.7,21.5
1631114,Jalen Williams,OKC,2024-25,january,Shot Creator,Scorer,Guard,27.0,22.0,26.627218934911244,14.8,77,13,33.9,21.5
1628970,Miles Bridges,CHA,2024-25,january,3&D Wing,Wing,Forward,25.9,17.8,39.53488372093023,9.0,79,12,33.8,21.4
1627750,Jamal Murray,DEN,2024-25,january,Shot Creator,Scorer,Guard,24.1,21.8,30.58823529411765,14.6,76,17,35.1,21.3
1627759,Jaylen Brown,BOS,2024-25,january,Shot Creator,Scorer,Forward,26.8,22.8,25.98870056497175,20.6,78,14,35.6,21.3
1631094,Paolo Banchero,ORL,2024-25,january,Primary Initiator,Primary,Big,33.8,28.2,27.173913043478265,14.7,82,10,32.1,21.1
1627734,Domantas Sabonis,SAC,2024-25,january,Playmaking Big,Big,Big,19.9,26.4,19.37984496124031,,82,14,38.0,21.1
1629661,Cameron Johnson,BKN,2024-25,january,Stretch Shooter,Shooter,Forward,27.3,10.6,55.84415584415584,,80,5,30.6,21.0
1630567,Scottie Barnes,TOR,2024-25,january,Finisher,Finisher,Forward,25.7,25.3,22.727272727272727,7.9,79,15,35.6,20.9
1630217,Desmond Bane,ORL,2024-25,january,Secondary Ball Handler,Secondary,Guard,22.9,27.3,34.86842105263158,7.0,77,13,33.3,20.9
1628368,De'Aaron Fox,SAS,2024-25,january,Secondary Ball Handler,Secondary,Guard,24.0,21.7,34.831460674157306,10.1,75,11,36.8,20.8
201935,James Harden,LAC,2024-25,january,Shot Creator,Scorer,Guard,27.1,40.8,52.25806451612903,42.5,77,13,33.7,20.6
202331,Paul George,PHI,2024-25,january,Shot Creator,Scorer,Forward,26.8,22.8,46.34146341463415,18.4,80,10,32.8,20.5
1630169,Tyrese Haliburton,IND,2024-25,january,Stretch Shooter,Shooter,Guard,22.8,37.4,52.55474452554745,,77,11,31.0,20.3
204001,Kristaps Porziņģis,BOS,2024-25,january,Movement Shooter,Shooter,Big,24.3,12.8,46.96969696969697,,86,13,29.2,20.2
1629014,Anfernee Simons,POR,2024-25,january,Shot Creator,Scorer,Guard,22.9,22.4,54.14012738853503,18.2,75,15,33.7,19.8
1630578,Alperen Sengun,HOU,2024-25,january,Shot Creator,Scorer,Big,28.0,23.2,8.074534161490684,14.9,83,14,31.4,19.6
1629673,Jordan Poole,WAS,2024-25,january,Stretch Shooter,Shooter,Guard,28.3,27.0,62.34567901234568,7.9,76,14,29.8,19.5
1628374,Lauri Markkanen,UTA,2024-25,january,Movement Shooter,Shooter,Big,25.2,6.3,61.23595505617977,4.0,84,9,31.5,19.4
1629632,Coby White,CHI,2024-25,january,Stretch Shooter,Shooter,Guard,22.6,21.4,52.85714285714286,7.7,77,11,31.8,19.4
203952,Andrew Wiggins,MIA,2024-25,january,3&D Wing,Wing,Forward,24.6,12.6,43.42105263157895,10.9,79,14,31.9,19.3
1627749,Dejounte Murray,NOP,2024-25,january,Role Player,Role,Guard,27.0,35.6,37.820512820512825,,76,15,31.2,19.1
1631109,Mark Williams,CHA,2024-25,january,Finisher,Finisher,Big,22.1,15.8,0.7936507936507938,,84,10,30.4,18.9
1641708,Amen Thompson,HOU,2024-25,january,Finisher,Finisher,Forward,18.5,15.4,9.67741935483871,9.4,79,12,38.6,18.7
1628969,Mikal Bridges,NYK,2024-25,january,3&D Wing,Wing,Forward,20.5,11.5,43.94904458598727,2.3,78,15,36.8,18.5
202696,Nikola Vučević,CHI,2024-25,january,Post Scorer,Big,Big,22.4,17.2,28.947368421052634,,82,16,32.1,18.4
1630166,Deni Avdija,POR,2024-25,january,Shot Creator,Scorer,Forward,22.7,18.6,40.310077519379846,14.0,81,13,33.9,18.3
1629630,Ja Morant,MEM,2024-25,january,Primary Initiator,Primary,Guard,28.3,30.4,30.76923076923077,14.1,74,8,30.3,18.1
1630559,Austin Reaves,LAL,2024-25,january,Shot Creator,Scorer,Guard,21.4,26.8,49.25373134328358,13.5,77,14,35.6,17.9
1629628,RJ Barrett,TOR,2024-25,january,Secondary Ball Handler,Secondary,Forward,25.2,20.4,31.03448275862069,2.7,78,13,31.5,17.9
1626162,Kelly Oubre Jr.,PHI,2024-25,january,Shot Creator,Scorer,Forward,20.2,10.2,28.368794326241137,12.1,80,14,37.3,17.8
1630596,Evan Mobley,CLE,2024-25,january,Finisher,Finisher,Big,20.6,12.8,27.731092436974787,4.7,83,11,29.6,17.5
1626167,Myles Turner,IND,2024-25,january,3&D Wing,Wing,Big,21.8,5.9,48.41269841269841,,83,11,30.4,17.5
1630170,Devin Vassell,SAS,2024-25,january,Movement Shooter,Shooter,Guard,22.2,15.3,48.026315789473685,2.7,77,12,33.2,17.4
1641718,Keyonte George,UTA,2024-25,january,Shot Creator,Scorer,Guard,23.1,26.1,53.956834532374096,12.3,76,10,31.4,17.4
1629023,P.J. Washington,DAL,2024-25,january,3&D Wing,Wing,Forward,22.7,11.4,30.555555555555557,4.1,78,16,33.5,17.1
1631101,Shaedon Sharpe,POR,2024-25,january,Shot Creator,Scorer,Guard,24.4,12.4,40.97222222222222,12.3,77,16,31.2,16.9
1629631,De'Andre Hunter,CLE,2024-25,january,Stretch Shooter,Shooter,Forward,24.9,9.6,54.74452554744526,7.5,80,12,29.2,16.8
1629008,Michael Porter Jr.,DEN,2024-25,january,Movement Shooter,Shooter,Big,19.5,5.1,51.61290322580645,6.9,82,17,30.4,16.8
203944,Julius Randle,MIN,2024-25,january,Shot Creator,Scorer,Forward,23.8,21.9,30.597014925373127,15.8,81,16,31.8,16.7
202695,Kawhi Leonard,LAC,2024-25,january,Shot Creator,Scorer,Forward,28.1,13.6,32.608695652173914,16.5,79,10,24.2,16.6
1628384,OG Anunoby,NYK,2024-25,january,3&D Wing,Wing,Forward,16.9,8.0,42.4,5.9,79,15,37.5,16.6
1630193,Immanuel Quickley,TOR,2024-25,january,Stretch Shooter,Shooter,Guard,24.5,31.3,50.37593984962406,6.1,74,7,29.2,16.3
1629675,Naz Reid,MIN,2024-25,january,Movement Shooter,Shooter,Forward,20.1,12.4,49.532710280373834,3.8,81,15,26.9,16.1
1627826,Ivica Zubac,LAC,2024-25,january,Post Scorer,Big,Big,18.6,11.3,0.0,,84,13,30.3,15.5
1628389,Bam Adebayo,MIA,2024-25,january,3&D Wing,Wing,Forward,22.5,21.5,16.260162601626014,8.0,81,15,31.6,15.4
1627736,Malik Beasley,DET,2024-25,january,Stretch Shooter,Shooter,Guard,21.7,8.5,71.2,,76,16,27.3,15.3
1628978,Donte DiVincenzo,MIN,2024-25,january,Movement Shooter,Shooter,Guard,21.2,21.0,72.41379310344827,1.9,76,8,30.4,15.3
1631097,Bennedict Mathurin,IND,2024-25,january,Secondary Ball Handler,Secondary,Guard,21.2,9.1,43.08943089430894,9.0,77,10,29.0,15.0
203084,Harrison Barnes,SAS,2024-25,january,3&D Wing,Wing,Forward,16.9,13.5,46.938775510204074,8.0,80,12,29.3,15.0
1642264,Stephon Castle,SAS,2024-25,january,Secondary Ball Handler,Secondary,Forward,25.0,18.6,33.59374999999999,8.4,78,12,27.0,14.9
1626156,D'Angelo Russell,BKN,2024-25,january,Stretch Shooter,Shooter,Guard,25.0,51.0,54.12844036697248,8.7,75,10,24.8,14.9
203078,Bradley Beal,PHX,2024-25,january,Role Player,Role,Guard,19.4,18.1,35.714285714285715,,76,12,30.9,14.8
201566,Russell Westbrook,DEN,2024-25,january,Shot Creator,Scorer,Guard,21.6,25.4,31.775700934579444,13.4,76,17,30.0,14.6
1630703,Scoot Henderson,POR,2024-25,january,Role Player,Role,Guard,21.3,28.3,47.42268041237113,,75,16,28.3,14.6
1631128,Christian Braun,DEN,2024-25,january,Finisher,Finisher,Forward,15.9,7.9,27.083333333333336,,78,17,29.9,14.5
1641764,Brandin Podziemski,GSW,2024-25,january,Stretch Shooter,Shooter,Guard,18.5,24.7,72.09302325581396,6.1,76,5,23.6,14.4
1629660,Ty Jerome,CLE,2024-25,january,Role Player,Role,Guard,22.3,22.1,40.42553191489361,,77,13,21.9,14.4
1628401,Derrick White,BOS,2024-25,january,Stretch Shooter,Shooter,Guard,19.3,12.6,70.24793388429752,4.7,76,14,32.8,14.3
1641729,Brice Sensabaugh,UTA,2024-25,january,Movement Shooter,Shooter,Guard,25.6,9.4,60.71428571428572,2.8,77,11,21.5,14.3
1629655,Daniel Gafford,DAL,2024-25,january,Finisher,Finisher,Big,20.1,12.0,0.0,,82,15,22.9,14.1
1630700,Dyson Daniels,ATL,2024-25,january,Finisher,Finisher,Forward,18.0,17.7,26.5625,5.6,79,14,33.7,14.0
1628386,Jarrett Allen,CLE,2024-25,january,Finisher,Finisher,Forward,15.3,9.6,0.0,,81,15,28.5,13.9
1627832,Fred VanVleet,HOU,2024-25,january,Role Player,Role,Guard,14.7,19.6,67.56756756756756,,72,14,37.5,13.9
1628398,Kyle Kuzma,MIL,2024-25,january,3&D Wing,Wing,Forward,24.5,18.5,34.883720930232556,5.1,81,17,27.8,13.8
1630175,Cole Anthony,MEM,2024-25,january,Secondary Ball Handler,Secondary,Guard,23.7,25.0,36.29032258064516,6.9,74,13,27.7,13.5
1630553,Keon Johnson,BKN,2024-25,january,Role Player,Role,Guard,22.8,18.2,44.8,,77,16,28.2,13.4
1629028,Deandre Ayton,POR,2024-25,january,Finisher,Finisher,Big,19.2,8.5,4.587155963302751,,84,11,29.6,13.4
1628379,Luke Kennard,MEM,2024-25,january,Movement Shooter,Shooter,Guard,16.7,20.4,61.1764705882353,,77,13,24.2,13.2
1627751,Jakob Poeltl,TOR,2024-25,january,Finisher,Finisher,Big,16.3,14.9,0.0,,84,15,30.1,13.2
202691,Klay Thompson,DAL,2024-25,january,Movement Shooter,Shooter,Guard,20.1,11.5,68.5185185185185,,77,14,26.9,13.1
1642276,Kel'el Ware,MIA,2024-25,january,3&D Wing,Wing,Big,19.7,5.7,31.521739130434785,,84,16,24.7,13.0
202699,Tobias Harris,DET,2024-25,january,3&D Wing,Wing,Forward,16.1,9.7,33.33333333333333,4.2,80,16,32.9,13.0
1631107,Nikola Jović,MIA,2024-25,january,Playmaking Big,Big,Big,19.5,21.8,56.310679611650485,3.7,82,16,29.7,12.9
1628404,Josh Hart,NYK,2024-25,january,3&D Wing,Wing,Guard,14.3,19.9,29.292929292929298,,76,15,38.5,12.9
1630198,Isaiah Joe,OKC,2024-25,january,3&D Wing,Wing,Guard,17.5,7.6,77.27272727272727,,75,12,22.1,12.8
1630552,Jalen Johnson,ATL,2024-25,january,Secondary Ball Handler,Secondary,Forward,20.1,12.6,18.032786885245905,7.9,80,5,30.8,12.8
1642377,Jaylen Wells,MEM,2024-25,january,3&D Wing,Wing,Forward,15.2,7.2,58.51063829787234,3.0,80,14,29.1,12.8
1631099,Keegan Murray,SAC,2024-25,january,Movement Shooter,Shooter,Forward,13.8,5.2,57.94392523364487,4.2,80,12,34.6,12.8
1629060,Rui Hachimura,LAL,2024-25,january,3&D Wing,Wing,Forward,17.4,7.0,40.0,3.7,80,12,27.8,12.8
1628415,Dillon Brooks,HOU,2024-25,january,3&D Wing,Wing,Forward,16.8,5.8,53.38983050847457,9.3,78,15,32.6,12.7
1627824,Guerschon Yabusele,PHI,2024-25,january,Role Player,Role,Forward,15.4,12.0,46.15384615384615,,80,15,31.8,12.7
1629640,Keldon Johnson,SAS,2024-25,january,3&D Wing,Wing,Guard,20.4,7.0,36.08247422680413,3.9,77,12,22.5,12.5
203924,Jerami Grant,POR,2024-25,january,3&D Wing,Wing,Forward,19.1,8.0,49.494949494949495,10.7,79,7,28.8,12.4
203501,Tim Hardaway Jr.,DET,2024-25,january,Movement Shooter,Shooter,Guard,15.0,6.3,64.21052631578948,2.2,77,15,31.1,12.4
1631117,Walker Kessler,UTA,2024-25,january,Finisher,Finisher,Big,13.0,5.5,4.10958904109589,,84,11,29.5,12.4
1631105,Jalen Duren,DET,2024-25,january,Finisher,Finisher,Big,15.6,11.9,0.0,8.9,82,16,27.0,12.3
1626179,Terry Rozier,MIA,2024-25,january,Role Player,Role,Guard,20.5,18.0,43.11926605504588,,73,15,27.9,12.2
1641739,Toumani Camara,POR,2024-25,january,3&D Wing,Wing,Forward,15.2,9.8,43.1578947368421,6.3,79,15,33.9,12.2
1630183,Jaden McDaniels,MIN,2024-25,january,3&D Wing,Wing,Forward,13.2,6.4,43.18181818181818,2.3,81,16,33.9,12.2
1628960,Grayson Allen,PHX,2024-25,january,3&D Wing,Wing,Guard,15.0,11.1,75.34246575342466,2.8,76,15,25.4,12.1
1630168,Onyeka Okongwu,ATL,2024-25,january,3&D Wing,Wing,Big,16.8,16.6,18.6046511627907,1.6,82,15,26.8,12.1
1629656,Quentin Grimes,PHI,2024-25,january,Stretch Shooter,Shooter,Guard,19.4,19.0,53.846153846153854,10.4,76,15,25.0,12.0
203915,Spencer Dinwiddie,DAL,2024-25,january,Role Player,Role,Guard,17.3,21.4,44.79166666666667,,77,16,29.8,12.0
1642258,Zaccharie Risacher,ATL,2024-25,january,3&D Wing,Wing,Forward,20.1,6.8,37.62376237623762,,80,8,23.9,11.9
1641711,Gradey Dick,TOR,2024-25,january,Movement Shooter,Shooter,Forward,20.4,9.3,55.88235294117647,,78,14,26.0,11.9
1630583,Santi Aldama,MEM,2024-25,january,3&D Wing,Wing,Big,21.5,7.1,48.113207547169814,,84,9,21.7,11.8
1626171,Bobby Portis,MIL,2024-25,january,3&D Wing,Wing,Big,22.2,7.7,31.0,3.2,82,11,22.6,11.5
1628449,Chris Boucher,TOR,2024-25,january,Stretch Shooter,Shooter,Forward,20.0,3.0,60.29411764705882,,81,12,16.1,11.5
1629004,Svi Mykhailiuk,UTA,2024-25,january,Stretch Shooter,Shooter,Forward,24.7,14.7,67.96116504854368,,79,9,20.9,11.4
1629130,Duncan Robinson,MIA,2024-25,january,Movement Shooter,Shooter,Forward,18.3,18.2,75.00000000000001,,79,16,26.1,11.4
202710,Jimmy Butler III,GSW,2024-25,january,Shot Creator,Scorer,Forward,17.2,21.7,19.047619047619047,17.7,79,5,27.8,11.4
203471,Dennis Schröder,DET,2024-25,january,Shot Creator,Scorer,Guard,21.2,29.1,45.79439252336449,14.8,73,16,25.9,11.3
203932,Aaron Gordon,DEN,2024-25,january,Shot Creator,Scorer,Forward,18.4,10.1,32.0,16.0,80,10,22.8,11.3
201572,Brook Lopez,MIL,2024-25,january,3&D Wing,Wing,Big,14.7,8.0,54.34782608695653,,85,15,31.7,11.3
1627884,Derrick Jones Jr.,LAC,2024-25,january,3&D Wing,Wing,Forward,15.9,3.6,27.710843373493972,,78,15,25.8,11.3
1630249,Vít Krejčí,ATL,2024-25,january,Movement Shooter,Shooter,Forward,14.1,17.8,69.41176470588236,,80,14,28.7,11.2
1642259,Alex Sarr,WAS,2024-25,january,Finisher,Finisher,Big,20.6,14.7,40.17857142857143,5.3,84,14,25.7,11.1
203114,Khris Middleton,WAS,2024-25,january,Post Scorer,Big,Forward,17.0,21.2,42.30769230769231,6.1,79,12,22.7,11.0
1631108,Max Christie,DAL,2024-25,january,3&D Wing,Wing,Guard,14.4,7.7,65.88235294117646,5.7,77,14,31.4,11.0
1631106,Tari Eason,HOU,2024-25,january,3&D Wing,Wing,Forward,16.9,7.3,34.831460674157306,5.0,80,7,24.4,11.0
1630702,Jaden Hardy,DAL,2024-25,january,Secondary Ball Handler,Secondary,Guard,25.6,17.3,45.88235294117647,,75,13,17.2,10.9
1630557,Corey Kispert,WAS,2024-25,january,Movement Shooter,Shooter,Forward,15.9,8.8,51.13636363636363,,78,17,25.9,10.8
1628976,Wendell Carter Jr.,ORL,2024-25,january,3&D Wing,Wing,Big,18.6,15.1,32.58426966292134,,82,15,27.3,10.8
1641715,Cam Whitmore,HOU,2024-25,january,Finisher,Finisher,Forward,21.2,8.4,47.87234042553191,6.7,79,14,20.7,10.8
1641710,Anthony Black,ORL,2024-25,january,3&D Wing,Wing,Forward,19.8,19.6,22.916666666666668,4.4,79,12,27.4,10.8
1630245,Ayo Dosunmu,CHI,2024-25,january,3&D Wing,Wing,Guard,14.9,16.1,46.23655913978494,2.2,77,8,29.6,10.8
1641726,Dereck Lively II,DAL,2024-25,january,Rim Protector,Big,Big,14.7,19.6,0.0,,85,7,23.6,10.7
202685,Jonas Valančiūnas,SAC,2024-25,january,Post Scorer,Big,Big,23.4,19.1,5.0,,83,17,19.1,10.6
1629599,Amir Coffey,LAC,2024-25,january,Role Player,Role,Forward,14.3,5.8,43.75,,79,15,29.5,10.6
1629018,Gary Trent Jr.,MIL,2024-25,january,3&D Wing,Wing,Guard,15.2,6.7,74.35897435897436,,77,12,24.6,10.5
1631170,Jaime Jaquez Jr.,MIA,2024-25,january,Shot Creator,Scorer,Forward,17.6,19.8,24.0506329113924,14.8,78,15,26.5,10.5
1630533,Ziaire Williams,BKN,2024-25,january,Stretch Shooter,Shooter,Forward,18.6,13.2,63.41463414634148,,81,13,24.7,10.4
1641722,Jordan Hawkins,NOP,2024-25,january,Movement Shooter,Shooter,Guard,20.7,5.6,60.82474226804124,,77,14,21.8,10.4
1641730,Noah Clowney,BKN,2024-25,january,3&D Wing,Wing,Forward,18.0,5.6,69.79166666666667,4.6,81,14,28.0,10.4
1630541,Moses Moody,GSW,2024-25,january,Movement Shooter,Shooter,Guard,17.5,10.5,65.4320987654321,4.9,77,15,21.9,10.3
1630592,Jalen Wilson,BKN,2024-25,january,3&D Wing,Wing,Forward,17.0,10.8,52.57731958762887,,78,16,30.3,10.3
203497,Rudy Gobert,MIN,2024-25,january,Finisher,Finisher,Big,11.6,8.8,0.0,,85,16,31.8,10.3
1630598,Aaron Wiggins,OKC,2024-25,january,3&D Wing,Wing,Guard,16.1,11.2,45.45454545454545,6.3,77,14,23.2,10.3
1631165,Keon Ellis,SAC,2024-25,january,3&D Wing,Wing,Guard,13.6,9.0,72.22222222222221,,76,14,25.3,10.2
1630230,Naji Marshall,DAL,2024-25,january,3&D Wing,Wing,Forward,17.4,17.6,42.5531914893617,5.6,78,10,27.4,10.2
1629651,Nic Claxton,BKN,2024-25,january,Shot Creator,Scorer,Big,16.5,13.6,4.705882352941177,14.1,83,15,27.7,10.2
1629614,Andrew Nembhard,IND,2024-25,january,Role Player,Role,Guard,15.5,23.9,28.57142857142857,8.9,76,11,30.9,10.2
1631124,Julian Strawther,DEN,2024-25,january,3&D Wing,Wing,Forward,17.3,7.5,60.465116279069775,,78,17,23.8,10.1
1641731,Bilal Coulibaly,WAS,2024-25,january,3&D Wing,Wing,Forward,17.1,13.5,37.634408602150536,4.8,80,15,29.8,10.1
1630581,Josh Giddey,CHI,2024-25,january,Finisher,Finisher,Forward,16.7,26.1,33.69565217391305,5.0,80,16,30.8,10.1
1630202,Payton Pritchard,BOS,2024-25,january,Shot Creator,Scorer,Guard,15.6,20.6,65.4320987654321,12.8,73,16,25.4,10.0
1627741,Buddy Hield,GSW,2024-25,january,Movement Shooter,Shooter,Guard,19.6,14.8,72.34042553191489,,76,16,23.8,9.9
1641787,Tosan Evbuomwan,BKN,2024-25,january,Role Player,Role,Forward,19.0,9.0,34.61538461538462,,79,14,24.4,9.9
1630208,Nick Richards,PHX,2024-25,january,Rim Protector,Big,Big,17.7,7.1,1.5873015873015877,,84,11,22.3,9.9
203484,Kentavious Caldwell-Pope,MEM,2024-25,january,3&D Wing,Wing,Guard,13.6,8.2,58.75,3.1,77,14,30.1,9.9
201569,Eric Gordon,PHI,2024-25,january,3&D Wing,Wing,Guard,13.1,10.8,76.66666666666666,,75,17,24.0,9.8
1642265,Rob Dillingham,MIN,2024-25,january,Role Player,Role,Guard,24.1,28.2,37.142857142857146,,75,8,15.7,9.8
101108,Chris Paul,SAS,2024-25,january,Role Player,Role,Guard,13.1,33.4,64.1025641025641,,72,12,29.7,9.6
1641717,Cason Wallace,OKC,2024-25,january,3&D Wing,Wing,Guard,12.8,11.4,35.8974358974359,4.2,75,14,29.9,9.4
1627777,Georges Niang,ATL,2024-25,january,Role Player,Role,Forward,17.0,7.5,63.38028169014085,,79,15,20.2,9.3
1628392,Isaiah Hartenstein,OKC,2024-25,january,Playmaking Big,Big,Big,16.0,21.7,7.5,,84,9,29.6,9.3
1629652,Luguentz Dort,OKC,2024-25,january,3&D Wing,Wing,Guard,13.3,8.4,70.12987012987013,,76,13,28.4,9.3
1642268,Isaiah Collier,UTA,2024-25,january,Shot Creator,Scorer,Guard,18.5,36.2,28.73563218390805,12.5,75,15,28.8,9.2
1630548,Johnny Juzang,UTA,2024-25,january,Role Player,Role,Guard,15.3,9.1,69.44444444444444,,77,5,22.9,9.2
1629634,Brandon Clarke,MEM,2024-25,january,Role Player,Role,Forward,15.5,5.9,0.0,,80,14,19.8,9.1
201950,Jrue Holiday,BOS,2024-25,january,Role Player,Role,Guard,13.8,16.5,58.0246913580247,10.1,76,15,29.9,9.1
1630188,Jalen Smith,CHI,2024-25,january,Stretch Shooter,Shooter,Forward,21.6,10.9,55.88235294117647,,81,16,15.2,8.9
1630631,Jose Alvarado,NOP,2024-25,january,Stretch Shooter,Shooter,Guard,18.3,27.0,73.23943661971832,4.2,72,15,19.7,8.9
1631213,Tyrese Martin,BKN,2024-25,january,Stretch Shooter,Shooter,Forward,18.1,14.8,54.25531914893617,,78,15,26.3,8.9
1642346,Ryan Dunn,PHX,2024-25,january,3&D Wing,Wing,Forward,16.7,7.6,36.25,,80,14,21.2,8.9
1641733,Nick Smith Jr.,CHA,2024-25,january,Stretch Shooter,Shooter,Guard,20.2,16.7,56.70103092783506,11.6,74,13,23.3,8.9
203991,Clint Capela,ATL,2024-25,january,Finisher,Finisher,Big,17.3,6.8,0.0,,82,12,20.8,8.8
1628366,Lonzo Ball,CHI,2024-25,january,3&D Wing,Wing,Forward,15.4,18.8,81.57894736842107,,78,14,23.9,8.7
1628997,Caleb Martin,DAL,2024-25,january,3&D Wing,Wing,Guard,11.8,12.7,34.24657534246575,,77,6,32.3,8.7
1630549,Day'Ron Sharpe,BKN,2024-25,january,Finisher,Finisher,Forward,18.6,14.9,15.384615384615383,3.7,81,15,18.9,8.6
1630167,Obi Toppin,IND,2024-25,january,3&D Wing,Wing,Forward,17.5,9.7,45.31249999999999,,81,12,17.7,8.6
1641741,Ricky Council IV,PHI,2024-25,january,Role Player,Role,Forward,21.3,11.7,46.57534246575342,,78,16,18.2,8.6
1628418,Thomas Bryant,IND,2024-25,january,Role Player,Role,Big,16.3,9.5,39.655172413793096,,82,12,16.1,8.5
1629622,Max Strus,CLE,2024-25,january,Role Player,Role,Guard,13.9,16.2,77.46478873239437,,77,15,25.2,8.5
1628971,Bruce Brown,NOP,2024-25,january,Finisher,Finisher,Guard,18.8,13.3,27.77777777777778,4.1,76,13,20.2,8.5
1642366,Quinten Post,GSW,2024-25,january,Stretch Shooter,Shooter,Big,22.1,18.4,62.31884057971014,,84,8,15.2,8.4
1630527,Brandon Boston,NOP,2024-25,january,Role Player,Role,Forward,19.4,6.7,32.43243243243243,,78,11,19.7,8.4
1629645,Kevin Porter Jr.,MIL,2024-25,january,Secondary Ball Handler,Secondary,Guard,21.9,27.1,24.0506329113924,9.8,76,14,19.3,8.4
1641783,Tristan da Silva,ORL,2024-25,january,3&D Wing,Wing,Forward,14.1,11.1,50.632911392405056,,80,15,28.2,8.3
1642261,Dalton Knecht,LAL,2024-25,january,Movement Shooter,Shooter,Forward,18.5,3.6,67.21311475409836,6.0,78,14,17.0,8.3
1641709,Ausar Thompson,DET,2024-25,january,Finisher,Finisher,Forward,16.6,8.1,16.666666666666668,7.7,78,14,21.9,8.2
203992,Bogdan Bogdanović,LAC,2024-25,january,Role Player,Role,Guard,17.6,10.5,62.637362637362635,,77,10,24.1,8.2
204456,T.J. McConnell,IND,2024-25,january,Secondary Ball Handler,Secondary,Guard,22.5,35.2,3.7037037037037033,5.9,73,12,17.4,8.2
1626145,Tyus Jones,PHX,2024-25,january,3&D Wing,Wing,Guard,14.5,26.4,57.14285714285714,,73,14,26.0,8.1
1627747,Caris LeVert,ATL,2024-25,january,3&D Wing,Wing,Forward,16.4,19.7,55.12820512820513,6.2,78,8,25.1,8.1
1630172,Patrick Williams,CHI,2024-25,january,3&D Wing,Wing,Forward,15.9,11.4,50.0,3.6,79,16,26.3,8.1
1642267,Bub Carrington,WAS,2024-25,january,Role Player,Role,Guard,12.8,18.6,62.82051282051283,4.8,76,17,29.0,8.1
203110,Draymond Green,GSW,2024-25,january,3&D Wing,Wing,Forward,18.1,23.7,47.945205479452056,,78,6,24.7,8.0
1642348,Justin Edwards,PHI,2024-25,january,3&D Wing,Wing,Forward,14.3,8.1,61.194029850746254,,79,16,23.8,7.9
1630540,Miles McBride,NYK,2024-25,january,3&D Wing,Wing,Guard,16.4,16.6,58.666666666666664,4.7,73,10,19.8,7.9
1627732,Ben Simmons,LAC,2024-25,january,Playmaking Big,Big,Big,16.6,41.8,0.0,,82,6,25.8,7.8
1630529,Herbert Jones,NOP,2024-25,january,3&D Wing,Wing,Forward,11.0,13.8,45.16129032258064,,79,5,32.0,7.8
1631260,AJ Green,MIL,2024-25,january,Movement Shooter,Shooter,Guard,12.9,4.8,83.87096774193549,,76,9,21.7,7.8
1630534,Ochai Agbaji,TOR,2024-25,january,3&D Wing,Wing,Guard,13.1,5.7,55.932203389830505,,77,9,21.9,7.8
1642273,Kyshawn George,WAS,2024-25,january,Role Player,Role,Forward,15.0,11.5,72.22222222222221,6.1,80,17,25.3,7.7
1629234,Drew Eubanks,LAC,2024-25,january,Finisher,Finisher,Big,16.0,12.1,1.886792452830189,,82,13,19.1,7.7
1629048,Goga Bitadze,ORL,2024-25,january,Playmaking Big,Big,Big,15.9,20.6,9.836065573770492,,82,9,23.2,7.7
1630182,Josh Green,CHA,2024-25,january,3&D Wing,Wing,Guard,9.3,5.9,67.9245283018868,,77,12,27.7,7.6
1629638,Nickeil Alexander-Walker,MIN,2024-25,january,Movement Shooter,Shooter,Guard,15.6,13.0,65.75342465753424,2.9,77,16,23.5,7.4
1628371,Jonathan Isaac,ORL,2024-25,january,3&D Wing,Wing,Big,17.9,7.1,43.859649122807014,,82,15,16.9,7.4
1630577,Julian Champagnie,SAS,2024-25,january,Movement Shooter,Shooter,Forward,15.7,5.7,74.99999999999999,,79,12,19.5,7.3
1631217,Moussa Diabaté,CHA,2024-25,january,Finisher,Finisher,Forward,13.8,5.5,0.0,,81,8,21.0,7.3
1626168,Trey Lyles,SAC,2024-25,january,Role Player,Role,Forward,14.5,8.4,64.40677966101694,,81,14,19.9,7.2
201144,Mike Conley,MIN,2024-25,january,3&D Wing,Wing,Guard,12.8,24.2,62.5,,72,15,23.8,7.2
203995,Vasilije Micic,PHX,2024-25,january,Role Player,Role,Guard,19.2,24.6,47.61904761904762,,75,13,19.9,7.2
1627752,Taurean Prince,MIL,2024-25,january,3&D Wing,Wing,Forward,10.6,12.9,70.17543859649122,,78,15,25.3,7.1
1629216,Gabe Vincent,LAL,2024-25,january,Movement Shooter,Shooter,Guard,13.3,14.0,68.25396825396825,,74,8,24.4,7.1
1629006,Josh Okogie,CHA,2024-25,january,3&D Wing,Wing,Guard,18.2,11.1,42.30769230769231,,76,12,15.5,7.1
1630590,Scotty Pippen Jr.,MEM,2024-25,january,Role Player,Role,Guard,16.0,24.6,38.18181818181819,,73,14,18.5,7.1
1642274,Yves Missi,NOP,2024-25,january,Finisher,Finisher,Big,11.0,6.3,0.0,,83,14,27.0,7.1
1641744,Zach Edey,MEM,2024-25,january,Post Scorer,Big,Big,15.0,4.8,20.75471698113208,,88,14,19.0,6.9
1627780,Gary Payton II,GSW,2024-25,january,Finisher,Finisher,Guard,18.7,16.3,29.166666666666668,,74,9,15.1,6.9
1630573,Sam Hauser,BOS,2024-25,january,Movement Shooter,Shooter,Forward,14.6,7.4,90.74074074074076,,79,14,17.1,6.8
1631212,Peyton Watson,DEN,2024-25,january,Finisher,Finisher,Forward,13.4,8.4,30.35714285714286,6.7,79,17,24.3,6.8
1641713,GG Jackson,MEM,2024-25,january,Stretch Shooter,Shooter,Forward,24.0,5.2,52.054794520547944,,81,6,15.4,6.7
1631110,Jeremy Sochan,SAS,2024-25,january,3&D Wing,Wing,Forward,12.8,10.7,21.818181818181817,,80,6,22.1,6.7
1630174,Aaron Nesmith,IND,2024-25,january,Movement Shooter,Shooter,Forward,13.3,5.8,52.0,,78,5,18.4,6.6
1642354,KJ Simpson,CHA,2024-25,january,3&D Wing,Wing,Guard,19.3,13.2,35.714285714285715,,72,5,21.8,6.6
1631218,Trayce Jackson-Davis,GSW,2024-25,january,Finisher,Finisher,Forward,14.7,14.9,0.0,,81,15,21.2,6.6
1627827,Dorian Finney-Smith,LAL,2024-25,january,Role Player,Role,Forward,10.8,3.6,74.0,,79,11,23.4,6.5
1628436,Luke Kornet,BOS,2024-25,january,Finisher,Finisher,Big,12.7,12.9,0.0,,85,16,17.4,6.5
1630173,Precious Achiuwa,NYK,2024-25,january,Finisher,Finisher,Forward,13.0,5.1,8.0,,80,15,18.7,6.5
1642347,Jamal Shead,TOR,2024-25,january,3&D Wing,Wing,Guard,16.4,27.0,48.07692307692307,8.2,73,14,18.2,6.3
1630611,Gui Santos,GSW,2024-25,january,3&D Wing,Wing,Forward,12.9,13.4,62.22222222222222,,78,15,18.2,6.3
1642271,Kyle Filipowski,UTA,2024-25,january,3&D Wing,Wing,Big,13.0,11.5,45.09803921568628,,83,15,20.7,6.1
1629731,Dean Wade,CLE,2024-25,january,3&D Wing,Wing,Forward,10.2,8.6,79.62962962962962,,81,11,23.7,6.1
1631323,Simone Fontecchio,DET,2024-25,january,Movement Shooter,Shooter,Forward,16.1,7.5,51.72413793103448,,79,13,17.6,6.1
1631119,Jaylin Williams,OKC,2024-25,january,3&D Wing,Wing,Forward,15.3,17.0,67.85714285714286,,81,14,17.6,6.1
1629726,Garrison Mathews,ATL,2024-25,january,Role Player,Role,Forward,15.0,9.5,84.48275862068967,,78,15,18.3,6.1
201143,Al Horford,BOS,2024-25,january,3&D Wing,Wing,Forward,11.0,7.4,67.24137931034483,,81,11,24.6,6.0
1629750,Javonte Green,CLE,2024-25,january,3&D Wing,Wing,Guard,9.3,6.4,57.14285714285714,,77,13,23.9,6.0
1626172,Kevon Looney,GSW,2024-25,january,Finisher,Finisher,Forward,13.4,16.0,2.0833333333333335,,81,14,17.0,6.0
1629611,Terance Mann,ATL,2024-25,january,3&D Wing,Wing,Guard,14.7,12.9,41.66666666666667,3.7,77,12,17.5,6.0
1631222,Jake LaRavia,SAC,2024-25,january,3&D Wing,Wing,Forward,11.8,13.0,42.857142857142854,2.5,79,11,19.1,5.9
203937,Kyle Anderson,MIA,2024-25,january,Shot Creator,Scorer,Forward,14.1,20.2,21.73913043478261,12.6,81,10,16.3,5.9
1628998,Cody Martin,PHX,2024-25,january,Role Player,Role,Forward,13.1,14.1,32.69230769230769,,78,9,20.9,5.8
1630322,Lindy Waters III,DET,2024-25,january,Role Player,Role,Forward,14.9,6.8,71.15384615384616,,78,13,16.7,5.8
1629312,Haywood Highsmith,MIA,2024-25,january,Role Player,Role,Guard,10.7,9.8,57.14285714285714,,77,16,22.9,5.8
1630200,Tre Jones,CHI,2024-25,january,Finisher,Finisher,Guard,13.0,29.5,21.05263157894737,4.8,73,12,15.5,5.7
1641767,Ben Sheppard,IND,2024-25,january,3&D Wing,Wing,Forward,10.2,6.6,70.2127659574468,,78,12,21.8,5.4
1627936,Alex Caruso,OKC,2024-25,january,3&D Wing,Wing,Guard,13.9,17.9,60.0,,77,8,16.9,5.4
1630241,Sam Merrill,CLE,2024-25,january,3&D Wing,Wing,Guard,15.3,14.2,81.81818181818183,,76,11,16.6,5.3
201988,Patty Mills,LAC,2024-25,january,Role Player,Role,Guard,17.7,10.4,73.21428571428571,,74,8,15.3,5.3
1630558,Davion Mitchell,MIA,2024-25,january,Shot Creator,Scorer,Guard,11.3,22.6,45.238095238095234,28.6,72,13,21.1,5.2
1626220,Royce O'Neale,PHX,2024-25,january,3&D Wing,Wing,Forward,14.1,6.6,83.60655737704919,,78,10,21.8,5.2
1642266,Ja'Kobe Walter,TOR,2024-25,january,3&D Wing,Wing,Guard,14.0,11.5,51.162790697674424,,77,11,15.5,5.1
1628464,Daniel Theis,NOP,2024-25,january,Role Player,Role,Forward,10.4,11.8,27.027027027027025,,80,15,19.1,4.9
1642262,Cody Williams,UTA,2024-25,january,3&D Wing,Wing,Forward,12.3,10.7,49.180327868852466,,79,7,25.8,4.9
1631200,Kris Murray,POR,2024-25,january,3&D Wing,Wing,Forward,12.8,10.3,38.63636363636363,,80,14,16.6,4.8
1631216,Caleb Houstan,ORL,2024-25,january,Role Player,Role,Forward,10.7,6.0,89.79591836734694,,80,13,21.5,4.7
1630243,Trevelin Queen,ORL,2024-25,january,Role Player,Role,Guard,16.7,16.1,52.72727272727272,,77,13,15.7,4.7
1630191,Isaiah Stewart,DET,2024-25,january,Finisher,Finisher,Forward,11.4,12.3,16.279069767441857,,80,15,18.5,4.6
1629637,Jaxson Hayes,LAL,2024-25,january,Finisher,Finisher,Big,11.3,7.0,3.3333333333333335,,84,14,16.1,4.6
1641748,Andre Jackson Jr.,MIL,2024-25,january,Role Player,Role,Forward,10.5,12.7,30.0,,78,14,15.7,4.4
1642270,Donovan Clingan,POR,2024-25,january,Finisher,Finisher,Big,11.4,10.2,17.142857142857142,,86,10,17.5,4.3
1628467,Maxi Kleber,LAL,2024-25,january,Role Player,Role,Big,10.8,14.7,57.89473684210527,,82,13,18.6,4.2
1641737,Adem Bona,PHI,2024-25,january,Finisher,Finisher,Big,11.3,4.5,0.0,,82,16,15.0,4.1
1629057,Robert Williams III,POR,2024-25,january,Finisher,Finisher,Forward,10.5,7.1,0.0,,81,6,18.7,3.8
1630695,Micah Potter,UTA,2024-25,january,Role Player,Role,Forward,10.3,2.7,72.97297297297297,,81,9,18.6,3.8
203486,Mason Plumlee,PHX,2024-25,january,Rim Protector,Big,Big,9.4,13.1,4.0,,82,15,17.2,3.6
200768,Kyle Lowry,PHI,2024-25,january,Role Player,Role,Guard,10.2,19.8,76.66666666666666,,72,7,18.2,3.6
1641989,Elijah Harkless,UTA,2024-25,january,Role Player,Role,Guard,12.3,7.5,71.7948717948718,,75,9,15.0,3.6
1630526,Jeremiah Robinson-Earl,NOP,2024-25,january,3&D Wing,Wing,Forward,8.6,11.4,57.692307692307686,,80,11,15.0,3.0
201587,Nicolas Batum,LAC,2024-25,january,3&D Wing,Wing,Forward,7.4,7.5,84.00000000000001,,80,13,15.1,2.6
1630556,Kessler Edwards,DAL,2024-25,january,Role Player,Role,Forward,7.2,8.5,47.82608695652175,,79,7,15.4,2.6
1627739,Kris Dunn,LAC,2024-25,january,3&D Wing,Wing,Guard,11.4,16.8,56.41025641025642,3.9,75,9,18.4,2.6
1628983,Shai Gilgeous-Alexander,OKC,2024-25,february,Primary Initiator,Primary,Forward,32.3,29.4,27.22772277227723,26.3,78,13,33.3,31.7
201939,Stephen Curry,GSW,2024-25,february,Primary Initiator,Primary,Guard,33.0,26.3,63.18181818181819,10.1,74,11,33.1,30.7
1630162,Anthony Edwards,MIN,2024-25,february,Primary Initiator,Primary,Guard,34.7,22.7,51.072961373390555,23.4,76,10,36.2,30.7
2544,LeBron James,LAL,2024-25,february,Primary Initiator,Primary,Forward,32.3,35.2,36.36363636363637,12.8,81,11,35.2,29.3
1628369,Jayson Tatum,BOS,2024-25,february,Primary Initiator,Primary,Forward,31.3,31.2,47.92626728110599,,80,11,36.9,28.3
1629027,Trae Young,ATL,2024-25,february,Primary Initiator,Primary,Guard,31.7,44.3,48.5576923076923,12.0,73,12,37.4,28.3
1626164,Devin Booker,PHX,2024-25,february,Primary Initiator,Primary,Forward,28.5,31.5,38.3419689119171,14.0,78,12,38.6,28.0
202681,Kyrie Irving,DAL,2024-25,february,Role Player,Role,Guard,28.0,18.4,37.49999999999999,,74,9,39.4,27.8
203999,Nikola Jokić,DEN,2024-25,february,Playmaking Big,Big,Big,27.0,43.4,29.94011976047905,5.3,83,12,34.8,27.3
1628973,Jalen Brunson,NYK,2024-25,february,Primary Initiator,Primary,Guard,29.9,29.6,28.35051546391753,14.4,74,11,35.4,26.7
1630595,Cade Cunningham,DET,2024-25,february,Primary Initiator,Primary,Forward,30.4,39.9,30.150753768844226,11.5,78,11,34.2,25.9
1630178,Tyrese Maxey,PHI,2024-25,february,Shot Creator,Scorer,Guard,27.2,25.4,42.42424242424242,14.5,74,10,38.1,25.9
1628378,Donovan Mitchell,CLE,2024-25,february,Primary Initiator,Primary,Guard,30.7,24.9,44.919786096256686,11.4,75,10,30.6,25.8
203081,Damian Lillard,MIL,2024-25,february,Primary Initiator,Primary,Guard,28.2,31.6,57.06214689265536,,74,9,36.4,25.8
1630532,Franz Wagner,ORL,2024-25,february,Secondary Ball Handler,Secondary,Big,31.0,19.0,26.442307692307693,7.6,82,12,34.1,25.7
201142,Kevin Durant,PHX,2024-25,february,Shot Creator,Scorer,Big,24.6,17.8,35.05747126436782,20.8,83,10,39.4,25.5
1626181,Norman Powell,LAC,2024-25,february,3&D Wing,Wing,Guard,26.5,10.3,44.08602150537634,10.9,76,5,36.4,25.4
1629627,Zion Williamson,NOP,2024-25,february,Shot Creator,Scorer,Forward,30.9,30.4,0.617283950617284,23.8,78,9,28.0,25.3
203507,Giannis Antetokounmpo,MIL,2024-25,february,Primary Initiator,Primary,Big,33.8,35.4,10.0,10.9,83,6,29.4,24.8
1627750,Jamal Murray,DEN,2024-25,february,Shot Creator,Scorer,Guard,24.1,20.9,39.77272727272727,14.6,76,11,35.6,24.7
1626157,Karl-Anthony Towns,NYK,2024-25,february,Role Player,Role,Big,25.5,9.2,28.415300546448087,10.0,84,10,36.9,24.3
1629639,Tyler Herro,MIA,2024-25,february,Primary Initiator,Primary,Guard,30.5,31.6,49.2462311557789,13.3,77,11,36.4,24.1
1631094,Paolo Banchero,ORL,2024-25,february,Shot Creator,Scorer,Big,33.0,28.5,31.818181818181817,14.7,82,12,32.7,23.6
201942,DeMar DeRozan,SAC,2024-25,february,Shot Creator,Scorer,Forward,22.9,20.2,24.68354430379747,19.9,78,11,35.3,23.5
203078,Bradley Beal,PHX,2024-25,february,Secondary Ball Handler,Secondary,Guard,23.6,22.1,27.516778523489933,,76,7,35.3,23.0
203897,Zach LaVine,SAC,2024-25,february,Movement Shooter,Shooter,Guard,24.2,16.7,46.42857142857142,9.3,77,9,36.2,22.9
1628991,Jaren Jackson Jr.,MEM,2024-25,february,3&D Wing,Wing,Big,27.8,11.6,32.31707317073171,11.1,82,11,30.6,22.8
1629630,Ja Morant,MEM,2024-25,february,Primary Initiator,Primary,Guard,31.0,32.5,31.91489361702127,14.1,74,9,32.3,22.6
201935,James Harden,LAC,2024-25,february,Primary Initiator,Primary,Guard,28.4,35.0,53.51351351351351,42.5,77,11,37.7,22.5
1630224,Jalen Green,HOU,2024-25,february,Primary Initiator,Primary,Guard,28.1,20.3,46.938775510204074,,76,12,34.9,22.5
203954,Joel Embiid,PHI,2024-25,february,Shot Creator,Scorer,Big,31.2,31.8,29.375,12.3,84,6,32.0,22.5
1627759,Jaylen Brown,BOS,2024-25,february,Shot Creator,Scorer,Forward,28.2,19.5,28.402366863905325,20.6,78,8,33.2,22.4
1629673,Jordan Poole,WAS,2024-25,february,Stretch Shooter,Shooter,Guard,29.2,23.5,57.71428571428571,7.9,76,11,32.4,22.3
1641705,Victor Wembanyama,SAS,2024-25,february,Shot Creator,Scorer,Big,26.6,17.3,38.95348837209303,14.5,87,6,33.6,22.2
1629628,RJ Barrett,TOR,2024-25,february,Secondary Ball Handler,Secondary,Forward,27.0,27.3,31.213872832369944,2.7,78,7,33.8,22.1
1630559,Austin Reaves,LAL,2024-25,february,Shot Creator,Scorer,Guard,25.2,25.6,53.333333333333336,13.5,77,12,32.4,22.0
1629008,Michael Porter Jr.,DEN,2024-25,february,Rim Protector,Big,Big,23.4,8.4,41.764705882352935,6.9,82,9,34.8,22.0
203468,CJ McCollum,NOP,2024-25,february,Secondary Ball Handler,Secondary,Guard,26.9,18.9,46.24277456647399,8.8,75,9,32.3,21.9
1628970,Miles Bridges,CHA,2024-25,february,3&D Wing,Wing,Forward,29.5,21.1,37.03703703703704,9.0,79,13,32.3,21.4
1628389,Bam Adebayo,MIA,2024-25,february,3&D Wing,Wing,Forward,24.3,18.4,20.512820512820515,8.0,81,11,35.4,21.2
1630530,Trey Murphy III,NOP,2024-25,february,Secondary Ball Handler,Secondary,Forward,23.6,23.1,50.0,6.6,80,11,36.7,21.2
1629029,Luka Dončić,LAL,2024-25,february,Primary Initiator,Primary,Forward,32.9,33.6,46.111111111111114,16.0,78,7,31.0,21.0
1627783,Pascal Siakam,IND,2024-25,february,Shot Creator,Scorer,Forward,25.3,12.6,26.582278481012654,13.3,80,12,32.5,20.9
1628381,John Collins,UTA,2024-25,february,3&D Wing,Wing,Forward,22.7,4.2,30.49645390070922,,81,9,32.8,20.7
1630596,Evan Mobley,CLE,2024-25,february,Finisher,Finisher,Big,23.8,18.3,26.08695652173913,4.7,83,11,29.7,20.4
1631114,Jalen Williams,OKC,2024-25,february,Shot Creator,Scorer,Guard,25.0,21.9,31.677018633540367,14.8,77,11,32.7,20.4
1630217,Desmond Bane,ORL,2024-25,february,Secondary Ball Handler,Secondary,Guard,22.0,20.6,42.281879194630875,7.0,77,9,35.4,20.0
1630581,Josh Giddey,CHI,2024-25,february,Secondary Ball Handler,Secondary,Forward,23.3,29.3,37.77777777777778,5.0,80,11,32.7,19.8
1629014,Anfernee Simons,POR,2024-25,february,Shot Creator,Scorer,Guard,23.8,27.7,55.00000000000001,18.2,75,12,33.5,19.7
1628368,De'Aaron Fox,SAS,2024-25,february,Secondary Ball Handler,Secondary,Guard,25.7,28.7,35.75757575757576,10.1,75,11,34.2,19.6
1629675,Naz Reid,MIN,2024-25,february,Movement Shooter,Shooter,Forward,22.6,14.0,49.101796407185624,3.8,81,13,35.5,19.5
1630567,Scottie Barnes,TOR,2024-25,february,Finisher,Finisher,Forward,25.6,25.1,26.666666666666668,7.9,79,11,34.9,19.3
203952,Andrew Wiggins,MIA,2024-25,february,3&D Wing,Wing,Forward,24.8,15.2,42.65734265734265,10.9,79,7,35.3,18.9
1630169,Tyrese Haliburton,IND,2024-25,february,Stretch Shooter,Shooter,Guard,20.4,38.7,55.14705882352941,,77,12,33.4,18.8
1629636,Darius Garland,CLE,2024-25,february,Secondary Ball Handler,Secondary,Guard,27.0,29.4,44.078947368421055,6.7,73,9,28.9,18.8
203903,Jordan Clarkson,UTA,2024-25,february,Stretch Shooter,Shooter,Guard,24.8,19.6,55.27950310559005,5.2,75,8,30.3,18.8
1630598,Aaron Wiggins,OKC,2024-25,february,3&D Wing,Wing,Guard,22.1,9.4,46.21212121212121,6.3,77,13,27.5,18.7
1630183,Jaden McDaniels,MIN,2024-25,february,3&D Wing,Wing,Forward,19.9,12.1,30.405405405405407,2.3,81,13,37.3,18.5
1627736,Malik Beasley,DET,2024-25,february,Stretch Shooter,Shooter,Guard,22.1,9.4,79.84496124031008,,76,12,25.6,18.4
1628404,Josh Hart,NYK,2024-25,february,3&D Wing,Wing,Guard,19.5,21.2,17.968749999999996,,76,9,38.5,18.2
1628374,Lauri Markkanen,UTA,2024-25,february,Movement Shooter,Shooter,Big,21.7,2.7,50.967741935483865,4.0,84,8,33.2,18.1
1630578,Alperen Sengun,HOU,2024-25,february,Shot Creator,Scorer,Big,28.1,20.2,9.352517985611511,14.9,83,10,29.7,18.0
204001,Kristaps Porziņģis,BOS,2024-25,february,Post Scorer,Big,Big,25.3,8.3,38.19444444444444,,86,8,30.9,17.9
202695,Kawhi Leonard,LAC,2024-25,february,Shot Creator,Scorer,Forward,27.7,16.5,31.645569620253163,16.5,79,8,31.4,17.8
1631128,Christian Braun,DEN,2024-25,february,Finisher,Finisher,Forward,16.0,10.4,21.487603305785125,,78,12,35.9,17.7
1629632,Coby White,CHI,2024-25,february,Stretch Shooter,Shooter,Guard,21.6,21.1,54.22535211267606,7.7,77,11,33.0,17.5
1631101,Shaedon Sharpe,POR,2024-25,february,Shot Creator,Scorer,Guard,27.5,17.7,45.0,12.3,77,12,25.6,17.4
1628398,Kyle Kuzma,MIL,2024-25,february,3&D Wing,Wing,Forward,22.9,12.0,42.567567567567565,5.1,81,11,34.1,17.4
1629661,Cameron Johnson,BKN,2024-25,february,Stretch Shooter,Shooter,Forward,22.2,18.1,52.38095238095239,,80,9,29.6,17.3
1628401,Derrick White,BOS,2024-25,february,Stretch Shooter,Shooter,Guard,18.7,22.2,75.21367521367523,4.7,76,11,33.7,17.3
202699,Tobias Harris,DET,2024-25,february,3&D Wing,Wing,Forward,18.2,6.8,23.96694214876033,4.2,80,12,31.9,17.3
1641718,Keyonte George,UTA,2024-25,february,Shot Creator,Scorer,Guard,23.4,32.3,57.14285714285714,12.3,76,13,31.3,17.2
1628370,Malik Monk,SAC,2024-25,february,Secondary Ball Handler,Secondary,Guard,23.8,24.3,39.50617283950618,8.4,75,11,35.1,16.9
1627826,Ivica Zubac,LAC,2024-25,february,Post Scorer,Big,Big,17.8,10.2,0.0,,84,11,33.2,16.7
1626162,Kelly Oubre Jr.,PHI,2024-25,february,Shot Creator,Scorer,Forward,18.1,5.1,25.925925925925924,12.1,80,11,38.4,16.7
1630193,Immanuel Quickley,TOR,2024-25,february,Stretch Shooter,Shooter,Guard,22.4,29.8,53.333333333333336,6.1,74,11,29.3,16.5
1626171,Bobby Portis,MIL,2024-25,february,3&D Wing,Wing,Big,24.6,20.0,28.947368421052634,3.2,82,5,29.8,16.4
202710,Jimmy Butler III,GSW,2024-25,february,Shot Creator,Scorer,Forward,20.6,27.4,15.929203539823009,17.7,79,8,30.1,16.4
1629060,Rui Hachimura,LAL,2024-25,february,3&D Wing,Wing,Forward,17.0,6.6,48.30508474576271,3.7,80,11,33.7,16.4
1630700,Dyson Daniels,ATL,2024-25,february,Finisher,Finisher,Forward,18.3,18.9,14.634146341463412,5.6,79,12,35.4,16.0
1627734,Domantas Sabonis,SAC,2024-25,february,Playmaking Big,Big,Big,20.5,21.1,20.338983050847457,,82,11,34.0,15.9
1630168,Onyeka Okongwu,ATL,2024-25,february,3&D Wing,Wing,Big,16.9,13.9,18.0,1.6,82,12,30.6,15.3
1631109,Mark Williams,CHA,2024-25,february,Finisher,Finisher,Big,22.4,10.6,0.0,,84,7,27.9,15.3
201572,Brook Lopez,MIL,2024-25,february,3&D Wing,Wing,Big,17.9,8.7,47.706422018348626,,85,11,30.9,15.3
1631097,Bennedict Mathurin,IND,2024-25,february,Secondary Ball Handler,Secondary,Guard,22.3,10.5,31.428571428571427,9.0,77,11,25.6,15.2
1628969,Mikal Bridges,NYK,2024-25,february,3&D Wing,Wing,Forward,17.4,12.9,31.851851851851848,2.3,78,11,35.9,15.2
1629028,Deandre Ayton,POR,2024-25,february,Finisher,Finisher,Big,21.3,10.6,1.694915254237288,,84,6,29.6,15.2
1626167,Myles Turner,IND,2024-25,february,Stretch Shooter,Shooter,Big,20.1,9.4,57.52212389380531,,83,8,29.6,15.1
202691,Klay Thompson,DAL,2024-25,february,Movement Shooter,Shooter,Guard,23.2,10.2,58.95522388059702,,77,10,26.6,15.1
203497,Rudy Gobert,MIN,2024-25,february,Finisher,Finisher,Big,14.6,8.3,0.0,,85,7,34.8,15.0
1641708,Amen Thompson,HOU,2024-25,february,Finisher,Finisher,Forward,16.9,25.0,12.280701754385964,9.4,79,12,37.1,14.9
1630163,LaMelo Ball,CHA,2024-25,february,Shot Creator,Scorer,Forward,27.0,37.0,52.054794520547944,12.2,79,5,26.0,14.8
202696,Nikola Vučević,CHI,2024-25,february,Post Scorer,Big,Big,21.8,15.4,32.35294117647059,,82,8,31.8,14.8
1641733,Nick Smith Jr.,CHA,2024-25,february,Stretch Shooter,Shooter,Guard,20.3,15.3,51.127819548872175,11.6,74,12,31.9,14.7
1642264,Stephon Castle,SAS,2024-25,february,Secondary Ball Handler,Secondary,Forward,27.8,18.4,28.925619834710748,8.4,78,12,23.3,14.7
1630202,Payton Pritchard,BOS,2024-25,february,Shot Creator,Scorer,Guard,18.1,17.8,79.0909090909091,12.8,73,10,29.7,14.5
1630557,Corey Kispert,WAS,2024-25,february,Movement Shooter,Shooter,Forward,18.9,10.6,58.490566037735846,,78,11,27.3,14.3
1629631,De'Andre Hunter,CLE,2024-25,february,3&D Wing,Wing,Forward,17.0,6.5,58.51063829787234,7.5,80,10,27.5,14.2
202331,Paul George,PHI,2024-25,february,Shot Creator,Scorer,Forward,18.8,14.1,52.5,18.4,80,9,33.9,14.1
1631108,Max Christie,DAL,2024-25,february,3&D Wing,Wing,Guard,17.1,13.4,42.857142857142854,5.7,77,11,33.1,14.1
203924,Jerami Grant,POR,2024-25,february,Stretch Shooter,Shooter,Forward,18.2,9.3,51.96850393700787,10.7,79,9,35.0,14.0
1630166,Deni Avdija,POR,2024-25,february,Shot Creator,Scorer,Forward,21.9,18.0,41.41414141414141,14.0,81,11,26.3,13.9
1641764,Brandin Podziemski,GSW,2024-25,february,3&D Wing,Wing,Guard,18.9,20.8,42.622950819672134,6.1,76,11,30.6,13.8
1641731,Bilal Coulibaly,WAS,2024-25,february,3&D Wing,Wing,Forward,18.1,18.3,34.51327433628318,4.8,80,11,34.9,13.7
1629660,Ty Jerome,CLE,2024-25,february,Role Player,Role,Guard,23.3,18.5,37.5,,77,10,21.1,13.7
1628415,Dillon Brooks,HOU,2024-25,february,3&D Wing,Wing,Forward,16.4,9.2,52.21238938053098,9.3,78,12,32.5,13.6
1631105,Jalen Duren,DET,2024-25,february,Finisher,Finisher,Big,17.4,18.3,0.0,8.9,82,12,25.6,13.6
1631096,Chet Holmgren,OKC,2024-25,february,Finisher,Finisher,Big,20.3,7.9,35.05154639175258,7.8,85,7,25.6,13.6
1631099,Keegan Murray,SAC,2024-25,february,Movement Shooter,Shooter,Forward,14.9,6.2,55.769230769230774,4.2,80,11,32.7,13.5
203932,Aaron Gordon,DEN,2024-25,february,Shot Creator,Scorer,Forward,18.1,19.3,33.33333333333333,16.0,80,9,28.5,13.1
1629656,Quentin Grimes,PHI,2024-25,february,3&D Wing,Wing,Guard,17.8,15.4,54.054054054054056,10.4,76,9,30.0,13.1
1630541,Moses Moody,GSW,2024-25,february,Movement Shooter,Shooter,Guard,16.5,5.9,56.98924731182795,4.9,77,10,27.6,13.1
1630553,Keon Johnson,BKN,2024-25,february,Role Player,Role,Guard,21.5,14.6,44.8,,77,11,28.8,13.1
1630175,Cole Anthony,MEM,2024-25,february,Secondary Ball Handler,Secondary,Guard,21.6,21.2,36.274509803921575,6.9,74,12,24.5,13.1
1630170,Devin Vassell,SAS,2024-25,february,3&D Wing,Wing,Guard,20.0,9.1,43.93939393939394,2.7,77,12,30.9,13.1
1631106,Tari Eason,HOU,2024-25,february,3&D Wing,Wing,Forward,16.4,7.0,25.24271844660194,5.0,80,7,30.3,13.0
1641739,Toumani Camara,POR,2024-25,february,3&D Wing,Wing,Forward,13.3,8.4,41.93548387096774,6.3,79,12,35.3,13.0
1631117,Walker Kessler,UTA,2024-25,february,Finisher,Finisher,Big,12.6,8.7,0.0,,84,10,33.2,12.9
1630245,Ayo Dosunmu,CHI,2024-25,february,3&D Wing,Wing,Guard,18.5,24.5,40.42553191489361,2.2,77,8,29.1,12.9
1641709,Ausar Thompson,DET,2024-25,february,Finisher,Finisher,Forward,18.9,20.9,0.0,7.7,78,12,24.7,12.8
1641824,Matas Buzelis,CHI,2024-25,february,3&D Wing,Wing,Big,18.2,10.8,46.938775510204074,4.1,82,11,26.8,12.8
1630583,Santi Aldama,MEM,2024-25,february,3&D Wing,Wing,Big,17.4,16.3,54.90196078431373,,84,11,25.0,12.8
1642258,Zaccharie Risacher,ATL,2024-25,february,3&D Wing,Wing,Forward,18.3,8.4,43.29896907216496,,80,12,25.7,12.8
1628384,OG Anunoby,NYK,2024-25,february,3&D Wing,Wing,Forward,16.2,7.3,55.769230769230774,5.9,79,5,31.9,12.6
1627777,Georges Niang,ATL,2024-25,february,Role Player,Role,Forward,17.1,8.0,67.01030927835052,,79,11,26.6,12.5
1630703,Scoot Henderson,POR,2024-25,february,Stretch Shooter,Shooter,Guard,20.5,27.9,55.00000000000001,,75,11,25.5,12.5
1629626,Bol Bol,PHX,2024-25,february,Stretch Shooter,Shooter,Big,20.8,6.3,52.74725274725275,,87,12,20.9,12.5
1629651,Nic Claxton,BKN,2024-25,february,Shot Creator,Scorer,Big,18.5,13.5,0.9803921568627452,14.1,83,10,28.6,12.5
1626156,D'Angelo Russell,BKN,2024-25,february,Stretch Shooter,Shooter,Guard,26.8,23.5,57.02479338842976,8.7,75,7,23.0,12.3
1630230,Naji Marshall,DAL,2024-25,february,3&D Wing,Wing,Forward,18.6,16.6,37.234042553191486,5.6,78,11,26.7,12.2
1628386,Jarrett Allen,CLE,2024-25,february,Finisher,Finisher,Forward,14.9,9.3,2.8169014084507045,,81,11,26.4,12.1
1629018,Gary Trent Jr.,MIL,2024-25,february,Stretch Shooter,Shooter,Guard,18.7,10.0,55.67010309278352,,77,12,25.2,12.1
1629638,Nickeil Alexander-Walker,MIN,2024-25,february,Movement Shooter,Shooter,Guard,14.6,12.7,62.10526315789474,2.9,77,13,33.1,12.1
1627747,Caris LeVert,ATL,2024-25,february,3&D Wing,Wing,Forward,19.3,11.8,46.15384615384615,6.2,78,11,25.7,12.0
1629640,Keldon Johnson,SAS,2024-25,february,3&D Wing,Wing,Guard,19.7,12.1,36.14457831325301,3.9,77,12,21.7,12.0
1629599,Amir Coffey,LAC,2024-25,february,Role Player,Role,Forward,16.6,6.9,50.0,,79,10,25.2,11.8
1631107,Nikola Jović,MIA,2024-25,february,3&D Wing,Wing,Big,16.8,16.4,61.53846153846154,3.7,82,9,28.8,11.8
1626220,Royce O'Neale,PHX,2024-25,february,3&D Wing,Wing,Forward,15.3,11.8,82.55813953488372,,78,13,26.4,11.6
1630167,Obi Toppin,IND,2024-25,february,Stretch Shooter,Shooter,Forward,21.6,10.3,54.11764705882353,,81,12,19.7,11.6
1642268,Isaiah Collier,UTA,2024-25,february,Shot Creator,Scorer,Guard,19.6,44.4,34.31372549019608,12.5,75,13,30.4,11.5
1642354,KJ Simpson,CHA,2024-25,february,Secondary Ball Handler,Secondary,Guard,20.2,22.2,40.36697247706422,,72,8,28.3,11.3
1641711,Gradey Dick,TOR,2024-25,february,Movement Shooter,Shooter,Forward,17.6,5.8,51.06382978723404,,78,12,29.2,11.2
1630533,Ziaire Williams,BKN,2024-25,february,3&D Wing,Wing,Forward,16.0,7.3,65.11627906976743,,81,11,27.2,11.0
203957,Danté Exum,DAL,2024-25,february,Role Player,Role,Guard,19.8,28.1,38.961038961038966,,77,10,20.2,10.8
1642273,Kyshawn George,WAS,2024-25,february,Role Player,Role,Forward,16.0,13.0,62.79069767441862,6.1,80,10,29.9,10.8
1642267,Bub Carrington,WAS,2024-25,february,Role Player,Role,Guard,14.9,21.8,56.25,4.8,76,11,28.4,10.7
1630549,Day'Ron Sharpe,BKN,2024-25,february,Finisher,Finisher,Forward,21.1,20.8,8.450704225352112,3.7,81,11,18.6,10.7
1626179,Terry Rozier,MIA,2024-25,february,Role Player,Role,Guard,20.1,14.4,46.15384615384615,,73,8,22.9,10.5
1627741,Buddy Hield,GSW,2024-25,february,Movement Shooter,Shooter,Guard,17.2,8.9,66.3157894736842,,76,11,24.2,10.5
203992,Bogdan Bogdanović,LAC,2024-25,february,Stretch Shooter,Shooter,Guard,20.6,20.4,65.34653465346535,,77,7,24.0,10.4
1627884,Derrick Jones Jr.,LAC,2024-25,february,3&D Wing,Wing,Forward,17.1,4.1,38.55421686746987,,78,11,24.2,10.4
1629652,Luguentz Dort,OKC,2024-25,february,3&D Wing,Wing,Guard,13.2,4.8,66.66666666666666,,76,11,27.9,10.4
1628380,Zach Collins,CHI,2024-25,february,3&D Wing,Wing,Big,16.7,15.1,37.142857142857146,,83,7,22.7,10.3
1627752,Taurean Prince,MIL,2024-25,february,3&D Wing,Wing,Forward,13.3,9.6,73.6111111111111,,78,11,27.6,10.3
203084,Harrison Barnes,SAS,2024-25,february,3&D Wing,Wing,Forward,15.0,7.6,59.036144578313255,8.0,80,12,25.9,10.3
1630631,Jose Alvarado,NOP,2024-25,february,3&D Wing,Wing,Guard,15.6,28.8,57.64705882352942,4.2,72,10,26.4,10.2
1630570,Trendon Watford,BKN,2024-25,february,Role Player,Role,Forward,24.1,25.6,18.6046511627907,7.8,80,10,20.3,10.1
1630558,Davion Mitchell,MIA,2024-25,february,Shot Creator,Scorer,Guard,12.4,19.0,48.52941176470589,28.6,72,9,30.9,10.0
1630165,Killian Hayes,BKN,2024-25,february,Role Player,Role,Guard,15.2,27.5,51.35135135135135,,77,5,27.4,10.0
1642271,Kyle Filipowski,UTA,2024-25,february,3&D Wing,Wing,Big,19.9,18.2,39.3939393939394,,83,13,19.2,10.0
1628366,Lonzo Ball,CHI,2024-25,february,3&D Wing,Wing,Forward,16.4,10.7,75.82417582417584,,78,7,26.7,10.0
201566,Russell Westbrook,DEN,2024-25,february,Shot Creator,Scorer,Guard,24.4,20.6,36.36363636363637,13.4,76,5,23.9,10.0
1628392,Isaiah Hartenstein,OKC,2024-25,february,Finisher,Finisher,Big,15.7,16.0,2.6315789473684212,,84,13,25.0,9.9
1631124,Julian Strawther,DEN,2024-25,february,Stretch Shooter,Shooter,Forward,18.2,7.7,58.88888888888889,,78,12,24.7,9.9
1641722,Jordan Hawkins,NOP,2024-25,february,Movement Shooter,Shooter,Guard,19.9,11.2,53.76344086021505,,77,11,22.4,9.9
1631165,Keon Ellis,SAC,2024-25,february,3&D Wing,Wing,Guard,13.0,6.2,65.67164179104478,,76,11,26.3,9.9
1641713,GG Jackson,MEM,2024-25,february,3&D Wing,Wing,Forward,22.7,10.6,49.31506849315069,,81,10,16.7,9.9
1627824,Guerschon Yabusele,PHI,2024-25,february,Role Player,Role,Forward,15.3,7.3,43.24324324324324,,80,9,25.6,9.9
1642348,Justin Edwards,PHI,2024-25,february,3&D Wing,Wing,Forward,13.4,7.3,56.25,,79,8,29.2,9.9
203110,Draymond Green,GSW,2024-25,february,3&D Wing,Wing,Forward,15.1,26.1,32.0,,78,11,30.2,9.8
1626158,Richaun Holmes,WAS,2024-25,february,Role Player,Role,Forward,12.4,11.5,4.081632653061225,,81,11,24.2,9.8
1630231,KJ Martin,UTA,2024-25,february,Role Player,Role,Forward,13.4,7.2,37.142857142857146,,78,5,25.8,9.8
1628989,Kevin Huerter,CHI,2024-25,february,3&D Wing,Wing,Forward,17.8,13.4,70.32967032967034,,79,9,22.8,9.8
1630174,Aaron Nesmith,IND,2024-25,february,Movement Shooter,Shooter,Forward,15.6,9.6,55.55555555555556,,78,12,23.6,9.8
1630545,Terrence Shannon Jr.,MIN,2024-25,february,3&D Wing,Wing,Forward,19.6,16.5,27.27272727272727,,78,11,18.8,9.7
1628960,Grayson Allen,PHX,2024-25,february,3&D Wing,Wing,Guard,16.1,15.4,75.0,2.8,76,10,26.8,9.7
1629622,Max Strus,CLE,2024-25,february,Role Player,Role,Guard,14.4,15.5,81.81818181818181,,77,10,25.2,9.7
1630173,Precious Achiuwa,NYK,2024-25,february,Finisher,Finisher,Forward,13.1,6.4,12.987012987012983,,80,11,30.3,9.5
203915,Spencer Dinwiddie,DAL,2024-25,february,Role Player,Role,Guard,15.7,19.4,52.0,,77,11,25.5,9.5
1629614,Andrew Nembhard,IND,2024-25,february,Role Player,Role,Guard,15.8,18.5,31.081081081081074,8.9,76,12,29.1,9.5
201145,Jeff Green,HOU,2024-25,february,Stretch Shooter,Shooter,Forward,18.5,7.2,55.55555555555556,,80,6,17.3,9.5
1629130,Duncan Robinson,MIA,2024-25,february,Movement Shooter,Shooter,Forward,16.9,15.0,73.97260273972603,,79,11,23.4,9.5
1642366,Quinten Post,GSW,2024-25,february,Stretch Shooter,Shooter,Big,18.3,16.1,61.53846153846154,,84,11,16.7,9.5
203501,Tim Hardaway Jr.,DET,2024-25,february,Movement Shooter,Shooter,Guard,14.5,8.5,71.26436781609196,2.2,77,12,27.2,9.4
1642377,Jaylen Wells,MEM,2024-25,february,3&D Wing,Wing,Forward,13.3,6.4,61.9718309859155,3.0,80,11,24.0,9.4
1631217,Moussa Diabaté,CHA,2024-25,february,Finisher,Finisher,Forward,17.1,12.3,3.278688524590164,,81,11,20.6,9.4
1627763,Malcolm Brogdon,WAS,2024-25,february,Role Player,Role,Guard,21.5,28.7,16.883116883116884,,76,6,19.5,9.3
1641710,Anthony Black,ORL,2024-25,february,3&D Wing,Wing,Forward,16.9,15.6,35.61643835616439,4.4,79,12,22.9,9.3
1629004,Svi Mykhailiuk,UTA,2024-25,february,Stretch Shooter,Shooter,Forward,19.2,9.2,63.26530612244897,,79,5,24.6,9.2
1631110,Jeremy Sochan,SAS,2024-25,february,3&D Wing,Wing,Forward,16.1,15.9,20.588235294117645,,80,12,21.0,9.2
1642274,Yves Missi,NOP,2024-25,february,Finisher,Finisher,Big,15.8,5.7,0.0,,83,11,27.0,9.1
1642276,Kel'el Ware,MIA,2024-25,february,3&D Wing,Wing,Big,14.6,8.9,21.51898734177215,,84,12,27.7,9.1
1628976,Wendell Carter Jr.,ORL,2024-25,february,3&D Wing,Wing,Big,16.5,11.3,21.62162162162162,,82,12,24.1,9.1
1629634,Brandon Clarke,MEM,2024-25,february,Role Player,Role,Forward,17.2,9.4,1.4925373134328357,,80,10,18.7,9.0
1641878,Damion Baugh,CHA,2024-25,february,Role Player,Role,Guard,18.4,24.4,50.0,,76,5,27.1,9.0
1630198,Isaiah Joe,OKC,2024-25,february,3&D Wing,Wing,Guard,15.4,8.9,82.6086956521739,,75,12,19.8,9.0
1630540,Miles McBride,NYK,2024-25,february,3&D Wing,Wing,Guard,13.8,7.0,56.00000000000001,4.7,73,11,24.8,9.0
1630249,Vít Krejčí,ATL,2024-25,february,Movement Shooter,Shooter,Forward,13.0,17.1,78.33333333333333,,80,6,23.9,9.0
1629645,Kevin Porter Jr.,MIL,2024-25,february,Secondary Ball Handler,Secondary,Guard,26.1,28.8,15.27777777777778,9.8,76,9,16.2,8.9
201144,Mike Conley,MIN,2024-25,february,3&D Wing,Wing,Guard,12.9,27.4,67.6470588235294,,72,9,25.9,8.9
1630534,Ochai Agbaji,TOR,2024-25,february,3&D Wing,Wing,Guard,14.7,7.0,47.05882352941177,,77,12,22.7,8.8
1628418,Thomas Bryant,IND,2024-25,february,Role Player,Role,Big,17.3,16.7,36.61971830985916,,82,12,19.4,8.8
1631255,Karlo Matković,NOP,2024-25,february,Finisher,Finisher,Big,13.5,6.7,37.704918032786885,,82,11,24.0,8.8
202685,Jonas Valančiūnas,SAC,2024-25,february,Post Scorer,Big,Big,19.8,13.2,4.615384615384615,,83,10,17.3,8.8
1630241,Sam Merrill,CLE,2024-25,february,3&D Wing,Wing,Guard,12.6,3.9,90.47619047619048,,76,10,22.5,8.8
1641717,Cason Wallace,OKC,2024-25,february,3&D Wing,Wing,Guard,13.9,11.6,46.666666666666664,4.2,75,6,24.3,8.5
203482,Kelly Olynyk,NOP,2024-25,february,Role Player,Role,Big,17.3,16.9,32.87671232876712,,83,7,23.1,8.4
1641787,Tosan Evbuomwan,BKN,2024-25,february,Role Player,Role,Forward,16.9,13.3,30.379746835443033,,79,7,22.8,8.4
203552,Seth Curry,CHA,2024-25,february,Role Player,Role,Guard,17.6,10.3,55.07246376811593,,73,11,17.9,8.4
1642266,Ja'Kobe Walter,TOR,2024-25,february,3&D Wing,Wing,Guard,17.1,6.1,41.55844155844156,,77,12,22.1,8.3
1626204,Larry Nance Jr.,ATL,2024-25,february,3&D Wing,Wing,Forward,16.0,12.0,41.53846153846154,,80,6,19.5,8.3
203471,Dennis Schröder,DET,2024-25,february,Shot Creator,Scorer,Guard,20.1,29.7,46.57534246575342,14.8,73,8,18.9,8.3
1627936,Alex Caruso,OKC,2024-25,february,3&D Wing,Wing,Guard,13.8,19.5,61.66666666666667,,77,9,20.1,8.2
201950,Jrue Holiday,BOS,2024-25,february,Role Player,Role,Guard,14.9,16.2,53.846153846153854,10.1,76,5,28.6,8.2
203994,Jusuf Nurkić,CHA,2024-25,february,Playmaking Big,Big,Big,20.6,41.8,41.17647058823529,,84,5,19.1,8.2
1630208,Nick Richards,PHX,2024-25,february,Role Player,Role,Big,14.8,3.3,0.0,,84,13,22.1,8.2
204456,T.J. McConnell,IND,2024-25,february,Secondary Ball Handler,Secondary,Guard,23.9,51.0,11.764705882352942,5.9,73,10,15.4,8.1
1641729,Brice Sensabaugh,UTA,2024-25,february,Movement Shooter,Shooter,Guard,19.9,9.8,54.285714285714285,2.8,77,12,16.5,8.0
1629216,Gabe Vincent,LAL,2024-25,february,Movement Shooter,Shooter,Guard,16.0,14.0,81.33333333333333,,74,11,21.1,8.0
1626145,Tyus Jones,PHX,2024-25,february,3&D Wing,Wing,Guard,16.9,26.7,65.47619047619048,,73,13,26.5,7.9
1641744,Zach Edey,MEM,2024-25,february,Post Scorer,Big,Big,13.3,5.2,8.928571428571429,,88,11,20.3,7.9
1641715,Cam Whitmore,HOU,2024-25,february,Stretch Shooter,Shooter,Forward,21.7,8.8,51.898734177215175,6.7,79,10,18.1,7.9
202692,Alec Burks,MIA,2024-25,february,Role Player,Role,Guard,17.0,8.3,66.66666666666667,,77,8,20.0,7.9
1630182,Josh Green,CHA,2024-25,february,3&D Wing,Wing,Guard,12.4,9.0,55.07246376811593,,77,11,28.9,7.8
1642347,Jamal Shead,TOR,2024-25,february,3&D Wing,Wing,Guard,18.9,31.8,41.42857142857142,8.2,73,11,20.7,7.7
1631260,AJ Green,MIL,2024-25,february,Movement Shooter,Shooter,Guard,12.1,8.5,77.94117647058823,,76,12,26.1,7.7
201143,Al Horford,BOS,2024-25,february,3&D Wing,Wing,Forward,12.1,6.4,68.11594202898551,,81,10,26.9,7.6
1630548,Johnny Juzang,UTA,2024-25,february,Stretch Shooter,Shooter,Guard,18.4,5.4,68.65671641791045,,77,10,16.7,7.6
1642270,Donovan Clingan,POR,2024-25,february,Finisher,Finisher,Big,14.7,6.8,2.0833333333333335,,86,11,18.5,7.5
1630592,Jalen Wilson,BKN,2024-25,february,3&D Wing,Wing,Forward,14.1,11.0,66.66666666666667,,78,11,23.4,7.5
1629637,Jaxson Hayes,LAL,2024-25,february,Finisher,Finisher,Big,11.3,9.6,0.0,,84,12,22.2,7.5
1630172,Patrick Williams,CHI,2024-25,february,3&D Wing,Wing,Forward,16.9,6.3,45.714285714285715,3.6,79,6,22.2,7.5
1629611,Terance Mann,ATL,2024-25,february,3&D Wing,Wing,Guard,13.1,13.0,42.59259259259259,3.7,77,10,21.1,7.4
1628449,Chris Boucher,TOR,2024-25,february,Stretch Shooter,Shooter,Forward,19.5,8.7,54.545454545454554,,81,8,16.3,7.4
1631170,Jaime Jaquez Jr.,MIA,2024-25,february,Shot Creator,Scorer,Forward,18.7,17.6,23.636363636363637,14.8,78,8,16.7,7.4
1630573,Sam Hauser,BOS,2024-25,february,Movement Shooter,Shooter,Forward,11.1,3.7,81.81818181818183,,79,11,22.5,7.4
101108,Chris Paul,SAS,2024-25,february,Role Player,Role,Guard,12.5,32.6,70.58823529411765,,72,12,28.2,7.3
1630200,Tre Jones,CHI,2024-25,february,Finisher,Finisher,Guard,15.6,23.9,19.607843137254903,4.8,73,9,15.9,7.2
1630191,Isaiah Stewart,DET,2024-25,february,Finisher,Finisher,Forward,13.7,9.9,13.636363636363637,,80,12,18.6,7.1
1627827,Dorian Finney-Smith,LAL,2024-25,february,Role Player,Role,Forward,10.4,8.6,70.0,,79,11,29.8,7.0
1630192,Zeke Nnaji,DEN,2024-25,february,Finisher,Finisher,Forward,10.9,3.3,38.297872340425535,,81,12,20.2,7.0
1641767,Ben Sheppard,IND,2024-25,february,3&D Wing,Wing,Forward,11.1,9.4,61.22448979591836,,78,12,19.9,6.9
1629026,Kenrich Williams,OKC,2024-25,february,3&D Wing,Wing,Forward,15.4,17.1,54.54545454545454,,78,12,16.3,6.8
1628988,Aaron Holiday,HOU,2024-25,february,3&D Wing,Wing,Guard,16.9,13.0,61.53846153846154,,72,10,17.6,6.8
1642275,Tidjane Salaün,CHA,2024-25,february,3&D Wing,Wing,Forward,17.3,5.8,47.14285714285714,,80,9,22.9,6.8
1631246,Vince Williams Jr.,MEM,2024-25,february,3&D Wing,Wing,Guard,17.3,12.0,49.15254237288135,,76,7,16.9,6.7
1642367,Jonathan Mogbo,TOR,2024-25,february,Role Player,Role,Forward,13.9,12.6,31.147540983606557,,81,11,23.8,6.6
1630577,Julian Champagnie,SAS,2024-25,february,Movement Shooter,Shooter,Forward,14.3,10.3,71.42857142857143,,79,12,17.7,6.6
1628379,Luke Kennard,MEM,2024-25,february,Movement Shooter,Shooter,Guard,12.1,17.9,59.32203389830508,,77,11,22.4,6.5
1627739,Kris Dunn,LAC,2024-25,february,3&D Wing,Wing,Guard,10.4,20.0,43.10344827586207,3.9,75,10,27.0,6.5
1641740,Jaylen Clark,MIN,2024-25,february,3&D Wing,Wing,Guard,11.6,4.8,46.0,,76,13,20.2,6.5
1628971,Bruce Brown,NOP,2024-25,february,Finisher,Finisher,Guard,16.4,11.3,25.0,4.1,76,9,21.1,6.4
1631213,Tyrese Martin,BKN,2024-25,february,3&D Wing,Wing,Forward,16.1,8.9,70.0,,78,10,19.3,6.2
1630692,Jordan Goodwin,LAL,2024-25,february,3&D Wing,Wing,Guard,14.0,8.2,40.0,,77,8,16.9,6.1
1631115,Orlando Robinson,TOR,2024-25,february,Rim Protector,Big,Big,16.4,16.5,20.0,,82,11,16.1,6.1
1630171,Isaac Okoro,CLE,2024-25,february,3&D Wing,Wing,Guard,12.4,5.3,56.52173913043479,,77,5,18.0,6.0
203484,Kentavious Caldwell-Pope,MEM,2024-25,february,3&D Wing,Wing,Guard,9.4,6.1,54.54545454545454,3.1,77,11,27.8,5.8
1631323,Simone Fontecchio,DET,2024-25,february,Movement Shooter,Shooter,Forward,17.1,6.0,54.90196078431373,,79,10,15.3,5.8
1627732,Ben Simmons,LAC,2024-25,february,Playmaking Big,Big,Big,11.3,35.4,0.0,,82,7,21.1,5.7
202687,Bismack Biyombo,SAS,2024-25,february,Role Player,Role,Forward,14.5,8.9,0.0,,80,6,16.0,5.7
1641842,Ronald Holland II,DET,2024-25,february,3&D Wing,Wing,Forward,15.7,10.6,47.916666666666664,3.8,80,12,16.6,5.7
1629312,Haywood Highsmith,MIA,2024-25,february,Role Player,Role,Guard,10.4,10.2,74.99999999999999,,77,7,22.0,5.6
1642265,Rob Dillingham,MIN,2024-25,february,Role Player,Role,Guard,19.8,28.0,31.818181818181824,,75,13,16.5,5.5
203991,Clint Capela,ATL,2024-25,february,Finisher,Finisher,Big,14.6,7.3,4.0,,82,5,16.4,5.4
1642262,Cody Williams,UTA,2024-25,february,3&D Wing,Wing,Forward,13.4,7.6,40.0,,79,8,18.8,5.4
1629048,Goga Bitadze,ORL,2024-25,february,Finisher,Finisher,Big,10.4,8.7,3.0303030303030307,,82,12,18.5,4.9
1628436,Luke Kornet,BOS,2024-25,february,Finisher,Finisher,Big,8.1,13.0,3.4482758620689653,,85,9,18.4,4.8
1641765,Olivier-Maxence Prosper,DAL,2024-25,february,3&D Wing,Wing,Forward,16.0,11.9,23.636363636363637,,79,11,16.3,4.7
1630556,Kessler Edwards,DAL,2024-25,february,Role Player,Role,Forward,11.6,10.3,35.55555555555556,,79,11,18.4,4.6
1629610,DaQuan Jeffries,CHA,2024-25,february,Role Player,Role,Guard,13.0,9.3,59.25925925925925,,77,9,22.1,4.2
1629618,Jalen Pickett,DEN,2024-25,february,3&D Wing,Wing,Guard,12.2,15.8,48.83720930232558,8.5,74,10,16.2,4.2
203486,Mason Plumlee,PHX,2024-25,february,Role Player,Role,Big,9.0,14.4,0.0,,82,13,18.9,4.1
1631119,Jaylin Williams,OKC,2024-25,february,3&D Wing,Wing,Forward,11.7,18.4,66.66666666666667,,81,11,16.6,4.0
1629750,Javonte Green,CLE,2024-25,february,3&D Wing,Wing,Guard,9.3,6.7,64.86486486486486,,77,7,18.1,3.9
1629020,Jarred Vanderbilt,LAL,2024-25,february,3&D Wing,Wing,Forward,10.4,8.9,40.0,,80,11,15.3,3.5
201587,Nicolas Batum,LAC,2024-25,february,3&D Wing,Wing,Forward,8.4,5.0,86.20689655172414,,80,11,15.4,3.4
203901,Elfrid Payton,NOP,2024-25,february,Role Player,Role,Guard,9.8,26.0,0.0,,75,6,20.6,1.0
1628983,Shai Gilgeous-Alexander,OKC,2024-25,march,Primary Initiator,Primary,Forward,35.1,35.0,24.56896551724138,26.3,78,14,34.0,34.7
1629029,Luka Dončić,LAL,2024-25,march,Primary Initiator,Primary,Forward,34.3,37.8,50.23923444976077,16.0,78,15,37.1,30.1
203999,Nikola Jokić,DEN,2024-25,march,Primary Initiator,Primary,Big,29.4,34.2,25.238095238095237,5.3,83,10,38.8,30.0
1631094,Paolo Banchero,ORL,2024-25,march,Primary Initiator,Primary,Big,32.5,22.3,30.88235294117647,14.7,82,15,36.5,29.8
1629630,Ja Morant,MEM,2024-25,march,Primary Initiator,Primary,Guard,32.9,37.4,30.33175355450237,14.1,74,8,33.8,29.5
203507,Giannis Antetokounmpo,MIL,2024-25,march,Primary Initiator,Primary,Big,33.3,33.7,4.46927374301676,10.9,83,15,33.3,28.3
1628369,Jayson Tatum,BOS,2024-25,march,Primary Initiator,Primary,Forward,33.0,28.9,47.004608294930875,,80,11,36.4,27.9
1629632,Coby White,CHI,2024-25,march,Secondary Ball Handler,Secondary,Guard,27.8,16.0,43.684210526315795,7.7,77,15,35.5,27.7
1630595,Cade Cunningham,DET,2024-25,march,Primary Initiator,Primary,Forward,33.7,38.5,22.596153846153847,11.5,78,11,34.3,27.3
1630162,Anthony Edwards,MIN,2024-25,march,Primary Initiator,Primary,Guard,29.2,20.5,53.51351351351351,23.4,76,14,34.3,26.6
1629656,Quentin Grimes,PHI,2024-25,march,3&D Wing,Wing,Guard,29.9,23.9,44.973544973544975,10.4,76,14,34.6,26.6
201142,Kevin Durant,PHX,2024-25,march,Shot Creator,Scorer,Big,28.0,18.1,35.42857142857143,20.8,83,15,35.9,26.1
1629027,Trae Young,ATL,2024-25,march,Primary Initiator,Primary,Guard,30.0,45.2,36.95652173913044,12.0,73,13,35.4,25.3
201935,James Harden,LAC,2024-25,march,Primary Initiator,Primary,Guard,28.1,34.5,55.75757575757575,42.5,77,16,36.9,25.3
1629627,Zion Williamson,NOP,2024-25,march,Primary Initiator,Primary,Forward,31.8,36.8,0.5847953216374269,23.8,78,8,29.3,25.3
202695,Kawhi Leonard,LAC,2024-25,march,Shot Creator,Scorer,Forward,27.5,14.3,30.107526881720425,16.5,79,13,36.3,25.2
201939,Stephen Curry,GSW,2024-25,march,Movement Shooter,Shooter,Guard,27.4,27.5,63.63636363636363,10.1,74,12,32.4,23.8
1630166,Deni Avdija,POR,2024-25,march,Shot Creator,Scorer,Forward,24.1,21.8,41.891891891891895,14.0,81,13,35.9,23.4
1630559,Austin Reaves,LAL,2024-25,march,Shot Creator,Scorer,Guard,24.5,22.5,46.34146341463415,13.5,77,14,36.6,23.3
1626157,Karl-Anthony Towns,NYK,2024-25,march,Rim Protector,Big,Big,27.3,12.7,29.239766081871345,10.0,84,14,34.8,23.1
1628384,OG Anunoby,NYK,2024-25,march,3&D Wing,Wing,Forward,23.1,10.7,42.69005847953216,5.9,79,15,38.1,23.1
203081,Damian Lillard,MIL,2024-25,march,Stretch Shooter,Shooter,Guard,24.9,26.2,54.77707006369427,,74,10,34.5,23.0
1631114,Jalen Williams,OKC,2024-25,march,Shot Creator,Scorer,Guard,27.7,25.0,29.411764705882355,14.8,77,8,29.4,23.0
1627750,Jamal Murray,DEN,2024-25,march,Shot Creator,Scorer,Guard,22.8,23.1,36.84210526315789,14.6,76,12,37.9,23.0
1630560,Cam Thomas,BKN,2024-25,march,Shot Creator,Scorer,Guard,35.0,33.3,47.0,16.4,75,5,29.1,22.8
1628970,Miles Bridges,CHA,2024-25,march,3&D Wing,Wing,Forward,28.4,23.4,42.54143646408839,9.0,79,16,32.5,22.6
1628378,Donovan Mitchell,CLE,2024-25,march,Primary Initiator,Primary,Guard,30.3,26.8,44.08602150537634,11.4,75,12,32.5,22.5
201942,DeMar DeRozan,SAC,2024-25,march,Shot Creator,Scorer,Forward,26.0,25.4,23.033707865168537,19.9,78,17,36.5,22.5
1629639,Tyler Herro,MIA,2024-25,march,Shot Creator,Scorer,Guard,25.9,23.0,35.88235294117647,13.3,77,16,35.2,22.4
1626164,Devin Booker,PHX,2024-25,march,Shot Creator,Scorer,Forward,26.3,30.6,37.8698224852071,14.0,78,15,37.5,22.3
1629014,Anfernee Simons,POR,2024-25,march,Shot Creator,Scorer,Guard,24.9,19.7,52.40641711229947,18.2,75,14,34.1,22.0
1630532,Franz Wagner,ORL,2024-25,march,Playmaking Big,Big,Big,29.1,21.5,26.203208556149736,7.6,82,15,34.9,22.0
204001,Kristaps Porziņģis,BOS,2024-25,march,Post Scorer,Big,Big,26.8,15.0,35.251798561151084,,86,7,29.1,21.7
2544,LeBron James,LAL,2024-25,march,Shot Creator,Scorer,Forward,27.6,32.9,28.888888888888893,12.8,81,10,36.8,21.6
1630163,LaMelo Ball,CHA,2024-25,march,Primary Initiator,Primary,Forward,32.1,39.8,52.63157894736842,12.2,79,11,31.2,21.5
203952,Andrew Wiggins,MIA,2024-25,march,3&D Wing,Wing,Forward,28.5,16.9,36.70886075949367,10.9,79,9,31.4,21.3
1630224,Jalen Green,HOU,2024-25,march,Role Player,Role,Guard,26.0,19.4,47.19101123595505,,76,17,34.1,21.1
1630217,Desmond Bane,ORL,2024-25,march,Secondary Ball Handler,Secondary,Guard,23.7,23.8,37.888198757763966,7.0,77,15,33.6,20.5
1628991,Jaren Jackson Jr.,MEM,2024-25,march,3&D Wing,Wing,Big,27.0,8.2,31.37254901960784,11.1,82,11,28.0,20.5
1630193,Immanuel Quickley,TOR,2024-25,march,Stretch Shooter,Shooter,Guard,26.3,33.1,53.333333333333336,6.1,74,9,28.4,20.4
1630581,Josh Giddey,CHI,2024-25,march,Secondary Ball Handler,Secondary,Forward,25.2,35.7,28.965517241379313,5.0,80,10,33.1,20.3
1629628,RJ Barrett,TOR,2024-25,march,Secondary Ball Handler,Secondary,Forward,30.2,30.0,33.75,2.7,78,8,29.0,20.1
1628389,Bam Adebayo,MIA,2024-25,march,3&D Wing,Wing,Forward,23.9,18.7,20.945945945945947,8.0,81,17,35.3,20.1
203897,Zach LaVine,SAC,2024-25,march,Secondary Ball Handler,Secondary,Guard,22.2,14.6,43.66197183098592,9.3,77,16,36.2,19.9
1627826,Ivica Zubac,LAC,2024-25,march,Post Scorer,Big,Big,21.6,12.2,0.0,,84,16,34.7,19.9
1628368,De'Aaron Fox,SAS,2024-25,march,Secondary Ball Handler,Secondary,Guard,24.6,26.7,34.35582822085889,10.1,75,7,33.1,19.9
1630169,Tyrese Haliburton,IND,2024-25,march,Role Player,Role,Guard,22.4,48.0,49.28571428571429,,77,11,31.5,19.8
1630230,Naji Marshall,DAL,2024-25,march,3&D Wing,Wing,Forward,23.2,15.8,24.50331125827815,5.6,78,16,34.5,19.8
1642264,Stephon Castle,SAS,2024-25,march,Secondary Ball Handler,Secondary,Forward,29.4,24.4,33.55263157894737,8.4,78,17,28.8,19.5
1630578,Alperen Sengun,HOU,2024-25,march,Shot Creator,Scorer,Big,23.7,22.8,4.225352112676056,14.9,83,16,33.5,19.5
1627783,Pascal Siakam,IND,2024-25,march,Shot Creator,Scorer,Forward,25.0,17.6,27.450980392156865,13.3,80,16,31.8,19.5
1628969,Mikal Bridges,NYK,2024-25,march,3&D Wing,Wing,Forward,21.2,20.8,29.53020134228188,2.3,78,15,36.5,19.5
1629023,P.J. Washington,DAL,2024-25,march,3&D Wing,Wing,Forward,24.8,6.8,33.08270676691729,4.1,78,7,31.2,19.1
1630170,Devin Vassell,SAS,2024-25,march,Movement Shooter,Shooter,Guard,21.2,14.7,51.33333333333333,2.7,77,17,33.2,19.1
1631101,Shaedon Sharpe,POR,2024-25,march,Shot Creator,Scorer,Guard,23.2,11.8,42.857142857142854,12.3,77,15,35.2,18.9
1629673,Jordan Poole,WAS,2024-25,march,Stretch Shooter,Shooter,Guard,27.8,24.3,66.15384615384615,7.9,76,14,24.1,18.6
203944,Julius Randle,MIN,2024-25,march,Shot Creator,Scorer,Forward,23.7,26.9,31.40495867768595,15.8,81,14,30.0,18.6
1630596,Evan Mobley,CLE,2024-25,march,Finisher,Finisher,Big,22.7,16.0,28.78787878787879,4.7,83,13,31.8,18.3
1629636,Darius Garland,CLE,2024-25,march,Secondary Ball Handler,Secondary,Guard,25.1,30.0,47.16981132075472,6.7,73,15,32.3,18.2
1627751,Jakob Poeltl,TOR,2024-25,march,Finisher,Finisher,Big,22.2,17.8,0.9259259259259258,,84,8,24.4,18.1
1630530,Trey Murphy III,NOP,2024-25,march,Secondary Ball Handler,Secondary,Forward,23.6,12.2,48.93617021276596,6.6,80,9,31.6,18.1
203468,CJ McCollum,NOP,2024-25,march,Secondary Ball Handler,Secondary,Guard,26.8,23.2,49.696969696969695,8.8,75,11,30.5,18.1
1629661,Cameron Johnson,BKN,2024-25,march,3&D Wing,Wing,Forward,23.8,24.5,47.014925373134325,,80,13,31.0,18.1
203932,Aaron Gordon,DEN,2024-25,march,Shot Creator,Scorer,Forward,20.3,13.8,44.00000000000001,16.0,80,9,28.6,18.0
1627759,Jaylen Brown,BOS,2024-25,march,Shot Creator,Scorer,Forward,25.7,17.9,31.37254901960784,20.6,78,9,33.7,18.0
1626162,Kelly Oubre Jr.,PHI,2024-25,march,Shot Creator,Scorer,Forward,23.0,10.8,26.76056338028169,12.1,80,5,32.1,18.0
1629012,Collin Sexton,UTA,2024-25,march,Secondary Ball Handler,Secondary,Guard,29.6,29.7,24.305555555555554,5.2,75,12,26.2,17.9
202710,Jimmy Butler III,GSW,2024-25,march,Shot Creator,Scorer,Forward,21.4,31.2,24.786324786324787,17.7,79,14,33.2,17.5
1641718,Keyonte George,UTA,2024-25,march,Shot Creator,Scorer,Guard,24.2,25.7,50.0,12.3,76,12,30.1,17.3
1628370,Malik Monk,SAC,2024-25,march,Secondary Ball Handler,Secondary,Guard,26.1,23.9,41.666666666666664,8.4,75,11,30.8,17.2
1628401,Derrick White,BOS,2024-25,march,Stretch Shooter,Shooter,Guard,20.9,24.3,75.36231884057972,4.7,76,14,34.6,17.1
1630567,Scottie Barnes,TOR,2024-25,march,Finisher,Finisher,Forward,26.8,26.1,19.863013698630137,7.9,79,14,28.6,17.1
1630314,Brandon Williams,DAL,2024-25,march,Secondary Ball Handler,Secondary,Guard,24.2,26.3,28.82882882882883,10.6,73,11,26.0,16.6
1629008,Michael Porter Jr.,DEN,2024-25,march,Movement Shooter,Shooter,Big,18.2,8.3,48.837209302325576,6.9,82,15,34.9,16.6
1642259,Alex Sarr,WAS,2024-25,march,Finisher,Finisher,Big,27.2,13.9,39.597315436241615,5.3,84,17,27.6,16.4
1642258,Zaccharie Risacher,ATL,2024-25,march,Stretch Shooter,Shooter,Forward,21.2,5.0,50.42016806722689,,80,14,27.1,16.3
1631097,Bennedict Mathurin,IND,2024-25,march,Secondary Ball Handler,Secondary,Guard,24.8,9.7,34.21052631578947,9.0,77,12,26.5,16.1
1631128,Christian Braun,DEN,2024-25,march,Finisher,Finisher,Forward,15.9,13.1,33.02752293577982,,78,14,35.2,15.9
1630174,Aaron Nesmith,IND,2024-25,march,Movement Shooter,Shooter,Forward,18.7,5.2,54.54545454545454,,78,16,28.8,15.8
202691,Klay Thompson,DAL,2024-25,march,Movement Shooter,Shooter,Guard,23.5,12.8,56.02836879432624,,77,15,28.9,15.4
1631109,Mark Williams,CHA,2024-25,march,Finisher,Finisher,Big,18.6,16.2,0.0,,84,13,28.5,15.3
1626167,Myles Turner,IND,2024-25,march,Stretch Shooter,Shooter,Big,19.9,6.6,50.96153846153846,,83,15,28.9,15.2
1628415,Dillon Brooks,HOU,2024-25,march,Stretch Shooter,Shooter,Forward,19.0,9.4,54.330708661417326,9.3,78,16,31.5,15.2
1628386,Jarrett Allen,CLE,2024-25,march,Finisher,Finisher,Forward,16.9,10.1,1.162790697674419,,81,16,28.4,15.2
1630168,Onyeka Okongwu,ATL,2024-25,march,3&D Wing,Wing,Big,16.7,9.4,23.58490566037736,1.6,82,14,31.7,15.1
1642271,Kyle Filipowski,UTA,2024-25,march,3&D Wing,Wing,Big,21.9,12.5,46.728971962616825,,83,17,25.7,15.1
202696,Nikola Vučević,CHI,2024-25,march,Post Scorer,Big,Big,20.8,16.2,35.0,,82,11,28.0,15.1
1627736,Malik Beasley,DET,2024-25,march,Stretch Shooter,Shooter,Guard,20.0,8.1,70.24793388429752,,76,15,29.3,15.1
201566,Russell Westbrook,DEN,2024-25,march,Shot Creator,Scorer,Guard,24.9,29.9,38.34586466165413,13.4,76,15,30.5,14.8
1629640,Keldon Johnson,SAS,2024-25,march,3&D Wing,Wing,Guard,21.5,11.2,34.54545454545455,3.9,77,17,25.1,14.6
1630700,Dyson Daniels,ATL,2024-25,march,Finisher,Finisher,Forward,18.6,21.7,23.96694214876033,5.6,79,14,33.6,14.6
203915,Spencer Dinwiddie,DAL,2024-25,march,Role Player,Role,Guard,19.1,26.0,40.70796460176991,,77,16,32.3,14.6
1641708,Amen Thompson,HOU,2024-25,march,Finisher,Finisher,Forward,17.6,18.8,11.76470588235294,9.4,79,9,34.0,14.6
1641764,Brandin Podziemski,GSW,2024-25,march,Stretch Shooter,Shooter,Guard,20.1,14.7,53.78151260504202,6.1,76,10,27.8,14.5
1630202,Payton Pritchard,BOS,2024-25,march,Shot Creator,Scorer,Guard,18.4,14.6,75.43859649122805,12.8,73,14,29.7,14.5
1630200,Tre Jones,CHI,2024-25,march,Finisher,Finisher,Guard,15.6,28.6,13.725490196078432,4.8,73,10,32.6,14.5
1627747,Caris LeVert,ATL,2024-25,march,Secondary Ball Handler,Secondary,Forward,20.3,16.2,47.45762711864406,6.2,78,11,26.6,14.5
1626181,Norman Powell,LAC,2024-25,march,3&D Wing,Wing,Guard,22.3,11.0,42.98245614035088,10.9,76,9,26.2,14.4
1628989,Kevin Huerter,CHI,2024-25,march,Stretch Shooter,Shooter,Forward,18.1,13.4,61.111111111111114,,79,12,33.5,14.4
1631105,Jalen Duren,DET,2024-25,march,Finisher,Finisher,Big,17.1,12.0,0.0,8.9,82,15,27.4,14.4
1642348,Justin Edwards,PHI,2024-25,march,3&D Wing,Wing,Forward,19.9,9.9,42.622950819672134,,79,15,30.5,14.4
202699,Tobias Harris,DET,2024-25,march,3&D Wing,Wing,Forward,16.9,8.9,28.947368421052627,4.2,80,11,32.8,14.3
1631106,Tari Eason,HOU,2024-25,march,3&D Wing,Wing,Forward,19.3,9.4,36.03603603603604,5.0,80,14,27.5,14.2
1628398,Kyle Kuzma,MIL,2024-25,march,3&D Wing,Wing,Forward,20.0,8.3,36.36363636363637,5.1,81,16,32.9,14.2
1629660,Ty Jerome,CLE,2024-25,march,Role Player,Role,Guard,24.5,23.4,38.235294117647065,,77,12,22.1,14.1
1630183,Jaden McDaniels,MIN,2024-25,march,3&D Wing,Wing,Forward,16.5,12.4,32.38095238095238,2.3,81,14,30.2,13.9
203903,Jordan Clarkson,UTA,2024-25,march,3&D Wing,Wing,Guard,29.0,21.2,47.05882352941176,5.2,75,5,22.2,13.8
1629018,Gary Trent Jr.,MIL,2024-25,march,Stretch Shooter,Shooter,Guard,19.2,5.7,69.72477064220183,,77,14,27.4,13.8
201143,Al Horford,BOS,2024-25,march,3&D Wing,Wing,Forward,17.0,15.2,62.13592233009708,,81,10,32.0,13.7
1629631,De'Andre Hunter,CLE,2024-25,march,Stretch Shooter,Shooter,Forward,19.5,7.0,52.68817204301075,7.5,80,15,24.3,13.7
1641824,Matas Buzelis,CHI,2024-25,march,Secondary Ball Handler,Secondary,Big,20.1,9.1,48.62385321100917,4.1,82,15,26.5,13.7
1631099,Keegan Murray,SAC,2024-25,march,Movement Shooter,Shooter,Forward,15.3,5.2,58.03571428571429,4.2,80,17,34.3,13.6
1628978,Donte DiVincenzo,MIN,2024-25,march,Movement Shooter,Shooter,Guard,18.8,21.5,70.87378640776699,1.9,76,14,25.4,13.6
201572,Brook Lopez,MIL,2024-25,march,3&D Wing,Wing,Big,14.7,7.9,38.63636363636363,,85,16,32.4,13.5
1630598,Aaron Wiggins,OKC,2024-25,march,3&D Wing,Wing,Guard,21.8,11.4,49.15254237288135,6.3,77,11,24.8,13.5
1631197,Jared Rhoden,TOR,2024-25,march,Role Player,Role,Guard,17.1,6.0,50.98039215686275,,77,5,29.1,13.4
1631095,Jabari Smith Jr.,HOU,2024-25,march,3&D Wing,Wing,Big,17.6,5.5,46.15384615384615,5.6,82,17,27.9,13.2
1631096,Chet Holmgren,OKC,2024-25,march,Finisher,Finisher,Big,19.9,8.1,31.481481481481477,7.8,85,10,28.9,13.2
203078,Bradley Beal,PHX,2024-25,march,Secondary Ball Handler,Secondary,Guard,20.7,18.9,40.59405940594059,,76,7,27.4,13.1
1630703,Scoot Henderson,POR,2024-25,march,Role Player,Role,Guard,24.2,24.0,43.80165289256198,,75,14,27.3,13.1
1630228,Jonathan Kuminga,GSW,2024-25,march,Shot Creator,Scorer,Forward,26.8,20.8,21.21212121212121,12.6,79,9,21.5,13.1
1641739,Toumani Camara,POR,2024-25,march,3&D Wing,Wing,Forward,15.0,11.0,58.09523809523809,6.3,79,14,34.9,13.1
1627734,Domantas Sabonis,SAC,2024-25,march,Playmaking Big,Big,Big,22.2,23.3,14.14141414141414,,82,8,27.2,13.0
1627832,Fred VanVleet,HOU,2024-25,march,Role Player,Role,Guard,17.0,19.6,65.25423728813558,,72,12,34.6,12.9
201950,Jrue Holiday,BOS,2024-25,march,Role Player,Role,Guard,15.8,19.9,49.523809523809526,10.1,76,11,32.9,12.9
1630288,Jeff Dowtin Jr.,PHI,2024-25,march,Role Player,Role,Guard,19.9,18.9,31.818181818181813,,75,13,21.5,12.8
1630198,Isaiah Joe,OKC,2024-25,march,3&D Wing,Wing,Guard,18.0,11.7,78.88888888888889,,75,14,24.0,12.8
1641729,Brice Sensabaugh,UTA,2024-25,march,Movement Shooter,Shooter,Guard,20.3,12.4,60.86956521739131,2.8,77,17,22.5,12.8
1630583,Santi Aldama,MEM,2024-25,march,Stretch Shooter,Shooter,Big,18.9,19.9,55.96330275229357,,84,8,28.5,12.6
203497,Rudy Gobert,MIN,2024-25,march,Finisher,Finisher,Big,14.3,6.1,0.0,,85,10,30.4,12.6
1626156,D'Angelo Russell,BKN,2024-25,march,Stretch Shooter,Shooter,Guard,22.6,33.0,64.34782608695653,8.7,75,11,26.9,12.5
1627777,Georges Niang,ATL,2024-25,march,Stretch Shooter,Shooter,Forward,20.3,9.7,67.3913043478261,,79,13,21.9,12.5
1629675,Naz Reid,MIN,2024-25,march,Movement Shooter,Shooter,Forward,20.5,13.7,55.172413793103445,3.8,81,14,28.0,12.5
1642266,Ja'Kobe Walter,TOR,2024-25,march,3&D Wing,Wing,Guard,18.7,13.4,49.504950495049506,,77,7,27.9,12.4
1628392,Isaiah Hartenstein,OKC,2024-25,march,Finisher,Finisher,Big,17.5,17.0,3.3707865168539324,,84,14,27.2,12.2
203084,Harrison Barnes,SAS,2024-25,march,3&D Wing,Wing,Forward,16.9,8.2,59.75609756097562,8.0,80,17,24.5,12.2
1630590,Scotty Pippen Jr.,MEM,2024-25,march,Role Player,Role,Guard,18.7,28.9,37.931034482758626,,73,15,24.2,12.1
1630539,Kai Jones,DAL,2024-25,march,Rim Protector,Big,Big,14.1,8.0,4.761904761904762,,83,8,23.6,12.1
203992,Bogdan Bogdanović,LAC,2024-25,march,Role Player,Role,Guard,18.2,17.4,48.31460674157303,,77,16,26.3,12.1
1630175,Cole Anthony,MEM,2024-25,march,Secondary Ball Handler,Secondary,Guard,24.2,22.9,40.0,6.9,74,5,22.9,12.0
1630167,Obi Toppin,IND,2024-25,march,Stretch Shooter,Shooter,Forward,19.5,11.5,53.16455696202531,,81,17,20.5,11.9
203471,Dennis Schröder,DET,2024-25,march,Shot Creator,Scorer,Guard,19.6,30.4,42.85714285714286,14.8,73,15,25.3,11.9
1641733,Nick Smith Jr.,CHA,2024-25,march,Stretch Shooter,Shooter,Guard,21.3,15.9,53.04347826086955,11.6,74,17,27.5,11.9
1631110,Jeremy Sochan,SAS,2024-25,march,3&D Wing,Wing,Forward,19.6,12.1,23.076923076923077,,80,16,24.7,11.8
1642268,Isaiah Collier,UTA,2024-25,march,Shot Creator,Scorer,Guard,19.2,29.7,23.404255319148938,12.5,75,17,29.9,11.7
1630553,Keon Johnson,BKN,2024-25,march,Stretch Shooter,Shooter,Guard,21.1,14.4,51.92307692307693,,77,17,26.4,11.7
1629652,Luguentz Dort,OKC,2024-25,march,3&D Wing,Wing,Guard,13.3,6.0,75.28089887640449,,76,12,30.4,11.7
1630541,Moses Moody,GSW,2024-25,march,Movement Shooter,Shooter,Guard,16.1,10.3,55.434782608695656,4.9,77,15,28.4,11.7
203501,Tim Hardaway Jr.,DET,2024-25,march,Movement Shooter,Shooter,Guard,16.3,7.4,64.8936170212766,2.2,77,14,26.0,11.6
1630702,Jaden Hardy,DAL,2024-25,march,Secondary Ball Handler,Secondary,Guard,24.4,11.5,50.0,,75,9,17.3,11.6
1641717,Cason Wallace,OKC,2024-25,march,3&D Wing,Wing,Guard,14.2,14.6,40.0,4.2,75,13,28.2,11.5
1630215,Jared Butler,PHI,2024-25,march,Role Player,Role,Guard,19.0,26.6,48.93617021276595,,75,16,26.0,11.5
1627780,Gary Payton II,GSW,2024-25,march,Finisher,Finisher,Guard,16.7,10.0,32.89473684210527,,74,11,21.0,11.5
1641774,Tristan Vukcevic,WAS,2024-25,march,Finisher,Finisher,Big,24.8,11.4,44.08602150537634,,84,12,18.5,11.3
1631213,Tyrese Martin,BKN,2024-25,march,3&D Wing,Wing,Forward,17.9,19.0,59.55056179775281,,78,16,24.3,11.3
1629130,Duncan Robinson,MIA,2024-25,march,Movement Shooter,Shooter,Forward,18.2,10.4,73.03370786516854,,79,13,25.2,11.2
203482,Kelly Olynyk,NOP,2024-25,march,Playmaking Big,Big,Big,18.3,21.2,23.076923076923077,,83,13,26.1,11.2
1630548,Johnny Juzang,UTA,2024-25,march,Stretch Shooter,Shooter,Guard,18.8,8.7,57.30337078651685,,77,16,21.6,11.2
203114,Khris Middleton,WAS,2024-25,march,Secondary Ball Handler,Secondary,Forward,21.4,23.8,35.869565217391305,6.1,79,11,21.3,11.2
1629645,Kevin Porter Jr.,MIL,2024-25,march,Secondary Ball Handler,Secondary,Guard,24.7,30.3,36.84210526315789,9.8,76,16,18.9,11.1
1629022,Lonnie Walker IV,PHI,2024-25,march,Stretch Shooter,Shooter,Guard,20.3,18.4,57.14285714285715,,76,10,21.6,11.1
1630533,Ziaire Williams,BKN,2024-25,march,3&D Wing,Wing,Forward,17.6,7.2,68.42105263157895,,81,15,27.2,11.1
1627824,Guerschon Yabusele,PHI,2024-25,march,Role Player,Role,Forward,16.3,13.1,49.39759036144578,,80,14,28.9,11.0
1642273,Kyshawn George,WAS,2024-25,march,Role Player,Role,Forward,17.5,17.4,55.67010309278352,6.1,80,12,28.2,11.0
1629611,Terance Mann,ATL,2024-25,march,3&D Wing,Wing,Guard,16.5,12.2,42.6829268292683,3.7,77,14,23.0,10.9
1630573,Sam Hauser,BOS,2024-25,march,Movement Shooter,Shooter,Forward,14.6,4.8,86.41975308641976,,79,13,24.9,10.9
1641741,Ricky Council IV,PHI,2024-25,march,Role Player,Role,Forward,20.4,10.6,49.504950495049506,,78,16,25.1,10.9
1628404,Josh Hart,NYK,2024-25,march,3&D Wing,Wing,Guard,14.0,21.7,38.14432989690722,,76,15,37.7,10.9
1629622,Max Strus,CLE,2024-25,march,Role Player,Role,Guard,14.7,15.9,74.68354430379746,,77,15,25.9,10.9
1630208,Nick Richards,PHX,2024-25,march,Role Player,Role,Big,19.1,4.7,0.0,,84,12,21.9,10.8
1641722,Jordan Hawkins,NOP,2024-25,march,Movement Shooter,Shooter,Guard,20.2,7.6,67.3469387755102,,77,14,24.8,10.7
1627741,Buddy Hield,GSW,2024-25,march,Movement Shooter,Shooter,Guard,18.4,14.5,70.73170731707317,,76,15,21.7,10.7
1641709,Ausar Thompson,DET,2024-25,march,Finisher,Finisher,Forward,19.5,11.2,9.523809523809524,7.7,78,15,23.0,10.6
1641731,Bilal Coulibaly,WAS,2024-25,march,3&D Wing,Wing,Forward,18.0,7.8,34.0,4.8,80,5,29.0,10.6
1630540,Miles McBride,NYK,2024-25,march,3&D Wing,Wing,Guard,16.9,20.1,51.78571428571429,4.7,73,10,31.2,10.6
1631115,Orlando Robinson,TOR,2024-25,march,Role Player,Role,Big,17.7,15.5,13.636363636363637,,82,14,24.9,10.3
1627884,Derrick Jones Jr.,LAC,2024-25,march,3&D Wing,Wing,Forward,15.5,3.2,46.15384615384615,,78,13,22.3,10.2
1642276,Kel'el Ware,MIA,2024-25,march,3&D Wing,Wing,Big,15.8,5.6,20.77922077922078,,84,14,26.1,10.2
1630570,Trendon Watford,BKN,2024-25,march,Role Player,Role,Forward,20.7,21.5,29.761904761904763,7.8,80,14,23.2,10.2
203110,Draymond Green,GSW,2024-25,march,3&D Wing,Wing,Forward,16.5,25.6,48.8095238095238,,78,15,30.6,10.2
1642347,Jamal Shead,TOR,2024-25,march,3&D Wing,Wing,Guard,19.1,32.1,46.391752577319586,8.2,73,15,23.8,10.2
201144,Mike Conley,MIN,2024-25,march,3&D Wing,Wing,Guard,13.5,20.0,60.655737704918046,,72,12,24.1,10.2
1629614,Andrew Nembhard,IND,2024-25,march,Role Player,Role,Guard,14.7,22.8,41.463414634146346,8.9,76,17,30.5,10.1
1642261,Dalton Knecht,LAL,2024-25,march,Movement Shooter,Shooter,Forward,19.6,10.4,60.759493670886066,6.0,78,17,19.2,10.1
1629634,Brandon Clarke,MEM,2024-25,march,Role Player,Role,Forward,16.9,8.5,0.0,,80,9,19.2,10.1
1629651,Nic Claxton,BKN,2024-25,march,Shot Creator,Scorer,Big,15.3,15.8,3.75,14.1,83,15,28.9,10.1
1641737,Adem Bona,PHI,2024-25,march,Finisher,Finisher,Big,15.6,6.1,0.0,,82,11,21.7,10.0
1641710,Anthony Black,ORL,2024-25,march,Secondary Ball Handler,Secondary,Forward,20.8,18.1,35.064935064935064,4.4,79,15,21.8,10.0
1630557,Corey Kispert,WAS,2024-25,march,Movement Shooter,Shooter,Forward,16.1,11.9,62.82051282051283,,78,8,23.5,10.0
1630534,Ochai Agbaji,TOR,2024-25,march,3&D Wing,Wing,Guard,16.6,11.4,40.86021505376344,,77,6,26.2,10.0
1642274,Yves Missi,NOP,2024-25,march,Finisher,Finisher,Big,15.2,6.8,0.0,,83,12,26.3,9.9
1630556,Kessler Edwards,DAL,2024-25,march,Role Player,Role,Forward,12.1,8.5,37.49999999999999,,79,10,27.2,9.9
1630639,A.J. Lawson,TOR,2024-25,march,Stretch Shooter,Shooter,Forward,18.5,7.4,56.666666666666664,,78,14,22.4,9.8
1629637,Jaxson Hayes,LAL,2024-25,march,Finisher,Finisher,Big,13.1,8.5,1.886792452830189,,84,13,23.5,9.8
1628976,Wendell Carter Jr.,ORL,2024-25,march,3&D Wing,Wing,Big,16.0,7.6,39.743589743589745,,82,15,27.8,9.7
1629216,Gabe Vincent,LAL,2024-25,march,Movement Shooter,Shooter,Guard,14.5,7.6,76.31578947368422,,74,16,24.2,9.7
203083,Andre Drummond,PHI,2024-25,march,Finisher,Finisher,Big,19.9,11.0,15.294117647058824,,83,6,21.5,9.7
1641744,Zach Edey,MEM,2024-25,march,Post Scorer,Big,Big,16.7,6.9,4.166666666666666,,88,15,20.3,9.7
1627827,Dorian Finney-Smith,LAL,2024-25,march,Role Player,Role,Forward,13.0,4.8,74.68354430379746,,79,14,32.0,9.6
1631117,Walker Kessler,UTA,2024-25,march,Finisher,Finisher,Big,15.9,10.6,28.73563218390805,,84,11,28.4,9.5
1642419,Jamison Battle,TOR,2024-25,march,Role Player,Role,Forward,14.4,3.6,73.62637362637363,,79,13,26.7,9.5
1631255,Karlo Matković,NOP,2024-25,march,Finisher,Finisher,Big,16.4,10.7,22.388059701492537,,82,15,21.5,9.5
1631165,Keon Ellis,SAC,2024-25,march,3&D Wing,Wing,Guard,13.2,11.3,64.17910447761194,,76,17,28.2,9.5
1642358,AJ Johnson,WAS,2024-25,march,Role Player,Role,Guard,16.2,17.5,45.238095238095234,,77,12,27.2,9.5
1642267,Bub Carrington,WAS,2024-25,march,Role Player,Role,Guard,17.3,24.9,49.494949494949495,4.8,76,17,29.2,9.4
1630558,Davion Mitchell,MIA,2024-25,march,Shot Creator,Scorer,Guard,14.8,23.7,36.48648648648648,28.6,72,15,30.9,9.4
1631232,Keion Brooks Jr.,NOP,2024-25,march,Role Player,Role,Forward,15.9,8.7,37.142857142857146,,79,5,22.4,9.4
1626145,Tyus Jones,PHX,2024-25,march,3&D Wing,Wing,Guard,15.9,26.7,65.75342465753424,,73,15,21.5,9.4
203935,Marcus Smart,WAS,2024-25,march,Secondary Ball Handler,Secondary,Guard,22.4,28.6,48.684210526315795,4.2,75,11,17.9,9.4
203484,Kentavious Caldwell-Pope,MEM,2024-25,march,3&D Wing,Wing,Guard,11.4,8.0,52.17391304347826,3.1,77,14,30.3,9.4
1642366,Quinten Post,GSW,2024-25,march,Stretch Shooter,Shooter,Big,20.3,10.5,67.0886075949367,,84,15,19.6,9.3
1641720,Jalen Hood-Schifino,PHI,2024-25,march,Stretch Shooter,Shooter,Guard,18.9,16.9,51.31578947368421,,77,8,22.5,9.3
1631108,Max Christie,DAL,2024-25,march,3&D Wing,Wing,Guard,15.4,9.6,56.97674418604651,5.7,77,16,29.0,9.3
1630592,Jalen Wilson,BKN,2024-25,march,3&D Wing,Wing,Forward,17.3,9.9,59.42028985507245,,78,17,20.9,9.2
1628379,Luke Kennard,MEM,2024-25,march,3&D Wing,Wing,Guard,15.2,17.1,44.59459459459459,,77,14,25.1,9.1
1630631,Jose Alvarado,NOP,2024-25,march,Stretch Shooter,Shooter,Guard,19.2,27.8,55.00000000000001,4.2,72,15,26.0,9.1
202685,Jonas Valančiūnas,SAC,2024-25,march,Post Scorer,Big,Big,20.5,15.4,5.333333333333334,,83,17,19.8,9.1
1627936,Alex Caruso,OKC,2024-25,march,3&D Wing,Wing,Guard,16.8,16.2,48.27586206896552,,77,13,18.7,9.1
1631212,Peyton Watson,DEN,2024-25,march,Finisher,Finisher,Forward,14.4,8.0,30.88235294117647,6.7,79,14,24.0,8.9
1629610,DaQuan Jeffries,CHA,2024-25,march,Role Player,Role,Guard,14.7,6.5,53.16455696202531,,77,17,25.9,8.9
1629060,Rui Hachimura,LAL,2024-25,march,3&D Wing,Wing,Forward,12.7,1.1,63.63636363636365,3.7,80,5,25.8,8.8
1626158,Richaun Holmes,WAS,2024-25,march,Role Player,Role,Forward,16.9,14.2,0.0,,81,9,18.2,8.8
1630551,Justin Champagnie,WAS,2024-25,march,3&D Wing,Wing,Forward,13.2,7.5,47.05882352941177,,78,16,24.3,8.8
202692,Alec Burks,MIA,2024-25,march,Role Player,Role,Guard,17.3,9.0,90.47619047619048,,77,10,18.0,8.7
1627752,Taurean Prince,MIL,2024-25,march,3&D Wing,Wing,Forward,12.6,8.4,62.5,,78,16,29.6,8.7
1641732,Colby Jones,WAS,2024-25,march,Role Player,Role,Forward,15.1,15.0,42.59259259259259,,78,9,20.5,8.7
1642354,KJ Simpson,CHA,2024-25,march,3&D Wing,Wing,Guard,17.7,21.1,50.588235294117645,,72,6,27.2,8.7
1629052,Oshae Brissett,PHI,2024-25,march,Role Player,Role,Forward,15.4,4.0,46.15384615384615,,79,6,23.7,8.7
1628971,Bruce Brown,NOP,2024-25,march,Finisher,Finisher,Guard,14.8,13.7,32.43243243243243,4.1,76,13,25.3,8.6
1631222,Jake LaRavia,SAC,2024-25,march,3&D Wing,Wing,Forward,14.5,9.2,53.125,2.5,79,12,22.8,8.6
1629638,Nickeil Alexander-Walker,MIN,2024-25,march,Movement Shooter,Shooter,Guard,16.1,14.8,54.7945205479452,2.9,77,14,23.4,8.5
1642346,Ryan Dunn,PHX,2024-25,march,Stretch Shooter,Shooter,Forward,18.7,4.3,58.666666666666664,,80,13,19.9,8.5
1628380,Zach Collins,CHI,2024-25,march,3&D Wing,Wing,Big,16.4,13.8,33.33333333333333,,83,15,18.7,8.4
1630577,Julian Champagnie,SAS,2024-25,march,Movement Shooter,Shooter,Forward,16.8,10.4,70.42253521126761,,79,17,19.9,8.2
1641842,Ronald Holland II,DET,2024-25,march,3&D Wing,Wing,Forward,19.4,15.1,27.450980392156865,3.8,80,15,15.3,8.1
1642377,Jaylen Wells,MEM,2024-25,march,3&D Wing,Wing,Forward,14.8,9.6,65.4320987654321,3.0,80,16,26.1,8.1
1631157,Ryan Rollins,MIL,2024-25,march,Role Player,Role,Guard,17.1,20.2,52.83018867924528,7.3,75,10,17.1,8.1
1641810,Antonio Reeves,NOP,2024-25,march,Role Player,Role,Guard,17.7,8.5,54.0,,77,9,15.7,8.0
1629643,Chuma Okeke,CLE,2024-25,march,Role Player,Role,Forward,9.2,10.2,67.27272727272727,,79,6,28.2,8.0
1641871,Duop Reath,POR,2024-25,march,Role Player,Role,Forward,15.6,7.8,62.5,,81,15,19.3,7.9
1641730,Noah Clowney,BKN,2024-25,march,Stretch Shooter,Shooter,Forward,20.1,8.1,71.60493827160494,4.6,81,9,21.1,7.9
1630172,Patrick Williams,CHI,2024-25,march,3&D Wing,Wing,Forward,15.7,11.2,55.88235294117647,3.6,79,11,22.0,7.8
1641878,Damion Baugh,CHA,2024-25,march,Role Player,Role,Guard,18.0,22.3,39.784946236559136,,76,6,25.2,7.7
1626220,Royce O'Neale,PHX,2024-25,march,3&D Wing,Wing,Forward,13.3,16.1,87.09677419354838,,78,15,22.0,7.7
101108,Chris Paul,SAS,2024-25,march,Role Player,Role,Guard,12.1,29.5,65.45454545454545,,72,17,25.1,7.6
1630188,Jalen Smith,CHI,2024-25,march,Stretch Shooter,Shooter,Forward,18.8,12.6,55.88235294117647,,81,8,15.8,7.6
203957,Danté Exum,DAL,2024-25,march,Role Player,Role,Guard,19.3,13.1,34.848484848484844,,77,7,18.3,7.6
1630241,Sam Merrill,CLE,2024-25,march,3&D Wing,Wing,Guard,13.7,9.0,85.48387096774192,,76,16,20.2,7.6
1626179,Terry Rozier,MIA,2024-25,march,Stretch Shooter,Shooter,Guard,18.3,16.6,60.0,,73,11,20.9,7.5
1630526,Jeremiah Robinson-Earl,NOP,2024-25,march,3&D Wing,Wing,Forward,13.5,11.0,50.0,,80,12,20.0,7.5
1642275,Tidjane Salaün,CHA,2024-25,march,3&D Wing,Wing,Forward,13.7,10.9,61.22448979591836,,80,10,21.2,7.5
203991,Clint Capela,ATL,2024-25,march,Finisher,Finisher,Big,17.8,5.7,0.0,,82,5,16.9,7.4
1630182,Josh Green,CHA,2024-25,march,3&D Wing,Wing,Guard,12.6,10.0,61.904761904761905,,77,14,26.1,7.3
1628960,Grayson Allen,PHX,2024-25,march,3&D Wing,Wing,Guard,14.1,13.0,70.45454545454545,2.8,76,9,19.3,7.2
1628436,Luke Kornet,BOS,2024-25,march,Finisher,Finisher,Big,11.1,10.2,2.2222222222222223,,85,14,22.2,7.2
204456,T.J. McConnell,IND,2024-25,march,Secondary Ball Handler,Secondary,Guard,20.1,37.7,9.523809523809524,5.9,73,17,16.3,7.2
1631119,Jaylin Williams,OKC,2024-25,march,3&D Wing,Wing,Forward,14.1,18.6,67.3913043478261,,81,14,17.4,7.1
1629599,Amir Coffey,LAC,2024-25,march,Role Player,Role,Forward,14.8,6.6,43.63636363636363,,79,14,18.9,7.0
1642270,Donovan Clingan,POR,2024-25,march,Finisher,Finisher,Big,12.2,8.9,19.29824561403509,,86,14,25.2,7.0
203994,Jusuf Nurkić,CHA,2024-25,march,Finisher,Finisher,Big,19.9,20.0,21.052631578947366,,84,15,16.1,6.9
1630658,Colin Castleton,TOR,2024-25,march,Rim Protector,Big,Big,12.8,9.9,14.035087719298245,,82,10,25.9,6.9
1627739,Kris Dunn,LAC,2024-25,march,3&D Wing,Wing,Guard,13.1,13.8,53.125,3.9,75,15,25.6,6.9
202709,Cory Joseph,ORL,2024-25,march,Role Player,Role,Guard,12.6,17.3,64.81481481481481,,74,13,21.8,6.8
1631246,Vince Williams Jr.,MEM,2024-25,march,3&D Wing,Wing,Guard,15.7,13.7,63.07692307692307,,76,13,20.1,6.8
1631230,Dominick Barlow,ATL,2024-25,march,3&D Wing,Wing,Forward,14.2,7.9,19.565217391304348,,80,10,15.7,6.8
1630249,Vít Krejčí,ATL,2024-25,march,Movement Shooter,Shooter,Forward,12.2,16.8,82.92682926829269,,80,10,18.8,6.8
203486,Mason Plumlee,PHX,2024-25,march,Role Player,Role,Big,13.6,10.9,2.857142857142857,,82,11,16.4,6.7
1642367,Jonathan Mogbo,TOR,2024-25,march,Role Player,Role,Forward,14.4,16.5,16.417910447761194,,81,9,22.9,6.7
1629026,Kenrich Williams,OKC,2024-25,march,3&D Wing,Wing,Forward,12.7,11.4,45.28301886792453,,78,15,20.0,6.7
201599,DeAndre Jordan,DEN,2024-25,march,Rim Protector,Big,Big,13.4,16.7,0.0,,83,5,18.6,6.6
1630191,Isaiah Stewart,DET,2024-25,march,Finisher,Finisher,Forward,13.1,13.1,9.30232558139535,,80,14,18.1,6.6
1631131,Oscar Tshiebwe,UTA,2024-25,march,Role Player,Role,Forward,13.0,6.5,0.0,,80,7,18.8,6.6
1626168,Trey Lyles,SAC,2024-25,march,Role Player,Role,Forward,14.8,14.7,53.703703703703695,,81,15,18.5,6.5
1631243,Mouhamed Gueye,ATL,2024-25,march,3&D Wing,Wing,Big,14.3,6.6,53.84615384615385,,82,12,17.8,6.4
1626166,Cameron Payne,NYK,2024-25,march,Stretch Shooter,Shooter,Guard,19.8,26.1,58.46153846153845,,75,13,16.5,6.4
1641713,GG Jackson,MEM,2024-25,march,3&D Wing,Wing,Forward,20.2,9.0,50.0,,81,9,16.3,6.3
1629013,Landry Shamet,NYK,2024-25,march,3&D Wing,Wing,Guard,14.7,2.6,63.63636363636363,,76,15,18.1,6.3
1631248,Baylor Scheierman,BOS,2024-25,march,3&D Wing,Wing,Forward,12.0,13.3,88.37209302325581,,78,10,17.3,6.3
203937,Kyle Anderson,MIA,2024-25,march,Shot Creator,Scorer,Forward,16.3,23.4,15.686274509803924,12.6,81,11,17.7,6.2
1631260,AJ Green,MIL,2024-25,march,Movement Shooter,Shooter,Guard,11.5,11.9,88.23529411764707,,76,15,22.5,6.1
1630549,Day'Ron Sharpe,BKN,2024-25,march,Finisher,Finisher,Forward,15.1,17.7,13.79310344827586,3.7,81,13,19.5,6.1
1630692,Jordan Goodwin,LAL,2024-25,march,3&D Wing,Wing,Guard,12.2,10.7,50.98039215686275,,77,14,20.8,6.1
1641798,Jaylen Martin,WAS,2024-25,march,Role Player,Role,Forward,15.2,11.6,31.481481481481477,,78,10,18.1,6.0
1629680,Matisse Thybulle,POR,2024-25,march,Role Player,Role,Guard,14.3,12.5,63.04347826086957,,77,8,15.1,6.0
1641721,Maxwell Lewis,BKN,2024-25,march,Role Player,Role,Forward,15.4,8.3,50.0,,79,12,15.7,5.9
1630611,Gui Santos,GSW,2024-25,march,3&D Wing,Wing,Forward,13.7,14.8,48.83720930232558,,78,15,16.6,5.9
1629312,Haywood Highsmith,MIA,2024-25,march,Role Player,Role,Guard,10.9,10.0,56.86274509803921,,77,16,26.8,5.8
203552,Seth Curry,CHA,2024-25,march,Role Player,Role,Guard,14.1,13.2,50.98039215686275,,73,14,17.4,5.8
1630171,Isaac Okoro,CLE,2024-25,march,3&D Wing,Wing,Guard,13.3,5.9,58.139534883720934,,77,16,17.1,5.8
201587,Nicolas Batum,LAC,2024-25,march,3&D Wing,Wing,Forward,9.4,5.9,88.8888888888889,,80,16,20.5,5.8
1631207,Dalen Terry,CHI,2024-25,march,3&D Wing,Wing,Forward,15.0,13.7,43.75000000000001,,79,15,16.0,5.7
1642345,Oso Ighodaro,PHX,2024-25,march,Finisher,Finisher,Big,9.5,9.5,0.0,8.5,84,11,23.6,5.7
1631170,Jaime Jaquez Jr.,MIA,2024-25,march,Shot Creator,Scorer,Forward,19.0,16.9,20.0,14.8,78,13,15.8,5.6
1631323,Simone Fontecchio,DET,2024-25,march,Movement Shooter,Shooter,Forward,13.2,7.7,60.00000000000001,,79,15,15.9,5.5
1631221,Collin Gillespie,PHX,2024-25,march,Role Player,Role,Guard,15.2,25.3,59.57446808510638,3.3,73,15,15.3,5.5
1642262,Cody Williams,UTA,2024-25,march,3&D Wing,Wing,Forward,12.8,5.7,57.37704918032788,,79,16,22.8,5.4
1642024,Alex Reese,PHI,2024-25,march,Role Player,Role,Forward,11.5,2.0,74.35897435897436,,81,11,16.4,5.2
1631111,Wendell Moore Jr.,CHA,2024-25,march,Role Player,Role,Guard,13.3,13.3,33.33333333333333,,77,9,17.2,5.1
202687,Bismack Biyombo,SAS,2024-25,march,Role Player,Role,Forward,10.6,9.7,0.0,,80,14,18.6,4.9
1629004,Svi Mykhailiuk,UTA,2024-25,march,3&D Wing,Wing,Forward,17.2,18.3,63.934426229508205,,79,9,17.2,4.9
203500,Steven Adams,HOU,2024-25,march,Finisher,Finisher,Big,12.3,9.5,3.225806451612903,,83,14,16.9,4.9
1629731,Dean Wade,CLE,2024-25,march,3&D Wing,Wing,Forward,9.8,4.8,84.61538461538461,,81,16,18.9,4.8
1628997,Caleb Martin,DAL,2024-25,march,3&D Wing,Wing,Guard,13.1,13.3,20.930232558139537,,77,8,17.6,4.6
1628998,Cody Martin,PHX,2024-25,march,Role Player,Role,Forward,15.8,10.5,54.16666666666667,,78,8,15.1,4.6
1629020,Jarred Vanderbilt,LAL,2024-25,march,3&D Wing,Wing,Forward,11.8,10.8,28.20512820512821,,80,16,17.2,4.6
1630695,Micah Potter,UTA,2024-25,march,Role Player,Role,Forward,12.3,6.7,67.44186046511628,,81,7,19.2,4.6
1630550,JT Thor,WAS,2024-25,march,Role Player,Role,Forward,12.7,5.5,31.91489361702127,,81,6,17.5,4.5
1630231,KJ Martin,UTA,2024-25,march,Role Player,Role,Forward,10.1,10.0,40.0,,78,13,21.7,4.5
1629011,Mitchell Robinson,NYK,2024-25,march,Finisher,Finisher,Big,10.1,5.6,0.0,,84,12,16.3,4.4
1641763,Julian Phillips,CHI,2024-25,march,Role Player,Role,Forward,10.1,5.5,51.35135135135135,,80,15,17.3,4.4
1641767,Ben Sheppard,IND,2024-25,march,3&D Wing,Wing,Forward,11.0,12.3,72.5,,78,17,17.5,3.9
203939,Dwight Powell,DAL,2024-25,march,Finisher,Finisher,Big,7.9,15.6,5.2631578947368425,,82,15,15.2,3.4
1641736,Reece Beekman,BKN,2024-25,march,Role Player,Role,Guard,12.0,11.1,43.74999999999999,,75,5,15.2,3.4
1630579,Jericho Sims,MIL,2024-25,march,Finisher,Finisher,Big,8.1,9.1,0.0,,82,9,15.3,3.3
1627732,Ben Simmons,LAC,2024-25,march,Role Player,Role,Big,10.5,18.9,0.0,,82,8,15.8,2.0
203999,Nikola Jokić,DEN,2024-25,april,Primary Initiator,Primary,Big,29.5,39.6,31.0,5.3,83,6,39.7,33.2
203507,Giannis Antetokounmpo,MIL,2024-25,april,Primary Initiator,Primary,Big,30.5,46.1,10.6951871657754,10.9,83,6,36.5,31.8
1629029,Luka Dončić,LAL,2024-25,april,Primary Initiator,Primary,Forward,32.1,27.6,44.00000000000001,16.0,78,6,35.2,31.8
1630162,Anthony Edwards,MIN,2024-25,april,Primary Initiator,Primary,Guard,29.6,17.2,56.8075117370892,23.4,76,7,38.3,31.4
1629630,Ja Morant,MEM,2024-25,april,Primary Initiator,Primary,Guard,35.5,29.9,40.70796460176991,14.1,74,5,32.4,30.2
1626164,Devin Booker,PHX,2024-25,april,Primary Initiator,Primary,Forward,33.4,34.7,25.0,14.0,78,6,36.6,29.2
201939,Stephen Curry,GSW,2024-25,april,Primary Initiator,Primary,Guard,31.4,31.3,60.19900497512437,10.1,74,8,32.9,29.1
1631101,Shaedon Sharpe,POR,2024-25,april,Primary Initiator,Primary,Guard,31.1,20.3,42.34234234234234,12.3,77,5,35.4,28.8
203897,Zach LaVine,SAC,2024-25,april,Movement Shooter,Shooter,Guard,26.3,16.6,46.1139896373057,9.3,77,7,37.9,27.4
202695,Kawhi Leonard,LAC,2024-25,april,Shot Creator,Scorer,Forward,29.6,14.6,27.17948717948718,16.5,79,6,35.9,26.7
1626157,Karl-Anthony Towns,NYK,2024-25,april,Role Player,Role,Big,28.3,10.3,15.476190476190476,10.0,84,5,35.0,26.6
1629639,Tyler Herro,MIA,2024-25,april,Shot Creator,Scorer,Guard,29.8,20.0,29.670329670329675,13.3,77,5,33.0,26.4
1631114,Jalen Williams,OKC,2024-25,april,Primary Initiator,Primary,Guard,28.7,16.7,23.958333333333332,14.8,77,5,33.2,26.2
201935,James Harden,LAC,2024-25,april,Shot Creator,Scorer,Guard,27.2,36.6,38.32335329341318,42.5,77,7,37.3,25.9
1629027,Trae Young,ATL,2024-25,april,Primary Initiator,Primary,Guard,28.1,49.4,48.63387978142077,12.0,73,7,35.5,25.9
2544,LeBron James,LAL,2024-25,april,Shot Creator,Scorer,Forward,27.4,29.9,30.67484662576687,12.8,81,6,33.4,24.7
1630217,Desmond Bane,ORL,2024-25,april,Movement Shooter,Shooter,Guard,24.8,20.3,45.05494505494505,7.0,77,6,34.6,24.2
1628389,Bam Adebayo,MIA,2024-25,april,3&D Wing,Wing,Forward,27.6,22.1,24.73118279569892,8.0,81,5,32.8,23.8
1630559,Austin Reaves,LAL,2024-25,april,Shot Creator,Scorer,Guard,21.9,17.9,59.859154929577464,13.5,77,6,36.6,23.2
201942,DeMar DeRozan,SAC,2024-25,april,Primary Initiator,Primary,Forward,28.7,21.9,22.279792746113987,19.9,78,7,35.9,23.1
1628384,OG Anunoby,NYK,2024-25,april,3&D Wing,Wing,Forward,24.7,12.9,44.171779141104295,5.9,79,6,35.7,22.3
1629632,Coby White,CHI,2024-25,april,Secondary Ball Handler,Secondary,Guard,24.0,22.1,37.878787878787875,7.7,77,6,31.1,22.0
1629656,Quentin Grimes,PHI,2024-25,april,3&D Wing,Wing,Guard,27.5,25.6,50.0,10.4,76,6,35.5,22.0
203932,Aaron Gordon,DEN,2024-25,april,Shot Creator,Scorer,Forward,21.4,15.2,32.33082706766917,16.0,80,6,36.1,20.3
202710,Jimmy Butler III,GSW,2024-25,april,Shot Creator,Scorer,Forward,18.1,22.9,18.0,17.7,79,8,34.4,20.3
1627734,Domantas Sabonis,SAC,2024-25,april,Playmaking Big,Big,Big,21.6,28.0,14.50381679389313,,82,7,34.1,20.0
1627826,Ivica Zubac,LAC,2024-25,april,Post Scorer,Big,Big,19.7,15.9,0.0,,84,7,34.3,19.9
1629636,Darius Garland,CLE,2024-25,april,Secondary Ball Handler,Secondary,Guard,25.8,33.9,44.87179487179488,6.7,73,5,31.9,19.8
1628991,Jaren Jackson Jr.,MEM,2024-25,april,3&D Wing,Wing,Big,24.1,5.8,40.60606060606061,11.1,82,6,33.9,19.5
203497,Rudy Gobert,MIN,2024-25,april,Finisher,Finisher,Big,16.2,6.4,0.0,,85,7,36.2,19.4
1642264,Stephon Castle,SAS,2024-25,april,Secondary Ball Handler,Secondary,Forward,25.7,35.1,30.71428571428571,8.4,78,8,33.3,18.9
1631128,Christian Braun,DEN,2024-25,april,Finisher,Finisher,Forward,15.5,13.6,29.914529914529915,,78,6,38.7,18.7
202696,Nikola Vučević,CHI,2024-25,april,Playmaking Big,Big,Big,23.8,22.7,22.377622377622377,,82,6,28.6,18.7
1641774,Tristan Vukcevic,WAS,2024-25,april,Finisher,Finisher,Big,27.9,15.9,33.89830508474576,,84,5,25.0,18.6
1630169,Tyrese Haliburton,IND,2024-25,april,Stretch Shooter,Shooter,Guard,19.7,43.6,57.14285714285715,,77,5,32.8,18.6
203084,Harrison Barnes,SAS,2024-25,april,Stretch Shooter,Shooter,Forward,18.5,6.2,60.0,8.0,80,8,29.9,18.5
1629022,Lonnie Walker IV,PHI,2024-25,april,Stretch Shooter,Shooter,Guard,23.3,16.0,61.224489795918366,,76,7,30.9,18.4
1630567,Scottie Barnes,TOR,2024-25,april,Finisher,Finisher,Forward,29.0,28.7,20.0,7.9,79,5,27.8,18.4
1630596,Evan Mobley,CLE,2024-25,april,Finisher,Finisher,Big,22.7,18.6,37.878787878787875,4.7,83,5,32.9,18.2
1641718,Keyonte George,UTA,2024-25,april,Shot Creator,Scorer,Guard,23.6,18.9,56.86274509803921,12.3,76,6,34.4,18.0
1631096,Chet Holmgren,OKC,2024-25,april,Finisher,Finisher,Big,20.5,10.3,38.88888888888889,7.8,85,5,28.7,17.6
1630631,Jose Alvarado,NOP,2024-25,april,Primary Initiator,Primary,Guard,31.5,30.7,51.28205128205129,4.2,72,5,26.9,17.6
1642267,Bub Carrington,WAS,2024-25,april,Stretch Shooter,Shooter,Guard,20.5,28.7,53.333333333333336,4.8,76,7,37.8,17.6
203944,Julius Randle,MIN,2024-25,april,Shot Creator,Scorer,Forward,21.8,20.6,41.6058394160584,15.8,81,7,34.5,17.6
1641764,Brandin Podziemski,GSW,2024-25,april,Stretch Shooter,Shooter,Guard,20.1,21.1,50.3875968992248,6.1,76,8,32.3,17.4
1641729,Brice Sensabaugh,UTA,2024-25,april,Movement Shooter,Shooter,Guard,20.6,12.9,72.5925925925926,2.8,77,6,32.4,17.2
1629631,De'Andre Hunter,CLE,2024-25,april,3&D Wing,Wing,Forward,24.0,8.9,50.0,7.5,80,5,27.0,17.0
1629008,Michael Porter Jr.,DEN,2024-25,april,Movement Shooter,Shooter,Big,18.7,6.3,50.793650793650805,6.9,82,5,34.7,17.0
1630202,Payton Pritchard,BOS,2024-25,april,Shot Creator,Scorer,Guard,22.6,28.0,51.53846153846155,12.8,73,7,29.7,17.0
1629645,Kevin Porter Jr.,MIL,2024-25,april,Secondary Ball Handler,Secondary,Guard,23.0,28.8,26.126126126126124,9.8,76,7,26.8,16.9
1626167,Myles Turner,IND,2024-25,april,Stretch Shooter,Shooter,Big,22.9,6.4,53.91304347826087,,83,6,27.7,16.8
1641810,Antonio Reeves,NOP,2024-25,april,Role Player,Role,Guard,19.8,7.7,49.26470588235294,,77,7,33.3,16.6
1630551,Justin Champagnie,WAS,2024-25,april,3&D Wing,Wing,Forward,17.3,4.9,43.96551724137931,,78,7,34.5,16.3
1630168,Onyeka Okongwu,ATL,2024-25,april,3&D Wing,Wing,Big,17.9,9.4,33.94495412844037,1.6,82,7,34.3,16.1
1630625,Dalano Banton,POR,2024-25,april,Role Player,Role,Forward,25.5,20.8,44.2528735632184,,80,7,33.2,16.0
1628401,Derrick White,BOS,2024-25,april,Stretch Shooter,Shooter,Guard,20.1,28.0,74.13793103448276,4.7,76,5,33.3,16.0
1627736,Malik Beasley,DET,2024-25,april,Stretch Shooter,Shooter,Guard,22.6,5.9,71.81208053691275,,76,7,28.5,15.9
1630598,Aaron Wiggins,OKC,2024-25,april,3&D Wing,Wing,Guard,24.5,13.4,42.27642276422764,6.3,77,6,26.1,15.8
203994,Jusuf Nurkić,CHA,2024-25,april,Playmaking Big,Big,Big,30.0,25.8,19.65811965811966,,84,6,22.3,15.5
1641737,Adem Bona,PHI,2024-25,april,Finisher,Finisher,Big,17.3,4.5,1.1235955056179776,,82,7,31.6,15.4
1627747,Caris LeVert,ATL,2024-25,april,Secondary Ball Handler,Secondary,Forward,22.1,18.9,39.63963963963965,6.2,78,7,25.5,15.3
1630224,Jalen Green,HOU,2024-25,april,Role Player,Role,Guard,27.4,17.7,37.956204379562045,,76,6,25.2,15.2
201572,Brook Lopez,MIL,2024-25,april,3&D Wing,Wing,Big,19.7,8.7,36.69724770642201,,85,7,29.9,14.9
1630570,Trendon Watford,BKN,2024-25,april,Role Player,Role,Forward,24.4,24.8,15.30612244897959,7.8,80,6,26.2,14.8
1631097,Bennedict Mathurin,IND,2024-25,april,Secondary Ball Handler,Secondary,Guard,24.8,12.0,31.57894736842105,9.0,77,5,27.1,14.8
1630170,Devin Vassell,SAS,2024-25,april,Movement Shooter,Shooter,Guard,21.5,9.3,59.374999999999986,2.7,77,5,30.8,14.8
1630700,Dyson Daniels,ATL,2024-25,april,Finisher,Finisher,Forward,18.5,19.4,20.689655172413794,5.6,79,7,33.0,14.7
1631288,Jamal Cain,NOP,2024-25,april,Role Player,Role,Forward,22.6,5.6,43.11926605504588,,78,7,25.1,14.7
1626181,Norman Powell,LAC,2024-25,april,3&D Wing,Wing,Guard,20.2,4.0,40.0,10.9,76,6,35.1,14.3
1641739,Toumani Camara,POR,2024-25,april,3&D Wing,Wing,Forward,17.5,12.1,52.5,6.3,79,6,29.5,14.3
1630215,Jared Butler,PHI,2024-25,april,Role Player,Role,Guard,24.0,31.0,43.84615384615385,,75,7,28.0,14.3
1628989,Kevin Huerter,CHI,2024-25,april,3&D Wing,Wing,Forward,15.5,13.5,60.0,,79,6,30.1,14.2
201566,Russell Westbrook,DEN,2024-25,april,Shot Creator,Scorer,Guard,26.1,26.4,33.33333333333333,13.4,76,7,26.8,14.1
1628398,Kyle Kuzma,MIL,2024-25,april,3&D Wing,Wing,Forward,22.3,11.3,43.689320388349515,5.1,81,8,26.5,14.1
1630174,Aaron Nesmith,IND,2024-25,april,Movement Shooter,Shooter,Forward,19.0,3.9,48.387096774193544,,78,6,24.9,14.0
203078,Bradley Beal,PHX,2024-25,april,Secondary Ball Handler,Secondary,Guard,20.7,19.4,48.4375,,76,5,31.5,14.0
1630577,Julian Champagnie,SAS,2024-25,april,Movement Shooter,Shooter,Forward,17.3,7.3,67.96116504854368,,79,8,28.3,14.0
1642271,Kyle Filipowski,UTA,2024-25,april,3&D Wing,Wing,Big,23.0,12.2,37.956204379562045,,83,6,28.9,14.0
1628969,Mikal Bridges,NYK,2024-25,april,3&D Wing,Wing,Forward,18.2,20.0,30.27522935779816,2.3,78,8,31.4,14.0
1628960,Grayson Allen,PHX,2024-25,april,Stretch Shooter,Shooter,Guard,23.0,15.9,58.653846153846146,2.8,76,7,24.3,13.9
1642258,Zaccharie Risacher,ATL,2024-25,april,3&D Wing,Wing,Forward,22.1,6.9,44.03669724770642,,80,8,23.0,13.8
1630548,Johnny Juzang,UTA,2024-25,april,Role Player,Role,Guard,18.0,7.6,66.92913385826772,,77,6,31.0,13.7
1631255,Karlo Matković,NOP,2024-25,april,Finisher,Finisher,Big,21.1,8.7,32.6530612244898,,82,5,22.5,13.6
1641824,Matas Buzelis,CHI,2024-25,april,3&D Wing,Wing,Big,18.0,7.8,44.9438202247191,4.1,82,7,27.7,13.4
1626192,Pat Connaughton,MIL,2024-25,april,Role Player,Role,Guard,24.1,17.5,34.78260869565218,,77,5,19.1,13.4
1629659,Talen Horton-Tucker,CHI,2024-25,april,Role Player,Role,Guard,21.5,16.0,37.34939759036144,,76,7,22.0,13.3
203501,Tim Hardaway Jr.,DET,2024-25,april,Movement Shooter,Shooter,Guard,16.3,7.1,69.81132075471699,2.2,77,7,29.8,13.3
1630590,Scotty Pippen Jr.,MEM,2024-25,april,Role Player,Role,Guard,19.1,24.0,32.608695652173914,,73,6,27.7,13.2
1631232,Keion Brooks Jr.,NOP,2024-25,april,Role Player,Role,Forward,17.4,4.3,39.80582524271844,,79,7,30.0,13.0
1630553,Keon Johnson,BKN,2024-25,april,Stretch Shooter,Shooter,Guard,23.0,29.2,57.14285714285714,,77,5,24.7,13.0
1630230,Naji Marshall,DAL,2024-25,april,3&D Wing,Wing,Forward,17.4,22.4,28.57142857142857,5.6,78,6,32.8,13.0
1642259,Alex Sarr,WAS,2024-25,april,Finisher,Finisher,Big,26.8,18.9,38.059701492537314,5.3,84,7,27.1,12.9
1630639,A.J. Lawson,TOR,2024-25,april,Role Player,Role,Forward,19.4,12.9,45.0,,78,7,22.4,12.6
1630558,Davion Mitchell,MIA,2024-25,april,Shot Creator,Scorer,Guard,15.6,28.7,38.70967741935484,28.6,72,7,31.8,12.6
1641709,Ausar Thompson,DET,2024-25,april,Finisher,Finisher,Forward,17.8,14.8,8.16326530612245,7.7,78,6,28.3,12.5
1629013,Landry Shamet,NYK,2024-25,april,3&D Wing,Wing,Guard,17.4,4.3,82.35294117647058,,76,8,23.3,12.3
203552,Seth Curry,CHA,2024-25,april,Role Player,Role,Guard,15.8,9.5,51.51515151515152,,73,5,21.8,12.2
1631105,Jalen Duren,DET,2024-25,april,Finisher,Finisher,Big,17.0,19.8,0.0,8.9,82,6,27.1,12.2
1628978,Donte DiVincenzo,MIN,2024-25,april,Movement Shooter,Shooter,Guard,21.8,15.3,71.57894736842105,1.9,76,6,23.9,12.0
1629130,Duncan Robinson,MIA,2024-25,april,Movement Shooter,Shooter,Forward,19.1,8.9,77.27272727272727,,79,6,20.8,12.0
1629640,Keldon Johnson,SAS,2024-25,april,3&D Wing,Wing,Guard,23.6,13.5,29.464285714285715,3.9,77,6,23.8,12.0
1629018,Gary Trent Jr.,MIL,2024-25,april,3&D Wing,Wing,Guard,16.6,8.3,68.81720430107526,,77,7,26.7,11.9
1631108,Max Christie,DAL,2024-25,april,3&D Wing,Wing,Guard,18.4,8.3,45.91836734693877,5.7,77,6,29.7,11.8
1629675,Naz Reid,MIN,2024-25,april,3&D Wing,Wing,Forward,20.9,11.8,45.0,3.8,81,6,25.7,11.8
1631166,Drew Timme,BKN,2024-25,april,Role Player,Role,Big,21.0,13.9,34.95934959349593,,82,6,30.0,11.7
1642419,Jamison Battle,TOR,2024-25,april,Role Player,Role,Forward,14.8,7.3,74.46808510638297,,79,7,29.1,11.6
1642276,Kel'el Ware,MIA,2024-25,april,3&D Wing,Wing,Big,17.2,4.8,14.14141414141414,,84,7,27.4,11.6
1630573,Sam Hauser,BOS,2024-25,april,Movement Shooter,Shooter,Forward,16.7,3.5,73.56321839080461,,79,7,24.6,11.6
1641715,Cam Whitmore,HOU,2024-25,april,Finisher,Finisher,Forward,23.1,9.6,45.83333333333333,6.7,79,6,16.7,11.5
1628404,Josh Hart,NYK,2024-25,april,3&D Wing,Wing,Guard,15.7,24.8,32.99999999999999,,76,6,36.8,11.5
1629655,Daniel Gafford,DAL,2024-25,april,Finisher,Finisher,Big,19.8,9.6,0.0,,82,5,18.4,11.4
1630198,Isaiah Joe,OKC,2024-25,april,3&D Wing,Wing,Guard,15.3,13.4,84.33734939759036,,75,6,25.4,11.3
1642358,AJ Johnson,WAS,2024-25,april,Role Player,Role,Guard,18.7,15.6,41.32231404958678,,77,7,34.5,11.3
1629638,Nickeil Alexander-Walker,MIN,2024-25,april,Movement Shooter,Shooter,Guard,15.2,20.5,66.25,2.9,77,7,27.8,11.3
202692,Alec Burks,MIA,2024-25,april,Stretch Shooter,Shooter,Guard,21.0,8.7,74.11764705882354,,77,6,20.4,11.0
203992,Bogdan Bogdanović,LAC,2024-25,april,Role Player,Role,Guard,17.1,17.8,53.24675324675325,,77,7,23.0,11.0
203471,Dennis Schröder,DET,2024-25,april,Shot Creator,Scorer,Guard,17.5,21.2,36.89320388349514,14.8,73,6,32.0,11.0
1642346,Ryan Dunn,PHX,2024-25,april,Stretch Shooter,Shooter,Forward,18.5,4.8,61.6822429906542,,80,7,28.1,11.0
1631157,Ryan Rollins,MIL,2024-25,april,Role Player,Role,Guard,19.6,21.7,42.857142857142854,7.3,75,7,23.0,10.9
1641710,Anthony Black,ORL,2024-25,april,3&D Wing,Wing,Forward,19.7,16.8,28.037383177570096,4.4,79,6,27.5,10.8
1630228,Jonathan Kuminga,GSW,2024-25,april,Shot Creator,Scorer,Forward,25.5,16.2,29.03225806451613,12.6,79,6,19.8,10.8
1641787,Tosan Evbuomwan,BKN,2024-25,april,Role Player,Role,Forward,19.3,20.7,37.49999999999999,,79,6,24.9,10.8
1630540,Miles McBride,NYK,2024-25,april,Stretch Shooter,Shooter,Guard,19.2,21.2,62.7450980392157,4.7,73,5,24.6,10.8
1629004,Svi Mykhailiuk,UTA,2024-25,april,3&D Wing,Wing,Forward,15.6,18.0,61.64383561643836,,79,6,23.8,10.7
203484,Kentavious Caldwell-Pope,MEM,2024-25,april,3&D Wing,Wing,Guard,14.5,15.3,75.00000000000001,3.1,77,5,21.7,10.6
203915,Spencer Dinwiddie,DAL,2024-25,april,Role Player,Role,Guard,17.2,31.8,50.0,,77,5,32.2,10.6
1631221,Collin Gillespie,PHX,2024-25,april,Stretch Shooter,Shooter,Guard,18.6,18.1,64.04494382022472,3.3,73,7,23.5,10.6
1628436,Luke Kornet,BOS,2024-25,april,Finisher,Finisher,Big,17.3,10.4,1.351351351351351,,85,7,22.1,10.6
1642367,Jonathan Mogbo,TOR,2024-25,april,Role Player,Role,Forward,16.8,25.1,18.01801801801802,,81,7,32.7,10.4
1631115,Orlando Robinson,TOR,2024-25,april,Role Player,Role,Big,20.4,13.6,34.78260869565218,,82,5,23.8,10.4
1642347,Jamal Shead,TOR,2024-25,april,Secondary Ball Handler,Secondary,Guard,20.2,34.4,42.727272727272734,8.2,73,6,28.2,10.3
1642270,Donovan Clingan,POR,2024-25,april,Finisher,Finisher,Big,13.1,11.8,20.0,,86,7,27.9,10.3
1631133,Jabari Walker,POR,2024-25,april,3&D Wing,Wing,Forward,17.3,5.8,24.285714285714285,,79,7,21.5,10.3
1631217,Moussa Diabaté,CHA,2024-25,april,Finisher,Finisher,Forward,18.3,3.2,6.060606060606061,,81,5,20.0,10.2
101108,Chris Paul,SAS,2024-25,april,Role Player,Role,Guard,17.6,28.8,50.0,,72,8,27.6,10.0
1641854,Craig Porter Jr.,CLE,2024-25,april,Secondary Ball Handler,Secondary,Guard,21.8,17.5,31.70731707317074,,73,5,20.8,10.0
1629622,Max Strus,CLE,2024-25,april,Role Player,Role,Guard,14.8,17.8,84.21052631578948,,77,5,28.8,10.0
1630583,Santi Aldama,MEM,2024-25,april,3&D Wing,Wing,Big,13.6,14.0,69.44444444444444,,84,6,27.4,10.0
1630167,Obi Toppin,IND,2024-25,april,Stretch Shooter,Shooter,Forward,22.5,14.3,52.87356321839081,,81,7,19.5,9.9
1630172,Patrick Williams,CHI,2024-25,april,3&D Wing,Wing,Forward,17.4,10.3,51.94805194805194,3.6,79,7,22.1,9.9
1631106,Tari Eason,HOU,2024-25,april,3&D Wing,Wing,Forward,20.8,15.0,31.25,5.0,80,5,21.2,9.8
1628386,Jarrett Allen,CLE,2024-25,april,Finisher,Finisher,Forward,16.2,11.3,1.694915254237288,,81,7,22.5,9.7
1626145,Tyus Jones,PHX,2024-25,april,Stretch Shooter,Shooter,Guard,19.5,24.1,61.25000000000001,,73,7,20.0,9.7
1641716,Jarace Walker,IND,2024-25,april,3&D Wing,Wing,Forward,16.5,14.4,48.57142857142857,6.4,79,7,20.2,9.6
1631311,Lester Quinones,NOP,2024-25,april,Stretch Shooter,Shooter,Guard,21.7,23.2,59.34065934065935,,76,7,20.5,9.6
1627741,Buddy Hield,GSW,2024-25,april,Movement Shooter,Shooter,Guard,19.1,3.8,77.77777777777779,,76,8,20.1,9.5
1630173,Precious Achiuwa,NYK,2024-25,april,Finisher,Finisher,Forward,20.3,6.9,6.5420560747663545,,80,6,26.9,9.5
1630249,Vít Krejčí,ATL,2024-25,april,Movement Shooter,Shooter,Forward,12.0,15.5,73.33333333333333,,80,8,19.2,9.5
1642354,KJ Simpson,CHA,2024-25,april,3&D Wing,Wing,Guard,17.7,23.2,40.56603773584906,,72,7,29.9,9.4
203937,Kyle Anderson,MIA,2024-25,april,Shot Creator,Scorer,Forward,15.3,17.0,9.09090909090909,12.6,81,7,24.9,9.4
1641712,Rayan Rupert,POR,2024-25,april,3&D Wing,Wing,Forward,19.6,7.4,36.04651162790698,,78,7,20.7,9.4
1628976,Wendell Carter Jr.,ORL,2024-25,april,3&D Wing,Wing,Big,17.3,11.1,27.77777777777778,,82,5,24.8,9.4
1627827,Dorian Finney-Smith,LAL,2024-25,april,Role Player,Role,Forward,10.3,7.9,86.56716417910447,,79,6,30.9,9.3
1641744,Zach Edey,MEM,2024-25,april,Post Scorer,Big,Big,12.4,5.8,13.79310344827586,,88,6,30.6,9.3
1630572,Sandro Mamukelashvili,SAS,2024-25,april,Stretch Shooter,Shooter,Forward,19.2,8.6,53.75,,81,8,19.6,9.3
1629611,Terance Mann,ATL,2024-25,april,3&D Wing,Wing,Guard,15.4,9.3,33.78378378378378,3.7,77,8,23.5,9.3
202691,Klay Thompson,DAL,2024-25,april,Movement Shooter,Shooter,Guard,16.8,6.7,75.0,,77,5,22.7,9.2
1630542,Marcus Bagley,PHI,2024-25,april,Role Player,Role,Forward,14.3,7.2,42.04545454545454,,78,6,28.7,9.2
1627777,Georges Niang,ATL,2024-25,april,Stretch Shooter,Shooter,Forward,21.7,7.5,70.78651685393258,,79,7,19.5,9.1
1630183,Jaden McDaniels,MIN,2024-25,april,3&D Wing,Wing,Forward,16.8,6.0,28.125000000000007,2.3,81,7,30.7,9.1
1629680,Matisse Thybulle,POR,2024-25,april,Role Player,Role,Guard,12.9,12.6,49.31506849315069,,77,7,27.3,9.1
1627752,Taurean Prince,MIL,2024-25,april,3&D Wing,Wing,Forward,12.6,6.0,63.76811594202899,,78,7,29.5,9.1
1626168,Trey Lyles,SAC,2024-25,april,Role Player,Role,Forward,12.0,6.1,59.09090909090909,,81,7,29.8,9.1
1630171,Isaac Okoro,CLE,2024-25,april,3&D Wing,Wing,Guard,13.2,5.5,45.20547945205479,,77,6,23.2,9.0
1629006,Josh Okogie,CHA,2024-25,april,Stretch Shooter,Shooter,Guard,24.1,12.1,61.53846153846154,,76,6,16.6,9.0
1629026,Kenrich Williams,OKC,2024-25,april,3&D Wing,Wing,Forward,18.2,11.4,39.75903614457831,,78,7,21.4,9.0
1641732,Colby Jones,WAS,2024-25,april,Role Player,Role,Forward,14.9,13.3,33.33333333333333,,78,6,33.4,8.8
1641727,Dariq Whitehead,BKN,2024-25,april,Stretch Shooter,Shooter,Forward,18.2,9.3,71.23287671232877,,78,6,19.9,8.8
1642281,Jaylon Tyson,CLE,2024-25,april,3&D Wing,Wing,Forward,24.0,12.5,37.2093023255814,,78,5,16.3,8.6
204456,T.J. McConnell,IND,2024-25,april,Secondary Ball Handler,Secondary,Guard,21.0,35.4,5.0,5.9,73,7,18.5,8.6
1630526,Jeremiah Robinson-Earl,NOP,2024-25,april,3&D Wing,Wing,Forward,17.2,13.6,46.98795180722891,,80,7,24.6,8.4
1627884,Derrick Jones Jr.,LAC,2024-25,april,3&D Wing,Wing,Forward,14.6,3.9,43.93939393939394,,78,7,23.3,8.3
1642275,Tidjane Salaün,CHA,2024-25,april,3&D Wing,Wing,Forward,17.2,9.9,60.00000000000001,,80,7,28.7,8.3
203110,Draymond Green,GSW,2024-25,april,3&D Wing,Wing,Forward,16.0,26.6,52.0,,78,8,30.7,8.3
1642263,Reed Sheppard,HOU,2024-25,april,Stretch Shooter,Shooter,Guard,19.0,22.0,70.1492537313433,4.6,74,6,17.7,8.2
1629614,Andrew Nembhard,IND,2024-25,april,Role Player,Role,Guard,16.1,20.8,34.48275862068966,8.9,76,6,27.0,8.0
1629618,Jalen Pickett,DEN,2024-25,april,3&D Wing,Wing,Guard,13.6,21.1,59.70149253731343,8.5,74,7,25.2,8.0
1631260,AJ Green,MIL,2024-25,april,Movement Shooter,Shooter,Guard,10.4,8.0,84.31372549019608,,76,7,23.5,7.9
1631216,Caleb Houstan,ORL,2024-25,april,Role Player,Role,Forward,12.1,11.8,73.68421052631578,,80,6,23.9,7.8
1630623,Tyson Etienne,BKN,2024-25,april,Role Player,Role,Guard,17.0,12.0,86.66666666666667,,74,6,23.5,7.8
1631306,Cole Swider,IND,2024-25,april,Role Player,Role,Forward,16.9,2.4,74.35897435897436,,80,5,19.9,7.8
1629312,Haywood Highsmith,MIA,2024-25,april,Role Player,Role,Guard,13.0,9.0,65.71428571428571,,77,7,24.4,7.7
1641721,Maxwell Lewis,BKN,2024-25,april,Role Player,Role,Forward,20.1,9.4,46.15384615384615,,79,5,19.8,7.6
1630241,Sam Merrill,CLE,2024-25,april,3&D Wing,Wing,Guard,11.7,12.0,92.85714285714288,,76,5,22.6,7.6
1627739,Kris Dunn,LAC,2024-25,april,3&D Wing,Wing,Guard,10.6,9.3,54.71698113207547,3.9,75,7,25.6,7.6
1630175,Cole Anthony,MEM,2024-25,april,Role Player,Role,Guard,17.9,25.8,65.51724137931035,6.9,74,6,16.5,7.5
1631165,Keon Ellis,SAC,2024-25,april,3&D Wing,Wing,Guard,8.9,5.1,79.62962962962962,,76,7,30.7,7.4
1628371,Jonathan Isaac,ORL,2024-25,april,3&D Wing,Wing,Big,19.4,13.3,23.076923076923077,,82,5,16.2,7.4
1630541,Moses Moody,GSW,2024-25,april,Movement Shooter,Shooter,Guard,14.3,5.4,57.971014492753625,4.9,77,8,25.8,7.4
1641763,Julian Phillips,CHI,2024-25,april,Role Player,Role,Forward,14.3,6.8,50.0,,80,6,15.9,7.2
1641741,Ricky Council IV,PHI,2024-25,april,Role Player,Role,Forward,18.9,10.5,44.28571428571429,,78,7,20.0,7.1
1629610,DaQuan Jeffries,CHA,2024-25,april,Role Player,Role,Guard,12.5,6.3,60.60606060606061,,77,7,27.5,7.0
1631301,Jaylen Sims,CHA,2024-25,april,Role Player,Role,Forward,15.9,17.6,53.191489361702125,,78,6,18.6,7.0
1631200,Kris Murray,POR,2024-25,april,3&D Wing,Wing,Forward,14.7,12.9,48.648648648648646,,80,7,24.9,7.0
1642345,Oso Ighodaro,PHX,2024-25,april,Finisher,Finisher,Big,10.8,10.1,0.0,8.5,84,7,25.4,7.0
1626153,Delon Wright,NYK,2024-25,april,Role Player,Role,Guard,11.5,17.9,50.0,,77,5,25.7,6.8
1626166,Cameron Payne,NYK,2024-25,april,Role Player,Role,Guard,20.2,31.0,42.857142857142854,,75,6,18.2,6.7
1630658,Colin Castleton,TOR,2024-25,april,Role Player,Role,Big,11.3,11.1,13.461538461538462,,82,6,21.2,6.7
1631248,Baylor Scheierman,BOS,2024-25,april,Stretch Shooter,Shooter,Forward,18.8,10.6,66.66666666666666,,78,6,20.2,6.3
1628997,Caleb Martin,DAL,2024-25,april,3&D Wing,Wing,Guard,16.8,12.8,23.80952380952381,,77,6,22.4,6.3
1631212,Peyton Watson,DEN,2024-25,april,Finisher,Finisher,Forward,11.7,1.5,33.33333333333333,6.7,79,6,27.0,6.3
1626220,Royce O'Neale,PHX,2024-25,april,3&D Wing,Wing,Forward,17.8,13.1,85.8974358974359,,78,6,21.4,6.3
1628380,Zach Collins,CHI,2024-25,april,3&D Wing,Wing,Big,16.8,18.3,35.84905660377358,,83,7,17.2,6.3
1631243,Mouhamed Gueye,ATL,2024-25,april,3&D Wing,Wing,Big,14.2,6.2,37.5,,82,8,16.7,6.1
1631104,Blake Wesley,SAS,2024-25,april,Role Player,Role,Guard,16.1,19.0,27.777777777777775,,75,8,19.6,6.0
1629674,Neemias Queta,BOS,2024-25,april,Finisher,Finisher,Big,12.3,16.7,0.0,,84,6,15.2,5.8
1629048,Goga Bitadze,ORL,2024-25,april,Finisher,Finisher,Big,14.7,14.3,13.636363636363637,,82,5,16.7,5.8
1642277,Johnny Furphy,IND,2024-25,april,3&D Wing,Wing,Forward,15.1,12.3,46.808510638297875,,81,6,15.3,5.7
1641720,Jalen Hood-Schifino,PHI,2024-25,april,Role Player,Role,Guard,13.8,16.7,41.666666666666664,,77,5,24.1,5.6
201144,Mike Conley,MIN,2024-25,april,3&D Wing,Wing,Guard,12.9,25.0,65.57377049180329,,72,7,24.1,5.4
202709,Cory Joseph,ORL,2024-25,april,Role Player,Role,Guard,10.6,15.1,81.81818181818181,,74,5,18.9,5.4
1641736,Reece Beekman,BKN,2024-25,april,Role Player,Role,Guard,11.3,27.9,27.58620689655172,,75,5,25.9,5.4
1629637,Jaxson Hayes,LAL,2024-25,april,Finisher,Finisher,Big,13.0,2.7,0.0,,84,6,17.3,5.3
202687,Bismack Biyombo,SAS,2024-25,april,Role Player,Role,Forward,14.1,4.2,0.0,,80,8,21.4,5.1
1641842,Ronald Holland II,DET,2024-25,april,3&D Wing,Wing,Forward,15.9,8.6,23.25581395348837,3.8,80,6,16.1,4.8
1631207,Dalen Terry,CHI,2024-25,april,3&D Wing,Wing,Forward,15.4,13.6,44.44444444444444,,79,5,16.9,4.6
1630695,Micah Potter,UTA,2024-25,april,Role Player,Role,Forward,9.4,5.2,66.66666666666667,,81,5,24.4,4.6
1629216,Gabe Vincent,LAL,2024-25,april,Movement Shooter,Shooter,Guard,11.5,7.5,86.53846153846153,,74,6,20.9,4.5
1628379,Luke Kennard,MEM,2024-25,april,Movement Shooter,Shooter,Guard,9.5,15.9,66.66666666666666,,77,5,21.3,4.4
1630531,Jaden Springer,UTA,2024-25,april,Role Player,Role,Guard,12.6,8.9,53.191489361702125,,76,6,18.1,4.3
1629020,Jarred Vanderbilt,LAL,2024-25,april,3&D Wing,Wing,Forward,13.5,4.3,6.060606060606061,,80,6,16.0,4.2
1630692,Jordan Goodwin,LAL,2024-25,april,3&D Wing,Wing,Guard,15.4,14.1,48.93617021276595,,77,7,16.5,3.9
1642269,Devin Carter,SAC,2024-25,april,Role Player,Role,Guard,14.2,8.5,37.5,,74,6,16.4,3.8
1641794,Dillon Jones,OKC,2024-25,april,Role Player,Role,Guard,10.2,9.9,29.166666666666668,,77,7,15.5,3.3
1630550,JT Thor,WAS,2024-25,april,Role Player,Role,Forward,9.3,1.6,37.49999999999999,,81,5,20.4,3.2
203901,Elfrid Payton,NOP,2024-25,april,Role Player,Role,Guard,13.4,50.8,16.279069767441857,,75,7,23.5,2.9
1628470,Torrey Craig,BOS,2024-25,april,Role Player,Role,Guard,10.7,11.8,64.70588235294117,,77,5,18.9,1.4
1630178,Tyrese Maxey,PHI,2025-26,october,Primary Initiator,Primary,Guard,29.2,35.3,40.17094017094017,14.5,74,5,43.1,35.2
1628983,Shai Gilgeous-Alexander,OKC,2025-26,october,Primary Initiator,Primary,Forward,34.2,28.8,25.31645569620253,26.3,78,6,36.9,34.2
1628374,Lauri Markkanen,UTA,2025-26,october,Movement Shooter,Shooter,Big,27.7,10.7,47.66355140186916,4.0,85,5,37.5,33.8
1630559,Austin Reaves,LAL,2025-26,october,Primary Initiator,Primary,Guard,29.9,36.2,41.48936170212766,13.5,77,6,37.8,32.0
1628973,Jalen Brunson,NYK,2025-26,october,Primary Initiator,Primary,Guard,32.9,29.3,35.08771929824561,14.4,74,5,34.8,31.2
1626164,Devin Booker,PHX,2025-26,october,Primary Initiator,Primary,Guard,30.2,30.5,36.5,14.0,77,6,36.7,30.3
1641705,Victor Wembanyama,SAS,2025-26,october,Shot Creator,Scorer,Big,31.8,18.5,16.666666666666668,14.5,88,5,33.8,30.2
203897,Zach LaVine,SAC,2025-26,october,Secondary Ball Handler,Secondary,Guard,27.6,7.5,42.857142857142854,9.3,77,5,36.6,29.2
1628378,Donovan Mitchell,CLE,2025-26,october,Primary Initiator,Primary,Guard,30.0,23.2,44.44444444444444,11.4,74,5,33.1,28.0
1627759,Jaylen Brown,BOS,2025-26,october,Shot Creator,Scorer,Forward,31.9,21.7,35.714285714285715,20.6,78,6,32.5,27.7
201939,Stephen Curry,GSW,2025-26,october,Primary Initiator,Primary,Guard,29.5,24.4,58.19209039548024,10.1,74,6,31.1,27.0
203944,Julius Randle,MIN,2025-26,october,Shot Creator,Scorer,Forward,26.1,25.0,34.146341463414636,15.8,81,5,35.1,26.6
1627750,Jamal Murray,DEN,2025-26,october,Primary Initiator,Primary,Guard,28.5,24.5,34.73684210526316,14.6,76,5,33.7,26.0
1627783,Pascal Siakam,IND,2025-26,october,Shot Creator,Scorer,Forward,29.1,26.8,30.303030303030305,13.3,80,5,34.6,24.6
1630163,LaMelo Ball,CHA,2025-26,october,Primary Initiator,Primary,Forward,29.7,42.5,54.736842105263165,12.2,79,5,33.3,24.4
202695,Kawhi Leonard,LAC,2025-26,october,Shot Creator,Scorer,Forward,26.6,16.8,32.142857142857146,16.5,78,5,32.8,23.8
1630560,Cam Thomas,BKN,2025-26,october,Shot Creator,Scorer,Guard,32.1,18.2,39.08045977011494,16.4,75,5,30.3,23.4
1628389,Bam Adebayo,MIA,2025-26,october,3&D Wing,Wing,Forward,27.3,11.9,40.0,8.0,81,5,33.7,23.0
1630166,Deni Avdija,POR,2025-26,october,Shot Creator,Scorer,Forward,26.8,18.8,39.21568627450981,14.0,80,6,32.4,22.7
1631094,Paolo Banchero,ORL,2025-26,october,Shot Creator,Scorer,Big,27.0,18.8,23.030303030303028,14.7,82,6,35.4,22.5
1630595,Cade Cunningham,DET,2025-26,october,Primary Initiator,Primary,Forward,28.7,36.9,34.375,11.5,78,5,35.2,22.2
1630532,Franz Wagner,ORL,2025-26,october,Secondary Ball Handler,Secondary,Big,22.3,13.6,27.631578947368425,7.6,82,6,34.8,22.2
1630581,Josh Giddey,CHI,2025-26,october,Secondary Ball Handler,Secondary,Forward,27.9,36.7,27.848101265822784,5.0,79,5,32.7,22.0
201935,James Harden,LAC,2025-26,october,Shot Creator,Scorer,Guard,26.7,38.7,58.57142857142856,42.5,77,5,33.2,21.8
1627742,Brandon Ingram,TOR,2025-26,october,Shot Creator,Scorer,Forward,25.7,18.0,26.751592356687897,13.8,80,6,32.8,21.7
202710,Jimmy Butler III,GSW,2025-26,october,Shot Creator,Scorer,Forward,23.0,21.8,21.6,17.7,78,6,33.3,21.7
1629008,Michael Porter Jr.,BKN,2025-26,october,Movement Shooter,Shooter,Big,25.1,15.1,45.88235294117647,6.9,82,5,32.0,21.6
1641718,Keyonte George,UTA,2025-26,october,Shot Creator,Scorer,Guard,25.8,41.4,44.927536231884055,12.3,76,5,34.2,21.2
1642845,VJ Edgecombe,PHI,2025-26,october,3&D Wing,Wing,Guard,19.6,19.9,39.50617283950618,8.3,76,5,40.1,21.2
1629630,Ja Morant,MEM,2025-26,october,Primary Initiator,Primary,Guard,30.7,38.5,29.94350282485876,14.1,74,6,28.6,20.8
1630567,Scottie Barnes,TOR,2025-26,october,Finisher,Finisher,Forward,24.1,20.3,26.14379084967321,7.9,80,6,33.1,20.8
203076,Anthony Davis,DAL,2025-26,october,Post Scorer,Big,Big,27.8,14.1,14.666666666666666,11.5,82,5,29.9,20.8
1630552,Jalen Johnson,ATL,2025-26,october,Secondary Ball Handler,Secondary,Forward,23.9,25.3,15.068493150684931,7.9,80,5,31.0,20.8
203924,Jerami Grant,POR,2025-26,october,Stretch Shooter,Shooter,Forward,22.5,6.6,51.28205128205129,10.7,79,6,28.2,20.7
203999,Nikola Jokić,DEN,2025-26,october,Playmaking Big,Big,Big,22.0,45.8,31.818181818181824,5.3,83,5,34.7,20.4
1630596,Evan Mobley,CLE,2025-26,october,Playmaking Big,Big,Big,25.0,20.8,39.189189189189186,4.7,83,6,34.0,20.2
203932,Aaron Gordon,DEN,2025-26,october,Shot Creator,Scorer,Forward,21.3,10.2,43.10344827586207,16.0,80,5,30.2,19.8
1629673,Jordan Poole,NOP,2025-26,october,Stretch Shooter,Shooter,Guard,22.4,15.8,59.45945945945946,7.9,76,5,32.3,19.8
202696,Nikola Vučević,CHI,2025-26,october,Post Scorer,Big,Forward,20.8,20.6,33.84615384615385,,81,5,32.2,19.8
1629628,RJ Barrett,TOR,2025-26,october,Secondary Ball Handler,Secondary,Forward,21.4,14.0,33.33333333333333,2.7,78,6,32.0,19.3
201942,DeMar DeRozan,SAC,2025-26,october,Shot Creator,Scorer,Forward,20.0,21.3,13.88888888888889,19.9,78,5,36.4,19.0
1628969,Mikal Bridges,NYK,2025-26,october,3&D Wing,Wing,Forward,15.4,20.9,43.54838709677419,2.3,78,5,36.7,19.0
1630183,Jaden McDaniels,MIN,2025-26,october,3&D Wing,Wing,Forward,22.6,4.6,29.166666666666668,2.3,81,5,33.5,18.8
1642264,Stephon Castle,SAS,2025-26,october,Primary Initiator,Primary,Forward,28.5,28.1,36.206896551724135,8.4,78,5,31.6,18.8
1629012,Collin Sexton,CHA,2025-26,october,Secondary Ball Handler,Secondary,Guard,22.1,24.5,27.999999999999996,5.2,75,5,26.5,18.6
1642273,Kyshawn George,WAS,2025-26,october,Secondary Ball Handler,Secondary,Forward,20.5,22.8,50.0,6.1,80,5,32.6,18.6
1631157,Ryan Rollins,MIL,2025-26,october,Secondary Ball Handler,Secondary,Guard,21.4,21.9,42.85714285714286,7.3,75,5,31.1,18.6
1642349,Ajay Mitchell,OKC,2025-26,october,Secondary Ball Handler,Secondary,Guard,26.6,18.5,33.78378378378378,8.9,76,6,27.2,18.5
1642259,Alex Sarr,WAS,2025-26,october,Playmaking Big,Big,Big,26.8,22.5,20.28985507246377,5.3,84,5,27.3,18.4
1628970,Miles Bridges,CHA,2025-26,october,3&D Wing,Wing,Forward,23.0,13.6,46.05263157894737,9.0,79,5,32.3,18.2
201950,Jrue Holiday,POR,2025-26,october,Secondary Ball Handler,Secondary,Guard,21.7,38.8,47.887323943661976,10.1,76,6,32.3,18.2
1626157,Karl-Anthony Towns,NYK,2025-26,october,Rim Protector,Big,Big,24.0,10.3,38.235294117647065,10.0,84,5,33.4,18.0
1629027,Trae Young,WAS,2025-26,october,Secondary Ball Handler,Secondary,Guard,27.6,38.6,37.142857142857146,12.0,74,5,27.8,17.8
1626162,Kelly Oubre Jr.,PHI,2025-26,october,Shot Creator,Scorer,Forward,15.2,5.2,47.36842105263158,12.1,80,5,39.0,17.6
1630228,Jonathan Kuminga,GSW,2025-26,october,Shot Creator,Scorer,Forward,21.5,16.4,30.555555555555554,12.6,79,6,30.8,17.5
1629656,Quentin Grimes,PHI,2025-26,october,Stretch Shooter,Shooter,Guard,21.6,16.8,56.666666666666664,10.4,76,5,31.9,17.4
1631101,Shaedon Sharpe,POR,2025-26,october,Shot Creator,Scorer,Guard,29.9,8.5,43.604651162790695,12.3,77,6,27.2,17.3
1628991,Jaren Jackson Jr.,MEM,2025-26,october,3&D Wing,Wing,Big,23.7,6.6,31.62393162393163,11.1,82,6,27.6,17.2
1629638,Nickeil Alexander-Walker,ATL,2025-26,october,Movement Shooter,Shooter,Guard,23.7,15.0,47.183098591549296,2.9,77,6,30.4,17.0
1630170,Devin Vassell,SAS,2025-26,october,Movement Shooter,Shooter,Guard,20.0,9.4,59.1549295774648,2.7,77,5,34.7,16.8
1628401,Derrick White,BOS,2025-26,october,Stretch Shooter,Shooter,Guard,24.4,18.6,59.32203389830508,4.7,76,6,34.4,16.7
1628384,OG Anunoby,NYK,2025-26,october,Stretch Shooter,Shooter,Forward,19.0,10.2,64.06249999999999,5.9,79,5,34.6,16.6
203952,Andrew Wiggins,MIA,2025-26,october,3&D Wing,Wing,Forward,20.8,10.0,33.87096774193549,10.9,78,5,30.4,16.4
1628960,Grayson Allen,PHX,2025-26,october,Stretch Shooter,Shooter,Guard,19.3,21.6,67.66917293233082,2.8,75,6,34.6,16.3
1630245,Ayo Dosunmu,CHI,2025-26,october,3&D Wing,Wing,Guard,19.0,18.4,40.38461538461539,2.2,76,5,26.1,16.2
1631170,Jaime Jaquez Jr.,MIA,2025-26,october,Shot Creator,Scorer,Forward,19.2,20.2,15.094339622641511,14.8,78,5,29.2,16.2
1630217,Desmond Bane,ORL,2025-26,october,Secondary Ball Handler,Secondary,Forward,23.0,18.6,32.41379310344828,7.0,78,6,31.7,16.2
1641824,Matas Buzelis,CHI,2025-26,october,Secondary Ball Handler,Secondary,Forward,21.2,7.2,38.983050847457626,4.1,80,5,28.3,16.0
1628370,Malik Monk,SAC,2025-26,october,Secondary Ball Handler,Secondary,Guard,20.7,13.8,47.16981132075472,8.4,75,5,25.2,15.6
1629014,Anfernee Simons,BOS,2025-26,october,Shot Creator,Scorer,Guard,22.0,9.3,56.81818181818182,18.2,75,6,28.2,15.5
1642907,Cedric Coward,MEM,2025-26,october,3&D Wing,Wing,Guard,18.6,12.5,38.88888888888889,2.4,77,6,24.7,15.5
1629060,Rui Hachimura,LAL,2025-26,october,3&D Wing,Wing,Forward,14.6,7.2,40.81632653061224,3.7,80,6,36.5,15.3
1627826,Ivica Zubac,LAC,2025-26,october,Post Scorer,Big,Big,19.3,12.0,0.0,,84,5,28.8,15.2
1629023,P.J. Washington,DAL,2025-26,october,3&D Wing,Wing,Forward,20.1,11.8,31.57894736842105,4.1,79,5,33.4,15.2
1630168,Onyeka Okongwu,ATL,2025-26,october,3&D Wing,Wing,Big,17.5,12.0,33.33333333333333,1.6,82,6,30.1,15.0
1629028,Deandre Ayton,LAL,2025-26,october,Finisher,Finisher,Big,19.4,5.5,0.0,,84,6,31.4,14.8
1631105,Jalen Duren,DET,2025-26,october,Finisher,Finisher,Big,23.7,8.6,0.0,8.9,82,5,22.6,14.8
1630202,Payton Pritchard,BOS,2025-26,october,Shot Creator,Scorer,Guard,20.2,23.6,54.22535211267606,12.8,73,6,33.8,14.7
203468,CJ McCollum,ATL,2025-26,october,Stretch Shooter,Shooter,Guard,19.5,17.2,53.03030303030303,8.8,75,5,31.2,14.4
1642844,Dylan Harper,SAS,2025-26,october,Secondary Ball Handler,Secondary,Guard,23.5,25.6,25.0,7.7,77,5,25.8,14.4
1631117,Walker Kessler,UTA,2025-26,october,Finisher,Finisher,Big,16.7,15.5,21.62162162162162,,86,5,30.8,14.4
1628989,Kevin Huerter,CHI,2025-26,october,3&D Wing,Wing,Forward,19.0,14.1,47.72727272727273,,78,5,25.6,14.2
1628386,Jarrett Allen,CLE,2025-26,october,Finisher,Finisher,Forward,18.5,9.1,2.5,,81,5,27.0,14.0
202699,Tobias Harris,DET,2025-26,october,3&D Wing,Wing,Forward,17.2,14.3,38.983050847457626,4.2,80,5,31.6,14.0
1641709,Ausar Thompson,DET,2025-26,october,Finisher,Finisher,Forward,20.6,21.3,15.0,7.7,79,5,27.5,13.8
1642851,Kon Knueppel,CHA,2025-26,october,3&D Wing,Wing,Forward,17.7,8.2,68.0,,78,5,28.9,13.8
1631323,Simone Fontecchio,MIA,2025-26,october,Movement Shooter,Shooter,Forward,16.8,10.2,67.5,,79,5,21.5,13.8
1642848,Tre Johnson,WAS,2025-26,october,Movement Shooter,Shooter,Guard,19.1,10.0,58.92857142857143,3.2,77,5,26.8,13.8
1630530,Trey Murphy III,NOP,2025-26,october,Finisher,Finisher,Forward,17.3,16.4,50.0,6.6,80,5,35.3,13.6
1642843,Cooper Flagg,DAL,2025-26,october,Shot Creator,Scorer,Forward,19.0,14.1,24.590163934426233,13.3,81,5,32.3,13.4
1629018,Gary Trent Jr.,MIL,2025-26,october,Stretch Shooter,Shooter,Guard,19.3,13.7,69.4915254237288,,77,5,28.6,13.4
1630193,Immanuel Quickley,TOR,2025-26,october,Secondary Ball Handler,Secondary,Guard,20.6,28.9,46.08695652173913,6.1,74,6,31.0,13.3
1642847,Jeremiah Fears,NOP,2025-26,october,Secondary Ball Handler,Secondary,Guard,22.8,23.8,24.13793103448276,7.2,75,5,26.6,13.2
1630598,Aaron Wiggins,OKC,2025-26,october,Stretch Shooter,Shooter,Guard,20.8,13.5,56.77966101694915,6.3,77,6,28.0,13.2
1641710,Anthony Black,ORL,2025-26,october,Secondary Ball Handler,Secondary,Forward,21.3,9.9,35.869565217391305,4.4,79,6,26.4,13.0
1626220,Royce O'Neale,PHX,2025-26,october,3&D Wing,Wing,Forward,15.1,13.1,84.11214953271029,,78,6,33.3,13.0
1628978,Donte DiVincenzo,MIN,2025-26,october,Movement Shooter,Shooter,Guard,16.2,17.4,70.45454545454545,1.9,76,5,30.0,12.6
203471,Dennis Schröder,SAC,2025-26,october,Shot Creator,Scorer,Guard,21.0,28.6,36.92307692307692,14.8,73,5,31.5,12.4
203114,Khris Middleton,WAS,2025-26,october,Post Scorer,Big,Forward,19.3,13.3,30.0,6.1,79,5,25.8,12.4
1631109,Mark Williams,PHX,2025-26,october,Finisher,Finisher,Big,16.6,1.3,0.0,,85,5,24.3,12.4
1641716,Jarace Walker,IND,2025-26,october,Stretch Shooter,Shooter,Forward,20.4,20.2,53.125,6.4,79,5,29.4,12.2
1629651,Nic Claxton,BKN,2025-26,october,Shot Creator,Scorer,Big,18.4,12.5,5.769230769230769,14.1,83,5,26.4,12.2
1641783,Tristan da Silva,ORL,2025-26,october,Stretch Shooter,Shooter,Forward,19.6,6.8,56.47058823529411,,80,6,20.7,12.2
1631260,AJ Green,MIL,2025-26,october,Movement Shooter,Shooter,Guard,12.0,2.6,90.625,,76,5,28.1,11.8
1628381,John Collins,LAC,2025-26,october,3&D Wing,Wing,Forward,19.9,7.2,21.951219512195124,,81,5,24.1,11.8
1629640,Keldon Johnson,SAS,2025-26,october,3&D Wing,Wing,Forward,13.9,6.6,31.42857142857143,3.9,78,5,24.1,11.8
1631108,Max Christie,DAL,2025-26,october,3&D Wing,Wing,Guard,13.0,9.1,75.0,5.7,77,5,29.3,11.8
201566,Russell Westbrook,SAC,2025-26,october,Shot Creator,Scorer,Guard,22.0,21.6,44.00000000000001,13.4,76,5,24.5,11.8
1641764,Brandin Podziemski,GSW,2025-26,october,3&D Wing,Wing,Guard,16.7,13.7,50.526315789473685,6.1,76,6,28.9,11.7
1641842,Ronald Holland II,DET,2025-26,october,3&D Wing,Wing,Forward,21.5,12.7,48.83720930232558,3.8,80,5,21.6,11.6
1630200,Tre Jones,CHI,2025-26,october,Finisher,Finisher,Guard,15.1,27.7,22.857142857142858,4.8,73,5,29.0,11.6
1641739,Toumani Camara,POR,2025-26,october,3&D Wing,Wing,Forward,15.3,15.2,49.523809523809526,6.3,79,6,32.1,11.5
1629611,Terance Mann,BKN,2025-26,october,3&D Wing,Wing,Forward,14.2,13.3,48.717948717948715,3.7,78,5,25.3,11.2
203501,Tim Hardaway Jr.,DEN,2025-26,october,Movement Shooter,Shooter,Guard,16.0,5.9,65.85365853658539,2.2,77,5,23.3,11.2
1631221,Collin Gillespie,PHX,2025-26,october,Role Player,Role,Guard,16.8,30.9,75.26881720430107,3.3,73,6,25.8,11.2
1630573,Sam Hauser,BOS,2025-26,october,Movement Shooter,Shooter,Forward,16.5,6.3,91.95402298850576,,79,6,24.2,11.2
1630174,Aaron Nesmith,IND,2025-26,october,Movement Shooter,Shooter,Guard,17.1,5.1,61.29032258064515,,77,5,31.1,11.0
1631128,Christian Braun,DEN,2025-26,october,Finisher,Finisher,Forward,16.1,10.4,24.444444444444446,,78,5,30.9,11.0
1641750,Ryan Kalkbrenner,CHA,2025-26,october,Finisher,Finisher,Big,11.5,2.9,0.0,,85,5,27.5,11.0
1631222,Jake LaRavia,LAL,2025-26,october,3&D Wing,Wing,Forward,14.3,12.9,50.0,2.5,79,6,27.6,10.8
1626156,D'Angelo Russell,DAL,2025-26,october,Secondary Ball Handler,Secondary,Guard,28.8,40.3,42.30769230769231,8.7,75,5,20.6,10.8
1642377,Jaylen Wells,MEM,2025-26,october,3&D Wing,Wing,Forward,16.9,6.8,65.0,3.0,79,6,26.8,10.5
1628976,Wendell Carter Jr.,ORL,2025-26,october,3&D Wing,Wing,Big,15.1,8.6,33.84615384615385,,82,6,27.9,10.5
1627884,Derrick Jones Jr.,LAC,2025-26,october,3&D Wing,Wing,Forward,13.4,5.6,62.5,,78,5,23.0,10.4
1628392,Isaiah Hartenstein,OKC,2025-26,october,Finisher,Finisher,Big,14.0,12.4,3.8461538461538463,,84,6,31.5,10.3
203484,Kentavious Caldwell-Pope,MEM,2025-26,october,3&D Wing,Wing,Guard,17.5,27.7,52.94117647058824,3.1,77,6,24.4,10.3
1630583,Santi Aldama,MEM,2025-26,october,3&D Wing,Wing,Big,19.6,15.4,38.83495145631068,,84,6,24.1,10.3
1629111,Jock Landale,MEM,2025-26,october,Post Scorer,Big,Big,13.6,8.1,33.84615384615385,,83,6,23.7,10.2
1629130,Duncan Robinson,DET,2025-26,october,Movement Shooter,Shooter,Forward,10.8,5.2,81.57894736842107,,79,5,31.2,10.0
1626167,Myles Turner,MIL,2025-26,october,3&D Wing,Wing,Big,16.8,12.5,55.99999999999999,,83,5,29.6,10.0
1629675,Naz Reid,MIN,2025-26,october,3&D Wing,Wing,Forward,20.9,9.3,42.5531914893617,3.8,81,5,23.1,10.0
1631217,Moussa Diabaté,CHA,2025-26,october,Finisher,Finisher,Big,16.7,2.9,0.0,,82,5,20.1,9.8
1642281,Jaylon Tyson,CLE,2025-26,october,3&D Wing,Wing,Forward,15.2,9.6,54.285714285714285,,78,6,24.2,9.7
1641715,Cam Whitmore,WAS,2025-26,october,Finisher,Finisher,Forward,25.3,9.4,29.78723404255319,6.7,78,5,16.9,9.6
1630180,Saddiq Bey,NOP,2025-26,october,3&D Wing,Wing,Forward,16.3,10.1,57.14285714285714,6.5,80,5,24.5,9.6
1642270,Donovan Clingan,POR,2025-26,october,Finisher,Finisher,Big,12.1,12.3,38.888888888888886,,86,6,25.7,9.5
1641729,Brice Sensabaugh,UTA,2025-26,october,Movement Shooter,Shooter,Forward,22.8,11.1,66.66666666666666,2.8,78,5,15.1,9.2
1630558,Davion Mitchell,MIA,2025-26,october,Shot Creator,Scorer,Guard,15.7,37.0,39.53488372093023,28.6,72,5,27.5,9.2
203084,Harrison Barnes,SAS,2025-26,october,3&D Wing,Wing,Forward,13.7,12.2,61.111111111111114,8.0,79,5,30.5,9.2
1630191,Isaiah Stewart,DET,2025-26,october,Finisher,Finisher,Forward,17.3,9.6,31.57894736842105,,80,5,21.5,9.2
1630172,Patrick Williams,CHI,2025-26,october,3&D Wing,Wing,Forward,14.6,11.0,60.0,3.6,78,5,22.2,9.2
203110,Draymond Green,GSW,2025-26,october,3&D Wing,Wing,Forward,14.8,31.6,55.88235294117647,,78,6,29.0,9.0
1642276,Kel'el Ware,MIA,2025-26,october,3&D Wing,Wing,Big,17.6,6.1,44.73684210526316,,84,5,21.2,9.0
1631107,Nikola Jović,MIA,2025-26,october,3&D Wing,Wing,Big,16.4,13.5,58.82352941176471,3.7,82,5,21.2,9.0
1642346,Ryan Dunn,PHX,2025-26,october,3&D Wing,Wing,Forward,15.7,11.6,44.87179487179488,,79,6,23.5,8.8
1630572,Sandro Mamukelashvili,TOR,2025-26,october,3&D Wing,Wing,Forward,15.8,16.7,38.297872340425535,,81,6,17.7,8.8
1626171,Bobby Portis,MIL,2025-26,october,3&D Wing,Wing,Forward,25.0,5.6,32.6530612244898,3.2,81,5,19.2,8.8
1630529,Herbert Jones,NOP,2025-26,october,3&D Wing,Wing,Forward,17.0,10.4,52.38095238095239,,79,5,27.6,8.8
203497,Rudy Gobert,MIN,2025-26,october,Finisher,Finisher,Big,10.1,5.6,0.0,,85,5,31.7,8.6
1629661,Cameron Johnson,DEN,2025-26,october,3&D Wing,Wing,Forward,13.1,6.9,57.57575757575758,,80,5,26.8,8.2
1641717,Cason Wallace,OKC,2025-26,october,3&D Wing,Wing,Guard,14.1,15.4,59.523809523809526,4.2,75,5,30.8,8.2
1630549,Day'Ron Sharpe,BKN,2025-26,october,Playmaking Big,Big,Big,18.3,21.3,26.08695652173913,3.7,82,5,17.1,8.2
202691,Klay Thompson,DAL,2025-26,october,Movement Shooter,Shooter,Guard,20.2,10.8,56.250000000000014,,77,5,20.7,8.2
1642883,Sion James,CHA,2025-26,october,3&D Wing,Wing,Guard,10.2,8.8,50.0,,77,5,21.3,8.2
1629674,Neemias Queta,BOS,2025-26,october,Finisher,Finisher,Big,13.6,7.8,3.773584905660378,,84,6,23.4,8.2
1642852,Derik Queen,NOP,2025-26,october,Shot Creator,Scorer,Forward,19.7,1.8,9.374999999999998,18.6,81,5,19.6,8.0
1631169,Josh Minott,BOS,2025-26,october,3&D Wing,Wing,Forward,13.2,8.8,48.27586206896552,,80,5,22.3,8.0
1627752,Taurean Prince,MIL,2025-26,october,3&D Wing,Wing,Forward,10.8,7.1,68.0,,78,5,22.8,8.0
1628379,Luke Kennard,ATL,2025-26,october,Movement Shooter,Shooter,Guard,12.7,12.1,49.122807017543856,,77,6,25.0,7.8
1630557,Corey Kispert,ATL,2025-26,october,Movement Shooter,Shooter,Forward,13.9,10.1,70.96774193548387,,78,5,20.7,7.8
203994,Jusuf Nurkić,UTA,2025-26,october,Playmaking Big,Big,Big,23.3,22.4,28.57142857142857,,83,5,17.3,7.8
1631165,Keon Ellis,SAC,2025-26,october,3&D Wing,Wing,Guard,15.0,4.3,58.620689655172406,,76,5,19.6,7.8
1642285,Cam Spencer,MEM,2025-26,october,Movement Shooter,Shooter,Guard,17.5,28.6,73.07692307692307,3.0,75,6,15.7,7.7
1641767,Ben Sheppard,IND,2025-26,october,3&D Wing,Wing,Forward,13.6,12.2,54.54545454545454,,78,5,29.8,7.6
1642261,Dalton Knecht,LAL,2025-26,october,Movement Shooter,Shooter,Forward,17.0,4.4,55.88235294117647,6.0,78,5,19.3,7.6
1627741,Buddy Hield,GSW,2025-26,october,Movement Shooter,Shooter,Guard,17.9,9.6,69.11764705882354,,76,6,17.1,7.5
1630700,Dyson Daniels,ATL,2025-26,october,Finisher,Finisher,Forward,14.1,13.5,6.25,5.6,79,6,31.4,7.5
1629652,Luguentz Dort,OKC,2025-26,october,3&D Wing,Wing,Guard,12.1,6.7,66.26506024096385,,76,6,34.7,7.3
1630577,Julian Champagnie,SAS,2025-26,october,Movement Shooter,Shooter,Forward,9.8,8.5,68.96551724137932,,79,5,29.3,7.2
1631212,Peyton Watson,DEN,2025-26,october,Finisher,Finisher,Forward,12.3,9.0,21.05263157894737,6.7,80,5,21.2,7.2
1629004,Svi Mykhailiuk,UTA,2025-26,october,3&D Wing,Wing,Forward,9.9,7.8,75.86206896551725,,79,5,26.2,7.2
1631213,Tyrese Martin,BKN,2025-26,october,3&D Wing,Wing,Forward,17.0,18.8,60.60606060606061,,78,5,18.0,7.2
1631243,Mouhamed Gueye,ATL,2025-26,october,3&D Wing,Wing,Big,17.4,9.3,49.09090909090909,,83,6,16.3,7.2
1642267,Bub Carrington,WAS,2025-26,october,Role Player,Role,Guard,13.4,14.5,38.235294117647065,4.8,76,5,28.2,7.0
1642347,Jamal Shead,TOR,2025-26,october,3&D Wing,Wing,Guard,15.5,35.7,44.00000000000001,8.2,73,6,17.2,6.8
1627739,Kris Dunn,LAC,2025-26,october,3&D Wing,Wing,Guard,13.6,3.8,37.931034482758626,3.9,75,5,22.8,6.8
1630230,Naji Marshall,DAL,2025-26,october,3&D Wing,Wing,Forward,11.3,12.0,19.047619047619047,5.6,78,5,23.7,6.8
1630544,Tre Mann,CHA,2025-26,october,Stretch Shooter,Shooter,Guard,21.7,19.7,52.38095238095239,8.5,76,5,19.5,6.6
1642383,Walter Clayton Jr.,UTA,2025-26,october,Finisher,Finisher,Guard,15.6,24.6,51.72413793103448,3.6,76,5,17.3,6.6
201572,Brook Lopez,LAC,2025-26,october,Stretch Shooter,Shooter,Big,20.5,4.0,78.7878787878788,,85,5,16.3,6.4
1642914,Javon Small,MEM,2025-26,october,3&D Wing,Wing,Guard,16.9,31.3,69.23076923076923,,73,5,17.8,6.4
1631200,Kris Murray,POR,2025-26,october,3&D Wing,Wing,Forward,10.1,3.4,36.0,,80,5,23.2,6.4
1642271,Kyle Filipowski,UTA,2025-26,october,3&D Wing,Wing,Big,16.5,20.0,48.48484848484849,,83,5,19.1,6.4
1629013,Landry Shamet,NYK,2025-26,october,3&D Wing,Wing,Guard,15.2,5.5,88.46153846153845,,77,5,17.5,6.4
1641854,Craig Porter Jr.,CLE,2025-26,october,3&D Wing,Wing,Guard,13.7,15.8,51.162790697674424,,73,6,17.4,6.2
1631104,Blake Wesley,POR,2025-26,october,Role Player,Role,Guard,17.3,27.9,29.82456140350877,,76,6,16.3,6.0
1629731,Dean Wade,CLE,2025-26,october,3&D Wing,Wing,Forward,10.2,7.5,84.00000000000001,,81,6,24.3,6.0
1629048,Goga Bitadze,ORL,2025-26,october,Finisher,Finisher,Big,9.9,12.2,15.151515151515152,,83,6,17.7,5.8
1630696,Dru Smith,MIA,2025-26,october,3&D Wing,Wing,Guard,13.8,24.1,48.0,10.0,74,5,17.7,5.8
1628971,Bruce Brown,DEN,2025-26,october,Finisher,Finisher,Guard,12.2,10.5,38.095238095238095,4.1,76,5,18.5,5.4
1628366,Lonzo Ball,CLE,2025-26,october,3&D Wing,Wing,Guard,14.7,32.6,73.33333333333334,,77,5,23.9,5.4
201144,Mike Conley,MIN,2025-26,october,3&D Wing,Wing,Guard,14.1,22.1,53.84615384615385,,73,5,20.1,5.4
1642345,Oso Ighodaro,PHX,2025-26,october,Finisher,Finisher,Big,14.1,9.2,0.0,8.5,83,6,17.9,5.3
1641730,Noah Clowney,BKN,2025-26,october,3&D Wing,Wing,Big,15.1,11.6,71.42857142857143,4.6,82,5,20.9,5.2
1629020,Jarred Vanderbilt,LAL,2025-26,october,3&D Wing,Wing,Forward,13.6,9.6,22.22222222222222,,80,6,21.1,5.0
1629750,Javonte Green,DET,2025-26,october,3&D Wing,Wing,Guard,13.9,9.8,44.44444444444444,,77,5,16.1,5.0
1630643,Jay Huff,IND,2025-26,october,3&D Wing,Wing,Big,14.0,9.3,64.0,,85,5,16.1,5.0
1631119,Jaylin Williams,OKC,2025-26,october,3&D Wing,Wing,Forward,15.7,17.4,83.33333333333334,,81,6,17.1,4.7
1626204,Larry Nance Jr.,CLE,2025-26,october,3&D Wing,Wing,Forward,15.2,12.5,44.00000000000001,,78,6,16.0,4.5
1642846,Ace Bailey,UTA,2025-26,october,Role Player,Role,Forward,17.7,16.1,37.49999999999999,3.0,81,5,17.0,4.4
1630171,Isaac Okoro,CHI,2025-26,october,3&D Wing,Wing,Guard,12.2,7.2,46.42857142857144,,76,5,22.6,4.4
1630545,Terrence Shannon Jr.,MIN,2025-26,october,3&D Wing,Wing,Forward,13.6,10.6,37.5,,78,5,18.0,4.4
1629723,John Konchar,MEM,2025-26,october,3&D Wing,Wing,Guard,8.6,10.0,64.28571428571429,,77,6,15.0,4.3
1642879,Ben Saraf,BKN,2025-26,october,3&D Wing,Wing,Forward,15.9,19.5,52.17391304347826,12.0,78,5,18.2,3.2
1641737,Adem Bona,PHI,2025-26,october,Finisher,Finisher,Big,8.3,5.3,0.0,,82,5,16.0,2.4
1626145,Tyus Jones,ORL,2025-26,october,3&D Wing,Wing,Guard,10.4,15.0,60.60606060606061,,72,6,15.1,2.3
1629029,Luka Dončić,LAL,2025-26,november,Primary Initiator,Primary,Forward,34.7,39.2,48.858447488584474,16.0,80,12,37.0,32.5
203999,Nikola Jokić,DEN,2025-26,november,Playmaking Big,Big,Big,29.2,47.8,26.285714285714285,5.3,83,14,34.7,32.0
1628983,Shai Gilgeous-Alexander,OKC,2025-26,november,Primary Initiator,Primary,Forward,31.4,34.8,25.96685082872928,26.3,78,15,32.1,31.9
1630595,Cade Cunningham,DET,2025-26,november,Primary Initiator,Primary,Forward,33.3,40.7,26.694915254237284,11.5,78,12,37.3,31.6
1630178,Tyrese Maxey,PHI,2025-26,november,Primary Initiator,Primary,Guard,29.3,30.2,43.42105263157895,14.5,74,14,39.8,31.3
1628378,Donovan Mitchell,CLE,2025-26,november,Primary Initiator,Primary,Guard,31.4,26.6,52.33644859813083,11.4,74,14,34.7,30.6
201935,James Harden,LAC,2025-26,november,Primary Initiator,Primary,Guard,31.8,36.6,55.154639175257735,42.5,77,14,36.8,29.8
1630162,Anthony Edwards,MIN,2025-26,november,Primary Initiator,Primary,Guard,30.7,20.7,44.390243902439025,23.4,76,13,35.1,29.7
203507,Giannis Antetokounmpo,MIL,2025-26,november,Primary Initiator,Primary,Big,36.4,36.8,7.90960451977401,10.9,83,11,30.0,29.0
1627759,Jaylen Brown,BOS,2025-26,november,Primary Initiator,Primary,Forward,36.8,25.8,24.34782608695652,20.6,78,14,33.3,28.6
201939,Stephen Curry,GSW,2025-26,november,Movement Shooter,Shooter,Guard,34.4,19.7,63.72549019607844,10.1,74,10,31.0,28.4
1628973,Jalen Brunson,NYK,2025-26,november,Primary Initiator,Primary,Guard,30.2,28.6,35.609756097560975,14.4,74,12,34.2,27.3
1630166,Deni Avdija,POR,2025-26,november,Shot Creator,Scorer,Forward,27.9,30.0,40.804597701149426,14.0,80,14,34.8,27.1
202695,Kawhi Leonard,LAC,2025-26,november,Shot Creator,Scorer,Forward,33.3,14.3,31.521739130434785,16.5,78,5,29.7,27.0
1630559,Austin Reaves,LAL,2025-26,november,Shot Creator,Scorer,Guard,25.9,23.4,47.46835443037975,13.5,77,10,36.2,26.9
1628374,Lauri Markkanen,UTA,2025-26,november,Finisher,Finisher,Big,26.7,10.3,42.857142857142854,4.0,85,14,34.8,25.9
1629008,Michael Porter Jr.,BKN,2025-26,november,Movement Shooter,Shooter,Big,29.1,16.8,48.64864864864865,6.9,82,11,32.8,25.5
1626181,Norman Powell,MIA,2025-26,november,3&D Wing,Wing,Guard,27.2,10.4,42.07317073170732,10.9,75,13,30.5,24.8
1629632,Coby White,CHI,2025-26,november,Stretch Shooter,Shooter,Guard,29.9,29.2,51.76470588235295,7.7,76,5,30.7,24.2
1628368,De'Aaron Fox,SAS,2025-26,november,Primary Initiator,Primary,Guard,28.1,30.0,35.83815028901734,10.1,75,11,33.4,24.1
1626164,Devin Booker,PHX,2025-26,november,Primary Initiator,Primary,Guard,28.3,30.3,29.37853107344633,14.0,77,15,35.5,23.8
1628970,Miles Bridges,CHA,2025-26,november,3&D Wing,Wing,Forward,25.5,17.1,47.28260869565217,9.0,79,15,36.2,23.8
1627783,Pascal Siakam,IND,2025-26,november,Shot Creator,Scorer,Forward,27.3,19.6,25.568181818181817,13.3,80,14,34.5,23.7
1630552,Jalen Johnson,ATL,2025-26,november,Secondary Ball Handler,Secondary,Forward,25.6,32.6,28.025477707006377,7.9,80,14,36.0,23.6
201142,Kevin Durant,HOU,2025-26,november,Shot Creator,Scorer,Big,24.8,15.5,27.2189349112426,20.8,83,11,35.4,23.5
1641705,Victor Wembanyama,SAS,2025-26,november,Shot Creator,Scorer,Big,29.0,20.0,33.519553072625705,14.5,88,7,35.3,23.3
1627750,Jamal Murray,DEN,2025-26,november,Shot Creator,Scorer,Guard,24.9,28.0,43.67816091954023,14.6,76,13,35.9,23.2
1630532,Franz Wagner,ORL,2025-26,november,Secondary Ball Handler,Secondary,Big,25.9,18.9,26.829268292682933,7.6,82,14,34.5,23.1
1626157,Karl-Anthony Towns,NYK,2025-26,november,Rim Protector,Big,Big,26.3,15.4,33.54037267080745,10.0,84,14,33.4,23.0
1641718,Keyonte George,UTA,2025-26,november,Shot Creator,Scorer,Guard,27.4,28.5,39.76608187134503,12.3,76,14,33.8,23.0
1631101,Shaedon Sharpe,POR,2025-26,november,Shot Creator,Scorer,Guard,31.5,13.9,33.333333333333336,12.3,77,10,28.0,23.0
1628415,Dillon Brooks,PHX,2025-26,november,Secondary Ball Handler,Secondary,Forward,27.2,8.2,42.42424242424242,9.3,79,12,31.5,22.1
1630530,Trey Murphy III,NOP,2025-26,november,Stretch Shooter,Shooter,Forward,21.6,13.2,56.00000000000001,6.6,80,14,35.6,21.9
1630578,Alperen Sengun,HOU,2025-26,november,Shot Creator,Scorer,Big,26.2,29.0,15.476190476190476,14.9,83,13,35.5,21.8
203944,Julius Randle,MIN,2025-26,november,Shot Creator,Scorer,Forward,25.9,27.0,33.11688311688311,15.8,81,15,33.0,21.8
1631105,Jalen Duren,DET,2025-26,november,Finisher,Finisher,Big,22.6,10.4,0.0,8.9,82,12,31.8,21.5
1629638,Nickeil Alexander-Walker,ATL,2025-26,november,Movement Shooter,Shooter,Guard,23.8,16.1,48.32214765100672,2.9,77,13,33.7,21.5
1627742,Brandon Ingram,TOR,2025-26,november,Shot Creator,Scorer,Forward,27.5,15.8,27.32558139534884,13.8,80,15,34.4,21.4
1629627,Zion Williamson,NOP,2025-26,november,Shot Creator,Scorer,Forward,27.4,20.2,3.7037037037037033,23.8,78,6,29.9,21.2
1631094,Paolo Banchero,ORL,2025-26,november,Shot Creator,Scorer,Big,27.2,20.3,26.515151515151516,14.7,82,6,30.1,20.8
1630581,Josh Giddey,CHI,2025-26,november,Secondary Ball Handler,Secondary,Forward,24.4,42.3,32.21476510067114,5.0,79,12,34.5,19.9
1642851,Kon Knueppel,CHA,2025-26,november,Stretch Shooter,Shooter,Forward,21.2,14.8,60.544217687074834,,78,15,34.9,19.9
1627734,Domantas Sabonis,SAC,2025-26,november,Post Scorer,Big,Big,24.2,19.4,11.347517730496454,,82,7,33.0,19.9
1631097,Bennedict Mathurin,IND,2025-26,november,Secondary Ball Handler,Secondary,Guard,26.7,12.6,45.751633986928105,9.0,77,7,33.0,19.7
202710,Jimmy Butler III,GSW,2025-26,november,Shot Creator,Scorer,Forward,21.8,28.0,15.65217391304348,17.7,78,13,30.9,19.5
1630567,Scottie Barnes,TOR,2025-26,november,Finisher,Finisher,Forward,22.9,22.2,20.945945945945947,7.9,80,15,33.5,19.5
1642259,Alex Sarr,WAS,2025-26,november,Finisher,Finisher,Big,26.3,15.6,22.43589743589744,5.3,84,11,30.8,19.4
1629628,RJ Barrett,TOR,2025-26,november,Secondary Ball Handler,Secondary,Forward,24.8,19.6,38.732394366197184,2.7,78,11,30.3,19.4
1630217,Desmond Bane,ORL,2025-26,november,Secondary Ball Handler,Secondary,Forward,23.0,21.8,33.557046979865774,7.0,78,14,33.1,19.2
1630174,Aaron Nesmith,IND,2025-26,november,Movement Shooter,Shooter,Guard,22.4,10.3,52.81690140845071,,77,6,29.9,19.2
203468,CJ McCollum,ATL,2025-26,november,Secondary Ball Handler,Secondary,Guard,25.1,15.9,46.05263157894737,8.8,75,13,29.0,19.2
1628960,Grayson Allen,PHX,2025-26,november,Stretch Shooter,Shooter,Guard,21.4,17.6,64.61538461538461,2.8,75,8,29.4,19.0
1628991,Jaren Jackson Jr.,MEM,2025-26,november,3&D Wing,Wing,Big,24.6,12.4,36.18421052631579,11.1,82,13,30.7,18.8
1630596,Evan Mobley,CLE,2025-26,november,Finisher,Finisher,Big,21.7,16.4,27.40740740740741,4.7,83,14,34.5,18.7
1630202,Payton Pritchard,BOS,2025-26,november,Shot Creator,Scorer,Guard,21.0,19.7,59.12408759124088,12.8,73,14,31.7,18.7
204001,Kristaps Porziņģis,ATL,2025-26,november,Post Scorer,Big,Big,24.1,18.1,36.29032258064516,,86,8,27.1,18.5
203924,Jerami Grant,POR,2025-26,november,3&D Wing,Wing,Forward,23.6,15.4,42.63565891472868,10.7,79,13,29.4,18.4
1629614,Andrew Nembhard,IND,2025-26,november,Secondary Ball Handler,Secondary,Guard,24.4,32.4,41.25874125874126,8.9,76,11,32.1,18.4
1631099,Keegan Murray,SAC,2025-26,november,3&D Wing,Wing,Forward,18.4,6.9,41.17647058823529,4.2,80,6,38.8,18.3
201942,DeMar DeRozan,SAC,2025-26,november,Shot Creator,Scorer,Forward,20.4,14.3,16.40625,19.9,78,16,32.1,18.2
203932,Aaron Gordon,DEN,2025-26,november,Shot Creator,Scorer,Forward,22.7,4.0,40.0,16.0,80,8,27.2,18.1
1642843,Cooper Flagg,DAL,2025-26,november,Shot Creator,Scorer,Forward,22.2,17.6,27.58620689655172,13.3,81,15,34.5,17.8
203897,Zach LaVine,SAC,2025-26,november,Movement Shooter,Shooter,Guard,21.9,12.1,48.52941176470589,9.3,77,14,32.8,17.7
1631157,Ryan Rollins,MIL,2025-26,november,Secondary Ball Handler,Secondary,Guard,24.7,28.2,41.21621621621621,7.3,75,16,32.9,17.7
203952,Andrew Wiggins,MIA,2025-26,november,3&D Wing,Wing,Forward,20.2,13.2,37.06293706293706,10.9,78,12,34.3,17.6
1641708,Amen Thompson,HOU,2025-26,november,Secondary Ball Handler,Secondary,Forward,20.1,19.8,13.6986301369863,9.4,79,13,37.1,17.4
1629631,De'Andre Hunter,CLE,2025-26,november,3&D Wing,Wing,Forward,21.7,12.3,49.6,7.5,79,13,29.0,17.1
1630193,Immanuel Quickley,TOR,2025-26,november,Stretch Shooter,Shooter,Guard,20.2,26.5,54.47761194029851,6.1,74,15,32.7,17.0
1629656,Quentin Grimes,PHI,2025-26,november,Stretch Shooter,Shooter,Guard,20.4,20.1,52.066115702479344,10.4,76,14,33.5,16.9
1631096,Chet Holmgren,OKC,2025-26,november,Finisher,Finisher,Big,23.0,8.6,27.868852459016395,7.8,85,13,28.1,16.8
1627826,Ivica Zubac,LAC,2025-26,november,Post Scorer,Big,Big,20.0,13.4,0.0,,84,15,33.7,16.7
1630168,Onyeka Okongwu,ATL,2025-26,november,3&D Wing,Wing,Big,21.1,14.7,45.52845528455284,1.6,82,14,30.3,16.7
1629028,Deandre Ayton,LAL,2025-26,november,Finisher,Finisher,Big,19.3,4.4,0.0,,84,11,28.5,16.6
1628389,Bam Adebayo,MIA,2025-26,november,3&D Wing,Wing,Forward,23.0,12.9,31.147540983606557,8.0,81,9,28.5,16.6
1630163,LaMelo Ball,CHA,2025-26,november,Primary Initiator,Primary,Forward,31.9,41.8,45.614035087719294,12.2,79,8,27.3,16.4
1642264,Stephon Castle,SAS,2025-26,november,Secondary Ball Handler,Secondary,Forward,22.2,38.8,29.75206611570248,8.4,78,8,32.2,16.4
1629023,P.J. Washington,DAL,2025-26,november,3&D Wing,Wing,Forward,23.4,11.5,36.42857142857142,4.1,79,14,31.1,16.3
202699,Tobias Harris,DET,2025-26,november,3&D Wing,Wing,Forward,17.5,10.5,42.056074766355145,4.2,80,6,28.6,16.2
1631170,Jaime Jaquez Jr.,MIA,2025-26,november,Shot Creator,Scorer,Forward,21.5,26.9,13.28125,14.8,78,14,30.0,16.1
1626162,Kelly Oubre Jr.,PHI,2025-26,november,Shot Creator,Scorer,Forward,20.5,6.4,43.51145038167939,12.1,80,7,31.8,16.1
1642847,Jeremiah Fears,NOP,2025-26,november,Secondary Ball Handler,Secondary,Guard,25.7,14.2,28.148148148148145,7.2,75,16,27.4,16.1
1628401,Derrick White,BOS,2025-26,november,Stretch Shooter,Shooter,Guard,21.0,22.4,54.74452554744526,4.7,76,13,32.8,15.7
1630170,Devin Vassell,SAS,2025-26,november,Movement Shooter,Shooter,Guard,18.5,10.5,51.181102362204726,2.7,77,14,32.6,15.6
1630245,Ayo Dosunmu,CHI,2025-26,november,3&D Wing,Wing,Guard,19.4,15.5,36.19047619047619,2.2,76,12,27.1,15.4
1629012,Collin Sexton,CHA,2025-26,november,Secondary Ball Handler,Secondary,Guard,24.8,27.9,33.91304347826087,5.2,75,14,26.4,15.3
1628384,OG Anunoby,NYK,2025-26,november,3&D Wing,Wing,Forward,19.6,8.9,45.37815126050421,5.9,79,7,28.6,15.3
201950,Jrue Holiday,POR,2025-26,november,Stretch Shooter,Shooter,Guard,20.0,30.9,54.07407407407408,10.1,76,6,34.5,15.2
202696,Nikola Vučević,CHI,2025-26,november,Post Scorer,Big,Forward,21.4,15.9,39.55223880597015,,81,13,30.0,15.2
1642263,Reed Sheppard,HOU,2025-26,november,Stretch Shooter,Shooter,Guard,18.9,17.4,57.407407407407405,4.6,74,13,26.1,15.2
1628969,Mikal Bridges,NYK,2025-26,november,3&D Wing,Wing,Forward,16.2,15.6,45.2991452991453,2.3,78,14,34.5,15.1
1629630,Ja Morant,MEM,2025-26,november,Primary Initiator,Primary,Guard,31.1,44.7,31.75675675675675,14.1,74,6,29.0,15.0
1631095,Jabari Smith Jr.,HOU,2025-26,november,3&D Wing,Wing,Big,17.7,7.7,46.55172413793104,5.6,83,12,31.9,14.8
1629636,Darius Garland,CLE,2025-26,november,Secondary Ball Handler,Secondary,Guard,24.9,32.7,44.44444444444444,6.7,73,7,27.7,14.7
1628398,Kyle Kuzma,MIL,2025-26,november,3&D Wing,Wing,Forward,21.5,11.8,28.703703703703702,5.1,80,16,26.7,14.7
1630583,Santi Aldama,MEM,2025-26,november,3&D Wing,Wing,Big,20.0,18.1,40.70796460176991,,84,15,26.9,14.7
1641730,Noah Clowney,BKN,2025-26,november,Stretch Shooter,Shooter,Big,20.8,8.7,71.2871287128713,4.6,82,14,29.5,14.6
1630591,Jalen Suggs,ORL,2025-26,november,Stretch Shooter,Shooter,Guard,23.7,27.9,56.88073394495413,6.6,77,11,25.8,14.5
1642273,Kyshawn George,WAS,2025-26,november,Secondary Ball Handler,Secondary,Forward,22.1,23.5,43.96551724137931,6.1,80,11,30.7,14.5
1630180,Saddiq Bey,NOP,2025-26,november,3&D Wing,Wing,Forward,18.7,12.3,49.13793103448276,6.5,80,15,29.6,14.5
1628386,Jarrett Allen,CLE,2025-26,november,Finisher,Finisher,Forward,20.8,9.5,2.912621359223301,,81,10,25.7,14.5
1629060,Rui Hachimura,LAL,2025-26,november,3&D Wing,Wing,Forward,16.0,2.4,39.81481481481481,3.7,80,12,32.2,14.5
1628978,Donte DiVincenzo,MIN,2025-26,november,Movement Shooter,Shooter,Guard,17.1,14.4,77.57009345794394,1.9,76,15,31.6,14.4
1630183,Jaden McDaniels,MIN,2025-26,november,3&D Wing,Wing,Forward,18.2,13.1,30.47619047619048,2.3,81,14,31.1,14.4
1629651,Nic Claxton,BKN,2025-26,november,Shot Creator,Scorer,Big,18.5,23.8,4.651162790697675,14.1,83,14,31.0,14.1
201566,Russell Westbrook,SAC,2025-26,november,Shot Creator,Scorer,Guard,23.7,36.5,43.90243902439025,13.4,76,16,29.3,14.1
1629675,Naz Reid,MIN,2025-26,november,Movement Shooter,Shooter,Forward,21.6,13.0,52.58620689655172,3.8,81,15,25.5,14.1
202331,Paul George,PHI,2025-26,november,Shot Creator,Scorer,Forward,25.4,23.0,50.0,18.4,80,5,23.1,14.0
1642349,Ajay Mitchell,OKC,2025-26,november,Secondary Ball Handler,Secondary,Guard,22.5,21.3,25.233644859813086,8.9,76,15,26.2,13.9
1628404,Josh Hart,NYK,2025-26,november,3&D Wing,Wing,Guard,17.4,24.5,41.23711340206186,,77,14,30.1,13.9
1630230,Naji Marshall,DAL,2025-26,november,3&D Wing,Wing,Forward,17.9,14.3,41.75824175824176,5.6,78,16,27.8,13.8
1641744,Zach Edey,MEM,2025-26,november,Post Scorer,Big,Big,18.4,4.8,4.761904761904762,,87,8,25.4,13.6
1626167,Myles Turner,MIL,2025-26,november,3&D Wing,Wing,Big,17.8,6.5,59.5959595959596,,83,16,29.8,13.6
203084,Harrison Barnes,SAS,2025-26,november,3&D Wing,Wing,Forward,15.6,8.4,59.782608695652186,8.0,79,14,30.7,13.5
1629640,Keldon Johnson,SAS,2025-26,november,3&D Wing,Wing,Forward,19.8,12.7,30.851063829787233,3.9,78,14,24.3,13.5
1629130,Duncan Robinson,DET,2025-26,november,Movement Shooter,Shooter,Forward,14.5,9.3,78.64077669902912,,79,15,32.3,13.5
1642276,Kel'el Ware,MIA,2025-26,november,3&D Wing,Wing,Big,17.2,2.0,22.10526315789474,,84,15,26.1,13.5
1630200,Tre Jones,CHI,2025-26,november,Finisher,Finisher,Guard,17.7,22.0,15.116279069767444,4.8,73,11,28.3,13.4
1631221,Collin Gillespie,PHX,2025-26,november,Stretch Shooter,Shooter,Guard,19.6,24.7,62.5,3.3,73,15,26.7,13.3
1642852,Derik Queen,NOP,2025-26,november,Shot Creator,Scorer,Forward,24.1,25.9,8.737864077669903,18.6,81,16,24.8,13.1
1631109,Mark Williams,PHX,2025-26,november,Finisher,Finisher,Big,16.8,8.1,0.0,,85,12,25.9,13.1
1628392,Isaiah Hartenstein,OKC,2025-26,november,Finisher,Finisher,Big,17.9,18.7,2.5641025641025643,,84,13,26.1,13.1
1641710,Anthony Black,ORL,2025-26,november,3&D Wing,Wing,Forward,19.9,16.5,34.95145631067961,4.4,79,14,27.8,13.0
1630541,Moses Moody,GSW,2025-26,november,Movement Shooter,Shooter,Guard,17.8,8.4,68.62745098039215,4.9,77,15,28.0,13.0
1629014,Anfernee Simons,BOS,2025-26,november,Shot Creator,Scorer,Guard,22.9,20.7,55.99999999999999,18.2,75,14,22.2,12.9
1628976,Wendell Carter Jr.,ORL,2025-26,november,3&D Wing,Wing,Big,15.4,10.1,38.27160493827161,,82,13,30.3,12.8
1630198,Isaiah Joe,OKC,2025-26,november,Stretch Shooter,Shooter,Guard,19.0,8.8,79.31034482758622,,76,15,23.6,12.7
1641739,Toumani Camara,POR,2025-26,november,3&D Wing,Wing,Forward,16.3,9.5,68.42105263157895,6.3,79,14,34.8,12.6
1641764,Brandin Podziemski,GSW,2025-26,november,3&D Wing,Wing,Guard,18.3,18.2,48.48484848484848,6.1,76,15,28.1,12.6
1642281,Jaylon Tyson,CLE,2025-26,november,3&D Wing,Wing,Forward,15.4,8.6,54.08163265306122,,78,10,27.7,12.6
1631108,Max Christie,DAL,2025-26,november,3&D Wing,Wing,Guard,16.2,11.2,62.10526315789474,5.7,77,16,29.3,12.5
1642258,Zaccharie Risacher,ATL,2025-26,november,3&D Wing,Wing,Forward,18.9,9.5,49.03846153846153,,80,14,25.5,12.4
1629661,Cameron Johnson,DEN,2025-26,november,3&D Wing,Wing,Forward,15.5,9.8,48.88888888888889,,80,13,29.5,12.4
203471,Dennis Schröder,SAC,2025-26,november,Shot Creator,Scorer,Guard,20.6,31.1,40.36697247706422,14.8,73,13,28.3,12.4
1626156,D'Angelo Russell,DAL,2025-26,november,Secondary Ball Handler,Secondary,Guard,28.0,35.5,48.148148148148145,8.7,75,12,21.8,12.3
1630577,Julian Champagnie,SAS,2025-26,november,Movement Shooter,Shooter,Forward,17.1,5.8,75.00000000000001,,79,14,27.8,12.3
1642845,VJ Edgecombe,PHI,2025-26,november,3&D Wing,Wing,Guard,18.4,13.9,38.28125,8.3,76,11,34.7,12.3
1642907,Cedric Coward,MEM,2025-26,november,3&D Wing,Wing,Guard,18.8,14.9,48.07692307692307,2.4,77,15,28.1,12.3
1630241,Sam Merrill,CLE,2025-26,november,3&D Wing,Wing,Guard,15.8,12.5,84.21052631578947,,76,8,26.0,12.3
1628370,Malik Monk,SAC,2025-26,november,Secondary Ball Handler,Secondary,Guard,22.2,13.3,40.36697247706422,8.4,75,13,23.9,12.2
1641824,Matas Buzelis,CHI,2025-26,november,3&D Wing,Wing,Forward,18.8,7.0,44.554455445544555,4.1,80,14,27.7,12.2
1642846,Ace Bailey,UTA,2025-26,november,Movement Shooter,Shooter,Forward,18.9,10.4,47.31182795698925,3.0,81,14,23.5,12.1
203501,Tim Hardaway Jr.,DEN,2025-26,november,Movement Shooter,Shooter,Guard,16.7,7.5,67.77777777777777,2.2,77,14,24.6,12.1
1628381,John Collins,LAC,2025-26,november,3&D Wing,Wing,Forward,17.9,2.2,31.57894736842105,,81,15,27.8,12.1
1627751,Jakob Poeltl,TOR,2025-26,november,Finisher,Finisher,Big,13.7,11.7,0.0,,84,11,27.7,12.0
1628989,Kevin Huerter,CHI,2025-26,november,3&D Wing,Wing,Forward,19.6,14.3,50.0,,78,13,24.9,12.0
1630314,Brandon Williams,DAL,2025-26,november,Secondary Ball Handler,Secondary,Guard,25.0,28.0,33.9622641509434,10.6,73,16,23.9,11.9
203903,Jordan Clarkson,NYK,2025-26,november,3&D Wing,Wing,Guard,22.1,13.2,48.93617021276595,5.2,77,14,20.8,11.9
1631106,Tari Eason,HOU,2025-26,november,3&D Wing,Wing,Forward,18.0,6.0,62.068965517241395,5.0,80,7,22.4,11.9
202691,Klay Thompson,DAL,2025-26,november,Movement Shooter,Shooter,Guard,20.9,11.3,80.37383177570094,,77,15,22.1,11.8
1642377,Jaylen Wells,MEM,2025-26,november,3&D Wing,Wing,Forward,17.1,9.8,50.0,3.0,79,15,26.2,11.7
1631128,Christian Braun,DEN,2025-26,november,Finisher,Finisher,Forward,15.6,13.8,32.18390804597701,,78,6,28.5,11.7
1626171,Bobby Portis,MIL,2025-26,november,3&D Wing,Wing,Forward,20.1,8.9,37.362637362637365,3.2,81,16,22.2,11.6
203992,Bogdan Bogdanović,LAC,2025-26,november,Role Player,Role,Guard,18.0,24.4,63.82978723404255,,77,7,28.2,11.6
1630540,Miles McBride,NYK,2025-26,november,3&D Wing,Wing,Guard,16.2,11.9,63.44086021505376,4.7,74,13,26.0,11.5
1630700,Dyson Daniels,ATL,2025-26,november,Finisher,Finisher,Forward,15.3,25.6,17.3469387755102,5.6,79,15,34.6,11.4
1642450,Daniss Jenkins,DET,2025-26,november,Secondary Ball Handler,Secondary,Guard,21.2,29.8,31.034482758620697,9.5,76,11,20.9,11.4
1642285,Cam Spencer,MEM,2025-26,november,Movement Shooter,Shooter,Guard,18.5,26.3,63.74999999999999,3.0,75,15,22.2,11.3
1629111,Jock Landale,MEM,2025-26,november,Post Scorer,Big,Big,20.7,13.7,30.337078651685395,,83,15,21.3,11.3
1631260,AJ Green,MIL,2025-26,november,Movement Shooter,Shooter,Guard,12.7,11.4,93.42105263157896,,76,16,29.3,11.2
1631212,Peyton Watson,DEN,2025-26,november,Finisher,Finisher,Forward,15.9,7.9,39.53488372093023,6.7,80,14,27.9,11.1
1641796,Pelle Larsson,MIA,2025-26,november,3&D Wing,Wing,Guard,17.3,19.7,42.857142857142854,5.6,77,15,26.1,11.1
1641709,Ausar Thompson,DET,2025-26,november,Finisher,Finisher,Forward,17.2,10.8,5.555555555555555,7.7,79,11,28.6,11.0
1626220,Royce O'Neale,PHX,2025-26,november,3&D Wing,Wing,Forward,14.5,10.9,80.45977011494253,,78,15,28.8,10.9
203497,Rudy Gobert,MIN,2025-26,november,Finisher,Finisher,Big,12.6,8.9,0.0,,85,15,31.9,10.9
1641783,Tristan da Silva,ORL,2025-26,november,3&D Wing,Wing,Forward,17.0,8.1,50.56179775280899,,80,14,24.9,10.9
1630188,Jalen Smith,CHI,2025-26,november,Stretch Shooter,Shooter,Forward,20.6,11.0,58.0246913580247,,80,13,18.2,10.9
1630572,Sandro Mamukelashvili,TOR,2025-26,november,3&D Wing,Wing,Forward,19.8,10.8,36.25,,81,14,19.5,10.9
1629013,Landry Shamet,NYK,2025-26,november,3&D Wing,Wing,Guard,14.1,8.6,64.17910447761194,,77,10,22.6,10.7
1629674,Neemias Queta,BOS,2025-26,november,Finisher,Finisher,Big,15.3,10.1,2.702702702702702,,84,12,24.2,10.7
1642270,Donovan Clingan,POR,2025-26,november,Finisher,Finisher,Big,15.1,8.1,34.523809523809526,,86,13,25.3,10.5
1630249,Vít Krejčí,ATL,2025-26,november,Movement Shooter,Shooter,Forward,14.2,11.5,77.46478873239437,,80,15,24.1,10.5
1627884,Derrick Jones Jr.,LAC,2025-26,november,3&D Wing,Wing,Forward,15.7,6.3,44.0,,78,8,26.1,10.5
1630191,Isaiah Stewart,DET,2025-26,november,Finisher,Finisher,Forward,16.9,7.7,34.24657534246575,,80,12,22.9,10.5
1630228,Jonathan Kuminga,GSW,2025-26,november,Shot Creator,Scorer,Forward,24.0,15.7,28.28282828282828,12.6,79,8,24.2,10.5
204456,T.J. McConnell,IND,2025-26,november,Secondary Ball Handler,Secondary,Guard,23.6,42.2,16.842105263157894,5.9,73,10,18.1,10.4
1642848,Tre Johnson,WAS,2025-26,november,Movement Shooter,Shooter,Guard,19.9,6.7,47.77777777777777,3.2,77,10,22.9,10.4
1627747,Caris LeVert,DET,2025-26,november,3&D Wing,Wing,Forward,19.9,23.0,45.20547945205479,6.2,79,12,20.3,10.3
1630570,Trendon Watford,PHI,2025-26,november,Role Player,Role,Forward,18.0,23.4,20.0,7.8,80,12,21.4,10.3
1630544,Tre Mann,CHA,2025-26,november,Stretch Shooter,Shooter,Guard,24.1,21.9,50.98039215686275,8.5,76,13,21.0,10.2
1629004,Svi Mykhailiuk,UTA,2025-26,november,3&D Wing,Wing,Forward,13.6,12.4,66.66666666666667,,79,14,26.0,10.1
1630171,Isaac Okoro,CHI,2025-26,november,3&D Wing,Wing,Guard,14.2,9.6,48.57142857142857,,76,10,25.9,10.1
1630631,Jose Alvarado,NOP,2025-26,november,3&D Wing,Wing,Guard,17.7,19.9,63.52941176470589,4.2,72,16,23.5,10.1
1630558,Davion Mitchell,MIA,2025-26,november,Shot Creator,Scorer,Guard,13.0,29.5,32.0,28.6,72,15,31.0,9.9
1630529,Herbert Jones,NOP,2025-26,november,3&D Wing,Wing,Forward,14.2,10.8,47.77777777777777,,79,11,31.5,9.8
1642954,Will Richard,GSW,2025-26,november,3&D Wing,Wing,Guard,15.4,7.3,56.71641791044776,,75,13,20.5,9.7
1641729,Brice Sensabaugh,UTA,2025-26,november,Movement Shooter,Shooter,Forward,22.6,10.9,62.0253164556962,2.8,78,13,16.8,9.5
1630543,Isaiah Jackson,IND,2025-26,november,Finisher,Finisher,Forward,15.2,7.6,0.0,,80,15,20.9,9.5
203935,Marcus Smart,LAL,2025-26,november,3&D Wing,Wing,Guard,16.5,14.1,65.82278481012658,4.2,75,10,26.6,9.5
1641716,Jarace Walker,IND,2025-26,november,3&D Wing,Wing,Forward,18.3,10.5,49.42528735632184,6.4,79,15,26.7,9.5
1629655,Daniel Gafford,DAL,2025-26,november,Finisher,Finisher,Big,14.6,8.8,0.0,,82,14,23.5,9.4
1631213,Tyrese Martin,BKN,2025-26,november,Stretch Shooter,Shooter,Forward,19.3,20.1,53.48837209302325,,78,14,22.5,9.4
1630557,Corey Kispert,ATL,2025-26,november,Movement Shooter,Shooter,Forward,15.1,11.9,63.33333333333333,,78,12,19.5,9.4
1642271,Kyle Filipowski,UTA,2025-26,november,3&D Wing,Wing,Big,17.7,14.4,34.285714285714285,,83,13,21.2,9.4
1641715,Cam Whitmore,WAS,2025-26,november,Finisher,Finisher,Forward,20.0,5.1,36.36363636363637,6.7,78,13,16.6,9.2
1630692,Jordan Goodwin,PHX,2025-26,november,3&D Wing,Wing,Guard,16.8,12.9,43.20987654320988,,75,15,22.1,9.2
203083,Andre Drummond,PHI,2025-26,november,Finisher,Finisher,Big,13.4,3.8,23.076923076923077,,83,13,26.0,9.1
1630533,Ziaire Williams,BKN,2025-26,november,3&D Wing,Wing,Forward,17.7,5.0,71.60493827160494,,81,13,24.3,9.1
1631323,Simone Fontecchio,MIA,2025-26,november,Movement Shooter,Shooter,Forward,20.1,12.7,73.07692307692308,,79,14,17.8,9.1
1631217,Moussa Diabaté,CHA,2025-26,november,Finisher,Finisher,Big,12.2,9.3,0.0,,82,15,23.8,9.1
1641731,Bilal Coulibaly,WAS,2025-26,november,3&D Wing,Wing,Forward,16.1,15.1,41.666666666666664,4.8,79,9,27.1,9.0
1631126,Caleb Love,POR,2025-26,november,Stretch Shooter,Shooter,Guard,22.2,16.2,62.62626262626263,8.4,75,10,19.7,8.9
1642856,Egor Dëmin,BKN,2025-26,november,Stretch Shooter,Shooter,Forward,18.7,27.0,65.11627906976743,3.6,80,13,23.3,8.8
1641717,Cason Wallace,OKC,2025-26,november,3&D Wing,Wing,Guard,12.8,9.6,53.42465753424658,4.2,75,15,27.8,8.8
1629018,Gary Trent Jr.,MIL,2025-26,november,3&D Wing,Wing,Guard,13.8,7.6,72.72727272727272,,77,16,27.9,8.8
1631222,Jake LaRavia,LAL,2025-26,november,3&D Wing,Wing,Forward,14.8,9.5,38.15789473684211,2.5,79,13,25.5,8.7
1629652,Luguentz Dort,OKC,2025-26,november,3&D Wing,Wing,Guard,12.4,3.2,73.13432835820896,,76,9,25.4,8.4
1641750,Ryan Kalkbrenner,CHA,2025-26,november,Finisher,Finisher,Big,11.0,2.3,2.272727272727273,,85,13,24.9,8.4
1642268,Isaiah Collier,UTA,2025-26,november,Shot Creator,Scorer,Guard,16.7,35.4,18.51851851851852,12.5,76,11,22.7,8.4
203114,Khris Middleton,WAS,2025-26,november,Post Scorer,Big,Forward,15.6,19.1,29.5774647887324,6.1,79,9,25.3,8.2
1630643,Jay Huff,IND,2025-26,november,3&D Wing,Wing,Big,17.9,10.5,69.23076923076923,,85,15,17.8,8.2
1628436,Luke Kornet,SAS,2025-26,november,Finisher,Finisher,Big,10.8,9.8,0.0,,85,10,24.2,8.2
1627739,Kris Dunn,LAC,2025-26,november,3&D Wing,Wing,Guard,13.1,16.4,41.26984126984127,3.9,75,15,27.7,8.1
1631246,Vince Williams Jr.,MEM,2025-26,november,Stretch Shooter,Shooter,Guard,19.4,34.1,55.12820512820513,,76,15,22.9,8.1
1642346,Ryan Dunn,PHX,2025-26,november,3&D Wing,Wing,Forward,13.8,9.7,39.3939393939394,,79,10,24.4,8.1
1642366,Quinten Post,GSW,2025-26,november,Stretch Shooter,Shooter,Big,18.4,12.3,66.15384615384615,,84,15,17.3,8.1
1631230,Dominick Barlow,PHI,2025-26,november,3&D Wing,Wing,Forward,12.1,11.4,30.15873015873016,,81,8,27.2,8.0
203994,Jusuf Nurkić,UTA,2025-26,november,Playmaking Big,Big,Big,15.2,24.0,20.0,,83,14,27.1,8.0
1628963,Marvin Bagley III,WAS,2025-26,november,Finisher,Finisher,Big,17.9,12.0,5.263157894736842,7.3,82,9,16.2,8.0
1631107,Nikola Jović,MIA,2025-26,november,Playmaking Big,Big,Big,20.2,21.6,43.66197183098592,3.7,82,10,20.3,8.0
1629611,Terance Mann,BKN,2025-26,november,3&D Wing,Wing,Forward,14.3,22.3,36.61971830985916,3.7,78,14,27.3,7.8
1631121,Bryce McGowens,NOP,2025-26,november,3&D Wing,Wing,Forward,17.2,10.4,32.69230769230769,5.2,78,9,16.0,7.8
203110,Draymond Green,GSW,2025-26,november,3&D Wing,Wing,Forward,17.1,25.5,60.49382716049383,,78,12,29.2,7.5
1629750,Javonte Green,DET,2025-26,november,3&D Wing,Wing,Guard,13.6,5.1,50.943396226415096,,77,15,21.4,7.4
203937,Kyle Anderson,UTA,2025-26,november,Shot Creator,Scorer,Forward,17.5,28.6,3.3333333333333335,12.6,80,5,18.4,7.4
1628379,Luke Kennard,ATL,2025-26,november,Movement Shooter,Shooter,Guard,15.3,17.8,66.07142857142858,,77,12,19.0,7.3
1630173,Precious Achiuwa,SAC,2025-26,november,Finisher,Finisher,Forward,13.8,6.9,17.24137931034483,,80,14,20.9,7.3
1642348,Justin Edwards,PHI,2025-26,november,3&D Wing,Wing,Forward,16.6,14.4,58.730158730158735,,79,12,19.2,7.3
1629234,Drew Eubanks,SAC,2025-26,november,Finisher,Finisher,Big,16.3,4.1,2.173913043478261,,82,16,16.5,7.2
1627741,Buddy Hield,GSW,2025-26,november,Movement Shooter,Shooter,Guard,18.2,14.8,65.625,,76,15,17.7,7.1
1642920,Kobe Sanders,LAC,2025-26,november,3&D Wing,Wing,Forward,15.1,9.4,59.64912280701754,5.8,80,10,21.5,7.1
1631169,Josh Minott,BOS,2025-26,november,3&D Wing,Wing,Forward,15.0,9.4,50.0,,80,14,17.5,6.9
1641772,Nae'Qwan Tomlin,CLE,2025-26,november,3&D Wing,Wing,Forward,15.8,3.6,36.53846153846153,,80,12,16.2,6.9
1642272,Jared McCain,PHI,2025-26,november,3&D Wing,Wing,Guard,19.0,9.3,47.887323943661976,9.0,75,10,17.0,6.8
1642962,Drake Powell,BKN,2025-26,november,3&D Wing,Wing,Guard,14.1,16.3,37.5,8.3,77,12,20.2,6.8
1630175,Cole Anthony,MIL,2025-26,november,Secondary Ball Handler,Secondary,Guard,25.2,37.9,24.324324324324323,6.9,74,16,16.6,6.7
1628971,Bruce Brown,DEN,2025-26,november,Finisher,Finisher,Guard,13.7,11.5,27.272727272727277,4.1,76,14,25.0,6.6
1642948,Ryan Nembhard,DAL,2025-26,november,Role Player,Role,Guard,19.7,32.7,43.74999999999999,8.5,71,5,15.7,6.6
1641775,Jordan Walsh,BOS,2025-26,november,3&D Wing,Wing,Forward,11.2,6.6,41.1764705882353,,78,13,24.1,6.5
1630696,Dru Smith,MIA,2025-26,november,3&D Wing,Wing,Guard,15.3,22.0,42.30769230769231,10.0,74,15,16.9,6.5
203484,Kentavious Caldwell-Pope,MEM,2025-26,november,3&D Wing,Wing,Guard,14.8,16.4,50.81967213114754,3.1,77,15,21.6,6.5
1631119,Jaylin Williams,OKC,2025-26,november,3&D Wing,Wing,Forward,15.9,17.8,83.33333333333333,,81,14,18.5,6.5
1629048,Goga Bitadze,ORL,2025-26,november,Finisher,Finisher,Big,12.0,10.7,8.823529411764707,,83,13,16.3,6.5
1630172,Patrick Williams,CHI,2025-26,november,3&D Wing,Wing,Forward,15.9,8.0,54.41176470588236,3.6,78,13,20.1,6.5
1629637,Jaxson Hayes,LAL,2025-26,november,Finisher,Finisher,Big,10.5,6.7,2.857142857142857,,84,13,17.7,6.4
1629006,Josh Okogie,HOU,2025-26,november,3&D Wing,Wing,Guard,13.8,5.8,53.448275862068975,,76,13,20.9,6.4
1641711,Gradey Dick,TOR,2025-26,november,Movement Shooter,Shooter,Forward,15.2,6.5,58.490566037735846,,79,15,16.8,6.3
1642267,Bub Carrington,WAS,2025-26,november,Role Player,Role,Guard,14.9,26.2,52.38095238095239,4.8,76,13,24.1,6.3
1631243,Mouhamed Gueye,ATL,2025-26,november,3&D Wing,Wing,Big,14.3,9.2,39.62264150943396,,83,15,17.8,6.3
1628366,Lonzo Ball,CLE,2025-26,november,3&D Wing,Wing,Guard,14.2,26.6,87.6923076923077,,77,11,23.4,6.1
1642867,Collin Murray-Boyles,TOR,2025-26,november,Finisher,Finisher,Forward,14.2,11.2,21.951219512195124,,79,12,17.4,6.1
1641767,Ben Sheppard,IND,2025-26,november,3&D Wing,Wing,Forward,11.7,9.5,61.904761904761905,,78,15,24.3,6.1
1641842,Ronald Holland II,DET,2025-26,november,3&D Wing,Wing,Forward,15.0,11.3,32.30769230769231,3.8,80,15,21.6,6.1
1642883,Sion James,CHA,2025-26,november,3&D Wing,Wing,Guard,10.0,8.2,62.264150943396224,,77,15,28.1,6.1
203500,Steven Adams,HOU,2025-26,november,Finisher,Finisher,Big,12.8,9.1,0.0,,83,11,20.6,6.0
1631110,Jeremy Sochan,SAS,2025-26,november,3&D Wing,Wing,Forward,15.4,14.7,36.17021276595744,,80,13,16.2,5.9
1642261,Dalton Knecht,LAL,2025-26,november,Movement Shooter,Shooter,Forward,15.1,6.7,55.10204081632652,6.0,78,11,15.6,5.9
201143,Al Horford,GSW,2025-26,november,3&D Wing,Wing,Forward,13.9,14.3,78.57142857142858,,80,8,21.4,5.9
201144,Mike Conley,MIN,2025-26,november,3&D Wing,Wing,Guard,10.0,22.2,76.31578947368422,,73,15,19.7,5.9
1630549,Day'Ron Sharpe,BKN,2025-26,november,Finisher,Finisher,Big,18.1,15.4,21.05263157894737,3.7,82,13,15.9,5.8
1630311,Pat Spencer,GSW,2025-26,november,Role Player,Role,Guard,17.9,27.9,33.9622641509434,7.4,74,10,15.1,5.8
1631200,Kris Murray,POR,2025-26,november,3&D Wing,Wing,Forward,10.1,7.6,38.88888888888889,,80,14,25.1,5.8
1627936,Alex Caruso,OKC,2025-26,november,3&D Wing,Wing,Guard,14.5,16.0,59.57446808510638,,77,12,17.7,5.8
1642266,Ja'Kobe Walter,TOR,2025-26,november,3&D Wing,Wing,Guard,13.3,4.6,62.79069767441862,,76,15,16.5,5.6
1642877,Micah Peavy,NOP,2025-26,november,3&D Wing,Wing,Forward,14.4,8.5,35.714285714285715,,79,15,17.8,5.5
1641854,Craig Porter Jr.,CLE,2025-26,november,3&D Wing,Wing,Guard,12.6,23.1,32.558139534883715,,73,12,16.8,5.5
1642274,Yves Missi,NOP,2025-26,november,Finisher,Finisher,Big,12.8,7.8,0.0,,83,12,19.4,5.4
1641722,Jordan Hawkins,NOP,2025-26,november,Movement Shooter,Shooter,Guard,17.7,9.0,52.459016393442624,,77,13,15.4,5.4
1630811,Keaton Wallace,ATL,2025-26,november,3&D Wing,Wing,Guard,14.8,23.8,65.95744680851064,8.2,75,13,16.9,5.4
1642347,Jamal Shead,TOR,2025-26,november,3&D Wing,Wing,Guard,13.0,35.0,63.636363636363626,8.2,73,15,19.3,5.3
1630573,Sam Hauser,BOS,2025-26,november,Movement Shooter,Shooter,Forward,12.4,9.6,81.66666666666667,,79,14,21.5,5.1
1631165,Keon Ellis,SAC,2025-26,november,3&D Wing,Wing,Guard,12.9,5.7,78.04878048780489,,76,15,15.5,5.0
1630526,Jeremiah Robinson-Earl,DAL,2025-26,november,3&D Wing,Wing,Forward,12.4,5.9,38.77551020408163,,81,15,18.6,4.8
1629731,Dean Wade,CLE,2025-26,november,3&D Wing,Wing,Forward,9.8,9.2,69.56521739130436,,81,13,21.1,4.8
201587,Nicolas Batum,LAC,2025-26,november,3&D Wing,Wing,Forward,10.1,4.3,94.73684210526316,,79,15,20.2,4.7
1631321,Sidy Cissoko,POR,2025-26,november,3&D Wing,Wing,Forward,11.5,11.3,57.14285714285714,,78,14,18.2,4.6
1642345,Oso Ighodaro,PHX,2025-26,november,Finisher,Finisher,Big,11.7,14.6,2.9411764705882355,8.5,83,15,16.6,4.6
1629020,Jarred Vanderbilt,LAL,2025-26,november,3&D Wing,Wing,Forward,12.2,12.6,34.48275862068966,,80,8,16.3,4.3
1629216,Gabe Vincent,LAL,2025-26,november,Movement Shooter,Shooter,Guard,6.8,9.0,92.85714285714288,,74,5,20.4,4.2
1642363,Nique Clifford,SAC,2025-26,november,3&D Wing,Wing,Guard,12.6,13.7,50.0,,77,16,15.3,3.9
1642461,Spencer Jones,DEN,2025-26,november,3&D Wing,Wing,Forward,9.2,6.9,59.25925925925925,,79,11,16.7,3.8
1629011,Mitchell Robinson,NYK,2025-26,november,Finisher,Finisher,Big,8.8,5.1,0.0,,84,11,17.0,3.6
1641737,Adem Bona,PHI,2025-26,november,Finisher,Finisher,Big,9.1,0.0,13.043478260869565,,82,9,15.8,3.4
1627759,Jaylen Brown,BOS,2025-26,december,Primary Initiator,Primary,Forward,35.3,25.4,22.16981132075472,20.6,78,10,35.2,31.7
1628983,Shai Gilgeous-Alexander,OKC,2025-26,december,Primary Initiator,Primary,Forward,30.9,29.6,23.589743589743588,26.3,78,12,32.8,31.4
1629029,Luka Dončić,LAL,2025-26,december,Primary Initiator,Primary,Forward,38.5,38.6,44.642857142857146,16.0,80,9,34.6,31.0
1628973,Jalen Brunson,NYK,2025-26,december,Primary Initiator,Primary,Guard,30.5,30.1,39.207048458149785,14.4,74,13,36.9,30.6
203999,Nikola Jokić,DEN,2025-26,december,Primary Initiator,Primary,Big,32.0,47.7,27.083333333333336,5.3,83,13,34.3,30.6
201939,Stephen Curry,GSW,2025-26,december,Primary Initiator,Primary,Guard,31.2,22.8,58.3732057416268,10.1,74,9,33.7,30.1
202695,Kawhi Leonard,LAC,2025-26,december,Shot Creator,Scorer,Forward,31.4,18.9,35.406698564593306,16.5,78,12,36.0,29.8
1630162,Anthony Edwards,MIN,2025-26,december,Primary Initiator,Primary,Guard,29.2,15.4,39.08629441624365,23.4,76,11,37.4,29.4
1628378,Donovan Mitchell,CLE,2025-26,december,Primary Initiator,Primary,Guard,32.4,26.1,44.18604651162791,11.4,74,13,33.1,29.3
1629008,Michael Porter Jr.,BKN,2025-26,december,Movement Shooter,Shooter,Big,29.5,19.6,52.0618556701031,6.9,82,10,33.7,28.3
1630178,Tyrese Maxey,PHI,2025-26,december,Shot Creator,Scorer,Guard,27.9,28.6,37.21973094170403,14.5,74,10,38.2,28.0
1641718,Keyonte George,UTA,2025-26,december,Primary Initiator,Primary,Guard,28.4,28.9,44.06779661016949,12.3,76,13,35.1,27.7
1628374,Lauri Markkanen,UTA,2025-26,december,Finisher,Finisher,Big,25.2,8.4,35.35911602209944,4.0,85,9,35.6,27.1
201142,Kevin Durant,HOU,2025-26,december,Shot Creator,Scorer,Big,26.0,22.1,29.239766081871345,20.8,83,13,36.3,26.6
1627750,Jamal Murray,DEN,2025-26,december,Shot Creator,Scorer,Guard,27.8,30.1,41.361256544502616,14.6,76,14,35.1,26.5
203954,Joel Embiid,PHI,2025-26,december,Shot Creator,Scorer,Big,35.2,19.0,23.97959183673469,12.3,84,7,31.3,25.9
1630552,Jalen Johnson,ATL,2025-26,december,Secondary Ball Handler,Secondary,Forward,27.4,39.9,27.513227513227516,7.9,80,12,36.3,25.8
1626164,Devin Booker,PHX,2025-26,december,Shot Creator,Scorer,Guard,31.7,26.3,26.6304347826087,14.0,77,9,30.4,25.1
1630166,Deni Avdija,POR,2025-26,december,Shot Creator,Scorer,Forward,27.5,35.5,36.64596273291925,14.0,80,14,36.7,24.6
1642843,Cooper Flagg,DAL,2025-26,december,Shot Creator,Scorer,Forward,25.9,18.7,17.441860465116278,13.3,81,13,35.6,23.5
1630595,Cade Cunningham,DET,2025-26,december,Secondary Ball Handler,Secondary,Forward,27.1,42.1,33.72093023255814,11.5,78,13,34.4,23.5
201935,James Harden,LAC,2025-26,december,Shot Creator,Scorer,Guard,27.8,30.1,50.931677018633536,42.5,77,11,35.2,23.5
1630578,Alperen Sengun,HOU,2025-26,december,Shot Creator,Scorer,Big,28.2,29.1,9.392265193370166,14.9,83,9,34.7,23.4
1629627,Zion Williamson,NOP,2025-26,december,Shot Creator,Scorer,Forward,29.0,18.8,0.0,23.8,78,9,25.9,23.4
1627742,Brandon Ingram,TOR,2025-26,december,Shot Creator,Scorer,Forward,27.9,18.7,31.57894736842105,13.8,80,14,34.8,23.1
1627783,Pascal Siakam,IND,2025-26,december,Shot Creator,Scorer,Forward,28.4,15.1,26.13636363636363,13.3,80,14,32.8,22.9
1631101,Shaedon Sharpe,POR,2025-26,december,Shot Creator,Scorer,Guard,30.0,16.7,28.723404255319153,12.3,77,14,31.4,22.9
203507,Giannis Antetokounmpo,MIL,2025-26,december,Playmaking Big,Big,Big,38.0,25.8,8.695652173913043,10.9,83,5,22.6,22.8
1626181,Norman Powell,MIA,2025-26,december,3&D Wing,Wing,Guard,26.4,14.7,42.94117647058823,10.9,75,12,32.1,22.6
1626157,Karl-Anthony Towns,NYK,2025-26,december,Role Player,Role,Big,24.9,10.6,31.15942028985507,10.0,84,12,31.8,22.3
203924,Jerami Grant,POR,2025-26,december,Stretch Shooter,Shooter,Forward,24.9,16.1,50.29239766081871,10.7,79,7,33.9,22.3
1628401,Derrick White,BOS,2025-26,december,Stretch Shooter,Shooter,Guard,26.3,22.4,63.74269005847953,4.7,76,12,34.2,22.3
1629630,Ja Morant,MEM,2025-26,december,Primary Initiator,Primary,Guard,30.9,43.0,17.28395061728395,14.1,74,5,26.7,22.2
1641705,Victor Wembanyama,SAS,2025-26,december,Shot Creator,Scorer,Big,33.1,18.4,22.55639097744361,14.5,88,9,23.2,21.9
2544,LeBron James,LAL,2025-26,december,Shot Creator,Scorer,Forward,27.5,29.4,31.05590062111801,12.8,81,11,33.0,21.6
1630559,Austin Reaves,LAL,2025-26,december,Shot Creator,Scorer,Guard,28.0,24.6,47.26027397260275,13.5,77,7,31.8,21.6
1630530,Trey Murphy III,NOP,2025-26,december,Secondary Ball Handler,Secondary,Forward,20.7,14.8,40.26845637583892,6.6,80,14,35.2,21.5
1628415,Dillon Brooks,PHX,2025-26,december,Secondary Ball Handler,Secondary,Forward,27.5,8.4,36.781609195402304,9.3,79,12,30.6,21.4
1630163,LaMelo Ball,CHA,2025-26,december,Primary Initiator,Primary,Forward,31.8,45.5,58.490566037735846,12.2,79,10,26.8,21.4
203944,Julius Randle,MIN,2025-26,december,Shot Creator,Scorer,Forward,25.3,24.8,26.282051282051285,15.8,81,14,34.0,21.3
203076,Anthony Davis,DAL,2025-26,december,Post Scorer,Big,Big,28.6,14.3,10.674157303370784,11.5,82,10,30.1,21.2
1641706,Brandon Miller,CHA,2025-26,december,Secondary Ball Handler,Secondary,Forward,27.9,16.5,43.85026737967914,10.8,79,11,33.2,21.0
1642851,Kon Knueppel,CHA,2025-26,december,Stretch Shooter,Shooter,Forward,23.1,21.7,60.0,,78,12,32.5,20.8
1629027,Trae Young,WAS,2025-26,december,Stretch Shooter,Shooter,Guard,26.0,44.2,50.76923076923077,12.0,74,5,28.2,20.8
1629638,Nickeil Alexander-Walker,ATL,2025-26,december,Movement Shooter,Shooter,Guard,24.1,11.3,51.4792899408284,2.9,77,14,32.8,20.7
1630217,Desmond Bane,ORL,2025-26,december,Secondary Ball Handler,Secondary,Forward,23.3,20.2,30.53892215568862,7.0,78,14,35.2,20.2
1629645,Kevin Porter Jr.,MIL,2025-26,december,Secondary Ball Handler,Secondary,Guard,24.8,35.5,37.93103448275862,9.8,77,13,35.8,19.9
1628368,De'Aaron Fox,SAS,2025-26,december,Secondary Ball Handler,Secondary,Guard,24.7,25.6,38.70967741935484,10.1,75,13,31.4,19.8
203468,CJ McCollum,ATL,2025-26,december,Secondary Ball Handler,Secondary,Guard,24.0,18.8,46.202531645569614,8.8,75,14,32.6,19.5
1641708,Amen Thompson,HOU,2025-26,december,Secondary Ball Handler,Secondary,Forward,20.1,19.8,13.333333333333334,9.4,79,13,37.3,19.2
1641710,Anthony Black,ORL,2025-26,december,Secondary Ball Handler,Secondary,Forward,24.7,20.3,35.294117647058826,4.4,79,14,33.1,18.9
1631094,Paolo Banchero,ORL,2025-26,december,Shot Creator,Scorer,Big,26.1,23.1,21.935483870967744,14.7,82,12,33.7,18.9
202710,Jimmy Butler III,GSW,2025-26,december,Shot Creator,Scorer,Forward,21.9,21.1,17.094017094017094,17.7,78,11,31.4,18.7
201942,DeMar DeRozan,SAC,2025-26,december,Shot Creator,Scorer,Forward,20.1,17.9,17.293233082706767,19.9,78,12,33.3,18.7
1642264,Stephon Castle,SAS,2025-26,december,Secondary Ball Handler,Secondary,Forward,27.6,32.0,33.08270676691729,8.4,78,11,28.9,18.6
1630591,Jalen Suggs,ORL,2025-26,december,Secondary Ball Handler,Secondary,Guard,26.5,22.1,47.4025974025974,6.6,77,7,29.1,18.6
1628991,Jaren Jackson Jr.,MEM,2025-26,december,3&D Wing,Wing,Big,24.6,11.0,28.965517241379313,11.1,82,12,30.8,18.4
1631096,Chet Holmgren,OKC,2025-26,december,Finisher,Finisher,Big,23.4,6.8,27.966101694915253,7.8,85,12,27.4,18.3
1629636,Darius Garland,CLE,2025-26,december,Secondary Ball Handler,Secondary,Guard,24.9,31.9,46.0,6.7,73,12,31.6,18.3
1630567,Scottie Barnes,TOR,2025-26,december,Finisher,Finisher,Forward,22.1,24.9,23.972602739726028,7.9,80,14,35.3,17.9
1631114,Jalen Williams,OKC,2025-26,december,Shot Creator,Scorer,Guard,26.1,26.2,21.08843537414966,14.8,77,13,29.5,17.8
1630180,Saddiq Bey,NOP,2025-26,december,3&D Wing,Wing,Forward,20.7,9.8,32.41379310344828,6.5,80,14,32.1,17.6
1630581,Josh Giddey,CHI,2025-26,december,Secondary Ball Handler,Secondary,Forward,24.7,38.8,38.63636363636363,5.0,79,13,31.2,17.5
1629673,Jordan Poole,NOP,2025-26,december,Stretch Shooter,Shooter,Guard,24.5,17.1,64.12213740458016,7.9,76,9,25.8,17.2
1629614,Andrew Nembhard,IND,2025-26,december,Secondary Ball Handler,Secondary,Guard,24.0,36.5,32.16783216783216,8.9,76,14,32.1,17.1
202331,Paul George,PHI,2025-26,december,Shot Creator,Scorer,Forward,22.1,16.3,51.44927536231883,18.4,80,10,31.5,17.1
1642845,VJ Edgecombe,PHI,2025-26,december,Secondary Ball Handler,Secondary,Guard,20.6,18.4,43.44827586206896,8.3,76,11,33.5,17.1
1629632,Coby White,CHI,2025-26,december,Secondary Ball Handler,Secondary,Guard,26.2,20.3,47.93388429752066,7.7,76,11,26.9,16.9
1630193,Immanuel Quickley,TOR,2025-26,december,Stretch Shooter,Shooter,Guard,21.8,27.6,54.13533834586466,6.1,74,13,32.3,16.8
1631095,Jabari Smith Jr.,HOU,2025-26,december,Stretch Shooter,Shooter,Big,18.1,7.4,50.3875968992248,5.6,83,13,36.0,16.8
1631170,Jaime Jaquez Jr.,MIA,2025-26,december,Shot Creator,Scorer,Forward,23.1,20.3,13.846153846153848,14.8,78,13,29.5,16.8
1630168,Onyeka Okongwu,ATL,2025-26,december,3&D Wing,Wing,Big,19.8,16.4,41.911764705882355,1.6,82,14,33.8,16.6
1626171,Bobby Portis,MIL,2025-26,december,3&D Wing,Wing,Forward,23.6,11.3,40.310077519379846,3.2,81,13,26.7,16.5
1628969,Mikal Bridges,NYK,2025-26,december,3&D Wing,Wing,Forward,16.9,17.1,44.274809160305345,2.3,78,14,35.5,16.5
1628389,Bam Adebayo,MIA,2025-26,december,3&D Wing,Wing,Forward,21.7,10.9,25.75757575757576,8.0,81,11,31.7,16.4
1631221,Collin Gillespie,PHX,2025-26,december,Stretch Shooter,Shooter,Guard,19.8,23.6,59.374999999999986,3.3,73,12,31.4,16.3
1631105,Jalen Duren,DET,2025-26,december,Finisher,Finisher,Big,20.9,7.8,0.0,8.9,82,13,28.2,16.2
201566,Russell Westbrook,SAC,2025-26,december,Shot Creator,Scorer,Guard,25.7,38.1,40.27777777777777,13.4,76,12,30.1,16.2
1631097,Bennedict Mathurin,IND,2025-26,december,Secondary Ball Handler,Secondary,Guard,21.3,9.5,49.19354838709677,9.0,77,14,32.0,16.1
1630596,Evan Mobley,CLE,2025-26,december,Finisher,Finisher,Big,21.3,17.6,23.4375,4.7,83,9,29.9,16.0
1630202,Payton Pritchard,BOS,2025-26,december,Shot Creator,Scorer,Guard,20.7,23.6,54.166666666666664,12.8,73,12,33.7,16.0
1642285,Cam Spencer,MEM,2025-26,december,Movement Shooter,Shooter,Guard,17.6,34.2,60.0,3.0,75,11,28.4,15.9
1630583,Santi Aldama,MEM,2025-26,december,3&D Wing,Wing,Big,19.0,13.1,45.45454545454546,,84,12,31.2,15.8
1642281,Jaylon Tyson,CLE,2025-26,december,3&D Wing,Wing,Forward,19.5,10.4,33.91304347826087,,78,14,28.8,15.8
1628970,Miles Bridges,CHA,2025-26,december,3&D Wing,Wing,Forward,22.4,19.9,38.405797101449274,9.0,79,12,30.7,15.7
202696,Nikola Vučević,CHI,2025-26,december,Post Scorer,Big,Forward,21.2,15.2,32.83582089552239,,81,14,29.4,15.6
1631157,Ryan Rollins,MIL,2025-26,december,Secondary Ball Handler,Secondary,Guard,22.7,28.5,43.74999999999999,7.3,75,13,29.7,15.6
1630230,Naji Marshall,DAL,2025-26,december,3&D Wing,Wing,Forward,17.2,12.2,23.809523809523807,5.6,78,13,31.0,15.5
1642875,Maxime Raynaud,SAC,2025-26,december,Finisher,Finisher,Big,19.2,7.3,8.620689655172415,,85,12,30.6,15.5
1629675,Naz Reid,MIN,2025-26,december,Movement Shooter,Shooter,Forward,20.5,14.8,62.698412698412696,3.8,81,14,29.2,15.4
1642907,Cedric Coward,MEM,2025-26,december,Secondary Ball Handler,Secondary,Guard,21.5,18.6,37.06896551724138,2.4,77,11,27.5,15.4
1641824,Matas Buzelis,CHI,2025-26,december,Secondary Ball Handler,Secondary,Forward,20.7,8.4,47.66355140186916,4.1,80,14,26.5,15.4
203952,Andrew Wiggins,MIA,2025-26,december,3&D Wing,Wing,Forward,19.2,12.9,34.12698412698413,10.9,78,12,31.4,15.3
1641730,Noah Clowney,BKN,2025-26,december,Stretch Shooter,Shooter,Big,21.9,11.6,61.40350877192983,4.6,82,11,29.9,15.1
1642852,Derik Queen,NOP,2025-26,december,Shot Creator,Scorer,Forward,21.9,23.3,10.909090909090908,18.6,81,14,29.2,15.0
203501,Tim Hardaway Jr.,DEN,2025-26,december,Movement Shooter,Shooter,Guard,17.6,6.7,68.46846846846847,2.2,77,14,30.0,14.8
1628384,OG Anunoby,NYK,2025-26,december,3&D Wing,Wing,Forward,19.5,7.4,45.2991452991453,5.9,79,11,33.5,14.5
1642377,Jaylen Wells,MEM,2025-26,december,3&D Wing,Wing,Forward,18.7,9.2,44.44444444444444,3.0,79,12,30.0,14.3
1642259,Alex Sarr,WAS,2025-26,december,Finisher,Finisher,Big,23.1,14.3,22.83464566929134,5.3,84,7,25.4,14.3
1630540,Miles McBride,NYK,2025-26,december,3&D Wing,Wing,Guard,16.3,11.7,77.27272727272727,4.7,74,6,26.2,14.2
1629023,P.J. Washington,DAL,2025-26,december,3&D Wing,Wing,Forward,17.5,5.6,32.142857142857146,4.1,79,9,32.5,14.1
1642273,Kyshawn George,WAS,2025-26,december,Role Player,Role,Forward,18.7,21.7,48.24561403508772,6.1,80,11,32.7,13.8
203471,Dennis Schröder,SAC,2025-26,december,Shot Creator,Scorer,Guard,23.8,37.3,36.458333333333336,14.8,73,8,24.4,13.8
1627826,Ivica Zubac,LAC,2025-26,december,Post Scorer,Big,Big,17.4,9.8,0.0,,84,8,30.9,13.8
1629640,Keldon Johnson,SAS,2025-26,december,3&D Wing,Wing,Forward,19.7,6.0,34.48275862068966,3.9,78,14,21.7,13.7
1628404,Josh Hart,NYK,2025-26,december,3&D Wing,Wing,Guard,16.7,19.5,45.19230769230769,,77,10,33.8,13.7
1630170,Devin Vassell,SAS,2025-26,december,Movement Shooter,Shooter,Guard,17.7,10.5,60.86956521739131,2.7,77,13,30.0,13.7
1630183,Jaden McDaniels,MIN,2025-26,december,3&D Wing,Wing,Forward,17.3,14.0,29.090909090909093,2.3,81,13,32.1,13.7
1629651,Nic Claxton,BKN,2025-26,december,Shot Creator,Scorer,Big,16.3,24.8,3.225806451612903,14.1,83,11,31.2,13.6
203994,Jusuf Nurkić,UTA,2025-26,december,Playmaking Big,Big,Big,20.2,26.4,17.204301075268816,,83,10,27.0,13.6
1630700,Dyson Daniels,ATL,2025-26,december,Finisher,Finisher,Forward,18.4,21.7,16.666666666666664,5.6,79,13,34.5,13.5
1642267,Bub Carrington,WAS,2025-26,december,Role Player,Role,Guard,17.9,21.6,61.0,4.8,76,14,29.4,13.4
1628381,John Collins,LAC,2025-26,december,3&D Wing,Wing,Forward,19.7,8.9,36.458333333333336,,81,11,26.5,13.3
1628386,Jarrett Allen,CLE,2025-26,december,Finisher,Finisher,Forward,19.5,12.6,2.272727272727273,,81,9,24.6,13.2
1642848,Tre Johnson,WAS,2025-26,december,Movement Shooter,Shooter,Guard,21.8,13.9,52.52525252525253,3.2,77,10,22.3,13.2
1642276,Kel'el Ware,MIA,2025-26,december,3&D Wing,Wing,Big,15.8,2.8,38.55421686746987,,84,13,24.9,13.1
1631212,Peyton Watson,DEN,2025-26,december,Finisher,Finisher,Forward,16.8,3.8,33.33333333333333,6.7,80,12,29.6,12.8
1641739,Toumani Camara,POR,2025-26,december,3&D Wing,Wing,Forward,16.5,12.3,71.15384615384616,6.3,79,14,32.5,12.8
1642263,Reed Sheppard,HOU,2025-26,december,Stretch Shooter,Shooter,Guard,19.4,17.8,59.09090909090909,4.6,74,13,26.3,12.8
1641764,Brandin Podziemski,GSW,2025-26,december,Stretch Shooter,Shooter,Guard,18.1,20.8,53.93258426966292,6.1,76,13,26.0,12.7
1629012,Collin Sexton,CHA,2025-26,december,Secondary Ball Handler,Secondary,Guard,29.2,33.8,30.927835051546392,5.2,75,6,18.1,12.7
1628976,Wendell Carter Jr.,ORL,2025-26,december,3&D Wing,Wing,Big,14.5,8.8,39.56043956043956,,82,14,31.3,12.6
1628963,Marvin Bagley III,WAS,2025-26,december,Finisher,Finisher,Big,18.1,12.2,7.228915662650602,7.3,82,13,24.0,12.6
1631109,Mark Williams,PHX,2025-26,december,Finisher,Finisher,Big,17.1,8.8,1.4285714285714286,,85,11,21.7,12.5
1626167,Myles Turner,MIL,2025-26,december,Stretch Shooter,Shooter,Big,18.6,7.8,65.26315789473685,,83,13,27.7,12.5
1629661,Cameron Johnson,DEN,2025-26,december,3&D Wing,Wing,Forward,14.3,9.4,52.63157894736842,,80,10,34.0,12.5
1631099,Keegan Murray,SAC,2025-26,december,3&D Wing,Wing,Forward,17.3,4.8,33.87096774193549,4.2,80,10,35.3,12.5
1628978,Donte DiVincenzo,MIN,2025-26,december,Movement Shooter,Shooter,Guard,16.5,20.4,74.77477477477478,1.9,76,14,31.8,12.4
1629028,Deandre Ayton,LAL,2025-26,december,Finisher,Finisher,Big,14.6,3.5,0.0,,84,10,29.4,12.3
1642847,Jeremiah Fears,NOP,2025-26,december,Secondary Ball Handler,Secondary,Guard,22.9,18.8,18.421052631578945,7.2,75,14,25.9,12.3
1629014,Anfernee Simons,BOS,2025-26,december,Shot Creator,Scorer,Guard,21.2,10.4,59.43396226415094,18.2,75,12,23.1,12.1
1628398,Kyle Kuzma,MIL,2025-26,december,3&D Wing,Wing,Forward,21.1,14.8,19.565217391304348,5.1,80,12,26.9,12.1
1630314,Brandon Williams,DAL,2025-26,december,Secondary Ball Handler,Secondary,Guard,21.1,21.6,22.619047619047617,10.6,73,11,22.1,12.0
203497,Rudy Gobert,MIN,2025-26,december,Finisher,Finisher,Big,12.9,8.4,0.0,,85,14,31.4,12.0
1630200,Tre Jones,CHI,2025-26,december,Finisher,Finisher,Guard,16.2,29.2,22.666666666666664,4.8,73,11,24.2,11.9
203084,Harrison Barnes,SAS,2025-26,december,3&D Wing,Wing,Forward,16.8,10.4,57.29166666666667,8.0,79,14,27.8,11.9
1630241,Sam Merrill,CLE,2025-26,december,Stretch Shooter,Shooter,Guard,18.1,14.6,74.22680412371135,,76,6,25.8,11.8
202699,Tobias Harris,DET,2025-26,december,3&D Wing,Wing,Forward,19.1,13.0,35.64356435643565,4.2,80,12,25.1,11.8
1642349,Ajay Mitchell,OKC,2025-26,december,Role Player,Role,Guard,16.9,16.8,32.05128205128205,8.9,76,11,24.3,11.8
1642856,Egor Dëmin,BKN,2025-26,december,Stretch Shooter,Shooter,Forward,20.3,17.3,67.32673267326733,3.6,80,11,26.6,11.8
1642270,Donovan Clingan,POR,2025-26,december,Finisher,Finisher,Big,14.4,9.1,28.37837837837838,,86,11,27.8,11.7
202691,Klay Thompson,DAL,2025-26,december,Movement Shooter,Shooter,Guard,21.3,6.3,68.46846846846847,,77,11,22.5,11.7
1631106,Tari Eason,HOU,2025-26,december,3&D Wing,Wing,Forward,19.5,6.9,44.18604651162791,5.0,80,5,21.9,11.6
1641709,Ausar Thompson,DET,2025-26,december,Finisher,Finisher,Forward,19.9,13.2,2.469135802469136,7.7,79,13,23.9,11.2
1629631,De'Andre Hunter,CLE,2025-26,december,3&D Wing,Wing,Forward,18.5,7.1,47.42268041237113,7.5,79,13,26.2,11.2
1642271,Kyle Filipowski,UTA,2025-26,december,3&D Wing,Wing,Big,16.7,11.5,35.80246913580247,,83,13,25.0,11.2
1630249,Vít Krejčí,ATL,2025-26,december,Movement Shooter,Shooter,Forward,14.4,7.4,82.27848101265822,,80,14,24.7,11.0
1642846,Ace Bailey,UTA,2025-26,december,Role Player,Role,Forward,18.2,6.9,44.44444444444444,3.0,81,11,27.3,10.8
1631108,Max Christie,DAL,2025-26,december,3&D Wing,Wing,Guard,13.8,9.8,55.07246376811593,5.7,77,11,26.7,10.7
1629111,Jock Landale,MEM,2025-26,december,Post Scorer,Big,Big,18.3,9.6,38.55421686746987,,83,10,22.6,10.7
1630245,Ayo Dosunmu,CHI,2025-26,december,3&D Wing,Wing,Guard,18.3,22.0,42.5531914893617,2.2,76,10,24.8,10.6
1630572,Sandro Mamukelashvili,TOR,2025-26,december,3&D Wing,Wing,Forward,16.5,10.3,52.38095238095239,,81,14,23.7,10.6
1641731,Bilal Coulibaly,WAS,2025-26,december,Secondary Ball Handler,Secondary,Forward,20.1,10.0,45.45454545454545,4.8,79,8,26.2,10.5
1630529,Herbert Jones,NOP,2025-26,december,3&D Wing,Wing,Forward,18.9,14.2,39.77272727272727,,79,6,22.0,10.5
1629674,Neemias Queta,BOS,2025-26,december,Finisher,Finisher,Big,14.3,7.3,0.0,,84,12,25.9,10.3
1630171,Isaac Okoro,CHI,2025-26,december,3&D Wing,Wing,Guard,14.8,5.6,38.02816901408451,,76,10,23.4,10.3
1628989,Kevin Huerter,CHI,2025-26,december,3&D Wing,Wing,Forward,17.7,10.4,65.11627906976743,,78,10,22.1,10.3
1642844,Dylan Harper,SAS,2025-26,december,Secondary Ball Handler,Secondary,Guard,23.9,29.2,27.272727272727277,7.7,77,14,21.2,10.3
203903,Jordan Clarkson,NYK,2025-26,december,3&D Wing,Wing,Guard,19.6,7.5,46.067415730337075,5.2,77,14,22.2,10.3
203935,Marcus Smart,LAL,2025-26,december,3&D Wing,Wing,Guard,16.4,13.5,73.86363636363636,4.2,75,8,27.8,10.3
1629656,Quentin Grimes,PHI,2025-26,december,3&D Wing,Wing,Guard,14.7,19.5,68.18181818181817,10.4,76,10,30.2,10.2
1641842,Ronald Holland II,DET,2025-26,december,3&D Wing,Wing,Forward,21.0,6.8,32.05128205128205,3.8,80,11,19.3,10.1
1630191,Isaiah Stewart,DET,2025-26,december,Finisher,Finisher,Forward,16.2,5.2,31.944444444444443,,80,13,22.9,10.1
1631126,Caleb Love,POR,2025-26,december,Stretch Shooter,Shooter,Guard,20.7,16.6,59.34065934065935,8.4,75,14,21.0,10.1
1630577,Julian Champagnie,SAS,2025-26,december,Movement Shooter,Shooter,Forward,13.2,5.8,82.05128205128206,,79,14,26.6,10.0
1629130,Duncan Robinson,DET,2025-26,december,Movement Shooter,Shooter,Forward,13.7,8.0,84.81012658227847,,79,11,25.9,9.9
201567,Kevin Love,UTA,2025-26,december,3&D Wing,Wing,Big,17.4,11.2,73.41772151898734,,82,8,20.2,9.9
203114,Khris Middleton,WAS,2025-26,december,Post Scorer,Big,Forward,17.9,19.2,24.13793103448276,6.1,79,7,23.6,9.9
1628380,Zach Collins,CHI,2025-26,december,3&D Wing,Wing,Forward,17.7,11.4,32.8125,,81,10,18.4,9.7
1630692,Jordan Goodwin,PHX,2025-26,december,Stretch Shooter,Shooter,Guard,20.8,14.4,51.45631067961165,,75,12,23.3,9.6
1630538,Bones Hyland,MIN,2025-26,december,Stretch Shooter,Shooter,Guard,18.3,21.1,65.27777777777779,10.9,74,11,19.4,9.5
1631230,Dominick Barlow,PHI,2025-26,december,3&D Wing,Wing,Forward,13.4,7.0,20.28985507246377,,81,11,26.1,9.5
203110,Draymond Green,GSW,2025-26,december,3&D Wing,Wing,Forward,17.7,24.3,57.35294117647059,,78,10,23.8,9.5
1641775,Jordan Walsh,BOS,2025-26,december,3&D Wing,Wing,Forward,12.8,5.4,43.137254901960794,,78,11,20.6,9.5
1628370,Malik Monk,SAC,2025-26,december,Stretch Shooter,Shooter,Guard,24.2,21.6,51.85185185185186,8.4,75,10,18.1,9.4
1642366,Quinten Post,GSW,2025-26,december,Stretch Shooter,Shooter,Big,18.2,11.9,63.2183908045977,,84,13,21.8,9.3
1642461,Spencer Jones,DEN,2025-26,december,3&D Wing,Wing,Forward,11.1,5.6,54.99999999999999,,79,14,29.0,9.3
1630551,Justin Champagnie,WAS,2025-26,december,3&D Wing,Wing,Forward,14.9,6.7,37.5,,78,14,23.6,9.2
1642258,Zaccharie Risacher,ATL,2025-26,december,3&D Wing,Wing,Forward,16.2,7.8,44.44444444444445,,80,14,23.6,9.2
203484,Kentavious Caldwell-Pope,MEM,2025-26,december,3&D Wing,Wing,Guard,18.0,22.4,49.27536231884058,3.1,77,11,20.5,9.2
1642948,Ryan Nembhard,DAL,2025-26,december,Role Player,Role,Guard,17.0,33.6,33.734939759036145,8.5,71,13,25.5,9.2
1641733,Nick Smith Jr.,LAL,2025-26,december,Stretch Shooter,Shooter,Guard,20.9,6.0,54.430379746835435,11.6,74,8,17.5,9.1
1627739,Kris Dunn,LAC,2025-26,december,3&D Wing,Wing,Guard,13.1,17.9,58.46153846153845,3.9,75,12,27.4,9.1
1628971,Bruce Brown,DEN,2025-26,december,Finisher,Finisher,Guard,13.6,11.5,20.3125,4.1,76,14,26.7,9.1
1631107,Nikola Jović,MIA,2025-26,december,Playmaking Big,Big,Big,23.3,23.7,57.89473684210527,3.7,82,7,15.7,9.0
201572,Brook Lopez,LAC,2025-26,december,3&D Wing,Wing,Big,17.4,11.1,67.6470588235294,,85,8,22.8,8.9
1641729,Brice Sensabaugh,UTA,2025-26,december,Movement Shooter,Shooter,Forward,17.5,11.9,57.53424657534247,2.8,78,13,21.2,8.8
204456,T.J. McConnell,IND,2025-26,december,Secondary Ball Handler,Secondary,Guard,22.8,49.6,5.882352941176471,5.9,73,12,15.7,8.8
1630311,Pat Spencer,GSW,2025-26,december,Secondary Ball Handler,Secondary,Guard,22.0,29.8,26.666666666666668,7.4,74,10,17.6,8.8
1630541,Moses Moody,GSW,2025-26,december,Movement Shooter,Shooter,Guard,15.6,11.3,59.74025974025974,4.9,77,13,22.6,8.8
1642275,Tidjane Salaün,CHA,2025-26,december,3&D Wing,Wing,Big,15.5,8.3,48.333333333333336,,82,13,19.5,8.8
1629004,Svi Mykhailiuk,UTA,2025-26,december,3&D Wing,Wing,Forward,13.6,10.2,61.53846153846154,,79,11,22.4,8.7
1631123,Jamaree Bouyea,PHX,2025-26,december,Role Player,Role,Guard,18.9,20.6,34.920634920634924,,74,12,16.1,8.7
1629060,Rui Hachimura,LAL,2025-26,december,3&D Wing,Wing,Forward,11.5,2.9,50.0,3.7,80,9,30.2,8.7
1630558,Davion Mitchell,MIA,2025-26,december,Shot Creator,Scorer,Guard,13.7,29.5,37.974683544303794,28.6,72,11,29.7,8.6
1642363,Nique Clifford,SAC,2025-26,december,3&D Wing,Wing,Guard,17.8,7.0,42.30769230769231,,77,12,23.0,8.6
1631260,AJ Green,MIL,2025-26,december,Movement Shooter,Shooter,Guard,13.1,9.3,89.61038961038962,,76,10,28.3,8.5
1631121,Bryce McGowens,NOP,2025-26,december,3&D Wing,Wing,Forward,12.7,8.9,30.35714285714286,5.2,78,10,23.3,8.5
1631093,Jaden Ivey,DET,2025-26,december,3&D Wing,Wing,Guard,18.3,17.9,48.4375,5.6,75,13,16.8,8.5
1630643,Jay Huff,IND,2025-26,december,3&D Wing,Wing,Big,16.9,11.8,67.12328767123287,,85,14,22.4,8.4
1626220,Royce O'Neale,PHX,2025-26,december,3&D Wing,Wing,Forward,12.8,14.4,78.26086956521739,,78,12,28.1,8.4
1641713,GG Jackson,MEM,2025-26,december,3&D Wing,Wing,Forward,14.6,5.5,48.387096774193544,,81,5,21.6,8.4
1629652,Luguentz Dort,OKC,2025-26,december,3&D Wing,Wing,Guard,14.6,5.3,84.81012658227847,,76,10,24.6,8.3
1630568,Luka Garza,BOS,2025-26,december,Finisher,Finisher,Big,14.0,10.1,26.829268292682933,,82,7,16.7,8.3
1642874,Danny Wolf,BKN,2025-26,december,3&D Wing,Wing,Big,20.3,14.0,43.75,,83,11,21.7,8.2
1629018,Gary Trent Jr.,MIL,2025-26,december,3&D Wing,Wing,Guard,14.9,6.2,64.86486486486486,,77,11,22.7,8.2
1642854,Asa Newell,ATL,2025-26,december,3&D Wing,Wing,Big,16.1,8.1,46.15384615384615,,82,12,15.3,8.0
1627741,Buddy Hield,GSW,2025-26,december,Movement Shooter,Shooter,Guard,17.9,12.0,62.68656716417911,,76,10,17.7,8.0
1642268,Isaiah Collier,UTA,2025-26,december,Shot Creator,Scorer,Guard,16.9,44.4,23.72881355932203,12.5,76,13,22.0,7.9
1628436,Luke Kornet,SAS,2025-26,december,Finisher,Finisher,Big,9.5,10.1,0.0,,85,13,24.7,7.9
1642383,Walter Clayton Jr.,UTA,2025-26,december,Finisher,Finisher,Guard,17.5,25.3,51.72413793103448,3.6,76,13,16.9,7.9
1630549,Day'Ron Sharpe,BKN,2025-26,december,Playmaking Big,Big,Big,17.6,28.9,12.76595744680851,3.7,82,11,16.3,7.9
1642347,Jamal Shead,TOR,2025-26,december,Stretch Shooter,Shooter,Guard,18.6,30.6,53.48837209302325,8.2,73,14,23.6,7.9
1642272,Jared McCain,PHI,2025-26,december,3&D Wing,Wing,Guard,18.4,16.5,47.5,9.0,75,12,21.4,7.8
1631222,Jake LaRavia,LAL,2025-26,december,3&D Wing,Wing,Forward,14.4,10.1,44.61538461538461,2.5,79,12,24.4,7.8
1630631,Jose Alvarado,NOP,2025-26,december,3&D Wing,Wing,Guard,13.2,20.9,61.66666666666667,4.2,72,12,23.5,7.8
1641750,Ryan Kalkbrenner,CHA,2025-26,december,Finisher,Finisher,Big,9.6,5.2,2.272727272727273,,85,8,25.5,7.8
1629001,De'Anthony Melton,GSW,2025-26,december,Role Player,Role,Guard,21.7,13.4,47.36842105263158,,74,10,19.4,7.7
1627751,Jakob Poeltl,TOR,2025-26,december,Finisher,Finisher,Big,15.1,10.5,0.0,,84,6,22.4,7.7
1630533,Ziaire Williams,BKN,2025-26,december,3&D Wing,Wing,Forward,15.9,5.6,74.13793103448276,,81,9,20.5,7.7
1630573,Sam Hauser,BOS,2025-26,december,Movement Shooter,Shooter,Forward,14.9,5.6,92.1875,,79,12,20.2,7.6
1642354,KJ Simpson,CHA,2025-26,december,Secondary Ball Handler,Secondary,Guard,23.0,19.2,49.35064935064935,,74,6,19.7,7.5
1631321,Sidy Cissoko,POR,2025-26,december,3&D Wing,Wing,Forward,14.4,9.7,66.12903225806451,,78,14,24.0,7.5
1628392,Isaiah Hartenstein,OKC,2025-26,december,Finisher,Finisher,Big,15.4,7.5,0.0,,84,5,23.3,7.4
1641707,Taylor Hendricks,UTA,2025-26,december,3&D Wing,Wing,Forward,12.9,6.5,58.139534883720934,,81,10,16.2,7.4
1642266,Ja'Kobe Walter,TOR,2025-26,december,3&D Wing,Wing,Guard,13.7,7.5,62.71186440677966,,76,14,20.4,7.4
1641716,Jarace Walker,IND,2025-26,december,3&D Wing,Wing,Forward,17.7,8.0,59.09090909090909,6.4,79,14,19.1,7.4
1642954,Will Richard,GSW,2025-26,december,3&D Wing,Wing,Guard,12.4,8.7,68.75,,75,10,21.0,7.3
1641796,Pelle Larsson,MIA,2025-26,december,3&D Wing,Wing,Guard,12.7,17.6,37.735849056603776,5.6,77,7,18.9,7.3
1627936,Alex Caruso,OKC,2025-26,december,3&D Wing,Wing,Guard,16.0,9.2,61.66666666666667,,77,9,18.0,7.2
1629057,Robert Williams III,POR,2025-26,december,Finisher,Finisher,Forward,12.3,9.3,6.976744186046512,,81,9,19.0,7.2
1630598,Aaron Wiggins,OKC,2025-26,december,Stretch Shooter,Shooter,Guard,18.4,7.7,53.96825396825397,6.3,77,11,18.2,7.2
1630188,Jalen Smith,CHI,2025-26,december,3&D Wing,Wing,Forward,14.9,10.5,52.72727272727272,,80,10,18.2,7.1
1641717,Cason Wallace,OKC,2025-26,december,3&D Wing,Wing,Guard,11.5,9.3,60.0,4.2,75,13,26.1,7.1
1627747,Caris LeVert,DET,2025-26,december,3&D Wing,Wing,Forward,15.6,17.4,53.96825396825397,6.2,79,12,20.2,7.0
1642860,Will Riley,WAS,2025-26,december,3&D Wing,Wing,Forward,16.4,12.8,36.206896551724135,,81,13,17.9,7.0
1642278,Tyler Kolek,NYK,2025-26,december,3&D Wing,Wing,Guard,17.4,33.9,42.622950819672134,,74,14,17.1,6.9
1630173,Precious Achiuwa,SAC,2025-26,december,Finisher,Finisher,Forward,16.4,9.6,12.6984126984127,,80,12,18.6,6.9
1629726,Garrison Mathews,IND,2025-26,december,Role Player,Role,Guard,13.0,7.6,84.61538461538461,,77,10,15.0,6.9
1629637,Jaxson Hayes,LAL,2025-26,december,Finisher,Finisher,Big,11.8,5.9,0.0,,84,10,16.7,6.9
1630198,Isaiah Joe,OKC,2025-26,december,3&D Wing,Wing,Guard,14.1,12.4,91.30434782608695,,76,9,15.4,6.9
1629731,Dean Wade,CLE,2025-26,december,3&D Wing,Wing,Forward,9.9,9.5,74.54545454545453,,81,14,24.4,6.9
1630696,Dru Smith,MIA,2025-26,december,3&D Wing,Wing,Guard,15.3,18.5,43.859649122807014,10.0,74,13,18.6,6.8
1642883,Sion James,CHA,2025-26,december,3&D Wing,Wing,Guard,11.4,9.2,61.53846153846154,,77,13,24.9,6.8
1642867,Collin Murray-Boyles,TOR,2025-26,december,Finisher,Finisher,Forward,16.2,13.8,22.033898305084744,,79,12,19.0,6.8
1642864,Hugo González,BOS,2025-26,december,3&D Wing,Wing,Forward,13.0,3.8,40.81632653061224,,78,12,19.7,6.7
1630534,Ochai Agbaji,TOR,2025-26,december,3&D Wing,Wing,Guard,13.1,7.6,32.758620689655174,,77,12,20.6,6.6
1631323,Simone Fontecchio,MIA,2025-26,december,Movement Shooter,Shooter,Forward,18.7,15.9,67.6923076923077,,79,12,16.9,6.6
203083,Andre Drummond,PHI,2025-26,december,Finisher,Finisher,Big,15.3,9.8,25.454545454545453,,83,11,18.9,6.5
203992,Bogdan Bogdanović,LAC,2025-26,december,Role Player,Role,Guard,17.0,16.5,60.0,,77,7,18.5,6.4
1628379,Luke Kennard,ATL,2025-26,december,Movement Shooter,Shooter,Guard,10.7,14.4,62.79069767441862,,77,13,19.2,6.4
1642920,Kobe Sanders,LAC,2025-26,december,3&D Wing,Wing,Forward,13.7,12.4,42.22222222222222,5.8,80,12,19.7,6.3
1629750,Javonte Green,DET,2025-26,december,3&D Wing,Wing,Guard,14.2,6.5,53.84615384615385,,77,13,16.6,6.3
1629655,Daniel Gafford,DAL,2025-26,december,Finisher,Finisher,Big,14.5,3.4,0.0,,82,9,16.9,6.2
1629611,Terance Mann,BKN,2025-26,december,3&D Wing,Wing,Forward,10.4,20.7,50.0,3.7,78,9,25.6,6.2
1631200,Kris Murray,POR,2025-26,december,3&D Wing,Wing,Forward,9.4,5.8,52.17391304347826,,80,12,27.2,6.0
1630172,Patrick Williams,CHI,2025-26,december,3&D Wing,Wing,Forward,16.8,9.4,45.45454545454545,3.6,78,13,16.3,5.9
1629020,Jarred Vanderbilt,LAL,2025-26,december,3&D Wing,Wing,Forward,11.0,5.9,55.81395348837209,,80,8,20.8,5.9
1628988,Aaron Holiday,HOU,2025-26,december,3&D Wing,Wing,Guard,14.8,7.1,60.86956521739131,,72,12,15.6,5.8
1630182,Josh Green,CHA,2025-26,december,3&D Wing,Wing,Forward,12.9,9.8,77.27272727272727,,78,9,15.5,5.8
1631217,Moussa Diabaté,CHA,2025-26,december,Finisher,Finisher,Big,10.0,8.5,0.0,,82,12,23.9,5.8
1641783,Tristan da Silva,ORL,2025-26,december,3&D Wing,Wing,Forward,14.5,6.5,46.3768115942029,,80,10,22.2,5.7
1629216,Gabe Vincent,LAL,2025-26,december,Movement Shooter,Shooter,Guard,12.1,5.7,72.72727272727273,,74,6,21.2,5.7
1629048,Goga Bitadze,ORL,2025-26,december,Finisher,Finisher,Big,11.0,11.2,2.857142857142857,,83,11,16.7,5.6
1631213,Tyrese Martin,BKN,2025-26,december,3&D Wing,Wing,Forward,17.9,16.5,65.57377049180329,,78,8,17.3,5.6
1629006,Josh Okogie,HOU,2025-26,december,3&D Wing,Wing,Guard,11.1,5.3,51.21951219512195,,76,13,20.3,5.6
1629011,Mitchell Robinson,NYK,2025-26,december,Finisher,Finisher,Big,9.5,8.5,0.0,,84,10,19.9,5.6
1631246,Vince Williams Jr.,MEM,2025-26,december,3&D Wing,Wing,Guard,17.7,18.8,59.70149253731343,,76,6,20.2,5.5
201587,Nicolas Batum,LAC,2025-26,december,3&D Wing,Wing,Forward,8.9,6.5,97.67441860465117,,79,11,23.8,5.5
1641737,Adem Bona,PHI,2025-26,december,Finisher,Finisher,Big,10.0,2.1,7.4074074074074066,,82,9,19.0,5.4
1626145,Tyus Jones,ORL,2025-26,december,3&D Wing,Wing,Guard,10.9,22.2,67.3913043478261,,72,14,20.1,5.4
1630679,Ethan Thompson,IND,2025-26,december,Role Player,Role,Guard,12.6,12.9,71.42857142857142,,76,13,19.5,5.3
1631169,Josh Minott,BOS,2025-26,december,3&D Wing,Wing,Forward,10.7,7.1,74.19354838709677,,80,9,16.7,5.2
203500,Steven Adams,HOU,2025-26,december,Finisher,Finisher,Big,12.5,6.6,0.0,,83,10,21.8,5.2
1642345,Oso Ighodaro,PHX,2025-26,december,Finisher,Finisher,Big,10.3,11.1,0.0,8.5,83,12,23.0,5.2
1642857,Kasparas Jakučionis,MIA,2025-26,december,Role Player,Role,Guard,13.7,8.2,57.777777777777786,,77,8,15.6,5.1
1642346,Ryan Dunn,PHX,2025-26,december,3&D Wing,Wing,Forward,14.8,11.0,39.28571428571429,,79,10,20.3,5.1
1642962,Drake Powell,BKN,2025-26,december,3&D Wing,Wing,Guard,14.4,17.0,62.5,8.3,77,8,15.3,5.0
1642928,Dylan Cardwell,SAC,2025-26,december,Finisher,Finisher,Big,9.0,8.1,0.0,,82,6,21.5,5.0
1630543,Isaiah Jackson,IND,2025-26,december,Finisher,Finisher,Forward,15.0,3.8,0.0,,80,9,15.8,5.0
1630579,Jericho Sims,MIL,2025-26,december,Finisher,Finisher,Big,9.2,4.1,0.0,,82,12,21.0,5.0
1629618,Jalen Pickett,DEN,2025-26,december,3&D Wing,Wing,Guard,13.4,19.2,62.79069767441862,8.5,74,10,16.1,4.5
1641763,Julian Phillips,CHI,2025-26,december,Role Player,Role,Forward,10.7,4.8,59.45945945945946,,78,6,15.5,4.5
1631165,Keon Ellis,SAC,2025-26,december,3&D Wing,Wing,Guard,13.0,6.0,66.03773584905662,,76,11,18.7,4.5
1628366,Lonzo Ball,CLE,2025-26,december,3&D Wing,Wing,Guard,11.2,18.8,76.59574468085107,,77,9,22.6,4.0
1631119,Jaylin Williams,OKC,2025-26,december,3&D Wing,Wing,Forward,12.1,16.3,75.0,,81,5,19.4,3.6
1641854,Craig Porter Jr.,CLE,2025-26,december,3&D Wing,Wing,Guard,9.7,19.3,27.272727272727277,,73,12,15.9,3.6
203939,Dwight Powell,DAL,2025-26,december,Finisher,Finisher,Big,8.5,8.0,0.0,,82,8,16.4,3.5
201144,Mike Conley,MIN,2025-26,december,3&D Wing,Wing,Guard,11.6,16.8,80.48780487804879,,73,9,17.6,3.3
203914,Gary Harris,MIL,2025-26,december,3&D Wing,Wing,Guard,7.1,4.5,60.86956521739131,,76,11,17.1,3.3
1631132,Christian Koloko,ATL,2025-26,december,Role Player,Role,Big,4.8,6.0,0.0,,83,5,18.6,2.0
1629029,Luka Dončić,LAL,2025-26,january,Primary Initiator,Primary,Forward,35.5,40.2,42.727272727272734,16.0,80,12,36.8,33.2
1628983,Shai Gilgeous-Alexander,OKC,2025-26,january,Primary Initiator,Primary,Forward,33.4,28.4,21.73913043478261,26.3,78,11,33.8,32.8
1630162,Anthony Edwards,MIN,2025-26,january,Primary Initiator,Primary,Guard,32.0,16.6,41.37931034482759,23.4,76,9,35.8,31.1
1627759,Jaylen Brown,BOS,2025-26,january,Primary Initiator,Primary,Forward,38.1,22.4,29.01960784313726,20.6,78,12,36.2,30.7
1628374,Lauri Markkanen,UTA,2025-26,january,Finisher,Finisher,Big,28.0,9.7,34.285714285714285,4.0,85,5,38.4,29.4
1630166,Deni Avdija,POR,2025-26,january,Primary Initiator,Primary,Forward,31.9,33.3,35.911602209944746,14.0,80,8,33.6,29.0
1627750,Jamal Murray,DEN,2025-26,january,Primary Initiator,Primary,Guard,31.2,43.1,34.78260869565218,14.6,76,9,36.4,29.0
202695,Kawhi Leonard,LAC,2025-26,january,Primary Initiator,Primary,Forward,34.0,20.3,44.72361809045226,16.5,78,9,32.7,28.9
1630530,Trey Murphy III,NOP,2025-26,january,Stretch Shooter,Shooter,Forward,26.1,16.2,58.76288659793815,6.6,80,10,36.7,28.2
203954,Joel Embiid,PHI,2025-26,january,Shot Creator,Scorer,Big,32.4,20.3,18.539325842696627,12.3,84,11,34.0,28.2
1630178,Tyrese Maxey,PHI,2025-26,january,Shot Creator,Scorer,Guard,27.6,26.0,38.13953488372093,14.5,74,13,38.8,27.9
201142,Kevin Durant,HOU,2025-26,january,Shot Creator,Scorer,Big,26.9,21.8,38.0,20.8,83,13,38.8,27.8
1628378,Donovan Mitchell,CLE,2025-26,january,Primary Initiator,Primary,Guard,31.1,31.2,45.023696682464454,11.4,74,11,35.2,27.5
203507,Giannis Antetokounmpo,MIL,2025-26,january,Primary Initiator,Primary,Big,31.8,32.5,7.092198581560284,10.9,83,10,30.2,26.1
1626164,Devin Booker,PHX,2025-26,january,Primary Initiator,Primary,Guard,31.3,30.0,28.64864864864865,14.0,77,11,33.3,25.3
201935,James Harden,LAC,2025-26,january,Primary Initiator,Primary,Guard,32.4,38.4,39.48717948717949,42.5,77,11,35.8,24.9
2544,LeBron James,LAL,2025-26,january,Primary Initiator,Primary,Forward,28.1,35.1,25.568181818181817,12.8,81,12,34.1,24.8
1641705,Victor Wembanyama,SAS,2025-26,january,Shot Creator,Scorer,Big,33.8,11.5,36.99421965317919,14.5,88,10,26.9,24.7
1627783,Pascal Siakam,IND,2025-26,january,Shot Creator,Scorer,Forward,29.0,22.9,24.752475247524753,13.3,80,11,34.3,24.6
201939,Stephen Curry,GSW,2025-26,january,Movement Shooter,Shooter,Guard,28.1,31.4,58.333333333333336,10.1,74,11,31.0,24.4
1629008,Michael Porter Jr.,BKN,2025-26,january,Movement Shooter,Shooter,Big,30.9,14.9,56.315789473684205,6.9,82,9,33.9,24.2
1628973,Jalen Brunson,NYK,2025-26,january,Primary Initiator,Primary,Guard,30.3,24.7,36.6120218579235,14.4,74,10,31.4,23.6
203944,Julius Randle,MIN,2025-26,january,Shot Creator,Scorer,Forward,26.8,18.1,27.439024390243905,15.8,81,11,33.4,23.4
1641718,Keyonte George,UTA,2025-26,january,Shot Creator,Scorer,Guard,26.3,25.1,39.87730061349693,12.3,76,13,34.6,23.3
1631094,Paolo Banchero,ORL,2025-26,january,Shot Creator,Scorer,Big,27.9,25.8,26.506024096385545,14.7,82,10,35.6,23.2
1631212,Peyton Watson,DEN,2025-26,january,Finisher,Finisher,Forward,26.7,14.2,33.54430379746835,6.7,80,12,36.3,23.0
1626181,Norman Powell,MIA,2025-26,january,Movement Shooter,Shooter,Guard,24.7,13.2,50.32258064516129,10.9,75,12,29.6,22.0
1631101,Shaedon Sharpe,POR,2025-26,january,Shot Creator,Scorer,Guard,29.2,17.1,36.065573770491795,12.3,77,12,31.8,22.0
1630567,Scottie Barnes,TOR,2025-26,january,Finisher,Finisher,Forward,25.8,26.3,14.705882352941178,7.9,80,11,36.1,21.5
1630595,Cade Cunningham,DET,2025-26,january,Primary Initiator,Primary,Forward,29.1,44.0,28.07017543859649,11.5,78,8,34.2,21.3
202710,Jimmy Butler III,GSW,2025-26,january,Shot Creator,Scorer,Forward,24.6,23.9,22.058823529411764,17.7,78,8,29.3,21.3
1630552,Jalen Johnson,ATL,2025-26,january,Secondary Ball Handler,Secondary,Forward,25.9,29.8,30.409356725146196,7.9,80,12,36.4,21.0
1629627,Zion Williamson,NOP,2025-26,january,Shot Creator,Scorer,Forward,24.9,18.7,0.0,23.8,78,12,29.6,20.8
1641706,Brandon Miller,CHA,2025-26,january,Secondary Ball Handler,Secondary,Forward,28.1,19.9,49.04458598726115,10.8,79,12,30.0,20.7
1628991,Jaren Jackson Jr.,MEM,2025-26,january,3&D Wing,Wing,Big,25.0,7.7,29.48717948717949,11.1,82,10,31.8,20.6
1629628,RJ Barrett,TOR,2025-26,january,Secondary Ball Handler,Secondary,Forward,31.2,16.7,38.8235294117647,2.7,78,5,29.2,20.6
1629636,Darius Garland,CLE,2025-26,january,Secondary Ball Handler,Secondary,Guard,25.4,32.7,38.46153846153847,6.7,73,7,31.3,20.6
1627742,Brandon Ingram,TOR,2025-26,january,Shot Creator,Scorer,Forward,24.4,16.3,28.758169934640527,13.8,80,10,33.1,20.4
1629639,Tyler Herro,MIA,2025-26,january,Shot Creator,Scorer,Guard,24.6,18.6,36.585365853658544,13.3,77,5,31.5,20.4
1629638,Nickeil Alexander-Walker,ATL,2025-26,january,Movement Shooter,Shooter,Guard,23.3,18.9,57.23270440251572,2.9,77,12,33.5,20.2
1641708,Amen Thompson,HOU,2025-26,january,Finisher,Finisher,Forward,19.7,19.4,12.230215827338128,9.4,79,13,38.8,19.8
201942,DeMar DeRozan,SAC,2025-26,january,Shot Creator,Scorer,Forward,22.5,20.5,13.432835820895525,19.9,78,14,33.1,19.6
1630193,Immanuel Quickley,TOR,2025-26,january,Stretch Shooter,Shooter,Guard,22.0,26.2,50.34013605442177,6.1,74,10,33.5,19.4
1630180,Saddiq Bey,NOP,2025-26,january,3&D Wing,Wing,Forward,20.6,9.7,41.666666666666664,6.5,80,6,29.9,19.3
1629614,Andrew Nembhard,IND,2025-26,january,Secondary Ball Handler,Secondary,Guard,21.9,36.1,39.097744360902254,8.9,76,10,33.4,19.0
202696,Nikola Vučević,CHI,2025-26,january,Post Scorer,Big,Forward,21.7,22.7,28.571428571428577,,81,12,32.8,18.8
203468,CJ McCollum,ATL,2025-26,january,Secondary Ball Handler,Secondary,Guard,26.8,19.5,35.76158940397352,8.8,75,10,27.8,18.5
1630217,Desmond Bane,ORL,2025-26,january,Secondary Ball Handler,Secondary,Forward,21.7,17.1,35.0,7.0,78,10,34.7,18.4
1641729,Brice Sensabaugh,UTA,2025-26,january,Movement Shooter,Shooter,Forward,24.8,9.3,45.11278195488722,2.8,78,12,27.7,18.3
1630230,Naji Marshall,DAL,2025-26,january,3&D Wing,Wing,Forward,21.5,19.6,24.0,5.6,78,12,31.3,18.3
1631108,Max Christie,DAL,2025-26,january,Stretch Shooter,Shooter,Guard,19.0,11.2,61.240310077519375,5.7,77,10,32.5,18.2
1629632,Coby White,CHI,2025-26,january,Stretch Shooter,Shooter,Guard,25.8,21.6,59.3984962406015,7.7,76,8,30.0,18.1
203897,Zach LaVine,SAC,2025-26,january,Movement Shooter,Shooter,Guard,22.1,11.9,47.28682170542635,9.3,77,11,31.1,18.0
1628389,Bam Adebayo,MIA,2025-26,january,3&D Wing,Wing,Forward,23.1,15.4,30.967741935483872,8.0,81,13,30.9,17.9
1642851,Kon Knueppel,CHA,2025-26,january,Secondary Ball Handler,Secondary,Forward,22.4,16.4,48.46153846153846,,78,13,30.0,17.9
1628368,De'Aaron Fox,SAS,2025-26,january,Secondary Ball Handler,Secondary,Guard,22.6,27.3,40.41095890410959,10.1,75,12,32.9,17.9
201566,Russell Westbrook,SAC,2025-26,january,Shot Creator,Scorer,Guard,25.7,28.2,48.175182481751825,13.4,76,14,31.2,17.6
1630163,LaMelo Ball,CHA,2025-26,january,Primary Initiator,Primary,Forward,29.8,39.2,59.25925925925925,12.2,79,13,25.8,17.5
1628415,Dillon Brooks,PHX,2025-26,january,Secondary Ball Handler,Secondary,Forward,26.4,9.6,42.94478527607362,9.3,79,12,30.5,17.4
1630578,Alperen Sengun,HOU,2025-26,january,Shot Creator,Scorer,Big,26.0,27.0,10.0,14.9,83,10,30.6,17.4
1631096,Chet Holmgren,OKC,2025-26,january,Finisher,Finisher,Big,19.5,8.5,31.53153153153153,7.8,85,11,30.6,17.3
1630596,Evan Mobley,CLE,2025-26,january,Finisher,Finisher,Big,19.9,18.7,25.563909774436087,4.7,83,12,34.2,17.1
1642273,Kyshawn George,WAS,2025-26,january,Secondary Ball Handler,Secondary,Forward,26.8,28.6,43.91891891891891,6.1,80,8,28.9,17.0
1641824,Matas Buzelis,CHI,2025-26,january,Stretch Shooter,Shooter,Forward,23.3,15.2,50.38167938931297,4.1,80,12,29.9,17.0
1642259,Alex Sarr,WAS,2025-26,january,Finisher,Finisher,Big,23.9,13.3,15.503875968992247,5.3,84,12,28.3,16.9
1631105,Jalen Duren,DET,2025-26,january,Finisher,Finisher,Big,22.7,9.9,0.0,8.9,82,7,25.7,16.7
203994,Jusuf Nurkić,UTA,2025-26,january,Playmaking Big,Big,Big,21.3,34.9,17.26618705035971,,83,7,31.0,16.7
1642843,Cooper Flagg,DAL,2025-26,january,Shot Creator,Scorer,Forward,24.9,21.5,23.841059602649008,13.3,81,10,31.4,16.7
1628384,OG Anunoby,NYK,2025-26,january,3&D Wing,Wing,Forward,19.8,12.2,37.06896551724138,5.9,79,12,33.8,16.7
1626157,Karl-Anthony Towns,NYK,2025-26,january,Role Player,Role,Big,25.3,14.8,30.4,10.0,84,11,28.5,16.6
1629675,Naz Reid,MIN,2025-26,january,Movement Shooter,Shooter,Forward,22.3,16.0,49.549549549549546,3.8,81,11,25.0,16.4
1641710,Anthony Black,ORL,2025-26,january,Secondary Ball Handler,Secondary,Forward,21.1,26.0,45.23809523809524,4.4,79,10,34.0,16.3
1631114,Jalen Williams,OKC,2025-26,january,Shot Creator,Scorer,Guard,23.0,30.0,16.40625,14.8,77,9,29.4,16.2
203932,Aaron Gordon,DEN,2025-26,january,Shot Creator,Scorer,Forward,23.7,24.0,35.294117647058826,16.0,80,10,27.4,16.2
1630168,Onyeka Okongwu,ATL,2025-26,january,3&D Wing,Wing,Big,19.7,16.3,46.45669291338584,1.6,82,11,33.2,16.2
1628960,Grayson Allen,PHX,2025-26,january,Stretch Shooter,Shooter,Guard,24.1,18.8,75.18796992481202,2.8,75,10,26.6,16.1
1629014,Anfernee Simons,BOS,2025-26,january,Shot Creator,Scorer,Guard,23.8,17.3,59.23076923076923,18.2,75,13,26.8,16.1
1628970,Miles Bridges,CHA,2025-26,january,3&D Wing,Wing,Forward,20.3,13.4,48.30508474576271,9.0,79,13,30.7,15.9
1630202,Payton Pritchard,BOS,2025-26,january,Shot Creator,Scorer,Guard,19.3,25.8,41.04477611940298,12.8,73,12,32.7,15.9
1630183,Jaden McDaniels,MIN,2025-26,january,3&D Wing,Wing,Forward,16.7,13.2,31.428571428571427,2.3,81,11,33.3,15.9
1631126,Caleb Love,POR,2025-26,january,Stretch Shooter,Shooter,Guard,23.6,19.1,61.194029850746254,8.4,75,12,28.3,15.8
1628381,John Collins,LAC,2025-26,january,3&D Wing,Wing,Forward,14.9,2.6,43.67816091954023,,81,10,29.8,15.7
1630245,Ayo Dosunmu,CHI,2025-26,january,Secondary Ball Handler,Secondary,Guard,21.0,23.6,43.63636363636363,2.2,76,12,25.6,15.6
1630241,Sam Merrill,CLE,2025-26,january,3&D Wing,Wing,Guard,18.0,9.5,80.64516129032258,,76,6,25.4,15.5
203501,Tim Hardaway Jr.,DEN,2025-26,january,Movement Shooter,Shooter,Guard,20.5,6.9,72.97297297297297,2.2,77,12,28.6,15.4
1630314,Brandon Williams,DAL,2025-26,january,Secondary Ball Handler,Secondary,Guard,26.6,19.9,17.75700934579439,10.6,73,10,22.1,15.4
1628401,Derrick White,BOS,2025-26,january,Stretch Shooter,Shooter,Guard,21.1,22.8,56.08108108108109,4.7,76,12,35.6,15.3
1642845,VJ Edgecombe,PHI,2025-26,january,3&D Wing,Wing,Guard,17.7,16.7,48.7603305785124,8.3,76,13,37.5,15.0
1630577,Julian Champagnie,SAS,2025-26,january,Movement Shooter,Shooter,Forward,16.8,8.0,77.06422018348624,,79,12,31.7,14.9
1642264,Stephon Castle,SAS,2025-26,january,Secondary Ball Handler,Secondary,Forward,23.6,32.6,29.838709677419356,8.4,78,12,31.9,14.9
1629001,De'Anthony Melton,GSW,2025-26,january,Role Player,Role,Guard,24.9,12.7,47.74774774774775,,74,10,22.3,14.9
203952,Andrew Wiggins,MIA,2025-26,january,3&D Wing,Wing,Forward,19.5,12.7,41.80327868852459,10.9,78,13,29.3,14.6
1630540,Miles McBride,NYK,2025-26,january,Stretch Shooter,Shooter,Guard,18.5,16.1,66.4,4.7,74,12,30.6,14.6
1641739,Toumani Camara,POR,2025-26,january,3&D Wing,Wing,Forward,15.0,9.6,68.93203883495144,6.3,79,12,35.3,14.5
1642848,Tre Johnson,WAS,2025-26,january,Movement Shooter,Shooter,Guard,21.0,15.2,53.71900826446281,3.2,77,12,29.2,14.5
1642907,Cedric Coward,MEM,2025-26,january,Secondary Ball Handler,Secondary,Guard,22.9,14.7,44.73684210526315,2.4,77,8,24.2,14.4
1630573,Sam Hauser,BOS,2025-26,january,Movement Shooter,Shooter,Forward,15.3,9.2,87.50000000000001,,79,12,28.6,14.3
202331,Paul George,PHI,2025-26,january,Shot Creator,Scorer,Forward,19.5,17.0,44.26229508196722,18.4,80,10,32.4,14.3
1642349,Ajay Mitchell,OKC,2025-26,january,Secondary Ball Handler,Secondary,Guard,20.7,19.9,31.818181818181817,8.9,76,11,27.8,14.2
1642281,Jaylon Tyson,CLE,2025-26,january,3&D Wing,Wing,Forward,19.6,14.3,45.63106796116504,,78,12,28.4,14.2
1628370,Malik Monk,SAC,2025-26,january,Stretch Shooter,Shooter,Guard,22.5,20.3,53.398058252427184,8.4,75,11,23.1,14.1
1631095,Jabari Smith Jr.,HOU,2025-26,january,3&D Wing,Wing,Big,18.3,6.4,48.92086330935251,5.6,83,13,36.6,14.1
1629111,Jock Landale,MEM,2025-26,january,Post Scorer,Big,Big,17.9,11.1,32.323232323232325,,83,10,26.2,13.9
1628969,Mikal Bridges,NYK,2025-26,january,3&D Wing,Wing,Forward,18.5,16.8,47.368421052631575,2.3,78,12,32.6,13.8
1629640,Keldon Johnson,SAS,2025-26,january,3&D Wing,Wing,Forward,19.2,6.9,37.25490196078432,3.9,78,12,26.3,13.8
1629012,Collin Sexton,CHA,2025-26,january,Secondary Ball Handler,Secondary,Guard,25.5,24.0,35.22727272727273,5.2,75,12,20.1,13.6
1629130,Duncan Robinson,DET,2025-26,january,Movement Shooter,Shooter,Forward,18.0,7.4,73.1958762886598,,79,11,25.6,13.5
1630572,Sandro Mamukelashvili,TOR,2025-26,january,3&D Wing,Wing,Forward,18.0,15.9,43.1578947368421,,81,11,25.7,13.5
1626171,Bobby Portis,MIL,2025-26,january,3&D Wing,Wing,Forward,22.0,11.8,45.04504504504504,3.2,81,10,24.4,13.2
202691,Klay Thompson,DAL,2025-26,january,Movement Shooter,Shooter,Guard,21.0,11.9,73.33333333333334,,77,12,21.9,13.2
1631157,Ryan Rollins,MIL,2025-26,january,Role Player,Role,Guard,20.0,19.5,46.774193548387096,7.3,75,10,32.2,13.1
1629645,Kevin Porter Jr.,MIL,2025-26,january,Secondary Ball Handler,Secondary,Guard,20.7,29.6,27.27272727272727,9.8,77,8,34.3,13.0
202699,Tobias Harris,DET,2025-26,january,3&D Wing,Wing,Forward,19.5,11.9,38.392857142857146,4.2,80,6,27.0,13.0
1641730,Noah Clowney,BKN,2025-26,january,Stretch Shooter,Shooter,Big,21.0,9.3,57.01754385964912,4.6,82,13,29.9,12.9
1642847,Jeremiah Fears,NOP,2025-26,january,Secondary Ball Handler,Secondary,Guard,23.1,17.1,34.234234234234236,7.2,75,12,25.3,12.9
203471,Dennis Schröder,SAC,2025-26,january,Shot Creator,Scorer,Guard,23.6,29.2,39.361702127659576,14.8,73,11,23.4,12.9
201950,Jrue Holiday,POR,2025-26,january,Stretch Shooter,Shooter,Guard,25.1,37.7,52.77777777777778,10.1,76,6,19.8,12.8
1628978,Donte DiVincenzo,MIN,2025-26,january,Movement Shooter,Shooter,Guard,15.8,17.0,76.57657657657658,1.9,76,11,33.2,12.7
1627826,Ivica Zubac,LAC,2025-26,january,Post Scorer,Big,Big,18.0,8.7,0.0,,84,10,29.1,12.7
1642846,Ace Bailey,UTA,2025-26,january,Role Player,Role,Forward,19.1,10.2,35.714285714285715,3.0,81,9,27.1,12.7
1630583,Santi Aldama,MEM,2025-26,january,3&D Wing,Wing,Big,16.8,17.1,41.836734693877546,,84,8,28.0,12.6
1627734,Domantas Sabonis,SAC,2025-26,january,Playmaking Big,Big,Big,21.2,27.9,10.526315789473683,,82,5,22.7,12.6
1642270,Donovan Clingan,POR,2025-26,january,Finisher,Finisher,Big,15.1,11.5,41.57303370786517,,86,12,30.2,12.5
1642263,Reed Sheppard,HOU,2025-26,january,Stretch Shooter,Shooter,Guard,22.4,16.8,54.86725663716814,4.6,74,13,23.1,12.3
1631106,Tari Eason,HOU,2025-26,january,3&D Wing,Wing,Forward,21.6,9.3,38.93805309734513,5.0,80,7,25.8,12.3
1630533,Ziaire Williams,BKN,2025-26,january,Stretch Shooter,Shooter,Forward,18.4,3.0,64.28571428571429,,81,7,24.7,12.3
1628386,Jarrett Allen,CLE,2025-26,january,Finisher,Finisher,Forward,14.7,7.8,2.666666666666667,,81,11,30.4,12.2
1630200,Tre Jones,CHI,2025-26,january,Finisher,Finisher,Guard,16.5,36.0,25.92592592592593,4.8,73,11,27.1,12.2
1631221,Collin Gillespie,PHX,2025-26,january,Role Player,Role,Guard,16.3,19.3,69.89247311827957,3.3,73,12,28.3,12.0
1630188,Jalen Smith,CHI,2025-26,january,Stretch Shooter,Shooter,Forward,18.6,6.3,53.191489361702125,,80,10,25.5,12.0
1626162,Kelly Oubre Jr.,PHI,2025-26,january,Shot Creator,Scorer,Forward,16.3,7.5,44.565217391304344,12.1,80,10,29.8,12.0
1628976,Wendell Carter Jr.,ORL,2025-26,january,3&D Wing,Wing,Big,17.9,14.0,46.938775510204074,,82,9,29.2,12.0
1630174,Aaron Nesmith,IND,2025-26,january,Movement Shooter,Shooter,Guard,19.4,12.8,53.84615384615385,,77,11,32.0,11.8
1630700,Dyson Daniels,ATL,2025-26,january,Finisher,Finisher,Forward,14.7,27.4,7.766990291262135,5.6,79,11,34.7,11.7
1631222,Jake LaRavia,LAL,2025-26,january,3&D Wing,Wing,Forward,13.6,9.2,56.79012345679012,2.5,79,13,31.5,11.5
1641764,Brandin Podziemski,GSW,2025-26,january,3&D Wing,Wing,Guard,18.8,19.7,42.39130434782609,6.1,76,12,25.0,11.4
1641716,Jarace Walker,IND,2025-26,january,3&D Wing,Wing,Forward,19.4,14.9,48.8095238095238,6.4,79,12,21.7,11.3
1642285,Cam Spencer,MEM,2025-26,january,Movement Shooter,Shooter,Guard,15.9,40.2,54.76190476190476,3.0,75,10,26.1,11.3
1629631,De'Andre Hunter,CLE,2025-26,january,3&D Wing,Wing,Forward,22.9,13.7,45.263157894736835,7.5,79,11,22.5,11.3
1642856,Egor Dëmin,BKN,2025-26,january,3&D Wing,Wing,Forward,17.2,20.1,73.17073170731709,3.6,80,10,25.3,11.2
1629028,Deandre Ayton,LAL,2025-26,january,Finisher,Finisher,Big,16.6,3.9,0.0,,84,12,27.0,11.2
1626167,Myles Turner,MIL,2025-26,january,3&D Wing,Wing,Big,17.3,8.3,56.47058823529411,,83,8,25.7,11.1
1641757,Jordan Miller,LAC,2025-26,january,3&D Wing,Wing,Guard,18.8,14.3,34.66666666666667,11.8,77,12,23.4,11.1
1642267,Bub Carrington,WAS,2025-26,january,Role Player,Role,Guard,16.5,23.0,71.71717171717171,4.8,76,12,32.8,10.9
1630551,Justin Champagnie,WAS,2025-26,january,3&D Wing,Wing,Forward,15.5,10.4,31.645569620253163,,78,12,24.1,10.9
1630560,Cam Thomas,BKN,2025-26,january,Shot Creator,Scorer,Guard,27.4,26.3,40.18691588785047,16.4,75,10,22.1,10.9
1631170,Jaime Jaquez Jr.,MIA,2025-26,january,Shot Creator,Scorer,Forward,19.9,23.4,17.17171717171717,14.8,78,9,25.4,10.9
203935,Marcus Smart,LAL,2025-26,january,3&D Wing,Wing,Guard,15.8,11.9,56.47058823529411,4.2,75,13,30.9,10.8
1629673,Jordan Poole,NOP,2025-26,january,Stretch Shooter,Shooter,Guard,23.9,18.4,62.37623762376238,7.9,76,12,22.1,10.8
1641796,Pelle Larsson,MIA,2025-26,january,3&D Wing,Wing,Guard,15.2,17.5,32.92682926829269,5.6,77,11,25.8,10.8
1628398,Kyle Kuzma,MIL,2025-26,january,3&D Wing,Wing,Forward,18.3,12.7,44.08602150537634,5.1,80,10,25.6,10.8
1631260,AJ Green,MIL,2025-26,january,Movement Shooter,Shooter,Guard,13.3,7.9,88.37209302325581,,76,9,32.1,10.8
1630702,Jaden Hardy,DAL,2025-26,january,Stretch Shooter,Shooter,Guard,27.9,12.5,71.27659574468085,,75,7,16.3,10.7
203497,Rudy Gobert,MIN,2025-26,january,Finisher,Finisher,Big,11.2,5.7,1.6666666666666667,,85,9,31.8,10.7
1642268,Isaiah Collier,UTA,2025-26,january,Shot Creator,Scorer,Guard,19.0,40.5,20.987654320987655,12.5,76,14,24.9,10.6
1642867,Collin Murray-Boyles,TOR,2025-26,january,Finisher,Finisher,Forward,13.1,16.3,8.75,,79,9,30.8,10.6
1642450,Daniss Jenkins,DET,2025-26,january,Stretch Shooter,Shooter,Guard,20.8,33.8,51.35135135135135,9.5,76,9,20.5,10.6
1630598,Aaron Wiggins,OKC,2025-26,january,3&D Wing,Wing,Guard,17.0,9.4,54.11764705882353,6.3,77,10,25.1,10.5
1629674,Neemias Queta,BOS,2025-26,january,Finisher,Finisher,Big,14.9,4.6,3.076923076923077,,84,13,25.4,10.5
1630541,Moses Moody,GSW,2025-26,january,Movement Shooter,Shooter,Guard,14.2,7.3,68.91891891891892,4.9,77,12,23.8,10.4
1629651,Nic Claxton,BKN,2025-26,january,Shot Creator,Scorer,Big,15.7,19.1,1.25,14.1,83,11,28.3,10.4
1628404,Josh Hart,NYK,2025-26,january,3&D Wing,Wing,Guard,14.7,22.8,40.2439024390244,,77,6,31.5,10.3
1641713,GG Jackson,MEM,2025-26,january,3&D Wing,Wing,Forward,19.3,6.2,50.0,,81,10,19.9,10.3
1630191,Isaiah Stewart,DET,2025-26,january,Finisher,Finisher,Forward,15.2,8.2,32.87671232876712,,80,10,26.2,10.3
1641731,Bilal Coulibaly,WAS,2025-26,january,3&D Wing,Wing,Forward,15.8,11.7,34.21052631578947,4.8,79,7,26.6,10.3
1631109,Mark Williams,PHX,2025-26,january,Finisher,Finisher,Big,15.9,4.9,0.0,,85,12,23.7,10.3
1630643,Jay Huff,IND,2025-26,january,3&D Wing,Wing,Big,16.8,8.0,53.73134328358209,,85,12,19.8,10.2
1626220,Royce O'Neale,PHX,2025-26,january,3&D Wing,Wing,Forward,14.4,16.4,85.54216867469879,,78,12,29.1,10.2
1629618,Jalen Pickett,DEN,2025-26,january,3&D Wing,Wing,Guard,16.1,24.9,50.0,8.5,74,13,28.5,10.2
1629656,Quentin Grimes,PHI,2025-26,january,3&D Wing,Wing,Guard,14.5,12.4,61.111111111111114,10.4,76,13,27.3,10.2
1628379,Luke Kennard,ATL,2025-26,january,Movement Shooter,Shooter,Guard,11.9,14.5,68.42105263157895,,77,10,21.2,10.1
1628989,Kevin Huerter,CHI,2025-26,january,Stretch Shooter,Shooter,Forward,19.4,19.8,55.55555555555556,,78,12,23.0,10.1
1642852,Derik Queen,NOP,2025-26,january,Shot Creator,Scorer,Forward,20.0,30.0,7.777777777777778,18.6,81,11,26.5,9.9
1642377,Jaylen Wells,MEM,2025-26,january,Stretch Shooter,Shooter,Forward,20.4,8.0,56.19047619047619,3.0,79,10,24.7,9.9
203114,Khris Middleton,WAS,2025-26,january,Secondary Ball Handler,Secondary,Forward,20.2,17.1,44.565217391304344,6.1,79,9,23.6,9.9
1629060,Rui Hachimura,LAL,2025-26,january,Stretch Shooter,Shooter,Forward,18.1,5.5,50.53763440860215,3.7,80,7,22.9,9.9
1628963,Marvin Bagley III,WAS,2025-26,january,Finisher,Finisher,Big,20.4,7.1,6.666666666666667,7.3,82,9,18.1,9.8
1630549,Day'Ron Sharpe,BKN,2025-26,january,Playmaking Big,Big,Big,17.7,20.5,9.090909090909092,3.7,82,12,22.7,9.8
204456,T.J. McConnell,IND,2025-26,january,Secondary Ball Handler,Secondary,Guard,24.9,51.3,14.130434782608695,5.9,73,11,18.1,9.7
1629013,Landry Shamet,NYK,2025-26,january,3&D Wing,Wing,Guard,15.5,7.6,83.87096774193549,,77,5,18.7,9.4
1629750,Javonte Green,DET,2025-26,january,3&D Wing,Wing,Guard,15.4,3.2,65.57377049180329,,77,11,20.6,9.3
1642262,Cody Williams,UTA,2025-26,january,3&D Wing,Wing,Forward,14.1,5.9,29.5774647887324,,80,14,24.6,9.1
1629652,Luguentz Dort,OKC,2025-26,january,3&D Wing,Wing,Guard,14.0,5.3,65.33333333333334,,76,11,26.8,9.1
203110,Draymond Green,GSW,2025-26,january,3&D Wing,Wing,Forward,17.2,26.4,59.21052631578948,,78,10,25.1,9.0
1642347,Jamal Shead,TOR,2025-26,january,3&D Wing,Wing,Guard,15.4,29.1,51.94805194805194,8.2,73,12,27.2,8.9
1630692,Jordan Goodwin,PHX,2025-26,january,3&D Wing,Wing,Guard,16.0,18.4,61.038961038961034,,75,12,22.1,8.9
1630557,Corey Kispert,ATL,2025-26,january,Movement Shooter,Shooter,Forward,19.6,9.7,62.85714285714287,,78,8,17.8,8.9
1642366,Quinten Post,GSW,2025-26,january,Stretch Shooter,Shooter,Big,19.2,11.0,64.28571428571429,,84,12,16.5,8.8
1630568,Luka Garza,BOS,2025-26,january,Finisher,Finisher,Big,15.0,7.3,29.310344827586203,,82,13,19.6,8.7
1630192,Zeke Nnaji,DEN,2025-26,january,Finisher,Finisher,Big,16.2,7.4,32.30769230769231,,82,13,22.4,8.7
1641709,Ausar Thompson,DET,2025-26,january,Finisher,Finisher,Forward,16.4,15.9,2.739726027397261,7.7,79,11,24.5,8.6
1628436,Luke Kornet,SAS,2025-26,january,Finisher,Finisher,Big,11.1,11.4,0.0,,85,11,23.6,8.6
1641750,Ryan Kalkbrenner,CHA,2025-26,january,Finisher,Finisher,Big,13.0,5.2,0.0,,85,8,19.7,8.6
1642271,Kyle Filipowski,UTA,2025-26,january,3&D Wing,Wing,Big,18.2,10.6,29.87012987012987,,83,14,21.7,8.6
1631093,Jaden Ivey,DET,2025-26,january,Stretch Shooter,Shooter,Guard,20.0,10.4,54.929577464788736,5.6,75,11,18.8,8.5
1642859,Jase Richardson,ORL,2025-26,january,3&D Wing,Wing,Guard,18.0,14.5,38.095238095238095,,73,8,18.1,8.5
1631217,Moussa Diabaté,CHA,2025-26,january,Finisher,Finisher,Big,11.4,7.7,0.0,,82,10,28.6,8.5
1641842,Ronald Holland II,DET,2025-26,january,3&D Wing,Wing,Forward,18.5,8.3,35.61643835616439,3.8,80,11,21.3,8.5
1631107,Nikola Jović,MIA,2025-26,january,Stretch Shooter,Shooter,Big,21.5,16.6,55.26315789473685,3.7,82,13,19.0,8.4
1642383,Walter Clayton Jr.,UTA,2025-26,january,Finisher,Finisher,Guard,16.4,21.4,61.111111111111114,3.6,76,13,23.1,8.4
1642869,Noah Penda,ORL,2025-26,january,3&D Wing,Wing,Forward,15.5,9.5,45.45454545454546,7.4,79,8,23.2,8.4
1642844,Dylan Harper,SAS,2025-26,january,Role Player,Role,Guard,19.3,21.0,33.734939759036145,7.7,77,12,21.4,8.3
1641711,Gradey Dick,TOR,2025-26,january,Movement Shooter,Shooter,Forward,16.7,4.8,50.76923076923077,,79,12,19.0,8.3
1641783,Tristan da Silva,ORL,2025-26,january,3&D Wing,Wing,Forward,16.1,6.2,47.887323943661976,,80,9,21.8,8.3
1642276,Kel'el Ware,MIA,2025-26,january,3&D Wing,Wing,Big,16.8,5.1,41.02564102564103,,84,10,20.2,8.3
203484,Kentavious Caldwell-Pope,MEM,2025-26,january,Stretch Shooter,Shooter,Guard,19.3,14.2,52.0,3.1,77,10,18.6,8.3
1630173,Precious Achiuwa,SAC,2025-26,january,Finisher,Finisher,Forward,14.7,8.2,26.229508196721312,,80,14,22.6,8.2
1629004,Svi Mykhailiuk,UTA,2025-26,january,3&D Wing,Wing,Forward,13.8,10.6,60.31746031746032,,79,9,22.4,8.1
1631121,Bryce McGowens,NOP,2025-26,january,3&D Wing,Wing,Forward,14.2,6.2,46.666666666666664,5.2,78,8,22.0,8.0
1631246,Vince Williams Jr.,MEM,2025-26,january,3&D Wing,Wing,Guard,17.8,26.6,72.6027397260274,,76,7,20.6,8.0
1630558,Davion Mitchell,MIA,2025-26,january,Shot Creator,Scorer,Guard,13.4,30.6,46.3768115942029,28.6,72,9,26.4,7.9
1642920,Kobe Sanders,LAC,2025-26,january,3&D Wing,Wing,Forward,15.6,9.8,45.58823529411765,5.8,80,12,23.7,7.8
1642849,Nolan Traore,BKN,2025-26,january,3&D Wing,Wing,Guard,18.9,22.4,48.717948717948715,,75,13,23.4,7.8
203937,Kyle Anderson,UTA,2025-26,january,Shot Creator,Scorer,Forward,14.7,13.7,6.779661016949152,12.6,80,8,21.7,7.8
1642874,Danny Wolf,BKN,2025-26,january,3&D Wing,Wing,Big,16.6,14.7,45.714285714285715,,83,13,20.3,7.7
1630171,Isaac Okoro,CHI,2025-26,january,3&D Wing,Wing,Guard,12.3,6.7,53.73134328358209,,76,12,26.7,7.6
1642875,Maxime Raynaud,SAC,2025-26,january,Finisher,Finisher,Big,14.3,6.9,13.432835820895525,,85,14,24.2,7.6
1630695,Micah Potter,IND,2025-26,january,Role Player,Role,Forward,15.3,7.7,72.0,,81,11,17.8,7.5
201143,Al Horford,GSW,2025-26,january,3&D Wing,Wing,Forward,16.6,17.0,66.66666666666667,,80,10,18.8,7.5
1641790,PJ Hall,CHA,2025-26,january,Role Player,Role,Forward,17.1,5.9,8.333333333333334,,80,5,17.2,7.4
1642860,Will Riley,WAS,2025-26,january,3&D Wing,Wing,Forward,18.4,9.4,48.48484848484849,,81,10,19.2,7.4
1642962,Drake Powell,BKN,2025-26,january,3&D Wing,Wing,Guard,15.7,11.5,53.84615384615385,8.3,77,11,21.9,7.4
1631213,Tyrese Martin,BKN,2025-26,january,3&D Wing,Wing,Forward,15.6,4.7,66.66666666666667,,78,7,16.1,7.1
1630619,Moussa Cisse,DAL,2025-26,january,Finisher,Finisher,Big,14.8,3.9,0.0,,83,6,17.0,7.0
1642345,Oso Ighodaro,PHX,2025-26,january,Finisher,Finisher,Big,12.0,9.5,0.0,8.5,83,12,22.6,7.0
1629023,P.J. Washington,DAL,2025-26,january,3&D Wing,Wing,Forward,13.9,7.1,35.294117647058826,4.1,79,5,25.0,7.0
1631321,Sidy Cissoko,POR,2025-26,january,3&D Wing,Wing,Forward,12.0,6.5,63.793103448275865,,78,12,24.6,7.0
1627739,Kris Dunn,LAC,2025-26,january,3&D Wing,Wing,Guard,11.5,18.1,50.0,3.9,75,12,29.4,6.9
1627780,Gary Payton II,GSW,2025-26,january,Finisher,Finisher,Guard,17.9,10.1,20.0,,74,11,15.6,6.9
1629611,Terance Mann,BKN,2025-26,january,3&D Wing,Wing,Forward,14.1,22.8,31.03448275862069,3.7,78,10,22.7,6.9
1631230,Dominick Barlow,PHI,2025-26,january,3&D Wing,Wing,Forward,13.1,4.2,30.434782608695656,,81,13,19.9,6.8
203903,Jordan Clarkson,NYK,2025-26,january,3&D Wing,Wing,Guard,19.9,7.4,47.887323943661976,5.2,77,11,16.7,6.8
1631245,Quenton Jackson,IND,2025-26,january,3&D Wing,Wing,Guard,20.0,15.6,44.06779661016949,,76,9,15.3,6.8
203084,Harrison Barnes,SAS,2025-26,january,3&D Wing,Wing,Forward,13.4,10.8,66.19718309859155,8.0,79,12,24.9,6.8
1629026,Kenrich Williams,OKC,2025-26,january,3&D Wing,Wing,Forward,15.9,11.5,50.98039215686275,,79,12,15.7,6.8
1630194,Paul Reed,DET,2025-26,january,Finisher,Finisher,Forward,16.9,18.2,16.071428571428573,,81,7,18.8,6.7
1629637,Jaxson Hayes,LAL,2025-26,january,Finisher,Finisher,Big,11.6,2.5,0.0,,84,10,18.2,6.7
1630198,Isaiah Joe,OKC,2025-26,january,3&D Wing,Wing,Guard,15.1,7.1,79.24528301886792,,76,12,18.1,6.6
1642277,Johnny Furphy,IND,2025-26,january,3&D Wing,Wing,Forward,13.3,9.0,49.05660377358491,,80,12,22.5,6.5
201567,Kevin Love,UTA,2025-26,january,3&D Wing,Wing,Big,16.4,13.2,56.4516129032258,,82,6,19.2,6.5
1642274,Yves Missi,NOP,2025-26,january,Finisher,Finisher,Big,12.2,8.5,1.785714285714286,,83,12,21.7,6.5
1642948,Ryan Nembhard,DAL,2025-26,january,Role Player,Role,Guard,17.5,34.6,37.28813559322034,8.5,71,12,18.1,6.4
1642461,Spencer Jones,DEN,2025-26,january,3&D Wing,Wing,Forward,9.0,2.8,61.53846153846154,,79,12,29.9,6.4
1642266,Ja'Kobe Walter,TOR,2025-26,january,3&D Wing,Wing,Guard,13.9,8.6,76.92307692307692,,76,5,16.8,6.4
1631165,Keon Ellis,SAC,2025-26,january,3&D Wing,Wing,Guard,14.3,1.9,62.0,,76,9,17.8,6.3
1628971,Bruce Brown,DEN,2025-26,january,Finisher,Finisher,Guard,14.9,15.8,17.1875,4.1,76,13,23.5,6.3
1630172,Patrick Williams,CHI,2025-26,january,3&D Wing,Wing,Forward,15.5,7.7,58.490566037735846,3.6,78,10,16.7,6.2
1642877,Micah Peavy,NOP,2025-26,january,3&D Wing,Wing,Forward,14.2,12.3,42.857142857142854,,79,10,20.4,6.1
1631119,Jaylin Williams,OKC,2025-26,january,3&D Wing,Wing,Forward,14.8,19.2,55.00000000000001,,81,6,16.7,6.0
1631255,Karlo Matković,NOP,2025-26,january,Finisher,Finisher,Big,11.9,4.9,44.73684210526316,,82,12,15.5,5.9
1641772,Nae'Qwan Tomlin,CLE,2025-26,january,3&D Wing,Wing,Forward,12.1,10.2,35.294117647058826,,80,12,18.9,5.9
1642275,Tidjane Salaün,CHA,2025-26,january,3&D Wing,Wing,Big,14.5,8.2,48.78048780487806,,82,9,15.4,5.9
1629655,Daniel Gafford,DAL,2025-26,january,Finisher,Finisher,Big,11.2,2.0,0.0,,82,7,19.6,5.9
1630249,Vít Krejčí,ATL,2025-26,january,Movement Shooter,Shooter,Forward,13.0,8.7,73.68421052631578,,80,12,20.4,5.8
1641767,Ben Sheppard,IND,2025-26,january,3&D Wing,Wing,Forward,11.1,12.8,74.99999999999999,,78,12,18.3,5.8
1629011,Mitchell Robinson,NYK,2025-26,january,Finisher,Finisher,Big,9.3,5.8,0.0,,84,10,21.8,5.6
1629057,Robert Williams III,POR,2025-26,january,Finisher,Finisher,Forward,10.0,9.6,10.714285714285715,,81,9,15.8,5.6
1642928,Dylan Cardwell,SAC,2025-26,january,Finisher,Finisher,Big,10.7,10.2,0.0,,82,11,20.8,5.5
1627936,Alex Caruso,OKC,2025-26,january,3&D Wing,Wing,Guard,13.9,17.3,57.14285714285714,,77,8,17.3,5.5
1628997,Caleb Martin,DAL,2025-26,january,3&D Wing,Wing,Guard,13.1,14.7,30.0,,77,12,17.4,5.5
1629048,Goga Bitadze,ORL,2025-26,january,Finisher,Finisher,Big,12.9,8.4,4.761904761904762,,83,10,15.5,5.5
1641717,Cason Wallace,OKC,2025-26,january,3&D Wing,Wing,Guard,12.0,7.2,55.55555555555555,4.2,75,11,23.7,5.5
203500,Steven Adams,HOU,2025-26,january,Finisher,Finisher,Big,9.6,10.1,0.0,,83,7,26.9,5.4
1627747,Caris LeVert,DET,2025-26,january,3&D Wing,Wing,Forward,17.7,31.3,46.666666666666664,6.2,79,5,17.6,5.4
1642346,Ryan Dunn,PHX,2025-26,january,3&D Wing,Wing,Forward,12.6,11.4,62.5,,79,12,16.9,5.0
1629020,Jarred Vanderbilt,LAL,2025-26,january,3&D Wing,Wing,Forward,10.4,9.5,42.857142857142854,,80,13,20.3,4.9
1642363,Nique Clifford,SAC,2025-26,january,3&D Wing,Wing,Guard,14.0,7.0,45.09803921568628,,77,14,19.2,4.9
1642883,Sion James,CHA,2025-26,january,3&D Wing,Wing,Guard,11.2,17.3,53.48837209302325,,77,13,22.8,4.8
1642364,Jamir Watkins,WAS,2025-26,january,Role Player,Role,Forward,10.0,7.4,55.00000000000001,,78,5,22.7,4.8
201572,Brook Lopez,LAC,2025-26,january,Stretch Shooter,Shooter,Big,18.5,8.3,83.60655737704919,,85,12,16.6,4.8
1641854,Craig Porter Jr.,CLE,2025-26,january,3&D Wing,Wing,Guard,13.1,24.0,33.333333333333336,,73,12,20.5,4.8
203939,Dwight Powell,DAL,2025-26,january,Finisher,Finisher,Big,6.4,7.0,0.0,,82,8,23.1,4.8
1629216,Gabe Vincent,LAL,2025-26,january,Movement Shooter,Shooter,Guard,13.2,8.1,79.59183673469387,,74,10,16.9,4.7
1629684,Grant Williams,CHA,2025-26,january,3&D Wing,Wing,Forward,12.8,8.2,79.16666666666666,,79,6,17.1,4.7
1630534,Ochai Agbaji,TOR,2025-26,january,3&D Wing,Wing,Guard,14.6,4.6,50.0,,77,11,16.0,4.6
1629731,Dean Wade,CLE,2025-26,january,3&D Wing,Wing,Forward,7.4,7.2,73.33333333333334,,81,5,21.2,4.6
1641747,DaRon Holmes II,DEN,2025-26,january,3&D Wing,Wing,Forward,14.0,14.9,86.36363636363636,,81,8,16.9,4.5
1641816,Hunter Tyson,DEN,2025-26,january,Role Player,Role,Forward,17.7,21.8,68.75,,80,6,15.8,4.5
201587,Nicolas Batum,LAC,2025-26,january,3&D Wing,Wing,Forward,9.6,6.1,94.28571428571428,,79,12,18.8,4.4
1630611,Gui Santos,GSW,2025-26,january,3&D Wing,Wing,Forward,10.8,13.3,67.74193548387098,,79,10,15.6,4.3
1642954,Will Richard,GSW,2025-26,january,3&D Wing,Wing,Guard,11.4,11.2,57.777777777777786,,75,12,18.7,4.2
1629018,Gary Trent Jr.,MIL,2025-26,january,3&D Wing,Wing,Guard,13.8,15.3,91.1111111111111,,77,8,16.1,4.1
1641737,Adem Bona,PHI,2025-26,january,Finisher,Finisher,Big,10.3,2.3,0.0,,82,12,15.8,4.1
201144,Mike Conley,MIN,2025-26,january,3&D Wing,Wing,Guard,12.8,19.0,80.0,,73,10,16.7,4.0
1641712,Rayan Rupert,POR,2025-26,january,3&D Wing,Wing,Forward,11.9,11.4,48.78048780487806,,79,12,17.0,3.8
1631243,Mouhamed Gueye,ATL,2025-26,january,3&D Wing,Wing,Big,11.6,10.3,46.34146341463415,,83,11,18.0,3.7
1631248,Baylor Scheierman,BOS,2025-26,january,3&D Wing,Wing,Forward,10.4,7.9,70.96774193548387,,78,12,15.0,3.7
1630182,Josh Green,CHA,2025-26,january,3&D Wing,Wing,Forward,9.3,6.4,75.86206896551725,,78,13,16.1,3.6
1641775,Jordan Walsh,BOS,2025-26,january,3&D Wing,Wing,Forward,8.6,5.1,50.0,,78,13,16.4,3.5
1629006,Josh Okogie,HOU,2025-26,january,3&D Wing,Wing,Guard,10.1,6.0,54.545454545454554,,76,13,17.5,3.5
1631132,Christian Koloko,ATL,2025-26,january,Role Player,Role,Big,13.2,5.3,8.333333333333332,,83,8,15.6,3.3
1627827,Dorian Finney-Smith,HOU,2025-26,january,Role Player,Role,Forward,11.7,4.7,77.77777777777777,,79,10,15.5,3.2
203914,Gary Harris,MIL,2025-26,january,3&D Wing,Wing,Guard,6.7,12.4,77.77777777777777,,76,9,15.3,2.7
1629723,John Konchar,MEM,2025-26,january,3&D Wing,Wing,Guard,8.1,12.1,50.0,,77,5,16.3,2.2
1626145,Tyus Jones,ORL,2025-26,january,3&D Wing,Wing,Guard,9.7,17.3,72.97297297297297,,72,9,15.2,1.8
