PLAYER_ID,PLAYER,TEAM,GP,MIN,PTS,REB,AST,FGM,FGA,FG3M,FG3A,FTM,FTA,Month,Season,USG_Pct,AST_Pct,TS_Pct,PIE,TOUCHES,TIME_OF_POSS,AVG_SEC_PER_TOUCH,FRONT_CT_TOUCHES,ELBOW_TOUCHES,POST_TOUCHES,PAINT_TOUCHES,Isolation_Freq,Transition_Freq,PnR_Handler_Freq,RollMan_Freq,PostUp_Freq,SpotUp_Freq,Handoff_Freq,Cut_Freq,OffScreen_Freq,Putbacks_Freq,DFG_Rim_Pct,Unassisted_FG_Pct,ThreePt_Rate,MPG,Height,Weight,Height_Inches
1629630,Ja Morant,MEM,6,35.4,28.7,5.2,7.7,10.5,20.2,2.3,6.0,5.3,6.3,october,2021-22,31.8,39.3,62.4,15.8,94.2,8.8,5.61,40.0,1.2,0.0,2.0,14.1,19.6,40.4,,,11.0,5.0,2.4,,,54.1,,29.7029702970297,35.4,6-3,174,75
201939,Stephen Curry,GSW,6,34.9,28.7,7.5,6.5,9.0,21.3,5.2,13.3,5.5,5.7,october,2021-22,32.2,29.5,60.2,17.9,80.3,5.3,3.99,37.2,1.0,0.0,2.5,10.1,13.8,21.1,,,11.6,12.0,7.0,18.0,1.3,66.7,,62.441314553990615,34.9,6-2,185,74
201142,Kevin Durant,BKN,7,34.3,27.7,8.9,5.3,10.6,18.1,1.6,4.1,5.0,6.3,october,2021-22,30.5,29.8,66.3,21.9,67.4,4.1,3.67,35.3,2.0,3.1,1.0,20.8,13.5,18.4,1.7,7.3,15.2,7.5,2.3,7.5,1.1,48.3,,22.651933701657452,34.3,6-10,240,82
202331,Paul George,LAC,5,33.1,27.6,7.8,3.6,10.8,21.6,3.6,9.6,2.4,3.0,october,2021-22,33.2,20.7,60.2,19.2,78.4,5.0,3.8,33.8,2.2,1.0,1.8,18.4,12.4,14.2,,5.5,22.9,3.2,,12.4,,54.5,,44.44444444444444,33.1,6-8,220,80
203507,Giannis Antetokounmpo,MIL,7,32.0,27.3,11.1,6.0,9.9,18.6,1.3,4.4,6.3,8.9,october,2021-22,33.3,32.3,60.7,20.9,76.1,5.0,3.93,34.7,3.1,3.3,5.0,10.9,26.0,7.7,6.4,20.2,6.1,,7.9,,8.9,45.0,,23.655913978494624,32.0,6-11,242,83
1628369,Jayson Tatum,BOS,6,39.1,26.7,9.2,3.8,10.0,25.0,2.5,9.2,4.2,5.3,october,2021-22,32.5,18.3,48.8,12.5,76.2,4.9,3.82,42.2,1.8,2.0,2.3,,,,,,,,,,,60.0,,36.8,39.1,6-8,210,80
1627759,Jaylen Brown,BOS,5,39.4,26.4,6.4,2.4,10.0,20.6,2.4,7.4,4.0,5.0,october,2021-22,27.8,10.3,57.9,12.1,64.0,3.6,3.33,35.6,1.8,1.8,1.4,20.6,20.4,22.2,1.8,4.7,13.0,4.1,1.1,7.4,1.8,57.7,,35.92233009708738,39.4,6-6,223,78
203897,Zach LaVine,CHI,6,34.1,25.5,5.2,4.5,8.5,17.7,2.5,6.2,6.0,6.3,october,2021-22,29.2,24.1,62.3,16.6,65.0,4.5,4.18,31.8,0.8,0.3,1.3,9.3,23.5,19.5,4.0,,22.7,6.3,3.4,8.5,,66.7,,35.02824858757062,34.1,6-5,200,77
202710,Jimmy Butler III,MIA,6,34.3,25.3,7.0,5.5,9.0,17.0,0.5,1.3,6.8,7.7,october,2021-22,27.5,26.6,62.2,21.0,75.7,5.4,4.26,40.8,1.5,4.0,6.8,17.7,17.2,13.1,2.7,6.1,14.0,1.7,12.1,2.4,7.9,70.6,,7.647058823529412,34.3,6-7,230,79
1626157,Karl-Anthony Towns,MIN,5,33.9,25.2,7.8,3.8,8.8,16.6,3.0,6.0,4.6,4.8,october,2021-22,27.7,20.2,67.3,17.7,67.6,2.5,2.25,50.2,5.4,6.2,4.8,10.0,15.2,1.6,13.8,11.1,19.9,1.9,5.9,2.3,12.6,50.0,,36.14457831325301,33.9,6-11,248,83
1627742,Brandon Ingram,NOP,6,37.0,25.0,7.3,4.8,10.3,22.2,2.5,5.5,1.8,2.7,october,2021-22,29.3,23.2,53.6,12.7,65.8,4.3,3.88,43.5,1.8,1.2,1.2,13.8,16.6,16.2,,7.7,18.3,5.8,4.3,12.1,2.4,66.7,,24.774774774774773,37.0,6-8,190,80
203076,Anthony Davis,LAL,7,36.2,24.7,11.4,2.6,10.0,20.4,0.4,2.4,4.3,5.7,october,2021-22,27.7,11.7,53.9,15.7,68.7,2.6,2.25,44.3,5.7,6.7,11.3,11.5,10.3,5.8,19.3,12.5,9.8,,8.8,,14.5,53.1,,11.76470588235294,36.2,6-10,253,82
1628970,Miles Bridges,CHA,7,35.4,24.6,7.7,2.7,9.0,17.7,2.9,7.7,3.7,4.3,october,2021-22,24.6,11.4,62.7,13.9,57.6,2.0,2.05,34.6,1.3,1.6,3.1,9.0,16.5,14.9,7.4,4.9,29.8,7.2,3.2,,2.1,77.1,,43.502824858757066,35.4,6-7,225,79
203078,Bradley Beal,WAS,5,37.0,24.4,6.2,4.8,9.0,24.8,1.6,7.4,4.8,4.8,october,2021-22,34.0,23.8,45.3,11.6,70.6,5.3,4.53,40.4,1.0,0.4,2.4,,,21.3,,,24.6,,,,,70.6,,29.838709677419356,37.0,6-4,207,76
203468,CJ McCollum,NOP,6,33.3,24.3,3.7,3.5,9.2,20.3,4.3,10.0,1.7,2.0,october,2021-22,29.9,17.1,57.4,11.3,60.3,4.1,4.06,36.3,1.2,0.0,1.2,8.8,18.2,31.4,,,17.8,9.7,,6.3,,55.6,,49.26108374384236,33.3,6-3,190,75
203999,Nikola Jokić,DEN,6,30.0,24.0,14.8,5.5,9.8,16.2,1.8,4.3,2.5,3.3,october,2021-22,30.0,30.0,68.1,27.9,91.7,3.6,2.33,52.8,6.0,6.3,6.3,5.3,10.1,9.7,13.0,22.8,9.0,,7.3,5.3,9.3,59.6,,26.543209876543212,30.0,6-11,284,83
2544,LeBron James,LAL,5,37.2,23.8,5.8,6.4,8.8,20.2,3.0,9.0,3.2,4.2,october,2021-22,28.8,27.4,54.0,13.7,89.8,6.9,4.62,40.0,1.8,3.0,2.2,12.8,24.5,12.5,3.1,12.1,12.6,,5.7,7.5,1.9,54.5,,44.554455445544555,37.2,6-9,250,81
201942,DeMar DeRozan,CHI,6,34.8,23.7,5.5,4.3,8.5,19.0,0.7,2.2,6.0,6.8,october,2021-22,29.1,22.4,53.8,15.6,55.7,4.5,4.82,27.5,1.2,1.5,1.0,19.9,10.0,17.6,1.7,12.0,19.1,6.1,3.9,4.6,1.7,60.9,,11.578947368421053,34.8,6-6,220,78
1627763,Malcolm Brogdon,IND,5,37.0,23.4,7.0,7.0,8.4,19.0,1.6,5.6,5.0,5.2,october,2021-22,27.6,31.3,55.0,14.9,96.4,7.2,4.46,41.2,0.0,0.0,1.2,,,,,,,,,,,58.3,,29.47368421052631,37.0,6-5,229,77
203084,Harrison Barnes,SAC,6,37.3,23.3,10.3,2.7,7.7,15.8,3.3,7.3,4.7,5.5,october,2021-22,21.8,11.1,63.9,16.0,65.3,2.5,2.31,38.2,1.3,1.5,4.3,8.0,18.8,3.3,5.0,2.5,43.8,4.8,,4.8,,62.2,,46.202531645569614,37.3,6-8,225,80
1630162,Anthony Edwards,MIN,5,35.2,23.0,8.4,3.0,8.6,21.8,3.0,9.4,2.8,3.2,october,2021-22,29.7,15.6,49.6,13.2,67.4,3.9,3.46,40.6,2.4,0.2,3.2,23.4,15.7,23.5,,4.9,12.9,7.3,2.0,4.8,1.2,52.2,,43.11926605504588,35.2,6-4,225,76
1628378,Donovan Mitchell,UTA,6,31.9,23.0,4.0,4.7,8.0,19.8,3.0,9.7,4.0,4.3,october,2021-22,33.3,24.1,52.9,13.0,64.8,6.1,5.64,26.2,0.5,0.2,1.3,11.4,22.8,34.1,1.5,,11.4,6.9,1.9,3.8,1.6,69.2,,48.98989898989898,31.9,6-1,215,73
1626164,Devin Booker,PHX,5,32.7,22.6,4.6,5.8,8.4,20.2,1.6,5.6,4.2,4.8,october,2021-22,30.9,29.3,50.6,12.0,56.4,3.4,3.65,36.8,2.2,0.8,2.6,14.0,15.7,33.1,1.8,3.8,9.5,7.5,1.6,7.5,1.7,71.4,,27.72277227722772,32.7,6-5,206,77
1629029,Luka Dončić,DAL,6,34.1,22.5,8.5,7.5,8.8,20.7,1.7,7.0,3.2,4.7,october,2021-22,33.9,45.0,49.5,15.6,88.7,9.4,6.34,29.7,0.5,4.3,0.5,16.0,14.3,36.3,,7.6,8.7,2.3,1.3,7.4,1.7,62.5,,33.81642512077295,34.1,6-7,230,79
1629027,Trae Young,ATL,6,33.8,22.3,2.8,10.0,8.5,19.8,1.5,5.2,3.8,4.3,october,2021-22,29.9,43.8,51.4,14.4,84.0,8.1,5.81,24.7,0.2,0.0,0.7,12.0,20.4,39.3,,,8.4,10.5,,,,76.0,,26.262626262626267,33.8,6-1,164,73
1628983,Shai Gilgeous-Alexander,OKC,6,33.3,22.0,4.8,3.8,7.7,17.3,2.3,7.0,4.3,5.7,october,2021-22,27.6,22.3,55.5,12.0,72.7,6.9,5.69,26.2,0.0,0.3,0.3,26.3,14.1,37.3,,4.7,6.2,2.1,3.3,1.6,,66.7,,40.46242774566473,33.3,6-6,180,78
1629639,Tyler Herro,MIA,6,31.0,22.0,6.5,4.5,8.2,17.8,2.8,7.2,2.8,3.3,october,2021-22,28.8,23.7,57.0,15.8,65.2,4.9,4.47,29.7,0.7,0.2,0.7,13.3,27.7,13.9,,,32.4,,,5.8,,57.7,,40.44943820224719,31.0,6-5,195,77
203954,Joel Embiid,PHI,6,30.0,21.0,8.7,3.8,6.2,14.3,1.3,3.8,7.3,8.8,october,2021-22,31.4,20.4,57.6,16.2,60.0,2.8,2.81,44.3,3.0,10.0,3.2,12.3,7.0,,22.0,21.7,12.9,2.3,6.6,1.8,7.1,51.3,,26.573426573426573,30.0,7-0,280,84
1627734,Domantas Sabonis,SAC,7,38.6,20.9,11.1,4.1,8.1,14.0,1.1,3.7,3.4,4.6,october,2021-22,21.4,17.3,65.1,15.4,84.9,3.0,2.09,51.3,5.0,4.6,11.0,,9.0,,28.5,13.1,9.0,,14.9,,10.9,65.3,,26.42857142857143,38.6,6-11,240,83
203944,Julius Randle,NYK,6,37.3,20.8,11.2,6.5,7.2,17.5,1.8,5.5,4.7,5.7,october,2021-22,26.8,25.7,52.1,13.9,79.7,4.3,3.25,44.8,1.7,5.0,3.3,15.8,16.5,9.4,7.3,10.1,21.1,2.4,5.0,3.2,5.4,61.5,,31.428571428571427,37.3,6-8,250,80
1628389,Bam Adebayo,MIA,5,31.5,20.6,14.0,1.6,7.4,14.0,0.0,0.0,5.8,6.8,october,2021-22,26.0,8.9,60.6,21.9,64.6,2.6,2.44,36.8,4.2,3.6,7.8,8.0,20.2,,9.1,11.3,30.1,,7.1,2.4,6.5,72.7,,0.0,31.5,6-9,255,81
203114,Khris Middleton,MIL,6,31.5,20.0,4.7,4.5,7.3,17.0,1.5,5.8,3.8,4.5,october,2021-22,28.1,23.1,52.7,11.3,68.5,4.9,4.25,30.8,0.8,1.8,1.3,6.1,15.3,22.7,,13.6,16.6,5.8,,6.4,5.8,65.0,,34.11764705882353,31.5,6-7,222,79
202699,Tobias Harris,PHI,6,33.1,19.8,9.0,4.2,8.5,15.7,1.3,4.2,1.5,1.7,october,2021-22,24.5,22.1,60.5,16.6,63.7,3.3,3.14,32.5,1.5,1.8,3.0,4.2,17.9,6.8,,14.6,31.8,,6.3,3.0,6.3,56.0,,26.751592356687897,33.1,6-7,226,79
203915,Spencer Dinwiddie,DAL,5,31.2,19.8,5.4,5.6,6.8,16.2,2.2,5.4,4.0,4.2,october,2021-22,26.3,35.0,54.9,16.0,71.2,7.5,6.29,24.2,0.4,0.0,0.8,,,,,,,,,,,70.8,,33.333333333333336,31.2,6-6,215,78
202685,Jonas Valančiūnas,NOP,7,34.1,19.4,14.6,2.7,7.1,14.4,0.4,1.1,4.7,5.3,october,2021-22,22.5,12.4,58.0,16.1,73.6,2.3,1.89,44.4,3.6,5.3,9.3,,,,22.1,29.7,4.2,,13.7,,16.0,73.2,,7.638888888888889,34.1,6-11,265,83
1626149,Montrezl Harrell,CHA,6,31.5,19.3,10.2,1.8,7.2,11.7,0.2,0.8,4.8,6.2,october,2021-22,20.2,9.8,67.2,18.1,49.2,1.6,1.96,31.8,4.0,3.0,8.3,,,,,,,,,,,79.4,,6.837606837606838,31.5,6-7,240,79
1626174,Christian Wood,HOU,6,33.4,19.2,11.5,1.8,7.2,15.3,2.2,5.3,2.7,4.7,october,2021-22,23.6,10.5,55.1,15.5,56.8,2.2,2.32,29.8,2.8,3.5,6.2,,,,,,,,,,,57.1,,34.64052287581699,33.4,6-9,214,81
1630217,Desmond Bane,MEM,6,29.7,18.8,4.2,2.3,7.0,14.5,3.7,8.5,1.2,1.3,october,2021-22,22.4,12.3,62.4,11.0,51.2,1.9,2.28,30.8,0.8,0.0,0.8,7.0,19.3,25.5,,,17.4,7.4,4.1,9.1,3.8,71.4,,58.620689655172406,29.7,6-5,215,77
1630163,LaMelo Ball,CHA,7,29.2,18.7,6.0,6.1,7.0,17.1,3.0,7.3,1.7,1.9,october,2021-22,28.7,31.9,52.1,12.4,79.3,5.7,4.32,28.9,0.6,0.0,1.0,12.2,12.8,39.4,1.6,,19.4,6.5,,1.7,2.0,65.2,,42.69005847953216,29.2,6-7,180,79
201935,James Harden,PHI,7,33.2,18.6,7.6,8.6,5.6,14.0,2.9,7.4,4.6,5.3,october,2021-22,26.9,41.1,56.9,15.1,87.0,8.2,5.65,29.7,0.0,0.7,1.3,42.5,13.1,25.0,,1.3,7.5,4.6,,,,65.6,,52.85714285714286,33.2,6-5,220,77
1628368,De'Aaron Fox,SAC,6,36.4,18.5,5.0,6.3,7.2,19.0,1.0,5.8,3.2,5.2,october,2021-22,28.7,27.0,43.5,6.4,87.8,7.1,4.86,36.0,0.3,0.0,0.5,10.1,22.8,29.1,,,18.1,6.4,2.0,3.7,1.7,71.4,,30.526315789473685,36.4,6-3,185,75
203081,Damian Lillard,POR,6,32.8,18.3,3.5,8.3,6.3,18.2,2.2,9.3,3.5,3.7,october,2021-22,28.3,38.5,46.3,10.2,77.0,6.2,4.83,29.7,0.5,0.3,0.5,,,,,,,,,,,72.2,,51.09890109890111,32.8,6-2,195,74
201566,Russell Westbrook,LAL,7,35.7,18.3,8.7,8.7,7.9,17.9,1.0,4.0,1.6,3.3,october,2021-22,27.0,35.7,47.4,11.1,85.6,6.5,4.52,33.4,0.7,1.4,2.3,13.4,18.3,25.8,,5.1,26.7,,2.2,,2.8,64.3,,22.346368715083802,35.7,6-3,200,75
202330,Gordon Hayward,CHA,7,34.9,18.1,4.4,4.3,6.7,13.3,2.4,4.9,2.3,2.9,october,2021-22,20.6,16.6,62.4,9.5,56.1,2.7,2.86,39.9,0.9,1.1,3.3,,,,,,,,,,,68.0,,36.84210526315789,34.9,6-7,225,79
1630567,Scottie Barnes,TOR,7,34.9,18.1,8.9,2.0,7.7,14.0,0.3,1.3,2.4,3.4,october,2021-22,21.3,9.3,58.5,12.5,63.6,3.1,2.94,31.7,1.9,1.3,4.7,7.9,21.7,13.1,5.7,10.7,19.7,2.2,9.3,1.5,5.0,65.0,,9.285714285714286,34.9,6-7,225,79
1628384,OG Anunoby,TOR,7,35.8,18.0,5.6,2.9,6.6,17.0,2.9,8.0,2.0,2.3,october,2021-22,23.2,12.2,50.0,9.6,57.7,2.5,2.65,37.1,0.4,2.6,2.4,5.9,22.4,5.9,3.0,2.8,38.2,4.8,5.3,3.4,4.4,76.7,,47.05882352941176,35.8,6-7,232,79
1628984,Devonte' Graham,NOP,7,32.8,17.9,3.4,5.1,5.9,15.3,3.3,9.0,2.9,3.6,october,2021-22,23.0,22.4,53.0,10.4,72.1,5.5,4.56,26.4,0.3,0.0,0.9,,,,,,,,,,,72.7,,58.82352941176471,32.8,6-1,195,73
1627749,Dejounte Murray,SAS,6,35.4,17.8,8.5,8.8,7.7,17.8,1.2,3.7,1.3,2.0,october,2021-22,24.2,34.0,47.6,15.5,89.3,6.7,4.52,33.7,0.2,0.0,1.0,,,,,,,,,,,64.7,,20.786516853932586,35.4,6-4,180,76
1630537,Chris Duarte,IND,7,35.9,17.7,4.7,2.4,6.9,16.1,2.6,6.6,1.4,1.6,october,2021-22,22.2,10.4,52.6,8.7,63.4,3.1,2.95,36.9,0.7,0.0,0.7,,,,,,,,,,,45.0,,40.99378881987577,35.9,6-5,190,77
1630175,Cole Anthony,ORL,7,33.2,17.7,7.4,5.3,6.3,14.1,2.7,6.4,2.4,3.0,october,2021-22,22.9,23.9,57.3,12.5,81.6,7.1,5.23,26.3,0.3,0.0,0.7,6.9,14.7,51.8,,,14.3,,,,,63.0,,45.39007092198582,33.2,6-3,185,75
203095,Evan Fournier,NYK,6,33.2,17.5,3.2,2.3,6.2,14.3,3.8,8.5,1.3,1.7,october,2021-22,20.7,10.1,58.1,9.0,45.2,2.0,2.72,34.3,0.3,0.2,0.3,,,,,,,,,,,66.7,,59.44055944055944,33.2,6-6,205,78
1627741,Buddy Hield,IND,6,28.2,17.3,6.0,1.5,5.7,13.7,4.2,10.3,1.8,2.0,october,2021-22,24.2,8.7,59.6,11.5,47.5,2.0,2.52,28.3,0.0,0.0,1.0,,23.1,4.8,,,34.0,5.4,5.4,12.2,3.7,62.5,,75.18248175182482,28.2,6-4,220,76
1629012,Collin Sexton,CLE,7,29.1,17.3,2.9,1.9,6.7,13.6,1.0,4.0,2.9,4.0,october,2021-22,26.7,11.1,56.4,7.5,48.1,3.5,4.38,27.6,0.7,0.0,2.0,5.2,21.4,36.3,2.5,,20.6,4.3,2.5,,,65.2,,29.411764705882355,29.1,6-1,190,73
1626156,D'Angelo Russell,MIN,5,30.2,17.2,3.6,4.8,6.4,16.8,2.4,8.0,2.0,2.6,october,2021-22,28.3,28.6,47.9,10.6,74.0,5.5,4.49,32.2,0.4,0.4,0.4,8.7,15.5,36.2,,,20.8,7.9,,,,52.0,,47.61904761904761,30.2,6-4,193,76
1629628,RJ Barrett,NYK,6,34.4,17.2,5.7,3.0,6.3,13.2,2.2,5.7,2.3,3.2,october,2021-22,19.9,12.4,59.0,9.7,38.5,1.9,2.93,24.5,0.8,0.2,0.5,2.7,28.5,18.0,,2.4,23.8,6.6,7.3,3.4,3.4,60.7,,43.18181818181819,34.4,6-6,214,78
1627832,Fred VanVleet,TOR,7,38.4,17.0,5.0,7.3,6.4,15.4,2.4,7.3,1.7,2.4,october,2021-22,21.4,28.8,51.5,10.7,81.6,6.5,4.78,39.7,0.0,0.0,1.1,,,,,,,,,,,45.5,,47.4025974025974,38.4,6-1,197,73
2546,Carmelo Anthony,LAL,7,27.0,16.7,3.9,0.9,5.9,11.7,3.4,6.6,1.6,2.0,october,2021-22,21.1,4.4,66.4,11.7,34.7,1.1,1.92,22.0,0.4,1.9,1.6,,,,,,,,,,,50.0,,56.41025641025641,27.0,6-7,238,79
203903,Jordan Clarkson,UTA,6,25.5,16.5,3.2,1.5,6.0,16.2,2.2,9.0,2.3,2.3,october,2021-22,29.9,10.3,48.0,9.6,38.3,2.4,3.68,24.2,0.0,0.3,0.7,5.2,25.6,12.3,,,36.0,7.8,4.2,,3.9,68.8,,55.55555555555556,25.5,6-4,194,76
1626158,Richaun Holmes,SAC,6,27.7,16.3,10.5,1.5,6.7,9.3,0.3,0.3,2.7,2.8,october,2021-22,17.0,8.0,77.2,17.3,41.8,1.1,1.64,24.0,5.2,0.3,8.7,,,,,,,,,,,51.1,,3.225806451612903,27.7,6-10,235,82
203497,Rudy Gobert,UTA,6,31.0,16.3,17.2,1.0,5.2,7.2,0.0,0.0,6.0,8.3,october,2021-22,18.0,5.4,75.4,22.5,36.2,0.8,1.33,19.5,3.8,0.5,11.2,,12.6,,16.7,,,,28.5,,26.9,44.4,,0.0,31.0,7-1,258,85
1626162,Kelly Oubre Jr.,CHA,7,31.9,16.3,5.1,1.6,5.7,13.1,3.0,7.6,1.9,2.9,october,2021-22,18.8,7.4,56.5,9.0,38.6,1.2,1.8,26.0,0.3,0.0,2.7,12.1,22.1,7.6,,,29.8,,5.9,,6.6,71.9,,58.01526717557252,31.9,6-6,203,78
203952,Andrew Wiggins,GSW,6,30.1,16.2,4.5,1.7,6.3,13.8,2.0,5.0,1.5,2.2,october,2021-22,22.4,8.5,54.7,9.7,38.0,1.8,2.86,25.2,0.7,0.8,2.8,10.9,22.1,7.6,,6.8,32.5,2.0,3.8,2.5,7.8,61.9,,36.231884057971016,30.1,6-7,197,79
202711,Bojan Bogdanovic,UTA,6,29.9,16.2,4.8,1.3,5.5,12.8,1.7,5.5,3.5,3.7,october,2021-22,22.3,6.8,56.0,11.2,37.0,1.4,2.22,24.3,0.8,1.0,2.5,,,,,,,,,,,55.0,,42.96875,29.9,6-7,226,79
1629629,Cam Reddish,NYK,6,24.5,16.2,3.2,0.8,5.8,12.7,2.2,5.0,2.3,2.8,october,2021-22,26.2,6.1,58.1,11.6,32.8,1.4,2.6,23.3,0.7,0.0,1.2,,,,,,,,,,,72.0,,39.37007874015748,24.5,6-8,217,80
203924,Jerami Grant,DET,5,32.5,16.0,5.6,2.2,5.4,15.2,1.2,4.8,4.0,5.0,october,2021-22,25.1,12.9,46.0,8.5,65.4,2.8,2.59,41.0,0.4,3.0,2.2,10.7,16.2,13.9,2.2,2.0,35.4,4.8,4.6,4.2,2.4,64.7,,31.57894736842105,32.5,6-8,210,80
1628381,John Collins,ATL,6,29.1,16.0,9.8,2.7,7.3,11.5,0.8,2.3,0.5,1.2,october,2021-22,19.4,13.2,66.6,15.6,53.3,1.3,1.5,29.2,1.5,2.8,7.3,,18.7,,6.3,9.1,33.6,2.3,10.3,,9.8,62.5,,20.0,29.1,6-9,226,81
1629640,Keldon Johnson,SAS,6,29.4,15.8,5.3,1.8,6.3,14.2,0.3,2.8,2.8,4.3,october,2021-22,23.8,9.2,49.3,9.5,50.0,1.8,2.15,27.5,0.2,0.5,1.5,3.9,20.0,2.8,,4.4,32.0,7.4,9.2,,10.9,58.1,,19.718309859154928,29.4,6-6,220,78
202696,Nikola Vučević,CHI,6,34.0,15.8,11.0,3.5,6.2,15.8,1.3,4.2,2.2,3.0,october,2021-22,24.7,16.0,46.2,12.9,69.5,1.8,1.52,43.5,4.3,3.7,4.7,,12.5,,28.8,16.1,15.2,,10.0,3.6,7.6,54.4,,26.582278481012654,34.0,6-10,260,82
1630180,Saddiq Bey,DET,6,32.6,15.8,8.0,2.8,6.2,14.3,2.0,6.3,1.5,2.2,october,2021-22,21.6,15.0,51.8,12.2,55.0,2.3,2.48,39.0,1.2,1.8,2.7,6.5,19.0,7.8,2.2,13.8,28.5,6.0,4.9,1.9,6.7,52.9,,44.05594405594405,32.6,6-7,215,79
1628398,Kyle Kuzma,WAS,6,36.8,15.5,11.8,1.7,5.8,13.8,2.0,6.2,1.8,3.8,october,2021-22,20.3,7.1,49.9,11.1,54.8,2.6,2.81,29.3,1.8,0.2,4.0,5.1,27.3,5.3,8.7,2.8,27.5,4.1,8.5,,4.9,58.8,,44.927536231884055,36.8,6-9,221,81
203552,Seth Curry,BKN,6,31.3,15.3,2.7,1.2,5.5,9.0,2.8,4.5,1.5,1.8,october,2021-22,15.6,5.6,78.2,10.4,41.0,2.0,2.88,32.8,0.0,0.0,0.2,,,,,,,,,,,55.6,,50.0,31.3,6-2,185,74
203115,Will Barton,DEN,6,31.9,15.3,4.3,3.7,6.2,12.3,1.8,5.0,1.2,1.8,october,2021-22,19.9,16.9,58.3,13.5,47.5,2.8,3.51,29.2,1.3,0.0,1.0,,,,,,,,,,,50.0,,40.65040650406504,31.9,6-5,181,77
1628969,Mikal Bridges,PHX,5,31.6,15.2,4.4,1.6,6.4,11.4,1.8,4.2,0.6,1.2,october,2021-22,17.8,7.1,63.7,9.6,38.6,1.1,1.7,23.8,1.0,0.4,2.6,2.3,25.3,9.1,3.4,2.3,36.2,6.3,5.0,4.8,2.7,58.3,,36.84210526315789,31.6,6-6,209,78
202689,Kemba Walker,NYK,6,27.7,15.0,3.2,3.2,5.2,10.3,3.7,6.3,1.0,1.5,october,2021-22,20.3,17.3,68.2,11.9,68.0,5.7,5.04,22.2,0.2,0.0,0.2,,,,,,,,,,,70.0,,61.165048543689316,27.7,6-0,184,72
1630178,Tyrese Maxey,PHI,6,31.7,14.7,3.7,3.5,5.7,11.5,1.0,3.2,2.3,2.5,october,2021-22,20.6,16.2,58.2,8.6,67.0,5.5,4.96,22.7,0.3,0.0,0.2,14.5,21.9,26.2,1.3,1.4,14.3,6.7,3.0,5.4,,47.4,,27.82608695652174,31.7,6-2,200,74
201569,Eric Gordon,HOU,6,26.2,14.3,1.8,1.7,4.5,9.2,2.5,4.5,2.8,3.5,october,2021-22,19.0,10.1,66.9,11.6,34.2,1.9,3.27,20.7,0.3,0.2,0.8,,,,,,60.0,,,,,72.7,,48.913043478260875,26.2,6-3,215,75
1627751,Jakob Poeltl,SAS,6,31.2,14.3,10.3,2.8,6.8,10.3,0.0,0.0,0.7,1.8,october,2021-22,17.0,12.9,64.3,13.7,63.7,1.6,1.53,38.0,7.7,1.8,11.2,,13.0,,16.7,,,,40.7,,14.8,59.0,,0.0,31.2,7-1,245,85
1627814,Damion Lee,GSW,5,27.9,14.2,3.0,1.0,4.8,10.4,2.4,5.2,2.2,2.4,october,2021-22,18.6,5.6,62.0,9.4,38.4,1.3,2.0,27.4,0.6,0.2,2.2,,,,,,,,,,,47.1,,50.0,27.9,6-5,210,77
203471,Dennis Schröder,HOU,6,33.5,14.2,3.8,6.7,4.3,11.7,1.7,4.7,3.8,4.7,october,2021-22,20.9,29.9,51.6,9.8,71.7,6.1,5.14,27.2,0.0,0.0,0.3,14.8,11.2,36.6,,,23.1,5.2,,,,51.6,,40.17094017094017,33.5,6-1,172,73
1629638,Nickeil Alexander-Walker,UTA,7,31.7,14.1,6.0,2.6,5.4,15.4,2.1,8.1,1.1,1.3,october,2021-22,22.5,12.0,44.2,8.2,56.6,3.2,3.38,27.6,0.4,0.0,1.7,2.9,27.3,18.8,2.9,,22.7,7.1,2.9,9.1,1.3,63.6,,52.5974025974026,31.7,6-5,205,77
1629673,Jordan Poole,GSW,6,27.8,14.0,2.7,4.0,5.8,14.3,1.5,6.2,0.8,1.0,october,2021-22,26.8,23.1,47.4,7.0,54.3,3.1,3.43,34.2,0.3,0.0,0.7,7.9,19.9,30.6,,,14.3,12.9,,5.4,,70.6,,43.35664335664335,27.8,6-4,194,76
202704,Reggie Jackson,LAC,5,34.0,14.0,3.8,3.8,5.2,16.6,2.8,9.6,0.8,1.0,october,2021-22,22.3,16.7,41.1,5.6,58.0,4.1,4.24,30.8,0.6,0.2,0.8,,,,,,,,,,,46.2,,57.831325301204814,34.0,6-2,208,74
201937,Ricky Rubio,IND,7,28.2,14.0,4.1,6.6,5.0,12.9,2.0,5.7,2.0,2.1,october,2021-22,23.8,38.0,50.7,11.5,73.7,6.3,5.12,27.0,0.1,0.1,0.6,,,,,,,,,,,52.4,,44.18604651162791,28.2,6-2,190,74
1630532,Franz Wagner,ORL,7,32.3,13.9,3.6,1.9,5.6,11.3,2.0,4.6,0.7,1.0,october,2021-22,16.9,9.4,59.1,9.0,42.6,1.5,2.07,26.3,0.4,0.1,1.6,7.6,20.4,22.9,2.9,6.9,16.6,3.2,6.7,3.6,4.4,59.4,,40.70796460176991,32.3,6-10,220,82
1629028,Deandre Ayton,PHX,5,29.8,13.8,11.4,1.4,6.0,9.6,0.2,0.8,1.6,2.6,october,2021-22,16.6,6.5,64.2,15.1,44.6,1.1,1.48,23.6,4.6,2.4,9.4,,9.8,,28.6,9.5,2.9,,26.3,,13.6,72.4,,8.333333333333334,29.8,6-11,250,83
1628960,Grayson Allen,MIL,7,29.2,13.7,4.4,1.4,4.6,11.3,3.3,8.9,1.3,1.4,october,2021-22,17.1,6.6,57.6,8.6,33.1,1.1,1.93,21.7,0.1,0.0,0.7,2.8,17.5,24.2,4.0,,33.8,5.4,,7.0,,50.0,,78.76106194690266,29.2,6-4,198,76
1629014,Anfernee Simons,POR,6,22.2,13.7,2.7,2.2,5.2,10.5,2.8,6.3,0.5,0.5,october,2021-22,21.6,15.9,63.7,12.8,37.5,2.7,4.35,16.2,0.2,0.0,0.2,18.2,14.5,28.8,,,19.8,7.2,,4.9,,85.0,,60.0,22.2,6-3,181,75
1629001,De'Anthony Melton,MEM,6,29.8,13.7,5.0,2.8,5.2,12.0,2.7,6.2,0.7,1.0,october,2021-22,18.4,13.4,54.9,9.3,53.8,2.6,2.85,30.0,1.2,0.0,2.0,,,,,,,,,,,70.6,,51.66666666666667,29.8,6-2,200,74
203482,Kelly Olynyk,DET,6,24.2,13.7,4.7,2.8,4.8,10.2,1.2,3.8,2.8,4.3,october,2021-22,23.1,18.5,56.6,12.7,56.0,2.0,2.15,36.7,2.0,3.2,3.5,,,,,,,,,,,50.0,,37.254901960784316,24.2,6-11,240,83
201144,Mike Conley,UTA,5,28.2,13.6,1.8,3.6,4.6,10.2,2.6,6.0,1.8,2.0,october,2021-22,20.4,20.0,61.4,10.8,60.2,5.0,5.03,28.2,0.2,0.0,0.2,,14.8,21.2,,,33.3,13.8,,5.8,,56.3,,58.82352941176471,28.2,6-1,175,73
1629018,Gary Trent Jr.,TOR,7,31.4,13.6,3.4,1.1,4.7,12.7,2.0,5.7,2.1,2.6,october,2021-22,19.3,5.3,49.0,8.0,38.0,1.6,2.59,25.9,0.4,0.0,0.9,,18.3,6.4,,,48.6,9.0,,6.8,,69.2,,44.88188976377953,31.4,6-5,209,77
1630596,Evan Mobley,CLE,7,32.0,13.4,7.6,2.6,5.1,10.3,0.3,1.0,2.9,3.6,october,2021-22,17.3,12.7,56.6,12.8,53.4,1.6,1.78,28.6,5.1,1.0,7.4,4.7,16.0,9.5,14.3,8.0,17.9,1.6,13.8,2.7,6.5,46.7,,9.70873786407767,32.0,6-11,215,83
1629636,Darius Garland,CLE,5,31.0,13.4,2.4,8.2,5.0,11.4,2.0,6.0,1.4,1.6,october,2021-22,23.8,37.3,55.4,10.1,66.8,5.9,5.29,25.6,0.2,0.0,0.4,6.7,16.2,41.8,,,17.1,5.4,3.1,2.9,,77.8,,52.63157894736842,31.0,6-1,192,73
203501,Tim Hardaway Jr.,DAL,6,30.4,13.3,3.0,1.7,4.5,11.0,2.8,7.3,1.5,2.0,october,2021-22,18.4,8.5,56.1,8.2,37.2,1.5,2.34,21.3,0.5,0.0,0.3,2.2,21.3,5.7,3.2,,32.4,12.1,2.8,15.8,,61.5,,66.36363636363636,30.4,6-5,205,77
1628401,Derrick White,BOS,6,32.7,13.2,2.7,6.2,5.0,11.5,1.7,5.5,1.5,2.5,october,2021-22,18.2,26.4,52.2,10.2,61.2,3.8,3.69,31.5,0.3,0.0,0.5,4.7,10.8,35.1,1.6,,25.9,9.5,1.3,5.1,1.7,41.2,,47.82608695652174,32.7,6-4,190,76
1629022,Lonnie Walker IV,SAS,6,24.8,13.2,3.2,3.0,4.7,11.2,2.2,6.5,1.7,2.0,october,2021-22,23.7,16.2,54.6,10.0,36.2,1.8,2.97,24.5,0.3,0.0,0.3,,,,,,,,,,,54.5,,58.03571428571429,24.8,6-4,204,76
1628964,Mo Bamba,ORL,7,32.0,13.1,9.0,2.4,4.9,9.1,1.9,4.1,1.6,2.6,october,2021-22,16.8,12.0,64.0,12.7,44.3,1.3,1.73,25.6,1.7,0.6,6.0,,,,,,,,,,,53.5,,45.05494505494505,32.0,7-0,231,84
1630224,Jalen Green,HOU,6,31.9,13.0,4.0,3.0,4.7,13.8,2.0,7.0,1.7,2.5,october,2021-22,22.3,16.7,43.5,6.7,45.2,2.9,3.89,23.2,0.3,0.0,0.3,,,,,,,,,,,75.0,,50.724637681159415,31.9,6-4,186,76
203932,Aaron Gordon,DEN,6,29.3,12.8,6.3,1.8,5.3,9.7,0.5,2.3,1.7,2.5,october,2021-22,18.7,8.3,59.6,10.6,37.8,1.7,2.66,24.8,2.5,1.5,4.5,16.0,13.0,10.4,5.9,11.2,15.4,,13.0,,5.3,55.0,,23.711340206185564,29.3,6-8,235,80
203994,Jusuf Nurkić,POR,6,24.9,12.8,12.5,1.7,4.8,9.0,0.2,1.2,3.0,4.0,october,2021-22,22.7,10.1,59.6,16.2,52.8,1.3,1.47,28.7,4.7,0.8,5.8,,6.9,,22.4,10.4,11.8,,17.3,,13.6,62.5,,13.333333333333334,24.9,6-11,290,83
101108,Chris Paul,PHX,5,31.0,12.8,3.8,10.6,4.2,9.6,1.0,2.4,3.4,4.4,october,2021-22,19.0,48.6,55.5,13.9,73.6,7.1,5.75,22.8,0.2,0.0,0.6,,,43.8,,,15.6,,,,,88.9,,25.0,31.0,6-0,175,72
1630591,Jalen Suggs,ORL,7,29.4,12.7,3.6,4.0,3.9,12.9,1.4,5.7,3.6,4.1,october,2021-22,25.6,20.7,43.3,5.0,66.1,4.5,4.08,28.4,0.4,0.3,1.1,6.6,24.5,25.2,,,20.4,7.3,,,4.0,59.3,,44.18604651162791,29.4,6-5,205,77
1628991,Jaren Jackson Jr.,MEM,6,27.3,12.7,5.2,1.3,3.8,12.7,2.0,7.3,3.0,3.0,october,2021-22,23.1,6.5,45.3,4.9,39.8,1.1,1.7,25.2,2.5,0.8,2.7,11.1,15.3,2.1,9.7,19.8,26.4,1.5,3.4,,3.9,71.9,,57.48031496062992,27.3,6-11,242,83
200746,LaMarcus Aldridge,BKN,6,20.2,12.7,5.0,0.3,5.7,8.3,0.0,0.5,1.3,2.2,october,2021-22,21.8,2.5,68.2,13.5,29.2,0.8,1.67,19.3,3.2,1.8,5.3,,,,,,,,,,,50.0,,6.024096385542168,20.2,6-11,250,83
1628976,Wendell Carter Jr.,ORL,7,27.2,12.6,9.3,2.0,5.0,9.7,1.1,3.3,1.4,1.9,october,2021-22,18.9,12.2,59.7,13.9,55.3,1.5,1.64,31.9,3.1,1.3,5.3,,10.9,,19.2,3.2,26.2,,17.1,,12.7,66.7,,34.02061855670103,27.2,6-10,270,82
1629645,Kevin Porter Jr.,HOU,6,29.7,12.5,4.2,5.0,4.5,11.0,2.2,6.0,1.3,2.2,october,2021-22,24.2,29.4,52.3,6.7,65.5,5.3,4.83,24.5,0.3,0.0,1.2,9.8,13.6,45.2,,2.4,16.0,5.5,,,,70.8,,54.54545454545454,29.7,6-4,203,76
1626167,Myles Turner,IND,7,27.1,12.4,7.4,1.1,4.3,8.4,1.4,4.3,2.4,3.9,october,2021-22,18.3,6.6,61.4,12.7,33.4,0.8,1.43,19.7,1.7,1.6,3.9,,7.7,,17.7,7.3,42.3,,7.1,,6.0,48.9,,51.19047619047619,27.1,6-11,250,83
1628379,Luke Kennard,LAC,5,27.3,12.4,2.8,2.2,4.4,10.0,3.0,7.0,0.6,0.6,october,2021-22,16.3,12.5,60.4,11.2,36.6,1.1,1.82,24.6,0.4,0.0,0.6,,24.5,9.1,,,32.0,7.9,5.8,11.6,,42.3,,70.0,27.3,6-5,206,77
201565,Derrick Rose,NYK,6,21.4,12.3,2.8,3.0,4.5,9.7,2.2,4.0,1.2,1.3,october,2021-22,22.1,20.9,60.1,14.4,47.8,3.7,4.62,18.8,0.7,0.2,0.5,,,,,,,,,,,66.7,,41.23711340206186,21.4,6-2,200,74
1628366,Lonzo Ball,CHI,6,35.1,12.3,5.7,4.5,4.5,10.8,2.5,7.0,0.8,1.0,october,2021-22,17.8,18.0,54.7,10.2,77.8,4.4,3.42,28.7,1.5,0.2,1.7,,19.3,16.5,,,36.3,6.1,,,,43.8,,64.81481481481481,35.1,6-6,190,78
1630169,Tyrese Haliburton,IND,6,32.2,11.8,3.7,5.7,4.8,10.5,1.0,3.3,1.2,1.3,october,2021-22,15.6,24.5,53.4,10.3,56.0,3.4,3.64,29.5,0.7,0.0,1.0,,,,,,,,,,,69.7,,31.428571428571427,32.2,6-5,185,77
1628386,Jarrett Allen,CLE,7,30.0,11.7,9.0,1.1,5.3,7.1,0.0,0.1,1.1,2.3,october,2021-22,13.3,6.3,71.9,14.3,39.3,1.0,1.59,20.0,3.1,1.3,9.1,,13.6,,20.9,7.8,4.1,,33.1,,9.2,50.0,,1.4084507042253522,30.0,6-10,243,82
1628374,Lauri Markkanen,CLE,7,30.1,11.7,5.6,1.7,4.0,11.1,1.7,6.0,2.0,2.3,october,2021-22,18.3,8.2,48.2,8.7,44.3,1.3,1.78,27.7,1.6,1.0,3.0,4.0,15.6,3.0,8.3,5.7,12.8,7.5,10.6,20.7,7.0,66.7,,54.054054054054056,30.1,6-11,240,83
1629652,Luguentz Dort,OKC,6,31.9,11.7,3.7,2.2,3.8,10.8,1.2,5.2,2.8,3.3,october,2021-22,19.5,10.7,47.4,5.2,39.0,1.8,2.81,24.0,0.5,1.0,0.7,,15.0,,5.5,,61.5,,4.0,,,60.0,,48.148148148148145,31.9,6-3,215,75
203992,Bogdan Bogdanović,ATL,6,28.7,11.5,3.5,2.2,4.5,9.7,1.7,4.2,0.8,0.8,october,2021-22,15.8,9.9,57.3,7.7,38.2,1.6,2.54,23.3,1.0,0.0,0.5,,12.2,34.4,,,24.4,,,,,63.0,,43.29896907216496,28.7,6-6,225,78
203082,Terrence Ross,ORL,7,25.7,11.3,1.7,1.3,3.7,9.0,1.7,5.0,2.1,2.6,october,2021-22,17.9,9.1,55.7,6.3,31.3,1.3,2.51,23.9,0.3,0.0,0.1,,,,,,,,,,,61.1,,55.55555555555556,25.7,6-6,206,78
1628420,Monte Morris,DEN,6,29.0,11.2,1.8,3.7,4.8,9.5,1.3,3.7,0.2,0.7,october,2021-22,16.8,17.1,57.0,8.2,62.3,4.3,4.19,29.0,0.7,0.0,0.5,,,,,,,,,,,72.0,,38.94736842105264,29.0,6-2,183,74
203925,Joe Harris,BKN,7,30.3,11.0,4.0,1.0,3.9,10.6,2.6,7.1,0.7,0.9,october,2021-22,18.7,4.8,50.2,4.1,37.9,0.9,1.49,23.0,0.6,0.0,0.6,,,,,,,,,,,65.4,,66.98113207547169,30.3,6-6,220,78
1629008,Michael Porter Jr.,DEN,6,31.1,10.8,6.0,2.3,4.3,13.0,1.7,6.7,0.5,0.7,october,2021-22,20.0,9.9,40.7,6.4,42.5,1.5,2.12,26.5,2.0,0.2,1.8,6.9,13.2,5.7,2.7,2.5,21.5,16.9,8.5,13.1,4.9,82.8,,51.53846153846155,31.1,6-10,218,82
1628973,Jalen Brunson,DAL,6,25.6,10.7,4.2,4.7,4.3,10.5,1.3,3.3,0.7,1.0,october,2021-22,19.0,27.5,48.8,11.2,55.5,4.3,4.68,21.2,0.2,0.3,0.3,14.4,14.3,36.0,,3.3,16.4,5.6,1.9,2.5,,60.0,,31.428571428571427,25.6,6-1,190,73
1630581,Josh Giddey,OKC,6,28.2,10.7,5.8,5.7,4.5,10.0,0.8,2.5,0.8,1.5,october,2021-22,19.1,33.0,50.0,11.1,66.3,3.4,3.09,35.0,0.5,0.0,1.0,5.0,22.8,38.8,,,16.0,4.5,4.3,,,68.0,,25.0,28.2,6-8,205,80
1629631,De'Andre Hunter,ATL,5,28.4,10.6,3.0,0.6,4.4,11.2,1.2,3.4,0.6,0.8,october,2021-22,18.8,2.8,45.9,3.3,30.2,1.2,2.4,22.4,0.2,1.6,0.4,7.5,18.2,13.3,2.6,,29.0,9.5,6.2,6.0,2.6,70.0,,30.35714285714286,28.4,6-8,221,80
201988,Patty Mills,BKN,7,26.5,10.6,2.3,2.6,3.9,8.7,2.6,5.0,0.3,0.4,october,2021-22,14.9,13.3,59.4,8.3,36.1,1.9,3.2,18.9,0.0,0.0,0.4,,,,,,,,,,,68.8,,57.4712643678161,26.5,6-0,180,72
1629130,Duncan Robinson,MIA,6,28.7,10.5,4.8,1.5,3.7,10.2,2.8,8.8,0.3,0.5,october,2021-22,16.5,7.4,50.5,6.7,38.0,0.9,1.37,25.7,0.3,0.0,0.5,,18.5,7.9,4.3,,31.2,11.7,,18.8,,60.0,,86.27450980392159,28.7,6-7,215,79
1629057,Robert Williams III,BOS,5,33.5,10.4,9.2,1.8,4.2,5.8,0.0,0.0,2.0,3.0,october,2021-22,10.3,7.6,73.0,13.2,34.6,0.7,1.19,21.2,1.6,0.0,10.6,,,,17.1,,9.8,,32.5,,20.3,48.1,,0.0,33.5,6-9,237,81
1626192,Pat Connaughton,MIL,7,30.5,10.3,5.4,1.7,4.0,8.7,1.9,5.7,0.4,0.6,october,2021-22,12.6,7.9,57.4,8.1,37.7,1.0,1.62,21.0,0.6,0.0,2.4,,,,,,,,,,,62.5,,65.51724137931035,30.5,6-5,209,77
1627788,Furkan Korkmaz,PHI,6,19.8,10.2,1.3,3.0,3.3,8.0,1.5,4.3,2.0,2.2,october,2021-22,22.4,20.7,56.8,10.6,35.7,2.4,4.06,18.3,0.0,0.0,0.5,,,,,,,,,,,63.6,,53.75,19.8,6-7,202,79
1628367,Josh Jackson,SAC,6,23.3,10.2,4.5,2.5,4.0,8.7,1.3,4.0,0.8,2.0,october,2021-22,20.8,16.5,53.2,7.9,38.3,1.4,2.15,25.0,0.8,0.3,2.2,,,,,,,,,,,40.9,,45.97701149425288,23.3,6-8,207,80
203500,Steven Adams,MEM,6,25.0,10.2,9.7,3.0,4.0,7.0,0.0,0.0,2.2,2.2,october,2021-22,15.3,16.5,63.9,13.5,40.0,1.1,1.72,25.7,7.3,1.8,9.5,,4.9,,15.6,,,,23.9,,37.1,43.8,,0.0,25.0,6-11,265,83
1629647,Darius Bazley,OKC,6,26.5,10.0,6.5,1.5,3.7,10.2,0.8,4.8,1.8,2.7,october,2021-22,20.2,9.0,44.1,9.2,41.8,1.9,2.69,20.7,1.0,0.3,2.5,,,,,,,,,,,71.0,,47.05882352941176,26.5,6-8,208,80
202339,Eric Bledsoe,POR,5,26.6,10.0,3.4,4.0,3.6,9.6,0.6,3.2,2.2,3.0,october,2021-22,22.0,23.0,45.8,6.9,57.4,4.1,4.25,21.4,1.0,0.0,1.2,,,,,,,,,,,72.0,,33.333333333333336,26.6,6-1,214,73
203087,Jeremy Lamb,SAC,7,18.7,10.0,2.3,0.7,3.1,7.4,1.9,3.9,1.9,1.9,october,2021-22,19.9,5.4,60.6,9.1,34.3,1.5,2.57,22.4,0.1,0.1,0.3,,,,,,,,,,,53.3,,52.702702702702695,18.7,6-5,180,77
201567,Kevin Love,CLE,7,20.7,9.9,7.3,2.3,3.1,8.9,0.7,3.4,2.9,3.1,october,2021-22,21.6,17.4,48.1,14.9,40.3,1.2,1.84,26.0,1.4,3.4,3.9,,14.0,,14.6,,34.1,,6.7,,15.2,72.7,,38.20224719101123,20.7,6-8,251,80
1630170,Devin Vassell,SAS,6,25.2,9.8,4.8,1.7,3.7,9.3,1.7,4.8,0.8,1.3,october,2021-22,17.4,8.6,49.6,8.8,34.7,1.0,1.8,21.3,1.2,0.0,0.5,2.7,22.2,11.5,,,35.3,10.7,,11.8,,66.7,,51.61290322580645,25.2,6-5,200,77
1629684,Grant Williams,BOS,6,22.9,9.8,2.3,1.5,3.2,5.5,1.7,3.3,1.8,2.0,october,2021-22,13.1,10.0,77.1,9.3,25.5,0.7,1.6,16.7,1.3,0.5,1.8,,,,,,38.2,,,,,62.5,,60.0,22.9,6-6,236,78
203484,Kentavious Caldwell-Pope,WAS,6,31.5,9.5,3.2,1.8,3.5,7.2,2.0,4.3,0.5,0.7,october,2021-22,11.4,8.2,63.7,6.6,38.3,1.5,2.34,19.3,0.3,0.0,0.8,3.1,24.1,18.1,,,33.7,5.9,,6.5,,68.0,,59.72222222222222,31.5,6-5,204,77
1628998,Cody Martin,CHA,7,24.2,9.4,4.4,2.1,3.0,6.1,1.0,2.1,2.4,2.9,october,2021-22,13.4,10.8,63.7,10.6,28.6,1.2,2.44,16.3,0.6,0.0,1.9,,,,,,,,,,,62.5,,34.42622950819673,24.2,6-6,205,78
203110,Draymond Green,GSW,6,32.2,9.3,8.7,7.0,3.8,6.5,0.5,0.8,1.2,3.2,october,2021-22,14.0,29.2,59.1,11.9,80.3,3.3,2.49,42.0,3.3,2.3,4.0,,9.4,5.1,10.2,,39.8,,10.2,,2.7,66.7,,12.307692307692308,32.2,6-6,230,78
204060,Joe Ingles,POR,6,23.3,9.2,3.3,2.0,3.0,6.0,2.5,5.2,0.7,0.7,october,2021-22,12.4,12.9,72.8,12.4,40.2,2.3,3.5,22.5,0.7,0.0,0.2,,,,,,,,,,,60.0,,86.66666666666667,23.3,6-8,220,80
1630173,Precious Achiuwa,TOR,7,24.4,9.1,8.6,1.3,3.9,9.9,0.3,1.4,1.1,2.3,october,2021-22,20.4,7.6,42.1,8.5,40.9,1.5,2.17,23.3,0.7,0.1,5.3,,22.2,,13.5,,24.7,,12.0,,17.1,47.1,,14.14141414141414,24.4,6-8,225,80
1630578,Alperen Sengun,HOU,6,19.1,9.0,4.5,1.8,2.7,6.2,0.3,1.2,3.3,4.3,october,2021-22,22.4,15.1,55.7,9.5,31.7,1.1,2.1,21.2,2.7,2.3,4.0,14.9,13.5,5.2,9.2,21.7,11.8,,9.1,,7.4,67.9,,19.35483870967742,19.1,6-10,243,82
1627777,Georges Niang,PHI,6,18.0,9.0,1.7,1.3,3.3,6.7,2.2,4.7,0.2,0.2,october,2021-22,17.2,10.8,66.8,8.5,30.3,0.9,1.75,14.0,0.5,0.0,0.5,,,,,,,,,,,62.5,,70.1492537313433,18.0,6-7,230,79
203991,Clint Capela,ATL,6,25.7,8.8,10.5,0.5,4.0,7.8,0.0,0.0,0.8,1.8,october,2021-22,15.0,2.4,51.1,10.0,37.5,0.8,1.34,17.3,2.3,1.2,9.2,,,,22.1,,,,24.4,,36.6,59.5,,0.0,25.7,6-10,256,82
203939,Dwight Powell,DAL,6,24.4,8.8,3.8,1.0,3.0,5.7,0.3,0.8,2.5,3.5,october,2021-22,15.2,6.6,61.3,6.7,29.3,0.7,1.46,16.2,2.7,0.2,7.2,,13.2,,12.1,,,,37.4,,,68.0,,14.035087719298245,24.4,6-10,240,82
1629642,Nassir Little,POR,6,24.1,8.8,5.7,0.7,3.2,6.0,1.3,2.7,1.2,1.5,october,2021-22,13.1,3.8,66.3,9.2,27.7,1.0,2.16,16.5,0.7,0.0,2.8,,,,,,,,,,,40.0,,45.0,24.1,6-5,220,77
1626168,Trey Lyles,SAC,6,16.9,8.8,4.0,1.7,2.8,6.0,1.0,2.5,2.2,2.5,october,2021-22,21.4,16.1,62.2,14.5,30.7,0.9,1.8,17.7,1.2,0.8,1.7,,,,,,,,,,,42.9,,41.66666666666667,16.9,6-9,234,81
1627826,Ivica Zubac,LAC,5,21.6,8.8,5.6,2.2,3.4,6.2,0.0,0.0,2.0,3.4,october,2021-22,15.7,15.1,57.2,10.6,37.8,0.8,1.34,18.2,4.0,1.0,8.4,,5.5,,18.4,28.3,,,20.1,,20.3,68.2,,0.0,21.6,7-0,240,84
1627736,Malik Beasley,MIN,5,22.5,8.8,2.0,2.2,3.2,8.2,2.0,5.6,0.4,0.8,october,2021-22,16.1,13.9,51.4,8.6,24.6,0.8,2.02,15.8,0.6,0.0,1.0,,,,,,,,,,,33.3,,68.29268292682927,22.5,6-4,187,76
1629023,P.J. Washington,CHA,5,22.7,8.8,4.6,2.0,3.4,7.2,0.8,2.8,1.2,1.2,october,2021-22,15.8,11.5,56.9,9.8,40.4,1.0,1.41,23.0,1.4,1.0,5.6,4.1,20.9,6.3,5.4,6.1,29.9,4.1,8.2,,6.8,84.6,,38.888888888888886,22.7,6-7,230,79
1629611,Terance Mann,LAC,5,29.0,8.6,5.8,3.6,3.2,7.8,1.0,3.0,1.2,1.6,october,2021-22,13.3,18.9,50.6,11.2,40.8,2.0,2.9,23.4,1.6,0.0,3.2,3.7,22.0,17.9,,,28.9,4.4,6.6,,8.1,40.9,,38.46153846153847,29.0,6-5,215,77
201588,George Hill,MIL,7,27.1,8.6,3.9,2.6,3.3,7.0,1.0,2.6,1.0,1.1,october,2021-22,13.2,12.4,57.1,7.8,49.7,3.2,3.88,21.3,0.3,0.0,2.4,,,,,,,,,,,69.2,,37.142857142857146,27.1,6-4,188,76
203200,Justin Holiday,SAC,7,30.6,8.6,3.1,1.4,3.1,8.9,2.0,6.7,0.3,0.3,october,2021-22,14.1,6.8,47.7,4.2,35.9,1.0,1.74,26.0,0.3,0.0,0.7,,,,,,,,,,,69.0,,75.28089887640449,30.6,6-6,180,78
1627827,Dorian Finney-Smith,DAL,6,31.4,8.5,6.2,1.0,3.2,9.8,1.0,5.3,1.2,1.7,october,2021-22,17.1,4.8,40.2,3.3,43.7,1.2,1.6,26.3,1.5,0.5,4.2,,,,,,,,,,,53.8,,54.08163265306122,31.4,6-7,220,79
1630191,Isaiah Stewart,DET,6,22.7,8.5,6.5,1.3,4.0,7.0,0.2,0.8,0.3,0.5,october,2021-22,15.5,11.1,58.9,12.1,39.0,1.1,1.72,25.2,3.7,1.8,7.5,,10.3,,13.9,10.3,23.9,,19.2,,11.8,52.8,,11.428571428571429,22.7,6-8,250,80
1629011,Mitchell Robinson,NYK,6,30.1,8.5,8.8,0.8,3.7,4.2,0.0,0.0,1.2,2.5,october,2021-22,9.3,3.8,80.7,8.7,32.2,0.7,1.22,14.3,1.0,0.2,7.8,,,,11.7,,,,12.5,,52.3,56.3,,0.0,30.1,7-0,240,84
1629670,Jordan Nwora,MIL,7,22.6,8.4,4.0,1.4,3.0,8.9,1.4,4.7,1.0,1.3,october,2021-22,18.2,9.9,44.7,7.4,30.3,1.3,2.5,19.3,0.4,0.0,0.7,,,,,,,,,,,43.8,,52.80898876404494,22.6,6-8,225,80
200768,Kyle Lowry,MIA,5,31.1,8.4,4.0,7.2,3.0,9.0,1.4,5.2,1.0,1.0,october,2021-22,15.2,30.0,44.5,8.3,79.2,5.0,3.75,29.0,0.6,0.0,0.8,,,,,,,,,,,58.3,,57.777777777777786,31.1,6-0,196,72
202692,Alec Burks,NYK,6,17.7,8.3,3.0,2.0,2.7,6.8,1.7,4.2,1.3,1.7,october,2021-22,19.3,17.1,55.1,11.1,26.2,1.3,2.87,18.8,0.0,0.0,0.2,,,,,,,,,,,71.4,,61.76470588235294,17.7,6-6,214,78
1627936,Alex Caruso,CHI,6,28.0,8.2,2.2,3.5,2.8,6.0,1.0,2.0,1.5,1.8,october,2021-22,13.6,19.1,60.0,8.5,48.2,2.7,3.3,16.5,0.5,0.0,1.7,,19.9,8.2,7.0,,45.6,,,,,65.4,,33.33333333333333,28.0,6-5,186,77
1626224,Cedi Osman,CLE,6,16.8,8.2,1.8,1.3,3.0,6.5,1.8,4.3,0.3,0.5,october,2021-22,19.7,12.7,60.8,8.4,25.5,1.2,2.74,19.7,0.7,0.0,1.2,,,,,,,,,,,50.0,,66.15384615384615,16.8,6-7,230,79
1630256,Jae'Sean Tate,HOU,6,24.1,8.2,6.5,2.3,3.3,8.2,0.5,2.7,1.0,1.0,october,2021-22,18.3,17.7,47.4,9.0,33.3,1.3,2.33,20.2,1.3,0.7,3.8,,,,,,,,,,,31.8,,32.92682926829269,24.1,6-4,230,76
202397,Ish Smith,WAS,7,20.0,7.9,1.6,4.4,3.7,9.6,0.1,0.3,0.3,0.9,october,2021-22,20.9,29.8,39.5,7.5,46.0,4.1,5.38,13.4,0.0,0.0,0.3,,,,,,,,,,,53.8,,3.125,20.0,6-0,175,72
1630558,Davion Mitchell,SAC,6,27.0,7.7,1.7,3.0,3.2,9.0,1.0,4.7,0.3,0.7,october,2021-22,15.2,16.1,41.2,4.4,41.5,2.9,4.13,20.0,0.0,0.0,0.0,28.6,19.3,8.1,,,35.6,,,,,40.7,,52.22222222222223,27.0,6-0,202,72
203109,Jae Crowder,PHX,5,29.5,7.6,5.4,1.4,2.6,8.2,1.2,5.4,1.2,1.4,october,2021-22,14.0,6.3,43.1,5.6,49.6,1.2,1.43,23.6,1.0,0.2,0.8,,,,,,,,,,,55.6,,65.85365853658539,29.5,6-6,235,78
203526,Raul Neto,WAS,5,22.2,7.6,3.0,2.8,3.4,7.0,0.2,1.6,0.6,0.6,october,2021-22,15.2,18.7,52.3,11.0,40.0,2.9,4.39,15.8,0.6,0.2,0.8,,,,,,,,,,,59.1,,22.857142857142858,22.2,6-2,180,74
1628464,Daniel Theis,BOS,6,22.0,7.5,5.0,0.5,2.7,6.3,0.7,2.7,1.5,1.8,october,2021-22,13.9,3.9,52.5,7.1,26.7,0.6,1.32,16.0,1.0,0.3,3.0,,,,,,,,,,,54.5,,42.85714285714286,22.0,6-9,245,81
202693,Markieff Morris,MIA,6,19.0,7.5,2.5,1.3,3.2,7.3,0.7,2.2,0.5,0.5,october,2021-22,18.6,9.5,49.6,4.1,22.5,0.6,1.52,16.2,1.0,1.7,2.7,,,,,,,,,,,83.3,,30.136986301369866,19.0,6-9,245,81
203145,Kent Bazemore,LAL,7,28.0,7.4,2.0,1.3,2.6,6.1,1.6,3.7,0.7,1.1,october,2021-22,10.6,5.7,55.9,4.0,30.4,0.8,1.54,16.9,0.6,0.0,1.0,,,,,,,,,,,52.2,,60.655737704918046,28.0,6-4,195,76
1626196,Josh Richardson,SAS,5,21.3,7.4,2.0,0.8,2.8,6.4,1.2,3.0,0.6,0.6,october,2021-22,15.0,6.6,55.5,5.5,28.6,1.2,2.56,15.6,0.2,0.0,0.4,,,,,,,,,,,52.4,,46.875,21.3,6-5,200,77
203935,Marcus Smart,BOS,5,37.0,7.4,4.0,4.8,2.4,9.4,1.6,6.8,1.0,1.0,october,2021-22,13.7,17.3,37.6,4.6,64.4,3.4,3.21,29.4,0.2,2.0,1.0,4.2,18.4,15.1,5.0,,38.3,,,,,78.9,,72.34042553191489,37.0,6-4,220,76
1628971,Bruce Brown,BKN,6,23.8,7.3,4.3,0.5,3.2,6.3,0.5,1.5,0.5,0.7,october,2021-22,12.9,3.2,55.3,9.3,29.2,0.9,1.93,17.5,2.7,0.0,4.3,4.1,22.3,15.7,,,22.3,3.8,13.0,,8.7,50.0,,23.80952380952381,23.8,6-4,202,76
1630167,Obi Toppin,NYK,6,16.5,7.3,2.7,1.2,3.0,5.2,0.3,2.0,1.0,2.0,october,2021-22,16.0,10.0,60.6,10.1,28.3,0.6,1.37,14.0,1.0,0.5,2.0,,23.9,,,,28.3,,,,,81.8,,38.46153846153846,16.5,6-9,220,81
1628370,Malik Monk,LAL,7,21.7,7.3,1.7,1.7,2.6,6.6,1.4,4.3,0.7,0.9,october,2021-22,14.3,10.4,52.4,6.1,28.6,1.0,2.17,17.0,0.1,0.0,0.7,8.4,22.0,24.1,3.5,,25.5,6.7,,4.6,,74.1,,65.15151515151516,21.7,6-3,200,75
203486,Mason Plumlee,CHA,7,28.1,7.3,8.9,2.6,3.1,5.9,0.0,0.0,1.0,3.4,october,2021-22,12.8,12.2,49.5,8.2,45.4,1.5,2.02,25.1,3.4,2.1,6.9,,,,,,,,,,,66.1,,0.0,28.1,6-11,254,83
203469,Cody Zeller,POR,6,18.0,7.2,5.5,1.2,2.5,4.2,0.0,0.5,2.2,3.5,october,2021-22,14.5,8.5,62.8,9.3,26.3,0.7,1.59,14.0,3.0,0.2,5.2,,,,,,,,,,,66.7,,11.904761904761903,18.0,6-11,240,83
203937,Kyle Anderson,MEM,6,21.5,7.2,5.5,2.2,2.5,7.3,1.0,2.5,1.2,1.3,october,2021-22,16.3,14.3,45.2,8.7,36.2,1.3,2.22,21.8,1.2,0.0,1.8,12.6,16.5,7.9,,,17.3,,14.2,,8.7,66.7,,34.24657534246575,21.5,6-9,230,81
1628467,Maxi Kleber,DAL,6,18.8,7.2,5.3,0.5,2.3,4.7,1.8,3.8,0.7,0.7,october,2021-22,13.0,4.1,72.2,13.0,28.2,0.6,1.23,14.7,0.3,0.2,1.7,,,,,,,,,,,50.0,,80.85106382978722,18.8,6-10,240,82
1629661,Cameron Johnson,PHX,5,21.0,7.0,2.4,1.0,2.6,7.6,1.6,4.6,0.2,0.4,october,2021-22,15.5,7.7,45.0,5.9,27.2,0.7,1.53,18.0,0.8,0.0,0.6,,25.0,8.2,,,26.5,15.3,6.7,4.9,,33.3,,60.526315789473685,21.0,6-8,210,80
202355,Hassan Whiteside,UTA,6,16.4,7.0,7.0,0.3,2.8,4.7,0.0,0.0,1.3,1.3,october,2021-22,15.3,2.8,66.6,14.8,13.7,0.3,1.5,8.0,1.2,0.8,4.7,,,,,,,,,,,58.1,,0.0,16.4,7-0,265,84
201145,Jeff Green,DEN,6,16.3,7.0,1.3,0.8,2.3,5.3,0.5,2.3,1.8,2.5,october,2021-22,19.5,8.6,54.4,4.3,24.7,0.7,1.63,16.3,1.0,0.7,0.3,,,,,,,,,,,68.8,,43.39622641509433,16.3,6-8,235,80
204456,T.J. McConnell,IND,7,25.4,6.9,2.7,4.9,3.3,7.3,0.3,1.3,0.0,0.3,october,2021-22,14.6,28.3,46.3,7.5,59.3,4.3,4.36,19.9,0.3,0.0,1.3,5.9,13.1,54.0,,,12.5,,4.2,,,54.2,,17.808219178082194,25.4,6-1,190,73
202709,Cory Joseph,DET,6,21.3,6.8,1.0,2.8,2.2,5.8,0.7,2.3,1.8,2.3,october,2021-22,15.5,19.8,49.8,6.6,50.8,4.4,5.19,17.7,0.2,0.2,1.2,,,,,,,,,,,68.8,,39.655172413793096,21.3,6-3,200,75
202722,Davis Bertans,DAL,6,19.2,6.8,2.0,0.7,2.2,6.3,1.7,5.0,0.8,0.8,october,2021-22,14.8,4.6,51.0,4.0,20.2,0.4,1.18,12.3,1.2,0.0,0.7,,,,,,,,,,,76.5,,79.36507936507937,19.2,6-10,225,82
1629026,Kenrich Williams,OKC,6,20.5,6.8,3.0,1.3,2.7,6.3,1.0,2.5,0.5,1.0,october,2021-22,16.6,11.1,50.4,5.9,26.0,0.9,1.97,20.2,0.2,0.3,1.7,,14.6,,,,42.3,,10.0,,7.7,37.5,,39.682539682539684,20.5,6-6,210,78
1630181,R.J. Hampton,ORL,7,17.6,6.7,3.1,1.9,2.4,6.4,1.1,2.4,0.7,1.1,october,2021-22,19.9,17.6,48.4,5.8,33.3,2.0,3.59,15.6,0.3,0.0,0.9,,,,,,,,,,,76.5,,37.49999999999999,17.6,6-4,175,76
1628988,Aaron Holiday,PHX,6,18.5,6.7,1.8,1.5,2.3,5.3,1.0,2.0,1.0,1.2,october,2021-22,16.6,12.2,57.0,6.2,33.0,2.8,5.14,11.2,0.0,0.0,0.0,,18.5,18.5,,,42.5,,,,,73.3,,37.735849056603776,18.5,6-0,185,72
1630172,Patrick Williams,CHI,5,24.9,6.6,2.2,0.6,2.6,4.6,0.6,1.2,0.8,0.8,october,2021-22,9.3,3.3,66.6,5.6,25.4,0.6,1.36,12.2,0.8,0.0,1.2,3.6,22.1,9.3,5.0,3.6,41.4,3.6,,,5.0,48.0,,26.08695652173913,24.9,6-7,215,79
203493,Reggie Bullock Jr.,DAL,6,20.5,6.5,2.5,0.7,2.3,6.5,1.5,4.8,0.3,0.7,october,2021-22,14.2,6.1,47.8,5.8,23.8,0.6,1.5,16.3,0.2,0.0,0.5,,,,,,,,,,,81.8,,73.84615384615384,20.5,6-6,205,78
203473,Dewayne Dedmon,MIA,6,15.3,6.3,7.3,0.7,2.5,4.2,0.3,0.3,1.0,1.0,october,2021-22,15.3,5.5,68.7,14.7,21.8,0.5,1.51,9.7,1.3,0.7,4.3,,,,,,,,,,,50.0,,7.142857142857142,15.3,7-0,245,84
203490,Otto Porter Jr.,GSW,6,18.1,6.3,4.2,1.3,2.3,4.7,1.2,2.7,0.5,0.7,october,2021-22,13.9,10.3,63.8,11.0,22.0,0.6,1.55,12.7,1.0,0.8,1.5,,,,,,,,,,,50.0,,57.446808510638306,18.1,6-8,198,80
203920,Khem Birch,TOR,7,22.1,6.3,5.4,1.1,2.1,4.1,0.0,0.4,2.0,2.4,october,2021-22,10.8,7.7,60.3,10.9,33.0,0.8,1.49,21.6,2.3,0.3,5.4,,,,,,,,,,,72.0,,9.756097560975611,22.1,6-9,233,81
1630526,Jeremiah Robinson-Earl,OKC,6,16.6,6.2,3.7,0.3,2.5,4.5,1.0,2.2,0.2,0.3,october,2021-22,15.9,3.7,66.4,8.7,27.0,0.6,1.31,20.5,1.2,0.2,2.7,,20.2,,,,38.1,,,,20.2,62.5,,48.88888888888889,16.6,6-8,242,80
1626172,Kevon Looney,GSW,6,15.9,6.2,5.7,0.7,2.5,4.2,0.0,0.0,1.2,1.7,october,2021-22,13.8,5.4,62.9,10.0,26.0,0.6,1.41,14.2,1.0,0.0,3.7,,,,19.3,,,,,,31.6,70.0,,0.0,15.9,6-9,222,81
1628470,Torrey Craig,PHX,7,16.0,6.1,3.3,1.4,2.0,4.6,1.0,2.9,1.1,1.4,october,2021-22,15.5,13.0,59.1,8.5,22.3,0.7,1.84,14.3,0.3,0.0,1.7,,,,,,,,,,,50.0,,63.04347826086957,16.0,6-7,221,79
1628402,Frank Jackson,DET,6,20.5,6.0,1.5,0.5,2.5,7.2,0.8,4.0,0.2,0.2,october,2021-22,17.1,4.2,41.4,1.6,24.2,0.8,1.92,17.2,0.2,0.0,0.2,,,,,,,,,,,81.3,,55.55555555555556,20.5,6-3,205,75
1629622,Max Strus,MIA,6,17.3,6.0,2.7,0.8,2.2,5.3,1.5,4.0,0.2,0.5,october,2021-22,13.4,6.1,54.0,7.5,19.5,0.4,1.19,10.3,0.0,0.0,0.8,,,,,,,,,,,76.9,,75.47169811320755,17.3,6-5,215,77
1630530,Trey Murphy III,NOP,7,21.5,5.9,2.1,0.7,1.9,4.9,1.6,3.9,0.6,0.7,october,2021-22,11.0,5.1,56.6,3.6,17.3,0.5,1.74,12.4,0.1,0.0,0.3,6.6,20.1,16.5,2.1,,23.4,9.4,8.3,7.1,3.2,82.4,,79.59183673469387,21.5,6-8,206,80
201980,Danny Green,PHI,6,24.1,5.8,2.7,0.7,2.0,4.8,1.8,4.7,0.0,0.0,october,2021-22,10.4,3.7,60.3,4.8,26.0,0.6,1.5,12.5,0.2,0.0,0.2,,,,,,,,,,,68.4,,97.91666666666667,24.1,6-6,215,78
202357,Nemanja Bjelica,GSW,6,15.6,5.8,5.7,1.8,2.3,5.0,0.3,1.2,0.8,1.0,october,2021-22,17.5,17.7,53.6,14.3,31.7,1.1,2.13,17.3,1.3,1.5,2.8,,,,,,,,,,,58.3,,24.0,15.6,6-9,234,81
202324,Derrick Favors,OKC,5,17.0,5.8,5.4,0.4,2.6,5.6,0.0,0.0,0.6,0.8,october,2021-22,15.7,3.4,48.7,8.3,23.6,0.5,1.24,16.8,2.8,0.4,5.2,,,,,,,,,,,53.3,,0.0,17.0,6-9,265,81
1630529,Herbert Jones,NOP,7,25.1,5.7,2.3,1.7,2.6,5.1,0.1,0.7,0.4,0.7,october,2021-22,11.5,8.5,52.4,2.9,26.3,0.9,2.0,16.4,1.0,0.1,3.0,,22.4,10.8,,,37.7,6.3,5.4,,,66.7,,13.725490196078432,25.1,6-7,206,79
1626204,Larry Nance Jr.,NOP,6,17.8,5.7,5.2,1.0,2.5,4.2,0.5,1.2,0.2,0.3,october,2021-22,12.1,7.2,65.7,9.6,26.0,0.8,1.85,13.3,1.8,0.7,2.3,,20.3,,,,36.7,,22.8,,,50.0,,28.57142857142857,17.8,6-7,245,79
1626220,Royce O'Neale,UTA,6,30.1,5.7,4.2,1.7,2.3,5.2,1.0,3.3,0.0,0.0,october,2021-22,8.3,7.1,54.8,6.2,54.5,1.5,1.65,24.5,0.8,0.0,1.2,,26.0,8.3,2.7,,43.8,3.9,,3.6,,61.5,,63.46153846153846,30.1,6-5,226,77
1630559,Austin Reaves,LAL,6,19.8,5.5,1.5,1.0,2.0,3.7,0.8,2.2,0.7,0.7,october,2021-22,10.5,6.0,69.4,4.7,22.3,0.9,2.39,12.5,0.7,0.0,0.7,13.5,15.8,35.6,,,14.0,5.6,,5.6,,55.6,,59.45945945945946,19.8,6-5,197,77
1629750,Javonte Green,CHI,6,16.9,5.3,2.7,0.7,1.8,2.5,0.5,0.8,1.2,1.3,october,2021-22,8.8,5.8,86.4,9.5,13.2,0.3,1.18,6.3,0.3,0.0,1.2,,23.5,,3.7,,41.2,,14.7,,4.8,50.0,,32.0,16.9,6-5,205,77
1630165,Killian Hayes,DET,6,23.6,5.3,2.5,2.8,1.8,7.2,0.7,2.3,1.0,1.0,october,2021-22,17.1,18.9,35.1,3.2,59.3,4.3,4.32,20.3,0.5,0.0,0.5,,,,,,,,,,,70.6,,31.944444444444443,23.6,6-5,195,77
203496,Robert Covington,LAC,6,28.4,5.3,5.3,0.2,1.8,5.3,1.7,4.8,0.0,0.0,october,2021-22,9.0,0.7,50.0,5.0,37.0,0.8,1.32,15.5,0.7,0.0,0.5,,,,,,,,,,,51.7,,90.56603773584906,28.4,6-7,209,79
203083,Andre Drummond,BKN,5,15.8,5.2,9.0,1.6,2.2,4.0,0.0,0.2,0.8,1.0,october,2021-22,18.5,12.7,58.6,14.5,25.2,0.8,1.83,14.8,1.8,0.6,4.8,,5.2,,7.9,,17.0,,16.6,,38.9,36.4,,5.0,15.8,6-10,279,82
1629013,Landry Shamet,PHX,5,17.5,5.2,2.2,0.8,1.8,4.4,1.2,3.0,0.4,0.8,october,2021-22,12.8,7.3,54.7,4.0,20.2,0.7,1.95,13.8,0.4,0.0,0.4,,22.7,,,,51.6,10.2,,,,80.0,,68.18181818181817,17.5,6-4,190,76
1629680,Matisse Thybulle,PHI,6,21.5,5.2,2.3,1.5,2.2,4.2,0.5,1.7,0.3,0.3,october,2021-22,10.1,8.8,59.9,9.0,20.7,0.5,1.41,12.3,0.2,0.0,2.2,,,,,,,,,,,47.8,,40.476190476190474,21.5,6-5,201,77
203648,Thanasis Antetokounmpo,MIL,7,18.4,5.1,5.1,1.4,2.3,5.1,0.0,0.4,0.6,0.7,october,2021-22,14.5,11.6,47.1,7.7,25.6,0.8,1.81,12.7,0.6,0.4,5.4,,,,,,,,,,,55.0,,7.843137254901962,18.4,6-6,219,78
200782,P.J. Tucker,MIA,6,26.5,5.0,5.3,1.3,1.8,4.8,1.0,3.0,0.3,0.5,october,2021-22,8.4,6.6,49.5,6.2,25.8,0.6,1.32,13.3,0.7,0.0,1.5,,,,,,,,,,,69.2,,62.5,26.5,6-5,245,77
201933,Blake Griffin,BKN,6,20.0,4.8,4.8,0.7,1.7,5.8,0.3,2.8,1.2,1.5,october,2021-22,15.5,4.9,37.2,4.9,28.7,0.8,1.62,15.5,1.3,1.0,2.0,,,,,,,,,,,60.0,,48.275862068965516,20.0,6-9,250,81
1628989,Kevin Huerter,ATL,6,20.4,4.8,3.0,2.5,2.0,7.0,0.5,3.3,0.3,0.3,october,2021-22,16.3,15.0,33.8,4.2,27.0,1.3,2.95,18.2,0.2,0.0,0.5,,22.8,11.3,,,36.6,6.3,8.2,4.0,3.3,76.9,,47.14285714285714,20.4,6-7,198,79
1629052,Oshae Brissett,IND,6,15.8,4.8,3.0,0.5,2.0,4.7,0.7,2.3,0.2,0.5,october,2021-22,15.9,4.8,49.5,4.6,22.0,0.5,1.5,12.8,0.3,0.0,0.8,,,,,,,,,,,64.7,,48.93617021276595,15.8,6-7,210,79
202340,Avery Bradley,LAL,6,16.9,4.7,1.3,0.2,1.8,3.8,1.0,2.3,0.0,0.0,october,2021-22,10.4,1.4,60.9,3.9,17.8,0.4,1.36,12.0,0.0,0.0,1.2,,,,,,,,,,,63.6,,60.526315789473685,16.9,6-3,180,75
1630166,Deni Avdija,WAS,6,20.0,4.7,5.2,1.2,1.3,4.3,0.5,2.0,1.5,2.0,october,2021-22,12.2,8.0,44.8,7.2,27.2,1.0,2.11,11.3,0.5,0.0,1.0,14.0,18.1,26.9,,3.1,19.0,4.8,4.0,4.7,1.7,50.0,,46.51162790697674,20.0,6-9,210,81
1628408,PJ Dozier,DEN,6,17.5,4.7,3.0,1.3,1.8,4.3,0.8,2.2,0.2,0.5,october,2021-22,12.6,11.1,51.2,7.2,28.2,1.2,2.5,17.7,1.0,0.0,1.3,,,,,,,,,,,80.0,,51.162790697674424,17.5,6-6,205,78
1629020,Jarred Vanderbilt,MIN,5,16.6,4.4,6.0,1.0,1.8,2.8,0.0,0.0,0.8,1.0,october,2021-22,9.8,10.2,67.9,13.1,21.4,0.5,1.4,7.8,0.6,0.2,4.0,,18.0,,,,32.3,,16.9,,14.3,46.2,,0.0,16.6,6-9,214,81
2730,Dwight Howard,LAL,6,15.2,4.3,4.0,0.5,1.3,1.8,0.2,0.2,1.5,1.8,october,2021-22,9.3,4.1,82.1,10.1,20.2,0.4,1.27,8.2,2.0,0.2,3.7,,,,,,,,,,,81.0,,11.111111111111112,15.2,6-10,265,82
1629672,Eric Paschall,UTA,6,15.9,4.3,3.0,0.8,1.5,3.5,0.8,2.3,0.5,0.8,october,2021-22,11.3,8.2,56.0,8.0,26.0,0.7,1.53,13.5,0.5,0.0,1.2,,,,,,,,,,,66.7,,65.71428571428571,15.9,6-6,255,78
1630533,Ziaire Williams,MEM,6,17.7,4.3,1.5,0.7,1.5,4.8,1.0,3.7,0.3,0.3,october,2021-22,14.1,5.1,43.5,1.5,15.3,0.3,1.35,11.5,0.2,0.0,0.7,,22.1,3.7,,,48.3,9.7,6.0,,,62.5,,77.08333333333334,17.7,6-9,185,81
2738,Andre Iguodala,GSW,5,21.7,4.2,5.4,2.4,1.6,4.0,0.6,2.4,0.4,0.8,october,2021-22,10.2,15.8,48.3,11.4,36.2,1.8,2.96,16.8,1.0,0.0,2.4,,,,,,,,,,,50.0,,60.0,21.7,6-6,215,78
1629620,Justin Robinson,DET,7,16.0,4.1,1.0,1.0,1.6,4.0,0.7,2.4,0.3,0.3,october,2021-22,13.9,10.1,50.2,3.8,29.7,2.0,4.03,9.4,0.0,0.0,0.3,,,,,,,,,,,76.9,,60.0,16.0,6-1,195,73
1630267,Facundo Campazzo,DEN,6,18.2,3.8,2.7,2.2,1.2,3.3,0.5,2.0,1.0,1.3,october,2021-22,12.0,18.6,48.9,7.5,40.7,3.0,4.43,12.8,0.3,0.0,0.3,,,,,,,,,,,66.7,,60.60606060606061,18.2,5-10,195,70
203090,Maurice Harkless,SAC,5,22.0,3.8,3.6,0.6,1.4,4.0,0.4,2.4,0.6,0.6,october,2021-22,9.4,3.4,44.6,3.3,26.2,0.8,1.87,13.2,0.4,0.4,0.6,,,,,,,,,,,57.9,,60.0,22.0,6-7,220,79
1630202,Payton Pritchard,BOS,5,15.0,3.4,3.0,2.0,1.2,4.0,1.0,3.2,0.0,0.0,october,2021-22,12.2,20.4,42.5,4.6,29.4,1.7,3.49,12.4,0.6,0.0,0.4,12.8,16.2,25.6,1.9,,26.2,6.4,,5.1,1.8,53.3,,80.0,15.0,6-1,195,73
1630183,Jaden McDaniels,MIN,5,28.4,3.2,5.4,0.8,1.4,4.8,0.4,2.8,0.0,0.0,october,2021-22,8.3,3.8,33.3,3.4,33.2,0.7,1.35,10.8,0.4,0.0,2.0,2.3,27.6,10.3,,,36.8,5.2,5.0,3.2,3.9,58.8,,58.333333333333336,28.4,6-9,185,81
1628975,Jevon Carter,MIL,7,17.5,2.0,1.7,1.3,0.7,3.6,0.6,2.6,0.0,0.0,october,2021-22,10.1,10.8,28.0,1.4,24.3,1.2,3.03,8.9,0.1,0.0,0.3,,21.5,17.2,,,45.2,,,,,66.7,,72.22222222222221,17.5,6-1,200,73
201142,Kevin Durant,BKN,13,36.6,29.0,6.8,5.7,10.2,19.8,2.0,5.1,6.5,7.3,november,2021-22,30.6,26.1,63.1,17.6,67.6,3.9,3.48,41.0,3.1,3.9,2.8,20.8,13.5,18.4,1.7,7.3,15.2,7.5,2.3,7.5,1.1,58.1,,25.757575757575758,36.6,6-10,240,82
203999,Nikola Jokić,DEN,9,34.0,27.7,12.9,7.0,10.4,17.8,1.7,4.1,5.1,6.8,november,2021-22,30.4,36.0,66.6,23.5,100.0,4.1,2.49,59.4,6.6,8.9,7.9,5.3,10.1,9.7,13.0,22.8,9.0,,7.3,5.3,9.3,52.9,,23.033707865168537,34.0,6-11,284,83
2544,LeBron James,LAL,6,36.7,27.5,4.7,7.2,10.3,19.7,2.8,8.0,4.0,5.3,november,2021-22,29.6,31.6,62.5,15.5,89.7,6.8,4.57,37.8,2.0,4.7,2.3,12.8,24.5,12.5,3.1,12.1,12.6,,5.7,7.5,1.9,59.3,,40.609137055837564,36.7,6-9,250,81
201939,Stephen Curry,GSW,14,34.0,27.4,4.9,6.6,9.2,19.8,5.5,13.0,3.5,3.8,november,2021-22,29.2,31.0,63.9,18.5,77.0,5.3,4.14,32.5,0.7,0.0,1.4,10.1,13.8,21.1,,,11.6,12.0,7.0,18.0,1.3,58.0,,65.65656565656566,34.0,6-2,185,74
1629027,Trae Young,ATL,15,33.8,27.4,3.9,8.7,9.3,19.5,3.1,7.4,5.6,6.3,november,2021-22,33.6,41.1,61.6,16.0,84.1,8.5,6.09,26.9,0.2,0.0,0.8,12.0,20.4,39.3,,,8.4,10.5,,,,64.4,,37.948717948717956,33.8,6-1,164,73
1629029,Luka Dončić,DAL,10,35.9,27.3,8.0,8.7,9.9,22.2,3.6,9.3,3.9,6.1,november,2021-22,35.9,45.1,54.9,16.4,94.1,9.7,6.21,32.4,0.6,4.0,1.2,16.0,14.3,36.3,,7.6,8.7,2.3,1.3,7.4,1.7,63.2,,41.891891891891895,35.9,6-7,230,79
203507,Giannis Antetokounmpo,MIL,13,32.6,26.8,12.2,5.8,9.4,17.9,1.1,4.0,7.0,10.7,november,2021-22,33.3,29.5,59.3,21.5,69.7,4.4,3.76,35.2,5.2,4.4,6.1,10.9,26.0,7.7,6.4,20.2,6.1,,7.9,,8.9,39.5,,22.346368715083802,32.6,6-11,242,83
201942,DeMar DeRozan,CHI,16,35.1,26.8,5.1,4.1,9.4,18.7,0.9,2.8,6.9,7.7,november,2021-22,29.3,19.1,60.6,15.5,59.2,5.0,5.03,34.5,1.3,1.6,1.4,19.9,10.0,17.6,1.7,12.0,19.1,6.1,3.9,4.6,1.7,57.4,,14.973262032085561,35.1,6-6,220,78
202331,Paul George,LAC,16,36.2,25.4,7.1,5.6,9.1,22.1,2.7,8.5,4.6,5.0,november,2021-22,34.3,28.1,52.2,13.4,77.4,5.3,4.13,37.3,2.1,2.2,1.4,18.4,12.4,14.2,,5.5,22.9,3.2,,12.4,,57.8,,38.46153846153846,36.2,6-8,220,80
203897,Zach LaVine,CHI,16,35.0,25.3,5.2,3.4,9.7,19.8,3.0,7.9,2.9,3.6,november,2021-22,29.8,16.9,59.1,13.2,62.9,4.3,4.09,34.9,0.7,0.3,1.1,9.3,23.5,19.5,4.0,,22.7,6.3,3.4,8.5,,60.7,,39.8989898989899,35.0,6-5,200,77
203954,Joel Embiid,PHI,5,34.7,25.0,12.2,4.2,7.8,18.2,1.6,3.2,7.8,11.0,november,2021-22,35.0,21.9,54.3,16.8,74.0,3.2,2.61,54.6,3.8,8.0,4.4,12.3,7.0,,22.0,21.7,12.9,2.3,6.6,1.8,7.1,66.7,,17.582417582417584,34.7,7-0,280,84
203076,Anthony Davis,LAL,15,35.5,24.1,9.3,3.3,9.5,17.9,0.4,1.9,4.6,6.4,november,2021-22,26.7,16.6,58.2,16.4,72.5,2.9,2.38,46.7,6.9,7.7,9.9,11.5,10.3,5.8,19.3,12.5,9.8,,8.8,,14.5,60.2,,10.614525139664805,35.5,6-10,253,82
1626164,Devin Booker,PHX,16,32.0,23.4,5.0,4.1,8.6,18.3,2.6,6.0,3.6,4.2,november,2021-22,30.8,19.2,58.3,13.1,50.0,3.6,4.31,30.5,1.6,0.8,1.5,14.0,15.7,33.1,1.8,3.8,9.5,7.5,1.6,7.5,1.7,58.0,,32.78688524590164,32.0,6-5,206,77
1628369,Jayson Tatum,BOS,15,35.6,23.3,8.3,3.7,8.1,20.5,2.7,8.1,4.5,5.5,november,2021-22,30.9,18.0,50.8,13.2,72.3,4.3,3.59,42.4,2.2,2.5,1.8,,,,,,,,,,,51.4,,39.512195121951216,35.6,6-8,210,80
1628378,Donovan Mitchell,UTA,14,32.3,23.3,4.4,5.2,9.0,20.1,2.9,8.7,2.4,2.9,november,2021-22,31.9,26.4,54.4,13.1,70.9,5.7,4.86,29.1,0.6,0.1,0.9,11.4,22.8,34.1,1.5,,11.4,6.9,1.9,3.8,1.6,80.0,,43.28358208955223,32.3,6-1,215,73
1626157,Karl-Anthony Towns,MIN,16,34.5,22.9,9.4,3.1,8.3,16.4,2.5,5.9,3.8,5.0,november,2021-22,26.2,15.2,61.7,15.0,65.6,2.4,2.19,47.1,3.6,5.4,4.7,10.0,15.2,1.6,13.8,11.1,19.9,1.9,5.9,2.3,12.6,60.9,,35.97560975609756,34.5,6-11,248,83
203081,Damian Lillard,POR,14,36.9,22.8,4.1,7.6,7.7,18.5,3.0,9.0,4.4,4.9,november,2021-22,26.7,31.1,55.2,12.6,80.6,6.9,5.16,32.6,0.5,0.1,0.7,,,,,,,,,,,57.1,,48.64864864864865,36.9,6-2,195,74
202710,Jimmy Butler III,MIA,11,34.2,22.6,5.2,5.2,7.4,14.4,0.3,2.0,7.6,9.2,november,2021-22,26.5,28.1,61.5,17.9,68.6,4.9,4.31,41.0,2.7,4.0,6.5,17.7,17.2,13.1,2.7,6.1,14.0,1.7,12.1,2.4,7.9,74.4,,13.88888888888889,34.2,6-7,230,79
203078,Bradley Beal,WAS,13,35.5,22.4,4.6,6.5,8.7,18.3,1.8,5.9,3.2,3.7,november,2021-22,29.5,30.8,56.2,12.2,71.3,4.6,3.89,45.2,1.0,0.2,1.0,,,21.3,,,24.6,,,,,59.4,,32.240437158469945,35.5,6-4,207,76
201935,James Harden,PHI,14,36.6,22.1,8.1,9.7,6.2,14.6,2.6,7.5,7.1,7.8,november,2021-22,27.1,38.9,61.3,16.2,92.8,9.2,5.92,30.9,0.1,0.4,1.1,42.5,13.1,25.0,,1.3,7.5,4.6,,,,62.9,,51.369863013698634,36.6,6-5,220,77
1629630,Ja Morant,MEM,13,31.3,22.0,5.8,6.4,8.2,18.2,1.3,3.9,4.2,5.7,november,2021-22,30.5,32.5,53.2,15.0,72.7,7.0,5.75,25.9,1.0,0.0,1.7,14.1,19.6,40.4,,,11.0,5.0,2.4,,,55.7,,21.42857142857143,31.3,6-3,174,75
1628384,OG Anunoby,TOR,8,38.7,22.0,5.3,2.6,8.5,18.3,2.6,7.0,2.4,3.0,november,2021-22,23.6,10.7,56.2,9.9,56.6,2.8,2.97,36.0,1.1,3.5,3.0,5.9,22.4,5.9,3.0,2.8,38.2,4.8,5.3,3.4,4.4,61.3,,38.25136612021858,38.7,6-7,232,79
201566,Russell Westbrook,LAL,16,36.4,21.8,8.0,8.5,7.6,17.1,1.5,4.6,5.0,6.9,november,2021-22,28.2,38.1,54.1,14.3,88.1,7.3,4.98,33.6,0.8,1.0,2.4,13.4,18.3,25.8,,5.1,26.7,,2.2,,2.8,67.6,,26.90058479532163,36.4,6-3,200,75
1630162,Anthony Edwards,MIN,16,36.6,21.7,6.1,3.8,8.1,18.4,3.0,8.5,2.4,3.4,november,2021-22,26.4,16.5,54.4,11.6,69.3,4.9,4.21,36.5,0.8,0.3,1.4,23.4,15.7,23.5,,4.9,12.9,7.3,2.0,4.8,1.2,62.0,,46.19565217391305,36.6,6-4,225,76
1629639,Tyler Herro,MIA,12,34.9,21.7,5.3,3.3,8.3,18.4,3.0,7.5,2.0,2.3,november,2021-22,27.5,16.3,55.8,12.3,68.5,4.8,4.17,32.2,0.7,0.0,1.3,13.3,27.7,13.9,,,32.4,,,5.8,,59.6,,40.7608695652174,34.9,6-5,195,77
204001,Kristaps Porziņģis,WAS,11,31.8,21.5,8.4,2.3,7.7,15.9,1.8,5.5,4.3,4.7,november,2021-22,26.5,12.4,59.9,15.5,52.9,1.4,1.62,35.4,3.1,5.0,6.3,,14.6,,11.3,24.3,17.4,,7.7,10.5,6.1,67.2,,34.59119496855346,31.8,7-3,240,87
1627832,Fred VanVleet,TOR,14,38.3,21.3,5.3,5.9,7.5,16.6,3.4,8.4,2.9,3.1,november,2021-22,23.2,23.8,59.3,13.0,82.2,6.7,4.91,35.4,0.3,0.0,0.6,,,,,,,,,,,62.2,,50.602409638554214,38.3,6-1,197,73
1630175,Cole Anthony,ORL,9,34.8,21.1,6.2,6.3,7.0,17.6,2.9,8.7,4.2,4.8,november,2021-22,27.4,32.0,53.7,14.2,86.2,7.4,5.15,27.6,0.1,0.0,0.8,6.9,14.7,51.8,,,14.3,,,,,63.9,,49.43181818181817,34.8,6-3,185,75
1628368,De'Aaron Fox,SAC,16,34.1,20.7,3.0,5.3,7.6,16.9,1.2,3.8,4.3,5.4,november,2021-22,27.1,24.6,53.7,10.1,77.9,6.0,4.59,28.8,0.2,0.1,0.5,10.1,22.8,29.1,,,18.1,6.4,2.0,3.7,1.7,68.8,,22.485207100591715,34.1,6-3,185,75
203924,Jerami Grant,DET,15,32.9,20.6,4.4,2.5,6.7,16.1,2.0,5.9,5.1,6.1,november,2021-22,26.6,15.0,55.0,12.3,64.9,2.7,2.46,42.7,1.1,2.0,2.2,10.7,16.2,13.9,2.2,2.0,35.4,4.8,4.6,4.2,2.4,55.9,,36.64596273291925,32.9,6-8,210,80
1629636,Darius Garland,CLE,14,35.7,20.5,2.6,6.8,7.8,16.9,2.6,7.4,2.3,2.7,november,2021-22,25.9,31.0,56.8,11.2,81.5,6.6,4.86,37.4,1.0,0.0,0.9,6.7,16.2,41.8,,,17.1,5.4,3.1,2.9,,71.4,,43.786982248520715,35.7,6-1,192,73
1629673,Jordan Poole,GSW,15,31.5,20.3,3.3,3.1,7.0,14.7,3.4,9.1,2.9,3.2,november,2021-22,24.9,14.9,63.0,11.1,59.5,3.4,3.4,32.8,0.3,0.0,0.6,7.9,19.9,30.6,,,14.3,12.9,,5.4,,60.0,,61.904761904761905,31.5,6-4,194,76
202699,Tobias Harris,PHI,7,35.2,20.3,7.9,3.7,7.7,17.7,1.3,4.0,3.6,4.4,november,2021-22,26.9,18.3,51.6,12.6,75.3,3.7,2.91,42.4,0.3,3.3,1.7,4.2,17.9,6.8,,14.6,31.8,,6.3,3.0,6.3,62.8,,22.598870056497177,35.2,6-7,226,79
1628374,Lauri Markkanen,CLE,5,33.5,20.2,8.0,0.6,7.2,15.4,3.2,8.2,2.6,2.8,november,2021-22,21.5,2.6,60.7,12.7,52.6,1.7,1.9,34.8,0.8,2.2,4.8,4.0,15.6,3.0,8.3,5.7,12.8,7.5,10.6,20.7,7.0,50.0,,53.246753246753244,33.5,6-11,240,83
1626156,D'Angelo Russell,MIN,14,33.0,20.1,3.9,6.5,6.9,16.9,3.1,8.9,3.1,3.8,november,2021-22,26.0,30.2,54.2,13.6,83.1,6.1,4.42,36.6,0.6,0.1,0.9,8.7,15.5,36.2,,,20.8,7.9,,,,69.3,,52.662721893491124,33.0,6-4,193,76
1627749,Dejounte Murray,SAS,13,34.4,19.7,8.5,7.7,8.2,18.2,1.2,3.8,2.1,2.9,november,2021-22,26.5,32.7,50.6,15.1,85.9,6.8,4.75,30.1,0.6,0.0,1.2,,,,,,,,,,,58.9,,20.87912087912088,34.4,6-4,180,76
1630163,LaMelo Ball,CHA,16,34.6,19.6,8.6,9.1,7.1,17.1,2.6,7.1,2.9,3.3,november,2021-22,25.6,36.9,52.8,14.3,91.6,6.3,4.16,34.7,0.3,0.0,1.9,12.2,12.8,39.4,1.6,,19.4,6.5,,1.7,2.0,57.7,,41.5204678362573,34.6,6-7,180,79
1627763,Malcolm Brogdon,IND,13,34.7,19.6,5.4,5.5,7.0,15.1,2.2,6.4,3.4,4.0,november,2021-22,23.6,24.8,58.3,14.0,82.8,5.9,4.29,38.4,0.3,0.0,0.8,,,,,,,,,,,55.3,,42.384105960264904,34.7,6-5,229,77
1627759,Jaylen Brown,BOS,7,28.0,19.6,4.6,2.0,6.9,14.9,2.6,6.3,3.3,4.3,november,2021-22,27.8,14.0,58.4,13.8,47.3,2.4,3.07,26.6,1.1,1.4,1.1,20.6,20.4,22.2,1.8,4.7,13.0,4.1,1.1,7.4,1.8,76.7,,42.281879194630875,28.0,6-6,223,78
203952,Andrew Wiggins,GSW,15,30.4,19.5,4.5,1.6,7.2,14.3,1.8,5.0,3.3,4.5,november,2021-22,25.3,8.4,59.8,11.8,44.9,2.2,2.97,31.9,0.3,1.5,3.3,10.9,22.1,7.6,,6.8,32.5,2.0,3.8,2.5,7.8,55.3,,34.96503496503497,30.4,6-7,197,79
1630178,Tyrese Maxey,PHI,15,37.3,19.4,3.8,5.7,7.1,15.1,1.3,3.3,3.8,4.3,november,2021-22,21.3,24.5,57.1,12.0,87.1,7.3,5.04,31.3,0.1,0.0,0.3,14.5,21.9,26.2,1.3,1.4,14.3,6.7,3.0,5.4,,61.3,,21.85430463576159,37.3,6-2,200,74
1628983,Shai Gilgeous-Alexander,OKC,12,35.5,19.3,5.3,5.0,6.8,17.6,2.0,6.7,3.7,4.8,november,2021-22,26.3,23.4,49.1,10.6,77.8,7.5,5.78,26.3,0.3,0.2,0.7,26.3,14.1,37.3,,4.7,6.2,2.1,3.3,1.6,,47.5,,38.06818181818182,35.5,6-6,180,78
202685,Jonas Valančiūnas,NOP,16,30.4,19.3,11.5,2.3,7.5,14.4,1.7,3.1,2.6,3.1,november,2021-22,25.5,14.3,61.1,16.8,69.2,2.1,1.86,45.4,3.6,6.0,8.2,,,,22.1,29.7,4.2,,13.7,,16.0,60.8,,21.52777777777778,30.4,6-11,265,83
1629018,Gary Trent Jr.,TOR,13,36.0,19.3,2.8,1.9,7.2,15.8,3.0,7.8,1.8,1.8,november,2021-22,20.7,8.3,58.2,9.3,40.2,1.8,2.74,27.6,0.3,0.1,0.8,,18.3,6.4,,,48.6,9.0,,6.8,,76.2,,49.36708860759494,36.0,6-5,209,77
203468,CJ McCollum,NOP,16,36.4,19.3,4.5,4.9,7.6,18.1,2.9,7.6,1.3,1.8,november,2021-22,24.2,21.4,50.9,9.7,63.4,4.7,4.47,33.9,0.9,0.0,1.1,8.8,18.2,31.4,,,17.8,9.7,,6.3,,57.1,,41.98895027624309,36.4,6-3,190,75
1627742,Brandon Ingram,NOP,10,33.0,19.2,5.9,4.1,6.7,16.7,1.2,4.1,4.6,5.2,november,2021-22,29.8,21.2,50.6,10.9,61.1,3.8,3.73,42.3,1.9,0.6,1.8,13.8,16.6,16.2,,7.7,18.3,5.8,4.3,12.1,2.4,65.7,,24.550898203592812,33.0,6-8,190,80
1626179,Terry Rozier,CHA,16,33.2,19.2,3.8,3.3,7.3,16.5,2.8,7.7,1.9,2.3,november,2021-22,22.9,15.9,54.8,10.9,66.6,4.2,3.79,33.7,0.4,0.0,0.9,,,,,,,,,,,66.1,,46.666666666666664,33.2,6-1,190,73
1629652,Luguentz Dort,OKC,13,32.9,19.2,4.6,1.7,6.8,15.0,2.8,8.2,2.8,3.3,november,2021-22,22.8,9.3,58.2,9.8,42.7,2.0,2.82,27.7,0.4,0.2,1.4,,15.0,,5.5,,61.5,,4.0,,,52.0,,54.666666666666664,32.9,6-3,215,75
1628386,Jarrett Allen,CLE,11,35.3,19.0,12.8,2.4,7.5,11.1,0.1,0.3,3.8,5.7,november,2021-22,19.3,10.4,69.8,17.1,59.6,1.6,1.6,33.5,6.6,3.1,15.4,,13.6,,20.9,7.8,4.1,,33.1,,9.2,49.4,,2.7027027027027026,35.3,6-10,243,82
203944,Julius Randle,NYK,15,34.4,18.9,9.7,4.6,6.9,16.3,1.7,5.4,3.4,4.7,november,2021-22,27.1,24.5,51.3,12.6,72.9,4.3,3.51,43.5,1.5,5.5,2.3,15.8,16.5,9.4,7.3,10.1,21.1,2.4,5.0,3.2,5.4,51.5,,33.128834355828225,34.4,6-8,250,80
202704,Reggie Jackson,LAC,16,33.5,18.7,3.5,3.7,7.1,16.4,3.0,8.3,1.6,1.9,november,2021-22,25.3,18.2,54.0,9.8,62.4,5.1,4.9,24.9,0.3,0.1,0.8,,,,,,,,,,,51.3,,50.60975609756099,33.5,6-2,208,74
1628415,Dillon Brooks,MEM,8,25.7,18.4,3.6,2.1,6.5,16.1,1.6,5.3,3.8,4.1,november,2021-22,31.3,12.2,51.2,9.0,41.5,2.0,2.96,29.9,0.8,0.5,0.5,9.3,14.6,19.9,1.5,9.9,31.8,2.8,1.7,2.8,2.4,56.3,,32.919254658385086,25.7,6-7,225,79
203471,Dennis Schröder,HOU,14,33.2,18.3,4.0,4.1,7.1,15.4,1.4,4.4,2.8,2.9,november,2021-22,25.6,22.0,54.9,10.7,74.9,6.3,5.04,32.1,0.3,0.0,0.4,14.8,11.2,36.6,,,23.1,5.2,,,,69.1,,28.571428571428577,33.2,6-1,172,73
1628389,Bam Adebayo,MIA,13,33.4,18.0,8.7,3.8,6.8,13.3,0.0,0.1,4.3,6.0,november,2021-22,24.8,19.1,56.4,12.4,64.8,2.6,2.41,41.6,5.5,3.6,8.3,8.0,20.2,,9.1,11.3,30.1,,7.1,2.4,6.5,65.1,,0.7518796992481203,33.4,6-9,255,81
1627783,Pascal Siakam,TOR,11,33.0,17.9,7.1,3.7,6.6,14.4,1.3,3.9,3.4,4.5,november,2021-22,24.0,18.2,54.9,11.6,55.7,2.8,3.07,31.7,2.4,2.5,2.9,13.3,20.6,13.9,6.5,11.3,16.2,3.0,3.2,4.0,5.0,58.5,,27.083333333333332,33.0,6-8,230,80
1626181,Norman Powell,LAC,14,29.9,17.7,2.2,1.6,6.2,12.0,1.9,4.2,3.4,4.2,november,2021-22,21.6,8.0,63.9,9.4,29.1,1.2,2.44,21.4,0.4,0.0,0.6,10.9,24.6,11.3,,,32.5,3.8,1.5,10.9,,61.5,,35.0,29.9,6-3,215,75
1628970,Miles Bridges,CHA,16,36.6,17.7,7.3,3.4,6.6,15.4,1.8,6.0,2.8,3.9,november,2021-22,21.2,13.3,51.8,9.9,60.1,2.2,2.16,37.9,2.3,1.5,3.9,9.0,16.5,14.9,7.4,4.9,29.8,7.2,3.2,,2.1,55.0,,38.961038961038966,36.6,6-7,225,79
202711,Bojan Bogdanovic,UTA,15,30.2,17.2,3.8,2.1,5.7,11.9,2.7,6.2,3.2,3.5,november,2021-22,21.5,9.8,63.8,10.9,39.0,1.3,2.06,27.3,0.5,1.3,1.3,,,,,,,,,,,62.0,,52.10084033613446,30.2,6-7,226,79
1629028,Deandre Ayton,PHX,10,30.7,17.1,11.5,1.2,8.1,12.7,0.0,0.1,0.9,1.6,november,2021-22,22.4,6.0,63.8,14.4,45.9,1.2,1.56,24.3,4.3,3.2,13.5,,9.8,,28.6,9.5,2.9,,26.3,,13.6,53.6,,0.7874015748031498,30.7,6-11,250,83
203084,Harrison Barnes,SAC,13,33.9,17.0,5.7,2.3,4.9,10.4,1.3,3.8,5.8,6.9,november,2021-22,19.7,9.8,63.3,10.7,48.9,2.0,2.39,28.5,0.4,0.8,2.2,8.0,18.8,3.3,5.0,2.5,43.8,4.8,,4.8,,62.5,,36.53846153846153,33.9,6-8,225,80
202330,Gordon Hayward,CHA,16,33.4,16.8,5.2,3.0,5.9,13.3,1.6,4.4,3.5,4.1,november,2021-22,20.5,13.2,55.8,10.2,55.3,2.1,2.31,35.1,1.5,0.9,2.6,,,,,,,,,,,63.9,,33.08270676691729,33.4,6-7,225,79
1628381,John Collins,ATL,15,33.3,16.8,7.2,2.1,6.1,11.3,1.1,2.9,3.5,4.2,november,2021-22,18.3,8.7,63.7,12.1,54.9,1.5,1.59,29.0,2.0,2.5,5.1,,18.7,,6.3,9.1,33.6,2.3,10.3,,9.8,53.7,,25.663716814159287,33.3,6-9,226,81
203552,Seth Curry,BKN,13,35.1,16.6,3.2,2.9,6.0,12.5,2.0,5.8,2.6,2.8,november,2021-22,19.5,13.2,60.4,8.7,57.9,2.9,2.98,42.5,0.1,0.0,0.3,,,,,,,,,,,77.6,,46.4,35.1,6-2,185,74
203115,Will Barton,DEN,12,34.4,16.6,5.8,4.6,6.3,14.5,2.8,7.1,1.1,1.5,november,2021-22,21.6,20.9,54.7,11.7,62.1,3.6,3.49,38.1,0.9,0.1,1.4,,,,,,,,,,,60.0,,48.96551724137931,34.4,6-5,181,77
1628991,Jaren Jackson Jr.,MEM,15,26.8,16.5,5.9,0.8,5.8,12.9,2.1,5.5,2.8,3.4,november,2021-22,24.3,4.7,57.6,11.0,35.1,1.2,1.97,22.7,1.7,1.9,3.1,11.1,15.3,2.1,9.7,19.8,26.4,1.5,3.4,,3.9,39.8,,42.63565891472868,26.8,6-11,242,83
1627741,Buddy Hield,IND,16,29.8,16.5,3.7,2.6,5.6,14.5,3.8,10.6,1.6,2.0,november,2021-22,22.9,13.7,53.6,9.1,51.7,2.0,2.37,29.5,0.3,0.0,0.7,,23.1,4.8,,,34.0,5.4,5.4,12.2,3.7,64.0,,73.10344827586206,29.8,6-4,220,76
1628973,Jalen Brunson,DAL,12,30.4,16.4,4.3,5.2,6.3,12.3,0.9,3.2,2.8,3.5,november,2021-22,22.3,26.5,59.5,13.1,64.8,5.8,5.37,21.6,0.0,0.1,0.5,14.4,14.3,36.0,,3.3,16.4,5.6,1.9,2.5,,76.7,,26.016260162601622,30.4,6-1,190,73
1626171,Bobby Portis,MIL,14,29.4,16.1,9.0,1.5,6.2,12.4,2.2,4.6,1.4,1.9,november,2021-22,21.2,8.0,60.7,13.5,46.1,1.3,1.73,25.4,1.4,2.0,5.1,3.2,11.0,,15.8,19.8,31.1,,6.6,,5.8,56.6,,37.096774193548384,29.4,6-10,250,82
1626174,Christian Wood,HOU,14,32.4,15.8,11.9,2.5,6.1,13.1,1.4,4.4,2.3,4.0,november,2021-22,21.4,12.7,53.2,13.6,61.8,2.4,2.3,34.3,2.9,2.1,5.9,,,,,,,,,,,51.4,,33.58778625954199,32.4,6-9,214,81
1627734,Domantas Sabonis,SAC,16,31.5,15.8,12.4,4.0,6.0,11.3,0.6,2.4,3.2,4.4,november,2021-22,21.7,19.3,59.8,15.8,66.7,2.1,1.93,38.9,5.1,3.1,10.5,,9.0,,28.5,13.1,9.0,,14.9,,10.9,49.0,,21.238938053097343,31.5,6-11,240,83
101108,Chris Paul,PHX,16,32.6,15.1,4.3,10.0,5.4,11.2,1.1,3.4,3.1,3.5,november,2021-22,20.1,39.6,59.2,15.3,76.3,7.6,6.0,22.2,0.1,0.1,0.3,,,43.8,,,15.6,,,,,66.2,,30.35714285714286,32.6,6-0,175,72
1630596,Evan Mobley,CLE,10,35.1,15.0,8.3,2.4,6.1,12.6,0.8,2.5,2.0,2.8,november,2021-22,20.4,11.3,54.2,11.8,59.8,1.9,1.93,34.2,3.9,3.2,6.7,4.7,16.0,9.5,14.3,8.0,17.9,1.6,13.8,2.7,6.5,51.3,,19.841269841269842,35.1,6-11,215,83
201950,Jrue Holiday,MIL,13,31.9,14.9,4.9,6.3,6.1,14.8,1.5,5.4,1.2,1.8,november,2021-22,24.2,28.3,47.8,10.6,68.4,5.9,5.14,22.5,0.4,1.4,1.5,10.1,20.5,26.3,,3.6,20.5,,4.3,,,60.9,,36.486486486486484,31.9,6-3,205,75
203903,Jordan Clarkson,UTA,15,24.9,14.9,3.2,2.4,5.2,13.5,2.9,8.9,1.6,2.1,november,2021-22,26.1,14.8,51.4,9.4,34.9,2.0,3.5,22.7,0.3,0.2,0.6,5.2,25.6,12.3,,,36.0,7.8,4.2,,3.9,65.2,,65.92592592592594,24.9,6-4,194,76
1626149,Montrezl Harrell,CHA,15,25.2,14.9,7.5,2.5,5.6,8.5,0.1,0.1,3.6,4.7,november,2021-22,20.9,15.9,70.2,17.7,43.5,1.5,2.01,29.4,2.9,2.5,7.5,,,,,,,,,,,56.4,,1.1764705882352942,25.2,6-7,240,79
1630217,Desmond Bane,MEM,15,28.6,14.8,4.0,1.8,5.7,12.3,2.2,5.9,1.1,1.3,november,2021-22,20.3,9.5,57.7,8.8,47.7,1.9,2.33,26.3,0.7,0.0,1.1,7.0,19.3,25.5,,,17.4,7.4,4.1,9.1,3.8,54.5,,47.96747967479675,28.6,6-5,215,77
203497,Rudy Gobert,UTA,15,31.6,14.7,13.5,0.9,5.5,7.5,0.0,0.1,3.6,5.7,november,2021-22,16.3,4.3,73.1,16.8,33.7,0.8,1.35,20.3,3.1,1.0,10.0,,12.6,,16.7,,,,28.5,,26.9,46.9,,1.3333333333333335,31.6,7-1,258,85
1630595,Cade Cunningham,DET,15,32.2,14.6,6.5,4.7,5.3,14.5,2.1,7.5,1.8,2.1,november,2021-22,25.3,26.3,47.4,9.5,75.3,5.3,4.24,29.7,0.9,0.1,1.0,11.5,17.5,38.7,,3.5,8.5,8.4,1.6,4.4,1.3,58.8,,51.724137931034484,32.2,6-6,220,78
1629640,Keldon Johnson,SAS,13,32.3,14.5,6.9,2.2,5.7,11.8,1.5,2.7,1.7,2.6,november,2021-22,18.7,9.1,56.3,10.3,49.8,1.9,2.34,24.9,0.6,0.5,1.7,3.9,20.0,2.8,,4.4,32.0,7.4,9.2,,10.9,46.8,,22.88135593220339,32.3,6-6,220,78
1626158,Richaun Holmes,SAC,13,27.7,14.5,9.4,1.1,6.2,8.7,0.0,0.2,2.1,2.7,november,2021-22,17.8,6.9,73.6,15.5,39.6,1.1,1.65,24.8,5.9,0.2,9.0,,,,,,,,,,,53.1,,2.298850574712644,27.7,6-10,235,82
1630224,Jalen Green,HOU,12,30.3,14.5,2.7,2.0,4.9,12.1,1.7,6.1,3.0,3.5,november,2021-22,22.2,11.5,53.2,6.2,47.3,3.1,3.9,27.1,0.3,0.0,0.5,,,,,,,,,,,70.0,,50.413223140495866,30.3,6-4,186,76
1627747,Caris LeVert,CLE,14,27.4,14.4,3.1,2.9,5.9,14.4,1.3,4.8,1.4,1.9,november,2021-22,26.3,16.5,47.5,8.4,52.5,3.3,3.74,34.1,0.6,0.1,1.1,6.2,19.0,24.0,,,26.9,4.5,6.6,5.0,,58.3,,33.33333333333333,27.4,6-6,205,78
203932,Aaron Gordon,DEN,14,32.8,14.4,5.9,2.5,5.4,10.6,1.2,3.0,2.4,3.1,november,2021-22,18.1,10.8,59.8,10.0,43.6,2.0,2.72,28.9,1.5,2.4,4.8,16.0,13.0,10.4,5.9,11.2,15.4,,13.0,,5.3,53.4,,28.30188679245283,32.8,6-8,235,80
203501,Tim Hardaway Jr.,DAL,13,34.2,14.3,4.1,2.8,5.2,14.2,2.2,7.0,1.7,2.3,november,2021-22,19.8,12.4,47.2,6.9,47.2,1.9,2.38,29.0,0.8,0.2,1.2,2.2,21.3,5.7,3.2,,32.4,12.1,2.8,15.8,,65.9,,49.29577464788733,34.2,6-5,205,77
201937,Ricky Rubio,IND,14,29.9,14.3,3.9,6.1,4.6,13.1,2.1,5.6,3.1,3.6,november,2021-22,25.1,31.4,48.7,9.8,74.3,6.1,4.9,31.9,0.6,0.0,0.4,,,,,,,,,,,56.0,,42.74809160305343,29.9,6-2,190,74
1626162,Kelly Oubre Jr.,CHA,16,25.1,14.3,3.5,0.7,5.4,12.3,2.4,6.8,1.0,1.4,november,2021-22,22.9,4.2,55.4,7.7,32.2,1.1,2.05,22.8,0.5,0.1,1.3,12.1,22.1,7.6,,,29.8,,5.9,,6.6,56.7,,55.284552845528445,25.1,6-6,203,78
203114,Khris Middleton,MIL,7,28.7,14.1,5.6,5.1,4.7,11.6,2.1,5.7,2.6,3.0,november,2021-22,22.2,25.7,54.9,12.9,56.0,3.6,3.89,29.0,0.9,2.4,0.7,6.1,15.3,22.7,,13.6,16.6,5.8,,6.4,5.8,65.5,,49.13793103448276,28.7,6-7,222,79
200768,Kyle Lowry,MIA,14,35.1,14.0,5.1,7.9,4.9,10.7,2.1,6.4,2.2,2.5,november,2021-22,18.6,33.7,59.3,11.7,83.9,5.4,3.84,34.6,0.4,0.0,0.7,,,,,,,,,,,79.6,,59.81308411214954,35.1,6-0,196,72
1628960,Grayson Allen,MIL,14,28.5,13.9,3.5,1.4,4.7,9.9,3.1,6.9,1.4,1.5,november,2021-22,16.7,7.2,65.8,10.6,29.0,1.1,2.22,20.1,0.1,0.0,0.9,2.8,17.5,24.2,4.0,,33.8,5.4,,7.0,,53.2,,69.6969696969697,28.5,6-4,198,76
200746,LaMarcus Aldridge,BKN,14,23.6,13.9,6.2,1.1,5.9,10.9,0.6,1.5,1.6,1.8,november,2021-22,22.6,7.7,59.5,14.6,40.7,1.1,1.69,24.8,4.0,3.1,3.7,,,,,,,,,,,55.0,,13.761467889908257,23.6,6-11,250,83
1630567,Scottie Barnes,TOR,13,35.7,13.9,7.8,4.0,5.5,12.2,0.8,1.9,2.2,3.0,november,2021-22,18.5,16.8,51.4,9.9,64.7,2.9,2.68,32.4,1.8,1.3,5.5,7.9,21.7,13.1,5.7,10.7,19.7,2.2,9.3,1.5,5.0,64.7,,15.573770491803279,35.7,6-7,225,79
1629638,Nickeil Alexander-Walker,UTA,16,27.8,13.9,3.4,2.6,5.0,13.4,2.0,6.3,1.9,2.4,november,2021-22,24.5,15.0,48.0,7.3,49.4,2.6,3.16,29.1,0.7,0.0,1.4,2.9,27.3,18.8,2.9,,22.7,7.1,2.9,9.1,1.3,72.9,,47.014925373134325,27.8,6-5,205,77
1629645,Kevin Porter Jr.,HOU,11,33.1,13.7,5.1,6.6,4.6,13.7,1.5,5.7,2.9,4.6,november,2021-22,24.5,28.7,43.5,7.6,78.2,6.8,5.2,31.9,0.5,0.1,1.8,9.8,13.6,45.2,,2.4,16.0,5.5,,,,63.8,,41.6058394160584,33.1,6-4,203,76
201144,Mike Conley,UTA,14,28.2,13.6,1.9,5.9,5.1,9.8,2.4,5.6,1.1,1.3,november,2021-22,18.0,30.3,65.9,11.7,60.4,5.0,4.92,26.2,0.2,0.0,0.4,,14.8,21.2,,,33.3,13.8,,5.8,,56.4,,57.14285714285714,28.2,6-1,175,73
202696,Nikola Vučević,CHI,9,32.4,13.6,11.3,4.6,5.9,13.2,1.4,4.2,0.3,0.9,november,2021-22,20.3,19.8,49.8,12.6,73.8,1.9,1.53,44.8,6.1,5.1,6.0,,12.5,,28.8,16.1,15.2,,10.0,3.6,7.6,58.7,,31.818181818181824,32.4,6-10,260,82
1626224,Cedi Osman,CLE,11,25.2,13.5,3.5,1.7,4.6,9.8,2.9,6.7,1.4,1.9,november,2021-22,19.8,10.8,63.5,11.2,38.5,1.5,2.42,27.7,0.7,0.0,0.4,,,,,,,,,,,53.3,,68.36734693877551,25.2,6-7,230,79
1630170,Devin Vassell,SAS,11,26.2,13.5,3.4,1.4,5.2,10.3,2.1,5.0,1.0,1.3,november,2021-22,18.3,7.5,62.1,10.1,33.1,1.1,1.99,21.1,0.8,0.0,1.0,2.7,22.2,11.5,,,35.3,10.7,,11.8,,51.3,,48.543689320388346,26.2,6-5,200,77
203991,Clint Capela,ATL,15,31.2,13.4,13.6,1.5,6.0,9.7,0.0,0.1,1.4,2.6,november,2021-22,15.8,6.5,62.0,15.0,43.9,1.0,1.34,23.4,3.3,0.3,11.3,,,,22.1,,,,24.4,,36.6,60.6,,1.0309278350515465,31.2,6-10,256,82
2546,Carmelo Anthony,LAL,16,29.4,13.3,3.6,0.9,4.4,10.9,2.3,6.2,2.1,2.5,november,2021-22,17.9,4.4,55.3,7.1,38.8,1.3,1.94,27.0,0.7,3.4,1.4,,,,,,,,,,,67.3,,56.88073394495413,29.4,6-7,238,79
1628976,Wendell Carter Jr.,ORL,15,29.1,13.3,9.7,2.4,5.1,10.1,1.6,4.3,1.4,2.2,november,2021-22,18.1,13.9,59.8,14.1,60.9,1.6,1.56,34.6,3.6,1.1,6.0,,10.9,,19.2,3.2,26.2,,17.1,,12.7,51.3,,42.57425742574257,29.1,6-10,270,82
1630532,Franz Wagner,ORL,15,31.1,13.1,4.7,2.7,4.9,12.3,1.1,3.7,2.1,2.7,november,2021-22,20.0,13.8,48.5,7.9,44.5,2.2,2.96,28.5,0.7,0.1,1.5,7.6,20.4,22.9,2.9,6.9,16.6,3.2,6.7,3.6,4.4,56.1,,30.081300813008127,31.1,6-10,220,82
1626192,Pat Connaughton,MIL,14,28.0,13.1,5.0,1.4,4.6,9.0,3.0,6.6,0.8,1.1,november,2021-22,16.0,7.8,68.8,11.8,37.6,1.1,1.72,22.0,0.3,0.0,0.9,,,,,,,,,,,56.3,,73.33333333333333,28.0,6-5,209,77
201988,Patty Mills,BKN,14,28.6,13.0,1.5,2.4,4.5,9.7,3.4,7.4,0.6,0.6,november,2021-22,16.4,11.5,65.2,8.1,36.3,1.6,2.71,20.9,0.1,0.0,0.3,,,,,,,,,,,67.4,,76.28865979381445,28.6,6-0,180,72
1629628,RJ Barrett,NYK,15,30.0,12.8,6.0,1.8,4.7,12.9,1.4,4.8,2.1,3.1,november,2021-22,22.6,9.6,45.0,6.9,41.4,2.0,2.85,26.6,1.1,0.3,2.2,2.7,28.5,18.0,,2.4,23.8,6.6,7.3,3.4,3.4,59.1,,37.2093023255814,30.0,6-6,214,78
1630256,Jae'Sean Tate,HOU,14,28.9,12.8,6.4,2.2,5.1,9.8,0.7,2.6,1.9,2.7,november,2021-22,18.3,12.6,58.2,10.1,42.4,1.7,2.4,23.2,2.2,1.3,4.6,,,,,,,,,,,67.2,,26.53061224489796,28.9,6-4,230,76
203915,Spencer Dinwiddie,DAL,13,29.1,12.8,5.0,5.0,4.4,10.7,2.0,5.7,2.0,2.4,november,2021-22,19.7,26.4,54.4,11.2,67.6,5.6,5.0,27.7,0.2,0.0,0.2,,,,,,,,,,,61.5,,53.27102803738318,29.1,6-6,215,78
201569,Eric Gordon,HOU,11,30.9,12.7,2.2,2.8,4.8,10.8,2.0,5.4,1.1,2.0,november,2021-22,19.2,14.6,54.4,6.9,50.5,3.7,4.43,24.0,0.3,0.1,0.3,,,,,,60.0,,,,,62.1,,50.0,30.9,6-3,215,75
1628398,Kyle Kuzma,WAS,15,31.3,12.6,7.9,3.1,4.6,10.7,2.1,5.8,1.3,1.6,november,2021-22,19.8,14.7,55.1,10.1,45.7,2.0,2.59,25.8,0.8,0.2,1.7,5.1,27.3,5.3,8.7,2.8,27.5,4.1,8.5,,4.9,55.1,,54.20560747663552,31.3,6-9,221,81
1628366,Lonzo Ball,CHI,16,34.6,12.6,5.0,4.9,4.6,10.8,3.3,6.8,0.1,0.1,november,2021-22,16.2,19.1,58.1,8.9,71.3,4.1,3.48,25.9,0.5,0.0,1.4,,19.3,16.5,,,36.3,6.1,,,,59.8,,62.962962962962955,34.6,6-6,190,78
203994,Jusuf Nurkić,POR,16,24.7,12.4,10.1,2.6,4.9,7.9,0.2,0.6,2.5,3.4,november,2021-22,19.1,15.6,66.0,15.9,48.2,1.2,1.5,25.4,4.9,1.8,6.4,,6.9,,22.4,10.4,11.8,,17.3,,13.6,65.7,,7.594936708860758,24.7,6-11,290,83
203935,Marcus Smart,BOS,15,34.2,12.4,4.1,5.9,4.4,10.2,1.4,4.5,2.2,3.0,november,2021-22,16.4,25.3,53.8,10.6,62.7,3.8,3.6,29.3,0.7,1.3,1.5,4.2,18.4,15.1,5.0,,38.3,,,,,63.3,,44.117647058823536,34.2,6-4,220,76
201143,Al Horford,BOS,14,28.3,12.4,7.7,3.4,4.4,9.7,1.4,4.4,2.1,2.6,november,2021-22,18.7,19.9,57.0,13.5,52.5,1.6,1.88,33.6,2.1,2.6,5.4,,15.0,,12.2,8.9,40.0,,7.8,5.6,,55.0,,45.36082474226804,28.3,6-9,240,81
1626167,Myles Turner,IND,15,29.1,12.3,7.7,1.0,4.5,8.7,1.9,4.6,1.3,1.7,november,2021-22,16.0,4.8,64.9,12.3,36.1,0.8,1.27,20.6,1.3,0.9,4.3,,7.7,,17.7,7.3,42.3,,7.1,,6.0,57.1,,52.87356321839081,29.1,6-11,250,83
202692,Alec Burks,NYK,15,25.3,12.3,4.2,1.9,3.9,9.0,2.3,5.1,2.1,2.6,november,2021-22,18.6,12.8,60.5,12.1,39.3,2.4,3.6,21.6,0.5,0.0,0.8,,,,,,,,,,,58.0,,56.666666666666664,25.3,6-6,214,78
201565,Derrick Rose,NYK,12,24.7,12.2,2.9,4.0,5.0,11.3,1.3,3.7,0.9,0.9,november,2021-22,22.4,26.5,52.2,13.3,53.7,4.2,4.67,21.5,0.3,0.0,0.8,,,,,,,,,,,40.8,,32.743362831858406,24.7,6-2,200,74
1627777,Georges Niang,PHI,15,27.8,12.1,3.2,1.9,4.3,10.4,2.2,6.1,1.4,1.5,november,2021-22,19.0,10.0,54.8,7.1,47.7,1.4,1.72,23.2,0.3,0.2,0.7,,,,,,,,,,,67.1,,58.653846153846146,27.8,6-7,230,79
1630591,Jalen Suggs,ORL,14,26.9,12.1,3.3,3.4,4.3,11.9,1.1,4.4,2.4,3.4,november,2021-22,25.4,20.1,45.0,5.2,58.2,4.4,4.57,19.6,0.3,0.2,0.9,6.6,24.5,25.2,,,20.4,7.3,,,4.0,62.7,,36.97478991596639,26.9,6-5,205,77
1629014,Anfernee Simons,POR,15,24.1,12.1,2.8,2.3,4.6,10.1,1.9,5.2,1.0,1.1,november,2021-22,21.7,14.7,56.9,9.1,42.6,3.4,4.72,18.5,0.1,0.0,0.5,18.2,14.5,28.8,,,19.8,7.2,,4.9,,73.1,,51.48514851485149,24.1,6-3,181,75
1628984,Devonte' Graham,NOP,13,29.8,11.9,1.8,4.3,4.1,10.9,2.4,7.2,1.4,1.8,november,2021-22,19.2,21.6,50.9,6.8,66.4,5.0,4.56,29.1,0.5,0.0,0.2,,,,,,,,,,,86.8,,66.05504587155964,29.8,6-1,195,73
203484,Kentavious Caldwell-Pope,WAS,15,28.6,11.7,3.9,1.4,4.0,9.6,2.1,5.8,1.6,1.8,november,2021-22,17.8,7.2,56.1,8.7,37.0,1.5,2.45,22.0,0.6,0.1,0.7,3.1,24.1,18.1,,,33.7,5.9,,6.5,,62.3,,60.416666666666664,28.6,6-5,204,77
1629023,P.J. Washington,CHA,6,21.9,11.7,3.8,1.2,4.0,7.5,2.8,4.5,0.8,1.3,november,2021-22,18.8,8.1,72.1,9.7,36.5,0.9,1.43,21.2,2.8,0.5,3.7,4.1,20.9,6.3,5.4,6.1,29.9,4.1,8.2,,6.8,64.1,,60.0,21.9,6-7,230,79
203992,Bogdan Bogdanović,ATL,14,27.9,11.6,3.6,2.6,4.4,10.1,2.4,6.1,0.4,0.6,november,2021-22,17.4,11.8,56.2,7.8,37.6,1.7,2.69,24.5,0.4,0.2,0.4,,12.2,34.4,,,24.4,,,,,60.4,,60.396039603960396,27.9,6-6,225,78
1626163,Frank Kaminsky,PHX,8,21.4,11.6,4.5,1.6,4.4,7.8,0.6,1.6,2.3,2.5,november,2021-22,18.4,11.2,65.7,14.6,36.8,0.9,1.55,20.9,4.1,1.8,5.1,,,,,,,,,,,52.7,,20.512820512820515,21.4,7-0,240,84
1628401,Derrick White,BOS,13,30.6,11.6,3.8,4.7,4.3,11.5,1.4,4.7,1.6,1.6,november,2021-22,18.4,21.2,47.7,8.0,53.2,3.3,3.74,30.6,0.3,0.0,0.8,4.7,10.8,35.1,1.6,,25.9,9.5,1.3,5.1,1.7,53.1,,40.869565217391305,30.6,6-4,190,76
203925,Joe Harris,BKN,7,30.1,11.6,4.0,1.0,4.1,7.1,3.3,5.4,0.0,0.0,november,2021-22,10.7,4.6,81.0,9.5,31.0,0.7,1.37,17.3,0.3,0.0,0.1,,,,,,,,,,,56.3,,76.05633802816902,30.1,6-6,220,78
1629003,Shake Milton,PHI,14,26.4,11.6,3.3,3.0,4.5,10.0,0.7,2.7,1.9,2.1,november,2021-22,19.6,18.3,53.0,9.8,51.9,3.7,4.23,25.6,0.1,0.0,0.5,,,,,,,,,,,53.2,,27.0,26.4,6-5,205,77
1628969,Mikal Bridges,PHX,16,35.4,11.5,3.7,2.0,4.6,8.8,1.1,3.0,1.1,1.2,november,2021-22,12.0,7.0,62.0,7.9,33.6,1.0,1.7,21.1,1.8,0.1,2.4,2.3,25.3,9.1,3.4,2.3,36.2,6.3,5.0,4.8,2.7,69.0,,34.090909090909086,35.4,6-6,209,78
1628420,Monte Morris,DEN,14,29.8,11.5,3.0,4.6,5.0,11.3,1.2,3.9,0.3,0.3,november,2021-22,18.9,22.1,50.4,8.7,61.3,4.5,4.41,27.9,0.3,0.0,0.5,,,,,,,,,,,62.0,,34.51327433628318,29.8,6-2,183,74
1628404,Josh Hart,POR,16,31.8,11.4,6.5,4.2,4.2,9.0,0.8,2.6,2.3,2.5,november,2021-22,15.8,19.4,56.6,10.6,54.1,2.5,2.8,28.0,0.8,0.2,1.7,,21.0,10.3,,,45.6,4.0,4.6,,,65.7,,28.888888888888893,31.8,6-5,215,77
1628989,Kevin Huerter,ATL,14,27.7,11.4,3.6,2.4,4.6,8.9,1.8,4.3,0.3,0.4,november,2021-22,16.1,12.1,62.3,9.0,36.5,1.6,2.66,23.9,0.4,0.0,0.9,,22.8,11.3,,,36.6,6.3,8.2,4.0,3.3,54.2,,48.31460674157303,27.7,6-7,198,79
203095,Evan Fournier,NYK,15,26.4,11.3,2.7,1.4,4.1,10.2,2.1,5.7,1.0,1.3,november,2021-22,19.5,8.7,52.5,6.4,34.9,1.5,2.56,27.0,0.4,0.0,0.7,,,,,,,,,,,62.5,,55.88235294117647,26.4,6-6,205,78
1630169,Tyrese Haliburton,IND,14,33.1,11.3,3.9,5.0,4.3,10.3,1.7,4.2,1.0,1.4,november,2021-22,16.0,22.2,51.7,10.2,70.2,4.3,3.67,34.5,0.3,0.0,0.8,,,,,,,,,,,66.1,,40.77669902912621,33.1,6-5,185,77
1628402,Frank Jackson,DET,15,22.0,11.3,1.3,0.9,3.7,8.9,2.0,6.0,1.9,2.3,november,2021-22,20.7,6.8,56.6,7.4,27.7,0.8,1.79,21.6,0.1,0.0,0.4,,,,,,,,,,,65.8,,67.41573033707866,22.0,6-3,205,75
201587,Nicolas Batum,LAC,10,28.2,11.2,5.3,1.3,4.0,6.8,2.8,5.4,0.4,0.7,november,2021-22,11.8,6.7,78.8,12.1,37.1,0.8,1.31,19.3,1.1,0.1,1.1,,14.2,,,,68.9,,,,,56.8,,79.41176470588236,28.2,6-8,230,80
1630180,Saddiq Bey,DET,15,32.0,11.2,5.5,2.5,4.1,12.7,1.7,6.1,1.4,1.9,november,2021-22,19.4,13.2,41.5,6.1,45.6,1.7,2.29,34.0,0.7,1.2,2.2,6.5,19.0,7.8,2.2,13.8,28.5,6.0,4.9,1.9,6.7,64.6,,48.031496062992126,32.0,6-7,215,79
1630193,Immanuel Quickley,NYK,15,22.6,11.1,2.6,3.0,3.6,8.3,2.1,5.1,1.9,2.0,november,2021-22,19.7,20.7,60.9,11.6,34.9,2.5,4.34,18.5,0.4,0.0,0.5,6.1,28.1,20.9,,,25.4,6.4,1.9,4.1,1.4,51.4,,61.44578313253011,22.6,6-3,190,75
1628370,Malik Monk,LAL,16,25.4,11.1,3.0,2.4,4.2,8.8,1.8,4.9,0.9,1.1,november,2021-22,17.9,14.4,59.6,9.7,38.3,1.5,2.39,21.7,0.3,0.0,1.1,8.4,22.0,24.1,3.5,,25.5,6.7,,4.6,,64.0,,55.68181818181818,25.4,6-3,200,75
1629631,De'Andre Hunter,ATL,6,27.4,11.0,2.5,0.7,4.7,9.2,1.5,3.5,0.2,1.0,november,2021-22,16.9,3.5,57.3,4.1,27.7,1.0,2.25,18.3,0.7,0.2,0.5,7.5,18.2,13.3,2.6,,29.0,9.5,6.2,6.0,2.6,75.0,,38.04347826086957,27.4,6-8,221,80
1629130,Duncan Robinson,MIA,15,29.0,11.0,3.3,1.5,3.9,10.7,3.1,9.3,0.2,0.3,november,2021-22,17.6,7.7,50.6,5.0,37.5,0.9,1.42,26.3,0.7,0.0,1.3,,18.5,7.9,4.3,,31.2,11.7,,18.8,,57.6,,86.9158878504673,29.0,6-7,215,79
1629659,Talen Horton-Tucker,LAL,10,28.8,10.9,5.1,2.6,4.0,10.6,1.0,3.5,1.9,2.0,november,2021-22,19.2,13.1,47.5,6.6,49.1,2.8,3.38,23.5,0.6,0.3,1.2,,,,,,,,,,,63.6,,33.01886792452831,28.8,6-4,234,76
1630537,Chris Duarte,IND,14,25.9,10.9,3.9,1.9,4.4,10.5,1.7,4.9,0.4,0.9,november,2021-22,20.0,10.0,49.8,7.6,47.0,2.1,2.65,28.4,0.5,0.0,0.9,,,,,,,,,,,57.1,,46.666666666666664,25.9,6-5,190,77
1629726,Garrison Mathews,HOU,7,24.0,10.9,2.7,0.6,3.6,7.7,2.6,6.6,1.1,1.6,november,2021-22,14.9,3.1,64.6,6.2,22.0,0.5,1.32,16.3,0.1,0.0,0.7,,,,,,,,,,,61.5,,85.71428571428571,24.0,6-5,215,77
200752,Rudy Gay,UTA,7,18.9,10.9,4.9,1.4,3.7,7.1,2.4,4.6,1.0,1.4,november,2021-22,19.9,10.2,69.9,12.9,39.3,1.3,2.06,18.0,0.4,0.9,0.4,,,,,,,,,,,34.6,,64.7887323943662,18.9,6-8,250,80
201567,Kevin Love,CLE,6,19.8,10.8,8.0,1.5,3.7,8.5,2.0,5.3,1.5,1.5,november,2021-22,21.0,12.2,59.1,15.8,42.2,1.2,1.74,23.8,1.2,1.8,3.0,,14.0,,14.6,,34.1,,6.7,,15.2,59.1,,62.35294117647059,19.8,6-8,251,80
1627736,Malik Beasley,MIN,16,26.5,10.8,3.2,1.3,3.7,11.0,2.7,8.4,0.8,1.0,november,2021-22,18.5,7.3,47.3,6.0,34.1,1.1,1.97,23.4,0.2,0.0,0.5,,,,,,,,,,,63.6,,76.36363636363637,26.5,6-4,187,76
201145,Jeff Green,DEN,14,26.8,10.7,3.2,1.1,3.8,8.0,0.9,2.7,2.3,2.8,november,2021-22,17.2,5.8,58.1,7.1,35.2,1.2,1.99,23.1,2.1,2.0,2.3,,,,,,,,,,,71.7,,33.75,26.8,6-8,235,80
1627751,Jakob Poeltl,SAS,6,26.1,10.7,8.3,1.2,4.8,8.2,0.0,0.0,1.0,3.2,november,2021-22,16.8,5.9,55.8,8.9,47.3,1.3,1.61,27.0,6.7,1.0,7.8,,13.0,,16.7,,,,40.7,,14.8,64.7,,0.0,26.1,7-1,245,85
201580,JaVale McGee,PHX,16,16.5,10.6,7.1,0.8,4.7,7.2,0.0,0.0,1.3,1.8,november,2021-22,23.0,7.0,66.8,16.6,25.8,0.6,1.41,13.9,2.3,0.8,7.1,,,,,,,,,,,39.4,,0.0,16.5,7-0,270,84
1626196,Josh Richardson,SAS,10,26.9,10.5,3.5,1.5,3.9,8.1,1.0,3.2,1.7,2.1,november,2021-22,15.5,8.1,58.2,8.7,40.0,1.8,2.63,21.8,0.9,0.0,0.9,,,,,,,,,,,80.0,,39.50617283950618,26.9,6-5,200,77
203200,Justin Holiday,SAC,16,27.1,10.4,2.7,1.8,3.8,9.0,2.6,6.7,0.4,0.6,november,2021-22,15.8,8.8,56.4,6.6,33.0,0.8,1.45,23.4,0.4,0.0,0.5,,,,,,,,,,,57.4,,74.44444444444444,27.1,6-6,180,78
1630581,Josh Giddey,OKC,14,29.9,10.2,7.7,5.9,4.2,11.4,0.9,3.9,0.9,1.2,november,2021-22,21.5,31.9,42.7,9.9,72.8,4.3,3.58,35.5,0.6,0.0,2.1,5.0,22.8,38.8,,,16.0,4.5,4.3,,,59.5,,34.21052631578947,29.9,6-8,205,80
1627826,Ivica Zubac,LAC,16,25.3,10.1,9.1,0.9,3.7,5.3,0.0,0.0,2.7,3.3,november,2021-22,14.1,5.5,74.3,13.8,35.0,0.8,1.35,16.3,3.6,1.0,8.3,,5.5,,18.4,28.3,,,20.1,,20.3,53.3,,0.0,25.3,7-0,240,84
202689,Kemba Walker,NYK,12,22.9,10.0,2.3,3.0,3.8,9.6,1.3,4.5,1.2,1.3,november,2021-22,21.1,22.9,49.2,8.9,52.8,4.4,5.02,20.3,0.2,0.0,0.0,,,,,,,,,,,58.5,,46.875,22.9,6-0,184,72
203926,Doug McDermott,SAS,8,25.5,9.9,2.4,1.4,3.8,8.9,1.9,4.4,0.5,0.9,november,2021-22,16.8,7.4,53.3,5.2,29.3,0.8,1.7,22.5,0.5,0.0,0.9,,,,,,65.4,,,,,66.7,,49.438202247191015,25.5,6-7,225,79
202339,Eric Bledsoe,POR,16,28.9,9.9,4.6,3.2,3.7,8.6,0.9,3.2,1.6,1.8,november,2021-22,16.6,16.9,52.8,9.0,56.3,3.9,4.19,22.8,0.1,0.0,0.7,,,,,,,,,,,63.3,,37.2093023255814,28.9,6-1,214,73
1629611,Terance Mann,LAC,15,28.3,9.9,4.8,2.1,3.5,7.7,1.1,2.9,1.7,2.0,november,2021-22,15.0,11.2,57.3,8.2,39.1,1.9,2.9,21.3,0.6,0.0,2.2,3.7,22.0,17.9,,,28.9,4.4,6.6,,8.1,50.0,,37.662337662337656,28.3,6-5,215,77
1626166,Cameron Payne,PHX,14,17.7,9.8,2.4,2.9,3.4,8.6,1.2,3.6,1.9,2.1,november,2021-22,25.1,26.3,51.4,11.4,42.1,3.7,5.26,15.0,0.1,0.0,0.2,,,,,,,,,,,55.2,,41.86046511627907,17.7,6-1,183,73
1629629,Cam Reddish,NYK,15,21.7,9.6,2.7,0.9,3.2,8.3,1.4,3.9,1.8,1.9,november,2021-22,20.0,6.9,52.3,7.1,24.3,1.0,2.57,17.7,0.6,0.0,0.7,,,,,,,,,,,72.7,,46.98795180722891,21.7,6-8,217,80
1628964,Mo Bamba,ORL,14,28.9,9.6,9.6,1.4,4.0,9.7,1.1,4.1,0.4,0.4,november,2021-22,15.8,8.2,48.3,10.5,42.6,1.3,1.77,24.3,1.2,0.9,5.3,,,,,,,,,,,62.7,,42.2680412371134,28.9,7-0,231,84
204456,T.J. McConnell,IND,16,25.0,9.6,3.8,5.1,4.3,8.1,0.3,1.0,0.8,0.8,november,2021-22,16.0,29.0,56.4,12.3,62.4,4.8,4.62,21.7,0.8,0.0,1.6,5.9,13.1,54.0,,,12.5,,4.2,,,68.9,,12.34567901234568,25.0,6-1,190,73
1627788,Furkan Korkmaz,PHI,14,26.6,9.4,3.6,2.5,3.5,9.8,1.9,6.1,0.5,0.8,november,2021-22,18.0,14.0,46.5,7.5,38.5,1.8,2.74,27.4,0.2,0.0,0.4,,,,,,,,,,,65.9,,62.24489795918367,26.6,6-7,202,79
1627827,Dorian Finney-Smith,DAL,13,31.1,9.4,3.7,1.4,3.5,7.1,2.0,4.8,0.5,0.8,november,2021-22,11.4,6.2,63.0,7.2,35.1,1.0,1.71,20.1,1.0,0.0,1.5,,,,,,,,,,,54.3,,67.6056338028169,31.1,6-7,220,79
1630558,Davion Mitchell,SAC,16,24.7,9.4,3.0,3.6,3.8,10.1,1.1,3.9,0.8,1.2,november,2021-22,19.9,24.2,44.0,6.8,42.6,3.1,4.36,20.2,0.2,0.0,0.3,28.6,19.3,8.1,,,35.6,,,,,64.9,,38.613861386138616,24.7,6-0,202,72
1628464,Daniel Theis,BOS,9,24.2,9.3,4.4,0.9,3.8,7.2,1.1,3.3,0.7,1.0,november,2021-22,17.0,7.1,60.9,8.4,35.1,0.8,1.43,22.6,1.6,0.3,4.4,,,,,,,,,,,52.4,,45.83333333333333,24.2,6-9,245,81
1629661,Cameron Johnson,PHX,16,22.9,9.3,3.4,1.3,3.3,7.5,1.9,4.8,0.9,1.2,november,2021-22,15.7,7.7,58.0,9.4,30.7,0.9,1.67,17.8,0.8,0.1,0.8,,25.0,8.2,,,26.5,15.3,6.7,4.9,,56.8,,64.0,22.9,6-8,210,80
203109,Jae Crowder,PHX,16,27.3,9.3,4.5,1.4,3.2,7.9,2.1,5.6,0.9,1.2,november,2021-22,14.5,6.4,55.0,7.2,43.8,1.0,1.34,20.6,0.3,0.1,0.7,,,,,,,,,,,70.2,,70.88607594936708,27.3,6-6,235,78
201980,Danny Green,PHI,8,22.6,9.3,2.4,1.5,3.3,6.4,2.3,5.0,0.5,0.5,november,2021-22,14.7,9.7,70.1,9.9,35.3,0.9,1.53,17.8,0.1,0.0,1.0,,,,,,,,,,,69.4,,78.125,22.6,6-6,215,78
1629622,Max Strus,MIA,8,23.7,9.3,4.0,0.9,3.1,7.3,2.1,5.5,0.9,1.3,november,2021-22,15.6,5.6,59.3,9.3,33.3,0.8,1.4,17.4,0.3,0.0,0.9,,,,,,,,,,,77.8,,75.34246575342466,23.7,6-5,215,77
1629655,Daniel Gafford,WAS,14,21.7,9.1,6.1,1.3,4.1,6.2,0.0,0.0,0.9,1.5,november,2021-22,16.0,9.9,66.0,12.7,34.6,0.9,1.61,20.4,3.1,0.5,6.7,,8.8,,19.9,11.0,,,20.4,,18.2,40.2,,0.0,21.7,6-9,234,81
1627936,Alex Caruso,CHI,15,30.1,8.9,4.4,4.5,2.9,6.7,1.0,3.3,2.1,2.4,november,2021-22,12.8,19.3,57.8,9.6,52.3,2.8,3.18,21.7,1.1,0.0,2.0,,19.9,8.2,7.0,,45.6,,,,,61.2,,49.25373134328358,30.1,6-5,186,77
1629057,Robert Williams III,BOS,9,28.4,8.9,9.9,1.1,4.2,5.7,0.0,0.0,0.4,0.9,november,2021-22,11.0,5.5,73.4,14.1,32.7,0.8,1.4,20.8,1.2,0.3,9.1,,,,17.1,,9.8,,32.5,,20.3,62.5,,0.0,28.4,6-9,237,81
1629634,Brandon Clarke,MEM,13,17.1,8.8,4.9,1.5,3.8,6.0,0.0,0.5,1.2,1.5,november,2021-22,16.5,13.4,66.2,13.9,23.3,0.5,1.4,14.8,2.8,0.0,4.5,,,,,,,,,,,47.5,,8.333333333333332,17.1,6-8,215,80
1629675,Naz Reid,MIN,14,16.2,8.8,3.6,0.9,3.2,6.6,0.7,1.9,1.6,2.2,november,2021-22,20.2,9.4,58.2,10.7,26.3,0.8,1.73,16.0,2.2,0.9,3.4,3.8,17.2,4.8,9.1,8.1,30.7,4.7,3.6,8.4,4.3,42.9,,28.78787878787879,16.2,6-9,264,81
203082,Terrence Ross,ORL,14,24.5,8.8,2.0,2.3,3.1,8.9,1.1,4.3,1.4,1.8,november,2021-22,18.8,15.0,45.6,5.4,28.5,1.3,2.77,21.7,0.1,0.0,0.1,,,,,,,,,,,55.9,,48.31460674157303,24.5,6-6,206,78
1628379,Luke Kennard,LAC,16,28.0,8.7,3.3,1.9,3.1,7.8,2.1,5.4,0.4,0.5,november,2021-22,13.7,9.8,54.1,7.4,33.4,1.0,1.83,21.8,0.4,0.0,0.3,,24.5,9.1,,,32.0,7.9,5.8,11.6,,61.1,,69.23076923076924,28.0,6-5,206,77
1629647,Darius Bazley,OKC,14,28.7,8.6,6.8,1.4,3.2,9.4,1.1,3.6,1.0,1.7,november,2021-22,16.9,7.3,42.4,6.7,41.0,1.6,2.31,20.9,1.0,0.1,2.1,,,,,,,,,,,57.1,,38.297872340425535,28.7,6-8,208,80
1629002,Chimezie Metu,SAC,11,23.2,8.5,7.0,1.1,3.3,8.5,1.1,4.4,0.9,1.2,november,2021-22,17.9,6.6,47.6,10.0,41.0,1.1,1.63,22.1,0.5,0.3,2.7,,,,,,,,,,,62.2,,51.76470588235295,23.2,6-9,225,81
1629022,Lonnie Walker IV,SAS,13,21.6,8.5,3.0,2.4,3.2,9.5,1.2,4.6,0.9,1.2,november,2021-22,21.6,15.0,42.5,6.3,27.5,1.6,3.41,17.6,0.2,0.0,0.5,,,,,,,,,,,37.5,,48.421052631578945,21.6,6-4,204,76
1626220,Royce O'Neale,UTA,13,31.4,8.5,5.0,2.3,3.0,6.5,1.7,4.5,0.8,1.2,november,2021-22,11.3,9.5,60.7,7.8,66.0,1.6,1.49,31.5,0.6,0.0,1.2,,26.0,8.3,2.7,,43.8,3.9,,3.6,,55.2,,69.23076923076923,31.4,6-5,226,77
203490,Otto Porter Jr.,GSW,13,19.1,8.4,5.0,1.1,2.8,6.1,2.0,4.6,0.7,0.9,november,2021-22,15.7,8.0,64.7,14.1,29.5,0.8,1.69,16.7,0.9,0.3,1.3,,,,,,,,,,,51.3,,75.40983606557377,19.1,6-8,198,80
1629056,Terence Davis,SAC,8,16.6,8.4,2.9,0.5,3.1,8.0,1.3,4.8,0.9,1.4,november,2021-22,24.3,4.8,48.7,6.7,23.7,1.1,2.76,14.3,0.3,0.0,0.6,,,,,,,,,,,58.8,,60.0,16.6,6-4,201,76
1630578,Alperen Sengun,HOU,13,17.8,8.3,4.9,2.8,3.0,5.8,0.5,1.2,1.8,3.0,november,2021-22,19.6,25.3,58.6,11.3,31.5,1.2,2.3,23.6,1.8,2.1,3.8,14.9,13.5,5.2,9.2,21.7,11.8,,9.1,,7.4,57.4,,20.689655172413794,17.8,6-10,243,82
1630538,Bones Hyland,DEN,12,16.7,8.3,2.2,1.6,2.7,7.3,1.7,4.9,1.3,1.3,november,2021-22,22.9,15.4,52.1,7.6,37.1,2.2,3.52,18.0,0.3,0.0,0.3,10.9,23.0,24.3,,,24.3,5.7,,5.7,,74.2,,67.12328767123287,16.7,6-2,169,74
201568,Danilo Gallinari,ATL,15,20.9,8.2,3.5,1.3,2.5,6.7,1.3,3.7,1.8,1.9,november,2021-22,15.9,9.0,54.8,9.2,34.3,1.3,2.21,18.6,0.7,1.7,1.1,,,,,,,,,,,75.0,,55.223880597014926,20.9,6-10,236,82
1629001,De'Anthony Melton,MEM,12,22.4,8.2,3.8,2.1,3.1,8.6,1.3,4.5,0.7,0.8,november,2021-22,18.5,12.5,45.6,7.1,40.1,2.0,3.02,20.1,0.8,0.0,1.1,,,,,,,,,,,55.8,,52.32558139534884,22.4,6-2,200,74
201976,Patrick Beverley,MIN,12,26.7,8.2,4.7,4.3,3.2,7.0,0.9,3.2,0.9,1.3,november,2021-22,13.4,22.1,54.1,9.3,52.9,3.6,4.08,22.3,0.9,0.0,1.2,,,,,,,,,,,70.5,,45.714285714285715,26.7,6-1,180,73
203937,Kyle Anderson,MEM,15,21.7,8.1,5.1,2.5,3.4,7.3,0.8,2.3,0.5,0.7,november,2021-22,16.2,16.9,53.1,10.7,35.6,1.5,2.56,18.1,1.3,0.1,1.8,12.6,16.5,7.9,,,17.3,,14.2,,8.7,67.3,,31.506849315068493,21.7,6-9,230,81
201152,Thaddeus Young,TOR,13,17.1,8.1,3.7,3.2,3.8,6.3,0.0,0.1,0.4,1.1,november,2021-22,19.3,26.4,59.6,13.3,39.0,1.3,1.96,25.5,5.2,0.8,4.8,,,,,,,,,,,69.6,,1.5873015873015877,17.1,6-8,235,80
1629642,Nassir Little,POR,15,21.7,8.1,5.2,0.8,3.1,6.7,0.8,3.1,1.1,1.3,november,2021-22,16.0,5.4,55.6,8.7,28.1,0.9,1.89,15.5,0.5,0.0,0.8,,,,,,,,,,,63.0,,46.26865671641791,21.7,6-5,220,77
1627780,Gary Payton II,GSW,14,17.5,8.0,4.3,1.0,3.2,4.8,0.4,1.5,1.2,1.9,november,2021-22,13.9,7.7,71.0,14.7,21.9,0.6,1.72,12.6,0.5,0.0,3.3,,14.6,,9.3,,21.5,,29.8,,9.8,51.9,,31.25,17.5,6-3,195,75
1630171,Isaac Okoro,CLE,10,30.7,8.0,4.9,1.9,2.9,8.4,0.8,3.8,1.4,1.9,november,2021-22,14.9,9.3,43.3,4.9,36.9,1.4,2.29,27.4,0.3,0.0,2.0,,25.9,,,,41.6,,10.8,,5.2,55.8,,45.238095238095234,30.7,6-5,225,77
1629013,Landry Shamet,PHX,15,18.9,7.9,2.4,1.9,2.5,6.6,1.9,5.0,1.1,1.3,november,2021-22,16.3,14.1,55.4,9.9,22.9,0.8,1.99,15.0,0.1,0.0,0.4,,22.7,,,,51.6,10.2,,,,46.2,,75.75757575757575,18.9,6-4,190,76
1630181,R.J. Hampton,ORL,15,19.5,7.9,3.2,2.5,2.7,6.6,1.1,2.8,1.4,2.4,november,2021-22,20.0,23.8,51.8,9.0,39.1,2.7,4.11,17.7,0.1,0.0,0.4,,,,,,,,,,,66.7,,42.42424242424242,19.5,6-4,175,76
203110,Draymond Green,GSW,14,29.2,7.6,7.6,7.9,3.0,5.6,0.2,1.0,1.4,1.9,november,2021-22,14.2,34.9,59.2,12.5,67.5,2.4,2.13,35.7,2.2,1.4,3.1,,9.4,5.1,10.2,,39.8,,10.2,,2.7,56.0,,17.857142857142858,29.2,6-6,230,78
200782,P.J. Tucker,MIA,15,28.6,7.6,6.1,1.7,3.0,5.3,1.1,2.4,0.5,0.5,november,2021-22,10.2,9.0,68.2,8.5,33.3,1.0,1.82,18.6,1.1,0.1,2.9,,,,,,,,,,,68.8,,45.28301886792453,28.6,6-5,245,77
203920,Khem Birch,TOR,8,23.7,7.5,5.9,1.5,3.1,6.4,0.0,0.4,1.3,2.0,november,2021-22,13.2,8.3,51.7,8.4,34.3,0.7,1.22,21.0,4.8,0.0,7.0,,,,,,,,,,,59.6,,6.25,23.7,6-9,233,81
1629643,Chuma Okeke,ORL,15,21.7,7.5,4.3,1.2,2.7,7.2,0.8,3.3,1.2,1.4,november,2021-22,16.2,9.4,47.8,8.3,29.8,1.2,2.39,14.0,0.5,0.6,1.1,,,,,,,,,,,71.7,,45.83333333333333,21.7,6-6,229,78
203526,Raul Neto,WAS,15,19.1,7.5,1.7,2.3,2.9,6.4,0.5,1.7,1.3,1.9,november,2021-22,20.3,18.3,51.7,5.9,38.5,3.1,4.76,16.3,0.3,0.0,0.5,,,,,,,,,,,48.7,,26.5625,19.1,6-2,180,74
1626168,Trey Lyles,SAC,15,15.9,7.5,4.3,0.5,2.5,6.3,0.8,3.1,1.6,2.2,november,2021-22,21.3,4.7,51.1,8.1,30.3,0.9,1.77,18.1,0.9,0.5,2.4,,,,,,,,,,,64.7,,49.20634920634921,15.9,6-9,234,81
1629216,Gabe Vincent,MIA,13,17.5,7.5,1.6,2.1,2.6,6.2,1.5,3.8,0.8,0.9,november,2021-22,18.5,18.9,56.2,8.4,33.8,2.4,4.3,14.6,0.2,0.0,0.8,,14.9,14.9,,,38.6,,,13.2,,71.4,,61.29032258064515,17.5,6-3,200,75
1630526,Jeremiah Robinson-Earl,OKC,14,23.5,7.4,6.4,1.0,2.9,7.0,1.3,3.6,0.4,0.6,november,2021-22,14.0,6.4,51.0,9.2,33.4,0.6,1.1,21.0,1.1,0.1,3.7,,20.2,,,,38.1,,,,20.2,48.5,,51.42857142857144,23.5,6-8,242,80
204060,Joe Ingles,POR,15,25.5,7.4,2.9,3.7,2.7,6.1,1.8,4.8,0.3,0.3,november,2021-22,12.2,19.6,59.5,8.1,44.1,2.2,2.99,25.9,0.9,0.0,0.3,,,,,,,,,,,76.0,,78.68852459016394,25.5,6-8,220,80
1628392,Isaiah Hartenstein,LAC,16,15.4,7.4,5.3,1.6,3.0,4.7,0.1,0.2,1.3,1.8,november,2021-22,17.2,15.1,67.6,15.0,26.8,0.8,1.88,16.9,3.1,0.2,6.0,,7.4,,19.9,5.6,,,40.3,,10.2,53.6,,4.25531914893617,15.4,7-0,250,84
1629680,Matisse Thybulle,PHI,8,29.0,7.4,2.5,0.8,3.0,5.5,0.9,2.6,0.5,0.5,november,2021-22,11.1,4.1,64.5,6.8,28.0,0.6,1.38,18.9,0.5,0.0,2.4,,,,,,,,,,,58.3,,47.27272727272727,29.0,6-5,201,77
1630173,Precious Achiuwa,TOR,12,26.7,7.3,7.6,1.7,3.0,8.1,0.4,1.3,0.9,1.4,november,2021-22,15.6,9.0,42.1,7.1,37.8,1.2,1.94,22.8,1.8,0.5,4.7,,22.2,,13.5,,24.7,,12.0,,17.1,53.1,,16.049382716049383,26.7,6-8,225,80
1629004,Svi Mykhailiuk,TOR,15,20.9,7.3,2.3,1.1,2.7,6.7,1.1,3.6,0.7,0.8,november,2021-22,15.2,7.5,52.2,6.5,23.6,0.8,2.1,15.3,0.3,0.1,1.0,,22.1,5.9,,,34.5,10.7,7.6,7.6,3.4,60.0,,53.73134328358209,20.9,6-7,205,79
1629103,Kelan Martin,BOS,16,16.9,7.3,1.9,1.1,3.1,7.2,0.8,2.9,0.4,0.6,november,2021-22,20.0,9.7,49.2,7.0,22.2,0.7,1.87,15.3,0.2,0.0,0.9,,,,,,,,,,,78.8,,40.27777777777777,16.9,6-5,230,77
201588,George Hill,MIL,13,27.2,7.2,3.6,2.6,2.6,5.9,1.0,3.1,1.0,1.0,november,2021-22,11.7,12.9,56.8,7.5,44.5,3.0,4.12,19.4,0.3,0.1,1.5,,,,,,,,,,,60.9,,52.542372881355924,27.2,6-4,188,76
203083,Andre Drummond,BKN,15,24.3,7.2,11.4,2.3,2.9,6.5,0.0,0.0,1.5,2.7,november,2021-22,16.9,13.7,46.9,11.2,34.8,1.0,1.77,23.5,2.3,1.0,7.3,,5.2,,7.9,,17.0,,16.6,,38.9,61.0,,0.0,24.3,6-10,279,82
1628971,Bruce Brown,BKN,12,23.5,7.2,3.7,1.3,3.2,6.5,0.3,1.1,0.5,0.7,november,2021-22,13.5,8.6,52.7,7.0,29.1,0.9,1.81,14.8,2.3,0.0,4.0,4.1,22.3,15.7,,,22.3,3.8,13.0,,8.7,50.0,,16.923076923076923,23.5,6-4,202,76
1630231,KJ Martin,HOU,14,17.2,7.1,3.2,1.0,2.9,5.9,0.6,1.8,0.9,1.2,november,2021-22,16.6,8.8,55.9,10.6,26.9,0.7,1.64,12.8,0.7,0.2,1.9,,,,,,,,,,,50.0,,30.508474576271183,17.2,6-5,215,77
1630183,Jaden McDaniels,MIN,15,24.3,7.1,4.1,0.9,2.9,6.6,0.8,2.6,0.5,0.7,november,2021-22,13.3,5.2,51.5,3.8,34.6,0.9,1.51,15.9,0.3,0.1,2.0,2.3,27.6,10.3,,,36.8,5.2,5.0,3.2,3.9,61.4,,39.3939393939394,24.3,6-9,185,81
1629670,Jordan Nwora,MIL,12,17.1,7.1,3.3,1.1,2.8,6.3,1.3,3.2,0.3,0.3,november,2021-22,19.2,9.6,55.4,8.4,22.6,1.0,2.71,13.3,0.2,0.0,0.3,,,,,,,,,,,68.8,,50.793650793650805,17.1,6-8,225,80
1627884,Derrick Jones Jr.,CHI,16,17.7,7.1,3.7,0.6,2.6,4.4,0.3,0.9,1.6,1.9,november,2021-22,13.6,4.8,67.9,8.9,22.1,0.5,1.43,10.6,1.8,0.0,3.8,,18.3,,,,46.0,,13.5,,7.9,55.8,,20.454545454545453,17.7,6-6,210,78
203496,Robert Covington,LAC,16,25.7,7.0,4.1,1.6,2.6,6.1,1.7,4.4,0.2,0.2,november,2021-22,12.1,8.3,57.0,6.8,38.5,0.9,1.45,18.1,1.0,0.1,1.1,,,,,,,,,,,56.9,,72.13114754098362,25.7,6-7,209,79
202355,Hassan Whiteside,UTA,15,15.0,6.9,6.3,0.2,2.7,4.8,0.0,0.0,1.5,2.3,november,2021-22,19.0,1.9,59.5,10.6,13.8,0.3,1.43,8.5,1.1,0.3,5.2,,,,,,,,,,,56.3,,0.0,15.0,7-0,265,84
1629234,Drew Eubanks,POR,13,16.8,6.9,4.9,1.6,2.5,4.8,0.0,0.2,2.0,2.5,november,2021-22,18.7,14.7,58.0,10.8,31.8,0.9,1.7,19.5,4.3,0.5,5.8,,11.3,,36.6,,,,23.9,,8.5,60.0,,4.166666666666667,16.8,6-9,245,81
1630191,Isaiah Stewart,DET,13,25.4,6.9,8.2,0.9,2.9,5.8,0.0,0.5,1.1,1.5,november,2021-22,12.7,6.3,53.3,9.8,34.1,0.9,1.6,20.9,2.3,0.6,7.8,,10.3,,13.9,10.3,23.9,,19.2,,11.8,47.5,,8.620689655172415,25.4,6-8,250,80
1628998,Cody Martin,CHA,15,24.8,6.9,4.0,2.3,2.7,5.8,0.9,1.8,0.5,1.0,november,2021-22,10.9,11.4,55.0,7.7,31.1,1.2,2.31,17.4,0.7,0.1,1.6,,,,,,,,,,,55.6,,31.03448275862069,24.8,6-6,205,78
1629026,Kenrich Williams,OKC,13,20.0,6.8,3.8,1.9,2.6,5.6,0.5,1.8,1.0,1.7,november,2021-22,14.4,14.9,53.2,9.9,27.5,1.0,2.21,17.3,0.3,0.2,2.8,,14.6,,,,42.3,,10.0,,7.7,53.8,,32.142857142857146,20.0,6-6,210,78
1630245,Ayo Dosunmu,CHI,16,17.2,6.8,2.1,0.8,2.8,5.3,0.9,2.1,0.4,0.6,november,2021-22,15.4,6.8,61.4,7.5,18.1,0.6,2.15,12.4,0.2,0.0,0.6,2.2,33.6,20.8,,,31.6,,3.1,,,56.7,,39.62264150943396,17.2,6-4,200,76
1629684,Grant Williams,BOS,15,21.0,6.7,4.0,1.0,2.4,4.9,1.4,3.5,0.5,0.6,november,2021-22,11.7,7.1,64.8,9.2,27.1,0.7,1.48,15.5,0.3,0.5,1.8,,,,,,38.2,,,,,71.1,,71.42857142857142,21.0,6-6,236,78
1630529,Herbert Jones,NOP,13,26.7,6.7,3.8,1.6,2.7,5.8,0.3,0.9,1.0,1.2,november,2021-22,11.3,8.7,53.3,6.7,30.0,1.0,1.9,17.2,0.8,0.0,1.7,,22.4,10.8,,,37.7,6.3,5.4,,,63.0,,15.517241379310345,26.7,6-7,206,79
202709,Cory Joseph,DET,15,21.9,6.7,2.2,3.8,2.4,5.1,0.5,1.7,1.3,1.6,november,2021-22,14.3,27.5,57.1,8.9,49.9,3.7,4.49,20.5,0.7,0.1,1.1,,,,,,,,,,,71.7,,33.333333333333336,21.9,6-3,200,75
201961,Wayne Ellington,LAL,15,20.8,6.7,1.6,0.7,2.2,5.5,2.0,5.1,0.3,0.3,november,2021-22,12.0,4.8,59.7,5.4,20.7,0.6,1.6,15.7,0.1,0.0,0.2,,,,,,,,,,,69.7,,92.72727272727272,20.8,6-4,207,76
203914,Gary Harris,ORL,12,25.2,6.6,2.3,1.6,2.8,7.3,0.8,3.4,0.3,0.3,november,2021-22,13.4,9.7,44.0,3.8,24.2,1.0,2.56,18.8,0.1,0.0,1.1,,16.7,,,,54.2,,,,,61.3,,46.57534246575342,25.2,6-4,210,76
1626204,Larry Nance Jr.,NOP,16,20.1,6.6,4.8,1.6,2.6,4.9,0.5,1.6,0.9,1.4,november,2021-22,13.7,11.9,58.9,10.4,28.2,1.0,2.02,16.3,1.9,0.1,3.3,,20.3,,,,36.7,,22.8,,,67.9,,32.6530612244898,20.1,6-7,245,79
1630267,Facundo Campazzo,DEN,13,17.7,6.5,1.3,2.2,2.2,5.0,1.4,3.4,0.7,0.8,november,2021-22,16.3,20.0,60.9,6.4,38.0,2.5,3.91,16.2,0.2,0.0,0.4,,,,,,,,,,,76.2,,68.0,17.7,5-10,195,70
203486,Mason Plumlee,CHA,13,25.1,6.5,6.4,2.8,2.8,4.5,0.0,0.0,0.8,2.2,november,2021-22,10.9,15.7,60.4,8.5,39.8,1.2,1.81,27.1,2.6,1.7,6.5,,,,,,,,,,,63.9,,0.0,25.1,6-11,254,83
1630166,Deni Avdija,WAS,15,22.5,6.5,5.0,1.3,2.5,5.5,0.8,2.6,0.7,1.3,november,2021-22,13.1,8.1,53.1,8.3,32.2,1.1,2.07,15.9,0.5,0.3,1.1,14.0,18.1,26.9,,3.1,19.0,4.8,4.0,4.7,1.7,57.7,,47.27272727272727,22.5,6-9,210,81
1627761,DeAndre' Bembry,MIL,14,23.2,6.4,3.6,1.4,2.8,4.7,0.4,1.0,0.4,1.1,november,2021-22,11.0,8.5,61.6,6.7,25.5,0.8,1.97,13.5,0.6,0.0,2.3,,,,,,,,,,,59.5,,21.27659574468085,23.2,6-5,210,77
1628963,Marvin Bagley III,DET,7,18.5,6.4,5.4,0.9,2.4,5.1,0.6,2.0,1.0,1.7,november,2021-22,14.0,6.5,54.5,10.9,24.4,0.7,1.74,13.6,0.3,0.4,2.3,7.3,7.3,,21.6,5.7,8.9,,18.4,,23.8,75.0,,39.21568627450981,18.5,6-11,235,83
1630165,Killian Hayes,DET,10,26.5,6.4,4.3,4.2,2.2,5.8,1.1,2.9,0.9,1.0,november,2021-22,12.4,24.4,51.3,7.9,49.6,2.9,3.5,22.0,0.4,0.0,0.6,,,,,,,,,,,75.6,,50.0,26.5,6-5,195,77
203210,JaMychal Green,DEN,13,15.8,6.4,4.4,1.1,2.4,5.7,0.5,2.3,1.1,1.4,november,2021-22,19.3,11.1,50.7,8.8,26.2,0.6,1.49,16.7,2.0,0.3,3.7,,,,,,,,,,,67.4,,40.35087719298245,15.8,6-8,227,80
1627814,Damion Lee,GSW,10,17.6,6.3,2.8,1.3,2.5,6.0,0.7,2.8,0.6,0.9,november,2021-22,17.8,10.7,49.2,7.6,25.0,0.9,2.19,18.0,0.2,0.0,0.8,,,,,,,,,,,62.1,,46.666666666666664,17.6,6-5,210,77
1626145,Tyus Jones,MEM,15,18.1,6.3,2.4,3.6,2.4,5.3,0.9,1.9,0.6,0.7,november,2021-22,14.5,29.0,56.1,11.8,41.0,3.4,4.92,15.3,0.3,0.0,0.5,,17.2,23.8,,,41.7,,,,,75.0,,35.84905660377358,18.1,6-0,196,72
1630184,Kira Lewis Jr.,NOP,13,15.3,6.2,1.3,1.8,2.5,6.8,0.6,2.8,0.5,0.6,november,2021-22,22.2,19.3,43.7,5.8,33.6,2.3,4.04,14.0,0.2,0.0,0.4,,,,,,,,,,,50.0,,41.17647058823529,15.3,6-1,170,73
1629020,Jarred Vanderbilt,MIN,15,23.5,6.1,8.3,1.2,2.4,4.8,0.0,0.4,1.3,1.6,november,2021-22,11.5,6.8,55.7,10.5,28.9,0.7,1.45,12.0,1.3,0.0,6.5,,18.0,,,,32.3,,16.9,,14.3,55.6,,8.333333333333334,23.5,6-9,214,81
202066,Garrett Temple,NOP,16,19.7,6.1,2.4,1.3,2.0,5.3,1.2,3.2,0.9,1.2,november,2021-22,14.5,10.1,53.1,5.7,24.2,0.8,1.89,15.4,0.5,0.1,1.0,,,,,,,,,,,71.4,,60.377358490566046,19.7,6-5,195,77
1629632,Coby White,CHI,9,17.5,6.1,2.6,1.3,2.4,7.0,0.8,3.4,0.4,0.8,november,2021-22,20.4,10.3,41.6,4.1,25.4,1.3,3.01,12.9,0.3,0.0,0.0,7.7,29.3,29.6,,,20.9,3.1,,2.6,,66.7,,48.57142857142857,17.5,6-4,195,76
203458,Alex Len,SAC,11,16.0,6.1,3.9,1.3,2.5,4.5,0.4,0.9,0.8,1.4,november,2021-22,15.8,11.1,60.3,7.5,25.8,0.6,1.48,16.4,2.5,0.3,4.7,,,,,,,,,,,60.0,,20.0,16.0,7-0,250,84
1629011,Mitchell Robinson,NYK,12,23.1,6.1,7.3,0.8,2.4,3.3,0.0,0.0,1.3,1.9,november,2021-22,8.2,4.9,74.3,10.3,25.8,0.6,1.34,12.1,0.8,0.1,6.3,,,,11.7,,,,12.5,,52.3,55.8,,0.0,23.1,7-0,240,84
1628367,Josh Jackson,SAC,13,17.0,6.0,3.0,1.4,2.0,5.5,0.6,2.5,1.4,1.6,november,2021-22,17.8,13.0,48.6,7.2,28.0,1.1,2.27,16.5,0.6,0.3,1.4,,,,,,,,,,,60.0,,45.45454545454545,17.0,6-8,207,80
201933,Blake Griffin,BKN,11,22.6,5.8,5.0,2.7,2.2,6.5,0.6,3.5,0.8,1.3,november,2021-22,14.0,15.5,40.9,6.0,37.8,1.1,1.73,20.7,2.4,0.4,3.3,,,,,,,,,,,62.2,,53.84615384615385,22.6,6-9,250,81
1629731,Dean Wade,CLE,12,27.5,5.8,3.7,1.6,2.2,5.3,1.0,3.3,0.4,0.5,november,2021-22,9.5,8.4,51.8,5.2,33.7,0.9,1.64,21.3,0.8,0.0,1.0,,28.1,,5.0,,46.7,,12.1,,,57.7,,62.264150943396224,27.5,6-9,228,81
201949,James Johnson,BKN,8,19.7,5.8,4.8,1.9,2.5,5.3,0.4,1.0,0.4,1.0,november,2021-22,14.1,13.4,50.5,7.1,22.4,0.9,2.34,11.6,1.8,0.0,2.4,,,,,,,,,,,77.3,,18.867924528301888,19.7,6-7,240,79
1628408,PJ Dozier,DEN,12,19.6,5.8,3.8,1.8,2.1,6.1,0.8,2.9,0.8,0.8,november,2021-22,15.6,14.7,44.6,6.6,29.6,1.3,2.73,16.3,0.7,0.1,1.2,,,,,,,,,,,58.6,,47.54098360655738,19.6,6-6,205,78
1628470,Torrey Craig,PHX,16,17.1,5.8,3.7,0.8,2.4,4.4,0.4,1.8,0.6,0.8,november,2021-22,13.3,6.5,60.3,8.7,22.3,0.7,1.78,13.2,0.6,0.1,2.0,,,,,,,,,,,56.1,,40.90909090909091,17.1,6-7,221,79
1628997,Caleb Martin,MIA,15,18.4,5.7,3.0,0.6,2.3,5.5,0.6,2.1,0.6,1.0,november,2021-22,14.6,4.4,48.5,6.6,18.9,0.6,1.97,10.9,0.5,0.0,2.2,,32.5,7.9,,,35.7,,,,,61.9,,38.18181818181819,18.4,6-5,205,77
202324,Derrick Favors,OKC,11,16.5,5.7,4.8,0.4,2.5,5.1,0.2,0.7,0.5,0.9,november,2021-22,15.0,4.2,52.2,10.6,25.0,0.5,1.25,16.9,2.9,0.1,5.7,,,,,,,,,,,60.7,,13.725490196078432,16.5,6-9,265,81
1629750,Javonte Green,CHI,16,21.5,5.5,4.8,0.8,2.2,4.8,0.4,1.3,0.7,1.0,november,2021-22,12.3,4.4,52.4,6.2,24.1,0.5,1.15,12.2,0.8,0.0,3.1,,23.5,,3.7,,41.2,,14.7,,4.8,60.5,,27.083333333333336,21.5,6-5,205,77
1630533,Ziaire Williams,MEM,12,19.1,5.3,1.6,0.7,2.2,5.8,0.8,3.6,0.2,0.3,november,2021-22,13.6,4.8,45.2,2.4,15.0,0.4,1.63,10.8,0.3,0.0,0.9,,22.1,3.7,,,48.3,9.7,6.0,,,65.2,,62.06896551724138,19.1,6-9,185,81
1628373,Frank Ntilikina,DAL,10,15.2,5.3,2.0,1.7,1.8,5.4,0.9,2.7,0.8,0.8,november,2021-22,18.3,15.0,46.1,6.0,24.7,1.4,3.3,12.3,0.1,0.0,0.6,,,,,,,,,,,68.8,,50.0,15.2,6-4,200,76
1630559,Austin Reaves,LAL,6,19.8,5.2,2.7,1.0,1.8,4.3,0.7,2.5,0.8,1.0,november,2021-22,11.4,7.1,54.1,5.5,24.3,1.0,2.5,14.2,0.3,0.0,0.7,13.5,15.8,35.6,,,14.0,5.6,,5.6,,59.1,,58.139534883720934,19.8,6-5,197,77
203493,Reggie Bullock Jr.,DAL,12,24.1,5.2,3.0,0.7,2.0,5.8,1.0,4.0,0.2,0.3,november,2021-22,11.9,3.7,43.5,3.1,27.7,0.7,1.47,17.3,0.7,0.0,0.8,,,,,,,,,,,57.9,,68.96551724137932,24.1,6-6,205,78
1626172,Kevon Looney,GSW,15,19.3,5.1,6.9,1.3,2.1,4.3,0.0,0.0,0.9,1.7,november,2021-22,12.9,8.8,51.0,9.0,30.5,0.8,1.57,18.7,1.4,0.1,4.9,,,,19.3,,,,,,31.6,41.7,,0.0,19.3,6-9,222,81
202340,Avery Bradley,LAL,15,24.4,5.1,3.0,1.1,1.9,5.5,1.1,3.3,0.1,0.1,november,2021-22,10.6,6.4,45.8,4.3,25.9,0.7,1.72,15.1,0.1,0.0,0.7,,,,,,,,,,,72.9,,60.0,24.4,6-3,180,75
1629667,Jalen McDaniels,CHA,15,15.2,5.1,3.8,0.8,1.9,3.9,0.8,2.1,0.5,0.9,november,2021-22,13.7,7.1,59.6,8.1,24.7,0.7,1.77,11.2,0.4,0.0,0.8,,,,,,,,,,,62.5,,53.846153846153854,15.2,6-9,205,81
1628988,Aaron Holiday,PHX,15,17.1,4.9,1.6,2.0,2.1,5.3,0.4,1.5,0.3,0.4,november,2021-22,17.0,18.0,44.8,5.1,30.5,2.1,4.07,14.3,0.2,0.0,0.1,,18.5,18.5,,,42.5,,,,,62.1,,28.30188679245283,17.1,6-0,185,72
203500,Steven Adams,MEM,15,24.1,4.9,7.3,2.7,1.8,4.1,0.0,0.0,1.3,2.3,november,2021-22,11.3,13.4,48.4,8.0,33.6,1.0,1.86,19.9,6.2,1.5,6.5,,4.9,,15.6,,,,23.9,,37.1,56.9,,0.0,24.1,6-11,265,83
203939,Dwight Powell,DAL,13,18.1,4.8,5.2,1.1,2.0,3.2,0.3,0.8,0.5,1.0,november,2021-22,9.9,9.0,66.0,8.5,23.4,0.6,1.49,13.6,1.5,0.1,4.8,,13.2,,12.1,,,,37.4,,,61.7,,25.0,18.1,6-10,240,82
203085,Austin Rivers,DEN,12,20.2,4.8,1.8,0.8,1.8,5.0,0.9,3.3,0.2,0.3,november,2021-22,12.3,5.6,46.1,3.3,22.1,1.0,2.8,14.8,0.2,0.0,0.5,,,,,,,,,,,76.2,,65.99999999999999,20.2,6-4,200,76
1629308,Juan Toscano-Anderson,GSW,14,16.7,4.7,3.0,2.2,1.9,3.6,0.3,1.2,0.6,0.6,november,2021-22,14.0,18.3,60.0,9.7,34.8,1.3,2.29,18.8,0.5,0.2,1.7,,,,,,,,,,,51.6,,33.33333333333333,16.7,6-6,209,78
1630197,Aleksej Pokusevski,OKC,14,15.2,4.5,4.2,1.4,2.0,6.0,0.4,2.4,0.1,0.1,november,2021-22,19.0,15.4,37.1,6.9,27.9,1.1,2.34,15.4,0.4,0.0,1.8,,,,,,,,,,,69.7,,40.0,15.2,7-0,190,84
1629641,Romeo Langford,SAS,14,19.1,4.5,3.2,0.5,1.6,4.4,0.8,1.9,0.6,0.8,november,2021-22,11.3,3.8,47.8,5.5,16.9,0.5,1.91,10.1,0.2,0.0,1.1,,,,,,,,,,,46.7,,43.18181818181818,19.1,6-5,216,77
203090,Maurice Harkless,SAC,11,19.7,4.4,2.5,0.5,1.6,4.1,0.6,2.5,0.5,0.7,november,2021-22,10.6,3.6,49.5,4.9,21.3,0.6,1.83,11.9,0.0,0.0,1.0,,,,,,,,,,,60.7,,60.97560975609757,19.7,6-7,220,79
203457,Nerlens Noel,NYK,9,24.1,4.1,6.0,0.7,1.6,3.0,0.0,0.2,1.0,1.0,november,2021-22,8.3,3.8,59.8,6.3,29.8,0.7,1.41,12.6,1.4,0.0,5.6,,,,,,,,,,,52.7,,6.666666666666667,24.1,6-11,220,83
1627752,Taurean Prince,MIN,14,15.7,4.1,2.4,0.9,1.5,4.1,0.8,2.7,0.3,0.4,november,2021-22,12.5,9.7,47.3,5.7,18.9,0.6,1.88,11.2,0.1,0.0,0.5,,27.3,,,,54.5,,,,,63.6,,65.85365853658539,15.7,6-6,218,78
1628400,Semi Ojeleye,LAC,9,21.4,3.7,4.0,0.4,1.3,4.1,0.7,2.0,0.3,0.3,november,2021-22,9.4,3.0,43.1,3.1,19.6,0.5,1.6,10.3,0.6,0.0,2.8,,,,,,,,,,,75.0,,48.78048780487806,21.4,6-6,240,78
2738,Andre Iguodala,GSW,7,20.2,3.4,2.1,4.7,1.4,3.3,0.3,1.6,0.3,0.3,november,2021-22,8.7,28.7,50.3,9.9,38.0,1.7,2.69,22.1,1.0,0.4,2.0,,,,,,,,,,,50.0,,48.48484848484849,20.2,6-6,215,78
203918,Rodney Hood,LAC,10,16.1,3.4,2.1,0.8,1.2,3.3,0.7,2.3,0.3,0.3,november,2021-22,9.2,7.5,49.5,6.6,15.5,0.6,2.25,9.6,0.3,0.0,0.3,,,,,,,,,,,66.7,,69.69696969696969,16.1,6-8,208,80
1630598,Aaron Wiggins,OKC,8,15.0,3.3,1.6,1.3,1.0,2.3,0.8,2.0,0.5,0.9,november,2021-22,9.9,12.0,61.7,4.9,14.4,0.4,1.82,9.5,0.3,0.0,0.3,6.3,22.9,8.6,,,44.9,,3.3,4.0,,78.6,,86.95652173913044,15.0,6-4,190,76
1629006,Josh Okogie,MIN,9,15.1,2.9,1.9,1.0,1.1,2.9,0.3,1.2,0.3,0.7,november,2021-22,10.1,9.4,45.4,3.2,12.1,0.4,1.73,8.9,0.7,0.0,1.6,,24.9,,,,41.5,,11.1,,9.7,33.3,,41.37931034482759,15.1,6-4,213,76
203107,Tomas Satoransky,WAS,15,16.5,2.9,2.1,2.6,1.1,3.3,0.1,0.7,0.5,0.7,november,2021-22,11.1,23.9,39.2,4.9,34.1,2.4,4.29,15.7,0.3,0.0,1.3,,,,,,,,,,,62.5,,21.21212121212121,16.5,6-7,210,79
203145,Kent Bazemore,LAL,10,15.0,2.5,2.1,0.6,0.9,3.8,0.2,1.7,0.5,0.5,november,2021-22,11.5,5.5,31.1,1.0,18.6,0.6,1.89,9.7,0.3,0.0,0.8,,,,,,,,,,,70.8,,44.73684210526316,15.0,6-4,195,76
201959,Taj Gibson,NYK,6,21.8,2.0,5.2,0.8,0.7,1.8,0.0,0.0,0.7,0.8,november,2021-22,6.4,5.1,45.5,3.8,21.8,0.5,1.28,9.8,1.0,0.3,3.8,,,,,,,,,,,36.4,,0.0,21.8,6-9,232,81
201142,Kevin Durant,BKN,8,40.2,33.1,8.6,6.4,12.1,24.5,2.0,5.5,6.9,7.5,december,2021-22,33.6,25.8,59.6,17.3,80.5,5.0,3.71,47.1,4.6,4.9,3.0,20.8,13.5,18.4,1.7,7.3,15.2,7.5,2.3,7.5,1.1,53.5,,22.448979591836736,40.2,6-10,240,82
2544,LeBron James,LAL,14,36.8,30.7,9.3,6.5,11.5,20.7,3.0,7.4,4.7,6.0,december,2021-22,30.5,31.4,65.8,20.9,89.8,5.9,3.96,43.1,4.7,4.8,3.9,12.8,24.5,12.5,3.1,12.1,12.6,,5.7,7.5,1.9,57.4,,35.7487922705314,36.8,6-9,250,81
1629027,Trae Young,ATL,11,36.0,30.5,4.5,10.0,10.3,23.7,2.7,8.2,7.3,8.1,december,2021-22,36.4,46.2,56.0,14.7,89.4,9.2,6.2,28.4,0.2,0.0,1.0,12.0,20.4,39.3,,,8.4,10.5,,,,72.1,,34.59915611814346,36.0,6-1,164,73
1628378,Donovan Mitchell,UTA,12,34.2,30.2,3.2,5.0,10.7,21.3,3.8,10.2,5.0,5.8,december,2021-22,32.3,24.1,63.4,15.0,66.8,5.5,4.98,28.3,0.4,0.0,0.7,11.4,22.8,34.1,1.5,,11.4,6.9,1.9,3.8,1.6,59.2,,47.88732394366197,34.2,6-1,215,73
203081,Damian Lillard,POR,9,38.0,29.6,4.6,6.2,8.4,20.4,4.1,11.3,8.6,10.1,december,2021-22,32.4,29.5,59.4,14.0,87.8,8.4,5.74,36.4,0.3,0.1,0.7,,,,,,,,,,,78.0,,55.392156862745104,38.0,6-2,195,74
201942,DeMar DeRozan,CHI,8,35.9,29.3,4.3,5.6,10.8,20.9,0.6,1.0,7.1,8.4,december,2021-22,31.3,25.3,59.5,15.1,64.1,6.2,5.84,35.3,0.9,1.3,0.8,19.9,10.0,17.6,1.7,12.0,19.1,6.1,3.9,4.6,1.7,62.9,,4.784688995215311,35.9,6-6,220,78
203954,Joel Embiid,PHI,13,34.5,29.2,11.2,3.9,9.3,18.8,1.4,3.5,9.2,10.9,december,2021-22,34.6,22.4,62.0,22.5,74.9,3.3,2.68,53.8,3.5,12.8,3.7,12.3,7.0,,22.0,21.7,12.9,2.3,6.6,1.8,7.1,55.5,,18.617021276595743,34.5,7-0,280,84
203507,Giannis Antetokounmpo,MIL,9,32.3,28.9,10.6,5.6,10.3,18.9,0.8,3.0,7.4,10.3,december,2021-22,34.3,31.1,61.6,18.6,67.3,4.2,3.74,34.1,3.7,5.2,7.2,10.9,26.0,7.7,6.4,20.2,6.1,,7.9,,8.9,53.1,,15.873015873015875,32.3,6-11,242,83
1628369,Jayson Tatum,BOS,12,36.8,27.9,8.8,3.8,9.5,20.8,3.0,8.6,5.9,6.9,december,2021-22,31.2,18.0,58.5,16.0,74.6,4.6,3.67,44.4,1.1,1.5,1.6,,,,,,,,,,,60.0,,41.34615384615385,36.8,6-8,210,80
203897,Zach LaVine,CHI,9,35.8,27.8,5.0,6.1,10.1,19.1,3.4,7.2,4.1,5.1,december,2021-22,28.9,28.6,65.0,15.7,69.1,5.8,5.0,31.7,0.7,0.8,0.8,9.3,23.5,19.5,4.0,,22.7,6.3,3.4,8.5,,54.8,,37.69633507853403,35.8,6-5,200,77
201939,Stephen Curry,GSW,12,35.5,27.6,4.7,4.7,8.6,21.3,5.3,14.3,5.1,5.7,december,2021-22,32.1,21.5,58.1,13.6,78.7,5.9,4.51,35.6,0.8,0.0,1.8,10.1,13.8,21.1,,,11.6,12.0,7.0,18.0,1.3,53.3,,67.13615023474179,35.5,6-2,185,74
1626157,Karl-Anthony Towns,MIN,9,34.8,26.8,9.4,4.3,9.1,18.1,1.9,4.9,6.7,7.8,december,2021-22,29.5,21.3,62.2,15.6,64.8,2.5,2.33,48.8,3.9,7.7,3.8,10.0,15.2,1.6,13.8,11.1,19.9,1.9,5.9,2.3,12.6,69.6,,27.071823204419886,34.8,6-11,248,83
1629630,Ja Morant,MEM,6,31.8,26.5,6.0,6.2,9.8,19.2,2.2,3.8,4.7,6.0,december,2021-22,31.0,30.3,60.8,17.9,73.5,7.2,5.9,31.2,0.7,0.0,1.7,14.1,19.6,40.4,,,11.0,5.0,2.4,,,60.9,,19.791666666666664,31.8,6-3,174,75
201935,James Harden,PHI,8,39.5,26.3,8.9,11.1,7.8,18.5,1.9,6.9,8.9,10.8,december,2021-22,29.8,40.6,56.5,17.4,99.1,10.2,6.2,31.5,0.1,0.5,0.4,42.5,13.1,25.0,,1.3,7.5,4.6,,,,65.9,,37.2972972972973,39.5,6-5,220,77
1628983,Shai Gilgeous-Alexander,OKC,13,35.8,26.2,4.3,5.9,8.7,20.2,1.3,5.5,7.5,8.8,december,2021-22,31.2,29.2,54.5,13.9,80.3,7.9,5.89,29.2,0.5,0.0,0.7,26.3,14.1,37.3,,4.7,6.2,2.1,3.3,1.6,,55.4,,27.22772277227723,35.8,6-6,180,78
1629029,Luka Dončić,DAL,5,34.3,26.0,7.4,9.2,9.6,20.2,2.2,8.0,4.6,5.4,december,2021-22,37.5,48.9,57.6,18.6,85.8,8.5,5.98,37.0,0.0,4.8,1.6,16.0,14.3,36.3,,7.6,8.7,2.3,1.3,7.4,1.7,71.4,,39.603960396039604,34.3,6-7,230,79
203999,Nikola Jokić,DEN,13,33.0,25.2,14.4,8.0,10.0,19.2,1.3,4.6,3.9,5.0,december,2021-22,33.3,40.9,59.1,22.0,105.6,4.5,2.55,59.9,9.0,10.0,8.8,5.3,10.1,9.7,13.0,22.8,9.0,,7.3,5.3,9.3,64.4,,23.958333333333332,33.0,6-11,284,83
1627742,Brandon Ingram,NOP,11,35.0,25.2,5.6,5.5,9.1,18.7,1.6,5.0,5.4,6.7,december,2021-22,28.3,26.9,58.1,15.9,65.5,4.2,3.83,44.1,2.1,1.3,1.7,13.8,16.6,16.2,,7.7,18.3,5.8,4.3,12.1,2.4,68.6,,26.737967914438503,35.0,6-8,190,80
1626164,Devin Booker,PHX,7,34.8,24.7,5.7,5.0,8.6,20.4,3.6,7.7,4.0,4.6,december,2021-22,29.5,21.7,55.1,13.6,56.3,3.9,4.12,34.4,1.3,1.0,1.1,14.0,15.7,33.1,1.8,3.8,9.5,7.5,1.6,7.5,1.7,58.1,,37.74509803921569,34.8,6-5,206,77
203078,Bradley Beal,WAS,11,35.6,24.4,4.1,6.0,9.7,19.5,1.3,3.9,3.6,5.2,december,2021-22,29.7,28.8,56.0,12.7,74.1,5.3,4.29,44.8,2.1,0.3,2.0,,,21.3,,,24.6,,,,,64.1,,20.0,35.6,6-4,207,76
1627759,Jaylen Brown,BOS,10,35.2,24.0,6.5,3.2,8.3,20.3,2.9,8.7,4.5,6.0,december,2021-22,31.8,15.0,52.3,10.5,68.2,3.9,3.4,41.3,1.7,1.1,2.0,20.6,20.4,22.2,1.8,4.7,13.0,4.1,1.1,7.4,1.8,51.2,,42.857142857142854,35.2,6-6,223,78
1630162,Anthony Edwards,MIN,8,34.5,22.9,3.0,3.4,7.9,17.5,3.5,8.6,3.6,4.3,december,2021-22,27.2,16.8,59.0,10.8,62.4,4.2,4.05,31.8,0.8,0.3,1.3,23.4,15.7,23.5,,4.9,12.9,7.3,2.0,4.8,1.2,74.1,,49.14285714285714,34.5,6-4,225,76
1627783,Pascal Siakam,TOR,8,38.1,22.6,9.5,4.6,9.1,18.6,0.6,2.9,3.8,5.4,december,2021-22,26.8,19.6,53.9,13.2,69.9,4.4,3.75,38.4,3.0,4.5,4.0,13.3,20.6,13.9,6.5,11.3,16.2,3.0,3.2,4.0,5.0,44.4,,15.591397849462362,38.1,6-8,230,80
1627832,Fred VanVleet,TOR,8,36.9,22.0,4.6,7.9,7.1,17.6,4.3,10.5,3.5,3.9,december,2021-22,24.8,30.9,56.9,13.8,88.3,6.9,4.66,41.3,0.1,0.0,0.6,,,,,,,,,,,45.5,,59.65909090909091,36.9,6-1,197,73
204001,Kristaps Porziņģis,WAS,12,30.3,21.7,8.1,2.8,7.4,16.4,1.3,5.4,5.5,6.2,december,2021-22,29.4,14.8,56.6,16.3,59.8,1.7,1.72,41.3,3.2,6.2,5.5,,14.6,,11.3,24.3,17.4,,7.7,10.5,6.1,40.0,,32.92682926829269,30.3,7-3,240,87
1627747,Caris LeVert,CLE,13,34.7,21.6,3.6,5.3,7.8,17.7,1.9,5.5,4.0,4.8,december,2021-22,26.6,24.6,54.5,11.8,73.8,5.3,4.34,39.2,0.8,0.2,1.4,6.2,19.0,24.0,,,26.9,4.5,6.6,5.0,,68.5,,31.07344632768362,34.7,6-6,205,78
201950,Jrue Holiday,MIL,15,35.3,21.3,4.5,7.3,8.7,15.6,1.8,4.1,2.0,2.8,december,2021-22,23.2,32.6,63.2,15.2,79.7,6.9,5.23,29.1,1.0,1.8,2.5,10.1,20.5,26.3,,3.6,20.5,,4.3,,,59.3,,26.282051282051285,35.3,6-3,205,75
1630163,LaMelo Ball,CHA,7,30.1,20.9,6.7,7.4,7.4,15.3,3.0,7.0,3.0,3.1,december,2021-22,26.9,37.1,62.6,15.2,81.7,5.6,4.1,34.0,0.1,0.0,2.4,12.2,12.8,39.4,1.6,,19.4,6.5,,1.7,2.0,47.8,,45.751633986928105,30.1,6-7,180,79
1629636,Darius Garland,CLE,12,33.8,20.8,3.8,7.5,7.8,15.3,2.8,6.4,2.3,2.3,december,2021-22,24.5,34.4,64.0,15.5,82.4,6.8,4.96,35.9,0.5,0.0,0.6,6.7,16.2,41.8,,,17.1,5.4,3.1,2.9,,63.4,,41.830065359477125,33.8,6-1,192,73
1630175,Cole Anthony,ORL,8,34.5,20.6,4.6,5.8,7.3,17.3,2.4,7.3,3.8,4.1,december,2021-22,27.2,27.4,54.1,10.6,80.4,7.5,5.63,20.8,0.4,0.0,0.5,6.9,14.7,51.8,,,14.3,,,,,74.2,,42.19653179190751,34.5,6-3,185,75
1628368,De'Aaron Fox,SAC,11,32.6,20.5,3.5,4.3,7.6,16.0,0.6,2.9,4.5,6.2,december,2021-22,26.8,21.5,54.6,10.4,73.6,5.4,4.43,25.5,0.4,0.3,0.4,10.1,22.8,29.1,,,18.1,6.4,2.0,3.7,1.7,67.3,,18.125,32.6,6-3,185,75
203114,Khris Middleton,MIL,13,32.3,20.3,5.3,5.3,6.5,15.5,2.6,6.5,4.6,5.2,december,2021-22,26.4,24.1,57.3,11.6,66.3,4.3,3.91,34.8,0.5,2.9,1.2,6.1,15.3,22.7,,13.6,16.6,5.8,,6.4,5.8,66.7,,41.935483870967744,32.3,6-7,222,79
1628415,Dillon Brooks,MEM,11,31.8,20.0,3.3,3.2,7.6,17.4,1.7,5.0,3.0,3.5,december,2021-22,27.1,16.1,53.0,9.3,50.9,2.7,3.16,35.5,0.8,0.8,1.2,9.3,14.6,19.9,1.5,9.9,31.8,2.8,1.7,2.8,2.4,59.5,,28.73563218390805,31.8,6-7,225,79
1626181,Norman Powell,LAC,13,37.2,19.9,3.1,2.8,6.5,16.1,2.3,6.7,4.7,5.6,december,2021-22,24.5,13.8,53.7,7.7,50.2,2.7,3.19,35.5,0.3,0.1,0.3,10.9,24.6,11.3,,,32.5,3.8,1.5,10.9,,73.7,,41.61490683229813,37.2,6-3,215,75
1628381,John Collins,ATL,11,33.5,19.6,7.9,1.8,6.9,13.4,2.1,4.2,3.7,4.6,december,2021-22,21.4,8.6,63.7,12.2,59.4,1.7,1.68,33.8,2.2,3.9,5.5,,18.7,,6.3,9.1,33.6,2.3,10.3,,9.8,60.9,,31.343283582089555,33.5,6-9,226,81
1628970,Miles Bridges,CHA,11,36.1,19.6,6.9,4.8,7.5,14.7,1.5,5.2,3.1,3.8,december,2021-22,22.3,18.7,59.8,11.6,65.6,2.8,2.55,41.1,1.4,0.7,3.0,9.0,16.5,14.9,7.4,4.9,29.8,7.2,3.2,,2.1,57.7,,35.374149659863946,36.1,6-7,225,79
1627734,Domantas Sabonis,SAC,12,35.2,19.5,11.9,4.8,7.0,11.8,0.6,1.8,4.9,6.4,december,2021-22,20.8,21.6,66.9,16.5,81.2,2.8,2.08,46.3,6.9,4.9,11.9,,9.0,,28.5,13.1,9.0,,14.9,,10.9,66.2,,15.254237288135592,35.2,6-11,240,83
1630532,Franz Wagner,ORL,14,34.0,19.5,5.1,3.1,7.1,14.9,1.4,3.4,4.0,4.5,december,2021-22,23.9,15.0,57.9,11.4,56.0,3.7,3.97,30.3,0.5,0.7,1.9,7.6,20.4,22.9,2.9,6.9,16.6,3.2,6.7,3.6,4.4,53.6,,22.81879194630872,34.0,6-10,220,82
202331,Paul George,LAC,5,35.7,19.4,6.4,7.0,7.0,18.8,1.8,6.6,3.6,4.4,december,2021-22,29.6,31.8,46.8,13.1,77.6,5.4,4.17,38.0,2.6,3.6,0.4,18.4,12.4,14.2,,5.5,22.9,3.2,,12.4,,58.6,,35.1063829787234,35.7,6-8,220,80
202689,Kemba Walker,NYK,6,35.6,19.3,6.5,5.3,6.2,16.0,3.3,8.7,3.7,4.2,december,2021-22,23.1,25.2,54.2,13.3,82.7,7.3,5.31,30.8,0.2,0.0,0.5,,,,,,,,,,,70.6,,54.37499999999999,35.6,6-0,184,72
1626162,Kelly Oubre Jr.,CHA,13,32.2,19.2,3.8,1.9,6.9,14.8,3.2,8.8,2.2,3.5,december,2021-22,23.6,9.0,59.0,9.3,40.2,1.5,2.24,29.6,0.6,0.0,1.2,12.1,22.1,7.6,,,29.8,,5.9,,6.6,59.6,,59.45945945945946,32.2,6-6,203,78
203952,Andrew Wiggins,GSW,9,32.9,19.2,5.0,2.1,7.1,14.8,3.2,6.1,1.8,2.8,december,2021-22,22.6,11.3,60.1,12.1,47.8,2.3,2.91,34.1,0.8,1.4,4.4,10.9,22.1,7.6,,6.8,32.5,2.0,3.8,2.5,7.8,60.5,,41.21621621621621,32.9,6-7,197,79
203944,Julius Randle,NYK,14,35.4,19.1,9.8,4.7,6.9,16.5,1.9,5.6,3.5,4.4,december,2021-22,27.2,24.2,51.7,12.1,79.0,4.0,3.05,48.6,2.0,5.0,3.1,15.8,16.5,9.4,7.3,10.1,21.1,2.4,5.0,3.2,5.4,43.3,,33.93939393939394,35.4,6-8,250,80
203076,Anthony Davis,LAL,5,33.9,19.0,9.4,2.0,7.6,14.2,0.2,2.0,3.6,5.0,december,2021-22,24.9,9.3,57.9,12.6,62.0,1.9,1.86,37.4,4.6,4.2,9.2,11.5,10.3,5.8,19.3,12.5,9.8,,8.8,,14.5,54.2,,14.084507042253522,33.9,6-10,253,82
1630217,Desmond Bane,MEM,16,30.6,18.9,4.7,2.6,7.2,15.8,3.1,7.1,1.5,1.6,december,2021-22,23.4,13.9,57.6,12.9,62.9,3.0,2.9,31.3,0.5,0.0,1.0,7.0,19.3,25.5,,,17.4,7.4,4.1,9.1,3.8,61.1,,44.93670886075949,30.6,6-5,215,77
1629028,Deandre Ayton,PHX,9,31.2,18.7,10.6,2.2,7.8,12.7,0.0,0.2,3.1,4.3,december,2021-22,23.6,10.9,64.0,16.4,48.8,1.2,1.52,26.9,5.1,3.1,12.7,,9.8,,28.6,9.5,2.9,,26.3,,13.6,47.3,,1.5748031496062995,31.2,6-11,250,83
202711,Bojan Bogdanovic,UTA,14,29.0,18.6,3.5,1.2,6.4,12.8,3.0,6.4,2.8,3.5,december,2021-22,23.3,6.1,65.1,9.8,38.1,1.3,2.04,26.5,0.2,0.8,1.6,,,,,,,,,,,54.3,,50.0,29.0,6-7,226,79
1629639,Tyler Herro,MIA,12,30.5,18.4,3.9,4.5,6.8,16.3,2.2,5.6,2.8,3.3,december,2021-22,29.8,24.2,51.7,10.8,61.1,4.5,4.46,29.0,0.5,0.0,1.3,13.3,27.7,13.9,,,32.4,,,5.8,,67.4,,34.35582822085889,30.5,6-5,195,77
1628973,Jalen Brunson,DAL,16,33.1,18.3,3.3,6.2,7.3,14.3,1.2,3.3,2.4,3.3,december,2021-22,23.4,31.0,58.0,13.0,83.3,7.2,5.19,36.0,0.3,0.1,0.4,14.4,14.3,36.0,,3.3,16.4,5.6,1.9,2.5,,73.8,,23.076923076923077,33.1,6-1,190,73
1628386,Jarrett Allen,CLE,11,32.0,18.2,9.6,1.9,7.3,10.1,0.0,0.2,3.6,4.5,december,2021-22,18.6,8.7,75.4,17.4,50.2,1.5,1.76,31.4,6.0,2.4,11.8,,13.6,,20.9,7.8,4.1,,33.1,,9.2,43.3,,1.9801980198019802,32.0,6-10,243,82
1626174,Christian Wood,HOU,14,29.7,18.0,9.0,2.1,6.4,13.1,1.7,4.9,3.6,5.6,december,2021-22,25.2,11.6,57.7,12.7,54.2,2.2,2.41,31.7,2.6,1.6,5.9,,,,,,,,,,,61.3,,37.404580152671755,29.7,6-9,214,81
202694,Marcus Morris Sr.,LAC,11,31.4,18.0,6.0,2.5,6.5,14.3,2.3,5.6,2.6,3.1,december,2021-22,23.4,12.8,57.6,12.4,43.8,2.1,2.85,28.7,0.9,3.3,0.6,,,,,,,,,,,72.2,,39.16083916083915,31.4,6-8,218,80
1630180,Saddiq Bey,DET,12,35.2,18.0,6.0,2.4,5.5,13.8,2.8,7.5,4.3,4.7,december,2021-22,21.0,10.7,57.0,10.5,51.8,2.1,2.39,34.3,0.8,1.4,1.1,6.5,19.0,7.8,2.2,13.8,28.5,6.0,4.9,1.9,6.7,58.1,,54.347826086956516,35.2,6-7,215,79
201567,Kevin Love,CLE,15,21.9,17.9,7.5,2.2,5.3,10.7,3.8,7.7,3.6,4.1,december,2021-22,26.1,15.9,71.6,20.3,45.5,1.3,1.68,28.7,1.2,1.8,2.5,,14.0,,14.6,,34.1,,6.7,,15.2,46.5,,71.96261682242991,21.9,6-8,251,80
1630595,Cade Cunningham,DET,9,34.0,17.9,5.7,6.3,6.8,16.2,2.3,5.8,2.0,2.3,december,2021-22,26.5,31.3,51.9,10.9,82.7,5.9,4.3,31.0,0.3,0.2,1.2,11.5,17.5,38.7,,3.5,8.5,8.4,1.6,4.4,1.3,66.0,,35.80246913580247,34.0,6-6,220,78
201566,Russell Westbrook,LAL,14,35.4,17.6,8.2,8.1,7.0,14.7,0.8,2.4,2.9,4.9,december,2021-22,25.2,33.9,52.3,11.7,80.1,6.4,4.8,30.4,1.0,1.7,3.1,13.4,18.3,25.8,,5.1,26.7,,2.2,,2.8,62.9,,16.3265306122449,35.4,6-3,200,75
1629628,RJ Barrett,NYK,8,30.0,17.6,4.6,2.3,6.0,14.8,2.1,6.4,3.5,4.9,december,2021-22,26.5,15.8,52.2,10.4,46.8,2.4,3.03,30.6,1.8,0.8,2.1,2.7,28.5,18.0,,2.4,23.8,6.6,7.3,3.4,3.4,62.9,,43.24324324324324,30.0,6-6,214,78
202696,Nikola Vučević,CHI,11,33.3,17.5,11.7,2.6,7.3,17.0,2.2,6.0,0.8,1.2,december,2021-22,24.5,12.4,50.1,12.8,72.5,1.9,1.6,43.9,6.3,5.3,4.9,,12.5,,28.8,16.1,15.2,,10.0,3.6,7.6,58.3,,35.294117647058826,33.3,6-10,260,82
201988,Patty Mills,BKN,12,35.4,17.5,2.7,2.7,6.3,14.5,3.7,9.8,1.3,1.5,december,2021-22,19.6,10.5,57.7,8.6,52.5,2.6,3.01,28.8,0.3,0.0,0.3,,,,,,,,,,,67.6,,67.58620689655173,35.4,6-0,180,72
1628991,Jaren Jackson Jr.,MEM,15,28.2,17.5,4.8,1.3,5.9,14.2,1.5,5.4,4.2,5.3,december,2021-22,26.4,7.2,52.9,9.3,40.1,1.3,1.99,27.6,1.3,1.7,3.7,11.1,15.3,2.1,9.7,19.8,26.4,1.5,3.4,,3.9,53.3,,38.02816901408451,28.2,6-11,242,83
1628401,Derrick White,BOS,15,29.4,17.2,3.6,5.7,5.7,12.3,1.7,5.7,4.2,4.7,december,2021-22,22.1,27.4,59.7,13.7,55.9,3.6,3.84,29.9,0.4,0.0,0.8,4.7,10.8,35.1,1.6,,25.9,9.5,1.3,5.1,1.7,57.5,,46.34146341463414,29.4,6-4,190,76
1626156,D'Angelo Russell,MIN,8,35.0,17.1,4.3,8.4,5.6,16.6,2.9,9.0,3.0,3.9,december,2021-22,25.0,34.7,46.7,9.6,88.3,6.7,4.55,33.3,0.5,0.0,0.5,8.7,15.5,36.2,,,20.8,7.9,,,,68.8,,54.21686746987952,35.0,6-4,193,76
202330,Gordon Hayward,CHA,12,32.8,17.1,4.1,4.4,6.0,13.3,1.8,4.7,3.3,3.8,december,2021-22,21.3,19.0,57.3,10.6,63.1,3.6,3.42,36.2,1.6,1.7,3.3,,,,,,,,,,,53.8,,35.338345864661655,32.8,6-7,225,79
202699,Tobias Harris,PHI,13,35.1,16.8,7.0,3.6,5.7,13.7,0.9,3.5,4.5,5.2,december,2021-22,23.2,16.8,52.7,10.9,69.2,3.4,2.98,39.5,1.0,2.4,2.0,4.2,17.9,6.8,,14.6,31.8,,6.3,3.0,6.3,64.2,,25.547445255474454,35.1,6-7,226,79
202685,Jonas Valančiūnas,NOP,10,31.5,16.6,10.9,2.3,6.6,12.0,0.4,1.7,3.0,4.2,december,2021-22,23.6,11.9,59.9,13.4,61.8,1.8,1.7,38.0,3.0,7.2,11.0,,,,22.1,29.7,4.2,,13.7,,16.0,54.5,,14.166666666666666,31.5,6-11,265,83
1627736,Malik Beasley,MIN,14,30.9,16.6,4.1,2.1,6.2,15.0,3.9,10.6,0.3,0.4,december,2021-22,21.8,11.5,54.7,9.5,45.1,1.6,2.16,30.4,0.2,0.0,0.4,,,,,,,,,,,69.2,,70.66666666666667,30.9,6-4,187,76
1628404,Josh Hart,POR,8,37.6,16.5,9.1,5.5,6.0,9.8,1.4,3.3,3.1,4.1,december,2021-22,17.1,21.6,71.3,13.5,61.8,2.7,2.6,33.3,0.9,0.3,1.9,,21.0,10.3,,,45.6,4.0,4.6,,,66.7,,33.6734693877551,37.6,6-5,215,77
203501,Tim Hardaway Jr.,DAL,10,29.2,16.5,4.5,2.3,5.8,14.1,2.8,8.5,2.1,2.8,december,2021-22,24.7,12.8,53.8,11.7,54.0,2.4,2.64,33.5,0.6,0.1,1.0,2.2,21.3,5.7,3.2,,32.4,12.1,2.8,15.8,,66.7,,60.28368794326241,29.2,6-5,205,77
1630169,Tyrese Haliburton,IND,15,35.2,16.5,4.1,8.8,6.1,12.3,2.7,5.7,1.5,1.7,december,2021-22,19.1,37.4,63.2,13.5,81.2,6.1,4.5,34.8,0.2,0.0,0.5,,,,,,,,,,,76.5,,46.34146341463414,35.2,6-5,185,77
202704,Reggie Jackson,LAC,11,30.6,16.5,3.1,5.1,6.4,17.0,2.2,6.6,1.5,1.9,december,2021-22,28.8,25.9,46.1,8.0,68.6,6.4,5.6,26.5,0.4,0.1,0.5,,,,,,,,,,,53.2,,38.8235294117647,30.6,6-2,208,74
1626179,Terry Rozier,CHA,9,30.7,16.4,4.3,3.6,6.0,14.4,2.9,7.3,1.6,2.2,december,2021-22,21.8,17.2,53.3,10.0,58.1,3.6,3.69,28.4,0.6,0.0,0.4,,,,,,,,,,,55.3,,50.69444444444444,30.7,6-1,190,73
1630567,Scottie Barnes,TOR,7,37.8,16.3,8.4,3.7,6.4,12.4,1.3,3.6,2.1,3.0,december,2021-22,16.7,14.8,59.2,12.2,66.3,2.8,2.56,34.9,2.3,1.4,4.7,7.9,21.7,13.1,5.7,10.7,19.7,2.2,9.3,1.5,5.0,39.7,,29.03225806451613,37.8,6-7,225,79
201569,Eric Gordon,HOU,14,29.5,16.1,1.3,4.7,5.7,10.7,2.5,5.4,2.2,2.7,december,2021-22,20.4,23.7,67.8,10.4,58.6,4.4,4.49,26.2,0.4,0.0,0.3,,,,,,60.0,,,,,65.2,,50.46728971962617,29.5,6-3,215,75
203497,Rudy Gobert,UTA,14,32.5,16.1,15.4,1.2,5.4,8.0,0.0,0.0,5.3,7.4,december,2021-22,16.6,5.3,71.6,17.9,33.8,0.7,1.27,21.0,2.5,1.0,11.9,,12.6,,16.7,,,,28.5,,26.9,54.6,,0.0,32.5,7-1,258,85
1626171,Bobby Portis,MIL,12,28.5,15.9,9.8,1.5,5.9,12.5,1.8,4.6,2.3,2.8,december,2021-22,22.4,8.0,57.9,12.7,47.8,1.2,1.53,24.3,1.5,1.4,6.4,3.2,11.0,,15.8,19.8,31.1,,6.6,,5.8,59.3,,36.8,28.5,6-10,250,82
1629673,Jordan Poole,GSW,7,31.6,15.9,4.3,3.7,4.7,12.0,2.0,6.6,4.4,4.9,december,2021-22,22.2,18.8,56.1,10.1,61.4,3.8,3.69,33.4,0.6,0.0,0.6,7.9,19.9,30.6,,,14.3,12.9,,5.4,,44.4,,54.99999999999999,31.6,6-4,194,76
203552,Seth Curry,BKN,13,35.8,15.8,3.1,5.2,6.2,12.2,2.0,5.1,1.4,1.7,december,2021-22,18.7,23.4,61.1,10.1,62.8,3.5,3.37,44.8,0.1,0.0,0.1,,,,,,,,,,,54.8,,41.80327868852459,35.8,6-2,185,74
1627749,Dejounte Murray,SAS,12,33.5,15.8,8.2,9.9,6.5,15.3,1.8,4.5,1.1,1.6,december,2021-22,23.0,40.1,49.4,14.0,84.6,6.9,4.9,26.7,1.2,0.2,2.0,,,,,,,,,,,57.5,,29.411764705882355,33.5,6-4,180,76
200768,Kyle Lowry,MIA,13,35.5,15.8,4.2,8.5,5.2,12.3,2.5,7.2,2.8,3.7,december,2021-22,21.6,37.6,56.6,11.3,86.3,5.7,3.94,40.8,0.5,0.2,1.1,,,,,,,,,,,53.4,,58.536585365853654,35.5,6-0,196,72
1629056,Terence Davis,SAC,8,22.7,15.8,4.6,1.6,5.8,11.9,2.5,6.0,1.8,1.9,december,2021-22,25.8,10.1,62.0,12.2,32.8,1.4,2.53,19.4,0.4,0.0,1.1,,,,,,,,,,,55.2,,50.42016806722689,22.7,6-4,201,76
1629652,Luguentz Dort,OKC,14,32.7,15.6,3.8,1.6,5.3,14.6,2.6,8.2,2.4,3.0,december,2021-22,22.7,7.4,48.8,5.6,40.1,2.0,3.0,26.6,0.4,0.1,1.0,,15.0,,5.5,,61.5,,4.0,,,69.6,,56.164383561643824,32.7,6-3,215,75
203914,Gary Harris,ORL,13,33.2,15.5,2.8,2.4,5.3,10.8,2.2,5.1,2.6,3.1,december,2021-22,17.1,10.3,63.8,8.8,35.5,1.6,2.74,26.3,0.3,0.0,0.9,,16.7,,,,54.2,,,,,68.2,,47.222222222222214,33.2,6-4,210,76
1628366,Lonzo Ball,CHI,7,38.0,15.4,6.1,5.6,5.3,13.3,3.3,9.1,1.6,2.0,december,2021-22,19.0,22.2,54.5,10.2,78.6,4.5,3.44,30.4,1.4,0.4,2.1,,19.3,16.5,,,36.3,6.1,,,,50.8,,68.42105263157893,38.0,6-6,190,78
203082,Terrence Ross,ORL,7,27.4,15.4,4.0,3.0,4.9,11.0,1.4,5.1,4.3,4.6,december,2021-22,22.3,16.9,59.3,10.8,37.7,1.6,2.62,26.0,1.0,0.0,0.3,,,,,,,,,,,72.2,,46.36363636363636,27.4,6-6,206,78
1626167,Myles Turner,IND,13,31.2,15.4,6.8,1.0,5.8,10.8,1.5,4.6,2.2,2.6,december,2021-22,18.0,4.9,64.5,11.4,37.6,0.9,1.44,22.6,1.6,1.8,4.5,,7.7,,17.7,7.3,42.3,,7.1,,6.0,51.8,,42.59259259259259,31.2,6-11,250,83
1627763,Malcolm Brogdon,IND,8,31.9,15.3,4.3,6.5,5.1,12.4,1.1,4.6,3.9,4.9,december,2021-22,21.8,30.6,52.5,11.2,80.1,6.0,4.48,34.4,0.9,0.1,0.9,,,,,,,,,,,76.5,,37.096774193548384,31.9,6-5,229,77
1629640,Keldon Johnson,SAS,14,29.6,15.2,6.8,1.1,5.4,11.6,2.1,4.3,2.2,2.9,december,2021-22,20.0,5.3,58.8,10.0,45.3,1.6,2.17,23.8,0.7,0.6,1.7,3.9,20.0,2.8,,4.4,32.0,7.4,9.2,,10.9,58.3,,37.06896551724138,29.6,6-6,220,78
1629632,Coby White,CHI,6,30.5,15.2,2.8,3.5,5.0,11.3,2.8,6.7,2.3,3.0,december,2021-22,20.5,15.7,59.9,8.0,55.3,3.8,4.09,21.8,0.8,0.0,0.3,7.7,29.3,29.6,,,20.9,3.1,,2.6,,76.9,,59.29203539823009,30.5,6-4,195,76
1629018,Gary Trent Jr.,TOR,9,35.2,15.1,2.7,3.1,5.8,14.6,3.0,7.8,0.6,1.1,december,2021-22,19.6,12.6,50.2,8.0,41.4,2.0,2.9,29.7,0.4,0.1,0.6,,18.3,6.4,,,48.6,9.0,,6.8,,61.1,,53.42465753424658,35.2,6-5,209,77
1629661,Cameron Johnson,PHX,14,28.4,15.1,5.6,1.4,5.1,10.5,3.2,6.9,1.6,1.8,december,2021-22,17.4,7.0,66.8,12.9,37.0,1.1,1.71,22.9,0.7,0.0,1.3,,25.0,8.2,,,26.5,15.3,6.7,4.9,,63.9,,65.71428571428571,28.4,6-8,210,80
200746,LaMarcus Aldridge,BKN,6,27.5,15.0,5.5,1.0,6.2,11.2,0.5,1.5,2.2,2.2,december,2021-22,20.2,5.0,61.9,10.9,45.2,1.2,1.63,26.0,5.3,1.8,3.3,,,,,,,,,,,70.3,,13.392857142857142,27.5,6-11,250,83
1628379,Luke Kennard,LAC,14,30.8,14.9,3.8,2.1,5.1,11.0,3.4,7.1,1.4,1.6,december,2021-22,17.2,10.6,63.8,10.2,41.6,1.5,2.22,28.7,0.7,0.0,0.6,,24.5,9.1,,,32.0,7.9,5.8,11.6,,64.5,,64.54545454545453,30.8,6-5,206,77
201144,Mike Conley,UTA,12,28.3,14.8,3.9,5.3,5.3,11.9,2.4,5.9,1.9,2.4,december,2021-22,20.6,26.2,57.1,12.7,65.6,5.4,4.97,26.6,0.2,0.0,0.5,,14.8,21.2,,,33.3,13.8,,5.8,,65.6,,49.57983193277311,28.3,6-1,175,73
203994,Jusuf Nurkić,POR,10,27.4,14.8,8.1,2.4,5.6,10.5,0.1,0.8,3.5,4.9,december,2021-22,24.9,16.4,58.5,11.8,60.7,1.9,1.86,35.8,6.5,5.4,6.1,,6.9,,22.4,10.4,11.8,,17.3,,13.6,66.0,,7.6190476190476195,27.4,6-11,290,83
1629629,Cam Reddish,NYK,10,27.2,14.7,2.1,1.5,4.8,11.9,2.2,5.6,2.9,3.2,december,2021-22,23.0,9.2,55.2,7.7,31.0,1.3,2.58,22.4,0.8,0.0,0.7,,,,,,,,,,,70.6,,47.05882352941176,27.2,6-8,217,80
203471,Dennis Schröder,HOU,9,30.2,14.7,2.3,4.1,5.1,13.0,1.4,4.2,3.0,3.4,december,2021-22,23.1,20.0,50.5,7.8,68.2,5.7,4.98,27.6,0.2,0.0,0.0,14.8,11.2,36.6,,,23.1,5.2,,,,59.5,,32.30769230769231,30.2,6-1,172,73
1628420,Monte Morris,DEN,12,30.8,14.7,2.9,4.2,5.7,11.2,2.3,5.0,1.1,1.3,december,2021-22,18.0,19.0,62.6,10.4,65.0,4.1,3.83,35.2,0.4,0.0,0.7,,,,,,,,,,,67.6,,44.642857142857146,30.8,6-2,183,74
1630596,Evan Mobley,CLE,11,33.0,14.5,8.4,2.5,6.0,12.1,0.5,1.3,2.0,2.5,december,2021-22,18.9,11.6,54.9,12.4,60.2,1.9,1.86,32.9,5.5,2.9,7.5,4.7,16.0,9.5,14.3,8.0,17.9,1.6,13.8,2.7,6.5,45.7,,10.743801652892563,33.0,6-11,215,83
203903,Jordan Clarkson,UTA,14,26.3,14.4,4.1,2.8,5.5,13.8,2.2,7.3,1.2,1.7,december,2021-22,25.0,15.9,49.6,9.1,37.6,2.4,3.83,21.9,0.2,0.1,0.6,5.2,25.6,12.3,,,36.0,7.8,4.2,,3.9,58.5,,52.89855072463767,26.3,6-4,194,76
1630178,Tyrese Maxey,PHI,11,32.3,14.4,2.9,3.4,5.7,12.4,1.4,3.5,1.5,1.9,december,2021-22,20.3,17.5,54.4,9.0,82.1,5.7,4.16,36.0,0.3,0.0,0.6,14.5,21.9,26.2,1.3,1.4,14.3,6.7,3.0,5.4,,51.2,,28.2258064516129,32.3,6-2,200,74
1629622,Max Strus,MIA,13,25.4,14.3,3.3,1.4,5.0,10.2,3.0,7.2,1.3,1.5,december,2021-22,20.1,9.0,65.6,11.6,38.5,1.1,1.68,23.7,0.4,0.0,1.5,,,,,,,,,,,57.5,,70.58823529411765,25.4,6-5,215,77
203932,Aaron Gordon,DEN,10,33.4,14.3,4.4,2.2,5.3,10.3,1.1,3.4,2.6,3.6,december,2021-22,17.9,9.1,60.2,7.8,44.7,2.1,2.79,29.1,1.7,3.5,4.6,16.0,13.0,10.4,5.9,11.2,15.4,,13.0,,5.3,66.0,,33.009708737864074,33.4,6-8,235,80
101108,Chris Paul,PHX,14,32.3,14.2,4.1,9.2,5.7,11.8,0.7,2.8,2.1,2.6,december,2021-22,20.6,40.6,55.0,13.5,73.1,7.0,5.75,26.1,0.2,0.2,0.2,,,43.8,,,15.6,,,,,62.5,,23.72881355932203,32.3,6-0,175,72
1630256,Jae'Sean Tate,HOU,14,27.5,14.2,4.7,4.2,5.4,10.6,1.1,2.8,2.4,3.5,december,2021-22,22.0,24.6,58.3,10.7,52.6,2.9,3.29,28.1,0.9,1.0,2.8,,,,,,,,,,,60.0,,26.41509433962264,27.5,6-4,230,76
1628977,Hamidou Diallo,DET,11,28.1,14.1,4.7,1.8,6.0,10.5,0.7,1.9,1.4,3.1,december,2021-22,20.2,11.5,59.2,10.6,46.8,2.0,2.61,23.8,0.9,0.1,1.8,,,,,,,,,,,71.1,,18.095238095238095,28.1,6-5,202,77
203084,Harrison Barnes,SAC,13,32.0,14.1,4.8,2.2,4.3,10.9,2.2,5.2,3.2,3.9,december,2021-22,18.2,10.1,55.6,8.4,45.0,1.8,2.37,27.3,1.5,0.6,1.3,8.0,18.8,3.3,5.0,2.5,43.8,4.8,,4.8,,55.7,,47.706422018348626,32.0,6-8,225,80
1628984,Devonte' Graham,NOP,12,32.1,14.0,3.0,4.8,4.5,12.1,3.5,9.0,1.5,1.8,december,2021-22,18.8,21.1,54.5,9.6,70.7,5.0,4.27,30.7,0.1,0.0,0.2,,,,,,,,,,,53.3,,74.38016528925621,32.1,6-1,195,73
203115,Will Barton,DEN,11,31.6,14.0,4.9,3.6,5.4,13.8,2.3,6.7,1.0,1.1,december,2021-22,22.0,17.2,49.0,8.3,59.2,3.5,3.59,34.8,1.1,0.1,1.5,,,,,,,,,,,68.4,,48.55072463768116,31.6,6-5,181,77
1628449,Chris Boucher,TOR,10,24.5,13.7,7.8,0.5,4.8,9.4,1.2,3.7,2.9,3.5,december,2021-22,21.0,3.0,62.6,12.1,39.4,1.1,1.62,23.6,1.3,0.3,6.3,,,,,,,,,,,68.2,,39.361702127659576,24.5,6-9,200,81
1628370,Malik Monk,LAL,9,27.1,13.6,3.3,2.0,4.9,9.8,2.1,5.3,1.7,1.8,december,2021-22,17.6,10.1,64.2,10.6,39.1,1.8,2.76,22.7,0.8,0.1,1.9,8.4,22.0,24.1,3.5,,25.5,6.7,,4.6,,63.2,,54.08163265306122,27.1,6-3,200,75
1629638,Nickeil Alexander-Walker,UTA,9,26.2,13.6,2.7,3.0,5.3,13.8,2.4,6.4,0.4,1.0,december,2021-22,25.3,18.5,47.7,6.9,54.2,3.0,3.33,29.8,0.6,0.0,0.9,2.9,27.3,18.8,2.9,,22.7,7.1,2.9,9.1,1.3,64.0,,46.3768115942029,26.2,6-5,205,77
1628398,Kyle Kuzma,WAS,12,31.3,13.4,6.2,3.0,5.3,12.3,1.3,5.1,1.6,2.3,december,2021-22,20.4,14.5,50.2,10.0,47.1,2.0,2.58,29.3,0.7,0.4,2.4,5.1,27.3,5.3,8.7,2.8,27.5,4.1,8.5,,4.9,58.9,,41.46341463414633,31.3,6-9,221,81
201568,Danilo Gallinari,ATL,8,25.5,13.4,4.8,1.9,4.4,9.4,2.4,4.6,2.3,2.4,december,2021-22,19.0,11.3,64.2,11.8,40.5,1.7,2.59,23.8,0.9,2.5,0.9,,,,,,,,,,,55.6,,48.93617021276595,25.5,6-10,236,82
1628989,Kevin Huerter,ATL,8,33.1,13.4,3.1,3.4,5.0,10.8,2.6,6.1,0.8,0.8,december,2021-22,16.2,13.4,60.4,6.9,46.8,2.0,2.59,30.9,0.6,0.0,1.0,,22.8,11.3,,,36.6,6.3,8.2,4.0,3.3,69.4,,56.481481481481474,33.1,6-7,198,79
1630537,Chris Duarte,IND,12,28.4,13.3,3.8,2.3,5.0,10.7,1.6,4.9,1.8,2.3,december,2021-22,20.5,12.0,57.0,9.1,45.6,2.1,2.72,27.7,1.1,0.1,1.2,,,,,,,,,,,67.9,,45.79439252336449,28.4,6-5,190,77
202692,Alec Burks,NYK,14,32.3,13.3,4.4,2.7,3.9,10.1,1.9,4.9,3.6,4.4,december,2021-22,17.8,12.7,54.9,8.2,56.6,3.6,3.76,28.7,0.5,0.0,0.6,,,,,,,,,,,69.5,,48.51485148514852,32.3,6-6,214,78
1628997,Caleb Martin,MIA,8,29.3,13.3,4.5,1.9,4.9,8.6,1.6,3.8,1.9,2.8,december,2021-22,16.4,9.9,67.4,11.4,37.1,1.3,2.15,24.8,0.6,0.0,2.4,,32.5,7.9,,,35.7,,,,,59.5,,44.18604651162791,29.3,6-5,205,77
1626196,Josh Richardson,SAS,9,27.2,13.1,2.7,1.8,4.3,9.4,2.0,4.6,2.4,2.9,december,2021-22,18.1,9.8,61.2,9.2,47.4,2.2,2.78,29.1,0.7,0.0,0.9,,,,,,,,,,,76.2,,48.93617021276595,27.2,6-5,200,77
1627741,Buddy Hield,IND,15,28.7,13.1,2.7,1.7,4.3,11.7,2.9,7.9,1.5,1.6,december,2021-22,20.2,8.7,52.8,6.3,43.3,1.8,2.47,26.3,0.1,0.0,0.4,,23.1,4.8,,,34.0,5.4,5.4,12.2,3.7,68.9,,67.52136752136752,28.7,6-4,220,76
1629022,Lonnie Walker IV,SAS,14,22.3,12.9,2.6,2.1,4.7,10.6,1.8,5.1,1.6,1.8,december,2021-22,22.6,13.7,56.3,10.0,28.5,1.4,2.97,19.3,0.3,0.0,0.4,,,,,,,,,,,54.8,,48.113207547169814,22.3,6-4,204,76
203095,Evan Fournier,NYK,14,29.8,12.7,2.6,2.0,4.8,12.1,2.4,7.2,0.8,1.1,december,2021-22,20.2,11.1,50.3,6.4,37.9,1.8,2.84,27.9,0.2,0.0,0.4,,,,,,,,,,,67.3,,59.50413223140496,29.8,6-6,205,78
1629130,Duncan Robinson,MIA,14,27.8,12.6,2.8,1.6,4.2,10.3,2.9,7.8,1.3,1.5,december,2021-22,18.2,9.4,57.8,7.8,38.9,1.1,1.7,28.3,0.1,0.0,1.1,,18.5,7.9,4.3,,31.2,11.7,,18.8,,71.4,,75.72815533980581,27.8,6-7,215,79
1628976,Wendell Carter Jr.,ORL,12,30.0,12.5,11.1,3.0,4.6,9.9,1.0,3.5,2.3,2.9,december,2021-22,19.1,15.1,55.8,12.7,63.5,1.8,1.66,35.5,4.2,1.5,5.9,,10.9,,19.2,3.2,26.2,,17.1,,12.7,51.4,,35.35353535353536,30.0,6-10,270,82
203926,Doug McDermott,SAS,14,23.8,12.3,2.9,1.5,4.7,9.9,2.1,5.5,0.7,0.9,december,2021-22,18.8,8.2,59.8,8.3,29.9,0.8,1.56,22.3,0.5,0.0,0.9,,,,,,65.4,,,,,64.1,,55.55555555555556,23.8,6-7,225,79
1628402,Frank Jackson,DET,12,24.7,12.3,1.8,1.3,4.4,10.7,2.3,6.0,1.2,1.4,december,2021-22,20.8,9.1,54.3,7.0,29.7,1.1,2.22,23.3,0.4,0.0,0.6,,,,,,,,,,,56.4,,56.07476635514019,24.7,6-3,205,75
1629216,Gabe Vincent,MIA,14,30.4,12.1,2.9,4.2,4.4,10.0,2.3,6.1,1.0,1.4,december,2021-22,18.9,21.4,57.3,8.4,64.1,5.3,4.96,24.1,0.4,0.0,0.8,,14.9,14.9,,,38.6,,,13.2,,79.4,,61.0,30.4,6-3,200,75
1630193,Immanuel Quickley,NYK,11,26.3,12.0,2.4,2.6,3.9,10.9,2.0,6.6,2.2,2.3,december,2021-22,21.9,15.8,50.4,6.9,45.6,3.7,4.8,23.2,0.0,0.0,0.3,6.1,28.1,20.9,,,25.4,6.4,1.9,4.1,1.4,43.5,,60.55045871559632,26.3,6-3,190,75
1627827,Dorian Finney-Smith,DAL,15,34.7,11.9,5.2,3.1,4.3,9.1,2.3,5.3,1.0,1.3,december,2021-22,13.9,12.6,61.8,9.5,47.5,1.6,2.08,31.1,1.3,0.0,2.6,,,,,,,,,,,62.1,,58.24175824175825,34.7,6-7,220,79
1629726,Garrison Mathews,HOU,13,31.5,11.9,4.1,0.9,3.5,8.6,2.5,7.1,2.5,3.0,december,2021-22,14.2,4.1,60.0,6.6,32.3,1.0,1.82,18.9,0.2,0.0,0.5,,,,,,,,,,,52.5,,82.55813953488372,31.5,6-5,215,77
1628374,Lauri Markkanen,CLE,15,28.6,11.9,4.4,1.5,4.6,11.2,1.5,5.3,1.2,1.5,december,2021-22,19.5,7.3,50.0,6.7,41.2,1.3,1.84,28.8,2.0,2.3,4.3,4.0,15.6,3.0,8.3,5.7,12.8,7.5,10.6,20.7,7.0,65.4,,47.32142857142858,28.6,6-11,240,83
1626166,Cameron Payne,PHX,14,23.7,11.9,3.5,4.2,4.7,11.8,1.1,3.5,1.4,1.4,december,2021-22,25.6,28.4,47.8,9.4,53.6,4.6,5.19,19.2,0.2,0.0,0.4,,,,,,,,,,,78.4,,29.66101694915254,23.7,6-1,183,73
1627751,Jakob Poeltl,SAS,15,27.5,11.8,7.7,3.3,5.5,9.6,0.0,0.0,0.7,2.1,december,2021-22,18.4,15.5,56.1,9.4,56.4,1.4,1.44,32.9,7.3,1.9,9.7,,13.0,,16.7,,,,40.7,,14.8,54.2,,0.0,27.5,7-1,245,85
1630581,Josh Giddey,OKC,10,31.3,11.8,7.1,6.7,4.9,12.8,0.9,4.0,1.1,1.7,december,2021-22,22.4,33.7,43.5,10.5,80.0,4.4,3.29,43.9,0.7,0.2,2.2,5.0,22.8,38.8,,,16.0,4.5,4.3,,,57.8,,31.25,31.3,6-8,205,80
2546,Carmelo Anthony,LAL,14,25.1,11.8,5.2,1.1,4.0,10.0,2.0,5.9,1.8,2.4,december,2021-22,19.6,6.6,53.2,9.0,34.0,0.9,1.65,22.4,1.1,2.1,1.9,,,,,,,,,,,60.7,,59.00000000000001,25.1,6-7,238,79
1628998,Cody Martin,CHA,9,33.7,11.8,5.0,3.9,4.3,8.6,1.6,3.1,1.6,2.1,december,2021-22,14.3,15.2,62.1,9.3,56.1,2.7,2.94,28.4,1.4,0.0,2.9,,,,,,,,,,,75.6,,36.04651162790698,33.7,6-6,205,78
1629611,Terance Mann,LAC,15,30.9,11.7,6.1,2.5,4.7,8.7,1.1,2.7,1.3,1.8,december,2021-22,15.0,11.7,62.0,9.5,41.8,2.1,3.07,23.2,0.7,0.0,2.4,3.7,22.0,17.9,,,28.9,4.4,6.6,,8.1,64.9,,31.034482758620697,30.9,6-5,215,77
203935,Marcus Smart,BOS,13,33.8,11.6,3.8,5.2,4.2,10.3,1.1,4.0,2.1,2.7,december,2021-22,17.1,20.7,50.5,7.4,69.4,4.2,3.62,31.3,0.2,0.9,0.8,4.2,18.4,15.1,5.0,,38.3,,,,,66.7,,38.83495145631068,33.8,6-4,220,76
1626149,Montrezl Harrell,CHA,12,22.6,11.6,5.7,2.1,4.4,6.8,0.1,0.3,2.7,4.0,december,2021-22,19.2,14.1,68.1,14.1,39.1,1.4,2.17,25.4,3.3,2.3,6.4,,,,,,,,,,,80.5,,4.411764705882353,22.6,6-7,240,79
1629023,P.J. Washington,CHA,10,28.2,11.5,6.4,3.1,4.0,9.5,2.2,5.9,1.3,1.8,december,2021-22,16.8,14.8,55.9,9.3,54.0,1.3,1.45,28.5,1.9,0.5,3.2,4.1,20.9,6.3,5.4,6.1,29.9,4.1,8.2,,6.8,61.4,,62.10526315789474,28.2,6-7,230,79
201565,Derrick Rose,NYK,8,26.4,11.4,3.3,4.6,4.4,10.1,1.1,3.0,1.5,1.5,december,2021-22,20.5,30.8,52.7,11.5,60.1,4.8,4.74,25.0,0.8,0.0,0.8,,,,,,,,,,,76.5,,29.7029702970297,26.4,6-2,200,74
201937,Ricky Rubio,IND,13,27.3,11.3,4.4,7.2,3.8,10.6,1.2,4.2,2.4,2.8,december,2021-22,21.1,36.9,47.6,12.4,70.2,5.7,4.88,28.8,0.5,0.0,0.4,,,,,,,,,,,56.1,,39.62264150943396,27.3,6-2,190,74
1627854,Bryn Forbes,DEN,13,16.5,11.2,1.4,1.1,3.7,8.3,1.7,4.0,2.2,2.3,december,2021-22,24.3,9.1,60.2,10.7,22.1,0.8,2.06,16.7,0.2,0.0,0.2,,,,,,,,,,,61.1,,48.192771084337345,16.5,6-2,205,74
1626224,Cedi Osman,CLE,9,22.8,11.2,2.3,2.2,4.0,9.4,1.9,5.7,1.3,1.9,december,2021-22,21.3,14.5,54.6,8.4,35.7,1.2,2.06,26.4,0.7,0.0,1.8,,,,,,,,,,,61.8,,60.63829787234043,22.8,6-7,230,79
1630558,Davion Mitchell,SAC,9,25.5,11.2,2.0,3.6,4.6,9.6,1.4,3.4,0.7,0.8,december,2021-22,17.7,20.1,56.7,9.7,43.1,3.1,4.36,18.2,0.2,0.0,0.2,28.6,19.3,8.1,,,35.6,,,,,53.3,,35.41666666666667,25.5,6-0,202,72
1628969,Mikal Bridges,PHX,14,33.1,11.2,4.4,1.6,4.3,9.0,1.4,3.5,1.3,1.4,december,2021-22,13.2,6.4,58.2,7.8,34.5,1.1,1.84,22.3,1.8,0.1,2.4,2.3,25.3,9.1,3.4,2.3,36.2,6.3,5.0,4.8,2.7,60.0,,38.88888888888889,33.1,6-6,209,78
1629001,De'Anthony Melton,MEM,12,23.0,11.2,4.3,3.3,4.1,8.9,1.5,4.6,1.5,2.1,december,2021-22,21.1,20.1,56.8,12.4,46.5,2.6,3.3,22.0,0.5,0.0,1.3,,,,,,,,,,,67.6,,51.685393258426956,23.0,6-2,200,74
1630171,Isaac Okoro,CLE,12,28.3,11.2,3.1,1.9,4.0,7.3,1.3,2.9,1.8,2.5,december,2021-22,15.4,9.3,66.2,7.2,33.7,1.2,2.23,25.0,0.4,0.0,1.8,,25.9,,,,41.6,,10.8,,5.2,56.7,,39.726027397260275,28.3,6-5,225,77
201580,JaVale McGee,PHX,13,16.9,11.2,7.9,0.8,4.4,6.9,0.1,0.3,2.3,3.1,december,2021-22,23.3,7.5,67.4,18.6,28.5,0.7,1.38,15.0,2.4,1.0,6.9,,,,,,,,,,,48.2,,4.3478260869565215,16.9,7-0,270,84
203484,Kentavious Caldwell-Pope,WAS,11,28.7,11.1,3.2,2.1,4.1,10.5,2.1,5.2,0.8,0.9,december,2021-22,18.8,10.5,50.7,6.3,36.7,1.4,2.21,22.7,0.7,0.0,1.3,3.1,24.1,18.1,,,33.7,5.9,,6.5,,67.5,,49.523809523809526,28.7,6-5,204,77
1629667,Jalen McDaniels,CHA,8,26.3,11.0,4.9,1.3,4.4,8.1,1.0,2.9,1.3,1.8,december,2021-22,16.1,6.3,61.8,7.7,37.9,1.2,1.91,20.1,0.6,0.1,3.0,,,,,,,,,,,46.7,,35.80246913580247,26.3,6-9,205,81
203085,Austin Rivers,DEN,5,25.3,10.8,2.6,2.2,3.8,8.2,2.4,5.2,0.8,1.2,december,2021-22,15.9,13.4,61.9,9.2,34.0,1.6,2.85,25.6,0.0,0.0,0.2,,,,,,,,,,,64.7,,63.41463414634148,25.3,6-4,200,76
201143,Al Horford,BOS,9,32.3,10.8,7.1,5.2,3.9,9.4,1.4,5.0,1.6,1.8,december,2021-22,14.9,21.9,52.7,11.1,58.3,1.7,1.78,35.3,3.7,2.2,4.2,,15.0,,12.2,8.9,40.0,,7.8,5.6,,58.9,,53.191489361702125,32.3,6-9,240,81
203991,Clint Capela,ATL,12,30.4,10.8,13.9,2.0,4.8,9.4,0.0,0.0,1.3,2.8,december,2021-22,15.2,9.5,50.6,12.0,41.6,0.9,1.36,20.8,2.8,0.4,11.1,,,,22.1,,,,24.4,,36.6,64.0,,0.0,30.4,6-10,256,82
1630529,Herbert Jones,NOP,12,30.9,10.8,4.3,2.0,4.0,8.4,0.8,2.0,1.9,2.4,december,2021-22,14.6,9.3,56.7,6.9,36.8,1.3,2.1,22.5,1.1,0.0,2.4,,22.4,10.8,,,37.7,6.3,5.4,,,58.3,,23.809523809523807,30.9,6-7,206,79
202339,Eric Bledsoe,POR,15,24.3,10.7,2.9,5.0,4.0,9.2,1.1,2.8,1.6,2.1,december,2021-22,21.3,32.2,53.1,11.0,56.3,4.5,4.82,19.8,0.5,0.0,0.4,,,,,,,,,,,64.4,,30.434782608695656,24.3,6-1,214,73
203200,Justin Holiday,SAC,7,28.9,10.7,3.1,1.3,3.7,9.4,2.3,6.6,1.0,1.1,december,2021-22,16.2,6.3,53.9,5.8,37.4,1.0,1.58,26.4,0.6,0.0,0.6,,,,,,,,,,,56.0,,70.2127659574468,28.9,6-6,180,78
1630183,Jaden McDaniels,MIN,12,29.5,10.7,5.1,1.3,4.1,9.9,1.3,4.7,1.3,1.3,december,2021-22,16.2,7.2,50.8,6.6,43.2,1.1,1.54,21.1,0.7,0.1,2.2,2.3,27.6,10.3,,,36.8,5.2,5.0,3.2,3.9,46.3,,47.474747474747474,29.5,6-9,185,81
1628963,Marvin Bagley III,DET,9,22.8,10.7,7.8,0.7,4.2,9.2,0.7,2.9,1.6,2.0,december,2021-22,18.2,4.3,52.8,11.4,32.3,0.9,1.69,18.2,0.6,0.8,4.0,7.3,7.3,,21.6,5.7,8.9,,18.4,,23.8,48.1,,31.521739130434785,22.8,6-11,235,83
1629057,Robert Williams III,BOS,14,26.7,10.6,8.2,2.1,4.7,6.3,0.0,0.0,1.1,1.8,december,2021-22,13.5,13.3,74.7,14.2,35.9,0.8,1.38,23.8,1.7,0.4,9.8,,,,17.1,,9.8,,32.5,,20.3,53.8,,0.0,26.7,6-9,237,81
203915,Spencer Dinwiddie,DAL,11,30.8,10.5,4.9,6.2,3.6,10.4,1.2,4.5,2.1,3.5,december,2021-22,19.8,29.7,44.2,7.3,67.4,6.1,5.42,27.4,0.5,0.0,0.7,,,,,,,,,,,74.1,,43.26923076923077,30.8,6-6,215,78
1629669,Jaylen Nowell,MIN,11,18.3,10.5,2.1,2.4,4.1,8.9,1.5,3.4,0.8,1.4,december,2021-22,23.5,21.3,55.0,10.5,30.8,1.7,3.31,16.7,0.2,0.0,0.4,,,,,,,,,,,81.8,,38.20224719101123,18.3,6-4,201,76
1629634,Brandon Clarke,MEM,5,16.2,10.4,4.4,1.2,4.6,6.6,0.4,1.0,0.8,1.2,december,2021-22,19.3,12.8,73.0,18.9,25.0,0.7,1.61,16.8,3.2,0.2,3.4,,,,,,,,,,,57.1,,15.151515151515152,16.2,6-8,215,80
1629014,Anfernee Simons,POR,9,25.6,10.3,2.1,2.0,3.6,10.8,1.7,5.0,1.6,1.7,december,2021-22,21.6,12.8,44.9,2.8,44.6,3.6,4.91,20.1,0.4,0.0,0.4,18.2,14.5,28.8,,,19.8,7.2,,4.9,,69.0,,46.29629629629629,25.6,6-3,181,75
1626192,Pat Connaughton,MIL,16,27.8,10.3,4.1,1.2,3.7,7.9,2.2,5.6,0.8,0.8,december,2021-22,13.0,5.8,62.2,9.2,32.3,0.8,1.55,17.3,0.3,0.0,1.8,,,,,,,,,,,73.3,,70.88607594936708,27.8,6-5,209,77
203109,Jae Crowder,PHX,11,28.6,10.0,4.5,1.3,3.5,7.9,1.8,5.1,1.1,1.3,december,2021-22,15.0,6.0,59.0,7.3,46.9,1.2,1.52,21.2,0.5,0.0,0.5,,,,,,,,,,,58.7,,64.55696202531644,28.6,6-6,235,78
200782,P.J. Tucker,MIA,10,28.8,10.0,5.0,3.2,3.8,7.7,1.7,3.4,0.7,1.0,december,2021-22,14.6,16.9,61.4,10.3,41.3,1.3,1.95,26.9,2.4,0.5,3.0,,,,,,,,,,,61.8,,44.15584415584416,28.8,6-5,245,77
1630202,Payton Pritchard,BOS,12,20.8,10.0,2.9,2.9,3.7,8.4,2.3,5.3,0.4,0.4,december,2021-22,18.8,23.5,58.1,11.9,43.5,3.0,4.18,18.5,0.3,0.0,0.3,12.8,16.2,25.6,1.9,,26.2,6.4,,5.1,1.8,52.2,,63.095238095238095,20.8,6-1,195,73
1629655,Daniel Gafford,WAS,14,24.5,9.9,7.9,1.1,4.0,6.1,0.0,0.0,1.9,2.2,december,2021-22,14.5,6.8,70.0,12.0,41.6,1.1,1.58,21.3,3.1,0.4,8.1,,8.8,,19.9,11.0,,,20.4,,18.2,62.2,,0.0,24.5,6-9,234,81
1626145,Tyus Jones,MEM,15,27.3,9.8,3.1,5.0,3.8,8.7,1.1,3.1,1.1,1.2,december,2021-22,15.5,25.3,53.3,12.2,58.2,5.0,5.11,21.2,0.2,0.0,0.1,,17.2,23.8,,,41.7,,,,,56.8,,35.63218390804598,27.3,6-0,196,72
1629002,Chimezie Metu,SAC,13,23.8,9.8,6.2,0.8,3.8,9.1,1.0,3.5,1.2,1.6,december,2021-22,19.3,5.6,49.9,10.4,37.9,1.1,1.7,20.8,0.6,0.5,1.8,,,,,,,,,,,45.5,,38.46153846153847,23.8,6-9,225,81
1629717,Armoni Brooks,TOR,15,25.7,9.7,2.9,2.3,3.4,8.9,2.3,7.5,0.6,0.7,december,2021-22,16.5,12.6,52.7,7.0,38.3,1.6,2.5,25.7,0.2,0.0,0.6,,,,,,,,,,,68.9,,84.26966292134831,25.7,6-3,195,75
201145,Jeff Green,DEN,13,27.3,9.7,3.8,1.5,3.5,6.5,0.8,2.0,1.8,2.2,december,2021-22,13.7,7.0,64.7,6.3,29.2,0.9,1.85,19.8,1.8,1.3,3.9,,,,,,,,,,,68.0,,30.76923076923077,27.3,6-8,235,80
1630598,Aaron Wiggins,OKC,9,22.6,9.7,3.7,0.8,3.7,6.2,0.8,2.4,1.6,2.1,december,2021-22,14.4,5.2,67.6,9.6,22.8,0.8,2.12,15.9,0.1,0.0,1.6,6.3,22.9,8.6,,,44.9,,3.3,4.0,,68.6,,38.70967741935484,22.6,6-4,190,76
1629659,Talen Horton-Tucker,LAL,11,27.8,9.6,3.3,2.6,3.7,9.6,0.5,3.0,1.7,2.4,december,2021-22,17.9,13.8,45.1,5.1,43.6,2.2,2.99,25.0,1.7,0.1,2.0,,,,,,,,,,,58.7,,31.25,27.8,6-4,234,76
201976,Patrick Beverley,MIN,8,29.4,9.6,4.6,5.6,3.4,9.0,1.3,4.5,1.6,2.6,december,2021-22,15.9,26.3,47.4,8.9,67.5,4.9,4.37,25.8,0.5,0.0,1.3,,,,,,,,,,,56.1,,50.0,29.4,6-1,180,73
1626168,Trey Lyles,SAC,10,19.6,9.6,4.3,1.3,3.0,6.6,0.8,2.4,2.8,3.0,december,2021-22,20.7,11.8,60.6,11.7,36.2,1.2,1.93,20.6,1.1,1.2,2.1,,,,,,,,,,,65.5,,36.36363636363637,19.6,6-9,234,81
1630578,Alperen Sengun,HOU,16,18.6,9.6,4.8,2.8,3.4,6.8,0.2,1.1,2.5,3.3,december,2021-22,22.6,23.8,58.3,11.0,35.8,1.6,2.61,26.1,1.9,3.1,3.2,14.9,13.5,5.2,9.2,21.7,11.8,,9.1,,7.4,58.0,,16.176470588235293,18.6,6-10,243,82
203463,Ben McLemore,POR,11,17.9,9.5,1.6,0.7,3.3,7.5,2.5,5.8,0.5,0.5,december,2021-22,19.2,7.6,62.0,8.9,21.9,0.6,1.52,15.4,0.5,0.0,0.7,,,,,,,,,,,69.2,,77.33333333333333,17.9,6-3,195,75
1630219,Skylar Mays,ATL,6,22.6,9.5,3.2,1.7,4.0,7.5,1.2,3.0,0.3,0.3,december,2021-22,15.6,10.9,62.1,10.0,36.0,2.2,3.63,15.5,0.7,0.0,1.0,,,,,,,,,,,70.6,,40.0,22.6,6-4,205,76
1627826,Ivica Zubac,LAC,14,25.9,9.4,8.1,0.9,3.6,5.4,0.0,0.0,2.2,3.1,december,2021-22,14.6,4.9,68.7,10.8,37.1,0.9,1.43,18.6,4.4,1.1,8.9,,5.5,,18.4,28.3,,,20.1,,20.3,47.5,,0.0,25.9,7-0,240,84
1628372,Dennis Smith Jr.,POR,6,27.3,9.3,4.3,4.8,3.7,8.3,0.5,1.8,1.5,2.0,december,2021-22,19.0,29.6,50.7,9.2,66.3,5.3,4.83,21.8,0.0,0.0,0.8,,,,,,,,,,,75.0,,21.686746987951803,27.3,6-2,205,74
1627780,Gary Payton II,GSW,13,18.6,9.3,3.7,0.7,3.8,6.2,1.2,2.5,0.5,0.8,december,2021-22,16.7,6.4,70.5,13.4,24.6,0.7,1.64,16.0,0.4,0.3,4.0,,14.6,,9.3,,21.5,,29.8,,9.8,68.3,,40.32258064516129,18.6,6-3,195,75
1629003,Shake Milton,PHI,10,24.2,9.3,2.8,2.4,3.4,8.6,1.1,2.9,1.4,1.8,december,2021-22,20.2,15.2,49.5,7.5,56.5,4.2,4.51,24.6,0.2,0.0,0.3,,,,,,,,,,,57.1,,33.72093023255814,24.2,6-5,205,77
1630231,KJ Martin,HOU,14,21.4,9.3,3.9,1.8,3.7,6.9,0.6,2.0,1.2,2.1,december,2021-22,16.6,13.1,59.0,10.1,34.2,1.0,1.74,19.8,1.1,0.1,3.2,,,,,,,,,,,56.8,,28.985507246376812,21.4,6-5,215,77
202340,Avery Bradley,LAL,8,27.5,9.3,2.3,0.4,3.6,7.9,2.0,4.1,0.0,0.0,december,2021-22,13.0,1.8,58.7,5.5,26.1,0.6,1.36,16.6,0.6,0.0,1.6,,,,,,,,,,,78.9,,51.898734177215175,27.5,6-3,180,75
1629675,Naz Reid,MIN,13,17.5,9.2,4.2,0.6,3.2,7.8,1.2,2.9,1.8,2.4,december,2021-22,23.5,6.0,52.3,8.0,28.9,0.8,1.75,17.5,2.5,1.2,3.3,3.8,17.2,4.8,9.1,8.1,30.7,4.7,3.6,8.4,4.3,62.7,,37.17948717948718,17.5,6-9,264,81
1630538,Bones Hyland,DEN,9,18.4,9.2,1.8,1.6,3.2,9.1,1.4,5.1,1.3,1.6,december,2021-22,24.7,13.7,47.1,5.7,39.1,2.0,3.11,19.8,0.2,0.0,0.2,10.9,23.0,24.3,,,24.3,5.7,,5.7,,68.2,,56.043956043956044,18.4,6-2,169,74
1629670,Jordan Nwora,MIL,9,20.6,9.2,5.6,0.9,3.7,9.0,1.6,3.9,0.3,0.4,december,2021-22,20.7,6.8,50.1,10.8,26.6,1.1,2.44,16.7,0.7,0.0,1.6,,,,,,,,,,,57.1,,43.333333333333336,20.6,6-8,225,80
1630166,Deni Avdija,WAS,14,23.4,9.1,5.0,1.7,3.5,7.1,1.1,3.2,1.0,1.4,december,2021-22,16.7,10.3,59.1,9.8,36.1,1.4,2.31,17.2,0.6,0.3,1.6,14.0,18.1,26.9,,3.1,19.0,4.8,4.0,4.7,1.7,56.8,,45.07042253521127,23.4,6-9,210,81
1630560,Cam Thomas,BKN,10,23.5,9.1,3.8,1.7,3.7,9.2,0.9,3.4,0.8,1.0,december,2021-22,17.6,11.0,47.2,9.1,32.8,1.7,3.07,15.1,0.2,0.0,0.4,16.4,12.0,28.1,,,12.0,17.8,,,,51.4,,36.95652173913044,23.5,6-3,210,75
1630167,Obi Toppin,NYK,10,18.1,9.1,4.7,0.9,3.4,6.4,0.5,1.8,1.8,2.2,december,2021-22,19.7,8.3,61.8,13.0,28.6,0.7,1.53,17.2,0.9,0.7,3.6,,23.9,,,,28.3,,,,,71.4,,28.125,18.1,6-9,220,81
1628464,Daniel Theis,BOS,6,21.5,9.0,6.3,1.0,3.5,7.0,0.7,2.7,1.3,2.2,december,2021-22,19.4,8.6,56.6,11.6,34.8,0.8,1.45,20.7,2.5,0.3,3.3,,,,,,,,,,,67.7,,38.57142857142858,21.5,6-9,245,81
1630191,Isaiah Stewart,DET,9,29.1,9.0,10.0,1.2,3.6,6.6,0.1,0.2,1.8,2.8,december,2021-22,13.2,6.0,57.9,9.2,39.6,1.1,1.61,24.6,3.7,1.6,7.9,,10.3,,13.9,10.3,23.9,,19.2,,11.8,63.3,,3.0303030303030307,29.1,6-8,250,80
1629651,Nic Claxton,BKN,10,22.4,9.0,4.8,0.9,4.1,6.0,0.0,0.0,0.8,1.3,december,2021-22,14.1,5.8,68.5,10.3,27.5,0.7,1.62,15.4,1.7,0.0,5.8,14.1,15.5,3.9,11.1,4.5,10.9,,15.5,,13.4,44.4,,0.0,22.4,6-11,215,83
201577,Robin Lopez,ORL,9,20.2,9.0,4.7,2.9,4.3,7.7,0.0,0.2,0.3,0.7,december,2021-22,20.1,24.3,56.5,10.6,30.9,1.2,2.28,24.8,3.2,5.8,5.3,,,,,,,,,,,60.6,,2.5974025974025974,20.2,7-0,281,84
203504,Trey Burke,DAL,8,17.4,9.0,1.8,3.1,3.6,9.0,1.0,3.6,0.8,0.8,december,2021-22,25.6,28.7,48.2,10.0,38.8,3.2,4.9,17.9,0.4,0.0,0.0,,,,,,,,,,,50.0,,40.0,17.4,6-0,185,72
202326,DeMarcus Cousins,DEN,14,16.8,8.9,5.7,1.3,3.2,7.1,0.6,2.7,1.9,2.4,december,2021-22,21.9,10.1,55.1,10.9,27.2,0.7,1.62,15.6,1.4,1.4,3.8,,,,,,,,,,,63.6,,38.02816901408451,16.8,6-10,270,82
203110,Draymond Green,GSW,11,31.6,8.9,7.9,7.3,3.6,6.7,0.5,1.7,1.2,2.0,december,2021-22,14.9,32.5,58.6,13.5,77.9,3.0,2.34,42.3,2.4,1.3,1.7,,9.4,5.1,10.2,,39.8,,10.2,,2.7,46.2,,25.37313432835821,31.6,6-6,230,78
1627777,Georges Niang,PHI,10,19.5,8.9,2.4,0.7,3.3,6.7,1.8,4.1,0.5,0.7,december,2021-22,16.6,5.9,63.5,8.8,33.1,0.9,1.54,15.6,0.7,0.1,0.6,,,,,,,,,,,64.5,,61.194029850746254,19.5,6-7,230,79
1630528,Josh Christopher,HOU,16,20.6,8.9,2.4,2.2,3.3,6.6,1.0,2.8,1.4,1.7,december,2021-22,19.4,16.2,60.7,8.0,34.1,2.1,3.66,15.9,0.3,0.1,1.3,,,,,,,,,,,80.0,,42.42424242424242,20.6,6-3,215,75
1630240,Saben Lee,DET,7,20.0,8.9,3.3,3.0,3.3,7.9,0.9,3.4,1.4,1.7,december,2021-22,19.6,25.9,51.4,13.9,45.7,3.5,4.6,19.4,0.0,0.0,0.7,,,,,,,,,,,64.0,,43.0379746835443,20.0,6-2,183,74
1630527,Brandon Boston,LAC,13,19.6,8.8,2.5,0.9,3.1,8.2,1.0,3.3,1.7,2.0,december,2021-22,21.2,7.4,48.5,6.8,27.4,1.2,2.58,15.4,0.2,0.0,0.6,,,,,,,,,,,64.3,,40.243902439024396,19.6,6-6,188,78
1628960,Grayson Allen,MIL,13,27.8,8.8,2.5,1.0,3.2,8.6,2.0,5.7,0.5,0.8,december,2021-22,14.4,4.9,49.4,5.0,25.5,0.9,2.03,16.7,0.2,0.0,0.7,2.8,17.5,24.2,4.0,,33.8,5.4,,7.0,,65.9,,66.27906976744187,27.8,6-4,198,76
1628964,Mo Bamba,ORL,6,24.4,8.8,5.7,1.5,3.8,7.8,1.0,3.7,0.2,0.2,december,2021-22,16.3,8.6,55.9,9.4,31.7,0.8,1.52,16.0,1.3,1.0,3.8,,,,,,,,,,,62.9,,47.43589743589744,24.4,7-0,231,84
1630181,R.J. Hampton,ORL,10,21.1,8.8,1.8,2.9,3.1,7.9,1.1,3.1,1.5,2.5,december,2021-22,20.4,24.0,48.9,7.3,40.8,3.1,4.58,15.3,0.2,0.0,0.4,,,,,,,,,,,96.2,,39.24050632911392,21.1,6-4,175,76
1629642,Nassir Little,POR,9,26.7,8.8,6.2,1.8,2.9,6.7,0.7,3.2,2.3,3.6,december,2021-22,14.8,10.6,53.3,8.9,35.3,1.3,2.18,20.3,0.7,0.3,1.4,,,,,,,,,,,55.0,,47.76119402985074,26.7,6-5,220,77
201933,Blake Griffin,BKN,8,19.3,8.8,5.0,2.4,3.1,6.8,0.9,2.8,1.6,2.3,december,2021-22,17.4,17.3,56.5,11.2,39.0,1.3,1.99,22.0,2.6,1.0,4.0,,,,,,,,,,,66.7,,41.17647058823529,19.3,6-9,250,81
1630188,Jalen Smith,IND,8,17.0,8.8,5.9,0.3,3.0,5.8,0.4,1.9,2.4,2.9,december,2021-22,18.1,2.2,62.4,13.0,25.4,0.8,1.79,14.9,1.5,0.8,5.4,,21.0,,17.4,,29.0,,9.8,,10.1,60.0,,32.758620689655174,17.0,6-10,215,82
202684,Tristan Thompson,CHI,11,18.8,8.7,6.1,0.7,3.7,6.9,0.1,0.1,1.2,2.2,december,2021-22,20.9,5.3,55.5,8.1,29.2,0.9,1.81,18.5,3.3,1.1,7.0,,,,,,,,,,,54.8,,1.4492753623188406,18.8,6-9,254,81
1629052,Oshae Brissett,IND,13,23.6,8.7,5.1,1.0,3.4,6.9,1.2,3.0,0.7,1.2,december,2021-22,14.1,6.0,58.2,9.7,31.0,0.8,1.52,17.5,0.7,0.0,3.0,,,,,,,,,,,52.4,,43.47826086956522,23.6,6-7,210,79
202709,Cory Joseph,DET,6,23.1,8.7,2.7,3.8,3.0,6.3,1.3,2.3,1.3,1.5,december,2021-22,16.8,29.5,62.0,9.6,52.3,4.2,4.87,20.5,0.2,0.0,0.5,,,,,,,,,,,55.0,,36.507936507936506,23.1,6-3,200,75
1628392,Isaiah Hartenstein,LAC,9,18.2,8.7,4.0,2.7,3.8,5.4,0.0,0.0,1.1,1.8,december,2021-22,17.0,21.2,69.6,13.5,28.8,1.0,2.03,18.0,5.9,0.2,5.4,,7.4,,19.9,5.6,,,40.3,,10.2,64.0,,0.0,18.2,7-0,250,84
1629647,Darius Bazley,OKC,11,24.8,8.6,6.0,0.8,3.4,6.9,0.9,2.5,1.0,1.7,december,2021-22,15.6,5.5,56.3,10.0,37.8,1.4,2.22,18.9,1.0,0.1,2.9,,,,,,,,,,,64.6,,36.231884057971016,24.8,6-8,208,80
1630561,David Duke Jr.,BKN,5,27.3,8.6,7.2,1.4,3.4,9.4,0.4,2.8,1.4,1.8,december,2021-22,15.8,6.7,42.2,7.0,39.6,1.6,2.48,21.2,0.6,0.0,4.6,,,,,,,,,,,83.3,,29.78723404255319,27.3,6-4,204,76
202738,Isaiah Thomas,CHA,5,22.9,8.6,1.6,2.0,3.0,9.4,1.0,5.0,1.6,2.2,december,2021-22,20.1,12.8,41.5,2.1,36.6,2.1,3.44,21.0,0.0,0.0,0.2,,,,,,,,,,,63.6,,53.191489361702125,22.9,5-9,185,69
1629139,Yuta Watanabe,TOR,10,22.1,8.6,4.7,1.3,3.2,7.1,1.4,3.5,0.8,1.6,december,2021-22,16.4,8.9,55.1,8.6,31.1,1.0,1.89,17.5,0.7,0.0,0.9,,,,,,,,,,,57.9,,49.29577464788733,22.1,6-9,215,81
101150,Lou Williams,ATL,9,16.9,8.6,1.7,1.1,2.9,7.4,0.8,2.7,2.0,2.4,december,2021-22,25.1,11.1,50.2,6.9,27.0,2.2,4.79,12.7,0.0,0.0,0.3,,,,,,,,,,,65.4,,36.486486486486484,16.9,6-2,175,74
203473,Dewayne Dedmon,MIA,12,22.8,8.5,8.2,1.7,3.7,6.4,0.8,1.3,0.4,0.7,december,2021-22,15.4,11.6,63.3,13.0,37.9,1.2,1.83,21.6,2.4,0.2,6.0,,,,,,,,,,,69.8,,20.3125,22.8,7-0,245,84
1629684,Grant Williams,BOS,10,24.8,8.5,3.5,0.8,2.7,5.4,1.7,3.4,1.4,1.6,december,2021-22,12.2,4.3,69.6,6.5,27.9,0.6,1.39,16.5,0.6,0.4,2.0,,,,,,38.2,,,,,53.3,,62.962962962962955,24.8,6-6,236,78
203937,Kyle Anderson,MEM,12,23.6,8.5,5.3,2.8,3.2,7.3,0.5,1.5,1.7,2.8,december,2021-22,16.8,15.8,50.0,10.9,34.4,1.7,2.88,18.3,1.1,0.2,1.6,12.6,16.5,7.9,,,17.3,,14.2,,8.7,43.2,,20.547945205479454,23.6,6-9,230,81
203526,Raul Neto,WAS,11,20.9,8.5,2.1,2.9,3.4,7.7,0.5,1.9,1.2,1.5,december,2021-22,19.7,19.0,50.3,8.1,43.0,3.5,4.88,16.2,0.2,0.0,0.7,,,,,,,,,,,73.1,,24.675324675324674,20.9,6-2,180,74
1628988,Aaron Holiday,PHX,11,15.5,8.2,1.5,1.7,3.4,5.6,0.6,1.5,0.8,1.0,december,2021-22,19.1,18.8,67.3,12.0,28.4,2.2,4.74,10.6,0.0,0.1,0.0,,18.5,18.5,,,42.5,,,,,50.0,,26.785714285714285,15.5,6-0,185,72
1630170,Devin Vassell,SAS,12,21.7,8.2,3.9,1.3,3.4,8.1,0.9,3.7,0.4,0.6,december,2021-22,16.6,7.3,49.0,7.3,29.7,1.0,2.02,17.8,0.3,0.0,1.1,2.7,22.2,11.5,,,35.3,10.7,,11.8,,52.5,,45.67901234567901,21.7,6-5,200,77
1630526,Jeremiah Robinson-Earl,OKC,12,24.0,8.2,6.1,0.8,2.8,7.1,1.1,3.6,1.4,2.0,december,2021-22,16.3,5.3,51.3,6.7,42.3,0.8,1.16,27.2,1.8,0.2,4.1,,20.2,,,,38.1,,,,20.2,66.7,,50.70422535211267,24.0,6-8,242,80
200752,Rudy Gay,UTA,14,20.0,8.1,4.6,0.9,2.9,7.2,1.2,4.2,1.2,1.6,december,2021-22,17.5,6.5,51.5,8.6,33.1,1.1,2.03,16.8,0.4,1.2,1.1,,,,,,,,,,,63.0,,58.333333333333336,20.0,6-8,250,80
1629011,Mitchell Robinson,NYK,15,23.5,8.1,8.5,0.2,3.5,4.8,0.0,0.0,1.1,1.9,december,2021-22,11.5,1.4,72.0,13.0,25.0,0.6,1.38,11.3,0.6,0.3,7.0,,,,11.7,,,,12.5,,52.3,50.0,,0.0,23.5,7-0,240,84
1630544,Tre Mann,OKC,11,20.2,8.1,2.3,0.9,3.2,8.0,1.4,3.4,0.4,0.5,december,2021-22,18.6,7.6,49.1,5.5,28.8,1.6,3.37,17.8,0.1,0.0,0.5,8.5,7.7,38.0,,,26.5,8.5,,,,48.4,,42.5,20.2,6-3,178,75
202722,Davis Bertans,DAL,13,16.2,8.1,1.7,0.5,2.6,5.7,1.9,4.7,0.9,1.1,december,2021-22,17.9,4.9,65.5,8.1,18.6,0.4,1.22,12.9,0.4,0.1,0.5,,,,,,,,,,,82.6,,82.45614035087719,16.2,6-10,225,82
204060,Joe Ingles,POR,13,25.6,8.1,3.2,4.2,2.8,6.8,1.9,5.1,0.5,0.7,december,2021-22,14.3,20.8,56.5,7.8,44.9,2.4,3.18,25.9,1.2,0.0,0.2,,,,,,,,,,,75.9,,75.0,25.6,6-8,220,80
1626204,Larry Nance Jr.,NOP,13,28.3,8.1,7.2,2.6,3.4,6.6,0.5,1.9,0.8,1.4,december,2021-22,12.2,15.0,55.9,11.0,41.6,1.7,2.4,23.2,2.7,1.1,3.9,,20.3,,,,36.7,,22.8,,,86.8,,28.78787878787879,28.3,6-7,245,79
203500,Steven Adams,MEM,16,27.0,8.1,10.6,3.1,3.0,5.2,0.0,0.0,2.1,3.7,december,2021-22,12.8,14.5,59.2,12.2,39.9,1.3,1.92,24.1,5.5,1.3,8.8,,4.9,,15.6,,,,23.9,,37.1,57.0,,0.0,27.0,6-11,265,83
1629013,Landry Shamet,PHX,14,23.4,8.0,1.9,1.3,2.9,8.0,1.5,4.8,0.8,0.9,december,2021-22,15.8,7.6,47.6,4.9,27.8,1.1,2.35,17.6,0.4,0.0,0.4,,22.7,,,,51.6,10.2,,,,63.9,,60.0,23.4,6-4,190,76
201571,D.J. Augustin,LAL,12,18.6,7.9,1.5,2.8,2.5,5.6,1.7,3.8,1.3,1.4,december,2021-22,17.7,22.4,63.8,10.5,43.4,3.8,5.31,16.9,0.1,0.0,0.1,,,,,,,,,,,65.5,,67.85714285714286,18.6,5-11,183,71
1627789,Timothe Luwawu-Cabarrot,ATL,8,28.1,7.9,2.9,1.3,2.8,7.3,1.8,4.8,0.6,0.6,december,2021-22,11.6,5.6,52.3,3.6,30.0,0.7,1.42,16.9,0.3,0.0,1.3,,,,,,,,,,,57.1,,65.75342465753424,28.1,6-7,215,79
1629643,Chuma Okeke,ORL,11,24.5,7.8,4.3,1.4,3.0,8.5,1.2,5.1,0.6,0.7,december,2021-22,17.5,8.7,44.6,7.5,38.0,1.5,2.36,18.4,0.6,0.2,1.0,,,,,,,,,,,70.6,,60.0,24.5,6-6,229,78
203490,Otto Porter Jr.,GSW,10,24.5,7.8,5.1,1.3,3.1,7.3,1.3,4.0,0.3,0.3,december,2021-22,13.4,7.7,52.5,9.2,33.2,0.9,1.71,19.4,0.5,0.7,1.8,,,,,,,,,,,61.4,,54.794520547945204,24.5,6-8,198,80
1627752,Taurean Prince,MIN,5,16.9,7.8,1.6,0.6,2.4,5.4,1.6,3.4,1.4,1.8,december,2021-22,15.7,5.2,63.0,5.6,17.6,0.6,1.93,9.8,0.2,0.0,0.0,,27.3,,,,54.5,,,,,81.3,,62.962962962962955,16.9,6-6,218,78
1627814,Damion Lee,GSW,10,20.6,7.7,3.4,0.6,2.8,6.4,1.1,3.2,1.0,1.0,december,2021-22,15.7,4.1,56.3,7.8,30.7,1.1,2.06,19.9,0.7,0.0,0.4,,,,,,,,,,,69.2,,50.0,20.6,6-5,210,77
202357,Nemanja Bjelica,GSW,13,16.5,7.7,4.0,1.8,2.8,6.2,1.2,2.8,0.8,1.5,december,2021-22,20.3,19.4,55.7,10.8,35.1,1.2,2.02,21.4,0.9,0.8,2.1,,,,,,,,,,,60.6,,45.16129032258064,16.5,6-9,234,81
1630559,Austin Reaves,LAL,6,20.7,7.5,3.0,1.2,2.3,4.5,1.3,2.8,1.5,1.7,december,2021-22,11.7,8.0,71.7,9.5,28.0,1.1,2.46,15.0,0.7,0.0,1.3,13.5,15.8,35.6,,,14.0,5.6,,5.6,,58.8,,62.22222222222222,20.7,6-5,197,77
1630245,Ayo Dosunmu,CHI,8,25.6,7.5,1.9,2.1,3.1,4.4,0.3,0.9,1.0,2.0,december,2021-22,11.5,10.7,71.4,5.9,29.0,1.7,3.5,13.1,0.1,0.0,0.3,2.2,33.6,20.8,,,31.6,,3.1,,,42.3,,20.454545454545453,25.6,6-4,200,76
1629660,Ty Jerome,OKC,10,17.9,7.5,2.0,2.3,3.1,7.7,0.6,3.0,0.7,1.0,december,2021-22,23.9,23.0,46.1,6.4,40.9,3.0,4.38,19.7,0.0,0.1,0.6,,,,,,,,,,,66.7,,38.961038961038966,17.9,6-5,195,77
1628966,Keita Bates-Diop,SAS,12,16.4,7.4,4.8,0.9,2.8,4.7,0.5,0.9,1.3,2.0,december,2021-22,16.0,7.3,66.9,11.3,20.3,0.5,1.54,11.4,0.7,0.3,2.5,,,,,,,,,,,60.0,,19.148936170212767,16.4,6-8,229,80
1630267,Facundo Campazzo,DEN,13,25.9,7.4,2.2,5.4,2.4,6.8,1.4,4.4,1.2,1.5,december,2021-22,14.1,30.3,49.3,8.4,56.2,3.6,3.85,26.0,0.5,0.0,0.5,,,,,,,,,,,54.5,,64.70588235294117,25.9,5-10,195,70
1626195,Willy Hernangomez,NOP,12,16.7,7.3,7.8,1.0,2.8,5.8,0.0,0.1,1.8,2.5,december,2021-22,18.0,8.8,52.9,12.3,36.7,0.9,1.39,22.2,2.6,1.8,7.4,,,,,,,,,,,68.8,,1.7241379310344827,16.7,6-11,250,83
1629656,Quentin Grimes,NYK,9,16.6,7.2,1.7,1.2,2.4,6.6,2.1,5.7,0.2,0.2,december,2021-22,19.5,13.1,54.3,7.5,21.6,0.7,1.89,14.7,0.2,0.0,0.1,10.4,22.2,10.8,,,37.6,2.4,2.8,6.8,2.0,68.8,,86.36363636363637,16.6,6-4,210,76
1630557,Corey Kispert,WAS,11,21.5,7.2,2.0,1.0,2.5,6.2,1.2,3.3,0.9,1.1,december,2021-22,14.8,6.3,53.9,5.6,24.0,0.6,1.57,15.5,0.2,0.0,1.4,,19.0,9.5,,,34.1,11.9,,8.7,,65.6,,53.2258064516129,21.5,6-6,224,78
1629755,Hassani Gravett,ORL,6,23.8,7.2,3.3,2.7,2.5,5.5,1.7,3.8,0.5,0.7,december,2021-22,13.4,17.0,61.9,9.3,47.3,3.8,4.75,16.0,0.2,0.0,0.3,,,,,,,,,,,65.0,,69.0909090909091,23.8,6-2,187,74
1630165,Killian Hayes,DET,8,26.9,7.1,2.6,3.8,2.6,7.3,0.9,3.3,1.0,1.1,december,2021-22,14.5,19.0,46.0,5.4,47.8,2.7,3.35,22.9,0.1,0.0,1.0,,,,,,,,,,,64.5,,45.20547945205479,26.9,6-5,195,77
1630209,Omer Yurtseven,MIA,15,19.2,7.1,8.1,1.0,3.0,6.7,0.0,0.3,1.1,1.7,december,2021-22,19.8,8.2,47.6,11.2,27.4,0.7,1.59,15.9,2.5,1.1,6.5,,,,,,,,,,,57.4,,4.477611940298507,19.2,6-11,275,83
1627936,Alex Caruso,CHI,5,21.9,7.0,3.6,3.0,2.4,5.4,1.4,3.0,0.8,1.2,december,2021-22,14.1,18.8,59.0,8.1,39.0,1.8,2.72,20.2,0.6,0.0,1.6,,19.9,8.2,7.0,,45.6,,,,,92.3,,55.55555555555555,21.9,6-5,186,77
1629599,Amir Coffey,LAC,7,20.1,7.0,3.6,1.0,2.3,5.1,1.0,2.9,1.4,1.7,december,2021-22,13.0,8.0,59.4,12.2,25.0,1.1,2.6,13.7,0.1,0.0,0.1,,,,,,,,,,,60.0,,56.86274509803921,20.1,6-7,210,79
203939,Dwight Powell,DAL,16,19.7,7.0,4.4,1.3,2.7,4.5,0.3,0.7,1.4,1.9,december,2021-22,13.4,9.2,65.7,8.9,28.5,0.8,1.65,17.6,2.1,0.0,4.4,,13.2,,12.1,,,,37.4,,,70.9,,15.555555555555555,19.7,6-10,240,82
202066,Garrett Temple,NOP,12,21.3,7.0,3.6,1.2,2.6,5.8,1.5,3.8,0.3,0.6,december,2021-22,13.8,8.5,57.5,7.6,26.4,0.9,2.03,16.4,0.3,0.0,1.0,,,,,,,,,,,47.5,,65.51724137931035,21.3,6-5,195,77
1629026,Kenrich Williams,OKC,13,21.6,7.0,4.3,2.1,2.8,5.8,1.2,2.3,0.3,0.6,december,2021-22,13.6,14.4,57.9,10.6,30.4,1.1,2.26,19.4,0.5,0.3,2.7,,14.6,,,,42.3,,10.0,,7.7,56.7,,39.655172413793096,21.6,6-6,210,78
203496,Robert Covington,LAC,10,30.5,7.0,6.2,1.2,2.9,7.6,1.2,4.8,0.0,0.0,december,2021-22,12.4,6.1,46.1,5.9,47.5,1.2,1.52,20.3,0.5,0.1,1.8,,,,,,,,,,,69.2,,63.1578947368421,30.5,6-7,209,79
1627745,Damian Jones,SAC,11,16.3,6.9,5.5,0.6,2.6,4.7,0.2,0.5,1.5,1.8,december,2021-22,18.2,6.3,62.5,10.6,22.8,0.6,1.53,14.0,1.5,0.5,3.9,,,,,,,,,,,57.5,,10.638297872340425,16.3,6-11,245,83
1629750,Javonte Green,CHI,7,28.4,6.9,4.3,1.7,2.3,4.7,0.3,1.0,2.0,2.3,december,2021-22,8.9,7.1,59.9,5.7,29.6,0.6,1.3,14.6,0.4,0.1,2.9,,23.5,,3.7,,41.2,,14.7,,4.8,58.3,,21.27659574468085,28.4,6-5,205,77
203486,Mason Plumlee,CHA,7,23.1,6.9,7.7,2.7,2.9,4.7,0.0,0.1,1.1,1.9,december,2021-22,11.9,17.0,62.0,11.6,40.9,1.3,1.97,26.4,2.9,1.0,7.1,,,,,,,,,,,60.8,,2.127659574468085,23.1,6-11,254,83
1629020,Jarred Vanderbilt,MIN,10,30.7,6.8,10.1,1.2,3.1,5.0,0.2,0.3,0.4,1.0,december,2021-22,8.5,5.1,62.5,10.3,38.6,0.9,1.43,15.2,0.9,0.0,6.9,,18.0,,,,32.3,,16.9,,14.3,59.6,,6.0,30.7,6-9,214,81
203493,Reggie Bullock Jr.,DAL,10,26.3,6.7,2.7,1.4,2.3,5.7,1.4,4.5,0.7,0.8,december,2021-22,11.1,7.4,55.4,5.9,33.5,1.0,1.76,23.3,0.2,0.0,0.3,,,,,,,,,,,53.6,,78.94736842105263,26.3,6-6,205,78
1626172,Kevon Looney,GSW,13,20.6,6.7,5.9,1.8,2.8,5.0,0.0,0.1,1.0,1.5,december,2021-22,13.2,12.4,59.3,9.6,30.9,0.8,1.6,21.4,1.6,0.4,5.0,,,,19.3,,,,,,31.6,57.1,,2.0,20.6,6-9,222,81
1626158,Richaun Holmes,SAC,8,22.5,6.6,6.3,1.5,2.9,4.9,0.0,0.0,0.9,1.3,december,2021-22,12.3,9.8,61.1,8.1,28.6,0.8,1.63,17.9,4.0,0.4,4.4,,,,,,,,,,,48.8,,0.0,22.5,6-10,235,82
1627884,Derrick Jones Jr.,CHI,7,18.1,6.6,2.9,0.4,2.4,4.4,0.7,1.7,1.0,1.1,december,2021-22,13.1,3.5,66.6,7.8,20.6,0.5,1.38,9.0,0.9,0.0,1.9,,18.3,,,,46.0,,13.5,,7.9,56.5,,38.63636363636363,18.1,6-6,210,78
1628971,Bruce Brown,BKN,9,21.5,6.6,5.3,1.6,2.8,6.2,0.1,0.7,0.9,1.0,december,2021-22,14.5,9.5,49.2,6.6,25.0,0.7,1.67,12.9,2.1,0.0,4.9,4.1,22.3,15.7,,,22.3,3.8,13.0,,8.7,56.7,,11.29032258064516,21.5,6-4,202,76
203087,Jeremy Lamb,SAC,10,15.0,6.5,2.9,1.8,2.1,6.9,0.8,3.1,1.5,1.8,december,2021-22,22.6,16.7,42.3,7.6,30.2,1.5,2.91,19.5,0.2,0.0,1.3,,,,,,,,,,,69.6,,44.927536231884055,15.0,6-5,180,77
1628425,Sterling Brown,DAL,10,21.2,6.5,5.1,1.2,2.5,5.3,1.4,3.2,0.1,0.2,december,2021-22,12.9,8.3,60.3,9.3,30.9,1.2,2.37,17.7,0.2,0.0,1.3,,,,,,,,,,,69.6,,60.377358490566046,21.2,6-5,219,77
1629731,Dean Wade,CLE,10,18.9,6.4,4.0,1.2,2.4,5.0,1.2,3.1,0.4,0.6,december,2021-22,12.0,8.9,60.8,9.2,27.4,0.7,1.6,17.2,0.7,0.0,1.8,,28.1,,5.0,,46.7,,12.1,,,55.2,,62.0,18.9,6-9,228,81
201586,Serge Ibaka,MIL,10,16.9,6.4,4.5,1.7,2.4,5.2,0.8,1.9,0.8,1.2,december,2021-22,18.3,15.9,55.9,8.7,26.4,0.8,1.73,16.1,1.2,1.1,3.4,,,,,,,,,,,61.0,,36.53846153846153,16.9,6-10,235,82
201949,James Johnson,BKN,8,23.0,6.4,5.0,2.6,3.0,5.6,0.3,1.0,0.1,0.5,december,2021-22,12.4,17.1,54.5,10.5,25.9,1.0,2.35,15.4,1.8,0.1,1.8,,,,,,,,,,,50.0,,17.857142857142858,23.0,6-7,240,79
1628021,David Nwaba,HOU,12,16.0,6.3,4.9,0.8,2.5,5.0,0.4,1.2,0.9,1.2,december,2021-22,15.7,6.5,57.4,10.6,21.5,0.8,2.26,10.6,0.8,0.0,2.0,,,,,,,,,,,50.0,,24.0,16.0,6-5,219,77
1628467,Maxi Kleber,DAL,10,24.7,6.3,6.5,1.0,2.1,5.4,1.4,4.1,0.7,1.1,december,2021-22,11.8,6.0,53.5,7.8,41.8,0.9,1.31,24.8,1.0,0.4,1.8,,,,,,,,,,,57.4,,75.92592592592592,24.7,6-10,240,82
1626220,Royce O'Neale,UTA,14,30.6,6.3,5.0,3.1,2.2,4.6,1.2,2.9,0.6,0.9,december,2021-22,7.9,12.3,62.6,7.0,56.4,1.5,1.61,23.7,0.8,0.0,1.3,,26.0,8.3,2.7,,43.8,3.9,,3.6,,57.4,,63.04347826086957,30.6,6-5,226,77
201588,George Hill,MIL,11,23.3,6.3,2.4,2.1,2.3,5.0,0.5,2.4,1.2,1.3,december,2021-22,11.5,11.4,56.4,7.0,35.9,2.9,4.88,14.3,0.2,0.0,0.5,,,,,,,,,,,66.7,,48.0,23.3,6-4,188,76
1627761,DeAndre' Bembry,MIL,9,20.3,6.2,3.2,1.6,2.8,4.3,0.6,0.9,0.1,0.2,december,2021-22,11.8,10.1,70.2,7.8,24.4,0.9,2.12,13.1,0.8,0.0,2.2,,,,,,,,,,,54.1,,20.930232558139537,20.3,6-5,210,77
202083,Wesley Matthews,MIL,9,16.5,6.2,1.8,0.8,2.2,4.2,1.4,3.0,0.3,0.6,december,2021-22,11.9,6.4,69.7,7.7,17.4,0.5,1.61,12.4,0.2,0.0,1.2,,,,,,,,,,,64.3,,71.42857142857143,16.5,6-4,220,76
1630602,Chaundee Brown Jr.,ATL,5,20.7,6.2,3.2,0.8,2.0,6.4,1.2,3.6,1.0,1.2,december,2021-22,14.6,5.6,44.7,4.9,23.0,0.7,1.79,10.2,0.2,0.0,0.2,,,,,,,,,,,63.6,,56.25,20.7,6-5,215,77
201980,Danny Green,PHI,10,27.2,6.1,3.1,1.4,2.0,6.3,1.7,5.5,0.4,0.4,december,2021-22,12.8,7.1,47.1,4.5,37.2,1.0,1.63,20.7,0.1,0.0,0.5,,,,,,,,,,,41.7,,87.3015873015873,27.2,6-6,215,78
1629744,Matt Thomas,CHI,5,18.7,6.0,2.0,0.8,2.0,4.4,1.6,3.0,0.4,0.4,december,2021-22,10.9,4.8,65.6,7.3,19.6,0.5,1.57,10.4,0.4,0.0,0.4,,,,,,,,,,,55.0,,68.18181818181817,18.7,6-3,190,75
1629641,Romeo Langford,SAS,12,21.2,6.0,3.3,0.7,2.5,5.6,0.4,2.3,0.6,1.0,december,2021-22,12.2,4.8,49.8,7.3,22.6,0.7,1.81,12.9,0.6,0.1,1.5,,,,,,,,,,,54.3,,41.07142857142857,21.2,6-5,216,77
201961,Wayne Ellington,LAL,12,21.5,6.0,1.9,0.9,2.1,5.7,1.8,5.2,0.0,0.1,december,2021-22,12.3,6.2,52.6,4.7,22.9,0.6,1.53,17.2,0.2,0.0,0.3,,,,,,,,,,,67.9,,91.22807017543859,21.5,6-4,207,76
1630572,Sandro Mamukelashvili,MIL,7,18.2,5.9,4.0,1.1,2.3,5.3,1.1,2.9,0.1,0.3,december,2021-22,14.5,10.4,54.1,8.5,26.7,0.6,1.46,13.9,0.4,0.3,3.4,,22.1,,16.1,,30.7,,13.3,,8.0,71.4,,54.71698113207547,18.2,6-9,240,81
1629308,Juan Toscano-Anderson,GSW,13,18.8,5.8,3.6,2.5,2.4,4.7,0.2,1.2,0.8,1.8,december,2021-22,16.1,19.2,53.1,8.5,40.5,1.6,2.41,23.2,0.8,0.9,2.7,,,,,,,,,,,54.5,,25.53191489361702,18.8,6-6,209,78
1627788,Furkan Korkmaz,PHI,11,16.3,5.8,2.5,1.4,2.3,5.9,0.5,3.0,0.7,1.0,december,2021-22,17.8,13.0,45.8,8.0,24.5,1.1,2.7,17.4,0.1,0.0,0.4,,,,,,,,,,,63.6,,50.847457627118644,16.3,6-7,202,79
1629004,Svi Mykhailiuk,TOR,10,18.1,5.8,2.6,1.6,2.1,6.0,1.0,3.5,0.6,0.9,december,2021-22,16.6,13.1,45.3,5.7,23.5,1.0,2.56,14.5,0.4,0.0,0.8,,22.1,5.9,,,34.5,10.7,7.6,7.6,3.4,60.9,,58.333333333333336,18.1,6-7,205,79
202397,Ish Smith,WAS,8,16.8,5.8,2.3,3.3,2.3,5.6,0.8,1.6,0.5,0.5,december,2021-22,18.5,26.8,49.2,8.4,40.0,3.0,4.54,13.0,0.0,0.0,0.6,,,,,,,,,,,64.7,,28.571428571428577,16.8,6-0,175,72
203458,Alex Len,SAC,7,17.5,5.7,5.0,0.9,2.4,5.0,0.0,0.4,0.9,1.6,december,2021-22,15.9,7.0,50.2,5.7,25.7,0.6,1.47,15.7,3.1,0.7,4.9,,,,,,,,,,,57.1,,8.0,17.5,7-0,250,84
1629723,John Konchar,MEM,14,19.1,5.7,4.6,1.6,2.0,3.6,1.1,1.9,0.6,0.9,december,2021-22,9.2,10.9,71.1,13.1,27.5,1.0,2.1,14.4,0.5,0.1,1.1,,34.2,,,,42.5,,,,,57.6,,52.77777777777778,19.1,6-5,210,77
1630540,Miles McBride,NYK,6,18.3,5.7,2.0,2.5,2.2,5.7,0.8,2.7,0.5,0.5,december,2021-22,15.5,19.7,48.1,8.3,29.2,2.6,5.25,11.2,0.3,0.0,0.2,4.7,19.5,14.5,,,38.1,11.5,,3.0,,53.3,,47.36842105263158,18.3,6-1,195,73
1630214,Xavier Tillman,MEM,15,15.8,5.7,3.6,1.3,2.1,4.5,0.3,0.9,1.3,1.8,december,2021-22,16.3,11.2,53.9,10.2,25.9,0.7,1.69,15.0,3.3,0.3,3.7,,,,,,,,,,,52.3,,20.0,15.8,6-8,245,80
1630192,Zeke Nnaji,DEN,12,17.3,5.7,2.6,0.6,1.9,4.5,0.8,2.2,1.1,1.8,december,2021-22,13.9,5.0,53.8,5.0,17.3,0.4,1.37,10.9,0.8,0.1,1.4,,14.9,,16.3,,24.8,,22.7,,9.9,71.9,,48.88888888888889,17.3,6-9,240,81
1626153,Delon Wright,ATL,11,22.7,5.6,3.5,2.9,2.2,4.1,0.9,1.5,0.4,0.4,december,2021-22,10.8,19.9,66.3,9.5,43.9,3.6,4.91,16.9,0.2,0.0,1.0,,,,,,,,,,,41.4,,36.585365853658544,22.7,6-5,185,77
1629678,Admiral Schofield,ORL,7,16.6,5.6,3.3,1.0,2.4,3.9,0.7,1.9,0.0,0.1,december,2021-22,12.7,9.7,71.1,8.2,25.4,0.7,1.53,11.9,0.3,0.3,1.3,,,,,,,,,,,47.4,,48.717948717948715,16.6,6-5,241,77
1629644,KZ Okpala,MIA,12,16.3,5.5,2.4,1.0,2.2,4.5,0.7,1.5,0.5,0.8,december,2021-22,14.1,8.5,56.9,6.9,21.0,0.7,1.93,13.0,1.1,0.0,2.3,,,,,,,,,,,60.0,,33.33333333333333,16.3,6-8,215,80
1628972,Troy Brown Jr.,CHI,9,19.0,5.4,3.4,2.0,2.0,5.0,0.3,1.9,1.1,1.3,december,2021-22,13.6,13.7,48.7,8.5,21.7,0.7,2.05,12.3,0.2,0.0,0.9,,,,,,,,,,,59.3,,38.0,19.0,6-6,215,78
2738,Andre Iguodala,GSW,5,19.4,5.4,3.2,4.2,1.8,5.0,0.8,4.0,1.0,1.2,december,2021-22,14.5,31.3,48.8,12.1,34.8,1.5,2.57,23.0,0.8,0.4,2.2,,,,,,,,,,,60.0,,80.0,19.4,6-6,215,78
1628373,Frank Ntilikina,DAL,11,18.4,5.3,1.3,1.6,1.9,5.1,0.8,2.6,0.6,0.6,december,2021-22,14.4,12.5,49.1,5.3,30.6,1.6,3.09,19.5,0.3,0.0,0.3,,,,,,,,,,,57.7,,50.980392156862756,18.4,6-4,200,76
1628432,Davon Reed,DEN,9,17.1,5.0,3.4,1.2,2.0,3.9,0.8,1.8,0.2,0.3,december,2021-22,11.1,11.7,61.9,12.0,25.8,0.9,2.07,12.7,0.7,0.0,0.3,,,,,,,,,,,68.4,,46.15384615384615,17.1,6-5,206,77
1629103,Kelan Martin,BOS,11,15.8,4.9,2.0,0.4,1.9,4.8,0.8,2.5,0.3,0.4,december,2021-22,14.8,3.5,49.3,4.9,19.2,0.6,2.0,12.9,0.2,0.0,0.5,,,,,,,,,,,74.1,,52.083333333333336,15.8,6-5,230,77
202324,Derrick Favors,OKC,11,15.6,4.7,4.4,1.4,2.3,4.3,0.0,0.2,0.2,0.4,december,2021-22,12.3,14.3,53.3,11.2,27.9,0.5,1.05,18.7,2.6,0.1,3.0,,,,,,,,,,,52.4,,4.651162790697675,15.6,6-9,265,81
201587,Nicolas Batum,LAC,5,21.6,4.6,1.6,1.4,1.8,4.6,1.0,3.8,0.0,0.0,december,2021-22,11.5,9.3,50.0,4.7,26.0,0.6,1.31,15.2,0.2,0.0,0.6,,14.2,,,,68.9,,,,,62.5,,82.6086956521739,21.6,6-8,230,80
204025,Tim Frazier,CLE,5,20.0,4.6,1.8,3.4,1.6,5.0,1.0,2.4,0.4,1.2,december,2021-22,16.3,27.9,41.6,1.8,46.6,3.9,5.03,16.0,0.6,0.0,0.2,,,,,,,,,,,62.5,,48.0,20.0,6-0,170,72
1629680,Matisse Thybulle,PHI,14,25.8,4.6,2.4,1.1,1.9,4.8,0.6,2.7,0.1,0.1,december,2021-22,9.7,6.1,47.1,2.9,23.4,0.5,1.35,14.4,0.2,0.0,1.1,,,,,,,,,,,62.2,,56.250000000000014,25.8,6-5,201,77
2730,Dwight Howard,LAL,8,16.1,4.1,5.1,0.9,1.5,3.0,0.1,0.1,1.0,1.8,december,2021-22,11.4,6.5,54.7,7.7,22.5,0.5,1.22,9.1,1.6,0.3,4.6,,,,,,,,,,,60.0,,3.3333333333333335,16.1,6-10,265,82
1630200,Tre Jones,SAS,15,15.0,4.1,3.1,3.3,1.7,3.7,0.1,0.5,0.6,0.6,december,2021-22,11.7,27.8,50.9,10.7,30.8,2.3,4.48,9.4,0.3,0.0,0.9,4.8,22.7,32.0,,,22.7,4.5,3.0,,,68.1,,13.513513513513512,15.0,6-1,185,73
1630550,JT Thor,CHA,6,16.1,4.0,2.3,1.0,1.3,3.8,0.5,2.5,0.8,1.3,december,2021-22,12.8,7.8,45.2,3.6,18.3,0.5,1.55,9.7,0.5,0.0,1.5,,,,,,,,,,,53.8,,65.78947368421053,16.1,6-9,203,81
1629681,Killian Tillie,MEM,15,15.1,4.0,2.1,0.7,1.4,3.7,0.9,2.5,0.3,0.5,december,2021-22,11.6,6.1,51.3,4.6,16.5,0.4,1.51,10.0,0.1,0.2,0.5,,,,,,,,,,,58.1,,67.56756756756756,15.1,6-9,220,81
202954,Brad Wanamaker,WAS,12,15.2,3.8,1.7,2.8,1.5,3.5,0.0,0.4,0.8,0.8,december,2021-22,12.9,26.0,49.0,6.3,35.0,2.5,4.33,14.3,0.4,0.0,0.7,,,,,,,,,,,80.8,,11.428571428571429,15.2,6-3,210,75
203090,Maurice Harkless,SAC,8,18.7,3.8,1.5,0.5,1.6,3.0,0.4,1.5,0.1,0.3,december,2021-22,9.0,3.2,60.3,3.0,16.9,0.5,1.67,8.8,0.3,0.0,0.6,,,,,,,,,,,70.0,,50.0,18.7,6-7,220,79
1629162,Jordan McLaughlin,MIN,8,16.5,3.6,2.1,2.8,1.1,4.3,0.1,1.0,1.3,1.9,december,2021-22,15.8,26.2,35.7,6.3,36.3,2.7,4.46,12.1,0.4,0.0,0.6,,,,,,,,,,,66.7,,23.25581395348837,16.5,5-11,185,71
201959,Taj Gibson,NYK,10,16.9,3.6,4.0,0.6,1.4,3.0,0.3,1.0,0.5,0.7,december,2021-22,9.6,5.1,54.4,7.3,17.5,0.4,1.26,8.3,0.9,0.4,2.2,,,,,,,,,,,69.2,,33.33333333333333,16.9,6-9,232,81
203918,Rodney Hood,LAC,12,16.9,3.6,2.4,1.0,1.3,3.8,0.5,2.0,0.4,0.4,december,2021-22,10.8,7.9,44.6,4.8,18.0,0.6,1.95,11.1,0.3,0.1,1.1,,,,,,,,,,,63.2,,52.63157894736842,16.9,6-8,208,80
1628778,Paul Watson,OKC,7,18.8,3.6,2.7,1.0,1.4,4.0,0.6,2.7,0.1,0.3,december,2021-22,10.1,8.0,43.3,4.0,20.1,0.6,1.77,13.3,0.0,0.0,0.3,,,,,,,,,,,81.3,,67.5,18.8,6-6,210,78
1628539,Mychal Mulder,MIA,6,15.1,3.3,1.8,0.3,1.3,3.7,0.7,2.7,0.0,0.0,december,2021-22,13.1,3.0,45.5,2.6,13.8,0.5,2.22,9.7,0.2,0.0,0.3,,,,,,,,,,,70.0,,72.97297297297297,15.1,6-3,195,75
203457,Nerlens Noel,NYK,8,22.0,2.8,5.6,1.0,1.0,2.0,0.0,0.0,0.8,1.1,december,2021-22,6.4,7.2,55.1,7.2,26.0,0.7,1.66,10.4,1.0,0.0,3.1,,,,,,,,,,,54.2,,0.0,22.0,6-11,220,83
203503,Tony Snell,NOP,10,16.0,2.7,2.2,1.0,0.9,2.2,0.7,1.6,0.2,0.2,december,2021-22,7.7,10.1,59.0,4.6,17.0,0.5,1.9,8.4,0.1,0.0,0.6,,,,,,,,,,,70.0,,72.72727272727273,16.0,6-6,213,78
203954,Joel Embiid,PHI,14,32.1,34.0,10.8,5.1,11.5,21.2,1.0,3.3,10.0,12.4,january,2021-22,42.1,31.1,63.8,23.1,75.9,3.6,2.82,55.0,4.6,9.4,5.7,12.3,7.0,,22.0,21.7,12.9,2.3,6.6,1.8,7.1,62.3,,15.566037735849056,32.1,7-0,280,84
203507,Giannis Antetokounmpo,MIL,13,33.1,31.5,10.8,6.0,10.1,19.0,1.2,4.1,10.1,13.0,january,2021-22,36.9,35.5,63.6,21.1,74.5,4.9,3.95,33.7,4.0,5.0,6.2,10.9,26.0,7.7,6.4,20.2,6.1,,7.9,,8.9,52.4,,21.57894736842105,33.1,6-11,242,83
2544,LeBron James,LAL,11,36.2,30.3,8.1,5.5,11.5,22.2,2.4,7.9,5.0,6.8,january,2021-22,31.9,28.9,60.1,18.5,84.2,6.0,4.24,41.0,2.6,3.5,4.5,12.8,24.5,12.5,3.1,12.1,12.6,,5.7,7.5,1.9,51.9,,35.58558558558559,36.2,6-9,250,81
1629630,Ja Morant,MEM,15,34.9,29.1,6.4,7.1,11.1,22.2,1.3,4.7,5.7,7.6,january,2021-22,34.1,32.9,57.0,16.5,82.9,8.3,5.98,29.9,0.4,0.0,2.4,14.1,19.6,40.4,,,11.0,5.0,2.4,,,45.2,,21.17117117117117,34.9,6-3,174,75
1629027,Trae Young,ATL,13,34.5,28.2,4.5,9.0,8.8,19.5,3.5,9.2,7.2,8.0,january,2021-22,34.3,41.8,61.4,16.4,82.3,8.8,6.41,24.2,0.2,0.0,0.2,12.0,20.4,39.3,,,8.4,10.5,,,,60.0,,47.179487179487175,34.5,6-1,164,73
1626164,Devin Booker,PHX,14,35.3,28.2,6.1,4.0,10.2,23.6,2.6,8.4,5.1,6.0,january,2021-22,33.9,18.5,53.8,13.0,60.4,4.3,4.24,36.9,1.2,0.8,2.1,14.0,15.7,33.1,1.8,3.8,9.5,7.5,1.6,7.5,1.7,57.6,,35.59322033898305,35.3,6-5,206,77
201142,Kevin Durant,BKN,8,34.5,27.1,6.0,5.6,9.4,18.6,1.8,5.1,6.6,7.0,january,2021-22,29.0,26.2,62.5,17.1,64.6,3.6,3.38,36.0,2.8,3.1,2.3,20.8,13.5,18.4,1.7,7.3,15.2,7.5,2.3,7.5,1.1,67.7,,27.419354838709676,34.5,6-10,240,82
1628369,Jayson Tatum,BOS,15,36.0,27.0,8.2,4.6,9.3,20.1,2.8,8.4,5.5,6.3,january,2021-22,31.7,21.8,59.1,16.6,75.5,4.8,3.79,43.9,1.3,1.1,2.0,,,,,,,,,,,53.8,,41.7910447761194,36.0,6-8,210,80
203999,Nikola Jokić,DEN,16,33.7,26.6,13.3,9.0,9.9,16.4,1.8,4.1,5.1,5.8,january,2021-22,28.2,41.4,70.0,23.5,99.7,4.2,2.54,56.5,8.3,9.3,8.4,5.3,10.1,9.7,13.0,22.8,9.0,,7.3,5.3,9.3,68.7,,25.0,33.7,6-11,284,83
1627759,Jaylen Brown,BOS,16,35.1,26.1,7.6,3.5,9.6,20.0,3.1,8.4,3.8,4.5,january,2021-22,31.0,18.1,59.4,16.1,66.7,3.5,3.13,41.7,1.6,0.7,1.7,20.6,20.4,22.2,1.8,4.7,13.0,4.1,1.1,7.4,1.8,70.6,,42.00000000000001,35.1,6-6,223,78
201942,DeMar DeRozan,CHI,15,34.3,25.7,5.1,5.9,9.5,18.5,0.3,1.0,6.3,7.8,january,2021-22,30.4,27.7,58.4,14.2,59.8,5.7,5.7,32.5,1.5,1.7,1.2,19.9,10.0,17.6,1.7,12.0,19.1,6.1,3.9,4.6,1.7,71.7,,5.405405405405405,34.3,6-6,220,78
1629029,Luka Dončić,DAL,15,35.0,25.6,10.1,9.5,8.7,19.8,2.1,7.3,6.2,8.0,january,2021-22,34.4,48.3,54.9,20.2,92.1,8.7,5.64,37.6,0.7,5.1,0.8,16.0,14.3,36.3,,7.6,8.7,2.3,1.3,7.4,1.7,58.5,,36.868686868686865,35.0,6-7,230,79
202681,Kyrie Irving,BKN,8,35.2,24.5,5.3,5.4,9.6,19.5,2.3,6.1,3.0,3.1,january,2021-22,27.3,23.0,58.7,14.1,67.6,4.9,4.36,33.4,0.3,0.9,0.4,,,,,,,,,,,66.7,,31.28205128205128,35.2,6-2,195,74
1628378,Donovan Mitchell,UTA,8,35.7,24.3,4.3,5.6,8.8,21.3,3.0,9.5,3.8,4.3,january,2021-22,31.8,26.0,52.4,10.5,75.3,6.6,5.3,31.1,0.1,0.1,0.9,11.4,22.8,34.1,1.5,,11.4,6.9,1.9,3.8,1.6,82.4,,44.60093896713615,35.7,6-1,215,73
1626157,Karl-Anthony Towns,MIN,13,34.5,24.2,10.2,4.5,8.6,16.3,1.8,5.0,5.2,6.7,january,2021-22,25.7,19.9,62.9,15.1,64.8,2.4,2.19,45.0,3.2,5.9,5.2,10.0,15.2,1.6,13.8,11.1,19.9,1.9,5.9,2.3,12.6,60.6,,30.67484662576687,34.5,6-11,248,83
201935,James Harden,PHI,13,37.9,24.2,7.8,10.8,7.4,17.3,2.1,6.3,7.3,8.4,january,2021-22,27.6,39.4,57.5,15.0,92.5,9.8,6.35,30.2,0.4,0.5,1.1,42.5,13.1,25.0,,1.3,7.5,4.6,,,,61.0,,36.41618497109826,37.9,6-5,220,77
1627832,Fred VanVleet,TOR,14,40.0,23.8,4.1,7.7,7.7,19.9,5.0,12.8,3.4,3.9,january,2021-22,24.4,31.1,55.2,13.5,97.1,7.0,4.32,45.4,0.4,0.1,0.5,,,,,,,,,,,62.1,,64.32160804020101,40.0,6-1,197,73
1628368,De'Aaron Fox,SAC,10,34.5,23.7,4.6,5.3,8.9,17.8,0.7,3.0,5.2,6.8,january,2021-22,28.3,24.1,57.0,12.2,79.1,5.8,4.41,29.1,0.7,0.3,0.6,10.1,22.8,29.1,,,18.1,6.4,2.0,3.7,1.7,61.2,,16.853932584269664,34.5,6-3,185,75
1630162,Anthony Edwards,MIN,15,34.2,23.5,4.1,4.1,8.3,17.7,3.5,9.4,3.5,4.1,january,2021-22,26.5,17.0,60.2,12.3,62.1,4.7,4.51,29.3,0.7,0.1,1.3,23.4,15.7,23.5,,4.9,12.9,7.3,2.0,4.8,1.2,58.1,,53.10734463276836,34.2,6-4,225,76
1629014,Anfernee Simons,POR,15,36.5,23.1,2.9,6.7,8.1,17.5,4.5,10.5,2.5,2.8,january,2021-22,25.4,30.6,61.5,12.4,83.5,7.7,5.54,32.1,0.1,0.0,0.1,18.2,14.5,28.8,,,19.8,7.2,,4.9,,71.0,,60.0,36.5,6-3,181,75
1627749,Dejounte Murray,SAS,14,34.6,22.9,8.6,9.9,9.3,19.8,1.2,4.5,3.1,3.9,january,2021-22,29.2,44.1,53.3,17.3,86.3,7.9,5.5,27.8,0.2,0.0,1.9,,,,,,,,,,,62.0,,22.727272727272727,34.6,6-4,180,76
1628983,Shai Gilgeous-Alexander,OKC,12,33.0,22.6,4.6,6.3,7.8,17.6,1.0,3.9,6.1,7.6,january,2021-22,29.8,32.6,54.0,13.3,75.5,6.5,5.15,27.3,0.3,0.2,1.1,26.3,14.1,37.3,,4.7,6.2,2.1,3.3,1.6,,60.0,,22.159090909090907,33.0,6-6,180,78
1627783,Pascal Siakam,TOR,16,40.4,22.6,8.6,6.4,8.4,17.7,1.1,2.6,4.6,6.3,january,2021-22,25.0,25.8,55.2,13.9,86.4,5.6,3.9,44.7,2.9,2.8,4.6,13.3,20.6,13.9,6.5,11.3,16.2,3.0,3.2,4.0,5.0,57.7,,14.689265536723164,40.4,6-8,230,80
1628398,Kyle Kuzma,WAS,13,35.4,22.5,11.1,3.0,8.4,16.3,1.8,5.1,4.0,5.5,january,2021-22,26.7,13.4,60.1,14.6,63.2,3.2,3.03,31.8,1.5,1.0,3.2,5.1,27.3,5.3,8.7,2.8,27.5,4.1,8.5,,4.9,55.6,,31.288343558282207,35.4,6-9,221,81
203078,Bradley Beal,WAS,11,36.4,22.5,4.8,8.3,7.5,17.7,1.6,4.8,5.7,6.7,january,2021-22,27.8,35.7,54.3,12.3,81.2,6.9,5.1,40.1,1.4,0.6,1.3,,,21.3,,,24.6,,,,,78.3,,27.11864406779661,36.4,6-4,207,76
1627734,Domantas Sabonis,SAC,11,37.2,22.5,12.5,7.4,8.2,13.1,1.0,2.1,5.1,7.0,january,2021-22,21.9,31.9,69.4,18.4,92.5,3.6,2.36,54.4,8.9,6.4,11.4,,9.0,,28.5,13.1,9.0,,14.9,,10.9,57.4,,16.03053435114504,37.2,6-11,240,83
201939,Stephen Curry,GSW,15,34.9,22.3,5.9,7.3,7.3,18.9,3.5,10.7,4.3,4.8,january,2021-22,28.5,31.0,53.2,13.5,75.3,5.5,4.39,28.7,0.6,0.1,1.7,10.1,13.8,21.1,,,11.6,12.0,7.0,18.0,1.3,55.6,,56.613756613756614,34.9,6-2,185,74
203114,Khris Middleton,MIL,14,33.3,22.1,6.4,5.7,7.5,15.6,2.6,6.2,4.4,4.9,january,2021-22,26.1,28.1,62.2,14.5,69.6,4.5,3.86,32.6,1.0,2.4,1.3,6.1,15.3,22.7,,13.6,16.6,5.8,,6.4,5.8,55.4,,39.743589743589745,33.3,6-7,222,79
1629628,RJ Barrett,NYK,15,35.0,21.8,6.0,3.2,7.7,17.6,2.3,5.8,4.1,6.1,january,2021-22,28.2,16.4,53.8,11.4,56.3,3.3,3.48,37.2,1.1,0.8,1.4,2.7,28.5,18.0,,2.4,23.8,6.6,7.3,3.4,3.4,69.0,,32.95454545454545,35.0,6-6,214,78
203468,CJ McCollum,NOP,9,35.6,21.6,4.2,4.7,8.7,17.2,3.1,7.7,1.1,1.6,january,2021-22,25.0,22.5,60.2,12.0,60.3,4.3,4.24,35.7,0.7,0.1,0.3,8.8,18.2,31.4,,,17.8,9.7,,6.3,,63.9,,44.76744186046512,35.6,6-3,190,75
203897,Zach LaVine,CHI,11,31.5,21.5,3.9,4.0,7.1,16.3,2.5,7.0,4.9,5.3,january,2021-22,29.2,18.3,57.9,11.0,56.1,4.1,4.36,30.0,0.8,0.5,1.1,9.3,23.5,19.5,4.0,,22.7,6.3,3.4,8.5,,67.6,,42.94478527607362,31.5,6-5,200,77
1628970,Miles Bridges,CHA,15,35.2,21.3,7.5,2.9,8.1,15.3,1.9,5.7,3.3,4.1,january,2021-22,22.3,11.8,62.2,13.2,58.5,2.3,2.4,35.5,2.3,0.6,3.9,9.0,16.5,14.9,7.4,4.9,29.8,7.2,3.2,,2.1,65.7,,37.254901960784316,35.2,6-7,225,79
1629018,Gary Trent Jr.,TOR,10,34.3,21.2,2.4,1.6,7.5,17.2,4.1,9.8,2.1,2.7,january,2021-22,23.5,7.4,57.6,9.5,45.0,2.1,2.77,34.1,0.8,0.0,1.4,,18.3,6.4,,,48.6,9.0,,6.8,,80.6,,56.97674418604651,34.3,6-5,209,77
1627742,Brandon Ingram,NOP,9,33.5,21.0,6.0,6.3,7.2,17.6,1.4,4.3,5.1,6.2,january,2021-22,28.6,29.8,51.7,12.8,64.5,4.3,4.03,40.6,1.8,1.1,0.4,13.8,16.6,16.2,,7.7,18.3,5.8,4.3,12.1,2.4,71.9,,24.43181818181818,33.5,6-8,190,80
1630217,Desmond Bane,MEM,12,31.7,20.8,4.3,3.1,7.7,15.7,3.1,7.0,2.3,2.8,january,2021-22,23.5,13.8,61.5,12.2,62.7,3.0,2.9,32.5,0.8,0.0,0.6,7.0,19.3,25.5,,,17.4,7.4,4.1,9.1,3.8,50.0,,44.5859872611465,31.7,6-5,215,77
1629636,Darius Garland,CLE,13,35.8,20.4,3.9,10.2,7.8,17.7,2.3,6.9,2.4,2.6,january,2021-22,26.6,45.7,54.1,14.1,94.2,9.0,5.72,33.0,0.9,0.0,0.8,6.7,16.2,41.8,,,17.1,5.4,3.1,2.9,,70.9,,38.983050847457626,35.8,6-1,192,73
202699,Tobias Harris,PHI,15,35.9,19.8,6.9,3.7,7.9,15.3,1.5,3.4,2.5,2.8,january,2021-22,22.6,16.3,59.8,13.4,70.7,3.6,3.05,39.4,1.0,3.7,2.3,4.2,17.9,6.8,,14.6,31.8,,6.3,3.0,6.3,64.2,,22.22222222222222,35.9,6-7,226,79
202710,Jimmy Butler III,MIA,11,34.3,19.5,6.8,7.6,6.3,14.1,0.5,2.4,6.5,7.0,january,2021-22,24.5,34.7,56.9,16.4,74.5,5.7,4.6,38.9,1.5,3.3,4.9,17.7,17.2,13.1,2.7,6.1,14.0,1.7,12.1,2.4,7.9,75.8,,17.02127659574468,34.3,6-7,230,79
1626179,Terry Rozier,CHA,15,34.0,19.3,4.7,5.1,6.9,15.9,3.3,8.8,2.1,2.6,january,2021-22,22.1,21.1,56.4,12.0,67.9,4.2,3.71,36.5,0.2,0.0,0.5,,,,,,,,,,,71.9,,55.34591194968554,34.0,6-1,190,73
1629639,Tyler Herro,MIA,12,35.1,19.3,4.4,3.9,6.8,18.0,2.5,7.4,3.3,3.6,january,2021-22,26.7,19.2,49.2,8.9,68.1,5.1,4.45,31.9,0.4,0.1,1.2,13.3,27.7,13.9,,,32.4,,,5.8,,55.1,,41.111111111111114,35.1,6-5,195,77
1626181,Norman Powell,LAC,8,35.7,19.1,5.3,2.0,5.9,12.9,2.8,6.3,4.6,6.3,january,2021-22,21.2,8.4,61.2,9.2,46.1,2.2,2.8,32.8,0.8,0.0,0.9,10.9,24.6,11.3,,,32.5,3.8,1.5,10.9,,83.3,,48.837209302325576,35.7,6-3,215,75
1626156,D'Angelo Russell,MIN,11,30.1,19.1,2.7,7.4,6.6,13.5,3.2,8.0,2.6,3.3,january,2021-22,23.7,33.6,63.7,12.8,74.2,5.3,4.29,31.4,0.7,0.1,0.5,8.7,15.5,36.2,,,20.8,7.9,,,,67.1,,59.25925925925925,30.1,6-4,193,76
1630163,LaMelo Ball,CHA,14,31.9,19.0,6.4,6.9,6.8,16.4,2.1,7.2,3.4,4.0,january,2021-22,26.8,30.9,52.4,11.9,85.9,6.0,4.16,34.1,0.4,0.0,1.5,12.2,12.8,39.4,1.6,,19.4,6.5,,1.7,2.0,69.6,,43.90243902439025,31.9,6-7,180,79
202711,Bojan Bogdanovic,UTA,14,34.1,18.6,4.9,2.0,6.5,15.2,2.1,7.0,3.6,4.3,january,2021-22,24.1,9.9,54.5,9.1,44.9,1.8,2.43,31.5,0.6,2.1,1.1,,,,,,,,,,,64.8,,46.05263157894737,34.1,6-7,226,79
1626174,Christian Wood,HOU,13,29.4,18.6,9.8,1.8,6.8,13.3,2.2,5.4,2.7,4.1,january,2021-22,24.2,10.8,61.6,14.9,55.2,2.3,2.48,29.7,3.0,2.6,4.8,,,,,,,,,,,63.5,,40.6015037593985,29.4,6-9,214,81
202696,Nikola Vučević,CHI,16,33.5,18.4,11.3,3.8,7.8,16.0,1.5,4.9,1.3,1.4,january,2021-22,24.5,17.5,55.3,13.8,72.2,1.9,1.55,45.6,6.6,5.7,6.6,,12.5,,28.8,16.1,15.2,,10.0,3.6,7.6,66.7,,30.625000000000004,33.5,6-10,260,82
1627747,Caris LeVert,CLE,9,32.0,18.0,5.3,5.3,6.6,14.6,1.7,4.2,3.2,4.7,january,2021-22,24.5,25.4,54.2,9.7,77.0,5.3,4.12,37.6,0.7,0.3,2.0,6.2,19.0,24.0,,,26.9,4.5,6.6,5.0,,64.5,,28.767123287671236,32.0,6-6,205,78
203497,Rudy Gobert,UTA,7,35.6,18.0,16.0,1.7,6.7,9.6,0.0,0.1,4.6,6.4,january,2021-22,17.5,7.9,72.6,17.9,37.6,0.8,1.29,24.7,3.0,1.6,13.7,,12.6,,16.7,,,,28.5,,26.9,59.6,,1.0416666666666667,35.6,7-1,258,85
1628384,OG Anunoby,TOR,16,37.6,17.9,6.0,2.6,6.7,14.9,2.4,7.3,2.1,3.1,january,2021-22,20.1,10.9,55.2,9.7,52.2,2.4,2.72,36.9,0.8,3.8,3.7,5.9,22.4,5.9,3.0,2.8,38.2,4.8,5.3,3.4,4.4,58.6,,48.993288590604024,37.6,6-7,232,79
1630180,Saddiq Bey,DET,16,34.1,17.8,4.9,2.4,6.3,14.9,3.1,8.4,2.2,2.6,january,2021-22,21.2,11.1,55.1,9.8,54.9,2.1,2.24,39.1,1.2,1.4,1.7,6.5,19.0,7.8,2.2,13.8,28.5,6.0,4.9,1.9,6.7,61.3,,56.375838926174495,34.1,6-7,215,79
202685,Jonas Valančiūnas,NOP,11,31.8,17.6,11.8,2.9,6.7,12.5,0.8,2.8,3.4,4.0,january,2021-22,23.2,15.0,62.0,15.0,69.5,2.2,1.94,42.1,1.7,7.7,8.7,,,,22.1,29.7,4.2,,13.7,,16.0,62.0,,22.4,31.8,6-11,265,83
1626162,Kelly Oubre Jr.,CHA,9,23.9,17.6,4.0,0.6,6.2,13.3,3.4,8.9,1.7,2.4,january,2021-22,25.6,3.7,60.9,11.8,30.2,1.0,1.91,21.1,0.3,0.0,1.2,12.1,22.1,7.6,,,29.8,,5.9,,6.6,66.7,,66.9172932330827,23.9,6-6,203,78
203952,Andrew Wiggins,GSW,17,32.7,17.5,3.8,2.6,6.6,13.6,2.3,5.7,1.9,3.2,january,2021-22,21.0,12.5,58.2,10.5,48.9,2.5,3.07,29.9,0.6,2.3,2.1,10.9,22.1,7.6,,6.8,32.5,2.0,3.8,2.5,7.8,56.7,,41.911764705882355,32.7,6-7,197,79
1630595,Cade Cunningham,DET,15,32.3,17.3,4.2,5.6,6.7,15.9,2.1,5.7,1.9,2.2,january,2021-22,26.6,27.4,51.5,9.3,77.9,6.0,4.62,34.4,0.6,0.1,0.9,11.5,17.5,38.7,,3.5,8.5,8.4,1.6,4.4,1.3,52.2,,35.84905660377358,32.3,6-6,220,78
203994,Jusuf Nurkić,POR,16,31.4,17.3,12.2,3.2,6.5,12.8,0.3,1.3,4.0,6.2,january,2021-22,25.7,16.7,55.9,13.6,63.6,2.3,2.15,41.3,4.7,9.4,6.9,,6.9,,22.4,10.4,11.8,,17.3,,13.6,60.4,,10.15625,31.4,6-11,290,83
201566,Russell Westbrook,LAL,14,32.0,17.3,6.9,5.8,6.6,15.8,0.9,3.1,3.2,4.3,january,2021-22,26.7,27.4,48.9,10.5,74.0,6.4,5.23,27.1,0.4,1.6,1.7,13.4,18.3,25.8,,5.1,26.7,,2.2,,2.8,69.6,,19.62025316455696,32.0,6-3,200,75
201950,Jrue Holiday,MIL,9,31.6,17.2,5.1,6.4,6.3,13.4,1.9,4.6,2.7,3.0,january,2021-22,23.9,31.4,58.3,12.3,73.4,5.9,4.8,25.6,0.9,2.4,2.6,10.1,20.5,26.3,,3.6,20.5,,4.3,,,59.4,,34.32835820895522,31.6,6-3,205,75
1630178,Tyrese Maxey,PHI,11,39.1,16.8,3.5,5.5,6.2,13.7,1.8,4.0,2.6,3.2,january,2021-22,18.6,20.9,55.6,9.7,92.7,7.3,4.74,35.5,0.5,0.0,0.7,14.5,21.9,26.2,1.3,1.4,14.3,6.7,3.0,5.4,,53.8,,29.197080291970806,39.1,6-2,200,74
203903,Jordan Clarkson,UTA,15,29.0,16.7,3.3,2.4,6.0,14.0,2.8,7.3,1.9,2.2,january,2021-22,25.9,14.2,55.9,8.7,44.5,2.7,3.64,27.5,0.1,0.2,0.9,5.2,25.6,12.3,,,36.0,7.8,4.2,,3.9,64.4,,52.142857142857146,29.0,6-4,194,76
1628991,Jaren Jackson Jr.,MEM,16,28.8,16.7,6.8,1.0,6.1,14.0,1.3,4.3,3.3,4.6,january,2021-22,24.8,5.0,52.1,9.8,40.5,1.3,1.96,25.5,2.1,2.1,3.8,11.1,15.3,2.1,9.7,19.8,26.4,1.5,3.4,,3.9,48.5,,30.71428571428571,28.8,6-11,242,83
1629652,Luguentz Dort,OKC,12,31.8,16.7,4.2,1.6,5.4,13.2,2.5,6.9,3.3,3.7,january,2021-22,21.5,8.0,56.4,8.1,39.9,1.9,2.89,25.2,0.4,0.0,1.5,,15.0,,5.5,,61.5,,4.0,,,67.4,,52.27272727272728,31.8,6-3,215,75
1630169,Tyrese Haliburton,IND,13,35.0,16.6,3.5,8.4,5.7,12.0,2.4,5.7,2.8,3.4,january,2021-22,18.9,37.3,61.6,12.8,82.6,6.5,4.69,31.2,0.1,0.0,0.5,,,,,,,,,,,68.8,,47.5,35.0,6-5,185,77
1628370,Malik Monk,LAL,13,30.1,16.5,4.3,3.0,6.0,12.2,3.4,6.9,1.2,1.5,january,2021-22,20.2,14.2,64.4,10.8,50.5,2.2,2.65,28.3,0.5,0.0,1.3,8.4,22.0,24.1,3.5,,25.5,6.7,,4.6,,56.9,,56.55737704918033,30.1,6-3,200,75
203944,Julius Randle,NYK,14,34.9,16.4,9.6,5.0,6.1,15.1,1.2,4.9,2.9,4.1,january,2021-22,24.9,24.1,48.7,12.0,73.2,4.0,3.3,44.2,2.3,3.7,3.2,15.8,16.5,9.4,7.3,10.1,21.1,2.4,5.0,3.2,5.4,65.2,,32.450331125827816,34.9,6-8,250,80
202330,Gordon Hayward,CHA,10,31.7,16.2,4.9,3.7,6.4,12.4,2.0,4.9,1.4,1.8,january,2021-22,18.3,15.7,61.4,11.7,51.6,2.2,2.61,35.5,1.2,0.6,1.6,,,,,,,,,,,60.0,,39.51612903225807,31.7,6-7,225,79
203932,Aaron Gordon,DEN,16,31.0,15.9,5.7,2.9,6.3,11.8,1.4,4.3,2.1,2.8,january,2021-22,21.2,12.6,61.4,10.4,41.4,1.9,2.81,26.7,1.8,2.2,4.6,16.0,13.0,10.4,5.9,11.2,15.4,,13.0,,5.3,62.9,,36.440677966101696,31.0,6-8,235,80
1629632,Coby White,CHI,16,31.6,15.9,3.0,3.0,5.8,12.3,2.4,6.3,1.9,2.1,january,2021-22,19.9,14.2,60.3,8.7,54.9,3.6,3.89,23.0,0.7,0.0,0.6,7.7,29.3,29.6,,,20.9,3.1,,2.6,,68.1,,51.21951219512195,31.6,6-4,195,76
101108,Chris Paul,PHX,14,34.7,15.7,5.6,11.8,6.1,11.9,1.4,3.2,2.1,2.6,january,2021-22,19.1,45.0,60.2,16.1,76.3,7.4,5.78,24.0,0.4,0.2,0.3,,,43.8,,,15.6,,,,,63.8,,26.89075630252101,34.7,6-0,175,72
203095,Evan Fournier,NYK,14,28.1,15.7,3.0,1.7,5.6,12.1,3.4,7.5,1.0,1.6,january,2021-22,21.2,10.0,61.6,9.3,34.2,1.5,2.56,26.4,0.2,0.0,0.4,,,,,,,,,,,61.4,,61.98347107438017,28.1,6-6,205,78
1630596,Evan Mobley,CLE,15,35.5,15.7,8.0,2.7,6.5,12.3,0.2,1.1,2.5,4.7,january,2021-22,20.5,12.0,54.6,10.8,62.9,2.2,2.12,35.7,3.9,4.3,7.5,4.7,16.0,9.5,14.3,8.0,17.9,1.6,13.8,2.7,6.5,50.0,,8.94308943089431,35.5,6-11,215,83
1630532,Franz Wagner,ORL,15,32.0,15.6,4.5,3.5,6.2,12.3,0.7,2.7,2.5,2.9,january,2021-22,21.0,17.8,57.4,11.1,53.7,2.6,2.94,32.7,0.9,0.5,1.7,7.6,20.4,22.9,2.9,6.9,16.6,3.2,6.7,3.6,4.4,60.0,,21.951219512195124,32.0,6-10,220,82
202691,Klay Thompson,GSW,10,23.4,15.6,3.3,2.7,5.8,14.3,2.4,7.3,1.6,1.6,january,2021-22,28.9,18.0,52.0,10.9,35.1,1.4,2.39,27.6,0.6,1.0,1.5,,19.2,7.1,,,25.9,12.2,2.8,26.3,,58.8,,51.04895104895104,23.4,6-6,220,78
203115,Will Barton,DEN,13,32.0,15.5,4.2,4.6,5.7,12.5,2.2,5.8,1.8,2.2,january,2021-22,20.8,19.4,57.5,9.8,56.3,3.2,3.41,33.8,1.0,0.0,1.5,,,,,,,,,,,64.2,,46.4,32.0,6-5,181,77
1629640,Keldon Johnson,SAS,14,32.3,15.4,5.3,1.9,5.6,12.4,2.5,6.1,1.6,1.9,january,2021-22,18.5,8.0,57.8,8.9,45.2,1.6,2.13,25.8,0.6,0.3,1.5,3.9,20.0,2.8,,4.4,32.0,7.4,9.2,,10.9,61.5,,49.19354838709677,32.3,6-6,220,78
202704,Reggie Jackson,LAC,17,27.1,15.3,3.2,3.8,5.6,14.1,1.8,5.9,2.4,2.6,january,2021-22,28.3,23.2,50.3,8.6,61.3,5.5,5.4,22.5,0.1,0.0,0.3,,,,,,,,,,,67.1,,41.843971631205676,27.1,6-2,208,74
202694,Marcus Morris Sr.,LAC,12,29.2,15.3,4.9,2.1,5.3,13.5,1.8,5.1,3.0,3.4,january,2021-22,24.4,11.4,50.8,8.6,43.5,1.8,2.53,30.5,1.8,3.2,0.9,,,,,,,,,,,62.9,,37.77777777777778,29.2,6-8,218,80
1627751,Jakob Poeltl,SAS,15,31.0,15.2,10.3,3.0,6.6,10.4,0.0,0.0,2.0,3.5,january,2021-22,18.2,13.1,63.6,13.8,62.1,1.6,1.52,31.9,5.7,1.7,11.2,,13.0,,16.7,,,,40.7,,14.8,53.4,,0.0,31.0,7-1,245,85
203084,Harrison Barnes,SAC,15,33.4,15.1,5.7,2.5,4.7,10.6,1.9,5.0,3.7,4.9,january,2021-22,17.8,10.8,59.3,9.7,44.3,1.6,2.12,26.5,1.1,0.7,1.7,8.0,18.8,3.3,5.0,2.5,43.8,4.8,,4.8,,74.7,,47.16981132075472,33.4,6-8,225,80
1628389,Bam Adebayo,MIA,8,34.3,15.1,9.4,4.6,5.6,11.4,0.0,0.0,3.9,5.0,january,2021-22,22.1,21.9,55.7,13.6,64.9,3.1,2.87,40.1,5.1,3.8,8.3,8.0,20.2,,9.1,11.3,30.1,,7.1,2.4,6.5,65.7,,0.0,34.3,6-9,255,81
203992,Bogdan Bogdanović,ATL,8,27.7,15.1,4.3,3.6,5.4,12.4,2.9,8.5,1.5,1.8,january,2021-22,22.6,21.2,57.5,11.4,44.6,2.0,2.68,27.8,0.6,0.0,0.5,,12.2,34.4,,,24.4,,,,,58.3,,68.54838709677419,27.7,6-6,225,78
1628976,Wendell Carter Jr.,ORL,8,30.1,15.0,10.3,2.8,5.1,10.9,1.0,2.8,3.8,5.8,january,2021-22,21.9,14.1,55.9,14.3,60.8,2.0,1.93,39.1,5.3,1.8,7.1,,10.9,,19.2,3.2,26.2,,17.1,,12.7,52.6,,25.688073394495408,30.1,6-10,270,82
204001,Kristaps Porziņģis,WAS,8,26.3,14.9,6.8,1.0,5.3,11.6,1.1,3.9,3.3,4.1,january,2021-22,25.3,6.5,55.3,11.0,48.9,1.2,1.5,31.8,3.0,3.9,7.1,,14.6,,11.3,24.3,17.4,,7.7,10.5,6.1,60.0,,33.62068965517241,26.3,7-3,240,87
1628404,Josh Hart,POR,13,35.8,14.8,9.2,3.6,5.0,10.8,1.2,4.2,3.7,5.5,january,2021-22,18.4,15.9,56.4,10.3,59.6,2.8,2.77,28.2,0.5,0.1,1.9,,21.0,10.3,,,45.6,4.0,4.6,,,69.8,,38.88888888888889,35.8,6-5,215,77
1629631,De'Andre Hunter,ATL,11,29.6,14.7,4.0,1.5,5.2,10.9,1.6,3.9,2.7,3.7,january,2021-22,20.9,8.0,58.7,8.4,34.5,1.4,2.41,23.0,0.6,0.4,0.6,7.5,18.2,13.3,2.6,,29.0,9.5,6.2,6.0,2.6,56.9,,35.77981651376147,29.6,6-8,221,80
201144,Mike Conley,UTA,14,29.5,14.6,3.9,5.2,4.7,11.4,2.4,5.6,2.7,3.3,january,2021-22,21.5,27.4,56.9,11.7,70.4,6.0,5.08,30.8,0.1,0.0,0.7,,14.8,21.2,,,33.3,13.8,,5.8,,64.7,,49.122807017543856,29.5,6-1,175,73
1628973,Jalen Brunson,DAL,16,32.7,14.6,3.8,5.6,6.1,12.1,0.8,2.1,1.6,1.7,january,2021-22,19.7,27.6,56.9,12.4,72.4,5.3,4.43,33.9,0.5,0.4,0.3,14.4,14.3,36.0,,3.3,16.4,5.6,1.9,2.5,,61.1,,17.355371900826448,32.7,6-1,190,73
1628984,Devonte' Graham,NOP,14,31.3,14.5,2.4,4.1,4.6,13.1,3.0,9.1,2.2,2.4,january,2021-22,21.4,20.6,51.3,7.8,70.2,5.0,4.24,32.4,0.3,0.0,0.2,,,,,,,,,,,69.0,,69.46564885496184,31.3,6-1,195,73
1629673,Jordan Poole,GSW,17,26.4,14.4,2.1,3.2,4.8,11.0,2.2,5.9,2.7,2.9,january,2021-22,22.5,19.4,58.6,8.9,55.5,3.9,4.25,28.3,0.3,0.0,0.7,7.9,19.9,30.6,,,14.3,12.9,,5.4,,55.0,,53.63636363636364,26.4,6-4,194,76
1628381,John Collins,ATL,13,29.1,14.4,7.9,1.7,5.7,11.2,0.8,2.8,2.2,2.7,january,2021-22,20.0,9.2,58.3,11.5,52.1,1.3,1.54,26.5,1.8,2.8,5.6,,18.7,,6.3,9.1,33.6,2.3,10.3,,9.8,68.1,,25.0,29.1,6-9,226,81
1628386,Jarrett Allen,CLE,14,32.9,14.3,11.1,1.8,5.8,9.4,0.0,0.2,2.7,3.9,january,2021-22,17.0,8.3,64.0,14.3,49.1,1.4,1.67,26.7,5.6,2.8,12.3,,13.6,,20.9,7.8,4.1,,33.1,,9.2,49.1,,2.127659574468085,32.9,6-10,243,82
1629661,Cameron Johnson,PHX,11,31.5,14.2,4.8,1.4,4.8,9.8,2.8,6.5,1.7,1.9,january,2021-22,14.5,5.6,66.5,10.2,36.4,0.9,1.53,18.2,0.2,0.0,0.9,,25.0,8.2,,,26.5,15.3,6.7,4.9,,68.1,,66.3265306122449,31.5,6-8,210,80
1626168,Trey Lyles,SAC,15,24.3,14.1,6.0,1.7,4.5,9.7,0.9,3.3,4.1,5.6,january,2021-22,22.9,10.9,57.9,12.8,44.0,1.4,1.9,26.9,3.0,1.5,2.7,,,,,,,,,,,64.5,,34.02061855670103,24.3,6-9,234,81
1628374,Lauri Markkanen,CLE,11,31.0,14.1,5.2,1.6,5.0,9.8,2.5,5.6,1.6,1.8,january,2021-22,15.8,7.3,66.4,11.5,40.6,1.2,1.81,29.0,0.4,1.1,2.7,4.0,15.6,3.0,8.3,5.7,12.8,7.5,10.6,20.7,7.0,58.1,,57.14285714285714,31.0,6-11,240,83
1628379,Luke Kennard,LAC,8,26.4,14.0,4.8,2.6,4.6,10.1,2.8,6.9,2.0,2.1,january,2021-22,17.8,14.4,63.3,13.0,38.3,1.4,2.14,27.4,1.0,0.0,0.4,,24.5,9.1,,,32.0,7.9,5.8,11.6,,56.3,,68.31683168316832,26.4,6-5,206,77
1629599,Amir Coffey,LAC,17,31.1,13.9,4.4,2.9,4.8,9.6,2.3,5.5,2.1,2.4,january,2021-22,15.8,13.2,65.6,10.1,43.0,1.7,2.44,27.8,0.1,0.0,0.8,,,,,,,,,,,54.5,,57.29166666666667,31.1,6-7,210,79
1629645,Kevin Porter Jr.,HOU,12,29.5,13.9,3.7,6.8,4.8,11.2,2.3,5.7,2.1,3.1,january,2021-22,22.0,35.5,55.6,9.5,67.1,5.8,5.22,24.6,0.8,0.1,0.8,9.8,13.6,45.2,,2.4,16.0,5.5,,,,72.6,,50.89285714285715,29.5,6-4,203,76
1630175,Cole Anthony,ORL,13,31.2,13.8,5.8,6.3,4.6,13.8,1.3,5.8,3.3,4.3,january,2021-22,24.7,31.3,44.0,9.0,77.4,6.3,4.91,25.4,0.5,0.0,1.0,6.9,14.7,51.8,,,14.3,,,,,57.9,,42.028985507246375,31.2,6-3,185,75
201569,Eric Gordon,HOU,12,30.4,13.8,2.8,2.2,4.8,9.8,2.0,5.3,2.3,2.8,january,2021-22,16.6,10.3,62.5,8.1,46.3,2.9,3.81,24.1,0.5,0.0,0.5,,,,,,60.0,,,,,69.6,,54.08163265306122,30.4,6-3,215,75
1628401,Derrick White,BOS,11,30.3,13.7,3.6,6.5,4.5,11.3,1.5,5.1,3.1,3.6,january,2021-22,20.6,28.7,53.3,10.0,54.8,4.0,4.41,26.6,0.4,0.0,0.5,4.7,10.8,35.1,1.6,,25.9,9.5,1.3,5.1,1.7,52.5,,45.13274336283185,30.3,6-4,190,76
203914,Gary Harris,ORL,14,32.4,13.7,1.9,1.5,5.0,11.2,2.5,6.4,1.2,1.4,january,2021-22,17.0,7.2,57.9,6.5,32.5,1.3,2.39,25.9,0.5,0.0,0.8,,16.7,,,,54.2,,,,,76.3,,57.14285714285715,32.4,6-4,210,76
203552,Seth Curry,BKN,10,35.6,13.6,4.4,6.0,5.4,11.9,2.5,6.4,0.3,0.4,january,2021-22,18.2,23.6,56.3,9.6,64.0,3.9,3.62,40.9,0.1,0.0,0.0,,,,,,,,,,,69.7,,53.78151260504202,35.6,6-2,185,74
201567,Kevin Love,CLE,15,22.9,13.5,6.9,2.3,4.5,10.9,2.2,6.3,2.3,2.8,january,2021-22,25.7,15.7,55.9,14.8,45.1,1.5,1.98,29.5,1.9,3.5,2.9,,14.0,,14.6,,34.1,,6.7,,15.2,46.9,,57.798165137614674,22.9,6-8,251,80
1628969,Mikal Bridges,PHX,14,36.1,13.5,4.4,2.7,5.4,10.6,1.5,4.3,1.1,1.4,january,2021-22,14.3,9.9,60.4,8.9,37.1,1.1,1.71,22.4,1.5,0.0,2.5,2.3,25.3,9.1,3.4,2.3,36.2,6.3,5.0,4.8,2.7,59.7,,40.56603773584906,36.1,6-6,209,78
1626195,Willy Hernangomez,NOP,6,22.2,13.5,8.7,1.5,4.7,10.2,0.2,0.7,4.0,5.0,january,2021-22,26.2,12.7,54.6,12.2,46.0,1.3,1.69,32.5,4.2,3.0,9.3,,,,,,,,,,,54.5,,6.862745098039216,22.2,6-11,250,83
201988,Patty Mills,BKN,15,32.4,13.5,2.3,2.7,4.7,11.1,3.2,7.7,0.8,0.9,january,2021-22,15.7,11.1,58.7,7.6,40.7,1.7,2.48,23.9,0.2,0.0,0.1,,,,,,,,,,,60.0,,69.36936936936937,32.4,6-0,180,72
1626171,Bobby Portis,MIL,15,29.5,13.3,9.7,0.8,5.5,12.0,1.6,4.4,0.8,1.2,january,2021-22,19.7,4.0,53.2,9.6,43.1,1.1,1.48,21.7,1.6,1.6,5.3,3.2,11.0,,15.8,19.8,31.1,,6.6,,5.8,50.0,,36.66666666666667,29.5,6-10,250,82
1630170,Devin Vassell,SAS,14,27.7,13.3,5.1,1.5,5.0,12.1,2.2,6.3,1.1,1.3,january,2021-22,20.2,7.6,52.6,8.1,38.7,1.3,2.03,24.6,0.5,0.0,0.3,2.7,22.2,11.5,,,35.3,10.7,,11.8,,63.0,,52.066115702479344,27.7,6-5,200,77
1630581,Josh Giddey,OKC,14,33.2,13.3,8.6,6.1,5.6,12.6,1.4,4.8,0.8,1.0,january,2021-22,20.9,29.5,51.1,12.2,80.4,4.3,3.22,41.4,1.1,0.0,3.0,5.0,22.8,38.8,,,16.0,4.5,4.3,,,57.5,,38.095238095238095,33.2,6-8,205,80
2546,Carmelo Anthony,LAL,11,24.8,13.3,3.6,1.3,4.6,10.1,1.8,5.5,2.2,2.3,january,2021-22,19.5,7.2,59.8,10.0,32.5,1.1,2.06,21.4,0.7,1.9,1.2,,,,,,,,,,,77.8,,54.45544554455446,24.8,6-7,238,79
203915,Spencer Dinwiddie,DAL,11,31.6,13.3,3.2,6.1,4.1,11.1,1.5,5.7,3.5,3.8,january,2021-22,18.7,26.7,52.0,9.3,69.7,5.9,5.06,27.4,0.2,0.0,0.5,,,,,,,,,,,60.9,,51.35135135135136,31.6,6-6,215,78
1628989,Kevin Huerter,ATL,15,30.9,13.3,3.1,3.1,5.1,10.8,1.9,5.3,1.1,1.4,january,2021-22,17.6,13.9,58.1,7.6,44.9,2.2,2.98,27.9,0.6,0.0,1.1,,22.8,11.3,,,36.6,6.3,8.2,4.0,3.3,62.3,,49.07407407407407,30.9,6-7,198,79
1630537,Chris Duarte,IND,11,28.3,13.2,4.7,2.4,4.7,11.2,1.3,3.8,2.5,3.0,january,2021-22,20.4,12.6,52.7,10.3,53.5,2.4,2.71,31.9,0.5,0.0,1.4,,,,,,,,,,,66.7,,33.92857142857143,28.3,6-5,190,77
1629642,Nassir Little,POR,12,31.5,13.1,5.7,1.8,4.5,9.9,2.1,5.2,2.0,2.8,january,2021-22,16.4,8.8,58.8,9.7,39.2,1.4,2.12,24.8,0.9,0.5,2.3,,,,,,,,,,,59.7,,52.52525252525253,31.5,6-5,220,77
1630224,Jalen Green,HOU,14,29.1,13.1,3.9,2.0,4.1,12.4,1.3,5.4,3.6,4.3,january,2021-22,23.5,10.8,45.7,5.3,39.9,2.6,3.93,21.8,0.6,0.0,1.4,,,,,,,,,,,68.6,,43.54838709677419,29.1,6-4,186,76
1627741,Buddy Hield,IND,15,28.2,13.0,5.3,1.9,4.3,11.6,3.0,8.3,1.3,1.5,january,2021-22,20.2,10.2,53.0,8.1,46.3,1.7,2.22,28.5,0.4,0.0,0.9,,23.1,4.8,,,34.0,5.4,5.4,12.2,3.7,67.1,,71.55172413793103,28.2,6-4,220,76
203200,Justin Holiday,SAC,16,29.3,12.9,2.6,2.4,4.4,9.7,3.0,7.3,1.2,1.4,january,2021-22,16.1,11.6,62.8,7.7,38.4,0.9,1.42,29.1,0.4,0.0,0.9,,,,,,,,,,,73.3,,75.25773195876289,29.3,6-6,180,78
203501,Tim Hardaway Jr.,DAL,13,25.1,12.8,3.1,1.7,4.3,10.7,2.2,6.5,2.0,2.5,january,2021-22,22.5,10.9,54.4,9.8,43.2,1.6,2.19,27.8,0.3,0.1,0.4,2.2,21.3,5.7,3.2,,32.4,12.1,2.8,15.8,,62.0,,60.74766355140188,25.1,6-5,205,77
203082,Terrence Ross,ORL,14,24.2,12.8,3.4,1.8,4.5,10.4,1.5,3.9,2.3,2.5,january,2021-22,21.7,12.0,55.8,10.7,33.6,1.7,3.1,24.2,0.3,0.0,0.4,,,,,,,,,,,59.4,,37.5,24.2,6-6,206,78
1629056,Terence Davis,SAC,8,19.2,12.8,3.3,2.1,4.4,9.4,2.1,5.5,1.9,2.3,january,2021-22,23.9,15.7,61.5,12.1,28.4,1.3,2.82,15.3,0.3,0.0,0.6,,,,,,,,,,,59.3,,58.51063829787234,19.2,6-4,201,76
1630591,Jalen Suggs,ORL,9,29.3,12.7,4.3,5.0,4.8,10.9,0.7,2.8,2.4,3.2,january,2021-22,22.8,26.9,51.5,8.8,67.6,4.5,3.97,26.8,0.3,0.4,1.7,6.6,24.5,25.2,,,20.4,7.3,,,4.0,51.7,,25.688073394495408,29.3,6-5,205,77
201145,Jeff Green,DEN,12,25.0,12.7,3.6,1.3,5.0,9.0,0.8,2.3,1.9,2.4,january,2021-22,18.3,7.7,62.9,9.1,31.9,0.9,1.63,23.4,3.0,1.3,4.5,,,,,,,,,,,54.9,,25.555555555555554,25.0,6-8,235,80
1628420,Monte Morris,DEN,14,30.1,12.6,3.6,4.2,4.8,10.7,1.6,4.5,1.5,1.7,january,2021-22,18.0,17.8,55.1,9.6,63.3,4.1,3.87,32.2,1.0,0.0,1.7,,,,,,,,,,,64.9,,42.056074766355145,30.1,6-2,183,74
1629622,Max Strus,MIA,13,26.3,12.6,3.5,1.8,4.4,10.6,3.4,8.2,0.5,0.5,january,2021-22,19.8,10.3,58.1,8.1,41.1,1.1,1.57,27.5,0.5,0.0,1.9,,,,,,,,,,,60.0,,77.35849056603773,26.3,6-5,215,77
1630567,Scottie Barnes,TOR,13,36.0,12.6,6.6,3.5,4.8,11.5,0.9,3.8,2.0,2.8,january,2021-22,17.5,14.9,49.4,7.8,66.5,3.2,2.9,32.5,2.6,2.3,5.5,7.9,21.7,13.1,5.7,10.7,19.7,2.2,9.3,1.5,5.0,56.1,,33.04347826086956,36.0,6-7,225,79
203484,Kentavious Caldwell-Pope,WAS,14,30.2,12.6,3.6,1.8,4.6,11.1,1.9,5.6,1.5,1.7,january,2021-22,18.4,8.4,53.2,6.9,38.9,1.4,2.23,24.6,0.6,0.0,0.6,3.1,24.1,18.1,,,33.7,5.9,,6.5,,61.1,,50.45045045045045,30.2,6-5,204,77
1629130,Duncan Robinson,MIA,13,24.9,12.5,2.5,1.2,4.2,9.2,3.4,8.2,0.7,0.8,january,2021-22,18.4,7.2,65.8,8.4,33.5,0.9,1.58,26.3,0.3,0.0,1.2,,18.5,7.9,4.3,,31.2,11.7,,18.8,,57.6,,89.13043478260869,24.9,6-7,215,79
1629634,Brandon Clarke,MEM,15,22.2,12.5,5.9,1.3,5.4,7.9,0.1,0.3,1.6,2.2,january,2021-22,17.0,8.8,70.4,15.9,29.1,0.7,1.43,17.4,2.7,0.2,6.9,,,,,,,,,,,50.0,,3.797468354430379,22.2,6-8,215,80
1630256,Jae'Sean Tate,HOU,14,26.2,12.4,5.4,3.3,5.0,9.6,0.7,2.6,1.6,2.5,january,2021-22,19.5,20.4,57.5,8.9,43.6,1.9,2.55,22.7,1.1,0.9,3.3,,,,,,,,,,,51.9,,27.083333333333336,26.2,6-4,230,76
1629216,Gabe Vincent,MIA,10,30.0,12.3,1.7,4.5,4.4,10.2,2.9,6.7,0.6,0.7,january,2021-22,18.3,24.3,58.5,8.0,60.4,4.6,4.53,22.7,0.2,0.0,0.7,,14.9,14.9,,,38.6,,,13.2,,52.6,,65.68627450980394,30.0,6-3,200,75
200746,LaMarcus Aldridge,BKN,10,20.8,12.3,5.2,0.8,5.4,10.3,0.0,0.5,1.5,1.7,january,2021-22,23.8,5.6,55.7,11.0,33.4,1.0,1.77,22.1,5.0,2.9,4.7,,,,,,,,,,,50.0,,4.854368932038835,20.8,6-11,250,83
1628977,Hamidou Diallo,DET,16,26.6,12.3,6.1,1.6,5.1,11.6,0.4,1.9,1.6,2.3,january,2021-22,21.8,9.7,48.6,9.0,42.7,1.6,2.18,22.6,1.3,0.1,3.8,,,,,,,,,,,54.2,,16.379310344827587,26.6,6-5,202,77
1630529,Herbert Jones,NOP,15,33.9,12.1,4.1,2.7,4.5,9.0,1.1,3.1,2.1,2.5,january,2021-22,14.2,11.7,60.2,8.6,40.1,1.6,2.43,23.5,0.9,0.1,1.3,,22.4,10.8,,,37.7,6.3,5.4,,,70.2,,34.44444444444444,33.9,6-7,206,79
203926,Doug McDermott,SAS,10,24.7,12.0,2.2,1.0,4.6,10.2,2.5,5.7,0.3,0.5,january,2021-22,19.2,5.5,57.6,6.2,33.0,1.0,1.81,24.7,0.3,0.1,0.7,,,,,,65.4,,,,,75.0,,55.88235294117647,24.7,6-7,225,79
1628366,Lonzo Ball,CHI,6,30.3,12.0,5.5,5.5,4.0,8.8,3.3,7.5,0.7,1.0,january,2021-22,15.8,24.4,64.7,10.5,70.0,3.9,3.34,25.8,0.7,0.0,0.8,,19.3,16.5,,,36.3,6.1,,,,71.4,,85.22727272727272,30.3,6-6,190,78
1626149,Montrezl Harrell,CHA,9,20.5,11.9,5.7,1.8,4.7,6.8,0.1,0.4,2.4,3.8,january,2021-22,18.6,14.2,70.4,15.9,32.2,1.0,1.93,21.9,2.6,2.0,5.3,,,,,,,,,,,65.4,,5.882352941176471,20.5,6-7,240,79
1628997,Caleb Martin,MIA,15,26.9,11.7,5.1,1.0,4.5,8.7,1.2,3.0,1.5,1.6,january,2021-22,16.5,6.0,62.2,10.3,33.2,1.2,2.2,19.5,1.3,0.1,3.1,,32.5,7.9,,,35.7,,,,,53.6,,34.48275862068966,26.9,6-5,205,77
1629726,Garrison Mathews,HOU,13,25.8,11.6,3.2,1.2,2.9,7.2,2.5,6.1,3.3,3.9,january,2021-22,14.5,6.4,65.4,7.4,29.1,0.8,1.63,17.2,0.3,0.1,0.5,,,,,,,,,,,66.7,,84.72222222222221,25.8,6-5,215,77
1627854,Bryn Forbes,DEN,14,22.9,11.6,1.9,1.5,4.2,10.6,2.1,5.1,1.0,1.1,january,2021-22,20.0,9.7,52.1,6.7,31.1,1.1,2.21,23.6,0.4,0.0,0.2,,,,,,,,,,,61.4,,48.113207547169814,22.9,6-2,205,74
203935,Marcus Smart,BOS,10,30.0,11.5,3.8,5.5,3.8,9.0,2.0,4.9,1.9,2.3,january,2021-22,18.1,25.0,57.4,10.3,64.4,3.7,3.43,28.8,1.3,1.1,1.3,4.2,18.4,15.1,5.0,,38.3,,,,,41.7,,54.44444444444445,30.0,6-4,220,76
1628960,Grayson Allen,MIL,9,27.7,11.4,4.0,1.8,4.0,9.2,2.1,6.0,1.3,1.4,january,2021-22,16.1,9.4,58.0,9.1,30.0,0.9,1.86,19.1,0.6,0.0,1.6,2.8,17.5,24.2,4.0,,33.8,5.4,,7.0,,72.7,,65.21739130434783,27.7,6-4,198,76
202355,Hassan Whiteside,UTA,7,30.5,11.4,9.9,0.6,5.0,8.1,0.0,0.0,1.4,3.1,january,2021-22,14.7,2.7,60.0,9.5,23.7,0.6,1.47,14.7,2.7,2.1,8.7,,,,,,,,,,,61.9,,0.0,30.5,7-0,265,84
200768,Kyle Lowry,MIA,7,32.0,11.4,3.9,9.3,3.3,9.6,1.9,5.6,3.0,3.3,january,2021-22,18.0,38.0,51.9,9.7,79.7,5.2,3.92,32.9,0.3,0.4,0.7,,,,,,,,,,,72.4,,58.333333333333336,32.0,6-0,196,72
1629022,Lonnie Walker IV,SAS,14,23.4,11.4,2.1,2.2,4.3,11.3,1.1,4.3,1.8,2.4,january,2021-22,23.6,14.3,46.4,6.5,32.9,1.7,3.16,20.9,0.7,0.0,0.8,,,,,,,,,,,51.2,,38.05309734513274,23.4,6-4,204,76
203471,Dennis Schröder,HOU,16,26.1,11.4,3.2,3.9,4.1,8.8,1.3,3.1,1.9,2.6,january,2021-22,19.8,24.1,57.2,10.8,60.8,4.7,4.68,25.3,0.1,0.0,0.3,14.8,11.2,36.6,,,23.1,5.2,,,,60.9,,35.22727272727273,26.1,6-1,172,73
201568,Danilo Gallinari,ATL,14,25.6,11.4,5.1,1.4,3.6,8.4,1.6,4.7,2.6,2.9,january,2021-22,17.9,7.6,58.6,9.1,40.6,1.7,2.52,22.4,0.9,2.1,1.1,,,,,,,,,,,68.6,,55.952380952380956,25.6,6-10,236,82
1630613,Duane Washington Jr.,IND,15,23.0,11.3,1.7,2.3,4.1,10.2,2.1,5.3,0.9,1.2,january,2021-22,21.6,15.2,52.5,6.3,35.5,1.6,2.65,22.9,0.2,0.0,0.3,,,,,,,,,,,64.9,,51.9607843137255,23.0,6-3,197,75
1629669,Jaylen Nowell,MIN,14,20.1,11.2,2.9,2.9,4.3,8.2,0.9,3.0,1.7,2.1,january,2021-22,19.7,21.3,61.2,13.1,39.0,2.8,4.34,15.1,0.4,0.0,0.6,,,,,,,,,,,66.7,,36.585365853658544,20.1,6-4,201,76
202687,Bismack Biyombo,PHX,12,22.8,11.1,8.1,1.2,4.5,7.0,0.0,0.0,2.1,3.8,january,2021-22,17.8,6.8,64.1,12.5,34.8,0.9,1.47,18.8,4.6,0.8,9.8,,,,,,,,,,,50.9,,0.0,22.8,6-8,255,80
202709,Cory Joseph,DET,11,27.0,10.9,3.3,4.5,3.5,7.2,1.7,3.2,2.1,2.5,january,2021-22,14.0,23.6,66.0,10.2,55.2,3.9,4.24,24.5,0.3,0.0,0.5,,,,,,,,,,,52.4,,44.44444444444445,27.0,6-3,200,75
1629638,Nickeil Alexander-Walker,UTA,15,23.8,10.9,2.4,3.1,3.9,10.6,1.4,4.9,1.6,2.2,january,2021-22,24.0,20.8,47.0,6.7,47.9,2.6,3.2,28.0,0.4,0.0,0.7,2.9,27.3,18.8,2.9,,22.7,7.1,2.9,9.1,1.3,69.8,,46.22641509433963,23.8,6-5,205,77
1627788,Furkan Korkmaz,PHI,14,30.6,10.7,3.6,2.7,3.8,8.9,1.4,4.8,1.8,1.9,january,2021-22,15.2,12.2,54.8,8.0,49.5,2.8,3.39,26.6,0.1,0.1,0.6,,,,,,,,,,,58.9,,53.93258426966292,30.6,6-7,202,79
1629011,Mitchell Robinson,NYK,13,26.0,10.6,9.1,0.3,4.4,5.3,0.0,0.0,1.8,3.9,january,2021-22,13.4,1.8,75.5,12.3,30.6,0.8,1.5,14.7,0.6,0.2,9.0,,,,11.7,,,,12.5,,52.3,66.7,,0.0,26.0,7-0,240,84
1630209,Omer Yurtseven,MIA,10,22.3,10.6,9.9,2.5,4.6,7.5,0.1,0.2,1.3,2.0,january,2021-22,18.1,15.8,63.2,14.9,36.8,1.0,1.66,20.5,2.2,1.0,8.1,,,,,,,,,,,52.2,,2.666666666666667,22.3,6-11,275,83
201577,Robin Lopez,ORL,5,21.1,10.6,4.2,1.6,4.6,7.6,0.2,0.2,1.2,2.0,january,2021-22,18.5,12.3,62.5,8.6,25.0,1.0,2.32,19.8,2.6,4.2,5.4,,,,,,,,,,,74.1,,2.6315789473684212,21.1,7-0,281,84
203490,Otto Porter Jr.,GSW,14,24.3,10.6,6.2,2.5,4.2,8.1,1.5,3.6,0.6,1.0,january,2021-22,15.7,15.0,61.6,14.2,46.2,1.4,1.83,24.8,1.2,0.4,2.5,,,,,,,,,,,59.7,,44.44444444444445,24.3,6-8,198,80
1630560,Cam Thomas,BKN,14,21.3,10.5,2.9,0.9,4.2,8.9,0.9,3.3,1.1,1.4,january,2021-22,20.8,6.1,55.3,8.3,28.9,1.7,3.43,14.7,0.1,0.0,0.2,16.4,12.0,28.1,,,12.0,17.8,,,,71.4,,37.078651685393254,21.3,6-3,210,75
200782,P.J. Tucker,MIA,13,28.9,10.5,5.1,2.2,3.6,7.3,1.9,3.8,1.3,1.8,january,2021-22,14.2,11.2,64.4,9.3,39.0,1.2,1.86,23.9,1.3,0.6,3.1,,,,,,,,,,,60.0,,52.054794520547944,28.9,6-5,245,77
1628963,Marvin Bagley III,DET,13,23.9,10.4,7.9,0.4,4.5,9.6,0.4,1.7,1.1,1.3,january,2021-22,19.5,2.3,51.0,8.9,35.2,0.9,1.53,18.8,1.5,0.8,5.1,7.3,7.3,,21.6,5.7,8.9,,18.4,,23.8,56.6,,17.708333333333336,23.9,6-11,235,83
1628964,Mo Bamba,ORL,13,23.4,10.4,7.2,0.7,4.0,7.9,1.4,3.3,1.0,1.2,january,2021-22,18.2,5.5,61.3,12.6,34.5,0.9,1.61,20.3,1.2,0.6,5.2,,,,,,,,,,,54.1,,41.77215189873417,23.4,7-0,231,84
201587,Nicolas Batum,LAC,13,24.1,10.4,4.6,1.8,3.6,7.3,2.3,5.2,0.8,1.1,january,2021-22,15.2,11.6,66.7,11.3,38.5,0.9,1.42,22.7,0.7,0.0,1.1,,14.2,,,,68.9,,,,,58.6,,71.23287671232877,24.1,6-8,230,80
1629651,Nic Claxton,BKN,8,22.1,10.4,6.6,0.9,4.4,7.0,0.0,0.0,1.6,2.8,january,2021-22,17.5,7.2,63.2,12.3,31.9,0.8,1.56,19.8,3.8,0.1,7.5,14.1,15.5,3.9,11.1,4.5,10.9,,15.5,,13.4,48.0,,0.0,22.1,6-11,215,83
1629637,Jaxson Hayes,NOP,15,18.2,10.3,3.7,0.4,4.1,5.7,0.1,0.5,2.1,2.9,january,2021-22,18.5,4.0,73.6,13.0,25.1,0.6,1.44,17.7,1.1,0.3,5.1,,13.2,,26.5,,,,34.4,,13.2,59.6,,8.771929824561402,18.2,6-11,220,83
203463,Ben McLemore,POR,16,21.3,10.3,1.6,1.1,3.4,8.5,2.8,6.9,0.6,0.9,january,2021-22,19.8,7.9,57.5,6.2,24.8,0.7,1.6,18.1,0.2,0.0,0.2,,,,,,,,,,,71.8,,81.17647058823529,21.3,6-3,195,75
1626166,Cameron Payne,PHX,10,20.2,10.1,2.2,3.8,4.1,9.2,1.2,2.8,0.7,0.8,january,2021-22,22.3,27.1,52.9,11.0,43.7,3.6,4.93,16.3,0.2,0.0,0.6,,,,,,,,,,,72.4,,30.434782608695656,20.2,6-1,183,73
1627736,Malik Beasley,MIN,15,23.1,10.1,2.1,1.1,3.6,10.4,2.3,7.1,0.5,0.7,january,2021-22,19.2,6.4,47.1,5.5,29.7,0.9,1.84,21.2,1.3,0.0,0.5,,,,,,,,,,,51.3,,68.26923076923076,23.1,6-4,187,76
203496,Robert Covington,LAC,15,33.9,10.1,6.7,1.3,3.1,8.2,2.0,5.1,1.8,2.2,january,2021-22,13.8,5.5,54.9,7.4,51.3,1.5,1.76,21.8,1.1,0.6,1.7,,,,,,,,,,,62.3,,62.19512195121951,33.9,6-7,209,79
1630245,Ayo Dosunmu,CHI,16,32.2,10.0,3.9,4.1,3.8,7.3,1.3,2.8,1.1,1.5,january,2021-22,12.6,16.5,63.2,7.7,48.0,2.8,3.47,22.2,0.6,0.0,0.3,2.2,33.6,20.8,,,31.6,,3.1,,,60.6,,38.35616438356164,32.2,6-4,200,76
1628449,Chris Boucher,TOR,16,25.8,10.0,7.0,0.3,3.3,7.1,1.0,2.9,2.4,3.2,january,2021-22,14.6,1.8,59.1,10.8,28.9,0.7,1.5,16.0,0.7,0.2,5.1,,,,,,,,,,,56.1,,40.845070422535215,25.8,6-9,200,81
203991,Clint Capela,ATL,9,24.7,10.0,9.2,1.1,4.6,6.7,0.0,0.0,0.9,2.8,january,2021-22,13.9,6.1,63.4,12.0,33.9,0.8,1.4,18.3,3.3,0.4,9.0,,,,22.1,,,,24.4,,36.6,59.5,,0.0,24.7,6-10,256,82
1626158,Richaun Holmes,SAC,7,25.1,10.0,5.7,0.6,4.4,6.3,0.0,0.0,1.1,2.0,january,2021-22,13.0,3.5,69.8,9.6,30.0,0.8,1.68,18.4,3.0,0.3,5.4,,,,,,,,,,,59.4,,0.0,25.1,6-10,235,82
1626145,Tyus Jones,MEM,10,20.0,9.9,3.2,4.4,4.0,7.6,1.0,2.6,0.9,0.9,january,2021-22,17.5,30.8,61.9,16.4,44.3,3.6,4.88,16.7,0.2,0.0,0.1,,17.2,23.8,,,41.7,,,,,52.2,,34.21052631578947,20.0,6-0,196,72
1630231,KJ Martin,HOU,14,22.7,9.9,5.0,1.7,4.0,7.4,0.6,2.1,1.2,1.7,january,2021-22,16.6,11.5,60.2,10.0,35.2,1.0,1.72,19.4,1.3,0.3,3.4,,,,,,,,,,,61.0,,28.37837837837838,22.7,6-5,215,77
1629672,Eric Paschall,UTA,13,17.4,9.8,2.7,0.5,3.2,6.2,1.1,2.2,2.3,2.9,january,2021-22,20.1,4.2,66.2,9.7,21.5,0.7,1.98,13.2,0.4,0.0,1.6,,,,,,,,,,,77.8,,35.483870967741936,17.4,6-6,255,78
1630558,Davion Mitchell,SAC,15,24.7,9.7,1.8,3.1,4.1,10.5,1.3,4.2,0.1,0.5,january,2021-22,20.2,18.9,45.2,5.9,41.0,3.1,4.51,19.3,0.1,0.0,0.4,28.6,19.3,8.1,,,35.6,,,,,68.2,,40.0,24.7,6-0,202,72
1626167,Myles Turner,IND,7,29.0,9.7,5.9,1.1,3.7,9.0,0.4,3.4,1.9,2.6,january,2021-22,17.9,6.2,47.9,6.5,35.7,0.9,1.49,22.1,0.7,2.9,4.1,,7.7,,17.7,7.3,42.3,,7.1,,6.0,66.0,,37.77777777777778,29.0,6-11,250,83
1627827,Dorian Finney-Smith,DAL,16,30.4,9.7,4.9,1.6,3.6,8.5,1.6,4.9,0.8,1.3,january,2021-22,15.0,7.6,53.5,6.8,40.2,1.3,1.93,26.4,0.7,0.0,2.3,,,,,,,,,,,58.2,,57.64705882352942,30.4,6-7,220,79
1630533,Ziaire Williams,MEM,14,25.5,9.6,2.3,1.1,3.7,8.3,1.1,4.4,1.1,1.1,january,2021-22,14.6,5.9,54.5,6.0,22.5,0.7,1.75,15.7,0.2,0.1,1.9,,22.1,3.7,,,48.3,9.7,6.0,,,54.8,,53.01204819277109,25.5,6-9,185,81
1629643,Chuma Okeke,ORL,13,25.8,9.5,5.4,1.8,3.4,8.2,2.2,5.8,0.5,0.6,january,2021-22,14.7,10.7,56.6,11.7,39.2,1.3,1.93,17.2,0.3,0.0,1.0,,,,,,,,,,,49.2,,70.73170731707317,25.8,6-6,229,78
1627826,Ivica Zubac,LAC,13,22.1,9.5,7.5,1.8,3.8,6.0,0.0,0.0,1.8,2.5,january,2021-22,17.2,12.3,67.0,11.2,36.4,0.9,1.52,18.9,4.5,2.4,7.8,,5.5,,18.4,28.3,,,20.1,,20.3,65.7,,0.0,22.1,7-0,240,84
1630183,Jaden McDaniels,MIN,15,23.7,9.5,3.5,1.2,3.9,8.0,1.2,3.5,0.6,0.9,january,2021-22,16.7,6.9,56.9,5.9,31.2,0.8,1.6,14.9,0.5,0.1,2.2,2.3,27.6,10.3,,,36.8,5.2,5.0,3.2,3.9,49.1,,43.75,23.7,6-9,185,81
1630168,Onyeka Okongwu,ATL,15,23.4,9.5,6.3,1.0,3.9,5.3,0.0,0.0,1.8,2.7,january,2021-22,14.1,6.3,74.0,11.1,28.2,0.6,1.3,17.3,3.1,0.7,7.3,1.6,15.5,2.1,11.6,6.9,28.0,3.2,11.2,3.4,7.5,46.2,,0.0,23.4,6-8,240,80
202692,Alec Burks,NYK,15,27.2,9.5,4.9,3.3,2.7,8.0,1.4,4.3,2.7,3.2,january,2021-22,16.6,18.6,50.3,9.6,56.5,3.7,3.96,25.0,0.3,0.2,0.5,,,,,,,,,,,73.1,,53.75,27.2,6-6,214,78
1629647,Darius Bazley,OKC,13,23.4,9.5,5.5,1.1,3.3,7.6,0.9,3.5,1.9,2.2,january,2021-22,17.7,7.5,55.2,11.1,40.5,1.5,2.21,22.1,1.3,0.1,1.9,,,,,,,,,,,63.2,,46.05263157894737,23.4,6-8,208,80
202339,Eric Bledsoe,POR,17,22.4,9.3,2.6,4.2,3.4,8.1,0.9,3.1,1.6,2.4,january,2021-22,21.5,27.8,51.0,9.5,52.5,4.3,4.87,19.1,0.3,0.0,0.4,,,,,,,,,,,56.1,,38.27160493827161,22.4,6-1,214,73
1629611,Terance Mann,LAC,17,27.7,9.3,4.3,1.7,3.7,8.2,0.8,2.6,1.1,1.5,january,2021-22,14.9,9.2,52.2,7.0,36.8,1.6,2.6,22.8,0.8,0.1,2.3,3.7,22.0,17.9,,,28.9,4.4,6.6,,8.1,52.1,,31.70731707317074,27.7,6-5,215,77
1630528,Josh Christopher,HOU,14,19.2,9.3,2.6,2.0,3.6,7.7,0.9,3.0,1.1,1.6,january,2021-22,20.8,15.5,55.2,9.0,33.6,2.0,3.51,16.5,0.7,0.0,1.4,,,,,,,,,,,68.4,,38.961038961038966,19.2,6-3,215,75
1629659,Talen Horton-Tucker,LAL,14,22.7,9.3,1.9,2.2,3.6,8.0,0.8,2.6,1.2,1.6,january,2021-22,18.5,14.2,53.2,6.8,39.6,2.5,3.72,19.8,0.6,0.2,0.9,,,,,,,,,,,68.4,,32.5,22.7,6-4,234,76
1630549,Day'Ron Sharpe,BKN,12,17.2,9.3,6.8,0.6,4.2,7.1,0.0,0.0,0.9,1.0,january,2021-22,21.3,4.7,61.5,10.6,27.0,0.6,1.44,16.8,2.2,0.3,8.1,3.7,7.6,,15.0,6.6,7.6,,19.6,,22.6,51.1,,0.0,17.2,6-9,265,81
1629057,Robert Williams III,BOS,13,32.0,9.2,10.8,2.5,3.9,5.6,0.0,0.1,1.4,1.6,january,2021-22,10.1,10.5,73.0,13.9,40.6,0.8,1.22,25.4,1.7,0.2,8.5,,,,17.1,,9.8,,32.5,,20.3,62.7,,1.785714285714286,32.0,6-9,237,81
1626224,Cedi Osman,CLE,13,24.1,9.2,1.8,2.3,3.2,9.2,1.4,5.5,1.3,2.2,january,2021-22,19.7,14.2,45.2,4.5,39.5,1.7,2.53,30.1,0.5,0.2,0.7,,,,,,,,,,,63.6,,59.782608695652186,24.1,6-7,230,79
203109,Jae Crowder,PHX,7,28.1,9.1,6.0,1.4,3.1,7.3,2.1,4.7,0.7,0.9,january,2021-22,13.4,6.4,59.7,9.2,45.3,1.1,1.41,18.4,0.4,0.0,0.9,,,,,,,,,,,68.4,,64.38356164383562,28.1,6-6,235,78
1630193,Immanuel Quickley,NYK,15,21.8,9.1,2.4,4.0,3.1,8.7,1.5,4.2,1.4,1.7,january,2021-22,22.4,29.6,48.6,8.9,50.7,4.4,5.24,23.1,0.3,0.0,0.3,6.1,28.1,20.9,,,25.4,6.4,1.9,4.1,1.4,45.0,,48.27586206896552,21.8,6-3,190,75
201976,Patrick Beverley,MIN,8,24.0,9.1,4.6,5.5,2.9,8.0,1.3,4.1,2.1,2.9,january,2021-22,17.9,29.1,49.2,11.5,53.6,3.6,4.05,23.4,1.4,0.0,1.0,,,,,,,,,,,52.4,,51.24999999999999,24.0,6-1,180,73
1629048,Goga Bitadze,IND,9,15.9,9.1,4.6,1.6,3.6,6.3,0.2,1.3,1.8,2.8,january,2021-22,23.5,14.9,60.3,10.5,32.2,0.8,1.52,23.7,1.9,1.0,5.7,,10.8,,15.0,,,,26.9,,27.5,56.8,,20.634920634920636,15.9,7-0,250,84
202362,Lance Stephenson,IND,16,18.8,9.1,2.9,4.1,3.6,7.8,0.8,2.7,1.1,1.4,january,2021-22,22.7,33.5,54.1,10.4,48.7,4.0,4.87,21.9,0.1,0.0,0.3,,,,,,,,,,,80.0,,34.61538461538462,18.8,6-5,210,77
1630228,Jonathan Kuminga,GSW,15,16.3,9.0,4.0,0.7,3.1,6.9,0.7,2.1,2.0,2.8,january,2021-22,24.2,7.9,55.6,9.5,24.8,1.0,2.36,15.0,0.8,1.0,1.9,12.6,17.4,21.1,,6.7,18.1,,9.6,,7.0,73.0,,30.434782608695656,16.3,6-7,225,79
203085,Austin Rivers,DEN,13,25.7,8.9,1.5,1.2,3.1,6.6,1.8,4.9,0.9,1.2,january,2021-22,13.7,5.7,62.6,4.9,29.8,1.3,2.68,21.8,0.4,0.1,0.1,,,,,,,,,,,70.5,,74.24242424242425,25.7,6-4,200,76
1629655,Daniel Gafford,WAS,13,18.2,8.9,4.9,0.8,3.8,5.1,0.0,0.0,1.2,1.6,january,2021-22,14.5,6.3,77.1,13.0,26.5,0.7,1.48,13.7,2.1,0.5,5.2,,8.8,,19.9,11.0,,,20.4,,18.2,62.2,,0.0,18.2,6-9,234,81
1629020,Jarred Vanderbilt,MIN,15,29.0,8.7,10.2,1.9,3.6,5.8,0.0,0.1,1.5,2.5,january,2021-22,11.2,8.2,63.2,11.3,35.5,0.9,1.51,14.7,2.3,0.0,7.9,,18.0,,,,32.3,,16.9,,14.3,54.8,,1.7241379310344827,29.0,6-9,214,81
1630171,Isaac Okoro,CLE,10,27.1,8.6,2.2,1.7,3.0,6.0,0.5,2.2,2.1,2.6,january,2021-22,12.7,8.3,60.2,6.0,29.7,1.0,2.01,22.9,0.6,0.0,1.2,,25.9,,,,41.6,,10.8,,5.2,62.9,,36.66666666666667,27.1,6-5,225,77
203585,Rodney McGruder,DET,10,21.4,8.6,3.0,1.3,3.0,6.2,1.9,4.0,0.7,1.0,january,2021-22,14.3,8.8,64.8,9.5,22.1,0.7,1.85,15.6,0.4,0.0,1.6,,,,,,,,,,,47.6,,64.51612903225806,21.4,6-4,205,76
203939,Dwight Powell,DAL,16,19.7,8.6,3.8,0.8,3.1,4.1,0.1,0.3,2.3,2.8,january,2021-22,13.2,6.3,79.8,11.8,25.2,0.6,1.49,16.3,1.8,0.1,5.5,,13.2,,12.1,,,,37.4,,,58.9,,7.3170731707317085,19.7,6-10,240,82
1630205,Lamar Stevens,CLE,13,22.0,8.5,3.2,1.2,3.6,6.7,0.2,1.2,1.1,1.6,january,2021-22,16.7,9.2,57.7,9.5,27.8,1.1,2.28,18.9,0.5,0.2,1.8,,,,,,,,,,,41.9,,17.91044776119403,22.0,6-6,230,78
203493,Reggie Bullock Jr.,DAL,15,23.1,8.5,3.9,1.3,2.9,6.5,2.1,5.1,0.5,0.6,january,2021-22,13.1,7.6,63.4,10.2,33.5,0.8,1.44,20.7,0.2,0.0,0.8,,,,,,,,,,,70.7,,78.46153846153847,23.1,6-6,205,78
1628367,Josh Jackson,SAC,14,18.5,8.5,3.3,0.9,3.2,7.3,0.9,3.4,1.2,1.6,january,2021-22,20.3,7.5,53.1,8.2,30.2,1.0,1.99,17.6,0.5,0.2,1.4,,,,,,,,,,,65.7,,46.57534246575342,18.5,6-8,207,80
200752,Rudy Gay,UTA,12,20.9,8.5,4.3,1.3,2.8,7.3,1.2,3.8,1.8,1.9,january,2021-22,19.1,9.0,52.0,7.8,33.7,1.1,1.95,18.7,1.2,0.9,1.8,,,,,,,,,,,67.3,,52.054794520547944,20.9,6-8,250,80
203087,Jeremy Lamb,SAC,11,19.9,8.5,2.3,1.3,2.5,5.9,1.1,3.3,2.3,3.1,january,2021-22,16.1,8.4,58.2,7.7,36.2,1.7,2.81,21.6,0.1,0.0,0.2,,,,,,,,,,,78.8,,55.932203389830505,19.9,6-5,180,77
1630538,Bones Hyland,DEN,13,18.9,8.4,3.9,2.2,2.8,7.9,1.8,4.8,0.8,1.0,january,2021-22,22.3,16.5,50.1,7.2,41.4,2.2,3.24,19.7,0.5,0.0,0.2,10.9,23.0,24.3,,,24.3,5.7,,5.7,,56.0,,60.759493670886066,18.9,6-2,169,74
1630598,Aaron Wiggins,OKC,13,25.6,8.3,4.5,1.2,3.2,7.5,0.8,3.0,1.0,1.5,january,2021-22,15.2,6.7,51.3,6.3,27.3,0.8,1.84,19.2,0.6,0.1,2.6,6.3,22.9,8.6,,,44.9,,3.3,4.0,,63.5,,40.0,25.6,6-4,190,76
202340,Avery Bradley,LAL,14,24.1,8.3,2.2,1.1,3.1,7.2,1.4,4.1,0.7,0.9,january,2021-22,14.5,6.7,54.6,5.1,25.4,0.8,1.81,17.3,0.4,0.0,2.4,,,,,,,,,,,80.8,,56.94444444444444,24.1,6-3,180,75
1627863,Danuel House Jr.,UTA,7,19.2,8.3,2.6,1.6,2.7,5.6,1.4,3.4,1.4,2.0,january,2021-22,15.5,11.5,64.2,9.1,23.6,0.8,1.93,13.0,0.4,0.0,0.6,,,,,,,,,,,57.1,,60.71428571428572,19.2,6-6,220,78
1629670,Jordan Nwora,MIL,12,19.3,8.3,2.9,0.7,3.3,7.4,1.6,4.2,0.2,0.3,january,2021-22,17.5,5.1,54.5,7.2,24.0,0.9,2.31,13.3,0.2,0.1,0.6,,,,,,,,,,,71.9,,56.75675675675676,19.3,6-8,225,80
1626220,Royce O'Neale,UTA,14,32.9,8.2,5.8,2.3,2.9,5.2,1.7,3.4,0.8,0.9,january,2021-22,8.2,9.8,73.5,8.5,60.2,1.6,1.63,27.0,0.6,0.0,1.3,,26.0,8.3,2.7,,43.8,3.9,,3.6,,61.2,,65.38461538461539,32.9,6-5,226,77
1628470,Torrey Craig,PHX,14,26.6,8.1,4.0,1.4,3.2,7.5,1.4,3.9,0.3,0.4,january,2021-22,13.5,7.6,53.2,6.3,38.1,1.2,1.81,23.7,0.7,0.0,2.1,,,,,,,,,,,66.7,,52.0,26.6,6-7,221,79
1626196,Josh Richardson,SAS,16,23.3,8.1,2.5,1.6,3.1,7.4,1.3,3.1,0.6,0.7,january,2021-22,16.4,10.6,52.9,6.9,36.5,1.7,2.83,21.7,0.3,0.0,1.0,,,,,,,,,,,55.8,,41.891891891891895,23.3,6-5,200,77
1629001,De'Anthony Melton,MEM,14,20.5,8.0,5.1,2.8,2.8,9.1,1.1,4.3,1.3,2.0,january,2021-22,21.2,17.5,40.2,8.3,39.2,2.1,3.17,17.1,0.2,0.0,0.9,,,,,,,,,,,60.0,,47.25274725274725,20.5,6-2,200,74
1630188,Jalen Smith,IND,10,17.2,8.0,7.0,0.3,3.0,6.8,0.5,1.6,1.5,2.2,january,2021-22,21.3,2.6,51.5,9.1,20.1,0.5,1.57,11.6,0.9,0.4,4.0,,21.0,,17.4,,29.0,,9.8,,10.1,54.8,,23.529411764705884,17.2,6-10,215,82
1628467,Maxi Kleber,DAL,16,26.3,7.9,5.8,1.3,2.7,6.6,1.9,5.1,0.6,0.8,january,2021-22,13.8,6.6,57.1,7.9,42.0,0.9,1.23,26.3,0.9,0.3,1.9,,,,,,,,,,,57.1,,77.27272727272727,26.3,6-10,240,82
1630191,Isaiah Stewart,DET,13,23.9,7.8,6.8,1.2,3.6,7.0,0.1,0.7,0.5,0.9,january,2021-22,15.8,7.8,53.0,7.5,36.8,1.0,1.61,22.9,2.6,1.4,7.2,,10.3,,13.9,10.3,23.9,,19.2,,11.8,51.5,,10.0,23.9,6-8,250,80
1629023,P.J. Washington,CHA,13,21.4,7.8,5.1,1.8,2.5,6.5,1.3,4.2,1.5,2.1,january,2021-22,17.4,12.8,52.6,7.3,34.8,0.8,1.38,20.2,1.8,0.4,2.8,4.1,20.9,6.3,5.4,6.1,29.9,4.1,8.2,,6.8,63.8,,64.61538461538461,21.4,6-7,230,79
202689,Kemba Walker,NYK,6,22.6,7.8,2.2,2.5,2.8,7.3,1.0,4.2,1.2,1.7,january,2021-22,17.6,17.4,48.6,6.6,55.5,4.4,4.75,18.2,0.2,0.0,0.2,,,,,,,,,,,57.1,,57.53424657534247,22.6,6-0,184,72
1629026,Kenrich Williams,OKC,9,22.2,7.8,5.0,2.1,3.3,8.0,0.8,2.9,0.3,0.8,january,2021-22,18.4,15.0,46.6,9.1,34.4,1.2,2.14,24.4,0.9,0.6,3.6,,14.6,,,,42.3,,10.0,,7.7,52.0,,36.25,22.2,6-6,210,78
1630527,Brandon Boston,LAC,15,17.7,7.7,3.5,1.1,2.8,7.7,0.7,2.3,1.4,1.6,january,2021-22,21.3,10.0,46.2,9.9,24.3,1.0,2.59,13.4,0.3,0.0,0.9,,,,,,,,,,,50.0,,29.87012987012987,17.7,6-6,188,78
1629656,Quentin Grimes,NYK,15,21.3,7.7,2.2,1.4,2.7,5.9,1.9,4.3,0.4,0.6,january,2021-22,14.0,11.2,63.1,9.5,24.1,0.7,1.73,17.6,0.4,0.0,0.6,10.4,22.2,10.8,,,37.6,2.4,2.8,6.8,2.0,60.6,,72.88135593220339,21.3,6-4,210,76
1630557,Corey Kispert,WAS,14,23.7,7.7,2.9,1.2,2.7,6.1,1.2,3.4,1.1,1.1,january,2021-22,12.6,6.9,59.0,7.0,26.5,0.7,1.53,16.6,0.5,0.0,1.3,,19.0,9.5,,,34.1,11.9,,8.7,,50.0,,55.73770491803279,23.7,6-6,224,78
1630166,Deni Avdija,WAS,14,23.3,7.7,4.0,2.1,2.9,6.6,0.8,2.8,1.2,1.4,january,2021-22,14.8,12.9,53.0,7.4,36.1,1.4,2.35,17.3,0.8,0.3,1.6,14.0,18.1,26.9,,3.1,19.0,4.8,4.0,4.7,1.7,59.3,,42.42424242424242,23.3,6-9,210,81
201580,JaVale McGee,PHX,9,15.8,7.7,6.0,0.7,3.2,5.1,0.0,0.0,1.2,2.0,january,2021-22,18.7,5.7,64.0,12.1,23.7,0.5,1.32,11.7,2.6,0.8,6.3,,,,,,,,,,,58.7,,0.0,15.8,7-0,270,84
1630568,Luka Garza,DET,6,16.4,7.7,4.8,0.7,2.8,6.0,0.5,1.7,1.5,2.5,january,2021-22,18.9,5.5,54.0,6.9,23.0,0.6,1.65,13.8,0.6,1.4,5.6,,5.2,,26.9,,12.3,,19.8,,25.0,71.4,,28.333333333333332,16.4,6-10,243,82
1630556,Kessler Edwards,BKN,13,27.7,7.6,4.3,0.7,2.9,6.6,1.3,3.4,0.5,0.6,january,2021-22,12.1,3.1,55.3,4.9,32.3,0.8,1.53,13.6,0.7,0.1,2.2,,,,,,,,,,,65.3,,51.515151515151516,27.7,6-7,203,79
1626208,Keifer Sykes,IND,13,20.5,7.5,1.8,2.4,2.8,6.8,1.1,3.2,0.8,0.8,january,2021-22,18.4,18.7,52.2,5.9,42.2,3.2,4.51,18.4,0.4,0.0,0.8,,,,,,,,,,,70.8,,47.05882352941177,20.5,5-11,167,71
1626159,Justise Winslow,POR,10,20.7,7.5,5.9,2.6,2.7,5.5,0.0,0.9,2.1,2.9,january,2021-22,16.4,17.2,55.3,11.2,35.7,1.4,2.28,15.8,1.0,0.8,3.6,,,,,,,,,,,59.0,,16.363636363636363,20.7,6-6,222,78
1629060,Rui Hachimura,WAS,10,16.0,7.5,3.7,0.9,2.8,6.6,0.7,2.1,1.2,1.6,january,2021-22,21.2,9.6,51.3,10.9,25.0,1.0,2.28,14.3,1.2,0.7,2.0,3.7,19.3,,3.1,9.5,40.5,,7.1,4.9,,85.0,,31.818181818181824,16.0,6-8,230,80
101150,Lou Williams,ATL,11,15.4,7.5,1.6,3.5,2.5,5.6,1.1,2.5,1.3,1.3,january,2021-22,19.5,32.5,60.2,13.2,26.3,1.9,4.29,13.7,0.1,0.0,0.2,,,,,,,,,,,53.3,,44.642857142857146,15.4,6-2,175,74
200765,Rajon Rondo,CLE,7,20.0,7.4,3.0,4.1,2.6,7.0,1.6,4.1,0.7,0.9,january,2021-22,20.2,35.4,50.3,11.8,55.4,4.3,4.6,24.1,0.3,0.0,0.4,,,,,,,,,,,55.0,,58.57142857142856,20.0,6-1,180,73
1627780,Gary Payton II,GSW,15,18.8,7.4,4.4,0.9,3.3,5.4,0.5,1.7,0.3,0.5,january,2021-22,13.9,7.7,65.7,12.4,25.0,0.7,1.77,14.1,0.4,0.2,2.9,,14.6,,9.3,,21.5,,29.8,,9.8,58.1,,31.481481481481477,18.8,6-3,195,75
201143,Al Horford,BOS,16,26.5,7.4,6.2,2.5,2.9,7.0,1.0,3.2,0.5,0.7,january,2021-22,13.7,13.2,50.5,9.1,42.1,1.1,1.59,27.2,1.8,1.1,3.1,,15.0,,12.2,8.9,40.0,,7.8,5.6,,57.8,,45.714285714285715,26.5,6-9,240,81
1629675,Naz Reid,MIN,15,15.4,7.3,4.3,0.9,2.8,5.8,0.4,1.9,1.3,1.8,january,2021-22,20.9,8.5,55.6,9.3,24.4,0.7,1.83,15.4,1.3,0.9,2.5,3.8,17.2,4.8,9.1,8.1,30.7,4.7,3.6,8.4,4.3,45.5,,32.758620689655174,15.4,6-9,264,81
1629002,Chimezie Metu,SAC,10,18.8,7.3,4.1,1.3,2.9,6.1,0.9,2.9,0.6,0.9,january,2021-22,17.1,9.2,56.2,9.0,29.4,0.8,1.56,16.0,0.6,0.5,1.8,,,,,,,,,,,78.6,,47.54098360655738,18.8,6-9,225,81
203937,Kyle Anderson,MEM,7,22.7,7.3,5.3,3.3,3.1,6.9,0.3,0.9,0.7,1.1,january,2021-22,14.6,19.0,49.5,11.3,34.9,1.4,2.42,18.3,2.0,0.0,2.7,12.6,16.5,7.9,,,17.3,,14.2,,8.7,58.1,,13.043478260869565,22.7,6-9,230,81
1628418,Thomas Bryant,WAS,8,15.2,7.3,3.4,0.6,2.8,6.1,0.6,2.0,1.1,1.6,january,2021-22,20.6,6.4,53.0,7.9,22.0,0.7,1.9,14.3,2.0,1.3,3.3,,,,,,,,,,,58.3,,32.786885245901644,15.2,6-10,248,82
1630544,Tre Mann,OKC,13,19.7,7.2,2.3,1.2,2.6,7.2,1.3,3.7,0.7,1.0,january,2021-22,18.4,9.4,47.6,5.5,28.6,1.7,3.46,17.5,0.0,0.0,0.2,8.5,7.7,38.0,,,26.5,8.5,,,,62.5,,51.38888888888889,19.7,6-3,178,75
1630192,Zeke Nnaji,DEN,13,15.9,7.2,4.2,0.1,2.6,3.9,0.8,1.3,1.2,1.8,january,2021-22,13.4,0.8,76.3,10.8,15.7,0.4,1.34,9.8,1.1,0.1,3.4,,14.9,,16.3,,24.8,,22.7,,9.9,70.0,,33.333333333333336,15.9,6-9,240,81
1627777,Georges Niang,PHI,15,22.7,7.1,2.7,1.7,2.4,6.2,1.7,4.5,0.7,0.7,january,2021-22,13.9,10.0,54.7,4.2,34.1,0.9,1.56,17.5,0.3,0.1,0.5,,,,,,,,,,,41.2,,72.58064516129032,22.7,6-7,230,79
203458,Alex Len,SAC,10,17.4,7.1,6.0,1.5,2.9,5.6,0.0,0.4,1.3,2.0,january,2021-22,18.7,12.4,54.8,9.5,27.7,0.7,1.42,17.6,2.7,0.7,6.9,,,,,,,,,,,58.3,,7.142857142857144,17.4,7-0,250,84
1626192,Pat Connaughton,MIL,12,24.6,7.1,3.8,1.3,2.4,5.6,1.9,4.4,0.3,0.3,january,2021-22,10.4,7.3,61.8,7.3,28.4,0.7,1.42,14.8,0.3,0.0,1.2,,,,,,,,,,,61.3,,78.57142857142858,24.6,6-5,209,77
1629660,Ty Jerome,OKC,13,17.7,7.1,1.4,2.5,2.8,7.0,1.4,4.3,0.2,0.2,january,2021-22,19.1,21.7,50.1,8.0,34.6,1.9,3.31,18.7,0.3,0.0,0.5,,,,,,,,,,,55.0,,61.42857142857142,17.7,6-5,195,77
1628464,Daniel Theis,BOS,5,21.1,7.0,4.4,0.6,2.6,6.8,1.0,3.4,0.8,1.4,january,2021-22,16.7,4.7,47.2,4.2,33.0,0.9,1.62,19.6,1.4,0.2,3.4,,,,,,,,,,,60.6,,50.0,21.1,6-9,245,81
1630173,Precious Achiuwa,TOR,16,23.0,6.9,6.4,0.9,2.9,6.3,0.3,1.1,0.9,1.6,january,2021-22,14.1,5.6,49.1,8.7,33.3,1.2,2.12,19.0,1.2,0.3,5.2,,22.2,,13.5,,24.7,,12.0,,17.1,50.0,,17.460317460317462,23.0,6-8,225,80
203486,Mason Plumlee,CHA,15,24.8,6.9,7.4,3.1,3.3,4.6,0.0,0.0,0.3,1.8,january,2021-22,11.8,15.7,63.7,8.7,38.7,1.1,1.78,24.6,3.2,1.2,8.1,,,,,,,,,,,62.8,,0.0,24.8,6-11,254,83
1629680,Matisse Thybulle,PHI,8,27.1,6.8,2.5,1.5,2.8,4.5,0.9,2.4,0.4,0.8,january,2021-22,7.6,7.3,69.9,8.3,23.6,0.5,1.17,12.1,0.4,0.1,1.8,,,,,,,,,,,60.0,,53.333333333333336,27.1,6-5,201,77
1629052,Oshae Brissett,IND,15,21.7,6.7,5.5,0.6,2.1,6.3,0.8,3.0,1.8,2.5,january,2021-22,14.9,4.0,45.6,6.7,33.6,1.0,1.73,16.9,0.3,0.0,1.9,,,,,,,,,,,58.8,,47.61904761904762,21.7,6-7,210,79
1629013,Landry Shamet,PHX,11,17.5,6.7,1.1,1.8,1.9,5.1,1.5,4.0,1.5,1.6,january,2021-22,15.1,12.7,57.9,7.1,21.0,0.7,2.05,13.3,0.2,0.0,0.4,,22.7,,,,51.6,10.2,,,,53.8,,78.43137254901961,17.5,6-4,190,76
1630578,Alperen Sengun,HOU,7,15.2,6.7,3.4,1.4,2.3,5.7,0.1,1.1,2.0,3.0,january,2021-22,24.5,14.1,47.7,5.6,29.4,1.3,2.56,22.3,1.7,3.7,3.6,14.9,13.5,5.2,9.2,21.7,11.8,,9.1,,7.4,63.2,,19.29824561403509,15.2,6-10,243,82
1628021,David Nwaba,HOU,6,17.0,6.7,4.0,1.3,2.3,4.8,0.7,1.3,1.3,1.8,january,2021-22,13.3,12.5,59.1,12.5,22.7,0.8,2.11,10.0,0.2,0.0,1.2,,,,,,,,,,,76.2,,27.083333333333336,17.0,6-5,219,77
1628966,Keita Bates-Diop,SAS,12,22.1,6.7,5.2,0.8,2.8,6.3,0.5,1.6,0.7,0.8,january,2021-22,14.1,4.9,49.8,7.4,24.1,0.7,1.76,14.5,0.8,0.2,3.4,,,,,,,,,,,56.8,,25.396825396825403,22.1,6-8,229,80
1630563,Joshua Primo,SAS,11,20.3,6.6,2.0,1.7,2.4,6.5,1.0,3.2,0.9,1.1,january,2021-22,18.2,11.6,47.9,4.0,27.3,1.7,3.82,14.7,0.3,0.0,0.5,,,,,,,,,,,68.0,,49.23076923076923,20.3,6-4,189,76
203210,JaMychal Green,DEN,8,15.3,6.6,4.3,0.9,2.3,4.1,0.4,1.4,1.8,1.8,january,2021-22,16.8,8.2,67.7,11.8,21.5,0.4,1.21,13.1,1.3,0.8,3.6,,,,,,,,,,,50.0,,34.146341463414636,15.3,6-8,227,80
1628978,Donte DiVincenzo,SAC,10,21.0,6.6,3.3,2.0,2.2,7.2,1.1,4.6,1.1,1.2,january,2021-22,18.9,14.6,42.7,4.4,33.2,1.5,2.69,17.3,0.3,0.0,1.6,1.9,18.5,11.6,,,33.0,10.8,,14.6,3.0,71.0,,63.888888888888886,21.0,6-4,203,76
201588,George Hill,MIL,10,24.4,6.6,3.2,2.6,2.0,5.3,1.1,3.3,1.5,1.5,january,2021-22,10.9,14.0,55.4,8.7,41.1,2.5,3.71,16.8,0.2,0.0,1.5,,,,,,,,,,,58.3,,62.264150943396224,24.4,6-4,188,76
1628998,Cody Martin,CHA,15,28.1,6.5,4.1,2.5,2.4,6.1,0.9,2.7,0.9,1.6,january,2021-22,11.7,11.5,48.2,6.0,37.0,1.3,2.18,22.1,0.5,0.1,2.1,,,,,,,,,,,69.2,,44.26229508196722,28.1,6-6,205,78
201980,Danny Green,PHI,8,18.5,6.5,2.1,0.4,2.3,5.0,1.9,4.0,0.1,0.3,january,2021-22,12.9,2.6,63.6,7.5,24.1,0.6,1.38,11.6,0.1,0.0,0.8,,,,,,,,,,,59.1,,80.0,18.5,6-6,215,78
1626172,Kevon Looney,GSW,17,24.9,6.5,9.9,2.1,2.6,4.9,0.0,0.0,1.2,1.5,january,2021-22,11.9,10.9,58.2,10.7,40.1,1.1,1.63,24.8,2.1,0.5,4.9,,,,19.3,,,,,,31.6,54.4,,0.0,24.9,6-9,222,81
203083,Andre Drummond,BKN,15,17.1,6.5,8.5,1.7,2.9,4.7,0.0,0.1,0.7,1.7,january,2021-22,17.7,15.3,58.8,16.5,26.5,0.8,1.88,16.9,1.7,0.8,5.7,,5.2,,7.9,,17.0,,16.6,,38.9,56.5,,2.127659574468085,17.1,6-10,279,82
1627745,Damian Jones,SAC,11,18.3,6.5,3.5,1.8,2.5,4.2,0.1,0.5,1.3,2.0,january,2021-22,14.9,14.7,63.8,6.8,26.4,0.7,1.56,17.2,3.0,0.5,3.8,,,,,,,,,,,70.8,,11.904761904761903,18.3,6-11,245,83
1630200,Tre Jones,SAS,9,16.5,6.4,1.7,2.8,2.7,5.4,0.0,0.7,1.1,1.2,january,2021-22,16.1,23.8,53.9,9.7,38.2,3.1,4.83,12.4,0.7,0.0,0.4,4.8,22.7,32.0,,,22.7,4.5,3.0,,,78.9,,12.962962962962962,16.5,6-1,185,73
1627814,Damion Lee,GSW,15,18.3,6.4,3.1,0.8,2.4,4.7,0.9,2.3,0.7,0.8,january,2021-22,14.0,7.0,62.9,8.7,24.2,0.9,2.12,15.4,0.2,0.0,0.4,,,,,,,,,,,67.5,,48.93617021276595,18.3,6-5,210,77
1630167,Obi Toppin,NYK,15,15.3,6.4,3.0,0.9,2.6,4.7,0.5,1.6,0.7,0.9,january,2021-22,16.7,9.4,63.4,11.9,24.6,0.6,1.43,15.8,0.6,0.4,1.9,,23.9,,,,28.3,,,,,41.7,,34.04255319148936,15.3,6-9,220,81
1630182,Josh Green,DAL,16,16.6,6.4,1.9,1.4,2.6,4.4,0.4,1.1,0.9,1.3,january,2021-22,14.0,12.7,63.9,7.6,19.3,0.8,2.52,11.5,0.4,0.1,1.9,,28.0,,,,61.3,,,,,60.0,,25.0,16.6,6-5,200,77
1630526,Jeremiah Robinson-Earl,OKC,12,24.7,6.3,5.8,1.5,2.3,6.8,1.1,3.7,0.5,0.6,january,2021-22,13.1,8.9,44.1,6.9,38.3,0.7,1.14,23.5,1.3,0.1,3.1,,20.2,,,,38.1,,,,20.2,60.6,,54.41176470588236,24.7,6-8,242,80
1630165,Killian Hayes,DET,13,24.7,6.1,2.5,4.3,2.2,6.3,0.5,2.4,1.1,1.4,january,2021-22,14.4,24.7,43.9,6.5,47.8,3.0,3.8,21.4,0.3,0.0,0.5,,,,,,,,,,,51.1,,38.095238095238095,24.7,6-5,195,77
1629604,CJ Elleby,POR,10,16.6,5.9,2.9,1.6,2.2,4.9,0.7,2.2,0.8,1.1,january,2021-22,14.6,14.5,54.8,9.2,18.4,0.7,2.4,10.5,0.1,0.0,1.0,,,,,,,,,,,61.9,,44.89795918367347,16.6,6-6,200,78
1630559,Austin Reaves,LAL,14,22.8,5.8,3.0,1.6,1.9,4.5,0.6,2.4,1.4,1.7,january,2021-22,10.5,9.1,55.1,6.3,30.1,1.2,2.38,14.5,0.3,0.0,1.2,13.5,15.8,35.6,,,14.0,5.6,,5.6,,58.9,,53.333333333333336,22.8,6-5,197,77
1627752,Taurean Prince,MIN,15,15.5,5.7,2.4,1.0,2.1,4.0,0.9,2.1,0.6,0.8,january,2021-22,13.7,7.9,65.9,8.4,17.5,0.7,2.44,9.3,0.2,0.0,0.3,,27.3,,,,54.5,,,,,78.0,,52.5,15.5,6-6,218,78
202083,Wesley Matthews,MIL,14,22.5,5.7,2.3,0.7,2.1,5.4,1.2,3.8,0.2,0.4,january,2021-22,11.1,4.2,51.8,3.2,19.7,0.5,1.62,13.6,0.4,0.1,1.5,,,,,,,,,,,61.8,,70.37037037037037,22.5,6-4,220,76
1630267,Facundo Campazzo,DEN,16,20.8,5.7,2.1,4.6,1.8,4.9,0.7,3.0,1.4,1.8,january,2021-22,14.8,32.9,49.8,8.0,46.7,3.4,4.37,19.3,0.1,0.1,0.6,,,,,,,,,,,56.3,,61.22448979591836,20.8,5-10,195,70
1626153,Delon Wright,ATL,15,21.4,5.7,2.4,3.1,1.9,4.2,0.7,2.1,1.1,1.3,january,2021-22,11.2,19.7,59.6,9.4,37.9,3.0,4.73,14.6,0.2,0.0,0.7,,,,,,,,,,,79.5,,50.0,21.4,6-5,185,77
1629723,John Konchar,MEM,12,24.2,5.7,6.0,1.8,2.1,4.6,0.8,2.4,0.7,1.1,january,2021-22,9.1,9.0,56.0,8.4,34.9,1.2,2.11,16.3,0.9,0.0,1.5,,34.2,,,,42.5,,,,,66.0,,52.17391304347826,24.2,6-5,210,77
202357,Nemanja Bjelica,GSW,15,16.0,5.7,4.3,2.2,2.1,4.7,0.4,2.0,1.0,1.2,january,2021-22,18.1,20.6,53.9,10.7,30.1,1.0,1.91,18.7,0.7,1.4,2.8,,,,,,,,,,,65.4,,42.5531914893617,16.0,6-9,234,81
1626169,Stanley Johnson,LAL,13,21.1,5.6,3.1,1.5,2.2,4.6,0.7,2.1,0.6,1.0,january,2021-22,11.2,9.0,55.5,5.8,25.6,0.8,1.85,12.8,1.2,0.2,1.5,,,,,,,,,,,66.7,,45.652173913043484,21.1,6-6,242,78
1628372,Dennis Smith Jr.,POR,15,16.1,5.6,2.1,3.5,2.3,5.1,0.1,0.5,1.0,1.4,january,2021-22,17.1,32.1,48.7,10.0,40.5,3.4,5.1,14.1,0.4,0.0,0.5,,,,,,,,,,,69.0,,9.803921568627452,16.1,6-2,205,74
1630199,Cassius Stanley,DET,7,15.5,5.6,1.7,0.4,2.0,4.4,0.4,1.7,1.1,1.1,january,2021-22,13.6,4.7,56.5,6.8,15.6,0.5,2.01,10.3,0.4,0.0,1.0,,,,,,,,,,,62.5,,38.63636363636363,15.5,6-5,190,77
203526,Raul Neto,WAS,9,18.2,5.6,2.0,2.3,2.2,5.1,0.1,1.4,1.0,1.1,january,2021-22,16.1,19.6,49.6,6.3,35.2,2.6,4.49,15.1,0.2,0.0,0.4,,,,,,,,,,,67.6,,27.450980392156865,18.2,6-2,180,74
1627884,Derrick Jones Jr.,CHI,6,17.1,5.5,3.7,0.5,1.7,3.0,1.0,1.7,1.2,1.3,january,2021-22,10.8,3.6,76.7,6.4,18.2,0.4,1.48,8.3,0.5,0.0,1.8,,18.3,,,,46.0,,13.5,,7.9,68.4,,56.666666666666664,17.1,6-6,210,78
1629684,Grant Williams,BOS,16,23.3,5.4,3.0,1.0,1.9,4.6,1.3,3.4,0.4,0.5,january,2021-22,10.9,6.5,56.8,4.9,26.3,0.7,1.56,15.6,0.2,0.3,1.1,,,,,,38.2,,,,,64.9,,73.91304347826087,23.3,6-6,236,78
1629667,Jalen McDaniels,CHA,10,16.7,5.4,2.9,1.3,2.2,5.5,0.5,2.0,0.5,0.7,january,2021-22,16.3,12.9,46.5,7.8,23.9,0.8,2.08,13.4,0.8,0.0,1.1,,,,,,,,,,,62.8,,36.36363636363637,16.7,6-9,205,81
1627761,DeAndre' Bembry,MIL,14,18.8,5.4,3.0,1.2,2.4,4.4,0.1,0.4,0.6,0.7,january,2021-22,11.2,8.2,56.5,7.3,22.0,0.8,2.21,10.6,0.9,0.0,2.4,,,,,,,,,,,63.4,,9.090909090909092,18.8,6-5,210,77
201949,James Johnson,BKN,13,17.2,5.3,2.8,1.8,2.3,4.8,0.4,1.3,0.3,0.7,january,2021-22,13.7,15.6,51.5,6.8,21.8,1.0,2.63,11.8,1.0,0.1,2.2,,,,,,,,,,,57.1,,27.083333333333336,17.2,6-7,240,79
202066,Garrett Temple,NOP,15,21.4,5.1,2.5,1.8,2.0,6.0,0.7,3.5,0.3,0.5,january,2021-22,13.5,13.1,40.6,4.6,27.2,0.9,2.02,17.5,0.9,0.0,1.2,,,,,,,,,,,58.5,,58.333333333333336,21.4,6-5,195,77
1628972,Troy Brown Jr.,CHI,16,21.7,5.0,4.3,1.4,1.9,4.4,0.9,2.4,0.3,0.4,january,2021-22,10.5,8.7,55.1,6.4,27.7,0.8,1.71,13.4,0.4,0.0,1.4,,,,,,,,,,,68.4,,54.54545454545454,21.7,6-6,215,78
203500,Steven Adams,MEM,12,28.1,4.9,10.3,3.3,2.1,4.4,0.0,0.0,0.8,2.0,january,2021-22,10.0,13.6,46.4,9.3,40.5,1.3,1.87,23.5,4.1,1.4,7.8,,4.9,,15.6,,,,23.9,,37.1,67.7,,0.0,28.1,6-11,265,83
204060,Joe Ingles,POR,11,24.2,4.9,2.4,3.4,1.8,6.3,1.0,5.1,0.3,0.4,january,2021-22,12.3,20.8,38.2,4.7,44.7,1.8,2.43,29.0,0.9,0.1,0.3,,,,,,,,,,,75.0,,80.95238095238095,24.2,6-8,220,80
201571,D.J. Augustin,LAL,5,15.4,4.8,2.0,1.6,1.4,4.4,1.2,3.2,0.8,1.2,january,2021-22,16.8,14.5,48.7,5.2,32.6,2.8,5.24,12.0,0.2,0.0,0.4,,,,,,,,,,,87.5,,72.72727272727273,15.4,5-11,183,71
1630181,R.J. Hampton,ORL,10,18.8,4.7,3.4,2.2,1.8,5.7,0.4,1.7,0.7,1.0,january,2021-22,16.7,17.6,38.3,6.1,34.5,2.1,3.7,15.7,0.0,0.0,0.6,,,,,,,,,,,68.4,,29.82456140350877,18.8,6-4,175,76
1628971,Bruce Brown,BKN,13,17.1,4.5,4.5,1.0,1.8,3.9,0.2,0.5,0.7,0.9,january,2021-22,12.0,7.6,52.4,6.7,22.8,0.9,2.43,10.3,1.1,0.0,1.9,4.1,22.3,15.7,,,22.3,3.8,13.0,,8.7,60.0,,12.820512820512823,17.1,6-4,202,76
1630235,Trent Forrest,UTA,12,15.0,4.5,2.4,1.5,1.8,3.1,0.1,0.3,0.8,1.0,january,2021-22,14.4,15.4,63.9,8.5,30.4,2.7,5.34,9.7,0.2,0.0,0.7,,,,,,,,,,,69.0,,9.67741935483871,15.0,6-4,210,76
1629681,Killian Tillie,MEM,9,16.1,4.4,1.9,0.8,1.7,4.6,1.1,3.1,0.0,0.0,january,2021-22,13.0,5.8,48.8,3.5,15.1,0.3,1.37,9.4,0.3,0.0,0.6,,,,,,,,,,,68.4,,67.3913043478261,16.1,6-9,220,81
203457,Nerlens Noel,NYK,5,23.6,4.2,7.2,1.4,1.8,2.6,0.0,0.2,0.6,1.4,january,2021-22,7.0,8.1,65.3,10.6,29.0,0.8,1.57,12.0,1.2,0.2,3.8,,,,,,,,,,,52.9,,7.6923076923076925,23.6,6-11,220,83
2738,Andre Iguodala,GSW,8,20.7,4.0,3.3,3.9,1.5,4.1,0.5,2.1,0.5,0.5,january,2021-22,11.5,27.7,46.0,9.6,41.1,2.0,2.87,20.1,0.9,0.3,2.4,,,,,,,,,,,77.3,,51.21951219512195,20.7,6-6,215,78
202324,Derrick Favors,OKC,5,15.7,4.0,4.8,0.6,1.8,4.4,0.0,0.6,0.4,0.4,january,2021-22,12.8,6.4,43.7,7.9,26.4,0.4,1.0,17.6,3.2,0.2,3.4,,,,,,,,,,,52.9,,13.636363636363635,15.7,6-9,265,81
203920,Khem Birch,TOR,7,17.1,3.3,4.1,1.0,1.1,2.7,0.0,0.3,1.0,1.3,january,2021-22,10.7,7.7,50.1,6.0,23.0,0.6,1.56,14.9,2.1,0.1,3.3,,,,,,,,,,,47.1,,11.11111111111111,17.1,6-9,233,81
201959,Taj Gibson,NYK,13,17.5,3.2,4.2,0.6,1.2,2.3,0.1,0.2,0.7,1.1,january,2021-22,8.9,5.6,58.1,5.0,19.2,0.4,1.36,8.7,1.4,0.2,2.9,,,,,,,,,,,76.2,,8.695652173913045,17.5,6-9,232,81
204025,Tim Frazier,CLE,5,19.9,2.8,2.0,3.2,1.0,3.6,0.2,1.0,0.6,0.6,january,2021-22,10.5,23.2,36.2,4.0,42.8,2.9,4.13,14.0,0.0,0.0,0.4,,,,,,,,,,,54.5,,27.77777777777778,19.9,6-0,170,72
2772,Trevor Ariza,LAL,11,18.2,2.6,3.2,1.2,0.9,3.7,0.7,3.1,0.1,0.2,january,2021-22,10.6,8.7,34.6,4.4,24.3,0.6,1.55,14.2,0.3,0.0,0.6,,,,,,,,,,,75.9,,83.78378378378379,18.2,6-8,215,80
203503,Tony Snell,NOP,10,16.0,1.8,2.3,0.2,0.8,2.5,0.2,1.7,0.0,0.0,january,2021-22,7.5,1.6,36.0,1.9,14.1,0.4,1.7,7.1,0.2,0.0,0.6,,,,,,,,,,,61.1,,68.0,16.0,6-6,213,78
1629029,Luka Dončić,DAL,10,37.1,34.7,10.3,8.8,11.6,25.4,4.0,9.7,7.5,10.0,february,2021-22,41.8,46.8,58.2,21.1,94.2,9.8,6.25,39.0,0.3,3.2,1.3,16.0,14.3,36.3,,7.6,8.7,2.3,1.3,7.4,1.7,67.2,,38.188976377952756,37.1,6-7,230,79
201942,DeMar DeRozan,CHI,13,38.5,34.2,6.2,5.2,12.8,23.2,0.8,1.9,7.7,8.8,february,2021-22,33.0,23.4,63.0,17.3,64.6,6.1,5.7,33.2,1.3,2.0,1.2,19.9,10.0,17.6,1.7,12.0,19.1,6.1,3.9,4.6,1.7,66.2,,8.189655172413794,38.5,6-6,220,78
1629630,Ja Morant,MEM,9,33.1,33.0,5.6,5.9,12.1,23.1,1.3,4.4,7.4,10.2,february,2021-22,35.7,29.3,59.8,18.1,71.4,7.0,5.89,28.2,0.9,0.1,1.6,14.1,19.6,40.4,,,11.0,5.0,2.4,,,59.5,,19.04761904761905,33.1,6-3,174,75
203954,Joel Embiid,PHI,10,33.1,32.5,12.4,4.7,9.8,20.5,1.7,4.6,11.2,13.5,february,2021-22,40.7,27.5,61.5,23.3,82.7,4.0,2.88,55.8,4.0,8.6,4.5,12.3,7.0,,22.0,21.7,12.9,2.3,6.6,1.8,7.1,59.5,,22.4390243902439,33.1,7-0,280,84
203507,Giannis Antetokounmpo,MIL,9,33.1,32.1,12.2,7.0,10.6,17.3,1.4,3.7,9.6,12.4,february,2021-22,30.9,33.0,70.4,24.7,78.4,4.3,3.26,38.1,5.0,5.0,7.7,10.9,26.0,7.7,6.4,20.2,6.1,,7.9,,8.9,66.0,,21.38728323699422,33.1,6-11,242,83
1629628,RJ Barrett,NYK,6,40.2,28.3,5.8,3.7,9.5,22.2,2.7,6.8,6.7,10.0,february,2021-22,29.2,15.8,53.3,10.7,65.8,3.6,3.31,41.2,0.8,0.8,1.3,2.7,28.5,18.0,,2.4,23.8,6.6,7.3,3.4,3.4,64.7,,30.630630630630627,40.2,6-6,214,78
2544,LeBron James,LAL,7,37.2,28.3,9.3,6.4,11.3,22.3,2.4,7.3,3.3,4.4,february,2021-22,32.9,33.1,58.4,17.4,90.3,6.7,4.46,39.9,2.6,6.1,4.1,12.8,24.5,12.5,3.1,12.1,12.6,,5.7,7.5,1.9,50.0,,32.73542600896861,37.2,6-9,250,81
1629027,Trae Young,ATL,10,34.4,28.2,3.0,9.7,9.7,20.1,2.7,7.0,6.1,6.8,february,2021-22,32.4,44.1,61.1,16.4,70.8,7.6,6.41,19.3,0.3,0.0,0.4,12.0,20.4,39.3,,,8.4,10.5,,,,58.8,,34.82587064676616,34.4,6-1,164,73
1628378,Donovan Mitchell,UTA,8,33.5,27.9,5.0,5.4,9.1,18.4,4.8,10.1,4.9,5.8,february,2021-22,30.4,26.2,66.7,17.5,66.8,6.3,5.66,27.9,0.4,0.0,1.0,11.4,22.8,34.1,1.5,,11.4,6.9,1.9,3.8,1.6,53.6,,54.891304347826086,33.5,6-1,215,73
1626164,Devin Booker,PHX,12,36.8,27.4,4.3,5.5,10.1,21.5,2.4,7.3,4.8,5.5,february,2021-22,30.8,22.2,57.3,13.3,58.5,4.9,5.03,29.8,1.7,0.8,1.5,14.0,15.7,33.1,1.8,3.8,9.5,7.5,1.6,7.5,1.7,64.7,,33.95348837209302,36.8,6-5,206,77
1628368,De'Aaron Fox,SAC,8,37.5,27.0,4.4,6.1,10.4,20.5,1.6,4.6,4.6,6.0,february,2021-22,29.2,25.7,58.3,12.0,86.4,6.6,4.55,32.9,0.4,0.6,0.8,10.1,22.8,29.1,,,18.1,6.4,2.0,3.7,1.7,63.6,,22.4390243902439,37.5,6-3,185,75
202681,Kyrie Irving,BKN,7,37.8,25.7,4.3,5.3,9.1,21.6,2.7,7.4,4.7,5.3,february,2021-22,30.3,23.9,53.8,11.5,82.1,6.1,4.44,36.9,0.7,0.9,1.9,,,,,,,,,,,48.5,,34.25925925925925,37.8,6-2,195,74
203944,Julius Randle,NYK,10,38.3,25.2,11.7,6.8,8.4,20.1,1.4,5.1,7.0,9.1,february,2021-22,30.0,30.6,52.3,14.2,86.7,4.6,3.16,48.7,3.9,4.2,4.6,15.8,16.5,9.4,7.3,10.1,21.1,2.4,5.0,3.2,5.4,74.1,,25.373134328358205,38.3,6-8,250,80
203468,CJ McCollum,NOP,10,35.0,24.7,5.7,5.3,9.6,20.1,2.9,7.7,2.6,3.4,february,2021-22,27.6,25.2,57.2,15.2,72.3,5.3,4.38,36.0,0.8,0.1,1.3,8.8,18.2,31.4,,,17.8,9.7,,6.3,,66.7,,38.308457711442784,35.0,6-3,190,75
1628369,Jayson Tatum,BOS,11,34.3,24.5,7.6,4.8,8.2,18.8,2.7,8.4,5.4,6.1,february,2021-22,29.9,21.1,56.9,15.7,70.4,4.4,3.74,39.8,1.5,1.7,2.6,,,,,,,,,,,48.9,,44.680851063829785,34.3,6-8,210,80
201939,Stephen Curry,GSW,9,34.7,24.0,4.2,7.7,8.1,16.8,3.4,9.6,4.3,4.7,february,2021-22,26.8,34.0,63.7,15.4,77.1,6.1,4.73,25.8,0.4,0.0,0.7,10.1,13.8,21.1,,,11.6,12.0,7.0,18.0,1.3,74.4,,57.14285714285714,34.7,6-2,185,74
1627749,Dejounte Murray,SAS,9,35.8,23.8,7.6,10.8,9.7,18.7,1.0,3.1,3.4,4.0,february,2021-22,26.8,41.3,58.2,17.2,90.8,8.0,5.26,26.2,0.4,0.2,2.1,,,,,,,,,,,57.4,,16.577540106951876,35.8,6-4,180,76
1629014,Anfernee Simons,POR,10,34.0,23.7,2.8,4.7,8.5,18.7,4.0,10.3,2.7,3.3,february,2021-22,27.9,24.1,58.8,11.5,81.2,7.2,5.3,33.7,0.9,0.1,0.6,18.2,14.5,28.8,,,19.8,7.2,,4.9,,81.1,,55.08021390374333,34.0,6-3,181,75
1626157,Karl-Anthony Towns,MIN,12,32.9,23.7,10.1,4.2,8.8,16.5,1.6,4.1,4.4,5.1,february,2021-22,26.1,20.8,63.2,16.4,56.2,2.1,2.21,40.8,4.2,4.9,4.5,10.0,15.2,1.6,13.8,11.1,19.9,1.9,5.9,2.3,12.6,48.4,,24.848484848484848,32.9,6-11,248,83
203999,Nikola Jokić,DEN,11,32.6,23.4,14.0,8.8,8.5,15.7,1.4,4.4,5.1,6.5,february,2021-22,28.9,41.6,62.9,20.6,92.1,4.2,2.72,50.8,6.4,10.9,7.5,5.3,10.1,9.7,13.0,22.8,9.0,,7.3,5.3,9.3,59.6,,28.025477707006374,32.6,6-11,284,83
1629652,Luguentz Dort,OKC,6,34.4,23.3,4.5,2.0,7.2,17.2,3.5,9.3,5.5,7.0,february,2021-22,28.2,10.5,57.6,10.1,53.2,3.1,3.47,36.5,0.5,0.7,1.0,,15.0,,5.5,,61.5,,4.0,,,70.6,,54.06976744186047,34.4,6-3,215,75
203076,Anthony Davis,LAL,7,35.1,22.9,10.6,3.3,9.0,14.9,0.1,0.7,4.7,7.4,february,2021-22,23.3,15.5,63.1,17.6,65.9,2.5,2.32,38.9,4.3,4.3,10.6,11.5,10.3,5.8,19.3,12.5,9.8,,8.8,,14.5,49.1,,4.697986577181208,35.1,6-10,253,82
203897,Zach LaVine,CHI,8,37.3,22.8,4.9,5.3,7.5,16.4,2.6,6.4,5.1,5.9,february,2021-22,25.0,19.6,60.0,10.6,55.6,4.1,4.42,26.3,1.0,0.3,1.5,9.3,23.5,19.5,4.0,,22.7,6.3,3.4,8.5,,57.1,,39.024390243902445,37.3,6-5,200,77
1628389,Bam Adebayo,MIA,11,33.2,22.0,10.9,3.5,8.6,15.0,0.0,0.4,4.7,6.6,february,2021-22,26.5,17.8,61.4,20.3,67.2,2.9,2.63,38.1,5.7,3.8,8.2,8.0,20.2,,9.1,11.3,30.1,,7.1,2.4,6.5,54.4,,2.666666666666667,33.2,6-9,255,81
1626179,Terry Rozier,CHA,12,38.1,21.8,4.9,5.7,8.3,18.4,3.1,9.2,2.3,2.6,february,2021-22,22.9,23.8,55.8,11.6,82.6,5.1,3.68,43.9,0.6,0.1,1.4,,,,,,,,,,,55.1,,50.0,38.1,6-1,190,73
1630163,LaMelo Ball,CHA,12,34.7,21.6,6.3,6.5,7.5,18.6,3.3,7.9,3.3,4.2,february,2021-22,28.4,30.7,52.9,11.3,93.3,6.7,4.3,37.8,0.6,0.1,2.4,12.2,12.8,39.4,1.6,,19.4,6.5,,1.7,2.0,64.1,,42.473118279569896,34.7,6-7,180,79
1626156,D'Angelo Russell,MIN,10,32.5,21.5,2.9,6.7,7.2,16.1,3.0,8.4,4.1,4.9,february,2021-22,25.9,31.0,58.9,12.6,67.5,4.6,4.1,32.6,1.1,0.2,0.6,8.7,15.5,36.2,,,20.8,7.9,,,,58.7,,52.17391304347826,32.5,6-4,193,76
202696,Nikola Vučević,CHI,13,35.1,21.4,12.4,3.3,9.3,17.7,0.8,4.2,1.9,2.4,february,2021-22,26.2,14.6,57.1,14.2,67.8,1.8,1.63,43.4,5.9,5.9,6.8,,12.5,,28.8,16.1,15.2,,10.0,3.6,7.6,62.5,,23.728813559322035,35.1,6-10,260,82
1627783,Pascal Siakam,TOR,12,37.0,21.3,8.8,5.2,8.5,17.1,1.1,3.2,3.2,4.2,february,2021-22,24.8,21.7,56.2,12.9,79.0,5.2,3.96,37.2,1.9,2.2,3.7,13.3,20.6,13.9,6.5,11.3,16.2,3.0,3.2,4.0,5.0,68.8,,18.71345029239766,37.0,6-8,230,80
1627759,Jaylen Brown,BOS,11,33.9,21.2,5.4,4.5,8.1,17.0,1.5,5.5,3.5,5.1,february,2021-22,28.1,21.2,55.0,12.4,55.3,2.9,3.2,34.5,1.5,2.3,2.7,20.6,20.4,22.2,1.8,4.7,13.0,4.1,1.1,7.4,1.8,51.0,,32.35294117647059,33.9,6-6,223,78
1629639,Tyler Herro,MIA,7,29.7,21.1,4.7,3.3,8.0,15.1,2.3,6.0,2.9,3.7,february,2021-22,27.6,17.8,63.0,16.3,58.0,3.8,3.97,29.1,0.3,0.0,0.7,13.3,27.7,13.9,,,32.4,,,5.8,,51.4,,39.735099337748345,29.7,6-5,195,77
1627742,Brandon Ingram,NOP,11,33.8,21.1,4.3,6.2,8.1,17.1,0.7,3.1,4.2,5.3,february,2021-22,28.5,28.6,54.3,13.1,66.3,4.7,4.24,39.8,2.2,2.8,1.5,13.8,16.6,16.2,,7.7,18.3,5.8,4.3,12.1,2.4,60.0,,18.128654970760234,33.8,6-8,190,80
1628398,Kyle Kuzma,WAS,11,35.0,21.0,8.8,4.3,7.8,17.2,2.7,6.4,2.6,3.3,february,2021-22,27.2,20.3,56.4,14.1,67.1,3.5,3.17,38.8,1.1,0.9,1.2,5.1,27.3,5.3,8.7,2.8,27.5,4.1,8.5,,4.9,59.7,,37.2093023255814,35.0,6-9,221,81
202710,Jimmy Butler III,MIA,11,34.1,20.9,6.4,4.5,6.6,14.8,0.2,1.8,7.5,8.6,february,2021-22,27.0,20.8,56.2,15.6,66.4,4.8,4.38,40.2,1.4,2.8,5.4,17.7,17.2,13.1,2.7,6.1,14.0,1.7,12.1,2.4,7.9,56.4,,12.162162162162161,34.1,6-7,230,79
1627832,Fred VanVleet,TOR,9,36.1,20.7,3.4,6.3,6.6,15.8,4.3,10.1,3.2,3.6,february,2021-22,23.9,27.3,59.6,10.8,87.1,6.7,4.63,36.7,0.3,0.1,0.6,,,,,,,,,,,60.7,,63.92405063291139,36.1,6-1,197,73
203084,Harrison Barnes,SAC,11,34.3,20.4,6.2,2.9,5.9,10.5,1.5,3.4,7.1,7.9,february,2021-22,18.8,11.4,73.1,13.6,45.1,1.7,2.21,28.9,1.5,1.9,3.2,8.0,18.8,3.3,5.0,2.5,43.8,4.8,,4.8,,65.0,,32.38095238095238,34.3,6-8,225,80
1627747,Caris LeVert,CLE,6,33.2,20.2,2.7,4.7,8.7,18.0,1.0,3.8,1.8,2.5,february,2021-22,27.2,23.3,52.8,10.7,70.2,5.4,4.61,36.2,0.8,0.2,0.8,6.2,19.0,24.0,,,26.9,4.5,6.6,5.0,,70.0,,21.11111111111111,33.2,6-6,205,78
1626171,Bobby Portis,MIL,10,29.5,19.5,9.0,1.4,7.6,14.3,3.1,6.9,1.2,1.8,february,2021-22,22.8,6.4,64.6,14.0,47.6,1.2,1.52,23.3,0.8,2.3,2.4,3.2,11.0,,15.8,19.8,31.1,,6.6,,5.8,62.5,,48.25174825174825,29.5,6-10,250,82
201950,Jrue Holiday,MIL,10,34.4,19.5,4.5,6.8,7.4,12.7,2.4,4.3,2.3,3.2,february,2021-22,21.1,26.0,69.1,11.9,75.4,5.8,4.59,27.3,0.6,2.1,2.3,10.1,20.5,26.3,,3.6,20.5,,4.3,,,68.0,,33.85826771653544,34.4,6-3,205,75
1629640,Keldon Johnson,SAS,10,33.4,19.3,5.2,2.1,6.8,14.7,2.5,6.6,3.2,3.6,february,2021-22,22.0,8.1,59.3,9.2,52.1,1.7,1.91,31.4,0.7,0.4,2.0,3.9,20.0,2.8,,4.4,32.0,7.4,9.2,,10.9,55.3,,44.89795918367347,33.4,6-6,220,78
202691,Klay Thompson,GSW,7,27.9,19.3,4.6,3.4,6.7,15.0,3.7,8.1,2.1,2.4,february,2021-22,26.0,19.0,60.0,14.1,41.0,1.8,2.64,28.7,0.7,0.1,0.9,,19.2,7.1,,,25.9,12.2,2.8,26.3,,48.3,,53.99999999999999,27.9,6-6,220,78
1629018,Gary Trent Jr.,TOR,12,34.8,19.2,2.2,1.8,6.7,15.6,3.0,7.3,2.8,3.6,february,2021-22,22.2,7.8,55.8,8.5,41.1,2.2,3.15,27.8,0.8,0.2,0.8,,18.3,6.4,,,48.6,9.0,,6.8,,57.5,,46.794871794871796,34.8,6-5,209,77
203095,Evan Fournier,NYK,10,34.8,19.0,3.5,2.3,6.7,15.7,4.4,10.9,1.2,1.8,february,2021-22,21.6,10.6,57.6,8.2,51.2,2.1,2.51,37.5,0.2,0.0,0.2,,,,,,,,,,,68.6,,69.4267515923567,34.8,6-6,205,78
1630178,Tyrese Maxey,PHI,10,35.0,18.9,4.0,3.7,6.9,13.3,1.5,3.8,3.6,4.0,february,2021-22,19.8,16.6,62.7,12.6,82.3,5.7,4.16,32.7,0.1,0.0,0.5,14.5,21.9,26.2,1.3,1.4,14.3,6.7,3.0,5.4,,64.7,,28.57142857142857,35.0,6-2,200,74
1628970,Miles Bridges,CHA,12,37.3,18.7,6.8,4.2,6.5,14.4,1.4,5.3,4.3,5.0,february,2021-22,21.5,17.3,56.2,11.0,66.9,2.6,2.35,43.2,1.5,0.2,2.8,9.0,16.5,14.9,7.4,4.9,29.8,7.2,3.2,,2.1,53.2,,36.80555555555555,37.3,6-7,225,79
1628976,Wendell Carter Jr.,ORL,11,30.3,18.5,10.7,3.1,7.5,12.3,0.8,3.2,2.5,3.5,february,2021-22,22.5,16.9,66.7,15.7,59.8,1.8,1.84,38.3,5.9,1.4,6.5,,10.9,,19.2,3.2,26.2,,17.1,,12.7,51.5,,26.016260162601622,30.3,6-10,270,82
203114,Khris Middleton,MIL,10,32.8,18.4,4.5,5.1,6.2,14.8,2.0,7.4,4.0,4.6,february,2021-22,23.5,20.0,54.7,9.9,63.2,3.7,3.54,32.9,0.6,1.6,1.1,6.1,15.3,22.7,,13.6,16.6,5.8,,6.4,5.8,62.5,,50.0,32.8,6-7,222,79
1627741,Buddy Hield,IND,10,34.5,18.1,4.4,3.6,7.0,14.7,3.2,8.3,0.9,1.0,february,2021-22,20.1,14.1,59.8,9.2,62.9,2.8,2.63,39.0,0.2,0.1,0.9,,23.1,4.8,,,34.0,5.4,5.4,12.2,3.7,56.3,,56.462585034013614,34.5,6-4,220,76
1628404,Josh Hart,POR,6,33.9,18.0,5.7,4.2,6.3,11.8,2.0,5.7,3.3,4.2,february,2021-22,20.2,19.1,65.9,12.5,59.0,3.3,3.36,30.5,0.3,0.0,0.8,,21.0,10.3,,,45.6,4.0,4.6,,,69.0,,48.30508474576271,33.9,6-5,215,77
202694,Marcus Morris Sr.,LAC,10,29.9,17.7,3.7,1.9,6.7,13.5,2.5,5.5,1.8,2.2,february,2021-22,22.9,9.9,61.2,10.2,42.7,1.9,2.68,29.1,1.3,3.8,0.2,,,,,,,,,,,72.2,,40.74074074074074,29.9,6-8,218,80
202704,Reggie Jackson,LAC,10,32.6,17.7,4.5,7.3,6.9,17.0,1.7,5.3,2.2,2.9,february,2021-22,28.1,33.3,48.4,10.4,78.2,7.6,5.86,25.0,0.5,0.1,1.1,,,,,,,,,,,47.4,,31.176470588235293,32.6,6-2,208,74
1630169,Tyrese Haliburton,IND,10,38.1,17.7,4.6,10.5,6.2,13.3,2.5,6.1,2.8,3.2,february,2021-22,19.5,38.6,60.2,13.8,99.9,7.7,4.61,38.5,0.3,0.0,0.5,,,,,,,,,,,69.0,,45.86466165413533,38.1,6-5,185,77
203994,Jusuf Nurkić,POR,8,32.3,17.6,13.3,3.8,6.8,13.8,0.6,1.3,3.5,5.3,february,2021-22,24.0,18.3,54.9,13.8,72.5,2.4,2.0,46.8,4.4,10.6,9.3,,6.9,,22.4,10.4,11.8,,17.3,,13.6,65.3,,9.420289855072465,32.3,6-11,290,83
1628381,John Collins,ATL,5,28.3,17.6,8.0,1.0,7.8,14.8,1.4,4.0,0.6,0.8,february,2021-22,24.0,5.2,58.1,11.0,53.4,1.3,1.51,28.4,3.2,3.2,7.0,,18.7,,6.3,9.1,33.6,2.3,10.3,,9.8,46.7,,27.027027027027025,28.3,6-9,226,81
1628969,Mikal Bridges,PHX,12,36.1,17.4,5.3,2.9,7.0,11.8,1.3,4.3,2.2,2.8,february,2021-22,16.4,10.2,67.2,10.6,35.3,1.0,1.63,22.2,1.8,0.5,3.2,2.3,25.3,9.1,3.4,2.3,36.2,6.3,5.0,4.8,2.7,64.3,,36.440677966101696,36.1,6-6,209,78
1627734,Domantas Sabonis,SAC,8,32.0,17.4,12.9,5.6,7.9,13.4,0.3,1.0,1.4,2.3,february,2021-22,23.8,27.4,60.5,15.2,69.8,2.8,2.39,39.4,6.4,4.6,9.3,,9.0,,28.5,13.1,9.0,,14.9,,10.9,74.5,,7.462686567164178,32.0,6-11,240,83
1628973,Jalen Brunson,DAL,10,35.7,17.3,3.6,4.3,6.6,13.4,1.7,3.8,2.4,2.8,february,2021-22,21.4,18.3,59.1,9.9,65.3,4.9,4.51,29.8,0.4,0.7,0.2,14.4,14.3,36.0,,3.3,16.4,5.6,1.9,2.5,,65.9,,28.35820895522388,35.7,6-1,190,73
1630180,Saddiq Bey,DET,12,33.6,17.2,6.2,4.1,5.8,14.3,2.9,7.9,2.8,3.3,february,2021-22,20.0,19.4,54.7,12.1,52.3,2.0,2.25,37.3,0.4,1.3,1.8,6.5,19.0,7.8,2.2,13.8,28.5,6.0,4.9,1.9,6.7,56.4,,55.24475524475524,33.6,6-7,215,79
203992,Bogdan Bogdanović,ATL,10,30.4,17.0,4.4,3.6,6.3,13.2,3.2,7.3,1.2,1.5,february,2021-22,21.7,17.6,61.3,11.9,39.0,2.0,3.03,23.0,0.2,0.0,0.4,,12.2,34.4,,,24.4,,,,,64.1,,55.30303030303031,30.4,6-6,225,78
1626174,Christian Wood,HOU,9,30.6,17.0,8.9,2.4,6.1,12.4,1.9,4.8,2.9,5.8,february,2021-22,23.3,12.6,56.7,10.6,54.3,2.1,2.35,26.9,3.0,2.6,4.4,,,,,,,,,,,71.7,,38.70967741935484,30.6,6-9,214,81
1628386,Jarrett Allen,CLE,10,32.0,16.9,11.6,1.2,6.9,10.6,0.0,0.1,3.1,4.2,february,2021-22,19.1,6.4,67.9,16.8,53.3,1.5,1.68,31.0,7.0,2.3,12.7,,13.6,,20.9,7.8,4.1,,33.1,,9.2,46.3,,0.9433962264150945,32.0,6-10,243,82
202685,Jonas Valančiūnas,NOP,11,29.8,16.8,10.2,2.5,6.4,10.6,0.5,1.9,3.6,4.6,february,2021-22,22.0,12.9,66.3,14.9,62.6,1.9,1.79,36.2,3.3,6.7,8.2,,,,22.1,29.7,4.2,,13.7,,16.0,75.0,,17.92452830188679,29.8,6-11,265,83
1628991,Jaren Jackson Jr.,MEM,10,27.1,16.8,7.3,1.0,5.3,13.3,1.7,5.2,4.5,5.5,february,2021-22,24.0,5.6,53.4,11.0,32.2,1.0,1.88,20.9,1.4,2.2,3.6,11.1,15.3,2.1,9.7,19.8,26.4,1.5,3.4,,3.9,54.3,,39.097744360902254,27.1,6-11,242,83
202711,Bojan Bogdanovic,UTA,9,31.3,16.7,5.1,1.7,5.9,14.2,2.1,6.7,2.8,3.0,february,2021-22,23.6,7.9,53.6,9.5,41.4,1.6,2.28,29.7,0.4,1.7,1.9,,,,,,,,,,,66.7,,47.183098591549296,31.3,6-7,226,79
1630162,Anthony Edwards,MIN,12,32.1,16.5,3.2,3.5,5.7,15.0,1.8,6.9,3.4,5.2,february,2021-22,25.0,15.9,47.8,6.7,49.5,3.2,3.91,25.3,0.5,0.2,0.9,23.4,15.7,23.5,,4.9,12.9,7.3,2.0,4.8,1.2,68.3,,46.0,32.1,6-4,225,76
1630224,Jalen Green,HOU,10,32.2,16.5,2.5,2.7,5.8,13.1,2.7,7.0,2.2,3.0,february,2021-22,20.9,13.2,57.2,8.8,46.1,2.8,3.68,25.5,0.4,0.0,1.2,,,,,,,,,,,74.4,,53.43511450381679,32.2,6-4,186,76
203924,Jerami Grant,DET,12,30.1,16.5,2.8,2.1,5.6,13.8,1.8,5.6,3.5,4.3,february,2021-22,23.7,11.3,52.8,8.2,54.4,2.0,2.25,36.9,0.8,1.8,1.1,10.7,16.2,13.9,2.2,2.0,35.4,4.8,4.6,4.2,2.4,59.5,,40.57971014492753,30.1,6-8,210,80
1630560,Cam Thomas,BKN,13,26.7,16.5,3.1,2.2,6.2,13.5,1.3,4.2,2.8,3.4,february,2021-22,25.1,13.7,54.8,10.7,41.1,2.6,3.82,20.0,0.2,0.0,0.3,16.4,12.0,28.1,,,12.0,17.8,,,,61.8,,31.11111111111111,26.7,6-3,210,75
1630175,Cole Anthony,ORL,11,31.7,16.5,5.0,5.3,5.5,13.5,2.0,4.7,3.4,3.6,february,2021-22,24.2,24.8,54.6,9.4,77.1,5.5,4.32,27.2,0.6,0.1,0.6,6.9,14.7,51.8,,,14.3,,,,,62.5,,34.81481481481482,31.7,6-3,185,75
1630581,Josh Giddey,OKC,10,33.4,16.3,8.7,7.7,6.8,14.6,1.0,3.6,1.7,2.2,february,2021-22,24.4,36.2,52.4,13.1,88.2,5.4,3.7,38.5,1.1,0.1,3.2,5.0,22.8,38.8,,,16.0,4.5,4.3,,,58.6,,24.657534246575345,33.4,6-8,205,80
1629632,Coby White,CHI,11,31.0,16.3,3.7,3.8,5.6,12.3,3.5,7.1,1.5,1.7,february,2021-22,19.2,15.8,62.4,9.8,53.3,3.4,3.85,22.7,0.4,0.0,0.2,7.7,29.3,29.6,,,20.9,3.1,,2.6,,59.7,,57.72357723577235,31.0,6-4,195,76
1630595,Cade Cunningham,DET,7,28.3,15.9,5.7,4.0,6.1,15.7,1.0,4.4,2.6,3.3,february,2021-22,29.9,21.7,46.2,7.2,61.6,4.8,4.65,24.7,0.3,0.3,1.4,11.5,17.5,38.7,,3.5,8.5,8.4,1.6,4.4,1.3,55.6,,28.025477707006374,28.3,6-6,220,78
203903,Jordan Clarkson,UTA,7,24.2,15.9,2.3,2.0,6.1,13.3,2.0,7.0,1.6,1.6,february,2021-22,24.7,12.5,56.7,12.6,34.0,1.7,2.99,23.9,0.9,0.0,1.1,5.2,25.6,12.3,,,36.0,7.8,4.2,,3.9,28.6,,52.63157894736842,24.2,6-4,194,76
101108,Chris Paul,PHX,9,33.6,15.8,4.0,12.4,5.7,12.0,0.9,3.6,3.6,3.9,february,2021-22,21.1,45.2,57.5,15.5,77.4,7.6,5.91,24.3,0.2,0.3,0.0,,,43.8,,,15.6,,,,,63.4,,30.0,33.6,6-0,175,72
1629028,Deandre Ayton,PHX,12,27.9,15.8,8.7,1.2,7.0,10.8,0.2,0.3,1.6,2.2,february,2021-22,21.2,5.8,66.8,13.7,35.8,0.9,1.47,20.2,4.4,2.5,8.4,,9.8,,28.6,9.5,2.9,,26.3,,13.6,55.1,,2.7777777777777777,27.9,6-11,250,83
203493,Reggie Bullock Jr.,DAL,8,35.8,15.8,4.4,1.0,5.1,11.0,4.1,9.1,1.4,1.4,february,2021-22,14.8,4.2,67.9,9.7,50.4,1.1,1.29,31.6,0.5,0.0,0.5,,,,,,,,,,,68.9,,82.72727272727273,35.8,6-6,205,78
202699,Tobias Harris,PHI,10,35.6,15.5,6.4,3.1,6.4,12.9,1.0,2.7,1.7,2.1,february,2021-22,19.1,13.4,56.1,9.9,60.7,3.0,2.95,38.3,1.2,2.6,1.4,4.2,17.9,6.8,,14.6,31.8,,6.3,3.0,6.3,75.0,,20.930232558139537,35.6,6-7,226,79
1630567,Scottie Barnes,TOR,12,31.8,15.2,6.8,2.6,6.2,11.4,0.8,2.0,2.1,2.7,february,2021-22,19.0,12.1,60.2,11.6,58.8,2.3,2.31,31.3,2.7,1.7,5.7,7.9,21.7,13.1,5.7,10.7,19.7,2.2,9.3,1.5,5.0,68.1,,17.543859649122805,31.8,6-7,225,79
1626162,Kelly Oubre Jr.,CHA,12,30.5,15.1,4.9,1.3,5.3,14.0,2.1,8.3,2.5,3.6,february,2021-22,22.2,6.4,48.4,6.5,38.3,1.3,1.97,26.3,0.4,0.0,2.1,12.1,22.1,7.6,,,29.8,,5.9,,6.6,55.7,,59.285714285714285,30.5,6-6,203,78
1626149,Montrezl Harrell,CHA,11,26.7,14.9,5.9,1.9,5.7,9.7,0.0,0.2,3.5,5.1,february,2021-22,20.7,11.8,62.3,12.7,39.9,1.5,2.24,29.5,3.5,4.2,6.5,,,,,,,,,,,55.6,,2.061855670103093,26.7,6-7,240,79
1630228,Jonathan Kuminga,GSW,10,25.6,14.8,4.7,1.6,5.3,9.2,1.0,3.0,3.2,4.3,february,2021-22,22.3,9.8,66.7,10.6,39.5,1.5,2.3,22.5,1.1,1.2,2.5,12.6,17.4,21.1,,6.7,18.1,,9.6,,7.0,59.1,,32.608695652173914,25.6,6-7,225,79
203552,Seth Curry,BKN,9,31.6,14.8,3.7,3.4,5.6,12.6,2.9,6.4,0.8,0.9,february,2021-22,19.7,16.8,57.1,9.3,50.2,2.8,3.39,32.7,0.1,0.0,0.1,,,,,,,,,,,64.0,,50.793650793650805,31.6,6-2,185,74
1630532,Franz Wagner,ORL,11,29.7,14.7,4.5,3.1,5.5,11.6,1.7,4.2,1.9,2.3,february,2021-22,19.8,15.2,58.3,9.8,43.2,2.1,2.98,28.2,0.8,0.4,1.5,7.6,20.4,22.9,2.9,6.9,16.6,3.2,6.7,3.6,4.4,46.5,,36.206896551724135,29.7,6-10,220,82
1630217,Desmond Bane,MEM,10,29.9,14.7,4.8,3.2,4.7,13.7,2.5,7.1,2.8,3.0,february,2021-22,21.8,14.5,48.9,7.5,58.6,2.6,2.63,32.9,0.7,0.0,0.7,7.0,19.3,25.5,,,17.4,7.4,4.1,9.1,3.8,62.2,,51.82481751824818,29.9,6-5,215,77
200746,LaMarcus Aldridge,BKN,6,20.8,14.7,5.3,0.8,5.2,9.3,0.2,0.8,4.2,4.5,february,2021-22,24.5,7.4,64.8,15.7,27.7,0.8,1.8,20.5,1.7,2.7,3.7,,,,,,,,,,,47.6,,8.602150537634408,20.8,6-11,250,83
1630596,Evan Mobley,CLE,10,33.9,14.6,8.4,2.6,5.7,11.9,0.1,1.1,3.1,4.1,february,2021-22,20.8,12.3,53.3,11.3,60.9,2.3,2.22,34.4,2.9,4.9,7.6,4.7,16.0,9.5,14.3,8.0,17.9,1.6,13.8,2.7,6.5,57.3,,9.243697478991598,33.9,6-11,215,83
1630544,Tre Mann,OKC,12,30.0,14.6,2.9,2.7,5.3,13.8,2.3,6.3,1.8,2.3,february,2021-22,21.8,13.9,49.5,7.4,42.2,2.3,3.24,28.2,0.3,0.0,0.3,8.5,7.7,38.0,,,26.5,8.5,,,,70.5,,45.65217391304348,30.0,6-3,178,75
1627751,Jakob Poeltl,SAS,9,29.5,14.6,9.9,3.6,6.4,9.7,0.1,0.1,1.6,3.0,february,2021-22,18.6,15.4,66.2,13.2,61.1,1.6,1.61,33.7,5.9,2.6,9.3,,13.0,,16.7,,,,40.7,,14.8,55.1,,1.0309278350515465,29.5,7-1,245,85
203115,Will Barton,DEN,12,30.5,14.5,5.0,2.7,5.4,11.5,1.8,5.2,1.9,2.3,february,2021-22,20.4,12.1,57.9,9.1,47.4,2.7,3.48,25.8,0.8,0.3,1.9,,,,,,,,,,,72.9,,45.21739130434783,30.5,6-5,181,77
201567,Kevin Love,CLE,10,23.8,14.3,6.7,2.3,4.5,12.5,2.5,7.3,2.8,3.5,february,2021-22,27.3,15.8,50.9,12.4,45.7,1.4,1.88,31.7,1.8,3.4,3.6,,14.0,,14.6,,34.1,,6.7,,15.2,61.5,,58.4,23.8,6-8,251,80
1629645,Kevin Porter Jr.,HOU,7,28.5,14.3,3.3,5.4,5.0,11.0,3.3,6.9,1.0,2.6,february,2021-22,21.3,28.1,58.9,9.6,63.9,5.3,4.98,22.9,0.6,0.4,1.6,9.8,13.6,45.2,,2.4,16.0,5.5,,,,75.0,,62.727272727272734,28.5,6-4,203,76
203932,Aaron Gordon,DEN,10,30.4,14.2,6.8,2.9,5.8,11.3,1.3,3.6,1.3,1.8,february,2021-22,18.6,12.9,58.7,10.2,39.2,1.9,2.96,25.3,1.0,2.4,4.9,16.0,13.0,10.4,5.9,11.2,15.4,,13.0,,5.3,61.1,,31.858407079646017,30.4,6-8,235,80
1629022,Lonnie Walker IV,SAS,10,24.5,14.2,2.5,1.8,5.5,12.1,1.5,4.3,1.7,2.5,february,2021-22,24.8,11.5,53.8,8.4,34.8,1.8,3.1,25.2,0.2,0.0,1.1,,,,,,,,,,,73.3,,35.53719008264463,24.5,6-4,204,76
1629673,Jordan Poole,GSW,10,26.4,14.1,4.1,4.0,4.6,11.2,1.5,5.8,3.4,3.5,february,2021-22,24.0,22.5,55.3,11.3,58.7,4.1,4.21,28.8,0.3,0.0,0.7,7.9,19.9,30.6,,,14.3,12.9,,5.4,,80.0,,51.78571428571429,26.4,6-4,194,76
1628420,Monte Morris,DEN,9,29.4,14.0,2.3,4.1,5.3,9.6,2.1,4.3,1.2,1.2,february,2021-22,15.8,18.9,69.4,11.1,49.9,3.1,3.69,26.3,1.7,0.0,2.0,,,,,,,,,,,68.0,,44.79166666666667,29.4,6-2,183,74
201566,Russell Westbrook,LAL,8,31.7,13.9,6.6,5.1,5.1,14.1,0.5,3.0,3.1,5.0,february,2021-22,26.0,24.4,42.5,7.0,73.0,5.4,4.45,31.3,0.9,1.4,2.5,13.4,18.3,25.8,,5.1,26.7,,2.2,,2.8,75.0,,21.27659574468085,31.7,6-3,200,75
203952,Andrew Wiggins,GSW,9,31.4,13.8,3.4,2.3,5.4,13.0,2.1,5.8,0.8,1.9,february,2021-22,20.4,11.4,49.8,6.9,46.3,2.2,2.88,28.8,0.4,1.7,1.2,10.9,22.1,7.6,,6.8,32.5,2.0,3.8,2.5,7.8,65.5,,44.61538461538461,31.4,6-7,197,79
1630537,Chris Duarte,IND,8,26.0,13.5,3.6,1.9,4.5,10.1,1.8,3.6,2.8,2.9,february,2021-22,21.9,11.7,59.3,9.1,47.9,2.2,2.82,27.8,0.4,0.0,0.8,,,,,,,,,,,55.8,,35.64356435643565,26.0,6-5,190,77
1630256,Jae'Sean Tate,HOU,10,29.5,13.5,5.3,3.1,5.2,9.6,0.6,2.5,2.5,3.1,february,2021-22,19.3,16.4,61.6,9.9,47.6,2.0,2.51,26.2,2.9,1.2,5.3,,,,,,,,,,,70.0,,26.041666666666668,29.5,6-4,230,76
1629661,Cameron Johnson,PHX,12,26.0,13.4,3.4,2.2,4.5,9.3,2.6,5.9,1.8,1.9,february,2021-22,17.5,10.4,65.9,10.7,30.5,0.9,1.76,19.8,0.8,0.1,1.0,,25.0,8.2,,,26.5,15.3,6.7,4.9,,48.9,,63.44086021505376,26.0,6-8,210,80
1629611,Terance Mann,LAC,10,29.4,13.4,6.5,3.2,5.6,10.5,0.8,2.2,1.4,2.0,february,2021-22,17.7,14.9,58.9,13.5,51.7,3.4,4.0,21.4,1.3,0.0,2.1,3.7,22.0,17.9,,,28.9,4.4,6.6,,8.1,68.6,,20.952380952380953,29.4,6-5,215,77
1628977,Hamidou Diallo,DET,12,21.8,13.3,5.9,1.3,5.2,10.4,0.5,1.9,2.5,3.6,february,2021-22,24.2,9.4,55.6,13.1,40.0,1.5,2.29,21.7,1.3,0.0,2.5,,,,,,,,,,,60.6,,18.269230769230766,21.8,6-5,202,77
200768,Kyle Lowry,MIA,9,34.9,13.2,5.3,6.1,4.1,8.3,2.6,4.9,2.4,2.8,february,2021-22,14.8,24.4,69.2,12.9,84.3,4.5,3.2,35.6,1.0,0.3,1.3,,,,,,,,,,,63.6,,59.036144578313255,34.9,6-0,196,72
201568,Danilo Gallinari,ATL,9,26.6,13.1,5.1,1.3,4.1,9.9,1.6,4.0,3.3,3.8,february,2021-22,19.6,6.6,56.8,10.1,35.2,1.4,2.46,19.3,0.9,2.1,1.3,,,,,,,,,,,61.5,,40.4040404040404,26.6,6-10,236,82
203484,Kentavious Caldwell-Pope,WAS,11,30.7,13.1,2.5,1.8,4.5,11.3,1.7,4.4,2.3,2.3,february,2021-22,18.8,8.8,53.3,7.6,41.2,1.6,2.36,30.1,0.9,0.0,1.3,3.1,24.1,18.1,,,33.7,5.9,,6.5,,71.0,,38.93805309734513,30.7,6-5,204,77
1628401,Derrick White,BOS,11,27.4,13.0,3.5,3.6,4.4,10.0,1.8,5.4,2.5,2.9,february,2021-22,21.0,18.9,57.6,9.8,44.1,2.6,3.59,22.4,0.5,0.1,1.0,4.7,10.8,35.1,1.6,,25.9,9.5,1.3,5.1,1.7,42.9,,54.0,27.4,6-4,190,76
203935,Marcus Smart,BOS,10,29.2,13.0,3.8,5.2,4.2,9.1,1.8,5.1,2.8,3.4,february,2021-22,18.2,23.0,61.3,11.5,59.8,3.4,3.4,24.5,0.8,0.4,0.9,4.2,18.4,15.1,5.0,,38.3,,,,,60.0,,56.043956043956044,29.2,6-4,220,76
1626224,Cedi Osman,CLE,10,23.8,12.9,1.8,2.5,4.2,9.5,2.4,5.6,2.1,3.3,february,2021-22,23.1,17.2,58.9,8.4,43.6,2.2,3.07,30.1,1.0,0.0,0.9,,,,,,,,,,,76.2,,58.94736842105262,23.8,6-7,230,79
1628370,Malik Monk,LAL,9,29.2,12.9,3.2,2.9,4.9,12.0,1.7,5.8,1.4,2.3,february,2021-22,20.7,13.9,49.5,6.5,49.8,2.4,2.94,29.1,0.2,0.0,1.1,8.4,22.0,24.1,3.5,,25.5,6.7,,4.6,,70.7,,48.333333333333336,29.2,6-3,200,75
1630170,Devin Vassell,SAS,11,29.7,12.8,4.5,3.5,4.8,11.5,1.7,5.3,1.5,1.5,february,2021-22,18.0,15.0,52.4,9.7,42.5,1.5,2.18,26.3,0.8,0.0,0.7,2.7,22.2,11.5,,,35.3,10.7,,11.8,,55.8,,46.08695652173913,29.7,6-5,200,77
1630558,Davion Mitchell,SAC,10,28.1,12.8,2.4,3.4,5.3,12.2,1.9,5.6,0.3,0.6,february,2021-22,21.5,18.3,51.3,6.8,47.8,3.5,4.41,22.1,0.2,0.0,0.2,28.6,19.3,8.1,,,35.6,,,,,51.4,,45.90163934426229,28.1,6-0,202,72
1629631,De'Andre Hunter,ATL,10,29.2,12.6,3.3,1.7,4.2,10.8,1.1,3.5,3.1,3.9,february,2021-22,19.3,7.4,50.3,4.2,31.7,1.1,2.06,21.7,0.8,0.4,1.8,7.5,18.2,13.3,2.6,,29.0,9.5,6.2,6.0,2.6,67.4,,32.407407407407405,29.2,6-8,221,80
203926,Doug McDermott,SAS,10,24.0,12.6,2.1,1.4,4.6,9.3,2.4,4.8,1.0,1.1,february,2021-22,17.5,7.2,64.4,7.5,32.5,0.9,1.69,23.1,0.5,0.0,1.3,,,,,,65.4,,,,,69.0,,51.61290322580645,24.0,6-7,225,79
1629052,Oshae Brissett,IND,10,28.9,12.6,7.3,1.4,4.1,10.1,1.7,4.6,2.7,4.2,february,2021-22,18.2,6.8,52.7,8.6,46.5,1.2,1.56,26.2,0.8,0.0,4.0,,,,,,,,,,,66.7,,45.54455445544554,28.9,6-7,210,79
201569,Eric Gordon,HOU,6,29.9,12.5,2.2,1.7,4.7,11.8,2.5,7.3,0.7,0.8,february,2021-22,18.1,8.7,51.2,5.3,43.7,2.4,3.33,25.8,0.3,0.0,0.2,,,,,,60.0,,,,,81.8,,61.86440677966101,29.9,6-3,215,75
1630591,Jalen Suggs,ORL,11,26.9,12.5,3.6,5.5,4.4,11.6,0.6,3.7,3.1,4.0,february,2021-22,24.7,31.7,46.5,7.7,61.0,3.9,3.84,23.6,0.1,0.0,0.7,6.6,24.5,25.2,,,20.4,7.3,,,4.0,58.3,,31.896551724137932,26.9,6-5,205,77
1628384,OG Anunoby,TOR,9,35.1,12.4,5.0,2.9,5.0,12.0,1.9,5.2,0.6,0.8,february,2021-22,17.6,11.1,50.4,5.7,47.1,1.7,2.22,32.6,0.9,2.0,3.4,5.9,22.4,5.9,3.0,2.8,38.2,4.8,5.3,3.4,4.4,64.4,,43.333333333333336,35.1,6-7,232,79
1629637,Jaxson Hayes,NOP,11,25.7,12.4,5.7,0.9,4.8,6.4,0.2,0.7,2.5,3.2,february,2021-22,13.7,5.2,79.6,13.4,27.9,0.7,1.41,19.5,1.8,0.5,5.7,,13.2,,26.5,,,,34.4,,13.2,54.8,,10.937499999999998,25.7,6-11,220,83
1629647,Darius Bazley,OKC,12,33.2,12.3,7.9,1.8,4.5,11.4,1.2,3.8,2.2,3.3,february,2021-22,18.1,8.2,48.0,9.6,51.0,2.0,2.36,27.1,1.6,0.0,3.0,,,,,,,,,,,62.2,,33.33333333333333,33.2,6-8,208,80
1626159,Justise Winslow,POR,7,30.0,12.3,6.6,3.1,4.9,10.6,1.1,3.4,1.4,2.3,february,2021-22,17.9,15.3,53.1,10.0,48.6,1.8,2.25,24.7,2.1,1.1,5.0,,,,,,,,,,,58.1,,32.075471698113205,30.0,6-6,222,78
202362,Lance Stephenson,IND,9,22.4,12.1,3.6,4.1,4.6,10.1,0.6,2.1,2.4,3.0,february,2021-22,23.9,25.3,53.0,10.4,44.4,3.5,4.71,19.7,0.1,0.0,0.4,,,,,,,,,,,73.3,,20.792079207920793,22.4,6-5,210,77
1628989,Kevin Huerter,ATL,10,30.6,12.1,3.0,2.6,4.7,10.7,2.5,6.3,0.2,0.2,february,2021-22,16.0,10.8,56.1,6.0,35.5,1.6,2.63,21.9,0.5,0.0,0.5,,22.8,11.3,,,36.6,6.3,8.2,4.0,3.3,71.8,,58.8785046728972,30.6,6-7,198,79
1629634,Brandon Clarke,MEM,10,21.4,12.0,7.0,1.7,5.1,8.2,0.0,0.1,1.8,3.1,february,2021-22,18.5,12.3,62.7,14.6,28.9,0.7,1.47,17.2,3.5,0.1,6.1,,,,,,,,,,,55.9,,1.2195121951219514,21.4,6-8,215,80
1627736,Malik Beasley,MIN,11,19.6,11.8,2.5,0.8,4.0,9.3,3.3,7.1,0.5,0.6,february,2021-22,20.1,5.7,61.9,8.9,23.5,0.8,1.92,16.2,0.2,0.0,0.4,,,,,,,,,,,69.2,,76.34408602150536,19.6,6-4,187,76
203471,Dennis Schröder,HOU,9,25.5,11.8,4.0,5.6,4.4,11.0,1.1,4.1,1.8,2.0,february,2021-22,23.6,33.8,49.6,9.2,70.1,5.7,4.86,27.1,0.3,0.0,0.7,14.8,11.2,36.6,,,23.1,5.2,,,,62.5,,37.272727272727266,25.5,6-1,172,73
201144,Mike Conley,UTA,9,26.5,11.8,3.4,5.1,4.0,11.4,2.0,6.4,1.8,2.0,february,2021-22,22.5,29.1,47.8,9.8,61.6,5.2,5.02,29.0,0.6,0.0,0.4,,14.8,21.2,,,33.3,13.8,,5.8,,68.4,,56.14035087719298,26.5,6-1,175,73
1629726,Garrison Mathews,HOU,10,26.0,11.7,2.8,1.3,3.4,8.1,2.2,6.4,2.7,3.5,february,2021-22,15.7,7.3,60.7,6.9,30.3,0.8,1.56,18.4,0.5,0.0,0.6,,,,,,,,,,,60.0,,79.01234567901236,26.0,6-5,215,77
1629001,De'Anthony Melton,MEM,10,21.4,11.5,5.0,2.5,3.8,9.3,2.1,4.8,1.8,2.1,february,2021-22,20.5,13.3,56.2,12.4,36.6,1.8,3.02,18.1,0.3,0.0,1.3,,,,,,,,,,,67.5,,51.61290322580645,21.4,6-2,200,74
1630183,Jaden McDaniels,MIN,12,26.0,11.5,3.9,1.5,4.3,8.7,1.5,4.2,1.3,1.6,february,2021-22,16.1,7.9,61.4,7.6,33.9,0.9,1.51,16.4,0.5,0.0,2.0,2.3,27.6,10.3,,,36.8,5.2,5.0,3.2,3.9,47.3,,48.27586206896552,26.0,6-9,185,81
1629057,Robert Williams III,BOS,9,31.0,11.1,10.6,2.2,5.1,7.4,0.0,0.0,0.9,1.1,february,2021-22,12.2,10.1,70.0,14.5,38.2,0.8,1.24,25.2,1.2,0.1,9.3,,,,17.1,,9.8,,32.5,,20.3,42.2,,0.0,31.0,6-9,237,81
1630197,Aleksej Pokusevski,OKC,9,24.0,11.0,5.9,1.9,4.6,9.3,1.4,3.8,0.4,0.6,february,2021-22,19.5,11.8,57.4,11.4,43.8,1.5,2.12,23.7,0.6,0.0,1.8,,,,,,,,,,,61.1,,40.86021505376344,24.0,7-0,190,84
1627854,Bryn Forbes,DEN,12,20.5,11.0,1.3,1.3,3.9,7.8,2.1,4.3,1.1,1.3,february,2021-22,18.9,9.1,65.6,8.8,27.6,1.0,2.13,22.1,0.3,0.0,0.1,,,,,,,,,,,75.0,,55.12820512820513,20.5,6-2,205,74
203914,Gary Harris,ORL,11,27.7,11.0,1.5,2.0,3.5,8.5,2.5,5.9,1.6,1.8,february,2021-22,15.1,10.0,59.4,6.6,29.4,1.2,2.52,20.8,0.5,0.0,0.3,,16.7,,,,54.2,,,,,58.3,,69.41176470588236,27.7,6-4,210,76
1629750,Javonte Green,CHI,12,29.6,11.0,4.8,1.2,4.0,6.8,0.8,2.2,2.3,2.5,february,2021-22,12.6,4.9,70.1,8.5,32.4,0.7,1.22,14.4,0.9,0.0,4.1,,23.5,,3.7,,41.2,,14.7,,4.8,58.9,,32.35294117647059,29.6,6-5,205,77
1630678,Terry Taylor,IND,10,23.4,10.8,7.7,1.8,4.7,7.9,0.3,0.8,1.1,1.6,february,2021-22,16.1,11.0,62.8,11.7,32.8,0.9,1.61,20.9,2.1,0.2,6.4,,,,,,,,,,,58.1,,10.126582278481013,23.4,6-5,230,77
1630245,Ayo Dosunmu,CHI,12,36.6,10.8,3.5,6.5,4.3,8.6,1.3,3.6,0.8,0.9,february,2021-22,12.8,22.2,59.8,7.1,62.7,4.1,3.88,22.3,0.3,0.0,0.7,2.2,33.6,20.8,,,31.6,,3.1,,,67.2,,41.86046511627907,36.6,6-4,200,76
1630557,Corey Kispert,WAS,11,28.2,10.7,4.2,1.4,4.1,9.1,1.9,5.8,0.6,0.6,february,2021-22,16.4,6.6,57.2,7.2,36.6,0.8,1.33,26.4,0.7,0.0,2.3,,19.0,9.5,,,34.1,11.9,,8.7,,62.3,,63.73626373626373,28.2,6-6,224,78
203915,Spencer Dinwiddie,DAL,8,27.6,10.6,4.8,5.1,4.0,9.0,1.1,3.3,1.5,2.6,february,2021-22,19.3,29.3,52.3,10.5,52.3,4.5,5.17,23.5,0.3,0.0,0.6,,,,,,,,,,,61.1,,36.666666666666664,27.6,6-6,215,78
1628402,Frank Jackson,DET,7,22.7,10.6,1.9,1.3,3.7,10.0,1.3,5.4,1.9,2.4,february,2021-22,20.2,8.3,47.8,5.2,25.9,0.8,1.94,19.7,0.7,0.0,1.0,,,,,,,,,,,63.2,,54.0,22.7,6-3,205,75
1629023,P.J. Washington,CHA,12,31.5,10.5,6.8,1.7,4.2,8.8,1.8,5.6,0.3,0.5,february,2021-22,13.3,7.6,58.0,9.5,44.8,1.0,1.39,23.4,0.8,0.7,2.4,4.1,20.9,6.3,5.4,6.1,29.9,4.1,8.2,,6.8,47.6,,63.636363636363626,31.5,6-7,230,79
201976,Patrick Beverley,MIN,11,27.0,10.5,3.9,4.0,3.3,8.2,2.2,5.4,1.7,2.3,february,2021-22,17.0,21.0,56.9,7.7,46.0,3.0,3.85,20.4,0.9,0.0,0.5,,,,,,,,,,,74.5,,65.85365853658539,27.0,6-1,180,73
1627826,Ivica Zubac,LAC,9,24.5,10.4,8.7,2.1,4.2,6.6,0.0,0.0,2.0,3.3,february,2021-22,18.3,12.3,65.1,11.9,40.4,1.1,1.61,20.6,3.9,3.9,9.7,,5.5,,18.4,28.3,,,20.1,,20.3,54.9,,0.0,24.5,7-0,240,84
1629002,Chimezie Metu,SAC,8,22.3,10.4,5.9,1.4,3.6,7.0,0.8,2.6,2.4,2.9,february,2021-22,18.4,9.8,62.8,12.3,35.4,1.0,1.67,19.4,0.9,0.8,3.0,,,,,,,,,,,65.7,,37.142857142857146,22.3,6-9,225,81
1629060,Rui Hachimura,WAS,10,21.2,10.3,2.4,1.2,3.9,7.9,1.4,2.2,1.1,1.4,february,2021-22,19.6,8.7,60.5,10.2,33.9,1.3,2.3,21.1,1.0,2.0,1.7,3.7,19.3,,3.1,9.5,40.5,,7.1,4.9,,56.7,,27.848101265822784,21.2,6-8,230,80
203526,Raul Neto,WAS,11,24.3,10.3,1.8,4.5,3.8,8.0,1.0,2.8,1.6,2.3,february,2021-22,18.3,26.6,57.1,9.8,58.3,4.9,5.0,23.9,0.5,0.0,0.8,,,,,,,,,,,71.8,,35.0,24.3,6-2,180,74
1627827,Dorian Finney-Smith,DAL,10,37.0,10.2,5.0,1.6,3.7,8.0,2.2,5.3,0.6,0.7,february,2021-22,11.9,6.0,61.4,6.3,47.5,1.4,1.81,26.3,0.7,0.0,2.2,,,,,,,,,,,69.6,,66.25,37.0,6-7,220,79
1630529,Herbert Jones,NOP,11,30.8,10.1,4.6,2.3,3.5,7.2,0.6,2.0,2.5,2.6,february,2021-22,14.8,9.4,60.5,6.7,36.5,1.5,2.46,22.1,0.8,0.0,2.7,,22.4,10.8,,,37.7,6.3,5.4,,,51.2,,27.77777777777778,30.8,6-7,206,79
1629643,Chuma Okeke,ORL,11,25.6,10.0,5.2,2.3,3.5,8.6,2.3,5.7,0.6,0.8,february,2021-22,15.3,12.9,55.6,11.3,40.7,1.4,2.13,16.6,0.1,0.0,1.1,,,,,,,,,,,73.2,,66.27906976744187,25.6,6-6,229,78
1628379,Luke Kennard,LAC,9,24.3,10.0,2.9,2.6,3.6,7.0,2.7,5.1,0.2,0.4,february,2021-22,14.3,14.7,69.5,9.8,31.6,1.1,2.17,23.0,0.1,0.0,0.3,,24.5,9.1,,,32.0,7.9,5.8,11.6,,69.6,,72.85714285714285,24.3,6-5,206,77
1630191,Isaiah Stewart,DET,12,28.2,9.8,10.5,0.9,4.3,8.7,0.1,0.3,1.3,1.7,february,2021-22,15.1,4.9,52.3,10.0,37.8,1.0,1.56,21.3,2.6,1.8,8.8,,10.3,,13.9,10.3,23.9,,19.2,,11.8,56.4,,3.4482758620689653,28.2,6-8,250,80
203210,JaMychal Green,DEN,11,17.5,9.8,4.5,1.0,3.3,6.1,0.9,2.4,2.4,2.6,february,2021-22,19.5,9.2,67.7,12.9,22.5,0.5,1.32,13.9,1.1,0.4,3.5,,,,,,,,,,,60.0,,39.34426229508197,17.5,6-8,227,80
203200,Justin Holiday,SAC,10,30.7,9.8,2.0,1.9,3.4,9.4,2.5,6.5,0.5,0.6,february,2021-22,15.0,7.8,50.7,3.8,34.3,0.8,1.44,27.8,0.3,0.0,1.0,,,,,,,,,,,68.1,,69.14893617021276,30.7,6-6,180,78
201145,Jeff Green,DEN,12,21.8,9.8,2.8,1.4,3.2,6.6,0.7,2.6,2.8,3.0,february,2021-22,17.0,8.9,61.7,8.2,23.2,0.7,1.78,16.3,1.1,1.0,2.5,,,,,,,,,,,67.5,,39.3939393939394,21.8,6-8,235,80
1630533,Ziaire Williams,MEM,10,24.8,9.7,2.3,0.9,3.9,6.7,1.5,3.3,0.4,0.7,february,2021-22,11.8,4.3,69.2,6.7,19.0,0.6,1.96,11.9,0.5,0.0,1.2,,22.1,3.7,,,48.3,9.7,6.0,,,65.9,,49.25373134328358,24.8,6-9,185,81
1628962,Udoka Azubuike,UTA,6,20.3,9.7,8.3,0.0,4.5,5.8,0.0,0.0,0.7,1.2,february,2021-22,16.0,0.0,76.2,14.2,17.8,0.4,1.38,11.2,0.8,0.3,7.3,,,,,,,,,,,48.3,,0.0,20.3,7-0,270,84
1630578,Alperen Sengun,HOU,10,22.2,9.6,5.8,2.7,3.5,7.3,0.6,2.2,2.0,2.8,february,2021-22,20.4,20.0,56.3,10.1,40.9,1.4,2.13,27.5,2.8,3.2,4.1,14.9,13.5,5.2,9.2,21.7,11.8,,9.1,,7.4,59.3,,30.136986301369866,22.2,6-10,243,82
1629130,Duncan Robinson,MIA,11,24.7,9.5,2.0,2.1,3.1,8.5,2.6,7.5,0.7,0.7,february,2021-22,17.3,12.5,54.4,5.6,34.9,0.9,1.62,28.3,0.5,0.0,0.7,,18.5,7.9,4.3,,31.2,11.7,,18.8,,75.0,,88.23529411764706,24.7,6-7,215,79
1629684,Grant Williams,BOS,11,26.7,9.5,2.6,1.5,3.3,6.2,1.7,3.5,1.3,1.3,february,2021-22,11.9,7.5,70.8,7.1,24.4,0.7,1.61,14.5,0.3,0.3,1.4,,,,,,38.2,,,,,60.0,,56.4516129032258,26.7,6-6,236,78
1630231,KJ Martin,HOU,10,22.3,9.5,3.6,0.8,3.8,7.5,0.9,2.1,1.0,1.5,february,2021-22,16.7,5.5,58.2,7.9,33.7,0.9,1.58,20.7,1.4,0.4,3.4,,,,,,,,,,,74.2,,28.000000000000004,22.3,6-5,215,77
1626168,Trey Lyles,SAC,10,15.1,9.5,3.7,0.5,3.6,6.2,0.7,1.8,1.6,2.1,february,2021-22,21.6,6.0,66.7,13.3,25.2,0.8,1.97,15.9,1.0,0.6,1.7,,,,,,,,,,,50.0,,29.03225806451613,15.1,6-9,234,81
201143,Al Horford,BOS,10,27.9,9.3,8.9,3.2,3.8,7.2,1.2,3.6,0.5,0.6,february,2021-22,13.2,14.2,62.3,14.7,42.0,1.1,1.61,22.6,1.4,1.1,2.5,,15.0,,12.2,8.9,40.0,,7.8,5.6,,43.5,,50.0,27.9,6-9,240,81
203090,Maurice Harkless,SAC,9,24.2,9.2,3.7,0.7,3.4,6.4,1.3,3.4,1.0,1.2,february,2021-22,14.2,3.6,66.0,7.7,22.3,0.6,1.66,12.9,0.3,0.3,2.0,,,,,,,,,,,60.9,,53.125,24.2,6-7,220,79
203500,Steven Adams,MEM,10,27.7,9.2,12.3,4.8,3.9,6.1,0.0,0.0,1.4,3.0,february,2021-22,12.6,20.2,62.0,12.7,37.6,1.1,1.79,23.6,4.7,1.4,7.9,,4.9,,15.6,,,,23.9,,37.1,60.0,,0.0,27.7,6-11,265,83
1630166,Deni Avdija,WAS,11,28.0,9.2,7.0,1.8,3.3,7.6,1.0,3.3,1.6,1.8,february,2021-22,15.1,8.5,54.4,9.7,45.3,1.9,2.51,21.6,0.8,0.6,1.3,14.0,18.1,26.9,,3.1,19.0,4.8,4.0,4.7,1.7,60.0,,43.42105263157895,28.0,6-9,210,81
1627752,Taurean Prince,MIN,11,16.6,9.2,2.6,1.1,3.4,6.6,1.8,3.9,0.6,0.8,february,2021-22,19.4,8.9,65.6,10.0,20.0,0.6,1.94,11.0,0.3,0.0,0.9,,27.3,,,,54.5,,,,,75.0,,59.09090909090909,16.6,6-6,218,78
1628971,Bruce Brown,BKN,13,24.0,9.2,4.5,2.2,3.3,6.6,0.7,1.4,1.8,2.6,february,2021-22,14.5,13.0,58.9,10.5,39.8,1.9,2.79,17.6,1.0,0.0,2.4,4.1,22.3,15.7,,,22.3,3.8,13.0,,8.7,58.0,,21.21212121212121,24.0,6-4,202,76
203503,Tony Snell,NOP,7,22.6,9.1,4.0,0.7,3.3,6.3,2.6,5.3,0.0,0.0,february,2021-22,12.7,4.6,72.7,9.7,31.7,0.8,1.52,15.6,0.6,0.0,0.9,,,,,,,,,,,40.0,,84.12698412698413,22.6,6-6,213,78
1628960,Grayson Allen,MIL,8,24.7,9.1,2.4,2.1,3.4,7.4,2.0,4.9,0.4,0.6,february,2021-22,13.4,9.9,59.6,7.0,25.1,0.8,1.8,17.6,0.5,0.0,1.8,2.8,17.5,24.2,4.0,,33.8,5.4,,7.0,,54.5,,66.21621621621621,24.7,6-4,198,76
1629026,Kenrich Williams,OKC,8,26.0,9.1,6.5,3.6,3.8,7.4,0.8,3.3,0.9,1.5,february,2021-22,15.3,23.0,56.8,12.8,44.1,1.7,2.27,30.4,1.1,0.5,3.4,,14.6,,,,42.3,,10.0,,7.7,62.9,,44.59459459459459,26.0,6-6,210,78
1626220,Royce O'Neale,UTA,9,30.7,9.1,3.3,2.7,3.2,6.2,1.9,4.6,0.8,0.8,february,2021-22,11.5,11.3,69.4,7.6,58.0,1.5,1.58,28.2,0.9,0.0,1.1,,26.0,8.3,2.7,,43.8,3.9,,3.6,,62.9,,74.19354838709677,30.7,6-5,226,77
203939,Dwight Powell,DAL,10,24.5,9.1,4.9,1.4,3.6,5.1,0.1,0.2,1.8,2.3,february,2021-22,13.2,8.2,74.4,9.0,33.5,0.9,1.54,21.0,1.8,0.2,7.2,,13.2,,12.1,,,,37.4,,,60.4,,3.921568627450981,24.5,6-10,240,82
203109,Jae Crowder,PHX,12,28.9,9.1,6.5,2.4,3.0,7.6,1.5,4.9,1.6,1.9,february,2021-22,13.3,9.6,53.9,8.7,42.4,1.0,1.37,18.5,0.3,0.1,1.2,,,,,,,,,,,68.1,,64.47368421052633,28.9,6-6,235,78
1630173,Precious Achiuwa,TOR,12,19.0,9.1,5.8,1.2,3.4,7.0,0.9,1.8,1.3,2.2,february,2021-22,19.3,8.9,57.1,11.5,26.9,0.9,2.1,14.8,1.0,0.4,3.4,,22.2,,13.5,,24.7,,12.0,,17.1,56.1,,25.71428571428572,19.0,6-8,225,80
202692,Alec Burks,NYK,10,26.7,9.0,5.4,2.7,2.6,7.3,0.9,3.2,2.9,3.5,february,2021-22,15.1,16.4,50.9,9.0,58.2,3.7,3.79,24.0,0.4,0.1,0.5,,,,,,,,,,,69.2,,43.83561643835617,26.7,6-6,214,78
1630538,Bones Hyland,DEN,12,18.0,8.9,3.0,2.6,2.9,8.0,1.7,4.9,1.4,1.7,february,2021-22,23.5,22.3,51.0,8.3,40.9,3.1,4.48,15.3,0.3,0.1,0.1,10.9,23.0,24.3,,,24.3,5.7,,5.7,,57.1,,61.25000000000001,18.0,6-2,169,74
201580,JaVale McGee,PHX,12,15.3,8.8,6.2,0.5,4.0,6.5,0.1,0.3,0.8,1.0,february,2021-22,21.9,4.8,63.6,14.6,24.2,0.6,1.47,11.9,2.7,0.8,5.6,,,,,,,,,,,55.3,,4.615384615384615,15.3,7-0,270,84
1629216,Gabe Vincent,MIA,11,26.3,8.8,2.1,3.5,3.1,7.8,1.6,5.1,1.0,1.1,february,2021-22,14.9,18.8,53.1,6.4,48.5,3.4,4.17,19.4,0.0,0.0,0.4,,14.9,14.9,,,38.6,,,13.2,,63.3,,65.38461538461539,26.3,6-3,200,75
1628449,Chris Boucher,TOR,12,20.0,8.8,5.6,0.3,3.0,5.4,0.5,1.6,2.3,2.8,february,2021-22,14.0,1.6,66.0,11.1,20.9,0.5,1.48,11.4,0.9,0.0,4.3,,,,,,,,,,,62.8,,29.629629629629626,20.0,6-9,200,81
1627745,Damian Jones,SAC,8,17.0,8.8,3.6,1.4,3.4,4.5,0.1,0.3,1.9,2.1,february,2021-22,15.7,12.9,80.5,14.5,24.5,0.7,1.64,15.0,2.5,0.4,4.4,,,,,,,,,,,64.7,,6.666666666666667,17.0,6-11,245,83
202355,Hassan Whiteside,UTA,8,21.5,8.8,11.1,0.6,3.4,4.9,0.0,0.0,2.0,2.9,february,2021-22,13.5,3.6,71.3,16.3,19.9,0.5,1.47,11.0,1.6,0.9,6.8,,,,,,,,,,,55.8,,0.0,21.5,7-0,265,84
1627777,Georges Niang,PHI,10,23.6,8.7,2.5,1.5,3.0,6.9,2.0,4.8,0.7,0.9,february,2021-22,15.4,9.5,59.6,5.2,37.9,1.0,1.55,22.1,0.1,0.1,0.3,,,,,,,,,,,54.5,,69.56521739130434,23.6,6-7,230,79
1628964,Mo Bamba,ORL,11,22.7,8.6,7.1,0.8,3.4,7.6,0.9,3.4,1.0,1.0,february,2021-22,16.4,5.1,53.5,8.6,34.2,0.9,1.62,17.5,0.7,0.3,3.9,,,,,,,,,,,67.7,,44.73684210526316,22.7,7-0,231,84
201988,Patty Mills,BKN,13,28.7,8.6,1.9,2.5,3.0,9.8,2.2,6.8,0.4,0.8,february,2021-22,16.1,12.4,42.6,3.5,38.1,1.8,2.82,22.2,0.1,0.0,0.2,,,,,,,,,,,62.9,,69.3877551020408,28.7,6-0,180,72
1629599,Amir Coffey,LAC,10,23.8,8.5,2.1,1.5,3.1,6.8,1.2,3.4,1.1,1.4,february,2021-22,15.6,8.7,57.3,5.7,28.4,1.4,2.94,18.8,0.4,0.0,0.1,,,,,,,,,,,57.1,,50.0,23.8,6-7,210,79
1628978,Donte DiVincenzo,SAC,10,21.8,8.5,3.2,2.7,2.9,7.4,1.6,5.0,1.1,1.4,february,2021-22,18.2,17.3,53.0,8.6,31.3,1.6,3.07,14.1,0.4,0.0,1.2,1.9,18.5,11.6,,,33.0,10.8,,14.6,3.0,69.0,,67.56756756756756,21.8,6-4,203,76
1630188,Jalen Smith,IND,12,17.1,8.5,4.8,0.8,3.2,5.9,1.2,2.8,1.0,1.3,february,2021-22,18.0,6.5,65.4,12.1,25.8,0.6,1.39,14.4,0.8,0.5,3.0,,21.0,,17.4,,29.0,,9.8,,10.1,61.4,,47.45762711864406,17.1,6-10,215,82
1630192,Zeke Nnaji,DEN,6,24.5,8.5,5.0,1.0,3.3,5.8,1.2,2.8,0.7,1.2,february,2021-22,13.8,6.0,67.0,7.1,24.5,0.5,1.22,14.0,0.5,0.0,3.7,,14.9,,16.3,,24.8,,22.7,,9.9,58.1,,48.275862068965516,24.5,6-9,240,81
1629676,Isaiah Roby,OKC,7,22.9,8.4,5.4,1.3,3.3,7.9,0.4,2.1,1.4,2.0,february,2021-22,17.2,8.6,48.2,6.7,37.7,0.8,1.33,23.3,2.1,0.3,4.6,,,,,,,,,,,57.1,,26.582278481012654,22.9,6-8,230,80
201949,James Johnson,BKN,12,24.1,8.4,3.8,2.8,3.4,7.8,0.6,2.6,1.0,1.4,february,2021-22,17.4,16.3,49.8,5.7,31.4,1.6,3.12,16.9,0.8,0.3,1.3,,,,,,,,,,,60.0,,33.333333333333336,24.1,6-7,240,79
203463,Ben McLemore,POR,10,23.2,8.4,2.2,1.3,2.9,9.5,1.7,7.2,0.9,1.1,february,2021-22,19.3,8.8,42.1,3.6,31.7,1.0,1.86,22.5,0.3,0.0,0.5,,,,,,,,,,,67.6,,75.78947368421053,23.2,6-3,195,75
203991,Clint Capela,ATL,10,23.9,8.4,11.2,1.1,3.8,5.9,0.0,0.0,0.8,1.4,february,2021-22,12.9,5.9,64.5,13.8,29.6,0.7,1.4,13.4,2.1,0.6,6.9,,,,22.1,,,,24.4,,36.6,53.1,,0.0,23.9,6-10,256,82
1628467,Maxi Kleber,DAL,8,26.5,8.4,6.4,1.4,2.9,6.5,1.4,4.4,1.3,1.8,february,2021-22,12.6,7.4,57.6,10.8,40.4,0.8,1.24,22.6,0.8,0.4,3.5,,,,,,,,,,,45.2,,67.6923076923077,26.5,6-10,240,82
1629655,Daniel Gafford,WAS,6,16.7,8.3,5.0,1.2,3.8,6.0,0.0,0.0,0.7,1.2,february,2021-22,18.1,11.3,64.0,11.7,24.2,0.7,1.62,16.8,1.3,0.5,6.7,,8.8,,19.9,11.0,,,20.4,,18.2,66.7,,0.0,16.7,6-9,234,81
1629659,Talen Horton-Tucker,LAL,9,25.4,8.3,3.7,3.6,2.9,6.4,1.3,3.3,1.2,1.6,february,2021-22,14.9,19.0,58.4,8.8,45.1,2.6,3.39,23.3,0.7,0.0,0.6,,,,,,,,,,,57.1,,51.562499999999986,25.4,6-4,234,76
1626145,Tyus Jones,MEM,10,18.0,8.3,1.1,3.9,3.5,8.2,0.7,2.9,0.6,0.9,february,2021-22,19.3,30.2,48.3,11.4,39.1,3.4,5.2,16.0,0.1,0.0,0.1,,17.2,23.8,,,41.7,,,,,73.3,,35.36585365853659,18.0,6-0,196,72
202689,Kemba Walker,NYK,7,22.5,8.3,1.9,4.1,2.7,7.6,1.3,4.3,1.6,1.6,february,2021-22,17.0,25.0,50.1,7.8,53.0,3.8,4.29,21.6,0.0,0.0,0.0,,,,,,,,,,,95.0,,56.57894736842105,22.5,6-0,184,72
2730,Dwight Howard,LAL,5,16.3,8.2,8.6,0.6,3.0,5.4,0.0,0.0,2.2,3.2,february,2021-22,18.8,6.1,60.2,18.8,27.6,0.6,1.4,14.0,2.8,0.0,7.0,,,,,,,,,,,43.8,,0.0,16.3,6-10,265,82
201933,Blake Griffin,BKN,12,16.8,8.2,3.7,1.5,3.1,6.1,1.0,2.8,1.0,1.4,february,2021-22,19.8,15.3,60.9,10.8,28.8,1.1,2.19,17.9,1.8,1.0,2.4,,,,,,,,,,,81.8,,45.90163934426229,16.8,6-9,250,81
1629656,Quentin Grimes,NYK,7,24.3,8.1,3.1,0.7,2.9,6.7,2.0,5.3,0.4,0.9,february,2021-22,12.7,4.9,57.4,5.6,27.0,0.7,1.61,18.1,0.6,0.0,0.9,10.4,22.2,10.8,,,37.6,2.4,2.8,6.8,2.0,63.6,,79.1044776119403,24.3,6-4,210,76
201586,Serge Ibaka,MIL,7,23.1,8.1,6.3,0.9,3.4,6.6,0.6,2.0,0.7,1.0,february,2021-22,13.4,5.0,58.1,7.6,26.4,0.6,1.45,14.6,1.9,1.0,3.6,,,,,,,,,,,51.1,,30.303030303030305,23.1,6-10,235,82
1630200,Tre Jones,SAS,8,19.7,8.1,1.9,4.1,3.0,5.4,0.1,0.8,2.0,2.6,february,2021-22,15.0,30.3,62.2,11.6,45.8,3.7,4.86,13.8,0.6,0.0,0.8,4.8,22.7,32.0,,,22.7,4.5,3.0,,,66.7,,14.814814814814813,19.7,6-1,185,73
1628418,Thomas Bryant,WAS,10,18.6,8.1,4.3,1.2,3.3,6.1,0.4,1.6,1.1,1.1,february,2021-22,18.2,10.7,61.5,10.5,31.8,0.9,1.73,21.7,2.1,1.0,4.5,,,,,,,,,,,58.7,,26.229508196721312,18.6,6-10,248,82
1627814,Damion Lee,GSW,9,21.5,8.0,3.2,1.2,3.0,7.0,1.6,4.1,0.4,0.6,february,2021-22,14.9,7.9,55.2,8.5,31.4,1.2,2.24,20.2,0.6,0.0,0.8,,,,,,,,,,,66.7,,58.57142857142856,21.5,6-5,210,77
1630171,Isaac Okoro,CLE,10,30.8,8.0,2.9,1.8,2.6,5.6,0.9,2.0,1.9,2.3,february,2021-22,10.1,8.1,60.5,5.4,34.0,1.3,2.22,24.6,0.3,0.0,1.6,,25.9,,,,41.6,,10.8,,5.2,61.4,,35.714285714285715,30.8,6-5,225,77
1626172,Kevon Looney,GSW,10,22.9,8.0,7.8,2.6,3.4,5.5,0.0,0.0,1.2,2.5,february,2021-22,14.1,16.5,60.6,12.1,41.6,1.1,1.59,25.6,3.0,0.2,5.9,,,,19.3,,,,,,31.6,67.9,,0.0,22.9,6-9,222,81
1628997,Caleb Martin,MIA,6,21.6,7.8,3.8,1.5,3.0,5.7,0.7,2.0,1.2,1.5,february,2021-22,14.5,9.5,61.9,8.9,24.5,0.9,2.19,15.3,0.8,0.0,3.0,,32.5,7.9,,,35.7,,,,,62.5,,35.08771929824561,21.6,6-5,205,77
201152,Thaddeus Young,TOR,6,19.3,7.8,4.5,1.8,3.3,6.0,0.7,1.0,0.5,1.8,february,2021-22,17.1,14.9,57.5,9.4,35.7,1.1,1.93,23.3,2.3,1.0,5.2,,,,,,,,,,,90.0,,16.666666666666664,19.3,6-8,235,80
1628392,Isaiah Hartenstein,LAC,10,17.2,7.8,5.3,2.3,3.3,5.6,0.2,0.6,1.0,1.9,february,2021-22,19.4,19.5,60.6,12.9,32.8,1.2,2.13,21.5,3.6,1.2,6.2,,7.4,,19.9,5.6,,,40.3,,10.2,56.4,,10.714285714285715,17.2,7-0,250,84
1629651,Nic Claxton,BKN,5,15.3,7.8,4.4,0.6,3.4,5.2,0.0,0.0,1.0,2.2,february,2021-22,17.4,6.5,63.2,11.3,20.6,0.6,1.76,12.4,2.8,0.2,5.8,14.1,15.5,3.9,11.1,4.5,10.9,,15.5,,13.4,62.5,,0.0,15.3,6-11,215,83
1628984,Devonte' Graham,NOP,11,26.8,7.7,2.4,3.8,2.5,8.1,1.7,6.2,0.9,1.1,february,2021-22,15.6,19.4,45.1,5.8,56.6,3.4,3.65,25.7,0.1,0.0,0.5,,,,,,,,,,,60.0,,76.54320987654322,26.8,6-1,195,73
1628988,Aaron Holiday,PHX,9,19.2,7.7,1.8,2.9,3.0,6.0,0.9,2.1,0.8,1.1,february,2021-22,18.0,23.2,59.1,8.9,30.2,1.9,3.85,13.3,0.1,0.0,0.7,,18.5,18.5,,,42.5,,,,,70.0,,35.0,19.2,6-0,185,72
1630193,Immanuel Quickley,NYK,10,17.9,7.6,2.5,2.6,2.5,7.6,1.2,4.6,1.4,1.4,february,2021-22,21.7,24.8,46.3,4.8,39.4,3.0,4.6,15.4,0.2,0.0,0.5,6.1,28.1,20.9,,,25.4,6.4,1.9,4.1,1.4,66.7,,60.526315789473685,17.9,6-3,190,75
1630168,Onyeka Okongwu,ATL,10,18.7,7.6,4.3,1.5,3.1,4.1,0.0,0.0,1.4,1.9,february,2021-22,13.6,11.9,77.0,10.9,19.9,0.5,1.42,12.6,1.5,0.4,5.7,1.6,15.5,2.1,11.6,6.9,28.0,3.2,11.2,3.4,7.5,68.1,,0.0,18.7,6-8,240,80
1626192,Pat Connaughton,MIL,5,22.2,7.6,3.4,0.0,2.6,6.8,2.4,6.2,0.0,0.0,february,2021-22,12.9,0.0,55.9,5.9,27.4,0.6,1.36,14.6,0.2,0.0,0.2,,,,,,,,,,,61.9,,91.1764705882353,22.2,6-5,209,77
1629020,Jarred Vanderbilt,MIN,12,24.9,7.6,8.2,1.2,3.3,5.3,0.0,0.1,1.1,2.0,february,2021-22,11.6,6.5,61.9,10.4,30.2,0.7,1.48,11.6,1.9,0.0,5.9,,18.0,,,,32.3,,16.9,,14.3,60.8,,1.886792452830189,24.9,6-9,214,81
200765,Rajon Rondo,CLE,7,23.4,7.6,3.7,5.9,2.6,5.1,0.9,2.4,1.6,2.1,february,2021-22,14.7,37.6,62.2,12.7,57.7,4.5,4.72,19.7,0.3,0.0,0.6,,,,,,,,,,,83.3,,47.05882352941176,23.4,6-1,180,73
1630535,Greg Brown III,POR,9,17.9,7.6,3.8,0.4,2.6,6.0,0.6,2.1,1.9,2.6,february,2021-22,18.2,4.0,53.0,9.3,20.0,0.5,1.54,12.2,0.1,0.0,2.6,,,,,,,,,,,64.0,,35.0,17.9,6-7,206,79
1629011,Mitchell Robinson,NYK,9,27.4,7.6,10.1,0.3,3.4,5.2,0.0,0.0,0.7,1.6,february,2021-22,10.0,1.8,64.0,10.7,30.3,0.7,1.38,14.9,0.7,0.2,7.3,,,,11.7,,,,12.5,,52.3,53.7,,0.0,27.4,7-0,240,84
203083,Andre Drummond,BKN,10,19.0,7.5,8.6,2.9,3.2,6.0,0.0,0.1,1.1,2.4,february,2021-22,18.6,22.0,53.1,15.1,32.1,1.0,1.82,21.6,2.8,1.4,5.3,,5.2,,7.9,,17.0,,16.6,,38.9,55.0,,1.6666666666666667,19.0,6-10,279,82
202709,Cory Joseph,DET,12,27.9,7.5,3.2,3.8,2.8,6.9,0.9,2.5,0.9,0.9,february,2021-22,13.4,20.4,51.2,6.1,62.3,4.4,4.25,24.9,0.6,0.0,0.3,,,,,,,,,,,59.6,,36.231884057971016,27.9,6-3,200,75
203087,Jeremy Lamb,SAC,6,20.2,7.5,3.5,2.0,2.3,7.2,1.0,3.3,1.8,2.2,february,2021-22,18.1,13.0,46.2,8.7,27.2,1.1,2.41,15.7,0.2,0.0,0.3,,,,,,,,,,,72.7,,45.83333333333333,20.2,6-5,180,77
1629660,Ty Jerome,OKC,8,21.5,7.5,2.4,4.3,2.6,8.3,1.4,5.1,0.9,1.1,february,2021-22,18.5,35.4,42.9,7.5,49.4,3.0,3.66,29.1,0.1,0.0,0.4,,,,,,,,,,,69.0,,61.44578313253011,21.5,6-5,195,77
202397,Ish Smith,WAS,9,18.5,7.4,2.4,4.1,3.6,7.3,0.3,1.1,0.0,0.1,february,2021-22,19.9,33.6,50.4,10.8,47.3,3.7,4.67,19.1,0.2,0.0,0.7,,,,,,,,,,,76.5,,15.068493150684933,18.5,6-0,175,72
1629164,Brandon Goodwin,CLE,8,23.4,7.4,3.6,5.3,2.6,7.4,1.1,3.5,1.0,1.1,february,2021-22,17.5,33.3,46.9,10.5,62.9,5.4,5.11,25.0,0.3,0.0,0.6,,,,,,,,,,,57.1,,47.2972972972973,23.4,6-0,180,72
203496,Robert Covington,LAC,10,21.7,7.3,5.8,1.9,2.5,6.2,1.1,3.8,1.2,1.5,february,2021-22,15.2,11.5,53.2,10.2,34.3,1.0,1.69,14.6,0.4,0.2,1.6,,,,,,,,,,,50.0,,61.29032258064515,21.7,6-7,209,79
1629670,Jordan Nwora,MIL,8,18.7,7.3,2.6,1.0,2.9,7.6,1.3,3.8,0.3,0.3,february,2021-22,18.9,7.5,46.9,4.4,22.9,0.9,2.29,15.6,0.1,0.0,0.5,,,,,,,,,,,69.2,,50.0,18.7,6-8,225,80
1626196,Josh Richardson,SAS,7,20.1,7.1,2.9,1.7,2.1,5.9,1.6,3.3,1.3,1.4,february,2021-22,14.7,11.0,55.1,8.0,33.0,1.2,2.27,19.3,0.3,0.0,1.1,,,,,,,,,,,46.7,,55.932203389830505,20.1,6-5,200,77
1630613,Duane Washington Jr.,IND,11,19.1,7.1,1.9,1.8,2.6,7.9,1.1,3.7,0.7,1.0,february,2021-22,19.9,13.4,42.5,3.9,24.9,1.2,2.79,15.1,0.5,0.0,0.5,,,,,,,,,,,72.0,,46.835443037974684,19.1,6-3,197,75
1628998,Cody Martin,CHA,6,21.5,7.0,2.8,1.7,2.8,5.7,0.5,2.0,0.8,1.2,february,2021-22,15.0,12.5,56.6,7.8,27.3,1.2,2.65,16.0,0.3,0.0,0.5,,,,,,,,,,,55.0,,35.08771929824561,21.5,6-6,205,78
1630177,Theo Maledon,OKC,11,16.4,7.0,1.5,1.7,2.5,6.3,1.1,2.7,1.0,1.3,february,2021-22,20.2,15.7,51.2,6.6,34.5,1.7,2.91,18.3,0.1,0.0,0.3,,,,,,,,,,,63.6,,42.85714285714286,16.4,6-4,175,76
1630631,Jose Alvarado,NOP,10,15.8,6.9,1.6,2.9,2.7,5.7,0.7,2.3,0.8,0.8,february,2021-22,20.1,25.7,57.0,9.9,36.7,2.8,4.52,16.6,0.3,0.0,0.7,4.2,20.0,27.3,,,30.0,3.8,3.8,,,76.5,,40.35087719298245,15.8,6-0,179,72
1630235,Trent Forrest,UTA,9,20.7,6.9,2.4,4.0,2.8,5.1,0.2,1.1,1.1,1.2,february,2021-22,14.0,23.7,61.0,10.5,39.1,3.1,4.75,17.7,0.8,0.0,0.8,,,,,,,,,,,73.9,,21.568627450980397,20.7,6-4,210,76
200782,P.J. Tucker,MIA,11,28.3,6.8,5.1,1.9,2.7,5.6,0.8,2.4,0.5,0.8,february,2021-22,10.7,9.4,56.9,7.5,31.0,0.9,1.69,17.1,0.3,0.5,2.5,,,,,,,,,,,56.0,,42.85714285714286,28.3,6-5,245,77
202684,Tristan Thompson,CHI,7,16.0,6.7,4.1,0.4,2.6,4.6,0.0,0.0,1.6,3.4,february,2021-22,18.2,3.8,55.2,7.5,20.0,0.7,2.13,12.0,2.9,0.9,3.9,,,,,,,,,,,61.5,,0.0,16.0,6-9,254,81
1628470,Torrey Craig,PHX,10,25.4,6.7,5.7,1.1,2.6,6.7,1.1,3.6,0.4,0.9,february,2021-22,13.2,5.8,47.2,6.0,32.5,1.1,2.02,16.4,0.5,0.0,2.0,,,,,,,,,,,56.8,,53.73134328358209,25.4,6-7,221,79
201959,Taj Gibson,NYK,6,18.9,6.7,5.0,0.5,2.7,4.2,0.7,1.2,0.7,0.7,february,2021-22,10.6,3.8,74.7,8.3,29.3,0.6,1.29,14.3,1.8,0.0,4.0,,,,,,,,,,,59.1,,28.57142857142857,18.9,6-9,232,81
1630570,Trendon Watford,POR,10,19.0,6.6,4.6,1.3,2.5,4.2,0.1,0.4,1.5,1.9,february,2021-22,13.4,11.8,65.5,8.9,34.1,1.2,2.03,15.5,3.1,0.5,2.4,7.8,20.2,,,,24.8,,,,,59.1,,9.523809523809524,19.0,6-8,237,80
203490,Otto Porter Jr.,GSW,7,18.7,6.6,5.0,1.0,2.4,5.3,0.6,2.4,1.1,1.1,february,2021-22,13.6,8.3,56.8,11.8,31.9,1.0,1.8,17.0,1.0,0.4,2.6,,,,,,,,,,,72.7,,45.28301886792453,18.7,6-8,198,80
1630559,Austin Reaves,LAL,9,22.8,6.6,2.0,1.2,2.3,4.3,0.7,2.4,1.2,1.6,february,2021-22,10.1,7.7,65.3,7.4,29.9,1.2,2.44,16.9,0.3,0.0,0.9,13.5,15.8,35.6,,,14.0,5.6,,5.6,,63.2,,55.81395348837209,22.8,6-5,197,77
1629622,Max Strus,MIA,9,20.5,6.6,1.4,1.1,2.2,5.7,1.9,5.0,0.2,0.3,february,2021-22,14.8,7.8,56.4,4.6,28.8,0.7,1.44,18.1,0.2,0.0,0.6,,,,,,,,,,,61.9,,87.71929824561403,20.5,6-5,215,77
1627788,Furkan Korkmaz,PHI,8,19.2,6.5,2.5,1.5,2.1,5.1,1.0,2.5,1.3,1.8,february,2021-22,15.0,12.1,55.1,7.4,24.4,1.1,2.63,14.8,0.1,0.0,0.5,,,,,,,,,,,62.5,,49.01960784313726,19.2,6-7,202,79
1630528,Josh Christopher,HOU,10,16.8,6.5,2.8,1.7,2.4,7.0,0.8,3.0,0.9,1.1,february,2021-22,20.0,15.3,43.4,6.0,34.3,2.2,3.8,15.9,0.4,0.0,1.4,,,,,,,,,,,84.0,,42.857142857142854,16.8,6-3,215,75
203482,Kelly Olynyk,DET,12,17.5,6.4,4.4,2.8,2.3,6.7,0.9,2.8,1.0,1.0,february,2021-22,19.8,22.8,45.1,7.1,39.6,1.4,2.08,23.4,1.7,0.8,3.8,,,,,,,,,,,60.5,,41.7910447761194,17.5,6-11,240,83
201587,Nicolas Batum,LAC,10,22.5,6.3,4.1,1.3,2.5,6.1,1.3,3.6,0.0,0.0,february,2021-22,12.2,7.5,51.6,8.1,34.3,0.8,1.48,21.2,1.1,0.3,1.1,,14.2,,,,68.9,,,,,60.0,,59.01639344262296,22.5,6-8,230,80
1629048,Goga Bitadze,IND,8,17.4,6.3,2.9,1.8,2.4,4.6,0.5,1.3,1.0,1.9,february,2021-22,16.4,13.5,57.3,5.3,28.8,0.7,1.53,19.8,2.8,0.8,4.4,,10.8,,15.0,,,,26.9,,27.5,65.0,,28.260869565217394,17.4,7-0,250,84
1630541,Moses Moody,GSW,8,18.1,6.3,2.8,0.3,2.0,5.3,1.6,3.9,0.6,0.8,february,2021-22,14.1,1.9,56.0,5.4,18.1,0.7,2.24,14.1,0.3,0.0,0.8,4.9,19.0,5.4,,,40.4,5.2,3.7,13.1,3.2,75.0,,73.58490566037736,18.1,6-5,211,77
1628975,Jevon Carter,MIL,11,15.3,6.2,1.9,1.4,2.0,5.5,1.5,3.9,0.6,0.7,february,2021-22,17.3,12.9,53.5,6.8,28.7,1.6,3.33,13.2,0.0,0.0,0.1,,21.5,17.2,,,45.2,,,,,55.0,,70.9090909090909,15.3,6-1,200,73
202324,Derrick Favors,OKC,7,19.3,6.0,4.6,0.1,2.7,4.1,0.0,0.4,0.6,0.7,february,2021-22,10.3,1.0,67.3,8.4,20.9,0.4,1.08,15.6,1.9,0.1,3.4,,,,,,,,,,,69.6,,9.756097560975611,19.3,6-9,265,81
203486,Mason Plumlee,CHA,12,25.6,5.9,10.1,3.5,2.3,3.9,0.0,0.1,1.3,3.1,february,2021-22,11.1,18.3,56.1,10.1,42.0,1.4,1.96,25.2,3.1,1.0,7.2,,,,,,,,,,,57.0,,2.5641025641025643,25.6,6-11,254,83
1629604,CJ Elleby,POR,10,27.5,5.9,5.4,1.8,2.3,6.9,0.4,2.4,0.9,1.2,february,2021-22,12.7,8.7,39.7,4.3,29.9,1.1,2.2,18.0,0.2,0.0,2.5,,,,,,,,,,,51.1,,34.78260869565217,27.5,6-6,200,78
1629731,Dean Wade,CLE,10,19.3,5.9,2.6,0.9,2.0,4.2,1.2,3.1,0.7,0.9,february,2021-22,10.8,6.8,64.2,7.7,25.1,0.7,1.73,16.9,0.2,0.0,0.8,,28.1,,5.0,,46.7,,12.1,,,46.9,,73.80952380952381,19.3,6-9,228,81
1629680,Matisse Thybulle,PHI,9,27.4,5.9,2.6,1.3,2.2,4.6,0.6,2.4,0.9,1.2,february,2021-22,9.3,7.3,57.8,5.7,23.0,0.5,1.29,14.6,0.0,0.0,2.6,,,,,,,,,,,50.0,,52.17391304347826,27.4,6-5,201,77
1626169,Stanley Johnson,LAL,9,19.4,5.9,3.0,1.4,2.3,5.1,0.3,1.3,0.9,1.4,february,2021-22,14.3,9.9,51.2,5.5,26.4,0.8,1.72,14.7,1.0,0.0,1.8,,,,,,,,,,,58.1,,25.490196078431378,19.4,6-6,242,78
203082,Terrence Ross,ORL,11,19.5,5.7,1.9,1.5,2.4,6.3,0.8,3.2,0.2,0.3,february,2021-22,15.1,10.5,44.8,5.0,21.9,0.9,2.41,15.7,0.1,0.0,0.4,,,,,,,,,,,78.6,,50.793650793650805,19.5,6-6,206,78
203937,Kyle Anderson,MEM,10,19.2,5.6,5.7,2.9,2.3,5.4,0.1,0.5,0.9,1.6,february,2021-22,13.8,15.7,45.9,8.7,25.6,1.0,2.28,12.9,0.8,0.0,2.2,12.6,16.5,7.9,,,17.3,,14.2,,8.7,52.0,,9.25925925925926,19.2,6-9,230,81
1630598,Aaron Wiggins,OKC,7,24.1,5.6,3.1,0.9,2.1,5.6,0.6,2.3,0.7,0.9,february,2021-22,11.1,4.8,46.8,3.0,19.1,0.6,1.84,13.1,0.1,0.0,1.1,6.3,22.9,8.6,,,44.9,,3.3,4.0,,60.0,,41.07142857142857,24.1,6-4,190,76
1626158,Richaun Holmes,SAC,7,18.7,5.6,3.9,1.0,2.1,4.6,0.0,0.1,1.3,1.6,february,2021-22,15.8,7.5,52.9,4.8,23.0,0.6,1.6,13.3,1.9,1.4,5.0,,,,,,,,,,,64.5,,2.173913043478261,18.7,6-10,235,82
1630264,Anthony Gill,WAS,8,15.0,5.5,2.1,0.8,2.0,3.6,0.3,0.6,1.3,2.1,february,2021-22,15.1,6.9,60.3,4.3,17.1,0.5,1.69,14.3,1.8,0.3,3.4,,,,,,,,,,,46.7,,16.666666666666664,15.0,6-7,230,79
1628380,Zach Collins,SAS,8,16.3,5.5,5.1,1.9,2.1,4.9,0.4,1.4,0.9,1.3,february,2021-22,19.0,15.3,50.7,7.7,27.3,0.9,1.94,18.4,2.9,2.1,4.1,,,,24.7,,25.9,,19.8,,,51.6,,28.57142857142857,16.3,6-11,250,83
1630563,Joshua Primo,SAS,10,19.2,5.4,2.0,1.8,1.7,5.5,0.7,3.0,1.3,1.8,february,2021-22,15.1,12.9,42.9,2.7,24.8,1.1,2.71,14.4,0.5,0.0,1.2,,,,,,,,,,,57.4,,54.54545454545454,19.2,6-4,189,76
1630165,Killian Hayes,DET,12,21.2,5.3,2.8,4.8,2.4,5.8,0.2,1.5,0.3,0.8,february,2021-22,16.2,31.4,43.9,4.6,50.8,3.8,4.49,17.6,0.2,0.0,0.6,,,,,,,,,,,55.3,,25.862068965517242,21.2,6-5,195,77
1627761,DeAndre' Bembry,MIL,7,19.3,5.3,2.9,1.3,2.3,4.1,0.3,0.7,0.4,0.6,february,2021-22,10.3,9.5,60.1,6.2,20.3,0.8,2.29,10.4,0.4,0.0,2.0,,,,,,,,,,,75.0,,17.073170731707318,19.3,6-5,210,77
1628372,Dennis Smith Jr.,POR,5,19.2,5.2,2.6,4.8,1.8,4.8,0.0,0.0,1.6,3.0,february,2021-22,15.7,36.9,42.5,9.7,43.6,3.4,4.67,15.6,0.4,0.0,1.4,,,,,,,,,,,28.6,,0.0,19.2,6-2,205,74
202340,Avery Bradley,LAL,6,23.3,5.2,1.8,0.7,1.8,5.0,1.5,3.8,0.0,0.0,february,2021-22,11.6,3.8,51.7,2.3,20.8,0.6,1.63,14.2,0.5,0.0,1.3,,,,,,,,,,,77.8,,76.0,23.3,6-3,180,75
1629003,Shake Milton,PHI,6,17.4,5.0,3.0,2.7,1.8,5.8,0.0,1.3,1.3,1.3,february,2021-22,18.5,26.7,38.9,6.1,34.5,2.6,4.45,16.2,0.2,0.0,0.5,,,,,,,,,,,58.3,,22.413793103448278,17.4,6-5,205,77
2772,Trevor Ariza,LAL,8,19.5,4.6,3.3,0.8,1.5,4.1,0.9,3.1,0.8,1.4,february,2021-22,11.0,5.2,48.9,6.0,23.8,0.6,1.58,14.1,0.0,0.0,0.4,,,,,,,,,,,57.9,,75.60975609756099,19.5,6-8,215,80
1629723,John Konchar,MEM,9,17.9,4.6,4.0,1.0,1.6,3.4,1.1,2.4,0.3,0.7,february,2021-22,8.5,7.3,60.9,8.2,19.8,0.6,1.77,10.8,0.2,0.0,1.3,,34.2,,,,42.5,,,,,45.7,,70.58823529411765,17.9,6-5,210,77
203085,Austin Rivers,DEN,11,20.2,4.5,1.9,1.5,1.8,4.5,0.8,2.7,0.1,0.2,february,2021-22,11.3,10.4,49.1,4.6,23.3,1.0,2.69,14.6,0.4,0.0,0.5,,,,,,,,,,,62.5,,60.00000000000001,20.2,6-4,200,76
1630556,Kessler Edwards,BKN,13,19.9,4.5,3.8,0.5,1.7,5.3,0.8,3.0,0.3,0.3,february,2021-22,13.2,3.8,41.7,3.1,25.8,0.6,1.49,9.8,0.5,0.0,1.3,,,,,,,,,,,70.6,,56.60377358490566,19.9,6-7,203,79
1627780,Gary Payton II,GSW,10,16.8,4.4,2.0,0.9,1.8,3.7,0.6,1.8,0.2,0.4,february,2021-22,11.9,7.3,56.8,6.9,23.1,0.6,1.63,12.7,1.0,0.6,1.4,,14.6,,9.3,,21.5,,29.8,,9.8,60.0,,48.648648648648646,16.8,6-3,195,75
201980,Danny Green,PHI,10,21.2,4.3,1.8,0.8,1.6,4.7,1.1,3.7,0.0,0.0,february,2021-22,11.3,5.1,45.7,1.7,25.4,0.6,1.43,15.3,0.0,0.0,0.2,,,,,,,,,,,65.7,,78.72340425531915,21.2,6-6,215,78
1626153,Delon Wright,ATL,10,17.9,4.3,3.4,1.6,1.7,3.5,0.5,1.5,0.4,0.4,february,2021-22,9.8,12.2,58.5,10.1,27.0,2.0,4.34,9.3,0.0,0.0,0.5,,,,,,,,,,,78.9,,42.857142857142854,17.9,6-5,185,77
1626208,Keifer Sykes,IND,7,16.6,4.3,1.9,1.6,1.6,6.3,0.9,3.1,0.3,0.4,february,2021-22,18.3,13.9,33.1,1.4,30.4,1.9,3.65,16.1,0.4,0.0,0.0,,,,,,,,,,,62.5,,49.20634920634921,16.6,5-11,167,71
1628972,Troy Brown Jr.,CHI,13,20.2,4.2,4.2,0.6,1.6,4.7,0.8,2.5,0.2,0.2,february,2021-22,10.2,3.7,43.3,5.5,23.3,0.7,1.77,11.4,0.6,0.0,1.2,,,,,,,,,,,63.8,,53.191489361702125,20.2,6-6,215,78
1629162,Jordan McLaughlin,MIN,12,16.5,4.1,2.3,4.3,1.6,3.4,0.3,1.4,0.6,0.7,february,2021-22,9.9,29.5,55.0,10.2,33.6,2.2,4.02,11.2,0.4,0.0,1.2,,,,,,,,,,,56.5,,41.17647058823529,16.5,5-11,185,71
1627884,Derrick Jones Jr.,CHI,6,20.2,4.0,4.2,0.7,1.5,3.8,0.2,0.8,0.8,1.5,february,2021-22,10.5,3.8,44.5,3.0,14.7,0.3,1.38,6.2,0.5,0.0,2.3,,18.3,,,,46.0,,13.5,,7.9,75.0,,21.05263157894737,20.2,6-6,210,78
1630249,Vít Krejčí,OKC,6,15.1,3.7,1.8,1.2,1.5,3.5,0.3,1.8,0.3,0.3,february,2021-22,11.5,9.6,50.3,3.9,11.3,0.4,1.97,7.0,0.2,0.0,0.5,,19.7,8.4,5.3,,33.4,12.5,,12.2,,76.9,,51.42857142857144,15.1,6-8,195,80
1630182,Josh Green,DAL,10,18.6,3.6,3.4,1.3,1.5,3.9,0.3,1.2,0.3,0.4,february,2021-22,10.9,9.8,44.2,6.3,19.4,0.7,2.1,11.3,0.2,0.0,1.1,,28.0,,,,61.3,,,,,50.0,,30.76923076923077,18.6,6-5,200,77
202083,Wesley Matthews,MIL,9,17.3,2.0,1.6,0.7,0.7,3.1,0.4,2.6,0.2,0.2,february,2021-22,8.8,4.9,31.2,-0.2,14.9,0.4,1.47,9.9,0.1,0.0,0.4,,,,,,,,,,,47.6,,83.87096774193549,17.3,6-4,220,76
2544,LeBron James,LAL,12,38.8,34.3,9.2,6.1,12.9,24.1,3.4,8.8,5.1,6.8,march,2021-22,34.1,27.4,63.5,17.7,83.7,5.9,4.26,40.2,3.3,3.8,4.7,12.8,24.5,12.5,3.1,12.1,12.6,,5.7,7.5,1.9,53.7,,36.51452282157677,38.8,6-9,250,81
203507,Giannis Antetokounmpo,MIL,12,33.9,33.3,12.8,4.8,11.7,19.8,0.8,2.8,9.1,12.9,march,2021-22,35.0,24.8,65.4,20.7,77.6,4.5,3.51,34.1,3.2,4.4,8.3,10.9,26.0,7.7,6.4,20.2,6.1,,7.9,,8.9,62.5,,14.14141414141414,33.9,6-11,242,83
1628369,Jayson Tatum,BOS,13,36.9,32.8,6.6,4.9,11.4,21.2,4.2,9.5,5.8,6.5,march,2021-22,31.7,22.3,68.4,18.8,76.1,5.2,4.1,43.2,2.6,1.1,3.3,,,,,,,,,,,61.7,,44.81132075471698,36.9,6-8,210,80
1628368,De'Aaron Fox,SAC,8,39.4,30.9,4.3,7.4,11.9,23.8,2.8,6.9,4.4,5.8,march,2021-22,31.3,31.6,58.7,13.7,101.6,7.9,4.66,41.6,0.4,0.5,0.4,10.1,22.8,29.1,,,18.1,6.4,2.0,3.7,1.7,67.4,,28.991596638655466,39.4,6-3,185,75
201142,Kevin Durant,BKN,14,37.9,30.6,7.1,7.3,10.6,20.4,2.4,6.1,7.0,7.4,march,2021-22,31.4,28.4,64.7,17.3,76.9,4.8,3.72,42.1,4.4,2.6,1.6,20.8,13.5,18.4,1.7,7.3,15.2,7.5,2.3,7.5,1.1,56.7,,29.901960784313726,37.9,6-10,240,82
203954,Joel Embiid,PHI,15,35.5,30.5,12.6,3.6,9.6,20.0,1.3,3.7,10.0,12.1,march,2021-22,36.9,20.8,60.3,19.9,77.2,3.2,2.5,50.9,5.9,9.0,6.6,12.3,7.0,,22.0,21.7,12.9,2.3,6.6,1.8,7.1,55.3,,18.5,35.5,7-0,280,84
1626164,Devin Booker,PHX,11,34.9,30.1,4.3,6.1,10.5,20.1,2.8,6.8,6.2,7.1,march,2021-22,30.0,23.8,64.8,15.7,58.6,4.9,5.01,32.9,1.3,0.5,1.3,14.0,15.7,33.1,1.8,3.8,9.5,7.5,1.6,7.5,1.7,50.7,,33.830845771144276,34.9,6-5,206,77
202681,Kyrie Irving,BKN,9,37.7,30.0,3.2,6.1,10.2,20.6,4.4,9.2,5.1,5.7,march,2021-22,27.8,23.5,65.1,14.4,80.3,5.6,4.19,33.9,0.7,0.4,0.9,,,,,,,,,,,57.8,,44.66019417475727,37.7,6-2,195,74
203999,Nikola Jokić,DEN,15,34.0,29.9,12.7,7.9,11.1,17.8,0.6,2.6,7.1,8.5,march,2021-22,32.3,39.7,69.4,23.0,99.2,4.5,2.74,53.6,9.1,12.1,9.1,5.3,10.1,9.7,13.0,22.8,9.0,,7.3,5.3,9.3,63.5,,14.606741573033707,34.0,6-11,284,83
1629029,Luka Dončić,DAL,14,35.9,29.9,9.2,7.8,10.5,21.5,3.9,9.9,5.0,6.9,march,2021-22,35.8,41.4,61.0,19.8,89.0,9.7,6.54,34.7,0.3,2.4,0.9,16.0,14.3,36.3,,7.6,8.7,2.3,1.3,7.4,1.7,65.5,,46.04651162790698,35.9,6-7,230,79
1629027,Trae Young,ATL,16,35.9,29.4,3.3,10.5,9.1,19.4,3.6,9.1,7.6,8.1,march,2021-22,31.1,46.9,63.8,17.3,85.1,9.1,6.43,26.3,0.3,0.0,0.9,12.0,20.4,39.3,,,8.4,10.5,,,,68.1,,46.90721649484536,35.9,6-1,164,73
1627742,Brandon Ingram,NOP,5,31.1,29.0,6.2,6.4,10.4,17.6,1.2,3.4,7.0,8.2,march,2021-22,33.1,32.0,68.4,21.4,65.6,4.0,3.63,41.4,1.8,0.8,0.6,13.8,16.6,16.2,,7.7,18.3,5.8,4.3,12.1,2.4,56.5,,19.318181818181817,31.1,6-8,190,80
1628983,Shai Gilgeous-Alexander,OKC,10,34.9,29.0,5.8,7.5,10.5,20.2,1.7,4.3,6.3,7.6,march,2021-22,31.5,34.9,61.6,15.2,86.1,8.0,5.61,30.5,0.2,0.5,0.7,26.3,14.1,37.3,,4.7,6.2,2.1,3.3,1.6,,70.7,,21.287128712871286,34.9,6-6,180,78
201942,DeMar DeRozan,CHI,14,38.1,27.6,5.6,4.9,10.1,21.6,0.7,2.0,6.7,7.3,march,2021-22,31.3,21.4,55.6,13.4,64.1,5.5,5.16,36.1,1.9,1.9,1.1,19.9,10.0,17.6,1.7,12.0,19.1,6.1,3.9,4.6,1.7,66.1,,9.25925925925926,38.1,6-6,220,78
1629630,Ja Morant,MEM,7,33.0,27.4,4.7,7.1,9.9,21.4,1.4,4.6,6.3,7.7,march,2021-22,33.5,34.7,55.2,14.6,76.9,7.4,5.78,30.0,0.6,0.4,1.9,14.1,19.6,40.4,,,11.0,5.0,2.4,,,62.9,,21.49532710280374,33.0,6-3,174,75
1628378,Donovan Mitchell,UTA,16,34.3,26.6,4.1,6.0,9.4,21.2,3.8,10.8,4.0,5.0,march,2021-22,34.0,31.2,56.9,13.4,73.1,7.0,5.77,30.7,0.1,0.0,0.8,11.4,22.8,34.1,1.5,,11.4,6.9,1.9,3.8,1.6,74.5,,50.943396226415096,34.3,6-1,215,73
1627783,Pascal Siakam,TOR,16,38.6,25.9,8.1,5.3,9.8,18.8,1.4,3.4,4.9,6.4,march,2021-22,26.8,21.7,59.9,15.0,83.0,5.8,4.17,41.8,1.8,2.1,3.9,13.3,20.6,13.9,6.5,11.3,16.2,3.0,3.2,4.0,5.0,54.2,,18.085106382978722,38.6,6-8,230,80
1627749,Dejounte Murray,SAS,13,35.9,25.6,8.8,8.6,9.2,19.5,2.0,5.5,5.2,6.2,march,2021-22,29.2,39.2,57.5,18.7,91.2,7.9,5.18,31.6,0.9,0.2,1.8,,,,,,,,,,,63.4,,28.205128205128204,35.9,6-4,180,76
1629673,Jordan Poole,GSW,16,34.0,25.4,3.9,4.9,8.7,17.6,4.2,9.4,3.9,4.3,march,2021-22,27.2,23.1,65.4,13.7,77.6,5.7,4.41,34.0,0.2,0.1,0.7,7.9,19.9,30.6,,,14.3,12.9,,5.4,,70.9,,53.40909090909091,34.0,6-4,194,76
1629636,Darius Garland,CLE,16,39.1,25.3,3.5,10.7,8.4,19.7,2.3,6.4,6.1,6.9,march,2021-22,30.1,42.9,55.6,13.7,91.9,9.0,5.88,32.6,1.1,0.1,1.4,6.7,16.2,41.8,,,17.1,5.4,3.1,2.9,,62.9,,32.487309644670056,39.1,6-1,192,73
1626157,Karl-Anthony Towns,MIN,15,30.9,25.2,10.5,2.7,8.3,14.7,1.6,3.9,6.9,8.3,march,2021-22,28.8,13.9,68.8,17.6,54.2,2.0,2.25,37.7,3.7,4.7,4.0,10.0,15.2,1.6,13.8,11.1,19.9,1.9,5.9,2.3,12.6,67.4,,26.53061224489796,30.9,6-11,248,83
203468,CJ McCollum,NOP,13,34.9,24.8,4.2,6.8,9.8,19.9,2.5,7.0,2.7,4.1,march,2021-22,28.8,29.6,57.0,13.6,76.4,6.0,4.71,34.4,1.2,0.0,0.7,8.8,18.2,31.4,,,17.8,9.7,,6.3,,68.0,,35.175879396984925,34.9,6-3,190,75
203897,Zach LaVine,CHI,14,36.1,24.7,4.0,4.8,7.7,16.9,2.6,6.9,6.7,8.4,march,2021-22,28.1,20.8,60.2,12.6,61.1,4.4,4.35,31.5,1.1,0.4,1.1,9.3,23.5,19.5,4.0,,22.7,6.3,3.4,8.5,,62.7,,40.828402366863905,36.1,6-5,200,77
1629628,RJ Barrett,NYK,16,39.2,24.6,6.4,3.6,8.3,20.8,1.9,6.0,6.1,7.7,march,2021-22,28.7,15.5,50.9,10.7,68.6,4.0,3.47,40.7,0.8,1.2,1.8,2.7,28.5,18.0,,2.4,23.8,6.6,7.3,3.4,3.4,70.3,,28.846153846153843,39.2,6-6,214,78
201939,Stephen Curry,GSW,8,33.1,24.0,5.0,4.8,8.4,16.3,3.6,8.8,3.6,3.6,march,2021-22,27.0,22.8,67.2,15.2,73.9,5.4,4.35,26.5,0.8,0.0,0.3,10.1,13.8,21.1,,,11.6,12.0,7.0,18.0,1.3,65.6,,53.987730061349694,33.1,6-2,185,74
203114,Khris Middleton,MIL,12,33.7,23.5,5.7,5.9,8.1,17.4,3.2,7.0,4.2,4.5,march,2021-22,26.4,26.1,60.6,13.3,69.4,4.5,3.91,34.3,0.7,1.4,1.1,6.1,15.3,22.7,,13.6,16.6,5.8,,6.4,5.8,70.8,,40.229885057471265,33.7,6-7,222,79
1630595,Cade Cunningham,DET,14,36.6,22.9,5.9,7.0,9.3,19.4,1.6,4.9,2.7,3.3,march,2021-22,29.2,30.7,54.9,12.7,86.2,7.0,4.9,32.0,0.9,0.9,1.6,11.5,17.5,38.7,,3.5,8.5,8.4,1.6,4.4,1.3,61.2,,25.257731958762893,36.6,6-6,220,78
1627759,Jaylen Brown,BOS,12,31.9,22.5,5.4,3.0,8.5,17.3,2.3,6.1,3.2,4.3,march,2021-22,29.4,14.6,58.5,12.3,55.3,3.1,3.38,34.2,1.3,1.5,2.7,20.6,20.4,22.2,1.8,4.7,13.0,4.1,1.1,7.4,1.8,63.0,,35.26011560693642,31.9,6-6,223,78
203944,Julius Randle,NYK,13,33.6,22.3,8.9,4.5,7.7,19.5,2.0,6.0,4.9,6.7,march,2021-22,31.2,22.9,49.8,12.8,71.9,3.9,3.25,45.4,2.7,4.1,2.3,15.8,16.5,9.4,7.3,10.1,21.1,2.4,5.0,3.2,5.4,61.2,,30.76923076923077,33.6,6-8,250,80
1627763,Malcolm Brogdon,IND,6,35.4,22.2,5.2,6.2,7.7,17.5,1.2,4.3,5.7,6.8,march,2021-22,25.3,26.6,54.0,11.5,73.5,5.5,4.46,35.8,0.7,0.0,1.8,,,,,,,,,,,54.8,,24.57142857142857,35.4,6-5,229,77
1629639,Tyler Herro,MIA,13,32.3,22.2,5.0,3.8,7.9,16.5,2.8,6.5,3.5,3.8,march,2021-22,27.1,20.9,61.1,15.8,66.8,4.9,4.41,31.1,0.5,0.1,0.7,13.3,27.7,13.9,,,32.4,,,5.8,,72.2,,39.39393939393939,32.3,6-5,195,77
201935,James Harden,PHI,14,37.7,21.9,7.3,9.0,5.6,14.2,2.1,6.7,8.7,9.9,march,2021-22,25.6,37.5,59.0,15.1,85.6,8.7,6.09,31.4,0.1,0.4,0.5,42.5,13.1,25.0,,1.3,7.5,4.6,,,,64.8,,47.183098591549296,37.7,6-5,220,77
1628970,Miles Bridges,CHA,14,34.6,21.9,6.5,4.6,8.1,15.4,2.5,6.1,3.1,3.9,march,2021-22,23.7,19.5,64.2,13.6,58.1,2.4,2.48,37.9,1.3,0.6,2.6,9.0,16.5,14.9,7.4,4.9,29.8,7.2,3.2,,2.1,65.9,,39.6103896103896,34.6,6-7,225,79
204001,Kristaps Porziņģis,WAS,13,28.0,21.8,8.3,3.1,7.0,14.8,1.4,4.5,6.5,7.5,march,2021-22,31.4,18.0,60.3,15.9,61.7,1.9,1.86,41.2,5.2,5.9,7.2,,14.6,,11.3,24.3,17.4,,7.7,10.5,6.1,57.4,,30.405405405405407,28.0,7-3,240,87
1630217,Desmond Bane,MEM,14,29.2,21.1,4.6,3.7,7.6,15.3,3.8,7.3,2.0,2.3,march,2021-22,23.3,17.6,64.7,15.4,60.6,3.0,2.97,30.1,0.6,0.0,1.2,7.0,19.3,25.5,,,17.4,7.4,4.1,9.1,3.8,53.7,,47.71241830065359,29.2,6-5,215,77
1626179,Terry Rozier,CHA,14,34.1,21.0,4.4,4.4,7.5,16.1,3.6,8.4,2.4,2.4,march,2021-22,23.8,18.2,61.3,12.1,71.2,4.2,3.55,38.5,0.5,0.0,0.8,,,,,,,,,,,78.9,,52.17391304347826,34.1,6-1,190,73
202691,Klay Thompson,GSW,12,34.0,20.9,4.0,2.4,8.3,20.5,3.6,10.4,0.8,1.0,march,2021-22,27.3,12.0,49.9,8.8,51.1,1.9,2.24,39.2,0.8,1.4,1.1,,19.2,7.1,,,25.9,12.2,2.8,26.3,,61.4,,50.73170731707317,34.0,6-6,220,78
1630224,Jalen Green,HOU,17,33.5,20.8,3.6,3.4,7.9,16.4,2.9,7.4,2.1,2.8,march,2021-22,24.7,16.0,59.1,10.9,54.8,3.4,3.72,32.0,0.4,0.0,1.6,,,,,,,,,,,68.0,,45.121951219512205,33.5,6-4,186,76
1628404,Josh Hart,POR,8,31.2,20.5,5.4,4.4,7.3,15.0,2.5,6.5,3.5,4.5,march,2021-22,24.7,22.9,60.4,13.8,56.8,3.5,3.7,29.1,0.6,0.1,1.4,,21.0,10.3,,,45.6,4.0,4.6,,,60.5,,43.333333333333336,31.2,6-5,215,77
1630163,LaMelo Ball,CHA,14,31.2,20.5,5.6,7.9,7.2,15.9,3.4,8.2,2.7,3.0,march,2021-22,26.9,34.6,59.4,13.9,84.0,6.0,4.29,35.4,0.4,0.0,1.1,12.2,12.8,39.4,1.6,,19.4,6.5,,1.7,2.0,58.6,,51.57232704402516,31.2,6-7,180,79
202711,Bojan Bogdanovic,UTA,7,29.3,20.4,4.0,2.3,6.6,13.6,4.4,9.4,2.9,3.4,march,2021-22,24.9,11.2,67.7,12.3,38.3,1.3,1.96,25.0,0.6,1.4,1.4,,,,,,,,,,,62.5,,69.11764705882354,29.3,6-7,226,79
203924,Jerami Grant,DET,11,31.1,20.4,3.8,2.2,6.6,13.8,2.5,5.5,4.6,5.6,march,2021-22,24.5,11.3,62.5,13.1,54.8,2.1,2.28,35.9,0.7,2.1,0.8,10.7,16.2,13.9,2.2,2.0,35.4,4.8,4.6,4.2,2.4,65.1,,39.85507246376812,31.1,6-8,210,80
201950,Jrue Holiday,MIL,13,34.9,20.3,4.2,7.2,7.6,16.1,2.2,5.6,2.8,3.5,march,2021-22,24.6,28.7,57.7,12.1,72.1,6.1,5.09,23.0,0.8,2.2,2.2,10.1,20.5,26.3,,3.6,20.5,,4.3,,,52.7,,34.782608695652165,34.9,6-3,205,75
1629640,Keldon Johnson,SAS,13,33.1,20.0,6.7,2.8,7.5,16.2,2.5,7.5,2.5,3.3,march,2021-22,23.2,12.4,56.8,11.9,58.0,2.0,2.12,31.6,0.4,0.3,2.5,3.9,20.0,2.8,,4.4,32.0,7.4,9.2,,10.9,54.1,,46.2962962962963,33.1,6-6,220,78
1626174,Christian Wood,HOU,12,30.5,19.6,9.8,2.8,6.6,11.2,2.4,5.2,4.0,5.4,march,2021-22,22.2,15.1,72.3,18.2,57.5,2.4,2.48,29.9,1.9,1.4,4.3,,,,,,,,,,,59.8,,46.42857142857144,30.5,6-9,214,81
202710,Jimmy Butler III,MIA,11,32.5,19.5,4.6,4.4,6.5,13.6,0.6,2.4,6.0,7.1,march,2021-22,25.1,22.1,58.3,13.9,62.1,4.6,4.47,36.8,2.1,3.5,4.9,17.7,17.2,13.1,2.7,6.1,14.0,1.7,12.1,2.4,7.9,48.6,,17.647058823529413,32.5,6-7,230,79
1628389,Bam Adebayo,MIA,15,31.2,19.3,10.3,3.1,7.5,12.3,0.0,0.1,4.4,5.7,march,2021-22,24.6,16.4,65.2,17.1,65.8,3.0,2.78,37.3,5.2,4.0,7.0,8.0,20.2,,9.1,11.3,30.1,,7.1,2.4,6.5,55.2,,0.8130081300813007,31.2,6-9,255,81
1629028,Deandre Ayton,PHX,15,30.3,19.3,10.5,1.3,8.7,13.7,0.1,0.4,1.8,2.1,march,2021-22,22.6,6.1,66.1,14.9,42.6,1.1,1.59,24.5,5.7,2.5,10.8,,9.8,,28.6,9.5,2.9,,26.3,,13.6,64.3,,2.9197080291970807,30.3,6-11,250,83
1630162,Anthony Edwards,MIN,11,33.2,19.2,5.0,4.1,6.9,15.1,3.3,7.5,2.1,2.4,march,2021-22,23.4,18.8,59.5,11.4,58.5,3.9,4.02,28.5,0.9,0.2,0.5,23.4,15.7,23.5,,4.9,12.9,7.3,2.0,4.8,1.2,50.0,,49.66887417218543,33.2,6-4,225,76
202696,Nikola Vučević,CHI,14,32.7,19.1,9.9,2.1,8.1,15.6,1.6,4.0,1.3,1.8,march,2021-22,24.6,11.3,58.5,14.1,61.2,1.6,1.61,41.6,7.2,5.6,5.9,,12.5,,28.8,16.1,15.2,,10.0,3.6,7.6,72.1,,25.641025641025646,32.7,6-10,260,82
1627734,Domantas Sabonis,SAC,8,34.2,19.1,11.6,5.8,6.6,12.9,0.3,1.1,5.6,7.3,march,2021-22,24.1,27.5,59.5,14.4,82.9,3.7,2.68,50.9,8.9,6.0,7.8,,9.0,,28.5,13.1,9.0,,14.9,,10.9,69.4,,8.527131782945736,34.2,6-11,240,83
202704,Reggie Jackson,LAC,13,32.4,19.1,4.2,5.8,7.2,18.5,2.5,6.7,2.2,2.4,march,2021-22,29.7,29.3,48.7,9.4,77.2,7.7,5.99,25.5,0.2,0.2,0.8,,,,,,,,,,,61.5,,36.21621621621622,32.4,6-2,208,74
1628976,Wendell Carter Jr.,ORL,9,32.4,19.0,11.6,3.2,7.6,13.7,1.0,3.0,2.9,4.6,march,2021-22,23.7,17.1,60.6,15.7,61.3,2.0,1.97,40.0,6.6,2.7,7.0,,10.9,,19.2,3.2,26.2,,17.1,,12.7,53.2,,21.897810218978105,32.4,6-10,270,82
201566,Russell Westbrook,LAL,16,34.3,18.6,6.8,6.4,7.1,15.3,1.0,3.4,3.4,5.0,march,2021-22,25.0,27.1,53.2,10.8,73.5,6.1,4.95,29.0,0.8,1.9,2.9,13.4,18.3,25.8,,5.1,26.7,,2.2,,2.8,69.0,,22.22222222222222,34.3,6-3,200,75
202685,Jonas Valančiūnas,NOP,15,28.9,18.5,11.7,2.8,7.5,13.5,0.5,1.9,3.0,3.5,march,2021-22,25.4,14.1,61.5,16.0,66.8,2.1,1.92,40.9,4.3,5.3,8.0,,,,22.1,29.7,4.2,,13.7,,16.0,62.8,,14.074074074074073,28.9,6-11,265,83
203992,Bogdan Bogdanović,ATL,16,30.3,18.4,3.8,3.2,6.4,15.0,2.8,8.3,2.7,2.9,march,2021-22,24.9,15.9,56.5,10.8,48.2,2.4,2.97,30.8,0.3,0.6,0.8,,12.2,34.4,,,24.4,,,,,67.1,,55.333333333333336,30.3,6-6,225,78
1628969,Mikal Bridges,PHX,15,38.4,18.3,4.3,2.7,6.8,12.8,2.0,4.5,2.7,3.3,march,2021-22,16.9,8.8,64.2,9.9,43.0,1.3,1.81,28.1,1.4,0.2,2.4,2.3,25.3,9.1,3.4,2.3,36.2,6.3,5.0,4.8,2.7,65.9,,35.15625,38.4,6-6,209,78
1629018,Gary Trent Jr.,TOR,13,35.2,18.2,3.2,2.4,5.4,15.5,2.6,8.1,4.8,5.3,march,2021-22,21.6,9.5,51.0,7.9,46.4,2.2,2.87,34.5,0.5,0.0,0.7,,18.3,6.4,,,48.6,9.0,,6.8,,64.5,,52.25806451612903,35.2,6-5,209,77
203903,Jordan Clarkson,UTA,17,29.6,18.1,3.5,2.3,6.9,15.1,2.1,6.6,2.3,2.9,march,2021-22,26.2,12.4,55.3,9.8,40.8,2.6,3.83,25.1,0.4,0.1,0.7,5.2,25.6,12.3,,,36.0,7.8,4.2,,3.9,68.8,,43.70860927152318,29.6,6-4,194,76
1628398,Kyle Kuzma,WAS,9,32.7,18.1,6.3,6.0,6.8,15.9,1.7,6.0,2.9,4.0,march,2021-22,28.0,28.9,51.3,10.0,65.9,3.7,3.41,39.1,1.6,1.8,2.3,5.1,27.3,5.3,8.7,2.8,27.5,4.1,8.5,,4.9,53.3,,37.73584905660377,32.7,6-9,221,81
203915,Spencer Dinwiddie,DAL,14,31.3,18.1,3.6,4.4,5.8,12.4,2.0,5.4,4.5,5.9,march,2021-22,23.0,22.7,60.5,12.8,53.1,4.2,4.74,26.7,0.6,0.4,0.3,,,,,,,,,,,65.5,,43.54838709677419,31.3,6-6,215,78
1630180,Saddiq Bey,DET,16,34.3,17.9,4.8,3.2,5.9,14.2,2.9,8.3,3.1,3.9,march,2021-22,21.1,14.1,56.1,11.1,51.1,1.9,2.28,37.9,0.8,0.9,1.1,6.5,19.0,7.8,2.2,13.8,28.5,6.0,4.9,1.9,6.7,63.2,,58.450704225352126,34.3,6-7,215,79
1627741,Buddy Hield,IND,14,34.5,17.3,4.6,4.7,6.5,15.1,2.9,7.9,1.4,1.6,march,2021-22,21.6,19.3,54.8,8.6,69.6,3.5,2.98,39.1,0.2,0.0,0.8,,23.1,4.8,,,34.0,5.4,5.4,12.2,3.7,64.8,,52.317880794701985,34.5,6-4,220,76
1628415,Dillon Brooks,MEM,8,26.7,17.3,3.1,2.1,7.0,15.9,1.1,4.5,2.1,3.1,march,2021-22,26.8,10.7,50.0,7.3,42.8,2.1,2.94,28.3,0.8,0.8,1.4,9.3,14.6,19.9,1.5,9.9,31.8,2.8,1.7,2.8,2.4,54.8,,28.30188679245283,26.7,6-7,225,79
1630178,Tyrese Maxey,PHI,16,35.9,17.2,2.5,3.4,6.2,12.8,2.3,5.3,2.5,3.1,march,2021-22,18.7,15.8,61.0,9.2,66.4,4.3,3.91,29.7,0.0,0.0,0.1,14.5,21.9,26.2,1.3,1.4,14.3,6.7,3.0,5.4,,69.0,,41.40624999999999,35.9,6-2,200,74
1628973,Jalen Brunson,DAL,14,31.9,17.1,4.3,3.1,6.5,13.1,1.3,3.5,2.8,3.0,march,2021-22,22.3,15.4,59.3,12.0,59.3,4.5,4.56,25.3,0.2,0.6,0.5,14.4,14.3,36.0,,3.3,16.4,5.6,1.9,2.5,,72.3,,26.717557251908396,31.9,6-1,190,73
1630567,Scottie Barnes,TOR,16,37.0,17.1,7.6,4.3,7.3,14.3,0.6,2.4,2.0,2.9,march,2021-22,19.8,18.1,54.8,12.2,76.6,4.2,3.31,35.2,2.2,1.8,6.0,7.9,21.7,13.1,5.7,10.7,19.7,2.2,9.3,1.5,5.0,62.4,,16.78321678321678,37.0,6-7,225,79
203484,Kentavious Caldwell-Pope,WAS,16,32.4,16.9,3.6,2.5,5.7,11.9,2.4,5.6,3.1,3.7,march,2021-22,20.0,11.5,62.2,9.8,49.9,2.1,2.54,34.9,1.3,0.0,1.2,3.1,24.1,18.1,,,33.7,5.9,,6.5,,68.5,,47.05882352941176,32.4,6-5,204,77
1629645,Kevin Porter Jr.,HOU,16,32.4,16.5,4.9,6.3,6.1,14.1,2.5,7.3,1.9,2.9,march,2021-22,23.5,30.0,53.6,10.4,72.5,6.0,4.96,29.6,0.4,0.1,0.8,9.8,13.6,45.2,,2.4,16.0,5.5,,,,70.2,,51.77304964539007,32.4,6-4,203,76
1628370,Malik Monk,LAL,16,30.6,16.2,3.4,3.5,6.3,12.7,2.6,6.6,1.1,1.4,march,2021-22,20.9,15.6,60.9,9.5,50.1,2.3,2.77,28.6,0.9,0.1,1.7,8.4,22.0,24.1,3.5,,25.5,6.7,,4.6,,70.3,,51.96850393700787,30.6,6-3,200,75
1630544,Tre Mann,OKC,12,31.1,15.9,4.9,2.6,5.8,14.4,2.6,7.2,1.7,1.8,march,2021-22,24.3,12.9,52.3,7.6,56.6,3.6,3.78,32.3,0.2,0.0,0.5,8.5,7.7,38.0,,,26.5,8.5,,,,63.5,,50.0,31.1,6-3,178,75
1628374,Lauri Markkanen,CLE,15,32.6,15.9,6.4,1.2,5.5,11.7,2.2,6.7,2.7,3.1,march,2021-22,19.0,5.4,60.8,9.8,42.0,1.2,1.75,25.7,1.3,1.2,3.9,4.0,15.6,3.0,8.3,5.7,12.8,7.5,10.6,20.7,7.0,66.3,,57.264957264957275,32.6,6-11,240,83
1630532,Franz Wagner,ORL,15,29.8,15.5,4.7,3.0,5.9,12.5,1.1,3.3,2.5,2.7,march,2021-22,21.1,15.8,56.4,11.0,42.4,2.0,2.86,30.9,1.3,0.3,2.0,7.6,20.4,22.9,2.9,6.9,16.6,3.2,6.7,3.6,4.4,50.0,,26.400000000000002,29.8,6-10,220,82
1628991,Jaren Jackson Jr.,MEM,13,24.8,15.5,4.8,1.3,5.2,12.1,1.5,4.3,3.5,3.8,march,2021-22,24.7,6.4,56.1,9.2,32.1,1.1,2.05,21.8,1.7,1.6,2.4,11.1,15.3,2.1,9.7,19.8,26.4,1.5,3.4,,3.9,47.8,,35.53719008264463,24.8,6-11,242,83
1628963,Marvin Bagley III,DET,14,28.6,15.4,7.2,1.3,6.5,11.5,0.5,2.1,1.9,3.1,march,2021-22,21.1,7.6,60.0,12.1,44.6,1.3,1.73,25.7,1.7,2.5,7.2,7.3,7.3,,21.6,5.7,8.9,,18.4,,23.8,67.1,,18.26086956521739,28.6,6-11,235,83
1630314,Brandon Williams,POR,15,30.2,15.4,3.7,4.1,5.5,14.3,1.5,5.5,2.9,4.3,march,2021-22,25.4,21.4,47.7,7.0,66.5,5.0,4.53,29.7,0.5,0.0,0.5,10.6,20.5,35.5,,,19.9,5.0,,,,60.0,,38.46153846153846,30.2,6-2,190,74
1630570,Trendon Watford,POR,13,31.5,15.4,6.7,3.4,5.8,11.7,0.6,2.1,3.1,3.9,march,2021-22,19.5,17.5,57.3,10.2,57.0,2.2,2.32,30.8,3.8,1.4,3.8,7.8,20.2,,,,24.8,,,,,64.9,,17.948717948717952,31.5,6-8,237,80
1630558,Davion Mitchell,SAC,14,31.6,15.4,2.2,4.8,6.4,13.6,1.5,4.4,1.1,1.5,march,2021-22,22.4,25.4,53.7,9.0,61.4,5.0,4.92,27.6,0.0,0.0,0.2,28.6,19.3,8.1,,,35.6,,,,,77.5,,32.35294117647059,31.6,6-0,202,72
1630596,Evan Mobley,CLE,14,33.2,15.4,8.6,2.4,6.5,12.3,0.3,1.3,2.1,3.5,march,2021-22,20.8,11.3,55.5,10.8,56.5,2.1,2.18,29.6,4.6,2.0,8.8,4.7,16.0,9.5,14.3,8.0,17.9,1.6,13.8,2.7,6.5,61.5,,10.56910569105691,33.2,6-11,215,83
1629647,Darius Bazley,OKC,13,29.8,15.3,5.3,1.8,5.6,11.2,1.8,5.5,2.3,3.4,march,2021-22,19.8,9.1,60.5,10.0,50.2,2.0,2.39,27.5,1.2,0.0,2.1,,,,,,,,,,,77.1,,49.10714285714286,29.8,6-8,208,80
203952,Andrew Wiggins,GSW,13,32.7,15.2,6.0,2.5,5.8,14.5,1.5,5.2,2.0,3.3,march,2021-22,23.0,11.7,47.6,7.0,50.0,2.4,2.9,32.1,1.0,1.8,3.2,10.9,22.1,7.6,,6.8,32.5,2.0,3.8,2.5,7.8,57.7,,35.86206896551724,32.7,6-7,197,79
202699,Tobias Harris,PHI,16,34.2,15.1,6.1,3.0,6.3,12.4,1.7,4.4,0.9,1.3,march,2021-22,18.0,14.5,58.5,10.5,52.5,2.4,2.79,31.4,0.9,2.1,2.0,4.2,17.9,6.8,,14.6,31.8,,6.3,3.0,6.3,74.0,,35.483870967741936,34.2,6-7,226,79
1629234,Drew Eubanks,POR,15,29.8,15.0,9.1,1.9,6.5,9.7,0.2,0.7,1.9,2.3,march,2021-22,16.9,10.4,69.7,13.8,46.3,1.4,1.87,27.9,4.5,1.1,8.6,,11.3,,36.6,,,,23.9,,8.5,64.4,,7.216494845360826,29.8,6-9,245,81
203084,Harrison Barnes,SAC,14,34.9,15.0,4.0,2.5,4.7,10.0,1.8,4.7,3.8,4.8,march,2021-22,16.6,10.3,62.0,8.7,46.1,1.8,2.29,29.4,1.6,1.5,2.0,8.0,18.8,3.3,5.0,2.5,43.8,4.8,,4.8,,64.7,,47.0,34.9,6-8,225,80
1630193,Immanuel Quickley,NYK,16,26.3,14.9,4.8,4.0,4.3,9.4,1.9,4.6,4.4,5.1,march,2021-22,20.3,24.6,63.9,16.6,59.6,5.2,5.25,23.3,0.3,0.0,0.4,6.1,28.1,20.9,,,25.4,6.4,1.9,4.1,1.4,58.0,,48.93617021276595,26.3,6-3,190,75
1627832,Fred VanVleet,TOR,10,36.1,14.8,4.7,5.4,5.0,13.9,2.3,8.1,2.5,3.0,march,2021-22,20.2,19.8,48.6,8.5,76.8,5.2,4.05,35.8,0.3,0.0,0.2,,,,,,,,,,,53.8,,58.273381294964025,36.1,6-1,197,73
1628971,Bruce Brown,BKN,15,31.8,14.7,5.5,3.7,5.7,10.5,0.9,2.1,2.4,3.2,march,2021-22,17.1,14.6,61.7,11.0,55.5,2.4,2.58,24.3,2.3,0.1,4.7,4.1,22.3,15.7,,,22.3,3.8,13.0,,8.7,58.0,,20.0,31.8,6-4,202,76
1630169,Tyrese Haliburton,IND,14,35.3,14.7,4.1,9.6,5.4,12.1,1.7,4.9,2.1,2.6,march,2021-22,19.1,36.3,55.6,11.0,87.9,6.6,4.53,33.8,0.4,0.0,0.7,,,,,,,,,,,67.9,,40.49586776859505,35.3,6-5,185,77
203932,Aaron Gordon,DEN,15,30.7,14.7,5.6,2.3,5.5,11.4,0.7,3.1,2.9,3.9,march,2021-22,20.3,10.3,56.0,7.7,42.5,1.9,2.75,27.6,1.6,1.4,6.5,16.0,13.0,10.4,5.9,11.2,15.4,,13.0,,5.3,57.6,,27.192982456140353,30.7,6-8,235,80
1629631,De'Andre Hunter,ATL,16,31.5,14.6,2.9,1.4,5.1,11.2,1.4,4.1,2.9,3.5,march,2021-22,19.0,6.4,57.2,6.8,33.4,1.2,2.16,21.9,0.7,0.4,1.5,7.5,18.2,13.3,2.6,,29.0,9.5,6.2,6.0,2.6,58.6,,36.607142857142854,31.5,6-8,221,80
203497,Rudy Gobert,UTA,15,32.2,14.5,14.0,0.9,5.1,6.9,0.0,0.0,4.3,5.9,march,2021-22,15.0,4.2,76.1,17.0,30.2,0.7,1.36,18.8,2.5,0.9,10.3,,12.6,,16.7,,,,28.5,,26.9,49.5,,0.0,32.2,7-1,258,85
1629048,Goga Bitadze,IND,10,23.7,14.5,6.2,2.0,5.4,9.0,1.2,2.7,2.5,3.2,march,2021-22,19.9,12.5,69.7,12.6,37.6,0.9,1.39,22.4,3.2,1.0,7.3,,10.8,,15.0,,,,26.9,,27.5,71.2,,30.000000000000004,23.7,7-0,250,84
1630538,Bones Hyland,DEN,15,21.9,14.3,3.0,4.3,4.5,8.9,2.6,5.5,2.7,3.3,march,2021-22,23.0,30.0,69.4,14.2,55.5,3.9,4.23,21.8,0.7,0.1,0.9,10.9,23.0,24.3,,,24.3,5.7,,5.7,,66.0,,61.79775280898876,21.9,6-2,169,74
1630175,Cole Anthony,ORL,15,30.3,14.3,4.6,5.7,4.5,11.9,1.9,5.3,3.3,3.9,march,2021-22,21.8,28.6,52.5,10.3,69.5,5.7,4.93,24.3,0.0,0.0,0.4,6.9,14.7,51.8,,,14.3,,,,,62.5,,44.53781512605042,30.3,6-3,185,75
202694,Marcus Morris Sr.,LAC,13,26.8,14.2,3.8,2.3,5.1,11.8,1.2,3.9,2.8,3.1,march,2021-22,23.1,13.7,53.6,9.5,34.0,1.5,2.64,24.4,1.3,2.5,0.8,,,,,,,,,,,63.9,,33.050847457627114,26.8,6-8,218,80
1629022,Lonnie Walker IV,SAS,9,22.7,14.1,2.0,1.7,4.8,11.6,2.3,6.3,2.2,3.1,march,2021-22,24.4,10.6,54.6,8.3,30.6,1.5,2.95,23.0,0.1,0.0,0.6,,,,,,,,,,,70.4,,54.310344827586206,22.7,6-4,204,76
203935,Marcus Smart,BOS,13,32.7,13.9,4.2,7.6,5.0,12.2,1.9,5.7,2.0,2.5,march,2021-22,22.0,31.2,52.5,10.2,74.0,5.1,4.17,29.4,0.5,0.3,0.8,4.2,18.4,15.1,5.0,,38.3,,,,,71.0,,46.72131147540984,32.7,6-4,220,76
202692,Alec Burks,NYK,16,33.5,13.9,6.2,3.9,4.3,10.7,2.6,6.3,2.6,3.2,march,2021-22,16.3,16.7,57.4,10.4,74.9,4.8,3.85,29.1,0.2,0.1,0.2,,,,,,,,,,,65.1,,58.8785046728972,33.5,6-6,214,78
1627827,Dorian Finney-Smith,DAL,15,34.5,13.9,4.5,1.7,5.3,10.2,2.9,6.8,0.5,0.9,march,2021-22,15.1,7.0,65.5,8.3,42.3,1.1,1.53,26.1,0.5,0.1,2.0,,,,,,,,,,,58.1,,66.66666666666667,34.5,6-7,220,79
1628989,Kevin Huerter,ATL,16,30.9,13.8,4.0,2.6,5.1,11.7,2.9,6.8,0.6,0.8,march,2021-22,18.3,11.3,57.1,7.4,42.3,1.8,2.59,25.1,0.8,0.0,0.9,,22.8,11.3,,,36.6,6.3,8.2,4.0,3.3,61.8,,58.119658119658126,30.9,6-7,198,79
1630188,Jalen Smith,IND,12,25.4,13.7,8.3,0.7,5.3,10.1,1.3,3.8,1.9,2.6,march,2021-22,19.3,3.8,60.9,12.7,39.5,1.0,1.53,21.2,2.0,1.2,5.3,,21.0,,17.4,,29.0,,9.8,,10.1,58.5,,37.62376237623762,25.4,6-10,215,82
203552,Seth Curry,BKN,11,29.7,13.6,1.9,1.9,4.9,10.2,3.0,6.4,0.8,0.9,march,2021-22,16.9,8.9,64.4,7.4,42.9,2.3,3.23,25.6,0.0,0.0,0.1,,,,,,,,,,,59.5,,62.7450980392157,29.7,6-2,185,74
1627747,Caris LeVert,CLE,10,27.6,13.5,4.1,3.3,5.2,11.9,1.2,3.4,1.9,2.7,march,2021-22,23.4,20.8,51.6,8.4,52.3,3.3,3.81,31.2,0.7,0.1,1.5,6.2,19.0,24.0,,,26.9,4.5,6.6,5.0,,82.1,,28.57142857142857,27.6,6-6,205,78
1627751,Jakob Poeltl,SAS,13,29.0,13.5,9.5,2.3,5.8,9.7,0.0,0.0,1.8,2.9,march,2021-22,18.0,11.9,61.3,11.8,56.9,1.6,1.64,33.3,5.2,3.6,9.7,,13.0,,16.7,,,,40.7,,14.8,54.7,,0.0,29.0,7-1,245,85
1629001,De'Anthony Melton,MEM,14,21.7,13.2,4.1,2.2,4.9,10.1,2.9,6.2,0.6,0.9,march,2021-22,21.6,14.4,63.2,12.3,42.4,2.0,2.8,20.6,0.4,0.0,0.6,,,,,,,,,,,69.7,,61.386138613861384,21.7,6-2,200,74
201568,Danilo Gallinari,ATL,13,29.4,13.2,5.2,2.3,4.9,11.2,1.6,5.2,1.7,1.8,march,2021-22,18.3,10.8,54.6,9.7,46.3,2.0,2.57,26.8,0.8,2.5,1.6,,,,,,,,,,,70.0,,46.42857142857144,29.4,6-10,236,82
203095,Evan Fournier,NYK,16,29.5,13.1,1.5,2.9,4.5,11.3,3.2,8.3,0.9,1.3,march,2021-22,18.5,14.7,55.2,6.2,37.4,1.5,2.47,28.3,0.3,0.0,0.4,,,,,,,,,,,66.1,,73.45132743362832,29.5,6-6,205,78
1630170,Devin Vassell,SAS,12,30.9,13.1,4.1,1.8,4.6,11.8,2.3,5.9,1.7,1.9,march,2021-22,17.8,8.3,51.9,7.2,40.2,1.4,2.08,28.9,0.6,0.0,1.1,2.7,22.2,11.5,,,35.3,10.7,,11.8,,62.3,,50.0,30.9,6-5,200,77
1626156,D'Angelo Russell,MIN,14,30.5,13.1,3.1,7.6,4.4,12.1,1.7,6.3,2.5,2.9,march,2021-22,21.1,32.2,48.9,9.1,69.6,4.6,4.0,31.3,0.7,0.4,0.6,8.7,15.5,36.2,,,20.8,7.9,,,,60.6,,52.066115702479344,30.5,6-4,193,76
203463,Ben McLemore,POR,14,22.0,13.0,1.6,0.6,4.1,10.2,2.6,7.5,2.3,2.6,march,2021-22,22.7,4.7,57.1,7.6,33.7,1.1,1.87,22.3,0.7,0.0,1.0,,,,,,,,,,,78.6,,73.52941176470588,22.0,6-3,195,75
1629676,Isaiah Roby,OKC,14,26.9,12.9,6.1,2.4,4.5,8.4,1.2,2.5,2.7,4.1,march,2021-22,17.4,13.5,63.7,10.2,48.9,1.3,1.62,29.6,2.3,0.1,5.4,,,,,,,,,,,62.7,,29.761904761904763,26.9,6-8,230,80
203083,Andre Drummond,BKN,13,23.5,12.8,9.8,1.2,5.2,7.9,0.0,0.0,2.3,4.2,march,2021-22,19.6,6.4,65.3,12.7,30.8,0.8,1.55,19.2,1.8,1.3,8.8,,5.2,,7.9,,17.0,,16.6,,38.9,68.9,,0.0,23.5,6-10,279,82
1629060,Rui Hachimura,WAS,16,24.3,12.8,4.3,1.0,5.2,9.8,1.5,3.4,0.9,1.2,march,2021-22,20.5,6.6,61.7,10.1,35.9,1.2,1.97,21.6,1.1,1.4,1.8,3.7,19.3,,3.1,9.5,40.5,,7.1,4.9,,63.8,,34.6938775510204,24.3,6-8,230,80
203115,Will Barton,DEN,13,31.2,12.7,4.7,3.9,4.8,11.5,1.9,5.8,1.2,1.5,march,2021-22,19.2,16.6,52.3,7.9,51.4,2.8,3.31,29.2,0.6,0.0,1.2,,,,,,,,,,,65.0,,50.43478260869565,31.2,6-5,181,77
2546,Carmelo Anthony,LAL,15,23.9,12.6,4.1,0.7,4.5,9.9,1.7,4.9,1.9,2.3,march,2021-22,20.0,4.3,58.0,8.0,28.7,0.9,1.9,18.5,0.6,2.5,2.0,,,,,,,,,,,60.0,,49.494949494949495,23.9,6-7,238,79
200768,Kyle Lowry,MIA,12,32.7,12.6,3.9,6.1,4.0,8.4,2.8,6.5,1.8,2.1,march,2021-22,15.3,27.1,67.4,10.4,76.9,4.4,3.47,35.2,0.5,0.1,0.8,,,,,,,,,,,66.0,,77.38095238095238,32.7,6-0,196,72
1627736,Malik Beasley,MIN,13,24.5,12.5,3.1,1.7,4.1,8.9,3.5,7.7,0.8,0.9,march,2021-22,16.0,8.7,67.2,10.4,30.2,1.0,1.91,19.3,0.2,0.0,0.3,,,,,,,,,,,63.6,,86.51685393258427,24.5,6-4,187,76
1626166,Cameron Payne,PHX,14,27.4,12.5,3.4,8.3,4.9,11.5,1.5,4.4,1.3,1.6,march,2021-22,21.5,36.7,51.1,10.9,66.8,6.2,5.54,20.9,0.4,0.0,0.3,,,,,,,,,,,72.7,,38.26086956521739,27.4,6-1,183,73
1626196,Josh Richardson,SAS,12,26.6,12.4,3.4,2.6,4.2,9.9,2.0,4.6,2.1,2.2,march,2021-22,18.5,13.1,57.1,8.8,43.1,1.9,2.62,24.9,0.8,0.2,1.3,,,,,,,,,,,58.1,,46.46464646464646,26.6,6-5,200,77
201144,Mike Conley,UTA,14,28.7,12.4,2.4,5.1,4.3,10.2,2.1,5.1,1.6,2.3,march,2021-22,18.7,27.3,55.1,9.9,63.4,5.2,4.96,28.3,0.1,0.0,0.4,,14.8,21.2,,,33.3,13.8,,5.8,,54.8,,50.0,28.7,6-1,175,73
1630197,Aleksej Pokusevski,OKC,15,29.1,12.2,7.3,4.1,4.6,11.0,1.4,4.7,1.6,2.1,march,2021-22,20.3,19.7,51.2,10.0,58.7,2.1,2.17,33.3,1.1,0.1,2.7,,,,,,,,,,,57.3,,42.727272727272734,29.1,7-0,190,84
1628420,Monte Morris,DEN,16,29.3,12.2,3.2,4.8,4.8,9.3,1.6,3.6,1.0,1.2,march,2021-22,15.9,22.3,62.0,10.3,59.5,3.9,3.98,30.5,0.9,0.0,1.1,,,,,,,,,,,67.3,,38.70967741935484,29.3,6-2,183,74
1630183,Jaden McDaniels,MIN,8,27.8,12.1,4.8,1.0,4.8,9.3,1.5,4.3,1.1,1.4,march,2021-22,16.3,5.0,61.5,7.6,35.0,1.0,1.71,16.5,0.5,0.0,3.0,2.3,27.6,10.3,,,36.8,5.2,5.0,3.2,3.9,51.4,,46.23655913978494,27.8,6-9,185,81
1630173,Precious Achiuwa,TOR,16,25.1,12.1,6.4,0.9,4.8,10.6,1.6,4.0,1.1,1.6,march,2021-22,21.0,6.1,53.8,9.6,32.9,1.2,2.1,21.6,0.7,0.6,3.6,,22.2,,13.5,,24.7,,12.0,,17.1,56.3,,37.735849056603776,25.1,6-8,225,80
1630613,Duane Washington Jr.,IND,12,21.4,12.1,1.4,1.8,4.4,9.8,2.0,4.8,1.3,1.7,march,2021-22,22.6,12.2,57.6,7.1,29.8,1.3,2.68,18.3,0.2,0.0,0.3,,,,,,,,,,,68.6,,48.979591836734684,21.4,6-3,197,75
1630228,Jonathan Kuminga,GSW,16,22.9,12.1,4.5,1.4,4.5,9.1,0.8,3.0,2.3,3.3,march,2021-22,22.5,9.1,57.5,9.1,36.3,1.5,2.54,20.9,0.9,1.4,2.4,12.6,17.4,21.1,,6.7,18.1,,9.6,,7.0,63.6,,32.967032967032964,22.9,6-7,225,79
1630598,Aaron Wiggins,OKC,11,30.4,12.0,3.8,2.3,4.5,9.8,1.2,3.5,1.9,2.4,march,2021-22,17.7,11.0,55.3,5.9,32.5,1.2,2.3,23.4,0.4,0.1,1.9,6.3,22.9,8.6,,,44.9,,3.3,4.0,,64.7,,35.71428571428571,30.4,6-4,190,76
203939,Dwight Powell,DAL,16,25.3,12.0,6.1,1.6,4.6,6.6,0.0,0.3,2.9,3.3,march,2021-22,14.9,9.4,74.2,12.1,37.9,0.9,1.45,20.3,2.2,0.3,8.3,,13.2,,12.1,,,,37.4,,,64.4,,4.545454545454546,25.3,6-10,240,82
1630557,Corey Kispert,WAS,16,31.3,11.9,2.4,1.3,4.4,9.1,2.4,6.2,0.6,0.8,march,2021-22,14.0,5.5,62.9,6.5,32.8,0.8,1.44,23.3,0.9,0.0,1.7,,19.0,9.5,,,34.1,11.9,,8.7,,60.3,,68.13186813186813,31.3,6-6,224,78
1629052,Oshae Brissett,IND,12,28.9,11.8,6.1,1.3,3.9,9.6,1.3,4.4,2.7,3.2,march,2021-22,16.8,6.1,53.9,7.4,42.7,1.2,1.74,25.0,0.8,0.0,3.3,,,,,,,,,,,69.0,,45.833333333333336,28.9,6-7,210,79
1626168,Trey Lyles,SAC,14,27.2,11.8,7.1,1.7,3.9,8.4,1.3,3.2,2.8,3.1,march,2021-22,16.4,8.8,60.5,11.2,39.3,1.3,2.01,20.9,0.4,1.9,2.5,,,,,,,,,,,64.2,,38.095238095238095,27.2,6-9,234,81
1627826,Ivica Zubac,LAC,14,24.9,11.7,9.2,2.1,4.7,8.8,0.0,0.0,2.3,2.6,march,2021-22,20.6,13.8,58.9,12.6,46.9,1.4,1.73,26.1,6.5,4.6,9.4,,5.5,,18.4,28.3,,,20.1,,20.3,64.9,,0.0,24.9,7-0,240,84
1628964,Mo Bamba,ORL,15,24.9,11.7,8.1,0.6,4.5,8.9,2.0,4.1,0.6,0.8,march,2021-22,17.1,3.6,63.3,11.9,35.7,0.9,1.52,18.1,0.7,0.2,4.3,,,,,,,,,,,50.6,,46.067415730337075,24.9,7-0,231,84
1629021,Moritz Wagner,ORL,13,20.1,11.5,6.6,1.9,3.9,8.5,1.2,4.1,2.5,2.9,march,2021-22,23.5,18.2,58.7,15.0,46.2,1.5,1.89,28.7,2.1,0.6,3.2,,,,,,,,,,,64.2,,48.23529411764705,20.1,6-11,245,83
1627752,Taurean Prince,MIN,15,20.7,11.4,3.3,0.9,4.0,8.9,1.9,4.9,1.5,2.0,march,2021-22,21.6,6.4,58.5,9.0,29.2,1.0,2.01,17.5,0.4,0.1,0.9,,27.3,,,,54.5,,,,,76.5,,55.0561797752809,20.7,6-6,218,78
1629023,P.J. Washington,CHA,14,31.4,11.3,4.4,3.1,4.6,9.1,1.7,4.9,0.4,0.6,march,2021-22,14.4,12.1,59.9,7.7,45.6,1.0,1.36,26.2,1.5,0.6,2.7,4.1,20.9,6.3,5.4,6.1,29.9,4.1,8.2,,6.8,65.8,,53.846153846153854,31.4,6-7,230,79
1630578,Alperen Sengun,HOU,16,23.8,11.3,6.9,2.3,4.2,9.4,0.6,2.3,2.3,3.4,march,2021-22,22.8,14.3,51.8,9.4,42.3,1.6,2.34,27.8,2.5,3.3,5.1,14.9,13.5,5.2,9.2,21.7,11.8,,9.1,,7.4,61.7,,24.468085106382976,23.8,6-10,243,82
203991,Clint Capela,ATL,17,26.7,11.2,11.1,1.2,5.1,7.9,0.0,0.0,0.9,1.9,march,2021-22,15.0,6.6,64.0,13.1,41.7,0.9,1.33,20.5,3.4,0.3,10.1,,,,22.1,,,,24.4,,36.6,61.9,,0.0,26.7,6-10,256,82
1626192,Pat Connaughton,MIL,6,21.1,11.2,3.8,1.2,3.5,7.8,2.2,6.3,2.0,2.3,march,2021-22,18.4,7.6,63.0,10.6,28.7,0.7,1.52,16.7,0.2,0.0,0.3,,,,,,,,,,,83.3,,80.76923076923077,21.1,6-5,209,77
1629611,Terance Mann,LAC,14,28.0,11.1,5.6,3.3,3.8,8.3,0.8,2.4,2.7,3.1,march,2021-22,17.1,17.2,57.4,10.1,49.0,3.6,4.44,19.9,0.6,0.2,2.2,3.7,22.0,17.9,,,28.9,4.4,6.6,,8.1,65.3,,28.915662650602407,28.0,6-5,215,77
1630177,Theo Maledon,OKC,15,24.0,11.1,4.3,3.8,3.7,8.9,1.3,4.2,2.3,3.0,march,2021-22,21.6,23.1,54.0,9.5,58.4,3.6,3.65,28.3,0.5,0.0,0.6,,,,,,,,,,,60.0,,47.19101123595505,24.0,6-4,175,76
1628379,Luke Kennard,LAC,14,26.4,11.0,2.6,1.3,3.7,8.4,2.4,5.2,1.1,1.1,march,2021-22,15.8,7.2,61.6,7.5,30.4,1.1,2.12,22.6,0.4,0.0,0.3,,24.5,9.1,,,32.0,7.9,5.8,11.6,,52.3,,61.904761904761905,26.4,6-5,206,77
203109,Jae Crowder,PHX,13,28.1,10.8,5.6,2.5,3.7,9.4,2.3,6.5,1.2,1.5,march,2021-22,16.5,10.8,53.9,8.0,53.4,1.4,1.55,22.8,1.2,0.0,0.8,,,,,,,,,,,70.8,,69.14893617021276,28.1,6-6,235,78
201567,Kevin Love,CLE,16,24.0,10.8,7.0,2.3,3.8,9.0,2.3,6.2,0.9,1.2,march,2021-22,19.6,14.8,56.4,11.2,41.5,1.3,1.82,22.8,0.5,1.1,2.2,,14.0,,14.6,,34.1,,6.7,,15.2,69.1,,68.88888888888889,24.0,6-8,251,80
1629013,Landry Shamet,PHX,15,23.8,10.7,1.3,1.7,3.5,7.7,2.5,5.5,1.1,1.5,march,2021-22,15.6,9.2,64.1,7.8,29.7,1.0,2.02,20.5,0.2,0.0,0.2,,22.7,,,,51.6,10.2,,,,47.5,,71.42857142857143,23.8,6-4,190,76
1627745,Damian Jones,SAC,11,23.9,10.7,5.1,1.5,4.3,6.4,0.3,0.8,1.9,3.0,march,2021-22,16.1,9.8,69.8,10.9,32.8,0.8,1.51,19.8,3.2,0.5,4.9,,,,,,,,,,,55.2,,12.5,23.9,6-11,245,83
1626147,Justin Anderson,IND,7,29.0,10.7,4.9,3.0,4.0,9.1,1.6,5.1,1.1,1.6,march,2021-22,15.7,14.2,54.5,8.5,42.4,1.3,1.79,27.9,0.6,0.0,0.9,,,,,,,,,,,64.7,,56.043956043956044,29.0,6-5,231,77
1626162,Kelly Oubre Jr.,CHA,14,19.5,10.6,3.4,0.9,3.9,8.9,1.8,5.1,1.0,1.6,march,2021-22,21.2,6.3,55.1,8.4,25.8,0.8,1.89,17.2,0.4,0.0,1.4,12.1,22.1,7.6,,,29.8,,5.9,,6.6,73.0,,57.30337078651685,19.5,6-6,203,78
203471,Dennis Schröder,HOU,10,25.3,10.6,2.7,4.9,3.5,8.2,1.4,3.5,2.2,2.5,march,2021-22,19.5,29.0,57.0,9.3,59.0,4.6,4.68,22.5,0.1,0.0,0.5,14.8,11.2,36.6,,,23.1,5.2,,,,57.1,,42.6829268292683,25.3,6-1,172,73
1628418,Thomas Bryant,WAS,5,18.2,10.6,4.4,1.2,3.6,5.6,0.4,1.4,3.0,3.2,march,2021-22,19.8,10.0,75.6,14.1,28.4,0.8,1.75,19.2,1.6,2.0,4.6,,,,,,,,,,,57.9,,25.0,18.2,6-10,248,82
1628449,Chris Boucher,TOR,16,24.2,10.6,7.8,0.1,4.1,8.8,0.9,3.3,1.5,1.9,march,2021-22,17.0,0.4,55.2,11.4,29.1,0.7,1.51,15.9,1.1,0.1,6.1,,,,,,,,,,,52.0,,37.49999999999999,24.2,6-9,200,81
1630543,Isaiah Jackson,IND,8,20.0,10.5,7.3,0.3,4.3,8.1,0.1,0.5,1.9,2.9,march,2021-22,22.3,1.8,55.9,8.9,28.9,0.6,1.24,16.9,2.8,0.4,7.5,,13.6,,11.6,7.1,5.1,,20.7,,25.8,67.4,,6.17283950617284,20.0,6-10,205,82
1626145,Tyus Jones,MEM,14,23.3,10.5,2.6,5.5,3.9,9.1,1.7,3.8,0.9,1.4,march,2021-22,17.2,29.3,53.9,13.1,51.8,4.1,4.72,21.3,0.1,0.0,0.1,,17.2,23.8,,,41.7,,,,,60.7,,41.75824175824176,23.3,6-0,196,72
1629637,Jaxson Hayes,NOP,15,27.2,10.5,5.5,0.9,3.7,6.3,0.5,1.1,2.5,3.1,march,2021-22,12.9,4.5,68.5,8.8,26.0,0.6,1.49,17.1,0.9,0.4,4.3,,13.2,,26.5,,,,34.4,,13.2,56.5,,17.460317460317462,27.2,6-11,220,83
201145,Jeff Green,DEN,15,26.0,10.4,2.9,1.1,3.7,6.6,0.7,2.0,2.4,2.8,march,2021-22,14.2,5.6,66.4,7.5,25.5,0.7,1.73,17.1,0.9,1.1,4.0,,,,,,,,,,,64.0,,30.303030303030305,26.0,6-8,235,80
1629634,Brandon Clarke,MEM,12,20.8,10.3,5.6,1.0,4.3,6.9,0.1,0.3,1.6,2.4,march,2021-22,16.3,6.5,64.7,12.6,26.3,0.7,1.62,16.4,2.7,0.2,5.3,,,,,,,,,,,56.9,,4.3478260869565215,20.8,6-8,215,80
1628365,Markelle Fultz,ORL,12,18.7,10.3,2.5,4.4,4.2,9.3,0.3,0.9,1.8,2.2,march,2021-22,26.7,40.8,50.2,13.1,45.0,4.2,5.56,11.4,1.0,1.1,1.1,,,,,,,,,,,74.2,,9.67741935483871,18.7,6-4,209,76
1630678,Terry Taylor,IND,12,24.3,10.3,4.4,0.9,4.3,6.5,0.4,1.3,1.3,1.9,march,2021-22,13.9,5.3,70.4,8.6,25.8,0.6,1.47,16.2,0.8,0.3,4.3,,,,,,,,,,,69.2,,20.0,24.3,6-5,230,77
1628401,Derrick White,BOS,14,28.2,10.2,3.2,4.0,3.4,9.0,1.1,4.1,2.4,2.6,march,2021-22,17.8,20.3,50.3,7.7,46.7,3.0,3.84,21.9,0.4,0.0,0.4,4.7,10.8,35.1,1.6,,25.9,9.5,1.3,5.1,1.7,75.4,,45.55555555555555,28.2,6-4,190,76
1630231,KJ Martin,HOU,17,24.4,10.1,4.0,1.3,4.0,7.0,1.2,2.6,0.9,1.5,march,2021-22,14.6,7.7,65.9,9.1,35.1,0.8,1.42,20.6,1.2,0.1,2.6,,,,,,,,,,,63.0,,37.142857142857146,24.4,6-5,215,77
1628978,Donte DiVincenzo,SAC,14,27.9,10.1,4.6,3.4,3.1,8.9,2.2,5.7,1.6,1.9,march,2021-22,17.3,17.3,51.9,8.2,52.6,2.7,3.08,23.2,0.6,0.0,1.5,1.9,18.5,11.6,,,33.0,10.8,,14.6,3.0,63.6,,64.04494382022472,27.9,6-4,203,76
1626149,Montrezl Harrell,CHA,14,17.3,10.1,4.4,1.8,3.8,5.8,0.0,0.1,2.5,3.4,march,2021-22,19.0,15.2,69.0,14.0,28.6,0.9,1.92,22.2,2.6,1.5,5.6,,,,,,,,,,,75.8,,1.7241379310344827,17.3,6-7,240,79
1626171,Bobby Portis,MIL,14,27.0,10.0,8.8,1.0,4.0,9.6,1.2,3.9,0.8,1.0,march,2021-22,16.4,4.8,49.9,8.9,38.5,0.9,1.44,17.1,0.6,1.5,3.2,3.2,11.0,,15.8,19.8,31.1,,6.6,,5.8,67.2,,40.625,27.0,6-10,250,82
202326,DeMarcus Cousins,DEN,16,15.0,10.0,5.5,1.8,3.5,7.1,0.9,2.6,2.1,2.8,march,2021-22,30.2,20.4,60.4,12.9,35.6,1.2,2.04,22.4,2.3,2.7,2.8,,,,,,,,,,,51.9,,36.61971830985916,15.0,6-10,270,82
1628960,Grayson Allen,MIL,13,26.6,10.0,3.8,1.5,3.5,6.5,2.2,4.4,0.8,0.8,march,2021-22,12.1,7.5,72.4,7.9,23.9,0.9,2.3,14.3,0.3,0.0,0.5,2.8,17.5,24.2,4.0,,33.8,5.4,,7.0,,61.5,,67.6923076923077,26.6,6-4,198,76
1629669,Jaylen Nowell,MIN,15,19.0,10.0,2.3,2.3,3.7,7.4,1.2,3.1,1.5,1.7,march,2021-22,19.0,17.2,61.3,10.3,32.8,1.7,3.08,17.6,0.7,0.0,0.9,,,,,,,,,,,75.6,,41.891891891891895,19.0,6-4,201,76
1630167,Obi Toppin,NYK,11,18.2,10.0,3.6,1.4,4.1,6.9,1.1,2.9,0.7,1.1,march,2021-22,18.6,12.6,67.7,13.8,29.1,0.7,1.41,17.4,0.8,0.4,2.4,,23.9,,,,28.3,,,,,59.3,,42.028985507246375,18.2,6-9,220,81
1629632,Coby White,CHI,15,24.9,9.9,2.9,2.9,3.9,9.5,1.7,5.2,0.5,0.5,march,2021-22,18.5,16.6,51.2,7.7,34.9,2.1,3.61,16.7,0.3,0.0,0.1,7.7,29.3,29.6,,,20.9,3.1,,2.6,,53.6,,54.736842105263165,24.9,6-4,195,76
1629622,Max Strus,MIA,15,22.5,9.9,2.9,1.6,3.4,8.3,2.7,7.2,0.4,0.5,march,2021-22,18.6,10.4,58.6,8.0,35.3,0.9,1.47,20.8,0.3,0.0,0.5,,,,,,,,,,,57.4,,86.74698795180721,22.5,6-5,215,77
203493,Reggie Bullock Jr.,DAL,12,36.1,9.9,4.3,1.9,3.4,9.6,2.6,7.8,0.5,0.8,march,2021-22,12.9,7.0,50.0,5.5,43.8,1.0,1.36,29.0,0.3,0.0,0.9,,,,,,,,,,,60.0,,81.25,36.1,6-6,205,78
201572,Brook Lopez,MIL,8,21.7,9.9,3.4,0.8,3.6,8.5,1.3,4.1,1.4,1.8,march,2021-22,20.0,5.3,53.3,4.9,22.0,0.6,1.58,17.0,1.3,1.4,3.8,,6.5,,32.8,9.5,32.1,,,,,41.2,,48.23529411764705,21.7,7-0,282,84
1629675,Naz Reid,MIN,13,15.3,9.8,4.9,1.1,3.5,5.7,0.8,1.8,2.2,2.5,march,2021-22,21.2,11.3,72.3,16.4,31.5,0.8,1.46,19.5,2.0,1.0,3.1,3.8,17.2,4.8,9.1,8.1,30.7,4.7,3.6,8.4,4.3,59.6,,31.57894736842105,15.3,6-9,264,81
1630529,Herbert Jones,NOP,15,30.1,9.8,3.3,2.5,3.5,7.7,1.0,2.9,1.7,2.2,march,2021-22,14.3,10.5,56.3,6.3,44.1,1.9,2.57,24.3,0.5,0.1,1.1,,22.4,10.8,,,37.7,6.3,5.4,,,64.4,,37.662337662337656,30.1,6-7,206,79
201976,Patrick Beverley,MIN,12,22.9,9.8,3.5,3.9,3.0,7.0,1.6,4.3,2.2,2.9,march,2021-22,16.4,24.2,58.9,9.7,45.3,3.0,3.97,21.2,0.8,0.2,1.0,,,,,,,,,,,67.5,,61.42857142857142,22.9,6-1,180,73
1629057,Robert Williams III,BOS,11,28.4,9.7,9.3,1.8,4.5,5.5,0.0,0.0,0.8,1.0,march,2021-22,9.6,8.1,82.5,13.8,31.2,0.6,1.12,19.6,0.9,0.0,7.9,,,,17.1,,9.8,,32.5,,20.3,43.9,,0.0,28.4,6-9,237,81
203496,Robert Covington,LAC,9,23.2,9.7,4.7,1.0,3.3,6.4,2.1,4.3,0.9,0.9,march,2021-22,14.0,6.5,70.7,11.2,35.8,1.2,2.02,13.6,0.6,0.0,1.0,,,,,,,,,,,54.5,,67.18749999999999,23.2,6-7,209,79
1629130,Duncan Robinson,MIA,15,23.1,9.6,1.4,1.9,3.1,7.5,2.7,6.7,0.6,0.7,march,2021-22,16.3,12.2,61.3,6.3,28.3,0.8,1.71,22.5,0.1,0.0,0.5,,18.5,7.9,4.3,,31.2,11.7,,18.8,,65.0,,89.33333333333333,23.1,6-7,215,79
1628392,Isaiah Hartenstein,LAC,14,21.4,9.6,5.4,3.3,3.8,5.7,0.1,0.5,1.9,2.4,march,2021-22,17.0,24.2,70.6,13.7,39.3,1.4,2.15,24.9,5.5,0.4,6.6,,7.4,,19.9,5.6,,,40.3,,10.2,52.3,,8.771929824561402,21.4,7-0,250,84
1626224,Cedi Osman,CLE,12,19.5,9.5,1.8,1.9,3.5,7.9,1.4,4.9,1.1,1.6,march,2021-22,20.9,16.5,55.1,7.3,30.8,1.3,2.45,22.0,0.3,0.0,0.8,,,,,,,,,,,65.4,,62.0253164556962,19.5,6-7,230,79
1629655,Daniel Gafford,WAS,15,17.8,9.4,4.7,0.7,3.9,5.4,0.0,0.1,1.7,2.7,march,2021-22,18.1,6.4,71.5,12.1,27.5,0.7,1.58,16.2,2.7,0.7,5.8,,8.8,,19.9,11.0,,,20.4,,18.2,50.0,,1.8518518518518516,17.8,6-9,234,81
1630166,Deni Avdija,WAS,16,24.4,9.4,5.4,2.8,3.1,7.9,1.2,3.6,1.9,2.6,march,2021-22,18.3,15.8,51.7,8.9,39.4,1.8,2.7,20.3,0.3,0.5,1.2,14.0,18.1,26.9,,3.1,19.0,4.8,4.0,4.7,1.7,49.3,,45.56962025316456,24.4,6-9,210,81
1630245,Ayo Dosunmu,CHI,15,31.2,9.3,2.3,4.1,4.2,8.4,0.7,2.6,0.3,0.4,march,2021-22,14.0,18.7,54.4,6.1,50.9,3.4,4.02,20.2,0.5,0.0,0.5,2.2,33.6,20.8,,,31.6,,3.1,,,66.2,,30.952380952380953,31.2,6-4,200,76
1630171,Isaac Okoro,CLE,16,31.9,9.3,2.7,1.9,3.2,6.3,0.9,1.9,2.1,2.3,march,2021-22,11.1,7.7,64.1,5.8,27.9,1.2,2.5,19.8,0.6,0.0,1.7,,25.9,,,,41.6,,10.8,,5.2,72.0,,30.158730158730158,31.9,6-5,225,77
1626195,Willy Hernangomez,NOP,13,16.9,9.3,5.8,1.0,3.5,6.5,0.1,0.3,2.3,2.9,march,2021-22,21.5,8.8,60.1,11.8,31.8,0.8,1.49,21.0,2.8,1.2,5.9,,,,,,,,,,,64.9,,4.615384615384615,16.9,6-11,250,83
1628997,Caleb Martin,MIA,10,21.4,9.3,3.3,1.3,3.2,6.1,1.5,2.4,1.4,1.6,march,2021-22,16.1,8.6,68.3,10.6,24.2,0.9,2.34,14.8,0.7,0.0,1.5,,32.5,7.9,,,35.7,,,,,63.9,,39.34426229508197,21.4,6-5,205,77
1628984,Devonte' Graham,NOP,14,24.2,9.3,2.3,3.9,3.1,8.7,2.1,6.1,1.1,1.3,march,2021-22,17.6,20.2,50.0,8.0,47.4,2.9,3.68,23.3,0.1,0.0,0.3,,,,,,,,,,,68.6,,70.11494252873564,24.2,6-1,195,73
1630322,Lindy Waters III,OKC,15,22.2,9.3,3.3,1.3,3.3,8.3,2.5,7.0,0.1,0.1,march,2021-22,16.7,8.7,55.9,7.7,26.2,0.8,1.88,18.5,0.0,0.0,0.3,,,,,,,,,,,50.0,,84.33734939759036,22.2,6-6,215,78
1629011,Mitchell Robinson,NYK,15,26.5,9.3,8.6,0.9,4.1,5.4,0.0,0.0,1.1,2.9,march,2021-22,11.9,5.6,69.6,11.6,27.7,0.6,1.22,16.6,0.7,0.3,9.2,,,,11.7,,,,12.5,,52.3,46.8,,0.0,26.5,7-0,240,84
1630230,Naji Marshall,NOP,15,19.5,9.3,3.7,1.6,3.3,7.5,0.7,3.0,1.9,2.5,march,2021-22,20.1,11.7,54.0,9.3,36.5,1.5,2.42,18.7,0.6,0.0,1.5,5.6,31.6,10.9,3.9,,29.1,,6.0,2.4,2.4,74.4,,40.0,19.5,6-7,220,79
201143,Al Horford,BOS,12,31.4,9.3,7.8,3.2,3.3,7.3,1.5,3.8,1.1,1.3,march,2021-22,11.8,12.7,59.3,10.5,51.5,1.4,1.61,27.3,1.6,1.4,3.2,,15.0,,12.2,8.9,40.0,,7.8,5.6,,52.5,,52.054794520547944,31.4,6-9,240,81
1630591,Jalen Suggs,ORL,5,26.2,9.2,3.6,4.8,3.2,10.8,0.4,4.4,2.4,2.8,march,2021-22,23.7,26.7,38.2,5.0,62.6,3.9,3.74,25.6,0.8,0.2,0.8,6.6,24.5,25.2,,,20.4,7.3,,,4.0,59.1,,40.74074074074075,26.2,6-5,205,77
1630256,Jae'Sean Tate,HOU,15,21.8,9.1,5.1,1.9,3.8,8.0,0.9,2.5,0.6,1.0,march,2021-22,19.5,13.6,54.1,7.1,30.9,1.2,2.32,17.7,1.0,0.8,3.5,,,,,,,,,,,67.2,,31.25,21.8,6-4,230,76
201569,Eric Gordon,HOU,8,26.9,9.1,1.8,1.4,2.9,6.5,1.6,4.1,1.8,1.9,march,2021-22,14.7,6.5,62.3,5.5,29.3,1.4,2.96,18.0,0.0,0.0,0.1,,,,,,60.0,,,,,45.5,,63.07692307692307,26.9,6-3,215,75
1627777,Georges Niang,PHI,16,22.6,9.1,2.9,1.1,3.2,7.4,2.3,5.9,0.4,0.4,march,2021-22,15.2,8.1,60.1,7.1,36.5,0.8,1.36,19.5,0.1,0.0,0.3,,,,,,,,,,,62.7,,79.72972972972973,22.6,6-7,230,79
1630528,Josh Christopher,HOU,17,20.7,8.9,3.2,2.8,3.4,7.7,0.6,2.7,1.5,1.9,march,2021-22,20.8,19.6,52.4,9.0,32.2,1.7,3.21,17.6,0.8,0.1,1.6,,,,,,,,,,,62.7,,35.064935064935064,20.7,6-3,215,75
1630553,Keon Johnson,POR,14,23.9,8.9,2.6,2.1,3.2,9.1,1.4,3.7,1.1,1.4,march,2021-22,19.5,13.9,46.0,4.0,36.5,2.8,4.6,16.9,0.2,0.1,1.1,,,,,,,,,,,68.9,,40.659340659340664,23.9,6-4,185,76
1629659,Talen Horton-Tucker,LAL,11,22.5,8.9,2.5,2.3,3.5,8.5,0.6,2.8,1.2,1.7,march,2021-22,20.5,15.5,48.3,5.7,38.5,2.1,3.34,19.8,0.5,0.1,0.9,,,,,,,,,,,66.7,,32.94117647058823,22.5,6-4,234,76
1629651,Nic Claxton,BKN,15,20.5,8.9,5.7,1.0,3.7,5.0,0.0,0.0,1.4,2.2,march,2021-22,14.9,7.1,74.3,13.3,25.9,0.7,1.62,12.5,2.3,0.3,6.3,14.1,15.5,3.9,11.1,4.5,10.9,,15.5,,13.4,56.7,,0.0,20.5,6-11,215,83
1629599,Amir Coffey,LAC,14,25.2,8.9,2.1,1.9,3.3,8.4,1.1,3.9,1.1,1.5,march,2021-22,16.9,11.5,48.7,5.7,33.9,1.9,3.4,19.8,0.0,0.1,0.5,,,,,,,,,,,65.5,,46.42857142857142,25.2,6-7,210,79
1629684,Grant Williams,BOS,14,26.5,8.9,4.8,0.7,3.1,7.1,0.9,3.0,1.8,2.1,march,2021-22,14.5,3.6,55.0,5.7,31.8,0.9,1.74,17.2,0.4,0.5,2.7,,,,,,38.2,,,,,62.5,,42.25352112676057,26.5,6-6,236,78
1630530,Trey Murphy III,NOP,13,17.7,8.8,3.0,1.2,3.1,6.5,1.8,3.8,0.9,1.1,march,2021-22,16.3,9.1,63.8,11.1,18.8,0.6,1.82,13.7,0.3,0.0,1.4,6.6,20.1,16.5,2.1,,23.4,9.4,8.3,7.1,3.2,69.0,,58.46153846153845,17.7,6-8,206,80
1630205,Lamar Stevens,CLE,15,20.6,8.8,3.7,0.9,3.6,6.9,0.3,0.9,1.3,1.6,march,2021-22,18.0,6.8,58.1,7.7,24.4,0.9,2.2,14.0,0.6,0.1,2.1,,,,,,,,,,,61.2,,13.043478260869565,20.6,6-6,230,78
1630631,Jose Alvarado,NOP,15,21.0,8.7,2.8,4.1,3.5,7.5,0.9,2.7,0.8,1.1,march,2021-22,17.3,27.6,54.4,12.2,47.0,3.7,4.67,19.8,0.5,0.0,1.0,4.2,20.0,27.3,,,30.0,3.8,3.8,,,59.4,,36.00000000000001,21.0,6-0,179,72
203914,Gary Harris,ORL,7,21.9,8.7,1.4,1.0,2.7,7.1,1.9,4.6,1.4,1.4,march,2021-22,16.4,8.0,56.1,7.8,22.3,0.9,2.53,16.6,0.4,0.0,0.9,,16.7,,,,54.2,,,,,38.5,,64.7887323943662,21.9,6-4,210,76
1630202,Payton Pritchard,BOS,14,18.3,8.6,2.5,2.3,3.0,6.1,2.2,4.6,0.4,0.4,march,2021-22,16.1,20.3,68.0,14.3,34.6,2.1,3.63,18.2,0.3,0.0,0.6,12.8,16.2,25.6,1.9,,26.2,6.4,,5.1,1.8,72.0,,75.40983606557377,18.3,6-1,195,73
1629604,CJ Elleby,POR,15,28.4,8.5,6.1,2.1,2.8,7.2,0.8,2.5,2.1,3.1,march,2021-22,15.3,10.7,49.9,5.4,34.4,1.3,2.23,21.0,0.9,0.0,2.9,,,,,,,,,,,60.6,,34.72222222222222,28.4,6-6,200,78
1627739,Kris Dunn,POR,10,23.6,8.3,3.2,5.1,3.4,7.0,0.1,0.5,1.4,1.4,march,2021-22,16.7,30.0,54.5,9.8,56.2,4.1,4.33,21.2,0.4,0.8,0.5,3.9,19.3,9.6,5.5,,38.6,,9.6,,3.2,63.5,,7.142857142857142,23.6,6-3,205,75
201587,Nicolas Batum,LAC,14,25.7,8.3,4.1,1.9,3.0,7.1,1.7,4.7,0.6,0.9,march,2021-22,13.8,11.0,55.1,8.2,36.9,1.0,1.57,22.6,0.8,0.1,1.4,,14.2,,,,68.9,,,,,68.4,,66.19718309859155,25.7,6-8,230,80
1630191,Isaiah Stewart,DET,13,26.3,8.2,9.6,1.2,3.4,6.8,0.3,0.8,1.1,1.4,march,2021-22,14.3,6.4,54.7,9.0,33.9,0.9,1.64,19.5,1.9,1.1,7.3,,10.3,,13.9,10.3,23.9,,19.2,,11.8,49.2,,11.764705882352942,26.3,6-8,250,80
1629643,Chuma Okeke,ORL,14,27.3,8.1,5.6,1.9,2.7,8.6,1.7,5.9,0.9,1.1,march,2021-22,15.6,10.9,44.6,7.3,39.7,1.4,2.11,21.2,0.6,0.1,1.4,,,,,,,,,,,55.0,,68.6046511627907,27.3,6-6,229,78
203482,Kelly Olynyk,DET,14,17.3,8.1,3.6,2.7,2.9,5.1,0.8,2.1,1.4,1.6,march,2021-22,17.3,22.2,69.6,11.6,35.9,1.1,1.9,22.0,1.0,1.1,2.6,,,,,,,,,,,63.6,,41.1764705882353,17.3,6-11,240,83
1630165,Killian Hayes,DET,12,26.6,8.0,4.2,4.4,3.3,7.5,0.6,2.2,0.9,1.3,march,2021-22,15.4,22.6,49.5,8.3,60.3,4.3,4.32,23.0,0.6,0.0,0.9,,,,,,,,,,,51.4,,29.333333333333332,26.6,6-5,195,77
202709,Cory Joseph,DET,15,24.9,7.9,3.0,3.0,2.5,5.9,1.0,2.6,1.8,1.9,march,2021-22,13.3,16.7,58.8,7.4,43.5,2.7,3.73,20.5,0.3,0.1,0.7,,,,,,,,,,,61.8,,44.06779661016949,24.9,6-3,200,75
1629002,Chimezie Metu,SAC,13,16.9,7.8,3.9,0.8,2.9,6.2,0.8,2.3,1.2,1.5,march,2021-22,19.7,7.1,57.1,9.3,24.8,0.9,2.2,13.3,0.2,0.6,1.7,,,,,,,,,,,53.7,,37.096774193548384,16.9,6-9,225,81
203200,Justin Holiday,SAC,13,25.0,7.8,2.5,1.2,2.7,8.5,1.6,6.2,0.8,1.2,march,2021-22,16.5,6.4,43.4,3.4,30.5,0.8,1.63,23.0,0.4,0.0,1.0,,,,,,,,,,,70.2,,72.94117647058825,25.0,6-6,180,78
203490,Otto Porter Jr.,GSW,10,23.9,7.8,7.7,1.5,2.8,6.4,0.6,2.4,1.6,1.8,march,2021-22,14.2,8.9,54.2,11.1,36.5,1.1,1.88,19.2,1.7,0.7,3.6,,,,,,,,,,,70.0,,37.49999999999999,23.9,6-8,198,80
1627780,Gary Payton II,GSW,8,20.9,7.8,3.6,1.0,3.4,5.1,0.5,1.4,0.5,0.8,march,2021-22,13.2,7.1,71.0,8.1,24.8,0.6,1.52,13.8,0.8,0.4,4.5,,14.6,,9.3,,21.5,,29.8,,9.8,75.0,,27.450980392156865,20.9,6-3,195,75
202362,Lance Stephenson,IND,10,16.6,7.7,2.1,2.6,2.8,6.6,0.7,2.1,1.4,1.7,march,2021-22,22.1,23.0,52.4,6.9,33.6,2.5,4.39,15.9,0.1,0.0,0.3,,,,,,,,,,,72.2,,31.818181818181824,16.6,6-5,210,77
1630559,Austin Reaves,LAL,16,24.9,7.7,3.9,2.3,2.6,6.3,0.9,3.1,1.5,1.8,march,2021-22,13.3,11.2,54.3,7.2,36.6,1.4,2.34,19.2,0.5,0.0,1.6,13.5,15.8,35.6,,,14.0,5.6,,5.6,,65.5,,49.20634920634921,24.9,6-5,197,77
202397,Ish Smith,WAS,16,21.2,7.6,3.1,4.8,3.4,8.3,0.6,1.6,0.2,0.3,march,2021-22,20.1,33.5,45.3,9.7,50.9,4.4,5.2,19.7,0.1,0.0,0.8,,,,,,,,,,,70.5,,19.277108433734938,21.2,6-0,175,72
1630168,Onyeka Okongwu,ATL,15,19.3,7.6,6.6,0.9,2.9,4.8,0.0,0.0,1.7,2.4,march,2021-22,13.6,6.1,64.9,10.3,25.9,0.6,1.43,14.4,1.5,0.7,6.5,1.6,15.5,2.1,11.6,6.9,28.0,3.2,11.2,3.4,7.5,61.8,,0.0,19.3,6-8,240,80
201609,Goran Dragic,BKN,14,26.9,7.5,3.4,5.0,2.9,7.6,0.7,3.1,0.9,1.2,march,2021-22,16.3,22.5,45.9,6.3,60.0,4.4,4.41,21.6,0.4,0.1,0.6,,,,,,,,,,,60.0,,40.789473684210535,26.9,6-3,190,75
1626220,Royce O'Neale,UTA,17,31.9,7.5,5.0,2.6,2.7,6.8,1.8,4.9,0.3,0.4,march,2021-22,10.8,10.8,54.0,6.2,54.1,1.5,1.66,27.1,0.5,0.0,0.9,,26.0,8.3,2.7,,43.8,3.9,,3.6,,59.7,,72.05882352941177,31.9,6-5,226,77
1628470,Torrey Craig,PHX,15,22.4,7.5,4.7,1.5,2.9,6.0,1.1,3.3,0.7,0.8,march,2021-22,13.9,8.4,58.8,8.3,28.4,0.9,1.85,14.7,0.3,0.0,1.4,,,,,,,,,,,64.7,,54.99999999999999,22.4,6-7,221,79
1630541,Moses Moody,GSW,13,17.2,7.5,1.9,0.8,2.7,5.2,1.2,2.8,0.8,1.2,march,2021-22,15.2,6.8,65.9,8.6,16.7,0.7,2.41,13.2,0.2,0.0,0.8,4.9,19.0,5.4,,,40.4,5.2,3.7,13.1,3.2,52.6,,53.84615384615385,17.2,6-5,211,77
203500,Steven Adams,MEM,14,26.3,7.4,10.3,3.1,3.1,5.4,0.0,0.1,1.3,2.3,march,2021-22,11.1,14.0,57.7,11.0,39.8,1.2,1.87,24.1,5.6,1.4,8.1,,4.9,,15.6,,,,23.9,,37.1,63.4,,1.8518518518518516,26.3,6-11,265,83
2730,Dwight Howard,LAL,11,18.5,7.4,5.6,0.5,2.7,4.4,0.1,0.2,1.8,2.7,march,2021-22,14.5,3.9,66.2,9.4,25.3,0.7,1.59,12.8,2.8,0.3,6.1,,,,,,,,,,,66.7,,4.545454545454546,18.5,6-10,265,82
1630533,Ziaire Williams,MEM,14,18.9,7.4,2.4,1.4,2.8,5.9,1.3,3.6,0.5,0.8,march,2021-22,14.7,9.0,58.6,6.8,20.1,0.7,1.95,14.0,0.6,0.0,1.1,,22.1,3.7,,,48.3,9.7,6.0,,,61.4,,61.01694915254237,18.9,6-9,185,81
1629020,Jarred Vanderbilt,MIN,12,23.7,7.3,7.5,1.1,2.9,5.1,0.0,0.1,1.5,1.9,march,2021-22,12.2,5.9,61.9,10.0,33.7,0.9,1.58,13.2,1.1,0.0,7.3,,18.0,,,,32.3,,16.9,,14.3,64.0,,1.9607843137254906,23.7,6-9,214,81
203082,Terrence Ross,ORL,9,17.2,7.3,2.2,1.2,2.7,7.3,0.9,4.0,1.1,1.3,march,2021-22,21.2,11.5,46.3,5.9,21.6,0.9,2.39,13.9,0.3,0.0,0.4,,,,,,,,,,,86.7,,54.794520547945204,17.2,6-6,206,78
201586,Serge Ibaka,MIL,12,15.9,7.2,4.8,0.6,2.8,5.4,0.8,1.9,0.8,0.9,march,2021-22,16.1,5.0,61.6,10.0,17.8,0.4,1.35,10.0,1.9,0.2,2.9,,,,,,,,,,,65.0,,35.18518518518518,15.9,6-10,235,82
1628380,Zach Collins,SAS,14,17.0,7.1,4.8,2.1,2.6,5.4,0.6,1.6,1.4,1.6,march,2021-22,16.8,16.8,58.1,9.4,29.3,0.9,1.79,19.4,2.6,1.4,4.6,,,,24.7,,25.9,,19.8,,,60.0,,29.629629629629626,17.0,6-11,250,83
203087,Jeremy Lamb,SAC,8,16.5,7.1,3.6,1.1,2.9,7.0,0.8,2.5,0.6,1.0,march,2021-22,20.1,11.0,47.9,9.0,29.1,1.5,3.09,14.1,0.3,0.0,1.0,,,,,,,,,,,82.6,,35.714285714285715,16.5,6-5,180,77
203937,Kyle Anderson,MEM,14,20.1,7.1,5.1,2.1,2.9,6.5,0.4,1.5,0.9,1.4,march,2021-22,15.2,13.3,49.6,10.6,32.6,1.4,2.49,16.3,1.0,0.3,1.9,12.6,16.5,7.9,,,17.3,,14.2,,8.7,61.8,,23.076923076923077,20.1,6-9,230,81
201988,Patty Mills,BKN,15,22.9,7.1,1.4,1.2,2.5,6.5,1.9,5.3,0.2,0.2,march,2021-22,13.0,7.0,53.9,4.7,26.2,0.9,2.08,17.9,0.1,0.0,0.1,,,,,,,,,,,68.6,,81.53846153846153,22.9,6-0,180,72
1630181,R.J. Hampton,ORL,15,26.2,7.1,2.9,2.0,2.5,6.7,1.1,3.4,0.9,1.3,march,2021-22,13.5,10.6,48.9,4.4,33.9,1.7,3.09,19.0,0.3,0.0,0.4,,,,,,,,,,,59.1,,50.74626865671642,26.2,6-4,175,76
1628988,Aaron Holiday,PHX,12,17.0,7.0,2.9,3.9,2.3,5.6,0.6,1.3,1.8,1.8,march,2021-22,18.5,31.5,55.1,12.0,39.3,3.6,5.5,13.0,0.4,0.0,0.8,,18.5,18.5,,,42.5,,,,,50.0,,23.21428571428572,17.0,6-0,185,72
1628464,Daniel Theis,BOS,12,16.3,7.0,4.1,0.9,2.7,4.4,0.3,1.2,1.3,2.0,march,2021-22,16.7,8.7,66.1,11.4,20.9,0.5,1.53,13.5,1.0,0.3,3.6,,,,,,,,,,,65.3,,27.27272727272727,16.3,6-9,245,81
203926,Doug McDermott,SAS,5,19.2,7.0,0.8,1.0,2.0,5.4,0.8,3.4,2.2,2.6,march,2021-22,16.5,6.2,53.5,2.6,19.6,0.5,1.64,15.6,0.0,0.0,0.2,,,,,,65.4,,,,,66.7,,62.962962962962955,19.2,6-7,225,79
1629649,Ignas Brazdeikis,ORL,8,16.3,7.0,1.8,0.8,3.0,6.0,0.8,2.8,0.3,0.5,march,2021-22,17.0,8.5,56.3,5.9,18.5,0.7,2.29,14.5,0.1,0.0,0.8,,,,,,,,,,,58.3,,46.666666666666664,16.3,6-6,221,78
1630249,Vít Krejčí,OKC,15,24.9,6.9,3.7,1.9,2.3,5.2,1.7,3.7,0.7,0.7,march,2021-22,10.9,10.4,62.2,6.4,35.4,1.4,2.35,23.4,0.5,0.0,1.3,,19.7,8.4,5.3,,33.4,12.5,,12.2,,60.4,,71.15384615384616,24.9,6-8,195,80
200752,Rudy Gay,UTA,16,16.8,6.8,4.1,0.6,2.5,6.3,1.1,3.1,0.7,0.9,march,2021-22,18.4,5.6,51.3,7.6,27.3,0.9,1.9,14.2,0.7,0.6,1.7,,,,,,,,,,,71.4,,49.20634920634921,16.8,6-8,250,80
1626169,Stanley Johnson,LAL,16,23.4,6.8,3.0,2.1,2.6,5.3,0.8,2.1,0.8,0.9,march,2021-22,11.6,11.3,59.6,7.1,33.8,1.1,1.89,17.9,1.1,0.1,1.7,,,,,,,,,,,70.3,,39.62264150943396,23.4,6-6,242,78
1630563,Joshua Primo,SAS,12,25.2,6.6,3.8,1.5,2.5,6.4,0.8,3.2,0.8,1.2,march,2021-22,13.5,7.7,47.5,4.2,31.7,1.3,2.41,20.6,0.4,0.0,1.0,,,,,,,,,,,61.7,,50.0,25.2,6-4,189,76
1628998,Cody Martin,CHA,14,24.5,6.5,3.8,2.4,2.4,4.8,0.6,2.0,1.1,1.4,march,2021-22,10.9,12.9,60.4,7.5,31.9,1.2,2.25,18.4,0.1,0.1,1.1,,,,,,,,,,,51.2,,41.66666666666667,24.5,6-6,205,78
201571,D.J. Augustin,LAL,15,17.4,6.5,1.5,1.5,2.3,4.1,1.7,3.3,0.1,0.1,march,2021-22,11.5,12.3,77.7,9.1,24.9,1.7,3.98,12.0,0.1,0.0,0.2,,,,,,,,,,,87.1,,80.48780487804879,17.4,5-11,183,71
203526,Raul Neto,WAS,14,18.4,6.4,2.2,4.3,2.4,5.2,0.5,1.1,1.1,1.3,march,2021-22,15.5,31.4,55.6,10.1,41.6,3.5,5.01,14.1,0.3,0.0,0.6,,,,,,,,,,,80.9,,21.153846153846153,18.4,6-2,180,74
1629117,Wenyen Gabriel,LAL,13,15.9,6.4,4.4,0.5,2.4,5.2,0.4,1.6,1.2,1.9,march,2021-22,17.4,4.4,52.5,5.1,19.1,0.5,1.56,10.0,0.6,0.1,3.5,,,,,,,,,,,78.0,,30.76923076923077,15.9,6-9,205,81
1627936,Alex Caruso,CHI,11,29.8,6.4,3.1,4.0,2.2,6.0,1.1,3.0,0.9,1.3,march,2021-22,12.1,18.0,48.5,5.3,57.0,3.4,3.54,20.8,0.9,0.1,0.8,,19.9,8.2,7.0,,45.6,,,,,73.8,,50.0,29.8,6-5,186,77
202355,Hassan Whiteside,UTA,12,16.8,6.3,6.8,0.3,2.8,3.8,0.0,0.0,0.8,1.8,march,2021-22,13.6,2.0,69.5,11.8,12.7,0.3,1.45,7.3,0.8,0.4,5.1,,,,,,,,,,,64.4,,0.0,16.8,7-0,265,84
1630240,Saben Lee,DET,6,18.5,6.3,1.7,3.2,2.3,5.5,0.2,1.3,1.5,1.7,march,2021-22,14.9,26.0,50.8,8.5,40.0,3.1,4.7,17.7,0.2,0.0,1.5,,,,,,,,,,,76.9,,23.636363636363637,18.5,6-2,183,74
203506,Victor Oladipo,MIA,6,18.4,6.3,1.7,2.8,2.5,6.7,0.7,2.7,0.7,1.0,march,2021-22,19.8,26.2,44.6,6.6,32.5,2.0,3.69,17.5,0.2,0.0,0.5,,,,,,,,,,,40.0,,40.298507462686565,18.4,6-4,213,76
1630846,Olivier Sarr,OKC,14,19.2,6.3,4.1,0.9,2.4,4.1,0.4,1.1,1.0,1.3,march,2021-22,13.3,7.1,66.7,6.3,28.9,0.6,1.33,18.4,1.9,0.3,4.4,,,,,,,,,,,66.7,,26.829268292682933,19.2,7-0,240,84
1627823,Juancho Hernangomez,UTA,11,19.6,6.1,3.9,1.0,2.1,4.5,1.4,3.4,0.5,1.3,march,2021-22,13.1,7.2,60.7,7.8,25.2,0.6,1.54,13.1,0.3,0.0,1.3,,,,,,,,,,,62.9,,75.55555555555556,19.6,6-9,214,81
1629750,Javonte Green,CHI,15,20.9,6.1,4.1,0.7,2.3,4.3,0.7,1.6,0.9,1.1,march,2021-22,10.5,4.3,64.0,8.3,28.7,0.6,1.28,11.2,0.3,0.0,1.7,,23.5,,3.7,,41.2,,14.7,,4.8,55.3,,37.2093023255814,20.9,6-5,205,77
1627814,Damion Lee,GSW,10,19.0,6.0,3.7,1.1,1.8,4.9,0.4,2.4,2.0,2.2,march,2021-22,14.5,7.9,51.1,6.4,28.5,1.0,2.0,18.4,0.4,0.0,1.0,,,,,,,,,,,77.3,,48.979591836734684,19.0,6-5,210,77
1628975,Jevon Carter,MIL,13,17.2,6.0,2.2,2.3,2.2,3.5,1.4,2.2,0.3,0.3,march,2021-22,10.0,17.8,81.7,10.4,24.7,1.5,3.65,9.9,0.1,0.0,0.4,,21.5,17.2,,,45.2,,,,,72.0,,62.85714285714287,17.2,6-1,200,73
203486,Mason Plumlee,CHA,14,23.8,6.0,7.7,3.6,2.4,3.8,0.0,0.0,1.1,2.1,march,2021-22,11.0,19.0,63.4,9.6,41.2,1.5,2.12,26.9,3.7,0.7,5.4,,,,,,,,,,,55.4,,0.0,23.8,6-11,254,83
203085,Austin Rivers,DEN,15,24.4,5.9,1.7,1.9,2.1,4.9,1.2,3.3,0.6,0.7,march,2021-22,10.7,10.3,57.2,4.2,27.9,1.3,2.69,18.3,0.4,0.0,0.5,,,,,,,,,,,63.8,,67.3469387755102,24.4,6-4,200,76
201152,Thaddeus Young,TOR,15,17.6,5.9,4.4,1.5,2.5,5.4,0.7,1.7,0.3,0.5,march,2021-22,15.3,12.6,52.7,10.7,28.6,0.9,1.88,16.1,1.5,0.5,2.5,,,,,,,,,,,53.2,,31.481481481481477,17.6,6-8,235,80
203210,JaMychal Green,DEN,14,19.2,5.9,5.5,0.9,2.4,4.8,0.2,1.3,1.0,1.1,march,2021-22,13.5,6.3,56.1,7.6,21.4,0.4,1.21,12.4,0.9,0.8,4.3,,,,,,,,,,,69.4,,27.083333333333336,19.2,6-8,227,80
201959,Taj Gibson,NYK,8,17.4,5.9,4.0,0.3,2.0,3.4,0.6,0.9,1.3,1.4,march,2021-22,10.1,2.1,73.8,8.7,19.8,0.4,1.1,11.0,1.4,0.3,3.1,,,,,,,,,,,60.9,,26.47058823529412,17.4,6-9,232,81
1630182,Josh Green,DAL,16,18.9,5.8,2.9,1.0,2.4,4.9,0.8,1.8,0.3,0.5,march,2021-22,14.1,8.2,57.0,6.3,19.1,0.7,2.3,11.9,0.7,0.1,1.8,,28.0,,,,61.3,,,,,65.7,,36.73469387755102,18.9,6-5,200,77
1629680,Matisse Thybulle,PHI,16,23.4,5.8,1.9,0.8,2.1,4.1,0.7,1.5,1.0,1.1,march,2021-22,9.8,4.7,63.8,5.1,17.6,0.4,1.21,11.4,0.6,0.0,3.6,,,,,,,,,,,64.0,,36.585365853658544,23.4,6-5,201,77
1630200,Tre Jones,SAS,14,20.0,5.8,2.8,4.1,2.4,5.5,0.1,1.2,0.9,1.6,march,2021-22,14.0,26.6,46.7,8.5,45.3,3.1,4.12,17.0,0.6,0.0,1.4,4.8,22.7,32.0,,,22.7,4.5,3.0,,,55.3,,21.818181818181817,20.0,6-1,185,73
1629216,Gabe Vincent,MIA,11,20.9,5.7,1.3,2.0,2.3,6.6,1.1,4.1,0.1,0.2,march,2021-22,17.4,13.2,42.6,2.6,40.5,2.8,4.07,16.3,0.3,0.0,0.5,,14.9,14.9,,,38.6,,,13.2,,61.3,,62.121212121212125,20.9,6-3,200,75
1629726,Garrison Mathews,HOU,17,23.4,5.6,1.8,0.8,1.5,4.9,1.2,4.2,1.3,1.7,march,2021-22,10.5,4.8,49.1,3.4,22.8,0.6,1.46,12.7,0.2,0.0,0.5,,,,,,,,,,,63.6,,85.71428571428571,23.4,6-5,215,77
1626208,Keifer Sykes,IND,9,18.1,5.6,0.7,2.0,2.2,5.6,0.8,2.6,0.3,0.3,march,2021-22,15.4,14.5,48.7,3.7,26.8,1.5,3.4,15.8,0.2,0.0,0.2,,,,,,,,,,,62.5,,46.42857142857144,18.1,5-11,167,71
1630587,Isaiah Livers,DET,12,18.2,5.5,2.7,1.0,1.9,4.3,1.3,3.3,0.3,0.4,march,2021-22,12.2,7.5,62.0,5.9,22.4,0.6,1.55,15.2,0.0,0.0,0.8,,,,,,49.1,,,,,46.9,,76.74418604651163,18.2,6-6,232,78
1629162,Jordan McLaughlin,MIN,13,19.4,5.5,2.0,3.3,2.2,4.3,0.7,1.8,0.3,0.5,march,2021-22,11.1,20.9,60.5,8.6,39.0,2.3,3.6,15.1,0.5,0.0,1.2,,,,,,,,,,,53.1,,41.86046511627907,19.4,5-11,185,71
1627863,Danuel House Jr.,UTA,9,18.1,5.3,2.8,1.1,1.8,4.2,1.2,2.9,0.6,0.9,march,2021-22,11.1,9.1,57.8,7.8,21.9,0.7,1.92,10.4,0.1,0.0,0.4,,,,,,,,,,,56.3,,69.04761904761905,18.1,6-6,220,78
202684,Tristan Thompson,CHI,15,16.7,5.3,4.9,0.8,2.2,4.1,0.0,0.1,0.9,1.5,march,2021-22,13.3,6.3,55.9,9.2,18.3,0.6,1.82,11.1,2.1,0.6,3.7,,,,,,,,,,,56.5,,2.439024390243903,16.7,6-9,254,81
1626172,Kevon Looney,GSW,16,22.4,5.3,7.1,3.0,2.3,3.7,0.0,0.0,0.6,1.2,march,2021-22,9.1,17.5,62.4,10.0,36.3,1.0,1.6,23.9,1.9,0.2,4.6,,,,19.3,,,,,,31.6,60.9,,0.0,22.4,6-9,222,81
203585,Rodney McGruder,DET,12,15.2,5.3,2.3,1.1,1.8,5.0,1.4,4.2,0.3,0.5,march,2021-22,15.8,10.5,50.3,6.0,19.5,0.5,1.56,14.8,0.1,0.1,1.1,,,,,,,,,,,50.0,,84.00000000000001,15.2,6-4,205,76
200782,P.J. Tucker,MIA,14,26.3,5.2,5.5,2.1,2.3,5.5,0.4,1.9,0.3,0.4,march,2021-22,11.0,11.1,46.1,6.7,31.4,0.9,1.75,18.9,1.1,0.5,2.7,,,,,,,,,,,61.5,,34.54545454545455,26.3,6-5,245,77
1629731,Dean Wade,CLE,5,20.7,5.2,2.4,0.4,2.2,4.4,0.6,2.0,0.2,0.2,march,2021-22,9.2,2.7,57.9,4.4,23.6,0.7,1.87,14.8,0.2,0.0,1.0,,28.1,,5.0,,46.7,,12.1,,,57.1,,45.45454545454545,20.7,6-9,228,81
1630535,Greg Brown III,POR,12,19.0,5.1,3.8,1.4,1.8,4.8,0.4,1.3,1.0,1.6,march,2021-22,14.5,11.6,46.7,3.9,22.3,0.7,1.96,12.1,0.8,0.0,2.2,,,,,,,,,,,64.1,,27.083333333333336,19.0,6-7,206,79
202083,Wesley Matthews,MIL,13,22.6,5.1,1.9,0.8,1.7,4.7,1.2,3.2,0.5,0.7,march,2021-22,9.7,4.5,50.8,3.3,15.9,0.4,1.39,11.0,0.2,0.0,1.2,,,,,,,,,,,69.6,,68.08510638297872,22.6,6-4,220,76
1630172,Patrick Williams,CHI,7,20.4,5.0,4.7,0.4,2.0,4.1,0.6,1.4,0.4,1.1,march,2021-22,10.7,2.8,53.8,7.0,28.9,0.8,1.66,10.4,1.0,0.1,1.7,3.6,22.1,9.3,5.0,3.6,41.4,3.6,,,5.0,68.8,,34.146341463414636,20.4,6-7,215,79
1626153,Delon Wright,ATL,17,20.9,4.9,2.8,2.6,1.8,3.5,0.6,1.5,0.8,0.9,march,2021-22,8.8,16.1,63.1,9.7,34.8,2.3,4.0,12.3,0.2,0.0,0.8,,,,,,,,,,,67.7,,42.857142857142854,20.9,6-5,185,77
1629670,Jordan Nwora,MIL,10,16.1,4.8,3.1,0.8,2.0,5.1,0.5,2.6,0.3,0.3,march,2021-22,14.4,5.6,45.9,4.8,20.0,0.7,2.12,10.9,0.3,0.0,0.5,,,,,,,,,,,89.5,,50.980392156862756,16.1,6-8,225,80
203920,Khem Birch,TOR,15,18.1,4.8,4.5,0.9,1.9,3.7,0.0,0.3,1.1,1.5,march,2021-22,10.9,6.4,54.8,6.3,21.1,0.5,1.41,14.2,2.2,0.3,4.7,,,,,,,,,,,71.4,,8.108108108108107,18.1,6-9,233,81
203110,Draymond Green,GSW,7,24.4,4.7,6.3,5.3,1.3,3.6,0.1,1.1,2.0,2.4,march,2021-22,12.1,30.8,50.8,8.6,61.7,2.4,2.35,28.9,2.1,0.7,1.4,,9.4,5.1,10.2,,39.8,,10.2,,2.7,71.4,,30.555555555555557,24.4,6-6,230,78
1628467,Maxi Kleber,DAL,14,22.8,4.7,6.1,1.2,1.7,5.5,0.6,3.6,0.6,1.1,march,2021-22,13.5,7.0,39.3,4.8,36.3,0.7,1.23,20.1,1.2,0.1,2.7,,,,,,,,,,,62.7,,65.45454545454545,22.8,6-10,240,82
203107,Tomas Satoransky,WAS,16,18.4,4.5,2.8,4.1,1.6,3.6,0.3,1.0,1.0,1.2,march,2021-22,11.9,29.5,54.2,9.4,36.6,2.7,4.46,15.6,0.3,0.1,0.9,,,,,,,,,,,68.1,,27.77777777777778,18.4,6-7,210,79
202357,Nemanja Bjelica,GSW,11,18.8,4.5,4.5,3.1,1.6,3.7,0.5,1.3,0.6,0.7,march,2021-22,13.8,21.8,55.0,8.0,37.1,1.2,1.93,22.2,1.1,0.9,2.9,,,,,,,,,,,49.1,,35.13513513513514,18.8,6-9,234,81
202340,Avery Bradley,LAL,10,16.2,4.4,2.0,0.4,1.5,3.7,1.0,2.6,0.4,0.4,march,2021-22,11.3,3.5,56.8,3.9,15.6,0.4,1.59,10.0,0.3,0.0,0.9,,,,,,,,,,,73.9,,70.27027027027027,16.2,6-3,180,75
1629003,Shake Milton,PHI,16,17.0,4.3,1.9,1.8,1.8,4.4,0.6,1.8,0.1,0.3,march,2021-22,11.6,14.6,48.1,4.8,21.9,1.2,3.39,12.2,0.1,0.0,0.2,,,,,,,,,,,66.7,,40.90909090909091,17.0,6-5,205,77
1629723,John Konchar,MEM,13,15.0,4.3,4.8,1.5,1.8,3.3,0.5,1.4,0.2,0.4,march,2021-22,10.2,11.7,61.9,13.6,25.8,1.1,2.57,10.9,0.2,0.1,1.2,,34.2,,,,42.5,,,,,60.5,,42.42424242424242,15.0,6-5,210,77
201949,James Johnson,BKN,15,16.6,4.3,2.7,2.1,1.7,3.5,0.4,1.1,0.4,0.7,march,2021-22,11.3,16.3,56.3,6.8,22.5,1.1,2.9,11.5,0.1,0.0,1.2,,,,,,,,,,,45.0,,31.428571428571434,16.6,6-7,240,79
1630174,Aaron Nesmith,BOS,5,16.2,4.2,2.8,0.8,1.6,3.8,0.4,1.8,0.6,1.0,march,2021-22,11.1,6.5,49.5,6.8,20.2,0.6,1.73,9.8,0.2,0.0,0.6,,19.9,10.4,6.6,,30.9,5.5,,13.7,4.1,50.0,,47.36842105263158,16.2,6-5,215,77
1629833,Keljin Blevins,POR,11,15.1,4.2,2.3,1.1,1.5,4.7,0.9,3.0,0.4,0.5,march,2021-22,15.2,10.3,42.1,3.1,18.4,0.7,2.39,11.4,0.3,0.0,1.0,,,,,,,,,,,73.7,,63.82978723404255,15.1,6-4,200,76
201980,Danny Green,PHI,14,18.3,4.0,2.6,0.8,1.4,4.1,1.2,3.7,0.1,0.1,march,2021-22,10.6,6.1,47.6,4.0,20.6,0.5,1.41,10.6,0.0,0.0,0.3,,,,,,,,,,,70.3,,90.24390243902441,18.3,6-6,215,78
203503,Tony Snell,NOP,6,21.5,4.0,1.5,0.3,1.5,4.7,1.0,3.5,0.0,0.0,march,2021-22,9.7,1.7,42.9,1.3,22.5,0.6,1.57,11.2,0.0,0.0,0.5,,,,,,,,,,,82.4,,74.46808510638297,21.5,6-6,213,78
1630190,Elijah Hughes,POR,12,15.5,3.9,1.8,0.8,1.5,4.8,0.8,2.9,0.2,0.3,march,2021-22,13.9,7.3,39.3,2.8,20.6,0.8,2.29,11.4,0.0,0.0,0.2,,,,,,,,,,,83.3,,60.416666666666664,15.5,6-5,215,77
1627884,Derrick Jones Jr.,CHI,9,16.7,3.6,2.9,0.6,1.6,3.1,0.0,0.9,0.4,0.7,march,2021-22,10.0,4.4,52.2,5.5,24.9,0.6,1.44,8.1,0.9,0.0,1.6,,18.3,,,,46.0,,13.5,,7.9,66.7,,29.03225806451613,16.7,6-6,210,78
201588,George Hill,MIL,8,15.4,3.0,1.4,1.1,1.1,2.6,0.4,1.3,0.4,0.8,march,2021-22,8.8,9.0,50.8,4.8,23.4,1.6,4.0,7.6,0.3,0.0,0.4,,,,,,,,,,,50.0,,50.0,15.4,6-4,188,76
1630579,Jericho Sims,NYK,16,16.2,2.7,5.1,0.7,1.3,1.6,0.0,0.0,0.2,0.9,march,2021-22,7.5,6.1,69.0,6.6,19.8,0.4,1.27,8.6,0.7,0.1,3.9,,,,26.0,,,,32.5,,,81.4,,0.0,16.2,6-9,250,81
203954,Joel Embiid,PHI,5,36.5,37.8,14.8,3.4,13.2,22.2,1.6,3.6,9.8,12.6,april,2021-22,37.6,15.7,68.1,21.4,84.8,3.2,2.23,60.2,10.2,8.6,9.4,12.3,7.0,,22.0,21.7,12.9,2.3,6.6,1.8,7.1,46.5,,16.216216216216218,36.5,7-0,280,84
201142,Kevin Durant,BKN,5,40.7,32.2,8.2,8.4,10.0,20.0,3.0,7.0,9.2,10.0,april,2021-22,30.0,29.2,66.0,18.7,87.2,5.2,3.61,45.8,4.8,4.0,1.8,20.8,13.5,18.4,1.7,7.3,15.2,7.5,2.3,7.5,1.1,40.6,,35.0,40.7,6-10,240,82
1629029,Luka Dončić,DAL,5,33.5,31.8,8.4,10.2,9.6,20.8,3.6,9.6,9.0,11.2,april,2021-22,41.2,47.7,61.8,19.6,82.2,9.4,6.84,27.2,1.0,2.0,0.8,16.0,14.3,36.3,,7.6,8.7,2.3,1.3,7.4,1.7,44.4,,46.15384615384615,33.5,6-7,230,79
1629027,Trae Young,ATL,5,36.0,31.0,3.8,11.0,10.0,21.4,3.4,8.8,7.6,8.4,april,2021-22,35.2,47.0,61.8,16.5,83.2,9.5,6.84,23.6,0.4,0.0,0.8,12.0,20.4,39.3,,,8.4,10.5,,,,81.8,,41.12149532710281,36.0,6-1,164,73
202681,Kyrie Irving,BKN,5,41.4,30.0,5.2,6.4,11.2,24.8,4.6,11.0,3.0,3.2,april,2021-22,28.4,23.7,57.2,13.7,101.8,7.2,4.25,40.0,0.8,0.6,0.6,,,,,,,,,,,50.0,,44.354838709677416,41.4,6-2,195,74
1629645,Kevin Porter Jr.,HOU,5,39.0,29.0,6.0,6.6,10.4,22.2,4.8,11.4,3.4,4.0,april,2021-22,28.6,26.4,60.5,13.8,92.8,7.7,4.98,36.2,1.2,0.2,1.0,9.8,13.6,45.2,,2.4,16.0,5.5,,,,72.2,,51.35135135135136,39.0,6-4,203,76
1630224,Jalen Green,HOU,5,38.5,28.6,4.6,2.8,10.0,20.2,3.6,9.2,5.0,6.6,april,2021-22,26.0,10.9,61.9,11.9,66.2,4.8,4.37,34.6,0.4,0.0,1.4,,,,,,,,,,,66.7,,45.54455445544554,38.5,6-4,186,76
1627783,Pascal Siakam,TOR,5,40.6,28.4,10.8,6.6,11.2,22.2,0.6,3.8,5.4,6.8,april,2021-22,27.5,28.2,56.4,18.0,89.0,7.2,4.86,38.2,2.0,2.6,2.2,13.3,20.6,13.9,6.5,11.3,16.2,3.0,3.2,4.0,5.0,62.5,,17.117117117117118,40.6,6-8,230,80
1630167,Obi Toppin,NYK,5,37.5,27.2,6.2,2.8,9.8,17.8,3.8,8.2,3.8,4.4,april,2021-22,24.6,13.5,68.9,17.1,69.0,1.8,1.52,41.4,1.8,2.0,6.2,,23.9,,,,28.3,,,,,76.2,,46.067415730337075,37.5,6-9,220,81
1627759,Jaylen Brown,BOS,5,31.8,25.8,6.0,6.2,10.0,18.4,2.4,5.8,3.4,4.6,april,2021-22,30.6,27.9,63.2,17.2,61.8,4.0,3.85,36.0,0.8,1.0,2.6,20.6,20.4,22.2,1.8,4.7,13.0,4.1,1.1,7.4,1.8,58.8,,31.521739130434785,31.8,6-6,223,78
1630162,Anthony Edwards,MIN,5,33.0,25.2,4.8,5.0,9.0,17.8,2.8,8.6,4.4,5.2,april,2021-22,27.5,22.7,62.7,13.2,63.4,4.7,4.45,29.8,1.0,0.8,1.0,23.4,15.7,23.5,,4.9,12.9,7.3,2.0,4.8,1.2,66.7,,48.31460674157303,33.0,6-4,225,76
1629636,Darius Garland,CLE,5,35.6,23.2,2.4,7.6,8.4,18.4,3.2,6.2,3.2,3.8,april,2021-22,27.3,31.4,57.8,13.3,82.4,7.0,5.12,30.8,1.0,0.0,0.8,6.7,16.2,41.8,,,17.1,5.4,3.1,2.9,,52.6,,33.69565217391305,35.6,6-1,192,73
1629640,Keldon Johnson,SAS,5,33.0,22.6,5.4,3.8,7.6,15.8,3.2,7.8,4.2,5.4,april,2021-22,24.9,17.0,62.2,12.6,64.2,2.5,2.36,36.6,0.4,0.4,1.0,3.9,20.0,2.8,,4.4,32.0,7.4,9.2,,10.9,71.4,,49.36708860759494,33.0,6-6,220,78
1629673,Jordan Poole,GSW,5,33.4,22.4,5.0,6.8,7.0,17.4,3.6,10.4,4.8,4.8,april,2021-22,30.7,29.8,57.4,12.3,79.2,6.0,4.53,36.0,0.6,0.0,0.2,7.9,19.9,30.6,,,14.3,12.9,,5.4,,38.5,,59.77011494252874,33.4,6-4,194,76
1630169,Tyrese Haliburton,IND,5,35.6,21.2,4.6,8.6,7.4,12.0,2.2,4.2,4.2,4.6,april,2021-22,19.6,32.3,75.6,13.7,82.2,6.5,4.77,25.6,0.6,0.0,0.8,,,,,,,,,,,70.8,,35.0,35.6,6-5,185,77
1630163,LaMelo Ball,CHA,5,31.0,21.0,6.0,9.2,7.6,15.6,4.4,8.2,1.4,1.4,april,2021-22,28.9,38.7,64.8,13.5,86.6,6.4,4.44,34.4,0.6,0.0,0.8,12.2,12.8,39.4,1.6,,19.4,6.5,,1.7,2.0,75.0,,52.56410256410257,31.0,6-7,180,79
1630178,Tyrese Maxey,PHI,6,31.9,20.8,1.8,4.3,7.2,12.7,3.2,5.8,3.3,3.5,april,2021-22,21.1,19.1,73.3,12.3,63.2,4.2,4.01,28.7,0.0,0.0,0.0,14.5,21.9,26.2,1.3,1.4,14.3,6.7,3.0,5.4,,63.2,,45.66929133858268,31.9,6-2,200,74
1629018,Gary Trent Jr.,TOR,6,37.6,20.5,2.3,1.8,7.7,16.8,3.0,7.0,2.2,2.2,april,2021-22,20.6,7.3,57.6,9.0,43.7,2.0,2.74,34.2,0.5,0.2,1.0,,18.3,6.4,,,48.6,9.0,,6.8,,46.7,,41.666666666666664,37.6,6-5,209,77
1630193,Immanuel Quickley,NYK,5,33.6,20.0,7.2,8.8,7.2,17.6,3.0,8.4,2.6,3.6,april,2021-22,27.3,41.5,52.1,16.4,86.4,8.4,5.81,35.0,0.4,0.0,1.0,6.1,28.1,20.9,,,25.4,6.4,1.9,4.1,1.4,78.3,,47.72727272727273,33.6,6-3,190,75
203468,CJ McCollum,NOP,6,28.8,18.8,3.3,4.2,7.3,16.3,2.5,6.0,1.7,3.2,april,2021-22,28.1,23.1,53.1,10.7,61.0,4.8,4.76,24.7,0.0,0.0,0.7,8.8,18.2,31.4,,,17.8,9.7,,6.3,,80.0,,36.809815950920246,28.8,6-3,190,75
1628374,Lauri Markkanen,CLE,5,28.6,18.2,6.2,0.8,5.8,11.2,3.4,6.6,3.2,3.4,april,2021-22,21.5,4.0,71.7,12.0,38.8,1.1,1.74,23.4,0.2,1.0,4.0,4.0,15.6,3.0,8.3,5.7,12.8,7.5,10.6,20.7,7.0,61.1,,58.92857142857143,28.6,6-11,240,83
1628970,Miles Bridges,CHA,5,29.2,18.2,5.4,3.0,6.4,12.8,1.8,4.8,3.6,4.4,april,2021-22,23.6,14.0,61.8,11.3,47.6,2.0,2.53,31.0,1.4,0.6,3.2,9.0,16.5,14.9,7.4,4.9,29.8,7.2,3.2,,2.1,66.7,,37.49999999999999,29.2,6-7,225,79
1628370,Malik Monk,LAL,6,32.0,18.0,4.3,4.7,6.7,13.7,2.5,6.3,2.2,2.5,april,2021-22,23.2,21.2,60.9,9.4,62.5,3.2,3.07,34.2,0.7,0.0,1.8,8.4,22.0,24.1,3.5,,25.5,6.7,,4.6,,65.6,,45.98540145985402,32.0,6-3,200,75
203497,Rudy Gobert,UTA,5,32.1,18.0,15.2,1.0,5.6,7.8,0.0,0.4,6.8,10.4,april,2021-22,19.3,4.8,72.7,18.1,39.8,0.9,1.35,25.8,2.4,2.0,14.0,,12.6,,16.7,,,,28.5,,26.9,29.2,,5.128205128205129,32.1,7-1,258,85
1629052,Oshae Brissett,IND,5,32.6,17.8,7.6,2.8,5.6,13.0,3.2,6.8,3.4,4.6,april,2021-22,20.9,11.5,59.2,9.3,50.0,1.3,1.52,29.0,2.0,0.2,3.2,,,,,,,,,,,80.8,,52.307692307692314,32.6,6-7,210,79
1626179,Terry Rozier,CHA,5,29.9,17.6,4.2,5.8,7.0,14.6,2.0,6.6,1.6,1.8,april,2021-22,23.1,25.9,57.2,12.5,59.4,3.2,3.24,33.2,0.4,0.0,1.0,,,,,,,,,,,56.0,,45.20547945205479,29.9,6-1,190,73
1627745,Damian Jones,SAC,5,30.6,17.4,7.4,2.0,6.4,9.0,0.4,1.0,4.2,5.6,april,2021-22,19.0,10.9,75.9,14.3,51.6,1.6,1.86,33.6,6.6,2.0,6.8,,,,,,,,,,,46.7,,11.11111111111111,30.6,6-11,245,83
1628973,Jalen Brunson,DAL,5,30.0,17.4,4.6,2.6,6.4,11.8,1.8,4.2,2.8,3.2,april,2021-22,20.4,13.4,65.9,12.5,54.8,3.7,4.07,23.0,0.8,0.8,0.0,14.4,14.3,36.0,,3.3,16.4,5.6,1.9,2.5,,53.8,,35.59322033898305,30.0,6-1,190,73
201567,Kevin Love,CLE,5,21.7,17.2,8.4,1.8,6.0,11.0,3.8,7.6,1.4,2.0,april,2021-22,26.0,13.2,72.4,18.9,47.0,1.3,1.66,27.0,0.6,1.0,2.8,,14.0,,14.6,,34.1,,6.7,,15.2,50.0,,69.0909090909091,21.7,6-8,251,80
1629658,Jaylen Hoard,OKC,6,39.6,17.2,13.7,2.8,7.3,14.8,1.5,4.2,1.0,2.3,april,2021-22,18.4,11.3,54.1,12.0,83.5,2.6,1.87,48.0,1.7,1.0,6.3,,,,,,,,,,,59.4,,28.37837837837838,39.6,6-8,216,80
1630172,Patrick Williams,CHI,5,30.9,17.0,5.0,1.8,5.4,10.0,1.6,2.6,4.6,5.8,april,2021-22,20.3,9.2,67.7,10.1,47.6,1.8,2.31,23.2,0.8,0.6,1.6,3.6,22.1,9.3,5.0,3.6,41.4,3.6,,,5.0,64.7,,26.0,30.9,6-7,215,79
203992,Bogdan Bogdanović,ATL,5,29.6,16.8,5.0,3.6,5.8,14.2,3.6,8.8,1.6,2.2,april,2021-22,22.5,18.0,55.4,12.1,45.8,2.1,2.74,26.4,0.2,0.0,0.2,,12.2,34.4,,,24.4,,,,,70.4,,61.9718309859155,29.6,6-6,225,78
1627741,Buddy Hield,IND,5,34.2,16.6,6.0,4.6,6.4,15.4,3.0,9.6,0.8,0.8,april,2021-22,22.6,18.3,52.7,7.0,65.4,2.6,2.34,40.4,1.6,0.0,2.0,,23.1,4.8,,,34.0,5.4,5.4,12.2,3.7,76.3,,62.33766233766234,34.2,6-4,220,76
1630170,Devin Vassell,SAS,5,30.6,16.6,4.8,3.0,5.6,12.2,3.2,7.0,2.2,2.4,april,2021-22,20.2,15.0,62.6,11.8,42.6,1.7,2.39,30.0,0.8,0.0,1.0,2.7,22.2,11.5,,,35.3,10.7,,11.8,,72.2,,57.37704918032788,30.6,6-5,200,77
1626171,Bobby Portis,MIL,5,24.8,16.0,9.4,1.2,7.2,13.6,1.4,4.2,0.2,0.2,april,2021-22,23.0,6.5,58.4,14.8,46.4,1.1,1.48,20.8,1.8,1.6,4.6,3.2,11.0,,15.8,19.8,31.1,,6.6,,5.8,54.5,,30.88235294117647,24.8,6-10,250,82
201935,James Harden,PHI,5,38.0,15.8,5.8,13.2,4.4,12.2,1.8,6.6,5.2,5.6,april,2021-22,21.3,42.3,53.9,11.2,96.0,8.9,5.54,35.4,0.2,0.0,0.8,42.5,13.1,25.0,,1.3,7.5,4.6,,,,57.7,,54.09836065573771,38.0,6-5,220,77
203496,Robert Covington,LAC,5,23.8,15.8,6.0,1.0,5.2,10.0,3.8,7.6,1.6,2.0,april,2021-22,20.2,5.7,72.6,13.6,42.2,1.3,1.85,18.6,0.6,0.0,2.2,,,,,,,,,,,69.6,,76.0,23.8,6-7,209,79
1629659,Talen Horton-Tucker,LAL,5,24.8,15.8,3.8,3.2,5.4,12.6,0.8,3.2,4.2,4.6,april,2021-22,26.4,18.6,54.0,12.0,47.8,3.8,4.73,22.4,1.2,0.2,1.4,,,,,,,,,,,58.8,,25.396825396825403,24.8,6-4,234,76
1629234,Drew Eubanks,POR,5,30.7,15.6,7.0,1.0,6.6,11.0,0.2,1.0,2.2,2.8,april,2021-22,20.6,6.1,63.8,10.7,52.0,1.5,1.74,32.6,6.8,1.4,10.2,,11.3,,36.6,,,,23.9,,8.5,76.9,,9.090909090909092,30.7,6-9,245,81
1629676,Isaiah Roby,OKC,6,27.7,15.5,5.8,2.7,5.5,11.2,2.2,4.5,2.3,4.0,april,2021-22,22.3,14.5,60.0,11.8,53.7,1.8,1.97,34.5,2.2,0.8,4.0,,,,,,,,,,,70.3,,40.17857142857143,27.7,6-8,230,80
1629060,Rui Hachimura,WAS,6,30.5,15.5,5.0,1.8,6.2,13.2,1.7,4.2,1.5,2.8,april,2021-22,20.7,8.7,53.8,8.7,42.2,1.6,2.34,27.0,1.3,0.7,2.3,3.7,19.3,,3.1,9.5,40.5,,7.1,4.9,,63.6,,31.818181818181824,30.5,6-8,230,80
1630567,Scottie Barnes,TOR,6,33.7,15.5,7.5,3.2,6.0,12.0,1.2,3.7,2.3,2.8,april,2021-22,17.9,14.2,58.5,11.2,65.7,3.9,3.54,26.8,2.0,2.0,6.0,7.9,21.7,13.1,5.7,10.7,19.7,2.2,9.3,1.5,5.0,57.9,,30.833333333333336,33.7,6-7,225,79
1630533,Ziaire Williams,MEM,5,27.7,15.4,2.6,1.6,5.2,11.8,2.4,6.4,2.6,3.0,april,2021-22,20.0,8.2,58.7,8.2,33.0,1.5,2.7,20.0,1.0,0.4,1.8,,22.1,3.7,,,48.3,9.7,6.0,,,72.7,,54.23728813559322,27.7,6-9,185,81
1630558,Davion Mitchell,SAC,5,39.0,15.0,1.6,11.6,5.6,14.0,0.8,3.6,3.0,4.0,april,2021-22,21.8,45.3,47.6,8.4,88.8,8.1,5.5,33.4,0.2,0.0,0.2,28.6,19.3,8.1,,,35.6,,,,,60.0,,25.71428571428572,39.0,6-0,202,72
203991,Clint Capela,ATL,5,27.6,14.6,12.0,0.2,6.6,9.2,0.0,0.0,1.4,2.8,april,2021-22,15.9,1.0,70.0,16.4,35.6,0.8,1.31,17.8,2.2,0.2,10.6,,,,22.1,,,,24.4,,36.6,66.7,,0.0,27.6,6-10,256,82
1629649,Ignas Brazdeikis,ORL,5,30.1,14.6,4.4,2.0,5.6,12.0,2.0,5.8,1.4,2.6,april,2021-22,20.1,11.6,55.5,7.7,37.4,1.7,2.66,27.2,0.8,0.0,2.0,,,,,,,,,,,53.3,,48.333333333333336,30.1,6-6,221,78
203903,Jordan Clarkson,UTA,5,27.7,14.4,4.6,4.2,5.0,12.0,2.4,7.4,2.0,2.2,april,2021-22,22.5,22.6,55.5,12.4,50.2,3.2,3.79,27.4,0.4,0.0,0.8,5.2,25.6,12.3,,,36.0,7.8,4.2,,3.9,54.5,,61.66666666666667,27.7,6-4,194,76
1628964,Mo Bamba,ORL,5,24.6,14.4,9.2,2.4,5.2,10.0,2.8,6.2,1.2,1.8,april,2021-22,20.4,15.2,66.7,17.0,43.0,1.3,1.78,24.6,0.8,0.8,4.0,,,,,,,,,,,50.0,,62.0,24.6,7-0,231,84
1629021,Moritz Wagner,ORL,5,26.8,14.4,7.2,2.6,5.4,9.4,1.8,4.8,1.8,2.4,april,2021-22,19.7,14.4,68.9,12.8,50.2,1.4,1.73,29.4,2.0,0.0,2.8,,,,,,,,,,,69.6,,51.06382978723404,26.8,6-11,245,83
202692,Alec Burks,NYK,5,34.1,14.0,5.8,4.2,4.2,9.2,2.6,4.8,3.0,3.8,april,2021-22,17.2,18.1,64.4,9.2,75.0,4.3,3.42,36.2,0.8,1.0,0.4,,,,,,,,,,,57.1,,52.17391304347826,34.1,6-6,214,78
203463,Ben McLemore,POR,6,25.3,14.0,1.8,1.7,4.7,9.7,2.8,7.2,1.8,2.3,april,2021-22,21.7,12.2,65.5,9.4,39.5,1.4,2.06,28.2,1.7,0.0,1.2,,,,,,,,,,,91.7,,74.22680412371135,25.3,6-3,195,75
1627747,Caris LeVert,CLE,5,33.5,14.0,3.4,5.4,5.2,11.0,1.0,3.8,2.6,3.2,april,2021-22,19.1,20.8,56.4,8.4,55.2,3.3,3.6,34.2,0.4,0.4,0.6,6.2,19.0,24.0,,,26.9,4.5,6.6,5.0,,66.7,,34.54545454545455,33.5,6-6,205,78
201950,Jrue Holiday,MIL,5,27.4,14.0,3.8,7.8,5.4,10.8,2.0,4.8,1.2,1.8,april,2021-22,19.9,37.5,60.4,13.1,55.8,4.4,4.7,20.8,0.8,0.2,3.6,10.1,20.5,26.3,,3.6,20.5,,4.3,,,66.7,,44.44444444444444,27.4,6-3,205,75
202699,Tobias Harris,PHI,6,33.2,13.8,5.3,3.2,5.2,11.5,2.2,4.7,1.3,1.7,april,2021-22,18.2,12.0,56.5,7.2,55.5,2.3,2.54,32.0,0.7,1.7,1.2,4.2,17.9,6.8,,14.6,31.8,,6.3,3.0,6.3,73.9,,40.869565217391305,33.2,6-7,226,79
1629599,Amir Coffey,LAC,5,20.1,13.8,4.2,2.8,4.6,8.2,2.4,4.4,2.2,2.2,april,2021-22,20.7,16.5,75.3,16.3,27.0,1.4,3.18,16.2,0.2,0.0,0.6,,,,,,,,,,,50.0,,53.658536585365866,20.1,6-7,210,79
1630245,Ayo Dosunmu,CHI,5,30.2,13.8,3.4,3.4,5.6,10.2,1.2,2.8,1.4,2.0,april,2021-22,19.3,16.7,62.3,8.4,63.8,4.7,4.45,22.4,0.4,0.0,0.6,2.2,33.6,20.8,,,31.6,,3.1,,,66.7,,27.450980392156865,30.2,6-4,200,76
1629631,De'Andre Hunter,ATL,5,29.7,13.8,4.6,1.0,4.6,11.4,1.4,2.8,3.2,4.0,april,2021-22,20.8,4.2,52.4,5.0,34.8,1.2,1.99,21.8,1.8,0.8,2.4,7.5,18.2,13.3,2.6,,29.0,9.5,6.2,6.0,2.6,64.3,,24.561403508771928,29.7,6-8,221,80
203939,Dwight Powell,DAL,5,27.0,13.8,7.2,1.0,4.8,6.0,0.0,0.0,4.2,5.4,april,2021-22,16.6,5.5,82.4,12.6,39.2,0.9,1.44,21.4,1.6,0.0,10.2,,13.2,,12.1,,,,37.4,,,63.6,,0.0,27.0,6-10,240,82
1630200,Tre Jones,SAS,6,30.6,13.7,4.0,7.8,5.2,10.3,0.8,2.0,2.5,3.3,april,2021-22,17.8,37.0,57.9,13.6,71.7,6.1,5.11,22.0,0.2,0.0,1.2,4.8,22.7,32.0,,,22.7,4.5,3.0,,,52.0,,19.41747572815534,30.6,6-1,185,73
1630553,Keon Johnson,POR,6,30.5,13.5,2.7,5.3,5.2,13.2,2.0,5.7,1.2,1.3,april,2021-22,23.8,30.5,49.1,8.7,58.8,4.4,4.46,30.2,0.3,0.0,0.7,,,,,,,,,,,48.1,,43.18181818181819,30.5,6-4,185,76
1628401,Derrick White,BOS,5,27.1,13.4,3.8,3.0,4.2,7.4,2.0,3.6,3.0,3.8,april,2021-22,16.6,13.9,73.9,10.9,48.6,3.5,4.36,21.6,0.0,0.0,0.2,4.7,10.8,35.1,1.6,,25.9,9.5,1.3,5.1,1.7,68.0,,48.648648648648646,27.1,6-4,190,76
1628402,Frank Jackson,DET,5,24.8,13.4,2.6,1.6,4.0,10.2,1.6,5.4,3.8,4.2,april,2021-22,19.5,9.0,55.6,7.5,33.4,1.0,1.86,27.4,1.0,0.0,1.0,,,,,,,,,,,58.8,,52.941176470588246,24.8,6-3,205,75
1627826,Ivica Zubac,LAC,5,23.8,13.4,10.2,2.0,6.0,8.6,0.0,0.0,1.4,2.6,april,2021-22,18.7,11.6,68.8,15.9,42.2,1.1,1.62,25.0,4.4,3.8,8.8,,5.5,,18.4,28.3,,,20.1,,20.3,46.9,,0.0,23.8,7-0,240,84
1628978,Donte DiVincenzo,SAC,5,27.4,13.2,4.8,4.2,3.8,9.8,2.4,6.4,3.2,3.8,april,2021-22,22.2,22.6,57.5,11.4,59.6,3.4,3.43,26.4,0.4,0.0,1.0,1.9,18.5,11.6,,,33.0,10.8,,14.6,3.0,46.4,,65.3061224489796,27.4,6-4,203,76
1630613,Duane Washington Jr.,IND,5,21.6,13.2,2.4,1.0,4.6,9.8,2.4,5.2,1.6,2.0,april,2021-22,21.2,6.5,61.8,10.2,28.2,1.1,2.41,17.8,0.4,0.0,0.2,,,,,,,,,,,54.5,,53.06122448979592,21.6,6-3,197,75
1630180,Saddiq Bey,DET,5,21.6,13.2,1.8,2.2,4.4,11.6,2.0,5.8,2.4,2.6,april,2021-22,25.3,17.7,51.8,8.8,29.4,1.2,2.54,22.8,0.6,1.2,0.4,6.5,19.0,7.8,2.2,13.8,28.5,6.0,4.9,1.9,6.7,50.0,,50.0,21.6,6-7,215,79
1629001,De'Anthony Melton,MEM,5,25.7,13.0,4.8,3.6,3.8,10.4,2.2,6.2,3.2,3.6,april,2021-22,21.6,20.7,54.2,10.4,54.0,2.8,3.15,21.8,0.4,0.0,1.0,,,,,,,,,,,63.3,,59.61538461538461,25.7,6-2,200,74
1630528,Josh Christopher,HOU,5,25.9,13.0,3.8,2.4,5.2,10.4,1.2,3.8,1.4,3.0,april,2021-22,21.7,15.2,55.5,8.4,41.6,2.2,3.17,23.4,0.6,0.0,1.4,,,,,,,,,,,57.9,,36.53846153846153,25.9,6-3,215,75
1626196,Josh Richardson,SAS,6,24.3,12.8,2.5,2.0,4.5,9.7,2.2,5.0,1.7,1.8,april,2021-22,20.8,11.9,61.3,9.6,50.0,2.4,2.91,27.2,0.7,0.0,1.3,,,,,,,,,,,61.1,,51.54639175257733,24.3,6-5,200,77
1630538,Bones Hyland,DEN,5,23.5,12.8,2.4,5.6,4.2,10.6,2.0,7.4,2.4,2.4,april,2021-22,22.9,28.9,54.9,9.8,52.0,3.4,3.92,23.6,1.2,0.0,0.6,10.9,23.0,24.3,,,24.3,5.7,,5.7,,50.0,,69.81132075471699,23.5,6-2,169,74
1628464,Daniel Theis,BOS,5,28.1,12.8,6.0,1.4,5.4,9.6,0.8,2.0,1.2,1.6,april,2021-22,16.1,6.1,62.1,8.3,37.0,0.8,1.36,24.6,1.8,0.2,7.8,,,,,,,,,,,78.1,,20.833333333333336,28.1,6-9,245,81
1630543,Isaiah Jackson,IND,5,25.4,12.8,4.4,0.2,5.0,8.2,0.2,0.6,2.6,3.2,april,2021-22,18.2,1.0,66.6,8.2,30.0,0.6,1.11,16.6,2.2,1.2,9.2,,13.6,,11.6,7.1,5.1,,20.7,,25.8,76.5,,7.3170731707317085,25.4,6-10,205,82
1627827,Dorian Finney-Smith,DAL,5,31.0,12.6,3.2,2.4,4.6,7.2,3.0,5.6,0.4,0.4,april,2021-22,11.2,10.4,85.4,10.6,32.2,0.8,1.45,20.2,0.6,0.0,1.2,,,,,,,,,,,66.7,,77.77777777777777,31.0,6-7,220,79
1628380,Zach Collins,SAS,6,22.3,12.3,7.5,2.8,3.8,6.7,0.5,1.3,4.2,5.3,april,2021-22,20.7,19.5,68.4,15.9,42.7,1.2,1.75,27.3,4.7,2.7,5.8,,,,24.7,,25.9,,19.8,,,55.3,,19.402985074626866,22.3,6-11,250,83
1630165,Killian Hayes,DET,5,26.0,12.2,3.0,4.2,5.0,11.8,1.2,4.6,1.0,1.2,april,2021-22,22.0,28.4,49.5,9.3,56.4,3.7,3.98,24.2,0.2,0.0,1.4,,,,,,,,,,,79.3,,38.983050847457626,26.0,6-5,195,77
203935,Marcus Smart,BOS,5,28.1,12.2,1.8,6.2,4.4,9.0,2.6,6.6,0.8,0.8,april,2021-22,17.6,25.6,65.2,9.3,51.8,3.5,4.1,22.2,0.2,1.2,0.6,4.2,18.4,15.1,5.0,,38.3,,,,,75.0,,73.33333333333333,28.1,6-4,220,76
1628365,Markelle Fultz,ORL,5,23.9,12.2,3.4,8.0,5.6,11.2,0.2,1.2,0.8,1.0,april,2021-22,26.7,49.4,52.4,13.4,58.4,5.9,6.07,17.0,0.0,1.6,0.0,,,,,,,,,,,50.0,,10.714285714285715,23.9,6-4,209,76
1629655,Daniel Gafford,WAS,6,20.6,12.2,5.0,0.8,4.8,6.5,0.0,0.0,2.5,3.7,april,2021-22,17.0,5.2,75.0,11.6,29.3,0.7,1.49,16.3,2.8,0.5,8.0,,8.8,,19.9,11.0,,,20.4,,18.2,63.6,,0.0,20.6,6-9,234,81
1630166,Deni Avdija,WAS,6,29.1,12.2,4.8,4.0,5.0,11.0,1.7,5.2,0.5,0.8,april,2021-22,20.0,18.3,53.5,7.2,56.2,2.7,2.93,30.2,0.8,0.0,1.7,14.0,18.1,26.9,,3.1,19.0,4.8,4.0,4.7,1.7,66.7,,47.27272727272727,29.1,6-9,210,81
1628969,Mikal Bridges,PHX,6,25.3,12.2,2.7,1.7,5.0,9.0,0.5,2.5,1.7,1.8,april,2021-22,17.9,8.9,62.0,9.9,29.7,0.9,1.86,18.7,1.3,0.2,1.2,2.3,25.3,9.1,3.4,2.3,36.2,6.3,5.0,4.8,2.7,68.8,,27.77777777777778,25.3,6-6,209,78
203084,Harrison Barnes,SAC,5,28.0,12.0,4.8,1.2,4.6,9.6,1.2,4.4,1.6,2.2,april,2021-22,17.5,6.7,56.8,8.7,37.8,1.4,2.16,23.0,1.8,1.4,2.4,8.0,18.8,3.3,5.0,2.5,43.8,4.8,,4.8,,61.1,,45.833333333333336,28.0,6-8,225,80
1627736,Malik Beasley,MIN,5,25.4,12.0,2.0,1.6,3.8,9.8,3.2,8.4,1.2,1.2,april,2021-22,16.4,8.7,58.1,8.1,28.6,0.9,1.85,19.2,0.2,0.0,0.2,,,,,,,,,,,87.5,,85.71428571428571,25.4,6-4,187,76
1630228,Jonathan Kuminga,GSW,5,18.8,11.8,3.6,1.6,4.2,6.6,1.4,1.8,2.0,2.8,april,2021-22,21.5,11.8,75.3,13.8,28.2,1.4,3.05,17.6,2.2,3.2,3.2,12.6,17.4,21.1,,6.7,18.1,,9.6,,7.0,36.4,,27.272727272727277,18.8,6-7,225,79
1630181,R.J. Hampton,ORL,5,30.8,11.8,4.4,4.2,4.4,12.2,1.0,3.8,2.0,2.6,april,2021-22,21.0,23.6,44.2,5.8,65.0,5.1,4.72,24.0,0.2,0.0,0.6,,,,,,,,,,,87.5,,31.147540983606557,30.8,6-4,175,76
1629637,Jaxson Hayes,NOP,6,23.5,11.7,5.5,0.8,4.5,9.2,0.7,2.2,2.0,2.8,april,2021-22,18.8,5.0,56.0,10.0,27.3,0.7,1.63,18.2,1.2,0.0,2.8,,13.2,,26.5,,,,34.4,,13.2,58.8,,23.913043478260875,23.5,6-11,220,83
1629643,Chuma Okeke,ORL,5,28.1,11.6,5.8,1.6,4.0,10.0,3.0,8.4,0.6,0.8,april,2021-22,16.9,8.1,56.0,10.2,41.2,1.5,2.14,21.4,0.2,0.2,0.6,,,,,,,,,,,76.9,,84.00000000000001,28.1,6-6,229,78
1628392,Isaiah Hartenstein,LAC,5,24.2,11.6,7.8,4.2,4.0,7.2,1.6,2.6,2.0,2.2,april,2021-22,17.1,22.3,71.0,14.3,45.4,1.5,1.98,30.2,3.8,0.4,6.6,,7.4,,19.9,5.6,,,40.3,,10.2,51.7,,36.11111111111111,24.2,7-0,250,84
1629611,Terance Mann,LAC,5,25.3,11.6,3.2,3.0,4.6,8.8,1.0,2.0,1.4,2.0,april,2021-22,17.8,15.5,59.9,9.2,50.0,3.5,4.18,21.4,1.4,0.6,2.6,3.7,22.0,17.9,,,28.9,4.4,6.6,,8.1,62.5,,22.727272727272727,25.3,6-5,215,77
1630557,Corey Kispert,WAS,6,30.6,11.5,4.3,1.8,4.3,8.3,2.2,5.5,0.7,0.7,april,2021-22,13.3,7.5,66.7,7.9,37.7,1.0,1.53,25.8,0.7,0.0,1.0,,19.0,9.5,,,34.1,11.9,,8.7,,85.7,,66.26506024096385,30.6,6-6,224,78
203083,Andre Drummond,BKN,5,19.9,11.4,11.6,0.8,5.4,9.6,0.0,0.0,0.6,0.6,april,2021-22,21.6,6.2,57.8,16.6,28.6,0.8,1.65,16.8,3.0,1.8,9.0,,5.2,,7.9,,17.0,,16.6,,38.9,55.6,,0.0,19.9,6-10,279,82
1626162,Kelly Oubre Jr.,CHA,5,20.2,11.4,3.4,1.0,3.8,7.8,1.8,5.2,2.0,2.8,april,2021-22,19.0,6.0,63.1,9.0,23.0,0.7,1.94,14.2,0.8,0.0,0.4,12.1,22.1,7.6,,,29.8,,5.9,,6.6,85.7,,66.66666666666667,20.2,6-6,203,78
1628989,Kevin Huerter,ATL,5,29.9,11.4,4.2,3.0,4.4,10.2,2.2,6.2,0.4,0.4,april,2021-22,15.6,12.8,54.9,7.1,38.2,1.5,2.32,22.8,1.0,0.0,1.2,,22.8,11.3,,,36.6,6.3,8.2,4.0,3.3,76.9,,60.7843137254902,29.9,6-7,198,79
1629726,Garrison Mathews,HOU,5,28.1,11.2,3.6,1.2,3.2,7.4,2.6,6.6,2.2,3.0,april,2021-22,13.3,5.2,64.2,6.6,31.6,0.9,1.64,18.0,0.2,0.0,0.6,,,,,,,,,,,47.4,,89.18918918918918,28.1,6-5,215,77
1630678,Terry Taylor,IND,5,26.6,11.2,4.2,1.4,4.6,8.6,0.6,2.4,1.4,1.6,april,2021-22,15.8,7.0,60.2,6.2,30.2,0.8,1.58,20.2,2.0,0.4,4.2,,,,,,,,,,,72.0,,27.906976744186046,26.6,6-5,230,77
1629003,Shake Milton,PHI,6,22.4,11.2,2.2,3.2,4.0,7.3,1.5,2.8,1.7,2.2,april,2021-22,16.0,19.6,67.4,10.8,34.2,2.3,3.99,18.5,0.3,0.0,0.5,,,,,,,,,,,73.3,,38.35616438356164,22.4,6-5,205,77
1629002,Chimezie Metu,SAC,5,25.6,11.0,7.6,0.6,4.4,8.0,1.2,2.6,1.0,1.2,april,2021-22,16.8,3.9,64.5,12.6,35.8,1.2,2.06,18.8,0.8,1.6,1.8,,,,,,,,,,,59.1,,32.5,25.6,6-9,225,81
2730,Dwight Howard,LAL,5,22.7,11.0,7.8,1.0,3.6,5.6,0.2,0.8,3.6,4.8,april,2021-22,16.2,6.3,71.3,13.6,33.0,0.8,1.37,16.2,1.0,1.4,9.0,,,,,,,,,,,85.0,,14.285714285714288,22.7,6-10,265,82
1628449,Chris Boucher,TOR,6,22.4,10.8,5.5,0.8,3.5,7.8,1.5,3.8,2.3,2.8,april,2021-22,17.2,5.4,59.7,11.0,27.7,0.8,1.7,15.5,0.5,0.2,4.5,,,,,,,,,,,69.6,,48.717948717948715,22.4,6-9,200,81
203915,Spencer Dinwiddie,DAL,5,20.3,10.8,2.0,3.0,3.4,6.8,1.6,3.2,2.4,3.2,april,2021-22,20.6,23.8,65.8,10.0,36.0,2.5,4.24,16.4,0.6,0.0,0.0,,,,,,,,,,,81.3,,47.05882352941177,20.3,6-6,215,78
1629617,Reggie Perry,POR,6,20.0,10.7,5.5,1.7,4.8,9.7,0.3,2.0,0.7,1.5,april,2021-22,26.6,17.5,51.6,11.5,33.3,1.1,2.0,21.5,2.0,0.8,3.5,,,,,,,,,,,65.2,,20.61855670103093,20.0,6-8,250,80
1630296,Braxton Key,DET,5,23.8,10.6,6.2,1.8,4.4,8.4,0.6,2.4,1.2,2.2,april,2021-22,17.6,11.1,56.6,10.4,42.0,1.2,1.72,22.4,0.8,0.2,4.0,,,,,,,,,,,65.4,,28.57142857142857,23.8,6-8,225,80
1629023,P.J. Washington,CHA,5,29.2,10.6,3.8,2.4,4.4,7.4,0.8,2.2,1.0,1.4,april,2021-22,13.9,9.6,66.1,7.1,39.8,1.0,1.52,21.6,1.6,0.4,2.4,4.1,20.9,6.3,5.4,6.1,29.9,4.1,8.2,,6.8,77.3,,29.72972972972973,29.2,6-7,230,79
1630202,Payton Pritchard,BOS,5,16.7,10.6,2.6,2.4,3.8,7.6,2.6,5.6,0.4,0.4,april,2021-22,21.6,20.0,68.2,12.9,33.4,2.0,3.54,17.2,0.4,0.0,0.6,12.8,16.2,25.6,1.9,,26.2,6.4,,5.1,1.8,37.5,,73.68421052631578,16.7,6-1,195,73
1626168,Trey Lyles,SAC,5,21.0,10.6,4.2,0.8,3.8,8.0,0.4,2.2,2.6,3.2,april,2021-22,22.1,6.0,56.3,9.5,34.4,1.3,2.2,18.0,0.8,1.2,1.8,,,,,,,,,,,75.0,,27.500000000000004,21.0,6-9,234,81
202397,Ish Smith,WAS,6,24.0,10.5,2.7,6.7,5.0,9.8,0.5,1.2,0.0,0.0,april,2021-22,20.2,37.4,53.4,12.0,64.2,5.7,5.35,22.2,0.3,0.0,0.8,,,,,,,,,,,76.5,,12.244897959183671,24.0,6-0,175,72
203095,Evan Fournier,NYK,5,26.3,10.4,2.6,2.8,3.6,9.8,2.2,6.8,1.0,1.2,april,2021-22,18.3,15.7,50.3,6.9,37.4,1.6,2.59,25.2,0.0,0.0,0.2,,,,,,,,,,,84.6,,69.3877551020408,26.3,6-6,205,78
1630173,Precious Achiuwa,TOR,6,23.2,10.3,3.0,1.0,3.7,8.3,1.3,3.8,1.7,2.7,april,2021-22,19.9,6.9,54.3,6.3,28.8,1.1,2.3,17.8,0.8,0.5,1.7,,22.2,,13.5,,24.7,,12.0,,17.1,72.4,,45.783132530120476,23.2,6-8,225,80
1629667,Jalen McDaniels,CHA,5,16.0,10.2,3.0,1.8,3.6,5.6,1.4,2.2,1.6,1.6,april,2021-22,17.8,13.2,80.9,15.8,26.4,0.9,1.96,12.6,0.6,0.2,1.2,,,,,,,,,,,30.8,,39.28571428571429,16.0,6-9,205,81
1629013,Landry Shamet,PHX,6,23.4,10.2,2.3,1.5,4.2,10.2,1.7,6.2,0.2,0.2,april,2021-22,18.6,10.1,49.6,5.9,31.5,1.2,2.37,20.2,0.3,0.0,0.3,,22.7,,,,51.6,10.2,,,,80.0,,60.7843137254902,23.4,6-4,190,76
1629962,Devin Cannady,ORL,5,28.9,10.0,1.2,2.0,3.0,8.8,3.0,7.4,1.0,1.4,april,2021-22,15.6,10.2,53.1,4.4,34.6,1.3,2.26,22.4,0.0,0.0,0.2,,,,,,,,,,,66.7,,84.09090909090908,28.9,6-2,183,74
1630249,Vít Krejčí,OKC,6,36.1,10.0,5.2,3.7,4.2,11.0,0.8,5.0,0.8,1.2,april,2021-22,15.7,15.6,43.4,4.9,66.0,3.4,3.09,45.0,0.2,0.0,1.3,,19.7,8.4,5.3,,33.4,12.5,,12.2,,80.0,,45.45454545454545,36.1,6-8,195,80
202355,Hassan Whiteside,UTA,5,15.2,9.8,7.4,0.8,3.8,5.6,0.0,0.0,2.2,3.6,april,2021-22,20.2,9.8,68.2,19.4,15.6,0.3,1.29,11.6,1.0,1.2,7.8,,,,,,,,,,,57.1,,0.0,15.2,7-0,265,84
1630587,Isaiah Livers,DET,5,29.3,9.8,4.6,1.6,3.2,6.2,1.8,3.6,1.6,1.8,april,2021-22,11.9,7.8,70.1,8.2,45.0,1.4,1.9,27.8,0.2,0.0,1.2,,,,,,49.1,,,,,76.0,,58.06451612903226,29.3,6-6,232,78
1626224,Cedi Osman,CLE,5,18.7,9.6,2.4,2.0,3.2,6.2,1.8,4.2,1.4,1.8,april,2021-22,18.5,15.9,68.6,10.8,27.2,1.2,2.55,19.2,0.4,0.0,0.4,,,,,,,,,,,85.7,,67.74193548387098,18.7,6-7,230,79
203937,Kyle Anderson,MEM,5,22.8,9.6,5.6,3.6,3.8,7.0,0.8,1.8,1.2,1.6,april,2021-22,16.2,23.4,62.3,13.1,43.0,2.2,3.0,21.0,0.8,0.0,1.4,12.6,16.5,7.9,,,17.3,,14.2,,8.7,53.3,,25.71428571428572,22.8,6-9,230,81
1630256,Jae'Sean Tate,HOU,5,26.7,9.4,4.2,2.4,3.6,8.6,0.8,2.2,1.4,2.0,april,2021-22,15.9,11.7,49.6,4.6,32.2,1.1,2.11,20.8,1.0,1.0,4.6,,,,,,,,,,,52.6,,25.581395348837212,26.7,6-4,230,76
202357,Nemanja Bjelica,GSW,5,19.7,9.4,6.0,3.8,3.4,5.6,1.2,2.4,1.4,1.4,april,2021-22,16.9,27.1,75.6,19.0,45.2,1.4,1.84,27.0,0.8,0.4,3.2,,,,,,,,,,,78.3,,42.85714285714286,19.7,6-9,234,81
1630530,Trey Murphy III,NOP,6,18.3,9.3,3.2,0.3,3.0,7.2,1.8,4.7,1.5,1.5,april,2021-22,18.4,2.5,59.6,9.3,18.2,0.5,1.6,13.3,0.7,0.0,1.7,6.6,20.1,16.5,2.1,,23.4,9.4,8.3,7.1,3.2,46.7,,65.27777777777779,18.3,6-8,206,80
1630314,Brandon Williams,POR,5,26.3,9.2,2.8,4.6,3.0,9.8,1.0,3.2,2.2,2.8,april,2021-22,22.1,28.8,41.7,5.5,62.4,5.0,4.83,25.6,0.6,0.0,0.4,10.6,20.5,35.5,,,19.9,5.0,,,,57.9,,32.6530612244898,26.3,6-2,190,74
1629130,Duncan Robinson,MIA,5,20.8,9.2,1.8,1.6,3.0,7.0,2.8,6.8,0.4,0.6,april,2021-22,15.8,10.8,63.3,8.1,24.2,0.6,1.46,15.2,0.0,0.0,0.2,,18.5,7.9,4.3,,31.2,11.7,,18.8,,70.0,,97.14285714285714,20.8,6-7,215,79
1630529,Herbert Jones,NOP,5,28.7,9.2,3.6,1.4,3.0,6.8,0.8,3.0,2.4,3.0,april,2021-22,12.7,6.5,56.7,6.7,39.2,1.5,2.24,21.2,0.6,0.0,2.2,,22.4,10.8,,,37.7,6.3,5.4,,,45.5,,44.11764705882353,28.7,6-7,206,79
1630563,Joshua Primo,SAS,6,26.9,9.2,2.3,3.0,3.0,7.8,1.3,3.7,1.8,2.5,april,2021-22,16.9,15.5,51.3,4.9,36.3,2.0,3.22,21.8,0.8,0.0,1.3,,,,,,,,,,,50.0,,47.43589743589744,26.9,6-4,189,76
203110,Draymond Green,GSW,5,28.0,9.0,7.0,6.6,3.6,6.2,0.6,0.8,1.2,1.4,april,2021-22,15.1,32.0,66.0,12.9,76.4,3.0,2.38,39.4,2.4,0.8,2.6,,9.4,5.1,10.2,,39.8,,10.2,,2.7,46.2,,12.903225806451612,28.0,6-6,230,78
1630535,Greg Brown III,POR,6,24.2,9.0,4.5,1.5,3.0,6.7,1.5,3.2,1.5,1.7,april,2021-22,16.6,9.7,60.8,7.1,32.2,1.0,1.92,17.0,0.5,0.0,2.2,,,,,,,,,,,78.6,,47.76119402985074,24.2,6-7,206,79
1628966,Keita Bates-Diop,SAS,6,19.0,9.0,4.5,0.8,4.0,6.8,0.0,1.0,1.0,1.2,april,2021-22,18.6,7.0,61.3,10.7,24.0,0.7,1.78,15.0,1.0,0.3,4.2,,,,,,,,,,,55.0,,14.705882352941178,19.0,6-8,229,80
1629650,Moses Brown,CLE,5,18.1,9.0,7.8,0.0,3.8,6.2,0.0,0.0,1.4,2.4,april,2021-22,19.5,0.0,62.0,12.2,28.2,0.7,1.44,10.4,1.6,0.4,6.8,,,,,,,,,,,59.1,,0.0,18.1,7-2,245,86
1626169,Stanley Johnson,LAL,6,27.6,8.8,4.7,1.5,2.7,6.7,0.7,3.2,2.8,4.3,april,2021-22,15.6,7.4,51.5,5.0,42.3,1.5,2.18,22.5,0.5,0.2,1.2,,,,,,,,,,,59.1,,47.76119402985074,27.6,6-6,242,78
1629661,Cameron Johnson,PHX,6,25.2,8.7,4.5,1.7,3.0,9.7,1.2,6.0,1.5,2.0,april,2021-22,19.4,8.9,41.1,4.8,36.5,1.2,2.01,22.3,0.7,0.0,0.8,,25.0,8.2,,,26.5,15.3,6.7,4.9,,63.2,,61.855670103092784,25.2,6-8,210,80
1627863,Danuel House Jr.,UTA,5,24.9,8.6,3.2,0.4,2.6,6.8,1.6,4.6,1.8,2.6,april,2021-22,15.8,2.2,54.1,6.0,29.8,0.9,1.82,15.6,0.0,0.0,1.0,,,,,,,,,,,40.0,,67.6470588235294,24.9,6-6,220,78
1628367,Josh Jackson,SAC,5,18.5,8.6,3.0,0.6,2.8,7.0,0.6,2.0,2.4,3.4,april,2021-22,23.0,5.2,50.6,5.9,25.8,1.1,2.6,15.4,0.2,0.6,2.4,,,,,,,,,,,68.8,,28.57142857142857,18.5,6-8,207,80
202362,Lance Stephenson,IND,5,15.5,8.4,2.4,5.0,3.0,5.8,0.6,0.8,1.8,2.2,april,2021-22,21.2,50.0,62.1,12.6,37.6,2.7,4.27,14.8,0.4,0.0,0.0,,,,,,,,,,,100.0,,13.793103448275861,15.5,6-5,210,77
203493,Reggie Bullock Jr.,DAL,5,31.8,8.4,3.8,1.4,2.8,7.0,2.0,5.4,0.8,0.8,april,2021-22,11.4,5.4,57.1,4.0,31.0,0.7,1.34,22.0,0.0,0.0,0.4,,,,,,,,,,,75.0,,77.14285714285715,31.8,6-6,205,78
1629684,Grant Williams,BOS,5,27.4,8.2,4.2,0.8,2.8,6.0,1.2,3.4,1.4,1.4,april,2021-22,12.3,3.3,62.0,5.4,29.0,0.9,1.82,13.8,0.0,0.2,1.0,,,,,,38.2,,,,,47.6,,56.666666666666664,27.4,6-6,236,78
1630191,Isaiah Stewart,DET,5,19.2,8.2,8.4,1.8,2.8,5.8,1.4,2.0,1.2,1.2,april,2021-22,14.9,15.0,64.8,12.8,36.4,1.0,1.64,21.2,1.0,0.6,5.6,,10.3,,13.9,10.3,23.9,,19.2,,11.8,50.0,,34.48275862068966,19.2,6-8,250,80
1630205,Lamar Stevens,CLE,5,21.5,8.2,3.6,1.0,3.4,7.4,0.0,1.4,1.4,1.8,april,2021-22,17.6,6.6,50.0,6.6,24.8,1.1,2.65,14.0,0.4,0.4,2.4,,,,,,,,,,,58.8,,18.918918918918916,21.5,6-6,230,78
201580,JaVale McGee,PHX,6,19.3,8.0,8.3,0.5,3.5,6.7,0.0,0.2,1.0,1.8,april,2021-22,19.0,4.2,53.5,12.0,30.5,0.8,1.64,15.8,3.7,1.8,5.8,,,,,,,,,,,74.1,,2.9850746268656714,19.3,7-0,270,84
203200,Justin Holiday,SAC,5,21.3,8.0,1.8,1.8,2.8,6.0,2.4,3.8,0.0,0.0,april,2021-22,13.6,13.2,66.7,7.4,22.0,0.7,1.8,14.4,0.4,0.0,0.6,,,,,,,,,,,62.5,,63.33333333333333,21.3,6-6,180,78
1629604,CJ Elleby,POR,6,28.4,7.8,4.0,2.5,3.0,7.2,1.2,3.5,0.7,1.3,april,2021-22,14.1,14.9,50.5,6.7,39.2,1.7,2.67,21.2,0.7,0.0,1.0,,,,,,,,,,,52.0,,48.61111111111111,28.4,6-6,200,78
1628470,Torrey Craig,PHX,6,18.4,7.8,2.3,0.8,3.0,6.5,1.8,4.5,0.0,0.0,april,2021-22,16.1,7.8,60.3,6.9,24.2,0.7,1.64,14.2,0.5,0.0,2.2,,,,,,,,,,,66.7,,69.23076923076923,18.4,6-7,221,79
1629723,John Konchar,MEM,5,20.8,7.8,5.6,3.2,3.2,5.4,1.0,2.0,0.4,1.0,april,2021-22,11.8,20.3,66.8,11.2,42.8,2.2,3.03,17.6,1.8,0.2,2.4,,34.2,,,,42.5,,,,,71.0,,37.03703703703704,20.8,6-5,210,77
1629651,Nic Claxton,BKN,5,22.6,7.8,6.8,1.2,3.6,5.4,0.0,0.0,0.6,1.0,april,2021-22,12.0,6.9,66.8,9.3,28.2,0.8,1.66,14.6,2.4,0.0,5.8,14.1,15.5,3.9,11.1,4.5,10.9,,15.5,,13.4,47.1,,0.0,22.6,6-11,215,83
1628998,Cody Martin,CHA,5,25.2,7.6,3.6,2.8,3.2,4.8,0.6,1.8,0.6,0.6,april,2021-22,9.2,13.2,75.0,9.7,29.6,1.2,2.34,16.6,0.6,0.0,0.8,,,,,,,,,,,72.0,,37.5,25.2,6-6,205,78
1630556,Kessler Edwards,BKN,5,24.9,7.6,4.4,0.8,3.0,7.4,0.8,3.4,0.8,0.8,april,2021-22,13.5,3.8,49.0,4.7,31.4,0.8,1.57,15.0,0.6,0.0,2.0,,,,,,,,,,,60.0,,45.945945945945944,24.9,6-7,203,79
201980,Danny Green,PHI,6,23.3,7.5,3.3,2.0,2.5,5.3,2.3,4.5,0.2,0.3,april,2021-22,11.9,10.9,68.4,7.8,29.8,0.7,1.35,16.7,0.2,0.0,1.5,,,,,,,,,,,70.8,,84.90566037735849,23.3,6-6,215,78
1626204,Larry Nance Jr.,NOP,6,20.5,7.5,4.0,1.2,3.0,5.7,0.5,1.0,1.0,1.0,april,2021-22,15.6,8.5,61.4,7.2,29.7,1.0,1.94,19.8,3.3,0.7,4.0,,20.3,,,,36.7,,22.8,,,73.3,,17.543859649122805,20.5,6-7,245,79
1630231,KJ Martin,HOU,5,21.6,7.4,2.2,1.0,2.8,6.0,0.8,3.4,1.0,1.4,april,2021-22,13.0,6.3,55.9,5.8,31.2,0.8,1.52,17.8,1.0,0.0,1.8,,,,,,,,,,,54.5,,56.666666666666664,21.6,6-5,215,77
201988,Patty Mills,BKN,5,26.8,7.4,1.2,1.6,2.4,6.6,2.2,6.0,0.4,0.6,april,2021-22,12.5,7.5,53.9,3.1,27.8,1.0,2.1,17.8,0.0,0.0,0.2,,,,,,,,,,,75.0,,90.90909090909092,26.8,6-0,180,72
1630230,Naji Marshall,NOP,6,17.2,7.3,2.2,1.8,2.5,5.8,0.0,1.3,2.3,2.7,april,2021-22,19.2,15.5,52.3,6.3,33.0,1.3,2.38,18.3,0.3,0.0,0.8,5.6,31.6,10.9,3.9,,29.1,,6.0,2.4,2.4,66.7,,22.413793103448278,17.2,6-7,220,79
1629117,Wenyen Gabriel,LAL,6,17.5,7.3,4.2,0.8,3.0,4.8,0.2,0.3,1.2,2.2,april,2021-22,15.6,7.1,63.4,7.4,20.2,0.6,1.7,13.3,3.2,0.2,4.8,,,,,,,,,,,47.8,,6.25,17.5,6-9,205,81
1630264,Anthony Gill,WAS,5,18.6,7.2,3.6,1.2,2.2,5.4,0.6,1.4,2.2,2.2,april,2021-22,17.8,8.6,56.5,6.5,21.8,0.6,1.66,15.2,0.2,0.4,1.8,,,,,,,,,,,66.7,,25.925925925925924,18.6,6-7,230,79
1628984,Devonte' Graham,NOP,5,17.5,7.2,0.4,2.8,2.4,5.4,1.2,3.8,1.2,1.4,april,2021-22,16.3,25.0,59.8,9.1,32.6,2.2,3.96,15.2,0.0,0.0,0.0,,,,,,,,,,,73.3,,70.37037037037037,17.5,6-1,195,73
1627780,Gary Payton II,GSW,5,21.3,7.2,4.0,1.6,3.2,5.6,0.4,1.6,0.4,0.4,april,2021-22,12.7,10.7,62.3,11.7,27.6,0.7,1.45,15.8,2.2,0.6,3.8,,14.6,,9.3,,21.5,,29.8,,9.8,54.5,,28.571428571428577,21.3,6-3,195,75
1629750,Javonte Green,CHI,5,22.2,7.2,4.4,0.6,3.0,5.8,0.6,1.8,0.6,0.6,april,2021-22,11.5,3.7,59.4,9.2,28.0,0.6,1.19,13.2,0.8,0.0,1.8,,23.5,,3.7,,41.2,,14.7,,4.8,76.9,,31.03448275862069,22.2,6-5,205,77
1629675,Naz Reid,MIN,5,15.6,7.2,3.2,0.6,2.8,6.6,1.0,3.2,0.6,0.8,april,2021-22,22.5,6.7,51.8,4.3,30.4,0.8,1.54,20.0,2.2,0.8,2.2,3.8,17.2,4.8,9.1,8.1,30.7,4.7,3.6,8.4,4.3,73.3,,48.48484848484849,15.6,6-9,264,81
203087,Jeremy Lamb,SAC,5,18.2,7.0,2.2,2.0,2.4,5.6,0.8,3.0,1.4,1.4,april,2021-22,17.3,18.2,56.3,9.0,31.2,1.8,3.48,15.6,0.0,0.0,0.6,,,,,,,,,,,47.8,,53.57142857142857,18.2,6-5,180,77
203486,Mason Plumlee,CHA,5,19.1,7.0,5.2,2.4,3.0,3.8,0.0,0.0,1.0,2.4,april,2021-22,15.2,15.8,72.1,8.5,29.6,1.0,1.97,19.6,3.0,1.0,4.4,,,,,,,,,,,59.1,,0.0,19.1,6-11,254,83
1626192,Pat Connaughton,MIL,5,21.3,7.0,2.8,1.8,2.4,6.8,1.6,5.0,0.6,0.6,april,2021-22,14.3,9.4,49.5,5.7,27.0,0.7,1.45,17.4,0.2,0.0,1.2,,,,,,,,,,,83.3,,73.52941176470588,21.3,6-5,209,77
1627884,Derrick Jones Jr.,CHI,5,18.9,6.8,2.8,1.0,2.2,4.4,0.8,2.2,1.6,1.8,april,2021-22,13.2,6.6,65.5,7.0,22.2,0.5,1.29,12.2,1.0,0.0,2.0,,18.3,,,,46.0,,13.5,,7.9,52.9,,50.0,18.9,6-6,210,78
1629162,Jordan McLaughlin,MIN,5,18.2,6.6,1.4,2.8,2.2,3.4,1.6,2.4,0.6,0.6,april,2021-22,9.8,19.4,90.1,9.8,34.8,2.3,4.0,12.4,0.4,0.0,0.6,,,,,,,,,,,44.4,,70.58823529411765,18.2,5-11,185,71
202684,Tristan Thompson,CHI,5,16.0,6.6,5.0,0.2,2.8,4.6,0.0,0.0,1.0,2.0,april,2021-22,15.4,1.9,60.2,9.1,17.4,0.6,2.05,12.4,0.8,1.6,4.2,,,,,,,,,,,83.3,,0.0,16.0,6-9,254,81
1630171,Isaac Okoro,CLE,5,27.5,6.2,2.0,1.4,2.4,4.0,0.4,1.2,1.0,2.4,april,2021-22,8.5,6.3,61.3,3.9,22.6,0.8,2.09,16.2,0.2,0.0,1.8,,25.9,,,,41.6,,10.8,,5.2,45.5,,30.0,27.5,6-5,225,77
203210,JaMychal Green,DEN,5,17.1,6.2,4.0,1.4,2.6,4.0,0.0,0.4,1.0,1.2,april,2021-22,12.4,10.8,68.5,8.4,21.4,0.4,1.25,13.0,2.0,0.4,4.8,,,,,,,,,,,72.7,,10.0,17.1,6-8,227,80
1630214,Xavier Tillman,MEM,5,18.4,6.2,2.8,2.8,2.4,6.0,0.2,1.8,1.2,2.0,april,2021-22,14.5,20.0,45.1,7.6,30.4,1.0,1.96,18.4,4.0,1.2,3.0,,,,,,,,,,,84.2,,30.0,18.4,6-8,245,80
1630631,Jose Alvarado,NOP,6,16.3,6.2,1.8,3.5,2.7,5.7,0.2,1.8,0.7,1.5,april,2021-22,17.9,32.8,48.7,11.1,36.0,2.9,4.77,13.3,0.2,0.0,0.3,4.2,20.0,27.3,,,30.0,3.8,3.8,,,71.4,,31.57894736842105,16.3,6-0,179,72
1628432,Davon Reed,DEN,5,18.2,6.0,2.2,1.8,2.4,4.0,0.8,1.4,0.4,1.0,april,2021-22,11.4,13.2,67.6,7.4,36.4,2.0,3.29,14.8,0.2,0.2,0.8,,,,,,,,,,,81.8,,35.0,18.2,6-5,206,77
201152,Thaddeus Young,TOR,6,20.0,5.8,5.0,2.3,2.2,5.2,0.5,2.0,1.0,1.7,april,2021-22,14.1,14.1,49.4,9.6,29.2,0.9,1.85,14.5,0.8,0.7,3.3,,,,,,,,,,,85.7,,38.46153846153846,20.0,6-8,235,80
203107,Tomas Satoransky,WAS,6,20.2,5.8,2.7,7.2,2.3,4.3,0.3,1.0,0.8,1.0,april,2021-22,13.7,43.4,61.1,10.3,50.3,4.1,4.86,15.0,0.3,0.2,0.8,,,,,,,,,,,64.3,,23.25581395348837,20.2,6-7,210,79
201959,Taj Gibson,NYK,5,19.0,5.8,4.4,1.0,2.0,5.0,0.4,1.8,1.4,1.6,april,2021-22,14.3,8.8,50.8,8.6,22.4,0.5,1.35,14.0,1.2,1.8,2.6,,,,,,,,,,,44.4,,36.0,19.0,6-9,232,81
1630579,Jericho Sims,NYK,5,28.6,5.6,9.4,1.2,2.2,3.4,0.0,0.0,1.2,2.2,april,2021-22,8.3,5.8,64.1,9.2,33.6,0.7,1.2,15.0,1.2,0.2,7.4,,,,26.0,,,,32.5,,,52.9,,0.0,28.6,6-9,250,81
1630168,Onyeka Okongwu,ATL,5,19.7,5.6,6.0,1.2,2.2,3.4,0.0,0.0,1.2,1.6,april,2021-22,11.3,9.0,68.2,10.4,27.4,0.6,1.36,14.8,2.2,0.4,5.2,1.6,15.5,2.1,11.6,6.9,28.0,3.2,11.2,3.4,7.5,50.0,,0.0,19.7,6-8,240,80
1630182,Josh Green,DAL,5,15.7,5.4,3.2,1.0,2.2,3.8,0.8,2.2,0.2,0.4,april,2021-22,11.9,8.9,67.9,7.8,17.6,0.5,1.7,10.2,1.0,0.0,1.4,,28.0,,,,61.3,,,,,100.0,,57.89473684210527,15.7,6-5,200,77
201577,Robin Lopez,ORL,5,15.5,5.4,2.8,1.2,2.0,4.4,0.0,0.2,1.4,1.8,april,2021-22,15.8,12.0,52.0,6.0,18.2,0.7,2.41,13.2,1.8,1.8,2.4,,,,,,,,,,,45.5,,4.545454545454546,15.5,7-0,281,84
1629712,Didi Louzada,POR,6,18.5,5.0,2.2,0.7,1.7,4.0,1.3,2.5,0.3,0.3,april,2021-22,12.0,6.8,60.3,4.8,21.5,1.0,2.67,13.7,0.0,0.0,0.2,,,,,,,,,,,66.7,,62.5,18.5,6-5,188,77
1629680,Matisse Thybulle,PHI,5,25.0,5.0,2.0,1.8,2.2,4.4,0.6,2.0,0.0,0.0,april,2021-22,8.1,8.0,56.8,4.7,18.2,0.3,1.08,10.6,0.4,0.0,3.0,,,,,,,,,,,71.4,,45.45454545454545,25.0,6-5,201,77
203085,Austin Rivers,DEN,5,23.5,4.8,1.6,0.8,1.8,4.4,0.6,2.6,0.6,0.8,april,2021-22,9.5,4.1,50.5,1.9,23.8,1.0,2.65,14.0,0.2,0.0,0.2,,,,,,,,,,,66.7,,59.09090909090908,23.5,6-4,200,76
1628975,Jevon Carter,MIL,5,18.4,4.8,2.2,3.4,2.0,4.8,0.8,1.8,0.0,0.0,april,2021-22,11.2,21.8,50.0,6.7,30.8,2.3,4.42,9.8,0.4,0.0,0.0,,21.5,17.2,,,45.2,,,,,50.0,,37.5,18.4,6-1,200,73
201588,George Hill,MIL,5,17.3,4.2,2.4,2.0,1.4,4.0,0.2,1.4,1.2,1.2,april,2021-22,12.0,13.7,46.4,5.8,27.2,2.0,4.42,9.6,0.0,0.0,1.0,,,,,,,,,,,62.5,,35.0,17.3,6-4,188,76
1629020,Jarred Vanderbilt,MIN,5,23.8,4.0,5.6,0.8,1.6,2.8,0.0,0.2,0.8,1.4,april,2021-22,8.1,4.0,58.5,4.8,30.2,0.7,1.44,8.4,0.2,0.0,3.8,,18.0,,,,32.3,,16.9,,14.3,85.0,,7.142857142857144,23.8,6-9,214,81
1629833,Keljin Blevins,POR,6,16.4,3.8,1.8,0.5,1.3,5.3,0.8,3.8,0.3,0.5,april,2021-22,17.1,4.9,34.5,1.6,21.5,0.8,2.36,11.3,0.3,0.0,0.3,,,,,,,,,,,100.0,,71.69811320754717,16.4,6-4,200,76
1626153,Delon Wright,ATL,5,20.6,3.6,3.2,2.2,1.0,3.0,0.6,2.2,1.0,1.2,april,2021-22,7.6,14.7,51.0,10.5,32.8,2.4,4.3,10.8,0.2,0.0,0.6,,,,,,,,,,,75.0,,73.33333333333334,20.6,6-5,185,77
203920,Khem Birch,TOR,6,16.7,3.2,4.2,0.7,1.5,3.2,0.0,0.3,0.2,0.2,april,2021-22,9.6,5.3,48.9,5.0,18.2,0.4,1.49,10.5,0.7,0.0,3.8,,,,,,,,,,,45.5,,9.374999999999998,16.7,6-9,233,81
1630586,Usman Garuba,HOU,5,17.1,2.6,7.0,1.6,1.2,2.4,0.2,0.6,0.0,0.0,april,2021-22,6.7,10.5,54.2,8.3,23.8,0.5,1.22,9.0,1.2,0.0,3.6,,,,,,,,,,,81.3,,25.0,17.1,6-8,229,80
201571,D.J. Augustin,LAL,6,18.9,2.5,0.8,1.7,0.7,4.0,0.5,3.2,0.7,0.7,april,2021-22,10.8,12.8,29.1,-0.7,28.5,2.0,4.22,13.7,0.2,0.0,0.0,,,,,,,,,,,71.4,,80.0,18.9,5-11,183,71
