PLAYER_ID,PLAYER,TEAM,GP,MIN,PTS,REB,AST,FGM,FGA,FG3M,FG3A,FTM,FTA,Month,Season,USG_Pct,AST_Pct,TS_Pct,PIE,TOUCHES,TIME_OF_POSS,AVG_SEC_PER_TOUCH,FRONT_CT_TOUCHES,ELBOW_TOUCHES,POST_TOUCHES,PAINT_TOUCHES,Isolation_Freq,Transition_Freq,PnR_Handler_Freq,RollMan_Freq,PostUp_Freq,SpotUp_Freq,Handoff_Freq,Cut_Freq,OffScreen_Freq,Putbacks_Freq,DFG_Rim_Pct,FGM_Pct_UAST,FGM_AST_Pct,Unassisted_FG_Pct,ThreePt_Rate,MPG,Height,Weight,Height_Inches
203076,Anthony Davis,DAL,5,35.9,30.6,12.2,3.0,10.6,19.4,0.4,1.6,9.0,11.8,october,2024-25,30.4,15.0,62.2,19.2,75.4,3.2,2.54,44.2,5.4,5.2,7.8,11.5,10.3,5.8,19.3,12.5,9.8,,8.8,,14.5,62.9,39.6,60.4,39.6,8.247422680412372,35.9,6-10,253.0,82
203507,Giannis Antetokounmpo,MIL,5,34.5,30.4,11.6,5.8,12.2,18.6,0.0,0.6,6.0,11.4,october,2024-25,33.9,34.9,64.4,20.1,84.8,5.6,3.97,38.2,6.4,4.6,5.0,10.9,26.0,7.7,6.4,20.2,6.1,,7.9,,8.9,57.7,60.7,39.3,60.7,3.225806451612903,34.5,6-11,243.0,83
1628369,Jayson Tatum,BOS,5,35.4,30.2,7.0,5.2,10.2,21.0,4.6,12.2,5.2,7.0,october,2024-25,30.1,23.4,62.7,17.0,80.0,4.6,3.43,47.8,2.4,1.4,2.6,,,,,,,,,,,66.7,68.6,31.4,68.6,58.09523809523809,35.4,6-8,210.0,80
1631094,Paolo Banchero,ORL,5,36.4,29.0,8.8,5.6,9.6,19.4,2.2,6.4,7.6,11.8,october,2024-25,31.1,27.7,59.0,15.9,79.0,5.4,4.06,41.0,1.8,1.2,3.8,14.7,19.8,19.4,5.2,9.3,15.4,2.6,4.7,3.6,2.6,60.9,50.0,50.0,50.0,32.98969072164949,36.4,6-10,250.0,82
1629027,Trae Young,ATL,5,38.3,28.2,5.2,11.6,7.8,19.4,3.0,10.0,9.6,10.6,october,2024-25,30.9,46.8,58.6,15.1,107.0,9.1,5.12,37.0,0.6,0.0,1.2,12.0,20.4,39.3,,,8.4,10.5,,,,85.0,69.2,30.8,69.2,51.54639175257733,38.3,6-1,164.0,73
1630224,Jalen Green,HOU,5,34.8,27.6,5.4,3.0,9.4,21.8,4.4,10.8,4.4,5.4,october,2024-25,30.0,15.3,57.1,14.8,68.2,5.8,5.1,28.4,0.2,0.0,0.8,,,,,,,,,,,34.5,66.0,34.0,66.0,49.54128440366973,34.8,6-4,186.0,76
1630560,Cam Thomas,BKN,5,35.1,27.4,4.2,2.6,8.6,19.8,2.8,8.0,7.4,8.0,october,2024-25,31.2,13.7,58.7,12.8,65.6,4.4,4.01,41.6,0.2,0.2,1.2,16.4,12.0,28.1,,,12.0,17.8,,,,54.5,46.5,53.5,46.5,40.4040404040404,35.1,6-3,210.0,75
1629029,Luka Dončić,LAL,5,37.3,27.2,8.4,6.0,9.6,24.8,2.8,9.6,5.2,6.8,october,2024-25,33.7,27.3,48.9,13.5,78.6,6.8,5.15,29.2,0.4,2.0,1.4,16.0,14.3,36.3,,7.6,8.7,2.3,1.3,7.4,1.7,57.9,66.7,33.3,66.7,38.70967741935484,37.3,6-6,230.0,78
201142,Kevin Durant,PHX,5,39.7,26.8,6.6,3.2,9.4,17.6,2.4,5.2,5.6,7.0,october,2024-25,27.3,14.8,64.8,14.0,71.2,4.2,3.51,45.4,1.2,1.4,1.4,20.8,13.5,18.4,1.7,7.3,15.2,7.5,2.3,7.5,1.1,50.0,36.2,63.8,36.2,29.54545454545454,39.7,6-11,240.0,83
1626164,Devin Booker,PHX,5,36.3,26.4,3.2,5.0,8.0,16.6,3.6,8.0,6.8,7.8,october,2024-25,26.9,21.6,65.9,13.2,59.2,3.9,3.94,40.0,1.0,0.2,1.0,14.0,15.7,33.1,1.8,3.8,9.5,7.5,1.6,7.5,1.7,68.2,32.5,67.5,32.5,48.192771084337345,36.3,6-6,206.0,78
1627759,Jaylen Brown,BOS,5,35.9,25.8,7.4,3.6,8.8,22.2,2.4,7.8,5.8,7.4,october,2024-25,32.5,15.5,50.7,11.3,61.4,4.5,4.36,29.2,1.2,1.4,3.2,20.6,20.4,22.2,1.8,4.7,13.0,4.1,1.1,7.4,1.8,73.7,65.9,34.1,65.9,35.13513513513514,35.9,6-6,223.0,78
1630595,Cade Cunningham,DET,5,36.7,25.6,5.6,7.4,9.6,20.4,2.8,7.0,3.6,4.2,october,2024-25,32.4,36.6,57.5,13.8,96.0,8.2,5.13,38.8,1.0,1.4,1.2,11.5,17.5,38.7,,3.5,8.5,8.4,1.6,4.4,1.3,55.6,68.8,31.3,68.8,34.31372549019608,36.7,6-6,220.0,78
1626181,Norman Powell,LAC,5,33.3,25.4,3.0,1.6,9.4,19.0,3.8,9.2,2.8,3.4,october,2024-25,26.7,7.8,62.0,12.9,43.6,2.1,2.91,31.4,0.2,0.0,0.2,10.9,24.6,11.3,,,32.5,3.8,1.5,10.9,,63.6,34.0,66.0,34.0,48.421052631578945,33.3,6-4,215.0,76
203471,Dennis Schröder,DET,5,35.4,24.6,2.0,8.2,8.2,15.0,4.2,7.6,4.0,4.6,october,2024-25,23.1,35.7,72.3,14.6,88.8,8.1,5.47,34.0,0.2,0.0,0.0,14.8,11.2,36.6,,,23.1,5.2,,,,55.0,63.4,36.6,63.4,50.66666666666666,35.4,6-1,175.0,73
202681,Kyrie Irving,DAL,5,36.8,24.6,4.6,5.6,9.2,19.2,3.8,6.4,2.4,2.8,october,2024-25,24.9,23.7,60.2,14.3,64.8,4.3,3.98,28.6,1.0,0.8,2.2,,,,,,,,,,,57.1,54.3,45.7,54.3,33.333333333333336,36.8,6-2,195.0,74
1628378,Donovan Mitchell,CLE,5,30.2,23.8,2.6,5.0,9.0,18.0,3.2,8.4,2.6,3.6,october,2024-25,31.3,26.9,60.8,15.0,56.8,4.5,4.78,23.4,0.0,0.6,0.8,11.4,22.8,34.1,1.5,,11.4,6.9,1.9,3.8,1.6,57.9,64.4,35.6,64.4,46.666666666666664,30.2,6-3,215.0,75
201935,James Harden,LAC,5,36.1,23.8,8.0,11.6,7.0,19.0,2.6,9.4,7.2,8.4,october,2024-25,33.3,48.3,52.4,15.2,94.0,8.3,5.28,40.6,1.4,0.0,1.0,42.5,13.1,25.0,,1.3,7.5,4.6,,,,58.3,62.9,37.1,62.9,49.47368421052632,36.1,6-5,220.0,77
203081,Damian Lillard,MIL,5,35.0,23.2,5.2,6.2,6.6,16.0,2.4,9.0,7.6,8.2,october,2024-25,26.9,27.0,59.2,13.2,85.2,7.3,5.11,30.2,0.6,0.0,0.6,,,,,,,,,,,76.2,75.8,24.2,75.8,56.25,35.0,6-2,195.0,74
203897,Zach LaVine,SAC,5,34.9,23.0,6.4,2.8,7.8,15.2,3.4,7.8,4.0,5.0,october,2024-25,24.6,13.0,66.1,11.9,62.8,3.7,3.58,31.2,0.8,0.6,1.2,9.3,23.5,19.5,4.0,,22.7,6.3,3.4,8.5,,76.5,41.0,59.0,41.0,51.31578947368421,34.9,6-5,200.0,77
1627742,Brandon Ingram,TOR,5,32.4,22.4,6.4,4.0,9.0,17.6,2.4,5.8,2.0,2.2,october,2024-25,27.2,23.0,60.3,14.9,70.8,4.5,3.85,41.8,1.0,2.2,2.4,13.8,16.6,16.2,,7.7,18.3,5.8,4.3,12.1,2.4,58.3,42.2,57.8,42.2,32.95454545454545,32.4,6-8,190.0,80
1627741,Buddy Hield,GSW,5,24.1,21.2,3.6,2.6,7.6,15.4,4.8,9.6,1.2,1.2,october,2024-25,28.2,19.1,66.5,20.0,46.8,1.4,1.82,32.8,0.6,0.2,1.6,,23.1,4.8,,,34.0,5.4,5.4,12.2,3.7,58.8,21.1,78.9,21.1,62.33766233766234,24.1,6-4,220.0,76
1631093,Jaden Ivey,DET,5,33.6,21.2,4.4,3.6,7.6,16.0,2.4,5.6,3.6,4.8,october,2024-25,25.8,18.6,58.5,11.1,61.0,4.7,4.6,28.6,0.8,0.0,1.2,5.6,26.4,11.6,,,34.3,5.6,,,,54.5,44.7,55.3,44.7,35.0,33.6,6-4,195.0,76
2544,LeBron James,LAL,5,33.6,21.2,6.8,6.6,7.6,15.6,2.0,5.2,4.0,5.2,october,2024-25,25.5,31.1,59.3,13.5,77.4,5.0,3.88,37.8,1.4,2.0,2.4,12.8,24.5,12.5,3.1,12.1,12.6,,5.7,7.5,1.9,75.0,44.7,55.3,44.7,33.333333333333336,33.6,6-9,250.0,81
1629014,Anfernee Simons,POR,5,33.9,20.6,1.6,5.0,6.6,17.0,2.6,8.4,4.8,5.2,october,2024-25,26.9,25.8,53.4,9.8,74.0,5.7,4.61,35.0,0.2,0.0,0.0,18.2,14.5,28.8,,,19.8,7.2,,4.9,,60.0,66.7,33.3,66.7,49.411764705882355,33.9,6-3,200.0,75
1627783,Pascal Siakam,IND,5,33.4,20.6,7.6,5.2,8.2,15.0,2.2,4.8,2.0,3.2,october,2024-25,23.2,26.0,62.8,17.6,53.6,2.1,2.4,35.6,4.0,4.2,6.0,13.3,20.6,13.9,6.5,11.3,16.2,3.0,3.2,4.0,5.0,65.5,34.1,65.9,34.1,32.0,33.4,6-8,245.0,80
1629630,Ja Morant,MEM,5,26.9,20.4,5.0,9.4,6.6,14.6,1.0,4.6,6.2,7.4,october,2024-25,31.6,51.1,57.1,17.9,65.2,5.8,5.34,25.6,0.6,0.2,1.4,14.1,19.6,40.4,,,11.0,5.0,2.4,,,61.9,75.8,24.2,75.8,31.506849315068493,26.9,6-2,174.0,74
202696,Nikola Vučević,CHI,5,33.1,20.2,11.0,3.4,7.6,15.2,2.2,4.8,2.8,3.0,october,2024-25,22.8,17.0,61.1,13.4,62.4,1.4,1.35,46.8,4.2,3.4,7.4,,12.5,,28.8,16.1,15.2,,10.0,3.6,7.6,69.0,21.1,78.9,21.1,31.57894736842105,33.1,6-10,260.0,82
1628401,Derrick White,BOS,5,33.2,19.2,3.8,4.0,6.6,12.0,3.6,7.6,2.4,2.6,october,2024-25,17.4,15.7,73.0,12.6,61.4,4.1,3.98,21.0,0.4,0.0,1.0,4.7,10.8,35.1,1.6,,25.9,9.5,1.3,5.1,1.7,67.9,30.3,69.7,30.3,63.33333333333333,33.2,6-4,190.0,76
1630596,Evan Mobley,CLE,5,29.1,19.2,8.2,2.2,7.6,13.4,0.8,1.6,3.2,3.6,october,2024-25,24.9,10.7,64.1,16.2,56.2,2.5,2.65,26.8,2.0,0.6,5.6,4.7,16.0,9.5,14.3,8.0,17.9,1.6,13.8,2.7,6.5,46.3,34.2,65.8,34.2,11.940298507462686,29.1,6-11,215.0,83
1627826,Ivica Zubac,LAC,5,35.4,19.2,13.2,3.0,8.0,13.2,0.0,0.0,3.2,5.2,october,2024-25,21.0,12.9,62.0,14.6,70.4,1.9,1.63,41.8,9.6,4.4,15.4,,5.5,,18.4,28.3,,,20.1,,20.3,50.0,10.0,90.0,10.0,0.0,35.4,7-0,240.0,84
1629632,Coby White,CHI,5,33.7,19.0,4.4,4.4,6.6,15.2,3.2,9.4,2.6,3.4,october,2024-25,22.6,19.8,56.9,9.9,64.8,3.2,2.99,33.4,0.2,0.0,0.0,7.7,29.3,29.6,,,20.9,3.1,,2.6,,75.9,42.4,57.6,42.4,61.8421052631579,33.7,6-5,195.0,77
1630217,Desmond Bane,ORL,5,26.5,18.8,5.4,2.8,7.0,14.4,2.6,6.4,2.2,2.4,october,2024-25,25.3,15.7,60.8,13.8,54.0,2.8,3.14,26.8,0.2,0.0,1.4,7.0,19.3,25.5,,,17.4,7.4,4.1,9.1,3.8,40.9,45.7,54.3,45.7,44.44444444444445,26.5,6-5,215.0,77
1641711,Gradey Dick,TOR,5,31.0,18.8,1.4,1.6,6.6,13.6,2.2,6.4,3.4,3.8,october,2024-25,21.1,7.0,61.6,8.0,39.2,1.1,1.65,30.8,1.2,0.0,2.0,,29.6,,4.5,,39.9,,5.2,9.6,3.4,69.2,9.1,90.9,9.1,47.05882352941177,31.0,6-6,200.0,78
203924,Jerami Grant,POR,5,33.0,18.6,4.8,1.8,6.4,16.8,3.0,8.4,2.8,3.6,october,2024-25,25.1,9.8,50.6,8.6,50.4,2.3,2.78,33.0,0.4,0.6,0.4,10.7,16.2,13.9,2.2,2.0,35.4,4.8,4.6,4.2,2.4,46.2,18.8,81.3,18.8,50.0,33.0,6-7,210.0,79
1641705,Victor Wembanyama,SAS,5,30.9,18.2,10.6,3.2,6.2,14.8,1.6,6.8,4.2,4.6,october,2024-25,27.5,18.0,54.1,16.3,56.8,2.4,2.57,41.2,5.2,4.6,7.4,14.5,16.8,6.7,8.2,11.7,13.5,2.6,8.6,7.5,6.1,40.5,51.6,48.4,51.6,45.945945945945944,30.9,7-3,235.0,87
1629636,Darius Garland,CLE,5,26.9,17.8,1.6,6.0,6.8,13.4,3.0,6.6,1.2,1.2,october,2024-25,26.2,30.0,63.9,12.2,57.6,4.5,4.64,21.6,0.4,0.0,0.6,6.7,16.2,41.8,,,17.1,5.4,3.1,2.9,,73.3,58.8,41.2,58.8,49.25373134328358,26.9,6-1,192.0,73
1630532,Franz Wagner,ORL,5,26.0,17.8,4.2,3.4,6.6,12.8,2.2,5.6,2.4,2.6,october,2024-25,25.7,21.8,63.8,14.5,46.4,2.5,3.26,27.4,1.2,1.0,4.0,7.6,20.4,22.9,2.9,6.9,16.6,3.2,6.7,3.6,4.4,66.7,27.3,72.7,27.3,43.74999999999999,26.0,6-10,220.0,82
1628386,Jarrett Allen,CLE,5,28.9,17.8,11.0,1.2,6.8,8.6,0.0,0.0,4.2,5.2,october,2024-25,17.4,5.6,81.7,20.7,42.2,1.1,1.49,23.4,3.6,0.4,9.6,,13.6,,20.9,7.8,4.1,,33.1,,9.2,55.6,11.8,88.2,11.8,0.0,28.9,6-9,243.0,81
1631110,Jeremy Sochan,SAS,5,32.0,17.0,8.2,3.2,7.0,14.6,0.4,1.8,2.6,4.0,october,2024-25,24.2,18.6,52.0,11.1,59.4,2.4,2.4,32.8,3.4,1.4,7.4,,18.9,,12.3,,28.3,,17.0,,,50.0,25.7,74.3,25.7,12.328767123287673,32.0,6-8,230.0,80
1630559,Austin Reaves,LAL,5,34.4,16.8,6.0,4.8,6.2,11.8,2.6,5.8,1.8,2.4,october,2024-25,19.3,20.3,65.3,10.4,73.2,4.6,3.74,36.8,1.2,0.0,2.4,13.5,15.8,35.6,,,14.0,5.6,,5.6,,66.7,41.9,58.1,41.9,49.15254237288135,34.4,6-5,197.0,77
1630552,Jalen Johnson,ATL,5,37.3,16.8,11.0,4.0,6.2,15.0,0.8,3.6,3.6,5.8,october,2024-25,22.3,16.1,47.9,9.4,102.4,4.1,2.38,43.6,1.0,0.8,4.2,7.9,22.5,23.7,2.9,4.5,14.4,7.3,6.8,1.8,4.0,59.1,32.3,67.7,32.3,24.000000000000004,37.3,6-8,219.0,80
1630591,Jalen Suggs,ORL,5,27.0,16.8,5.0,4.0,5.4,12.0,3.4,8.0,2.6,2.8,october,2024-25,24.5,26.7,63.5,16.1,65.6,4.5,4.1,27.8,0.4,0.4,1.2,6.6,24.5,25.2,,,20.4,7.3,,,4.0,60.0,25.9,74.1,25.9,66.66666666666666,27.0,6-5,205.0,77
1641722,Jordan Hawkins,NOP,5,31.1,16.2,5.0,1.2,5.4,12.2,2.6,6.4,2.8,3.0,october,2024-25,19.4,6.9,59.9,10.0,49.6,1.5,1.76,30.4,0.2,0.0,0.4,,14.0,12.3,,,34.6,16.2,,8.9,,73.0,11.1,88.9,11.1,52.459016393442624,31.1,6-5,190.0,77
1630202,Payton Pritchard,BOS,5,27.7,16.2,3.2,2.6,5.2,11.4,4.6,9.8,1.2,1.2,october,2024-25,19.0,13.5,67.9,11.3,48.8,2.9,3.53,19.2,1.4,0.0,1.2,12.8,16.2,25.6,1.9,,26.2,6.4,,5.1,1.8,76.9,19.2,80.8,19.2,85.96491228070175,27.7,6-1,195.0,73
1631097,Bennedict Mathurin,IND,5,25.8,15.8,4.6,1.6,5.0,9.0,1.4,3.6,4.4,5.6,october,2024-25,21.0,9.8,68.9,12.9,43.4,1.9,2.59,27.8,0.6,0.0,1.4,9.0,22.3,27.0,,,17.2,5.2,7.6,5.7,,54.2,40.0,60.0,40.0,40.0,25.8,6-5,210.0,77
202691,Klay Thompson,DAL,5,29.5,15.6,3.0,1.2,5.6,12.8,3.8,9.8,0.6,0.6,october,2024-25,18.4,5.7,59.7,9.7,29.4,0.9,1.91,19.8,0.2,0.2,0.8,,19.2,7.1,,,25.9,12.2,2.8,26.3,,54.5,10.7,89.3,10.7,76.5625,29.5,6-5,220.0,77
1629060,Rui Hachimura,LAL,5,34.2,15.6,7.2,1.8,5.8,12.6,1.6,2.8,2.4,3.0,october,2024-25,18.0,7.0,56.0,9.4,41.2,1.4,2.02,22.2,1.8,1.6,4.2,3.7,19.3,,3.1,9.5,40.5,,7.1,4.9,,50.0,24.1,75.9,24.1,22.22222222222222,34.2,6-8,230.0,80
1630703,Scoot Henderson,POR,5,27.8,15.6,3.4,5.6,5.2,11.8,1.0,3.4,4.2,5.0,october,2024-25,24.4,31.5,55.7,10.2,71.6,5.5,4.63,28.6,0.2,0.0,0.6,,,,,,,,,,,75.0,61.5,38.5,61.5,28.813559322033893,27.8,6-3,206.0,75
1630581,Josh Giddey,CHI,5,28.1,15.4,8.4,5.8,5.4,11.2,2.0,3.4,2.6,4.2,october,2024-25,21.9,32.6,59.0,14.4,74.8,4.4,3.5,30.2,1.0,0.0,2.4,5.0,22.8,38.8,,,16.0,4.5,4.3,,,68.3,40.7,59.3,40.7,30.35714285714286,28.1,6-8,216.0,80
1630578,Alperen Sengun,HOU,5,29.7,15.2,12.4,3.6,5.4,14.6,0.8,1.8,3.6,5.0,october,2024-25,24.6,19.8,45.2,14.7,59.2,2.5,2.51,40.6,5.6,5.0,6.4,14.9,13.5,5.2,9.2,21.7,11.8,,9.1,,7.4,60.9,51.9,48.1,51.9,12.328767123287673,29.7,6-11,243.0,83
1629661,Cameron Johnson,BKN,5,34.2,14.6,4.2,2.8,4.8,12.0,3.2,8.6,1.8,2.2,october,2024-25,17.1,12.3,56.3,7.7,46.8,1.4,1.84,33.0,0.6,0.0,0.6,,25.0,8.2,,,26.5,15.3,6.7,4.9,,72.7,12.5,87.5,12.5,71.66666666666667,34.2,6-8,210.0,80
1628381,John Collins,UTA,5,22.4,14.6,7.2,2.0,5.4,12.8,1.0,3.4,2.8,2.8,october,2024-25,28.6,19.6,52.0,13.3,45.2,1.4,1.88,26.0,1.8,1.2,5.8,,18.7,,6.3,9.1,33.6,2.3,10.3,,9.8,68.4,33.3,66.7,33.3,26.5625,22.4,6-9,226.0,81
1630169,Tyrese Haliburton,IND,5,34.6,14.6,5.0,6.6,5.4,15.6,2.2,8.8,1.6,2.4,october,2024-25,21.9,28.9,43.8,9.5,90.2,5.4,3.56,37.2,0.4,0.0,0.8,,,,,,,,,,,57.1,48.1,51.9,48.1,56.41025641025642,34.6,6-5,185.0,77
1629028,Deandre Ayton,POR,5,32.5,14.4,12.2,1.2,6.8,13.4,0.4,1.2,0.4,0.6,october,2024-25,19.0,6.7,52.7,13.3,62.4,1.7,1.65,36.4,6.0,1.8,11.0,,9.8,,28.6,9.5,2.9,,26.3,,13.6,62.5,35.3,64.7,35.3,8.955223880597014,32.5,7-0,252.0,84
1629012,Collin Sexton,UTA,5,23.2,14.2,2.6,2.0,4.6,10.0,0.4,2.0,4.6,5.4,october,2024-25,25.3,15.9,57.4,9.0,46.4,3.4,4.39,25.8,0.4,0.0,0.2,5.2,21.4,36.3,2.5,,20.6,4.3,2.5,,,61.1,65.2,34.8,65.2,20.0,23.2,6-3,190.0,75
1630583,Santi Aldama,MEM,6,28.6,13.8,7.0,3.2,5.3,10.3,1.8,4.7,1.3,1.3,october,2024-25,18.1,14.8,63.3,12.9,51.5,1.6,1.84,27.0,0.8,0.0,3.2,,22.8,2.3,8.8,4.1,40.1,,6.8,,7.0,69.7,3.1,96.9,3.1,45.631067961165044,28.6,7-0,215.0,84
1627751,Jakob Poeltl,TOR,5,31.8,13.8,12.6,2.4,5.6,10.0,0.0,0.0,2.6,3.4,october,2024-25,18.1,9.8,60.0,11.6,62.4,1.7,1.65,35.6,6.8,1.0,11.0,,13.0,,16.7,,,,40.7,,14.8,57.1,28.6,71.4,28.6,0.0,31.8,7-0,260.0,84
203501,Tim Hardaway Jr.,DET,5,30.6,13.6,1.2,1.6,3.8,8.2,3.2,6.0,2.8,3.0,october,2024-25,14.2,7.8,71.4,8.0,32.2,1.0,1.85,19.6,0.2,0.0,0.4,2.2,21.3,5.7,3.2,,32.4,12.1,2.8,15.8,,71.4,10.5,89.5,10.5,73.17073170731709,30.6,6-5,205.0,77
1641718,Keyonte George,UTA,5,31.6,13.2,3.4,6.2,4.2,15.0,1.6,8.0,3.2,4.2,october,2024-25,26.0,34.8,39.2,4.9,86.4,7.3,5.06,36.4,0.2,0.0,0.0,12.3,14.8,29.3,1.4,,13.8,9.7,4.5,5.8,,76.7,33.3,66.7,33.3,53.333333333333336,31.6,6-4,185.0,76
203903,Jordan Clarkson,UTA,5,24.5,13.0,3.8,3.4,4.6,11.8,1.0,5.2,2.8,4.0,october,2024-25,26.0,28.3,47.9,8.6,45.2,2.8,3.75,28.4,2.0,0.0,1.2,5.2,25.6,12.3,,,36.0,7.8,4.2,,3.9,52.6,56.5,43.5,56.5,44.06779661016949,24.5,6-3,194.0,75
1627832,Fred VanVleet,HOU,5,37.4,12.6,3.4,5.8,4.0,13.2,2.8,9.0,1.8,2.4,october,2024-25,16.6,23.6,44.2,7.5,82.2,6.7,4.9,30.0,0.0,0.0,0.4,,,,,,,,,,,60.0,55.0,45.0,55.0,68.18181818181819,37.4,6-0,197.0,72
201950,Jrue Holiday,BOS,5,29.3,12.2,3.2,3.2,4.0,7.8,2.2,4.0,2.0,2.4,october,2024-25,15.4,15.1,68.9,8.0,43.4,2.5,3.42,21.0,0.8,0.8,2.2,10.1,20.5,26.3,,3.6,20.5,,4.3,,,78.3,40.0,60.0,40.0,51.28205128205129,29.3,6-4,205.0,76
1628415,Dillon Brooks,HOU,5,35.1,12.0,4.0,0.6,4.0,10.8,1.8,5.8,2.2,2.4,october,2024-25,14.1,2.5,50.6,5.6,33.6,1.3,2.24,21.6,0.4,1.0,2.0,9.3,14.6,19.9,1.5,9.9,31.8,2.8,1.7,2.8,2.4,61.5,30.0,70.0,30.0,53.703703703703695,35.1,6-6,225.0,78
1631095,Jabari Smith Jr.,HOU,5,31.7,12.0,8.4,1.4,4.0,9.6,1.2,4.2,2.8,3.4,october,2024-25,15.3,7.2,54.1,9.8,37.8,1.1,1.7,16.0,0.6,0.8,3.8,5.6,19.2,4.7,5.3,5.8,36.8,3.9,7.5,2.5,5.4,55.2,45.0,55.0,45.0,43.75000000000001,31.7,6-10,220.0,82
1627747,Caris LeVert,ATL,5,21.5,11.8,1.6,3.8,4.4,6.4,1.8,2.8,1.2,2.0,october,2024-25,15.9,20.2,81.0,13.8,32.4,2.1,3.84,16.4,0.2,0.0,1.0,6.2,19.0,24.0,,,26.9,4.5,6.6,5.0,,42.9,31.8,68.2,31.8,43.74999999999999,21.5,6-6,205.0,78
1627884,Derrick Jones Jr.,LAC,5,29.6,11.8,4.0,1.2,4.8,9.0,1.6,3.2,0.6,0.8,october,2024-25,15.1,5.6,63.1,7.6,40.4,1.4,2.15,18.6,0.6,0.0,2.6,,18.3,,,,46.0,,13.5,,7.9,71.4,25.0,75.0,25.0,35.55555555555556,29.6,6-6,210.0,78
1630534,Ochai Agbaji,TOR,5,27.9,11.8,5.2,1.4,4.6,8.0,1.2,2.8,1.4,2.0,october,2024-25,14.2,7.5,66.4,9.4,43.2,1.1,1.49,24.6,0.2,0.0,2.6,,33.5,,,,29.2,,13.5,,10.3,47.6,17.4,82.6,17.4,35.0,27.9,6-5,215.0,77
1627736,Malik Beasley,DET,5,24.3,11.6,2.6,1.2,4.0,11.4,2.8,7.4,0.8,1.2,october,2024-25,21.4,8.2,48.6,6.3,35.0,1.3,2.18,25.4,0.2,0.0,0.2,,,,,,,,,,,66.7,20.0,80.0,20.0,64.91228070175438,24.3,6-4,187.0,76
202699,Tobias Harris,DET,5,34.8,11.6,8.4,2.0,4.6,12.4,0.6,4.0,1.8,1.8,october,2024-25,17.9,8.6,44.0,7.0,48.2,2.4,3.01,27.4,1.2,3.2,2.8,4.2,17.9,6.8,,14.6,31.8,,6.3,3.0,6.3,65.0,43.5,56.5,43.5,32.25806451612903,34.8,6-8,226.0,80
1630533,Ziaire Williams,BKN,5,19.8,11.6,3.6,1.8,4.4,7.8,1.8,3.2,1.0,1.4,october,2024-25,19.6,13.6,68.9,11.9,27.8,0.7,1.6,16.8,0.4,0.0,1.8,,22.1,3.7,,,48.3,9.7,6.0,,,78.6,22.7,77.3,22.7,41.02564102564103,19.8,6-9,185.0,81
201572,Brook Lopez,MIL,5,29.9,11.4,5.0,1.6,4.0,10.4,1.6,5.4,1.8,2.2,october,2024-25,18.0,7.4,50.1,6.4,34.4,0.8,1.34,24.2,1.8,1.6,3.8,,6.5,,32.8,9.5,32.1,,,,,51.5,10.0,90.0,10.0,51.92307692307693,29.9,7-1,282.0,85
1630228,Jonathan Kuminga,GSW,5,22.9,11.4,3.4,1.6,4.0,9.8,0.4,2.6,3.0,4.2,october,2024-25,23.9,10.0,48.9,7.6,39.6,2.2,3.28,21.0,0.4,0.6,2.0,12.6,17.4,21.1,,6.7,18.1,,9.6,,7.0,63.6,50.0,50.0,50.0,26.53061224489796,22.9,6-7,225.0,79
1630167,Obi Toppin,IND,5,21.3,11.4,3.0,2.0,4.0,7.4,1.2,3.2,2.2,2.6,october,2024-25,17.5,13.7,66.7,11.9,35.2,0.9,1.54,21.6,1.2,0.6,4.6,,23.9,,,,28.3,,,,,60.0,10.0,90.0,10.0,43.24324324324324,21.3,6-9,220.0,81
1626171,Bobby Portis,MIL,5,25.0,11.2,7.6,1.2,5.0,10.6,0.8,2.8,0.4,0.4,october,2024-25,21.1,8.2,52.0,10.5,41.6,1.3,1.92,21.2,1.2,2.4,4.0,3.2,11.0,,15.8,19.8,31.1,,6.6,,5.8,47.6,44.0,56.0,44.0,26.41509433962264,25.0,6-10,250.0,82
203084,Harrison Barnes,SAS,5,28.0,11.2,3.2,0.8,4.0,7.4,1.2,3.0,2.0,2.2,october,2024-25,13.5,4.5,66.9,9.1,32.4,1.2,2.27,20.0,1.0,0.4,1.0,8.0,18.8,3.3,5.0,2.5,43.8,4.8,,4.8,,65.0,30.0,70.0,30.0,40.54054054054054,28.0,6-8,225.0,80
101108,Chris Paul,SAS,5,28.5,11.0,4.0,7.8,4.0,8.2,2.2,4.8,0.8,0.8,october,2024-25,15.7,40.6,64.3,12.5,66.2,5.2,4.67,23.6,0.4,0.0,0.6,,,43.8,,,15.6,,,,,73.7,60.0,40.0,60.0,58.53658536585367,28.5,6-0,175.0,72
1629021,Moritz Wagner,ORL,5,15.1,11.0,4.4,0.8,3.8,6.8,1.0,2.4,2.4,2.8,october,2024-25,26.8,9.8,68.5,14.6,21.8,0.7,1.98,13.8,1.2,0.6,3.2,,,,,,,,,,,66.7,26.3,73.7,26.3,35.294117647058826,15.1,6-11,245.0,83
1630541,Moses Moody,GSW,5,18.6,11.0,2.2,1.4,4.0,8.2,2.6,5.4,0.4,0.8,october,2024-25,21.6,10.8,64.3,9.6,24.8,0.9,2.29,17.0,0.2,0.0,1.0,4.9,19.0,5.4,,,40.4,5.2,3.7,13.1,3.2,66.7,20.0,80.0,20.0,65.85365853658539,18.6,6-5,211.0,77
1630590,Scotty Pippen Jr.,MEM,6,24.4,10.8,3.0,6.3,4.0,7.8,1.0,2.5,1.8,2.3,october,2024-25,18.1,36.5,61.1,10.6,55.8,3.9,4.21,24.8,1.5,0.2,1.0,,,,,,,,,,,68.2,25.0,75.0,25.0,32.05128205128205,24.4,6-1,170.0,73
1626156,D'Angelo Russell,BKN,5,30.7,10.8,2.2,5.8,3.6,9.8,1.4,5.6,2.2,2.2,october,2024-25,16.0,24.6,50.1,7.2,65.2,3.6,3.32,31.8,0.8,0.0,1.2,8.7,15.5,36.2,,,20.8,7.9,,,,80.8,38.9,61.1,38.9,57.14285714285714,30.7,6-3,193.0,75
1626220,Royce O'Neale,PHX,5,26.4,10.4,6.8,2.8,3.4,6.6,2.0,4.2,1.6,1.6,october,2024-25,14.1,15.9,71.2,13.5,49.6,1.5,1.84,22.8,0.6,0.0,1.2,,26.0,8.3,2.7,,43.8,3.9,,3.6,,44.0,23.5,76.5,23.5,63.63636363636365,26.4,6-6,226.0,78
1641764,Brandin Podziemski,GSW,5,29.2,10.2,5.6,4.2,4.4,12.0,1.2,5.8,0.2,0.4,october,2024-25,19.6,17.4,41.9,7.0,65.0,3.9,3.61,32.4,1.4,0.0,3.2,6.1,17.2,25.1,2.4,,30.7,4.2,3.4,3.6,,54.2,50.0,50.0,50.0,48.333333333333336,29.2,6-4,205.0,76
1629640,Keldon Johnson,SAS,5,27.5,10.2,5.6,0.8,3.6,10.4,0.8,4.4,2.2,2.8,october,2024-25,19.0,4.7,43.8,6.8,42.6,1.6,2.21,23.0,1.0,0.2,1.6,3.9,20.0,2.8,,4.4,32.0,7.4,9.2,,10.9,72.2,22.2,77.8,22.2,42.30769230769231,27.5,6-5,220.0,77
1629023,P.J. Washington,DAL,5,32.9,10.2,7.8,1.6,4.4,10.2,1.2,4.8,0.2,0.8,october,2024-25,14.6,6.7,48.3,8.3,44.0,1.5,2.07,14.4,0.2,0.0,2.8,4.1,20.9,6.3,5.4,6.1,29.9,4.1,8.2,,6.8,56.7,50.0,50.0,50.0,47.05882352941176,32.9,6-6,230.0,78
1630166,Deni Avdija,POR,5,28.5,10.0,6.6,2.8,2.8,9.2,0.4,3.6,4.0,4.4,october,2024-25,19.5,13.6,44.9,8.2,53.0,2.7,3.03,26.2,0.8,0.6,2.0,14.0,18.1,26.9,,3.1,19.0,4.8,4.0,4.7,1.7,58.8,57.1,42.9,57.1,39.130434782608695,28.5,6-9,240.0,81
1627827,Dorian Finney-Smith,LAL,5,29.1,10.0,5.4,2.2,3.6,9.4,1.6,6.2,1.2,2.2,october,2024-25,17.5,10.8,48.2,6.0,44.6,1.1,1.49,26.6,0.8,0.0,2.0,,,,,,,,,,,65.4,22.2,77.8,22.2,65.95744680851064,29.1,6-7,220.0,79
1629018,Gary Trent Jr.,MIL,5,30.4,9.8,1.6,1.0,3.0,8.4,1.6,5.8,2.2,2.4,october,2024-25,13.8,4.4,51.8,3.5,28.2,0.9,1.89,17.6,0.2,0.0,0.4,,18.3,6.4,,,48.6,9.0,,6.8,,64.7,26.7,73.3,26.7,69.04761904761905,30.4,6-5,204.0,77
1631218,Trayce Jackson-Davis,GSW,5,18.9,9.6,5.0,2.4,4.2,5.4,0.0,0.0,1.2,1.8,october,2024-25,14.7,16.2,77.5,15.4,35.8,0.9,1.52,23.6,2.4,1.2,5.0,,16.8,,11.2,,,,33.6,,23.2,70.8,23.8,76.2,23.8,0.0,18.9,6-9,245.0,81
1630643,Jay Huff,MEM,6,17.0,9.5,2.3,0.7,3.3,5.7,1.7,3.3,1.2,1.2,october,2024-25,15.4,5.9,76.9,10.5,19.0,0.4,1.4,12.0,0.2,0.2,2.3,,15.1,,22.8,4.4,35.2,,6.8,5.6,5.0,62.9,5.0,95.0,5.0,57.89473684210525,17.0,7-1,240.0,85
1642377,Jaylen Wells,MEM,6,23.0,9.5,3.3,1.7,3.3,9.0,1.7,4.5,1.2,1.8,october,2024-25,18.5,10.3,48.4,5.5,27.2,1.2,2.67,18.3,0.7,0.0,1.8,3.0,21.5,12.7,,,39.8,3.8,4.8,4.2,3.2,53.3,15.0,85.0,15.0,50.0,23.0,6-8,,80
1642346,Ryan Dunn,PHX,5,18.6,9.4,2.2,0.6,3.6,7.0,2.2,5.0,0.0,0.0,october,2024-25,16.4,4.8,67.1,7.2,19.4,0.5,1.53,13.2,0.8,0.0,1.4,,24.6,5.5,5.5,,35.5,,10.9,,12.5,66.7,5.6,94.4,5.6,71.42857142857143,18.6,6-8,216.0,80
1626145,Tyus Jones,PHX,5,32.4,9.4,3.6,7.0,3.8,8.2,1.4,4.0,0.4,0.4,october,2024-25,12.5,31.3,56.1,11.0,69.8,5.2,4.48,23.6,0.2,0.0,0.6,,17.2,23.8,,,41.7,,,,,63.6,42.1,57.9,42.1,48.78048780487806,32.4,6-1,196.0,73
201143,Al Horford,BOS,5,24.9,9.2,4.4,1.8,3.4,6.0,2.4,4.0,0.0,0.0,october,2024-25,11.1,8.8,76.7,10.1,35.4,0.8,1.34,20.2,1.2,0.6,1.6,,15.0,,12.2,8.9,40.0,,7.8,5.6,,71.0,5.9,94.1,5.9,66.66666666666666,24.9,6-9,240.0,81
203991,Clint Capela,ATL,5,22.3,9.2,6.6,1.2,3.8,5.6,0.0,0.0,1.6,2.2,october,2024-25,14.1,7.5,70.0,12.4,26.6,0.5,1.2,19.2,1.8,0.2,8.0,,,,22.1,,,,24.4,,36.6,55.0,15.8,84.2,15.8,0.0,22.3,6-10,256.0,82
203994,Jusuf Nurkić,CHA,5,21.9,9.2,7.4,1.8,2.8,6.8,0.4,2.6,3.2,4.6,october,2024-25,25.6,12.5,52.1,6.8,49.4,1.4,1.74,26.4,2.4,2.6,4.2,,6.9,,22.4,10.4,11.8,,17.3,,13.6,43.8,57.1,42.9,57.1,38.235294117647065,21.9,7-0,290.0,84
1642258,Zaccharie Risacher,ATL,5,25.0,9.2,3.2,1.2,3.4,9.6,1.0,4.2,1.4,2.4,october,2024-25,18.7,7.4,43.2,3.2,29.4,1.0,1.96,20.8,0.4,0.2,2.4,,35.0,4.0,,,29.9,6.7,8.9,5.9,5.4,65.0,23.5,76.5,23.5,43.75000000000001,25.0,6-8,200.0,80
1629655,Daniel Gafford,DAL,5,18.6,9.0,5.6,1.6,3.8,6.2,0.0,0.0,1.4,1.8,october,2024-25,16.1,12.9,64.4,12.5,23.2,0.5,1.4,14.6,2.6,0.2,6.6,,8.8,,19.9,11.0,,,20.4,,18.2,40.7,26.3,73.7,26.3,0.0,18.6,6-10,265.0,82
1641726,Dereck Lively II,DAL,5,23.5,9.0,7.6,2.8,3.8,5.4,0.0,0.0,1.4,2.2,october,2024-25,13.3,17.5,70.7,13.1,34.4,0.8,1.47,20.0,3.0,0.2,8.2,,,,,,,,,,,43.3,10.5,89.5,10.5,0.0,23.5,7-1,230.0,85
1641744,Zach Edey,MEM,6,17.7,9.0,5.0,0.3,4.2,7.2,0.2,0.5,0.5,1.7,october,2024-25,18.4,2.9,57.0,8.2,18.8,0.4,1.25,11.5,0.5,2.7,8.5,,,,14.7,32.8,,,16.4,,15.5,73.1,24.0,76.0,24.0,6.944444444444445,17.7,7-4,305.0,88
1630577,Julian Champagnie,SAS,5,25.2,8.8,5.4,1.2,3.4,7.8,1.6,4.6,0.4,0.4,october,2024-25,16.0,6.9,55.2,8.9,37.2,1.0,1.57,19.8,0.8,0.0,1.6,,23.0,,5.3,,43.3,6.5,3.1,9.3,4.3,52.6,29.4,70.6,29.4,58.97435897435898,25.2,6-7,217.0,79
1628976,Wendell Carter Jr.,ORL,5,29.8,8.8,10.4,2.2,3.0,6.6,0.4,2.8,2.4,3.2,october,2024-25,12.3,10.3,54.9,11.0,40.8,0.9,1.35,22.2,3.0,0.2,5.2,,10.9,,19.2,3.2,26.2,,17.1,,12.7,53.3,20.0,80.0,20.0,42.42424242424242,29.8,6-10,270.0,82
1630174,Aaron Nesmith,IND,5,25.2,8.6,4.6,1.0,2.8,6.2,0.8,1.8,2.2,2.6,october,2024-25,14.5,5.3,58.6,5.3,39.8,1.2,1.8,20.4,0.4,0.0,1.0,,19.9,10.4,6.6,,30.9,5.5,,13.7,4.1,58.8,14.3,85.7,14.3,29.03225806451613,25.2,6-6,215.0,78
1628449,Chris Boucher,TOR,5,17.1,8.6,4.2,0.6,3.0,7.6,1.0,3.8,1.6,2.4,october,2024-25,20.3,4.8,49.7,9.2,24.6,0.7,1.63,13.2,1.0,0.0,2.2,,,,,,,,,,,64.3,20.0,80.0,20.0,50.0,17.1,6-9,200.0,81
1630558,Davion Mitchell,MIA,5,27.3,8.6,1.8,6.2,3.4,8.2,1.0,3.8,0.8,1.2,october,2024-25,17.3,30.4,49.3,5.5,59.4,3.9,3.97,22.6,0.2,0.0,0.2,28.6,19.3,8.1,,,35.6,,,,,65.0,52.9,47.1,52.9,46.34146341463415,27.3,6-0,202.0,72
1631105,Jalen Duren,DET,5,25.5,8.6,9.2,2.8,3.6,4.2,0.0,0.0,1.4,2.8,october,2024-25,11.9,16.9,79.2,12.3,37.4,1.1,1.8,18.6,3.8,0.8,7.2,8.9,12.2,3.2,14.9,8.7,6.8,,20.0,,16.4,50.0,33.3,66.7,33.3,0.0,25.5,6-10,250.0,82
1641710,Anthony Black,ORL,5,25.6,8.4,3.2,4.2,3.0,6.8,0.8,1.8,1.6,2.2,october,2024-25,14.9,24.4,54.1,8.2,51.4,3.5,4.13,23.6,0.4,0.0,0.6,4.4,27.4,21.8,,,25.5,4.7,3.6,1.9,2.7,71.4,46.7,53.3,46.7,26.47058823529412,25.6,6-7,200.0,79
1631106,Tari Eason,HOU,5,17.5,8.4,3.6,1.6,3.4,6.2,0.8,2.2,0.8,1.0,october,2024-25,15.3,12.7,63.3,13.2,23.2,0.8,2.06,11.2,0.2,0.0,2.6,5.0,19.9,5.4,,,43.3,,6.5,,9.2,70.6,35.3,64.7,35.3,35.483870967741936,17.5,6-8,215.0,80
1641739,Toumani Camara,POR,5,29.9,8.4,3.6,2.8,3.2,7.0,1.4,2.8,0.6,1.0,october,2024-25,11.7,14.3,56.5,6.1,32.4,0.8,1.48,20.4,1.0,0.2,3.8,6.3,20.3,4.4,5.4,,40.5,2.6,9.1,,4.7,70.0,25.0,75.0,25.0,40.0,29.9,6-7,229.0,79
1642261,Dalton Knecht,LAL,5,16.6,8.2,1.2,1.2,2.8,6.2,1.4,4.0,1.2,1.2,october,2024-25,18.3,9.7,60.9,8.4,19.4,0.7,2.17,12.8,0.0,0.0,0.0,6.0,19.6,9.5,,,34.5,7.1,,10.7,,100.0,28.6,71.4,28.6,64.51612903225806,16.6,6-6,215.0,78
1630592,Jalen Wilson,BKN,5,21.9,8.2,3.8,1.8,2.4,4.8,1.0,3.0,2.4,2.6,october,2024-25,12.5,9.8,69.0,7.7,26.6,0.8,1.88,18.0,0.0,0.0,1.8,,14.7,8.0,,,52.0,,,,,53.3,8.3,91.7,8.3,62.5,21.9,6-6,220.0,78
1642347,Jamal Shead,TOR,5,20.1,8.2,1.2,5.6,3.0,7.2,0.8,2.4,1.4,1.6,october,2024-25,19.2,40.6,51.9,7.7,49.8,3.5,4.19,20.6,0.2,0.0,0.0,8.2,13.8,29.5,,,33.0,2.9,2.7,,,81.3,33.3,66.7,33.3,33.33333333333333,20.1,6-1,200.0,73
204456,T.J. McConnell,IND,5,16.1,8.2,2.2,3.4,4.0,7.2,0.0,0.2,0.2,0.4,october,2024-25,22.6,32.7,55.6,12.5,44.2,3.0,4.11,15.2,1.4,0.0,0.8,5.9,13.1,54.0,,,12.5,,4.2,,,40.0,50.0,50.0,50.0,2.777777777777778,16.1,6-1,190.0,73
1641708,Amen Thompson,HOU,5,20.5,8.0,4.2,1.2,2.6,5.6,0.4,1.2,2.4,3.0,october,2024-25,18.4,8.8,57.8,6.6,34.2,1.9,3.36,14.8,2.2,0.0,3.4,9.4,21.4,23.0,,,13.2,2.9,17.8,,5.9,30.8,46.2,53.8,46.2,21.42857142857143,20.5,6-7,200.0,79
1631117,Walker Kessler,UTA,5,26.6,8.0,10.6,1.4,3.6,6.2,0.0,0.0,0.8,1.4,october,2024-25,11.9,9.1,58.7,13.4,43.6,1.0,1.43,24.4,1.6,0.0,8.4,,,,,,,,29.0,,22.6,46.7,33.3,66.7,33.3,0.0,26.6,7-0,245.0,84
1642367,Jonathan Mogbo,TOR,5,16.6,7.6,3.8,1.8,2.4,4.8,0.2,0.8,2.6,3.0,october,2024-25,17.7,15.5,62.1,14.5,24.2,0.8,1.89,15.6,1.4,0.0,4.0,,,,,,,,,,,42.9,16.7,83.3,16.7,16.666666666666668,16.6,6-9,225.0,81
1627752,Taurean Prince,MIL,5,30.7,7.6,5.2,2.0,3.0,6.0,1.6,3.4,0.0,0.0,october,2024-25,10.0,8.9,63.3,6.6,34.0,1.1,1.85,18.4,0.0,0.0,1.4,,27.3,,,,54.5,,,,,57.7,20.0,80.0,20.0,56.666666666666664,30.7,6-6,218.0,78
1631222,Jake LaRavia,SAC,6,25.3,7.5,6.7,3.2,2.7,6.0,0.5,2.0,1.7,3.3,october,2024-25,13.6,15.8,50.2,8.3,45.2,1.7,2.28,23.2,0.8,0.0,3.3,2.5,21.2,,4.5,,42.4,2.5,8.0,,8.0,68.2,25.0,75.0,25.0,33.33333333333333,25.3,6-7,235.0,79
1629645,Kevin Porter Jr.,MIL,5,15.4,7.4,3.4,1.8,3.2,9.6,0.2,3.2,0.8,0.8,october,2024-25,34.6,20.9,37.2,4.5,35.8,2.5,4.21,19.8,1.0,0.0,0.8,9.8,13.6,45.2,,2.4,16.0,5.5,,,,63.6,68.8,31.3,68.8,33.333333333333336,15.4,6-4,203.0,76
1630172,Patrick Williams,CHI,5,28.2,7.4,5.8,2.0,2.6,8.8,1.6,4.4,0.6,1.0,october,2024-25,15.0,9.9,40.0,5.4,44.0,1.4,1.9,22.4,0.4,0.2,2.2,3.6,22.1,9.3,5.0,3.6,41.4,3.6,,,5.0,73.9,15.4,84.6,15.4,50.0,28.2,6-7,215.0,79
1629599,Amir Coffey,LAC,5,21.3,7.0,1.8,0.8,2.6,4.8,1.0,2.0,0.8,1.4,october,2024-25,10.8,5.6,64.6,7.2,20.2,0.6,1.91,14.4,0.2,0.0,0.2,,,,,,,,,,,40.0,7.7,92.3,7.7,41.66666666666667,21.3,6-7,210.0,79
1629614,Andrew Nembhard,IND,5,25.3,7.0,1.8,5.0,2.8,7.0,0.2,1.8,1.2,1.6,october,2024-25,16.8,28.1,45.4,7.1,46.8,2.7,3.43,23.4,0.2,0.0,0.0,8.9,14.8,38.5,,,21.4,7.1,,,,50.0,57.1,42.9,57.1,25.71428571428572,25.3,6-4,191.0,76
1630245,Ayo Dosunmu,CHI,5,26.6,7.0,5.2,4.4,3.2,8.2,0.6,4.2,0.0,0.2,october,2024-25,13.4,23.2,42.2,7.5,50.6,2.3,2.76,22.4,0.0,0.0,0.4,2.2,33.6,20.8,,,31.6,,3.1,,,59.1,37.5,62.5,37.5,51.21951219512195,26.6,6-5,200.0,77
1629731,Dean Wade,CLE,5,24.0,7.0,4.8,1.8,2.6,6.0,1.6,4.8,0.2,1.0,october,2024-25,11.1,8.9,54.3,8.2,32.6,0.8,1.47,16.2,1.0,0.0,0.8,,28.1,,5.0,,46.7,,12.1,,,66.7,0.0,100.0,0.0,80.0,24.0,6-9,228.0,81
1627739,Kris Dunn,LAC,5,21.8,6.8,5.0,2.2,2.8,4.6,1.2,2.2,0.0,0.2,october,2024-25,10.5,14.3,72.5,12.3,45.6,2.7,3.56,17.6,0.4,0.0,1.2,3.9,19.3,9.6,5.5,,38.6,,9.6,,3.2,38.5,50.0,50.0,50.0,47.82608695652175,21.8,6-3,205.0,75
1642274,Yves Missi,NOP,5,19.8,6.8,5.2,1.8,2.6,5.6,0.0,0.0,1.6,2.8,october,2024-25,15.6,14.1,49.8,9.0,22.8,0.6,1.48,16.4,1.4,1.0,5.8,,7.5,,15.0,,12.2,,20.7,,29.1,60.0,23.1,76.9,23.1,0.0,19.8,6-11,235.0,83
1641730,Noah Clowney,BKN,5,16.2,6.4,3.4,0.2,2.2,7.4,1.2,4.0,0.8,0.8,october,2024-25,20.6,1.9,41.3,2.7,25.0,0.6,1.49,14.8,1.8,0.0,2.2,4.6,18.6,4.4,3.9,,41.8,10.3,2.6,4.6,2.4,60.0,18.2,81.8,18.2,54.05405405405405,16.2,6-9,210.0,81
1642419,Jamison Battle,TOR,5,15.2,6.2,3.6,0.4,2.0,4.4,1.0,3.0,1.2,1.6,october,2024-25,13.0,3.8,60.7,8.1,15.8,0.3,1.26,10.6,0.0,0.0,1.4,,,,,,,,,,,20.0,10.0,90.0,10.0,68.18181818181817,15.2,6-7,220.0,79
203110,Draymond Green,GSW,5,25.1,6.0,4.0,4.4,2.0,4.8,1.2,2.4,0.8,1.0,october,2024-25,11.7,20.2,57.3,6.9,55.2,2.1,2.24,29.8,0.6,0.8,1.4,,9.4,5.1,10.2,,39.8,,10.2,,2.7,28.6,0.0,100.0,0.0,50.0,25.1,6-6,230.0,78
1630631,Jose Alvarado,NOP,5,19.7,5.6,1.4,3.8,2.0,5.2,1.2,3.4,0.4,0.4,october,2024-25,14.3,33.3,52.1,7.4,40.2,2.6,3.93,16.6,0.0,0.0,0.2,4.2,20.0,27.3,,,30.0,3.8,3.8,,,66.7,20.0,80.0,20.0,65.38461538461539,19.7,6-0,179.0,72
203484,Kentavious Caldwell-Pope,MEM,5,28.8,5.6,1.0,1.4,1.8,6.4,0.8,4.8,1.2,1.2,october,2024-25,11.1,6.9,40.4,1.8,27.0,0.8,1.87,15.8,0.2,0.0,0.4,3.1,24.1,18.1,,,33.7,5.9,,6.5,,56.3,22.2,77.8,22.2,74.99999999999999,28.8,6-5,204.0,77
203935,Marcus Smart,WAS,5,19.8,5.6,2.2,2.8,1.6,6.8,0.6,3.6,1.8,2.2,october,2024-25,17.9,16.9,36.0,3.2,32.8,1.8,3.35,16.0,0.2,0.8,0.8,4.2,18.4,15.1,5.0,,38.3,,,,,44.4,50.0,50.0,50.0,52.94117647058824,19.8,6-3,220.0,75
1642264,Stephon Castle,SAS,5,20.8,5.6,2.2,3.0,2.0,6.6,0.2,2.0,1.4,2.2,october,2024-25,18.4,22.7,37.0,3.0,40.6,2.8,4.18,17.4,0.4,0.0,1.0,8.4,22.1,28.3,,,20.5,3.7,3.2,2.3,4.0,57.1,50.0,50.0,50.0,30.303030303030305,20.8,6-6,215.0,78
1627777,Georges Niang,ATL,5,18.2,5.4,3.6,0.8,2.0,5.0,1.4,3.8,0.0,0.0,october,2024-25,13.5,4.8,54.0,5.2,25.4,0.7,1.73,9.6,0.2,0.0,0.6,,,,,,,,,,,70.0,20.0,80.0,20.0,76.0,18.2,6-7,230.0,79
1629750,Javonte Green,CLE,5,21.0,5.4,3.8,0.8,1.6,3.2,0.6,1.6,1.6,1.8,october,2024-25,8.7,4.9,67.6,8.3,29.4,0.8,1.55,12.4,0.2,0.0,1.4,,23.5,,3.7,,41.2,,14.7,,4.8,31.8,25.0,75.0,25.0,50.0,21.0,6-5,205.0,77
1626172,Kevon Looney,GSW,5,15.2,5.4,8.0,1.8,2.2,4.6,0.0,0.0,1.0,1.6,october,2024-25,15.9,16.1,50.9,14.4,30.8,0.8,1.49,20.8,1.6,0.4,5.0,,,,19.3,,,,,,31.6,45.8,54.5,45.5,54.5,0.0,15.2,6-9,222.0,81
1630241,Sam Merrill,CLE,5,18.9,5.4,1.0,1.8,1.6,5.0,1.4,4.6,0.8,0.8,october,2024-25,12.7,10.1,50.4,3.8,19.2,0.5,1.55,11.6,0.0,0.0,0.4,,17.3,6.0,10.2,,36.8,10.5,3.8,4.5,,80.0,0.0,100.0,0.0,92.0,18.9,6-4,205.0,76
1629637,Jaxson Hayes,LAL,5,15.8,5.2,3.8,1.4,2.2,2.4,0.0,0.0,0.8,0.8,october,2024-25,10.0,12.1,94.5,10.1,22.8,0.6,1.65,13.0,1.0,0.0,3.4,,13.2,,26.5,,,,34.4,,13.2,76.9,18.2,81.8,18.2,0.0,15.8,7-0,220.0,84
1641767,Ben Sheppard,IND,5,15.3,5.0,2.2,0.8,2.0,3.8,1.0,2.2,0.0,0.0,october,2024-25,10.2,6.9,65.8,7.0,25.2,0.5,1.25,14.0,0.4,0.0,0.6,,27.3,10.0,,,38.2,5.0,6.4,,,100.0,20.0,80.0,20.0,57.89473684210527,15.3,6-6,190.0,78
1631200,Kris Murray,POR,5,16.8,5.0,3.0,1.2,1.8,4.0,0.8,1.8,0.6,1.6,october,2024-25,13.2,9.7,53.1,7.1,18.4,0.6,1.92,13.8,1.2,0.0,1.8,,23.6,,,,40.4,,11.8,,11.3,45.5,33.3,66.7,33.3,45.0,16.8,6-8,216.0,80
203486,Mason Plumlee,PHX,5,17.4,5.0,5.2,0.8,1.8,2.8,0.0,0.0,1.4,2.4,october,2024-25,11.2,5.8,64.8,7.5,24.6,0.8,2.01,10.6,1.0,0.2,4.0,,,,,,,,,,,70.6,33.3,66.7,33.3,0.0,17.4,6-10,254.0,82
203914,Gary Harris,ORL,5,17.4,4.8,1.8,0.6,1.6,4.4,1.6,3.8,0.0,0.0,october,2024-25,10.7,4.9,54.5,6.1,14.6,0.3,1.29,9.4,0.2,0.0,0.4,,16.7,,,,54.2,,,,,55.6,0.0,100.0,0.0,86.36363636363636,17.4,6-4,210.0,76
1631323,Simone Fontecchio,DET,5,18.4,4.8,2.6,0.4,1.2,4.8,1.0,3.4,1.4,1.6,october,2024-25,13.8,3.1,43.6,2.7,26.0,0.8,1.73,14.2,0.2,0.0,1.2,,26.5,,,,43.5,,4.3,10.5,5.2,55.6,16.7,83.3,16.7,70.83333333333334,18.4,6-7,209.0,79
1626192,Pat Connaughton,MIL,5,17.2,4.6,3.4,1.2,1.6,5.4,1.0,3.8,0.4,0.4,october,2024-25,15.5,10.0,41.2,4.0,25.8,0.8,1.77,12.8,0.2,0.0,1.8,,,,,,,,,,,63.6,0.0,100.0,0.0,70.37037037037037,17.2,6-5,209.0,77
1629611,Terance Mann,ATL,5,23.4,4.4,3.4,2.0,2.2,5.6,0.0,1.6,0.0,0.6,october,2024-25,11.0,10.2,37.5,1.3,30.2,1.5,3.01,15.0,0.4,0.2,2.6,3.7,22.0,17.9,,,28.9,4.4,6.6,,8.1,62.5,27.3,72.7,27.3,28.571428571428577,23.4,6-5,215.0,77
1628464,Daniel Theis,NOP,5,16.0,4.0,4.4,2.2,1.4,3.6,0.0,1.2,1.2,1.6,october,2024-25,13.8,17.7,46.5,8.9,28.0,0.6,1.35,17.4,1.2,0.0,2.4,,,,,,,,,,,57.1,28.6,71.4,28.6,33.33333333333333,16.0,6-8,245.0,80
1631108,Max Christie,DAL,5,18.2,3.6,1.6,1.2,1.0,3.6,0.6,2.4,1.0,1.2,october,2024-25,11.3,10.0,43.6,1.7,21.4,0.8,2.28,11.4,0.4,0.0,0.4,5.7,24.2,13.7,4.7,,33.9,4.0,2.6,5.7,,76.5,20.0,80.0,20.0,66.66666666666666,18.2,6-5,190.0,77
1642262,Cody Williams,UTA,5,22.8,3.4,3.2,1.2,1.0,4.8,0.6,3.4,0.8,0.8,october,2024-25,10.5,8.6,33.0,2.6,23.8,0.9,2.24,12.8,0.0,0.0,0.4,,26.3,,,,39.5,,14.7,,,66.7,20.0,80.0,20.0,70.83333333333334,22.8,6-7,190.0,79
1629216,Gabe Vincent,LAL,5,17.2,3.4,0.8,0.4,1.4,4.2,0.6,2.4,0.0,0.0,october,2024-25,11.3,3.1,40.5,0.9,23.8,1.5,3.7,9.6,0.2,0.0,0.8,,14.9,14.9,,,38.6,,,13.2,,62.5,14.3,85.7,14.3,57.14285714285714,17.2,6-2,200.0,74
1630191,Isaiah Stewart,DET,5,20.2,3.4,7.6,2.2,1.0,2.2,0.0,0.2,1.4,1.4,october,2024-25,9.5,14.5,60.4,8.1,26.8,0.7,1.59,15.8,2.2,0.2,5.2,,10.3,,13.9,10.3,23.9,,19.2,,11.8,33.3,40.0,60.0,40.0,9.090909090909092,20.2,6-8,250.0,80
1628436,Luke Kornet,BOS,5,16.1,3.2,4.2,1.6,1.0,2.4,0.0,0.0,1.2,1.2,october,2024-25,8.5,12.5,54.6,7.0,16.6,0.4,1.45,11.8,1.6,0.4,5.4,,6.6,,21.8,,,,35.0,,23.4,45.5,60.0,40.0,60.0,0.0,16.1,7-1,250.0,85
1630230,Naji Marshall,DAL,5,17.9,3.2,2.8,2.8,1.2,4.2,0.0,1.4,0.8,0.8,october,2024-25,12.0,19.7,35.1,7.1,28.2,1.4,3.05,10.0,0.6,0.0,1.6,5.6,31.6,10.9,3.9,,29.1,,6.0,2.4,2.4,71.4,33.3,66.7,33.3,33.33333333333333,17.9,6-6,220.0,78
201587,Nicolas Batum,LAC,5,19.0,3.2,3.4,2.8,1.0,2.8,0.6,2.2,0.6,0.8,october,2024-25,8.2,18.7,50.8,7.9,27.8,0.6,1.23,15.0,0.6,0.0,1.6,,14.2,,,,68.9,,,,,43.5,20.0,80.0,20.0,78.57142857142858,19.0,6-8,230.0,80
201988,Patty Mills,LAC,5,15.7,3.2,0.8,0.8,1.2,3.4,0.8,2.6,0.0,0.0,october,2024-25,10.5,7.7,47.1,3.5,30.0,2.2,4.47,11.2,0.0,0.0,0.0,,,,,,,,,,,57.1,33.3,66.7,33.3,76.47058823529413,15.7,6-2,180.0,74
1630171,Isaac Okoro,CLE,5,17.0,2.6,1.8,1.4,0.8,2.6,0.2,0.8,0.8,1.4,october,2024-25,8.8,9.2,40.4,2.2,15.4,0.5,2.09,10.4,0.2,0.0,2.2,,25.9,,,,41.6,,10.8,,5.2,75.0,0.0,100.0,0.0,30.76923076923077,17.0,6-5,225.0,77
203507,Giannis Antetokounmpo,MIL,12,35.5,34.0,12.1,7.0,13.6,22.9,0.3,0.9,6.6,10.1,november,2024-25,36.8,38.4,62.1,22.1,91.8,6.4,4.21,43.3,5.4,5.3,5.8,10.9,26.0,7.7,6.4,20.2,6.1,,7.9,,8.9,57.1,63.8,36.2,63.8,3.9301310043668125,35.5,6-11,243.0,83
1630163,LaMelo Ball,CHA,14,34.2,31.8,5.2,6.9,11.2,26.2,4.6,13.4,4.7,5.7,november,2024-25,40.1,41.6,55.3,15.1,93.1,7.4,4.78,38.3,0.2,0.0,0.8,12.2,12.8,39.4,1.6,,19.4,6.5,,1.7,2.0,59.6,65.6,34.4,65.6,51.145038167938935,34.2,6-7,180.0,79
1628983,Shai Gilgeous-Alexander,OKC,15,35.1,30.9,4.7,6.7,10.7,20.3,2.0,5.5,7.5,8.9,november,2024-25,32.3,31.3,63.7,18.8,71.8,6.8,5.71,29.6,0.6,1.5,0.5,26.3,14.1,37.3,,4.7,6.2,2.1,3.3,1.6,,58.0,78.1,21.9,78.1,27.093596059113302,35.1,6-6,195.0,78
1628368,De'Aaron Fox,SAS,16,38.2,29.3,5.1,5.3,10.6,20.9,2.2,6.3,5.9,7.6,november,2024-25,31.2,24.3,60.4,14.4,82.2,6.0,4.41,31.4,0.5,0.1,1.7,10.1,22.8,29.1,,,18.1,6.4,2.0,3.7,1.7,67.2,69.8,30.2,69.8,30.14354066985646,38.2,6-3,185.0,75
203999,Nikola Jokić,DEN,10,36.7,29.0,13.5,11.2,10.8,19.1,2.0,3.8,5.4,6.3,november,2024-25,28.7,43.6,66.3,20.9,113.6,4.9,2.61,62.5,10.9,10.0,12.2,5.3,10.1,9.7,13.0,22.8,9.0,,7.3,5.3,9.3,69.0,30.6,69.4,30.6,19.895287958115183,36.7,6-11,284.0,83
1629029,Luka Dončić,LAL,9,36.3,28.6,7.2,8.6,10.0,21.4,3.4,10.1,5.1,6.4,november,2024-25,32.5,34.4,58.8,17.3,84.0,6.4,4.59,34.3,0.6,2.3,1.2,16.0,14.3,36.3,,7.6,8.7,2.3,1.3,7.4,1.7,64.8,60.0,40.0,60.0,47.19626168224299,36.3,6-6,230.0,78
1628369,Jayson Tatum,BOS,14,36.6,28.2,9.1,6.0,8.7,19.3,3.8,10.0,7.0,8.6,november,2024-25,30.1,26.5,61.1,16.9,86.1,5.2,3.61,47.9,1.8,1.6,1.4,,,,,,,,,,,57.4,57.4,42.6,57.4,51.813471502590666,36.6,6-8,210.0,80
203076,Anthony Davis,DAL,13,35.1,27.5,11.3,3.5,9.9,17.8,0.8,2.2,6.8,8.7,november,2024-25,29.4,17.5,63.8,18.7,78.9,3.2,2.45,46.5,6.5,2.8,8.5,11.5,10.3,5.8,19.3,12.5,9.8,,8.8,,14.5,53.8,33.3,66.7,33.3,12.359550561797754,35.1,6-10,253.0,82
203081,Damian Lillard,MIL,11,36.7,27.2,4.2,8.5,8.5,18.9,3.7,9.3,6.4,6.9,november,2024-25,29.6,37.2,61.9,15.7,92.1,8.6,5.58,35.6,0.3,0.0,0.5,,,,,,,,,,,57.4,71.3,28.7,71.3,49.206349206349216,36.7,6-2,195.0,74
1630162,Anthony Edwards,MIN,15,37.0,27.1,5.1,3.8,9.4,20.8,4.5,10.3,3.8,4.4,november,2024-25,29.7,18.6,59.5,13.9,72.1,5.7,4.74,38.6,0.2,0.5,0.9,23.4,15.7,23.5,,4.9,12.9,7.3,2.0,4.8,1.2,61.6,59.6,40.4,59.6,49.519230769230774,37.0,6-4,225.0,76
201142,Kevin Durant,PHX,7,35.6,26.9,7.1,3.1,9.7,18.3,3.0,7.1,4.4,5.4,november,2024-25,29.9,14.5,65.0,14.5,60.0,3.5,3.47,39.4,0.9,2.3,0.9,20.8,13.5,18.4,1.7,7.3,15.2,7.5,2.3,7.5,1.1,35.7,48.5,51.5,48.5,38.79781420765027,35.6,6-11,240.0,83
1626157,Karl-Anthony Towns,NYK,14,34.4,26.8,13.1,3.6,9.8,18.4,2.6,5.9,4.6,5.6,november,2024-25,28.6,16.0,64.0,17.5,64.7,2.1,1.95,42.1,2.1,2.9,6.2,10.0,15.2,1.6,13.8,11.1,19.9,1.9,5.9,2.3,12.6,69.3,30.7,69.3,30.7,32.06521739130435,34.4,7-0,248.0,84
1628973,Jalen Brunson,NYK,15,35.7,26.7,3.1,8.3,9.1,18.1,2.7,6.6,5.7,6.8,november,2024-25,28.4,34.6,63.3,14.6,86.8,8.6,5.92,32.6,0.4,0.3,0.2,14.4,14.3,36.0,,3.3,16.4,5.6,1.9,2.5,,62.3,67.9,32.1,67.9,36.46408839779005,35.7,6-2,190.0,74
1641705,Victor Wembanyama,SAS,11,32.7,25.7,9.7,3.1,9.8,19.9,3.8,10.4,2.3,2.7,november,2024-25,32.1,17.1,60.9,17.1,61.2,2.3,2.23,45.2,7.2,4.5,7.4,14.5,16.8,6.7,8.2,11.7,13.5,2.6,8.6,7.5,6.1,45.1,25.9,74.1,25.9,52.26130653266332,32.7,7-3,235.0,87
1630532,Franz Wagner,ORL,16,34.2,25.4,5.9,6.5,9.4,20.3,2.2,6.4,4.3,5.1,november,2024-25,31.6,32.9,56.4,17.6,72.2,5.7,4.71,38.0,2.1,0.9,2.4,7.6,20.4,22.9,2.9,6.9,16.6,3.2,6.7,3.6,4.4,74.5,50.3,49.7,50.3,31.527093596059114,34.2,6-10,220.0,82
202681,Kyrie Irving,DAL,14,35.0,24.9,4.9,5.6,9.3,18.1,3.0,7.1,3.3,3.7,november,2024-25,25.7,23.2,63.1,14.2,70.9,4.8,4.03,31.4,0.9,0.9,2.0,,,,,,,,,,,74.5,59.2,40.8,59.2,39.22651933701657,35.0,6-2,195.0,74
1627759,Jaylen Brown,BOS,10,36.7,24.2,5.8,4.7,8.3,18.3,2.7,7.6,4.9,6.5,november,2024-25,28.2,19.7,57.2,10.7,57.9,4.3,4.41,32.2,1.2,2.9,2.8,20.6,20.4,22.2,1.8,4.7,13.0,4.1,1.1,7.4,1.8,61.5,48.2,51.8,48.2,41.530054644808736,36.7,6-6,223.0,78
1626164,Devin Booker,PHX,14,36.9,24.1,3.6,7.2,8.0,18.6,2.3,7.5,5.9,6.5,november,2024-25,27.2,31.7,56.3,12.1,66.1,4.6,4.16,45.4,0.9,0.9,1.4,14.0,15.7,33.1,1.8,3.8,9.5,7.5,1.6,7.5,1.7,57.1,52.7,47.3,52.7,40.32258064516129,36.9,6-6,206.0,78
1628378,Donovan Mitchell,CLE,14,32.2,24.1,5.5,3.6,8.5,19.6,3.7,9.5,3.4,4.0,november,2024-25,29.8,17.4,56.6,13.0,60.9,4.8,4.68,24.9,0.5,0.1,0.4,11.4,22.8,34.1,1.5,,11.4,6.9,1.9,3.8,1.6,62.5,61.3,38.7,61.3,48.46938775510204,32.2,6-3,215.0,75
1629639,Tyler Herro,MIA,13,35.8,24.0,5.5,5.0,8.3,17.9,4.1,10.0,3.3,3.9,november,2024-25,26.0,22.6,61.1,13.0,71.8,4.8,3.98,36.5,0.2,0.0,0.5,13.3,27.7,13.9,,,32.4,,,5.8,,67.2,52.8,47.2,52.8,55.8659217877095,35.8,6-5,195.0,77
1630560,Cam Thomas,BKN,12,32.7,23.6,2.8,3.7,7.8,16.5,2.9,7.2,5.0,6.0,november,2024-25,30.7,19.7,61.6,11.4,57.2,3.7,3.89,38.5,0.8,0.0,0.4,16.4,12.0,28.1,,,12.0,17.8,,,,71.6,47.9,52.1,47.9,43.63636363636364,32.7,6-3,210.0,75
201939,Stephen Curry,GSW,12,30.8,23.5,5.5,6.3,7.9,16.6,4.3,9.8,3.3,3.6,november,2024-25,27.7,29.1,64.7,15.8,64.2,4.5,4.19,26.8,0.6,0.0,1.6,10.1,13.8,21.1,,,11.6,12.0,7.0,18.0,1.3,50.0,45.3,54.7,45.3,59.036144578313255,30.8,6-2,185.0,74
1628991,Jaren Jackson Jr.,MEM,14,29.2,23.2,6.1,1.4,8.3,16.4,1.9,5.8,4.7,5.4,november,2024-25,27.9,7.5,61.9,14.9,49.7,2.2,2.65,28.7,0.7,2.1,3.1,11.1,15.3,2.1,9.7,19.8,26.4,1.5,3.4,,3.9,40.3,44.8,55.2,44.8,35.36585365853659,29.2,6-10,242.0,82
1630178,Tyrese Maxey,PHI,8,33.3,23.1,2.9,4.5,8.6,19.4,3.5,8.6,2.4,2.6,november,2024-25,28.7,26.3,56.3,13.4,79.5,6.7,5.04,35.0,0.1,0.0,0.0,14.5,21.9,26.2,1.3,1.4,14.3,6.7,3.0,5.4,,65.6,73.9,26.1,73.9,44.3298969072165,33.3,6-2,200.0,74
1627742,Brandon Ingram,TOR,11,34.3,23.1,5.5,6.1,9.0,20.2,2.5,7.1,2.6,3.3,november,2024-25,32.6,32.1,53.4,11.5,74.7,4.9,3.92,47.3,1.9,1.3,1.3,13.8,16.6,16.2,,7.7,18.3,5.8,4.3,12.1,2.4,63.9,49.5,50.5,49.5,35.148514851485146,34.3,6-8,190.0,80
2544,LeBron James,LAL,14,35.6,22.7,8.7,10.0,8.6,17.2,2.1,5.5,3.3,4.4,november,2024-25,27.3,45.9,59.3,17.0,86.5,5.5,3.81,45.6,2.1,3.7,2.9,12.8,24.5,12.5,3.1,12.1,12.6,,5.7,7.5,1.9,64.3,55.4,44.6,55.4,31.976744186046513,35.6,6-9,250.0,81
1630595,Cade Cunningham,DET,13,36.0,22.7,7.8,9.6,8.5,19.8,2.2,5.9,3.5,4.4,november,2024-25,30.0,40.7,52.3,13.9,94.5,8.3,5.26,37.2,0.9,2.8,1.2,11.5,17.5,38.7,,3.5,8.5,8.4,1.6,4.4,1.3,42.6,65.8,34.2,65.8,29.7979797979798,36.0,6-6,220.0,78
1631114,Jalen Williams,OKC,15,31.9,22.7,6.1,4.9,8.9,16.3,2.3,5.3,2.6,3.0,november,2024-25,26.4,25.2,64.4,16.7,71.9,4.3,3.56,30.4,0.8,0.0,1.8,14.8,21.0,36.0,,,16.9,3.0,4.3,,,51.5,45.9,54.1,45.9,32.51533742331288,31.9,6-5,211.0,77
1629628,RJ Barrett,TOR,15,34.7,22.5,6.5,6.4,8.1,18.8,1.9,5.9,4.4,6.3,november,2024-25,29.1,29.1,52.2,12.2,80.1,4.5,3.38,41.6,0.3,0.3,2.1,2.7,28.5,18.0,,2.4,23.8,6.6,7.3,3.4,3.4,59.4,54.9,45.1,54.9,31.382978723404253,34.7,6-6,214.0,78
201942,DeMar DeRozan,SAC,11,36.1,22.5,4.2,4.2,8.7,17.6,0.7,2.5,4.3,5.3,november,2024-25,25.8,17.6,56.3,11.8,52.5,3.7,4.2,29.8,1.1,3.0,0.5,19.9,10.0,17.6,1.7,12.0,19.1,6.1,3.9,4.6,1.7,55.0,69.8,30.2,69.8,14.204545454545453,36.1,6-6,220.0,78
1629630,Ja Morant,MEM,5,27.9,22.4,4.0,8.8,7.8,16.4,1.0,3.0,5.8,6.8,november,2024-25,32.1,44.4,57.8,17.8,63.8,5.3,4.94,25.8,0.6,0.4,1.2,14.1,19.6,40.4,,,11.0,5.0,2.4,,,50.0,51.3,48.7,51.3,18.292682926829272,27.9,6-2,174.0,74
1626181,Norman Powell,LAC,10,33.5,22.2,3.1,2.7,7.4,15.2,3.9,7.3,3.5,4.3,november,2024-25,25.5,13.6,64.9,11.2,47.2,2.4,3.06,30.9,0.8,0.0,1.1,10.9,24.6,11.3,,,32.5,3.8,1.5,10.9,,76.5,31.1,68.9,31.1,48.026315789473685,33.5,6-4,215.0,76
1629636,Darius Garland,CLE,14,31.8,21.7,2.7,7.1,7.9,16.0,3.0,6.9,3.0,3.2,november,2024-25,26.0,30.4,62.3,12.1,64.4,5.1,4.73,25.1,0.7,0.0,0.9,6.7,16.2,41.8,,,17.1,5.4,3.1,2.9,,50.0,58.2,41.8,58.2,43.125,31.8,6-1,192.0,73
203897,Zach LaVine,SAC,13,33.4,21.6,3.8,4.6,8.1,15.9,3.1,7.2,2.4,2.8,november,2024-25,24.3,19.0,62.9,10.4,56.4,4.0,4.22,28.3,0.4,1.0,0.5,9.3,23.5,19.5,4.0,,22.7,6.3,3.4,8.5,,80.7,55.2,44.8,55.2,45.28301886792453,33.4,6-5,200.0,77
1641706,Brandon Miller,CHA,15,35.7,21.6,5.6,3.9,7.6,19.3,4.0,11.1,2.4,2.6,november,2024-25,27.5,18.4,52.9,10.3,76.6,4.0,3.15,43.1,0.7,0.0,1.6,10.8,16.1,20.6,9.6,2.7,20.2,9.0,,3.4,,54.7,28.9,71.1,28.9,57.51295336787564,35.7,6-7,200.0,79
1630567,Scottie Barnes,TOR,5,33.6,21.4,9.2,7.4,7.4,17.8,2.2,7.8,4.4,6.2,november,2024-25,28.2,33.0,52.1,15.7,84.8,5.1,3.58,41.4,2.0,1.4,5.0,7.9,21.7,13.1,5.7,10.7,19.7,2.2,9.3,1.5,5.0,65.0,43.2,56.8,43.2,43.82022471910112,33.6,6-7,237.0,79
1630552,Jalen Johnson,ATL,15,36.2,21.1,9.5,6.0,8.5,16.0,2.1,5.1,2.1,2.5,november,2024-25,21.7,23.6,61.7,14.8,91.7,3.9,2.52,40.5,2.1,1.3,3.3,7.9,22.5,23.7,2.9,4.5,14.4,7.3,6.8,1.8,4.0,52.7,31.5,68.5,31.5,31.874999999999996,36.2,6-8,219.0,80
202696,Nikola Vučević,CHI,16,31.6,21.1,9.6,3.2,8.6,14.3,2.2,4.6,1.7,2.1,november,2024-25,22.3,15.0,69.3,14.8,65.1,1.7,1.55,48.8,3.3,4.2,6.4,,12.5,,28.8,16.1,15.2,,10.0,3.6,7.6,68.7,18.1,81.9,18.1,32.16783216783216,31.6,6-10,260.0,82
1627783,Pascal Siakam,IND,15,34.7,21.1,6.3,3.4,8.1,14.9,1.7,4.2,3.1,3.6,november,2024-25,22.4,14.9,63.8,12.3,54.7,2.3,2.47,34.3,2.0,3.8,4.1,13.3,20.6,13.9,6.5,11.3,16.2,3.0,3.2,4.0,5.0,62.7,37.7,62.3,37.7,28.187919463087248,34.7,6-8,245.0,80
201935,James Harden,LAC,16,33.6,20.8,6.8,7.9,6.0,15.3,2.8,7.7,6.0,6.7,november,2024-25,27.9,37.5,57.0,16.3,78.6,7.2,5.49,32.9,0.8,0.3,0.5,42.5,13.1,25.0,,1.3,7.5,4.6,,,,71.2,72.9,27.1,72.9,50.326797385620914,33.6,6-5,220.0,77
203944,Julius Randle,MIN,15,34.1,20.6,6.7,3.9,6.9,14.6,1.3,4.9,5.4,6.5,november,2024-25,26.0,18.8,58.9,12.2,56.1,3.0,3.25,37.8,2.4,2.9,2.9,15.8,16.5,9.4,7.3,10.1,21.1,2.4,5.0,3.2,5.4,58.2,44.2,55.8,44.2,33.56164383561644,34.1,6-9,250.0,81
1629673,Jordan Poole,WAS,12,30.0,20.5,2.5,4.5,7.0,15.8,2.6,7.2,3.9,4.6,november,2024-25,29.1,26.5,57.7,10.4,63.0,4.2,4.03,30.6,0.3,0.2,0.5,7.9,19.9,30.6,,,14.3,12.9,,5.4,,60.0,58.3,41.7,58.3,45.56962025316456,30.0,6-4,194.0,76
1629008,Michael Porter Jr.,DEN,13,35.5,20.2,7.1,3.1,7.9,15.2,2.9,6.7,1.5,2.2,november,2024-25,20.0,12.0,62.5,11.1,54.8,1.8,2.0,34.0,1.7,0.2,4.2,6.9,13.2,5.7,2.7,2.5,21.5,16.9,8.5,13.1,4.9,67.1,15.5,84.5,15.5,44.078947368421055,35.5,6-10,218.0,82
202710,Jimmy Butler III,GSW,9,30.9,20.0,5.2,4.4,6.3,11.6,0.7,1.4,6.7,8.1,november,2024-25,22.3,22.7,66.1,15.3,59.7,3.8,3.83,39.4,1.8,1.9,5.1,17.7,17.2,13.1,2.7,6.1,14.0,1.7,12.1,2.4,7.9,72.4,50.9,49.1,50.9,12.068965517241379,30.9,6-7,230.0,79
1628374,Lauri Markkanen,UTA,11,33.1,20.0,6.3,2.3,6.5,13.5,2.7,7.3,4.4,5.1,november,2024-25,21.4,10.7,63.7,12.7,53.6,1.7,1.9,33.8,1.3,1.1,2.9,4.0,15.6,3.0,8.3,5.7,12.8,7.5,10.6,20.7,7.0,67.3,21.1,78.9,21.1,54.074074074074076,33.1,7-0,240.0,84
1630578,Alperen Sengun,HOU,15,30.7,19.9,10.1,5.6,7.8,15.3,0.3,1.4,4.0,5.1,november,2024-25,26.4,27.5,56.5,18.8,60.1,2.6,2.63,43.9,4.7,4.9,6.1,14.9,13.5,5.2,9.2,21.7,11.8,,9.1,,7.4,51.2,53.8,46.2,53.8,9.15032679738562,30.7,6-11,243.0,83
1628384,OG Anunoby,NYK,15,37.1,19.7,5.7,2.1,7.3,14.6,2.5,6.4,2.5,2.9,november,2024-25,20.1,7.8,62.1,10.2,45.1,1.4,1.86,31.3,1.7,1.1,4.4,5.9,22.4,5.9,3.0,2.8,38.2,4.8,5.3,3.4,4.4,60.6,9.1,90.9,9.1,43.83561643835617,37.1,6-7,240.0,79
1631097,Bennedict Mathurin,IND,15,34.6,19.4,7.3,1.9,6.4,13.3,1.9,4.3,4.7,5.5,november,2024-25,22.5,7.8,61.5,10.6,62.1,2.6,2.48,36.4,1.3,0.1,2.1,9.0,22.3,27.0,,,17.2,5.2,7.6,5.7,,69.1,41.7,58.3,41.7,32.33082706766917,34.6,6-5,210.0,77
1627734,Domantas Sabonis,SAC,14,36.7,19.4,13.4,6.7,7.4,12.1,0.9,2.4,3.6,4.1,november,2024-25,20.8,26.6,69.5,16.7,75.6,3.1,2.46,49.1,7.7,2.6,9.4,,9.0,,28.5,13.1,9.0,,14.9,,10.9,62.7,27.9,72.1,27.9,19.834710743801654,36.7,6-10,240.0,82
1642272,Jared McCain,PHI,14,29.0,19.1,2.6,2.9,6.6,14.7,2.9,7.6,3.0,3.4,november,2024-25,26.2,17.7,59.1,11.5,54.9,3.4,3.69,28.4,0.1,0.0,0.3,9.0,33.7,14.1,,,29.6,,,,,68.8,49.5,50.5,49.5,51.70068027210885,29.0,6-3,195.0,75
1629027,Trae Young,ATL,15,34.9,19.1,3.1,12.2,5.9,15.3,2.6,7.7,4.6,5.2,november,2024-25,24.6,46.1,54.1,11.5,89.1,8.0,5.35,30.5,0.3,0.1,0.4,12.0,20.4,39.3,,,8.4,10.5,,,,68.1,59.6,40.4,59.6,50.326797385620914,34.9,6-1,164.0,73
1628381,John Collins,UTA,13,31.1,19.0,9.5,2.7,7.4,12.8,1.0,2.6,3.2,3.5,november,2024-25,22.3,13.6,66.5,14.4,57.9,1.8,1.87,34.2,2.8,3.4,6.2,,18.7,,6.3,9.1,33.6,2.3,10.3,,9.8,66.2,35.4,64.6,35.4,20.3125,31.1,6-9,226.0,81
1629661,Cameron Johnson,BKN,15,31.7,18.7,4.2,3.2,6.3,12.3,3.1,7.1,2.9,3.2,november,2024-25,20.3,16.4,68.5,13.7,46.0,1.8,2.3,32.3,1.1,0.0,1.1,,25.0,8.2,,,26.5,15.3,6.7,4.9,,67.9,25.3,74.7,25.3,57.72357723577235,31.7,6-8,210.0,80
1630530,Trey Murphy III,NOP,7,32.4,18.7,5.6,2.0,6.6,16.1,2.4,8.1,3.1,3.9,november,2024-25,24.3,10.8,52.5,10.0,54.0,2.2,2.45,34.4,0.9,0.1,1.9,6.6,20.1,16.5,2.1,,23.4,9.4,8.3,7.1,3.2,75.0,17.4,82.6,17.4,50.31055900621118,32.4,6-8,206.0,80
1630169,Tyrese Haliburton,IND,15,34.8,18.5,2.9,9.3,6.1,14.2,3.2,8.6,3.0,3.3,november,2024-25,21.3,38.7,58.9,12.5,98.9,6.2,3.75,40.2,0.4,0.0,0.5,,,,,,,,,,,56.6,53.3,46.7,53.3,60.56338028169014,34.8,6-5,185.0,77
203078,Bradley Beal,PHX,8,32.3,18.3,4.3,2.6,7.0,13.9,2.4,6.1,1.9,2.4,november,2024-25,21.8,12.7,61.2,10.1,55.8,3.2,3.47,30.9,1.8,0.0,1.6,,,21.3,,,24.6,,,,,54.8,44.6,55.4,44.6,43.88489208633093,32.3,6-4,207.0,76
1629631,De'Andre Hunter,CLE,8,26.8,18.3,3.8,1.1,6.1,12.5,2.4,5.9,3.6,4.1,november,2024-25,22.8,6.3,63.7,10.2,39.3,1.2,1.86,23.8,0.9,0.4,2.3,7.5,18.2,13.3,2.6,,29.0,9.5,6.2,6.0,2.6,68.2,16.3,83.7,16.3,47.2,26.8,6-8,221.0,80
1629632,Coby White,CHI,16,32.1,18.1,3.5,4.6,5.9,13.5,3.3,8.4,3.0,3.3,november,2024-25,22.1,19.5,60.4,8.7,57.9,3.3,3.43,28.1,0.1,0.0,0.2,7.7,29.3,29.6,,,20.9,3.1,,2.6,,67.1,43.6,56.4,43.6,62.22222222222222,32.1,6-5,195.0,77
1629012,Collin Sexton,UTA,14,30.1,18.0,2.5,3.5,6.1,12.9,2.4,5.0,3.4,3.7,november,2024-25,23.1,17.6,62.1,9.4,59.9,3.6,3.64,34.9,0.6,0.0,1.4,5.2,21.4,36.3,2.5,,20.6,4.3,2.5,,,73.0,54.7,45.3,54.7,38.75968992248062,30.1,6-3,190.0,75
1628401,Derrick White,BOS,14,34.7,18.0,5.1,4.6,6.3,13.9,3.9,9.6,1.6,1.9,november,2024-25,20.6,19.9,61.2,10.7,77.3,5.1,3.99,28.1,0.5,0.0,1.3,4.7,10.8,35.1,1.6,,25.9,9.5,1.3,5.1,1.7,54.8,27.3,72.7,27.3,69.06474820143885,34.7,6-4,190.0,76
1641711,Gradey Dick,TOR,12,33.8,17.8,3.8,2.5,5.8,14.9,2.4,7.1,3.8,4.1,november,2024-25,22.7,10.6,53.4,8.0,43.7,1.5,2.06,31.9,0.8,0.0,1.6,,29.6,,4.5,,39.9,,5.2,9.6,3.4,67.9,12.9,87.1,12.9,47.651006711409394,33.8,6-6,200.0,78
1627750,Jamal Murray,DEN,10,34.7,17.8,4.1,6.7,6.5,15.1,2.2,6.9,2.6,3.6,november,2024-25,23.0,24.1,53.3,10.1,70.8,5.0,4.25,35.4,1.2,0.1,1.0,14.6,13.0,35.4,,2.9,8.6,11.5,3.8,4.0,,69.0,53.8,46.2,53.8,45.695364238410605,34.7,6-4,215.0,76
1630596,Evan Mobley,CLE,14,31.8,17.8,9.6,2.9,6.9,12.4,0.6,2.1,3.5,4.3,november,2024-25,21.3,12.5,62.4,13.9,59.9,2.3,2.34,27.5,2.0,1.4,6.9,4.7,16.0,9.5,14.3,8.0,17.9,1.6,13.8,2.7,6.5,52.2,34.4,65.6,34.4,16.935483870967744,31.8,6-11,215.0,83
1631101,Shaedon Sharpe,POR,12,30.2,17.7,3.1,2.3,6.3,14.6,1.8,6.3,3.4,4.3,november,2024-25,25.0,12.6,53.6,9.2,46.3,2.6,3.33,27.6,1.0,0.0,1.1,12.3,19.5,31.7,,,16.7,5.1,4.8,2.1,2.8,67.4,50.7,49.3,50.7,43.15068493150685,30.2,6-5,208.0,77
1631093,Jaden Ivey,DET,16,30.1,17.6,4.3,4.6,6.3,14.1,1.8,4.9,3.3,4.5,november,2024-25,26.6,23.7,54.7,10.0,64.4,4.5,4.2,32.0,0.6,0.0,1.4,5.6,26.4,11.6,,,34.3,5.6,,,,51.4,46.0,54.0,46.0,34.751773049645394,30.1,6-4,195.0,76
1628389,Bam Adebayo,MIA,13,36.3,17.3,10.0,5.3,6.6,15.2,1.2,3.1,2.8,3.9,november,2024-25,22.5,22.2,51.0,12.8,69.8,3.2,2.74,45.3,4.0,3.1,7.1,8.0,20.2,,9.1,11.3,30.1,,7.1,2.4,6.5,66.1,39.5,60.5,39.5,20.394736842105267,36.3,6-9,255.0,81
1627736,Malik Beasley,DET,17,30.2,17.1,3.1,2.2,6.1,13.4,3.8,9.5,1.1,1.5,november,2024-25,20.5,11.2,61.1,10.3,41.1,1.5,2.17,29.5,0.4,0.0,0.5,,,,,,,,,,,61.8,17.3,82.7,17.3,70.89552238805969,30.2,6-4,187.0,76
203952,Andrew Wiggins,MIA,14,29.5,16.9,3.9,2.4,5.7,13.0,1.9,5.2,3.6,4.7,november,2024-25,22.4,12.0,56.2,9.7,44.6,2.1,2.82,29.1,1.1,0.7,3.4,10.9,22.1,7.6,,6.8,32.5,2.0,3.8,2.5,7.8,56.4,31.3,68.8,31.3,40.0,29.5,6-7,197.0,79
1631128,Christian Braun,DEN,13,34.7,16.8,4.8,2.0,6.2,10.4,1.5,2.8,3.1,3.8,november,2024-25,16.0,7.6,69.7,9.9,46.1,2.0,2.61,25.8,1.4,0.0,2.6,,33.3,,7.1,,20.6,7.8,11.3,,7.1,60.0,20.0,80.0,20.0,26.923076923076923,34.7,6-6,220.0,78
1630559,Austin Reaves,LAL,14,33.5,16.7,2.6,4.9,5.6,13.6,2.6,8.0,2.8,3.6,november,2024-25,22.1,21.5,54.9,8.3,75.2,4.4,3.49,36.5,1.0,0.0,1.2,13.5,15.8,35.6,,,14.0,5.6,,5.6,,61.4,30.4,69.6,30.4,58.82352941176471,33.5,6-5,197.0,77
1627751,Jakob Poeltl,TOR,15,32.5,16.6,11.7,2.4,7.3,12.1,0.0,0.1,1.9,3.3,november,2024-25,19.8,11.2,61.2,13.1,62.9,1.7,1.65,37.4,8.7,1.3,11.5,,13.0,,16.7,,,,40.7,,14.8,64.5,30.9,69.1,30.9,0.8264462809917356,32.5,7-0,260.0,84
1630224,Jalen Green,HOU,15,31.2,16.6,4.6,2.5,5.7,15.1,1.9,7.1,3.3,3.7,november,2024-25,24.9,11.9,49.7,8.7,55.2,4.1,4.48,24.7,0.3,0.0,1.2,,,,,,,,,,,67.7,57.6,42.4,57.6,47.019867549668874,31.2,6-4,186.0,76
1628970,Miles Bridges,CHA,7,30.0,16.6,6.6,3.9,5.9,13.3,2.6,6.4,2.3,2.7,november,2024-25,22.2,20.1,57.2,13.1,52.0,2.1,2.47,28.4,0.6,0.4,2.0,9.0,16.5,14.9,7.4,4.9,29.8,7.2,3.2,,2.1,68.0,19.5,80.5,19.5,48.1203007518797,30.0,6-7,225.0,79
203471,Dennis Schröder,DET,13,33.7,16.3,3.6,5.6,5.5,13.5,2.2,6.3,3.0,3.4,november,2024-25,22.3,25.0,54.3,9.9,87.8,7.8,5.31,34.9,0.3,0.0,0.3,14.8,11.2,36.6,,,23.1,5.2,,,,60.3,54.2,45.8,54.2,46.666666666666664,33.7,6-1,175.0,73
1641718,Keyonte George,UTA,13,31.9,16.3,2.8,5.7,5.5,13.5,3.2,8.0,2.1,2.6,november,2024-25,22.7,26.0,55.5,7.9,83.4,6.1,4.39,35.9,0.1,0.0,0.5,12.3,14.8,29.3,1.4,,13.8,9.7,4.5,5.8,,71.9,41.7,58.3,41.7,59.25925925925925,31.9,6-4,185.0,76
203903,Jordan Clarkson,UTA,8,26.9,16.3,3.9,4.1,5.6,14.4,2.1,6.8,2.9,3.3,november,2024-25,26.5,26.2,51.4,11.9,56.4,3.7,3.89,33.8,0.6,0.0,0.6,5.2,25.6,12.3,,,36.0,7.8,4.2,,3.9,61.3,64.4,35.6,64.4,47.22222222222222,26.9,6-3,194.0,75
1628370,Malik Monk,SAC,9,27.6,16.2,3.3,4.1,6.0,12.6,1.9,5.3,2.3,2.9,november,2024-25,22.6,22.2,58.7,11.8,53.1,3.3,3.73,25.0,0.4,0.0,0.4,8.4,22.0,24.1,3.5,,25.5,6.7,,4.6,,59.3,48.1,51.9,48.1,42.06349206349206,27.6,6-3,200.0,75
1626167,Myles Turner,IND,14,32.7,16.2,7.9,1.3,6.1,12.6,2.1,5.1,1.9,2.7,november,2024-25,21.7,5.9,58.6,9.3,45.2,1.1,1.41,32.6,3.6,1.5,6.2,,7.7,,17.7,7.3,42.3,,7.1,,6.0,57.5,15.3,84.7,15.3,40.476190476190474,32.7,6-11,250.0,83
1627832,Fred VanVleet,HOU,14,34.0,16.0,4.8,6.5,5.9,14.2,2.2,6.7,1.9,2.4,november,2024-25,19.9,26.0,52.5,12.7,77.0,6.1,4.76,28.6,0.1,0.0,0.3,,,,,,,,,,,49.0,57.8,42.2,57.8,47.183098591549296,34.0,6-0,197.0,72
1630170,Devin Vassell,SAS,5,22.2,15.8,1.6,3.0,5.4,11.8,2.4,6.0,2.6,2.6,november,2024-25,28.6,23.4,61.0,9.9,42.2,2.1,2.98,29.0,1.0,0.0,0.4,2.7,22.2,11.5,,,35.3,10.7,,11.8,,61.1,33.3,66.7,33.3,50.847457627118644,22.2,6-5,200.0,77
1628398,Kyle Kuzma,MIL,9,26.4,15.4,5.1,1.3,6.6,14.3,1.2,4.4,1.1,1.8,november,2024-25,27.1,9.2,51.1,8.3,38.7,2.0,3.04,24.4,1.9,0.6,1.6,5.1,27.3,5.3,8.7,2.8,27.5,4.1,8.5,,4.9,56.5,42.4,57.6,42.4,30.76923076923077,26.4,6-9,221.0,81
1630202,Payton Pritchard,BOS,14,27.2,15.4,2.6,2.9,5.2,10.5,3.4,7.9,1.6,1.9,november,2024-25,19.4,16.1,67.8,11.3,46.7,3.3,4.18,19.0,0.3,0.0,1.2,12.8,16.2,25.6,1.9,,26.2,6.4,,5.1,1.8,67.6,38.4,61.6,38.4,75.23809523809524,27.2,6-1,195.0,73
1629014,Anfernee Simons,POR,12,29.5,15.1,2.9,4.0,5.6,14.1,2.3,7.2,1.6,1.8,november,2024-25,23.7,22.3,50.6,8.6,62.7,4.8,4.6,28.1,0.1,0.0,0.2,18.2,14.5,28.8,,,19.8,7.2,,4.9,,71.7,71.6,28.4,71.6,51.06382978723405,29.5,6-3,200.0,75
203924,Jerami Grant,POR,13,32.1,15.1,2.8,2.3,4.7,12.2,1.9,5.6,3.8,4.5,november,2024-25,19.1,11.0,53.0,7.6,39.4,1.8,2.7,25.1,0.2,0.9,0.5,10.7,16.2,13.9,2.2,2.0,35.4,4.8,4.6,4.2,2.4,67.5,39.3,60.7,39.3,45.90163934426229,32.1,6-7,210.0,79
1630631,Jose Alvarado,NOP,6,30.5,15.0,2.8,5.0,5.0,12.5,3.0,7.2,2.0,2.5,november,2024-25,20.4,23.8,55.1,9.0,69.3,5.2,4.51,30.2,0.2,0.0,0.3,4.2,20.0,27.3,,,30.0,3.8,3.8,,,57.1,56.7,43.3,56.7,57.60000000000001,30.5,6-0,179.0,72
1630591,Jalen Suggs,ORL,15,29.9,14.9,4.0,3.9,5.2,12.7,1.8,6.5,2.7,2.9,november,2024-25,24.1,20.5,53.2,9.6,69.3,4.8,4.16,29.5,0.5,0.5,1.0,6.6,24.5,25.2,,,20.4,7.3,,,4.0,57.9,56.4,43.6,56.4,51.181102362204726,29.9,6-5,205.0,77
1628969,Mikal Bridges,NYK,15,38.4,14.7,4.1,3.1,6.3,14.5,1.9,6.6,0.3,0.4,november,2024-25,18.0,10.3,50.3,6.5,49.5,1.9,2.27,34.0,1.3,1.3,3.0,2.3,25.3,9.1,3.4,2.3,36.2,6.3,5.0,4.8,2.7,52.6,24.5,75.5,24.5,45.51724137931034,38.4,6-6,209.0,78
1627826,Ivica Zubac,LAC,16,31.7,14.6,12.4,2.1,6.8,10.8,0.0,0.0,1.1,2.3,november,2024-25,18.6,10.5,62.3,14.7,54.6,1.7,1.9,32.6,5.8,6.1,9.9,,5.5,,18.4,28.3,,,20.1,,20.3,56.1,34.3,65.7,34.3,0.0,31.7,7-0,240.0,84
1627763,Malcolm Brogdon,WAS,7,24.0,14.6,4.6,2.9,5.4,9.9,0.7,2.0,3.0,3.4,november,2024-25,23.1,20.8,64.1,13.3,52.3,3.8,4.38,24.1,0.3,0.0,1.6,,,,,,,,,,,73.1,60.5,39.5,60.5,20.2020202020202,24.0,6-4,229.0,76
1629028,Deandre Ayton,POR,8,29.3,14.5,9.5,1.1,6.5,11.6,0.4,1.1,1.1,1.6,november,2024-25,19.8,5.9,58.8,13.1,48.1,1.2,1.52,31.0,3.9,1.5,9.6,,9.8,,28.6,9.5,2.9,,26.3,,13.6,60.6,28.8,71.2,28.8,9.482758620689657,29.3,7-0,252.0,84
202331,Paul George,PHI,9,28.6,14.4,5.7,4.8,5.0,13.2,1.8,6.2,2.7,3.3,november,2024-25,27.2,29.5,49.2,11.2,59.2,4.0,4.03,29.7,0.9,0.8,1.3,18.4,12.4,14.2,,5.5,22.9,3.2,,12.4,,63.3,66.7,33.3,66.7,46.96969696969697,28.6,6-8,220.0,80
1630228,Jonathan Kuminga,GSW,12,22.7,14.4,4.4,1.9,5.4,12.3,1.3,4.1,2.3,4.0,november,2024-25,27.4,13.7,51.1,10.5,44.9,2.5,3.3,23.5,0.5,0.6,2.1,12.6,17.4,21.1,,6.7,18.1,,9.6,,7.0,64.3,40.0,60.0,40.0,33.33333333333333,22.7,6-7,225.0,79
1630230,Naji Marshall,DAL,15,26.1,14.3,3.5,2.3,5.8,10.0,1.0,2.9,1.7,2.0,november,2024-25,20.2,12.1,65.9,10.6,46.2,2.2,2.91,20.7,0.6,0.1,1.6,5.6,31.6,10.9,3.9,,29.1,,6.0,2.4,2.4,58.0,36.8,63.2,36.8,28.999999999999996,26.1,6-6,220.0,78
202699,Tobias Harris,DET,16,31.9,14.0,6.6,2.6,5.4,11.6,1.6,4.4,1.7,2.3,november,2024-25,18.4,11.7,55.5,11.0,47.2,2.2,2.77,27.6,1.0,2.8,1.9,4.2,17.9,6.8,,14.6,31.8,,6.3,3.0,6.3,48.8,33.7,66.3,33.7,37.931034482758626,31.9,6-8,226.0,80
1628404,Josh Hart,NYK,15,37.9,13.8,8.0,6.2,5.5,9.1,1.3,3.1,1.5,1.7,november,2024-25,13.0,20.9,70.4,11.8,70.5,3.1,2.64,29.9,1.5,0.0,3.1,,21.0,10.3,,,45.6,4.0,4.6,,,59.3,33.7,66.3,33.7,34.065934065934066,37.9,6-4,215.0,76
1630700,Dyson Daniels,ATL,15,34.1,13.7,5.3,3.3,5.8,13.6,1.1,4.1,1.0,1.4,november,2024-25,18.5,12.7,48.3,7.6,52.3,2.1,2.43,29.7,1.4,0.1,3.6,5.6,23.3,13.2,3.2,,18.5,5.8,15.9,,7.8,60.2,36.8,63.2,36.8,30.14705882352941,34.1,6-7,199.0,79
1642261,Dalton Knecht,LAL,14,26.3,13.6,4.0,1.2,5.0,9.9,2.9,6.2,0.7,0.9,november,2024-25,17.4,6.7,66.3,10.3,34.2,1.1,1.98,19.9,0.8,0.0,1.5,6.0,19.6,9.5,,,34.5,7.1,,10.7,,64.7,10.0,90.0,10.0,62.62626262626263,26.3,6-6,215.0,78
1629655,Daniel Gafford,DAL,14,22.1,13.6,7.4,1.1,5.9,7.6,0.0,0.0,1.9,2.9,november,2024-25,18.1,7.7,76.2,14.8,32.8,0.8,1.51,17.7,3.0,0.8,8.6,,8.8,,19.9,11.0,,,20.4,,18.2,54.3,29.3,70.7,29.3,0.0,22.1,6-10,265.0,82
1642264,Stephon Castle,SAS,14,28.6,13.6,2.9,4.1,4.8,11.5,1.5,4.7,2.5,3.4,november,2024-25,22.1,22.1,52.2,8.2,56.9,3.6,3.84,26.4,1.1,0.1,1.7,8.4,22.1,28.3,,,20.5,3.7,3.2,2.3,4.0,64.4,35.8,64.2,35.8,40.869565217391305,28.6,6-6,215.0,78
1629023,P.J. Washington,DAL,10,32.1,13.5,9.6,2.3,4.9,10.7,1.1,2.9,2.6,3.1,november,2024-25,17.5,9.2,56.0,11.8,51.5,1.8,2.1,20.3,1.3,1.3,2.4,4.1,20.9,6.3,5.4,6.1,29.9,4.1,8.2,,6.8,53.8,42.9,57.1,42.9,27.10280373831776,32.1,6-6,230.0,78
1628386,Jarrett Allen,CLE,15,29.8,13.4,10.6,1.9,5.5,8.3,0.0,0.0,2.3,3.3,november,2024-25,15.0,8.0,69.0,13.4,37.9,0.9,1.5,22.6,4.3,0.1,8.1,,13.6,,20.9,7.8,4.1,,33.1,,9.2,54.2,19.3,80.7,19.3,0.0,29.8,6-9,243.0,81
1626171,Bobby Portis,MIL,13,23.3,13.4,7.3,1.4,5.6,12.2,1.1,3.2,1.1,1.5,november,2024-25,26.0,9.8,51.8,12.8,43.5,1.5,2.06,26.0,1.3,3.6,2.9,3.2,11.0,,15.8,19.8,31.1,,6.6,,5.8,48.9,42.5,57.5,42.5,26.229508196721312,23.3,6-10,250.0,82
1630245,Ayo Dosunmu,CHI,16,30.1,13.4,3.2,4.1,5.1,10.1,1.3,3.8,2.0,2.5,november,2024-25,17.3,18.5,59.6,7.7,56.9,2.7,2.81,28.1,0.7,0.0,1.0,2.2,33.6,20.8,,,31.6,,3.1,,,74.1,30.9,69.1,30.9,37.62376237623762,30.1,6-5,200.0,77
1642377,Jaylen Wells,MEM,14,26.3,13.4,3.2,2.0,4.9,10.1,2.1,5.1,1.4,1.7,november,2024-25,18.0,9.7,61.3,9.1,29.4,1.3,2.55,19.9,0.6,0.0,1.5,3.0,21.5,12.7,,,39.8,3.8,4.8,4.2,3.2,61.7,24.6,75.4,24.6,50.495049504950494,26.3,6-8,,80
1629675,Naz Reid,MIN,15,24.5,13.3,4.5,1.4,5.0,10.5,1.9,5.4,1.3,1.6,november,2024-25,21.3,9.4,59.0,10.7,37.5,1.0,1.65,20.7,0.6,0.8,1.7,3.8,17.2,4.8,9.1,8.1,30.7,4.7,3.6,8.4,4.3,62.3,21.3,78.7,21.3,51.42857142857144,24.5,6-9,264.0,81
1629021,Moritz Wagner,ORL,16,20.1,13.3,4.8,1.6,4.8,8.8,0.8,2.6,2.8,3.8,november,2024-25,24.9,13.9,63.5,16.1,35.1,1.1,1.9,24.6,2.4,0.9,5.6,,,,,,,,,,,63.5,22.1,77.9,22.1,29.54545454545454,20.1,6-11,245.0,83
1627741,Buddy Hield,GSW,14,23.0,13.2,3.4,1.2,4.6,10.2,2.9,7.1,1.1,1.3,november,2024-25,20.3,8.5,61.3,10.2,40.6,1.5,2.19,25.8,0.4,0.0,0.7,,23.1,4.8,,,34.0,5.4,5.4,12.2,3.7,63.3,17.2,82.8,17.2,69.6078431372549,23.0,6-4,220.0,76
1641708,Amen Thompson,HOU,15,28.8,13.2,7.9,2.4,4.9,8.2,0.3,0.9,3.1,4.3,november,2024-25,16.3,12.1,65.5,14.7,43.7,2.5,3.42,17.3,0.8,0.0,4.6,9.4,21.4,23.0,,,13.2,2.9,17.8,,5.9,51.9,47.3,52.7,47.3,10.975609756097562,28.8,6-7,200.0,79
203935,Marcus Smart,WAS,5,21.4,13.2,3.0,5.4,4.4,9.0,2.6,6.4,1.8,2.0,november,2024-25,21.9,35.5,66.8,15.6,42.6,2.3,3.22,22.8,0.4,0.8,1.4,4.2,18.4,15.1,5.0,,38.3,,,,,58.3,40.9,59.1,40.9,71.11111111111111,21.4,6-3,220.0,75
201572,Brook Lopez,MIL,14,33.8,13.1,4.9,1.9,4.9,9.6,2.2,5.6,1.0,1.4,november,2024-25,14.7,8.0,64.1,9.1,38.1,0.9,1.45,25.3,1.6,1.5,3.1,,6.5,,32.8,9.5,32.1,,,,,59.3,13.0,87.0,13.0,58.333333333333336,33.8,7-1,282.0,85
1630527,Brandon Boston,NOP,15,32.0,13.0,4.3,4.3,4.9,11.5,1.3,4.4,1.9,2.3,november,2024-25,19.0,20.6,52.2,8.9,67.6,4.4,3.88,29.1,0.4,0.1,0.9,,,,,,,,,,,67.1,41.1,58.9,41.1,38.26086956521739,32.0,6-6,188.0,78
201566,Russell Westbrook,DEN,13,26.2,12.9,4.5,6.6,4.5,10.5,1.6,4.0,2.4,3.8,november,2024-25,23.3,36.0,53.0,10.9,62.5,4.2,4.07,27.4,1.3,0.3,1.9,13.4,18.3,25.8,,5.1,26.7,,2.2,,2.8,65.0,56.9,43.1,56.9,38.095238095238095,26.2,6-4,200.0,76
1641744,Zach Edey,MEM,8,21.9,12.8,8.4,1.1,4.9,7.8,0.6,0.9,2.4,2.9,november,2024-25,20.5,7.1,70.7,15.1,29.8,0.8,1.56,18.9,1.6,3.1,10.8,,,,14.7,32.8,,,16.4,,15.5,63.3,30.8,69.2,30.8,11.538461538461538,21.9,7-4,305.0,88
1629130,Duncan Robinson,MIA,12,24.0,12.7,2.7,2.4,4.4,9.9,3.1,7.3,0.8,1.0,november,2024-25,20.4,14.8,61.2,8.6,35.8,1.3,2.1,26.2,0.3,0.1,1.2,,18.5,7.9,4.3,,31.2,11.7,,18.8,,84.6,18.9,81.1,18.9,73.73737373737373,24.0,6-7,215.0,79
1630577,Julian Champagnie,SAS,14,30.8,12.6,5.0,1.9,4.3,9.9,2.6,7.4,1.4,1.6,november,2024-25,15.9,8.3,59.2,8.4,43.9,1.1,1.51,22.3,0.8,0.1,0.9,,23.0,,5.3,,43.3,6.5,3.1,9.3,4.3,66.2,6.7,93.3,6.7,74.74747474747475,30.8,6-7,217.0,79
1629640,Keldon Johnson,SAS,13,25.6,12.5,5.5,2.1,4.6,9.9,1.2,3.8,2.1,2.7,november,2024-25,19.6,12.6,56.4,10.8,43.0,1.7,2.41,21.0,0.5,0.3,2.5,3.9,20.0,2.8,,4.4,32.0,7.4,9.2,,10.9,67.7,36.7,63.3,36.7,38.38383838383838,25.6,6-5,220.0,77
1628415,Dillon Brooks,HOU,15,29.5,12.5,3.3,1.7,4.7,11.3,2.1,5.3,0.9,1.2,november,2024-25,17.8,8.0,53.1,5.9,34.9,1.4,2.39,21.1,0.5,0.9,1.7,9.3,14.6,19.9,1.5,9.9,31.8,2.8,1.7,2.8,2.4,55.2,29.6,70.4,29.6,46.90265486725663,29.5,6-6,225.0,78
1626156,D'Angelo Russell,BKN,14,25.5,12.5,2.7,4.5,4.5,10.8,1.9,5.9,1.6,1.9,november,2024-25,22.3,24.0,53.7,9.1,58.3,3.5,3.61,24.9,0.6,0.1,0.8,8.7,15.5,36.2,,,20.8,7.9,,,,56.6,41.3,58.7,41.3,54.629629629629626,25.5,6-3,193.0,75
1630583,Santi Aldama,MEM,14,27.2,12.5,7.9,3.4,5.3,10.9,1.2,4.2,0.7,1.1,november,2024-25,18.0,15.8,55.2,12.7,54.1,1.8,2.03,28.8,1.1,0.1,3.3,,22.8,2.3,8.8,4.1,40.1,,6.8,,7.0,57.5,32.4,67.6,32.4,38.53211009174312,27.2,7-0,215.0,84
1630590,Scotty Pippen Jr.,MEM,14,25.3,12.4,4.4,5.4,4.7,9.7,1.2,3.2,1.8,2.4,november,2024-25,19.5,29.1,57.6,12.2,59.2,3.8,3.87,25.4,1.5,0.0,1.4,,,,,,,,,,,62.7,37.9,62.1,37.9,32.98969072164949,25.3,6-1,170.0,73
1630534,Ochai Agbaji,TOR,15,32.3,12.4,4.3,2.3,4.9,9.2,2.2,4.5,0.5,0.7,november,2024-25,13.4,10.1,65.3,9.0,40.7,1.1,1.67,23.9,0.5,0.0,2.6,,33.5,,,,29.2,,13.5,,10.3,58.9,17.8,82.2,17.8,48.913043478260875,32.3,6-5,215.0,77
1631096,Chet Holmgren,OKC,6,23.2,12.3,7.2,1.5,3.7,8.8,1.3,3.2,3.7,4.3,november,2024-25,22.9,8.1,57.4,11.7,39.8,1.3,2.01,20.7,0.8,0.3,3.3,7.8,16.0,2.8,14.1,6.5,19.7,,13.4,4.3,9.6,46.3,27.3,72.7,27.3,36.36363636363637,23.2,7-1,208.0,85
1631106,Tari Eason,HOU,15,24.5,12.3,7.1,0.9,4.9,10.1,0.9,3.0,1.5,2.0,november,2024-25,19.2,5.6,56.0,13.6,35.4,1.4,2.35,17.1,0.8,0.1,2.9,5.0,19.9,5.4,,,43.3,,6.5,,9.2,51.0,40.5,59.5,40.5,29.7029702970297,24.5,6-8,215.0,80
1642258,Zaccharie Risacher,ATL,16,24.1,12.3,3.8,1.4,4.4,10.5,1.4,4.8,2.0,2.8,november,2024-25,21.3,8.1,52.6,7.2,31.6,1.0,1.94,19.6,1.0,0.1,3.0,,35.0,4.0,,,29.9,6.7,8.9,5.9,5.4,51.7,18.3,81.7,18.3,45.714285714285715,24.1,6-8,200.0,80
1629660,Ty Jerome,CLE,15,20.7,12.3,2.2,3.9,4.6,8.2,1.9,3.6,1.2,1.3,november,2024-25,20.5,25.1,69.8,13.4,40.6,2.8,4.12,17.5,0.2,0.1,0.5,,,,,,,,,,,59.4,49.3,50.7,49.3,43.90243902439025,20.7,6-5,195.0,77
1628960,Grayson Allen,PHX,12,24.5,12.3,2.7,1.0,3.8,9.2,2.6,6.9,2.0,2.6,november,2024-25,20.1,5.9,59.4,7.0,35.6,1.4,2.34,22.8,0.8,0.0,0.8,2.8,17.5,24.2,4.0,,33.8,5.4,,7.0,,72.0,10.9,89.1,10.9,75.00000000000001,24.5,6-4,198.0,76
202691,Klay Thompson,DAL,12,28.1,12.3,3.8,2.1,4.3,12.1,2.6,7.3,1.0,1.1,november,2024-25,20.7,9.5,48.8,6.7,33.4,1.3,2.26,22.8,0.5,0.3,0.8,,19.2,7.1,,,25.9,12.2,2.8,26.3,,56.8,11.5,88.5,11.5,60.33057851239669,28.1,6-5,220.0,77
1626145,Tyus Jones,PHX,14,32.5,12.2,2.4,7.3,4.7,10.0,2.3,5.6,0.5,0.7,november,2024-25,15.4,31.6,59.2,10.1,72.8,5.2,4.32,27.9,0.1,0.0,0.4,,17.2,23.8,,,41.7,,,,,88.9,34.8,65.2,34.8,55.99999999999999,32.5,6-1,196.0,73
203992,Bogdan Bogdanović,LAC,6,24.3,12.2,3.8,1.7,4.3,11.0,2.3,6.7,1.2,1.2,november,2024-25,20.6,10.4,52.8,6.4,40.8,1.3,1.98,30.0,0.5,0.0,2.0,,12.2,34.4,,,24.4,,,,,54.5,23.1,76.9,23.1,60.909090909090914,24.3,6-5,225.0,77
201950,Jrue Holiday,BOS,13,31.7,12.1,4.7,4.2,4.5,10.1,1.6,5.6,1.5,1.6,november,2024-25,16.7,19.0,56.0,9.8,49.2,2.5,3.11,22.8,0.6,1.2,1.9,10.1,20.5,26.3,,3.6,20.5,,4.3,,,65.7,37.9,62.1,37.9,55.44554455445544,31.7,6-4,205.0,76
1631099,Keegan Murray,SAC,16,36.6,11.9,8.1,1.8,4.7,11.3,1.4,5.5,1.1,1.4,november,2024-25,15.3,6.6,50.0,6.8,49.5,1.6,1.97,26.8,0.3,0.3,3.1,4.2,18.5,10.8,5.4,,30.8,,4.2,14.2,4.2,60.3,28.0,72.0,28.0,48.67256637168141,36.6,6-8,225.0,80
203084,Harrison Barnes,SAS,14,29.7,11.9,5.3,1.9,3.8,7.4,1.7,3.5,2.6,3.4,november,2024-25,14.1,9.0,66.7,9.3,39.9,1.4,2.15,22.1,1.1,0.6,2.0,8.0,18.8,3.3,5.0,2.5,43.8,4.8,,4.8,,54.5,11.3,88.7,11.3,47.2972972972973,29.7,6-8,225.0,80
1630166,Deni Avdija,POR,15,26.5,11.9,6.1,3.4,3.9,9.3,1.5,3.9,2.5,3.5,november,2024-25,19.4,19.4,55.0,11.3,55.2,2.9,3.14,25.4,0.8,0.6,1.7,14.0,18.1,26.9,,3.1,19.0,4.8,4.0,4.7,1.7,68.8,40.7,59.3,40.7,41.93548387096774,26.5,6-9,240.0,81
1631095,Jabari Smith Jr.,HOU,15,27.6,11.8,5.8,0.7,4.2,9.1,1.7,4.5,1.7,1.9,november,2024-25,15.3,3.2,59.3,9.9,31.4,0.9,1.8,15.1,1.0,0.3,2.1,5.6,19.2,4.7,5.3,5.8,36.8,3.9,7.5,2.5,5.4,64.2,15.9,84.1,15.9,49.45054945054945,27.6,6-10,220.0,82
1631117,Walker Kessler,UTA,8,28.6,11.8,10.3,1.4,5.0,6.4,0.0,0.0,1.8,3.1,november,2024-25,13.5,7.6,75.8,13.2,36.1,0.9,1.46,24.5,4.6,0.4,10.3,,,,,,,,29.0,,22.6,50.0,32.5,67.5,32.5,0.0,28.6,7-0,245.0,84
1630625,Dalano Banton,POR,15,18.5,11.6,2.7,2.7,4.1,9.4,1.7,4.2,1.8,2.5,november,2024-25,27.6,21.5,55.2,11.9,41.8,2.8,4.04,18.7,0.4,0.1,0.6,,,,,,,,,,,44.4,41.0,59.0,41.0,44.680851063829785,18.5,6-8,203.0,80
1631212,Peyton Watson,DEN,13,29.0,11.5,3.8,1.4,4.3,8.4,1.1,2.8,1.8,2.3,november,2024-25,14.9,6.0,61.0,7.2,36.5,1.4,2.34,18.5,1.5,0.0,2.8,6.7,19.0,13.2,3.1,,24.9,5.2,16.2,2.3,3.2,53.1,19.6,80.4,19.6,33.33333333333333,29.0,6-7,200.0,79
202685,Jonas Valančiūnas,SAC,14,19.4,11.4,7.6,2.0,4.5,7.9,0.1,0.4,2.3,2.4,november,2024-25,22.1,16.5,63.1,16.0,39.8,1.3,2.0,25.4,3.4,2.1,6.3,,,,22.1,29.7,4.2,,13.7,,16.0,66.0,34.9,65.1,34.9,5.063291139240507,19.4,6-11,265.0,83
1627747,Caris LeVert,ATL,9,25.5,11.3,3.4,4.6,3.9,8.4,1.7,4.1,1.9,2.2,november,2024-25,17.8,22.3,60.1,9.9,39.8,2.1,3.18,21.1,0.4,0.0,1.6,6.2,19.0,24.0,,,26.9,4.5,6.6,5.0,,64.3,25.7,74.3,25.7,48.8095238095238,25.5,6-6,205.0,78
1642259,Alex Sarr,WAS,14,27.5,11.3,6.0,2.4,4.3,10.9,1.1,4.4,1.6,2.6,november,2024-25,20.7,13.5,47.1,7.2,46.5,1.4,1.86,27.7,3.9,0.1,5.1,5.3,10.0,,22.6,8.3,21.6,,15.0,,10.5,65.5,26.7,73.3,26.7,40.36697247706422,27.5,7-0,205.0,84
1630544,Tre Mann,CHA,9,22.8,11.2,2.6,2.9,4.6,10.7,1.3,3.6,0.8,1.0,november,2024-25,23.9,23.0,50.5,8.8,45.9,4.0,5.29,19.1,0.0,0.0,0.3,8.5,7.7,38.0,,,26.5,8.5,,,,63.2,75.6,24.4,75.6,33.64485981308412,22.8,6-3,178.0,75
1630172,Patrick Williams,CHI,10,29.2,11.2,4.6,2.5,3.7,8.9,2.0,4.9,1.8,2.0,november,2024-25,17.3,11.1,57.3,6.5,44.6,1.4,1.83,22.3,0.3,0.2,1.4,3.6,22.1,9.3,5.0,3.6,41.4,3.6,,,5.0,70.8,21.6,78.4,21.6,55.0561797752809,29.2,6-7,215.0,79
203991,Clint Capela,ATL,16,22.6,11.1,9.5,1.4,5.0,8.7,0.0,0.0,1.1,2.3,november,2024-25,17.7,8.1,57.5,13.0,29.1,0.6,1.24,19.7,1.8,0.4,10.3,,,,22.1,,,,24.4,,36.6,54.1,23.8,76.3,23.8,0.0,22.6,6-10,256.0,82
1627827,Dorian Finney-Smith,LAL,10,28.9,11.0,3.7,1.6,3.9,7.5,2.7,5.2,0.5,0.7,november,2024-25,13.7,7.7,70.4,7.1,39.7,1.0,1.44,24.9,0.5,0.0,2.6,,,,,,,,,,,57.4,7.7,92.3,7.7,69.33333333333334,28.9,6-7,220.0,79
1626162,Kelly Oubre Jr.,PHI,14,29.7,10.9,5.1,1.4,4.4,10.1,1.0,4.1,1.1,1.4,november,2024-25,17.4,7.5,50.9,6.6,40.8,1.7,2.45,22.4,0.6,0.0,2.5,12.1,22.1,7.6,,,29.8,,5.9,,6.6,54.7,37.1,62.9,37.1,40.59405940594059,29.7,6-8,203.0,80
1628449,Chris Boucher,TOR,15,18.7,10.8,4.8,0.6,4.0,7.9,1.2,3.8,1.6,2.1,november,2024-25,21.5,5.1,61.1,13.9,23.3,0.7,1.88,13.4,0.7,0.2,3.1,,,,,,,,,,,61.5,30.0,70.0,30.0,48.101265822784804,18.7,6-9,200.0,81
1641731,Bilal Coulibaly,WAS,13,35.4,10.8,5.2,2.8,4.1,9.2,0.7,2.8,1.9,2.7,november,2024-25,14.4,12.0,51.7,6.6,45.3,2.4,3.24,26.2,0.8,0.0,1.9,4.8,27.8,15.1,,,25.8,5.2,8.3,,4.8,58.1,45.3,54.7,45.3,30.434782608695656,35.4,6-8,195.0,80
1630557,Corey Kispert,WAS,14,28.2,10.7,3.7,1.3,3.9,9.7,1.8,5.9,1.1,1.3,november,2024-25,16.7,6.5,52.1,6.0,33.8,1.2,2.07,21.3,0.4,0.0,0.9,,19.0,9.5,,,34.1,11.9,,8.7,,64.3,21.8,78.2,21.8,60.82474226804124,28.2,6-6,224.0,78
1630183,Jaden McDaniels,MIN,15,31.1,10.7,4.0,1.8,4.1,9.5,1.3,4.3,1.1,1.6,november,2024-25,15.6,8.8,52.4,5.9,41.7,1.3,1.88,22.9,0.2,0.1,1.6,2.3,27.6,10.3,,,36.8,5.2,5.0,3.2,3.9,66.7,33.9,66.1,33.9,45.263157894736835,31.1,6-9,185.0,81
1626179,Terry Rozier,MIA,11,29.1,10.6,3.4,2.8,3.9,9.9,1.6,5.0,1.2,1.5,november,2024-25,17.7,14.2,50.2,6.4,56.2,3.9,4.14,24.5,0.1,0.0,0.4,,,,,,,,,,,67.5,39.5,60.5,39.5,50.505050505050505,29.1,6-1,190.0,73
1630217,Desmond Bane,ORL,8,27.7,10.6,7.0,4.4,3.9,11.1,1.3,5.3,1.6,2.4,november,2024-25,20.3,19.8,43.7,8.5,62.3,3.6,3.46,29.5,0.5,0.1,1.4,7.0,19.3,25.5,,,17.4,7.4,4.1,9.1,3.8,42.4,38.7,61.3,38.7,47.74774774774775,27.7,6-5,215.0,77
203497,Rudy Gobert,MIN,15,34.2,10.6,11.1,2.1,3.9,6.1,0.0,0.0,2.7,3.3,november,2024-25,11.6,8.9,70.4,11.7,43.9,1.0,1.43,23.3,2.3,0.4,9.1,,12.6,,16.7,,,,28.5,,26.9,53.3,30.5,69.5,30.5,0.0,34.2,7-1,258.0,85
1627824,Guerschon Yabusele,PHI,14,24.5,10.6,5.9,1.5,3.9,7.9,2.0,4.3,0.9,1.5,november,2024-25,17.0,9.7,62.1,9.7,38.2,1.0,1.64,24.0,1.9,1.3,2.6,,,,,,,,,,,69.0,5.6,94.4,5.6,54.430379746835435,24.5,6-8,265.0,80
1630581,Josh Giddey,CHI,16,26.5,10.6,5.3,6.9,4.0,9.5,1.0,3.4,1.6,2.0,november,2024-25,20.0,32.8,50.9,9.6,69.0,3.8,3.28,29.3,0.8,0.0,1.4,5.0,22.8,38.8,,,16.0,4.5,4.3,,,60.4,42.2,57.8,42.2,35.78947368421053,26.5,6-8,216.0,80
1630168,Onyeka Okongwu,ATL,15,23.4,10.5,7.0,1.7,4.2,8.0,0.3,1.8,1.8,2.3,november,2024-25,17.0,10.8,58.5,10.8,29.7,0.6,1.31,20.7,1.9,0.5,6.6,1.6,15.5,2.1,11.6,6.9,28.0,3.2,11.2,3.4,7.5,62.5,14.3,85.7,14.3,22.5,23.4,6-10,240.0,82
1641722,Jordan Hawkins,NOP,6,24.4,10.5,2.8,1.3,3.3,10.8,1.5,5.7,2.3,2.7,november,2024-25,21.9,7.9,43.7,5.2,36.5,1.3,2.18,22.5,0.2,0.0,0.2,,14.0,12.3,,,34.6,16.2,,8.9,,74.1,30.0,70.0,30.0,52.77777777777778,24.4,6-5,190.0,77
101108,Chris Paul,SAS,14,28.3,10.4,3.4,8.3,3.4,7.7,1.8,5.2,1.8,1.8,november,2024-25,14.9,40.6,61.3,12.9,66.1,5.1,4.67,27.5,0.5,0.0,0.3,,,43.8,,,15.6,,,,,64.4,68.8,31.3,68.8,67.53246753246754,28.3,6-0,175.0,72
1629684,Grant Williams,CHA,12,31.9,10.4,5.8,2.0,3.5,8.1,1.5,4.6,1.9,2.3,november,2024-25,14.5,8.8,57.4,7.3,38.5,1.2,1.85,24.6,1.3,0.9,2.3,,,,,,38.2,,,,,63.5,11.9,88.1,11.9,56.79012345679012,31.9,6-6,236.0,78
1629599,Amir Coffey,LAC,16,25.0,10.4,2.6,1.3,3.5,7.8,1.6,4.1,1.8,1.9,november,2024-25,15.9,7.5,60.3,8.2,26.8,1.0,2.23,18.2,0.4,0.0,0.6,,,,,,,,,,,70.3,16.1,83.9,16.1,52.56410256410257,25.0,6-7,210.0,79
204456,T.J. McConnell,IND,14,19.8,10.4,2.8,4.2,4.9,8.8,0.1,0.3,0.6,0.8,november,2024-25,22.6,30.1,56.7,13.3,55.1,3.8,4.18,20.4,0.9,0.0,1.1,5.9,13.1,54.0,,,12.5,,4.2,,,74.2,72.1,27.9,72.1,3.4090909090909087,19.8,6-1,190.0,73
1631260,AJ Green,MIL,13,25.1,10.0,2.6,1.0,3.4,6.8,3.0,6.2,0.2,0.3,november,2024-25,13.7,5.6,71.6,7.2,32.5,0.9,1.67,19.5,0.2,0.0,0.4,,13.4,9.1,4.0,,42.1,12.8,,9.1,,64.4,2.3,97.7,2.3,91.1764705882353,25.1,6-4,190.0,76
1630198,Isaiah Joe,OKC,13,24.6,10.0,3.4,1.6,3.5,8.8,2.5,7.1,0.5,0.8,november,2024-25,16.2,8.6,54.9,7.7,30.8,1.0,1.87,20.5,0.8,0.0,0.5,,21.2,,9.4,,39.9,9.4,4.3,6.8,,66.7,8.9,91.1,8.9,80.68181818181817,24.6,6-3,165.0,75
1629060,Rui Hachimura,LAL,9,30.0,10.0,4.2,1.6,3.6,8.3,1.7,3.9,1.2,1.3,november,2024-25,13.7,7.4,56.1,6.6,31.9,1.0,1.84,18.6,0.6,0.3,2.6,3.7,19.3,,3.1,9.5,40.5,,7.1,4.9,,66.0,6.3,93.8,6.3,46.98795180722891,30.0,6-8,230.0,80
1630592,Jalen Wilson,BKN,14,25.3,9.9,3.5,1.7,3.5,7.7,1.6,4.1,1.4,1.6,november,2024-25,16.7,10.4,58.8,7.3,33.9,1.3,2.23,23.6,0.7,0.0,1.6,,14.7,8.0,,,52.0,,,,,65.8,16.3,83.7,16.3,53.246753246753244,25.3,6-6,220.0,78
1630703,Scoot Henderson,POR,11,25.9,9.9,2.6,5.4,3.9,9.7,1.0,3.0,1.1,1.7,november,2024-25,20.9,30.6,47.2,6.5,59.3,4.6,4.64,24.1,0.4,0.0,1.1,,,,,,,,,,,58.5,60.5,39.5,60.5,30.927835051546392,25.9,6-3,206.0,75
203110,Draymond Green,GSW,14,29.7,9.9,7.1,6.5,3.2,7.4,1.6,4.3,1.8,3.1,november,2024-25,15.3,27.2,56.6,9.5,69.2,2.3,1.96,38.5,1.5,0.9,1.7,,9.4,5.1,10.2,,39.8,,10.2,,2.7,67.9,11.1,88.9,11.1,58.108108108108105,29.7,6-6,230.0,78
1627884,Derrick Jones Jr.,LAC,16,24.2,9.8,3.4,0.9,3.7,7.6,1.1,2.9,1.3,1.5,november,2024-25,16.5,5.4,59.7,7.3,31.3,1.0,1.92,16.3,1.0,0.0,2.6,,18.3,,,,46.0,,13.5,,7.9,75.0,11.9,88.1,11.9,38.15789473684211,24.2,6-6,210.0,78
1629652,Luguentz Dort,OKC,15,30.0,9.8,5.1,2.0,3.3,8.4,2.0,5.4,1.3,1.6,november,2024-25,13.8,8.5,53.8,6.6,33.9,1.1,1.95,20.2,0.8,0.0,2.3,,15.0,,5.5,,61.5,,4.0,,,53.2,10.2,89.8,10.2,64.28571428571429,30.0,6-4,220.0,76
1641729,Brice Sensabaugh,UTA,8,17.0,9.8,2.3,0.5,3.4,7.5,2.0,4.6,1.0,1.0,november,2024-25,22.4,5.2,61.4,8.5,28.5,1.2,2.45,19.3,0.3,0.0,0.6,2.8,22.0,10.7,2.6,,28.1,9.4,4.1,12.4,3.5,50.0,33.3,66.7,33.3,61.33333333333333,17.0,6-5,235.0,77
201143,Al Horford,BOS,10,29.0,9.7,5.5,2.7,3.5,7.9,2.1,5.7,0.6,0.6,november,2024-25,13.9,13.1,59.4,9.0,38.3,0.8,1.31,23.1,0.7,1.0,2.5,,15.0,,12.2,8.9,40.0,,7.8,5.6,,62.0,8.6,91.4,8.6,72.15189873417721,29.0,6-9,240.0,81
1629656,Quentin Grimes,PHI,13,22.8,9.6,4.5,1.8,3.5,6.9,1.7,4.0,1.0,1.7,november,2024-25,15.7,10.2,62.7,10.0,32.0,1.3,2.41,17.1,0.4,0.0,0.8,10.4,22.2,10.8,,,37.6,2.4,2.8,6.8,2.0,45.9,17.8,82.2,17.8,57.971014492753625,22.8,6-4,210.0,76
1630540,Miles McBride,NYK,10,25.9,9.6,3.0,2.4,3.5,8.6,1.7,5.2,0.9,1.0,november,2024-25,15.7,11.5,53.1,7.7,39.8,2.2,3.27,20.2,0.8,0.0,0.9,4.7,19.5,14.5,,,38.1,11.5,,3.0,,56.8,37.1,62.9,37.1,60.465116279069775,25.9,6-1,195.0,73
1629057,Robert Williams III,POR,7,18.8,9.6,6.0,1.4,3.9,5.4,0.1,0.3,1.7,1.9,november,2024-25,15.3,13.3,76.6,18.6,30.4,0.7,1.36,19.6,1.4,0.0,7.0,,,,17.1,,9.8,,32.5,,20.3,47.4,25.9,74.1,25.9,5.555555555555555,18.8,6-9,249.0,81
1629048,Goga Bitadze,ORL,14,25.1,9.4,7.8,2.1,4.0,5.9,0.0,0.4,1.4,1.6,november,2024-25,14.4,11.7,71.1,13.0,40.7,1.3,1.86,24.9,2.9,0.4,6.4,,10.8,,15.0,,,,26.9,,27.5,55.8,25.0,75.0,25.0,6.779661016949152,25.1,6-10,250.0,82
1630598,Aaron Wiggins,OKC,15,21.6,9.3,3.9,1.5,3.5,8.3,1.8,4.0,0.5,0.7,november,2024-25,18.2,9.5,53.9,9.1,32.1,1.2,2.26,17.2,0.5,0.0,2.3,6.3,22.9,8.6,,,44.9,,3.3,4.0,,64.5,19.2,80.8,19.2,48.192771084337345,21.6,6-5,190.0,77
1641739,Toumani Camara,POR,15,31.1,9.3,5.7,2.0,3.4,8.6,1.5,4.5,0.9,1.3,november,2024-25,14.8,9.3,50.4,5.7,40.3,1.3,1.93,22.7,0.7,0.0,2.5,6.3,20.3,4.4,5.4,,40.5,2.6,9.1,,4.7,63.3,29.4,70.6,29.4,52.32558139534884,31.1,6-7,229.0,79
1628997,Caleb Martin,DAL,12,31.0,9.3,4.0,2.6,3.3,7.4,1.0,3.0,1.8,2.6,november,2024-25,14.1,13.2,54.1,7.5,45.8,2.4,3.21,23.1,0.7,0.0,1.0,,32.5,7.9,,,35.7,,,,,63.3,28.2,71.8,28.2,40.54054054054054,31.0,6-5,205.0,77
1629645,Kevin Porter Jr.,MIL,16,19.7,9.3,3.6,3.1,3.8,8.6,0.5,2.1,1.1,1.9,november,2024-25,25.1,25.7,48.8,10.2,39.6,2.9,4.46,18.8,0.6,0.1,0.9,9.8,13.6,45.2,,2.4,16.0,5.5,,,,61.4,67.2,32.8,67.2,24.41860465116279,19.7,6-4,203.0,76
1631222,Jake LaRavia,SAC,14,23.1,9.2,4.1,4.1,3.3,6.2,1.1,2.4,1.5,1.7,november,2024-25,14.3,22.4,66.1,11.4,44.2,1.7,2.36,22.6,0.6,0.0,2.1,2.5,21.2,,4.5,,42.4,2.5,8.0,,8.0,69.4,23.9,76.1,23.9,38.70967741935484,23.1,6-7,235.0,79
1626220,Royce O'Neale,PHX,14,24.5,9.2,5.6,1.9,3.4,8.4,2.2,5.4,0.3,0.6,november,2024-25,16.0,11.4,53.3,8.4,47.4,1.4,1.8,24.0,0.4,0.0,1.2,,26.0,8.3,2.7,,43.8,3.9,,3.6,,61.2,17.0,83.0,17.0,64.28571428571429,24.5,6-6,226.0,78
1627752,Taurean Prince,MIL,14,28.2,9.1,4.4,1.8,3.1,6.3,2.2,3.9,0.6,0.8,november,2024-25,12.1,8.3,68.9,7.3,33.1,1.1,1.94,19.4,0.0,0.0,0.5,,27.3,,,,54.5,,,,,62.7,9.1,90.9,9.1,61.904761904761905,28.2,6-6,218.0,78
203484,Kentavious Caldwell-Pope,MEM,15,30.1,9.1,2.6,2.2,3.1,7.2,1.5,4.5,1.3,1.4,november,2024-25,11.9,9.8,58.4,7.6,33.5,1.3,2.24,21.4,0.5,0.0,0.8,3.1,24.1,18.1,,,33.7,5.9,,6.5,,56.9,17.0,83.0,17.0,62.5,30.1,6-5,204.0,77
1629638,Nickeil Alexander-Walker,MIN,15,25.0,9.1,3.1,2.6,3.3,6.7,1.4,3.5,1.2,1.4,november,2024-25,14.8,15.2,62.7,9.2,46.8,2.7,3.48,19.5,0.5,0.0,0.7,2.9,27.3,18.8,2.9,,22.7,7.1,2.9,9.1,1.3,60.0,36.7,63.3,36.7,52.23880597014925,25.0,6-5,205.0,77
1626166,Cameron Payne,NYK,11,18.4,9.1,1.9,3.3,3.2,6.8,2.1,4.5,0.6,0.7,november,2024-25,17.3,22.6,63.7,9.3,35.1,2.3,3.89,16.2,0.2,0.0,0.4,,,,,,,,,,,64.3,40.0,60.0,40.0,66.17647058823529,18.4,6-3,183.0,75
1630526,Jeremiah Robinson-Earl,NOP,15,24.9,9.1,6.5,1.3,3.4,7.9,1.0,3.3,1.3,1.5,november,2024-25,15.9,8.2,53.3,8.9,37.3,1.2,1.9,20.5,1.3,0.1,3.6,,20.2,,,,38.1,,,,20.2,64.8,19.6,80.4,19.6,41.77215189873417,24.9,6-8,240.0,80
1627777,Georges Niang,ATL,15,20.6,8.9,3.6,1.3,3.5,8.0,1.7,5.3,0.3,0.5,november,2024-25,19.0,9.0,54.4,6.8,31.8,0.9,1.69,15.7,0.3,0.3,1.1,,,,,,,,,,,59.6,15.4,84.6,15.4,66.25,20.6,6-7,230.0,79
1631105,Jalen Duren,DET,15,23.5,8.9,9.7,2.4,3.5,5.4,0.0,0.0,1.8,3.0,november,2024-25,15.7,14.9,66.0,12.5,39.8,1.4,2.11,19.9,4.1,0.7,6.7,8.9,12.2,3.2,14.9,8.7,6.8,,20.0,,16.4,56.7,37.7,62.3,37.7,0.0,23.5,6-10,250.0,82
1630570,Trendon Watford,BKN,7,17.5,8.9,3.1,1.6,3.3,7.1,0.6,2.4,1.7,2.0,november,2024-25,23.8,15.9,55.2,9.0,40.9,2.3,3.31,19.4,0.1,1.6,1.1,7.8,20.2,,,,24.8,,,,,45.0,39.1,60.9,39.1,33.80281690140845,17.5,6-8,237.0,80
1631124,Julian Strawther,DEN,13,21.1,8.8,2.2,1.3,2.8,7.1,1.4,3.8,1.9,2.4,november,2024-25,17.0,9.0,54.4,5.0,28.8,1.1,2.38,17.5,0.3,0.0,0.5,,17.9,14.3,,,31.3,15.2,,,,71.9,27.8,72.2,27.8,53.52112676056338,21.1,6-6,205.0,78
203994,Jusuf Nurkić,CHA,11,25.1,8.8,11.1,1.1,3.0,7.1,1.1,3.1,1.7,2.6,november,2024-25,16.4,6.0,53.4,10.6,49.3,1.3,1.57,24.4,1.6,1.7,5.1,,6.9,,22.4,10.4,11.8,,17.3,,13.6,52.4,21.2,78.8,21.2,43.66197183098592,25.1,7-0,290.0,84
201144,Mike Conley,MIN,11,26.8,8.8,2.8,4.6,2.7,7.4,2.0,5.1,1.4,1.6,november,2024-25,15.3,23.4,54.5,8.9,57.2,3.7,3.93,28.4,0.0,0.0,0.3,,14.8,21.2,,,33.3,13.8,,5.8,,64.9,16.7,83.3,16.7,68.91891891891892,26.8,6-0,175.0,72
1628978,Donte DiVincenzo,MIN,15,25.2,8.8,3.2,3.3,3.0,8.1,2.3,6.6,0.5,0.7,november,2024-25,17.3,19.2,52.2,7.4,46.7,2.2,2.87,24.8,0.2,0.1,0.3,1.9,18.5,11.6,,,33.0,10.8,,14.6,3.0,62.5,31.1,68.9,31.1,81.48148148148148,25.2,6-4,203.0,76
1642273,Kyshawn George,WAS,14,27.6,8.8,4.4,2.6,3.0,8.6,1.6,5.6,1.2,1.6,november,2024-25,15.6,13.5,47.1,5.1,46.6,1.7,2.25,21.5,0.4,0.1,0.9,6.1,21.1,29.6,,3.4,17.9,7.5,,3.2,2.7,62.0,11.9,88.1,11.9,65.11627906976743,27.6,6-8,200.0,80
1642274,Yves Missi,NOP,14,25.9,8.6,8.4,1.4,3.4,6.1,0.0,0.0,1.9,2.9,november,2024-25,14.0,7.9,58.7,10.1,31.0,0.9,1.78,21.9,1.7,0.6,6.9,,7.5,,15.0,,12.2,,20.7,,29.1,64.3,38.3,61.7,38.3,0.0,25.9,6-11,235.0,83
1641726,Dereck Lively II,DAL,11,22.1,8.6,6.9,2.1,3.5,5.0,0.0,0.0,1.5,2.5,november,2024-25,13.1,13.1,71.0,13.9,31.6,0.8,1.53,19.1,2.2,0.6,8.4,,,,,,,,,,,55.2,25.6,74.4,25.6,0.0,22.1,7-1,230.0,85
1641710,Anthony Black,ORL,16,23.8,8.5,2.5,4.1,2.8,7.2,0.8,2.9,2.1,2.8,november,2024-25,19.9,27.4,50.4,8.3,49.6,4.0,4.82,21.6,0.6,0.2,0.8,4.4,27.4,21.8,,,25.5,4.7,3.6,1.9,2.7,58.5,53.3,46.7,53.3,40.27777777777777,23.8,6-7,200.0,79
1629006,Josh Okogie,CHA,10,15.8,8.5,3.5,0.6,3.1,5.8,1.0,1.9,1.3,2.0,november,2024-25,18.8,5.9,63.6,11.3,21.6,0.7,1.99,12.5,0.4,0.0,1.9,,24.9,,,,41.5,,11.1,,9.7,78.9,22.6,77.4,22.6,32.758620689655174,15.8,6-4,213.0,76
203501,Tim Hardaway Jr.,DET,14,26.5,8.5,1.9,1.8,2.9,7.9,1.5,5.3,1.1,1.4,november,2024-25,14.7,9.3,50.3,5.1,29.2,0.9,1.95,19.4,0.0,0.0,0.3,2.2,21.3,5.7,3.2,,32.4,12.1,2.8,15.8,,57.1,17.1,82.9,17.1,67.0886075949367,26.5,6-5,205.0,77
1631170,Jaime Jaquez Jr.,MIA,9,19.8,8.4,4.9,2.2,3.3,7.6,0.3,1.8,1.4,1.8,november,2024-25,20.6,18.0,50.6,11.1,35.8,2.0,3.43,18.1,0.7,0.6,2.0,14.8,29.4,5.3,,5.7,26.6,,5.8,,4.0,54.8,70.0,30.0,70.0,23.68421052631579,19.8,6-6,225.0,78
1629669,Jaylen Nowell,WAS,8,21.0,8.4,2.5,2.3,3.3,9.1,1.0,3.4,0.9,1.4,november,2024-25,21.5,17.6,43.0,6.0,39.9,2.8,4.21,19.1,0.6,0.0,0.9,,,,,,,,,,,70.4,50.0,50.0,50.0,37.362637362637365,21.0,6-4,201.0,76
1631213,Tyrese Martin,BKN,6,15.0,8.3,2.3,1.0,2.8,5.2,2.3,4.2,0.3,0.5,november,2024-25,18.0,10.9,77.4,10.0,22.3,0.7,1.94,13.3,0.3,0.0,0.7,,15.1,20.7,,,37.1,10.0,4.0,,,50.0,0.0,100.0,0.0,80.76923076923077,15.0,6-6,215.0,78
1641783,Tristan da Silva,ORL,16,25.5,8.3,3.9,1.8,3.1,7.6,1.4,3.8,0.7,0.9,november,2024-25,13.9,9.9,52.3,7.6,31.3,1.0,1.99,17.9,1.1,0.1,2.3,,20.8,11.5,6.1,,32.9,4.2,9.3,4.2,4.2,57.8,14.0,86.0,14.0,50.0,25.5,6-8,217.0,80
1642267,Bub Carrington,WAS,14,28.1,8.3,4.0,4.6,3.2,8.2,1.4,4.2,0.5,0.8,november,2024-25,15.3,23.9,48.4,6.9,59.4,4.0,4.03,22.3,0.4,0.0,0.6,4.8,20.0,33.6,,,21.0,8.2,,2.1,,65.1,44.4,55.6,44.4,51.21951219512195,28.1,6-4,190.0,76
203901,Elfrid Payton,NOP,5,24.2,8.2,4.6,8.0,4.0,7.8,0.0,0.2,0.2,0.4,november,2024-25,19.3,44.4,51.4,11.7,64.4,5.6,5.24,21.6,1.0,0.0,0.6,,,,,,,,,,,65.0,80.0,20.0,80.0,2.5641025641025643,24.2,6-3,195.0,75
1629651,Nic Claxton,BKN,10,26.1,8.2,7.4,3.0,3.6,5.8,0.0,0.0,1.0,2.2,november,2024-25,13.7,17.5,60.6,12.0,41.9,1.4,1.97,25.9,5.4,0.3,7.5,14.1,15.5,3.9,11.1,4.5,10.9,,15.5,,13.4,50.8,36.1,63.9,36.1,0.0,26.1,6-11,215.0,83
1631245,Quenton Jackson,IND,11,19.8,8.2,2.2,2.4,3.3,6.2,0.8,1.9,0.8,1.2,november,2024-25,15.7,15.7,61.0,7.8,33.0,1.4,2.48,17.2,0.6,0.0,1.5,,22.5,22.5,,,29.0,,,,,54.5,30.6,69.4,30.6,30.645161290322577,19.8,6-5,173.0,77
1630533,Ziaire Williams,BKN,15,22.5,8.1,4.6,0.9,2.8,7.6,0.6,3.1,1.9,2.3,november,2024-25,19.0,6.4,47.3,6.0,31.3,0.9,1.74,17.3,0.9,0.0,1.9,,22.1,3.7,,,48.3,9.7,6.0,,,69.6,26.2,73.8,26.2,40.789473684210535,22.5,6-9,185.0,81
1630167,Obi Toppin,IND,14,19.4,8.1,3.1,1.6,3.4,6.6,0.9,3.0,0.4,0.4,november,2024-25,15.4,11.0,59.3,9.2,30.5,0.8,1.51,17.4,0.4,0.4,2.5,,23.9,,,,28.3,,,,,72.7,22.9,77.1,22.9,45.45454545454546,19.4,6-9,220.0,81
1628989,Kevin Huerter,CHI,14,25.7,8.0,3.5,2.3,3.1,8.4,1.3,5.5,0.6,0.9,november,2024-25,16.9,12.4,45.3,5.0,42.7,1.7,2.33,24.7,0.4,0.0,1.1,,22.8,11.3,,,36.6,6.3,8.2,4.0,3.3,53.1,11.6,88.4,11.6,65.47619047619048,25.7,6-7,198.0,79
1641730,Noah Clowney,BKN,10,16.7,8.0,3.0,0.9,2.6,5.7,1.7,4.1,1.1,1.7,november,2024-25,19.3,9.1,62.0,7.9,26.0,0.7,1.62,15.5,1.5,0.1,1.7,4.6,18.6,4.4,3.9,,41.8,10.3,2.6,4.6,2.4,65.8,3.8,96.2,3.8,71.92982456140349,16.7,6-9,210.0,81
1628998,Cody Martin,PHX,16,25.2,7.9,4.8,2.6,2.9,7.0,1.1,3.2,0.9,1.5,november,2024-25,14.1,15.8,51.4,10.5,37.9,1.8,2.77,19.1,0.3,0.1,1.5,,,,,,,,,,,52.4,36.2,63.8,36.2,45.714285714285715,25.2,6-6,205.0,78
1642271,Kyle Filipowski,UTA,10,21.2,7.8,5.2,2.5,2.9,5.7,0.5,2.0,1.5,2.7,november,2024-25,16.0,17.0,56.6,9.8,30.7,1.2,2.4,19.9,2.9,0.2,3.0,,16.6,3.1,8.0,4.8,32.5,2.7,10.8,4.3,9.9,74.3,27.6,72.4,27.6,35.08771929824561,21.2,6-11,250.0,83
1631165,Keon Ellis,SAC,16,23.3,7.8,1.9,1.0,2.5,5.1,1.7,3.8,1.1,1.3,november,2024-25,12.1,5.7,68.0,6.2,33.4,1.4,2.58,17.2,0.8,0.0,1.1,,25.6,10.1,,,43.7,,,,,61.0,10.0,90.0,10.0,74.50980392156863,23.3,6-4,175.0,76
1626204,Larry Nance Jr.,ATL,7,15.8,7.7,2.7,1.0,3.0,4.7,1.6,2.4,0.1,0.3,november,2024-25,13.1,8.9,79.7,11.7,18.0,0.5,1.55,12.7,1.1,0.1,2.7,,20.3,,,,36.7,,22.8,,,50.0,14.3,85.7,14.3,51.06382978723404,15.8,6-8,245.0,80
1629018,Gary Trent Jr.,MIL,12,22.9,7.6,2.2,0.9,2.7,6.8,1.9,4.4,0.3,0.3,november,2024-25,14.6,5.2,55.0,4.4,21.2,0.7,2.04,14.3,0.1,0.0,0.2,,18.3,6.4,,,48.6,9.0,,6.8,,70.4,21.9,78.1,21.9,64.70588235294117,22.9,6-5,204.0,77
1630182,Josh Green,CHA,16,27.3,7.6,2.4,1.5,2.8,6.1,1.6,3.3,0.5,0.8,november,2024-25,11.5,7.9,58.3,4.1,27.9,0.9,2.02,17.1,0.4,0.0,1.3,,28.0,,,,61.3,,,,,80.0,20.5,79.5,20.5,54.09836065573771,27.3,6-5,200.0,77
203083,Andre Drummond,PHI,13,17.9,7.5,6.8,0.7,3.1,5.8,0.1,0.3,1.3,2.3,november,2024-25,19.6,6.3,55.6,11.1,25.8,0.7,1.7,17.1,2.1,1.0,4.8,,5.2,,7.9,,17.0,,16.6,,38.9,71.4,25.0,75.0,25.0,5.172413793103448,17.9,6-11,279.0,83
1629726,Garrison Mathews,ATL,14,16.8,7.5,1.1,1.4,2.2,4.9,1.8,3.9,1.3,1.6,november,2024-25,14.5,12.0,67.6,8.3,17.6,0.4,1.53,12.6,0.1,0.0,0.3,,,,,,,,,,,69.6,6.5,93.5,6.5,79.59183673469387,16.8,6-6,215.0,78
1630573,Sam Hauser,BOS,14,21.7,7.5,3.4,1.1,2.7,6.6,2.0,5.7,0.1,0.1,november,2024-25,14.0,7.0,56.2,7.5,24.4,0.6,1.37,13.0,0.4,0.0,0.9,,20.5,4.3,8.2,,34.1,9.4,,14.2,3.7,48.8,10.5,89.5,10.5,86.36363636363637,21.7,6-7,217.0,79
1628380,Zach Collins,CHI,14,15.5,7.4,3.4,2.1,2.6,5.1,0.6,1.8,1.6,1.8,november,2024-25,19.0,20.7,63.4,10.4,25.6,0.7,1.72,18.6,3.0,1.1,3.6,,,,24.7,,25.9,,19.8,,,62.3,8.1,91.9,8.1,35.294117647058826,15.5,6-11,250.0,83
1630241,Sam Merrill,CLE,11,19.7,7.4,2.0,1.4,2.5,6.0,2.0,5.2,0.3,0.4,november,2024-25,14.1,9.4,59.8,6.1,21.4,0.6,1.59,13.8,0.3,0.0,0.5,,17.3,6.0,10.2,,36.8,10.5,3.8,4.5,,63.0,7.1,92.9,7.1,86.66666666666667,19.7,6-4,205.0,76
1630702,Jaden Hardy,DAL,14,16.7,7.4,1.5,1.6,2.6,7.1,0.7,2.9,1.4,1.6,november,2024-25,23.1,13.3,47.0,4.8,27.7,1.9,4.04,11.9,0.3,0.0,0.4,,19.7,16.3,,,40.9,6.3,,,,60.0,51.4,48.6,51.4,40.845070422535215,16.7,6-3,198.0,75
1631218,Trayce Jackson-Davis,GSW,14,16.0,7.4,5.1,1.9,3.4,6.1,0.0,0.1,0.6,1.2,november,2024-25,19.7,18.0,55.1,11.3,35.0,0.9,1.6,24.4,1.0,0.5,4.8,,16.8,,11.2,,,,33.6,,23.2,49.0,10.6,89.4,10.6,1.639344262295082,16.0,6-9,245.0,81
1629637,Jaxson Hayes,LAL,6,18.8,7.3,5.2,0.3,2.5,4.0,0.0,0.0,2.3,3.2,november,2024-25,13.3,2.5,68.0,9.1,25.7,0.6,1.39,13.5,2.0,0.0,6.0,,13.2,,26.5,,,,34.4,,13.2,69.2,40.0,60.0,40.0,0.0,18.8,7-0,220.0,84
1628379,Luke Kennard,MEM,12,21.4,7.3,2.5,3.3,2.4,5.6,1.7,4.1,0.8,1.1,november,2024-25,12.2,17.5,60.5,8.4,34.9,1.5,2.57,21.5,0.6,0.0,0.9,,24.5,9.1,,,32.0,7.9,5.8,11.6,,48.1,13.8,86.2,13.8,73.21428571428571,21.4,6-5,206.0,77
1630171,Isaac Okoro,CLE,13,22.1,7.3,2.5,1.8,2.7,5.3,1.5,3.2,0.5,0.7,november,2024-25,11.4,9.7,65.1,6.5,23.1,0.7,1.8,14.2,0.9,0.1,1.9,,25.9,,,,41.6,,10.8,,5.2,56.8,17.1,82.9,17.1,60.377358490566046,22.1,6-5,225.0,77
1629674,Neemias Queta,BOS,13,21.6,7.3,5.5,1.0,3.1,4.8,0.0,0.1,1.2,1.5,november,2024-25,13.0,6.5,67.1,9.5,20.3,0.5,1.37,13.2,1.7,0.2,6.7,,7.1,,25.4,,2.8,,28.2,,20.9,60.3,17.5,82.5,17.5,2.0833333333333335,21.6,7-0,248.0,84
203915,Spencer Dinwiddie,DAL,14,21.9,7.3,1.9,3.5,2.4,5.9,1.2,3.6,1.4,1.6,november,2024-25,13.8,21.3,55.0,8.1,34.4,2.5,4.38,15.0,0.1,0.0,0.1,,,,,,,,,,,52.8,63.6,36.4,63.6,61.01694915254237,21.9,6-5,215.0,77
1631204,Marcus Sasser,DET,12,15.1,7.3,1.1,1.7,2.9,5.4,0.9,2.2,0.5,0.5,november,2024-25,18.2,18.3,64.3,10.8,29.0,2.3,4.82,11.6,0.1,0.0,0.3,,30.8,21.5,,,,,,,,47.8,45.7,54.3,45.7,40.74074074074075,15.1,6-2,195.0,74
1630191,Isaiah Stewart,DET,17,22.3,7.2,6.0,1.8,2.9,5.1,0.2,1.1,1.2,1.4,november,2024-25,12.3,11.8,62.5,10.2,27.9,0.8,1.68,17.9,3.5,0.6,5.4,,10.3,,13.9,10.3,23.9,,19.2,,11.8,51.9,30.6,69.4,30.6,21.568627450980397,22.3,6-8,250.0,80
203995,Vasilije Micic,PHX,6,19.2,7.2,2.7,2.8,2.7,7.2,1.2,3.3,0.7,1.0,november,2024-25,19.9,26.6,47.1,8.9,47.3,3.7,4.74,19.7,0.0,0.0,0.7,,,,,,,,,,,55.6,62.5,37.5,62.5,45.83333333333333,19.2,6-3,188.0,75
1629634,Brandon Clarke,MEM,13,18.7,7.2,5.3,0.8,3.3,5.6,0.1,0.9,0.5,0.9,november,2024-25,13.2,5.2,59.4,10.6,25.4,0.6,1.41,15.2,2.5,0.0,4.7,,,,,,,,,,,65.9,20.9,79.1,20.9,16.071428571428573,18.7,6-8,215.0,80
1631323,Simone Fontecchio,DET,15,18.8,7.1,3.4,1.0,2.4,5.5,1.3,3.7,1.0,1.3,november,2024-25,15.1,7.7,58.3,7.9,27.4,0.8,1.72,14.9,0.1,0.1,0.3,,26.5,,,,43.5,,4.3,10.5,5.2,71.8,11.1,88.9,11.1,67.27272727272727,18.8,6-7,209.0,79
1629750,Javonte Green,CLE,15,25.4,7.0,3.2,0.9,2.5,5.9,0.9,2.6,1.2,1.4,november,2024-25,11.3,5.5,53.4,6.3,36.5,1.0,1.72,15.3,0.7,0.1,1.4,,23.5,,3.7,,41.2,,14.7,,4.8,60.0,35.1,64.9,35.1,44.06779661016949,25.4,6-5,205.0,77
1627739,Kris Dunn,LAC,16,22.9,6.8,3.6,2.9,2.8,6.4,1.0,3.3,0.3,0.6,november,2024-25,14.7,16.8,51.0,7.1,45.5,2.3,3.04,17.9,0.8,0.1,0.9,3.9,19.3,9.6,5.5,,38.6,,9.6,,3.2,63.3,34.1,65.9,34.1,51.562499999999986,22.9,6-3,205.0,75
1641764,Brandin Podziemski,GSW,13,22.3,6.8,4.3,3.2,2.5,6.4,0.6,2.8,1.2,1.6,november,2024-25,14.6,21.8,47.7,9.0,47.7,2.8,3.51,23.5,0.7,0.2,1.5,6.1,17.2,25.1,2.4,,30.7,4.2,3.4,3.6,,66.0,46.9,53.1,46.9,43.74999999999999,22.3,6-4,205.0,76
1631107,Nikola Jović,MIA,10,16.0,6.7,3.3,0.9,2.3,5.4,0.7,2.4,1.4,1.5,november,2024-25,16.9,8.5,55.3,10.6,26.0,1.0,2.24,13.8,0.4,0.3,1.4,3.7,31.0,3.4,3.7,4.8,39.2,,4.8,,,69.2,21.7,78.3,21.7,44.44444444444444,16.0,6-10,205.0,82
1627936,Alex Caruso,OKC,9,19.1,6.7,2.9,2.1,2.7,6.4,0.8,3.3,0.6,0.7,november,2024-25,15.3,16.8,49.5,8.2,36.0,1.4,2.27,18.1,0.8,0.0,1.6,,19.9,8.2,7.0,,45.6,,,,,43.9,29.2,70.8,29.2,51.562499999999986,19.1,6-5,186.0,77
1629312,Haywood Highsmith,MIA,13,24.1,6.6,2.6,0.8,2.4,4.9,1.2,2.8,0.7,0.9,november,2024-25,10.0,5.0,62.1,5.6,28.8,0.8,1.74,16.1,0.5,0.0,1.7,,,,,,,,,,,56.5,16.1,83.9,16.1,57.14285714285714,24.1,6-5,220.0,77
1630558,Davion Mitchell,MIA,15,28.0,6.6,2.5,5.2,2.5,6.3,0.9,2.9,0.8,1.2,november,2024-25,12.8,23.8,48.6,5.3,60.6,4.7,4.66,21.1,0.3,0.0,0.3,28.6,19.3,8.1,,,35.6,,,,,64.9,54.1,45.9,54.1,46.03174603174603,28.0,6-0,202.0,72
1630541,Moses Moody,GSW,14,15.0,6.6,1.9,0.8,2.2,5.3,0.9,2.9,1.2,1.6,november,2024-25,17.9,7.9,55.0,6.9,19.4,0.7,2.24,12.5,0.3,0.0,0.8,4.9,19.0,5.4,,,40.4,5.2,3.7,13.1,3.2,60.7,19.4,80.6,19.4,54.71698113207547,15.0,6-5,211.0,77
1628371,Jonathan Isaac,ORL,16,18.4,6.6,5.3,0.3,2.4,5.7,0.8,2.9,1.1,1.5,november,2024-25,15.1,2.3,51.7,12.1,25.4,0.6,1.41,11.0,0.6,0.2,2.6,,12.4,,,,29.5,,16.2,,14.3,48.8,34.2,65.8,34.2,50.87719298245613,18.4,6-10,230.0,82
1629003,Shake Milton,LAL,11,16.9,6.5,1.4,2.5,2.4,4.5,1.0,2.1,0.8,1.1,november,2024-25,14.5,22.3,66.3,9.3,30.0,1.9,3.89,14.4,0.2,0.0,0.3,,,,,,,,,,,68.8,53.8,46.2,53.8,46.666666666666664,16.9,6-5,205.0,77
1629611,Terance Mann,ATL,16,20.6,6.4,3.2,1.8,2.3,5.6,0.8,2.2,0.9,1.2,november,2024-25,13.9,13.4,52.4,7.9,32.1,1.7,3.25,15.9,0.8,0.1,1.8,3.7,22.0,17.9,,,28.9,4.4,6.6,,8.1,56.5,29.7,70.3,29.7,39.28571428571429,20.6,6-5,215.0,77
1641796,Pelle Larsson,MIA,11,17.2,6.4,1.8,1.4,2.4,4.5,0.7,2.0,0.9,1.6,november,2024-25,13.8,11.6,61.5,5.5,20.5,0.7,2.04,13.4,0.4,0.0,1.4,5.6,30.7,,,,41.4,,8.8,,4.7,64.0,15.4,84.6,15.4,44.44444444444444,17.2,6-5,215.0,77
1630553,Keon Johnson,BKN,14,16.5,6.4,2.9,1.1,2.3,6.1,1.4,3.9,0.4,0.6,november,2024-25,19.8,10.7,50.0,4.9,24.1,1.1,2.71,14.7,0.4,0.0,0.9,,,,,,,,,,,71.8,18.8,81.3,18.8,63.934426229508205,16.5,6-5,185.0,77
202692,Alec Burks,MIA,8,16.6,6.3,2.4,1.6,2.1,4.8,1.4,3.3,0.6,0.8,november,2024-25,13.8,14.6,61.5,11.0,24.9,1.1,2.74,12.6,0.1,0.0,0.1,,,,,,,,,,,56.3,17.6,82.4,17.6,68.75,16.6,6-5,214.0,77
1641767,Ben Sheppard,IND,8,24.4,6.3,2.3,1.6,2.3,5.9,1.8,4.5,0.0,0.0,november,2024-25,11.3,8.3,53.2,3.2,33.0,0.8,1.44,21.8,0.4,0.0,0.6,,27.3,10.0,,,38.2,5.0,6.4,,,60.0,5.6,94.4,5.6,76.27118644067797,24.4,6-6,190.0,78
1642270,Donovan Clingan,POR,12,18.8,6.3,7.1,0.4,2.5,5.0,0.2,0.7,1.1,1.5,november,2024-25,14.3,3.5,55.2,9.2,29.5,0.7,1.51,17.3,1.5,0.2,7.3,,7.7,,23.3,,15.4,,19.2,,25.4,42.6,36.7,63.3,36.7,13.999999999999998,18.8,7-2,280.0,86
1626168,Trey Lyles,SAC,14,20.6,6.1,4.2,1.0,2.1,5.4,1.4,3.8,0.6,0.9,november,2024-25,13.5,6.6,52.9,7.0,30.4,0.8,1.54,19.0,1.3,0.1,2.1,,,,,,,,,,,64.4,6.9,93.1,6.9,70.37037037037037,20.6,6-9,234.0,81
1641716,Jarace Walker,IND,15,20.5,6.1,4.1,1.8,2.1,5.3,1.1,2.9,0.7,1.3,november,2024-25,15.3,12.0,52.1,7.4,32.3,1.1,1.99,18.3,0.3,0.0,1.1,6.4,19.1,12.4,2.1,,38.0,7.1,3.2,3.4,2.4,84.6,15.6,84.4,15.6,54.71698113207547,20.5,6-7,235.0,79
1641717,Cason Wallace,OKC,15,25.7,6.0,3.1,2.3,2.5,5.9,0.8,2.8,0.1,0.1,november,2024-25,10.3,11.4,50.6,6.7,30.1,1.4,2.74,14.9,0.5,0.0,2.1,4.2,22.6,13.5,,,41.3,4.2,4.5,,3.5,44.4,21.1,78.9,21.1,47.45762711864406,25.7,6-3,195.0,75
1642349,Ajay Mitchell,OKC,15,16.8,5.9,1.3,1.6,2.3,4.9,0.7,1.6,0.6,0.7,november,2024-25,15.1,14.1,57.2,7.1,25.3,1.8,4.2,12.5,0.2,0.0,1.0,8.9,14.8,36.7,,,22.1,4.8,4.1,,,61.5,37.1,62.9,37.1,32.6530612244898,16.8,6-5,190.0,77
1630548,Johnny Juzang,UTA,13,16.6,5.9,2.5,1.1,1.9,5.2,1.3,3.8,0.8,0.8,november,2024-25,14.9,9.0,53.9,5.6,23.8,0.9,2.15,15.8,0.3,0.0,0.2,,,,,,,,,,,78.6,16.0,84.0,16.0,73.07692307692307,16.6,6-5,226.0,77
1642345,Oso Ighodaro,PHX,10,19.8,5.9,4.9,1.1,2.5,4.0,0.0,0.0,0.9,1.1,november,2024-25,11.5,8.2,65.8,9.5,27.2,0.8,1.68,15.5,2.2,0.0,3.6,8.5,12.7,4.2,18.2,,,,29.7,,7.6,63.0,32.0,68.0,32.0,0.0,19.8,7-0,235.0,84
1641842,Ronald Holland II,DET,17,16.7,5.8,3.2,0.6,2.2,5.4,0.4,2.2,1.1,1.4,november,2024-25,17.2,5.1,48.7,5.6,22.2,0.9,2.34,11.4,0.2,0.0,0.7,3.8,25.0,6.9,,,39.3,3.0,5.5,,5.8,65.5,40.5,59.5,40.5,40.74074074074075,16.7,6-8,206.0,80
1627732,Ben Simmons,LAC,11,25.4,5.8,6.2,7.3,2.9,4.8,0.0,0.0,0.0,0.2,november,2024-25,13.0,39.6,59.4,12.0,61.4,3.6,3.52,24.5,2.5,0.5,3.5,,,,,,,,,,,59.0,37.5,62.5,37.5,0.0,25.4,6-10,240.0,82
1631111,Wendell Moore Jr.,CHA,9,17.4,5.8,3.9,1.3,2.1,3.8,0.3,1.0,1.2,1.3,november,2024-25,12.8,12.1,66.2,11.5,23.3,1.0,2.58,12.9,0.3,0.0,1.6,,,,,,,,,,,60.9,26.3,73.7,26.3,26.31578947368421,17.4,6-5,215.0,77
1626192,Pat Connaughton,MIL,9,18.3,5.7,3.1,2.1,2.0,4.8,0.9,2.8,0.8,1.1,november,2024-25,14.1,15.0,53.8,8.6,35.6,1.4,2.38,18.9,0.1,0.0,1.2,,,,,,,,,,,50.0,11.1,88.9,11.1,58.333333333333336,18.3,6-5,209.0,77
1631108,Max Christie,DAL,13,16.6,5.6,1.7,0.8,1.9,3.8,0.5,1.5,1.3,1.5,november,2024-25,13.1,6.7,62.5,7.2,17.7,0.7,2.34,9.4,0.2,0.0,0.9,5.7,24.2,13.7,4.7,,33.9,4.0,2.6,5.7,,54.3,40.0,60.0,40.0,39.473684210526315,16.6,6-5,190.0,77
1630231,KJ Martin,UTA,11,15.8,5.5,2.4,0.9,2.0,3.2,0.2,0.5,1.4,1.5,november,2024-25,11.3,8.5,71.8,8.4,20.1,0.5,1.47,10.3,0.4,0.0,1.5,,,,,,,,,,,50.0,27.3,72.7,27.3,15.625,15.8,6-6,215.0,78
203937,Kyle Anderson,MIA,13,15.2,5.5,2.9,2.5,2.2,5.3,0.5,1.6,0.7,1.1,november,2024-25,16.5,26.0,47.9,10.6,32.8,1.4,2.58,18.9,0.7,0.5,1.1,12.6,16.5,7.9,,,17.3,,14.2,,8.7,51.7,35.7,64.3,35.7,30.188679245283023,15.2,6-9,230.0,81
1642275,Tidjane Salaün,CHA,16,20.2,5.2,4.1,1.0,1.7,5.4,1.1,3.7,0.7,0.9,november,2024-25,13.6,7.8,44.8,5.7,28.6,0.9,1.9,14.2,0.3,0.0,1.3,,20.7,,12.4,,43.2,,7.7,,,63.6,18.5,81.5,18.5,68.5185185185185,20.2,6-8,207.0,80
1630322,Lindy Waters III,DET,12,18.2,5.2,2.5,1.2,1.9,5.5,1.2,3.8,0.2,0.3,november,2024-25,13.0,8.6,46.0,4.2,27.3,1.0,2.26,15.8,0.4,0.0,0.4,,,,,,,,,,,52.8,8.7,91.3,8.7,69.0909090909091,18.2,6-6,210.0,78
1630811,Keaton Wallace,ATL,9,19.4,5.1,1.8,2.2,2.1,5.7,0.7,2.7,0.2,0.2,november,2024-25,14.7,15.3,44.3,4.8,37.3,2.6,4.2,14.3,0.1,0.0,0.3,8.2,15.8,22.2,,,37.3,,,,,70.0,52.6,47.4,52.6,47.36842105263158,19.4,6-3,185.0,75
1628436,Luke Kornet,BOS,9,17.9,5.1,4.0,1.7,2.0,2.6,0.0,0.0,1.1,1.3,november,2024-25,8.4,12.3,81.3,10.8,18.2,0.4,1.46,12.4,1.3,0.1,4.9,,6.6,,21.8,,,,35.0,,23.4,65.1,11.1,88.9,11.1,0.0,17.9,7-1,250.0,85
1642266,Ja'Kobe Walter,TOR,6,17.0,5.0,4.2,1.7,2.0,6.3,0.5,3.0,0.5,1.0,november,2024-25,17.5,10.5,36.9,5.1,21.7,0.9,2.43,13.5,0.2,0.0,1.5,,22.4,,,,48.5,,12.8,,,64.0,25.0,75.0,25.0,47.61904761904762,17.0,6-5,180.0,77
1642346,Ryan Dunn,PHX,13,18.0,4.9,2.8,0.9,2.0,5.5,0.8,3.5,0.1,0.5,november,2024-25,14.8,7.7,42.9,2.7,21.4,0.6,1.79,13.5,0.7,0.0,1.1,,24.6,5.5,5.5,,35.5,,10.9,,12.5,58.1,19.2,80.8,19.2,63.63636363636363,18.0,6-8,216.0,80
200768,Kyle Lowry,PHI,9,25.0,4.9,2.2,3.6,1.6,4.9,0.9,3.7,0.9,1.1,november,2024-25,11.2,21.6,45.5,5.7,51.3,2.9,3.43,20.2,0.1,0.0,0.8,,,,,,,,,,,61.3,21.4,78.6,21.4,75.51020408163265,25.0,6-0,196.0,72
203967,Dario Šarić,DEN,6,16.1,4.8,4.8,1.7,1.7,5.2,0.8,3.0,0.7,0.7,november,2024-25,18.4,15.9,44.3,7.6,31.7,0.9,1.75,21.5,5.7,0.8,4.0,,,,,,,,,,,68.8,0.0,100.0,0.0,57.692307692307686,16.1,6-10,225.0,82
1631288,Jamal Cain,NOP,10,15.6,4.6,3.3,0.8,1.5,3.9,0.8,2.2,0.8,1.2,november,2024-25,13.2,7.9,51.9,6.2,16.5,0.5,1.96,8.7,0.2,0.0,1.3,,,,,,,,,,,68.6,13.3,86.7,13.3,56.41025641025642,15.6,6-6,191.0,78
1629731,Dean Wade,CLE,8,20.7,4.5,3.8,1.4,1.4,3.9,1.3,3.4,0.5,0.9,november,2024-25,9.4,7.3,52.8,5.6,25.4,0.6,1.35,12.0,0.5,0.0,1.5,,28.1,,5.0,,46.7,,12.1,,,46.9,0.0,100.0,0.0,87.17948717948718,20.7,6-9,228.0,81
1642367,Jonathan Mogbo,TOR,15,15.4,4.4,4.3,1.3,1.7,3.6,0.2,0.5,0.7,1.2,november,2024-25,12.2,12.5,53.3,7.7,23.0,0.8,2.04,14.7,2.5,0.1,4.7,,,,,,,,,,,63.2,38.5,61.5,38.5,13.88888888888889,15.4,6-9,225.0,81
203486,Mason Plumlee,PHX,13,16.6,4.4,5.8,2.0,1.8,3.3,0.0,0.0,0.8,1.5,november,2024-25,13.0,16.1,55.0,9.0,25.8,0.8,1.88,12.8,1.4,0.4,3.8,,,,,,,,,,,63.4,26.1,73.9,26.1,0.0,16.6,6-10,254.0,82
201587,Nicolas Batum,LAC,16,17.3,4.4,2.5,0.9,1.5,3.8,1.2,2.9,0.2,0.3,november,2024-25,10.3,7.3,55.8,6.6,23.6,0.5,1.3,12.6,0.6,0.0,0.8,,14.2,,,,68.9,,,,,61.5,8.3,91.7,8.3,76.31578947368422,17.3,6-8,230.0,80
1629629,Cam Reddish,LAL,12,21.4,4.3,2.7,0.6,1.5,2.7,0.8,1.4,0.5,0.8,november,2024-25,7.1,3.4,70.1,4.8,17.0,0.6,2.09,8.8,0.1,0.0,0.9,,,,,,,,,,,53.8,27.8,72.2,27.8,51.85185185185185,21.4,6-7,217.0,79
1626196,Josh Richardson,MIA,8,18.7,4.0,1.5,1.5,1.4,4.8,0.8,2.8,0.5,0.5,november,2024-25,13.4,11.7,40.2,1.5,34.4,2.0,3.48,15.9,0.3,0.0,0.8,,,,,,,,,,,94.7,0.0,100.0,0.0,58.333333333333336,18.7,6-5,200.0,77
1641748,Andre Jackson Jr.,MIL,14,21.6,3.9,3.9,1.6,1.4,3.9,0.7,1.9,0.3,0.4,november,2024-25,11.8,9.1,46.8,3.1,26.7,0.8,1.87,14.0,0.9,0.0,2.6,,,,,,,,,,,52.2,15.0,85.0,15.0,48.717948717948715,21.6,6-6,209.0,78
1630200,Tre Jones,CHI,6,18.4,3.8,2.8,3.7,1.3,4.3,0.3,1.8,0.8,1.3,november,2024-25,12.5,28.6,39.0,5.6,42.5,3.1,4.38,15.5,0.2,0.0,0.3,4.8,22.7,32.0,,,22.7,4.5,3.0,,,72.2,12.5,87.5,12.5,41.86046511627907,18.4,6-1,185.0,73
203914,Gary Harris,ORL,12,16.2,3.8,1.2,0.3,1.3,3.2,0.8,2.3,0.3,0.5,november,2024-25,9.6,2.8,55.4,4.0,13.7,0.5,2.03,9.2,0.3,0.0,0.6,,16.7,,,,54.2,,,,,69.6,6.3,93.8,6.3,71.87499999999999,16.2,6-4,210.0,76
1631217,Moussa Diabaté,CHA,16,23.2,3.5,9.5,0.9,1.6,2.9,0.0,0.0,0.3,0.7,november,2024-25,7.7,5.7,54.0,10.4,22.3,0.6,1.72,15.5,1.5,0.0,6.6,,13.1,,20.1,4.6,,,24.7,,22.3,59.7,23.1,76.9,23.1,0.0,23.2,6-9,210.0,81
1642268,Isaiah Collier,UTA,12,17.7,3.4,1.7,3.3,1.3,4.3,0.3,1.8,0.5,1.2,november,2024-25,16.2,25.2,35.9,2.1,42.9,3.2,4.53,15.3,0.0,0.0,0.1,12.5,27.8,26.4,,,17.4,3.3,3.5,,,77.8,56.3,43.8,56.3,41.86046511627907,17.7,6-3,210.0,75
1642262,Cody Williams,UTA,11,16.8,2.9,1.9,1.2,1.2,3.9,0.4,1.8,0.2,0.5,november,2024-25,11.9,9.8,35.1,1.9,21.5,0.8,2.19,13.4,0.4,0.0,0.7,,26.3,,,,39.5,,14.7,,,52.4,15.4,84.6,15.4,46.15384615384615,16.8,6-7,190.0,79
1629216,Gabe Vincent,LAL,14,16.5,2.6,1.0,0.6,1.0,3.3,0.4,2.2,0.1,0.4,november,2024-25,9.9,4.6,37.0,-0.3,17.9,0.8,2.72,9.4,0.2,0.0,0.4,,14.9,14.9,,,38.6,,,13.2,,61.9,28.6,71.4,28.6,66.66666666666667,16.5,6-2,200.0,74
1626153,Delon Wright,NYK,11,17.2,2.5,2.2,2.0,0.8,3.2,0.4,2.1,0.5,0.9,november,2024-25,10.1,15.5,34.3,5.2,34.5,2.3,3.92,15.6,0.0,0.0,0.9,,,,,,,,,,,51.4,55.6,44.4,55.6,65.625,17.2,6-5,185.0,77
1628467,Maxi Kleber,LAL,9,16.9,1.9,3.0,0.4,0.8,1.7,0.1,0.4,0.2,0.4,november,2024-25,7.0,2.9,50.7,1.4,17.9,0.4,1.45,8.7,0.2,0.0,0.8,,,,,,,,,,,60.0,28.6,71.4,28.6,23.529411764705884,16.9,6-10,240.0,82
1628983,Shai Gilgeous-Alexander,OKC,13,34.5,33.3,5.8,5.2,12.0,21.3,2.3,6.3,7.0,7.7,december,2024-25,32.6,25.8,67.4,22.6,71.7,6.3,5.28,27.3,0.4,1.4,0.9,26.3,14.1,37.3,,4.7,6.2,2.1,3.3,1.6,,60.4,69.2,30.8,69.2,29.577464788732392,34.5,6-6,195.0,78
203999,Nikola Jokić,DEN,14,37.0,32.2,12.6,8.4,12.5,22.4,2.4,5.2,4.9,6.4,december,2024-25,30.4,33.6,64.0,20.0,108.6,4.7,2.58,56.7,10.5,8.4,9.8,5.3,10.1,9.7,13.0,22.8,9.0,,7.3,5.3,9.3,61.1,24.6,75.4,24.6,23.21428571428572,37.0,6-11,284.0,83
203507,Giannis Antetokounmpo,MIL,8,34.6,31.9,10.9,4.5,11.8,19.1,0.1,0.5,8.3,13.4,december,2024-25,36.3,26.3,63.7,21.4,85.9,5.9,4.13,38.5,4.8,4.3,6.6,10.9,26.0,7.7,6.4,20.2,6.1,,7.9,,8.9,56.3,46.8,53.2,46.8,2.6178010471204183,34.6,6-11,243.0,83
201142,Kevin Durant,PHX,10,34.5,28.8,6.1,4.6,10.0,20.4,2.0,5.3,6.8,7.9,december,2024-25,33.8,23.7,60.3,15.5,68.9,3.9,3.42,48.8,2.4,3.0,1.5,20.8,13.5,18.4,1.7,7.3,15.2,7.5,2.3,7.5,1.1,54.1,52.0,48.0,52.0,25.98039215686275,34.5,6-11,240.0,83
1641705,Victor Wembanyama,SAS,12,33.8,28.5,10.0,4.8,9.8,20.2,3.6,9.5,5.3,5.9,december,2024-25,32.8,24.9,62.6,19.2,61.4,2.3,2.24,43.3,6.2,5.1,6.8,14.5,16.8,6.7,8.2,11.7,13.5,2.6,8.6,7.5,6.1,55.7,20.3,79.7,20.3,47.02970297029703,33.8,7-3,235.0,87
1629029,Luka Dončić,LAL,8,33.9,28.3,9.5,8.1,9.8,18.6,3.8,9.1,5.0,6.8,december,2024-25,29.9,36.5,65.4,19.0,77.5,5.8,4.46,30.8,0.4,0.9,1.4,16.0,14.3,36.3,,7.6,8.7,2.3,1.3,7.4,1.7,61.8,70.5,29.5,70.5,48.924731182795696,33.9,6-6,230.0,78
1628369,Jayson Tatum,BOS,11,36.4,27.5,11.3,5.0,9.7,20.5,3.6,10.3,4.5,5.5,december,2024-25,28.6,22.0,59.9,17.1,87.0,5.3,3.64,42.5,0.8,0.9,2.4,,,,,,,,,,,69.4,60.7,39.3,60.7,50.24390243902439,36.4,6-8,210.0,80
203954,Joel Embiid,PHI,7,28.2,26.0,6.7,4.0,8.7,18.0,1.4,3.6,7.1,8.0,december,2024-25,38.9,28.0,60.4,19.2,59.0,2.7,2.75,45.3,4.9,5.7,3.1,12.3,7.0,,22.0,21.7,12.9,2.3,6.6,1.8,7.1,71.4,39.3,60.7,39.3,20.0,28.2,7-0,280.0,84
1630178,Tyrese Maxey,PHI,12,38.2,25.8,4.0,6.2,8.6,20.0,3.3,9.3,5.4,6.6,december,2024-25,28.7,27.1,56.4,13.3,91.5,8.2,5.34,35.2,0.3,0.1,0.4,14.5,21.9,26.2,1.3,1.4,14.3,6.7,3.0,5.4,,76.3,57.3,42.7,57.3,46.5,38.2,6-2,200.0,74
1626181,Norman Powell,LAC,11,33.2,25.6,3.7,2.6,8.9,18.2,3.5,8.7,4.3,4.8,december,2024-25,28.8,12.8,63.1,13.8,47.2,2.4,3.1,29.5,0.4,0.0,0.8,10.9,24.6,11.3,,,32.5,3.8,1.5,10.9,,60.9,36.7,63.3,36.7,47.802197802197796,33.2,6-4,215.0,76
2544,LeBron James,LAL,10,34.8,25.6,6.8,8.6,10.1,20.4,1.9,6.0,3.5,4.3,december,2024-25,31.2,45.0,57.4,16.7,87.9,6.3,4.28,45.1,2.5,2.9,2.8,12.8,24.5,12.5,3.1,12.1,12.6,,5.7,7.5,1.9,63.3,55.4,44.6,55.4,29.411764705882355,34.8,6-9,250.0,81
1630595,Cade Cunningham,DET,10,35.5,24.8,5.9,10.9,9.2,20.2,2.5,7.3,3.9,4.9,december,2024-25,30.9,47.8,55.5,14.0,92.2,8.2,5.34,34.7,0.9,1.8,1.5,11.5,17.5,38.7,,3.5,8.5,8.4,1.6,4.4,1.3,60.0,70.7,29.3,70.7,36.13861386138614,35.5,6-6,220.0,78
1626164,Devin Booker,PHX,8,35.3,24.8,4.0,6.1,7.4,18.6,2.6,7.9,7.4,8.0,december,2024-25,29.6,26.3,55.9,11.6,68.6,4.3,3.79,50.0,0.8,0.6,2.0,14.0,15.7,33.1,1.8,3.8,9.5,7.5,1.6,7.5,1.7,53.3,42.4,57.6,42.4,42.473118279569896,35.3,6-6,206.0,78
1628368,De'Aaron Fox,SAS,13,36.3,24.7,5.2,7.1,9.5,20.6,2.0,6.5,3.6,4.5,december,2024-25,28.5,29.5,54.6,12.7,87.8,6.4,4.38,31.8,0.3,0.3,2.3,10.1,22.8,29.1,,,18.1,6.4,2.0,3.7,1.7,72.7,62.9,37.1,62.9,31.553398058252423,36.3,6-3,185.0,75
1629639,Tyler Herro,MIA,13,35.3,24.6,6.3,5.4,8.5,17.4,3.8,9.3,3.8,4.5,december,2024-25,26.5,26.0,63.5,15.6,73.8,5.0,4.08,34.6,0.2,0.0,0.7,13.3,27.7,13.9,,,32.4,,,5.8,,63.6,47.7,52.3,47.7,53.448275862068975,35.3,6-5,195.0,77
1628973,Jalen Brunson,NYK,14,34.9,24.4,2.9,7.5,8.1,17.1,2.5,6.4,5.7,7.1,december,2024-25,28.2,32.7,60.3,13.8,85.2,9.0,6.34,29.4,0.6,0.4,0.8,14.4,14.3,36.0,,3.3,16.4,5.6,1.9,2.5,,64.3,71.7,28.3,71.7,37.42690058479532,34.9,6-2,190.0,74
1629628,RJ Barrett,TOR,10,33.9,24.3,7.6,6.0,8.8,17.8,1.8,5.1,4.9,6.1,december,2024-25,28.2,25.2,59.3,13.5,78.8,4.3,3.3,33.4,1.0,0.9,2.5,2.7,28.5,18.0,,2.4,23.8,6.6,7.3,3.4,3.4,58.5,39.8,60.2,39.8,28.651685393258425,33.9,6-6,214.0,78
202681,Kyrie Irving,DAL,10,35.7,24.2,3.8,3.9,8.6,18.7,3.2,7.8,3.8,4.0,december,2024-25,26.4,17.1,59.1,11.4,66.6,4.5,4.09,30.6,1.0,0.8,1.7,,,,,,,,,,,66.7,61.6,38.4,61.6,41.711229946524064,35.7,6-2,195.0,74
1627759,Jaylen Brown,BOS,13,34.1,24.0,5.6,4.9,9.5,19.2,2.0,6.2,2.9,4.3,december,2024-25,29.4,23.2,56.8,12.8,62.2,4.5,4.31,32.2,0.9,2.4,2.8,20.6,20.4,22.2,1.8,4.7,13.0,4.1,1.1,7.4,1.8,59.1,54.8,45.2,54.8,32.29166666666667,34.1,6-6,223.0,78
203081,Damian Lillard,MIL,8,36.6,23.6,4.6,7.3,7.3,16.5,3.6,9.5,5.5,6.0,december,2024-25,25.6,31.7,61.7,13.9,86.6,8.0,5.57,29.8,0.1,0.0,0.4,,,,,,,,,,,48.1,65.5,34.5,65.5,57.57575757575758,36.6,6-2,195.0,74
1629027,Trae Young,ATL,11,36.4,23.3,3.5,12.2,7.2,17.7,3.1,8.8,5.8,6.8,december,2024-25,26.8,44.4,56.1,13.3,92.1,8.3,5.38,32.6,0.5,0.0,0.5,12.0,20.4,39.3,,,8.4,10.5,,,,69.0,69.6,30.4,69.6,49.71751412429379,36.4,6-1,164.0,73
1626157,Karl-Anthony Towns,NYK,13,34.6,23.2,14.6,3.3,8.2,14.5,1.8,4.5,5.0,6.2,december,2024-25,25.0,13.9,67.4,17.6,58.6,2.0,2.05,34.5,1.3,3.2,5.5,10.0,15.2,1.6,13.8,11.1,19.9,1.9,5.9,2.3,12.6,62.2,29.9,70.1,29.9,31.03448275862069,34.6,7-0,248.0,84
1641706,Brandon Miller,CHA,7,35.1,23.1,4.6,3.7,7.9,19.1,4.0,12.0,3.4,4.0,december,2024-25,27.4,18.6,55.4,10.0,73.0,4.1,3.4,37.3,0.3,0.0,1.3,10.8,16.1,20.6,9.6,2.7,20.2,9.0,,3.4,,55.9,40.0,60.0,40.0,62.82722513089005,35.1,6-7,200.0,79
1628378,Donovan Mitchell,CLE,13,31.3,23.1,4.3,5.5,7.9,17.1,4.4,9.7,2.8,3.6,december,2024-25,27.9,26.8,61.8,15.1,61.0,4.9,4.84,22.1,0.1,0.2,0.5,11.4,22.8,34.1,1.5,,11.4,6.9,1.9,3.8,1.6,55.9,61.2,38.8,61.2,56.7251461988304,31.3,6-3,215.0,75
203076,Anthony Davis,DAL,13,33.9,22.9,11.6,3.8,8.6,17.7,0.7,2.5,5.0,6.5,december,2024-25,29.2,19.0,55.8,17.0,75.8,3.3,2.61,43.3,4.3,4.2,6.8,11.5,10.3,5.8,19.3,12.5,9.8,,8.8,,14.5,54.0,39.3,60.7,39.3,14.124293785310735,33.9,6-10,253.0,82
1629631,De'Andre Hunter,CLE,12,28.5,22.7,3.9,1.3,7.3,14.2,3.2,6.5,4.8,5.6,december,2024-25,25.3,7.7,68.2,13.4,40.8,1.4,2.12,26.0,1.2,0.4,2.0,7.5,18.2,13.3,2.6,,29.0,9.5,6.2,6.0,2.6,65.2,23.9,76.1,23.9,45.774647887323944,28.5,6-8,221.0,80
201935,James Harden,LAC,11,33.2,22.6,4.3,5.8,6.3,15.4,3.0,8.4,7.1,7.9,december,2024-25,31.3,27.9,60.1,11.8,72.4,6.7,5.55,28.9,1.1,0.7,0.6,42.5,13.1,25.0,,1.3,7.5,4.6,,,,62.8,78.3,21.7,78.3,54.54545454545454,33.2,6-5,220.0,77
1630559,Austin Reaves,LAL,8,36.3,22.1,6.3,7.8,7.3,15.5,2.5,6.6,5.1,6.0,december,2024-25,24.1,31.3,61.0,13.9,87.3,6.1,4.19,38.9,0.5,0.0,1.4,13.5,15.8,35.6,,,14.0,5.6,,5.6,,68.0,41.4,58.6,41.4,42.58064516129032,36.3,6-5,197.0,77
1629661,Cameron Johnson,BKN,10,33.2,22.0,4.6,3.2,6.8,13.9,3.3,7.5,5.1,5.8,december,2024-25,24.1,17.7,66.9,14.2,54.6,2.4,2.59,41.3,0.6,0.2,1.1,,25.0,8.2,,,26.5,15.3,6.7,4.9,,66.0,30.9,69.1,30.9,53.956834532374096,33.2,6-8,210.0,80
1627750,Jamal Murray,DEN,11,38.1,22.0,3.9,6.7,8.0,17.1,2.3,5.4,3.7,4.1,december,2024-25,23.1,23.2,58.2,10.7,73.5,5.5,4.5,34.6,0.9,0.8,1.4,14.6,13.0,35.4,,2.9,8.6,11.5,3.8,4.0,,72.4,52.3,47.7,52.3,31.57894736842105,38.1,6-4,215.0,76
1628991,Jaren Jackson Jr.,MEM,14,28.7,22.0,6.6,2.6,7.7,16.6,2.0,5.2,4.6,5.9,december,2024-25,28.5,12.5,57.2,12.9,54.3,2.3,2.59,29.4,0.6,1.8,1.9,11.1,15.3,2.1,9.7,19.8,26.4,1.5,3.4,,3.9,57.4,40.7,59.3,40.7,31.32530120481928,28.7,6-10,242.0,82
203897,Zach LaVine,SAC,10,32.6,22.0,4.7,4.7,7.6,15.8,3.6,7.5,3.2,4.0,december,2024-25,26.9,21.4,62.6,11.9,59.3,4.2,4.23,28.7,0.3,0.6,0.6,9.3,23.5,19.5,4.0,,22.7,6.3,3.4,8.5,,70.2,46.1,53.9,46.1,47.46835443037975,32.6,6-5,200.0,77
1629673,Jordan Poole,WAS,10,34.0,21.9,3.3,5.2,6.7,16.4,4.1,10.5,4.4,5.6,december,2024-25,26.6,24.1,58.0,9.0,66.1,4.2,3.86,32.4,0.7,0.0,0.6,7.9,19.9,30.6,,,14.3,12.9,,5.4,,70.8,47.8,52.2,47.8,64.02439024390245,34.0,6-4,194.0,76
203468,CJ McCollum,NOP,13,34.0,21.6,4.0,4.5,8.3,19.2,2.6,7.8,2.4,3.2,december,2024-25,26.9,21.1,52.5,9.6,63.5,4.2,3.96,30.6,0.8,0.0,0.7,8.8,18.2,31.4,,,17.8,9.7,,6.3,,73.2,47.2,52.8,47.2,40.625,34.0,6-3,190.0,75
1628969,Mikal Bridges,NYK,14,40.4,21.5,2.8,3.6,8.6,15.4,3.0,6.9,1.2,1.6,december,2024-25,19.0,12.9,66.7,10.8,58.4,2.2,2.25,40.4,1.3,0.6,3.9,2.3,25.3,9.1,3.4,2.3,36.2,6.3,5.0,4.8,2.7,60.9,16.5,83.5,16.5,44.80519480519481,40.4,6-6,209.0,78
201939,Stephen Curry,GSW,11,33.1,21.5,3.7,6.5,7.1,17.7,4.2,11.5,3.1,3.5,december,2024-25,26.8,28.6,55.7,11.7,66.3,4.8,4.36,29.1,0.5,0.0,0.6,10.1,13.8,21.1,,,11.6,12.0,7.0,18.0,1.3,56.1,47.4,52.6,47.4,64.97175141242938,33.1,6-2,185.0,74
1627734,Domantas Sabonis,SAC,12,33.9,21.3,14.6,5.6,8.8,15.8,0.9,2.2,2.8,4.1,december,2024-25,23.0,25.4,60.6,17.7,75.3,2.6,2.08,48.3,6.3,3.1,13.9,,9.0,,28.5,13.1,9.0,,14.9,,10.9,59.0,32.4,67.6,32.4,13.924050632911392,33.9,6-10,240.0,82
1629630,Ja Morant,MEM,10,27.9,21.0,4.3,6.7,7.0,15.8,2.1,5.8,4.9,5.9,december,2024-25,29.5,32.4,57.1,14.2,68.5,4.9,4.27,28.9,0.4,0.1,0.8,14.1,19.6,40.4,,,11.0,5.0,2.4,,,53.7,54.3,45.7,54.3,36.70886075949367,27.9,6-2,174.0,74
1630228,Jonathan Kuminga,GSW,13,31.1,21.0,6.3,2.5,7.5,16.1,1.3,3.7,4.8,7.2,december,2024-25,28.5,13.9,54.6,11.9,58.5,3.2,3.3,32.3,0.8,1.1,3.4,12.6,17.4,21.1,,6.7,18.1,,9.6,,7.0,65.8,36.1,63.9,36.1,22.981366459627328,31.1,6-7,225.0,79
1630530,Trey Murphy III,NOP,13,35.1,20.8,3.9,2.9,7.1,14.5,3.4,8.3,3.3,3.5,december,2024-25,20.5,13.2,64.8,10.9,54.0,2.0,2.19,34.0,0.6,0.0,1.3,6.6,20.1,16.5,2.1,,23.4,9.4,8.3,7.1,3.2,68.9,20.7,79.3,20.7,57.24137931034483,35.1,6-8,206.0,80
1628970,Miles Bridges,CHA,8,31.4,20.6,9.3,4.4,7.6,18.3,1.5,7.6,3.9,4.1,december,2024-25,29.1,23.8,51.4,15.3,67.6,3.3,2.9,35.4,0.8,0.5,3.4,9.0,16.5,14.9,7.4,4.9,29.8,7.2,3.2,,2.1,58.1,44.3,55.7,44.3,41.530054644808736,31.4,6-7,225.0,79
1630162,Anthony Edwards,MIN,13,34.0,20.5,6.1,4.2,7.7,18.0,3.1,7.9,2.0,2.4,december,2024-25,28.5,21.2,53.7,12.2,66.7,5.2,4.66,36.2,0.5,0.3,0.8,23.4,15.7,23.5,,4.9,12.9,7.3,2.0,4.8,1.2,61.7,57.0,43.0,57.0,43.888888888888886,34.0,6-4,225.0,76
1631114,Jalen Williams,OKC,13,33.2,20.3,5.4,5.3,8.0,18.5,1.5,5.2,2.8,3.5,december,2024-25,28.2,24.4,50.5,11.9,72.0,4.4,3.64,35.2,0.7,0.0,1.5,14.8,21.0,36.0,,,16.9,3.0,4.3,,,60.5,50.0,50.0,50.0,28.10810810810811,33.2,6-5,211.0,77
1629636,Darius Garland,CLE,13,29.3,20.2,2.8,6.5,7.1,14.5,2.8,7.0,3.2,3.7,december,2024-25,26.3,30.8,62.9,13.6,62.2,4.7,4.58,25.8,0.7,0.0,0.6,6.7,16.2,41.8,,,17.1,5.4,3.1,2.9,,52.1,52.2,47.8,52.2,48.275862068965516,29.3,6-1,192.0,73
202696,Nikola Vučević,CHI,11,32.7,20.0,10.0,3.3,8.2,14.8,2.0,4.7,1.6,2.0,december,2024-25,21.7,15.4,63.7,14.6,62.6,1.6,1.49,46.6,4.5,5.1,9.0,,12.5,,28.8,16.1,15.2,,10.0,3.6,7.6,58.2,13.3,86.7,13.3,31.756756756756754,32.7,6-10,260.0,82
1628374,Lauri Markkanen,UTA,11,32.0,19.8,5.9,1.6,6.1,14.5,3.3,9.3,4.4,4.6,december,2024-25,23.0,8.2,59.7,10.5,46.8,1.4,1.81,29.4,1.5,0.8,3.0,4.0,15.6,3.0,8.3,5.7,12.8,7.5,10.6,20.7,7.0,61.9,16.4,83.6,16.4,64.13793103448276,32.0,7-0,240.0,84
1630552,Jalen Johnson,ATL,11,36.5,19.5,10.7,5.3,7.9,15.1,0.7,3.3,3.0,4.0,december,2024-25,21.0,20.6,58.0,14.4,86.0,3.7,2.62,36.9,2.8,0.6,4.2,7.9,22.5,23.7,2.9,4.5,14.4,7.3,6.8,1.8,4.0,59.7,33.3,66.7,33.3,21.85430463576159,36.5,6-8,219.0,80
1630578,Alperen Sengun,HOU,12,32.8,19.3,11.0,5.2,7.9,15.3,0.3,1.5,3.3,4.3,december,2024-25,24.6,25.5,56.1,16.1,64.1,2.8,2.6,47.5,5.1,5.2,7.3,14.9,13.5,5.2,9.2,21.7,11.8,,9.1,,7.4,59.8,60.0,40.0,60.0,9.803921568627452,32.8,6-11,243.0,83
1630224,Jalen Green,HOU,12,33.2,19.3,3.8,2.6,6.8,15.9,2.3,7.2,3.3,3.8,december,2024-25,24.3,11.8,54.7,10.0,58.0,4.3,4.48,25.1,0.3,0.0,0.7,,,,,,,,,,,62.5,62.2,37.8,62.2,45.28301886792453,33.2,6-4,186.0,76
1630567,Scottie Barnes,TOR,11,34.2,19.2,7.6,6.9,7.4,15.9,1.6,5.9,2.8,3.6,december,2024-25,25.0,32.3,54.8,12.5,86.6,5.2,3.61,36.3,1.6,2.2,4.0,7.9,21.7,13.1,5.7,10.7,19.7,2.2,9.3,1.5,5.0,65.5,51.9,48.1,51.9,37.106918238993714,34.2,6-7,237.0,79
1629008,Michael Porter Jr.,DEN,14,32.5,18.9,5.8,2.4,7.0,12.6,2.3,5.4,2.6,3.6,december,2024-25,20.3,9.6,66.3,10.2,42.9,1.4,1.94,28.7,1.5,0.0,3.8,6.9,13.2,5.7,2.7,2.5,21.5,16.9,8.5,13.1,4.9,61.1,16.3,83.7,16.3,42.85714285714286,32.5,6-10,218.0,82
1630596,Evan Mobley,CLE,12,28.8,18.8,7.9,3.1,7.2,12.2,1.8,3.5,2.7,3.8,december,2024-25,24.2,16.0,68.0,15.8,57.6,2.1,2.15,29.3,3.4,1.3,6.5,4.7,16.0,9.5,14.3,8.0,17.9,1.6,13.8,2.7,6.5,47.9,19.8,80.2,19.8,28.68852459016394,28.8,6-11,215.0,83
1630217,Desmond Bane,ORL,13,29.8,18.8,5.5,6.0,7.0,13.5,2.5,6.0,2.3,2.6,december,2024-25,21.4,27.0,64.2,14.6,65.5,3.5,3.21,30.5,0.9,0.0,1.1,7.0,19.3,25.5,,,17.4,7.4,4.1,9.1,3.8,57.4,41.8,58.2,41.8,44.44444444444444,29.8,6-5,215.0,77
1629014,Anfernee Simons,POR,12,31.9,18.6,2.8,5.7,6.7,15.2,2.8,8.0,2.5,2.8,december,2024-25,24.4,28.1,56.7,10.1,67.8,5.0,4.46,28.5,0.2,0.0,0.4,18.2,14.5,28.8,,,19.8,7.2,,4.9,,68.5,60.0,40.0,60.0,52.63157894736842,31.9,6-3,200.0,75
203903,Jordan Clarkson,UTA,7,27.1,18.6,2.9,4.6,6.0,13.1,2.3,4.7,4.3,5.0,december,2024-25,28.4,27.8,60.5,12.0,52.3,3.6,4.19,27.1,0.7,0.1,1.0,5.2,25.6,12.3,,,36.0,7.8,4.2,,3.9,64.1,64.3,35.7,64.3,35.87786259541985,27.1,6-3,194.0,75
1630591,Jalen Suggs,ORL,12,29.7,18.4,4.0,3.7,6.5,16.3,2.1,7.2,3.3,3.8,december,2024-25,30.8,22.0,51.4,10.2,69.8,5.3,4.53,27.6,0.6,0.3,1.2,6.6,24.5,25.2,,,20.4,7.3,,,4.0,72.9,67.9,32.1,67.9,44.171779141104295,29.7,6-5,205.0,77
1627736,Malik Beasley,DET,10,26.6,18.4,3.1,1.6,6.3,14.7,4.6,10.1,1.2,1.7,december,2024-25,23.6,9.0,59.6,10.8,39.1,1.3,2.05,25.8,0.3,0.0,0.3,,,,,,,,,,,66.7,17.5,82.5,17.5,68.70748299319727,26.6,6-4,187.0,76
201942,DeMar DeRozan,SAC,13,33.8,18.4,3.6,3.7,6.7,14.5,0.6,1.9,4.4,4.8,december,2024-25,21.5,15.2,55.4,9.5,47.2,2.8,3.53,30.5,0.9,3.4,1.5,19.9,10.0,17.6,1.7,12.0,19.1,6.1,3.9,4.6,1.7,56.7,37.9,62.1,37.9,13.103448275862068,33.8,6-6,220.0,78
1627783,Pascal Siakam,IND,14,32.8,18.3,8.0,2.7,6.6,13.7,2.1,4.7,3.0,4.1,december,2024-25,21.2,12.3,59.0,11.9,54.9,2.0,2.2,33.9,2.7,4.2,4.6,13.3,20.6,13.9,6.5,11.3,16.2,3.0,3.2,4.0,5.0,58.2,26.1,73.9,26.1,34.306569343065696,32.8,6-8,245.0,80
203078,Bradley Beal,PHX,11,33.4,18.3,3.7,3.0,7.4,15.5,2.0,5.4,1.5,2.2,december,2024-25,25.3,15.7,55.7,7.9,64.3,3.7,3.44,38.5,1.0,0.0,1.0,,,21.3,,,24.6,,,,,63.6,34.6,65.4,34.6,34.83870967741935,33.4,6-4,207.0,76
204001,Kristaps Porziņģis,BOS,9,28.0,18.2,6.2,1.7,6.0,13.9,2.1,6.2,4.1,4.7,december,2024-25,24.3,9.0,57.2,12.1,38.1,1.1,1.72,28.7,3.7,4.7,5.3,,14.6,,11.3,24.3,17.4,,7.7,10.5,6.1,43.6,14.8,85.2,14.8,44.60431654676259,28.0,7-2,240.0,86
203944,Julius Randle,MIN,13,31.1,18.2,7.0,4.8,6.2,14.1,2.0,5.1,3.8,4.5,december,2024-25,26.8,25.1,56.5,12.6,55.7,3.2,3.5,37.2,2.3,4.1,3.3,15.8,16.5,9.4,7.3,10.1,21.1,2.4,5.0,3.2,5.4,57.8,53.8,46.3,53.8,36.170212765957444,31.1,6-9,250.0,81
1629012,Collin Sexton,UTA,12,28.5,18.1,2.8,4.9,7.1,14.3,2.0,4.9,1.9,2.1,december,2024-25,26.2,27.3,59.6,10.2,58.3,4.5,4.66,27.2,0.6,0.1,1.5,5.2,21.4,36.3,2.5,,20.6,4.3,2.5,,,70.2,52.9,47.1,52.9,34.26573426573427,28.5,6-3,190.0,75
1631101,Shaedon Sharpe,POR,12,31.5,18.0,3.9,2.8,7.1,14.8,1.9,6.3,1.9,2.3,december,2024-25,23.1,13.7,57.0,9.9,49.2,2.6,3.14,27.4,0.3,0.0,1.0,12.3,19.5,31.7,,,16.7,5.1,4.8,2.1,2.8,71.2,48.2,51.8,48.2,42.567567567567565,31.5,6-5,208.0,77
1630169,Tyrese Haliburton,IND,14,36.0,17.8,4.0,8.6,6.1,13.1,2.7,7.7,2.8,3.3,december,2024-25,19.3,33.1,61.0,12.8,94.6,5.4,3.43,38.7,0.1,0.0,0.4,,,,,,,,,,,60.3,52.3,47.7,52.3,58.778625954198475,36.0,6-5,185.0,77
1628381,John Collins,UTA,8,32.9,17.5,6.9,2.5,5.6,11.4,2.3,4.3,4.0,5.3,december,2024-25,20.5,11.8,63.9,10.9,50.3,1.6,1.88,28.9,2.0,1.9,2.8,,18.7,,6.3,9.1,33.6,2.3,10.3,,9.8,68.2,22.2,77.8,22.2,37.71929824561403,32.9,6-9,226.0,81
202710,Jimmy Butler III,GSW,7,30.7,17.4,6.9,4.7,6.3,10.6,0.4,1.0,4.4,5.7,december,2024-25,18.8,21.9,66.6,15.2,56.4,4.0,4.21,35.1,2.1,1.4,6.6,17.7,17.2,13.1,2.7,6.1,14.0,1.7,12.1,2.4,7.9,51.9,50.0,50.0,50.0,9.433962264150944,30.7,6-7,230.0,79
1628415,Dillon Brooks,HOU,9,34.1,17.3,5.1,1.8,6.1,13.1,3.0,7.4,2.1,2.3,december,2024-25,19.2,8.4,61.3,9.2,40.7,1.6,2.38,25.1,0.7,0.9,1.6,9.3,14.6,19.9,1.5,9.9,31.8,2.8,1.7,2.8,2.4,56.0,30.9,69.1,30.9,56.48854961832062,34.1,6-6,225.0,78
1629632,Coby White,CHI,10,33.7,17.3,3.3,4.9,6.1,15.5,2.4,8.2,2.7,3.0,december,2024-25,23.3,21.0,51.4,7.4,67.2,4.0,3.54,33.4,0.0,0.0,0.4,7.7,29.3,29.6,,,20.9,3.1,,2.6,,76.7,42.6,57.4,42.6,52.9032258064516,33.7,6-5,195.0,77
1630166,Deni Avdija,POR,12,26.6,16.8,5.2,3.1,5.5,10.3,1.8,4.3,3.9,4.9,december,2024-25,24.4,17.5,67.0,11.2,60.1,2.9,2.93,28.2,0.8,0.5,2.0,14.0,18.1,26.9,,3.1,19.0,4.8,4.0,4.7,1.7,66.7,43.9,56.1,43.9,41.74757281553398,26.6,6-9,240.0,81
1641718,Keyonte George,UTA,8,30.8,16.8,4.3,5.5,5.6,12.6,2.5,6.9,3.0,3.6,december,2024-25,24.3,27.3,58.9,9.9,75.8,7.1,5.59,25.3,0.1,0.0,0.1,12.3,14.8,29.3,1.4,,13.8,9.7,4.5,5.8,,66.7,57.8,42.2,57.8,54.761904761904766,30.8,6-4,185.0,76
1641711,Gradey Dick,TOR,10,29.7,16.7,4.3,2.0,5.8,14.0,2.5,7.0,2.6,3.1,december,2024-25,23.1,9.8,54.3,7.7,42.6,1.5,2.08,32.1,0.7,0.0,1.8,,29.6,,4.5,,39.9,,5.2,9.6,3.4,63.0,24.1,75.9,24.1,50.0,29.7,6-6,200.0,78
1628389,Bam Adebayo,MIA,13,34.5,16.6,10.7,4.5,6.5,13.5,0.5,2.5,3.2,4.3,december,2024-25,23.0,22.0,54.1,13.7,65.8,3.3,3.02,37.8,4.5,2.5,6.2,8.0,20.2,,9.1,11.3,30.1,,7.1,2.4,6.5,64.6,41.7,58.3,41.7,18.51851851851852,34.5,6-9,255.0,81
1628370,Malik Monk,SAC,13,33.5,16.5,4.2,5.9,5.8,14.3,2.8,8.1,2.0,2.2,december,2024-25,21.8,24.4,54.0,9.1,68.1,3.9,3.46,36.5,0.3,0.0,1.0,8.4,22.0,24.1,3.5,,25.5,6.7,,4.6,,56.9,39.5,60.5,39.5,56.64335664335663,33.5,6-3,200.0,75
202331,Paul George,PHI,11,34.1,16.3,5.5,4.7,6.0,14.1,2.1,6.2,2.2,2.8,december,2024-25,22.1,23.0,53.1,11.4,64.0,4.0,3.71,33.0,0.8,1.4,1.0,18.4,12.4,14.2,,5.5,22.9,3.2,,12.4,,58.7,65.2,34.8,65.2,43.97163120567376,34.1,6-8,220.0,80
1626171,Bobby Portis,MIL,12,28.0,16.0,9.1,3.6,6.4,13.3,1.8,4.5,1.3,1.6,december,2024-25,23.1,19.1,57.4,15.1,59.5,1.9,1.91,32.6,1.6,3.6,3.5,3.2,11.0,,15.8,19.8,31.1,,6.6,,5.8,71.7,39.0,61.0,39.0,33.83458646616541,28.0,6-10,250.0,82
1627749,Dejounte Murray,NOP,13,35.1,15.9,6.9,7.8,6.2,16.2,1.4,5.4,2.2,2.8,december,2024-25,24.8,33.9,45.6,10.4,84.9,6.9,4.9,30.7,0.5,0.1,1.1,,,,,,,,,,,65.5,65.0,35.0,65.0,33.333333333333336,35.1,6-4,180.0,76
1627832,Fred VanVleet,HOU,11,35.5,15.8,4.8,5.5,5.4,14.7,3.0,9.2,2.1,2.6,december,2024-25,20.6,23.0,49.8,9.5,78.5,6.5,4.98,31.0,0.2,0.0,0.6,,,,,,,,,,,58.3,59.3,40.7,59.3,62.585034013605444,35.5,6-0,197.0,72
1630202,Payton Pritchard,BOS,14,30.3,15.8,5.4,4.2,5.6,12.3,3.7,9.1,0.9,1.1,december,2024-25,19.1,19.7,61.7,11.8,56.5,3.7,3.88,22.8,0.8,0.0,1.4,12.8,16.2,25.6,1.9,,26.2,6.4,,5.1,1.8,55.1,43.6,56.4,43.6,73.98373983739836,30.3,6-1,195.0,73
202691,Klay Thompson,DAL,11,26.3,15.4,3.2,2.0,5.6,12.0,3.1,7.7,1.0,1.2,december,2024-25,22.4,10.7,61.4,10.3,34.1,1.2,2.15,22.6,0.5,0.0,0.8,,19.2,7.1,,,25.9,12.2,2.8,26.3,,70.6,17.7,82.3,17.7,64.16666666666667,26.3,6-5,220.0,77
1630170,Devin Vassell,SAS,13,29.6,15.2,3.6,2.8,5.8,13.2,2.0,5.6,1.5,2.0,december,2024-25,21.5,15.4,54.0,9.8,47.7,2.4,3.04,28.9,0.6,0.0,0.6,2.7,22.2,11.5,,,35.3,10.7,,11.8,,47.5,30.3,69.7,30.3,42.42424242424242,29.6,6-5,200.0,77
1628404,Josh Hart,NYK,13,36.6,15.2,8.8,5.3,5.5,9.8,1.5,3.6,2.7,3.5,december,2024-25,15.5,19.5,66.6,13.6,64.6,3.2,2.94,28.0,1.5,0.2,3.5,,21.0,10.3,,,45.6,4.0,4.6,,,65.4,32.4,67.6,32.4,36.73469387755102,36.6,6-4,215.0,76
1629028,Deandre Ayton,POR,10,30.5,15.0,9.7,1.8,7.1,11.7,0.1,1.0,0.7,1.2,december,2024-25,19.6,9.5,61.3,11.7,42.9,1.1,1.6,30.4,4.0,1.0,8.6,,9.8,,28.6,9.5,2.9,,26.3,,13.6,53.7,23.9,76.1,23.9,8.547008547008547,30.5,7-0,252.0,84
203952,Andrew Wiggins,MIA,11,29.6,14.9,4.4,2.3,5.4,12.6,2.1,5.3,2.1,2.5,december,2024-25,20.6,12.5,54.3,9.4,42.2,1.9,2.7,28.3,0.6,1.0,2.6,10.9,22.1,7.6,,6.8,32.5,2.0,3.8,2.5,7.8,64.4,22.0,78.0,22.0,42.06349206349206,29.6,6-7,197.0,79
1631093,Jaden Ivey,DET,8,27.7,14.9,4.0,3.0,5.5,12.1,2.1,5.1,1.8,2.3,december,2024-25,23.1,15.5,56.7,8.2,50.0,3.5,4.19,22.4,1.0,0.0,0.9,5.6,26.4,11.6,,,34.3,5.6,,,,68.4,52.3,47.7,52.3,42.14876033057851,27.7,6-4,195.0,76
1628401,Derrick White,BOS,13,33.9,14.7,4.5,4.8,4.9,11.9,3.1,8.8,1.8,2.2,december,2024-25,18.6,19.6,57.1,9.5,68.5,4.6,4.02,24.9,0.3,0.0,1.5,4.7,10.8,35.1,1.6,,25.9,9.5,1.3,5.1,1.7,52.1,28.1,71.9,28.1,73.94957983193278,33.9,6-4,190.0,76
1631097,Bennedict Mathurin,IND,14,34.0,14.4,5.6,1.9,5.3,12.6,1.1,3.7,2.8,3.4,december,2024-25,20.4,7.8,51.2,6.1,51.7,2.0,2.38,31.6,1.4,0.1,2.5,9.0,22.3,27.0,,,17.2,5.2,7.6,5.7,,61.0,37.8,62.2,37.8,29.365079365079367,34.0,6-5,210.0,77
1627763,Malcolm Brogdon,WAS,8,26.6,14.4,3.9,4.6,4.6,12.0,1.3,3.8,3.9,4.5,december,2024-25,24.4,29.1,51.4,10.3,56.1,4.0,4.27,26.4,0.4,0.0,1.3,,,,,,,,,,,77.8,43.2,56.8,43.2,31.666666666666664,26.6,6-4,229.0,76
1628384,OG Anunoby,NYK,14,35.7,14.3,4.9,1.9,5.5,12.6,1.9,6.1,1.4,1.9,december,2024-25,17.9,6.9,53.4,7.4,39.4,1.2,1.89,25.9,0.8,0.9,3.2,5.9,22.4,5.9,3.0,2.8,38.2,4.8,5.3,3.4,4.4,55.1,19.5,80.5,19.5,48.41269841269841,35.7,6-7,240.0,79
1641731,Bilal Coulibaly,WAS,11,34.0,14.3,6.1,5.0,4.9,13.4,1.5,5.1,3.0,3.6,december,2024-25,20.7,20.8,47.7,8.3,57.8,3.4,3.52,32.8,0.5,0.0,2.4,4.8,27.8,15.1,,,25.8,5.2,8.3,,4.8,56.1,51.9,48.1,51.9,38.059701492537314,34.0,6-8,195.0,80
1626145,Tyus Jones,PHX,13,29.7,14.2,2.5,4.9,5.2,10.0,2.6,5.3,1.2,1.2,december,2024-25,17.7,25.4,67.5,11.1,68.8,4.8,4.22,26.8,0.4,0.0,0.4,,17.2,23.8,,,41.7,,,,,65.0,35.3,64.7,35.3,53.0,29.7,6-1,196.0,73
1630245,Ayo Dosunmu,CHI,9,34.2,14.2,4.6,6.4,5.6,10.8,1.9,4.8,1.2,1.4,december,2024-25,15.4,25.6,62.3,10.8,68.1,3.3,2.92,31.6,0.4,0.0,0.9,2.2,33.6,20.8,,,31.6,,3.1,,,59.5,30.0,70.0,30.0,44.44444444444444,34.2,6-5,200.0,77
1627826,Ivica Zubac,LAC,12,32.1,13.9,12.3,2.8,6.3,10.8,0.0,0.0,1.3,2.8,december,2024-25,17.6,13.7,58.2,15.1,52.3,1.6,1.87,32.2,5.6,5.1,8.9,,5.5,,18.4,28.3,,,20.1,,20.3,53.8,38.2,61.8,38.2,0.0,32.1,7-0,240.0,84
1630581,Josh Giddey,CHI,8,28.4,13.9,9.3,7.9,5.5,11.6,1.3,5.5,1.6,2.1,december,2024-25,23.1,39.4,55.2,16.4,67.0,3.2,2.85,25.1,0.9,0.0,2.8,5.0,22.8,38.8,,,16.0,4.5,4.3,,,62.8,40.9,59.1,40.9,47.41379310344828,28.4,6-8,216.0,80
203114,Khris Middleton,WAS,10,23.6,13.8,4.3,5.5,4.8,10.7,1.9,4.1,2.3,2.7,december,2024-25,24.5,32.0,58.0,11.6,49.4,3.1,3.77,24.4,0.1,1.9,0.5,6.1,15.3,22.7,,13.6,16.6,5.8,,6.4,5.8,68.2,66.7,33.3,66.7,38.31775700934579,23.6,6-7,222.0,79
1642259,Alex Sarr,WAS,9,28.4,13.8,6.3,2.1,5.2,11.3,2.2,4.9,1.1,2.0,december,2024-25,20.6,11.6,56.4,9.1,50.1,1.6,1.88,30.1,3.8,0.3,4.3,5.3,10.0,,22.6,8.3,21.6,,15.0,,10.5,61.3,19.1,80.9,19.1,43.36283185840708,28.4,7-0,205.0,84
1626167,Myles Turner,IND,14,30.1,13.6,6.7,1.9,4.9,9.7,1.9,4.8,2.1,2.6,december,2024-25,18.5,8.8,62.7,10.0,39.1,0.9,1.34,28.5,2.8,1.6,5.4,,7.7,,17.7,7.3,42.3,,7.1,,6.0,57.4,11.8,88.2,11.8,49.48453608247423,30.1,6-11,250.0,83
203924,Jerami Grant,POR,11,33.3,13.3,3.9,2.6,4.4,11.5,2.8,6.5,1.7,2.1,december,2024-25,17.4,11.2,53.6,6.3,41.6,1.7,2.4,27.2,0.5,1.2,1.0,10.7,16.2,13.9,2.2,2.0,35.4,4.8,4.6,4.2,2.4,56.8,18.8,81.3,18.8,56.52173913043478,33.3,6-7,210.0,79
1629023,P.J. Washington,DAL,11,32.9,13.3,5.5,2.3,4.4,9.9,2.4,5.0,2.2,3.0,december,2024-25,17.1,9.0,59.1,7.7,49.0,1.8,2.2,19.4,0.1,1.4,1.0,4.1,20.9,6.3,5.4,6.1,29.9,4.1,8.2,,6.8,49.1,18.8,81.3,18.8,50.505050505050505,32.9,6-6,230.0,78
1627751,Jakob Poeltl,TOR,8,30.6,13.3,8.5,3.4,5.3,9.0,0.0,0.1,2.8,3.5,december,2024-25,16.4,15.6,62.9,11.9,57.9,1.7,1.77,34.8,7.8,1.1,9.1,,13.0,,16.7,,,,40.7,,14.8,59.1,28.6,71.4,28.6,1.1111111111111112,30.6,7-0,260.0,84
1629021,Moritz Wagner,ORL,9,18.5,13.2,5.6,1.4,4.9,8.3,1.0,2.3,2.4,3.9,december,2024-25,25.8,14.3,65.8,18.2,31.9,1.1,2.11,20.2,3.1,0.4,4.1,,,,,,,,,,,57.1,29.5,70.5,29.5,27.710843373493972,18.5,6-11,245.0,83
1630583,Santi Aldama,MEM,11,22.2,13.2,6.7,2.4,4.7,8.8,2.4,4.7,1.4,1.8,december,2024-25,17.3,14.5,68.5,18.2,44.0,1.5,2.05,23.1,0.7,0.2,2.2,,22.8,2.3,8.8,4.1,40.1,,6.8,,7.0,50.0,26.9,73.1,26.9,53.40909090909091,22.2,7-0,215.0,84
1631110,Jeremy Sochan,SAS,13,29.2,13.1,8.5,2.6,5.0,9.4,0.5,1.7,2.6,3.5,december,2024-25,18.1,13.8,59.9,12.0,46.7,1.8,2.25,24.3,2.0,0.7,7.0,,18.9,,12.3,,28.3,,17.0,,,50.0,23.1,76.9,23.1,18.085106382978722,29.2,6-8,230.0,80
1629614,Andrew Nembhard,IND,12,27.1,13.0,3.6,4.8,4.8,9.5,1.1,2.8,2.4,2.7,december,2024-25,20.2,24.9,60.9,10.9,53.8,3.2,3.61,27.7,0.3,0.1,0.6,8.9,14.8,38.5,,,21.4,7.1,,,,64.8,42.1,57.9,42.1,29.47368421052631,27.1,6-4,191.0,76
1626156,D'Angelo Russell,BKN,10,25.2,13.0,3.1,4.4,4.8,11.1,2.2,5.7,1.2,1.5,december,2024-25,22.9,27.8,55.3,10.2,59.8,4.4,4.4,27.5,0.5,0.0,0.5,8.7,15.5,36.2,,,20.8,7.9,,,,60.0,60.4,39.6,60.4,51.35135135135136,25.2,6-3,193.0,75
203915,Spencer Dinwiddie,DAL,13,26.0,13.0,2.8,3.8,3.6,9.4,1.5,4.4,4.3,4.7,december,2024-25,20.4,21.7,56.8,10.7,49.3,4.2,5.16,19.6,0.1,0.4,0.4,,,,,,,,,,,58.7,55.3,44.7,55.3,46.808510638297875,26.0,6-5,215.0,77
1626162,Kelly Oubre Jr.,PHI,12,34.8,12.8,6.6,1.8,4.8,9.5,1.4,4.2,1.9,2.8,december,2024-25,14.5,7.6,59.7,9.5,44.1,1.9,2.64,20.8,0.8,0.1,2.3,12.1,22.1,7.6,,,29.8,,5.9,,6.6,58.1,33.3,66.7,33.3,44.21052631578948,34.8,6-8,203.0,80
1642272,Jared McCain,PHI,5,27.6,12.8,2.2,2.8,5.2,10.2,2.2,4.6,0.2,0.6,december,2024-25,20.3,14.6,61.2,7.5,43.6,2.3,3.11,25.4,0.4,0.2,0.2,9.0,33.7,14.1,,,29.6,,,,,62.5,38.5,61.5,38.5,45.09803921568628,27.6,6-3,195.0,75
203471,Dennis Schröder,DET,12,29.4,12.8,2.1,5.4,4.7,12.3,1.3,5.3,2.2,2.5,december,2024-25,22.4,32.0,47.5,6.6,75.1,6.2,4.92,31.4,0.3,0.0,0.3,14.8,11.2,36.6,,,23.1,5.2,,,,61.7,60.7,39.3,60.7,43.08943089430894,29.4,6-1,175.0,73
1630577,Julian Champagnie,SAS,14,26.1,12.7,4.2,0.9,4.3,10.1,2.9,7.6,1.2,1.3,december,2024-25,18.1,5.1,59.8,8.2,38.5,1.0,1.5,20.7,0.4,0.0,0.9,,23.0,,5.3,,43.3,6.5,3.1,9.3,4.3,62.3,5.0,95.0,5.0,75.24752475247524,26.1,6-7,217.0,79
1630168,Onyeka Okongwu,ATL,7,22.6,12.7,6.1,0.4,5.0,8.4,0.4,1.0,2.3,3.4,december,2024-25,17.6,2.5,64.0,11.1,27.6,0.6,1.21,18.6,2.1,0.6,8.1,1.6,15.5,2.1,11.6,6.9,28.0,3.2,11.2,3.4,7.5,59.5,31.4,68.6,31.4,11.904761904761903,22.6,6-10,240.0,82
1629048,Goga Bitadze,ORL,12,29.1,12.7,11.0,2.6,5.3,8.3,0.1,0.6,1.9,2.8,december,2024-25,16.5,14.9,66.4,18.6,52.6,1.6,1.87,31.7,3.3,0.4,8.3,,10.8,,15.0,,,,26.9,,27.5,62.5,35.9,64.1,35.9,7.228915662650602,29.1,6-10,250.0,82
201950,Jrue Holiday,BOS,9,29.2,12.7,4.0,3.3,4.8,10.8,2.0,5.9,1.1,1.3,december,2024-25,17.9,16.8,55.7,9.8,47.6,2.5,3.14,21.9,0.4,0.8,2.6,10.1,20.5,26.3,,3.6,20.5,,4.3,,,46.7,37.2,62.8,37.2,54.629629629629626,29.2,6-4,205.0,76
1630529,Herbert Jones,NOP,11,34.1,12.6,4.8,4.0,4.5,10.5,1.4,4.3,2.4,2.9,december,2024-25,17.0,16.0,53.4,7.2,52.6,2.1,2.41,27.4,1.0,0.0,1.9,,22.4,10.8,,,37.7,6.3,5.4,,,65.9,22.4,77.6,22.4,40.95238095238095,34.1,6-7,206.0,79
1629060,Rui Hachimura,LAL,13,35.4,12.6,5.5,1.4,4.7,9.1,1.5,3.6,1.8,2.2,december,2024-25,14.0,5.7,62.7,8.2,38.1,1.1,1.77,21.5,1.1,0.3,3.0,3.7,19.3,,3.1,9.5,40.5,,7.1,4.9,,57.8,4.9,95.1,4.9,39.56043956043956,35.4,6-8,230.0,80
203932,Aaron Gordon,DEN,10,27.6,12.5,5.1,3.0,4.4,8.5,1.0,2.8,2.7,3.9,december,2024-25,16.8,13.2,61.2,8.8,39.0,1.9,2.96,19.9,2.8,2.4,5.8,16.0,13.0,10.4,5.9,11.2,15.4,,13.0,,5.3,58.8,34.1,65.9,34.1,32.94117647058823,27.6,6-8,235.0,80
1629640,Keldon Johnson,SAS,12,22.2,12.5,4.3,1.3,4.9,10.0,0.8,3.3,1.8,2.5,december,2024-25,21.6,9.6,56.3,11.1,35.2,1.3,2.3,17.8,1.0,0.2,2.6,3.9,20.0,2.8,,4.4,32.0,7.4,9.2,,10.9,54.5,23.7,76.3,23.7,32.99999999999999,22.2,6-5,220.0,77
1630551,Justin Champagnie,WAS,11,30.1,12.5,8.1,1.2,5.0,9.3,1.6,4.4,0.8,1.3,december,2024-25,14.7,5.7,63.3,9.8,41.5,1.2,1.73,21.1,0.8,0.0,3.6,,21.4,3.7,6.3,,26.2,,12.5,,19.6,57.1,30.9,69.1,30.9,47.31182795698925,30.1,6-6,206.0,78
1630167,Obi Toppin,IND,12,19.4,12.4,5.4,1.8,4.7,7.9,1.7,4.1,1.4,1.8,december,2024-25,20.2,13.1,71.2,15.4,39.0,0.9,1.46,20.8,0.8,0.9,2.6,,23.9,,,,28.3,,,,,60.6,16.1,83.9,16.1,51.898734177215175,19.4,6-9,220.0,81
1628386,Jarrett Allen,CLE,13,28.8,12.4,9.2,2.1,5.2,7.6,0.0,0.1,1.9,2.7,december,2024-25,14.6,9.0,70.4,13.2,37.6,0.9,1.48,24.5,4.5,0.6,8.3,,13.6,,20.9,7.8,4.1,,33.1,,9.2,58.4,11.8,88.2,11.8,1.3157894736842106,28.8,6-9,243.0,81
204456,T.J. McConnell,IND,14,20.6,12.4,2.6,4.7,5.4,9.8,0.4,1.4,1.2,1.7,december,2024-25,24.9,33.8,58.6,13.3,57.8,4.1,4.28,21.4,0.5,0.0,0.9,5.9,13.1,54.0,,,12.5,,4.2,,,56.4,62.7,37.3,62.7,14.285714285714285,20.6,6-1,190.0,73
1628392,Isaiah Hartenstein,OKC,13,29.5,12.2,11.9,3.8,5.2,8.9,0.0,0.5,1.9,2.8,december,2024-25,16.6,17.5,60.1,15.2,61.7,1.7,1.61,36.9,5.8,0.2,9.1,,7.4,,19.9,5.6,,,40.3,,10.2,54.3,17.9,82.1,17.9,5.617977528089887,29.5,7-0,250.0,84
1630700,Dyson Daniels,ATL,10,33.3,12.1,5.0,4.3,5.0,10.0,1.3,3.2,0.8,1.4,december,2024-25,15.2,17.2,57.0,9.4,54.3,2.1,2.27,29.4,1.9,0.1,4.5,5.6,23.3,13.2,3.2,,18.5,5.8,15.9,,7.8,65.3,32.0,68.0,32.0,32.0,33.3,6-7,199.0,79
1641708,Amen Thompson,HOU,12,29.7,12.0,7.3,2.4,5.1,9.6,0.4,1.8,1.4,2.4,december,2024-25,16.9,11.3,56.4,10.4,47.3,2.4,3.02,20.0,1.4,0.0,5.4,9.4,21.4,23.0,,,13.2,2.9,17.8,,5.9,50.0,44.3,55.7,44.3,18.75,29.7,6-7,200.0,79
201572,Brook Lopez,MIL,12,31.7,12.0,4.8,1.3,4.8,9.5,1.7,4.4,0.7,0.8,december,2024-25,14.4,5.7,60.8,8.0,36.1,0.9,1.51,25.8,1.3,1.5,3.3,,6.5,,32.8,9.5,32.1,,,,,58.7,13.8,86.2,13.8,46.31578947368421,31.7,7-1,282.0,85
1631095,Jabari Smith Jr.,HOU,12,35.4,12.0,7.0,1.3,4.0,10.0,1.9,5.6,2.1,2.3,december,2024-25,14.4,5.1,54.4,7.6,43.7,1.3,1.8,21.0,1.6,0.8,2.8,5.6,19.2,4.7,5.3,5.8,36.8,3.9,7.5,2.5,5.4,53.8,25.0,75.0,25.0,55.99999999999999,35.4,6-10,220.0,82
1626204,Larry Nance Jr.,ATL,6,25.1,12.0,7.0,2.2,4.5,8.5,2.0,4.7,1.0,1.0,december,2024-25,16.2,14.0,67.1,12.6,37.2,1.0,1.54,22.3,2.0,0.3,3.5,,20.3,,,,36.7,,22.8,,,62.9,7.4,92.6,7.4,55.294117647058826,25.1,6-8,245.0,80
1631109,Mark Williams,CHA,10,18.3,12.0,7.2,2.1,5.0,7.6,0.0,0.0,2.0,2.6,december,2024-25,21.0,21.0,68.6,19.2,27.6,0.8,1.77,20.7,3.1,0.3,7.2,,15.1,,19.3,5.0,,,27.6,,23.1,62.7,14.0,86.0,14.0,0.0,18.3,7-0,240.0,84
201566,Russell Westbrook,DEN,14,28.5,12.0,5.1,7.1,5.1,9.8,0.7,3.2,1.1,2.3,december,2024-25,19.6,29.2,55.6,9.8,60.3,3.7,3.66,26.9,0.9,0.4,3.3,13.4,18.3,25.8,,5.1,26.7,,2.2,,2.8,75.6,54.9,45.1,54.9,32.6530612244898,28.5,6-4,200.0,76
1626220,Royce O'Neale,PHX,12,28.4,11.9,5.1,2.8,4.3,8.9,3.1,6.8,0.3,0.3,december,2024-25,15.5,14.7,65.7,10.4,52.2,1.5,1.77,27.2,0.3,0.0,0.8,,26.0,8.3,2.7,,43.8,3.9,,3.6,,65.5,11.8,88.2,11.8,76.40449438202246,28.4,6-6,226.0,78
1630538,Bones Hyland,MIN,6,18.0,11.8,1.5,2.3,3.7,9.0,2.8,6.7,1.7,2.0,december,2024-25,27.4,24.1,59.9,10.9,37.5,3.0,4.76,16.7,0.0,0.0,0.2,10.9,23.0,24.3,,,24.3,5.7,,5.7,,72.7,45.5,54.5,45.5,74.44444444444444,18.0,6-2,169.0,74
1627747,Caris LeVert,ATL,13,23.5,11.7,2.5,3.2,4.0,8.2,1.9,4.1,1.8,2.8,december,2024-25,19.6,18.2,61.6,9.9,36.6,2.0,3.3,21.4,0.3,0.0,0.9,6.2,19.0,24.0,,,26.9,4.5,6.6,5.0,,57.5,32.7,67.3,32.7,50.0,23.5,6-6,205.0,78
1629655,Daniel Gafford,DAL,13,20.5,11.7,5.2,1.1,4.5,6.4,0.0,0.0,2.8,4.0,december,2024-25,19.2,7.9,71.8,12.0,33.2,1.0,1.74,20.0,1.2,0.8,7.8,,8.8,,19.9,11.0,,,20.4,,18.2,51.4,19.0,81.0,19.0,0.0,20.5,6-10,265.0,82
1641715,Cam Whitmore,HOU,6,15.9,11.7,3.8,0.5,4.5,9.3,1.5,3.8,1.2,1.3,december,2024-25,25.9,5.3,58.8,16.5,21.0,1.0,2.88,12.0,0.8,0.0,1.5,6.7,34.8,14.0,,,19.1,,6.7,,6.2,33.3,37.0,63.0,37.0,40.86021505376344,15.9,6-7,230.0,79
202685,Jonas Valančiūnas,SAC,12,19.8,11.7,8.8,2.3,5.0,9.4,0.1,0.9,1.6,1.8,december,2024-25,24.0,20.4,57.3,15.9,45.3,1.5,2.01,27.8,4.8,2.0,5.1,,,,22.1,29.7,4.2,,13.7,,16.0,67.7,33.3,66.7,33.3,9.574468085106384,19.8,6-11,265.0,83
1629645,Kevin Porter Jr.,MIL,8,23.1,11.6,3.9,3.9,4.5,11.3,1.3,3.4,1.4,2.0,december,2024-25,25.7,27.0,47.9,8.1,45.9,3.7,4.88,17.6,0.4,0.0,0.5,9.8,13.6,45.2,,2.4,16.0,5.5,,,,75.0,77.8,22.2,77.8,30.088495575221234,23.1,6-4,203.0,76
1629130,Duncan Robinson,MIA,12,25.5,11.6,2.5,3.3,4.2,9.8,2.4,6.6,0.8,0.8,december,2024-25,19.2,19.1,56.8,7.7,35.2,1.3,2.23,25.7,0.6,0.0,1.0,,18.5,7.9,4.3,,31.2,11.7,,18.8,,70.5,16.0,84.0,16.0,67.3469387755102,25.5,6-7,215.0,79
1630557,Corey Kispert,WAS,7,22.3,11.6,2.6,1.9,4.1,8.1,2.0,5.0,1.3,1.4,december,2024-25,17.9,13.5,66.0,10.5,27.9,0.8,1.77,18.4,0.3,0.0,0.6,,19.0,9.5,,,34.1,11.9,,8.7,,58.3,13.8,86.2,13.8,61.728395061728406,22.3,6-6,224.0,78
1641730,Noah Clowney,BKN,8,26.6,11.5,4.6,0.9,3.9,8.8,2.8,6.8,1.0,1.0,december,2024-25,16.5,5.6,62.6,7.4,34.9,1.0,1.64,20.0,0.1,0.1,1.5,4.6,18.6,4.4,3.9,,41.8,10.3,2.6,4.6,2.4,51.9,12.9,87.1,12.9,77.27272727272727,26.6,6-9,210.0,81
1641744,Zach Edey,MEM,6,26.0,11.5,10.5,1.7,4.8,8.2,0.5,1.8,1.3,2.3,december,2024-25,14.6,7.5,62.5,12.4,32.3,0.7,1.31,19.7,0.5,2.7,10.5,,,,14.7,32.8,,,16.4,,15.5,51.4,37.9,62.1,37.9,21.951219512195124,26.0,7-4,305.0,88
1630527,Brandon Boston,NOP,13,20.6,11.5,2.5,1.1,4.3,9.0,1.4,3.2,1.5,1.9,december,2024-25,21.2,8.0,58.2,9.6,36.9,2.0,3.28,16.8,0.4,0.0,0.9,,,,,,,,,,,65.3,39.3,60.7,39.3,35.55555555555556,20.6,6-6,188.0,78
1631128,Christian Braun,DEN,13,32.2,11.5,4.6,2.2,4.7,8.9,0.4,2.2,1.7,2.2,december,2024-25,13.8,7.9,58.1,7.0,37.6,1.3,2.06,23.7,2.4,0.0,4.3,,33.3,,7.1,,20.6,7.8,11.3,,7.1,57.1,21.3,78.7,21.3,24.719101123595507,32.2,6-6,220.0,78
1629018,Gary Trent Jr.,MIL,12,24.9,11.4,2.5,0.8,4.2,8.8,2.4,5.3,0.7,0.8,december,2024-25,16.9,4.8,62.0,8.4,26.4,1.0,2.34,17.7,0.2,0.0,0.2,,18.3,6.4,,,48.6,9.0,,6.8,,60.6,28.0,72.0,28.0,60.22727272727272,24.9,6-5,204.0,77
1628978,Donte DiVincenzo,MIN,13,25.2,11.4,4.0,3.6,3.8,8.9,2.5,6.4,1.2,1.3,december,2024-25,17.6,21.4,59.9,12.5,48.5,2.1,2.63,25.8,0.3,0.0,0.8,1.9,18.5,11.6,,,33.0,10.8,,14.6,3.0,51.4,14.0,86.0,14.0,71.91011235955057,25.2,6-4,203.0,76
1629656,Quentin Grimes,PHI,13,24.5,11.4,4.5,2.0,3.8,8.3,2.0,4.6,1.7,1.9,december,2024-25,18.6,12.7,62.2,9.5,37.8,1.8,2.88,18.8,0.3,0.0,0.5,10.4,22.2,10.8,,,37.6,2.4,2.8,6.8,2.0,75.8,28.0,72.0,28.0,55.421686746987945,24.5,6-4,210.0,76
1642274,Yves Missi,NOP,13,30.8,11.2,10.0,1.3,4.6,8.1,0.0,0.1,2.0,3.0,december,2024-25,14.1,5.9,59.8,9.3,38.7,1.1,1.69,26.2,3.7,0.3,9.1,,7.5,,15.0,,12.2,,20.7,,29.1,67.3,38.3,61.7,38.3,1.234567901234568,30.8,6-11,235.0,83
1629726,Garrison Mathews,ATL,6,20.3,11.2,2.0,1.7,2.8,6.5,2.7,6.0,2.8,3.3,december,2024-25,17.8,12.3,70.1,9.2,26.5,0.6,1.38,17.8,0.2,0.0,0.3,,,,,,,,,,,46.2,0.0,100.0,0.0,92.3076923076923,20.3,6-6,215.0,78
1626179,Terry Rozier,MIA,12,26.9,11.2,4.3,2.1,4.1,10.5,1.2,4.6,1.8,2.0,december,2024-25,19.9,11.6,49.1,8.4,44.4,3.1,4.22,18.4,0.2,0.0,1.3,,,,,,,,,,,47.5,53.1,46.9,53.1,43.8095238095238,26.9,6-1,190.0,73
202699,Tobias Harris,DET,9,29.2,11.1,4.6,2.2,3.8,9.4,1.3,3.9,2.2,2.3,december,2024-25,16.0,9.7,53.1,7.2,37.7,1.6,2.61,21.0,1.2,2.0,1.6,4.2,17.9,6.8,,14.6,31.8,,6.3,3.0,6.3,79.2,35.3,64.7,35.3,41.48936170212766,29.2,6-8,226.0,80
203992,Bogdan Bogdanović,LAC,7,26.1,11.0,2.7,2.7,3.7,8.7,2.0,6.1,1.6,1.7,december,2024-25,17.1,13.8,58.1,7.0,33.9,1.1,1.88,22.9,0.6,0.0,0.7,,12.2,34.4,,,24.4,,,,,52.2,0.0,100.0,0.0,70.11494252873564,26.1,6-5,225.0,77
1629675,Naz Reid,MIN,13,24.8,11.0,4.7,1.9,4.4,10.2,1.3,4.5,0.9,1.4,december,2024-25,20.3,11.7,50.7,8.6,40.2,1.2,1.77,23.3,1.2,1.3,1.5,3.8,17.2,4.8,9.1,8.1,30.7,4.7,3.6,8.4,4.3,56.4,21.1,78.9,21.1,44.117647058823536,24.8,6-9,264.0,81
1630172,Patrick Williams,CHI,8,23.9,11.0,3.1,1.8,4.0,9.3,2.0,5.4,1.0,1.0,december,2024-25,17.6,10.7,56.8,8.4,35.4,1.1,1.87,19.8,0.5,0.5,0.6,3.6,22.1,9.3,5.0,3.6,41.4,3.6,,,5.0,68.8,21.9,78.1,21.9,58.06451612903226,23.9,6-7,215.0,79
1629599,Amir Coffey,LAC,11,25.3,10.9,2.9,1.0,4.0,7.5,1.8,4.0,1.1,1.3,december,2024-25,15.0,5.9,67.3,7.7,26.7,0.9,2.12,16.0,0.3,0.0,0.4,,,,,,,,,,,66.7,18.2,81.8,18.2,53.333333333333336,25.3,6-7,210.0,79
1629004,Svi Mykhailiuk,UTA,6,19.1,10.7,2.2,1.7,3.8,8.0,2.7,6.0,0.3,0.7,december,2024-25,21.1,11.5,64.3,9.0,30.5,1.3,2.5,14.0,0.2,0.0,0.0,,22.1,5.9,,,34.5,10.7,7.6,7.6,3.4,80.0,26.1,73.9,26.1,75.0,19.1,6-7,205.0,79
1629003,Shake Milton,LAL,12,22.8,10.6,2.9,2.7,3.9,8.7,1.4,3.8,1.3,1.8,december,2024-25,19.4,20.0,56.1,9.2,44.9,2.9,3.91,23.8,0.3,0.0,1.0,,,,,,,,,,,69.7,34.0,66.0,34.0,43.67816091954023,22.8,6-5,205.0,77
1630703,Scoot Henderson,POR,9,24.5,10.6,2.6,4.6,3.4,9.4,1.2,4.3,2.4,3.2,december,2024-25,21.2,24.3,48.6,7.1,54.3,3.9,4.3,21.6,0.3,0.0,0.3,,,,,,,,,,,75.8,64.5,35.5,64.5,45.744680851063826,24.5,6-3,206.0,75
203497,Rudy Gobert,MIN,13,32.6,10.5,9.7,1.4,4.2,6.7,0.0,0.0,2.2,3.6,december,2024-25,12.6,6.4,63.6,11.1,40.6,1.0,1.4,23.8,2.8,0.5,9.2,,12.6,,16.7,,,,28.5,,26.9,55.7,22.2,77.8,22.2,0.0,32.6,7-1,258.0,85
1629651,Nic Claxton,BKN,12,26.7,10.5,7.2,1.3,4.5,9.1,0.1,0.7,1.4,2.6,december,2024-25,19.4,8.3,51.4,9.8,49.5,1.8,2.18,31.8,5.2,0.7,8.4,14.1,15.5,3.9,11.1,4.5,10.9,,15.5,,13.4,54.2,25.9,74.1,25.9,7.6923076923076925,26.7,6-11,215.0,83
1631117,Walker Kessler,UTA,12,31.8,10.5,11.7,1.9,4.5,6.3,0.2,0.3,1.3,2.8,december,2024-25,11.9,8.7,69.6,11.1,32.8,0.7,1.36,20.4,3.0,0.0,10.9,,,,,,,,29.0,,22.6,57.0,27.8,72.2,27.8,4.761904761904762,31.8,7-0,245.0,84
1631107,Nikola Jović,MIA,7,24.0,10.4,3.3,2.4,2.7,6.1,1.7,3.4,3.3,4.0,december,2024-25,15.6,14.9,66.0,11.0,38.1,1.6,2.48,19.7,0.3,0.6,1.0,3.7,31.0,3.4,3.7,4.8,39.2,,4.8,,,52.0,15.8,84.2,15.8,55.73770491803279,24.0,6-10,205.0,82
1631105,Jalen Duren,DET,9,26.7,10.3,8.2,1.9,4.2,6.2,0.0,0.0,1.9,2.8,december,2024-25,15.5,9.6,69.4,9.3,43.8,1.3,1.79,20.9,4.1,0.0,7.6,8.9,12.2,3.2,14.9,8.7,6.8,,20.0,,16.4,65.7,28.9,71.1,28.9,0.0,26.7,6-10,250.0,82
1631099,Keegan Murray,SAC,12,33.6,10.3,6.6,0.9,4.0,9.8,1.5,5.0,0.8,0.8,december,2024-25,13.3,3.6,51.1,6.4,43.6,1.3,1.76,22.0,0.4,0.0,1.8,4.2,18.5,10.8,5.4,,30.8,,4.2,14.2,4.2,59.3,16.7,83.3,16.7,51.02040816326531,33.6,6-8,225.0,80
1642264,Stephon Castle,SAS,13,22.9,10.3,2.2,3.2,3.6,9.6,0.7,3.3,2.4,3.3,december,2024-25,22.9,21.2,46.6,6.1,46.8,3.3,4.21,19.5,1.0,0.2,1.0,8.4,22.1,28.3,,,20.5,3.7,3.2,2.3,4.0,65.0,57.4,42.6,57.4,34.375,22.9,6-6,215.0,78
203501,Tim Hardaway Jr.,DET,10,26.5,10.3,2.5,1.2,3.6,7.8,1.9,5.1,1.2,1.4,december,2024-25,14.2,5.8,61.2,6.1,26.4,0.8,1.78,15.9,0.3,0.0,0.3,2.2,21.3,5.7,3.2,,32.4,12.1,2.8,15.8,,66.7,11.1,88.9,11.1,65.38461538461539,26.5,6-5,205.0,77
1626168,Trey Lyles,SAC,5,21.4,10.2,4.6,0.4,3.2,7.2,2.0,4.8,1.8,2.2,december,2024-25,15.4,2.4,62.4,9.4,33.4,0.8,1.37,18.6,0.4,0.0,2.8,,,,,,,,,,,84.6,6.3,93.8,6.3,66.66666666666666,21.4,6-9,234.0,81
1628989,Kevin Huerter,CHI,11,23.8,10.2,3.5,1.9,3.7,8.0,2.0,5.5,0.7,0.9,december,2024-25,15.8,10.6,60.6,8.9,36.5,1.3,2.07,20.8,0.2,0.0,1.0,,22.8,11.3,,,36.6,6.3,8.2,4.0,3.3,72.0,14.6,85.4,14.6,68.75,23.8,6-7,198.0,79
1630553,Keon Johnson,BKN,12,26.6,10.1,3.6,1.6,3.8,10.7,1.6,6.0,0.8,1.1,december,2024-25,20.1,10.1,45.2,4.5,39.8,1.9,2.87,23.1,0.3,0.0,1.4,,,,,,,,,,,63.9,39.1,60.9,39.1,56.07476635514019,26.6,6-5,185.0,77
1641783,Tristan da Silva,ORL,13,26.5,10.1,3.5,1.6,3.8,8.5,1.3,4.1,1.1,1.4,december,2024-25,17.2,9.5,55.5,7.2,34.7,1.6,2.8,21.8,1.3,0.3,1.8,,20.8,11.5,6.1,,32.9,4.2,9.3,4.2,4.2,54.5,30.0,70.0,30.0,48.23529411764705,26.5,6-8,217.0,80
1628449,Chris Boucher,TOR,10,17.2,10.0,3.6,0.9,3.3,7.8,1.2,3.9,2.2,2.5,december,2024-25,22.0,8.1,56.2,9.6,23.1,0.7,1.8,15.1,0.7,0.2,3.2,,,,,,,,,,,66.7,12.1,87.9,12.1,50.0,17.2,6-9,200.0,81
1628960,Grayson Allen,PHX,8,25.5,10.0,4.3,3.0,3.0,7.0,2.0,4.6,2.0,2.1,december,2024-25,14.3,16.0,63.0,10.0,42.3,1.6,2.26,25.1,0.5,0.0,1.0,2.8,17.5,24.2,4.0,,33.8,5.4,,7.0,,65.2,0.0,100.0,0.0,65.71428571428571,25.5,6-4,198.0,76
1642266,Ja'Kobe Walter,TOR,12,22.0,10.0,2.1,1.5,3.6,8.8,1.3,4.1,1.6,2.1,december,2024-25,20.3,11.1,51.3,5.0,30.6,1.2,2.34,21.3,0.6,0.1,1.4,,22.4,,,,48.5,,12.8,,,70.5,27.9,72.1,27.9,46.59090909090908,22.0,6-5,180.0,77
1631108,Max Christie,DAL,13,28.8,10.0,3.2,1.6,3.0,7.0,1.5,3.8,2.5,2.9,december,2024-25,13.5,8.2,60.3,6.8,33.0,1.4,2.46,18.7,0.9,0.0,1.8,5.7,24.2,13.7,4.7,,33.9,4.0,2.6,5.7,,54.4,20.5,79.5,20.5,54.285714285714285,28.8,6-5,190.0,77
1642377,Jaylen Wells,MEM,14,24.5,9.9,3.1,1.4,3.5,8.4,1.6,4.8,1.4,1.6,december,2024-25,16.1,7.0,54.9,5.5,25.5,1.0,2.47,18.1,0.5,0.0,1.6,3.0,21.5,12.7,,,39.8,3.8,4.8,4.2,3.2,65.5,18.4,81.6,18.4,57.14285714285714,24.5,6-8,,80
1627824,Guerschon Yabusele,PHI,12,24.0,9.9,4.8,1.8,3.6,6.8,1.1,3.4,1.7,2.3,december,2024-25,16.6,11.1,63.8,9.8,33.8,1.0,1.73,21.6,1.2,1.0,2.5,,,,,,,,,,,68.1,20.9,79.1,20.9,50.0,24.0,6-8,265.0,80
1631218,Trayce Jackson-Davis,GSW,12,21.7,9.8,7.1,2.2,4.1,6.7,0.0,0.0,1.7,2.3,december,2024-25,15.4,17.1,63.9,14.6,41.9,1.1,1.51,29.0,2.3,0.9,6.6,,16.8,,11.2,,,,33.6,,23.2,61.1,26.5,73.5,26.5,0.0,21.7,6-9,245.0,81
1629638,Nickeil Alexander-Walker,MIN,13,21.7,9.5,2.6,2.4,3.6,7.4,1.8,4.4,0.5,0.7,december,2024-25,17.6,16.3,62.0,9.0,40.8,2.5,3.61,18.5,0.5,0.0,0.5,2.9,27.3,18.8,2.9,,22.7,7.1,2.9,9.1,1.3,58.2,14.9,85.1,14.9,59.45945945945946,21.7,6-5,205.0,77
1631124,Julian Strawther,DEN,14,20.2,9.4,2.0,1.4,3.5,7.2,1.2,3.6,1.2,1.3,december,2024-25,17.1,8.6,60.6,6.9,25.4,1.0,2.32,15.9,0.6,0.0,0.7,,17.9,14.3,,,31.3,15.2,,,,62.1,24.5,75.5,24.5,50.0,20.2,6-6,205.0,78
203995,Vasilije Micic,PHX,12,25.2,9.4,2.2,4.9,3.3,9.3,1.8,4.5,1.0,1.2,december,2024-25,21.4,31.6,48.2,6.9,62.5,5.1,4.94,23.3,0.2,0.0,0.6,,,,,,,,,,,70.4,57.5,42.5,57.5,48.387096774193544,25.2,6-3,188.0,75
1642258,Zaccharie Risacher,ATL,12,22.5,9.4,3.0,0.9,3.6,9.3,1.1,3.7,1.2,1.7,december,2024-25,19.9,5.3,46.8,3.9,28.6,0.9,1.89,19.5,1.5,0.0,3.3,,35.0,4.0,,,29.9,6.7,8.9,5.9,5.4,65.2,20.9,79.1,20.9,39.784946236559136,22.5,6-8,200.0,80
1628379,Luke Kennard,MEM,10,19.6,9.4,2.8,2.5,2.9,6.4,2.3,4.7,1.3,1.4,december,2024-25,14.8,16.4,67.0,10.5,34.2,1.5,2.62,20.5,0.5,0.0,1.1,,24.5,9.1,,,32.0,7.9,5.8,11.6,,76.9,13.8,86.2,13.8,73.4375,19.6,6-5,206.0,77
203484,Kentavious Caldwell-Pope,MEM,13,32.6,9.4,1.8,2.0,3.2,8.2,1.5,5.2,1.6,1.8,december,2024-25,13.3,9.0,51.9,6.2,43.5,1.6,2.26,24.2,0.3,0.0,0.2,3.1,24.1,18.1,,,33.7,5.9,,6.5,,67.9,26.8,73.2,26.8,63.41463414634148,32.6,6-5,204.0,77
1641722,Jordan Hawkins,NOP,6,20.0,9.3,1.3,0.7,3.0,9.2,1.8,6.0,1.5,1.8,december,2024-25,20.7,5.1,46.8,5.7,24.7,0.8,1.87,16.8,0.0,0.0,0.0,,14.0,12.3,,,34.6,16.2,,8.9,,39.1,16.7,83.3,16.7,65.21739130434783,20.0,6-5,190.0,77
203084,Harrison Barnes,SAS,14,25.4,9.3,2.6,1.2,3.1,7.3,1.3,3.5,1.7,2.1,december,2024-25,14.4,6.6,56.4,5.9,30.0,1.0,2.09,18.3,1.1,0.8,1.6,8.0,18.8,3.3,5.0,2.5,43.8,4.8,,4.8,,63.2,29.5,70.5,29.5,47.945205479452056,25.4,6-8,225.0,80
1642267,Bub Carrington,WAS,12,32.8,9.3,4.9,3.1,3.7,9.3,1.7,5.2,0.3,0.3,december,2024-25,13.8,13.0,49.4,4.7,61.1,3.4,3.39,25.7,0.3,0.0,0.8,4.8,20.0,33.6,,,21.0,8.2,,2.1,,70.7,36.4,63.6,36.4,55.91397849462365,32.8,6-4,190.0,76
1630548,Johnny Juzang,UTA,12,18.3,9.3,2.6,1.0,3.3,6.8,2.3,4.8,0.5,0.8,december,2024-25,17.7,8.6,64.6,8.5,24.7,1.0,2.38,13.8,0.3,0.0,0.5,,,,,,,,,,,59.5,20.5,79.5,20.5,70.58823529411765,18.3,6-5,226.0,77
1627884,Derrick Jones Jr.,LAC,10,23.2,9.1,2.8,0.9,3.8,7.7,0.8,2.9,0.7,0.8,december,2024-25,16.4,6.3,56.5,8.5,28.4,1.0,2.19,13.1,0.6,0.0,1.9,,18.3,,,,46.0,,13.5,,7.9,70.8,23.7,76.3,23.7,37.662337662337656,23.2,6-6,210.0,78
1627777,Georges Niang,ATL,13,21.6,9.1,4.5,1.9,3.4,6.2,1.8,3.6,0.5,0.7,december,2024-25,14.2,11.5,70.3,9.9,30.8,0.8,1.57,15.0,1.5,0.1,1.5,,,,,,,,,,,55.6,6.8,93.2,6.8,58.06451612903226,21.6,6-7,230.0,79
1630534,Ochai Agbaji,TOR,13,27.9,9.1,3.1,1.5,3.8,8.8,1.2,4.1,0.2,0.5,december,2024-25,14.2,7.5,50.6,5.0,33.2,0.9,1.57,21.7,1.1,0.3,3.5,,33.5,,,,29.2,,13.5,,10.3,53.4,12.0,88.0,12.0,46.59090909090908,27.9,6-5,215.0,77
1629652,Luguentz Dort,OKC,12,29.8,8.9,4.6,1.5,3.2,8.7,2.3,6.1,0.3,0.5,december,2024-25,13.0,6.2,50.2,5.0,27.7,1.1,2.3,16.0,0.3,0.0,1.7,,15.0,,5.5,,61.5,,4.0,,,76.9,15.8,84.2,15.8,70.11494252873564,29.8,6-4,220.0,76
203935,Marcus Smart,WAS,8,22.0,8.9,2.0,3.5,2.9,7.9,1.6,4.6,1.5,1.9,december,2024-25,18.5,18.4,51.0,6.4,37.5,1.8,2.94,19.9,0.4,0.3,0.8,4.2,18.4,15.1,5.0,,38.3,,,,,53.3,26.1,73.9,26.1,58.22784810126581,22.0,6-3,220.0,75
1630540,Miles McBride,NYK,14,23.4,8.8,2.6,3.6,2.9,7.6,1.9,4.4,1.1,1.4,december,2024-25,16.4,19.7,53.6,7.6,35.6,2.1,3.59,18.1,0.6,0.1,1.6,4.7,19.5,14.5,,,38.1,11.5,,3.0,,64.1,34.1,65.9,34.1,57.89473684210527,23.4,6-1,195.0,73
1630643,Jay Huff,MEM,10,15.1,8.7,3.1,0.7,3.1,6.5,1.6,4.4,0.9,1.0,december,2024-25,20.2,7.4,62.7,9.1,20.4,0.5,1.45,13.3,0.3,0.0,1.8,,15.1,,22.8,4.4,35.2,,6.8,5.6,5.0,58.7,9.7,90.3,9.7,67.6923076923077,15.1,7-1,240.0,85
1630183,Jaden McDaniels,MIN,13,28.5,8.7,5.8,1.2,3.6,8.6,1.1,3.3,0.4,0.5,december,2024-25,14.8,6.1,49.1,7.3,38.8,1.1,1.76,20.0,0.5,0.0,1.9,2.3,27.6,10.3,,,36.8,5.2,5.0,3.2,3.9,52.2,31.9,68.1,31.9,38.372093023255815,28.5,6-9,185.0,81
1630230,Naji Marshall,DAL,6,20.4,8.7,3.0,1.5,3.3,7.2,0.8,2.0,1.2,1.3,december,2024-25,18.8,13.2,55.9,10.0,30.7,1.8,3.46,12.8,0.8,0.0,1.0,5.6,31.6,10.9,3.9,,29.1,,6.0,2.4,2.4,75.0,60.0,40.0,60.0,27.77777777777778,20.4,6-6,220.0,78
1630590,Scotty Pippen Jr.,MEM,14,18.8,8.6,2.7,4.1,3.4,7.8,1.0,3.1,0.9,1.7,december,2024-25,21.9,29.1,50.6,8.1,45.3,2.5,3.37,20.1,0.6,0.0,0.9,,,,,,,,,,,55.6,36.2,63.8,36.2,39.743589743589745,18.8,6-1,170.0,73
1641709,Ausar Thompson,DET,8,18.4,8.6,5.0,1.1,3.9,7.1,0.1,0.9,0.8,1.4,december,2024-25,19.1,9.8,55.8,9.3,28.6,1.2,2.46,15.6,0.5,0.1,2.9,7.7,23.0,10.0,5.6,,16.0,,15.3,2.3,10.0,57.1,32.3,67.7,32.3,12.676056338028168,18.4,6-6,205.0,78
1630171,Isaac Okoro,CLE,5,22.0,8.6,2.0,1.8,2.8,5.0,2.0,3.2,1.0,1.0,december,2024-25,11.6,9.7,79.0,7.4,21.0,0.7,1.96,14.6,0.6,0.2,1.0,,25.9,,,,41.6,,10.8,,5.2,66.7,14.3,85.7,14.3,64.0,22.0,6-5,225.0,77
1630573,Sam Hauser,BOS,10,21.5,8.6,2.7,1.2,3.1,6.4,2.3,5.4,0.1,0.1,december,2024-25,12.8,7.6,66.7,8.7,24.0,0.6,1.44,14.4,0.3,0.0,0.8,,20.5,4.3,8.2,,34.1,9.4,,14.2,3.7,66.7,12.9,87.1,12.9,84.375,21.5,6-7,217.0,79
1641710,Anthony Black,ORL,12,23.5,8.6,2.8,2.5,3.2,7.4,0.4,1.9,1.8,2.4,december,2024-25,18.5,17.5,50.6,6.4,47.4,3.8,4.82,20.0,0.3,0.0,0.8,4.4,27.4,21.8,,,25.5,4.7,3.6,1.9,2.7,79.5,55.3,44.7,55.3,25.675675675675674,23.5,6-7,200.0,79
1630592,Jalen Wilson,BKN,12,29.3,8.6,3.0,2.1,2.8,8.8,1.5,5.1,1.6,1.9,december,2024-25,15.5,11.3,44.7,4.1,40.4,1.7,2.56,26.6,0.1,0.0,1.0,,14.7,8.0,,,52.0,,,,,64.5,27.3,72.7,27.3,57.954545454545446,29.3,6-6,220.0,78
1641726,Dereck Lively II,DAL,9,26.9,8.6,8.9,2.8,3.6,5.2,0.0,0.0,1.4,2.4,december,2024-25,12.6,14.0,67.9,10.4,42.7,1.1,1.59,28.4,4.7,0.2,9.4,,,,,,,,,,,56.3,25.0,75.0,25.0,0.0,26.9,7-1,230.0,85
1630188,Jalen Smith,CHI,11,17.1,8.5,6.1,0.7,3.1,6.2,0.9,3.0,1.5,1.6,december,2024-25,17.4,6.2,61.9,13.2,26.8,0.7,1.48,16.0,1.5,0.2,3.1,,21.0,,17.4,,29.0,,9.8,,10.1,58.1,20.6,79.4,20.6,48.387096774193544,17.1,6-9,215.0,81
1627741,Buddy Hield,GSW,13,22.1,8.5,3.2,0.7,3.2,8.9,1.9,6.3,0.2,0.2,december,2024-25,18.9,4.7,47.5,5.2,35.5,1.0,1.73,20.4,0.3,0.0,0.7,,23.1,4.8,,,34.0,5.4,5.4,12.2,3.7,65.1,16.7,83.3,16.7,70.78651685393258,22.1,6-4,220.0,76
1641739,Toumani Camara,POR,11,30.4,8.5,6.8,1.4,3.2,7.2,1.3,4.3,0.8,0.9,december,2024-25,12.1,6.1,55.8,6.6,39.1,1.3,1.92,20.5,0.5,0.1,2.7,6.3,20.3,4.4,5.4,,40.5,2.6,9.1,,4.7,69.8,25.7,74.3,25.7,59.72222222222222,30.4,6-7,229.0,79
1630625,Dalano Banton,POR,7,17.4,8.4,2.0,3.3,3.1,8.0,0.7,3.1,1.4,2.1,december,2024-25,25.2,26.4,47.1,7.3,40.7,2.4,3.61,18.9,0.3,0.1,1.3,,,,,,,,,,,70.0,77.3,22.7,77.3,38.75,17.4,6-8,203.0,80
203994,Jusuf Nurkić,CHA,7,24.7,8.4,8.6,3.1,3.3,6.1,0.4,1.3,1.4,1.9,december,2024-25,16.5,16.8,60.6,9.6,47.6,1.2,1.58,25.9,3.9,0.4,6.6,,6.9,,22.4,10.4,11.8,,17.3,,13.6,69.4,13.0,87.0,13.0,21.311475409836067,24.7,7-0,290.0,84
1630598,Aaron Wiggins,OKC,13,18.3,8.4,2.3,1.0,3.2,7.1,1.2,3.6,0.8,0.8,december,2024-25,19.1,7.3,56.3,9.4,23.8,0.8,2.12,13.2,0.2,0.0,1.1,6.3,22.9,8.6,,,44.9,,3.3,4.0,,64.6,26.2,73.8,26.2,50.70422535211267,18.3,6-5,190.0,77
1631170,Jaime Jaquez Jr.,MIA,13,21.7,8.4,3.8,1.8,3.0,7.4,0.4,2.3,2.0,2.5,december,2024-25,19.8,14.1,49.5,7.7,33.5,1.9,3.46,15.2,0.5,0.5,2.2,14.8,29.4,5.3,,5.7,26.6,,5.8,,4.0,46.2,35.9,64.1,35.9,31.081081081081074,21.7,6-6,225.0,78
1641764,Brandin Podziemski,GSW,12,24.1,8.3,4.3,2.8,3.3,7.3,1.4,3.3,0.4,0.6,december,2024-25,14.0,17.5,55.5,10.8,46.1,2.6,3.4,23.2,0.8,0.1,1.2,6.1,17.2,25.1,2.4,,30.7,4.2,3.4,3.6,,55.1,28.2,71.8,28.2,45.20547945205479,24.1,6-4,205.0,76
1627827,Dorian Finney-Smith,LAL,6,27.4,8.3,4.8,1.0,2.8,6.8,2.0,4.5,0.7,1.0,december,2024-25,11.8,5.1,57.3,7.3,37.3,1.1,1.75,22.0,1.2,0.0,1.7,,,,,,,,,,,43.3,17.6,82.4,17.6,66.17647058823529,27.4,6-7,220.0,79
1630208,Nick Richards,PHX,11,19.0,8.3,7.0,1.0,2.7,5.2,0.0,0.0,2.8,4.3,december,2024-25,19.8,9.3,58.6,10.8,24.6,0.8,1.91,18.4,2.7,0.6,5.6,,,,,,,,,,,55.1,26.7,73.3,26.7,0.0,19.0,7-0,245.0,84
1629634,Brandon Clarke,MEM,12,19.7,8.3,5.8,1.3,3.8,5.8,0.0,0.0,0.6,1.0,december,2024-25,13.6,8.4,65.8,10.3,26.1,0.6,1.41,15.3,1.9,0.1,4.9,,,,,,,,,,,57.1,26.1,73.9,26.1,0.0,19.7,6-8,215.0,80
201144,Mike Conley,MIN,13,24.4,8.2,2.5,4.2,2.8,7.3,1.9,5.2,0.8,0.8,december,2024-25,15.2,25.6,53.8,9.2,49.2,3.4,4.15,22.9,0.2,0.0,0.1,,14.8,21.2,,,33.3,13.8,,5.8,,53.1,27.8,72.2,27.8,71.23287671232877,24.4,6-0,175.0,72
1630231,KJ Martin,UTA,9,24.7,8.2,3.7,0.6,3.6,5.9,0.6,1.6,0.6,0.7,december,2024-25,12.0,3.1,66.5,6.6,31.3,0.8,1.45,16.3,0.8,0.0,3.1,,,,,,,,,,,69.6,12.5,87.5,12.5,27.11864406779661,24.7,6-6,215.0,78
1628998,Cody Martin,PHX,10,27.7,8.2,4.3,2.0,3.4,7.8,0.9,3.9,0.5,0.5,december,2024-25,14.7,10.6,51.1,6.3,40.5,1.8,2.61,21.6,1.0,0.0,2.1,,,,,,,,,,,69.8,20.6,79.4,20.6,50.0,27.7,6-6,205.0,78
1630541,Moses Moody,GSW,7,15.8,8.1,1.3,0.6,2.7,6.6,1.3,4.0,1.4,1.9,december,2024-25,19.6,5.6,55.1,7.8,19.3,0.8,2.38,13.6,0.7,0.0,0.7,4.9,19.0,5.4,,,40.4,5.2,3.7,13.1,3.2,60.0,15.8,84.2,15.8,60.60606060606061,15.8,6-5,211.0,77
1630696,Dru Smith,MIA,9,24.0,8.1,2.6,2.0,2.8,5.3,1.6,2.8,1.0,1.3,december,2024-25,13.2,12.4,68.5,7.2,37.1,2.1,3.43,18.0,0.4,0.0,1.4,10.0,26.9,9.0,,,37.3,,3.6,,6.5,47.8,32.0,68.0,32.0,52.83018867924528,24.0,6-2,203.0,74
1628997,Caleb Martin,DAL,9,26.3,7.9,3.4,1.3,2.9,6.3,1.4,2.9,0.7,1.3,december,2024-25,12.7,7.2,57.0,6.1,33.2,1.7,3.11,15.9,0.3,0.1,1.6,,32.5,7.9,,,35.7,,,,,63.6,30.8,69.2,30.8,46.03174603174603,26.3,6-5,205.0,77
101108,Chris Paul,SAS,14,29.4,7.9,5.2,8.4,2.5,6.9,1.4,4.3,1.4,1.5,december,2024-25,12.9,36.5,52.3,11.2,65.4,5.2,4.74,25.1,0.3,0.1,0.7,,,43.8,,,15.6,,,,,54.9,71.4,28.6,71.4,62.31884057971014,29.4,6-0,175.0,72
202692,Alec Burks,MIA,6,17.9,7.8,1.8,0.5,2.2,5.0,1.7,3.7,1.8,2.3,december,2024-25,16.0,4.1,65.0,9.0,25.2,1.1,2.59,13.0,0.0,0.0,0.3,,,,,,,,,,,57.1,23.1,76.9,23.1,74.0,17.9,6-5,214.0,77
203991,Clint Capela,ATL,12,24.0,7.8,9.8,1.3,3.6,6.5,0.0,0.0,0.7,1.3,december,2024-25,13.5,7.0,55.3,11.0,28.1,0.6,1.21,16.9,2.2,0.2,9.3,,,,22.1,,,,24.4,,36.6,56.0,20.9,79.1,20.9,0.0,24.0,6-10,256.0,82
203110,Draymond Green,GSW,9,28.4,7.8,6.4,4.9,2.9,7.8,1.2,3.8,0.8,1.3,december,2024-25,16.2,24.9,46.5,7.6,60.8,1.9,1.88,32.9,2.3,0.8,2.3,,9.4,5.1,10.2,,39.8,,10.2,,2.7,53.1,23.1,76.9,23.1,48.717948717948715,28.4,6-6,230.0,78
1629312,Haywood Highsmith,MIA,13,25.7,7.8,3.7,1.2,2.8,5.7,1.8,3.6,0.3,0.5,december,2024-25,12.1,6.5,65.9,6.3,29.1,0.8,1.66,16.7,0.5,0.0,1.8,,,,,,,,,,,54.3,5.4,94.6,5.4,63.1578947368421,25.7,6-5,220.0,77
1641729,Brice Sensabaugh,UTA,12,17.7,7.8,2.8,2.2,2.8,6.1,1.3,3.8,0.9,1.0,december,2024-25,19.0,18.1,59.4,7.9,23.9,1.1,2.71,13.9,0.2,0.0,0.4,2.8,22.0,10.7,2.6,,28.1,9.4,4.1,12.4,3.5,71.4,30.3,69.7,30.3,62.295081967213115,17.7,6-5,235.0,77
1630215,Jared Butler,PHI,8,15.5,7.8,1.5,2.8,3.4,7.5,0.8,2.4,0.3,0.3,december,2024-25,23.0,27.5,50.9,7.8,34.9,2.6,4.41,16.1,0.4,0.0,0.6,,,,,,,,,,,61.1,66.7,33.3,66.7,32.0,15.5,6-3,193.0,75
201143,Al Horford,BOS,11,27.6,7.7,5.6,2.1,2.8,8.1,1.7,6.0,0.4,0.5,december,2024-25,14.0,9.5,46.4,6.4,38.6,0.8,1.29,22.6,0.9,1.2,2.2,,15.0,,12.2,8.9,40.0,,7.8,5.6,,60.9,6.5,93.5,6.5,74.07407407407408,27.6,6-9,240.0,81
1631212,Peyton Watson,DEN,14,21.9,7.7,3.1,1.6,2.8,5.2,0.6,1.6,1.6,2.0,december,2024-25,12.8,9.2,63.3,7.3,29.4,1.3,2.62,13.3,0.9,0.1,2.4,6.7,19.0,13.2,3.1,,24.9,5.2,16.2,2.3,3.2,53.3,20.5,79.5,20.5,30.76923076923077,21.9,6-7,200.0,79
1641842,Ronald Holland II,DET,10,15.7,7.7,2.6,0.9,3.2,5.3,0.6,1.4,0.7,1.0,december,2024-25,17.2,8.3,67.1,9.9,22.0,0.8,2.28,11.1,0.3,0.0,0.6,3.8,25.0,6.9,,,39.3,3.0,5.5,,5.8,66.7,34.4,65.6,34.4,26.41509433962264,15.7,6-8,206.0,80
1641716,Jarace Walker,IND,14,18.4,7.6,3.3,1.4,2.7,5.6,1.1,3.0,1.0,1.4,december,2024-25,16.5,10.1,61.1,8.1,28.9,1.0,2.04,17.8,0.4,0.0,1.0,6.4,19.1,12.4,2.1,,38.0,7.1,3.2,3.4,2.4,71.9,26.3,73.7,26.3,53.57142857142857,18.4,6-7,235.0,79
1631213,Tyrese Martin,BKN,9,19.4,7.6,4.2,1.6,2.8,6.8,1.2,4.2,0.8,0.9,december,2024-25,17.8,14.1,52.7,10.6,33.6,1.2,2.17,18.2,0.3,0.1,1.3,,15.1,20.7,,,37.1,10.0,4.0,,,66.7,36.0,64.0,36.0,61.76470588235294,19.4,6-6,215.0,78
1629610,DaQuan Jeffries,CHA,8,19.0,7.5,2.9,0.6,3.0,5.6,1.1,2.5,0.4,0.5,december,2024-25,15.1,5.4,64.2,8.6,20.9,0.6,1.77,13.0,0.6,0.0,1.4,,,,,,,,,,,57.9,12.5,87.5,12.5,44.642857142857146,19.0,6-5,222.0,77
1630182,Josh Green,CHA,12,32.1,7.4,3.0,1.4,2.6,6.8,1.3,4.0,0.9,1.6,december,2024-25,11.6,6.3,49.8,2.3,30.7,0.9,1.84,19.7,0.8,0.0,1.3,,28.0,,,,61.3,,,,,60.5,29.0,71.0,29.0,58.82352941176471,32.1,6-5,200.0,77
1631222,Jake LaRavia,SAC,13,19.5,7.4,4.0,2.2,2.5,5.5,1.0,2.0,1.3,1.8,december,2024-25,16.2,15.3,58.9,7.4,36.8,1.5,2.47,18.2,0.9,0.1,2.1,2.5,21.2,,4.5,,42.4,2.5,8.0,,8.0,61.9,15.2,84.8,15.2,36.36363636363637,19.5,6-7,235.0,79
1630241,Sam Merrill,CLE,13,18.8,7.4,2.0,1.8,2.4,6.3,1.8,5.5,0.8,0.8,december,2024-25,16.0,13.1,55.6,6.8,23.8,0.6,1.57,15.8,0.2,0.0,0.7,,17.3,6.0,10.2,,36.8,10.5,3.8,4.5,,58.1,0.0,100.0,0.0,87.3015873015873,18.8,6-4,205.0,76
203482,Kelly Olynyk,NOP,10,15.9,7.3,4.5,2.3,2.4,5.7,1.0,2.2,1.5,1.8,december,2024-25,20.6,21.5,56.2,9.2,40.2,1.5,2.24,21.9,0.9,0.6,2.3,,,,,,,,,,,57.4,25.0,75.0,25.0,38.59649122807018,15.9,6-11,240.0,83
1627739,Kris Dunn,LAC,12,25.7,7.3,2.9,2.8,3.0,7.1,1.2,3.8,0.1,0.2,december,2024-25,14.2,15.2,50.7,7.2,49.3,2.9,3.48,15.8,0.4,0.0,1.2,3.9,19.3,9.6,5.5,,38.6,,9.6,,3.2,73.1,41.7,58.3,41.7,53.52112676056338,25.7,6-3,205.0,75
1642349,Ajay Mitchell,OKC,13,16.3,7.2,2.7,1.8,2.8,5.1,0.8,1.7,0.9,1.1,december,2024-25,15.9,14.3,65.1,9.3,28.8,1.9,4.03,13.7,0.2,0.0,0.9,8.9,14.8,36.7,,,22.1,4.8,4.1,,,53.8,47.2,52.8,47.2,33.333333333333336,16.3,6-5,190.0,77
1631260,AJ Green,MIL,12,24.0,7.1,2.7,2.0,2.4,6.1,2.0,5.2,0.3,0.3,december,2024-25,12.6,11.1,57.2,5.4,31.7,1.1,2.04,17.8,0.3,0.0,0.8,,13.4,9.1,4.0,,42.1,12.8,,9.1,,59.1,17.2,82.8,17.2,85.24590163934427,24.0,6-4,190.0,76
1630198,Isaiah Joe,OKC,13,17.3,7.1,2.2,1.2,2.5,6.5,1.6,5.0,0.4,0.5,december,2024-25,16.8,8.5,52.2,7.4,22.0,0.8,2.08,15.5,0.5,0.0,0.5,,21.2,,9.4,,39.9,9.4,4.3,6.8,,71.0,12.1,87.9,12.1,76.92307692307693,17.3,6-3,165.0,75
1641717,Cason Wallace,OKC,12,28.5,7.0,3.6,2.9,2.7,6.5,1.2,3.5,0.5,0.7,december,2024-25,11.2,12.0,51.5,6.3,34.7,1.4,2.49,18.2,0.5,0.0,1.8,4.2,22.6,13.5,,,41.3,4.2,4.5,,3.5,65.4,25.0,75.0,25.0,53.84615384615385,28.5,6-3,195.0,75
1642261,Dalton Knecht,LAL,13,21.1,6.8,3.8,0.9,2.7,6.6,0.5,3.5,0.9,1.4,december,2024-25,16.1,6.3,47.4,5.7,28.5,1.0,2.12,15.6,0.6,0.0,1.2,6.0,19.6,9.5,,,34.5,7.1,,10.7,,71.8,17.1,82.9,17.1,53.03030303030303,21.1,6-6,215.0,78
1630243,Trevelin Queen,ORL,6,20.4,6.8,1.3,1.7,2.5,4.7,1.2,2.5,0.7,0.7,december,2024-25,13.7,11.9,68.9,7.5,23.0,1.1,2.92,14.5,0.3,0.0,0.7,,,,,,,,,,,66.7,20.0,80.0,20.0,53.191489361702125,20.4,6-5,190.0,77
1629622,Max Strus,CLE,5,22.0,6.8,3.6,2.0,2.4,6.4,1.8,5.4,0.2,0.2,december,2024-25,13.6,11.0,52.4,4.6,36.0,0.9,1.56,17.8,0.6,0.0,0.6,,,,,,,,,,,66.7,8.3,91.7,8.3,84.375,22.0,6-5,215.0,77
1628976,Wendell Carter Jr.,ORL,13,24.3,6.8,6.6,2.1,2.4,5.2,0.3,1.5,1.7,2.5,december,2024-25,12.6,13.0,53.3,10.2,32.3,0.9,1.68,21.2,3.4,1.1,4.5,,10.9,,19.2,3.2,26.2,,17.1,,12.7,68.3,22.6,77.4,22.6,28.846153846153843,24.3,6-10,270.0,82
1629216,Gabe Vincent,LAL,12,22.5,6.7,1.9,1.6,2.4,5.6,1.7,3.8,0.2,0.2,december,2024-25,12.3,9.6,58.9,4.8,34.2,2.1,3.61,13.8,0.3,0.0,0.6,,14.9,14.9,,,38.6,,,13.2,,75.7,17.2,82.8,17.2,67.85714285714286,22.5,6-2,200.0,74
1629731,Dean Wade,CLE,11,23.0,6.6,6.5,1.5,2.2,5.4,1.6,4.6,0.6,1.1,december,2024-25,10.6,8.0,56.8,10.0,32.0,0.7,1.39,16.8,0.3,0.0,1.8,,28.1,,5.0,,46.7,,12.1,,,50.0,4.2,95.8,4.2,85.18518518518518,23.0,6-9,228.0,81
1641824,Matas Buzelis,CHI,11,16.6,6.6,3.4,1.2,2.4,6.5,1.1,3.0,0.8,1.0,december,2024-25,17.1,9.4,47.5,7.5,20.5,0.6,1.72,11.5,0.2,0.0,1.3,4.1,27.9,19.6,1.6,,29.8,2.6,6.5,,3.6,47.7,3.8,96.2,3.8,46.15384615384615,16.6,6-10,209.0,82
1642346,Ryan Dunn,PHX,10,20.0,6.5,3.4,1.0,2.5,5.5,0.9,3.2,0.6,0.8,december,2024-25,13.2,7.0,55.5,7.4,21.6,0.6,1.67,13.3,0.4,0.0,1.5,,24.6,5.5,5.5,,35.5,,10.9,,12.5,39.3,12.0,88.0,12.0,58.18181818181819,20.0,6-8,216.0,80
1630549,Day'Ron Sharpe,BKN,11,15.1,6.5,5.4,0.8,2.5,6.0,0.2,1.2,1.4,1.5,december,2024-25,20.6,8.6,48.3,10.5,26.7,0.7,1.62,18.9,1.8,0.8,5.8,3.7,7.6,,15.0,6.6,7.6,,19.6,,22.6,48.5,44.4,55.6,44.4,20.0,15.1,6-9,265.0,81
1627936,Alex Caruso,OKC,7,20.3,6.4,2.9,3.0,2.4,5.9,1.3,3.7,0.3,0.3,december,2024-25,14.3,19.4,53.7,11.5,35.3,1.4,2.42,18.6,0.9,0.0,1.4,,19.9,8.2,7.0,,45.6,,,,,50.0,17.6,82.4,17.6,62.71186440677966,20.3,6-5,186.0,77
1627732,Ben Simmons,LAC,10,25.3,6.4,4.4,7.3,2.6,5.1,0.0,0.0,1.2,1.5,december,2024-25,15.1,42.9,55.6,11.4,68.5,5.2,4.55,22.9,0.8,0.9,1.8,,,,,,,,,,,53.1,53.8,46.2,53.8,0.0,25.3,6-10,240.0,82
1631323,Simone Fontecchio,DET,10,16.3,6.2,2.1,1.0,2.0,4.6,1.0,2.8,1.2,1.3,december,2024-25,15.1,7.8,59.9,6.6,23.6,0.6,1.56,13.4,0.6,0.1,1.3,,26.5,,,,43.5,,4.3,10.5,5.2,86.7,20.0,80.0,20.0,60.86956521739131,16.3,6-7,209.0,79
1630558,Davion Mitchell,MIA,10,23.1,5.9,1.7,3.8,2.1,4.9,1.1,2.7,0.6,0.9,december,2024-25,12.0,22.1,55.7,4.5,45.9,3.2,4.21,19.0,0.2,0.0,0.6,28.6,19.3,8.1,,,35.6,,,,,48.4,28.6,71.4,28.6,55.10204081632652,23.1,6-0,202.0,72
1628366,Lonzo Ball,CHI,9,19.1,5.9,3.4,3.6,1.8,5.7,1.4,4.7,0.9,1.1,december,2024-25,14.8,23.7,47.8,8.3,41.3,1.9,2.73,19.0,0.2,0.0,0.3,,19.3,16.5,,,36.3,6.1,,,,55.0,18.8,81.3,18.8,82.45614035087719,19.1,6-6,190.0,78
1631157,Ryan Rollins,MIL,8,15.1,5.9,2.4,1.1,2.3,4.8,0.9,2.1,0.5,0.6,december,2024-25,17.3,11.1,58.5,9.2,30.5,2.4,4.73,10.9,0.0,0.0,0.0,7.3,19.3,39.6,,,18.2,5.3,,,1.8,41.2,38.9,61.1,38.9,43.75000000000001,15.1,6-3,180.0,75
1628420,Monte Morris,PHX,13,16.0,5.8,1.9,2.3,2.1,5.4,0.4,2.2,1.2,1.5,december,2024-25,16.9,19.7,47.6,8.1,34.0,2.4,4.2,13.8,0.2,0.0,0.5,,,,,,,,,,,50.0,40.7,59.3,40.7,40.74074074074075,16.0,6-2,183.0,74
1627752,Taurean Prince,MIL,12,21.4,5.6,3.0,1.4,2.1,5.8,1.1,3.5,0.3,0.6,december,2024-25,14.7,9.4,46.5,4.3,24.4,0.8,2.06,15.3,0.1,0.0,0.2,,27.3,,,,54.5,,,,,66.7,4.0,96.0,4.0,60.3448275862069,21.4,6-6,218.0,78
1631165,Keon Ellis,SAC,12,16.3,5.5,2.6,1.1,1.8,3.9,1.1,2.8,0.9,0.9,december,2024-25,12.7,8.2,63.7,8.3,20.4,0.7,2.05,11.3,0.2,0.0,0.5,,25.6,10.1,,,43.7,,,,,55.9,28.6,71.4,28.6,71.7948717948718,16.3,6-4,175.0,76
1642347,Jamal Shead,TOR,9,17.7,5.4,1.8,3.6,2.2,4.7,1.0,2.6,0.0,0.0,december,2024-25,14.1,32.0,58.3,8.6,38.6,2.9,4.47,15.1,0.2,0.0,0.7,8.2,13.8,29.5,,,33.0,2.9,2.7,,,58.3,55.0,45.0,55.0,55.319148936170215,17.7,6-1,200.0,73
1642273,Kyshawn George,WAS,7,23.0,5.4,4.0,1.4,1.9,5.9,1.1,4.3,0.6,0.9,december,2024-25,13.2,8.9,43.5,4.0,35.9,1.4,2.35,16.0,0.3,0.1,0.6,6.1,21.1,29.6,,3.4,17.9,7.5,,3.2,2.7,52.6,30.8,69.2,30.8,72.88135593220339,23.0,6-8,200.0,80
1642367,Jonathan Mogbo,TOR,13,19.3,5.4,4.9,2.1,2.2,5.3,0.2,0.9,0.7,1.0,december,2024-25,14.6,14.9,46.8,7.6,31.2,1.1,2.09,17.3,1.2,0.2,3.3,,,,,,,,,,,60.0,27.6,72.4,27.6,16.9811320754717,19.3,6-9,225.0,81
1627780,Gary Payton II,GSW,9,15.3,5.3,4.0,1.4,2.3,4.6,0.2,1.7,0.4,0.8,december,2024-25,14.7,14.1,54.4,9.1,22.0,0.5,1.41,13.4,0.8,0.1,2.9,,14.6,,9.3,,21.5,,29.8,,9.8,41.7,28.6,71.4,28.6,36.95652173913044,15.3,6-2,195.0,74
1629659,Talen Horton-Tucker,CHI,12,15.0,5.3,2.4,1.8,2.0,5.7,0.7,2.8,0.7,1.1,december,2024-25,18.3,15.3,43.4,5.7,26.2,1.4,3.16,13.5,0.0,0.2,0.4,,,,,,,,,,,63.2,41.7,58.3,41.7,49.122807017543856,15.0,6-4,234.0,76
1641767,Ben Sheppard,IND,7,18.0,5.1,3.0,0.6,2.0,4.9,1.1,3.4,0.0,0.0,december,2024-25,11.7,4.2,52.9,4.4,23.9,0.4,1.13,14.7,0.6,0.0,1.3,,27.3,10.0,,,38.2,5.0,6.4,,,66.7,0.0,100.0,0.0,69.3877551020408,18.0,6-6,190.0,78
1642275,Tidjane Salaün,CHA,10,18.9,5.1,5.1,1.3,1.8,5.6,1.0,3.1,0.5,0.7,december,2024-25,14.7,11.4,43.2,7.8,31.8,1.0,1.96,15.1,0.3,0.1,1.2,,20.7,,12.4,,43.2,,7.7,,,58.3,22.2,77.8,22.2,55.35714285714286,18.9,6-8,207.0,80
1629750,Javonte Green,CLE,11,15.8,5.0,2.8,0.4,2.0,3.6,0.5,1.2,0.5,1.2,december,2024-25,12.7,3.3,60.1,5.2,24.3,0.6,1.57,11.5,0.5,0.0,2.0,,23.5,,3.7,,41.2,,14.7,,4.8,60.9,22.7,77.3,22.7,33.33333333333333,15.8,6-5,205.0,77
1629006,Josh Okogie,CHA,10,15.5,5.0,2.8,0.4,2.0,4.7,0.5,2.0,0.5,0.8,december,2024-25,15.2,4.0,49.5,7.2,18.4,0.5,1.7,12.2,0.7,0.0,1.9,,24.9,,,,41.5,,11.1,,9.7,66.7,30.0,70.0,30.0,42.5531914893617,15.5,6-4,213.0,76
1630173,Precious Achiuwa,NYK,12,19.5,5.0,6.8,1.3,2.0,4.3,0.3,0.9,0.7,1.3,december,2024-25,12.3,8.6,52.1,9.5,24.3,0.8,1.92,13.0,0.8,0.3,4.0,,22.2,,13.5,,24.7,,12.0,,17.1,55.6,25.0,75.0,25.0,20.930232558139537,19.5,6-8,243.0,80
1641757,Jordan Miller,LAC,10,15.2,4.6,2.2,1.3,2.0,4.9,0.3,1.6,0.3,0.3,december,2024-25,15.6,12.6,45.7,5.6,24.2,1.2,3.1,11.7,0.4,0.0,1.1,11.8,17.8,11.8,,,26.6,7.7,8.3,,5.9,82.8,45.0,55.0,45.0,32.6530612244898,15.2,6-5,194.0,77
1630526,Jeremiah Robinson-Earl,NOP,9,15.6,4.4,3.7,1.2,1.8,4.4,0.6,2.3,0.3,0.4,december,2024-25,13.1,10.1,47.9,6.9,22.2,0.6,1.67,11.4,0.6,0.0,2.1,,20.2,,,,38.1,,,,20.2,56.0,25.0,75.0,25.0,52.27272727272726,15.6,6-8,240.0,80
1628436,Luke Kornet,BOS,13,16.2,4.4,6.1,1.3,1.7,3.1,0.0,0.0,1.0,1.6,december,2024-25,10.2,10.2,57.9,12.7,16.8,0.3,1.23,10.2,1.2,0.3,6.2,,6.6,,21.8,,,,35.0,,23.4,40.4,36.4,63.6,36.4,0.0,16.2,7-1,250.0,85
1630191,Isaiah Stewart,DET,6,19.3,4.3,4.2,1.3,1.8,3.5,0.3,0.7,0.3,0.3,december,2024-25,9.0,9.3,59.4,5.6,20.5,0.6,1.74,13.0,2.5,0.3,2.8,,10.3,,13.9,10.3,23.9,,19.2,,11.8,72.2,9.1,90.9,9.1,20.0,19.3,6-8,250.0,80
1630322,Lindy Waters III,DET,8,18.5,4.3,2.9,1.3,1.4,6.0,1.3,4.8,0.3,0.3,december,2024-25,15.0,10.0,34.8,2.9,27.3,1.0,2.17,13.8,0.0,0.0,0.4,,,,,,,,,,,80.0,27.3,72.7,27.3,80.0,18.5,6-6,210.0,78
1641796,Pelle Larsson,MIA,6,15.7,4.2,2.2,1.7,1.3,3.5,0.5,1.7,1.0,1.2,december,2024-25,13.4,15.6,51.9,4.9,19.2,0.6,2.02,9.3,0.5,0.0,1.2,5.6,30.7,,,,41.4,,8.8,,4.7,86.7,0.0,100.0,0.0,48.57142857142857,15.7,6-5,215.0,77
203083,Andre Drummond,PHI,7,16.7,4.1,7.7,0.3,1.7,4.1,0.0,0.4,0.7,1.0,december,2024-25,14.9,2.3,45.2,8.8,20.0,0.5,1.45,10.4,0.9,0.4,3.9,,5.2,,7.9,,17.0,,16.6,,38.9,60.0,41.7,58.3,41.7,9.756097560975611,16.7,6-11,279.0,83
1641748,Andre Jackson Jr.,MIL,12,17.7,4.1,2.6,1.5,1.6,3.8,0.7,1.8,0.3,0.4,december,2024-25,11.2,11.4,50.8,3.9,21.9,0.6,1.58,12.8,0.9,0.0,2.7,,,,,,,,,,,66.7,21.1,78.9,21.1,47.36842105263158,17.7,6-6,209.0,78
1629723,John Konchar,MEM,9,15.9,4.0,5.1,1.7,1.6,3.4,0.8,2.2,0.1,0.1,december,2024-25,9.2,13.6,57.3,11.2,32.6,1.0,1.8,15.0,0.4,0.0,1.8,,34.2,,,,42.5,,,,,67.9,21.4,78.6,21.4,64.70588235294117,15.9,6-5,210.0,77
203486,Mason Plumlee,PHX,13,18.6,3.9,6.9,2.1,1.4,2.2,0.0,0.1,1.2,1.8,december,2024-25,8.4,14.8,66.9,10.8,29.9,0.8,1.66,14.3,2.0,0.0,4.4,,,,,,,,,,,63.3,16.7,83.3,16.7,4.545454545454546,18.6,6-10,254.0,82
1631207,Dalen Terry,CHI,9,15.3,3.9,1.8,1.1,1.6,3.2,0.4,1.4,0.3,0.8,december,2024-25,11.8,10.2,54.6,2.9,22.1,0.8,2.11,12.0,0.1,0.0,0.3,,30.9,13.4,,,35.1,,,,,55.0,21.4,78.6,21.4,43.74999999999999,15.3,6-7,195.0,79
1626172,Kevon Looney,GSW,11,17.1,3.8,5.8,2.1,1.8,3.5,0.0,0.0,0.2,0.7,december,2024-25,10.3,17.2,50.6,9.1,30.2,0.7,1.39,19.9,2.0,0.2,4.2,,,,19.3,,,,,,31.6,40.0,30.0,70.0,30.0,0.0,17.1,6-9,222.0,81
1629629,Cam Reddish,LAL,12,18.5,3.3,1.7,1.1,1.3,3.3,0.2,1.8,0.6,0.9,december,2024-25,9.5,7.6,43.5,3.8,14.6,0.5,2.02,7.9,0.2,0.0,1.1,,,,,,,,,,,54.8,33.3,66.7,33.3,54.545454545454554,18.5,6-7,217.0,79
1630200,Tre Jones,CHI,8,15.5,3.3,1.8,4.3,1.3,2.0,0.1,0.5,0.6,0.6,december,2024-25,8.3,34.3,71.4,11.4,29.6,2.4,4.77,8.5,0.8,0.0,0.8,4.8,22.7,32.0,,,22.7,4.5,3.0,,,41.7,30.0,70.0,30.0,25.0,15.5,6-1,185.0,73
1626153,Delon Wright,NYK,6,17.7,3.2,2.5,2.3,1.0,3.8,0.7,2.2,0.5,0.7,december,2024-25,12.8,16.3,38.4,5.5,34.8,2.4,4.16,14.2,0.3,0.0,1.0,,,,,,,,,,,28.6,0.0,100.0,0.0,57.89473684210527,17.7,6-5,185.0,77
1630249,Vít Krejčí,ATL,10,16.8,3.1,2.6,2.6,1.1,3.8,0.4,2.5,0.5,0.6,december,2024-25,12.8,21.5,38.1,5.0,31.0,1.5,2.88,14.4,0.2,0.0,0.9,,19.7,8.4,5.3,,33.4,12.5,,12.2,,50.0,36.4,63.6,36.4,65.78947368421053,16.8,6-8,195.0,80
1642268,Isaiah Collier,UTA,11,17.3,3.1,2.7,3.6,1.3,3.8,0.3,1.4,0.3,0.5,december,2024-25,15.7,28.4,38.1,4.0,41.9,3.6,5.16,13.6,0.1,0.1,0.0,12.5,27.8,26.4,,,17.4,3.3,3.5,,,66.7,71.4,28.6,71.4,36.84210526315789,17.3,6-3,210.0,75
1630695,Micah Potter,UTA,7,16.8,3.0,3.9,1.3,1.1,2.7,0.7,2.3,0.0,0.0,december,2024-25,7.6,8.6,55.3,6.7,19.0,0.5,1.58,9.3,0.4,0.0,0.9,,,,,,,,,,,40.0,12.5,87.5,12.5,85.18518518518518,16.8,6-9,248.0,81
1642345,Oso Ighodaro,PHX,12,15.5,3.0,3.2,1.0,1.4,2.6,0.0,0.0,0.2,0.7,december,2024-25,9.1,9.2,52.1,6.3,23.0,0.6,1.55,12.0,2.2,0.0,2.8,8.5,12.7,4.2,18.2,,,,29.7,,7.6,64.9,11.8,88.2,11.8,0.0,15.5,7-0,235.0,84
1628467,Maxi Kleber,LAL,10,21.1,2.6,3.6,1.1,0.8,2.7,0.3,1.4,0.7,0.8,december,2024-25,7.3,6.9,42.6,4.3,23.8,0.5,1.38,12.6,0.3,0.0,1.1,,,,,,,,,,,53.7,0.0,100.0,0.0,51.85185185185185,21.1,6-10,240.0,82
201587,Nicolas Batum,LAC,12,19.4,2.6,3.1,1.9,0.8,1.9,0.8,1.8,0.3,0.4,december,2024-25,6.5,12.4,61.5,5.3,27.8,0.6,1.32,12.0,0.9,0.0,0.8,,14.2,,,,68.9,,,,,50.0,0.0,100.0,0.0,94.73684210526316,19.4,6-8,230.0,80
1628983,Shai Gilgeous-Alexander,OKC,13,34.5,35.6,4.5,5.8,12.2,23.1,1.6,4.6,9.5,10.0,january,2024-25,36.5,27.6,64.8,21.2,71.6,6.7,5.59,24.8,0.7,1.2,1.2,26.3,14.1,37.3,,4.7,6.2,2.1,3.3,1.6,,63.6,72.3,27.7,72.3,19.91341991341991,34.5,6-6,195.0,78
203507,Giannis Antetokounmpo,MIL,15,34.6,30.5,13.2,5.7,12.6,21.0,0.0,0.7,5.3,9.9,january,2024-25,35.2,27.3,60.0,19.0,77.7,4.8,3.74,36.9,5.3,4.4,7.2,10.9,26.0,7.7,6.4,20.2,6.1,,7.9,,8.9,63.8,50.3,49.7,50.3,3.3333333333333335,34.6,6-11,243.0,83
1630162,Anthony Edwards,MIN,16,37.9,30.3,5.8,5.8,9.6,20.9,4.3,9.8,6.9,8.1,january,2024-25,32.2,24.6,61.8,14.5,79.3,6.2,4.71,40.6,0.4,0.4,0.9,23.4,15.7,23.5,,4.9,12.9,7.3,2.0,4.8,1.2,64.2,54.9,45.1,54.9,46.88995215311005,37.9,6-4,225.0,76
1630178,Tyrese Maxey,PHI,16,39.0,29.9,3.3,7.1,10.6,22.5,3.4,9.8,5.4,5.9,january,2024-25,31.2,30.8,59.6,14.2,95.8,7.9,4.95,42.0,0.1,0.1,0.4,14.5,21.9,26.2,1.3,1.4,14.3,6.7,3.0,5.4,,61.5,63.9,36.1,63.9,43.55555555555556,39.0,6-2,200.0,74
203897,Zach LaVine,SAC,14,35.6,27.9,5.3,4.9,10.2,19.2,3.1,6.9,4.4,5.7,january,2024-25,28.2,21.0,64.3,14.6,61.2,4.6,4.49,29.2,0.6,1.1,1.4,9.3,23.5,19.5,4.0,,22.7,6.3,3.4,8.5,,76.7,53.8,46.2,53.8,35.93750000000001,35.6,6-5,200.0,77
1630595,Cade Cunningham,DET,16,35.1,27.6,5.8,8.4,10.6,22.4,2.1,5.9,4.3,4.9,january,2024-25,34.4,40.3,56.3,15.8,90.0,8.4,5.57,32.8,0.6,1.2,1.1,11.5,17.5,38.7,,3.5,8.5,8.4,1.6,4.4,1.3,60.8,77.6,22.4,77.6,26.339285714285715,35.1,6-6,220.0,78
1628973,Jalen Brunson,NYK,14,35.8,27.4,2.7,7.2,9.8,19.3,2.1,5.2,5.7,7.1,january,2024-25,28.7,31.4,61.1,14.4,89.6,9.0,6.01,34.4,0.3,0.6,0.9,14.4,14.3,36.0,,3.3,16.4,5.6,1.9,2.5,,67.7,67.9,32.1,67.9,26.94300518134715,35.8,6-2,190.0,74
1626164,Devin Booker,PHX,15,37.9,27.3,4.7,7.3,9.7,20.3,2.9,8.2,5.1,5.9,january,2024-25,29.7,30.3,59.6,14.0,77.9,5.2,3.99,50.3,0.7,0.2,1.6,14.0,15.7,33.1,1.8,3.8,9.5,7.5,1.6,7.5,1.7,60.5,44.1,55.9,44.1,40.39408866995073,37.9,6-6,206.0,78
203999,Nikola Jokić,DEN,14,34.8,27.0,12.8,11.4,10.4,17.7,1.6,3.6,4.7,5.5,january,2024-25,26.6,44.0,67.0,21.4,93.0,3.7,2.37,51.3,9.6,7.6,12.0,5.3,10.1,9.7,13.0,22.8,9.0,,7.3,5.3,9.3,62.5,28.3,71.7,28.3,20.33898305084746,34.8,6-11,284.0,83
201142,Kevin Durant,PHX,15,35.9,26.1,5.8,4.7,9.8,17.9,2.4,5.9,4.1,5.1,january,2024-25,27.3,20.8,64.9,15.3,63.5,3.2,3.04,43.5,1.8,2.6,0.9,20.8,13.5,18.4,1.7,7.3,15.2,7.5,2.3,7.5,1.1,56.5,42.2,57.8,42.2,32.960893854748605,35.9,6-11,240.0,83
1630224,Jalen Green,HOU,15,33.9,25.7,4.2,3.2,9.1,19.4,3.7,8.7,3.8,4.3,january,2024-25,28.7,15.0,60.3,13.1,66.7,5.5,4.97,25.9,0.1,0.0,0.5,,,,,,,,,,,70.0,63.2,36.8,63.2,44.84536082474227,33.9,6-4,186.0,76
203081,Damian Lillard,MIL,15,36.6,25.4,4.7,6.7,7.9,17.1,3.4,8.3,6.1,6.6,january,2024-25,26.3,26.2,63.6,14.7,83.3,6.9,4.98,27.4,0.1,0.0,0.3,,,,,,,,,,,60.0,60.5,39.5,60.5,48.538011695906434,36.6,6-2,195.0,74
1630530,Trey Murphy III,NOP,13,37.3,25.1,6.0,3.8,8.3,17.3,3.4,9.2,5.1,5.8,january,2024-25,23.6,15.7,63.2,12.7,60.2,2.5,2.46,36.8,0.3,0.0,1.7,6.6,20.1,16.5,2.1,,23.4,9.4,8.3,7.1,3.2,59.8,26.9,73.1,26.9,53.179190751445084,37.3,6-8,206.0,80
1629636,Darius Garland,CLE,14,31.1,24.8,2.4,7.0,8.9,17.3,3.0,7.2,3.9,4.6,january,2024-25,28.8,32.3,64.1,13.8,65.8,5.4,4.92,24.4,0.5,0.0,0.9,6.7,16.2,41.8,,,17.1,5.4,3.1,2.9,,67.9,54.4,45.6,54.4,41.61849710982659,31.1,6-1,192.0,73
203076,Anthony Davis,DAL,11,33.0,24.7,12.7,2.8,9.6,18.2,0.5,2.4,4.9,5.9,january,2024-25,30.9,14.5,59.5,18.8,71.5,2.9,2.44,44.4,4.9,3.6,7.5,11.5,10.3,5.8,19.3,12.5,9.8,,8.8,,14.5,50.7,40.6,59.4,40.6,13.186813186813188,33.0,6-10,253.0,82
1628378,Donovan Mitchell,CLE,14,30.8,24.6,3.6,4.8,8.5,19.4,3.2,9.0,4.4,5.0,january,2024-25,30.2,22.8,56.8,13.1,60.1,4.7,4.65,25.4,0.2,0.1,0.9,11.4,22.8,34.1,1.5,,11.4,6.9,1.9,3.8,1.6,62.1,57.1,42.9,57.1,46.391752577319586,30.8,6-3,215.0,75
2544,LeBron James,LAL,14,33.8,24.6,7.0,9.1,9.7,17.9,2.1,5.1,3.0,3.9,january,2024-25,30.2,44.6,62.6,18.2,85.1,5.5,3.91,44.1,1.7,3.3,2.5,12.8,24.5,12.5,3.1,12.1,12.6,,5.7,7.5,1.9,66.7,61.0,39.0,61.0,28.49162011173184,33.8,6-9,250.0,81
1629627,Zion Williamson,NOP,7,26.3,24.4,8.3,4.7,10.0,17.3,0.0,0.7,4.4,7.1,january,2024-25,34.5,35.1,59.8,18.7,60.4,3.2,3.2,32.7,3.0,3.3,5.7,23.8,15.0,15.3,4.8,10.2,5.5,2.6,10.5,,8.6,52.2,48.6,51.4,48.6,4.0462427745664735,26.3,6-6,284.0,78
1626157,Karl-Anthony Towns,NYK,12,35.5,24.3,14.4,3.7,8.9,17.3,1.6,4.2,4.9,5.8,january,2024-25,25.7,14.4,61.3,17.2,63.3,2.2,2.06,38.2,2.5,3.9,5.4,10.0,15.2,1.6,13.8,11.1,19.9,1.9,5.9,2.3,12.6,64.5,34.6,65.4,34.6,24.277456647398843,35.5,7-0,248.0,84
1628991,Jaren Jackson Jr.,MEM,14,32.0,24.3,6.2,2.9,9.3,18.1,1.8,5.1,3.9,5.2,january,2024-25,27.9,13.7,59.4,13.4,54.7,2.7,2.94,31.6,0.6,3.1,1.2,11.1,15.3,2.1,9.7,19.8,26.4,1.5,3.4,,3.9,47.9,51.5,48.5,51.5,28.176795580110493,32.0,6-10,242.0,82
1629639,Tyler Herro,MIA,15,36.1,24.2,5.2,5.7,8.5,18.1,3.8,9.9,3.5,3.8,january,2024-25,26.4,26.1,61.3,13.4,75.0,5.1,4.12,36.1,0.3,0.0,0.5,13.3,27.7,13.9,,,32.4,,,5.8,,69.2,38.6,61.4,38.6,54.696132596685075,36.1,6-5,195.0,77
1629027,Trae Young,ATL,13,35.9,23.8,2.5,9.7,7.5,18.3,2.9,8.4,5.9,7.4,january,2024-25,28.8,42.7,55.1,11.3,92.6,8.3,5.39,30.8,0.5,0.1,0.5,12.0,20.4,39.3,,,8.4,10.5,,,,60.8,71.1,28.9,71.1,45.90163934426229,35.9,6-1,164.0,73
1626181,Norman Powell,LAC,14,33.0,23.7,4.1,1.7,8.3,16.0,2.8,6.9,4.4,5.4,january,2024-25,26.0,7.6,64.5,12.7,45.1,2.3,3.02,27.8,0.7,0.0,1.1,10.9,24.6,11.3,,,32.5,3.8,1.5,10.9,,70.4,31.9,68.1,31.9,43.125,33.0,6-4,215.0,76
1628369,Jayson Tatum,BOS,16,36.4,23.6,7.7,5.6,8.3,19.5,2.9,9.4,4.2,5.2,january,2024-25,29.0,25.4,54.2,14.1,78.4,4.9,3.74,43.3,1.5,1.4,1.1,,,,,,,,,,,60.0,58.3,41.7,58.3,48.205128205128204,36.4,6-8,210.0,80
201942,DeMar DeRozan,SAC,14,37.4,23.5,3.6,2.9,8.8,18.4,1.4,3.9,4.6,5.2,january,2024-25,23.7,11.1,56.9,10.1,55.2,3.9,4.19,33.9,0.7,2.9,0.8,19.9,10.0,17.6,1.7,12.0,19.1,6.1,3.9,4.6,1.7,63.2,52.8,47.2,52.8,21.195652173913047,37.4,6-6,220.0,78
1630163,LaMelo Ball,CHA,9,32.2,23.4,5.1,7.0,8.0,20.0,3.2,10.4,4.2,5.6,january,2024-25,31.3,34.4,52.2,11.9,80.4,6.3,4.67,30.4,0.1,0.0,1.1,12.2,12.8,39.4,1.6,,19.4,6.5,,1.7,2.0,75.0,61.1,38.9,61.1,52.0,32.2,6-7,180.0,79
202681,Kyrie Irving,DAL,10,37.1,23.3,5.1,4.4,8.5,18.8,2.2,6.8,4.1,4.6,january,2024-25,25.9,17.8,55.9,11.3,73.4,4.8,3.93,34.2,0.6,0.9,1.2,,,,,,,,,,,47.9,56.5,43.5,56.5,36.170212765957444,37.1,6-2,195.0,74
1628370,Malik Monk,SAC,13,35.6,22.5,3.6,7.8,8.2,17.5,2.3,7.5,3.7,4.2,january,2024-25,25.0,29.8,58.0,12.1,73.2,4.8,3.93,34.2,0.2,0.0,1.2,8.4,22.0,24.1,3.5,,25.5,6.7,,4.6,,56.4,41.1,58.9,41.1,42.857142857142854,35.6,6-3,200.0,75
203468,CJ McCollum,NOP,16,33.1,22.4,3.3,3.4,8.3,18.1,3.3,8.3,2.6,3.7,january,2024-25,26.4,16.6,56.8,9.8,57.5,3.3,3.47,30.1,0.4,0.0,0.4,8.8,18.2,31.4,,,17.8,9.7,,6.3,,60.0,39.1,60.9,39.1,45.85635359116022,33.1,6-3,190.0,75
1627783,Pascal Siakam,IND,12,31.4,22.4,7.8,3.7,9.3,16.4,1.3,3.6,2.7,4.0,january,2024-25,25.8,16.9,61.7,15.6,58.3,2.2,2.25,38.8,2.0,4.5,4.6,13.3,20.6,13.9,6.5,11.3,16.2,3.0,3.2,4.0,5.0,58.1,46.8,53.2,46.8,21.951219512195124,31.4,6-8,245.0,80
1641705,Victor Wembanyama,SAS,12,33.8,22.3,13.0,3.2,8.5,18.3,3.1,8.4,2.2,2.9,january,2024-25,28.3,14.3,57.0,14.8,56.8,2.2,2.34,37.8,4.5,2.3,5.2,14.5,16.8,6.7,8.2,11.7,13.5,2.6,8.6,7.5,6.1,52.3,19.6,80.4,19.6,45.90163934426229,33.8,7-3,235.0,87
201939,Stephen Curry,GSW,13,32.6,22.2,4.4,5.8,7.6,17.1,4.2,10.5,2.7,2.8,january,2024-25,26.4,28.0,60.5,13.0,70.5,4.7,3.96,31.4,0.6,0.0,1.0,10.1,13.8,21.1,,,11.6,12.0,7.0,18.0,1.3,68.0,37.4,62.6,37.4,61.403508771929815,32.6,6-2,185.0,74
1629012,Collin Sexton,UTA,13,30.7,21.5,3.5,4.8,7.5,15.8,2.1,5.2,4.5,5.2,january,2024-25,27.5,26.7,59.7,12.8,58.4,4.4,4.53,31.2,1.0,0.0,2.1,5.2,21.4,36.3,2.5,,20.6,4.3,2.5,,,52.2,49.5,50.5,49.5,32.91139240506329,30.7,6-3,190.0,75
1631114,Jalen Williams,OKC,13,33.9,21.5,4.7,5.1,7.8,16.9,1.5,4.5,4.3,5.6,january,2024-25,27.0,22.0,55.3,13.1,71.3,4.7,3.96,31.8,0.5,0.2,1.2,14.8,21.0,36.0,,,16.9,3.0,4.3,,,45.9,53.9,46.1,53.9,26.627218934911244,33.9,6-5,211.0,77
1628970,Miles Bridges,CHA,12,33.8,21.4,7.4,3.8,7.8,17.2,2.3,6.8,3.5,4.2,january,2024-25,25.9,17.8,56.4,13.1,63.0,3.3,3.13,32.9,0.3,0.5,2.0,9.0,16.5,14.9,7.4,4.9,29.8,7.2,3.2,,2.1,50.0,47.9,52.1,47.9,39.53488372093023,33.8,6-7,225.0,79
1627750,Jamal Murray,DEN,17,35.1,21.3,4.0,5.6,8.3,17.0,1.9,5.2,2.8,3.0,january,2024-25,24.1,21.8,58.1,11.0,63.6,5.1,4.79,28.1,0.7,0.7,1.2,14.6,13.0,35.4,,2.9,8.6,11.5,3.8,4.0,,66.7,66.7,33.3,66.7,30.58823529411765,35.1,6-4,215.0,76
1627759,Jaylen Brown,BOS,14,35.6,21.3,5.9,5.1,7.9,17.7,1.4,4.6,4.1,5.4,january,2024-25,26.8,22.8,52.9,10.6,55.8,3.6,3.89,31.4,1.9,3.0,2.6,20.6,20.4,22.2,1.8,4.7,13.0,4.1,1.1,7.4,1.8,61.8,48.6,51.4,48.6,25.98870056497175,35.6,6-6,223.0,78
1631094,Paolo Banchero,ORL,10,32.1,21.1,7.2,4.4,7.5,18.4,1.6,5.0,4.5,7.1,january,2024-25,33.8,28.2,49.0,12.1,73.5,5.3,4.36,36.9,2.2,2.4,2.0,14.7,19.8,19.4,5.2,9.3,15.4,2.6,4.7,3.6,2.6,55.1,58.7,41.3,58.7,27.173913043478265,32.1,6-10,250.0,82
1627734,Domantas Sabonis,SAC,14,38.0,21.1,16.6,7.6,8.3,12.9,1.5,2.5,3.0,4.1,january,2024-25,19.9,26.4,71.9,17.1,87.0,3.2,2.19,50.9,7.3,2.3,11.6,,9.0,,28.5,13.1,9.0,,14.9,,10.9,57.8,28.4,71.6,28.4,19.37984496124031,38.0,6-10,240.0,82
1629661,Cameron Johnson,BKN,5,30.6,21.0,2.4,1.8,7.8,15.4,3.2,8.6,2.2,2.2,january,2024-25,27.3,10.6,64.1,9.9,48.0,1.9,2.43,36.0,0.6,0.2,1.6,,25.0,8.2,,,26.5,15.3,6.7,4.9,,43.5,25.6,74.4,25.6,55.84415584415584,30.6,6-8,210.0,80
1630567,Scottie Barnes,TOR,15,35.6,20.9,8.3,5.9,8.2,17.6,1.1,4.0,3.5,4.4,january,2024-25,25.7,25.3,53.6,14.9,78.6,4.1,3.11,39.8,2.3,3.4,4.7,7.9,21.7,13.1,5.7,10.7,19.7,2.2,9.3,1.5,5.0,58.2,49.6,50.4,49.6,22.727272727272727,35.6,6-7,237.0,79
1630217,Desmond Bane,ORL,13,33.3,20.9,4.9,6.8,8.2,15.2,2.3,5.3,2.2,2.4,january,2024-25,22.9,27.3,64.6,14.2,74.6,4.9,3.94,28.3,0.2,0.0,1.2,7.0,19.3,25.5,,,17.4,7.4,4.1,9.1,3.8,61.5,66.4,33.6,66.4,34.86842105263158,33.3,6-5,215.0,77
1628368,De'Aaron Fox,SAS,11,36.8,20.8,4.9,5.9,7.4,17.8,1.9,6.2,4.2,4.5,january,2024-25,24.0,21.7,52.6,10.2,77.1,4.9,3.84,31.7,0.5,0.1,1.6,10.1,22.8,29.1,,,18.1,6.4,2.0,3.7,1.7,66.7,51.9,48.1,51.9,34.831460674157306,36.8,6-3,185.0,75
201935,James Harden,LAC,13,33.7,20.6,5.1,10.0,6.4,15.5,2.8,8.1,5.0,5.6,january,2024-25,27.1,40.8,57.2,14.1,80.4,7.4,5.49,27.5,0.4,0.3,0.3,42.5,13.1,25.0,,1.3,7.5,4.6,,,,68.6,77.1,22.9,77.1,52.25806451612903,33.7,6-5,220.0,77
202331,Paul George,PHI,10,32.8,20.5,5.8,4.6,7.7,16.4,3.4,7.6,1.7,1.8,january,2024-25,26.8,22.8,59.6,11.8,70.7,4.4,3.77,35.9,1.5,1.1,1.0,18.4,12.4,14.2,,5.5,22.9,3.2,,12.4,,64.9,48.1,51.9,48.1,46.34146341463415,32.8,6-8,220.0,80
1630169,Tyrese Haliburton,IND,11,31.0,20.3,3.5,8.6,7.2,13.7,3.2,7.2,2.7,3.3,january,2024-25,22.8,37.4,66.8,16.2,86.1,5.3,3.66,36.8,0.2,0.0,0.5,,,,,,,,,,,66.7,50.6,49.4,50.6,52.55474452554745,31.0,6-5,185.0,77
204001,Kristaps Porziņģis,BOS,13,29.2,20.2,7.7,2.4,6.7,13.2,3.0,6.2,3.8,4.6,january,2024-25,24.3,12.8,66.0,15.1,36.8,0.9,1.39,26.5,2.8,2.6,5.8,,14.6,,11.3,24.3,17.4,,7.7,10.5,6.1,44.6,19.5,80.5,19.5,46.96969696969697,29.2,7-2,240.0,86
1629014,Anfernee Simons,POR,15,33.7,19.8,2.9,4.5,7.0,15.7,3.8,8.5,2.0,2.2,january,2024-25,22.9,22.4,59.5,11.8,59.8,4.5,4.5,26.8,0.1,0.0,0.2,18.2,14.5,28.8,,,19.8,7.2,,4.9,,57.9,56.2,43.8,56.2,54.14012738853503,33.7,6-3,200.0,75
1630578,Alperen Sengun,HOU,14,31.4,19.6,9.4,4.8,7.9,16.1,0.3,1.3,3.4,5.6,january,2024-25,28.0,23.2,52.5,13.6,63.9,2.7,2.58,44.4,5.3,6.4,6.8,14.9,13.5,5.2,9.2,21.7,11.8,,9.1,,7.4,65.7,45.9,54.1,45.9,8.074534161490684,31.4,6-11,243.0,83
1629673,Jordan Poole,WAS,14,29.8,19.5,3.8,4.5,6.3,16.2,3.7,10.1,3.2,3.4,january,2024-25,28.3,27.0,55.0,9.8,65.7,4.3,3.9,31.3,0.4,0.0,0.4,7.9,19.9,30.6,,,14.3,12.9,,5.4,,67.3,46.6,53.4,46.6,62.34567901234568,29.8,6-4,194.0,76
1628374,Lauri Markkanen,UTA,9,31.5,19.4,5.3,1.3,7.0,17.8,3.2,10.9,2.2,2.9,january,2024-25,25.2,6.3,51.0,8.6,47.3,1.3,1.61,30.9,1.9,0.3,3.0,4.0,15.6,3.0,8.3,5.7,12.8,7.5,10.6,20.7,7.0,57.5,14.3,85.7,14.3,61.23595505617977,31.5,7-0,240.0,84
1629632,Coby White,CHI,11,31.8,19.4,2.8,4.6,6.9,14.0,3.1,7.4,2.5,2.8,january,2024-25,22.6,21.4,63.5,10.5,55.7,3.6,3.9,26.6,0.3,0.0,0.2,7.7,29.3,29.6,,,20.9,3.1,,2.6,,56.4,42.1,57.9,42.1,52.85714285714286,31.8,6-5,195.0,77
203952,Andrew Wiggins,MIA,14,31.9,19.3,5.2,2.4,6.6,15.2,2.3,6.6,3.7,4.7,january,2024-25,24.6,12.6,55.8,11.0,54.0,2.6,2.86,36.5,0.4,1.4,2.4,10.9,22.1,7.6,,6.8,32.5,2.0,3.8,2.5,7.8,64.5,45.2,54.8,45.2,43.42105263157895,31.9,6-7,197.0,79
1627749,Dejounte Murray,NOP,15,31.2,19.1,6.1,7.2,6.6,15.6,1.9,5.9,3.9,4.8,january,2024-25,27.0,35.6,53.8,13.7,78.3,6.4,4.9,28.7,0.2,0.0,0.6,,,,,,,,,,,65.5,61.6,38.4,61.6,37.820512820512825,31.2,6-4,180.0,76
1631109,Mark Williams,CHA,10,30.4,18.9,11.5,2.9,7.3,12.6,0.0,0.1,4.3,5.8,january,2024-25,22.1,15.8,62.4,15.9,45.3,1.1,1.48,35.6,5.3,0.5,14.1,,15.1,,19.3,5.0,,,27.6,,23.1,71.1,20.5,79.5,20.5,0.7936507936507938,30.4,7-0,240.0,84
1641708,Amen Thompson,HOU,12,38.6,18.7,10.6,4.3,6.9,12.4,0.3,1.2,4.6,6.3,january,2024-25,18.5,15.4,61.5,14.3,64.4,3.6,3.35,25.4,1.5,0.1,7.0,9.4,21.4,23.0,,,13.2,2.9,17.8,,5.9,65.4,48.2,51.8,48.2,9.67741935483871,38.6,6-7,200.0,79
1628969,Mikal Bridges,NYK,15,36.8,18.5,2.7,3.0,7.5,15.7,2.5,6.9,1.1,1.4,january,2024-25,20.5,11.5,56.9,8.0,52.4,1.9,2.22,39.0,1.3,1.5,3.7,2.3,25.3,9.1,3.4,2.3,36.2,6.3,5.0,4.8,2.7,52.4,24.1,75.9,24.1,43.94904458598727,36.8,6-6,209.0,78
202696,Nikola Vučević,CHI,16,32.1,18.4,11.1,3.8,7.7,15.2,1.2,4.4,1.8,2.3,january,2024-25,22.4,17.2,56.8,13.7,64.4,1.6,1.53,46.6,4.3,3.6,7.4,,12.5,,28.8,16.1,15.2,,10.0,3.6,7.6,60.0,19.5,80.5,19.5,28.947368421052634,32.1,6-10,260.0,82
1630166,Deni Avdija,POR,13,33.9,18.3,8.3,4.2,6.4,12.9,1.6,5.2,3.9,5.3,january,2024-25,22.7,18.6,60.0,13.9,69.0,3.5,3.09,30.2,1.1,0.5,2.8,14.0,18.1,26.9,,3.1,19.0,4.8,4.0,4.7,1.7,58.1,44.6,55.4,44.6,40.310077519379846,33.9,6-9,240.0,81
1629630,Ja Morant,MEM,8,30.3,18.1,3.6,6.5,6.6,15.6,1.3,4.8,3.6,5.0,january,2024-25,28.3,30.4,50.8,10.2,66.0,5.5,4.99,21.8,0.0,0.3,0.9,14.1,19.6,40.4,,,11.0,5.0,2.4,,,74.2,75.5,24.5,75.5,30.76923076923077,30.3,6-2,174.0,74
1630559,Austin Reaves,LAL,14,35.6,17.9,4.1,6.9,5.9,13.4,2.5,6.6,3.7,4.2,january,2024-25,21.4,26.8,58.9,11.4,84.1,5.4,3.83,38.6,0.5,0.0,0.7,13.5,15.8,35.6,,,14.0,5.6,,5.6,,70.8,43.9,56.1,43.9,49.25373134328358,35.6,6-5,197.0,77
1629628,RJ Barrett,TOR,13,31.5,17.9,6.4,4.5,7.3,14.5,1.6,4.5,1.7,4.0,january,2024-25,25.2,20.4,55.0,10.5,59.5,2.7,2.75,31.2,0.9,0.6,2.6,2.7,28.5,18.0,,2.4,23.8,6.6,7.3,3.4,3.4,55.8,34.7,65.3,34.7,31.03448275862069,31.5,6-6,214.0,78
1626162,Kelly Oubre Jr.,PHI,14,37.3,17.8,7.4,2.6,6.7,14.1,1.1,4.0,3.2,3.9,january,2024-25,20.2,10.2,56.0,9.5,63.0,2.9,2.78,31.9,0.7,0.0,2.7,12.1,22.1,7.6,,,29.8,,5.9,,6.6,72.4,43.6,56.4,43.6,28.368794326241137,37.3,6-8,203.0,80
1630596,Evan Mobley,CLE,11,29.6,17.5,10.1,2.8,6.8,11.9,1.0,3.3,2.8,4.1,january,2024-25,20.6,12.8,63.7,15.0,55.4,2.3,2.45,27.8,3.5,1.5,7.5,4.7,16.0,9.5,14.3,8.0,17.9,1.6,13.8,2.7,6.5,66.2,30.7,69.3,30.7,27.731092436974787,29.6,6-11,215.0,83
1626167,Myles Turner,IND,11,30.4,17.5,5.9,1.4,5.8,12.6,2.5,6.1,3.3,4.0,january,2024-25,21.8,5.9,60.6,10.7,39.6,0.9,1.35,30.4,2.5,1.7,6.4,,7.7,,17.7,7.3,42.3,,7.1,,6.0,55.7,4.7,95.3,4.7,48.41269841269841,30.4,6-11,250.0,83
1630170,Devin Vassell,SAS,12,33.2,17.4,4.6,3.5,6.5,15.2,2.8,7.3,1.7,2.5,january,2024-25,22.2,15.3,53.5,8.6,56.2,3.0,3.17,32.4,0.6,0.0,0.9,2.7,22.2,11.5,,,35.3,10.7,,11.8,,62.7,32.1,67.9,32.1,48.026315789473685,33.2,6-5,200.0,77
1641718,Keyonte George,UTA,10,31.4,17.4,3.8,5.7,5.4,13.9,2.4,7.5,4.2,5.1,january,2024-25,23.1,26.1,53.9,10.4,69.4,5.6,4.8,28.9,0.2,0.0,0.6,12.3,14.8,29.3,1.4,,13.8,9.7,4.5,5.8,,65.2,44.4,55.6,44.4,53.956834532374096,31.4,6-4,185.0,76
1629023,P.J. Washington,DAL,16,33.5,17.1,9.7,2.6,6.2,14.4,1.6,4.4,3.2,4.3,january,2024-25,22.7,11.4,52.7,10.6,62.8,2.7,2.62,23.4,0.9,1.4,3.4,4.1,20.9,6.3,5.4,6.1,29.9,4.1,8.2,,6.8,64.5,41.4,58.6,41.4,30.555555555555557,33.5,6-6,230.0,78
1631101,Shaedon Sharpe,POR,16,31.2,16.9,4.6,2.6,6.3,14.4,2.1,5.9,2.2,2.8,january,2024-25,24.4,12.4,54.1,8.7,48.2,2.8,3.46,26.2,0.7,0.0,1.6,12.3,19.5,31.7,,,16.7,5.1,4.8,2.1,2.8,58.3,50.5,49.5,50.5,40.97222222222222,31.2,6-5,208.0,77
1629631,De'Andre Hunter,CLE,12,29.2,16.8,3.1,1.8,5.3,13.7,2.2,7.5,4.0,4.8,january,2024-25,24.9,9.6,53.4,6.9,40.8,1.4,2.1,26.7,0.9,0.6,1.3,7.5,18.2,13.3,2.6,,29.0,9.5,6.2,6.0,2.6,62.5,20.3,79.7,20.3,54.74452554744526,29.2,6-8,221.0,80
1629008,Michael Porter Jr.,DEN,17,30.4,16.8,5.9,1.2,6.2,12.4,2.6,6.4,1.8,2.2,january,2024-25,19.5,5.1,63.2,10.0,36.5,1.2,1.98,22.8,0.9,0.1,3.3,6.9,13.2,5.7,2.7,2.5,21.5,16.9,8.5,13.1,4.9,61.3,19.8,80.2,19.8,51.61290322580645,30.4,6-10,218.0,82
203944,Julius Randle,MIN,16,31.8,16.7,7.6,4.6,6.1,13.4,0.9,4.1,3.5,4.4,january,2024-25,23.8,21.9,54.2,11.1,55.0,3.0,3.23,36.2,2.8,2.5,4.2,15.8,16.5,9.4,7.3,10.1,21.1,2.4,5.0,3.2,5.4,57.3,44.9,55.1,44.9,30.597014925373127,31.8,6-9,250.0,81
202695,Kawhi Leonard,LAC,10,24.2,16.6,4.3,2.4,6.8,13.8,1.6,4.5,1.4,1.7,january,2024-25,28.1,13.6,57.1,12.7,38.2,2.7,4.29,21.4,1.2,1.0,2.1,16.5,19.6,25.9,,6.0,12.2,3.4,3.0,7.2,2.8,48.3,51.5,48.5,51.5,32.608695652173914,24.2,6-7,225.0,79
1628384,OG Anunoby,NYK,15,37.5,16.6,4.1,2.3,6.2,12.5,2.0,5.3,2.2,2.9,january,2024-25,16.9,8.0,60.5,8.2,46.6,1.4,1.85,32.1,1.4,1.5,3.9,5.9,22.4,5.9,3.0,2.8,38.2,4.8,5.3,3.4,4.4,66.1,17.2,82.8,17.2,42.4,37.5,6-7,240.0,79
1630193,Immanuel Quickley,TOR,7,29.2,16.3,2.6,6.4,5.3,13.3,2.4,6.7,3.3,3.6,january,2024-25,24.5,31.3,54.8,10.9,62.3,5.2,5.01,23.3,0.4,0.0,0.9,6.1,28.1,20.9,,,25.4,6.4,1.9,4.1,1.4,66.7,48.6,51.4,48.6,50.37593984962406,29.2,6-2,190.0,74
1629675,Naz Reid,MIN,15,26.9,16.1,5.3,2.1,5.8,10.7,3.1,5.3,1.5,2.0,january,2024-25,20.1,12.4,69.9,13.5,44.9,1.3,1.78,24.5,0.9,0.9,1.5,3.8,17.2,4.8,9.1,8.1,30.7,4.7,3.6,8.4,4.3,55.7,24.1,75.9,24.1,49.532710280373834,26.9,6-9,264.0,81
1627826,Ivica Zubac,LAC,13,30.3,15.5,13.5,2.5,6.8,11.0,0.0,0.0,2.0,2.5,january,2024-25,18.6,11.3,64.1,16.4,49.8,1.5,1.75,28.5,5.5,4.2,9.4,,5.5,,18.4,28.3,,,20.1,,20.3,49.4,36.4,63.6,36.4,0.0,30.3,7-0,240.0,84
1628389,Bam Adebayo,MIA,15,31.6,15.4,9.9,4.2,6.0,12.3,0.5,2.0,2.9,3.8,january,2024-25,22.5,21.5,55.0,13.2,62.5,3.3,3.2,35.2,3.6,3.2,6.6,8.0,20.2,,9.1,11.3,30.1,,7.1,2.4,6.5,72.3,33.3,66.7,33.3,16.260162601626014,31.6,6-9,255.0,81
1627736,Malik Beasley,DET,16,27.3,15.3,2.7,1.6,5.3,12.5,3.4,8.9,1.4,2.1,january,2024-25,21.7,8.5,57.0,8.5,34.6,1.3,2.29,24.2,0.1,0.0,0.6,,,,,,,,,,,60.6,20.2,79.8,20.2,71.2,27.3,6-4,187.0,76
1628978,Donte DiVincenzo,MIN,8,30.4,15.3,4.9,4.3,5.0,11.6,3.5,8.4,1.8,2.1,january,2024-25,21.2,21.0,60.7,10.8,60.5,3.0,2.97,30.8,0.3,0.0,0.8,1.9,18.5,11.6,,,33.0,10.8,,14.6,3.0,61.5,32.5,67.5,32.5,72.41379310344827,30.4,6-4,203.0,76
1631097,Bennedict Mathurin,IND,10,29.0,15.0,4.8,2.0,6.1,12.3,1.8,5.3,1.0,1.4,january,2024-25,21.2,9.1,58.1,8.5,45.8,1.7,2.28,29.6,0.9,0.0,1.7,9.0,22.3,27.0,,,17.2,5.2,7.6,5.7,,66.7,21.3,78.7,21.3,43.08943089430894,29.0,6-5,210.0,77
203084,Harrison Barnes,SAS,12,29.3,15.0,4.3,2.9,5.3,9.8,1.8,4.6,2.7,3.3,january,2024-25,16.9,13.5,67.1,10.8,46.0,1.6,2.06,24.5,1.1,1.3,2.0,8.0,18.8,3.3,5.0,2.5,43.8,4.8,,4.8,,68.1,33.3,66.7,33.3,46.938775510204074,29.3,6-8,225.0,80
1642264,Stephon Castle,SAS,12,27.0,14.9,3.1,3.6,5.5,12.8,1.3,4.3,2.7,3.7,january,2024-25,25.0,18.6,51.9,7.4,52.4,3.1,3.53,27.0,0.7,0.3,2.7,8.4,22.1,28.3,,,20.5,3.7,3.2,2.3,4.0,60.0,43.9,56.1,43.9,33.59374999999999,27.0,6-6,215.0,78
1626156,D'Angelo Russell,BKN,10,24.8,14.9,3.3,7.4,4.4,10.9,2.1,5.9,4.0,4.2,january,2024-25,25.0,51.0,58.4,16.1,70.2,5.2,4.48,29.1,0.3,0.0,0.3,8.7,15.5,36.2,,,20.8,7.9,,,,65.9,47.7,52.3,47.7,54.12844036697248,24.8,6-3,193.0,75
203078,Bradley Beal,PHX,12,30.9,14.8,2.9,3.9,5.6,11.2,1.8,4.0,1.9,2.5,january,2024-25,19.4,18.1,60.5,8.8,61.0,3.7,3.64,28.6,1.0,0.0,1.6,,,21.3,,,24.6,,,,,65.2,29.9,70.1,29.9,35.714285714285715,30.9,6-4,207.0,76
201566,Russell Westbrook,DEN,17,30.0,14.6,6.1,6.2,5.6,10.7,1.2,3.4,2.1,3.1,january,2024-25,21.6,25.4,60.5,9.9,58.5,3.6,3.68,27.4,1.1,0.2,3.0,13.4,18.3,25.8,,5.1,26.7,,2.2,,2.8,64.7,39.6,60.4,39.6,31.775700934579444,30.0,6-4,200.0,76
1630703,Scoot Henderson,POR,16,28.3,14.6,3.4,5.3,4.7,9.7,2.0,4.6,3.2,4.0,january,2024-25,21.3,28.3,63.6,11.0,61.2,4.9,4.77,23.7,0.3,0.0,0.9,,,,,,,,,,,66.7,57.3,42.7,57.3,47.42268041237113,28.3,6-3,206.0,75
1631128,Christian Braun,DEN,17,29.9,14.5,4.4,1.8,5.8,9.6,1.1,2.6,1.8,1.9,january,2024-25,15.9,7.9,69.2,9.2,33.3,1.3,2.37,18.3,1.4,0.1,3.9,,33.3,,7.1,,20.6,7.8,11.3,,7.1,55.9,21.2,78.8,21.2,27.083333333333336,29.9,6-6,220.0,78
1641764,Brandin Podziemski,GSW,5,23.6,14.4,4.2,3.8,4.8,8.6,2.8,6.2,2.0,2.0,january,2024-25,18.5,24.7,75.9,16.8,57.0,3.0,3.15,30.2,0.6,0.0,1.0,6.1,17.2,25.1,2.4,,30.7,4.2,3.4,3.6,,73.3,25.0,75.0,25.0,72.09302325581396,23.6,6-4,205.0,76
1629660,Ty Jerome,CLE,13,21.9,14.4,2.8,3.3,5.3,9.4,1.8,3.8,2.0,2.3,january,2024-25,22.3,22.1,69.2,14.7,43.7,3.1,4.3,16.4,0.2,0.0,0.6,,,,,,,,,,,64.7,37.7,62.3,37.7,40.42553191489361,21.9,6-5,195.0,77
1628401,Derrick White,BOS,14,32.8,14.3,3.5,3.0,4.9,12.1,2.8,8.5,1.8,2.1,january,2024-25,19.3,12.6,54.6,8.0,69.6,4.7,4.03,26.8,0.6,0.0,1.2,4.7,10.8,35.1,1.6,,25.9,9.5,1.3,5.1,1.7,59.1,29.4,70.6,29.4,70.24793388429752,32.8,6-4,190.0,76
1641729,Brice Sensabaugh,UTA,11,21.5,14.3,2.7,1.3,5.3,11.2,2.6,6.8,1.1,1.1,january,2024-25,25.6,9.4,61.2,9.6,30.1,1.4,2.76,18.8,0.4,0.0,0.4,2.8,22.0,10.7,2.6,,28.1,9.4,4.1,12.4,3.5,72.0,34.5,65.5,34.5,60.71428571428572,21.5,6-5,235.0,77
1629655,Daniel Gafford,DAL,15,22.9,14.1,7.9,1.8,5.5,8.1,0.0,0.0,3.1,4.2,january,2024-25,20.1,12.0,70.9,16.2,38.1,1.1,1.78,24.3,3.0,1.1,9.1,,8.8,,19.9,11.0,,,20.4,,18.2,41.8,31.7,68.3,31.7,0.0,22.9,6-10,265.0,82
1630700,Dyson Daniels,ATL,14,33.7,14.0,5.9,4.1,6.1,12.8,0.9,3.4,0.8,1.4,january,2024-25,18.0,17.7,52.2,9.6,63.8,3.0,2.82,30.4,2.6,0.1,3.6,5.6,23.3,13.2,3.2,,18.5,5.8,15.9,,7.8,70.6,46.5,53.5,46.5,26.5625,33.7,6-7,199.0,79
1628386,Jarrett Allen,CLE,15,28.5,13.9,10.0,2.1,5.7,7.8,0.0,0.0,2.5,3.5,january,2024-25,15.3,9.6,74.1,14.2,37.2,0.9,1.51,24.8,4.6,0.5,9.6,,13.6,,20.9,7.8,4.1,,33.1,,9.2,55.0,21.2,78.8,21.2,0.0,28.5,6-9,243.0,81
1627832,Fred VanVleet,HOU,14,37.5,13.9,2.7,5.6,4.6,11.1,2.9,7.5,1.8,2.0,january,2024-25,14.7,19.6,57.6,8.6,81.1,5.7,4.19,33.1,0.4,0.0,0.1,,,,,,,,,,,66.7,50.0,50.0,50.0,67.56756756756756,37.5,6-0,197.0,72
1628398,Kyle Kuzma,MIL,17,27.8,13.8,6.1,2.9,5.3,12.9,1.2,4.5,1.9,3.5,january,2024-25,24.5,18.5,47.6,8.6,42.2,2.1,3.01,26.9,1.0,0.7,1.9,5.1,27.3,5.3,8.7,2.8,27.5,4.1,8.5,,4.9,59.3,38.9,61.1,38.9,34.883720930232556,27.8,6-9,221.0,81
1630175,Cole Anthony,MEM,13,27.7,13.5,4.1,3.8,5.3,12.4,1.5,4.5,1.5,2.0,january,2024-25,23.7,25.0,51.0,9.4,63.7,5.1,4.84,24.8,0.5,0.0,1.2,6.9,14.7,51.8,,,14.3,,,,,66.7,56.5,43.5,56.5,36.29032258064516,27.7,6-2,185.0,74
1630553,Keon Johnson,BKN,16,28.2,13.4,3.4,3.0,4.8,12.5,1.7,5.6,2.1,2.7,january,2024-25,22.8,18.2,49.1,7.2,50.4,3.2,3.83,23.8,0.4,0.1,0.8,,,,,,,,,,,65.3,36.4,63.6,36.4,44.8,28.2,6-5,185.0,77
1629028,Deandre Ayton,POR,11,29.6,13.4,10.4,1.7,6.4,10.9,0.0,0.5,0.6,1.2,january,2024-25,19.2,8.5,58.5,12.5,38.6,1.1,1.66,26.6,4.0,1.5,8.6,,9.8,,28.6,9.5,2.9,,26.3,,13.6,62.1,21.4,78.6,21.4,4.587155963302751,29.6,7-0,252.0,84
1628379,Luke Kennard,MEM,13,24.2,13.2,3.5,4.0,4.7,8.5,2.8,5.2,1.0,1.1,january,2024-25,16.7,20.4,73.4,13.0,43.8,2.0,2.78,24.8,0.2,0.0,1.0,,24.5,9.1,,,32.0,7.9,5.8,11.6,,50.0,26.2,73.8,26.2,61.1764705882353,24.2,6-5,206.0,77
1627751,Jakob Poeltl,TOR,15,30.1,13.2,9.1,3.2,6.3,9.5,0.0,0.0,0.7,1.3,january,2024-25,16.3,14.9,65.6,13.3,57.9,1.6,1.62,34.8,7.1,0.9,9.1,,13.0,,16.7,,,,40.7,,14.8,60.9,23.4,76.6,23.4,0.0,30.1,7-0,260.0,84
202691,Klay Thompson,DAL,14,26.9,13.1,3.3,2.2,4.6,10.8,3.2,7.4,0.7,0.8,january,2024-25,20.1,11.5,58.7,8.4,28.7,1.1,2.23,21.7,0.5,0.1,0.7,,19.2,7.1,,,25.9,12.2,2.8,26.3,,55.6,14.1,85.9,14.1,68.5185185185185,26.9,6-5,220.0,77
1642276,Kel'el Ware,MIA,16,24.7,13.0,6.9,0.9,5.2,9.2,1.3,2.9,1.3,1.8,january,2024-25,19.7,5.7,65.3,12.9,34.2,0.8,1.37,21.2,1.3,0.3,6.2,,16.8,,5.0,4.5,25.3,,18.5,,22.6,64.4,13.3,86.7,13.3,31.521739130434785,24.7,7-0,230.0,84
202699,Tobias Harris,DET,16,32.9,13.0,5.7,2.4,5.1,10.8,1.3,3.6,1.6,1.7,january,2024-25,16.1,9.7,56.6,9.5,45.7,2.0,2.69,27.0,0.4,2.5,1.6,4.2,17.9,6.8,,14.6,31.8,,6.3,3.0,6.3,64.0,40.7,59.3,40.7,33.33333333333333,32.9,6-8,226.0,80
1631107,Nikola Jović,MIA,16,29.7,12.9,4.4,4.3,4.6,10.3,2.1,5.8,1.6,1.8,january,2024-25,19.5,21.8,58.4,9.7,53.9,2.6,2.88,31.0,1.0,1.4,1.6,3.7,31.0,3.4,3.7,4.8,39.2,,4.8,,,64.3,25.7,74.3,25.7,56.310679611650485,29.7,6-10,205.0,82
1628404,Josh Hart,NYK,15,38.5,12.9,12.0,6.1,5.1,9.9,0.7,2.9,2.0,2.5,january,2024-25,14.3,19.9,58.7,12.0,73.4,3.6,2.9,30.8,1.7,0.1,4.5,,21.0,10.3,,,45.6,4.0,4.6,,,56.3,43.4,56.6,43.4,29.292929292929294,38.5,6-4,215.0,76
1630198,Isaiah Joe,OKC,12,22.1,12.8,2.4,1.3,4.6,8.8,3.3,6.8,0.3,0.3,january,2024-25,17.5,7.6,71.5,11.3,28.2,1.0,2.07,19.0,0.3,0.0,0.7,,21.2,,9.4,,39.9,9.4,4.3,6.8,,67.6,16.4,83.6,16.4,77.27272727272727,22.1,6-3,165.0,75
1630552,Jalen Johnson,ATL,5,30.8,12.8,8.6,2.6,5.2,12.2,0.2,2.2,2.2,3.0,january,2024-25,20.1,12.6,47.3,10.5,64.0,2.7,2.56,28.6,0.8,0.6,3.4,7.9,22.5,23.7,2.9,4.5,14.4,7.3,6.8,1.8,4.0,58.3,30.8,69.2,30.8,18.032786885245905,30.8,6-8,219.0,80
1642377,Jaylen Wells,MEM,14,29.1,12.8,3.3,1.8,4.2,9.4,2.4,5.5,2.0,2.2,january,2024-25,15.2,7.2,61.9,7.3,26.1,1.1,2.57,18.6,0.8,0.0,1.9,3.0,21.5,12.7,,,39.8,3.8,4.8,4.2,3.2,59.3,20.3,79.7,20.3,58.51063829787234,29.1,6-8,,80
1631099,Keegan Murray,SAC,12,34.6,12.8,6.5,1.4,5.1,10.7,2.3,6.2,0.3,0.5,january,2024-25,13.8,5.2,58.6,7.6,40.5,1.2,1.78,21.0,0.3,0.1,2.6,4.2,18.5,10.8,5.4,,30.8,,4.2,14.2,4.2,49.2,13.1,86.9,13.1,57.94392523364487,34.6,6-8,225.0,80
1629060,Rui Hachimura,LAL,12,27.8,12.8,4.7,1.3,5.3,9.5,1.5,3.8,0.8,1.3,january,2024-25,17.4,7.0,63.4,9.5,34.8,1.0,1.73,19.7,0.8,0.9,3.8,3.7,19.3,,3.1,9.5,40.5,,7.1,4.9,,65.3,11.1,88.9,11.1,40.0,27.8,6-8,230.0,80
1628415,Dillon Brooks,HOU,15,32.6,12.7,3.1,1.4,4.7,11.8,2.4,6.3,0.8,1.0,january,2024-25,16.8,5.8,51.7,4.4,32.7,1.2,2.28,21.7,0.6,1.2,1.2,9.3,14.6,19.9,1.5,9.9,31.8,2.8,1.7,2.8,2.4,62.9,28.2,71.8,28.2,53.38983050847457,32.6,6-6,225.0,78
1627824,Guerschon Yabusele,PHI,15,31.8,12.7,6.2,2.6,4.8,9.1,1.7,4.2,1.3,1.7,january,2024-25,15.4,12.0,64.2,9.2,52.3,1.5,1.71,34.1,3.2,1.3,4.6,,,,,,,,,,,66.7,18.1,81.9,18.1,46.15384615384615,31.8,6-8,265.0,80
1629640,Keldon Johnson,SAS,12,22.5,12.5,4.2,1.0,4.8,9.7,1.4,3.5,1.4,1.8,january,2024-25,20.4,7.0,59.7,9.3,32.8,1.2,2.27,18.3,0.6,0.1,2.3,3.9,20.0,2.8,,4.4,32.0,7.4,9.2,,10.9,40.5,27.6,72.4,27.6,36.08247422680413,22.5,6-5,220.0,77
203924,Jerami Grant,POR,7,28.8,12.4,2.4,1.6,3.7,9.9,1.9,4.9,3.1,3.4,january,2024-25,19.1,8.0,54.7,6.4,32.4,1.4,2.68,21.6,0.9,2.1,1.4,10.7,16.2,13.9,2.2,2.0,35.4,4.8,4.6,4.2,2.4,48.4,23.1,76.9,23.1,49.494949494949495,28.8,6-7,210.0,79
203501,Tim Hardaway Jr.,DET,15,31.1,12.4,2.7,1.5,3.9,9.5,2.5,6.1,2.2,2.9,january,2024-25,15.0,6.3,57.6,6.7,35.5,1.2,2.03,22.3,0.2,0.0,0.3,2.2,21.3,5.7,3.2,,32.4,12.1,2.8,15.8,,67.3,5.2,94.8,5.2,64.21052631578948,31.1,6-5,205.0,77
1631117,Walker Kessler,UTA,11,29.5,12.4,12.1,1.1,5.4,7.3,0.0,0.3,1.6,2.7,january,2024-25,13.0,5.5,73.0,14.9,29.5,0.7,1.39,19.8,2.8,0.0,10.9,,,,,,,,29.0,,22.6,57.9,49.2,50.8,49.2,4.10958904109589,29.5,7-0,245.0,84
1631105,Jalen Duren,DET,16,27.0,12.3,11.4,2.3,5.3,7.6,0.0,0.0,1.7,2.2,january,2024-25,15.6,11.9,72.2,15.1,43.2,1.3,1.79,19.8,3.3,0.3,8.8,8.9,12.2,3.2,14.9,8.7,6.8,,20.0,,16.4,62.7,40.0,60.0,40.0,0.0,27.0,6-10,250.0,82
1626179,Terry Rozier,MIA,15,27.9,12.2,4.3,3.3,4.7,10.9,1.1,4.7,1.7,1.9,january,2024-25,20.5,18.0,51.9,8.3,49.7,3.4,4.11,22.1,0.2,0.0,0.5,,,,,,,,,,,66.7,47.9,52.1,47.9,43.11926605504588,27.9,6-1,190.0,73
1641739,Toumani Camara,POR,15,33.9,12.2,5.5,2.5,4.5,9.5,1.5,4.1,1.7,2.4,january,2024-25,15.2,9.8,58.0,7.4,43.3,1.6,2.2,24.1,0.6,0.2,3.0,6.3,20.3,4.4,5.4,,40.5,2.6,9.1,,4.7,61.2,25.0,75.0,25.0,43.1578947368421,33.9,6-7,229.0,79
1630183,Jaden McDaniels,MIN,16,33.9,12.2,6.4,1.6,4.6,8.8,1.5,3.8,1.6,1.8,january,2024-25,13.2,6.4,63.6,9.2,40.4,1.2,1.76,19.9,0.4,0.0,1.9,2.3,27.6,10.3,,,36.8,5.2,5.0,3.2,3.9,51.1,20.5,79.5,20.5,43.18181818181818,33.9,6-9,185.0,81
1628960,Grayson Allen,PHX,15,25.4,12.1,3.7,2.1,4.0,7.3,2.9,5.5,1.1,1.4,january,2024-25,15.0,11.1,76.5,10.8,39.5,1.5,2.3,20.8,0.7,0.0,0.6,2.8,17.5,24.2,4.0,,33.8,5.4,,7.0,,61.2,13.3,86.7,13.3,75.34246575342466,25.4,6-4,198.0,76
1630168,Onyeka Okongwu,ATL,15,26.8,12.1,9.7,3.0,4.8,8.6,0.5,1.6,1.9,2.7,january,2024-25,16.8,16.6,61.7,13.8,42.3,1.0,1.37,27.9,3.5,0.3,9.3,1.6,15.5,2.1,11.6,6.9,28.0,3.2,11.2,3.4,7.5,61.1,20.8,79.2,20.8,18.6046511627907,26.8,6-10,240.0,82
1629656,Quentin Grimes,PHI,15,25.0,12.0,3.5,3.1,4.3,9.1,1.9,4.9,1.6,1.9,january,2024-25,19.4,19.0,60.3,10.2,39.9,1.9,2.86,21.9,0.5,0.0,0.8,10.4,22.2,10.8,,,37.6,2.4,2.8,6.8,2.0,54.5,37.5,62.5,37.5,53.846153846153854,25.0,6-4,210.0,76
203915,Spencer Dinwiddie,DAL,16,29.8,12.0,3.2,4.5,4.3,9.6,1.4,4.3,2.1,2.6,january,2024-25,17.3,21.4,55.7,9.0,54.3,5.0,5.57,17.4,0.1,0.1,0.3,,,,,,,,,,,59.6,73.5,26.5,73.5,44.79166666666667,29.8,6-5,215.0,77
1642258,Zaccharie Risacher,ATL,8,23.9,11.9,3.9,1.1,4.8,10.1,1.4,3.8,1.0,1.5,january,2024-25,20.1,6.8,55.1,7.3,33.3,1.2,2.09,21.5,0.6,0.0,2.1,,35.0,4.0,,,29.9,6.7,8.9,5.9,5.4,80.6,23.7,76.3,23.7,37.62376237623762,23.9,6-8,200.0,80
1641711,Gradey Dick,TOR,14,26.0,11.9,2.8,1.9,4.1,10.2,1.9,5.7,1.6,1.9,january,2024-25,20.4,9.3,53.6,6.1,30.0,1.0,1.96,22.1,0.5,0.0,1.1,,29.6,,4.5,,39.9,,5.2,9.6,3.4,60.0,12.1,87.9,12.1,55.88235294117647,26.0,6-6,200.0,78
1630583,Santi Aldama,MEM,9,21.7,11.8,5.1,1.2,4.7,10.6,1.6,5.1,0.9,1.7,january,2024-25,21.5,7.1,52.2,9.5,41.8,1.3,1.94,21.6,0.8,0.0,2.8,,22.8,2.3,8.8,4.1,40.1,,6.8,,7.0,57.4,23.8,76.2,23.8,48.113207547169814,21.7,7-0,215.0,84
1626171,Bobby Portis,MIL,11,22.6,11.5,7.5,1.3,4.5,10.0,1.1,3.1,1.5,1.7,january,2024-25,22.2,7.7,53.6,11.1,42.1,1.3,1.8,23.3,0.9,2.6,3.5,3.2,11.0,,15.8,19.8,31.1,,6.6,,5.8,69.2,38.8,61.2,38.8,31.0,22.6,6-10,250.0,82
1628449,Chris Boucher,TOR,12,16.1,11.5,4.4,0.3,4.3,6.8,2.2,4.1,0.7,0.8,january,2024-25,20.0,3.0,79.9,17.3,18.9,0.6,1.77,11.6,0.3,0.0,1.6,,,,,,,,,,,44.0,19.2,80.8,19.2,60.29411764705882,16.1,6-9,200.0,81
1629004,Svi Mykhailiuk,UTA,9,20.9,11.4,3.0,1.9,4.2,10.3,2.2,7.0,0.8,0.9,january,2024-25,24.7,14.7,53.4,7.7,36.4,1.9,3.18,17.9,0.4,0.0,1.0,,22.1,5.9,,,34.5,10.7,7.6,7.6,3.4,70.4,36.8,63.2,36.8,67.96116504854368,20.9,6-7,205.0,79
1629130,Duncan Robinson,MIA,16,26.1,11.4,2.7,3.1,4.0,9.2,2.6,6.9,0.8,0.9,january,2024-25,18.3,18.2,59.7,8.6,39.7,1.5,2.34,27.6,0.1,0.0,0.4,,18.5,7.9,4.3,,31.2,11.7,,18.8,,72.7,12.5,87.5,12.5,75.00000000000001,26.1,6-7,215.0,79
202710,Jimmy Butler III,GSW,5,27.8,11.4,3.2,4.6,4.0,8.4,0.6,1.6,2.8,2.8,january,2024-25,17.2,21.7,59.2,9.4,53.6,3.4,3.8,28.4,1.2,0.8,4.4,17.7,17.2,13.1,2.7,6.1,14.0,1.7,12.1,2.4,7.9,66.7,15.0,85.0,15.0,19.047619047619047,27.8,6-7,230.0,79
203471,Dennis Schröder,DET,16,25.9,11.3,2.5,4.8,4.3,10.7,1.7,4.9,1.0,1.4,january,2024-25,21.2,29.1,50.0,7.5,69.4,4.8,4.18,31.8,0.3,0.0,0.3,14.8,11.2,36.6,,,23.1,5.2,,,,70.9,49.3,50.7,49.3,45.79439252336449,25.9,6-1,175.0,73
203932,Aaron Gordon,DEN,10,22.8,11.3,3.4,1.9,4.1,7.5,1.0,2.4,2.1,2.3,january,2024-25,18.4,10.1,66.4,9.6,32.1,1.9,3.53,16.2,2.2,2.3,3.1,16.0,13.0,10.4,5.9,11.2,15.4,,13.0,,5.3,63.6,43.9,56.1,43.9,32.0,22.8,6-8,235.0,80
201572,Brook Lopez,MIL,15,31.7,11.3,4.6,2.0,4.1,9.2,1.7,5.0,1.3,1.5,january,2024-25,14.7,8.0,57.2,7.2,33.2,0.8,1.48,23.7,1.5,1.0,3.3,,6.5,,32.8,9.5,32.1,,,,,61.3,16.1,83.9,16.1,54.34782608695653,31.7,7-1,282.0,85
1627884,Derrick Jones Jr.,LAC,15,25.8,11.3,4.7,0.7,4.7,8.3,0.8,2.3,1.1,1.7,january,2024-25,15.9,3.6,61.9,9.0,32.5,1.1,1.94,15.3,1.0,0.0,3.6,,18.3,,,,46.0,,13.5,,7.9,76.9,25.7,74.3,25.7,27.710843373493972,25.8,6-6,210.0,78
1630249,Vít Krejčí,ATL,14,28.7,11.2,3.1,3.6,4.1,8.5,2.5,5.9,0.6,0.9,january,2024-25,14.1,17.8,63.2,8.5,48.2,2.2,2.69,25.5,0.2,0.0,0.9,,19.7,8.4,5.3,,33.4,12.5,,12.2,,68.3,21.1,78.9,21.1,69.41176470588236,28.7,6-8,195.0,80
1642259,Alex Sarr,WAS,14,25.7,11.1,7.6,2.4,4.3,11.2,1.3,4.5,1.3,1.9,january,2024-25,20.6,14.7,46.2,9.5,49.3,1.5,1.79,27.9,4.1,0.4,4.1,5.3,10.0,,22.6,8.3,21.6,,15.0,,10.5,62.3,11.7,88.3,11.7,40.17857142857143,25.7,7-0,205.0,84
203114,Khris Middleton,WAS,12,22.7,11.0,3.3,3.6,4.4,7.8,1.0,3.3,1.2,1.4,january,2024-25,17.0,21.2,65.0,11.8,39.7,2.2,3.36,20.3,0.4,1.3,0.5,6.1,15.3,22.7,,13.6,16.6,5.8,,6.4,5.8,67.6,43.4,56.6,43.4,42.30769230769231,22.7,6-7,222.0,79
1631108,Max Christie,DAL,14,31.4,11.0,3.5,1.9,3.8,8.5,2.2,5.6,1.2,1.5,january,2024-25,14.4,7.7,60.0,6.8,40.4,1.6,2.45,24.4,0.4,0.0,1.3,5.7,24.2,13.7,4.7,,33.9,4.0,2.6,5.7,,53.2,9.4,90.6,9.4,65.88235294117646,31.4,6-5,190.0,77
1631106,Tari Eason,HOU,7,24.4,11.0,6.1,1.3,4.0,8.9,1.1,3.1,1.9,2.7,january,2024-25,16.9,7.3,54.7,10.7,34.9,1.4,2.5,14.6,0.4,0.1,2.3,5.0,19.9,5.4,,,43.3,,6.5,,9.2,69.0,35.7,64.3,35.7,34.831460674157306,24.4,6-8,215.0,80
1630702,Jaden Hardy,DAL,13,17.2,10.9,1.7,1.8,4.0,8.5,1.9,3.9,1.0,1.7,january,2024-25,25.6,17.3,59.3,9.0,28.3,2.0,4.2,12.9,0.3,0.0,0.5,,19.7,16.3,,,40.9,6.3,,,,57.1,36.5,63.5,36.5,45.88235294117647,17.2,6-3,198.0,75
1630557,Corey Kispert,WAS,17,25.9,10.8,2.5,1.5,3.9,8.8,1.6,4.5,1.4,1.6,january,2024-25,15.9,8.8,57.2,7.0,33.0,1.0,1.75,21.8,0.6,0.0,1.5,,19.0,9.5,,,34.1,11.9,,8.7,,70.0,12.1,87.9,12.1,51.13636363636363,25.9,6-6,224.0,78
1628976,Wendell Carter Jr.,ORL,15,27.3,10.8,7.5,2.4,3.7,8.9,0.6,2.9,2.7,3.7,january,2024-25,18.6,15.1,51.5,10.4,41.1,1.1,1.6,28.2,4.5,0.5,5.7,,10.9,,19.2,3.2,26.2,,17.1,,12.7,62.7,26.8,73.2,26.8,32.58426966292134,27.3,6-10,270.0,82
1641715,Cam Whitmore,HOU,14,20.7,10.8,4.0,1.2,4.1,9.4,1.7,4.5,0.8,1.0,january,2024-25,21.2,8.4,54.6,10.5,25.4,1.3,3.07,14.2,0.5,0.0,0.9,6.7,34.8,14.0,,,19.1,,6.7,,6.2,67.6,37.9,62.1,37.9,47.87234042553191,20.7,6-7,230.0,79
1641710,Anthony Black,ORL,12,27.4,10.8,2.4,3.3,3.8,9.6,0.6,2.2,2.5,3.5,january,2024-25,19.8,19.6,48.3,7.2,53.7,4.1,4.62,25.8,0.5,0.1,0.8,4.4,27.4,21.8,,,25.5,4.7,3.6,1.9,2.7,75.5,43.5,56.5,43.5,22.916666666666668,27.4,6-7,200.0,79
1630245,Ayo Dosunmu,CHI,8,29.6,10.8,2.9,3.5,4.0,9.3,1.8,4.3,1.0,1.4,january,2024-25,14.9,16.1,54.5,6.7,48.9,2.5,3.12,24.4,0.4,0.0,1.1,2.2,33.6,20.8,,,31.6,,3.1,,,61.3,25.0,75.0,25.0,46.23655913978494,29.6,6-5,200.0,77
1641726,Dereck Lively II,DAL,7,23.6,10.7,8.1,3.1,4.9,6.9,0.0,0.0,1.0,1.3,january,2024-25,14.7,19.6,72.2,14.3,39.6,1.1,1.71,25.0,3.7,0.3,9.1,,,,,,,,,,,57.1,14.7,85.3,14.7,0.0,23.6,7-1,230.0,85
202685,Jonas Valančiūnas,SAC,17,19.1,10.6,7.9,2.0,4.3,8.0,0.2,0.4,1.8,2.1,january,2024-25,23.4,19.1,59.6,14.6,41.1,1.6,2.27,26.2,3.5,2.6,4.7,,,,22.1,29.7,4.2,,13.7,,16.0,72.9,47.9,52.1,47.9,5.0,19.1,6-11,265.0,83
1629599,Amir Coffey,LAC,15,29.5,10.6,2.3,1.2,3.5,8.0,1.3,3.5,2.2,2.2,january,2024-25,14.3,5.8,59.1,6.7,30.3,1.1,2.13,18.0,0.5,0.1,0.8,,,,,,,,,,,56.6,22.6,77.4,22.6,43.75,29.5,6-7,210.0,79
1629018,Gary Trent Jr.,MIL,12,24.6,10.5,2.4,1.3,3.6,7.8,2.7,5.8,0.7,0.7,january,2024-25,15.2,6.7,64.6,7.6,22.5,0.7,1.99,14.6,0.0,0.0,0.3,,18.3,6.4,,,48.6,9.0,,6.8,,70.4,18.6,81.4,18.6,74.35897435897436,24.6,6-5,204.0,77
1631170,Jaime Jaquez Jr.,MIA,15,26.5,10.5,4.8,3.7,3.7,7.9,0.8,1.9,2.2,2.9,january,2024-25,17.6,19.8,57.1,9.4,46.3,2.8,3.58,19.9,0.7,0.5,1.3,14.8,29.4,5.3,,5.7,26.6,,5.8,,4.0,59.7,50.0,50.0,50.0,24.050632911392402,26.5,6-6,225.0,78
1630533,Ziaire Williams,BKN,13,24.7,10.4,4.8,1.9,3.2,8.2,1.9,5.2,2.0,2.5,january,2024-25,18.6,13.2,55.7,9.0,37.1,1.6,2.53,21.5,0.5,0.0,2.0,,22.1,3.7,,,48.3,9.7,6.0,,,67.2,16.7,83.3,16.7,63.41463414634148,24.7,6-9,185.0,81
1641722,Jordan Hawkins,NOP,14,21.8,10.4,1.9,0.8,3.7,9.7,2.1,5.9,0.9,1.2,january,2024-25,20.7,5.6,50.5,6.8,28.2,1.0,2.03,18.9,0.1,0.0,0.4,,14.0,12.3,,,34.6,16.2,,8.9,,58.9,19.2,80.8,19.2,60.82474226804124,21.8,6-5,190.0,77
1641730,Noah Clowney,BKN,14,28.0,10.4,4.4,0.9,3.1,9.6,2.1,6.7,2.0,2.2,january,2024-25,18.0,5.6,48.8,5.8,43.1,1.3,1.79,25.1,0.9,0.0,1.4,4.6,18.6,4.4,3.9,,41.8,10.3,2.6,4.6,2.4,55.0,13.6,86.4,13.6,69.79166666666667,28.0,6-9,210.0,81
1630541,Moses Moody,GSW,15,21.9,10.3,2.7,1.6,3.5,8.1,2.3,5.3,1.0,1.5,january,2024-25,17.5,10.5,59.3,7.9,28.2,1.0,2.11,21.5,0.1,0.0,0.7,4.9,19.0,5.4,,,40.4,5.2,3.7,13.1,3.2,67.4,18.9,81.1,18.9,65.4320987654321,21.9,6-5,211.0,77
1630592,Jalen Wilson,BKN,16,30.3,10.3,3.6,2.0,3.6,9.7,1.3,5.1,1.8,2.1,january,2024-25,17.0,10.8,48.7,4.8,43.4,2.1,2.88,28.5,0.1,0.0,2.0,,14.7,8.0,,,52.0,,,,,63.5,31.0,69.0,31.0,52.57731958762887,30.3,6-6,220.0,78
203497,Rudy Gobert,MIN,16,31.8,10.3,9.3,2.0,4.1,6.1,0.0,0.0,2.1,3.4,january,2024-25,11.6,8.8,68.3,11.6,38.8,0.9,1.44,20.8,2.9,0.3,9.0,,12.6,,16.7,,,,28.5,,26.9,50.0,24.2,75.8,24.2,0.0,31.8,7-1,258.0,85
1630598,Aaron Wiggins,OKC,14,23.2,10.3,3.8,2.0,4.3,7.7,1.1,3.5,0.6,0.8,january,2024-25,16.1,11.2,63.8,9.4,31.4,1.3,2.44,16.6,0.6,0.0,1.9,6.3,22.9,8.6,,,44.9,,3.3,4.0,,76.7,26.7,73.3,26.7,45.45454545454545,23.2,6-5,190.0,77
1631165,Keon Ellis,SAC,14,25.3,10.2,2.6,1.8,3.5,7.2,2.4,5.2,0.9,1.0,january,2024-25,13.6,9.0,66.7,8.3,32.6,1.2,2.16,18.8,0.3,0.1,1.1,,25.6,10.1,,,43.7,,,,,69.0,10.2,89.8,10.2,72.22222222222221,25.3,6-4,175.0,76
1630230,Naji Marshall,DAL,10,27.4,10.2,4.1,3.3,4.0,9.4,1.2,4.0,1.0,1.2,january,2024-25,17.4,17.6,51.4,8.5,48.1,2.6,3.27,22.8,0.2,0.0,0.6,5.6,31.6,10.9,3.9,,29.1,,6.0,2.4,2.4,38.5,30.0,70.0,30.0,42.5531914893617,27.4,6-6,220.0,78
1629651,Nic Claxton,BKN,15,27.7,10.2,7.9,2.0,4.3,8.5,0.0,0.4,1.5,2.7,january,2024-25,16.5,13.6,52.9,11.6,49.9,1.8,2.2,32.1,4.1,0.1,7.3,14.1,15.5,3.9,11.1,4.5,10.9,,15.5,,13.4,71.0,32.3,67.7,32.3,4.705882352941177,27.7,6-11,215.0,83
1629614,Andrew Nembhard,IND,11,30.9,10.2,4.3,5.9,3.9,8.4,0.7,2.4,1.6,2.9,january,2024-25,15.5,23.9,52.8,9.1,68.5,4.0,3.5,34.4,1.0,0.0,1.5,8.9,14.8,38.5,,,21.4,7.1,,,,66.7,46.5,53.5,46.5,28.57142857142857,30.9,6-4,191.0,76
1631124,Julian Strawther,DEN,17,23.8,10.1,2.2,1.4,3.6,8.6,2.1,5.2,0.9,1.1,january,2024-25,17.3,7.5,55.5,5.7,28.9,1.2,2.5,18.3,0.1,0.0,0.3,,17.9,14.3,,,31.3,15.2,,,,59.1,9.8,90.2,9.8,60.465116279069775,23.8,6-6,205.0,78
1641731,Bilal Coulibaly,WAS,15,29.8,10.1,3.7,2.5,3.6,9.3,0.7,3.5,2.2,3.0,january,2024-25,17.1,13.5,47.5,4.5,45.3,2.2,2.91,27.6,0.5,0.0,2.6,4.8,27.8,15.1,,,25.8,5.2,8.3,,4.8,65.5,38.9,61.1,38.9,37.634408602150536,29.8,6-8,195.0,80
1630581,Josh Giddey,CHI,16,30.8,10.1,8.1,6.1,4.0,9.2,1.1,3.1,0.9,1.1,january,2024-25,16.7,26.1,52.0,10.0,74.9,4.0,3.22,29.6,0.7,0.1,2.1,5.0,22.8,38.8,,,16.0,4.5,4.3,,,71.8,50.0,50.0,50.0,33.69565217391305,30.8,6-8,216.0,80
1630202,Payton Pritchard,BOS,16,25.4,10.0,2.9,3.3,3.7,8.1,2.1,5.3,0.6,0.7,january,2024-25,15.6,20.6,59.3,10.5,44.4,3.2,4.27,16.7,0.3,0.0,1.1,12.8,16.2,25.6,1.9,,26.2,6.4,,5.1,1.8,54.5,47.5,52.5,47.5,65.4320987654321,25.4,6-1,195.0,73
1627741,Buddy Hield,GSW,16,23.8,9.9,3.1,2.5,3.6,9.4,2.1,6.8,0.7,1.0,january,2024-25,19.6,14.8,50.3,6.7,44.0,1.4,1.85,27.8,0.1,0.0,0.7,,23.1,4.8,,,34.0,5.4,5.4,12.2,3.7,61.3,15.8,84.2,15.8,72.34042553191489,23.8,6-4,220.0,76
1641787,Tosan Evbuomwan,BKN,14,24.4,9.9,4.3,1.4,3.5,7.8,0.9,2.7,2.1,2.8,january,2024-25,19.0,9.0,55.1,8.1,34.6,1.4,2.5,21.2,0.6,0.1,1.6,,,,,,,,,,,61.2,34.7,65.3,34.7,34.61538461538462,24.4,6-7,217.0,79
1630208,Nick Richards,PHX,11,22.3,9.9,9.3,1.1,3.7,6.3,0.0,0.1,2.5,3.0,january,2024-25,17.7,7.1,65.3,13.3,30.8,0.8,1.6,17.7,2.7,0.7,6.6,,,,,,,,,,,54.8,39.0,61.0,39.0,1.5873015873015877,22.3,7-0,245.0,84
203484,Kentavious Caldwell-Pope,MEM,14,30.1,9.9,1.6,1.5,3.7,8.0,1.7,4.7,0.7,1.0,january,2024-25,13.6,8.2,58.4,6.2,38.3,1.6,2.5,22.4,0.2,0.0,0.4,3.1,24.1,18.1,,,33.7,5.9,,6.5,,57.1,23.1,76.9,23.1,58.75,30.1,6-5,204.0,77
201569,Eric Gordon,PHI,17,24.0,9.8,1.3,1.9,3.1,6.0,2.4,4.6,1.1,1.5,january,2024-25,13.1,10.8,73.2,8.0,30.1,1.0,2.04,18.3,0.1,0.0,0.0,,,,,,60.0,,,,,78.1,7.5,92.5,7.5,76.66666666666666,24.0,6-3,215.0,75
1642265,Rob Dillingham,MIN,8,15.7,9.8,1.6,3.0,4.0,7.0,1.5,2.6,0.3,0.6,january,2024-25,24.1,28.2,67.0,12.0,34.5,2.7,4.62,15.3,0.0,0.0,0.5,,,,,,,,,,,57.1,59.4,40.6,59.4,37.142857142857146,15.7,6-3,175.0,75
101108,Chris Paul,SAS,12,29.7,9.6,3.8,8.0,3.2,7.8,1.8,5.0,1.4,1.6,january,2024-25,13.1,33.4,56.7,9.5,63.3,4.7,4.47,23.8,0.3,0.0,0.4,,,43.8,,,15.6,,,,,46.2,63.2,36.8,63.2,64.1025641025641,29.7,6-0,175.0,72
1641717,Cason Wallace,OKC,14,29.9,9.4,3.9,2.6,3.9,7.8,1.2,2.8,0.4,0.5,january,2024-25,12.8,11.4,58.9,8.0,36.9,1.9,3.15,18.1,0.6,0.0,2.3,4.2,22.6,13.5,,,41.3,4.2,4.5,,3.5,61.7,34.5,65.5,34.5,35.8974358974359,29.9,6-3,195.0,75
1627777,Georges Niang,ATL,15,20.2,9.3,3.3,1.1,3.4,7.1,2.0,4.5,0.5,0.6,january,2024-25,17.0,7.5,63.7,6.7,30.4,0.7,1.38,15.3,0.5,0.1,1.5,,,,,,,,,,,63.5,2.0,98.0,2.0,63.38028169014085,20.2,6-7,230.0,79
1628392,Isaiah Hartenstein,OKC,9,29.6,9.3,12.3,5.1,4.0,8.0,0.0,0.6,1.3,2.3,january,2024-25,16.0,21.7,51.7,13.6,60.6,1.8,1.74,32.2,4.9,0.1,8.8,,7.4,,19.9,5.6,,,40.3,,10.2,62.8,11.1,88.9,11.1,7.5,29.6,7-0,250.0,84
1629652,Luguentz Dort,OKC,13,28.4,9.3,3.6,1.9,3.4,7.7,2.4,5.4,0.2,0.2,january,2024-25,13.3,8.4,60.0,5.6,27.4,1.0,2.3,16.5,0.5,0.0,1.3,,15.0,,5.5,,61.5,,4.0,,,43.5,18.2,81.8,18.2,70.12987012987013,28.4,6-4,220.0,76
1642268,Isaiah Collier,UTA,15,28.8,9.2,3.8,7.5,3.7,8.7,0.7,2.5,1.1,1.3,january,2024-25,18.5,36.2,49.4,8.0,70.6,6.2,5.28,25.8,0.3,0.1,0.7,12.5,27.8,26.4,,,17.4,3.3,3.5,,,70.7,64.3,35.7,64.3,28.73563218390805,28.8,6-3,210.0,75
1630548,Johnny Juzang,UTA,5,22.9,9.2,4.6,1.4,3.0,7.2,2.0,5.0,1.2,1.2,january,2024-25,15.3,9.1,59.5,8.4,26.4,0.9,2.06,14.0,0.4,0.0,0.8,,,,,,,,,,,66.7,20.0,80.0,20.0,69.44444444444444,22.9,6-5,226.0,77
1629634,Brandon Clarke,MEM,14,19.8,9.1,4.8,0.9,3.9,6.1,0.0,0.0,1.2,1.6,january,2024-25,15.5,5.9,67.1,9.8,23.9,0.6,1.41,13.7,1.9,0.1,4.9,,,,,,,,,,,52.9,27.3,72.7,27.3,0.0,19.8,6-8,215.0,80
201950,Jrue Holiday,BOS,15,29.9,9.1,4.6,3.7,3.4,8.1,1.7,4.7,0.6,0.7,january,2024-25,13.8,16.5,54.2,7.9,44.9,2.4,3.24,18.1,0.4,0.2,1.9,10.1,20.5,26.3,,3.6,20.5,,4.3,,,63.8,37.3,62.7,37.3,58.0246913580247,29.9,6-4,205.0,76
1630188,Jalen Smith,CHI,16,15.2,8.9,5.7,1.0,3.1,6.8,1.3,3.8,1.4,1.5,january,2024-25,21.6,10.9,59.8,13.9,27.0,0.7,1.55,16.8,0.8,0.1,3.4,,21.0,,17.4,,29.0,,9.8,,10.1,68.2,20.0,80.0,20.0,55.88235294117647,15.2,6-9,215.0,81
1630631,Jose Alvarado,NOP,15,19.7,8.9,1.8,3.9,2.9,7.1,2.2,5.2,0.9,1.1,january,2024-25,18.3,27.0,58.5,9.7,41.7,3.1,4.43,15.9,0.3,0.0,0.5,4.2,20.0,27.3,,,30.0,3.8,3.8,,,62.1,36.4,63.6,36.4,73.23943661971832,19.7,6-0,179.0,72
1631213,Tyrese Martin,BKN,15,26.3,8.9,4.6,2.3,3.4,9.4,1.6,5.1,0.5,1.0,january,2024-25,18.1,14.8,45.4,6.3,47.9,2.5,3.15,24.9,1.4,0.0,1.6,,15.1,20.7,,,37.1,10.0,4.0,,,62.3,29.4,70.6,29.4,54.25531914893617,26.3,6-6,215.0,78
1642346,Ryan Dunn,PHX,14,21.2,8.9,4.4,1.1,3.9,8.0,1.0,2.9,0.2,0.5,january,2024-25,16.7,7.6,54.3,7.8,28.2,0.7,1.59,16.9,1.1,0.0,2.7,,24.6,5.5,5.5,,35.5,,10.9,,12.5,62.2,16.7,83.3,16.7,36.25,21.2,6-8,216.0,80
1641733,Nick Smith Jr.,CHA,13,23.3,8.9,2.9,2.5,3.5,9.7,1.6,5.5,0.4,0.4,january,2024-25,20.2,16.7,45.2,6.2,45.5,2.3,2.98,21.7,0.5,0.0,0.3,11.6,14.4,36.3,,,21.9,,,,,66.7,35.6,64.4,35.6,56.70103092783506,23.3,6-2,185.0,74
203991,Clint Capela,ATL,12,20.8,8.8,8.6,0.9,3.9,7.1,0.0,0.0,1.0,1.8,january,2024-25,17.3,6.8,56.0,11.5,31.3,0.7,1.39,18.3,2.5,0.6,9.0,,,,22.1,,,,24.4,,36.6,56.8,21.3,78.7,21.3,0.0,20.8,6-10,256.0,82
1628366,Lonzo Ball,CHI,14,23.9,8.7,3.6,3.5,3.0,7.6,2.3,6.2,0.4,0.5,january,2024-25,15.4,18.8,55.4,8.6,42.9,2.0,2.86,18.2,0.1,0.0,0.8,,19.3,16.5,,,36.3,6.1,,,,58.8,21.4,78.6,21.4,81.57894736842107,23.9,6-6,190.0,78
1628997,Caleb Martin,DAL,6,32.3,8.7,4.3,2.8,3.5,7.3,1.0,2.5,0.7,1.5,january,2024-25,11.8,12.7,54.2,7.0,44.2,2.4,3.27,20.3,1.5,0.2,1.2,,32.5,7.9,,,35.7,,,,,67.4,33.3,66.7,33.3,34.24657534246575,32.3,6-5,205.0,77
1630549,Day'Ron Sharpe,BKN,15,18.9,8.6,7.0,1.8,3.5,6.5,0.1,1.0,1.5,2.2,january,2024-25,18.6,14.9,57.3,13.5,33.7,0.9,1.69,23.4,2.5,0.7,6.5,3.7,7.6,,15.0,6.6,7.6,,19.6,,22.6,64.9,44.2,55.8,44.2,15.384615384615385,18.9,6-9,265.0,81
1630167,Obi Toppin,IND,12,17.7,8.6,3.7,1.3,3.2,6.4,1.0,2.9,1.3,1.7,january,2024-25,17.5,9.7,60.0,10.6,36.1,0.9,1.47,20.0,0.7,0.6,2.8,,23.9,,,,28.3,,,,,67.6,10.5,89.5,10.5,45.31249999999999,17.7,6-9,220.0,81
1641741,Ricky Council IV,PHI,16,18.2,8.6,3.0,1.3,3.0,7.3,1.1,3.4,1.5,1.9,january,2024-25,21.3,11.7,53.0,9.2,26.9,1.1,2.56,16.6,0.4,0.0,1.1,,,,,,,,,,,65.7,33.3,66.7,33.3,46.57534246575342,18.2,6-6,207.0,78
1628418,Thomas Bryant,IND,12,16.1,8.5,4.1,1.2,3.4,5.8,1.1,2.3,0.6,0.8,january,2024-25,16.3,9.5,69.5,13.2,23.8,0.5,1.34,16.6,0.8,0.3,3.7,,,,,,,,,,,58.1,19.5,80.5,19.5,39.655172413793096,16.1,6-10,248.0,82
1629622,Max Strus,CLE,15,25.2,8.5,4.4,3.4,3.1,7.1,2.1,5.5,0.2,0.3,january,2024-25,13.9,16.2,58.4,8.1,40.5,1.2,1.76,21.7,0.2,0.0,1.7,,,,,,,,,,,57.7,6.5,93.5,6.5,77.46478873239437,25.2,6-5,215.0,77
1628971,Bruce Brown,NOP,13,20.2,8.5,4.2,1.7,3.2,7.2,0.7,2.0,1.3,1.5,january,2024-25,18.8,13.3,54.3,10.0,29.9,1.2,2.48,19.3,1.1,0.2,2.0,4.1,22.3,15.7,,,22.3,3.8,13.0,,8.7,68.0,23.8,76.2,23.8,27.77777777777778,20.2,6-4,202.0,76
1642366,Quinten Post,GSW,8,15.2,8.4,3.4,1.8,3.0,6.9,1.8,4.3,0.6,0.6,january,2024-25,22.1,18.4,58.6,8.4,32.9,0.8,1.41,22.1,0.6,0.8,2.8,,11.9,,16.1,4.2,38.7,,11.6,3.9,6.0,61.5,4.2,95.8,4.2,62.31884057971014,15.2,7-0,238.0,84
1630527,Brandon Boston,NOP,11,19.7,8.4,2.9,0.9,3.1,7.4,0.7,2.4,1.5,1.8,january,2024-25,19.4,6.7,51.2,6.6,27.7,1.2,2.61,14.5,0.5,0.1,0.8,,,,,,,,,,,75.0,38.2,61.8,38.2,32.43243243243243,19.7,6-6,188.0,78
1629645,Kevin Porter Jr.,MIL,14,19.3,8.4,3.2,3.4,3.4,7.9,0.4,1.9,1.1,1.6,january,2024-25,21.9,27.1,48.3,11.2,38.6,3.3,5.09,13.3,0.4,0.1,0.8,9.8,13.6,45.2,,2.4,16.0,5.5,,,,51.3,68.8,31.3,68.8,24.050632911392402,19.3,6-4,203.0,76
1641783,Tristan da Silva,ORL,15,28.2,8.3,5.1,2.0,3.1,7.9,1.3,4.0,0.8,0.8,january,2024-25,14.1,11.1,50.3,7.9,38.3,1.8,2.86,21.2,1.0,0.1,2.1,,20.8,11.5,6.1,,32.9,4.2,9.3,4.2,4.2,56.3,29.8,70.2,29.8,50.632911392405056,28.2,6-8,217.0,80
1642261,Dalton Knecht,LAL,14,17.0,8.3,2.2,0.4,2.7,6.1,1.5,4.1,1.4,1.5,january,2024-25,18.5,3.6,60.9,8.0,23.9,0.9,2.14,12.9,0.7,0.0,0.9,6.0,19.6,9.5,,,34.5,7.1,,10.7,,65.7,15.8,84.2,15.8,67.21311475409836,17.0,6-6,215.0,78
1641709,Ausar Thompson,DET,14,21.9,8.2,5.1,1.3,3.4,6.6,0.2,1.1,1.3,2.0,january,2024-25,16.6,8.1,55.1,9.8,31.0,1.5,2.97,15.2,0.9,0.1,3.4,7.7,23.0,10.0,5.6,,16.0,,15.3,2.3,10.0,45.5,38.3,61.7,38.3,16.666666666666668,21.9,6-6,205.0,78
203992,Bogdan Bogdanović,LAC,10,24.1,8.2,2.2,1.8,2.9,9.1,1.4,5.7,1.0,1.3,january,2024-25,17.6,10.5,42.4,3.1,33.3,1.2,2.21,19.8,0.4,0.0,0.8,,12.2,34.4,,,24.4,,,,,64.3,24.1,75.9,24.1,62.637362637362635,24.1,6-5,225.0,77
204456,T.J. McConnell,IND,12,17.4,8.2,2.8,4.8,3.8,8.1,0.0,0.3,0.7,0.8,january,2024-25,22.5,35.2,48.5,12.4,52.8,3.6,4.12,21.0,0.5,0.0,1.0,5.9,13.1,54.0,,,12.5,,4.2,,,75.0,60.0,40.0,60.0,3.7037037037037033,17.4,6-1,190.0,73
1626145,Tyus Jones,PHX,14,26.0,8.1,2.2,5.4,2.9,7.0,1.5,4.0,0.8,0.9,january,2024-25,14.5,26.4,55.2,8.6,61.9,4.1,3.94,23.4,0.4,0.0,0.3,,17.2,23.8,,,41.7,,,,,61.0,31.7,68.3,31.7,57.14285714285714,26.0,6-1,196.0,73
1627747,Caris LeVert,ATL,8,25.1,8.1,3.8,3.8,2.8,7.8,1.1,4.3,1.5,2.0,january,2024-25,16.4,19.7,47.1,6.7,38.5,2.3,3.56,19.6,0.5,0.0,1.6,6.2,19.0,24.0,,,26.9,4.5,6.6,5.0,,68.4,40.9,59.1,40.9,55.12820512820513,25.1,6-6,205.0,78
1630172,Patrick Williams,CHI,16,26.3,8.1,3.9,2.3,3.0,8.6,1.3,4.3,0.8,1.1,january,2024-25,15.9,11.4,44.2,5.2,35.8,1.2,2.01,17.3,0.3,0.3,1.1,3.6,22.1,9.3,5.0,3.6,41.4,3.6,,,5.0,75.3,16.7,83.3,16.7,50.0,26.3,6-7,215.0,79
1642267,Bub Carrington,WAS,17,29.0,8.1,3.5,3.8,2.9,7.8,1.6,4.9,0.7,0.9,january,2024-25,12.8,18.6,49.1,6.4,58.9,3.6,3.7,23.5,0.7,0.0,0.9,4.8,20.0,33.6,,,21.0,8.2,,2.1,,69.6,34.7,65.3,34.7,62.82051282051283,29.0,6-4,190.0,76
203110,Draymond Green,GSW,6,24.7,8.0,4.7,4.7,3.2,7.3,1.0,3.5,0.7,0.8,january,2024-25,18.1,23.7,51.9,7.9,54.8,1.6,1.76,31.8,2.7,0.2,3.3,,9.4,5.1,10.2,,39.8,,10.2,,2.7,59.3,15.8,84.2,15.8,47.945205479452056,24.7,6-6,230.0,78
1642348,Justin Edwards,PHI,16,23.8,7.9,3.1,1.4,3.0,6.7,1.4,4.1,0.5,0.8,january,2024-25,14.3,8.1,56.6,5.3,27.6,0.9,2.02,16.7,0.5,0.0,1.3,,18.5,,,,58.2,,,,,63.5,22.9,77.1,22.9,61.194029850746254,23.8,6-7,203.0,79
1630540,Miles McBride,NYK,10,19.8,7.9,2.0,2.5,3.1,7.5,1.2,4.4,0.5,0.5,january,2024-25,16.4,16.6,51.2,7.9,28.9,1.5,3.19,14.9,0.5,0.0,1.1,4.7,19.5,14.5,,,38.1,11.5,,3.0,,54.1,41.9,58.1,41.9,58.666666666666664,19.8,6-1,195.0,73
1627732,Ben Simmons,LAC,6,25.8,7.8,4.7,7.7,3.7,6.7,0.0,0.0,0.5,0.8,january,2024-25,16.6,41.8,55.7,10.2,66.3,5.2,4.72,23.8,1.3,2.3,2.2,,,,,,,,,,,73.7,59.1,40.9,59.1,0.0,25.8,6-10,240.0,82
1630529,Herbert Jones,NOP,5,32.0,7.8,3.0,3.4,2.8,6.2,1.0,2.8,1.2,1.2,january,2024-25,11.0,13.8,58.0,5.5,43.4,1.9,2.58,21.8,1.0,0.0,0.2,,22.4,10.8,,,37.7,6.3,5.4,,,75.0,7.1,92.9,7.1,45.16129032258064,32.0,6-7,206.0,79
1631260,AJ Green,MIL,9,21.7,7.8,2.6,0.9,2.6,6.2,2.2,5.2,0.4,0.6,january,2024-25,12.9,4.8,60.1,5.0,23.2,0.7,1.72,13.7,0.6,0.0,0.4,,13.4,9.1,4.0,,42.1,12.8,,9.1,,50.0,8.7,91.3,8.7,83.87096774193549,21.7,6-4,190.0,76
1630534,Ochai Agbaji,TOR,9,21.9,7.8,2.6,0.9,3.1,5.9,1.2,3.3,0.3,0.4,january,2024-25,13.1,5.7,63.9,7.8,25.3,0.6,1.41,15.3,0.4,0.0,1.4,,33.5,,,,29.2,,13.5,,10.3,68.2,3.6,96.4,3.6,55.932203389830505,21.9,6-5,215.0,77
1642273,Kyshawn George,WAS,17,25.3,7.7,3.1,2.0,2.6,7.2,1.6,5.2,0.9,1.1,january,2024-25,15.0,11.5,50.0,4.0,40.8,1.7,2.53,19.9,0.2,0.0,0.8,6.1,21.1,29.6,,3.4,17.9,7.5,,3.2,2.7,69.5,27.3,72.7,27.3,72.22222222222221,25.3,6-8,200.0,80
1629234,Drew Eubanks,LAC,13,19.1,7.7,5.8,1.5,3.2,5.3,0.1,0.1,1.3,2.0,january,2024-25,16.0,12.1,62.2,12.8,24.2,0.7,1.74,15.9,3.2,0.4,4.7,,11.3,,36.6,,,,23.9,,8.5,53.2,12.2,87.8,12.2,1.886792452830189,19.1,6-10,245.0,82
1629048,Goga Bitadze,ORL,9,23.2,7.7,6.9,3.2,3.2,6.1,0.1,0.6,1.1,2.3,january,2024-25,15.9,20.6,53.7,13.0,44.6,1.5,1.95,29.2,4.0,0.0,6.1,,10.8,,15.0,,,,26.9,,27.5,66.7,27.6,72.4,27.6,9.836065573770492,23.2,6-10,250.0,82
1630182,Josh Green,CHA,12,27.7,7.6,3.4,1.2,2.5,5.3,1.5,3.6,1.1,1.1,january,2024-25,9.3,5.9,66.2,7.2,27.6,0.9,1.87,15.8,0.5,0.0,0.8,,28.0,,,,61.3,,,,,65.0,16.7,83.3,16.7,67.9245283018868,27.7,6-5,200.0,77
1629638,Nickeil Alexander-Walker,MIN,16,23.5,7.4,3.1,2.1,2.6,7.3,1.7,4.8,0.5,0.9,january,2024-25,15.6,13.0,48.3,5.3,36.9,1.8,2.98,17.6,0.3,0.0,0.9,2.9,27.3,18.8,2.9,,22.7,7.1,2.9,9.1,1.3,70.2,11.9,88.1,11.9,65.75342465753424,23.5,6-5,205.0,77
1628371,Jonathan Isaac,ORL,15,16.9,7.4,5.3,0.7,2.5,5.7,0.6,2.5,1.7,2.6,january,2024-25,17.9,7.1,53.8,13.0,26.0,0.6,1.49,12.9,0.8,0.1,4.4,,12.4,,,,29.5,,16.2,,14.3,56.3,28.9,71.1,28.9,43.859649122807014,16.9,6-10,230.0,82
1630577,Julian Champagnie,SAS,12,19.5,7.3,3.1,0.8,2.4,6.4,1.8,4.8,0.7,0.8,january,2024-25,15.7,5.7,53.7,5.2,25.7,0.7,1.6,13.3,0.3,0.0,0.9,,23.0,,5.3,,43.3,6.5,3.1,9.3,4.3,55.8,13.8,86.2,13.8,74.99999999999999,19.5,6-7,217.0,79
1631217,Moussa Diabaté,CHA,8,21.0,7.3,6.5,0.8,2.9,4.9,0.0,0.0,1.5,2.3,january,2024-25,13.8,5.5,61.8,12.2,21.8,0.5,1.46,16.3,2.4,0.0,6.0,,13.1,,20.1,4.6,,,24.7,,22.3,59.6,30.4,69.6,30.4,0.0,21.0,6-9,210.0,81
1626168,Trey Lyles,SAC,14,19.9,7.2,5.9,1.1,2.6,5.9,1.2,3.8,0.9,1.2,january,2024-25,14.5,8.4,55.8,10.6,31.4,0.9,1.63,17.6,0.6,0.4,2.0,,,,,,,,,,,67.3,11.1,88.9,11.1,64.40677966101694,19.9,6-9,234.0,81
201144,Mike Conley,MIN,15,23.8,7.2,2.4,4.3,2.3,5.6,1.5,3.5,1.1,1.3,january,2024-25,12.8,24.2,58.2,9.1,46.4,3.3,4.25,21.5,0.1,0.0,0.1,,14.8,21.2,,,33.3,13.8,,5.8,,66.7,35.3,64.7,35.3,62.5,23.8,6-0,175.0,72
203995,Vasilije Micic,PHX,13,19.9,7.2,2.2,3.2,2.5,6.3,1.0,3.0,1.2,1.5,january,2024-25,19.2,24.6,51.5,6.7,46.1,3.4,4.43,19.5,0.2,0.0,0.3,,,,,,,,,,,66.7,53.1,46.9,53.1,47.61904761904762,19.9,6-3,188.0,75
1627752,Taurean Prince,MIL,15,25.3,7.1,3.1,2.7,2.5,5.7,1.8,4.0,0.3,0.3,january,2024-25,10.6,12.9,61.7,6.9,28.3,0.8,1.8,17.9,0.1,0.0,0.4,,27.3,,,,54.5,,,,,59.5,10.5,89.5,10.5,70.17543859649122,25.3,6-6,218.0,78
1629216,Gabe Vincent,LAL,8,24.4,7.1,1.0,2.5,2.9,6.3,1.3,4.3,0.1,0.3,january,2024-25,13.3,14.0,56.0,4.3,36.8,2.2,3.67,17.0,0.4,0.0,0.6,,14.9,14.9,,,38.6,,,13.2,,58.8,39.1,60.9,39.1,68.25396825396825,24.4,6-2,200.0,74
1629006,Josh Okogie,CHA,12,15.5,7.1,2.8,1.2,2.3,5.2,0.8,2.2,1.6,1.9,january,2024-25,18.2,11.1,58.9,11.8,22.1,0.7,2.04,13.1,0.3,0.0,1.3,,24.9,,,,41.5,,11.1,,9.7,63.3,21.4,78.6,21.4,42.30769230769231,15.5,6-4,213.0,76
1630590,Scotty Pippen Jr.,MEM,14,18.5,7.1,3.2,3.4,2.4,5.5,0.7,2.1,1.5,2.1,january,2024-25,16.0,24.6,54.9,9.0,39.4,2.6,3.99,16.8,0.4,0.0,1.3,,,,,,,,,,,59.0,44.1,55.9,44.1,38.18181818181819,18.5,6-1,170.0,73
1642274,Yves Missi,NOP,14,27.0,7.1,7.1,1.3,2.7,4.8,0.0,0.0,1.6,2.5,january,2024-25,11.0,6.3,60.1,7.4,30.6,0.8,1.58,19.6,3.4,0.6,6.4,,7.5,,15.0,,12.2,,20.7,,29.1,66.1,34.2,65.8,34.2,0.0,27.0,6-11,235.0,83
1641744,Zach Edey,MEM,14,19.0,6.9,6.3,0.7,2.8,5.3,0.4,1.1,1.0,1.4,january,2024-25,15.0,4.8,58.6,8.1,21.0,0.5,1.41,11.6,0.6,1.1,6.4,,,,14.7,32.8,,,16.4,,15.5,52.4,20.5,79.5,20.5,20.75471698113208,19.0,7-4,305.0,88
1627780,Gary Payton II,GSW,9,15.1,6.9,4.1,1.6,2.6,4.8,0.6,1.4,1.2,1.4,january,2024-25,18.7,16.3,63.6,10.5,30.2,0.9,1.86,15.9,0.8,0.3,2.1,,14.6,,9.3,,21.5,,29.8,,9.8,68.8,8.7,91.3,8.7,29.166666666666668,15.1,6-2,195.0,74
1630573,Sam Hauser,BOS,14,17.1,6.8,2.6,0.8,2.4,5.4,2.1,4.9,0.0,0.0,january,2024-25,14.6,7.4,63.3,9.7,20.6,0.5,1.52,10.8,0.3,0.0,0.2,,20.5,4.3,8.2,,34.1,9.4,,14.2,3.7,63.0,6.1,93.9,6.1,90.74074074074075,17.1,6-7,217.0,79
1631212,Peyton Watson,DEN,17,24.3,6.8,3.6,1.6,2.4,5.6,0.5,1.7,1.5,2.2,january,2024-25,13.4,8.4,51.7,7.2,29.6,1.2,2.38,13.9,1.4,0.0,1.9,6.7,19.0,13.2,3.1,,24.9,5.2,16.2,2.3,3.2,54.2,7.5,92.5,7.5,30.35714285714286,24.3,6-7,200.0,79
1641713,GG Jackson,MEM,6,15.4,6.7,2.8,0.7,2.3,7.3,0.8,3.8,1.2,1.5,january,2024-25,24.0,5.2,41.7,3.7,26.8,1.2,2.62,13.2,0.5,0.0,1.0,,27.1,12.0,,,44.0,,,,,61.5,28.6,71.4,28.6,52.054794520547944,15.4,6-9,210.0,81
1631110,Jeremy Sochan,SAS,6,22.1,6.7,5.3,1.8,3.0,5.5,0.5,1.2,0.2,0.5,january,2024-25,12.8,10.7,58.3,7.3,32.2,1.0,1.95,17.2,1.5,0.2,5.0,,18.9,,12.3,,28.3,,17.0,,,53.8,27.8,72.2,27.8,21.818181818181817,22.1,6-8,230.0,80
1630174,Aaron Nesmith,IND,5,18.4,6.6,2.8,1.0,2.4,5.0,1.0,2.6,0.8,0.8,january,2024-25,13.3,5.8,61.7,5.9,26.8,0.6,1.45,16.2,0.0,0.0,1.0,,19.9,10.4,6.6,,30.9,5.5,,13.7,4.1,62.5,16.7,83.3,16.7,52.0,18.4,6-6,215.0,78
1642354,KJ Simpson,CHA,5,21.8,6.6,2.6,1.8,2.2,8.4,0.8,3.0,1.4,2.0,january,2024-25,19.3,13.2,35.6,2.2,45.6,3.0,3.99,19.6,0.2,0.0,2.0,,10.8,32.5,,,33.3,,,,,66.7,63.6,36.4,63.6,35.714285714285715,21.8,6-0,189.0,72
1631218,Trayce Jackson-Davis,GSW,15,21.2,6.6,6.9,2.1,2.7,5.7,0.0,0.0,1.1,2.1,january,2024-25,14.7,14.9,50.0,9.4,35.9,0.9,1.58,24.9,3.1,0.8,5.6,,16.8,,11.2,,,,33.6,,23.2,63.8,12.2,87.8,12.2,0.0,21.2,6-9,245.0,81
1627827,Dorian Finney-Smith,LAL,11,23.4,6.5,3.2,0.6,2.4,5.0,1.5,3.7,0.4,0.5,january,2024-25,10.8,3.6,62.9,5.3,24.4,0.7,1.74,13.2,0.3,0.0,1.3,,,,,,,,,,,60.5,11.5,88.5,11.5,74.0,23.4,6-7,220.0,79
1628436,Luke Kornet,BOS,16,17.4,6.5,5.1,1.5,2.8,4.0,0.0,0.0,1.0,1.3,january,2024-25,12.7,12.9,71.4,13.5,17.7,0.3,1.13,11.7,1.4,0.1,5.4,,6.6,,21.8,,,,35.0,,23.4,55.1,22.7,77.3,22.7,0.0,17.4,7-1,250.0,85
1630173,Precious Achiuwa,NYK,15,18.7,6.5,4.1,0.7,2.9,5.0,0.2,0.4,0.4,0.8,january,2024-25,13.0,5.1,60.4,9.7,23.9,0.8,2.02,13.1,1.9,0.1,3.7,,22.2,,13.5,,24.7,,12.0,,17.1,59.6,25.0,75.0,25.0,8.0,18.7,6-8,243.0,80
1642347,Jamal Shead,TOR,14,18.2,6.3,0.9,3.6,2.2,5.2,1.0,2.5,0.9,1.1,january,2024-25,16.4,27.0,55.0,6.5,42.1,3.1,4.43,18.2,0.4,0.0,0.6,8.2,13.8,29.5,,,33.0,2.9,2.7,,,65.0,19.4,80.6,19.4,48.07692307692307,18.2,6-1,200.0,73
1630611,Gui Santos,GSW,15,18.2,6.3,3.8,1.8,2.2,4.5,1.2,2.8,0.7,1.0,january,2024-25,12.9,13.4,63.9,8.2,27.7,0.8,1.78,18.7,1.2,0.3,2.6,,13.5,,,,43.6,,18.0,,,48.6,9.1,90.9,9.1,62.22222222222222,18.2,6-6,185.0,78
1642271,Kyle Filipowski,UTA,15,20.7,6.1,5.5,1.7,2.4,5.1,0.6,2.3,0.7,1.1,january,2024-25,13.0,11.5,55.4,8.5,31.7,1.0,1.97,14.8,0.9,0.5,2.6,,16.6,3.1,8.0,4.8,32.5,2.7,10.8,4.3,9.9,73.8,30.6,69.4,30.6,45.09803921568628,20.7,6-11,250.0,83
1629731,Dean Wade,CLE,11,23.7,6.1,4.7,1.7,2.3,5.4,1.5,4.3,0.1,0.1,january,2024-25,10.2,8.6,56.4,5.5,31.0,0.7,1.34,14.8,0.5,0.0,1.2,,28.1,,5.0,,46.7,,12.1,,,68.6,8.0,92.0,8.0,79.62962962962962,23.7,6-9,228.0,81
1631323,Simone Fontecchio,DET,13,17.6,6.1,3.2,0.9,2.2,5.8,0.9,3.0,0.7,1.0,january,2024-25,16.1,7.5,48.3,6.1,25.2,0.7,1.74,12.8,0.1,0.0,0.8,,26.5,,,,43.5,,4.3,10.5,5.2,53.3,27.6,72.4,27.6,51.724137931034484,17.6,6-7,209.0,79
1631119,Jaylin Williams,OKC,14,17.6,6.1,5.9,2.2,2.2,5.6,1.2,3.8,0.4,0.4,january,2024-25,15.3,17.0,52.1,11.7,39.6,1.0,1.46,22.4,0.8,0.0,1.3,,14.8,,21.6,,40.7,,,,,63.3,22.6,77.4,22.6,67.85714285714286,17.6,6-9,240.0,81
1629726,Garrison Mathews,ATL,15,18.3,6.1,2.7,1.3,1.9,5.8,1.4,4.9,0.9,1.2,january,2024-25,15.0,9.5,47.9,4.8,23.5,0.5,1.39,14.0,0.1,0.0,0.1,,,,,,,,,,,68.6,10.7,89.3,10.7,84.48275862068967,18.3,6-6,215.0,78
201143,Al Horford,BOS,11,24.6,6.0,4.9,1.4,2.3,5.8,1.3,3.9,0.2,0.2,january,2024-25,11.0,7.4,50.9,7.4,24.4,0.5,1.12,14.0,0.5,0.4,2.0,,15.0,,12.2,8.9,40.0,,7.8,5.6,,61.8,12.0,88.0,12.0,67.24137931034483,24.6,6-9,240.0,81
1629750,Javonte Green,CLE,13,23.9,6.0,4.6,1.2,1.8,4.2,1.0,2.4,1.3,1.6,january,2024-25,9.3,6.4,60.7,7.5,30.9,0.8,1.59,14.2,0.5,0.0,1.0,,23.5,,3.7,,41.2,,14.7,,4.8,67.6,12.5,87.5,12.5,57.14285714285714,23.9,6-5,205.0,77
1626172,Kevon Looney,GSW,14,17.0,6.0,6.4,1.9,2.6,4.8,0.0,0.1,0.9,1.4,january,2024-25,13.4,16.0,55.7,13.1,30.1,0.7,1.49,19.5,1.6,0.4,3.8,,,,19.3,,,,,,31.6,56.5,36.1,63.9,36.1,2.0833333333333335,17.0,6-9,222.0,81
1629611,Terance Mann,ATL,12,17.5,6.0,2.4,1.5,2.3,4.8,0.8,2.0,0.6,0.7,january,2024-25,14.7,12.9,59.5,8.2,21.7,1.2,3.39,10.3,0.5,0.0,1.5,3.7,22.0,17.9,,,28.9,4.4,6.6,,8.1,53.6,28.6,71.4,28.6,41.66666666666667,17.5,6-5,215.0,77
1631222,Jake LaRavia,SAC,11,19.1,5.9,3.9,2.1,1.8,3.5,0.6,1.5,1.6,2.2,january,2024-25,11.8,13.0,65.6,9.0,30.6,1.3,2.51,13.9,0.5,0.0,1.3,2.5,21.2,,4.5,,42.4,2.5,8.0,,8.0,60.7,45.0,55.0,45.0,42.857142857142854,19.1,6-7,235.0,79
203937,Kyle Anderson,MIA,10,16.3,5.9,3.2,2.3,2.5,4.6,0.4,1.0,0.5,0.7,january,2024-25,14.1,20.2,60.1,10.5,33.3,1.3,2.32,20.3,1.6,0.1,2.1,12.6,16.5,7.9,,,17.3,,14.2,,8.7,68.4,32.0,68.0,32.0,21.73913043478261,16.3,6-9,230.0,81
1628998,Cody Martin,PHX,9,20.9,5.8,4.0,2.3,2.1,5.2,0.7,1.7,0.9,1.3,january,2024-25,13.1,14.1,49.7,7.5,34.4,1.7,2.89,15.3,0.2,0.0,1.0,,,,,,,,,,,50.0,26.3,73.7,26.3,32.69230769230769,20.9,6-6,205.0,78
1630322,Lindy Waters III,DET,13,16.7,5.8,2.5,0.8,2.2,5.2,1.3,3.7,0.2,0.3,january,2024-25,14.9,6.8,54.5,6.7,25.0,0.8,1.87,14.2,0.1,0.0,0.8,,,,,,,,,,,61.8,10.7,89.3,10.7,71.15384615384616,16.7,6-6,210.0,78
1629312,Haywood Highsmith,MIA,16,22.9,5.8,3.1,1.6,2.3,4.9,0.9,2.8,0.2,0.3,january,2024-25,10.7,9.8,56.7,5.7,23.8,0.7,1.88,14.7,0.8,0.0,1.6,,,,,,,,,,,60.0,32.4,67.6,32.4,57.14285714285714,22.9,6-5,220.0,77
1630200,Tre Jones,CHI,12,15.5,5.7,2.0,3.4,2.2,3.8,0.4,0.8,0.9,1.2,january,2024-25,13.0,29.5,65.2,10.2,35.1,2.6,4.48,11.5,0.5,0.0,0.8,4.8,22.7,32.0,,,22.7,4.5,3.0,,,80.0,53.8,46.2,53.8,21.05263157894737,15.5,6-1,185.0,73
1641767,Ben Sheppard,IND,12,21.8,5.4,2.4,1.3,1.8,4.7,1.2,3.3,0.8,0.8,january,2024-25,10.2,6.6,53.8,4.3,29.8,0.7,1.41,17.7,0.3,0.0,1.0,,27.3,10.0,,,38.2,5.0,6.4,,,64.5,33.3,66.7,33.3,70.2127659574468,21.8,6-6,190.0,78
1627936,Alex Caruso,OKC,8,16.9,5.4,2.3,2.5,2.0,5.0,1.1,3.0,0.3,0.4,january,2024-25,13.9,17.9,52.0,8.7,30.3,1.3,2.63,15.3,1.1,0.0,2.0,,19.9,8.2,7.0,,45.6,,,,,63.6,6.3,93.8,6.3,60.0,16.9,6-5,186.0,77
1630241,Sam Merrill,CLE,11,16.6,5.3,2.2,1.8,1.8,5.5,1.2,4.5,0.5,0.5,january,2024-25,15.3,14.2,45.9,6.2,18.8,0.4,1.43,13.3,0.5,0.0,1.1,,17.3,6.0,10.2,,36.8,10.5,3.8,4.5,,56.3,15.0,85.0,15.0,81.81818181818183,16.6,6-4,205.0,76
201988,Patty Mills,LAC,8,15.3,5.3,1.6,1.0,1.9,5.6,1.3,4.1,0.3,0.3,january,2024-25,17.7,10.4,45.8,5.5,22.0,1.4,3.95,9.1,0.3,0.0,0.1,,,,,,,,,,,57.1,33.3,66.7,33.3,73.21428571428571,15.3,6-2,180.0,74
1630558,Davion Mitchell,MIA,13,21.1,5.2,1.6,3.9,2.1,4.2,0.9,1.9,0.2,0.2,january,2024-25,11.3,22.6,60.4,5.9,41.2,2.8,4.11,16.5,0.2,0.0,0.3,28.6,19.3,8.1,,,35.6,,,,,55.6,48.1,51.9,48.1,45.238095238095234,21.1,6-0,202.0,72
1626220,Royce O'Neale,PHX,10,21.8,5.2,4.1,1.1,1.9,6.1,1.3,5.1,0.1,0.1,january,2024-25,14.1,6.6,42.3,4.0,38.3,1.1,1.71,18.5,0.1,0.0,0.6,,26.0,8.3,2.7,,43.8,3.9,,3.6,,63.2,10.5,89.5,10.5,83.60655737704919,21.8,6-6,226.0,78
1642266,Ja'Kobe Walter,TOR,11,15.5,5.1,1.7,1.3,1.7,4.3,0.7,2.2,0.9,1.4,january,2024-25,14.0,11.5,52.2,6.1,17.5,0.6,2.08,10.8,0.2,0.0,0.6,,22.4,,,,48.5,,12.8,,,69.6,5.3,94.7,5.3,51.162790697674424,15.5,6-5,180.0,77
1628464,Daniel Theis,NOP,15,19.1,4.9,5.3,1.7,1.9,3.7,0.3,1.0,0.9,1.1,january,2024-25,10.4,11.8,57.5,8.6,26.5,0.7,1.61,16.3,1.8,0.2,3.8,,,,,,,,,,,59.3,28.6,71.4,28.6,27.027027027027025,19.1,6-8,245.0,80
1642262,Cody Williams,UTA,7,25.8,4.9,1.9,1.9,1.7,6.1,0.7,3.0,0.7,1.1,january,2024-25,12.3,10.7,36.5,0.9,31.1,1.3,2.51,16.0,0.1,0.0,0.3,,26.3,,,,39.5,,14.7,,,60.9,33.3,66.7,33.3,49.180327868852466,25.8,6-7,190.0,79
1631200,Kris Murray,POR,14,16.6,4.8,2.4,1.2,2.0,4.4,0.4,1.7,0.4,0.7,january,2024-25,12.8,10.3,51.2,6.6,15.6,0.5,1.88,9.9,0.2,0.0,1.4,,23.6,,,,40.4,,11.8,,11.3,55.6,17.9,82.1,17.9,38.63636363636363,16.6,6-8,216.0,80
1631216,Caleb Houstan,ORL,13,21.5,4.7,1.9,0.8,1.5,4.9,1.3,4.4,0.3,0.3,january,2024-25,10.7,6.0,46.4,2.5,21.4,0.5,1.49,14.4,0.3,0.0,0.6,,,,,,,,,,,75.0,5.0,95.0,5.0,89.79591836734694,21.5,6-8,205.0,80
1630243,Trevelin Queen,ORL,13,15.7,4.7,2.0,1.5,1.8,5.5,0.6,2.9,0.4,0.5,january,2024-25,16.7,16.1,41.2,5.3,22.8,1.1,2.99,14.2,0.3,0.0,1.5,,,,,,,,,,,62.5,29.2,70.8,29.2,52.72727272727272,15.7,6-5,190.0,77
1630191,Isaiah Stewart,DET,15,18.5,4.6,5.7,1.6,2.1,4.3,0.1,0.7,0.3,0.5,january,2024-25,11.4,12.3,50.4,9.6,22.8,0.6,1.7,14.3,3.1,0.3,3.5,,10.3,,13.9,10.3,23.9,,19.2,,11.8,68.9,22.6,77.4,22.6,16.279069767441857,18.5,6-8,250.0,80
1629637,Jaxson Hayes,LAL,14,16.1,4.6,3.7,0.8,1.9,3.0,0.0,0.1,0.9,1.1,january,2024-25,11.3,7.0,65.3,8.6,19.0,0.4,1.35,10.4,1.2,0.0,3.7,,13.2,,26.5,,,,34.4,,13.2,42.9,7.7,92.3,7.7,3.3333333333333335,16.1,7-0,220.0,84
1641748,Andre Jackson Jr.,MIL,14,15.7,4.4,3.6,1.5,1.9,3.0,0.4,0.9,0.1,0.2,january,2024-25,10.5,12.7,71.6,8.0,19.9,0.5,1.46,10.9,1.2,0.0,3.1,,,,,,,,,,,56.5,22.2,77.8,22.2,30.0,15.7,6-6,209.0,78
1642270,Donovan Clingan,POR,10,17.5,4.3,7.6,1.3,1.8,3.5,0.1,0.6,0.6,0.8,january,2024-25,11.4,10.2,55.8,11.0,22.4,0.6,1.53,15.1,1.1,0.1,5.2,,7.7,,23.3,,15.4,,19.2,,25.4,56.4,38.9,61.1,38.9,17.142857142857142,17.5,7-2,280.0,86
1628467,Maxi Kleber,LAL,13,18.6,4.2,2.1,1.9,1.5,3.8,0.6,2.2,0.5,0.7,january,2024-25,10.8,14.7,51.9,3.9,22.3,0.7,1.8,16.5,0.5,0.2,1.2,,,,,,,,,,,72.2,15.0,85.0,15.0,57.89473684210527,18.6,6-10,240.0,82
1641737,Adem Bona,PHI,16,15.0,4.1,3.9,0.5,1.5,2.2,0.0,0.0,1.1,1.9,january,2024-25,11.3,4.5,66.8,5.6,16.5,0.5,1.65,9.9,1.1,0.1,2.9,,10.8,,8.5,,,,21.5,,30.8,65.5,33.3,66.7,33.3,0.0,15.0,6-10,235.0,82
1629057,Robert Williams III,POR,6,18.7,3.8,7.2,0.8,1.7,3.3,0.0,0.0,0.5,0.7,january,2024-25,10.5,7.1,52.8,11.5,21.2,0.5,1.29,14.2,1.3,0.0,4.0,,,,17.1,,9.8,,32.5,,20.3,22.2,20.0,80.0,20.0,0.0,18.7,6-9,249.0,81
1630695,Micah Potter,UTA,9,18.6,3.8,3.0,0.3,1.3,3.7,0.8,2.7,0.3,0.3,january,2024-25,10.3,2.7,49.5,4.0,20.9,0.5,1.52,10.2,0.8,0.0,1.0,,,,,,,,,,,55.6,8.3,91.7,8.3,72.97297297297297,18.6,6-9,248.0,81
203486,Mason Plumlee,PHX,15,17.2,3.6,6.5,1.9,1.4,2.5,0.0,0.1,0.8,1.1,january,2024-25,9.4,13.1,61.3,10.1,28.1,0.8,1.68,13.4,1.9,0.2,3.7,,,,,,,,,,,52.0,23.8,76.2,23.8,4.0,17.2,6-10,254.0,82
200768,Kyle Lowry,PHI,7,18.2,3.6,2.1,2.9,1.0,3.0,0.7,2.3,0.9,0.9,january,2024-25,10.2,19.8,52.9,6.8,31.3,1.3,2.5,13.9,0.3,0.0,0.6,,,,,,,,,,,81.8,28.6,71.4,28.6,76.66666666666666,18.2,6-0,196.0,72
1641989,Elijah Harkless,UTA,9,15.0,3.6,2.3,0.9,1.2,3.9,0.8,2.8,0.3,0.7,january,2024-25,12.3,7.5,42.5,4.0,20.9,0.8,2.38,9.3,0.7,0.0,0.4,,,,,,,,,,,76.5,18.2,81.8,18.2,71.7948717948718,15.0,6-3,195.0,75
1630526,Jeremiah Robinson-Earl,NOP,11,15.0,3.0,4.9,1.5,1.3,2.6,0.5,1.5,0.0,0.0,january,2024-25,8.6,11.4,56.9,8.4,21.1,0.6,1.68,9.7,0.4,0.1,1.5,,20.2,,,,38.1,,,,20.2,50.0,21.4,78.6,21.4,57.692307692307686,15.0,6-8,240.0,80
201587,Nicolas Batum,LAC,13,15.1,2.6,2.8,0.8,0.9,2.5,0.7,2.1,0.1,0.1,january,2024-25,7.4,7.5,52.4,6.1,19.7,0.4,1.26,8.5,0.2,0.0,0.8,,14.2,,,,68.9,,,,,51.4,16.7,83.3,16.7,84.00000000000001,15.1,6-8,230.0,80
1630556,Kessler Edwards,DAL,7,15.4,2.6,3.1,1.1,1.0,2.3,0.3,1.1,0.3,0.3,january,2024-25,7.2,8.5,53.3,6.1,18.9,0.5,1.47,8.1,0.6,0.0,0.6,,,,,,,,,,,37.5,14.3,85.7,14.3,47.82608695652175,15.4,6-7,203.0,79
1627739,Kris Dunn,LAC,9,18.4,2.6,2.1,2.3,1.1,3.9,0.3,2.2,0.0,0.0,january,2024-25,11.4,16.8,32.9,2.0,35.1,1.7,2.95,11.2,0.2,0.0,0.9,3.9,19.3,9.6,5.5,,38.6,,9.6,,3.2,57.9,30.0,70.0,30.0,56.41025641025642,18.4,6-3,205.0,75
1628983,Shai Gilgeous-Alexander,OKC,13,33.3,31.7,4.9,6.8,10.2,20.2,2.3,5.5,8.9,10.3,february,2024-25,32.3,29.4,64.0,18.7,72.2,6.5,5.38,27.1,0.7,0.5,1.1,26.3,14.1,37.3,,4.7,6.2,2.1,3.3,1.6,,60.5,75.2,24.8,75.2,27.22772277227723,33.3,6-6,195.0,78
201939,Stephen Curry,GSW,11,33.1,30.7,3.8,5.4,10.1,22.0,5.3,13.9,5.3,5.7,february,2024-25,33.0,26.3,62.7,15.8,76.3,5.3,4.18,37.6,0.7,0.0,1.5,10.1,13.8,21.1,,,11.6,12.0,7.0,18.0,1.3,51.7,38.7,61.3,38.7,63.18181818181819,33.1,6-2,185.0,74
1630162,Anthony Edwards,MIN,10,36.2,30.7,7.5,4.8,9.1,23.3,4.0,11.9,8.5,10.0,february,2024-25,34.7,22.7,55.4,14.3,77.3,7.0,5.4,33.5,0.6,0.5,1.0,23.4,15.7,23.5,,4.9,12.9,7.3,2.0,4.8,1.2,66.7,69.2,30.8,69.2,51.072961373390555,36.2,6-4,225.0,76
2544,LeBron James,LAL,11,35.2,29.3,10.5,6.9,11.0,19.8,3.2,7.2,4.1,5.5,february,2024-25,32.3,35.2,65.8,21.2,88.4,5.6,3.79,44.8,2.9,2.5,2.7,12.8,24.5,12.5,3.1,12.1,12.6,,5.7,7.5,1.9,58.8,56.2,43.8,56.2,36.36363636363637,35.2,6-9,250.0,81
1628369,Jayson Tatum,BOS,11,36.9,28.3,8.4,7.0,10.2,21.7,3.8,10.4,4.1,5.1,february,2024-25,31.3,31.2,59.0,16.6,90.1,6.3,4.2,43.0,1.5,1.6,1.4,,,,,,,,,,,71.2,66.1,33.9,66.1,47.92626728110599,36.9,6-8,210.0,80
1629027,Trae Young,ATL,12,37.4,28.3,2.4,11.6,8.8,20.8,3.1,10.1,7.7,8.8,february,2024-25,31.7,44.3,57.4,12.4,94.7,9.2,5.8,29.9,0.4,0.0,0.3,12.0,20.4,39.3,,,8.4,10.5,,,,61.2,71.4,28.6,71.4,48.5576923076923,37.4,6-1,164.0,73
1626164,Devin Booker,PHX,12,38.6,28.0,3.7,7.3,9.3,19.3,2.6,7.4,6.8,7.3,february,2024-25,28.5,31.5,62.3,12.1,72.4,4.9,4.06,49.7,1.0,0.7,1.7,14.0,15.7,33.1,1.8,3.8,9.5,7.5,1.6,7.5,1.7,64.2,54.5,45.5,54.5,38.3419689119171,38.6,6-6,206.0,78
202681,Kyrie Irving,DAL,9,39.4,27.8,5.9,4.2,9.9,21.6,3.0,8.1,5.0,5.3,february,2024-25,28.0,18.4,58.1,13.6,73.7,4.9,3.95,38.7,1.2,1.0,2.4,,,,,,,,,,,65.2,56.2,43.8,56.2,37.49999999999999,39.4,6-2,195.0,74
203999,Nikola Jokić,DEN,12,34.8,27.3,12.3,11.6,10.2,16.7,1.7,5.0,5.3,6.2,february,2024-25,27.0,43.4,70.3,21.5,103.4,4.8,2.77,53.3,9.2,8.8,7.9,5.3,10.1,9.7,13.0,22.8,9.0,,7.3,5.3,9.3,63.3,34.4,65.6,34.4,29.940119760479046,34.8,6-11,284.0,83
1628973,Jalen Brunson,NYK,11,35.4,26.7,3.1,6.8,9.4,19.4,2.0,5.5,6.0,7.0,february,2024-25,29.9,29.6,59.5,13.3,75.5,7.7,6.1,27.9,0.6,1.1,0.2,14.4,14.3,36.0,,3.3,16.4,5.6,1.9,2.5,,61.7,76.7,23.3,76.7,28.35051546391753,35.4,6-2,190.0,74
1630595,Cade Cunningham,DET,11,34.2,25.9,5.5,10.1,9.0,19.9,2.2,6.0,5.7,6.2,february,2024-25,30.4,39.9,57.2,15.6,87.5,8.0,5.49,34.7,1.8,1.4,1.3,11.5,17.5,38.7,,3.5,8.5,8.4,1.6,4.4,1.3,63.8,68.7,31.3,68.7,30.150753768844226,34.2,6-6,220.0,78
1630178,Tyrese Maxey,PHI,10,38.1,25.9,3.3,5.8,9.0,19.8,2.8,8.4,5.1,5.5,february,2024-25,27.2,25.4,58.3,11.4,91.3,7.3,4.83,36.8,0.2,0.2,0.2,14.5,21.9,26.2,1.3,1.4,14.3,6.7,3.0,5.4,,55.3,53.3,46.7,53.3,42.42424242424242,38.1,6-2,200.0,74
1628378,Donovan Mitchell,CLE,10,30.6,25.8,4.2,5.3,9.1,18.7,3.2,8.4,4.4,5.6,february,2024-25,30.7,24.9,61.0,15.0,58.5,5.0,5.15,21.4,0.2,0.2,0.6,11.4,22.8,34.1,1.5,,11.4,6.9,1.9,3.8,1.6,59.3,72.5,27.5,72.5,44.919786096256686,30.6,6-3,215.0,75
203081,Damian Lillard,MIL,9,36.4,25.8,4.8,7.6,7.7,17.7,3.8,10.1,6.7,7.4,february,2024-25,28.2,31.6,61.5,13.6,90.2,7.8,5.17,30.2,0.9,0.0,0.4,,,,,,,,,,,59.3,68.1,31.9,68.1,57.06214689265536,36.4,6-2,195.0,74
1630532,Franz Wagner,ORL,12,34.1,25.7,5.9,3.7,9.9,20.8,1.6,5.5,4.3,5.3,february,2024-25,31.0,19.0,55.6,14.3,65.2,4.5,4.18,33.5,2.0,1.3,2.4,7.6,20.4,22.9,2.9,6.9,16.6,3.2,6.7,3.6,4.4,63.2,58.8,41.2,58.8,26.442307692307693,34.1,6-10,220.0,82
201142,Kevin Durant,PHX,10,39.4,25.5,4.8,4.6,9.6,17.4,2.3,6.1,4.0,4.7,february,2024-25,24.6,17.8,65.5,12.6,61.6,3.3,3.2,42.1,1.2,2.8,0.5,20.8,13.5,18.4,1.7,7.3,15.2,7.5,2.3,7.5,1.1,58.8,44.8,55.2,44.8,35.05747126436782,39.4,6-11,240.0,83
1626181,Norman Powell,LAC,5,36.4,25.4,3.0,2.4,8.8,18.6,3.0,8.2,4.8,6.4,february,2024-25,26.5,10.3,59.3,10.4,45.4,2.1,2.74,28.4,1.4,0.0,1.2,10.9,24.6,11.3,,,32.5,3.8,1.5,10.9,,66.7,20.5,79.5,20.5,44.08602150537634,36.4,6-4,215.0,76
1629627,Zion Williamson,NOP,9,28.0,25.3,6.6,5.0,10.1,16.2,0.1,0.1,5.0,8.0,february,2024-25,30.9,30.4,64.2,17.9,68.0,4.1,3.63,33.0,2.9,3.6,4.4,23.8,15.0,15.3,4.8,10.2,5.5,2.6,10.5,,8.6,50.0,57.1,42.9,57.1,0.617283950617284,28.0,6-6,284.0,78
203507,Giannis Antetokounmpo,MIL,6,29.4,24.8,11.7,5.7,10.2,17.0,0.7,1.7,3.8,7.0,february,2024-25,33.8,35.4,61.8,20.2,71.8,4.7,3.94,36.2,5.0,5.3,4.8,10.9,26.0,7.7,6.4,20.2,6.1,,7.9,,8.9,42.9,52.5,47.5,52.5,10.0,29.4,6-11,243.0,83
1627750,Jamal Murray,DEN,11,35.6,24.7,2.5,5.6,9.3,17.6,3.6,7.0,2.5,2.9,february,2024-25,24.1,20.9,65.4,11.6,65.9,5.1,4.62,32.7,1.2,0.6,0.9,14.6,13.0,35.4,,2.9,8.6,11.5,3.8,4.0,,59.7,53.9,46.1,53.9,39.77272727272727,35.6,6-4,215.0,76
1626157,Karl-Anthony Towns,NYK,10,36.9,24.3,11.6,2.4,9.0,18.3,2.3,5.2,4.0,4.9,february,2024-25,25.5,9.2,59.4,12.5,55.2,2.1,2.26,32.8,1.2,2.6,3.9,10.0,15.2,1.6,13.8,11.1,19.9,1.9,5.9,2.3,12.6,71.9,36.7,63.3,36.7,28.415300546448087,36.9,7-0,248.0,84
1629639,Tyler Herro,MIA,11,36.4,24.1,4.9,7.0,8.2,19.9,2.5,9.8,5.2,6.1,february,2024-25,30.5,31.6,53.3,12.9,78.4,5.7,4.4,37.2,0.4,0.0,0.9,13.3,27.7,13.9,,,32.4,,,5.8,,55.9,57.8,42.2,57.8,49.2462311557789,36.4,6-5,195.0,77
1631094,Paolo Banchero,ORL,12,32.7,23.6,6.1,4.9,8.3,19.8,1.7,6.3,5.4,7.4,february,2024-25,33.0,28.5,51.1,13.9,70.3,4.4,3.8,37.1,2.1,2.3,1.6,14.7,19.8,19.4,5.2,9.3,15.4,2.6,4.7,3.6,2.6,62.9,51.5,48.5,51.5,31.818181818181817,32.7,6-10,250.0,82
201942,DeMar DeRozan,SAC,11,35.3,23.5,4.5,4.8,8.1,15.8,1.7,3.9,5.6,6.2,february,2024-25,22.9,20.2,63.5,13.5,49.1,3.7,4.48,30.3,0.5,2.4,0.5,19.9,10.0,17.6,1.7,12.0,19.1,6.1,3.9,4.6,1.7,61.7,51.7,48.3,51.7,24.68354430379747,35.3,6-6,220.0,78
203078,Bradley Beal,PHX,7,35.3,23.0,4.6,4.9,8.3,14.9,1.9,4.1,4.6,4.9,february,2024-25,23.6,22.1,67.7,13.2,75.3,5.3,4.25,31.3,0.3,0.1,1.4,,,21.3,,,24.6,,,,,80.0,46.6,53.4,46.6,27.516778523489933,35.3,6-4,207.0,76
203897,Zach LaVine,SAC,9,36.2,22.9,3.8,4.2,8.2,16.8,2.9,7.8,3.6,3.9,february,2024-25,24.2,16.7,61.9,10.8,60.9,4.2,4.15,30.1,0.3,0.2,1.6,9.3,23.5,19.5,4.0,,22.7,6.3,3.4,8.5,,51.4,44.6,55.4,44.6,46.42857142857142,36.2,6-5,200.0,77
1628991,Jaren Jackson Jr.,MEM,11,30.6,22.8,5.3,2.3,7.8,16.4,2.0,5.3,5.2,7.2,february,2024-25,27.8,11.6,58.4,11.5,43.6,2.1,2.84,25.8,0.5,2.3,1.3,11.1,15.3,2.1,9.7,19.8,26.4,1.5,3.4,,3.9,51.9,34.9,65.1,34.9,32.31707317073171,30.6,6-10,242.0,82
1629630,Ja Morant,MEM,9,32.3,22.6,3.8,7.1,7.6,18.8,1.4,6.0,6.0,6.7,february,2024-25,31.0,32.5,51.9,10.9,61.4,5.0,4.92,24.7,0.1,0.4,0.7,14.1,19.6,40.4,,,11.0,5.0,2.4,,,67.9,72.1,27.9,72.1,31.914893617021274,32.3,6-2,174.0,74
201935,James Harden,LAC,11,37.7,22.5,6.1,9.0,6.6,18.5,3.1,9.9,6.2,7.3,february,2024-25,28.4,35.0,52.1,11.7,88.4,7.6,5.15,37.5,0.8,0.0,1.2,42.5,13.1,25.0,,1.3,7.5,4.6,,,,57.1,71.2,28.8,71.2,53.51351351351351,37.7,6-5,220.0,77
1630224,Jalen Green,HOU,12,34.9,22.5,4.6,4.4,8.4,19.6,3.3,9.2,2.3,3.6,february,2024-25,28.1,20.3,53.2,10.5,70.6,6.2,5.29,26.7,0.2,0.0,0.3,,,,,,,,,,,55.7,66.3,33.7,66.3,46.938775510204074,34.9,6-4,186.0,76
203954,Joel Embiid,PHI,6,32.0,22.5,8.7,5.8,6.8,16.0,1.2,4.7,7.7,9.5,february,2024-25,31.2,31.8,55.7,14.3,67.8,2.5,2.19,52.5,3.7,5.5,3.7,12.3,7.0,,22.0,21.7,12.9,2.3,6.6,1.8,7.1,47.5,36.6,63.4,36.6,29.375,32.0,7-0,280.0,84
1627759,Jaylen Brown,BOS,8,33.2,22.4,6.4,4.1,8.8,16.9,1.6,4.8,3.3,3.8,february,2024-25,28.2,19.5,60.4,12.6,56.0,3.7,3.93,30.0,0.9,2.0,3.4,20.6,20.4,22.2,1.8,4.7,13.0,4.1,1.1,7.4,1.8,62.2,54.3,45.7,54.3,28.402366863905325,33.2,6-6,223.0,78
1629673,Jordan Poole,WAS,11,32.4,22.3,4.0,4.6,7.5,17.5,3.0,10.1,4.4,4.8,february,2024-25,29.2,23.5,56.9,11.1,68.8,4.5,3.91,32.4,0.2,0.0,0.7,7.9,19.9,30.6,,,14.3,12.9,,5.4,,76.3,56.1,43.9,56.1,57.71428571428571,32.4,6-4,194.0,76
1641705,Victor Wembanyama,SAS,6,33.6,22.2,11.7,3.7,8.2,17.2,2.0,6.7,3.8,5.0,february,2024-25,26.6,17.3,57.2,15.8,53.5,2.1,2.35,36.2,4.2,1.8,5.2,14.5,16.8,6.7,8.2,11.7,13.5,2.6,8.6,7.5,6.1,57.1,22.4,77.6,22.4,38.95348837209303,33.6,7-3,235.0,87
1629628,RJ Barrett,TOR,7,33.8,22.1,5.1,5.4,8.6,17.3,2.0,5.4,3.0,4.4,february,2024-25,27.0,27.3,57.6,12.8,68.0,3.5,3.07,35.3,1.4,0.3,2.3,2.7,28.5,18.0,,2.4,23.8,6.6,7.3,3.4,3.4,60.6,41.7,58.3,41.7,31.213872832369944,33.8,6-6,214.0,78
1630559,Austin Reaves,LAL,12,32.4,22.0,4.3,5.6,6.1,13.5,2.5,7.2,7.3,7.9,february,2024-25,25.2,25.6,64.8,14.3,73.5,5.1,4.16,34.9,0.4,0.0,0.4,13.5,15.8,35.6,,,14.0,5.6,,5.6,,61.5,58.9,41.1,58.9,53.333333333333336,32.4,6-5,197.0,77
1629008,Michael Porter Jr.,DEN,9,34.8,22.0,9.4,2.2,8.4,17.0,3.0,7.1,2.1,2.4,february,2024-25,23.4,8.4,60.9,11.8,49.6,1.7,2.05,31.9,1.4,0.3,5.8,6.9,13.2,5.7,2.7,2.5,21.5,16.9,8.5,13.1,4.9,54.1,28.9,71.1,28.9,41.764705882352935,34.8,6-10,218.0,82
203468,CJ McCollum,NOP,9,32.3,21.9,4.4,3.9,7.9,17.3,3.2,8.0,2.9,3.4,february,2024-25,26.9,18.9,58.1,10.2,66.4,4.1,3.74,29.2,0.9,0.0,0.8,8.8,18.2,31.4,,,17.8,9.7,,6.3,,63.6,39.4,60.6,39.4,46.24277456647399,32.3,6-3,190.0,75
1628970,Miles Bridges,CHA,13,32.3,21.4,8.2,3.8,7.8,18.9,2.5,7.0,3.2,3.7,february,2024-25,29.5,21.1,52.0,13.7,66.6,3.9,3.52,35.0,0.6,0.4,1.5,9.0,16.5,14.9,7.4,4.9,29.8,7.2,3.2,,2.1,58.0,42.2,57.8,42.2,37.03703703703704,32.3,6-7,225.0,79
1628389,Bam Adebayo,MIA,11,35.4,21.2,9.8,3.5,8.6,15.6,1.3,3.2,2.6,3.5,february,2024-25,24.3,18.4,61.7,14.7,65.4,3.2,2.94,40.5,5.1,2.5,7.2,8.0,20.2,,9.1,11.3,30.1,,7.1,2.4,6.5,62.0,31.6,68.4,31.6,20.512820512820515,35.4,6-9,255.0,81
1630530,Trey Murphy III,NOP,11,36.7,21.2,5.3,5.8,7.0,16.8,3.3,8.4,3.9,4.4,february,2024-25,23.6,23.1,56.5,10.7,67.2,3.6,3.23,37.4,1.1,0.1,1.6,6.6,20.1,16.5,2.1,,23.4,9.4,8.3,7.1,3.2,74.1,31.2,68.8,31.2,50.0,36.7,6-8,206.0,80
1629029,Luka Dončić,LAL,7,31.0,21.0,8.6,6.4,6.7,18.0,2.0,8.3,5.6,7.3,february,2024-25,32.9,33.6,49.5,13.3,74.7,5.6,4.5,35.7,0.6,1.6,1.9,16.0,14.3,36.3,,7.6,8.7,2.3,1.3,7.4,1.7,56.3,48.9,51.1,48.9,46.111111111111114,31.0,6-6,230.0,78
1627783,Pascal Siakam,IND,12,32.5,20.9,7.3,2.7,7.7,15.8,1.7,4.2,3.9,5.1,february,2024-25,25.3,12.6,58.1,12.7,54.5,1.9,2.14,33.5,2.3,3.8,5.2,13.3,20.6,13.9,6.5,11.3,16.2,3.0,3.2,4.0,5.0,54.8,19.6,80.4,19.6,26.582278481012654,32.5,6-8,245.0,80
1628381,John Collins,UTA,9,32.8,20.7,7.8,0.9,7.7,14.1,1.4,4.3,3.9,4.8,february,2024-25,22.7,4.2,63.7,12.1,53.9,1.7,1.87,28.2,2.4,1.1,5.8,,18.7,,6.3,9.1,33.6,2.3,10.3,,9.8,60.0,20.3,79.7,20.3,30.49645390070922,32.8,6-9,226.0,81
1630596,Evan Mobley,CLE,11,29.7,20.4,10.1,3.8,7.8,13.8,1.1,3.6,3.6,4.8,february,2024-25,23.8,18.3,63.9,17.9,58.6,2.3,2.37,29.5,2.8,0.7,7.1,4.7,16.0,9.5,14.3,8.0,17.9,1.6,13.8,2.7,6.5,55.4,32.6,67.4,32.6,26.08695652173913,29.7,6-11,215.0,83
1631114,Jalen Williams,OKC,11,32.7,20.4,5.1,5.3,7.6,16.1,1.9,5.1,3.2,4.1,february,2024-25,25.0,21.9,56.9,12.1,65.2,4.2,3.83,30.2,0.8,0.0,1.5,14.8,21.0,36.0,,,16.9,3.0,4.3,,,52.4,56.0,44.0,56.0,31.677018633540367,32.7,6-5,211.0,77
1630217,Desmond Bane,ORL,9,35.4,20.0,7.1,5.1,7.0,14.9,2.2,6.3,3.8,4.1,february,2024-25,22.0,20.6,59.9,12.0,66.4,4.1,3.69,26.6,0.7,0.1,1.3,7.0,19.3,25.5,,,17.4,7.4,4.1,9.1,3.8,60.6,47.6,52.4,47.6,42.281879194630875,35.4,6-5,215.0,77
1630581,Josh Giddey,CHI,11,32.7,19.8,8.1,6.4,6.7,13.5,2.7,5.1,3.6,4.4,february,2024-25,23.3,29.3,64.5,14.6,83.1,4.8,3.48,32.0,0.5,0.0,1.8,5.0,22.8,38.8,,,16.0,4.5,4.3,,,56.7,40.5,59.5,40.5,37.77777777777778,32.7,6-8,216.0,80
1629014,Anfernee Simons,POR,12,33.5,19.7,2.8,6.1,6.8,16.0,3.1,8.8,2.9,3.3,february,2024-25,23.8,27.7,56.3,11.6,68.3,5.1,4.48,29.7,0.3,0.0,0.3,18.2,14.5,28.8,,,19.8,7.2,,4.9,,67.3,62.2,37.8,62.2,55.00000000000001,33.5,6-3,200.0,75
1628368,De'Aaron Fox,SAS,11,34.2,19.6,4.4,6.5,7.2,16.5,1.6,5.9,3.6,4.6,february,2024-25,25.7,28.7,52.8,10.7,74.5,5.1,4.07,31.5,0.6,0.3,1.0,10.1,22.8,29.1,,,18.1,6.4,2.0,3.7,1.7,62.3,51.9,48.1,51.9,35.75757575757576,34.2,6-3,185.0,75
1629675,Naz Reid,MIN,13,35.5,19.5,9.5,3.3,7.2,16.7,2.8,8.2,2.4,2.8,february,2024-25,22.6,14.0,54.3,12.1,65.6,2.0,1.86,37.2,1.8,1.2,2.7,3.8,17.2,4.8,9.1,8.1,30.7,4.7,3.6,8.4,4.3,61.1,30.1,69.9,30.1,49.101796407185624,35.5,6-9,264.0,81
1630567,Scottie Barnes,TOR,11,34.9,19.3,6.6,5.4,7.1,16.5,1.2,4.4,3.9,4.7,february,2024-25,25.6,25.1,51.7,13.2,75.8,4.0,3.16,39.3,2.1,1.6,3.2,7.9,21.7,13.1,5.7,10.7,19.7,2.2,9.3,1.5,5.0,59.4,51.3,48.7,51.3,26.666666666666668,34.9,6-7,237.0,79
203952,Andrew Wiggins,MIA,7,35.3,18.9,4.4,3.1,5.6,14.3,1.7,6.1,6.0,7.7,february,2024-25,24.8,15.2,53.3,9.2,54.9,3.0,3.26,38.7,0.4,2.6,2.0,10.9,22.1,7.6,,6.8,32.5,2.0,3.8,2.5,7.8,60.6,46.2,53.8,46.2,42.65734265734265,35.3,6-7,197.0,79
1630169,Tyrese Haliburton,IND,12,33.4,18.8,2.8,9.2,6.8,13.6,3.4,7.5,1.8,1.9,february,2024-25,20.4,38.7,65.3,14.7,96.0,5.8,3.61,36.0,0.1,0.0,0.2,,,,,,,,,,,65.2,51.2,48.8,51.2,55.14705882352941,33.4,6-5,185.0,77
1629636,Darius Garland,CLE,9,28.9,18.8,2.7,6.1,6.7,15.2,2.8,6.7,2.7,3.3,february,2024-25,27.0,29.4,56.3,12.0,57.6,4.5,4.71,21.4,0.2,0.0,0.1,6.7,16.2,41.8,,,17.1,5.4,3.1,2.9,,65.5,53.3,46.7,53.3,44.078947368421055,28.9,6-1,192.0,73
203903,Jordan Clarkson,UTA,8,30.3,18.8,3.3,4.0,6.4,16.1,3.5,8.9,2.5,3.1,february,2024-25,24.8,19.6,53.6,9.5,51.9,3.1,3.56,31.3,0.6,0.0,0.9,5.2,25.6,12.3,,,36.0,7.8,4.2,,3.9,65.4,41.2,58.8,41.2,55.27950310559005,30.3,6-3,194.0,75
1630598,Aaron Wiggins,OKC,13,27.5,18.7,5.1,1.9,7.2,13.2,2.8,6.1,1.6,1.8,february,2024-25,22.1,9.4,66.7,13.2,40.2,2.0,3.01,21.0,0.6,0.1,2.6,6.3,22.9,8.6,,,44.9,,3.3,4.0,,54.9,29.0,71.0,29.0,46.21212121212121,27.5,6-5,190.0,77
1630183,Jaden McDaniels,MIN,13,37.3,18.5,8.4,2.9,7.1,14.8,1.3,4.5,3.0,3.4,february,2024-25,19.9,12.1,56.8,11.6,54.7,2.1,2.35,27.6,1.2,0.0,3.2,2.3,27.6,10.3,,,36.8,5.2,5.0,3.2,3.9,54.5,35.9,64.1,35.9,30.405405405405407,37.3,6-9,185.0,81
1627736,Malik Beasley,DET,12,25.6,18.4,2.8,1.7,6.3,12.9,4.9,10.3,0.8,1.4,february,2024-25,22.1,9.4,68.0,11.9,35.8,1.1,1.86,25.5,0.2,0.0,0.1,,,,,,,,,,,54.1,11.8,88.2,11.8,79.84496124031008,25.6,6-4,187.0,76
1628404,Josh Hart,NYK,9,38.5,18.2,9.8,6.1,7.0,12.8,0.6,2.3,3.7,4.7,february,2024-25,19.5,21.2,61.4,12.0,65.1,2.9,2.63,28.3,2.2,0.0,5.2,,21.0,10.3,,,45.6,4.0,4.6,,,74.0,33.3,66.7,33.3,17.968749999999996,38.5,6-4,215.0,76
1628374,Lauri Markkanen,UTA,8,33.2,18.1,6.6,0.6,6.6,15.5,2.8,7.9,2.1,2.4,february,2024-25,21.7,2.7,54.8,8.7,40.9,1.3,1.97,23.6,1.8,0.8,3.9,4.0,15.6,3.0,8.3,5.7,12.8,7.5,10.6,20.7,7.0,51.6,20.8,79.2,20.8,50.967741935483865,33.2,7-0,240.0,84
1630578,Alperen Sengun,HOU,10,29.7,18.0,11.4,3.8,6.4,13.9,0.3,1.3,4.9,7.3,february,2024-25,28.1,20.2,52.6,14.1,61.0,2.6,2.56,39.0,5.4,3.9,5.2,14.9,13.5,5.2,9.2,21.7,11.8,,9.1,,7.4,56.3,42.2,57.8,42.2,9.352517985611511,29.7,6-11,243.0,83
204001,Kristaps Porziņģis,BOS,8,30.9,17.9,5.9,1.6,6.5,14.4,2.0,5.5,2.9,3.9,february,2024-25,25.3,8.3,55.6,9.2,39.0,1.0,1.58,27.8,4.1,4.0,5.5,,14.6,,11.3,24.3,17.4,,7.7,10.5,6.1,60.3,9.6,90.4,9.6,38.19444444444444,30.9,7-2,240.0,86
202695,Kawhi Leonard,LAC,8,31.4,17.8,5.3,3.4,6.6,15.8,2.1,5.0,2.4,3.3,february,2024-25,27.7,16.5,51.7,9.7,52.8,3.8,4.33,30.5,2.3,1.5,2.1,16.5,19.6,25.9,,6.0,12.2,3.4,3.0,7.2,2.8,70.0,47.2,52.8,47.2,31.645569620253163,31.4,6-7,225.0,79
1631128,Christian Braun,DEN,12,35.9,17.7,7.2,3.2,7.0,12.1,0.8,2.6,2.9,3.5,february,2024-25,16.0,10.4,64.8,11.7,56.9,2.6,2.73,28.9,2.0,0.0,5.3,,33.3,,7.1,,20.6,7.8,11.3,,7.1,60.0,23.8,76.2,23.8,21.487603305785125,35.9,6-6,220.0,78
1629632,Coby White,CHI,11,33.0,17.5,3.0,4.5,5.5,14.2,2.7,7.7,3.8,3.9,february,2024-25,21.6,21.1,54.9,8.9,58.5,3.8,3.9,28.5,0.4,0.0,0.2,7.7,29.3,29.6,,,20.9,3.1,,2.6,,71.1,45.0,55.0,45.0,54.22535211267606,33.0,6-5,195.0,77
1631101,Shaedon Sharpe,POR,12,25.6,17.4,3.2,2.7,6.4,14.0,2.3,6.3,2.3,3.1,february,2024-25,27.5,17.7,56.7,12.1,45.0,2.4,3.22,24.3,0.8,0.1,1.8,12.3,19.5,31.7,,,16.7,5.1,4.8,2.1,2.8,64.5,45.5,54.5,45.5,45.0,25.6,6-5,208.0,77
1628398,Kyle Kuzma,MIL,11,34.1,17.4,7.2,2.6,6.3,14.8,1.9,6.3,2.9,4.1,february,2024-25,22.9,12.0,52.2,9.1,53.5,2.5,2.84,31.0,0.6,0.6,1.6,5.1,27.3,5.3,8.7,2.8,27.5,4.1,8.5,,4.9,61.8,31.9,68.1,31.9,42.567567567567565,34.1,6-9,221.0,81
1629661,Cameron Johnson,BKN,9,29.6,17.3,4.2,3.2,5.6,12.6,2.3,6.6,3.9,4.3,february,2024-25,22.2,18.1,59.9,12.6,50.3,2.2,2.64,35.2,0.9,0.0,1.7,,25.0,8.2,,,26.5,15.3,6.7,4.9,,63.4,22.0,78.0,22.0,52.38095238095239,29.6,6-8,210.0,80
1628401,Derrick White,BOS,11,33.7,17.3,4.5,5.1,5.7,11.7,4.1,8.8,1.7,2.0,february,2024-25,18.7,22.2,68.5,12.6,72.5,5.6,4.61,24.3,0.3,0.0,0.6,4.7,10.8,35.1,1.6,,25.9,9.5,1.3,5.1,1.7,60.3,34.9,65.1,34.9,75.21367521367523,33.7,6-4,190.0,76
202699,Tobias Harris,DET,12,31.9,17.3,5.0,1.8,6.9,12.1,1.0,2.9,2.4,2.8,february,2024-25,18.2,6.8,64.9,11.4,46.3,2.0,2.6,28.0,1.0,3.0,2.2,4.2,17.9,6.8,,14.6,31.8,,6.3,3.0,6.3,62.5,32.5,67.5,32.5,23.96694214876033,31.9,6-8,226.0,80
1641718,Keyonte George,UTA,13,31.3,17.2,4.5,6.7,5.5,13.3,2.7,7.6,3.6,4.6,february,2024-25,23.4,32.3,56.2,11.3,69.6,5.3,4.59,28.2,0.5,0.0,0.6,12.3,14.8,29.3,1.4,,13.8,9.7,4.5,5.8,,51.9,45.1,54.9,45.1,57.14285714285714,31.3,6-4,185.0,76
1628370,Malik Monk,SAC,11,35.1,16.9,4.5,6.1,6.6,16.2,1.7,6.4,1.9,2.1,february,2024-25,23.8,24.3,49.4,7.7,71.5,5.4,4.51,32.1,0.5,0.0,0.9,8.4,22.0,24.1,3.5,,25.5,6.7,,4.6,,68.2,53.4,46.6,53.4,39.50617283950618,35.1,6-3,200.0,75
1627826,Ivica Zubac,LAC,11,33.2,16.7,11.9,2.3,7.2,11.1,0.0,0.0,2.4,2.9,february,2024-25,17.8,10.2,67.6,15.3,48.2,1.4,1.72,28.7,3.5,4.8,11.6,,5.5,,18.4,28.3,,,20.1,,20.3,58.2,25.3,74.7,25.3,0.0,33.2,7-0,240.0,84
1626162,Kelly Oubre Jr.,PHI,11,38.4,16.7,7.1,1.3,6.6,13.5,1.0,3.5,2.5,3.2,february,2024-25,18.1,5.1,56.0,8.4,54.8,2.2,2.41,29.3,0.9,0.1,3.8,12.1,22.1,7.6,,,29.8,,5.9,,6.6,62.3,31.5,68.5,31.5,25.925925925925924,38.4,6-8,203.0,80
1630193,Immanuel Quickley,TOR,11,29.3,16.5,4.0,5.5,5.4,12.0,2.5,6.4,3.3,4.0,february,2024-25,22.4,29.8,59.8,12.3,67.8,5.8,5.09,26.1,0.5,0.0,0.8,6.1,28.1,20.9,,,25.4,6.4,1.9,4.1,1.4,75.0,49.2,50.8,49.2,53.333333333333336,29.3,6-2,190.0,74
1626171,Bobby Portis,MIL,5,29.8,16.4,11.6,4.2,6.8,15.2,1.6,4.4,1.2,1.4,february,2024-25,24.6,20.0,51.8,13.7,65.2,2.1,1.9,38.4,3.4,3.6,4.6,3.2,11.0,,15.8,19.8,31.1,,6.6,,5.8,60.0,26.5,73.5,26.5,28.947368421052634,29.8,6-10,250.0,82
202710,Jimmy Butler III,GSW,8,30.1,16.4,5.8,5.6,4.9,11.3,0.1,1.8,6.5,7.5,february,2024-25,20.6,27.4,56.3,14.5,61.4,3.4,3.3,40.3,1.9,1.1,7.6,17.7,17.2,13.1,2.7,6.1,14.0,1.7,12.1,2.4,7.9,72.4,35.9,64.1,35.9,15.929203539823009,30.1,6-7,230.0,79
1629060,Rui Hachimura,LAL,11,33.7,16.4,5.5,1.6,6.2,11.8,2.2,5.7,1.8,2.5,february,2024-25,17.0,6.6,63.4,9.8,43.2,1.3,1.8,26.0,0.8,1.1,4.0,3.7,19.3,,3.1,9.5,40.5,,7.1,4.9,,59.5,16.2,83.8,16.2,48.30508474576271,33.7,6-8,230.0,80
1630700,Dyson Daniels,ATL,12,35.4,16.0,6.6,5.0,6.4,12.3,0.9,1.8,2.3,3.6,february,2024-25,18.3,18.9,57.5,10.8,68.8,3.4,2.95,33.8,1.7,0.0,3.5,5.6,23.3,13.2,3.2,,18.5,5.8,15.9,,7.8,61.8,45.5,54.5,45.5,14.634146341463413,35.4,6-7,199.0,79
1627734,Domantas Sabonis,SAC,11,34.0,15.9,13.8,5.1,6.3,11.8,0.5,2.4,2.8,4.3,february,2024-25,20.5,21.1,58.1,12.4,75.0,2.6,2.08,41.2,4.4,2.3,11.5,,9.0,,28.5,13.1,9.0,,14.9,,10.9,63.6,33.3,66.7,33.3,20.338983050847457,34.0,6-10,240.0,82
1630168,Onyeka Okongwu,ATL,12,30.6,15.3,9.6,3.2,6.3,10.0,0.6,1.8,2.3,3.3,february,2024-25,16.9,13.9,66.9,12.6,48.6,1.1,1.33,29.8,5.1,0.5,9.1,1.6,15.5,2.1,11.6,6.9,28.0,3.2,11.2,3.4,7.5,74.7,18.7,81.3,18.7,18.0,30.6,6-10,240.0,82
1631109,Mark Williams,CHA,7,27.9,15.3,10.9,1.7,5.6,11.7,0.0,0.0,4.1,4.6,february,2024-25,22.4,10.6,55.7,13.4,38.4,1.0,1.5,29.4,7.3,2.4,11.7,,15.1,,19.3,5.0,,,27.6,,23.1,73.1,15.4,84.6,15.4,0.0,27.9,7-0,240.0,84
201572,Brook Lopez,MIL,11,30.9,15.3,5.3,1.8,5.3,10.9,1.9,5.2,2.8,3.1,february,2024-25,17.9,8.7,62.2,9.9,43.8,1.1,1.49,30.9,1.9,1.5,3.7,,6.5,,32.8,9.5,32.1,,,,,51.1,25.9,74.1,25.9,47.706422018348626,30.9,7-1,282.0,85
1631097,Bennedict Mathurin,IND,11,25.6,15.2,3.7,1.8,5.2,10.5,0.8,3.3,4.0,4.7,february,2024-25,22.3,10.5,60.6,10.5,42.3,1.9,2.66,27.3,0.4,0.0,1.6,9.0,22.3,27.0,,,17.2,5.2,7.6,5.7,,71.7,47.4,52.6,47.4,31.428571428571427,25.6,6-5,210.0,77
1628969,Mikal Bridges,NYK,11,35.9,15.2,3.0,3.4,6.6,13.5,1.4,4.3,0.5,0.9,february,2024-25,17.4,12.9,54.4,8.1,45.4,2.1,2.74,29.9,1.3,0.5,2.7,2.3,25.3,9.1,3.4,2.3,36.2,6.3,5.0,4.8,2.7,67.4,20.5,79.5,20.5,31.851851851851848,35.9,6-6,209.0,78
1629028,Deandre Ayton,POR,6,29.6,15.2,9.7,2.0,6.3,11.8,0.0,0.2,2.5,3.2,february,2024-25,21.3,10.6,57.3,12.4,41.8,1.2,1.66,29.7,5.3,0.8,10.5,,9.8,,28.6,9.5,2.9,,26.3,,13.6,57.1,21.1,78.9,21.1,1.694915254237288,29.6,7-0,252.0,84
1626167,Myles Turner,IND,8,29.6,15.1,4.9,2.1,5.0,11.3,2.9,6.5,2.3,2.8,february,2024-25,20.1,9.4,60.7,9.5,39.5,0.9,1.44,31.9,3.1,0.9,3.0,,7.7,,17.7,7.3,42.3,,7.1,,6.0,54.7,2.5,97.5,2.5,57.52212389380531,29.6,6-11,250.0,83
202691,Klay Thompson,DAL,10,26.6,15.1,4.1,1.8,5.6,13.4,3.3,7.9,0.6,0.8,february,2024-25,23.2,10.2,54.9,9.0,33.1,1.4,2.55,23.4,0.3,0.1,0.4,,19.2,7.1,,,25.9,12.2,2.8,26.3,,42.9,12.5,87.5,12.5,58.95522388059702,26.6,6-5,220.0,77
203497,Rudy Gobert,MIN,7,34.8,15.0,12.4,2.0,6.0,8.9,0.0,0.0,3.0,4.4,february,2024-25,14.6,8.3,69.4,14.1,48.0,1.0,1.31,28.6,3.3,0.1,11.0,,12.6,,16.7,,,,28.5,,26.9,52.4,33.3,66.7,33.3,0.0,34.8,7-1,258.0,85
1641708,Amen Thompson,HOU,12,37.1,14.9,8.6,6.3,6.3,11.4,0.5,1.4,1.9,2.8,february,2024-25,16.9,25.0,59.1,12.9,70.5,5.1,4.3,27.3,1.2,0.3,5.6,9.4,21.4,23.0,,,13.2,2.9,17.8,,5.9,46.6,44.0,56.0,44.0,12.280701754385964,37.1,6-7,200.0,79
1630163,LaMelo Ball,CHA,5,26.0,14.8,4.0,6.0,4.8,14.6,2.2,7.6,3.0,3.2,february,2024-25,27.0,37.0,46.2,10.4,66.4,5.7,5.13,26.8,0.6,0.0,1.0,12.2,12.8,39.4,1.6,,19.4,6.5,,1.7,2.0,60.0,58.3,41.7,58.3,52.054794520547944,26.0,6-7,180.0,79
202696,Nikola Vučević,CHI,8,31.8,14.8,9.8,3.1,6.0,13.6,1.5,4.4,1.3,1.6,february,2024-25,21.8,15.4,51.4,9.5,71.0,1.9,1.59,52.4,3.8,3.1,5.5,,12.5,,28.8,16.1,15.2,,10.0,3.6,7.6,73.9,27.1,72.9,27.1,32.35294117647059,31.8,6-10,260.0,82
1641733,Nick Smith Jr.,CHA,12,31.9,14.7,2.2,3.0,5.7,13.3,2.3,6.8,1.0,1.1,february,2024-25,20.3,15.3,53.1,6.2,59.4,3.3,3.31,29.6,0.3,0.0,0.7,11.6,14.4,36.3,,,21.9,,,,,75.0,50.0,50.0,50.0,51.127819548872175,31.9,6-2,185.0,74
1642264,Stephon Castle,SAS,12,23.3,14.7,4.2,2.8,5.3,12.1,1.1,3.5,2.9,3.8,february,2024-25,27.8,18.4,53.3,10.8,47.3,2.9,3.73,20.7,0.7,0.0,2.3,8.4,22.1,28.3,,,20.5,3.7,3.2,2.3,4.0,58.8,37.5,62.5,37.5,28.925619834710748,23.3,6-6,215.0,78
1630202,Payton Pritchard,BOS,10,29.7,14.5,4.7,3.7,5.4,11.0,3.5,8.7,0.2,0.3,february,2024-25,18.1,17.8,65.1,11.4,52.6,3.8,4.32,19.9,0.2,0.0,1.1,12.8,16.2,25.6,1.9,,26.2,6.4,,5.1,1.8,68.8,33.3,66.7,33.3,79.0909090909091,29.7,6-1,195.0,73
1630557,Corey Kispert,WAS,11,27.3,14.3,3.3,2.0,5.3,10.6,2.8,6.2,0.9,1.1,february,2024-25,18.9,10.6,64.2,8.4,38.1,1.1,1.79,22.7,0.8,0.1,1.7,,19.0,9.5,,,34.1,11.9,,8.7,,61.7,12.1,87.9,12.1,58.490566037735846,27.3,6-6,224.0,78
1629631,De'Andre Hunter,CLE,10,27.5,14.2,4.4,1.4,4.7,9.4,3.0,5.5,1.8,2.4,february,2024-25,17.0,6.5,67.9,9.4,34.1,1.3,2.22,16.8,0.2,0.1,0.7,7.5,18.2,13.3,2.6,,29.0,9.5,6.2,6.0,2.6,56.4,31.9,68.1,31.9,58.51063829787234,27.5,6-8,221.0,80
202331,Paul George,PHI,9,33.9,14.1,3.9,3.0,5.3,12.0,2.1,6.3,1.3,1.8,february,2024-25,18.8,14.1,55.2,8.3,62.6,3.2,3.06,30.4,0.9,0.2,0.7,18.4,12.4,14.2,,5.5,22.9,3.2,,12.4,,60.0,52.1,47.9,52.1,52.5,33.9,6-8,220.0,80
1631108,Max Christie,DAL,11,33.1,14.1,4.3,3.4,5.0,10.5,2.0,4.5,2.1,2.5,february,2024-25,17.1,13.4,60.9,9.0,47.8,2.6,3.26,24.0,0.5,0.0,0.9,5.7,24.2,13.7,4.7,,33.9,4.0,2.6,5.7,,72.0,30.9,69.1,30.9,42.857142857142854,33.1,6-5,190.0,77
203924,Jerami Grant,POR,9,35.0,14.0,3.9,2.3,4.3,12.7,2.0,6.6,3.3,3.9,february,2024-25,18.2,9.3,48.7,6.5,44.1,1.7,2.35,27.0,0.3,1.7,1.4,10.7,16.2,13.9,2.2,2.0,35.4,4.8,4.6,4.2,2.4,39.3,20.5,79.5,20.5,51.96850393700787,35.0,6-7,210.0,79
1630166,Deni Avdija,POR,11,26.3,13.9,5.4,3.4,4.5,9.9,1.3,4.1,3.7,5.1,february,2024-25,21.9,18.0,57.2,9.2,55.5,2.7,2.91,27.3,1.0,0.5,2.1,14.0,18.1,26.9,,3.1,19.0,4.8,4.0,4.7,1.7,66.7,38.8,61.2,38.8,41.41414141414141,26.3,6-9,240.0,81
1641764,Brandin Podziemski,GSW,11,30.6,13.8,5.9,4.4,5.3,12.2,1.5,5.2,1.7,2.5,february,2024-25,18.9,20.8,51.9,11.7,65.9,3.9,3.55,33.2,1.3,0.0,2.9,6.1,17.2,25.1,2.4,,30.7,4.2,3.4,3.6,,65.7,36.2,63.8,36.2,42.622950819672134,30.6,6-4,205.0,76
1641731,Bilal Coulibaly,WAS,11,34.9,13.7,4.9,4.5,5.1,11.3,1.4,3.9,2.2,3.3,february,2024-25,18.1,18.3,54.0,7.9,57.4,3.2,3.34,29.1,0.7,0.0,2.5,4.8,27.8,15.1,,,25.8,5.2,8.3,,4.8,63.5,30.4,69.6,30.4,34.51327433628318,34.9,6-8,195.0,80
1629660,Ty Jerome,CLE,10,21.1,13.7,3.3,3.1,4.9,9.6,1.9,3.6,2.0,2.3,february,2024-25,23.3,18.5,64.5,13.4,41.6,3.3,4.69,14.5,0.9,0.0,0.9,,,,,,,,,,,74.1,61.2,38.8,61.2,37.5,21.1,6-5,195.0,77
1628415,Dillon Brooks,HOU,12,32.5,13.6,5.0,2.2,4.7,11.3,2.6,5.9,1.7,2.2,february,2024-25,16.4,9.2,55.3,7.5,36.3,1.4,2.33,22.3,0.5,0.4,1.0,9.3,14.6,19.9,1.5,9.9,31.8,2.8,1.7,2.8,2.4,57.6,25.0,75.0,25.0,52.21238938053098,32.5,6-6,225.0,78
1631105,Jalen Duren,DET,12,25.6,13.6,11.7,3.8,5.8,8.3,0.0,0.0,2.1,2.8,february,2024-25,17.4,18.3,71.8,16.8,47.3,1.5,1.84,22.7,5.1,0.3,9.3,8.9,12.2,3.2,14.9,8.7,6.8,,20.0,,16.4,74.1,29.0,71.0,29.0,0.0,25.6,6-10,250.0,82
1631096,Chet Holmgren,OKC,7,25.6,13.6,7.9,1.7,4.9,9.7,1.3,3.4,2.6,3.6,february,2024-25,20.3,7.9,60.1,12.6,39.3,1.3,2.06,19.3,2.0,0.4,4.0,7.8,16.0,2.8,14.1,6.5,19.7,,13.4,4.3,9.6,47.4,32.4,67.6,32.4,35.05154639175258,25.6,7-1,208.0,85
1631099,Keegan Murray,SAC,11,32.7,13.5,6.3,1.5,5.0,10.4,2.4,5.8,1.1,1.4,february,2024-25,14.9,6.2,61.4,8.5,38.4,1.2,1.88,20.5,0.5,0.1,2.4,4.2,18.5,10.8,5.4,,30.8,,4.2,14.2,4.2,56.1,18.2,81.8,18.2,55.769230769230774,32.7,6-8,225.0,80
203932,Aaron Gordon,DEN,9,28.5,13.1,4.9,4.7,5.0,10.8,1.3,3.6,1.8,2.2,february,2024-25,18.1,19.3,55.8,9.6,43.3,2.3,3.19,22.8,1.6,2.1,4.3,16.0,13.0,10.4,5.9,11.2,15.4,,13.0,,5.3,61.0,33.3,66.7,33.3,33.33333333333333,28.5,6-8,235.0,80
1629656,Quentin Grimes,PHI,9,30.0,13.1,5.1,3.0,4.9,11.1,2.0,6.0,1.3,1.9,february,2024-25,17.8,15.4,54.9,9.0,50.6,2.3,2.69,25.4,0.2,0.0,1.4,10.4,22.2,10.8,,,37.6,2.4,2.8,6.8,2.0,65.8,34.1,65.9,34.1,54.054054054054056,30.0,6-4,210.0,76
1630541,Moses Moody,GSW,10,27.6,13.1,2.8,1.2,4.4,9.3,1.9,5.3,2.4,2.9,february,2024-25,16.5,5.9,61.9,8.4,31.1,1.1,2.15,22.9,0.9,0.1,1.4,4.9,19.0,5.4,,,40.4,5.2,3.7,13.1,3.2,56.1,20.5,79.5,20.5,56.98924731182795,27.6,6-5,211.0,77
1630553,Keon Johnson,BKN,11,28.8,13.1,5.0,2.6,4.7,12.5,1.6,5.6,2.0,2.4,february,2024-25,21.5,14.6,48.5,9.1,51.2,2.9,3.36,25.5,0.5,0.0,1.4,,,,,,,,,,,69.6,34.6,65.4,34.6,44.8,28.8,6-5,185.0,77
1630175,Cole Anthony,MEM,12,24.5,13.1,4.2,3.3,4.8,10.2,1.6,3.7,2.0,2.3,february,2024-25,21.6,21.2,58.6,12.2,52.7,4.5,5.08,18.5,0.3,0.1,1.1,6.9,14.7,51.8,,,14.3,,,,,58.7,57.9,42.1,57.9,36.274509803921575,24.5,6-2,185.0,74
1630170,Devin Vassell,SAS,12,30.9,13.1,3.0,1.9,5.2,13.2,1.5,5.8,1.3,1.4,february,2024-25,20.0,9.1,47.4,6.3,44.6,2.0,2.75,27.1,0.4,0.1,0.5,2.7,22.2,11.5,,,35.3,10.7,,11.8,,69.4,27.4,72.6,27.4,43.93939393939394,30.9,6-5,200.0,77
1631106,Tari Eason,HOU,7,30.3,13.0,6.1,1.6,5.4,10.3,1.1,2.6,1.0,1.1,february,2024-25,16.4,7.0,60.2,9.8,37.4,1.4,2.31,17.6,1.0,0.4,3.6,5.0,19.9,5.4,,,43.3,,6.5,,9.2,60.7,44.7,55.3,44.7,25.24271844660194,30.3,6-8,215.0,80
1641739,Toumani Camara,POR,12,35.3,13.0,7.0,2.3,4.8,9.3,1.8,3.9,1.5,1.7,february,2024-25,13.3,8.4,64.6,9.2,50.8,1.6,1.88,26.8,1.5,0.2,3.6,6.3,20.3,4.4,5.4,,40.5,2.6,9.1,,4.7,63.5,15.5,84.5,15.5,41.93548387096774,35.3,6-7,229.0,79
1631117,Walker Kessler,UTA,10,33.2,12.9,15.1,2.2,5.6,7.5,0.0,0.0,1.7,3.1,february,2024-25,12.6,8.7,72.8,14.0,41.8,1.0,1.47,25.0,2.3,0.1,10.7,,,,,,,,29.0,,22.6,48.7,32.1,67.9,32.1,0.0,33.2,7-0,245.0,84
1630245,Ayo Dosunmu,CHI,8,29.1,12.9,2.5,4.4,5.3,9.4,1.0,3.8,1.4,1.8,february,2024-25,18.5,24.5,63.5,8.7,54.0,3.0,3.3,25.6,0.5,0.0,1.0,2.2,33.6,20.8,,,31.6,,3.1,,,56.0,50.0,50.0,50.0,40.42553191489361,29.1,6-5,200.0,77
1641709,Ausar Thompson,DET,12,24.7,12.8,5.4,3.9,5.5,8.6,0.0,0.0,1.8,3.2,february,2024-25,18.9,20.9,64.3,13.1,36.3,2.0,3.28,16.0,1.3,0.3,5.2,7.7,23.0,10.0,5.6,,16.0,,15.3,2.3,10.0,70.3,27.3,72.7,27.3,0.0,24.7,6-6,205.0,78
1641824,Matas Buzelis,CHI,11,26.8,12.8,3.4,1.9,4.9,9.8,1.5,4.6,1.5,1.9,february,2024-25,18.2,10.8,60.1,7.9,32.6,1.1,2.05,19.2,1.0,0.0,2.0,4.1,27.9,19.6,1.6,,29.8,2.6,6.5,,3.6,64.1,27.8,72.2,27.8,46.938775510204074,26.8,6-10,209.0,82
1630583,Santi Aldama,MEM,11,25.0,12.8,6.3,3.0,4.8,10.2,2.5,5.6,0.7,1.1,february,2024-25,17.4,16.3,60.1,12.5,42.5,1.4,2.05,19.5,1.1,0.0,2.0,,22.8,2.3,8.8,4.1,40.1,,6.8,,7.0,52.4,15.1,84.9,15.1,54.90196078431373,25.0,7-0,215.0,84
1642258,Zaccharie Risacher,ATL,12,25.7,12.8,4.2,1.7,4.6,9.7,1.8,4.2,1.8,2.3,february,2024-25,18.3,8.4,59.8,8.0,34.9,1.1,1.88,18.7,1.2,0.0,2.3,,35.0,4.0,,,29.9,6.7,8.9,5.9,5.4,62.2,16.4,83.6,16.4,43.29896907216496,25.7,6-8,200.0,80
1628384,OG Anunoby,NYK,5,31.9,12.6,3.0,1.8,4.2,10.4,2.2,5.8,2.0,2.0,february,2024-25,16.2,7.3,55.9,6.5,25.6,0.9,2.09,17.6,0.8,0.4,1.8,5.9,22.4,5.9,3.0,2.8,38.2,4.8,5.3,3.4,4.4,80.0,23.8,76.2,23.8,55.769230769230774,31.9,6-7,240.0,79
1627777,Georges Niang,ATL,11,26.6,12.5,4.3,1.5,4.4,9.7,2.7,6.5,1.1,1.4,february,2024-25,17.1,8.0,60.7,7.7,39.5,1.0,1.54,19.3,0.5,0.0,1.5,,,,,,,,,,,68.9,4.2,95.8,4.2,67.01030927835052,26.6,6-7,230.0,79
1630703,Scoot Henderson,POR,11,25.5,12.5,2.7,5.5,4.4,10.0,2.1,5.5,1.7,2.0,february,2024-25,20.5,27.9,57.7,10.4,58.6,4.1,4.2,24.3,0.3,0.0,1.0,,,,,,,,,,,79.5,43.8,56.3,43.8,55.00000000000001,25.5,6-3,206.0,75
1629626,Bol Bol,PHX,12,20.9,12.5,4.7,0.9,4.9,9.1,1.8,4.8,0.8,1.0,february,2024-25,20.8,6.3,65.6,12.5,26.3,0.7,1.57,15.5,0.5,0.1,1.1,,,,,,,,,,,56.5,11.9,88.1,11.9,52.74725274725275,20.9,7-3,220.0,87
1629651,Nic Claxton,BKN,10,28.6,12.5,6.8,2.3,5.7,10.2,0.0,0.1,1.1,2.1,february,2024-25,18.5,13.5,56.2,12.3,49.1,1.7,2.14,35.2,6.6,0.6,9.0,14.1,15.5,3.9,11.1,4.5,10.9,,15.5,,13.4,53.5,35.1,64.9,35.1,0.9803921568627453,28.6,6-11,215.0,83
1626156,D'Angelo Russell,BKN,7,23.0,12.3,2.1,3.4,4.3,12.1,1.9,6.9,1.9,2.6,february,2024-25,26.8,23.5,46.3,7.3,67.0,4.8,4.32,28.6,0.1,0.0,0.3,8.7,15.5,36.2,,,20.8,7.9,,,,61.8,56.7,43.3,56.7,57.024793388429764,23.0,6-3,193.0,75
1630230,Naji Marshall,DAL,11,26.7,12.2,6.2,2.9,4.5,9.4,0.9,3.5,2.2,2.7,february,2024-25,18.6,16.6,57.7,11.3,45.0,2.0,2.67,23.0,0.7,0.1,1.5,5.6,31.6,10.9,3.9,,29.1,,6.0,2.4,2.4,62.3,42.0,58.0,42.0,37.234042553191486,26.7,6-6,220.0,78
1628386,Jarrett Allen,CLE,11,26.4,12.1,10.8,1.9,5.1,7.1,0.0,0.2,1.9,2.5,february,2024-25,14.9,9.3,74.0,15.9,35.7,0.8,1.35,22.4,3.8,0.4,8.5,,13.6,,20.9,7.8,4.1,,33.1,,9.2,61.3,21.4,78.6,21.4,2.8169014084507045,26.4,6-9,243.0,81
1629018,Gary Trent Jr.,MIL,12,25.2,12.1,2.8,1.6,4.4,9.7,2.3,5.4,1.0,1.5,february,2024-25,18.7,10.0,58.5,8.5,28.4,1.3,2.65,20.1,0.3,0.0,0.6,,18.3,6.4,,,48.6,9.0,,6.8,,77.5,35.8,64.2,35.8,55.67010309278352,25.2,6-5,204.0,77
1629638,Nickeil Alexander-Walker,MIN,13,33.1,12.1,3.8,3.0,4.1,9.5,2.2,5.9,1.7,2.0,february,2024-25,14.6,12.7,58.0,7.0,55.8,3.0,3.2,24.3,0.6,0.0,0.8,2.9,27.3,18.8,2.9,,22.7,7.1,2.9,9.1,1.3,53.2,18.9,81.1,18.9,62.10526315789474,33.1,6-5,205.0,77
1627747,Caris LeVert,ATL,11,25.7,12.0,3.6,2.3,4.5,10.4,1.5,4.8,1.6,2.2,february,2024-25,19.3,11.8,53.0,7.4,37.1,1.7,2.74,22.0,1.3,0.0,2.0,6.2,19.0,24.0,,,26.9,4.5,6.6,5.0,,65.9,22.4,77.6,22.4,46.15384615384615,25.7,6-6,205.0,78
1629640,Keldon Johnson,SAS,12,21.7,12.0,3.1,1.7,4.3,8.3,1.1,3.0,2.4,3.1,february,2024-25,19.7,12.1,62.5,9.4,33.2,1.3,2.42,17.7,0.8,0.0,1.9,3.9,20.0,2.8,,4.4,32.0,7.4,9.2,,10.9,63.4,29.4,70.6,29.4,36.14457831325301,21.7,6-5,220.0,77
1629599,Amir Coffey,LAC,10,25.2,11.8,2.1,1.1,3.8,8.2,1.6,4.1,2.6,2.8,february,2024-25,16.6,6.9,62.6,7.0,28.6,1.0,2.18,16.8,0.7,0.0,0.9,,,,,,,,,,,73.3,23.7,76.3,23.7,50.0,25.2,6-7,210.0,79
1631107,Nikola Jović,MIA,9,28.8,11.8,3.8,3.0,4.4,9.1,2.1,5.6,0.8,1.2,february,2024-25,16.8,16.4,61.0,8.6,48.1,1.9,2.33,28.7,0.4,1.0,1.0,3.7,31.0,3.4,3.7,4.8,39.2,,4.8,,,53.7,17.5,82.5,17.5,61.53846153846154,28.8,6-10,205.0,82
1626220,Royce O'Neale,PHX,13,26.4,11.6,3.8,2.2,4.1,8.6,3.3,7.1,0.2,0.3,february,2024-25,15.3,11.8,66.4,9.6,47.7,1.3,1.61,25.0,0.2,0.0,0.7,,26.0,8.3,2.7,,43.8,3.9,,3.6,,70.0,3.8,96.2,3.8,82.55813953488372,26.4,6-6,226.0,78
1630167,Obi Toppin,IND,12,19.7,11.6,4.4,1.4,4.5,8.5,1.4,4.6,1.2,1.5,february,2024-25,21.6,10.3,63.2,11.0,39.7,1.1,1.74,22.3,0.6,0.4,2.5,,23.9,,,,28.3,,,,,71.4,16.7,83.3,16.7,54.11764705882353,19.7,6-9,220.0,81
1642268,Isaiah Collier,UTA,13,30.4,11.5,3.9,9.5,4.5,10.2,1.0,3.5,1.4,2.3,february,2024-25,19.6,44.4,51.3,9.9,80.1,6.7,5.0,27.9,0.2,0.0,0.7,12.5,27.8,26.4,,,17.4,3.3,3.5,,,56.8,54.2,45.8,54.2,34.31372549019608,30.4,6-3,210.0,75
1642354,KJ Simpson,CHA,8,28.3,11.3,4.5,4.0,4.3,10.9,1.1,4.4,1.6,1.8,february,2024-25,20.2,22.2,48.3,8.4,58.9,4.3,4.38,24.1,0.4,0.0,1.4,,10.8,32.5,,,33.3,,,,,68.2,55.9,44.1,55.9,40.36697247706422,28.3,6-0,189.0,72
1641711,Gradey Dick,TOR,12,29.2,11.2,4.8,1.2,3.8,9.4,1.8,4.8,1.8,2.4,february,2024-25,17.6,5.8,53.3,6.5,31.9,1.0,1.87,23.5,0.8,0.1,1.6,,29.6,,4.5,,39.9,,5.2,9.6,3.4,74.0,8.9,91.1,8.9,51.06382978723404,29.2,6-6,200.0,78
1630533,Ziaire Williams,BKN,11,27.2,11.0,5.8,1.4,3.6,8.6,2.1,5.6,1.6,1.8,february,2024-25,16.0,7.3,58.3,9.9,35.3,1.1,1.85,20.8,0.9,0.0,1.7,,22.1,3.7,,,48.3,9.7,6.0,,,64.1,25.0,75.0,25.0,65.11627906976743,27.2,6-9,185.0,81
203957,Danté Exum,DAL,10,20.2,10.8,1.8,3.8,3.9,7.7,1.3,3.0,1.7,2.4,february,2024-25,19.8,28.1,61.7,12.0,42.6,3.6,5.03,15.6,0.4,0.0,0.5,,,,,,,,,,,60.0,46.2,53.8,46.2,38.961038961038966,20.2,6-5,214.0,77
1642273,Kyshawn George,WAS,10,29.9,10.8,5.7,2.7,3.5,8.6,2.4,5.4,1.4,1.9,february,2024-25,16.0,13.0,57.2,8.0,52.5,2.2,2.52,25.3,0.0,0.1,1.0,6.1,21.1,29.6,,3.4,17.9,7.5,,3.2,2.7,52.8,14.3,85.7,14.3,62.79069767441862,29.9,6-8,200.0,80
1642267,Bub Carrington,WAS,11,28.4,10.7,3.8,4.3,4.0,8.0,1.8,4.5,0.9,1.0,february,2024-25,14.9,21.8,63.6,9.4,57.3,3.5,3.63,23.3,0.3,0.0,0.9,4.8,20.0,33.6,,,21.0,8.2,,2.1,,57.5,34.1,65.9,34.1,56.25,28.4,6-4,190.0,76
1630549,Day'Ron Sharpe,BKN,11,18.6,10.7,7.3,2.4,4.5,7.1,0.5,0.6,1.2,1.5,february,2024-25,21.1,20.8,69.4,17.9,35.0,1.0,1.72,23.0,3.2,1.1,8.0,3.7,7.6,,15.0,6.6,7.6,,19.6,,22.6,53.8,42.0,58.0,42.0,8.450704225352112,18.6,6-9,265.0,81
1626179,Terry Rozier,MIA,8,22.9,10.5,3.3,2.0,3.9,10.4,1.9,4.8,0.9,1.4,february,2024-25,20.1,14.4,47.8,7.8,44.6,3.2,4.28,16.9,0.1,0.0,0.5,,,,,,,,,,,55.0,38.7,61.3,38.7,46.15384615384615,22.9,6-1,190.0,73
1627741,Buddy Hield,GSW,11,24.2,10.5,3.0,1.6,3.9,9.5,2.4,6.3,0.3,0.5,february,2024-25,17.2,8.9,54.1,7.1,43.8,1.5,2.03,23.7,0.7,0.0,0.5,,23.1,4.8,,,34.0,5.4,5.4,12.2,3.7,74.3,23.3,76.7,23.3,66.3157894736842,24.2,6-4,220.0,76
203992,Bogdan Bogdanović,LAC,7,24.0,10.4,1.4,3.1,4.0,10.1,1.9,6.6,0.6,1.0,february,2024-25,20.6,20.4,49.3,5.5,42.0,2.0,2.85,25.6,0.4,0.0,0.4,,12.2,34.4,,,24.4,,,,,42.3,32.1,67.9,32.1,65.34653465346535,24.0,6-5,225.0,77
1627884,Derrick Jones Jr.,LAC,11,24.2,10.4,2.6,0.7,4.2,8.3,1.0,3.2,1.0,1.5,february,2024-25,17.1,4.1,57.9,5.4,32.5,1.1,2.0,15.3,0.9,0.0,3.0,,18.3,,,,46.0,,13.5,,7.9,68.3,13.0,87.0,13.0,38.554216867469876,24.2,6-6,210.0,78
1629652,Luguentz Dort,OKC,11,27.9,10.4,2.9,1.2,4.0,8.4,2.1,5.6,0.3,0.5,february,2024-25,13.2,4.8,60.5,5.9,25.5,1.0,2.42,14.9,0.3,0.0,0.9,,15.0,,5.5,,61.5,,4.0,,,56.7,15.9,84.1,15.9,66.66666666666666,27.9,6-4,220.0,76
1628380,Zach Collins,CHI,7,22.7,10.3,7.6,2.6,3.6,7.0,0.6,2.6,2.6,3.0,february,2024-25,16.7,15.1,61.8,12.3,41.9,1.0,1.38,29.3,5.3,0.6,6.6,,,,24.7,,25.9,,19.8,,,50.0,20.0,80.0,20.0,37.142857142857146,22.7,6-11,250.0,83
1627752,Taurean Prince,MIL,11,27.6,10.3,3.8,1.9,3.5,7.2,2.5,5.3,0.7,0.7,february,2024-25,13.3,9.6,68.5,7.9,33.5,1.2,2.15,20.7,0.3,0.0,0.2,,27.3,,,,54.5,,,,,64.3,7.7,92.3,7.7,73.6111111111111,27.6,6-6,218.0,78
203084,Harrison Barnes,SAS,12,25.9,10.3,4.5,1.4,3.7,8.3,2.0,4.9,0.9,1.3,february,2024-25,15.0,7.6,58.2,8.5,36.3,1.2,2.01,19.1,0.7,0.9,1.3,8.0,18.8,3.3,5.0,2.5,43.8,4.8,,4.8,,72.7,18.2,81.8,18.2,59.036144578313255,25.9,6-8,225.0,80
1630631,Jose Alvarado,NOP,10,26.4,10.2,4.0,5.5,3.8,8.5,1.6,4.9,1.0,1.1,february,2024-25,15.6,28.8,56.8,11.4,58.3,3.8,3.95,21.8,0.2,0.0,0.9,4.2,20.0,27.3,,,30.0,3.8,3.8,,,60.0,47.4,52.6,47.4,57.64705882352942,26.4,6-0,179.0,72
1630570,Trendon Watford,BKN,10,20.3,10.1,3.5,3.0,4.0,8.6,0.4,1.6,1.7,2.4,february,2024-25,24.1,25.6,52.3,11.3,47.6,3.5,4.35,23.2,0.4,1.5,1.4,7.8,20.2,,,,24.8,,,,,66.7,60.0,40.0,60.0,18.6046511627907,20.3,6-8,237.0,80
1630558,Davion Mitchell,MIA,9,30.9,10.0,1.7,4.2,3.8,6.8,1.7,3.3,0.8,0.9,february,2024-25,12.4,19.0,69.7,7.6,60.7,4.3,4.27,21.6,0.1,0.0,0.6,28.6,19.3,8.1,,,35.6,,,,,72.7,29.4,70.6,29.4,48.529411764705884,30.9,6-0,202.0,72
1630165,Killian Hayes,BKN,5,27.4,10.0,2.8,5.6,3.4,7.4,1.6,3.8,1.6,2.0,february,2024-25,15.2,27.5,60.4,8.6,61.2,4.2,4.13,24.4,0.2,0.0,0.6,,,,,,,,,,,65.0,29.4,70.6,29.4,51.35135135135135,27.4,6-5,195.0,77
1642271,Kyle Filipowski,UTA,13,19.2,10.0,5.7,2.2,3.7,6.6,1.4,2.6,1.2,2.1,february,2024-25,19.9,18.2,66.4,11.3,34.4,1.3,2.32,21.4,2.4,0.3,2.9,,16.6,3.1,8.0,4.8,32.5,2.7,10.8,4.3,9.9,54.8,33.3,66.7,33.3,39.3939393939394,19.2,6-11,250.0,83
1628366,Lonzo Ball,CHI,7,26.7,10.0,3.4,2.1,3.3,9.1,2.3,6.9,1.1,1.4,february,2024-25,16.4,10.7,51.2,6.0,45.7,1.8,2.43,24.3,0.4,0.0,1.3,,19.3,16.5,,,36.3,6.1,,,,70.8,13.0,87.0,13.0,75.82417582417584,26.7,6-6,190.0,78
201566,Russell Westbrook,DEN,5,23.9,10.0,4.0,4.0,3.8,11.0,1.2,4.0,1.2,2.0,february,2024-25,24.4,20.6,42.1,3.5,45.6,3.0,4.01,22.0,0.8,0.6,2.8,13.4,18.3,25.8,,5.1,26.7,,2.2,,2.8,62.5,31.6,68.4,31.6,36.36363636363637,23.9,6-4,200.0,76
1628392,Isaiah Hartenstein,OKC,13,25.0,9.9,9.5,3.3,4.6,7.6,0.0,0.2,0.7,1.1,february,2024-25,15.7,16.0,61.3,12.1,48.9,1.3,1.63,27.6,4.3,0.1,7.8,,7.4,,19.9,5.6,,,40.3,,10.2,67.2,28.3,71.7,28.3,2.6315789473684212,25.0,7-0,250.0,84
1631124,Julian Strawther,DEN,12,24.7,9.9,2.5,1.5,3.8,9.0,1.6,5.3,0.7,0.9,february,2024-25,18.2,7.7,52.7,4.4,31.1,1.5,2.83,18.5,0.3,0.0,0.6,,17.9,14.3,,,31.3,15.2,,,,57.1,26.1,73.9,26.1,58.88888888888889,24.7,6-6,205.0,78
1641722,Jordan Hawkins,NOP,11,22.4,9.9,2.8,1.7,3.5,9.3,1.5,5.0,1.3,1.5,february,2024-25,19.9,11.2,50.0,7.8,33.1,1.2,2.19,19.0,0.1,0.0,0.5,,14.0,12.3,,,34.6,16.2,,8.9,,76.9,25.6,74.4,25.6,53.76344086021505,22.4,6-5,190.0,77
1631165,Keon Ellis,SAC,11,26.3,9.9,3.0,1.2,3.5,6.7,2.2,4.4,0.6,0.8,february,2024-25,13.0,6.2,69.9,8.2,34.8,1.5,2.58,18.5,0.5,0.0,0.9,,25.6,10.1,,,43.7,,,,,68.2,10.3,89.7,10.3,65.67164179104478,26.3,6-4,175.0,76
1641713,GG Jackson,MEM,10,16.7,9.9,3.4,1.2,3.5,7.3,1.5,3.6,1.4,2.1,february,2024-25,22.7,10.6,60.2,10.0,25.8,1.1,2.49,13.7,0.8,0.0,1.7,,27.1,12.0,,,44.0,,,,,46.7,28.6,71.4,28.6,49.31506849315069,16.7,6-9,210.0,81
1627824,Guerschon Yabusele,PHI,9,25.6,9.9,5.6,1.3,3.6,7.4,1.1,3.2,1.7,1.7,february,2024-25,15.3,7.3,60.5,8.9,40.6,1.2,1.73,25.2,1.6,1.3,4.2,,,,,,,,,,,46.5,6.3,93.8,6.3,43.24324324324324,25.6,6-8,265.0,80
1642348,Justin Edwards,PHI,8,29.2,9.9,3.5,1.6,3.8,8.0,1.9,4.5,0.5,0.8,february,2024-25,13.4,7.3,59.3,6.0,31.5,1.2,2.27,18.4,0.3,0.1,1.5,,18.5,,,,58.2,,,,,58.3,26.7,73.3,26.7,56.25,29.2,6-7,203.0,79
203110,Draymond Green,GSW,11,30.2,9.8,5.5,6.2,3.5,7.5,0.5,2.4,2.3,3.2,february,2024-25,15.1,26.1,55.4,10.1,68.3,2.2,1.96,38.0,2.4,1.5,2.5,,9.4,5.1,10.2,,39.8,,10.2,,2.7,49.2,5.1,94.9,5.1,32.0,30.2,6-6,230.0,78
1626158,Richaun Holmes,WAS,11,24.2,9.8,6.9,2.0,3.7,4.9,0.0,0.2,2.4,2.8,february,2024-25,12.4,11.5,79.8,12.9,31.4,1.0,1.86,20.6,3.4,0.5,6.5,,,,,,,,,,,53.7,36.6,63.4,36.6,4.081632653061225,24.2,6-9,235.0,81
1630231,KJ Martin,UTA,5,25.8,9.8,3.6,1.4,4.2,7.0,0.6,2.6,0.8,1.4,february,2024-25,13.4,7.2,64.3,8.0,27.6,0.7,1.46,17.0,0.8,0.0,2.6,,,,,,,,,,,63.6,4.8,95.2,4.8,37.142857142857146,25.8,6-6,215.0,78
1628989,Kevin Huerter,CHI,9,22.8,9.8,2.3,2.3,3.3,9.1,2.6,6.4,0.6,0.8,february,2024-25,17.8,13.4,51.7,6.6,34.6,1.1,1.84,21.7,0.1,0.0,1.0,,22.8,11.3,,,36.6,6.3,8.2,4.0,3.3,59.5,13.3,86.7,13.3,70.32967032967034,22.8,6-7,198.0,79
1630174,Aaron Nesmith,IND,12,23.6,9.8,3.8,1.8,3.3,7.2,1.3,4.0,1.8,1.8,february,2024-25,15.6,9.6,61.1,8.0,33.8,0.9,1.56,19.7,0.5,0.0,1.3,,19.9,10.4,6.6,,30.9,5.5,,13.7,4.1,43.6,15.0,85.0,15.0,55.55555555555556,23.6,6-6,215.0,78
1630545,Terrence Shannon Jr.,MIN,11,18.8,9.7,3.3,2.0,3.8,7.7,0.6,2.1,1.5,1.7,february,2024-25,19.6,16.5,57.3,10.8,22.5,0.8,2.11,14.4,0.5,0.0,1.1,,32.4,9.8,,,33.3,,,,,47.6,9.5,90.5,9.5,27.27272727272727,18.8,6-6,215.0,78
1628960,Grayson Allen,PHX,10,26.8,9.7,2.9,2.9,3.2,8.4,2.5,6.3,0.8,1.1,february,2024-25,16.1,15.4,54.6,6.0,40.9,1.7,2.49,23.9,0.7,0.0,0.4,2.8,17.5,24.2,4.0,,33.8,5.4,,7.0,,50.0,3.1,96.9,3.1,75.0,26.8,6-4,198.0,76
1629622,Max Strus,CLE,10,25.2,9.7,4.2,3.2,3.3,7.7,2.4,6.3,0.7,0.8,february,2024-25,14.4,15.5,60.2,8.9,38.2,1.0,1.58,19.8,0.7,0.0,0.8,,,,,,,,,,,65.3,6.1,93.9,6.1,81.81818181818181,25.2,6-5,215.0,77
1630173,Precious Achiuwa,NYK,11,30.3,9.5,7.5,1.5,3.9,7.7,0.2,1.0,1.5,2.1,february,2024-25,13.1,6.4,55.2,8.1,36.9,1.1,1.78,18.5,1.9,0.3,5.2,,22.2,,13.5,,24.7,,12.0,,17.1,66.1,34.9,65.1,34.9,12.987012987012985,30.3,6-8,243.0,80
203915,Spencer Dinwiddie,DAL,11,25.5,9.5,1.8,3.5,3.3,7.5,1.5,3.9,1.5,2.2,february,2024-25,15.7,19.4,56.7,7.7,40.5,3.1,4.67,16.6,0.3,0.1,0.0,,,,,,,,,,,71.4,58.3,41.7,58.3,52.0,25.5,6-5,215.0,77
1629614,Andrew Nembhard,IND,12,29.1,9.5,2.5,4.2,3.6,7.4,0.5,2.3,1.8,2.0,february,2024-25,15.8,18.5,57.3,5.9,55.0,2.9,3.19,28.3,0.4,0.0,0.7,8.9,14.8,38.5,,,21.4,7.1,,,,68.0,44.2,55.8,44.2,31.081081081081074,29.1,6-4,191.0,76
201145,Jeff Green,HOU,6,17.3,9.5,2.0,0.8,3.5,7.2,1.2,4.0,1.3,1.5,february,2024-25,18.5,7.2,60.7,10.6,21.5,0.7,1.82,15.0,0.7,0.5,1.3,,,,,,,,,,,53.8,33.3,66.7,33.3,55.55555555555556,17.3,6-8,235.0,80
1629130,Duncan Robinson,MIA,11,23.4,9.5,2.1,2.4,3.5,7.3,2.2,5.4,0.4,0.4,february,2024-25,16.9,15.0,63.6,7.4,33.0,1.1,2.08,23.0,0.3,0.0,0.8,,18.5,7.9,4.3,,31.2,11.7,,18.8,,70.4,15.8,84.2,15.8,73.97260273972603,23.4,6-7,215.0,79
1642366,Quinten Post,GSW,11,16.7,9.5,4.3,1.6,3.5,6.5,1.7,4.0,0.8,0.9,february,2024-25,18.3,16.1,69.0,14.5,31.6,0.8,1.45,21.3,1.1,0.5,2.4,,11.9,,16.1,4.2,38.7,,11.6,3.9,6.0,59.1,10.5,89.5,10.5,61.53846153846154,16.7,7-0,238.0,84
203501,Tim Hardaway Jr.,DET,12,27.2,9.4,2.4,2.0,3.3,8.7,2.1,6.2,0.8,0.8,february,2024-25,14.5,8.5,52.1,5.7,29.8,0.9,1.83,20.2,0.2,0.0,0.6,2.2,21.3,5.7,3.2,,32.4,12.1,2.8,15.8,,57.6,10.3,89.7,10.3,71.26436781609196,27.2,6-5,205.0,77
1642377,Jaylen Wells,MEM,11,24.0,9.4,3.1,1.2,3.5,7.1,1.5,4.4,0.9,1.3,february,2024-25,13.3,6.4,61.2,6.2,19.3,0.8,2.54,13.4,0.6,0.0,1.8,3.0,21.5,12.7,,,39.8,3.8,4.8,4.2,3.2,64.0,31.6,68.4,31.6,61.9718309859155,24.0,6-8,,80
1631217,Moussa Diabaté,CHA,11,20.6,9.4,7.6,1.5,3.5,6.1,0.0,0.2,2.3,3.8,february,2024-25,17.1,12.3,60.2,13.0,27.6,0.7,1.49,22.0,4.8,0.3,7.1,,13.1,,20.1,4.6,,,24.7,,22.3,59.0,23.1,76.9,23.1,3.278688524590164,20.6,6-9,210.0,81
1627763,Malcolm Brogdon,WAS,6,19.5,9.3,3.0,4.5,3.0,7.7,0.2,1.3,3.2,3.7,february,2024-25,21.5,28.7,50.3,10.3,45.0,3.9,5.18,15.0,0.2,0.0,0.7,,,,,,,,,,,57.1,72.2,27.8,72.2,16.883116883116884,19.5,6-4,229.0,76
1641710,Anthony Black,ORL,12,22.9,9.3,3.3,2.4,3.3,7.3,1.0,2.6,1.8,2.2,february,2024-25,16.9,15.6,55.8,9.4,46.6,3.6,4.57,18.2,0.3,0.0,1.4,4.4,27.4,21.8,,,25.5,4.7,3.6,1.9,2.7,67.9,43.6,56.4,43.6,35.61643835616439,22.9,6-7,200.0,79
1629004,Svi Mykhailiuk,UTA,5,24.6,9.2,3.2,1.8,3.0,9.8,1.8,6.2,1.4,1.8,february,2024-25,19.2,9.2,43.4,4.7,32.2,1.6,2.96,17.8,0.2,0.2,0.4,,22.1,5.9,,,34.5,10.7,7.6,7.6,3.4,36.8,33.3,66.7,33.3,63.26530612244897,24.6,6-7,205.0,79
1631110,Jeremy Sochan,SAS,12,21.0,9.2,5.8,2.3,4.0,6.8,0.6,1.4,0.6,1.0,february,2024-25,16.1,15.9,63.0,10.7,31.6,1.1,2.18,16.3,2.5,0.2,4.4,,18.9,,12.3,,28.3,,17.0,,,58.3,27.1,72.9,27.1,20.588235294117645,21.0,6-8,230.0,80
1642274,Yves Missi,NOP,11,27.0,9.1,8.6,1.1,4.2,8.5,0.0,0.0,0.7,1.4,february,2024-25,15.8,5.7,50.2,7.5,35.5,1.0,1.67,24.5,2.9,0.1,6.6,,7.5,,15.0,,12.2,,20.7,,29.1,57.7,26.1,73.9,26.1,0.0,27.0,6-11,235.0,83
1642276,Kel'el Ware,MIA,12,27.7,9.1,10.5,1.8,4.0,7.9,0.3,1.7,0.8,1.1,february,2024-25,14.6,8.9,54.1,10.9,38.6,0.9,1.35,20.0,1.2,0.5,6.9,,16.8,,5.0,4.5,25.3,,18.5,,22.6,65.2,22.9,77.1,22.9,21.51898734177215,27.7,7-0,230.0,84
1628976,Wendell Carter Jr.,ORL,12,24.1,9.1,8.0,1.8,3.8,7.4,0.4,1.6,1.0,1.6,february,2024-25,16.5,11.3,56.0,10.3,35.2,0.9,1.59,23.7,3.2,0.8,6.1,,10.9,,19.2,3.2,26.2,,17.1,,12.7,46.9,21.7,78.3,21.7,21.62162162162162,24.1,6-10,270.0,82
1629634,Brandon Clarke,MEM,10,18.7,9.0,5.0,1.2,4.0,6.7,0.0,0.1,1.0,1.5,february,2024-25,17.2,9.4,61.1,10.5,20.3,0.4,1.26,14.0,2.3,0.0,5.7,,,,,,,,,,,40.6,17.5,82.5,17.5,1.4925373134328357,18.7,6-8,215.0,80
1641878,Damion Baugh,CHA,5,27.1,9.0,2.8,4.0,3.0,8.8,1.2,4.4,1.8,2.0,february,2024-25,18.4,24.4,46.5,5.9,55.0,3.0,3.26,24.6,0.6,0.0,0.6,,,,,,,,,,,75.0,33.3,66.7,33.3,50.0,27.1,6-4,194.0,76
1630198,Isaiah Joe,OKC,12,19.8,9.0,2.3,1.4,3.0,6.9,2.4,5.7,0.6,0.9,february,2024-25,15.4,8.9,61.5,7.5,25.0,0.9,2.06,16.8,0.8,0.0,0.8,,21.2,,9.4,,39.9,9.4,4.3,6.8,,58.8,5.6,94.4,5.6,82.6086956521739,19.8,6-3,165.0,75
1630540,Miles McBride,NYK,11,24.8,9.0,2.3,1.4,3.3,7.5,1.6,4.2,0.8,0.8,february,2024-25,13.8,7.0,56.9,7.2,27.5,1.5,3.23,12.5,0.3,0.0,0.3,4.7,19.5,14.5,,,38.1,11.5,,3.0,,41.4,33.3,66.7,33.3,56.00000000000001,24.8,6-1,195.0,73
1630249,Vít Krejčí,ATL,6,23.9,9.0,4.7,3.0,3.2,6.0,2.2,4.7,0.5,0.8,february,2024-25,13.0,17.1,70.7,10.4,37.3,1.3,2.15,20.7,0.5,0.0,0.2,,19.7,8.4,5.3,,33.4,12.5,,12.2,,58.8,21.1,78.9,21.1,78.33333333333333,23.9,6-8,195.0,80
1629645,Kevin Porter Jr.,MIL,9,16.2,8.9,2.9,2.6,3.7,7.2,0.3,1.1,1.2,1.6,february,2024-25,26.1,28.8,56.2,13.7,34.8,3.0,5.21,12.2,0.4,0.0,0.8,9.8,13.6,45.2,,2.4,16.0,5.5,,,,72.0,75.8,24.2,75.8,15.277777777777779,16.2,6-4,203.0,76
201144,Mike Conley,MIN,9,25.9,8.9,2.2,5.4,2.8,6.8,1.9,4.6,1.4,1.4,february,2024-25,12.9,27.4,60.0,8.9,51.7,3.6,4.2,26.3,0.1,0.0,0.3,,14.8,21.2,,,33.3,13.8,,5.8,,56.8,32.0,68.0,32.0,67.6470588235294,25.9,6-0,175.0,72
1630534,Ochai Agbaji,TOR,12,22.7,8.8,3.8,1.0,3.4,6.8,1.3,3.2,0.7,1.0,february,2024-25,14.7,7.0,61.4,9.8,30.1,0.8,1.5,16.8,0.6,0.0,2.3,,33.5,,,,29.2,,13.5,,10.3,62.5,9.8,90.2,9.8,47.05882352941177,22.7,6-5,215.0,77
1628418,Thomas Bryant,IND,12,19.4,8.8,5.6,2.2,3.6,7.1,0.7,2.6,1.0,1.3,february,2024-25,17.3,16.7,57.6,11.6,29.6,0.6,1.32,19.6,1.2,0.2,4.8,,,,,,,,,,,64.9,30.2,69.8,30.2,36.61971830985916,19.4,6-10,248.0,82
1631255,Karlo Matković,NOP,11,24.0,8.8,5.9,1.2,3.3,6.1,0.8,2.3,1.5,1.5,february,2024-25,13.5,6.7,65.1,7.7,27.0,0.7,1.57,17.3,1.1,0.1,4.0,,19.0,,21.2,,19.0,,16.8,,11.7,64.2,27.8,72.2,27.8,37.704918032786885,24.0,6-10,231.0,82
202685,Jonas Valančiūnas,SAC,10,17.3,8.8,6.8,1.6,3.5,6.5,0.1,0.3,1.7,2.2,february,2024-25,19.8,13.2,58.9,12.2,33.0,1.1,2.06,19.1,1.9,3.0,5.8,,,,22.1,29.7,4.2,,13.7,,16.0,68.6,60.0,40.0,60.0,4.615384615384615,17.3,6-11,265.0,83
1630241,Sam Merrill,CLE,10,22.5,8.8,2.4,0.7,2.9,6.3,2.5,5.7,0.5,0.5,february,2024-25,12.6,3.9,67.5,8.0,23.2,0.5,1.31,13.7,0.3,0.0,1.1,,17.3,6.0,10.2,,36.8,10.5,3.8,4.5,,63.0,3.4,96.6,3.4,90.47619047619048,22.5,6-4,205.0,76
1641717,Cason Wallace,OKC,6,24.3,8.5,2.8,2.3,3.7,7.5,1.0,3.5,0.2,0.2,february,2024-25,13.9,11.6,56.1,6.3,32.0,1.4,2.59,14.2,0.7,0.0,2.8,4.2,22.6,13.5,,,41.3,4.2,4.5,,3.5,75.0,22.7,77.3,22.7,46.666666666666664,24.3,6-3,195.0,75
203482,Kelly Olynyk,NOP,7,23.1,8.4,7.7,2.9,3.1,7.3,0.6,2.4,1.6,1.9,february,2024-25,17.3,16.9,52.0,8.8,46.7,1.6,2.1,26.9,1.7,1.0,4.0,,,,,,,,,,,72.0,50.0,50.0,50.0,32.87671232876712,23.1,6-11,240.0,83
1641787,Tosan Evbuomwan,BKN,7,22.8,8.4,3.6,2.0,3.1,7.9,0.6,2.4,1.6,2.0,february,2024-25,16.9,13.3,48.2,8.8,31.6,1.3,2.52,18.7,0.9,0.0,2.0,,,,,,,,,,,43.5,36.4,63.6,36.4,30.379746835443033,22.8,6-7,217.0,79
203552,Seth Curry,CHA,11,17.9,8.4,2.3,1.1,3.1,6.9,1.7,3.8,0.5,0.7,february,2024-25,17.6,10.3,57.8,10.3,28.5,1.2,2.62,17.8,0.1,0.0,0.5,,,,,,,,,,,68.4,14.7,85.3,14.7,55.07246376811593,17.9,6-1,185.0,73
1642266,Ja'Kobe Walter,TOR,12,22.1,8.3,3.8,0.9,3.3,7.7,1.1,3.2,0.6,0.8,february,2024-25,17.1,6.1,52.1,6.6,29.8,1.1,2.29,16.4,0.3,0.0,2.0,,22.4,,,,48.5,,12.8,,,61.4,25.0,75.0,25.0,41.55844155844156,22.1,6-5,180.0,77
1626204,Larry Nance Jr.,ATL,6,19.5,8.3,4.7,1.7,3.5,6.5,1.2,2.7,0.2,0.5,february,2024-25,16.0,12.0,62.0,10.0,28.3,0.9,1.94,16.5,1.2,0.3,3.0,,20.3,,,,36.7,,22.8,,,70.0,9.5,90.5,9.5,41.53846153846154,19.5,6-8,245.0,80
203471,Dennis Schröder,DET,8,18.9,8.3,2.4,4.1,2.5,7.3,1.3,3.4,2.0,2.4,february,2024-25,20.1,29.7,49.7,8.6,45.4,3.8,5.06,18.5,0.1,0.0,0.5,14.8,11.2,36.6,,,23.1,5.2,,,,63.6,50.0,50.0,50.0,46.57534246575342,18.9,6-1,175.0,73
1627936,Alex Caruso,OKC,9,20.1,8.2,3.2,3.3,3.0,6.0,1.8,3.7,0.4,0.4,february,2024-25,13.8,19.5,66.4,11.0,33.2,1.3,2.38,17.6,1.1,0.0,1.3,,19.9,8.2,7.0,,45.6,,,,,29.2,3.7,96.3,3.7,61.66666666666667,20.1,6-5,186.0,77
201950,Jrue Holiday,BOS,5,28.6,8.2,3.6,3.2,3.0,7.8,1.2,4.2,1.0,1.0,february,2024-25,14.9,16.2,49.8,6.5,41.2,1.8,2.65,21.0,0.6,0.8,1.6,10.1,20.5,26.3,,3.6,20.5,,4.3,,,41.2,20.0,80.0,20.0,53.846153846153854,28.6,6-4,205.0,76
203994,Jusuf Nurkić,CHA,5,19.1,8.2,8.6,4.6,3.2,6.8,0.4,2.8,1.4,2.0,february,2024-25,20.6,41.8,53.4,19.1,42.2,1.2,1.76,29.0,3.0,2.8,5.2,,6.9,,22.4,10.4,11.8,,17.3,,13.6,66.7,18.8,81.3,18.8,41.17647058823529,19.1,7-0,290.0,84
1630208,Nick Richards,PHX,13,22.1,8.2,9.2,0.5,3.2,5.6,0.0,0.0,1.7,2.2,february,2024-25,14.8,3.3,62.1,10.0,35.1,0.9,1.46,16.2,3.7,0.3,5.8,,,,,,,,,,,61.6,23.8,76.2,23.8,0.0,22.1,7-0,245.0,84
204456,T.J. McConnell,IND,10,15.4,8.1,1.7,5.1,3.3,6.8,0.4,0.8,1.1,1.4,february,2024-25,23.9,51.0,54.6,13.2,43.6,3.3,4.5,16.5,0.1,0.0,0.6,5.9,13.1,54.0,,,12.5,,4.2,,,64.7,33.3,66.7,33.3,11.764705882352942,15.4,6-1,190.0,73
1641729,Brice Sensabaugh,UTA,12,16.5,8.0,2.4,1.1,2.9,7.0,1.4,3.8,0.8,0.9,february,2024-25,19.9,9.8,54.0,6.9,21.7,0.9,2.5,14.3,0.1,0.0,1.0,2.8,22.0,10.7,2.6,,28.1,9.4,4.1,12.4,3.5,72.7,20.0,80.0,20.0,54.285714285714285,16.5,6-5,235.0,77
1629216,Gabe Vincent,LAL,11,21.1,8.0,1.1,2.0,2.8,7.5,2.0,6.1,0.4,0.4,february,2024-25,16.0,14.0,51.9,6.0,32.1,1.9,3.54,16.1,0.5,0.0,0.4,,14.9,14.9,,,38.6,,,13.2,,52.0,22.6,77.4,22.6,81.33333333333333,21.1,6-2,200.0,74
1626145,Tyus Jones,PHX,13,26.5,7.9,2.5,5.5,2.7,8.4,1.9,5.5,0.6,0.7,february,2024-25,16.9,26.7,45.6,6.6,60.9,4.7,4.6,22.1,0.3,0.0,0.4,,17.2,23.8,,,41.7,,,,,74.4,25.7,74.3,25.7,65.47619047619048,26.5,6-1,196.0,73
1641744,Zach Edey,MEM,11,20.3,7.9,9.2,0.8,3.3,5.6,0.1,0.5,1.3,1.5,february,2024-25,13.3,5.2,62.6,12.7,24.9,0.5,1.28,13.3,0.7,1.2,6.7,,,,14.7,32.8,,,16.4,,15.5,61.7,58.3,41.7,58.3,8.928571428571429,20.3,7-4,305.0,88
1641715,Cam Whitmore,HOU,10,18.1,7.9,2.7,1.0,2.7,7.9,1.2,4.1,1.3,1.9,february,2024-25,21.7,8.8,45.2,6.8,22.3,1.1,3.0,12.9,0.0,0.1,0.7,6.7,34.8,14.0,,,19.1,,6.7,,6.2,70.6,40.7,59.3,40.7,51.898734177215175,18.1,6-7,230.0,79
202692,Alec Burks,MIA,8,20.0,7.9,4.5,1.1,2.5,6.6,1.6,4.4,1.3,1.8,february,2024-25,17.0,8.3,53.2,9.2,34.8,1.6,2.74,17.0,0.4,0.0,0.6,,,,,,,,,,,61.5,15.0,85.0,15.0,66.66666666666667,20.0,6-5,214.0,77
1630182,Josh Green,CHA,11,28.9,7.8,1.8,1.7,3.0,6.9,1.3,3.8,0.5,0.9,february,2024-25,12.4,9.0,53.5,4.1,31.1,1.2,2.24,19.6,0.2,0.0,0.4,,28.0,,,,61.3,,,,,74.2,15.2,84.8,15.2,55.07246376811593,28.9,6-5,200.0,77
1642347,Jamal Shead,TOR,11,20.7,7.7,1.5,4.3,3.2,7.0,0.9,2.9,0.5,0.6,february,2024-25,18.9,31.8,53.1,5.9,45.8,3.5,4.58,18.0,0.4,0.0,0.6,8.2,13.8,29.5,,,33.0,2.9,2.7,,,87.1,42.9,57.1,42.9,41.42857142857142,20.7,6-1,200.0,73
1631260,AJ Green,MIL,12,26.1,7.7,2.3,1.6,2.7,6.8,2.0,5.3,0.3,0.3,february,2024-25,12.1,8.5,54.9,4.8,35.1,1.0,1.73,20.4,0.4,0.0,0.7,,13.4,9.1,4.0,,42.1,12.8,,9.1,,63.3,15.6,84.4,15.6,77.94117647058823,26.1,6-4,190.0,76
201143,Al Horford,BOS,10,26.9,7.6,6.9,1.3,2.7,6.9,1.8,4.7,0.4,0.4,february,2024-25,12.1,6.4,53.7,8.6,33.6,0.7,1.33,17.9,0.6,0.7,2.5,,15.0,,12.2,8.9,40.0,,7.8,5.6,,52.4,11.1,88.9,11.1,68.11594202898551,26.9,6-9,240.0,81
1630548,Johnny Juzang,UTA,10,16.7,7.6,2.2,0.6,2.8,6.7,1.5,4.6,0.5,0.8,february,2024-25,18.4,5.4,53.9,5.8,21.8,0.7,1.95,12.9,0.5,0.0,0.7,,,,,,,,,,,56.0,32.1,67.9,32.1,68.65671641791045,16.7,6-5,226.0,77
1642270,Donovan Clingan,POR,11,18.5,7.5,7.9,0.9,3.2,4.8,0.1,0.1,1.1,2.2,february,2024-25,14.7,6.8,65.3,12.1,20.8,0.5,1.33,14.5,1.4,0.1,6.5,,7.7,,23.3,,15.4,,19.2,,25.4,50.0,31.4,68.6,31.4,2.0833333333333335,18.5,7-2,280.0,86
1630592,Jalen Wilson,BKN,11,23.4,7.5,3.7,1.7,2.5,6.3,1.3,4.2,1.2,1.7,february,2024-25,14.1,11.0,53.6,6.8,31.9,1.3,2.41,20.2,0.6,0.0,1.6,,14.7,8.0,,,52.0,,,,,67.5,17.9,82.1,17.9,66.66666666666667,23.4,6-6,220.0,78
1629637,Jaxson Hayes,LAL,12,22.2,7.5,4.8,1.6,3.3,4.5,0.0,0.0,0.8,1.4,february,2024-25,11.3,9.6,73.2,10.4,26.6,0.6,1.4,14.3,1.4,0.0,5.4,,13.2,,26.5,,,,34.4,,13.2,47.5,7.5,92.5,7.5,0.0,22.2,7-0,220.0,84
1630172,Patrick Williams,CHI,6,22.2,7.5,3.2,1.0,2.5,7.0,1.0,3.2,1.5,2.3,february,2024-25,16.9,6.3,46.7,4.1,31.7,1.3,2.44,16.5,0.5,0.8,1.3,3.6,22.1,9.3,5.0,3.6,41.4,3.6,,,5.0,65.4,46.7,53.3,46.7,45.714285714285715,22.2,6-7,215.0,79
1629611,Terance Mann,ATL,10,21.1,7.4,3.0,1.9,2.8,5.4,1.2,2.3,0.6,1.4,february,2024-25,13.1,13.0,61.5,6.7,25.6,1.1,2.57,16.0,0.9,0.0,2.0,3.7,22.0,17.9,,,28.9,4.4,6.6,,8.1,57.1,28.6,71.4,28.6,42.59259259259259,21.1,6-5,215.0,77
1628449,Chris Boucher,TOR,8,16.3,7.4,5.3,1.0,2.8,6.6,1.1,3.6,0.8,1.1,february,2024-25,19.5,8.7,51.8,9.7,22.3,0.6,1.58,13.5,1.1,0.1,3.3,,,,,,,,,,,80.0,27.3,72.7,27.3,54.545454545454554,16.3,6-9,200.0,81
1631170,Jaime Jaquez Jr.,MIA,8,16.7,7.4,4.0,2.0,2.6,5.5,0.3,1.3,1.9,2.1,february,2024-25,18.7,17.6,57.3,10.7,29.3,1.4,2.92,15.8,0.1,1.4,2.5,14.8,29.4,5.3,,5.7,26.6,,5.8,,4.0,69.6,47.6,52.4,47.6,23.636363636363637,16.7,6-6,225.0,78
1630573,Sam Hauser,BOS,11,22.5,7.4,3.4,0.7,2.5,5.5,2.1,4.5,0.2,0.2,february,2024-25,11.1,3.7,66.5,6.0,24.5,0.6,1.48,11.7,0.5,0.0,0.5,,20.5,4.3,8.2,,34.1,9.4,,14.2,3.7,71.8,3.6,96.4,3.6,81.81818181818183,22.5,6-7,217.0,79
101108,Chris Paul,SAS,12,28.2,7.3,2.6,7.2,2.4,6.8,1.6,4.8,0.8,0.9,february,2024-25,12.5,32.6,50.7,8.8,59.3,3.9,3.95,25.1,0.3,0.0,0.2,,,43.8,,,15.6,,,,,71.1,48.3,51.7,48.3,70.58823529411765,28.2,6-0,175.0,72
1630200,Tre Jones,CHI,9,15.9,7.2,1.9,2.4,2.7,5.1,0.3,1.0,1.6,1.7,february,2024-25,15.6,23.9,61.8,12.2,31.9,1.8,3.44,12.8,0.1,0.0,0.6,4.8,22.7,32.0,,,22.7,4.5,3.0,,,58.8,37.5,62.5,37.5,19.607843137254903,15.9,6-1,185.0,73
1630191,Isaiah Stewart,DET,12,18.6,7.1,5.2,1.3,2.8,4.4,0.3,0.6,1.3,1.9,february,2024-25,13.7,9.9,67.3,10.1,22.9,0.7,1.8,13.9,3.3,0.3,4.1,,10.3,,13.9,10.3,23.9,,19.2,,11.8,42.0,21.2,78.8,21.2,13.636363636363635,18.6,6-8,250.0,80
1627827,Dorian Finney-Smith,LAL,11,29.8,7.0,3.9,2.0,2.6,6.0,1.5,4.2,0.2,0.2,february,2024-25,10.4,8.6,57.6,5.9,33.6,0.9,1.68,18.8,0.5,0.0,1.5,,,,,,,,,,,47.9,10.3,89.7,10.3,70.0,29.8,6-7,220.0,79
1630192,Zeke Nnaji,DEN,12,20.2,7.0,3.8,0.6,2.8,4.7,0.8,1.8,0.8,1.2,february,2024-25,10.9,3.3,67.6,8.2,17.3,0.4,1.45,10.3,0.1,0.2,2.7,,14.9,,16.3,,24.8,,22.7,,9.9,48.3,21.2,78.8,21.2,38.297872340425535,20.2,6-9,240.0,81
1641767,Ben Sheppard,IND,12,19.9,6.9,3.3,1.4,2.6,4.9,1.0,3.0,0.8,0.8,february,2024-25,11.1,9.4,65.5,9.1,26.9,0.7,1.48,15.4,0.3,0.0,0.7,,27.3,10.0,,,38.2,5.0,6.4,,,40.7,9.7,90.3,9.7,61.22448979591836,19.9,6-6,190.0,78
1629026,Kenrich Williams,OKC,12,16.3,6.8,3.6,2.2,2.8,5.5,1.3,3.0,0.1,0.1,february,2024-25,15.4,17.1,61.7,11.3,23.1,0.9,2.35,13.3,0.4,0.1,1.8,,14.6,,,,42.3,,10.0,,7.7,56.0,18.2,81.8,18.2,54.54545454545454,16.3,6-6,210.0,78
1628988,Aaron Holiday,HOU,10,17.6,6.8,2.2,1.5,2.5,6.5,1.0,4.0,0.8,1.0,february,2024-25,16.9,13.0,49.0,6.7,27.7,1.5,3.18,13.3,0.4,0.0,0.3,,18.5,18.5,,,42.5,,,,,67.7,28.0,72.0,28.0,61.53846153846154,17.6,6-0,185.0,72
1642275,Tidjane Salaün,CHA,9,22.9,6.8,4.8,0.8,1.9,7.0,0.8,3.3,2.2,2.9,february,2024-25,17.3,5.8,41.0,5.0,33.9,1.1,1.93,17.6,0.7,0.0,1.9,,20.7,,12.4,,43.2,,7.7,,,73.2,23.5,76.5,23.5,47.14285714285714,22.9,6-8,207.0,80
1631246,Vince Williams Jr.,MEM,7,16.9,6.7,3.9,1.6,2.3,5.9,0.9,2.9,1.3,1.6,february,2024-25,17.3,12.0,51.3,7.5,29.4,1.3,2.64,14.6,0.3,0.1,1.9,,17.7,29.5,,,31.5,,,,,76.5,31.3,68.8,31.3,49.15254237288135,16.9,6-4,205.0,76
1642367,Jonathan Mogbo,TOR,11,23.8,6.6,4.1,2.1,2.6,6.1,0.5,1.9,0.8,1.3,february,2024-25,13.9,12.6,49.9,5.9,33.4,1.0,1.77,21.8,2.3,0.0,4.1,,,,,,,,,,,63.9,17.2,82.8,17.2,31.147540983606557,23.8,6-9,225.0,81
1630577,Julian Champagnie,SAS,12,17.7,6.6,2.3,1.4,2.3,5.6,1.3,4.0,0.6,0.7,february,2024-25,14.3,10.3,56.0,8.4,20.9,0.6,1.58,11.5,0.4,0.0,0.8,,23.0,,5.3,,43.3,6.5,3.1,9.3,4.3,63.4,14.3,85.7,14.3,71.42857142857143,17.7,6-7,217.0,79
1628379,Luke Kennard,MEM,11,22.4,6.5,2.3,3.4,2.4,5.9,1.2,3.5,0.6,0.6,february,2024-25,12.1,17.9,52.9,7.0,32.0,1.4,2.68,18.2,0.2,0.0,0.8,,24.5,9.1,,,32.0,7.9,5.8,11.6,,72.2,23.1,76.9,23.1,59.32203389830508,22.4,6-5,206.0,77
1627739,Kris Dunn,LAC,10,27.0,6.5,5.5,4.1,2.6,5.8,1.0,2.5,0.3,0.4,february,2024-25,10.4,20.0,54.4,9.9,50.8,2.3,2.75,17.4,0.9,0.1,2.7,3.9,19.3,9.6,5.5,,38.6,,9.6,,3.2,68.2,26.9,73.1,26.9,43.10344827586207,27.0,6-3,205.0,75
1641740,Jaylen Clark,MIN,13,20.2,6.5,1.5,0.7,2.3,5.0,1.0,2.3,0.8,1.1,february,2024-25,11.6,4.8,59.0,4.7,13.8,0.4,1.55,10.2,0.2,0.0,1.8,,19.9,,,,45.8,,7.2,,12.7,59.4,23.3,76.7,23.3,46.0,20.2,6-4,205.0,76
1628971,Bruce Brown,NOP,9,21.1,6.4,3.3,1.8,2.2,6.8,0.2,1.7,1.8,2.1,february,2024-25,16.4,11.3,41.8,5.3,34.1,1.9,3.25,14.7,0.7,0.0,1.9,4.1,22.3,15.7,,,22.3,3.8,13.0,,8.7,42.9,55.0,45.0,55.0,25.0,21.1,6-4,202.0,76
1631213,Tyrese Martin,BKN,10,19.3,6.2,3.2,1.1,2.0,6.0,1.2,4.2,1.0,1.1,february,2024-25,16.1,8.9,47.8,7.3,27.9,1.1,2.45,15.6,0.1,0.0,0.6,,15.1,20.7,,,37.1,10.0,4.0,,,51.9,20.0,80.0,20.0,70.0,19.3,6-6,215.0,78
1630692,Jordan Goodwin,LAL,8,16.9,6.1,3.8,1.0,2.6,5.0,0.6,2.0,0.3,0.4,february,2024-25,14.0,8.2,59.3,10.1,30.8,1.5,2.85,14.5,0.6,0.0,2.3,,16.2,12.8,3.4,,42.7,,,,12.0,75.0,52.4,47.6,52.4,40.0,16.9,6-5,215.0,77
1631115,Orlando Robinson,TOR,11,16.1,6.1,4.5,1.7,2.4,5.0,0.3,1.0,1.1,1.3,february,2024-25,16.4,16.5,54.8,10.5,26.9,0.8,1.73,17.5,3.7,0.5,5.1,,,,,,,,,,,57.6,42.3,57.7,42.3,20.0,16.1,6-10,235.0,82
1630171,Isaac Okoro,CLE,5,18.0,6.0,3.4,0.8,2.2,4.6,1.0,2.6,0.6,0.8,february,2024-25,12.4,5.3,60.6,8.2,19.0,0.6,2.02,11.4,0.4,0.0,2.0,,25.9,,,,41.6,,10.8,,5.2,14.3,0.0,100.0,0.0,56.52173913043479,18.0,6-5,225.0,77
203484,Kentavious Caldwell-Pope,MEM,11,27.8,5.8,2.6,1.3,2.1,5.5,0.8,3.0,0.8,1.0,february,2024-25,9.4,6.1,49.4,3.9,28.7,1.0,2.08,15.5,0.1,0.0,0.5,3.1,24.1,18.1,,,33.7,5.9,,6.5,,66.7,13.0,87.0,13.0,54.54545454545454,27.8,6-5,204.0,77
1631323,Simone Fontecchio,DET,10,15.3,5.8,3.4,0.7,1.7,5.1,0.7,2.8,1.7,1.8,february,2024-25,17.1,6.0,49.2,6.5,22.2,0.7,1.82,12.2,0.2,0.0,0.7,,26.5,,,,43.5,,4.3,10.5,5.2,50.0,5.9,94.1,5.9,54.90196078431373,15.3,6-7,209.0,79
1627732,Ben Simmons,LAC,7,21.1,5.7,5.1,5.0,2.4,4.7,0.0,0.0,0.9,1.0,february,2024-25,11.3,35.4,55.4,13.7,47.1,3.2,4.11,18.3,1.4,1.1,2.9,,,,,,,,,,,70.6,35.3,64.7,35.3,0.0,21.1,6-10,240.0,82
202687,Bismack Biyombo,SAS,6,16.0,5.7,5.0,0.8,2.7,4.0,0.0,0.0,0.3,1.2,february,2024-25,14.5,8.9,62.8,10.8,24.7,0.6,1.44,12.7,2.0,0.3,5.0,,,,,,,,,,,42.9,18.8,81.3,18.8,0.0,16.0,6-8,255.0,80
1641842,Ronald Holland II,DET,12,16.6,5.7,2.2,1.3,2.0,4.8,0.3,2.3,1.3,1.6,february,2024-25,15.7,10.6,51.2,6.1,25.8,0.9,2.2,12.3,0.3,0.0,0.5,3.8,25.0,6.9,,,39.3,3.0,5.5,,5.8,75.0,29.2,70.8,29.2,47.916666666666664,16.6,6-8,206.0,80
1629312,Haywood Highsmith,MIA,7,22.0,5.6,3.0,1.9,1.9,4.4,1.1,3.3,0.7,0.9,february,2024-25,10.4,10.2,58.0,5.7,22.4,0.5,1.38,14.1,0.6,0.0,1.4,,,,,,,,,,,72.7,7.7,92.3,7.7,74.99999999999999,22.0,6-5,220.0,77
1642265,Rob Dillingham,MIN,13,16.5,5.5,1.7,3.2,2.4,6.6,0.2,2.1,0.5,0.6,february,2024-25,19.8,28.0,39.7,5.9,33.6,2.8,4.97,14.1,0.2,0.0,0.2,,,,,,,,,,,60.0,64.5,35.5,64.5,31.818181818181824,16.5,6-3,175.0,75
203991,Clint Capela,ATL,5,16.4,5.4,5.8,0.8,2.4,5.0,0.0,0.2,0.6,1.2,february,2024-25,14.6,7.3,48.8,9.5,22.4,0.5,1.4,11.8,2.6,0.4,5.2,,,,22.1,,,,24.4,,36.6,50.0,33.3,66.7,33.3,4.0,16.4,6-10,256.0,82
1642262,Cody Williams,UTA,8,18.8,5.4,2.6,1.1,1.9,5.0,0.8,2.0,0.9,0.9,february,2024-25,13.4,7.6,49.9,3.9,19.3,0.9,2.7,9.1,0.4,0.0,0.8,,26.3,,,,39.5,,14.7,,,53.3,26.7,73.3,26.7,40.0,18.8,6-7,190.0,79
1629048,Goga Bitadze,ORL,12,18.5,4.9,6.4,1.1,2.1,3.3,0.0,0.1,0.8,1.5,february,2024-25,10.4,8.7,62.9,12.7,30.0,0.8,1.66,16.4,2.3,0.2,4.7,,10.8,,15.0,,,,26.9,,27.5,56.4,36.0,64.0,36.0,3.0303030303030307,18.5,6-10,250.0,82
1628436,Luke Kornet,BOS,9,18.4,4.8,4.9,2.0,2.2,2.9,0.0,0.1,0.3,0.4,february,2024-25,8.1,13.0,77.4,9.4,15.6,0.3,1.13,11.1,1.3,0.2,5.1,,6.6,,21.8,,,,35.0,,23.4,48.3,45.0,55.0,45.0,3.4482758620689653,18.4,7-1,250.0,85
1641765,Olivier-Maxence Prosper,DAL,11,16.3,4.7,3.0,1.3,1.9,5.5,0.1,1.3,0.8,1.1,february,2024-25,16.0,11.9,39.8,7.1,24.9,1.0,2.41,14.5,1.2,0.1,3.4,,27.0,,,,40.4,,13.5,,,64.1,19.0,81.0,19.0,23.636363636363637,16.3,6-7,230.0,79
1630556,Kessler Edwards,DAL,11,18.4,4.6,4.2,1.5,2.0,4.5,0.5,1.6,0.1,0.1,february,2024-25,11.6,10.3,51.6,6.9,28.6,0.7,1.55,15.1,1.4,0.0,2.5,,,,,,,,,,,72.7,18.2,81.8,18.2,35.55555555555556,18.4,6-7,203.0,79
1629610,DaQuan Jeffries,CHA,9,22.1,4.2,2.9,1.4,1.6,5.4,0.4,3.2,0.7,0.8,february,2024-25,13.0,9.3,36.5,2.1,22.0,0.8,2.06,13.3,0.1,0.0,1.1,,,,,,,,,,,58.6,28.6,71.4,28.6,59.25925925925925,22.1,6-5,222.0,77
1629618,Jalen Pickett,DEN,10,16.2,4.2,1.6,2.2,1.7,4.3,0.7,2.1,0.1,0.1,february,2024-25,12.2,15.8,48.3,7.0,28.4,1.9,4.05,10.6,0.4,0.0,0.4,8.5,10.4,20.9,,,30.3,7.0,7.0,,,65.0,41.2,58.8,41.2,48.83720930232558,16.2,6-2,202.0,74
203486,Mason Plumlee,PHX,13,18.9,4.1,6.3,2.1,1.6,2.6,0.0,0.0,0.8,1.5,february,2024-25,9.0,14.4,62.6,9.2,29.4,0.8,1.73,13.9,1.5,0.0,4.5,,,,,,,,,,,62.3,28.6,71.4,28.6,0.0,18.9,6-10,254.0,82
1631119,Jaylin Williams,OKC,11,16.6,4.0,6.7,2.7,1.5,3.9,0.7,2.6,0.4,0.4,february,2024-25,11.7,18.4,49.2,11.3,37.5,1.0,1.56,20.3,0.6,0.0,1.6,,14.8,,21.6,,40.7,,,,,62.5,18.8,81.3,18.8,66.66666666666667,16.6,6-9,240.0,81
1629750,Javonte Green,CLE,7,18.1,3.9,3.3,1.0,1.6,3.7,0.6,2.4,0.1,0.3,february,2024-25,9.3,6.7,50.2,5.5,24.4,0.6,1.44,11.4,0.0,0.0,0.6,,23.5,,3.7,,41.2,,14.7,,4.8,77.8,9.1,90.9,9.1,64.86486486486486,18.1,6-5,205.0,77
1629020,Jarred Vanderbilt,LAL,11,15.3,3.5,5.2,1.0,1.2,2.5,0.5,1.0,0.6,1.5,february,2024-25,10.4,8.9,54.2,7.5,19.3,0.5,1.64,8.8,0.8,0.1,2.7,,18.0,,,,32.3,,16.9,,14.3,60.0,38.5,61.5,38.5,40.0,15.3,6-8,214.0,80
201587,Nicolas Batum,LAC,11,15.4,3.4,2.4,0.5,1.1,2.9,1.0,2.5,0.2,0.2,february,2024-25,8.4,5.0,56.3,6.3,18.4,0.4,1.16,8.9,0.4,0.0,0.6,,14.2,,,,68.9,,,,,63.0,8.3,91.7,8.3,86.20689655172414,15.4,6-8,230.0,80
203901,Elfrid Payton,NOP,6,20.6,1.0,2.2,3.3,0.5,3.5,0.0,0.0,0.0,0.0,february,2024-25,9.8,26.0,14.3,1.9,44.0,3.3,4.52,15.0,0.3,0.0,0.5,,,,,,,,,,,46.7,100.0,0.0,100.0,0.0,20.6,6-3,195.0,75
1628983,Shai Gilgeous-Alexander,OKC,14,34.0,34.7,4.3,7.4,12.0,23.2,2.4,5.7,8.4,9.0,march,2024-25,35.1,35.0,63.9,19.9,74.0,7.2,5.87,25.8,0.9,1.4,1.2,26.3,14.1,37.3,,4.7,6.2,2.1,3.3,1.6,,61.2,82.7,17.3,82.7,24.56896551724138,34.0,6-6,195.0,78
1629029,Luka Dončić,LAL,15,37.1,30.1,8.4,8.6,9.0,20.9,4.3,10.5,7.8,9.7,march,2024-25,34.3,37.8,59.8,17.4,87.2,7.5,5.15,40.7,1.3,2.1,0.7,16.0,14.3,36.3,,7.6,8.7,2.3,1.3,7.4,1.7,62.4,72.6,27.4,72.6,50.23923444976077,37.1,6-6,230.0,78
203999,Nikola Jokić,DEN,10,38.8,30.0,13.3,8.8,11.7,21.0,1.5,5.3,5.1,7.1,march,2024-25,29.4,34.2,62.2,18.1,105.1,4.6,2.65,57.8,12.3,9.0,12.1,5.3,10.1,9.7,13.0,22.8,9.0,,7.3,5.3,9.3,70.7,35.9,64.1,35.9,25.238095238095237,38.8,6-11,284.0,83
1631094,Paolo Banchero,ORL,15,36.5,29.8,7.6,4.4,10.1,20.4,2.2,6.3,7.3,9.2,march,2024-25,32.5,22.3,60.9,18.6,81.5,5.8,4.27,36.8,1.7,1.9,2.3,14.7,19.8,19.4,5.2,9.3,15.4,2.6,4.7,3.6,2.6,59.0,68.4,31.6,68.4,30.88235294117647,36.5,6-10,250.0,82
1629630,Ja Morant,MEM,8,33.8,29.5,4.8,7.6,10.6,21.1,1.9,6.4,6.4,8.0,march,2024-25,32.9,37.4,59.8,16.7,76.9,6.6,5.13,28.8,0.0,0.4,1.6,14.1,19.6,40.4,,,11.0,5.0,2.4,,,64.0,72.9,27.1,72.9,30.33175355450237,33.8,6-2,174.0,74
203507,Giannis Antetokounmpo,MIL,15,33.3,28.3,11.2,6.3,10.5,17.9,0.1,0.8,7.3,10.8,march,2024-25,33.3,33.7,62.3,20.5,82.3,5.7,4.16,38.8,3.9,4.5,6.3,10.9,26.0,7.7,6.4,20.2,6.1,,7.9,,8.9,57.4,60.5,39.5,60.5,4.46927374301676,33.3,6-11,243.0,83
1628369,Jayson Tatum,BOS,11,36.4,27.9,8.7,6.5,9.8,21.7,3.2,10.2,5.1,5.7,march,2024-25,33.0,28.9,57.6,15.6,90.8,5.3,3.52,50.2,1.0,1.5,1.5,,,,,,,,,,,58.3,60.2,39.8,60.2,47.004608294930875,36.4,6-8,210.0,80
1629632,Coby White,CHI,15,35.5,27.7,4.7,3.7,9.4,19.0,3.1,8.3,5.7,6.5,march,2024-25,27.8,16.0,63.2,13.3,66.9,4.6,4.14,29.7,0.3,0.0,0.4,7.7,29.3,29.6,,,20.9,3.1,,2.6,,66.1,58.2,41.8,58.2,43.684210526315795,35.5,6-5,195.0,77
1630595,Cade Cunningham,DET,11,34.3,27.3,5.8,8.4,10.1,20.8,1.5,4.7,5.6,6.5,march,2024-25,33.7,38.5,57.6,16.0,88.1,7.4,5.04,35.3,1.3,2.5,1.3,11.5,17.5,38.7,,3.5,8.5,8.4,1.6,4.4,1.3,50.9,65.8,34.2,65.8,22.596153846153847,34.3,6-6,220.0,78
1630162,Anthony Edwards,MIN,14,34.3,26.6,4.5,4.5,8.5,18.5,3.5,9.9,6.1,7.2,march,2024-25,29.2,20.5,61.5,14.3,67.2,5.3,4.71,34.8,0.8,0.6,1.2,23.4,15.7,23.5,,4.9,12.9,7.3,2.0,4.8,1.2,52.8,53.8,46.2,53.8,53.51351351351351,34.3,6-4,225.0,76
1629656,Quentin Grimes,PHI,14,34.6,26.6,4.7,4.9,9.5,18.9,3.4,8.5,4.2,5.7,march,2024-25,29.9,23.9,62.3,13.0,72.2,4.3,3.55,38.4,0.4,0.2,1.0,10.4,22.2,10.8,,,37.6,2.4,2.8,6.8,2.0,58.4,56.4,43.6,56.4,44.973544973544975,34.6,6-4,210.0,76
201142,Kevin Durant,PHX,15,35.9,26.1,6.3,4.2,8.9,17.5,3.2,6.2,5.0,5.7,march,2024-25,28.0,18.1,65.2,13.5,59.4,3.5,3.53,40.6,1.3,2.3,0.6,20.8,13.5,18.4,1.7,7.3,15.2,7.5,2.3,7.5,1.1,64.0,41.8,58.2,41.8,35.42857142857143,35.9,6-11,240.0,83
1629027,Trae Young,ATL,13,35.4,25.3,3.3,12.0,7.8,18.4,2.4,6.8,7.2,7.8,march,2024-25,30.0,45.2,58.0,14.2,83.4,8.1,5.84,24.5,0.5,0.0,0.5,12.0,20.4,39.3,,,8.4,10.5,,,,64.8,77.5,22.5,77.5,36.95652173913044,35.4,6-1,164.0,73
201935,James Harden,LAC,16,36.9,25.3,5.4,8.7,7.2,16.5,3.4,9.2,7.4,8.7,march,2024-25,28.1,34.5,62.1,15.1,83.7,8.0,5.71,29.9,0.4,0.2,0.6,42.5,13.1,25.0,,1.3,7.5,4.6,,,,64.8,76.5,23.5,76.5,55.75757575757575,36.9,6-5,220.0,77
1629627,Zion Williamson,NOP,8,29.3,25.3,6.4,6.1,10.0,17.1,0.0,0.1,5.3,7.4,march,2024-25,31.8,36.8,62.0,17.5,69.8,5.0,4.27,33.9,3.6,2.3,3.8,23.8,15.0,15.3,4.8,10.2,5.5,2.6,10.5,,8.6,69.0,60.0,40.0,60.0,0.5847953216374269,29.3,6-6,284.0,78
202695,Kawhi Leonard,LAC,13,36.3,25.2,7.4,3.3,9.7,18.6,2.2,5.6,3.6,4.4,march,2024-25,27.5,14.3,61.4,14.8,57.8,4.0,4.14,30.6,1.9,2.4,2.7,16.5,19.6,25.9,,6.0,12.2,3.4,3.0,7.2,2.8,57.4,48.4,51.6,48.4,30.107526881720425,36.3,6-7,225.0,79
201939,Stephen Curry,GSW,12,32.4,23.8,3.8,6.1,7.3,16.5,4.0,10.5,5.3,5.8,march,2024-25,27.4,27.5,62.5,13.8,66.3,4.6,4.15,30.9,0.8,0.1,1.6,10.1,13.8,21.1,,,11.6,12.0,7.0,18.0,1.3,54.2,27.6,72.4,27.6,63.63636363636363,32.4,6-2,185.0,74
1630166,Deni Avdija,POR,13,35.9,23.4,9.8,5.2,7.5,14.8,2.8,6.2,5.5,6.8,march,2024-25,24.1,21.8,65.9,15.5,80.6,4.2,3.16,39.6,1.5,0.5,2.8,14.0,18.1,26.9,,3.1,19.0,4.8,4.0,4.7,1.7,60.0,39.8,60.2,39.8,41.891891891891895,35.9,6-9,240.0,81
1630559,Austin Reaves,LAL,14,36.6,23.3,5.5,5.4,7.9,16.4,2.7,7.6,4.9,5.1,march,2024-25,24.5,22.5,62.5,12.8,80.7,5.9,4.42,35.3,1.0,0.1,1.2,13.5,15.8,35.6,,,14.0,5.6,,5.6,,67.9,43.6,56.4,43.6,46.34146341463415,36.6,6-5,197.0,77
1626157,Karl-Anthony Towns,NYK,14,34.8,23.1,10.9,2.9,8.4,17.1,2.1,5.0,4.4,5.5,march,2024-25,27.3,12.7,59.1,14.2,57.5,2.0,2.13,35.9,2.1,3.7,4.7,10.0,15.2,1.6,13.8,11.1,19.9,1.9,5.9,2.3,12.6,56.6,28.2,71.8,28.2,29.239766081871345,34.8,7-0,248.0,84
1628384,OG Anunoby,NYK,15,38.1,23.1,5.3,2.6,8.1,17.1,2.9,7.3,3.9,4.7,march,2024-25,23.1,10.7,60.1,12.2,52.5,1.8,2.11,35.5,1.2,1.3,3.9,5.9,22.4,5.9,3.0,2.8,38.2,4.8,5.3,3.4,4.4,61.8,25.4,74.6,25.4,42.69005847953216,38.1,6-7,240.0,79
203081,Damian Lillard,MIL,10,34.5,23.0,4.9,5.8,7.1,15.7,3.0,8.6,5.8,6.2,march,2024-25,24.9,26.2,62.4,14.4,78.9,6.3,4.82,28.9,0.0,0.0,0.1,,,,,,,,,,,77.8,60.6,39.4,60.6,54.77707006369427,34.5,6-2,195.0,74
1631114,Jalen Williams,OKC,8,29.4,23.0,4.6,5.6,8.0,15.3,2.1,4.5,4.9,5.9,march,2024-25,27.7,25.0,64.5,15.3,57.3,3.7,3.92,25.0,1.6,0.0,1.0,14.8,21.0,36.0,,,16.9,3.0,4.3,,,66.7,56.3,43.8,56.3,29.411764705882355,29.4,6-5,211.0,77
1627750,Jamal Murray,DEN,12,37.9,23.0,4.1,6.3,8.3,17.1,2.3,6.3,4.3,4.5,march,2024-25,22.8,23.1,60.3,12.1,71.2,6.0,5.03,33.8,0.7,0.6,1.4,14.6,13.0,35.4,,2.9,8.6,11.5,3.8,4.0,,70.0,55.6,44.4,55.6,36.84210526315789,37.9,6-4,215.0,76
1630560,Cam Thomas,BKN,5,29.1,22.8,2.6,5.8,8.2,20.0,2.8,9.4,3.6,4.0,march,2024-25,35.0,33.3,52.4,11.9,64.4,4.3,4.05,40.4,0.8,0.0,0.8,16.4,12.0,28.1,,,12.0,17.8,,,,66.7,56.1,43.9,56.1,47.0,29.1,6-3,210.0,75
1628970,Miles Bridges,CHA,16,32.5,22.6,7.8,4.7,8.1,18.1,2.4,7.7,4.1,4.6,march,2024-25,28.4,23.4,56.3,15.0,69.1,3.7,3.24,34.2,0.6,0.3,2.6,9.0,16.5,14.9,7.4,4.9,29.8,7.2,3.2,,2.1,57.1,34.9,65.1,34.9,42.54143646408839,32.5,6-7,225.0,79
1628378,Donovan Mitchell,CLE,12,32.5,22.5,5.8,5.7,6.9,18.6,1.8,8.2,6.9,8.2,march,2024-25,30.3,26.8,50.7,12.2,62.3,5.2,5.0,22.8,0.6,0.0,1.2,11.4,22.8,34.1,1.5,,11.4,6.9,1.9,3.8,1.6,63.3,77.1,22.9,77.1,44.08602150537634,32.5,6-3,215.0,75
201942,DeMar DeRozan,SAC,17,36.5,22.5,3.6,5.9,8.2,17.8,1.3,4.1,4.8,5.7,march,2024-25,26.0,25.4,55.4,11.4,60.9,4.8,4.74,36.8,1.3,2.5,0.7,19.9,10.0,17.6,1.7,12.0,19.1,6.1,3.9,4.6,1.7,75.4,61.2,38.8,61.2,23.033707865168537,36.5,6-6,220.0,78
1629639,Tyler Herro,MIA,16,35.2,22.4,4.2,5.1,8.6,17.0,2.3,6.1,3.1,3.3,march,2024-25,25.9,23.0,60.8,14.1,67.9,4.6,4.09,32.9,0.5,0.0,0.6,13.3,27.7,13.9,,,32.4,,,5.8,,54.8,48.9,51.1,48.9,35.88235294117647,35.2,6-5,195.0,77
1626164,Devin Booker,PHX,15,37.5,22.3,4.5,7.6,7.8,16.9,2.0,6.4,4.7,5.3,march,2024-25,26.3,30.6,57.9,10.5,75.0,5.1,4.07,48.5,1.3,0.9,1.5,14.0,15.7,33.1,1.8,3.8,9.5,7.5,1.6,7.5,1.7,66.7,47.9,52.1,47.9,37.8698224852071,37.5,6-6,206.0,78
1629014,Anfernee Simons,POR,14,34.1,22.0,2.5,3.9,8.0,18.7,3.4,9.8,2.6,2.9,march,2024-25,24.9,19.7,55.1,10.8,64.9,4.7,4.37,31.9,0.1,0.0,0.3,18.2,14.5,28.8,,,19.8,7.2,,4.9,,60.0,63.4,36.6,63.4,52.40641711229947,34.1,6-3,200.0,75
1630532,Franz Wagner,ORL,15,34.9,22.0,5.9,4.3,8.3,18.7,1.1,4.9,4.2,4.6,march,2024-25,29.1,21.5,53.2,12.9,66.0,4.3,3.93,37.6,1.9,0.6,2.5,7.6,20.4,22.9,2.9,6.9,16.6,3.2,6.7,3.6,4.4,67.2,53.6,46.4,53.6,26.203208556149736,34.9,6-10,220.0,82
204001,Kristaps Porziņģis,BOS,7,29.1,21.7,7.7,2.7,7.6,13.9,2.0,4.9,4.6,5.6,march,2024-25,26.8,15.0,66.6,16.0,47.1,1.3,1.61,35.6,3.4,5.1,6.7,,14.6,,11.3,24.3,17.4,,7.7,10.5,6.1,42.9,15.1,84.9,15.1,35.251798561151084,29.1,7-2,240.0,86
2544,LeBron James,LAL,10,36.8,21.6,8.3,7.4,8.1,18.0,1.3,5.2,4.1,5.1,march,2024-25,27.6,32.9,53.3,13.9,78.1,4.9,3.76,38.9,3.1,2.7,3.1,12.8,24.5,12.5,3.1,12.1,12.6,,5.7,7.5,1.9,70.7,49.4,50.6,49.4,28.888888888888893,36.8,6-9,250.0,81
1630163,LaMelo Ball,CHA,11,31.2,21.5,4.5,8.2,7.3,19.0,3.6,10.0,3.4,3.7,march,2024-25,32.1,39.8,52.2,10.0,83.8,6.5,4.69,31.8,0.2,0.0,1.2,12.2,12.8,39.4,1.6,,19.4,6.5,,1.7,2.0,64.4,50.0,50.0,50.0,52.63157894736842,31.2,6-7,180.0,79
203952,Andrew Wiggins,MIA,9,31.4,21.3,3.6,3.1,8.2,15.8,2.4,5.8,2.4,3.6,march,2024-25,28.5,16.9,61.5,12.0,46.8,2.6,3.39,31.9,0.6,2.3,1.8,10.9,22.1,7.6,,6.8,32.5,2.0,3.8,2.5,7.8,55.0,39.2,60.8,39.2,36.70886075949367,31.4,6-7,197.0,79
1630224,Jalen Green,HOU,17,34.1,21.1,5.9,4.5,7.4,17.8,2.8,8.4,3.6,4.7,march,2024-25,26.0,19.4,53.1,12.3,68.6,6.0,5.27,25.4,0.3,0.0,0.5,,,,,,,,,,,62.8,65.6,34.4,65.6,47.19101123595505,34.1,6-4,186.0,76
1630217,Desmond Bane,ORL,15,33.6,20.5,6.6,5.4,7.5,16.1,2.5,6.1,2.9,3.1,march,2024-25,23.7,23.8,58.4,12.6,72.9,4.5,3.73,30.4,0.3,0.0,1.6,7.0,19.3,25.5,,,17.4,7.4,4.1,9.1,3.8,64.6,45.1,54.9,45.1,37.888198757763966,33.6,6-5,215.0,77
1628991,Jaren Jackson Jr.,MEM,11,28.0,20.5,4.3,1.5,7.6,15.3,2.5,4.8,2.7,3.3,march,2024-25,27.0,8.2,61.2,11.7,41.5,2.0,2.88,24.1,0.5,2.8,1.1,11.1,15.3,2.1,9.7,19.8,26.4,1.5,3.4,,3.9,48.4,35.7,64.3,35.7,31.372549019607842,28.0,6-10,242.0,82
1630193,Immanuel Quickley,TOR,9,28.4,20.4,4.2,6.1,6.3,15.0,3.1,8.0,4.7,5.3,march,2024-25,26.3,33.1,58.9,16.0,65.4,4.8,4.43,26.0,0.3,0.0,0.7,6.1,28.1,20.9,,,25.4,6.4,1.9,4.1,1.4,43.5,45.6,54.4,45.6,53.333333333333336,28.4,6-2,190.0,74
1630581,Josh Giddey,CHI,10,33.1,20.3,9.6,9.0,7.1,14.5,1.5,4.2,4.6,6.0,march,2024-25,25.2,35.7,59.2,15.4,91.2,5.3,3.46,36.9,0.5,0.1,2.0,5.0,22.8,38.8,,,16.0,4.5,4.3,,,57.7,50.7,49.3,50.7,28.965517241379313,33.1,6-8,216.0,80
1629628,RJ Barrett,TOR,8,29.0,20.1,6.5,5.3,7.4,16.0,2.1,5.4,3.3,6.0,march,2024-25,30.2,30.0,54.0,12.4,61.8,3.5,3.38,31.5,0.8,0.3,2.3,2.7,28.5,18.0,,2.4,23.8,6.6,7.3,3.4,3.4,69.0,39.0,61.0,39.0,33.75,29.0,6-6,214.0,78
1628389,Bam Adebayo,MIA,17,35.3,20.1,8.9,4.2,7.4,14.8,1.2,3.1,4.2,5.1,march,2024-25,23.9,18.7,59.0,14.5,61.9,3.1,3.01,38.9,5.6,2.9,6.0,8.0,20.2,,9.1,11.3,30.1,,7.1,2.4,6.5,66.2,34.4,65.6,34.4,20.945945945945947,35.3,6-9,255.0,81
203897,Zach LaVine,SAC,16,36.2,19.9,3.6,3.4,7.4,14.2,2.8,6.2,2.4,2.9,march,2024-25,22.2,14.6,64.5,9.7,61.6,4.4,4.29,28.1,0.3,0.3,0.8,9.3,23.5,19.5,4.0,,22.7,6.3,3.4,8.5,,58.7,43.2,56.8,43.2,43.66197183098592,36.2,6-5,200.0,77
1627826,Ivica Zubac,LAC,16,34.7,19.9,12.5,2.8,8.7,13.8,0.0,0.0,2.5,3.6,march,2024-25,21.6,12.2,64.5,15.7,56.1,1.7,1.78,33.3,6.3,6.1,12.2,,5.5,,18.4,28.3,,,20.1,,20.3,60.2,25.9,74.1,25.9,0.0,34.7,7-0,240.0,84
1628368,De'Aaron Fox,SAS,7,33.1,19.9,4.1,6.9,7.7,16.3,1.6,5.6,2.9,3.1,march,2024-25,24.6,26.7,56.2,10.1,73.9,5.2,4.26,29.6,0.0,0.0,0.3,10.1,22.8,29.1,,,18.1,6.4,2.0,3.7,1.7,76.9,57.4,42.6,57.4,34.35582822085889,33.1,6-3,185.0,75
1630169,Tyrese Haliburton,IND,11,31.5,19.8,3.8,11.2,7.1,14.0,2.8,6.9,2.8,3.1,march,2024-25,22.4,48.0,64.5,17.7,89.6,5.7,3.8,34.2,0.4,0.0,0.9,,,,,,,,,,,61.0,66.7,33.3,66.7,49.28571428571429,31.5,6-5,185.0,77
1630230,Naji Marshall,DAL,16,34.5,19.8,7.3,3.6,8.1,15.1,0.9,3.7,2.7,3.5,march,2024-25,23.2,15.8,59.4,12.1,57.3,3.0,3.12,25.3,0.9,0.1,2.4,5.6,31.6,10.9,3.9,,29.1,,6.0,2.4,2.4,69.5,49.2,50.8,49.2,24.50331125827815,34.5,6-6,220.0,78
1642264,Stephon Castle,SAS,17,28.8,19.5,4.4,4.8,6.9,15.2,1.5,5.1,4.1,6.0,march,2024-25,29.4,24.4,54.6,9.2,65.5,4.4,4.01,29.6,0.4,0.2,1.9,8.4,22.1,28.3,,,20.5,3.7,3.2,2.3,4.0,74.4,49.2,50.8,49.2,33.55263157894737,28.8,6-6,215.0,78
1630578,Alperen Sengun,HOU,16,33.5,19.5,10.0,5.1,7.6,14.2,0.2,0.6,4.1,6.0,march,2024-25,23.7,22.8,57.9,14.3,63.1,2.6,2.47,44.1,7.5,4.2,8.4,14.9,13.5,5.2,9.2,21.7,11.8,,9.1,,7.4,62.1,50.8,49.2,50.8,4.225352112676056,33.5,6-11,243.0,83
1627783,Pascal Siakam,IND,16,31.8,19.5,5.4,3.8,7.8,15.3,1.2,4.2,2.7,3.8,march,2024-25,25.0,17.6,57.5,11.4,57.4,2.1,2.24,35.2,2.1,2.8,4.5,13.3,20.6,13.9,6.5,11.3,16.2,3.0,3.2,4.0,5.0,59.6,28.8,71.2,28.8,27.450980392156865,31.8,6-8,245.0,80
1628969,Mikal Bridges,NYK,15,36.5,19.5,3.6,5.1,7.8,14.9,1.5,4.4,2.4,2.6,march,2024-25,21.2,20.8,60.8,11.7,64.5,3.1,2.84,44.7,1.9,0.9,2.8,2.3,25.3,9.1,3.4,2.3,36.2,6.3,5.0,4.8,2.7,69.4,35.0,65.0,35.0,29.53020134228188,36.5,6-6,209.0,78
1629023,P.J. Washington,DAL,7,31.2,19.1,5.6,1.6,7.1,13.3,1.6,4.4,3.3,4.7,march,2024-25,24.8,6.8,62.3,8.9,53.7,2.3,2.59,22.0,2.6,1.6,1.7,4.1,20.9,6.3,5.4,6.1,29.9,4.1,8.2,,6.8,80.6,40.0,60.0,40.0,33.08270676691729,31.2,6-6,230.0,78
1630170,Devin Vassell,SAS,17,33.2,19.1,5.2,3.4,7.2,15.0,3.2,7.7,1.4,1.6,march,2024-25,21.2,14.7,60.8,11.3,55.6,2.5,2.73,31.4,0.5,0.1,0.5,2.7,22.2,11.5,,,35.3,10.7,,11.8,,59.6,35.8,64.2,35.8,51.33333333333333,33.2,6-5,200.0,77
1631101,Shaedon Sharpe,POR,15,35.2,18.9,6.1,2.7,7.4,16.1,1.7,6.9,2.3,2.9,march,2024-25,23.2,11.8,54.1,9.6,58.7,3.4,3.47,30.3,0.6,0.1,2.3,12.3,19.5,31.7,,,16.7,5.1,4.8,2.1,2.8,67.8,54.1,45.9,54.1,42.857142857142854,35.2,6-5,208.0,77
1629673,Jordan Poole,WAS,14,24.1,18.6,2.3,3.5,6.2,13.0,3.6,8.6,2.6,2.8,march,2024-25,27.8,24.3,65.5,12.2,48.2,3.4,4.17,23.0,0.1,0.0,0.4,7.9,19.9,30.6,,,14.3,12.9,,5.4,,65.4,57.5,42.5,57.5,66.15384615384615,24.1,6-4,194.0,76
203944,Julius Randle,MIN,14,30.0,18.6,6.4,5.4,6.4,12.1,1.4,3.8,4.4,5.4,march,2024-25,23.7,26.9,64.0,13.4,60.0,2.9,2.87,38.5,2.5,2.6,3.4,15.8,16.5,9.4,7.3,10.1,21.1,2.4,5.0,3.2,5.4,62.3,40.0,60.0,40.0,31.40495867768595,30.0,6-9,250.0,81
1630596,Evan Mobley,CLE,13,31.8,18.3,9.2,3.2,7.1,13.2,1.5,3.8,2.7,4.3,march,2024-25,22.7,16.0,60.8,14.0,57.2,2.2,2.35,28.7,2.9,1.5,6.0,4.7,16.0,9.5,14.3,8.0,17.9,1.6,13.8,2.7,6.5,55.4,41.3,58.7,41.3,28.78787878787879,31.8,6-11,215.0,83
1629636,Darius Garland,CLE,15,32.3,18.2,4.1,6.7,6.3,15.9,2.5,7.5,3.0,3.2,march,2024-25,25.1,30.0,52.7,11.3,69.1,5.7,4.98,25.1,0.7,0.0,0.5,6.7,16.2,41.8,,,17.1,5.4,3.1,2.9,,61.7,64.2,35.8,64.2,47.16981132075472,32.3,6-1,192.0,73
1627751,Jakob Poeltl,TOR,8,24.4,18.1,8.4,2.6,8.0,10.8,0.1,0.1,2.0,2.6,march,2024-25,22.2,17.8,76.1,20.7,48.6,1.3,1.56,29.9,7.6,0.8,10.3,,13.0,,16.7,,,,40.7,,14.8,44.4,18.8,81.3,18.8,0.9259259259259258,24.4,7-0,260.0,84
1630530,Trey Murphy III,NOP,9,31.6,18.1,4.7,2.6,6.4,14.1,1.9,6.9,3.3,3.8,march,2024-25,23.6,12.2,57.4,9.3,53.8,2.6,2.92,32.9,0.7,0.0,1.8,6.6,20.1,16.5,2.1,,23.4,9.4,8.3,7.1,3.2,67.8,22.4,77.6,22.4,48.93617021276596,31.6,6-8,206.0,80
203468,CJ McCollum,NOP,11,30.5,18.1,3.8,5.0,6.9,16.5,3.0,8.2,1.3,2.0,march,2024-25,26.8,23.2,52.2,9.2,57.3,3.8,3.99,25.4,0.4,0.1,0.5,8.8,18.2,31.4,,,17.8,9.7,,6.3,,75.0,51.3,48.7,51.3,49.696969696969695,30.5,6-3,190.0,75
1629661,Cameron Johnson,BKN,13,31.0,18.1,5.2,4.8,6.1,13.4,2.0,6.3,3.9,4.5,march,2024-25,23.8,24.5,58.9,12.4,55.1,2.7,2.99,36.9,0.8,0.2,1.2,,25.0,8.2,,,26.5,15.3,6.7,4.9,,59.6,41.8,58.2,41.8,47.014925373134325,31.0,6-8,210.0,80
203932,Aaron Gordon,DEN,9,28.6,18.0,4.8,2.9,5.9,10.0,2.6,4.4,3.7,4.6,march,2024-25,20.3,13.8,75.0,12.4,47.9,2.6,3.3,25.1,3.2,1.6,4.3,16.0,13.0,10.4,5.9,11.2,15.4,,13.0,,5.3,70.8,30.2,69.8,30.2,44.00000000000001,28.6,6-8,235.0,80
1627759,Jaylen Brown,BOS,9,33.7,18.0,5.0,4.3,6.6,15.3,1.3,4.8,3.6,4.4,march,2024-25,25.7,17.9,52.1,9.5,54.8,3.9,4.29,29.2,0.4,1.8,1.2,20.6,20.4,22.2,1.8,4.7,13.0,4.1,1.1,7.4,1.8,69.2,54.2,45.8,54.2,31.372549019607842,33.7,6-6,223.0,78
1626162,Kelly Oubre Jr.,PHI,5,32.1,18.0,3.4,2.2,6.8,14.2,1.4,3.8,3.0,4.6,march,2024-25,23.0,10.8,55.5,7.6,49.6,2.3,2.8,28.8,0.6,0.0,3.0,12.1,22.1,7.6,,,29.8,,5.9,,6.6,51.7,44.1,55.9,44.1,26.76056338028169,32.1,6-8,203.0,80
1629012,Collin Sexton,UTA,12,26.2,17.9,2.4,4.5,6.8,14.4,1.3,3.5,3.0,4.1,march,2024-25,29.6,29.7,55.3,9.2,52.2,4.4,5.07,26.0,0.8,0.0,1.4,5.2,21.4,36.3,2.5,,20.6,4.3,2.5,,,78.3,57.3,42.7,57.3,24.305555555555554,26.2,6-3,190.0,75
202710,Jimmy Butler III,GSW,14,33.2,17.5,6.4,6.6,5.3,11.7,0.8,2.9,6.1,7.4,march,2024-25,21.4,31.2,58.5,14.6,75.9,4.8,3.79,44.8,1.8,2.0,6.0,17.7,17.2,13.1,2.7,6.1,14.0,1.7,12.1,2.4,7.9,59.3,39.2,60.8,39.2,24.786324786324787,33.2,6-7,230.0,79
1641718,Keyonte George,UTA,12,30.1,17.3,3.8,4.8,5.1,13.6,2.3,6.8,4.8,5.7,march,2024-25,24.2,25.7,53.6,10.3,69.1,5.0,4.34,32.2,0.3,0.0,0.8,12.3,14.8,29.3,1.4,,13.8,9.7,4.5,5.8,,78.7,45.9,54.1,45.9,50.0,30.1,6-4,185.0,76
1628370,Malik Monk,SAC,11,30.8,17.2,3.7,5.2,6.5,14.4,2.2,6.0,1.9,2.5,march,2024-25,26.1,23.9,55.6,9.1,63.5,4.8,4.55,27.7,0.2,0.1,0.7,8.4,22.0,24.1,3.5,,25.5,6.7,,4.6,,69.2,44.4,55.6,44.4,41.666666666666664,30.8,6-3,200.0,75
1628401,Derrick White,BOS,14,34.6,17.1,5.0,5.9,5.6,13.8,3.6,10.4,2.1,2.6,march,2024-25,20.9,24.3,57.2,11.3,83.4,5.9,4.26,33.2,0.1,0.0,0.6,4.7,10.8,35.1,1.6,,25.9,9.5,1.3,5.1,1.7,57.7,41.8,58.2,41.8,75.36231884057972,34.6,6-4,190.0,76
1630567,Scottie Barnes,TOR,14,28.6,17.1,7.6,4.9,6.1,14.6,0.7,2.9,4.1,5.5,march,2024-25,26.8,26.1,50.0,14.4,63.8,3.5,3.26,29.9,2.4,1.3,4.1,7.9,21.7,13.1,5.7,10.7,19.7,2.2,9.3,1.5,5.0,45.9,44.2,55.8,44.2,19.863013698630137,28.6,6-7,237.0,79
1630314,Brandon Williams,DAL,11,26.0,16.6,3.4,4.5,6.0,11.1,1.1,3.2,3.5,4.0,march,2024-25,24.2,26.3,64.7,14.3,53.3,4.2,4.73,17.9,0.6,0.0,0.9,10.6,20.5,35.5,,,19.9,5.0,,,,75.0,60.6,39.4,60.6,28.82882882882883,26.0,6-1,190.0,73
1629008,Michael Porter Jr.,DEN,15,34.9,16.6,7.5,2.2,6.1,12.9,2.2,6.3,2.1,2.7,march,2024-25,18.2,8.3,58.8,9.1,47.1,1.6,2.05,27.3,1.4,0.2,3.8,6.9,13.2,5.7,2.7,2.5,21.5,16.9,8.5,13.1,4.9,67.1,19.6,80.4,19.6,48.837209302325576,34.9,6-10,218.0,82
1642259,Alex Sarr,WAS,17,27.6,16.4,6.4,2.4,5.9,14.9,1.9,5.9,2.5,3.5,march,2024-25,27.2,13.9,49.6,8.8,58.1,1.8,1.83,38.2,4.5,0.6,5.2,5.3,10.0,,22.6,8.3,21.6,,15.0,,10.5,60.5,23.8,76.2,23.8,39.597315436241615,27.6,7-0,205.0,84
1642258,Zaccharie Risacher,ATL,14,27.1,16.3,3.8,1.0,6.4,11.9,2.4,6.0,1.2,1.6,march,2024-25,21.2,5.0,64.4,9.1,37.6,1.2,1.87,22.5,0.7,0.0,1.9,,35.0,4.0,,,29.9,6.7,8.9,5.9,5.4,59.3,14.6,85.4,14.6,50.42016806722689,27.1,6-8,200.0,80
1631097,Bennedict Mathurin,IND,12,26.5,16.1,4.9,1.8,4.8,11.4,1.5,3.9,4.9,5.6,march,2024-25,24.8,9.7,58.0,10.5,48.2,2.1,2.63,30.5,0.7,0.0,1.8,9.0,22.3,27.0,,,17.2,5.2,7.6,5.7,,73.1,46.6,53.4,46.6,34.21052631578947,26.5,6-5,210.0,77
1631128,Christian Braun,DEN,14,35.2,15.9,4.6,3.6,6.1,10.9,1.7,3.6,1.9,2.4,march,2024-25,15.9,13.1,66.8,9.5,49.1,2.1,2.59,26.9,1.7,0.0,4.3,,33.3,,7.1,,20.6,7.8,11.3,,7.1,58.5,19.8,80.2,19.8,33.02752293577982,35.2,6-6,220.0,78
1630174,Aaron Nesmith,IND,16,28.8,15.8,4.1,1.1,5.8,11.0,2.8,6.0,1.5,1.6,march,2024-25,18.7,5.2,67.2,9.5,44.4,1.2,1.62,25.3,0.3,0.0,1.0,,19.9,10.4,6.6,,30.9,5.5,,13.7,4.1,44.0,14.1,85.9,14.1,54.54545454545454,28.8,6-6,215.0,78
202691,Klay Thompson,DAL,15,28.9,15.4,3.7,2.5,5.5,14.1,2.8,7.9,1.7,1.7,march,2024-25,23.5,12.8,51.9,7.9,33.5,1.5,2.6,25.1,0.4,0.4,1.0,,19.2,7.1,,,25.9,12.2,2.8,26.3,,64.6,23.2,76.8,23.2,56.02836879432624,28.9,6-5,220.0,77
1631109,Mark Williams,CHA,13,28.5,15.3,11.1,3.1,6.6,9.3,0.0,0.0,2.1,2.5,march,2024-25,18.6,16.2,73.7,16.3,39.1,1.0,1.55,26.5,4.4,0.8,9.9,,15.1,,19.3,5.0,,,27.6,,23.1,50.0,19.8,80.2,19.8,0.0,28.5,7-0,240.0,84
1626167,Myles Turner,IND,15,28.9,15.2,6.7,1.4,5.2,10.4,2.0,5.3,2.8,3.4,march,2024-25,19.9,6.6,63.9,11.6,39.8,0.9,1.32,29.5,1.9,1.5,5.5,,7.7,,17.7,7.3,42.3,,7.1,,6.0,56.6,12.8,87.2,12.8,50.96153846153846,28.9,6-11,250.0,83
1628415,Dillon Brooks,HOU,16,31.5,15.2,2.9,2.1,5.6,12.7,2.7,6.9,1.4,1.7,march,2024-25,19.0,9.4,56.5,7.4,38.8,1.5,2.31,24.4,0.5,0.7,1.3,9.3,14.6,19.9,1.5,9.9,31.8,2.8,1.7,2.8,2.4,60.6,37.1,62.9,37.1,54.330708661417326,31.5,6-6,225.0,78
1628386,Jarrett Allen,CLE,16,28.4,15.2,9.2,1.9,6.1,8.6,0.0,0.1,3.1,4.4,march,2024-25,16.9,10.1,71.8,16.6,37.7,0.9,1.46,24.8,5.2,0.7,8.9,,13.6,,20.9,7.8,4.1,,33.1,,9.2,56.9,13.4,86.6,13.4,1.1627906976744187,28.4,6-9,243.0,81
1630168,Onyeka Okongwu,ATL,14,31.7,15.1,11.1,2.4,6.0,10.6,1.1,2.5,2.1,2.4,march,2024-25,16.7,9.4,65.0,12.8,49.8,1.1,1.34,29.4,3.1,0.8,8.9,1.6,15.5,2.1,11.6,6.9,28.0,3.2,11.2,3.4,7.5,62.9,25.0,75.0,25.0,23.58490566037736,31.7,6-10,240.0,82
1642271,Kyle Filipowski,UTA,17,25.7,15.1,7.8,2.0,5.5,10.7,1.9,5.0,2.1,3.0,march,2024-25,21.9,12.5,62.9,12.4,46.6,1.5,1.94,24.0,1.7,0.8,3.2,,16.6,3.1,8.0,4.8,32.5,2.7,10.8,4.3,9.9,64.2,33.0,67.0,33.0,46.728971962616825,25.7,6-11,250.0,83
202696,Nikola Vučević,CHI,11,28.0,15.1,8.7,3.4,6.0,12.0,1.9,4.2,1.2,1.6,march,2024-25,20.8,16.2,59.3,12.4,62.6,1.4,1.31,46.4,4.3,2.7,6.3,,12.5,,28.8,16.1,15.2,,10.0,3.6,7.6,65.4,16.7,83.3,16.7,35.0,28.0,6-10,260.0,82
1627736,Malik Beasley,DET,15,29.3,15.1,2.0,1.7,5.0,12.1,3.5,8.5,1.5,2.1,march,2024-25,20.0,8.1,57.9,7.0,33.1,1.1,1.94,24.5,0.2,0.0,0.6,,,,,,,,,,,63.0,12.0,88.0,12.0,70.24793388429752,29.3,6-4,187.0,76
201566,Russell Westbrook,DEN,15,30.5,14.8,4.8,6.5,5.7,13.3,1.8,5.1,1.7,2.6,march,2024-25,24.9,29.9,51.4,8.4,62.1,4.0,3.84,30.3,1.7,0.3,2.8,13.4,18.3,25.8,,5.1,26.7,,2.2,,2.8,81.6,37.6,62.4,37.6,38.34586466165413,30.5,6-4,200.0,76
1629640,Keldon Johnson,SAS,17,25.1,14.6,5.5,2.0,5.5,11.0,1.4,3.8,2.2,2.6,march,2024-25,21.5,11.2,60.2,11.5,43.0,1.7,2.42,22.5,0.9,0.2,2.7,3.9,20.0,2.8,,4.4,32.0,7.4,9.2,,10.9,65.7,28.7,71.3,28.7,34.54545454545455,25.1,6-5,220.0,77
1630700,Dyson Daniels,ATL,14,33.6,14.6,6.6,5.8,6.3,12.1,1.0,2.9,1.0,1.7,march,2024-25,18.6,21.7,56.8,11.5,72.9,4.0,3.27,30.9,1.3,0.1,3.0,5.6,23.3,13.2,3.2,,18.5,5.8,15.9,,7.8,52.6,43.2,56.8,43.2,23.96694214876033,33.6,6-7,199.0,79
203915,Spencer Dinwiddie,DAL,16,32.3,14.6,3.4,6.3,5.1,11.3,1.4,4.6,3.0,4.3,march,2024-25,19.1,26.0,55.5,9.4,55.9,4.7,5.08,22.6,0.1,0.5,0.6,,,,,,,,,,,62.9,71.6,28.4,71.6,40.70796460176991,32.3,6-5,215.0,77
1641708,Amen Thompson,HOU,9,34.0,14.6,9.2,4.9,6.6,11.9,0.3,1.4,1.1,2.6,march,2024-25,17.6,18.8,55.9,12.9,56.6,3.7,3.93,23.4,1.0,0.2,7.2,9.4,21.4,23.0,,,13.2,2.9,17.8,,5.9,59.4,39.0,61.0,39.0,11.76470588235294,34.0,6-7,200.0,79
1641764,Brandin Podziemski,GSW,10,27.8,14.5,5.5,2.5,5.3,11.9,2.8,6.4,1.1,1.5,march,2024-25,20.1,14.7,57.7,11.7,60.8,3.6,3.52,31.8,0.8,0.0,2.3,6.1,17.2,25.1,2.4,,30.7,4.2,3.4,3.6,,71.4,26.4,73.6,26.4,53.78151260504202,27.8,6-4,205.0,76
1630202,Payton Pritchard,BOS,14,29.7,14.5,3.9,2.9,5.0,11.4,3.4,8.6,1.1,1.3,march,2024-25,18.4,14.6,60.8,10.7,54.7,3.9,4.32,21.4,0.4,0.0,1.2,12.8,16.2,25.6,1.9,,26.2,6.4,,5.1,1.8,52.8,42.9,57.1,42.9,75.43859649122805,29.7,6-1,195.0,73
1630200,Tre Jones,CHI,10,32.6,14.5,4.3,7.0,6.0,10.2,0.8,1.4,1.7,2.1,march,2024-25,15.6,28.6,65.2,12.4,67.0,3.9,3.5,29.3,0.9,0.0,1.1,4.8,22.7,32.0,,,22.7,4.5,3.0,,,69.4,43.3,56.7,43.3,13.725490196078432,32.6,6-1,185.0,73
1627747,Caris LeVert,ATL,11,26.6,14.5,3.0,3.2,5.7,11.8,1.9,5.6,1.1,1.6,march,2024-25,20.3,16.2,57.6,10.3,36.1,1.7,2.87,22.9,0.5,0.0,0.8,6.2,19.0,24.0,,,26.9,4.5,6.6,5.0,,64.7,28.6,71.4,28.6,47.45762711864406,26.6,6-6,205.0,78
1626181,Norman Powell,LAC,9,26.2,14.4,2.0,2.0,5.1,11.4,2.0,4.9,2.2,2.9,march,2024-25,22.3,11.0,56.8,8.3,29.3,1.4,2.91,18.8,0.2,0.0,0.3,10.9,24.6,11.3,,,32.5,3.8,1.5,10.9,,75.0,32.6,67.4,32.6,42.98245614035088,26.2,6-4,215.0,76
1628989,Kevin Huerter,CHI,12,33.5,14.4,4.3,3.6,5.6,12.6,2.5,7.7,0.8,1.0,march,2024-25,18.1,13.4,55.3,8.1,54.0,1.9,2.12,33.8,0.3,0.0,1.3,,22.8,11.3,,,36.6,6.3,8.2,4.0,3.3,60.7,20.9,79.1,20.9,61.111111111111114,33.5,6-7,198.0,79
1631105,Jalen Duren,DET,15,27.4,14.4,10.0,2.4,5.7,8.1,0.0,0.0,3.1,4.5,march,2024-25,17.1,12.0,71.1,15.1,47.1,1.6,2.0,22.7,4.5,0.5,7.7,8.9,12.2,3.2,14.9,8.7,6.8,,20.0,,16.4,60.7,45.9,54.1,45.9,0.0,27.4,6-10,250.0,82
1642348,Justin Edwards,PHI,15,30.5,14.4,3.8,1.9,5.6,12.2,1.9,5.2,1.3,1.7,march,2024-25,19.9,9.9,55.7,7.3,50.5,2.0,2.42,28.0,0.9,0.3,1.5,,18.5,,,,58.2,,,,,68.4,35.7,64.3,35.7,42.622950819672134,30.5,6-7,203.0,79
202699,Tobias Harris,DET,11,32.8,14.3,7.2,2.1,5.4,11.4,1.1,3.3,2.5,2.9,march,2024-25,16.9,8.9,56.4,12.2,49.6,2.1,2.56,26.3,0.8,2.5,1.9,4.2,17.9,6.8,,14.6,31.8,,6.3,3.0,6.3,62.9,39.0,61.0,39.0,28.947368421052627,32.8,6-8,226.0,80
1631106,Tari Eason,HOU,14,27.5,14.2,6.9,1.9,5.6,11.1,1.4,4.0,1.5,1.6,march,2024-25,19.3,9.4,59.9,12.1,43.4,1.6,2.24,21.6,0.9,0.1,3.5,5.0,19.9,5.4,,,43.3,,6.5,,9.2,62.7,24.1,75.9,24.1,36.03603603603604,27.5,6-8,215.0,80
1628398,Kyle Kuzma,MIL,16,32.9,14.2,5.9,1.9,5.4,12.1,1.4,4.4,2.1,3.0,march,2024-25,20.0,8.3,53.0,7.1,47.3,2.1,2.65,27.2,1.3,0.8,2.3,5.1,27.3,5.3,8.7,2.8,27.5,4.1,8.5,,4.9,71.0,29.1,70.9,29.1,36.36363636363637,32.9,6-9,221.0,81
1629660,Ty Jerome,CLE,12,22.1,14.1,2.4,3.3,4.8,10.2,1.4,3.9,3.0,3.6,march,2024-25,24.5,23.4,60.0,11.9,45.2,3.3,4.36,16.2,0.0,0.1,0.7,,,,,,,,,,,51.4,72.4,27.6,72.4,38.235294117647065,22.1,6-5,195.0,77
1630183,Jaden McDaniels,MIN,14,30.2,13.9,5.9,2.8,5.9,10.5,1.5,3.4,0.6,0.9,march,2024-25,16.5,12.4,63.5,11.6,39.1,1.4,2.2,21.1,0.4,0.1,2.0,2.3,27.6,10.3,,,36.8,5.2,5.0,3.2,3.9,62.0,26.8,73.2,26.8,32.38095238095238,30.2,6-9,185.0,81
203903,Jordan Clarkson,UTA,5,22.2,13.8,3.0,2.8,4.2,10.2,1.6,4.8,3.8,5.0,march,2024-25,29.0,21.2,55.6,9.5,39.2,2.6,3.98,24.2,0.6,0.2,1.2,5.2,25.6,12.3,,,36.0,7.8,4.2,,3.9,75.0,52.4,47.6,52.4,47.05882352941176,22.2,6-3,194.0,75
1629018,Gary Trent Jr.,MIL,14,27.4,13.8,2.0,1.1,4.5,10.9,3.1,7.6,1.7,1.8,march,2024-25,19.2,5.7,58.8,7.5,27.2,0.9,2.02,20.6,0.3,0.0,0.5,,18.3,6.4,,,48.6,9.0,,6.8,,61.9,22.2,77.8,22.2,69.72477064220183,27.4,6-5,204.0,77
201143,Al Horford,BOS,10,32.0,13.7,8.3,3.5,4.8,10.3,2.3,6.4,1.8,2.0,march,2024-25,17.0,15.2,61.3,12.4,46.1,1.0,1.33,29.7,1.3,1.5,4.3,,15.0,,12.2,8.9,40.0,,7.8,5.6,,56.1,4.2,95.8,4.2,62.13592233009708,32.0,6-9,240.0,81
1629631,De'Andre Hunter,CLE,15,24.3,13.7,4.1,1.3,4.5,9.3,1.7,4.9,3.0,3.5,march,2024-25,19.5,7.0,62.9,9.3,31.5,1.1,2.16,15.7,1.1,0.3,1.5,7.5,18.2,13.3,2.6,,29.0,9.5,6.2,6.0,2.6,50.0,29.9,70.1,29.9,52.68817204301075,24.3,6-8,221.0,80
1641824,Matas Buzelis,CHI,15,26.5,13.7,4.8,1.7,5.1,10.9,1.9,5.3,1.7,1.8,march,2024-25,20.1,9.1,58.3,8.9,38.4,1.4,2.25,22.1,0.7,0.1,2.5,4.1,27.9,19.6,1.6,,29.8,2.6,6.5,,3.6,60.7,19.7,80.3,19.7,48.62385321100917,26.5,6-10,209.0,82
1631099,Keegan Murray,SAC,17,34.3,13.6,5.9,1.3,5.2,11.2,2.6,6.5,0.5,0.6,march,2024-25,15.3,5.2,59.4,7.7,39.5,1.4,2.11,21.2,0.4,0.0,1.9,4.2,18.5,10.8,5.4,,30.8,,4.2,14.2,4.2,42.4,21.3,78.7,21.3,58.03571428571429,34.3,6-8,225.0,80
1628978,Donte DiVincenzo,MIN,14,25.4,13.6,3.7,3.9,4.9,10.3,3.3,7.3,0.6,0.9,march,2024-25,18.8,21.5,63.6,11.3,50.6,2.4,2.82,26.5,0.4,0.0,0.6,1.9,18.5,11.6,,,33.0,10.8,,14.6,3.0,62.9,22.1,77.9,22.1,70.87378640776699,25.4,6-4,203.0,76
201572,Brook Lopez,MIL,16,32.4,13.5,5.4,1.9,5.3,8.8,1.4,3.4,1.5,1.9,march,2024-25,14.7,7.9,70.5,9.6,40.1,1.0,1.52,26.5,1.3,1.1,5.1,,6.5,,32.8,9.5,32.1,,,,,63.0,21.2,78.8,21.2,38.63636363636363,32.4,7-1,282.0,85
1630598,Aaron Wiggins,OKC,11,24.8,13.5,3.9,2.2,5.3,11.8,2.3,5.8,0.6,1.0,march,2024-25,21.8,11.4,54.9,9.5,39.6,2.2,3.36,19.5,0.4,0.0,1.1,6.3,22.9,8.6,,,44.9,,3.3,4.0,,71.1,31.0,69.0,31.0,49.15254237288135,24.8,6-5,190.0,77
1631197,Jared Rhoden,TOR,5,29.1,13.4,5.2,1.2,4.4,10.2,1.6,5.2,3.0,3.6,march,2024-25,17.1,6.0,56.9,8.8,44.4,2.0,2.73,26.0,0.6,0.0,2.4,,,,,,,,,,,75.9,31.8,68.2,31.8,50.980392156862756,29.1,6-5,210.0,77
1631095,Jabari Smith Jr.,HOU,17,27.9,13.2,6.8,1.1,4.8,10.4,1.8,4.8,1.8,2.4,march,2024-25,17.6,5.5,57.8,10.6,36.4,1.2,2.0,18.2,0.9,0.7,2.6,5.6,19.2,4.7,5.3,5.8,36.8,3.9,7.5,2.5,5.4,55.7,28.0,72.0,28.0,46.15384615384615,27.9,6-10,220.0,82
1631096,Chet Holmgren,OKC,10,28.9,13.2,8.3,1.9,5.0,10.8,1.1,3.4,2.1,3.3,march,2024-25,19.9,8.1,53.9,9.2,42.6,1.5,2.04,23.5,2.2,0.7,4.9,7.8,16.0,2.8,14.1,6.5,19.7,,13.4,4.3,9.6,43.2,26.0,74.0,26.0,31.481481481481477,28.9,7-1,208.0,85
203078,Bradley Beal,PHX,7,27.4,13.1,2.1,3.6,5.1,10.1,1.3,4.1,1.6,2.0,march,2024-25,20.7,18.9,59.6,7.7,50.9,3.2,3.8,23.0,0.4,0.0,0.7,,,21.3,,,24.6,,,,,74.1,33.3,66.7,33.3,40.59405940594059,27.4,6-4,207.0,76
1630703,Scoot Henderson,POR,14,27.3,13.1,3.1,4.4,4.6,12.1,1.6,5.3,2.4,3.4,march,2024-25,24.2,24.0,48.5,5.5,59.0,4.4,4.47,25.6,0.8,0.0,0.9,,,,,,,,,,,55.2,53.1,46.9,53.1,43.80165289256198,27.3,6-3,206.0,75
1630228,Jonathan Kuminga,GSW,9,21.5,13.1,3.3,2.4,4.3,9.9,0.3,2.1,4.1,5.4,march,2024-25,26.8,20.8,53.4,10.7,41.2,2.2,3.2,24.4,0.6,1.4,2.4,12.6,17.4,21.1,,6.7,18.1,,9.6,,7.0,62.5,59.0,41.0,59.0,21.21212121212121,21.5,6-7,225.0,79
1641739,Toumani Camara,POR,14,34.9,13.1,5.4,2.6,4.8,10.5,2.4,6.1,1.1,1.9,march,2024-25,15.0,11.0,57.6,8.2,47.6,1.5,1.91,25.9,1.4,0.1,2.9,6.3,20.3,4.4,5.4,,40.5,2.6,9.1,,4.7,64.5,14.9,85.1,14.9,58.09523809523809,34.9,6-7,229.0,79
1627734,Domantas Sabonis,SAC,8,27.2,13.0,11.1,4.3,5.0,9.9,0.1,1.4,2.9,4.3,march,2024-25,22.2,23.3,55.3,14.9,58.8,2.5,2.59,33.6,4.6,2.6,7.3,,9.0,,28.5,13.1,9.0,,14.9,,10.9,60.0,35.0,65.0,35.0,14.14141414141414,27.2,6-10,240.0,82
1627832,Fred VanVleet,HOU,12,34.6,12.9,3.8,5.0,4.1,11.8,2.7,7.7,2.1,2.5,march,2024-25,17.0,19.6,49.9,8.6,69.2,4.9,4.29,27.4,0.3,0.0,0.2,,,,,,,,,,,63.6,59.2,40.8,59.2,65.25423728813558,34.6,6-0,197.0,72
201950,Jrue Holiday,BOS,11,32.9,12.9,4.3,4.8,5.0,10.5,2.0,5.2,0.9,0.9,march,2024-25,15.8,19.9,59.5,10.2,50.3,2.9,3.49,21.5,1.4,0.3,1.8,10.1,20.5,26.3,,3.6,20.5,,4.3,,,63.6,34.5,65.5,34.5,49.523809523809526,32.9,6-4,205.0,76
1630288,Jeff Dowtin Jr.,PHI,13,21.5,12.8,2.2,2.5,5.1,8.8,1.4,2.8,1.3,1.7,march,2024-25,19.9,18.9,67.0,13.6,44.3,3.4,4.62,20.4,0.5,0.0,0.8,,,,,,,,,,,54.8,57.6,42.4,57.6,31.818181818181813,21.5,6-3,177.0,75
1630198,Isaiah Joe,OKC,14,24.0,12.8,3.1,2.0,4.2,9.0,3.2,7.1,1.1,1.2,march,2024-25,18.0,11.7,67.1,10.8,35.0,1.3,2.16,21.8,0.4,0.0,1.0,,21.2,,9.4,,39.9,9.4,4.3,6.8,,57.6,10.2,89.8,10.2,78.88888888888889,24.0,6-3,165.0,75
1641729,Brice Sensabaugh,UTA,17,22.5,12.8,3.2,1.9,4.7,9.2,2.8,5.6,0.5,0.6,march,2024-25,20.3,12.4,67.5,9.9,29.4,1.3,2.68,18.2,0.2,0.0,0.4,2.8,22.0,10.7,2.6,,28.1,9.4,4.1,12.4,3.5,61.1,18.8,81.3,18.8,60.86956521739131,22.5,6-5,235.0,77
1630583,Santi Aldama,MEM,8,28.5,12.6,5.8,4.5,4.9,10.9,1.5,6.1,1.4,2.0,march,2024-25,18.9,19.9,53.7,9.4,54.3,2.1,2.29,26.4,0.8,0.4,1.8,,22.8,2.3,8.8,4.1,40.1,,6.8,,7.0,77.1,33.3,66.7,33.3,55.96330275229357,28.5,7-0,215.0,84
203497,Rudy Gobert,MIN,10,30.4,12.6,11.7,1.5,5.1,7.6,0.0,0.0,2.4,3.4,march,2024-25,14.3,6.1,69.3,13.9,45.4,1.1,1.39,23.3,2.0,0.3,8.9,,12.6,,16.7,,,,28.5,,26.9,51.7,31.4,68.6,31.4,0.0,30.4,7-1,258.0,85
1626156,D'Angelo Russell,BKN,11,26.9,12.5,3.1,5.6,4.2,11.5,2.1,7.4,2.1,2.9,march,2024-25,22.6,33.0,48.9,9.2,67.7,5.0,4.45,27.6,0.2,0.0,0.5,8.7,15.5,36.2,,,20.8,7.9,,,,64.6,47.8,52.2,47.8,64.34782608695653,26.9,6-3,193.0,75
1627777,Georges Niang,ATL,13,21.9,12.5,2.6,1.6,4.4,9.2,2.7,6.2,1.1,1.4,march,2024-25,20.3,9.7,63.7,7.8,33.8,0.9,1.51,18.3,1.2,0.2,1.5,,,,,,,,,,,70.2,8.8,91.2,8.8,67.3913043478261,21.9,6-7,230.0,79
1629675,Naz Reid,MIN,14,28.0,12.5,6.1,2.9,4.9,11.6,2.4,6.4,0.3,0.9,march,2024-25,20.5,13.7,52.3,9.0,52.8,1.4,1.62,29.6,1.4,0.6,1.5,3.8,17.2,4.8,9.1,8.1,30.7,4.7,3.6,8.4,4.3,59.7,20.3,79.7,20.3,55.172413793103445,28.0,6-9,264.0,81
1642266,Ja'Kobe Walter,TOR,7,27.9,12.4,3.9,2.6,3.7,10.1,2.0,5.0,3.0,3.1,march,2024-25,18.7,13.4,53.9,8.8,41.3,2.0,2.87,23.3,0.4,0.3,2.1,,22.4,,,,48.5,,12.8,,,71.9,23.1,76.9,23.1,49.504950495049506,27.9,6-5,180.0,77
1628392,Isaiah Hartenstein,OKC,14,27.2,12.2,9.3,3.6,5.3,8.9,0.0,0.3,1.6,2.1,march,2024-25,17.5,17.0,62.1,13.4,54.6,1.6,1.73,32.3,5.5,0.1,8.4,,7.4,,19.9,5.6,,,40.3,,10.2,59.3,13.5,86.5,13.5,3.3707865168539324,27.2,7-0,250.0,84
203084,Harrison Barnes,SAS,17,24.5,12.2,2.5,1.5,4.4,8.2,2.1,4.9,1.4,1.9,march,2024-25,16.9,8.2,67.2,8.4,30.6,1.0,1.97,18.0,0.9,0.7,1.3,8.0,18.8,3.3,5.0,2.5,43.8,4.8,,4.8,,63.0,23.0,77.0,23.0,59.75609756097562,24.5,6-8,225.0,80
1630590,Scotty Pippen Jr.,MEM,15,24.2,12.1,3.9,5.3,4.5,8.7,1.5,3.3,1.7,1.9,march,2024-25,18.7,28.9,63.3,12.8,50.7,3.0,3.56,23.6,1.0,0.0,1.5,,,,,,,,,,,57.9,32.8,67.2,32.8,37.931034482758626,24.2,6-1,170.0,73
1630539,Kai Jones,DAL,8,23.6,12.1,7.5,1.4,5.3,6.3,0.1,0.3,1.5,2.0,march,2024-25,14.1,8.0,85.0,15.4,33.5,1.0,1.86,16.9,1.9,0.0,8.5,,,,,,,,,,,51.3,16.7,83.3,16.7,4.761904761904762,23.6,6-11,221.0,83
203992,Bogdan Bogdanović,LAC,16,26.3,12.1,4.1,3.4,4.5,8.9,2.0,4.3,1.1,1.1,march,2024-25,18.2,17.4,64.1,10.5,44.3,2.8,3.73,21.1,0.4,0.1,0.5,,12.2,34.4,,,24.4,,,,,54.2,45.8,54.2,45.8,48.31460674157303,26.3,6-5,225.0,77
1630175,Cole Anthony,MEM,5,22.9,12.0,2.8,3.2,4.2,10.0,1.6,4.0,2.0,2.0,march,2024-25,24.2,22.9,55.1,9.7,47.8,4.0,5.01,17.4,0.2,0.0,0.4,6.9,14.7,51.8,,,14.3,,,,,61.1,52.4,47.6,52.4,40.0,22.9,6-2,185.0,74
1630167,Obi Toppin,IND,17,20.5,11.9,3.9,1.6,4.4,7.9,1.9,4.2,1.2,1.5,march,2024-25,19.5,11.5,70.0,12.2,37.8,1.0,1.65,21.5,0.5,0.5,1.8,,23.9,,,,28.3,,,,,61.7,17.3,82.7,17.3,53.16455696202531,20.5,6-9,220.0,81
203471,Dennis Schröder,DET,15,25.3,11.9,2.6,5.7,3.7,9.1,1.2,3.9,3.4,4.0,march,2024-25,19.6,30.4,54.8,11.3,58.1,4.8,4.99,23.3,0.1,0.0,0.0,14.8,11.2,36.6,,,23.1,5.2,,,,52.6,58.2,41.8,58.2,42.85714285714286,25.3,6-1,175.0,73
1641733,Nick Smith Jr.,CHA,17,27.5,11.9,2.3,2.8,4.4,11.5,2.1,6.1,0.9,1.0,march,2024-25,21.3,15.9,49.9,5.4,55.4,3.1,3.35,26.8,0.4,0.0,0.5,11.6,14.4,36.3,,,21.9,,,,,69.1,36.0,64.0,36.0,53.043478260869556,27.5,6-2,185.0,74
1631110,Jeremy Sochan,SAS,16,24.7,11.8,5.4,2.1,4.8,9.1,0.6,2.1,1.8,2.5,march,2024-25,19.6,12.1,57.8,8.3,36.8,1.3,2.15,23.3,2.6,0.3,6.4,,18.9,,12.3,,28.3,,17.0,,,72.2,21.1,78.9,21.1,23.076923076923077,24.7,6-8,230.0,80
1642268,Isaiah Collier,UTA,17,29.9,11.7,3.8,6.1,4.2,9.4,0.6,2.2,2.8,3.8,march,2024-25,19.2,29.7,53.0,8.5,73.4,6.2,5.11,23.8,0.3,0.1,0.6,12.5,27.8,26.4,,,17.4,3.3,3.5,,,68.6,62.0,38.0,62.0,23.404255319148938,29.9,6-3,210.0,75
1630553,Keon Johnson,BKN,17,26.4,11.7,4.1,2.4,4.2,10.4,2.0,5.4,1.2,1.8,march,2024-25,21.1,14.4,52.6,6.9,43.6,2.6,3.59,19.5,0.6,0.1,0.9,,,,,,,,,,,69.7,29.2,70.8,29.2,51.92307692307693,26.4,6-5,185.0,77
1629652,Luguentz Dort,OKC,12,30.4,11.7,4.5,1.6,4.3,8.9,3.0,6.7,0.0,0.2,march,2024-25,13.3,6.0,64.9,7.4,32.2,1.3,2.43,17.9,0.4,0.0,1.4,,15.0,,5.5,,61.5,,4.0,,,66.7,17.3,82.7,17.3,75.28089887640449,30.4,6-4,220.0,76
1630541,Moses Moody,GSW,15,28.4,11.7,3.3,2.0,3.9,9.2,1.7,5.1,2.1,2.3,march,2024-25,16.1,10.3,57.2,8.5,36.0,1.2,2.07,26.5,1.1,0.1,2.3,4.9,19.0,5.4,,,40.4,5.2,3.7,13.1,3.2,62.1,16.9,83.1,16.9,55.434782608695656,28.4,6-5,211.0,77
203501,Tim Hardaway Jr.,DET,14,26.0,11.6,3.0,1.4,3.7,9.4,2.1,6.1,2.0,2.3,march,2024-25,16.3,7.4,55.8,8.5,28.4,0.9,2.0,17.4,0.1,0.0,0.4,2.2,21.3,5.7,3.2,,32.4,12.1,2.8,15.8,,64.7,13.5,86.5,13.5,64.8936170212766,26.0,6-5,205.0,77
1630702,Jaden Hardy,DAL,9,17.3,11.6,1.2,1.2,4.2,8.2,2.0,4.1,1.1,1.4,march,2024-25,24.4,11.5,65.2,10.0,23.9,1.6,3.95,10.8,0.2,0.0,0.1,,19.7,16.3,,,40.9,6.3,,,,63.2,50.0,50.0,50.0,50.0,17.3,6-3,198.0,75
1641717,Cason Wallace,OKC,13,28.2,11.5,3.3,3.2,4.4,8.0,1.6,3.2,1.2,1.3,march,2024-25,14.2,14.6,67.3,9.9,37.9,2.0,3.17,19.2,1.0,0.1,2.2,4.2,22.6,13.5,,,41.3,4.2,4.5,,3.5,60.4,31.6,68.4,31.6,40.0,28.2,6-3,195.0,75
1630215,Jared Butler,PHI,16,26.0,11.5,2.4,5.0,4.1,9.4,1.8,4.6,1.4,1.7,march,2024-25,19.0,26.6,56.5,8.6,53.9,4.2,4.64,21.9,0.1,0.0,0.5,,,,,,,,,,,45.5,51.5,48.5,51.5,48.93617021276595,26.0,6-3,193.0,75
1627780,Gary Payton II,GSW,11,21.0,11.5,4.0,1.4,4.9,7.6,1.2,2.5,0.5,0.6,march,2024-25,16.7,10.0,72.3,12.9,39.6,1.5,2.31,20.9,1.5,0.2,4.0,,14.6,,9.3,,21.5,,29.8,,9.8,52.5,20.4,79.6,20.4,32.89473684210527,21.0,6-2,195.0,74
1641774,Tristan Vukcevic,WAS,12,18.5,11.3,4.6,1.2,4.3,9.3,1.3,4.1,1.4,1.8,march,2024-25,24.8,11.4,55.7,12.0,30.8,1.0,1.88,21.2,2.1,0.5,2.6,,11.3,,28.4,,22.7,,10.3,,5.7,62.9,7.8,92.2,7.8,44.08602150537634,18.5,7-0,220.0,84
1631213,Tyrese Martin,BKN,16,24.3,11.3,3.6,3.0,4.0,8.9,2.2,5.3,1.1,1.2,march,2024-25,17.9,19.0,59.5,9.9,47.3,2.9,3.64,20.8,0.7,0.0,1.0,,15.1,20.7,,,37.1,10.0,4.0,,,61.2,23.4,76.6,23.4,59.55056179775281,24.3,6-6,215.0,78
1629130,Duncan Robinson,MIA,13,25.2,11.2,1.8,1.7,4.0,8.9,2.6,6.5,0.6,0.8,march,2024-25,18.2,10.4,60.6,7.3,35.4,1.3,2.12,26.2,0.2,0.0,0.3,,18.5,7.9,4.3,,31.2,11.7,,18.8,,74.3,21.2,78.8,21.2,73.03370786516854,25.2,6-7,215.0,79
203482,Kelly Olynyk,NOP,13,26.1,11.2,5.5,3.9,4.2,7.8,0.8,1.8,2.2,2.8,march,2024-25,18.3,21.2,62.5,10.5,51.8,2.1,2.37,30.0,1.8,2.2,4.0,,,,,,,,,,,60.7,38.9,61.1,38.9,23.076923076923077,26.1,6-11,240.0,83
1630548,Johnny Juzang,UTA,16,21.6,11.2,3.4,1.3,4.3,8.9,1.8,5.1,0.9,1.0,march,2024-25,18.8,8.7,59.7,9.0,27.2,1.0,2.27,16.4,0.9,0.0,1.2,,,,,,,,,,,69.0,25.0,75.0,25.0,57.30337078651685,21.6,6-5,226.0,77
203114,Khris Middleton,WAS,11,21.3,11.2,3.6,3.3,3.9,9.2,1.0,3.3,2.4,2.6,march,2024-25,21.4,23.8,54.1,11.2,35.4,1.8,3.03,24.5,0.6,1.3,0.6,6.1,15.3,22.7,,13.6,16.6,5.8,,6.4,5.8,50.0,46.5,53.5,46.5,35.869565217391305,21.3,6-7,222.0,79
1629645,Kevin Porter Jr.,MIL,16,18.9,11.1,3.9,3.8,3.6,7.6,1.2,2.8,2.7,2.9,march,2024-25,24.7,30.3,62.4,14.0,40.6,3.4,5.03,13.8,0.3,0.0,0.9,9.8,13.6,45.2,,2.4,16.0,5.5,,,,75.6,72.4,27.6,72.4,36.84210526315789,18.9,6-4,203.0,76
1629022,Lonnie Walker IV,PHI,10,21.6,11.1,2.7,2.6,4.0,9.1,2.1,5.2,1.0,1.2,march,2024-25,20.3,18.4,57.6,9.5,37.2,2.2,3.49,18.9,0.3,0.0,0.3,,,,,,,,,,,82.9,20.0,80.0,20.0,57.14285714285715,21.6,6-4,204.0,76
1630533,Ziaire Williams,BKN,15,27.2,11.1,3.9,1.2,3.9,9.5,2.2,6.5,1.0,1.2,march,2024-25,17.6,7.2,55.4,6.9,34.8,1.2,2.09,20.0,0.3,0.0,1.1,,22.1,3.7,,,48.3,9.7,6.0,,,57.9,15.3,84.7,15.3,68.42105263157895,27.2,6-9,185.0,81
1627824,Guerschon Yabusele,PHI,14,28.9,11.0,6.1,2.6,3.9,8.3,1.4,4.1,1.7,2.6,march,2024-25,16.3,13.1,58.2,8.4,44.5,1.4,1.83,29.9,1.9,2.2,3.4,,,,,,,,,,,62.0,32.7,67.3,32.7,49.39759036144578,28.9,6-8,265.0,80
1642273,Kyshawn George,WAS,12,28.2,11.0,5.3,3.5,3.9,9.7,1.9,5.4,1.3,1.6,march,2024-25,17.5,17.4,53.1,8.3,54.6,2.6,2.82,24.2,0.3,0.0,1.3,6.1,21.1,29.6,,3.4,17.9,7.5,,3.2,2.7,51.2,34.0,66.0,34.0,55.67010309278352,28.2,6-8,200.0,80
1629611,Terance Mann,ATL,14,23.0,10.9,2.9,2.1,4.6,8.2,1.2,3.5,0.6,0.7,march,2024-25,16.5,12.2,64.1,8.7,29.6,1.3,2.61,18.9,0.9,0.1,2.0,3.7,22.0,17.9,,,28.9,4.4,6.6,,8.1,65.4,42.2,57.8,42.2,42.6829268292683,23.0,6-5,215.0,77
1630573,Sam Hauser,BOS,13,24.9,10.9,3.2,0.8,3.8,8.1,3.1,7.0,0.3,0.3,march,2024-25,14.6,4.8,66.5,8.7,32.1,0.7,1.36,17.2,0.2,0.0,0.5,,20.5,4.3,8.2,,34.1,9.4,,14.2,3.7,65.1,6.1,93.9,6.1,86.41975308641976,24.9,6-7,217.0,79
1641741,Ricky Council IV,PHI,16,25.1,10.9,4.6,2.0,3.6,10.1,1.1,5.0,2.5,3.3,march,2024-25,20.4,10.6,47.1,6.7,37.1,1.6,2.6,20.5,0.9,0.1,0.8,,,,,,,,,,,60.4,39.7,60.3,39.7,49.504950495049506,25.1,6-6,207.0,78
1628404,Josh Hart,NYK,15,37.7,10.9,9.6,6.2,4.3,9.7,1.1,3.7,1.2,1.9,march,2024-25,14.0,21.7,51.7,10.9,73.3,3.5,2.85,34.2,2.4,0.0,3.7,,21.0,10.3,,,45.6,4.0,4.6,,,63.4,28.1,71.9,28.1,38.14432989690722,37.7,6-4,215.0,76
1629622,Max Strus,CLE,15,25.9,10.9,4.3,3.1,3.7,7.9,2.3,5.9,1.1,1.3,march,2024-25,14.7,15.9,64.0,9.1,44.1,1.4,1.85,21.6,0.3,0.0,1.7,,,,,,,,,,,64.2,17.9,82.1,17.9,74.68354430379746,25.9,6-5,215.0,77
1630208,Nick Richards,PHX,12,21.9,10.8,6.9,0.7,4.8,7.7,0.0,0.0,1.2,1.3,march,2024-25,19.1,4.7,65.6,10.0,32.8,0.8,1.42,18.1,2.9,0.1,7.9,,,,,,,,,,,63.6,27.6,72.4,27.6,0.0,21.9,7-0,245.0,84
1641722,Jordan Hawkins,NOP,14,24.8,10.7,3.6,1.3,3.6,9.8,2.2,6.6,1.2,1.6,march,2024-25,20.2,7.6,51.0,5.4,36.9,1.5,2.36,22.4,0.6,0.0,0.6,,14.0,12.3,,,34.6,16.2,,8.9,,59.6,27.5,72.5,27.5,67.3469387755102,24.8,6-5,190.0,77
1627741,Buddy Hield,GSW,15,21.7,10.7,3.3,2.2,3.8,8.2,2.2,5.8,0.9,1.0,march,2024-25,18.4,14.5,61.7,10.9,40.5,1.4,2.02,23.7,0.1,0.0,0.7,,23.1,4.8,,,34.0,5.4,5.4,12.2,3.7,54.5,26.3,73.7,26.3,70.73170731707317,21.7,6-4,220.0,76
1641709,Ausar Thompson,DET,15,23.0,10.6,5.0,1.9,4.3,8.4,0.2,0.8,1.7,2.5,march,2024-25,19.5,11.2,55.7,8.9,30.6,1.5,3.02,14.8,1.2,0.1,5.7,7.7,23.0,10.0,5.6,,16.0,,15.3,2.3,10.0,50.0,40.0,60.0,40.0,9.523809523809524,23.0,6-6,205.0,78
1641731,Bilal Coulibaly,WAS,5,29.0,10.6,5.4,1.6,4.0,10.0,1.0,3.4,1.6,2.2,march,2024-25,18.0,7.8,48.3,6.4,44.2,2.2,3.02,25.8,1.6,0.0,4.0,4.8,27.8,15.1,,,25.8,5.2,8.3,,4.8,52.2,25.0,75.0,25.0,34.0,29.0,6-8,195.0,80
1630540,Miles McBride,NYK,10,31.2,10.6,3.0,4.5,3.9,11.2,2.1,5.8,0.7,1.1,march,2024-25,16.9,20.1,45.4,6.4,59.7,4.2,4.26,25.1,0.4,0.0,0.8,4.7,19.5,14.5,,,38.1,11.5,,3.0,,60.5,46.2,53.8,46.2,51.78571428571429,31.2,6-1,195.0,73
1631115,Orlando Robinson,TOR,14,24.9,10.3,7.9,2.4,4.0,8.8,0.6,1.2,1.7,2.1,march,2024-25,17.7,15.5,52.9,10.2,46.0,1.5,1.99,29.9,5.7,0.6,8.2,,,,,,,,,,,59.8,25.0,75.0,25.0,13.636363636363635,24.9,6-10,235.0,82
1627884,Derrick Jones Jr.,LAC,13,22.3,10.2,3.2,0.5,3.8,6.5,1.2,3.0,1.5,2.3,march,2024-25,15.5,3.2,68.4,8.2,24.7,0.8,1.93,13.6,0.8,0.0,2.6,,18.3,,,,46.0,,13.5,,7.9,58.5,22.4,77.6,22.4,46.15384615384615,22.3,6-6,210.0,78
1642276,Kel'el Ware,MIA,14,26.1,10.2,9.5,1.0,4.8,7.7,0.4,1.6,0.3,0.6,march,2024-25,15.8,5.6,63.9,12.7,36.6,0.9,1.43,17.8,0.6,0.5,5.5,,16.8,,5.0,4.5,25.3,,18.5,,22.6,61.0,26.9,73.1,26.9,20.77922077922078,26.1,7-0,230.0,84
1630570,Trendon Watford,BKN,14,23.2,10.2,3.7,3.1,3.9,8.4,0.9,2.5,1.6,2.4,march,2024-25,20.7,21.5,54.2,9.2,48.1,3.3,4.13,22.4,0.5,2.1,1.1,7.8,20.2,,,,24.8,,,,,50.0,55.6,44.4,55.6,29.761904761904763,23.2,6-8,237.0,80
203110,Draymond Green,GSW,15,30.6,10.2,6.7,5.7,3.6,8.4,1.2,4.1,1.8,2.3,march,2024-25,16.5,25.6,54.3,9.4,73.9,2.6,2.13,39.9,2.4,0.7,2.6,,9.4,5.1,10.2,,39.8,,10.2,,2.7,55.0,16.7,83.3,16.7,48.8095238095238,30.6,6-6,230.0,78
1642347,Jamal Shead,TOR,15,23.8,10.2,2.5,5.3,3.9,9.7,1.3,4.5,1.1,1.5,march,2024-25,19.1,32.1,49.5,9.7,53.3,3.8,4.31,21.6,0.3,0.0,0.7,8.2,13.8,29.5,,,33.0,2.9,2.7,,,46.9,56.9,43.1,56.9,46.391752577319586,23.8,6-1,200.0,73
201144,Mike Conley,MIN,12,24.1,10.2,2.7,3.8,3.5,6.1,2.2,3.7,1.0,1.3,march,2024-25,13.5,20.0,76.6,11.8,49.7,3.2,3.91,24.0,0.1,0.0,0.4,,14.8,21.2,,,33.3,13.8,,5.8,,64.1,40.5,59.5,40.5,60.655737704918046,24.1,6-0,175.0,72
1629614,Andrew Nembhard,IND,17,30.5,10.1,3.6,5.5,3.8,8.2,1.1,3.4,1.5,1.8,march,2024-25,14.7,22.8,56.0,8.5,63.5,3.5,3.28,30.5,0.2,0.1,0.2,8.9,14.8,38.5,,,21.4,7.1,,,,54.4,48.4,51.6,48.4,41.463414634146346,30.5,6-4,191.0,76
1642261,Dalton Knecht,LAL,17,19.2,10.1,2.7,1.2,3.8,7.9,2.0,4.8,0.6,1.0,march,2024-25,19.6,10.4,60.8,10.2,27.6,1.0,2.24,15.2,0.8,0.0,0.7,6.0,19.6,9.5,,,34.5,7.1,,10.7,,51.2,21.9,78.1,21.9,60.759493670886066,19.2,6-6,215.0,78
1629634,Brandon Clarke,MEM,9,19.2,10.1,5.7,1.1,4.2,6.4,0.0,0.0,1.7,2.1,march,2024-25,16.9,8.5,68.6,14.2,25.3,0.6,1.51,15.6,3.8,0.0,5.7,,,,,,,,,,,39.3,28.9,71.1,28.9,0.0,19.2,6-8,215.0,80
1629651,Nic Claxton,BKN,15,28.9,10.1,8.1,2.9,4.5,8.0,0.1,0.3,0.9,2.0,march,2024-25,15.3,15.8,56.7,10.0,50.8,1.8,2.17,33.7,3.9,0.3,7.8,14.1,15.5,3.9,11.1,4.5,10.9,,15.5,,13.4,66.7,29.4,70.6,29.4,3.75,28.9,6-11,215.0,83
1641737,Adem Bona,PHI,11,21.7,10.0,6.5,0.9,4.2,6.1,0.0,0.0,1.6,2.0,march,2024-25,15.6,6.1,71.7,12.8,26.2,0.7,1.68,14.8,1.5,0.2,6.2,,10.8,,8.5,,,,21.5,,30.8,59.3,30.4,69.6,30.4,0.0,21.7,6-10,235.0,82
1641710,Anthony Black,ORL,15,21.8,10.0,3.1,2.3,3.5,7.7,1.1,2.7,1.9,2.3,march,2024-25,20.8,18.1,57.5,10.1,46.1,3.5,4.53,19.5,0.3,0.0,0.9,4.4,27.4,21.8,,,25.5,4.7,3.6,1.9,2.7,66.0,41.5,58.5,41.5,35.064935064935064,21.8,6-7,200.0,79
1630557,Corey Kispert,WAS,8,23.5,10.0,2.8,2.0,3.4,7.8,1.5,4.9,1.8,2.1,march,2024-25,16.1,11.9,57.6,7.7,37.4,1.2,1.9,23.9,0.3,0.0,1.1,,19.0,9.5,,,34.1,11.9,,8.7,,50.0,11.1,88.9,11.1,62.82051282051283,23.5,6-6,224.0,78
1630534,Ochai Agbaji,TOR,6,26.2,10.0,5.0,2.2,4.0,9.3,1.2,3.8,0.8,0.8,march,2024-25,16.6,11.4,51.5,8.0,39.3,1.1,1.67,22.3,0.3,0.0,2.2,,33.5,,,,29.2,,13.5,,10.3,72.2,16.7,83.3,16.7,40.86021505376344,26.2,6-5,215.0,77
1642274,Yves Missi,NOP,12,26.3,9.9,7.8,1.3,3.7,6.6,0.0,0.0,2.6,4.2,march,2024-25,15.2,6.8,58.9,9.5,34.3,1.0,1.68,22.3,3.4,0.6,7.7,,7.5,,15.0,,12.2,,20.7,,29.1,62.3,29.5,70.5,29.5,0.0,26.3,6-11,235.0,83
1630556,Kessler Edwards,DAL,10,27.2,9.9,4.5,1.7,3.8,6.4,1.4,2.4,0.9,1.0,march,2024-25,12.1,8.5,72.4,7.9,40.6,1.1,1.56,20.7,0.9,0.0,3.1,,,,,,,,,,,51.4,7.9,92.1,7.9,37.49999999999999,27.2,6-7,203.0,79
1630639,A.J. Lawson,TOR,14,22.4,9.8,3.8,1.1,3.4,9.0,1.6,5.1,1.5,2.2,march,2024-25,18.5,7.4,49.1,6.4,35.9,1.2,1.99,20.9,0.7,0.0,2.0,,,,,,,,,,,52.5,14.9,85.1,14.9,56.666666666666664,22.4,6-6,179.0,78
1629637,Jaxson Hayes,LAL,13,23.5,9.8,5.9,1.3,4.2,5.3,0.0,0.1,1.3,2.3,march,2024-25,13.1,8.5,77.3,10.6,28.5,0.6,1.36,16.5,2.2,0.0,6.9,,13.2,,26.5,,,,34.4,,13.2,53.6,12.7,87.3,12.7,1.886792452830189,23.5,7-0,220.0,84
1628976,Wendell Carter Jr.,ORL,15,27.8,9.7,7.1,1.4,3.4,7.8,0.9,3.1,2.0,2.4,march,2024-25,16.0,7.6,55.0,8.3,34.3,0.8,1.46,23.1,2.8,0.4,6.0,,10.9,,19.2,3.2,26.2,,17.1,,12.7,52.5,13.7,86.3,13.7,39.743589743589745,27.8,6-10,270.0,82
1629216,Gabe Vincent,LAL,16,24.2,9.7,1.4,1.3,3.4,7.6,2.6,5.8,0.4,0.4,march,2024-25,14.5,7.6,62.0,5.5,31.4,1.5,2.84,17.0,0.3,0.0,0.4,,14.9,14.9,,,38.6,,,13.2,,68.1,14.8,85.2,14.8,76.31578947368422,24.2,6-2,200.0,74
203083,Andre Drummond,PHI,6,21.5,9.7,9.5,1.5,3.8,8.5,0.3,1.3,1.7,2.3,march,2024-25,19.9,11.0,50.7,11.2,34.8,0.9,1.58,23.5,3.8,1.0,8.2,,5.2,,7.9,,17.0,,16.6,,38.9,69.2,30.4,69.6,30.4,15.294117647058824,21.5,6-11,279.0,83
1641744,Zach Edey,MEM,15,20.3,9.7,7.0,1.1,4.1,7.2,0.2,0.3,1.3,1.6,march,2024-25,16.7,6.9,61.2,9.6,22.9,0.6,1.48,15.3,1.5,1.8,9.3,,,,14.7,32.8,,,16.4,,15.5,57.1,32.8,67.2,32.8,4.166666666666666,20.3,7-4,305.0,88
1627827,Dorian Finney-Smith,LAL,14,32.0,9.6,4.2,1.1,3.4,7.9,2.4,5.9,0.5,0.9,march,2024-25,13.0,4.8,57.6,5.3,41.7,1.0,1.44,20.9,0.6,0.0,1.9,,,,,,,,,,,72.3,10.6,89.4,10.6,74.68354430379746,32.0,6-7,220.0,79
1631117,Walker Kessler,UTA,11,28.4,9.5,12.4,1.9,4.2,8.7,0.4,2.5,0.8,1.9,march,2024-25,15.9,10.6,49.9,10.9,39.5,1.1,1.66,23.7,2.6,0.2,8.7,,,,,,,,29.0,,22.6,55.2,47.8,52.2,47.8,28.73563218390805,28.4,7-0,245.0,84
1642419,Jamison Battle,TOR,13,26.7,9.5,4.5,0.7,3.4,9.1,2.5,6.7,0.3,0.3,march,2024-25,14.4,3.6,51.8,5.7,31.4,0.8,1.5,21.2,0.3,0.0,1.1,,,,,,,,,,,58.0,9.1,90.9,9.1,73.62637362637363,26.7,6-7,220.0,79
1631255,Karlo Matković,NOP,15,21.5,9.5,6.0,1.5,4.1,6.7,0.4,1.5,1.0,1.5,march,2024-25,16.4,10.7,64.6,11.1,30.1,0.7,1.47,19.3,1.7,0.2,5.5,,19.0,,21.2,,19.0,,16.8,,11.7,66.7,19.7,80.3,19.7,22.388059701492537,21.5,6-10,231.0,82
1631165,Keon Ellis,SAC,17,28.2,9.5,2.9,2.4,3.3,6.7,1.7,4.3,1.2,1.5,march,2024-25,13.2,11.3,64.8,7.0,42.8,2.3,3.17,19.4,0.5,0.0,0.9,,25.6,10.1,,,43.7,,,,,71.6,28.6,71.4,28.6,64.17910447761194,28.2,6-4,175.0,76
1642358,AJ Johnson,WAS,12,27.2,9.5,2.9,3.3,3.4,8.4,1.0,3.8,1.7,1.9,march,2024-25,16.2,17.5,51.3,6.8,49.4,3.4,4.08,21.5,0.2,0.0,1.3,,,,,,,,,,,68.0,34.1,65.9,34.1,45.238095238095234,27.2,6-5,160.0,77
1642267,Bub Carrington,WAS,17,29.2,9.4,4.5,5.1,3.5,9.9,1.4,4.9,0.9,1.2,march,2024-25,17.3,24.9,45.0,6.6,66.3,4.3,3.93,28.1,0.2,0.0,1.0,4.8,20.0,33.6,,,21.0,8.2,,2.1,,61.4,46.7,53.3,46.7,49.494949494949495,29.2,6-4,190.0,76
1630558,Davion Mitchell,MIA,15,30.9,9.4,3.0,5.3,3.6,7.4,1.2,2.7,1.0,1.7,march,2024-25,14.8,23.7,57.8,7.7,58.7,4.5,4.6,21.5,0.1,0.0,0.6,28.6,19.3,8.1,,,35.6,,,,,65.9,64.8,35.2,64.8,36.486486486486484,30.9,6-0,202.0,72
1631232,Keion Brooks Jr.,NOP,5,22.4,9.4,3.8,1.2,3.8,7.0,1.2,2.6,0.6,0.8,march,2024-25,15.9,8.7,63.9,8.7,29.0,0.8,1.73,16.4,0.4,0.0,1.2,,,,,,,,,,,41.2,15.8,84.2,15.8,37.142857142857146,22.4,6-7,210.0,79
1626145,Tyus Jones,PHX,15,21.5,9.4,2.2,3.9,3.4,7.3,2.2,4.8,0.4,0.4,march,2024-25,15.9,26.7,63.1,11.6,50.5,3.8,4.52,19.9,0.2,0.0,0.3,,17.2,23.8,,,41.7,,,,,65.6,37.3,62.7,37.3,65.75342465753424,21.5,6-1,196.0,73
203935,Marcus Smart,WAS,11,17.9,9.4,2.0,2.9,3.1,7.6,1.5,3.7,1.7,2.6,march,2024-25,22.4,28.6,53.2,10.1,33.9,2.0,3.63,17.6,0.0,0.3,0.5,4.2,18.4,15.1,5.0,,38.3,,,,,60.0,41.2,58.8,41.2,48.684210526315795,17.9,6-3,220.0,75
203484,Kentavious Caldwell-Pope,MEM,14,30.3,9.4,2.9,1.7,3.6,6.9,1.6,3.6,0.6,0.7,march,2024-25,11.4,8.0,64.6,7.6,33.0,1.0,1.88,20.0,0.3,0.0,0.6,3.1,24.1,18.1,,,33.7,5.9,,6.5,,61.5,14.0,86.0,14.0,52.17391304347826,30.3,6-5,204.0,77
1642366,Quinten Post,GSW,15,19.6,9.3,4.1,1.3,3.4,7.9,2.3,5.3,0.2,0.4,march,2024-25,20.3,10.5,57.6,7.9,34.7,0.9,1.54,23.1,1.2,0.5,2.3,,11.9,,16.1,4.2,38.7,,11.6,3.9,6.0,55.4,3.9,96.1,3.9,67.0886075949367,19.6,7-0,238.0,84
1641720,Jalen Hood-Schifino,PHI,8,22.5,9.3,1.6,2.6,3.1,7.6,1.3,3.9,1.8,2.1,march,2024-25,18.9,16.9,54.0,6.0,42.6,2.9,4.11,20.0,0.1,0.0,0.5,,,,,,,,,,,53.1,56.0,44.0,56.0,51.31578947368421,22.5,6-5,210.0,77
1631108,Max Christie,DAL,16,29.0,9.3,4.1,2.2,3.1,8.6,1.6,4.9,1.4,1.6,march,2024-25,15.4,9.6,49.7,5.9,40.7,2.0,3.0,19.8,0.3,0.0,0.6,5.7,24.2,13.7,4.7,,33.9,4.0,2.6,5.7,,70.1,20.0,80.0,20.0,56.97674418604651,29.0,6-5,190.0,77
1630592,Jalen Wilson,BKN,17,20.9,9.2,2.8,1.4,2.7,6.9,1.5,4.1,2.4,2.6,march,2024-25,17.3,9.9,57.4,7.8,29.4,1.3,2.64,17.8,0.4,0.1,0.6,,14.7,8.0,,,52.0,,,,,63.6,15.2,84.8,15.2,59.42028985507245,20.9,6-6,220.0,78
1628379,Luke Kennard,MEM,14,25.1,9.1,2.6,3.4,3.8,7.4,1.1,3.3,0.4,0.5,march,2024-25,15.2,17.1,60.3,8.4,40.1,2.0,2.92,22.2,0.5,0.0,0.9,,24.5,9.1,,,32.0,7.9,5.8,11.6,,57.5,32.1,67.9,32.1,44.59459459459459,25.1,6-5,206.0,77
1630631,Jose Alvarado,NOP,15,26.0,9.1,2.1,4.9,3.4,10.0,1.7,5.5,0.7,0.9,march,2024-25,19.2,27.8,44.0,7.1,55.4,4.2,4.58,22.1,0.3,0.0,0.7,4.2,20.0,27.3,,,30.0,3.8,3.8,,,63.6,33.3,66.7,33.3,55.00000000000001,26.0,6-0,179.0,72
202685,Jonas Valančiūnas,SAC,17,19.8,9.1,8.2,2.2,3.9,7.5,0.0,0.4,1.4,1.6,march,2024-25,20.5,15.4,55.4,13.0,37.9,1.3,1.99,22.4,3.6,2.0,6.6,,,,22.1,29.7,4.2,,13.7,,16.0,67.4,40.9,59.1,40.9,5.333333333333334,19.8,6-11,265.0,83
1627936,Alex Caruso,OKC,13,18.7,9.1,2.9,2.2,3.2,5.8,1.1,2.8,1.7,2.1,march,2024-25,16.8,16.2,67.1,11.6,31.9,1.7,3.24,14.4,0.6,0.0,1.3,,19.9,8.2,7.0,,45.6,,,,,62.2,24.4,75.6,24.4,48.275862068965516,18.7,6-5,186.0,77
1631212,Peyton Watson,DEN,14,24.0,8.9,3.4,1.4,3.5,6.8,1.0,2.1,0.9,1.9,march,2024-25,14.4,8.0,58.5,7.1,31.1,1.1,2.18,14.0,1.1,0.1,2.9,6.7,19.0,13.2,3.1,,24.9,5.2,16.2,2.3,3.2,55.1,16.3,83.7,16.3,30.88235294117647,24.0,6-7,200.0,79
1629610,DaQuan Jeffries,CHA,17,25.9,8.9,2.6,1.2,3.4,7.9,1.7,4.2,0.5,0.6,march,2024-25,14.7,6.5,54.6,4.5,30.8,1.0,1.99,19.2,0.3,0.0,1.4,,,,,,,,,,,62.9,12.3,87.7,12.3,53.16455696202531,25.9,6-5,222.0,77
1629060,Rui Hachimura,LAL,5,25.8,8.8,2.8,0.2,3.2,6.6,1.8,4.2,0.6,0.8,march,2024-25,12.7,1.1,63.3,6.3,26.0,0.8,1.73,12.4,0.2,0.4,1.8,3.7,19.3,,3.1,9.5,40.5,,7.1,4.9,,63.2,18.8,81.3,18.8,63.63636363636365,25.8,6-8,230.0,80
1626158,Richaun Holmes,WAS,9,18.2,8.8,7.3,1.7,3.4,6.1,0.0,0.0,1.9,2.2,march,2024-25,16.9,14.2,61.9,16.0,28.6,0.9,1.82,20.4,3.4,0.2,6.3,,,,,,,,,,,47.5,35.5,64.5,35.5,0.0,18.2,6-9,235.0,81
1630551,Justin Champagnie,WAS,16,24.3,8.8,6.7,1.2,3.3,6.8,1.2,3.2,1.1,1.4,march,2024-25,13.2,7.5,59.5,9.9,33.1,0.9,1.65,16.2,0.6,0.0,2.4,,21.4,3.7,6.3,,26.2,,12.5,,19.6,50.0,28.8,71.2,28.8,47.05882352941177,24.3,6-6,206.0,78
202692,Alec Burks,MIA,10,18.0,8.7,2.3,1.2,2.9,6.3,2.6,5.7,0.3,0.5,march,2024-25,17.3,9.0,66.7,9.5,27.6,1.0,2.27,14.4,0.0,0.0,0.0,,,,,,,,,,,58.3,6.9,93.1,6.9,90.47619047619048,18.0,6-5,214.0,77
1627752,Taurean Prince,MIL,16,29.6,8.7,3.3,2.0,3.2,7.2,1.8,4.5,0.5,0.6,march,2024-25,12.6,8.4,58.4,5.8,34.2,1.2,2.14,21.7,0.2,0.1,0.8,,27.3,,,,54.5,,,,,61.8,13.7,86.3,13.7,62.5,29.6,6-6,218.0,78
1641732,Colby Jones,WAS,9,20.5,8.7,2.8,2.1,3.0,5.4,1.0,2.3,1.7,2.6,march,2024-25,15.1,15.0,66.0,9.9,29.2,1.4,2.93,14.3,0.6,0.0,1.2,,,,,,,,,,,66.7,33.3,66.7,33.3,42.59259259259259,20.5,6-6,207.0,78
1642354,KJ Simpson,CHA,6,27.2,8.7,3.0,3.8,2.8,8.5,1.5,4.3,1.5,1.7,march,2024-25,17.7,21.1,46.9,5.5,56.2,3.8,4.05,24.2,0.2,0.0,0.7,,10.8,32.5,,,33.3,,,,,63.6,47.1,52.9,47.1,50.588235294117645,27.2,6-0,189.0,72
1629052,Oshae Brissett,PHI,6,23.7,8.7,3.7,0.7,3.2,6.5,1.0,3.0,1.3,2.3,march,2024-25,15.4,4.0,57.6,5.0,37.8,1.1,1.73,17.7,0.8,0.0,2.8,,,,,,,,,,,75.0,36.8,63.2,36.8,46.15384615384615,23.7,6-7,210.0,79
1628971,Bruce Brown,NOP,13,25.3,8.6,4.4,2.5,3.2,7.4,1.0,2.4,1.2,1.5,march,2024-25,14.8,13.7,53.7,7.8,43.8,2.3,3.13,22.2,1.2,0.0,2.2,4.1,22.3,15.7,,,22.3,3.8,13.0,,8.7,71.7,21.4,78.6,21.4,32.43243243243243,25.3,6-4,202.0,76
1631222,Jake LaRavia,SAC,12,22.8,8.6,3.3,1.4,3.1,6.4,1.5,3.4,0.9,1.3,march,2024-25,14.5,9.2,61.6,7.4,32.8,1.1,1.99,17.9,0.2,0.0,1.1,2.5,21.2,,4.5,,42.4,2.5,8.0,,8.0,68.0,32.4,67.6,32.4,53.125,22.8,6-7,235.0,79
1629638,Nickeil Alexander-Walker,MIN,14,23.4,8.5,3.4,2.8,2.9,7.3,1.3,4.0,1.4,1.6,march,2024-25,16.1,14.8,53.3,8.4,40.8,2.4,3.5,18.3,0.2,0.0,0.6,2.9,27.3,18.8,2.9,,22.7,7.1,2.9,9.1,1.3,58.3,22.0,78.0,22.0,54.794520547945204,23.4,6-5,205.0,77
1642346,Ryan Dunn,PHX,13,19.9,8.5,4.1,0.5,3.3,7.5,1.5,4.4,0.3,0.8,march,2024-25,18.7,4.3,54.2,7.4,27.3,0.7,1.53,15.8,0.9,0.0,1.6,,24.6,5.5,5.5,,35.5,,10.9,,12.5,53.8,18.6,81.4,18.6,58.666666666666664,19.9,6-8,216.0,80
1628380,Zach Collins,CHI,15,18.7,8.4,5.9,1.8,3.4,5.7,0.7,1.9,0.9,1.1,march,2024-25,16.4,13.8,67.7,11.7,33.6,0.8,1.34,23.9,2.7,0.6,5.7,,,,24.7,,25.9,,19.8,,,54.5,15.7,84.3,15.7,33.33333333333333,18.7,6-11,250.0,83
1630577,Julian Champagnie,SAS,17,19.9,8.2,3.7,1.6,2.6,7.1,1.7,5.0,1.3,1.4,march,2024-25,16.8,10.4,53.2,7.2,27.2,0.7,1.59,15.7,0.3,0.1,1.4,,23.0,,5.3,,43.3,6.5,3.1,9.3,4.3,62.7,20.5,79.5,20.5,70.42253521126761,19.9,6-7,217.0,79
1641842,Ronald Holland II,DET,15,15.3,8.1,2.6,1.6,3.1,5.1,0.3,1.4,1.7,2.4,march,2024-25,19.4,15.1,66.4,11.6,21.9,0.9,2.42,9.6,0.6,0.0,0.6,3.8,25.0,6.9,,,39.3,3.0,5.5,,5.8,65.9,32.6,67.4,32.6,27.450980392156865,15.3,6-8,206.0,80
1642377,Jaylen Wells,MEM,16,26.1,8.1,3.8,2.1,2.7,8.1,1.4,5.3,1.3,1.6,march,2024-25,14.8,9.6,46.1,4.5,27.3,1.1,2.35,16.8,0.3,0.1,0.9,3.0,21.5,12.7,,,39.8,3.8,4.8,4.2,3.2,56.6,23.3,76.7,23.3,65.4320987654321,26.1,6-8,,80
1631157,Ryan Rollins,MIL,10,17.1,8.1,2.4,2.5,2.9,5.3,1.3,2.8,1.0,1.3,march,2024-25,17.1,20.2,69.0,10.2,30.6,2.1,4.19,12.6,0.1,0.0,0.2,7.3,19.3,39.6,,,18.2,5.3,,,1.8,56.0,44.8,55.2,44.8,52.83018867924528,17.1,6-3,180.0,75
1641810,Antonio Reeves,NOP,9,15.7,8.0,1.4,0.8,2.9,5.0,1.8,2.7,0.4,0.7,march,2024-25,17.7,8.5,75.6,9.1,18.0,0.6,2.06,11.3,0.1,0.0,0.4,,,,,,,,,,,71.4,19.2,80.8,19.2,54.0,15.7,6-5,205.0,77
1629643,Chuma Okeke,CLE,6,28.2,8.0,7.0,2.2,3.0,5.5,1.7,3.7,0.3,0.5,march,2024-25,9.2,10.2,69.9,9.2,37.8,1.0,1.57,22.5,1.0,0.0,3.0,,,,,,,,,,,65.5,27.8,72.2,27.8,67.27272727272727,28.2,6-7,229.0,79
1641871,Duop Reath,POR,15,19.3,7.9,3.9,1.1,2.9,6.4,1.4,4.0,0.8,0.8,march,2024-25,15.6,7.8,58.7,8.3,24.7,0.6,1.38,18.2,1.1,0.0,3.1,,,,,,,,,,,56.7,20.9,79.1,20.9,62.5,19.3,6-9,245.0,81
1641730,Noah Clowney,BKN,9,21.1,7.9,4.0,1.1,2.3,8.1,1.4,5.8,1.8,2.2,march,2024-25,20.1,8.1,43.4,5.3,35.1,1.0,1.74,20.2,0.4,0.0,1.3,4.6,18.6,4.4,3.9,,41.8,10.3,2.6,4.6,2.4,54.3,23.8,76.2,23.8,71.60493827160494,21.1,6-9,210.0,81
1630172,Patrick Williams,CHI,11,22.0,7.8,3.0,1.9,3.0,6.8,1.3,3.8,0.5,1.2,march,2024-25,15.7,11.2,53.3,5.4,34.5,1.2,2.16,17.4,0.3,0.2,1.0,3.6,22.1,9.3,5.0,3.6,41.4,3.6,,,5.0,64.3,36.4,63.6,36.4,55.88235294117647,22.0,6-7,215.0,79
1641878,Damion Baugh,CHA,6,25.2,7.7,3.3,3.8,3.3,9.3,0.7,3.7,0.3,0.5,march,2024-25,18.0,22.3,40.1,5.7,57.0,3.7,3.94,23.3,0.3,0.0,1.0,,,,,,,,,,,69.6,50.0,50.0,50.0,39.784946236559136,25.2,6-4,194.0,76
1626220,Royce O'Neale,PHX,15,22.0,7.7,4.5,2.7,2.7,6.2,2.3,5.4,0.0,0.0,march,2024-25,13.3,16.1,61.8,9.1,37.7,1.0,1.63,19.5,0.2,0.0,0.3,,26.0,8.3,2.7,,43.8,3.9,,3.6,,62.0,7.5,92.5,7.5,87.09677419354838,22.0,6-6,226.0,78
101108,Chris Paul,SAS,17,25.1,7.6,2.8,6.1,2.8,5.5,1.9,3.6,0.1,0.2,march,2024-25,12.1,29.5,68.2,8.9,51.4,3.4,3.92,21.4,0.1,0.4,0.1,,,43.8,,,15.6,,,,,73.3,45.8,54.2,45.8,65.45454545454545,25.1,6-0,175.0,72
1630188,Jalen Smith,CHI,8,15.8,7.6,6.5,1.6,3.0,6.8,0.9,3.8,0.8,1.1,march,2024-25,18.8,12.6,52.6,12.4,28.1,0.7,1.51,16.9,1.5,0.4,2.3,,21.0,,17.4,,29.0,,9.8,,10.1,50.0,12.5,87.5,12.5,55.88235294117647,15.8,6-9,215.0,81
203957,Danté Exum,DAL,7,18.3,7.6,1.4,1.6,2.9,6.6,1.1,2.3,0.7,0.7,march,2024-25,19.3,13.1,55.0,3.9,35.3,2.8,4.77,12.7,0.3,0.0,0.7,,,,,,,,,,,66.7,25.0,75.0,25.0,34.848484848484844,18.3,6-5,214.0,77
1630241,Sam Merrill,CLE,16,20.2,7.6,2.7,1.4,2.7,6.2,2.1,5.3,0.1,0.1,march,2024-25,13.7,9.0,60.8,7.7,23.8,0.5,1.37,14.6,0.3,0.1,0.9,,17.3,6.0,10.2,,36.8,10.5,3.8,4.5,,51.4,4.7,95.3,4.7,85.48387096774192,20.2,6-4,205.0,76
1626179,Terry Rozier,MIA,11,20.9,7.5,2.6,2.3,2.5,7.5,1.3,4.5,1.2,1.5,march,2024-25,18.3,16.6,46.6,7.6,40.9,2.7,3.95,18.0,0.1,0.0,0.5,,,,,,,,,,,70.0,39.3,60.7,39.3,60.0,20.9,6-1,190.0,73
1630526,Jeremiah Robinson-Earl,NOP,12,20.0,7.5,3.9,1.6,2.8,5.4,1.1,2.7,0.8,0.9,march,2024-25,13.5,11.0,64.4,9.1,27.3,0.9,1.89,15.7,0.4,0.0,2.0,,20.2,,,,38.1,,,,20.2,63.6,8.8,91.2,8.8,50.0,20.0,6-8,240.0,80
1642275,Tidjane Salaün,CHA,10,21.2,7.5,5.7,1.6,2.4,4.9,1.2,3.0,1.5,2.0,march,2024-25,13.7,10.9,64.9,11.2,31.8,1.1,2.13,15.6,0.5,0.0,1.6,,20.7,,12.4,,43.2,,7.7,,,73.9,29.2,70.8,29.2,61.22448979591836,21.2,6-8,207.0,80
203991,Clint Capela,ATL,5,16.9,7.4,7.0,0.8,3.4,7.0,0.0,0.0,0.6,1.2,march,2024-25,17.8,5.7,49.1,10.5,26.6,0.6,1.45,15.0,3.6,0.2,6.8,,,,22.1,,,,24.4,,36.6,43.8,23.5,76.5,23.5,0.0,16.9,6-10,256.0,82
1630182,Josh Green,CHA,14,26.1,7.3,2.1,2.0,2.6,6.3,1.4,3.9,0.8,1.2,march,2024-25,12.6,10.0,53.4,4.1,32.1,1.1,2.14,20.1,0.3,0.0,0.9,,28.0,,,,61.3,,,,,51.3,16.7,83.3,16.7,61.904761904761905,26.1,6-5,200.0,77
1628960,Grayson Allen,PHX,9,19.3,7.2,1.3,1.9,2.1,4.4,1.4,3.1,1.6,2.0,march,2024-25,14.1,13.0,67.8,6.9,29.8,1.1,2.25,19.0,0.0,0.0,0.4,2.8,17.5,24.2,4.0,,33.8,5.4,,7.0,,64.0,5.3,94.7,5.3,70.45454545454545,19.3,6-4,198.0,76
1628436,Luke Kornet,BOS,14,22.2,7.2,6.1,1.7,3.2,4.5,0.0,0.1,0.8,1.6,march,2024-25,11.1,10.2,69.5,10.9,22.6,0.4,1.15,15.7,1.3,0.1,7.3,,6.6,,21.8,,,,35.0,,23.4,50.0,26.7,73.3,26.7,2.2222222222222223,22.2,7-1,250.0,85
204456,T.J. McConnell,IND,17,16.3,7.2,2.4,4.2,3.2,6.3,0.2,0.6,0.5,0.6,march,2024-25,20.1,37.7,54.5,12.7,47.5,3.6,4.49,17.9,0.5,0.0,0.9,5.9,13.1,54.0,,,12.5,,4.2,,,57.6,56.4,43.6,56.4,9.523809523809524,16.3,6-1,190.0,73
1631119,Jaylin Williams,OKC,14,17.4,7.1,5.6,2.6,2.4,4.6,1.6,3.1,0.8,1.3,march,2024-25,14.1,18.6,67.9,13.0,39.6,1.1,1.64,22.0,0.6,0.1,1.0,,14.8,,21.6,,40.7,,,,,57.4,9.1,90.9,9.1,67.3913043478261,17.4,6-9,240.0,81
1629599,Amir Coffey,LAC,14,18.9,7.0,1.6,0.9,2.6,5.5,1.0,2.4,0.9,1.1,march,2024-25,14.8,6.6,58.3,6.7,18.2,0.8,2.48,10.4,0.4,0.0,0.2,,,,,,,,,,,70.0,22.2,77.8,22.2,43.63636363636363,18.9,6-7,210.0,79
1642270,Donovan Clingan,POR,14,25.2,7.0,9.2,1.6,2.8,5.7,0.3,1.1,1.1,2.1,march,2024-25,12.2,8.9,52.6,9.1,28.4,0.7,1.43,20.6,0.8,0.1,7.2,,7.7,,23.3,,15.4,,19.2,,25.4,50.6,38.5,61.5,38.5,19.29824561403509,25.2,7-2,280.0,86
203994,Jusuf Nurkić,CHA,15,16.1,6.9,5.7,1.9,2.6,5.7,0.5,1.2,1.3,2.1,march,2024-25,19.9,20.0,52.7,13.2,28.3,1.1,2.31,21.1,1.8,2.9,3.8,,6.9,,22.4,10.4,11.8,,17.3,,13.6,50.0,23.1,76.9,23.1,21.052631578947366,16.1,7-0,290.0,84
1630658,Colin Castleton,TOR,10,25.9,6.9,7.4,1.8,2.7,5.7,0.2,0.8,1.3,1.7,march,2024-25,12.8,9.9,53.5,7.5,34.5,1.0,1.67,21.2,2.3,0.3,6.6,,,,,,,,,,,42.9,25.9,74.1,25.9,14.035087719298245,25.9,6-10,250.0,82
1627739,Kris Dunn,LAC,15,25.6,6.9,2.7,2.7,2.7,6.4,1.0,3.4,0.4,0.4,march,2024-25,13.1,13.8,52.2,5.5,41.2,2.0,2.95,15.3,1.1,0.0,1.7,3.9,19.3,9.6,5.5,,38.6,,9.6,,3.2,60.0,22.0,78.0,22.0,53.125,25.6,6-3,205.0,75
202709,Cory Joseph,ORL,13,21.8,6.8,3.1,2.8,2.3,5.4,1.3,3.5,0.9,1.1,march,2024-25,12.6,17.3,58.4,8.8,42.7,2.7,3.85,17.4,0.3,0.0,0.5,,,,,,,,,,,60.0,33.3,66.7,33.3,64.81481481481481,21.8,6-2,200.0,74
1631246,Vince Williams Jr.,MEM,13,20.1,6.8,3.1,2.1,2.6,6.5,1.1,4.1,0.5,0.5,march,2024-25,15.7,13.7,51.1,6.3,33.2,1.3,2.39,17.2,0.5,0.2,1.2,,17.7,29.5,,,31.5,,,,,65.0,17.6,82.4,17.6,63.07692307692307,20.1,6-4,205.0,76
1631230,Dominick Barlow,ATL,10,15.7,6.8,3.7,0.9,2.6,4.6,0.2,0.9,1.4,1.8,march,2024-25,14.2,7.9,63.1,9.1,20.5,0.6,1.64,11.4,0.7,0.1,3.5,,20.0,,4.5,,32.7,,19.5,,15.9,56.8,23.1,76.9,23.1,19.565217391304348,15.7,6-8,215.0,80
1630249,Vít Krejčí,ATL,10,18.8,6.8,2.1,2.4,2.2,4.1,1.7,3.4,0.7,1.0,march,2024-25,12.2,16.8,74.9,7.8,23.4,1.0,2.45,14.3,0.3,0.0,0.7,,19.7,8.4,5.3,,33.4,12.5,,12.2,,60.0,9.1,90.9,9.1,82.92682926829269,18.8,6-8,195.0,80
203486,Mason Plumlee,PHX,11,16.4,6.7,6.0,1.3,2.5,3.5,0.0,0.1,1.8,2.4,march,2024-25,13.6,10.9,74.8,12.1,28.6,0.8,1.65,15.0,1.7,0.1,5.5,,,,,,,,,,,72.2,14.8,85.2,14.8,2.857142857142857,16.4,6-10,254.0,82
1642367,Jonathan Mogbo,TOR,9,22.9,6.7,6.3,2.6,2.7,6.7,0.2,1.1,1.1,1.4,march,2024-25,14.4,16.5,45.6,9.4,29.4,1.0,2.05,17.3,1.3,0.0,4.0,,,,,,,,,,,64.1,33.3,66.7,33.3,16.417910447761194,22.9,6-9,225.0,81
1629026,Kenrich Williams,OKC,15,20.0,6.7,4.0,1.9,2.5,5.3,1.1,2.4,0.6,0.9,march,2024-25,12.7,11.4,58.3,7.7,24.1,1.0,2.57,13.7,0.3,0.0,1.5,,14.6,,,,42.3,,10.0,,7.7,64.0,24.3,75.7,24.3,45.28301886792453,20.0,6-6,210.0,78
201599,DeAndre Jordan,DEN,5,18.6,6.6,7.4,2.6,2.8,4.0,0.0,0.0,1.0,2.2,march,2024-25,13.4,16.7,66.4,11.8,26.8,0.7,1.65,17.4,3.2,0.0,6.4,,,,,,,,,,,52.9,0.0,100.0,0.0,0.0,18.6,6-11,265.0,83
1630191,Isaiah Stewart,DET,14,18.1,6.6,4.9,1.7,2.7,4.3,0.1,0.4,1.0,1.4,march,2024-25,13.1,13.1,67.3,11.5,24.4,0.7,1.76,13.6,3.1,0.5,4.4,,10.3,,13.9,10.3,23.9,,19.2,,11.8,50.7,26.3,73.7,26.3,9.30232558139535,18.1,6-8,250.0,80
1631131,Oscar Tshiebwe,UTA,7,18.8,6.6,9.0,0.9,2.7,4.7,0.0,0.0,1.1,1.4,march,2024-25,13.0,6.5,61.5,13.8,23.7,0.6,1.48,14.3,2.7,0.0,5.6,,,,,,,,,,,76.7,36.8,63.2,36.8,0.0,18.8,6-8,255.0,80
1626168,Trey Lyles,SAC,15,18.5,6.5,4.8,1.9,2.3,5.4,0.9,2.9,0.9,1.3,march,2024-25,14.8,14.7,54.3,10.2,30.8,0.9,1.82,18.0,1.9,0.4,2.9,,,,,,,,,,,62.7,11.4,88.6,11.4,53.703703703703695,18.5,6-9,234.0,81
1631243,Mouhamed Gueye,ATL,12,17.8,6.4,3.9,1.0,2.2,5.2,0.8,2.8,1.3,1.7,march,2024-25,14.3,6.6,54.4,7.6,20.8,0.5,1.37,11.2,0.3,0.0,3.2,,18.3,,5.6,,39.0,,19.7,,10.3,55.3,11.5,88.5,11.5,53.84615384615385,17.8,6-10,210.0,82
1626166,Cameron Payne,NYK,13,16.5,6.4,1.6,3.1,2.5,6.5,1.3,3.8,0.2,0.2,march,2024-25,19.8,26.1,48.9,8.2,39.9,3.0,4.44,16.5,0.1,0.0,0.3,,,,,,,,,,,42.1,43.8,56.3,43.8,58.46153846153845,16.5,6-3,183.0,75
1641713,GG Jackson,MEM,9,16.3,6.3,3.3,1.1,2.2,6.6,1.1,3.3,0.8,0.9,march,2024-25,20.2,9.0,45.6,5.8,24.6,0.8,2.06,12.6,0.2,0.0,1.1,,27.1,12.0,,,44.0,,,,,73.7,35.0,65.0,35.0,50.0,16.3,6-9,210.0,81
1629013,Landry Shamet,NYK,15,18.1,6.3,1.5,0.3,2.4,5.5,1.3,3.5,0.3,0.4,march,2024-25,14.7,2.6,56.1,4.7,18.7,0.6,2.07,11.9,0.3,0.0,0.5,,22.7,,,,51.6,10.2,,,,61.1,11.1,88.9,11.1,63.63636363636363,18.1,6-4,190.0,76
1631248,Baylor Scheierman,BOS,10,17.3,6.3,2.2,1.7,2.1,4.3,1.8,3.8,0.3,0.4,march,2024-25,12.0,13.3,70.4,9.1,17.3,0.5,1.79,10.7,0.5,0.0,0.4,,25.0,,11.5,,45.2,,,,,52.0,4.8,95.2,4.8,88.37209302325581,17.3,6-6,205.0,78
203937,Kyle Anderson,MIA,11,17.7,6.2,3.3,2.9,2.6,5.1,0.3,0.8,0.6,0.8,march,2024-25,16.3,23.4,56.7,10.3,35.2,1.9,3.23,18.4,0.9,0.1,1.5,12.6,16.5,7.9,,,17.3,,14.2,,8.7,75.0,37.9,62.1,37.9,15.686274509803924,17.7,6-9,230.0,81
1631260,AJ Green,MIL,15,22.5,6.1,2.1,2.0,2.1,5.1,1.7,4.5,0.3,0.4,march,2024-25,11.5,11.9,57.8,4.9,29.5,0.9,1.81,15.5,0.2,0.0,0.3,,13.4,9.1,4.0,,42.1,12.8,,9.1,,83.3,6.5,93.5,6.5,88.23529411764707,22.5,6-4,190.0,76
1630549,Day'Ron Sharpe,BKN,13,19.5,6.1,6.6,2.2,2.8,5.8,0.2,0.8,0.4,0.6,march,2024-25,15.1,17.7,50.3,11.8,36.5,1.1,1.86,24.0,2.9,0.7,6.2,3.7,7.6,,15.0,6.6,7.6,,19.6,,22.6,56.9,16.7,83.3,16.7,13.793103448275861,19.5,6-9,265.0,81
1630692,Jordan Goodwin,LAL,14,20.8,6.1,3.6,1.6,2.2,5.1,1.1,2.6,0.5,0.6,march,2024-25,12.2,10.7,57.0,7.1,31.2,1.3,2.44,14.4,0.6,0.0,1.6,,16.2,12.8,3.4,,42.7,,,,12.0,73.3,22.6,77.4,22.6,50.980392156862756,20.8,6-5,215.0,77
1641798,Jaylen Martin,WAS,10,18.1,6.0,3.6,1.3,2.5,5.4,0.5,1.7,0.5,0.5,march,2024-25,15.2,11.6,53.4,7.9,29.9,1.1,2.25,14.4,0.3,0.0,0.7,,,,,,,,,,,64.5,24.0,76.0,24.0,31.481481481481477,18.1,6-6,216.0,78
1629680,Matisse Thybulle,POR,8,15.1,6.0,3.0,1.3,2.3,4.6,1.3,2.9,0.3,0.5,march,2024-25,14.3,12.5,61.9,14.3,20.3,0.6,1.71,9.8,0.1,0.0,0.9,,,,,,,,,,,64.7,16.7,83.3,16.7,63.04347826086957,15.1,6-5,201.0,77
1641721,Maxwell Lewis,BKN,12,15.7,5.9,2.5,0.8,2.2,5.0,1.2,2.5,0.4,0.7,march,2024-25,15.4,8.3,55.9,8.0,17.3,0.7,2.35,9.8,0.1,0.0,0.4,,,,,,,,,,,68.0,23.1,76.9,23.1,50.0,15.7,6-7,215.0,79
1630611,Gui Santos,GSW,15,16.6,5.9,3.4,1.7,2.3,4.3,0.7,2.1,0.5,0.8,march,2024-25,13.7,14.8,62.6,8.9,27.3,0.9,1.95,15.9,0.8,0.4,2.7,,13.5,,,,43.6,,18.0,,,50.0,17.1,82.9,17.1,48.83720930232558,16.6,6-6,185.0,78
1629312,Haywood Highsmith,MIA,16,26.8,5.8,3.7,2.1,2.1,5.1,1.0,2.9,0.6,0.7,march,2024-25,10.9,10.0,53.5,5.1,31.1,0.9,1.73,15.8,0.4,0.1,1.7,,,,,,,,,,,59.7,11.8,88.2,11.8,56.86274509803921,26.8,6-5,220.0,77
203552,Seth Curry,CHA,14,17.4,5.8,1.6,1.6,2.1,5.1,1.1,2.6,0.4,0.4,march,2024-25,14.1,13.2,54.3,6.2,24.7,1.1,2.59,15.9,0.4,0.0,0.2,,,,,,,,,,,75.0,23.3,76.7,23.3,50.980392156862756,17.4,6-1,185.0,73
1630171,Isaac Okoro,CLE,16,17.1,5.8,1.9,0.8,2.1,4.3,0.8,2.5,0.7,1.0,march,2024-25,13.3,5.9,60.5,5.0,16.7,0.6,2.03,10.2,0.5,0.1,1.6,,25.9,,,,41.6,,10.8,,5.2,50.0,14.7,85.3,14.7,58.139534883720934,17.1,6-5,225.0,77
201587,Nicolas Batum,LAC,16,20.5,5.8,3.1,0.9,1.9,3.6,1.7,3.2,0.2,0.3,march,2024-25,9.4,5.9,77.0,7.6,24.3,0.4,1.02,12.1,0.3,0.0,0.7,,14.2,,,,68.9,,,,,57.8,3.2,96.8,3.2,88.8888888888889,20.5,6-8,230.0,80
1631207,Dalen Terry,CHI,15,16.0,5.7,2.3,1.7,2.1,4.8,0.9,2.1,0.6,0.7,march,2024-25,15.0,13.7,56.0,6.6,26.5,1.1,2.57,14.1,0.4,0.0,1.0,,30.9,13.4,,,35.1,,,,,60.0,21.9,78.1,21.9,43.75000000000001,16.0,6-7,195.0,79
1642345,Oso Ighodaro,PHX,11,23.6,5.7,5.1,1.7,2.5,3.7,0.0,0.0,0.8,1.0,march,2024-25,9.5,9.5,68.7,7.4,29.9,0.8,1.55,16.9,3.4,0.0,4.2,8.5,12.7,4.2,18.2,,,,29.7,,7.6,57.1,0.0,100.0,0.0,0.0,23.6,7-0,235.0,84
1631170,Jaime Jaquez Jr.,MIA,13,15.8,5.6,3.4,1.8,2.3,5.0,0.4,1.0,0.6,1.0,march,2024-25,19.0,16.9,51.6,8.5,29.8,1.7,3.35,14.1,0.5,0.5,2.2,14.8,29.4,5.3,,5.7,26.6,,5.8,,4.0,60.0,36.7,63.3,36.7,20.0,15.8,6-6,225.0,78
1631323,Simone Fontecchio,DET,15,15.9,5.5,2.9,1.0,2.1,4.5,1.1,2.7,0.2,0.3,march,2024-25,13.2,7.7,59.1,7.5,19.1,0.6,1.74,10.6,0.1,0.1,0.8,,26.5,,,,43.5,,4.3,10.5,5.2,69.4,21.9,78.1,21.9,60.00000000000001,15.9,6-7,209.0,79
1631221,Collin Gillespie,PHX,15,15.3,5.5,2.7,3.0,1.9,4.7,1.2,2.8,0.4,0.4,march,2024-25,15.2,25.3,55.7,9.4,36.5,2.4,4.01,12.8,0.2,0.0,0.7,3.3,16.4,33.5,,,22.7,7.6,2.2,7.0,2.0,64.3,37.9,62.1,37.9,59.57446808510638,15.3,6-1,195.0,73
1642262,Cody Williams,UTA,16,22.8,5.4,2.2,0.9,2.0,6.1,0.9,3.5,0.5,0.7,march,2024-25,12.8,5.7,42.2,1.6,23.6,0.9,2.39,11.3,0.4,0.0,0.6,,26.3,,,,39.5,,14.7,,,67.7,28.1,71.9,28.1,57.37704918032788,22.8,6-7,190.0,79
1642024,Alex Reese,PHI,11,16.4,5.2,3.5,0.3,1.8,3.9,1.0,2.9,0.5,0.7,march,2024-25,11.5,2.0,61.3,7.0,23.4,0.5,1.28,10.0,0.5,0.0,0.6,,,,,,,,,,,60.0,15.0,85.0,15.0,74.35897435897436,16.4,6-9,245.0,81
1631111,Wendell Moore Jr.,CHA,9,17.2,5.1,3.4,1.4,2.1,4.2,0.6,1.4,0.3,0.6,march,2024-25,13.3,13.3,57.2,8.6,31.9,1.3,2.52,13.7,0.2,0.0,1.1,,,,,,,,,,,75.0,42.1,57.9,42.1,33.33333333333333,17.2,6-5,215.0,77
202687,Bismack Biyombo,SAS,14,18.6,4.9,5.3,1.5,2.2,3.4,0.0,0.0,0.5,0.9,march,2024-25,10.6,9.7,64.8,8.3,26.4,0.7,1.55,13.1,1.4,0.1,4.4,,,,,,,,,,,67.9,29.0,71.0,29.0,0.0,18.6,6-8,255.0,80
1629004,Svi Mykhailiuk,UTA,9,17.2,4.9,1.8,2.1,1.7,6.1,1.0,3.9,0.6,0.6,march,2024-25,17.2,18.3,38.5,3.4,26.3,1.4,3.23,13.7,0.4,0.0,0.2,,22.1,5.9,,,34.5,10.7,7.6,7.6,3.4,68.4,46.7,53.3,46.7,63.934426229508205,17.2,6-7,205.0,79
203500,Steven Adams,HOU,14,16.9,4.9,6.7,1.4,1.9,3.1,0.0,0.1,1.0,2.0,march,2024-25,12.3,9.5,60.4,10.6,22.6,0.7,1.85,14.8,2.0,0.7,6.1,,4.9,,15.6,,,,23.9,,37.1,54.8,55.6,44.4,55.6,3.225806451612903,16.9,6-11,265.0,83
1629731,Dean Wade,CLE,16,18.9,4.8,2.8,0.7,1.7,3.9,1.3,3.3,0.1,0.2,march,2024-25,9.8,4.8,59.1,5.8,21.8,0.6,1.57,11.3,0.3,0.0,0.6,,28.1,,5.0,,46.7,,12.1,,,63.8,14.8,85.2,14.8,84.61538461538461,18.9,6-9,228.0,81
1628997,Caleb Martin,DAL,8,17.6,4.6,3.0,1.9,1.8,4.3,0.1,0.9,1.0,1.5,march,2024-25,13.1,13.3,47.1,6.9,20.9,1.1,3.19,11.1,0.3,0.0,0.8,,32.5,7.9,,,35.7,,,,,76.9,64.3,35.7,64.3,20.930232558139537,17.6,6-5,205.0,77
1628998,Cody Martin,PHX,8,15.1,4.6,3.8,1.1,1.9,4.8,0.4,2.6,0.5,0.8,march,2024-25,15.8,10.5,45.5,7.3,22.3,0.9,2.45,10.8,0.3,0.0,1.1,,,,,,,,,,,76.5,26.7,73.3,26.7,54.16666666666667,15.1,6-6,205.0,78
1629020,Jarred Vanderbilt,LAL,16,17.2,4.6,4.9,1.4,1.9,3.9,0.3,1.1,0.5,0.8,march,2024-25,11.8,10.8,54.2,8.2,23.1,0.6,1.69,11.8,1.1,0.0,3.7,,18.0,,,,32.3,,16.9,,14.3,58.1,19.4,80.6,19.4,28.20512820512821,17.2,6-8,214.0,80
1630695,Micah Potter,UTA,7,19.2,4.6,4.7,1.0,1.6,4.3,0.7,2.9,0.7,0.9,march,2024-25,12.3,6.7,49.0,6.8,25.4,0.6,1.51,11.0,0.7,0.1,1.7,,,,,,,,,,,56.7,18.2,81.8,18.2,67.44186046511628,19.2,6-9,248.0,81
1630550,JT Thor,WAS,6,17.5,4.5,3.5,0.7,1.8,4.7,0.2,1.5,0.7,1.3,march,2024-25,12.7,5.5,42.8,5.5,17.0,0.5,1.84,8.3,0.5,0.2,2.5,,,,,,,,,,,60.0,36.4,63.6,36.4,31.914893617021274,17.5,6-9,203.0,81
1630231,KJ Martin,UTA,13,21.7,4.5,2.5,1.5,1.8,4.5,0.3,1.8,0.6,0.8,march,2024-25,10.1,10.0,45.7,2.7,22.7,0.5,1.39,12.9,0.8,0.0,2.0,,,,,,,,,,,59.3,8.7,91.3,8.7,40.0,21.7,6-6,215.0,78
1629011,Mitchell Robinson,NYK,12,16.3,4.4,5.5,0.7,1.9,2.8,0.0,0.0,0.6,0.9,march,2024-25,10.1,5.6,68.2,11.1,18.3,0.5,1.71,10.6,0.6,0.1,4.3,,,,11.7,,,,12.5,,52.3,72.7,69.6,30.4,69.6,0.0,16.3,7-0,240.0,84
1641763,Julian Phillips,CHI,15,17.3,4.4,2.3,0.8,1.5,3.7,0.5,1.9,0.8,0.9,march,2024-25,10.1,5.5,54.3,4.7,16.0,0.4,1.53,9.2,0.1,0.0,1.3,,,,,,,,,,,72.7,21.7,78.3,21.7,51.35135135135135,17.3,6-8,198.0,80
1641767,Ben Sheppard,IND,17,17.5,3.9,3.2,1.6,1.4,4.0,0.8,2.9,0.4,0.4,march,2024-25,11.0,12.3,47.1,5.0,27.1,0.6,1.4,15.8,0.2,0.0,0.9,,27.3,10.0,,,38.2,5.0,6.4,,,60.5,8.3,91.7,8.3,72.5,17.5,6-6,190.0,78
203939,Dwight Powell,DAL,15,15.2,3.4,2.8,1.9,1.5,1.9,0.0,0.1,0.5,0.7,march,2024-25,7.9,15.6,75.4,6.7,23.8,0.7,1.81,14.1,1.3,0.1,3.1,,13.2,,12.1,,,,37.4,,,56.7,22.7,77.3,22.7,5.2631578947368425,15.2,6-10,240.0,82
1641736,Reece Beekman,BKN,5,15.2,3.4,1.4,1.2,0.8,3.2,0.4,1.4,1.4,1.6,march,2024-25,12.0,11.1,43.5,3.0,28.0,1.7,3.72,11.0,0.4,0.0,0.6,,,,,,,,,,,87.5,25.0,75.0,25.0,43.74999999999999,15.2,6-3,190.0,75
1630579,Jericho Sims,MIL,9,15.3,3.3,5.6,1.0,1.7,2.1,0.0,0.0,0.0,0.0,march,2024-25,8.1,9.1,78.9,10.1,23.8,0.6,1.46,10.2,1.3,0.1,3.9,,,,26.0,,,,32.5,,,57.1,6.7,93.3,6.7,0.0,15.3,6-10,250.0,82
1627732,Ben Simmons,LAC,8,15.8,2.0,4.0,2.6,1.0,3.0,0.0,0.0,0.0,0.0,march,2024-25,10.5,18.9,33.3,6.7,30.6,1.8,3.44,11.0,1.6,0.4,1.6,,,,,,,,,,,76.9,50.0,50.0,50.0,0.0,15.8,6-10,240.0,82
203999,Nikola Jokić,DEN,6,39.7,33.2,12.0,10.5,12.0,20.0,2.8,6.2,6.3,8.2,april,2024-25,29.5,39.6,70.3,21.4,105.2,5.0,2.86,54.3,8.2,8.3,6.5,5.3,10.1,9.7,13.0,22.8,9.0,,7.3,5.3,9.3,67.3,34.7,65.3,34.7,31.0,39.7,6-11,284.0,83
203507,Giannis Antetokounmpo,MIL,6,36.5,31.8,12.0,11.8,11.3,18.7,0.8,2.0,8.3,11.5,april,2024-25,30.5,46.1,67.1,25.0,94.5,7.1,4.5,37.2,4.2,3.2,5.3,10.9,26.0,7.7,6.4,20.2,6.1,,7.9,,8.9,52.2,66.2,33.8,66.2,10.695187165775401,36.5,6-11,243.0,83
1629029,Luka Dončić,LAL,6,35.2,31.8,6.7,6.2,10.5,20.0,4.0,8.8,6.8,8.7,april,2024-25,32.1,27.6,66.8,18.7,78.2,6.6,5.06,38.2,0.8,1.2,0.5,16.0,14.3,36.3,,7.6,8.7,2.3,1.3,7.4,1.7,50.0,74.6,25.4,74.6,44.00000000000001,35.2,6-6,230.0,78
1630162,Anthony Edwards,MIN,7,38.3,31.4,5.6,4.3,10.9,21.3,4.7,12.1,5.0,6.1,april,2024-25,29.6,17.2,65.5,16.1,82.0,6.2,4.53,38.3,0.9,0.4,1.1,23.4,15.7,23.5,,4.9,12.9,7.3,2.0,4.8,1.2,55.2,55.3,44.7,55.3,56.8075117370892,38.3,6-4,225.0,76
1629630,Ja Morant,MEM,5,32.4,30.2,3.2,5.8,11.2,22.6,3.8,9.2,4.0,5.0,april,2024-25,35.5,29.9,60.9,14.2,71.6,5.9,4.96,25.8,0.6,0.0,1.4,14.1,19.6,40.4,,,11.0,5.0,2.4,,,76.2,73.2,26.8,73.2,40.70796460176991,32.4,6-2,174.0,74
1626164,Devin Booker,PHX,6,36.6,29.2,4.0,7.2,11.5,23.2,1.3,5.8,4.8,5.3,april,2024-25,33.4,34.7,57.2,12.7,83.3,6.2,4.48,52.0,0.5,0.5,0.8,14.0,15.7,33.1,1.8,3.8,9.5,7.5,1.6,7.5,1.7,73.1,60.9,39.1,60.9,25.0,36.6,6-6,206.0,78
201939,Stephen Curry,GSW,8,32.9,29.1,5.3,5.9,9.6,20.1,5.1,12.1,4.8,4.9,april,2024-25,31.4,31.3,65.4,17.7,69.5,5.5,4.74,28.5,0.5,0.3,1.6,10.1,13.8,21.1,,,11.6,12.0,7.0,18.0,1.3,82.6,42.9,57.1,42.9,60.19900497512437,32.9,6-2,185.0,74
1631101,Shaedon Sharpe,POR,5,35.4,28.8,7.2,4.8,10.0,22.2,3.2,9.4,5.6,7.4,april,2024-25,31.1,20.3,56.6,15.3,84.6,5.7,4.02,39.8,0.8,0.0,1.4,12.3,19.5,31.7,,,16.7,5.1,4.8,2.1,2.8,53.8,52.0,48.0,52.0,42.34234234234234,35.4,6-5,208.0,77
203897,Zach LaVine,SAC,7,37.9,27.4,3.0,4.0,10.0,19.3,4.7,8.9,2.7,3.1,april,2024-25,26.3,16.6,66.4,11.8,73.9,4.9,3.95,39.0,0.7,0.1,0.7,9.3,23.5,19.5,4.0,,22.7,6.3,3.4,8.5,,78.3,48.6,51.4,48.6,46.1139896373057,37.9,6-5,200.0,77
202695,Kawhi Leonard,LAC,6,35.9,26.7,6.3,3.7,10.5,19.5,2.7,5.3,3.0,3.5,april,2024-25,29.6,14.6,63.4,15.5,53.0,4.1,4.64,28.8,2.2,1.2,2.5,16.5,19.6,25.9,,6.0,12.2,3.4,3.0,7.2,2.8,86.4,57.1,42.9,57.1,27.17948717948718,35.9,6-7,225.0,79
1626157,Karl-Anthony Towns,NYK,5,35.0,26.6,12.2,2.4,10.0,16.8,0.8,2.6,5.8,6.8,april,2024-25,28.3,10.3,67.2,17.4,59.6,2.4,2.39,37.6,3.0,2.8,4.6,10.0,15.2,1.6,13.8,11.1,19.9,1.9,5.9,2.3,12.6,70.0,40.0,60.0,40.0,15.476190476190476,35.0,7-0,248.0,84
1629639,Tyler Herro,MIA,5,33.0,26.4,5.6,4.6,9.4,18.2,2.4,5.4,5.2,5.6,april,2024-25,29.8,20.0,63.9,15.3,66.0,4.3,3.93,31.4,0.4,0.0,1.2,13.3,27.7,13.9,,,32.4,,,5.8,,53.8,48.9,51.1,48.9,29.670329670329675,33.0,6-5,195.0,77
1631114,Jalen Williams,OKC,5,33.2,26.2,5.0,3.8,10.0,19.2,1.6,4.6,4.6,5.8,april,2024-25,28.7,16.7,60.2,15.1,61.6,4.7,4.53,22.2,1.2,0.0,1.6,14.8,21.0,36.0,,,16.9,3.0,4.3,,,50.0,58.0,42.0,58.0,23.958333333333332,33.2,6-5,211.0,77
201935,James Harden,LAC,7,37.3,25.9,5.9,10.1,8.6,16.7,2.6,6.4,6.1,7.1,april,2024-25,27.2,36.6,65.1,17.6,84.4,7.4,5.26,30.9,0.3,0.1,0.9,42.5,13.1,25.0,,1.3,7.5,4.6,,,,74.3,70.0,30.0,70.0,38.32335329341318,37.3,6-5,220.0,77
1629027,Trae Young,ATL,7,35.5,25.9,2.7,12.0,7.9,18.3,3.4,8.9,6.7,7.6,april,2024-25,28.1,49.4,59.8,14.7,86.9,8.1,5.57,25.1,0.6,0.0,0.4,12.0,20.4,39.3,,,8.4,10.5,,,,65.4,80.0,20.0,80.0,48.63387978142077,35.5,6-1,164.0,73
2544,LeBron James,LAL,6,33.4,24.7,4.3,6.3,8.8,16.3,2.0,5.0,5.0,5.7,april,2024-25,27.4,29.9,65.5,15.2,72.7,4.3,3.51,38.3,3.3,3.8,3.5,12.8,24.5,12.5,3.1,12.1,12.6,,5.7,7.5,1.9,57.9,47.2,52.8,47.2,30.67484662576687,33.4,6-9,250.0,81
1630217,Desmond Bane,ORL,6,34.6,24.2,6.2,4.5,8.8,18.2,3.5,8.2,3.0,3.0,april,2024-25,24.8,20.3,62.0,14.8,72.8,4.8,3.95,30.3,0.2,0.0,1.2,7.0,19.3,25.5,,,17.4,7.4,4.1,9.1,3.8,54.2,58.5,41.5,58.5,45.05494505494505,34.6,6-5,215.0,77
1628389,Bam Adebayo,MIA,5,32.8,23.8,8.4,4.6,9.0,18.6,2.6,4.6,3.2,3.8,april,2024-25,27.6,22.1,58.7,16.3,59.8,2.8,2.79,37.6,4.0,1.6,4.0,8.0,20.2,,9.1,11.3,30.1,,7.1,2.4,6.5,81.8,31.1,68.9,31.1,24.73118279569892,32.8,6-9,255.0,81
1630559,Austin Reaves,LAL,6,36.6,23.2,4.5,4.7,7.3,14.2,4.5,8.5,4.0,5.0,april,2024-25,21.9,17.9,70.8,12.2,83.0,5.1,3.71,34.0,1.0,0.2,1.5,13.5,15.8,35.6,,,14.0,5.6,,5.6,,65.8,52.3,47.7,52.3,59.859154929577464,36.6,6-5,197.0,77
201942,DeMar DeRozan,SAC,7,35.9,23.1,3.7,5.3,8.3,19.3,0.9,4.3,5.7,7.3,april,2024-25,28.7,21.9,51.4,10.4,60.6,5.0,4.95,36.1,1.1,3.6,1.3,19.9,10.0,17.6,1.7,12.0,19.1,6.1,3.9,4.6,1.7,60.0,69.0,31.0,69.0,22.279792746113987,35.9,6-6,220.0,78
1628384,OG Anunoby,NYK,6,35.7,22.3,5.5,3.0,8.2,16.3,2.8,7.2,3.2,4.3,april,2024-25,24.7,12.9,61.2,12.2,53.7,2.2,2.43,35.5,0.8,1.0,2.7,5.9,22.4,5.9,3.0,2.8,38.2,4.8,5.3,3.4,4.4,66.7,38.8,61.2,38.8,44.171779141104295,35.7,6-7,240.0,79
1629632,Coby White,CHI,6,31.1,22.0,4.7,5.0,7.2,13.2,2.0,5.0,5.7,5.8,april,2024-25,24.0,22.1,69.9,14.5,56.3,4.1,4.41,22.0,0.3,0.2,0.2,7.7,29.3,29.6,,,20.9,3.1,,2.6,,62.5,55.8,44.2,55.8,37.878787878787875,31.1,6-5,195.0,77
1629656,Quentin Grimes,PHI,6,35.5,22.0,6.0,5.7,7.2,18.0,2.8,9.0,4.8,6.2,april,2024-25,27.5,25.6,53.1,11.3,74.5,4.3,3.45,41.8,0.5,0.0,1.5,10.4,22.2,10.8,,,37.6,2.4,2.8,6.8,2.0,81.3,51.2,48.8,51.2,50.0,35.5,6-4,210.0,76
203932,Aaron Gordon,DEN,6,36.1,20.3,4.7,4.2,7.3,13.3,1.3,4.3,4.3,5.0,april,2024-25,21.4,15.2,65.5,10.9,50.2,2.6,3.09,30.3,2.0,2.0,7.7,16.0,13.0,10.4,5.9,11.2,15.4,,13.0,,5.3,67.9,34.1,65.9,34.1,32.33082706766917,36.1,6-8,235.0,80
202710,Jimmy Butler III,GSW,8,34.4,20.3,3.8,5.0,5.8,10.0,0.9,1.8,7.9,8.5,april,2024-25,18.1,22.9,73.7,16.4,61.6,3.4,3.29,38.8,2.8,1.6,6.9,17.7,17.2,13.1,2.7,6.1,14.0,1.7,12.1,2.4,7.9,76.9,37.0,63.0,37.0,18.0,34.4,6-7,230.0,79
1627734,Domantas Sabonis,SAC,7,34.1,20.0,13.0,6.3,8.1,13.1,1.0,1.9,2.7,2.9,april,2024-25,21.6,28.0,69.4,18.4,78.7,3.2,2.42,54.0,7.7,1.3,9.7,,9.0,,28.5,13.1,9.0,,14.9,,10.9,66.7,40.4,59.6,40.4,14.50381679389313,34.1,6-10,240.0,82
1627826,Ivica Zubac,LAC,7,34.3,19.9,13.1,4.0,8.9,12.7,0.0,0.0,2.1,2.6,april,2024-25,19.7,15.9,71.7,19.0,56.3,1.6,1.7,33.3,7.0,6.0,12.0,,5.5,,18.4,28.3,,,20.1,,20.3,53.7,29.0,71.0,29.0,0.0,34.3,7-0,240.0,84
1629636,Darius Garland,CLE,5,31.9,19.8,2.6,7.6,7.6,15.6,2.6,7.0,2.0,2.6,april,2024-25,25.8,33.9,59.1,12.6,64.4,5.4,5.05,21.8,0.2,0.0,0.8,6.7,16.2,41.8,,,17.1,5.4,3.1,2.9,,75.0,71.1,28.9,71.1,44.871794871794876,31.9,6-1,192.0,73
1628991,Jaren Jackson Jr.,MEM,6,33.9,19.5,4.8,1.3,6.7,16.5,2.2,6.7,4.0,4.7,april,2024-25,24.1,5.8,52.6,6.8,43.2,2.0,2.77,29.5,0.7,4.2,2.0,11.1,15.3,2.1,9.7,19.8,26.4,1.5,3.4,,3.9,50.0,45.0,55.0,45.0,40.60606060606061,33.9,6-10,242.0,82
203497,Rudy Gobert,MIN,7,36.2,19.4,13.6,1.6,7.9,10.6,0.0,0.0,3.7,6.0,april,2024-25,16.2,6.4,73.5,16.9,45.9,1.0,1.29,24.4,3.0,0.9,11.4,,12.6,,16.7,,,,28.5,,26.9,54.2,41.8,58.2,41.8,0.0,36.2,7-1,258.0,85
1642264,Stephon Castle,SAS,8,33.3,18.9,6.9,7.5,6.4,14.0,1.3,4.3,4.9,6.3,april,2024-25,25.7,35.1,56.3,12.1,67.4,5.4,4.79,25.6,0.8,0.3,2.1,8.4,22.1,28.3,,,20.5,3.7,3.2,2.3,4.0,61.4,58.8,41.2,58.8,30.71428571428571,33.3,6-6,215.0,78
1631128,Christian Braun,DEN,6,38.7,18.7,6.7,4.2,7.5,11.7,1.5,3.5,2.2,2.5,april,2024-25,15.5,13.6,73.1,11.7,54.8,2.4,2.61,30.2,2.0,0.5,3.7,,33.3,,7.1,,20.6,7.8,11.3,,7.1,61.5,22.2,77.8,22.2,29.914529914529915,38.7,6-6,220.0,78
202696,Nikola Vučević,CHI,6,28.6,18.7,10.7,4.8,7.8,14.3,1.5,3.2,1.5,1.8,april,2024-25,23.8,22.7,61.6,16.3,69.5,1.6,1.35,53.0,5.2,3.3,9.7,,12.5,,28.8,16.1,15.2,,10.0,3.6,7.6,48.5,21.3,78.7,21.3,22.377622377622377,28.6,6-10,260.0,82
1641774,Tristan Vukcevic,WAS,5,25.0,18.6,5.8,2.0,6.4,11.8,2.2,4.0,3.6,4.6,april,2024-25,27.9,15.9,67.3,14.5,41.2,1.3,1.9,31.2,4.8,0.4,3.4,,11.3,,28.4,,22.7,,10.3,,5.7,65.6,15.6,84.4,15.6,33.89830508474576,25.0,7-0,220.0,84
1630169,Tyrese Haliburton,IND,5,32.8,18.6,3.8,10.2,6.4,12.6,2.8,7.2,3.0,4.2,april,2024-25,19.7,43.6,64.4,16.3,94.4,6.1,3.87,37.2,0.0,0.0,0.4,,,,,,,,,,,43.6,59.4,40.6,59.4,57.14285714285715,32.8,6-5,185.0,77
203084,Harrison Barnes,SAS,8,29.9,18.5,4.4,1.3,6.1,10.5,3.4,6.3,2.9,3.0,april,2024-25,18.5,6.2,78.3,13.7,41.8,1.4,2.07,22.6,1.4,1.5,1.0,8.0,18.8,3.3,5.0,2.5,43.8,4.8,,4.8,,66.7,22.4,77.6,22.4,60.0,29.9,6-8,225.0,80
1629022,Lonnie Walker IV,PHI,7,30.9,18.4,3.7,3.0,6.6,14.7,3.3,9.0,2.0,2.6,april,2024-25,23.3,16.0,58.2,10.1,53.9,3.6,4.06,29.4,0.1,0.0,0.1,,,,,,,,,,,62.1,39.1,60.9,39.1,61.224489795918366,30.9,6-4,204.0,76
1630567,Scottie Barnes,TOR,5,27.8,18.4,7.4,5.0,8.0,17.0,1.2,3.4,1.2,2.6,april,2024-25,29.0,28.7,50.7,13.3,57.8,3.7,3.81,26.6,3.4,3.2,4.0,7.9,21.7,13.1,5.7,10.7,19.7,2.2,9.3,1.5,5.0,61.3,57.5,42.5,57.5,20.0,27.8,6-7,237.0,79
1630596,Evan Mobley,CLE,5,32.9,18.2,9.4,4.4,6.4,13.2,1.8,5.0,3.6,5.4,april,2024-25,22.7,18.6,58.4,13.4,60.2,2.4,2.4,31.4,3.0,0.6,6.4,4.7,16.0,9.5,14.3,8.0,17.9,1.6,13.8,2.7,6.5,62.5,25.0,75.0,25.0,37.878787878787875,32.9,6-11,215.0,83
1641718,Keyonte George,UTA,6,34.4,18.0,4.2,4.5,5.8,15.3,3.0,8.7,3.3,3.7,april,2024-25,23.6,18.9,53.1,7.4,73.5,6.6,5.36,27.2,0.3,0.0,0.3,12.3,14.8,29.3,1.4,,13.8,9.7,4.5,5.8,,77.8,57.1,42.9,57.1,56.86274509803921,34.4,6-4,185.0,76
1631096,Chet Holmgren,OKC,5,28.7,17.6,6.4,2.4,5.4,10.8,2.0,4.2,4.8,5.4,april,2024-25,20.5,10.3,66.8,12.7,46.6,1.6,2.05,23.0,1.6,0.6,3.2,7.8,16.0,2.8,14.1,6.5,19.7,,13.4,4.3,9.6,48.7,22.2,77.8,22.2,38.88888888888889,28.7,7-1,208.0,85
1630631,Jose Alvarado,NOP,5,26.9,17.6,2.6,4.6,6.2,15.6,2.6,8.0,2.6,3.2,april,2024-25,31.5,30.7,51.7,8.9,62.4,5.1,4.92,28.0,0.4,0.0,1.0,4.2,20.0,27.3,,,30.0,3.8,3.8,,,90.9,67.7,32.3,67.7,51.28205128205129,26.9,6-0,179.0,72
1642267,Bub Carrington,WAS,7,37.8,17.6,4.9,7.1,6.6,15.0,3.1,8.0,1.3,1.7,april,2024-25,20.5,28.7,55.8,9.9,89.4,6.5,4.35,38.9,0.3,0.1,0.7,4.8,20.0,33.6,,,21.0,8.2,,2.1,,65.7,58.7,41.3,58.7,53.333333333333336,37.8,6-4,190.0,76
203944,Julius Randle,MIN,7,34.5,17.6,7.6,4.9,7.0,13.7,2.6,5.7,1.0,1.6,april,2024-25,21.8,20.6,61.0,11.4,64.1,3.4,3.2,40.1,1.6,2.6,2.4,15.8,16.5,9.4,7.3,10.1,21.1,2.4,5.0,3.2,5.4,70.8,46.9,53.1,46.9,41.6058394160584,34.5,6-9,250.0,81
1641764,Brandin Podziemski,GSW,8,32.3,17.4,6.1,4.0,6.5,12.9,3.1,6.5,1.3,1.5,april,2024-25,20.1,21.1,64.2,13.6,64.5,3.6,3.39,31.6,1.3,0.0,2.0,6.1,17.2,25.1,2.4,,30.7,4.2,3.4,3.6,,66.7,26.9,73.1,26.9,50.3875968992248,32.3,6-4,205.0,76
1641729,Brice Sensabaugh,UTA,6,32.4,17.2,5.5,3.0,5.3,13.5,4.2,9.8,2.3,2.7,april,2024-25,20.6,12.9,58.5,8.3,46.0,1.8,2.29,27.3,0.3,0.2,0.8,2.8,22.0,10.7,2.6,,28.1,9.4,4.1,12.4,3.5,64.9,21.9,78.1,21.9,72.5925925925926,32.4,6-5,235.0,77
1629631,De'Andre Hunter,CLE,5,27.0,17.0,5.0,1.8,6.6,14.0,2.8,7.0,1.0,1.6,april,2024-25,24.0,8.9,57.8,11.2,40.4,1.6,2.4,19.0,0.8,0.4,1.0,7.5,18.2,13.3,2.6,,29.0,9.5,6.2,6.0,2.6,37.5,21.2,78.8,21.2,50.0,27.0,6-8,221.0,80
1629008,Michael Porter Jr.,DEN,5,34.7,17.0,7.8,1.6,6.4,12.6,2.2,6.4,2.0,2.4,april,2024-25,18.7,6.3,62.2,9.4,46.4,1.6,2.03,28.6,1.6,0.0,4.0,6.9,13.2,5.7,2.7,2.5,21.5,16.9,8.5,13.1,4.9,55.6,18.8,81.3,18.8,50.793650793650805,34.7,6-10,218.0,82
1630202,Payton Pritchard,BOS,7,29.7,17.0,4.3,5.0,7.0,13.0,2.4,6.7,0.6,0.6,april,2024-25,22.6,28.0,64.1,15.6,58.0,4.6,4.78,23.4,0.6,0.0,1.3,12.8,16.2,25.6,1.9,,26.2,6.4,,5.1,1.8,61.9,46.9,53.1,46.9,51.53846153846155,29.7,6-1,195.0,73
1629645,Kevin Porter Jr.,MIL,7,26.8,16.9,5.6,5.1,5.9,11.1,1.1,2.9,4.0,4.9,april,2024-25,23.0,28.8,63.5,16.7,58.1,4.6,4.71,20.0,0.6,0.0,1.6,9.8,13.6,45.2,,2.4,16.0,5.5,,,,69.0,58.5,41.5,58.5,26.126126126126124,26.8,6-4,203.0,76
1626167,Myles Turner,IND,6,27.7,16.8,6.2,1.2,5.7,11.5,2.2,6.2,3.3,4.5,april,2024-25,22.9,6.4,62.4,11.9,38.0,0.8,1.32,30.0,2.3,1.2,5.5,,7.7,,17.7,7.3,42.3,,7.1,,6.0,48.9,5.9,94.1,5.9,53.91304347826087,27.7,6-11,250.0,83
1641810,Antonio Reeves,NOP,7,33.3,16.6,2.9,1.7,6.0,13.6,2.3,6.7,2.3,2.9,april,2024-25,19.8,7.7,55.9,6.7,42.0,1.5,2.08,28.6,0.7,0.0,1.0,,,,,,,,,,,63.6,16.7,83.3,16.7,49.26470588235294,33.3,6-5,205.0,77
1630551,Justin Champagnie,WAS,7,34.5,16.3,9.7,1.1,6.7,11.6,2.1,5.1,0.7,1.4,april,2024-25,17.3,4.9,66.7,12.1,52.6,1.5,1.68,28.9,0.4,0.0,4.4,,21.4,3.7,6.3,,26.2,,12.5,,19.6,53.7,29.8,70.2,29.8,43.96551724137931,34.5,6-6,206.0,78
1630168,Onyeka Okongwu,ATL,7,34.3,16.1,10.6,2.4,5.9,10.9,1.1,3.7,3.3,4.1,april,2024-25,17.9,9.4,63.7,10.9,46.9,1.1,1.37,26.0,3.6,1.1,8.7,1.6,15.5,2.1,11.6,6.9,28.0,3.2,11.2,3.4,7.5,64.0,12.2,87.8,12.2,33.94495412844037,34.3,6-10,240.0,82
1630625,Dalano Banton,POR,7,33.2,16.0,3.7,4.7,5.9,17.4,1.7,7.7,2.6,3.4,april,2024-25,25.5,20.8,42.2,5.7,87.9,5.8,3.96,39.9,0.6,0.0,1.4,,,,,,,,,,,71.8,48.8,51.2,48.8,44.2528735632184,33.2,6-8,203.0,80
1628401,Derrick White,BOS,5,33.3,16.0,5.0,6.6,5.8,11.6,3.6,8.6,0.8,1.0,april,2024-25,20.1,28.0,66.4,12.0,71.0,4.9,4.13,29.6,1.0,0.0,2.2,4.7,10.8,35.1,1.6,,25.9,9.5,1.3,5.1,1.7,76.5,31.0,69.0,31.0,74.13793103448276,33.3,6-4,190.0,76
1627736,Malik Beasley,DET,7,28.5,15.9,1.6,1.1,5.6,14.9,3.9,10.7,0.9,1.3,april,2024-25,22.6,5.9,51.4,6.4,33.7,1.1,1.98,27.7,0.3,0.0,0.6,,,,,,,,,,,56.3,10.3,89.7,10.3,71.81208053691275,28.5,6-4,187.0,76
1630598,Aaron Wiggins,OKC,6,26.1,15.8,5.2,2.5,5.7,12.3,1.7,5.2,2.8,3.3,april,2024-25,24.5,13.4,57.4,11.8,37.3,2.1,3.31,17.3,0.2,0.0,1.3,6.3,22.9,8.6,,,44.9,,3.3,4.0,,78.6,50.0,50.0,50.0,42.27642276422764,26.1,6-5,190.0,77
203994,Jusuf Nurkić,CHA,6,22.3,15.5,6.7,2.7,6.5,11.7,0.7,2.3,1.8,3.0,april,2024-25,30.0,25.8,59.7,14.3,41.2,1.7,2.49,31.8,2.2,3.3,4.7,,6.9,,22.4,10.4,11.8,,17.3,,13.6,45.0,35.9,64.1,35.9,19.65811965811966,22.3,7-0,290.0,84
1641737,Adem Bona,PHI,7,31.6,15.4,8.4,0.9,6.4,8.9,0.0,0.1,2.6,4.3,april,2024-25,17.3,4.5,71.8,11.4,40.1,1.1,1.63,22.3,2.6,0.9,9.9,,10.8,,8.5,,,,21.5,,30.8,50.0,26.7,73.3,26.7,1.1235955056179776,31.6,6-10,235.0,82
1627747,Caris LeVert,ATL,7,25.5,15.3,4.0,3.3,5.3,11.1,1.6,4.4,3.1,4.3,april,2024-25,22.1,18.9,58.7,10.6,37.6,1.9,3.04,23.3,0.9,0.0,1.4,6.2,19.0,24.0,,,26.9,4.5,6.6,5.0,,65.0,35.1,64.9,35.1,39.63963963963965,25.5,6-6,205.0,78
1630224,Jalen Green,HOU,6,25.2,15.2,2.8,3.3,5.3,13.7,2.0,5.2,2.5,3.3,april,2024-25,27.4,17.7,50.1,8.1,53.3,4.7,5.3,21.5,0.2,0.0,0.7,,,,,,,,,,,69.6,56.3,43.8,56.3,37.956204379562045,25.2,6-4,186.0,76
201572,Brook Lopez,MIL,7,29.9,14.9,5.1,1.9,6.0,10.9,1.6,4.0,1.3,1.6,april,2024-25,19.7,8.7,64.3,9.5,42.7,1.1,1.58,28.3,2.0,2.4,5.9,,6.5,,32.8,9.5,32.1,,,,,61.4,11.9,88.1,11.9,36.69724770642201,29.9,7-1,282.0,85
1630570,Trendon Watford,BKN,6,26.2,14.8,5.5,4.2,5.2,9.8,0.7,1.5,3.8,4.8,april,2024-25,24.4,24.8,62.0,12.2,60.5,3.6,3.55,30.8,0.8,2.0,2.3,7.8,20.2,,,,24.8,,,,,66.7,61.3,38.7,61.3,15.30612244897959,26.2,6-8,237.0,80
1631097,Bennedict Mathurin,IND,5,27.1,14.8,4.6,2.4,4.0,11.4,0.6,3.6,6.2,8.0,april,2024-25,24.8,12.0,49.6,7.8,47.2,1.9,2.4,29.4,0.6,0.2,2.4,9.0,22.3,27.0,,,17.2,5.2,7.6,5.7,,72.7,25.0,75.0,25.0,31.57894736842105,27.1,6-5,210.0,77
1630170,Devin Vassell,SAS,5,30.8,14.8,4.2,2.0,5.6,12.8,2.8,7.6,0.8,1.2,april,2024-25,21.5,9.3,55.5,8.0,44.2,2.0,2.78,23.6,0.6,0.0,0.4,2.7,22.2,11.5,,,35.3,10.7,,11.8,,60.0,39.3,60.7,39.3,59.374999999999986,30.8,6-5,200.0,77
1630700,Dyson Daniels,ATL,7,33.0,14.7,6.9,4.7,6.6,11.6,0.9,2.4,0.7,1.4,april,2024-25,18.5,19.4,60.3,11.8,65.9,3.2,2.94,27.0,1.0,0.0,3.3,5.6,23.3,13.2,3.2,,18.5,5.8,15.9,,7.8,48.9,34.8,65.2,34.8,20.689655172413794,33.0,6-7,199.0,79
1631288,Jamal Cain,NOP,7,25.1,14.7,4.1,0.9,5.3,10.9,1.7,4.7,2.4,3.4,april,2024-25,22.6,5.6,59.5,9.5,31.3,1.3,2.53,19.3,0.4,0.0,0.7,,,,,,,,,,,56.5,32.4,67.6,32.4,43.11926605504588,25.1,6-6,191.0,78
1626181,Norman Powell,LAC,6,35.1,14.3,2.0,1.2,5.3,13.0,1.7,5.2,2.0,3.0,april,2024-25,20.2,4.0,50.0,4.1,39.2,1.9,2.95,24.5,0.8,0.0,0.5,10.9,24.6,11.3,,,32.5,3.8,1.5,10.9,,81.8,37.5,62.5,37.5,40.0,35.1,6-4,215.0,76
1641739,Toumani Camara,POR,6,29.5,14.3,5.2,2.5,5.5,12.0,2.3,6.3,1.0,1.3,april,2024-25,17.5,12.1,56.9,10.5,54.5,2.2,2.43,29.8,1.5,0.0,2.3,6.3,20.3,4.4,5.4,,40.5,2.6,9.1,,4.7,59.3,24.2,75.8,24.2,52.5,29.5,6-7,229.0,79
1630215,Jared Butler,PHI,7,28.0,14.3,2.6,5.6,5.4,13.0,1.9,5.7,1.6,1.7,april,2024-25,24.0,31.0,51.9,9.7,56.6,4.4,4.64,26.7,0.4,0.0,0.7,,,,,,,,,,,65.5,44.7,55.3,44.7,43.84615384615385,28.0,6-3,193.0,75
1628989,Kevin Huerter,CHI,6,30.1,14.2,2.5,3.3,5.5,10.5,3.0,6.3,0.2,0.3,april,2024-25,15.5,13.5,66.5,8.1,44.0,1.6,2.14,27.2,0.7,0.0,1.3,,22.8,11.3,,,36.6,6.3,8.2,4.0,3.3,65.2,12.1,87.9,12.1,60.0,30.1,6-7,198.0,79
201566,Russell Westbrook,DEN,7,26.8,14.1,4.7,4.7,4.9,12.0,0.9,4.0,3.6,4.4,april,2024-25,26.1,26.4,50.7,10.0,58.6,4.6,4.71,24.3,1.0,0.6,1.6,13.4,18.3,25.8,,5.1,26.7,,2.2,,2.8,57.1,61.8,38.2,61.8,33.33333333333333,26.8,6-4,200.0,76
1628398,Kyle Kuzma,MIL,8,26.5,14.1,3.0,2.3,5.6,10.3,2.0,4.5,0.9,1.8,april,2024-25,22.3,11.3,64.1,7.7,34.8,1.5,2.51,24.1,0.6,0.1,1.5,5.1,27.3,5.3,8.7,2.8,27.5,4.1,8.5,,4.9,54.5,31.1,68.9,31.1,43.689320388349515,26.5,6-9,221.0,81
1630174,Aaron Nesmith,IND,6,24.9,14.0,4.7,0.7,4.8,9.3,2.2,4.5,2.2,2.5,april,2024-25,19.0,3.9,67.1,11.1,42.7,1.1,1.55,25.0,0.2,0.0,1.3,,19.9,10.4,6.6,,30.9,5.5,,13.7,4.1,57.7,17.2,82.8,17.2,48.387096774193544,24.9,6-6,215.0,78
203078,Bradley Beal,PHX,5,31.5,14.0,2.6,4.2,5.4,12.8,2.0,6.2,1.2,1.8,april,2024-25,20.7,19.4,51.5,7.5,61.2,3.2,3.14,34.0,0.6,0.0,0.4,,,21.3,,,24.6,,,,,55.6,44.4,55.6,44.4,48.4375,31.5,6-4,207.0,76
1630577,Julian Champagnie,SAS,8,28.3,14.0,4.4,1.4,4.8,10.3,3.3,7.0,1.3,1.4,april,2024-25,17.3,7.3,64.5,9.3,35.9,1.0,1.72,19.5,0.3,0.0,1.5,,23.0,,5.3,,43.3,6.5,3.1,9.3,4.3,60.5,5.3,94.7,5.3,67.96116504854368,28.3,6-7,217.0,79
1642271,Kyle Filipowski,UTA,6,28.9,14.0,10.5,2.3,5.8,13.7,0.8,5.2,1.5,2.0,april,2024-25,23.0,12.2,48.1,9.1,49.7,1.8,2.2,26.2,1.7,0.2,5.8,,16.6,3.1,8.0,4.8,32.5,2.7,10.8,4.3,9.9,75.9,34.3,65.7,34.3,37.956204379562045,28.9,6-11,250.0,83
1628969,Mikal Bridges,NYK,8,31.4,14.0,2.6,4.4,5.6,10.9,1.3,3.3,1.5,1.6,april,2024-25,18.2,20.0,60.4,9.2,55.5,2.6,2.79,37.4,1.3,0.6,3.1,2.3,25.3,9.1,3.4,2.3,36.2,6.3,5.0,4.8,2.7,65.7,13.3,86.7,13.3,30.27522935779816,31.4,6-6,209.0,78
1628960,Grayson Allen,PHX,7,24.3,13.9,3.4,2.6,4.9,10.4,2.4,6.1,1.7,2.0,april,2024-25,23.0,15.9,61.3,9.4,43.3,1.8,2.47,29.1,0.1,0.0,0.6,2.8,17.5,24.2,4.0,,33.8,5.4,,7.0,,65.2,32.4,67.6,32.4,58.653846153846146,24.3,6-4,198.0,76
1642258,Zaccharie Risacher,ATL,8,23.0,13.8,2.8,1.1,5.5,10.9,1.9,4.8,0.9,1.4,april,2024-25,22.1,6.9,59.9,7.7,27.4,0.9,1.93,17.8,0.5,0.0,2.1,,35.0,4.0,,,29.9,6.7,8.9,5.9,5.4,56.8,20.5,79.5,20.5,44.03669724770642,23.0,6-8,200.0,80
1630548,Johnny Juzang,UTA,6,31.0,13.7,3.3,1.5,4.8,12.7,3.3,8.5,0.7,0.7,april,2024-25,18.0,7.6,52.7,5.4,42.5,1.5,2.13,24.5,0.3,0.0,1.0,,,,,,,,,,,54.3,20.7,79.3,20.7,66.92913385826772,31.0,6-5,226.0,77
1631255,Karlo Matković,NOP,5,22.5,13.6,6.0,1.2,6.0,9.8,1.0,3.2,0.6,1.0,april,2024-25,21.1,8.7,66.4,13.3,35.2,0.8,1.43,23.2,3.0,0.8,5.4,,19.0,,21.2,,19.0,,16.8,,11.7,48.0,20.0,80.0,20.0,32.6530612244898,22.5,6-10,231.0,82
1641824,Matas Buzelis,CHI,7,27.7,13.4,5.3,1.7,4.9,8.9,2.0,4.0,1.7,2.7,april,2024-25,18.0,7.8,66.8,9.7,45.6,1.9,2.44,23.7,0.9,0.1,2.1,4.1,27.9,19.6,1.6,,29.8,2.6,6.5,,3.6,46.7,20.6,79.4,20.6,44.9438202247191,27.7,6-10,209.0,82
1626192,Pat Connaughton,MIL,5,19.1,13.4,3.2,2.0,5.2,9.2,1.2,3.2,1.8,2.4,april,2024-25,24.1,17.5,65.3,13.9,35.4,1.5,2.6,22.2,0.0,0.0,0.8,,,,,,,,,,,78.6,38.5,61.5,38.5,34.78260869565218,19.1,6-5,209.0,77
1629659,Talen Horton-Tucker,CHI,7,22.0,13.3,2.0,2.4,4.1,8.3,0.7,3.1,4.3,5.1,april,2024-25,21.5,16.0,63.0,11.2,43.1,2.6,3.59,20.4,0.3,0.0,0.3,,,,,,,,,,,70.6,62.1,37.9,62.1,37.34939759036144,22.0,6-4,234.0,76
203501,Tim Hardaway Jr.,DET,7,29.8,13.3,2.0,1.6,4.4,10.6,2.9,7.4,1.6,1.6,april,2024-25,16.3,7.1,59.0,7.1,29.1,1.0,2.09,18.4,0.0,0.1,0.0,2.2,21.3,5.7,3.2,,32.4,12.1,2.8,15.8,,63.6,19.4,80.6,19.4,69.81132075471699,29.8,6-5,205.0,77
1630590,Scotty Pippen Jr.,MEM,6,27.7,13.2,2.3,4.2,4.5,9.2,1.7,3.0,2.5,3.7,april,2024-25,19.1,24.0,61.1,8.1,53.5,3.5,3.9,23.5,0.7,0.0,1.2,,,,,,,,,,,64.7,25.9,74.1,25.9,32.608695652173914,27.7,6-1,170.0,73
1631232,Keion Brooks Jr.,NOP,7,30.0,13.0,5.1,0.9,4.7,10.3,1.1,4.1,2.4,3.1,april,2024-25,17.4,4.3,55.7,7.4,41.3,1.4,1.99,22.4,1.1,0.0,2.4,,,,,,,,,,,72.7,24.2,75.8,24.2,39.80582524271844,30.0,6-7,210.0,79
1630553,Keon Johnson,BKN,5,24.7,13.0,5.0,4.2,4.2,8.4,1.8,4.8,2.8,3.6,april,2024-25,23.0,29.2,65.1,12.3,48.4,2.9,3.6,21.6,0.6,0.0,0.8,,,,,,,,,,,71.4,19.0,81.0,19.0,57.14285714285714,24.7,6-5,185.0,77
1630230,Naji Marshall,DAL,6,32.8,13.0,2.8,4.7,4.8,9.8,0.7,2.8,2.7,3.3,april,2024-25,17.4,22.4,57.5,8.5,51.2,2.9,3.36,25.2,1.2,0.0,1.0,5.6,31.6,10.9,3.9,,29.1,,6.0,2.4,2.4,60.0,44.8,55.2,44.8,28.57142857142857,32.8,6-6,220.0,78
1642259,Alex Sarr,WAS,7,27.1,12.9,5.9,3.6,5.1,13.4,1.1,5.1,1.4,1.6,april,2024-25,26.8,18.9,45.5,8.3,54.0,2.0,2.18,37.7,5.6,0.7,4.6,5.3,10.0,,22.6,8.3,21.6,,15.0,,10.5,62.2,33.3,66.7,33.3,38.059701492537314,27.1,7-0,205.0,84
1630639,A.J. Lawson,TOR,7,22.4,12.6,4.1,2.1,4.1,8.0,1.3,3.6,3.0,4.1,april,2024-25,19.4,12.9,64.0,10.8,39.1,1.6,2.49,16.9,0.9,0.0,1.9,,,,,,,,,,,72.4,41.4,58.6,41.4,45.0,22.4,6-6,179.0,78
1630558,Davion Mitchell,MIA,7,31.8,12.6,3.3,6.7,4.7,9.3,1.4,3.6,1.7,2.1,april,2024-25,15.6,28.7,61.5,11.5,66.0,5.3,4.79,25.1,0.3,0.0,0.1,28.6,19.3,8.1,,,35.6,,,,,81.0,66.7,33.3,66.7,38.70967741935484,31.8,6-0,202.0,72
1641709,Ausar Thompson,DET,6,28.3,12.5,6.8,3.2,4.8,9.8,0.2,0.8,2.7,3.3,april,2024-25,17.8,14.8,55.3,12.0,41.5,1.9,2.68,18.7,0.8,0.2,5.8,7.7,23.0,10.0,5.6,,16.0,,15.3,2.3,10.0,52.0,51.7,48.3,51.7,8.16326530612245,28.3,6-6,205.0,78
1629013,Landry Shamet,NYK,8,23.3,12.3,2.0,0.6,4.1,8.5,3.4,7.0,0.6,0.6,april,2024-25,17.4,4.3,69.8,10.7,27.1,0.9,1.94,18.9,0.6,0.0,0.5,,22.7,,,,51.6,10.2,,,,86.7,6.1,93.9,6.1,82.35294117647058,23.3,6-4,190.0,76
203552,Seth Curry,CHA,5,21.8,12.2,2.6,1.2,4.4,6.6,2.0,3.4,1.4,1.6,april,2024-25,15.8,9.5,83.5,13.0,34.0,2.1,3.7,19.0,0.0,0.0,0.0,,,,,,,,,,,77.8,50.0,50.0,50.0,51.515151515151516,21.8,6-1,185.0,73
1631105,Jalen Duren,DET,6,27.1,12.2,11.7,4.0,5.0,7.7,0.0,0.0,2.2,3.7,april,2024-25,17.0,19.8,65.6,14.8,54.8,1.9,2.11,26.5,5.8,0.7,7.3,8.9,12.2,3.2,14.9,8.7,6.8,,20.0,,16.4,74.2,40.0,60.0,40.0,0.0,27.1,6-10,250.0,82
1628978,Donte DiVincenzo,MIN,6,23.9,12.0,2.8,2.5,4.5,9.5,3.0,6.8,0.0,0.2,april,2024-25,21.8,15.3,62.7,8.1,46.2,2.0,2.6,28.0,0.0,0.0,0.3,1.9,18.5,11.6,,,33.0,10.8,,14.6,3.0,63.6,14.8,85.2,14.8,71.57894736842105,23.9,6-4,203.0,76
1629130,Duncan Robinson,MIA,6,20.8,12.0,2.0,1.3,4.2,8.8,3.2,6.8,0.5,0.5,april,2024-25,19.1,8.9,66.3,9.9,29.0,0.8,1.76,22.7,0.2,0.0,0.5,,18.5,7.9,4.3,,31.2,11.7,,18.8,,71.4,12.0,88.0,12.0,77.27272727272727,20.8,6-7,215.0,79
1629640,Keldon Johnson,SAS,6,23.8,12.0,6.5,2.0,5.2,11.2,0.5,3.3,1.2,1.8,april,2024-25,23.6,13.5,50.1,10.6,39.2,2.1,3.24,18.2,0.7,0.2,3.2,3.9,20.0,2.8,,4.4,32.0,7.4,9.2,,10.9,56.0,54.8,45.2,54.8,29.464285714285715,23.8,6-5,220.0,77
1629018,Gary Trent Jr.,MIL,7,26.7,11.9,1.9,1.7,3.9,9.3,2.6,6.4,1.6,2.1,april,2024-25,16.6,8.3,58.0,7.6,24.9,0.9,2.11,18.9,0.4,0.0,0.6,,18.3,6.4,,,48.6,9.0,,6.8,,83.3,18.5,81.5,18.5,68.81720430107526,26.7,6-5,204.0,77
1631108,Max Christie,DAL,6,29.7,11.8,4.2,1.7,4.2,9.8,1.3,4.5,2.2,2.5,april,2024-25,18.4,8.3,54.1,8.0,43.8,2.3,3.2,24.2,0.3,0.0,0.7,5.7,24.2,13.7,4.7,,33.9,4.0,2.6,5.7,,50.0,32.0,68.0,32.0,45.91836734693877,29.7,6-5,190.0,77
1629675,Naz Reid,MIN,6,25.7,11.8,5.3,2.2,4.7,10.0,1.0,4.5,1.5,1.7,april,2024-25,20.9,11.8,55.1,8.9,46.2,1.4,1.77,28.0,1.7,1.5,1.8,3.8,17.2,4.8,9.1,8.1,30.7,4.7,3.6,8.4,4.3,50.0,39.3,60.7,39.3,45.0,25.7,6-9,264.0,81
1631166,Drew Timme,BKN,6,30.0,11.7,7.7,2.5,4.7,12.3,1.2,4.3,1.2,2.0,april,2024-25,21.0,13.9,44.1,7.5,53.5,1.6,1.82,38.2,3.7,1.2,4.5,,,,,,,,,,,73.1,17.9,82.1,17.9,34.95934959349593,30.0,6-10,235.0,82
1642419,Jamison Battle,TOR,7,29.1,11.6,4.1,1.6,4.3,9.4,3.0,7.0,0.0,0.0,april,2024-25,14.8,7.3,61.4,6.7,35.9,0.9,1.53,24.0,0.4,0.0,0.9,,,,,,,,,,,61.8,10.0,90.0,10.0,74.46808510638297,29.1,6-7,220.0,79
1642276,Kel'el Ware,MIA,7,27.4,11.6,9.3,1.0,5.0,9.9,0.4,1.4,1.1,1.7,april,2024-25,17.2,4.8,54.5,10.5,40.3,1.0,1.44,21.4,2.9,0.6,7.3,,16.8,,5.0,4.5,25.3,,18.5,,22.6,55.3,22.9,77.1,22.9,14.14141414141414,27.4,7-0,230.0,84
1630573,Sam Hauser,BOS,7,24.6,11.6,4.0,0.6,4.1,8.7,2.9,6.4,0.4,0.4,april,2024-25,16.7,3.5,65.0,10.4,32.4,0.9,1.71,17.0,0.6,0.0,1.0,,20.5,4.3,8.2,,34.1,9.4,,14.2,3.7,59.3,10.3,89.7,10.3,73.56321839080461,24.6,6-7,217.0,79
1641715,Cam Whitmore,HOU,6,16.7,11.5,3.0,1.2,4.3,7.2,1.8,3.3,1.0,1.2,april,2024-25,23.1,9.6,74.9,12.3,22.3,1.5,4.03,9.0,0.8,0.0,1.2,6.7,34.8,14.0,,,19.1,,6.7,,6.2,50.0,46.2,53.8,46.2,45.83333333333333,16.7,6-7,230.0,79
1628404,Josh Hart,NYK,6,36.8,11.5,8.3,6.3,4.5,10.0,1.2,3.3,1.3,1.8,april,2024-25,15.7,24.8,53.2,10.6,71.7,3.3,2.73,34.5,1.3,0.0,4.5,,21.0,10.3,,,45.6,4.0,4.6,,,76.9,25.9,74.1,25.9,32.99999999999999,36.8,6-4,215.0,76
1629655,Daniel Gafford,DAL,5,18.4,11.4,6.2,1.0,4.6,6.4,0.0,0.0,2.2,3.4,april,2024-25,19.8,9.6,72.2,17.0,31.0,0.8,1.63,18.6,2.0,2.0,7.4,,8.8,,19.9,11.0,,,20.4,,18.2,45.8,34.8,65.2,34.8,0.0,18.4,6-10,265.0,82
1630198,Isaiah Joe,OKC,6,25.4,11.3,2.8,2.8,3.7,8.3,2.8,7.0,1.2,1.2,april,2024-25,15.3,13.4,64.1,9.5,33.5,1.5,2.67,18.2,0.2,0.0,0.7,,21.2,,9.4,,39.9,9.4,4.3,6.8,,76.9,22.7,77.3,22.7,84.33734939759036,25.4,6-3,165.0,75
1642358,AJ Johnson,WAS,7,34.5,11.3,2.1,3.4,4.3,12.1,1.1,5.0,1.6,1.7,april,2024-25,18.7,15.6,43.8,2.3,62.6,4.2,4.06,31.3,0.1,0.0,1.3,,,,,,,,,,,71.8,56.7,43.3,56.7,41.32231404958678,34.5,6-5,160.0,77
1629638,Nickeil Alexander-Walker,MIN,7,27.8,11.3,4.1,4.6,3.6,8.0,1.7,5.3,2.4,3.1,april,2024-25,15.2,20.5,60.1,10.7,52.4,2.9,3.36,24.9,0.3,0.0,1.3,2.9,27.3,18.8,2.9,,22.7,7.1,2.9,9.1,1.3,67.7,12.0,88.0,12.0,66.25,27.8,6-5,205.0,77
202692,Alec Burks,MIA,6,20.4,11.0,2.5,1.3,3.8,8.5,2.7,6.3,0.7,0.7,april,2024-25,21.0,8.7,62.5,8.4,37.0,1.5,2.39,20.7,0.0,0.0,0.0,,,,,,,,,,,85.7,21.7,78.3,21.7,74.11764705882354,20.4,6-5,214.0,77
203992,Bogdan Bogdanović,LAC,7,23.0,11.0,2.4,3.0,3.9,7.7,2.3,4.1,1.0,1.1,april,2024-25,17.1,17.8,66.9,9.6,38.7,2.2,3.4,16.1,0.3,0.0,0.7,,12.2,34.4,,,24.4,,,,,94.4,40.7,59.3,40.7,53.246753246753244,23.0,6-5,225.0,77
203471,Dennis Schröder,DET,6,32.0,11.0,3.0,4.8,3.8,10.3,1.2,3.8,2.2,2.8,april,2024-25,17.5,21.2,47.5,6.2,74.0,6.0,4.84,29.7,0.3,0.0,0.5,14.8,11.2,36.6,,,23.1,5.2,,,,68.6,60.9,39.1,60.9,36.89320388349514,32.0,6-1,175.0,73
1642346,Ryan Dunn,PHX,7,28.1,11.0,6.3,1.0,4.3,10.7,1.9,6.6,0.6,0.6,april,2024-25,18.5,4.8,50.2,6.5,37.7,1.0,1.6,23.4,0.7,0.0,3.0,,24.6,5.5,5.5,,35.5,,10.9,,12.5,80.0,16.7,83.3,16.7,61.6822429906542,28.1,6-8,216.0,80
1631157,Ryan Rollins,MIL,7,23.0,10.9,2.9,4.0,4.1,7.7,1.7,3.3,0.9,1.1,april,2024-25,19.6,21.7,66.1,10.0,45.7,3.1,4.06,19.4,0.0,0.0,0.4,7.3,19.3,39.6,,,18.2,5.3,,,1.8,87.5,48.3,51.7,48.3,42.857142857142854,23.0,6-3,180.0,75
1641710,Anthony Black,ORL,6,27.5,10.8,4.5,3.3,4.3,10.7,1.0,3.0,1.2,1.5,april,2024-25,19.7,16.8,47.8,9.5,56.2,3.7,3.99,25.3,0.7,0.0,2.0,4.4,27.4,21.8,,,25.5,4.7,3.6,1.9,2.7,63.3,46.2,53.8,46.2,28.037383177570096,27.5,6-7,200.0,79
1630228,Jonathan Kuminga,GSW,6,19.8,10.8,4.7,2.0,4.2,9.3,0.5,2.7,2.0,2.8,april,2024-25,25.5,16.2,51.2,10.3,34.5,1.7,2.97,20.3,0.8,1.3,3.0,12.6,17.4,21.1,,6.7,18.1,,9.6,,7.0,40.0,44.0,56.0,44.0,29.03225806451613,19.8,6-7,225.0,79
1641787,Tosan Evbuomwan,BKN,6,24.9,10.8,5.3,3.2,3.7,8.8,1.2,3.3,2.3,3.0,april,2024-25,19.3,20.7,53.3,9.9,39.8,1.7,2.59,23.0,0.5,0.0,1.8,,,,,,,,,,,58.3,27.3,72.7,27.3,37.49999999999999,24.9,6-7,217.0,79
1630540,Miles McBride,NYK,5,24.6,10.8,2.4,3.6,4.0,10.2,2.2,6.4,0.6,0.8,april,2024-25,19.2,21.2,51.2,10.1,44.4,2.5,3.41,22.4,0.2,0.0,0.8,4.7,19.5,14.5,,,38.1,11.5,,3.0,,82.4,35.0,65.0,35.0,62.7450980392157,24.6,6-1,195.0,73
1629004,Svi Mykhailiuk,UTA,6,23.8,10.7,2.8,3.0,3.8,7.3,2.2,4.5,0.8,1.2,april,2024-25,15.6,18.0,68.0,9.0,35.7,2.0,3.4,16.8,0.3,0.2,1.2,,22.1,5.9,,,34.5,10.7,7.6,7.6,3.4,72.7,52.2,47.8,52.2,61.64383561643836,23.8,6-7,205.0,79
203484,Kentavious Caldwell-Pope,MEM,5,21.7,10.6,1.8,2.2,3.4,5.6,2.2,4.2,1.6,1.8,april,2024-25,14.5,15.3,82.9,14.5,26.6,0.9,2.09,15.8,0.0,0.0,0.0,3.1,24.1,18.1,,,33.7,5.9,,6.5,,80.0,17.6,82.4,17.6,75.00000000000001,21.7,6-5,204.0,77
203915,Spencer Dinwiddie,DAL,5,32.2,10.6,3.6,6.8,3.0,9.2,1.4,4.6,3.2,3.6,april,2024-25,17.2,31.8,49.1,7.9,66.6,5.8,5.2,24.8,0.0,0.4,0.0,,,,,,,,,,,68.8,73.3,26.7,73.3,50.0,32.2,6-5,215.0,77
1631221,Collin Gillespie,PHX,7,23.5,10.6,3.9,3.0,3.6,8.9,2.4,5.7,1.0,1.3,april,2024-25,18.6,18.1,56.1,10.2,56.1,3.1,3.34,25.6,0.1,0.0,1.0,3.3,16.4,33.5,,,22.7,7.6,2.2,7.0,2.0,79.2,44.0,56.0,44.0,64.04494382022472,23.5,6-1,195.0,73
1628436,Luke Kornet,BOS,7,22.1,10.6,6.0,1.6,4.7,7.4,0.0,0.1,1.1,1.7,april,2024-25,17.3,10.4,64.6,12.7,27.0,0.6,1.41,22.7,2.4,0.0,8.6,,6.6,,21.8,,,,35.0,,23.4,44.0,39.4,60.6,39.4,1.3513513513513513,22.1,7-1,250.0,85
1642367,Jonathan Mogbo,TOR,7,32.7,10.4,8.6,6.3,4.7,11.1,0.1,2.0,0.9,1.0,april,2024-25,16.8,25.1,45.0,9.6,50.9,1.8,2.12,30.6,3.6,0.0,6.1,,,,,,,,,,,66.7,21.2,78.8,21.2,18.01801801801802,32.7,6-9,225.0,81
1631115,Orlando Robinson,TOR,5,23.8,10.4,6.0,2.4,4.0,9.2,1.0,3.2,1.4,2.0,april,2024-25,20.4,13.6,51.6,6.3,39.2,1.3,2.03,25.6,5.4,0.2,6.0,,,,,,,,,,,61.5,35.0,65.0,35.0,34.78260869565218,23.8,6-10,235.0,82
1642347,Jamal Shead,TOR,6,28.2,10.3,2.0,7.2,3.7,11.0,1.3,4.7,1.7,2.0,april,2024-25,20.2,34.4,43.5,6.6,63.5,5.5,5.17,23.5,0.5,0.0,1.0,8.2,13.8,29.5,,,33.0,2.9,2.7,,,66.7,45.5,54.5,45.5,42.727272727272734,28.2,6-1,200.0,73
1642270,Donovan Clingan,POR,7,27.9,10.3,11.7,2.4,4.3,8.0,0.4,1.6,1.3,2.3,april,2024-25,13.1,11.8,57.1,13.3,35.1,0.9,1.58,26.6,1.6,0.3,9.7,,7.7,,23.3,,15.4,,19.2,,25.4,54.3,46.7,53.3,46.7,20.0,27.9,7-2,280.0,86
1631133,Jabari Walker,POR,7,21.5,10.3,4.7,0.9,3.9,7.0,0.7,1.7,1.9,2.4,april,2024-25,17.3,5.8,63.7,10.8,25.1,0.7,1.72,16.4,1.0,0.1,2.6,,16.0,,,,34.6,,15.4,,24.4,51.9,29.6,70.4,29.6,24.285714285714285,21.5,6-7,237.0,79
1631217,Moussa Diabaté,CHA,5,20.0,10.2,6.4,0.4,4.2,6.6,0.0,0.4,1.8,2.6,april,2024-25,18.3,3.2,65.9,14.6,25.6,0.7,1.71,17.2,2.2,0.2,5.2,,13.1,,20.1,4.6,,,24.7,,22.3,62.5,33.3,66.7,33.3,6.060606060606061,20.0,6-9,210.0,81
101108,Chris Paul,SAS,8,27.6,10.0,3.9,5.8,3.9,8.8,1.4,4.4,0.9,1.1,april,2024-25,17.6,28.8,54.1,9.2,51.6,4.1,4.79,20.4,1.0,0.9,0.0,,,43.8,,,15.6,,,,,55.9,83.9,16.1,83.9,50.0,27.6,6-0,175.0,72
1641854,Craig Porter Jr.,CLE,5,20.8,10.0,2.8,2.0,3.6,8.2,1.0,2.6,1.8,2.6,april,2024-25,21.8,17.5,53.5,8.2,43.6,3.6,4.89,17.4,0.0,0.0,1.4,,17.9,27.8,,,26.0,4.5,,,4.9,47.1,66.7,33.3,66.7,31.70731707317074,20.8,6-1,180.0,73
1629622,Max Strus,CLE,5,28.8,10.0,5.4,3.8,3.6,7.6,2.6,6.4,0.2,0.4,april,2024-25,14.8,17.8,64.3,8.6,50.2,1.7,2.0,25.2,0.8,0.0,2.4,,,,,,,,,,,78.9,11.1,88.9,11.1,84.21052631578948,28.8,6-5,215.0,77
1630583,Santi Aldama,MEM,6,27.4,10.0,4.8,2.7,3.5,7.2,2.2,5.0,0.8,1.3,april,2024-25,13.6,14.0,64.5,8.4,39.7,1.2,1.79,18.5,0.5,0.0,1.5,,22.8,2.3,8.8,4.1,40.1,,6.8,,7.0,65.2,14.3,85.7,14.3,69.44444444444444,27.4,7-0,215.0,84
1630167,Obi Toppin,IND,7,19.5,9.9,4.4,2.0,3.7,8.7,1.4,4.6,1.0,1.6,april,2024-25,22.5,14.3,52.4,9.4,34.7,0.9,1.63,20.6,0.1,0.6,2.0,,23.9,,,,28.3,,,,,76.9,23.1,76.9,23.1,52.87356321839081,19.5,6-9,220.0,81
1630172,Patrick Williams,CHI,7,22.1,9.9,3.3,1.6,3.9,7.7,1.6,4.0,0.6,0.7,april,2024-25,17.4,10.3,61.4,9.7,35.7,1.3,2.16,20.0,0.3,0.1,0.7,3.6,22.1,9.3,5.0,3.6,41.4,3.6,,,5.0,47.1,33.3,66.7,33.3,51.94805194805194,22.1,6-7,215.0,79
1631106,Tari Eason,HOU,5,21.2,9.8,5.6,2.4,4.4,9.6,0.8,3.0,0.2,1.0,april,2024-25,20.8,15.0,48.8,9.8,34.2,1.4,2.51,17.6,0.4,0.2,3.2,5.0,19.9,5.4,,,43.3,,6.5,,9.2,45.0,54.5,45.5,54.5,31.25,21.2,6-8,215.0,80
1628386,Jarrett Allen,CLE,7,22.5,9.7,7.0,2.0,4.1,5.9,0.0,0.1,1.4,2.3,april,2024-25,16.2,11.3,70.8,12.3,28.7,0.7,1.51,20.3,3.4,0.3,7.1,,13.6,,20.9,7.8,4.1,,33.1,,9.2,51.6,27.6,72.4,27.6,1.694915254237288,22.5,6-9,243.0,81
1626145,Tyus Jones,PHX,7,20.0,9.7,2.3,3.0,3.7,8.0,2.0,4.9,0.3,0.3,april,2024-25,19.5,24.1,59.8,12.9,45.1,2.7,3.6,21.0,0.3,0.0,0.1,,17.2,23.8,,,41.7,,,,,78.6,38.5,61.5,38.5,61.25000000000001,20.0,6-1,196.0,73
1641716,Jarace Walker,IND,7,20.2,9.6,5.6,2.0,3.7,7.0,1.9,3.4,0.3,0.4,april,2024-25,16.5,14.4,66.6,14.3,31.4,1.2,2.32,18.3,0.9,0.0,0.4,6.4,19.1,12.4,2.1,,38.0,7.1,3.2,3.4,2.4,71.4,26.9,73.1,26.9,48.57142857142857,20.2,6-7,235.0,79
1631311,Lester Quinones,NOP,7,20.5,9.6,2.0,3.1,3.3,9.1,1.6,5.4,1.4,1.7,april,2024-25,21.7,23.2,48.4,6.1,38.3,2.5,3.96,18.4,0.0,0.0,0.3,,,,,,,,,,,60.0,34.8,65.2,34.8,59.34065934065935,20.5,6-4,208.0,76
1627741,Buddy Hield,GSW,8,20.1,9.5,2.9,0.5,3.4,9.0,2.5,7.0,0.3,0.3,april,2024-25,19.1,3.8,52.1,6.4,34.5,1.0,1.81,20.8,0.3,0.0,0.6,,23.1,4.8,,,34.0,5.4,5.4,12.2,3.7,57.7,7.4,92.6,7.4,77.77777777777779,20.1,6-4,220.0,76
1630173,Precious Achiuwa,NYK,6,26.9,9.5,7.2,1.2,4.2,10.7,0.2,0.7,1.0,1.8,april,2024-25,20.3,6.9,41.4,8.7,42.5,1.6,2.22,25.3,3.7,1.0,6.3,,22.2,,13.5,,24.7,,12.0,,17.1,66.7,32.0,68.0,32.0,6.5420560747663545,26.9,6-8,243.0,80
1630249,Vít Krejčí,ATL,8,19.2,9.5,3.5,2.3,3.4,4.5,2.1,3.3,0.6,0.6,april,2024-25,12.0,15.5,99.5,13.8,27.3,1.0,2.15,15.8,0.5,0.0,0.4,,19.7,8.4,5.3,,33.4,12.5,,12.2,,63.6,11.1,88.9,11.1,73.33333333333333,19.2,6-8,195.0,80
1642354,KJ Simpson,CHA,7,29.9,9.4,3.6,4.1,4.0,10.6,1.1,4.3,0.3,0.4,april,2024-25,17.7,23.2,43.8,6.6,65.1,5.5,5.04,22.0,0.1,0.0,0.4,,10.8,32.5,,,33.3,,,,,69.7,60.7,39.3,60.7,40.56603773584906,29.9,6-0,189.0,72
203937,Kyle Anderson,MIA,7,24.9,9.4,5.3,3.3,3.9,7.7,0.1,0.7,1.6,1.9,april,2024-25,15.3,17.0,55.3,10.7,45.4,2.7,3.54,23.0,2.4,0.0,2.4,12.6,16.5,7.9,,,17.3,,14.2,,8.7,65.4,59.3,40.7,59.3,9.09090909090909,24.9,6-9,230.0,81
1641712,Rayan Rupert,POR,7,20.7,9.4,3.4,1.0,3.7,8.6,0.9,3.1,1.1,1.4,april,2024-25,19.6,7.4,51.2,8.5,37.6,1.6,2.5,19.3,1.0,0.0,1.6,,20.6,,,,50.4,,9.9,,,18.8,46.2,53.8,46.2,36.04651162790698,20.7,6-6,195.0,78
1628976,Wendell Carter Jr.,ORL,5,24.8,9.4,5.4,1.8,3.8,7.2,0.4,2.0,1.4,2.0,april,2024-25,17.3,11.1,58.2,9.3,30.4,0.8,1.5,20.6,2.6,0.0,6.4,,10.9,,19.2,3.2,26.2,,17.1,,12.7,60.9,15.8,84.2,15.8,27.77777777777778,24.8,6-10,270.0,82
1627827,Dorian Finney-Smith,LAL,6,30.9,9.3,2.8,2.0,3.2,6.7,2.7,5.8,0.3,0.3,april,2024-25,10.3,7.9,68.5,6.3,38.2,1.1,1.65,17.8,0.2,0.0,1.3,,,,,,,,,,,72.4,0.0,100.0,0.0,86.56716417910447,30.9,6-7,220.0,79
1641744,Zach Edey,MEM,6,30.6,9.3,15.7,1.5,3.7,5.8,0.0,0.8,2.0,3.2,april,2024-25,12.4,5.8,64.6,12.8,41.7,0.9,1.23,18.0,1.8,0.8,9.7,,,,14.7,32.8,,,16.4,,15.5,50.0,31.8,68.2,31.8,13.793103448275861,30.6,7-4,305.0,88
1630572,Sandro Mamukelashvili,SAS,8,19.6,9.3,4.8,1.1,3.5,8.0,1.0,4.3,1.3,1.3,april,2024-25,19.2,8.6,54.1,9.7,31.4,1.0,1.88,17.9,1.0,0.3,2.5,,22.1,,16.1,,30.7,,13.3,,8.0,76.5,35.7,64.3,35.7,53.75,19.6,6-9,240.0,81
1629611,Terance Mann,ATL,8,23.5,9.3,3.6,1.8,3.6,7.4,0.8,2.5,1.3,1.5,april,2024-25,15.4,9.3,57.6,8.0,26.3,1.1,2.47,15.5,0.5,0.0,2.8,3.7,22.0,17.9,,,28.9,4.4,6.6,,8.1,83.3,34.5,65.5,34.5,33.78378378378378,23.5,6-5,215.0,77
202691,Klay Thompson,DAL,5,22.7,9.2,1.6,1.0,3.4,8.0,2.4,6.0,0.0,0.0,april,2024-25,16.8,6.7,57.5,6.2,22.0,0.7,1.87,16.6,0.2,0.2,0.0,,19.2,7.1,,,25.9,12.2,2.8,26.3,,53.3,11.8,88.2,11.8,75.0,22.7,6-5,220.0,77
1630542,Marcus Bagley,PHI,6,28.7,9.2,8.7,1.5,3.7,8.8,0.8,3.7,1.0,1.3,april,2024-25,14.3,7.2,48.7,9.0,36.0,0.8,1.38,18.0,0.2,0.0,4.5,,,,,,,,,,,53.1,45.5,54.5,45.5,42.04545454545454,28.7,6-6,217.0,78
1627777,Georges Niang,ATL,7,19.5,9.1,1.6,1.1,3.4,8.9,2.3,6.3,0.0,0.0,april,2024-25,21.7,7.5,51.6,2.3,32.9,0.7,1.34,18.0,0.6,0.0,1.1,,,,,,,,,,,43.8,4.2,95.8,4.2,70.78651685393258,19.5,6-7,230.0,79
1630183,Jaden McDaniels,MIN,7,30.7,9.1,4.0,1.3,3.9,9.6,0.3,2.7,1.1,1.4,april,2024-25,16.8,6.0,44.8,4.1,41.9,1.4,2.06,23.7,0.3,0.1,1.4,2.3,27.6,10.3,,,36.8,5.2,5.0,3.2,3.9,61.8,37.0,63.0,37.0,28.125000000000007,30.7,6-9,185.0,81
1629680,Matisse Thybulle,POR,7,27.3,9.1,4.0,2.6,3.4,7.3,1.6,3.6,0.7,1.6,april,2024-25,12.9,12.6,57.3,9.6,40.7,1.4,2.01,23.0,0.3,0.0,1.6,,,,,,,,,,,69.6,25.0,75.0,25.0,49.31506849315069,27.3,6-5,201.0,77
1627752,Taurean Prince,MIL,7,29.5,9.1,3.3,1.4,3.3,6.9,1.7,4.4,0.9,1.3,april,2024-25,12.6,6.0,61.6,5.5,29.4,1.0,1.94,19.3,0.6,0.1,0.4,,27.3,,,,54.5,,,,,64.0,0.0,100.0,0.0,63.76811594202899,29.5,6-6,218.0,78
1626168,Trey Lyles,SAC,7,29.8,9.1,5.6,1.4,3.3,6.6,1.4,3.9,1.1,2.0,april,2024-25,12.0,6.1,61.3,7.4,36.6,0.9,1.48,18.6,0.3,0.1,2.3,,,,,,,,,,,61.9,13.0,87.0,13.0,59.09090909090909,29.8,6-9,234.0,81
1630171,Isaac Okoro,CLE,6,23.2,9.0,4.0,1.0,3.8,7.3,1.2,3.3,0.2,0.2,april,2024-25,13.2,5.5,60.8,8.9,25.3,0.9,2.23,15.3,0.5,0.2,3.5,,25.9,,,,41.6,,10.8,,5.2,50.0,13.0,87.0,13.0,45.20547945205479,23.2,6-5,225.0,77
1629006,Josh Okogie,CHA,6,16.6,9.0,2.3,1.2,2.3,6.5,1.2,4.0,3.2,4.3,april,2024-25,24.1,12.1,53.5,9.1,28.5,1.1,2.37,15.8,0.3,0.0,0.7,,24.9,,,,41.5,,11.1,,9.7,82.4,28.6,71.4,28.6,61.53846153846154,16.6,6-4,213.0,76
1629026,Kenrich Williams,OKC,7,21.4,9.0,4.1,1.7,3.9,8.3,0.9,3.3,0.4,1.1,april,2024-25,18.2,11.4,51.2,9.2,29.3,1.3,2.75,16.4,0.3,0.3,2.7,,14.6,,,,42.3,,10.0,,7.7,52.9,44.4,55.6,44.4,39.75903614457831,21.4,6-6,210.0,78
1641732,Colby Jones,WAS,6,33.4,8.8,6.5,3.0,3.5,9.0,0.5,3.0,1.3,2.0,april,2024-25,14.9,13.3,44.7,7.1,45.7,2.2,2.85,25.7,0.5,0.0,1.7,,,,,,,,,,,68.6,38.1,61.9,38.1,33.33333333333333,33.4,6-6,207.0,78
1641727,Dariq Whitehead,BKN,6,19.9,8.8,2.3,1.2,3.0,7.3,2.5,5.2,0.3,0.3,april,2024-25,18.2,9.3,59.0,6.0,28.2,1.0,2.22,16.0,0.2,0.0,0.2,,,,,,,,,,,84.6,11.1,88.9,11.1,71.23287671232877,19.9,6-6,220.0,78
1642281,Jaylon Tyson,CLE,5,16.3,8.6,3.2,1.2,3.4,8.6,1.2,3.2,0.6,0.8,april,2024-25,24.0,12.5,48.0,9.1,26.8,1.6,3.53,14.6,0.4,0.4,1.8,,21.6,5.4,8.2,,34.7,2.6,9.6,,7.6,61.1,58.8,41.2,58.8,37.2093023255814,16.3,6-6,215.0,78
204456,T.J. McConnell,IND,7,18.5,8.6,2.4,4.1,4.0,8.0,0.0,0.4,0.6,0.9,april,2024-25,21.0,35.4,51.2,12.0,51.9,4.0,4.58,19.3,0.3,0.0,0.9,5.9,13.1,54.0,,,12.5,,4.2,,,59.1,64.3,35.7,64.3,5.0,18.5,6-1,190.0,73
1630526,Jeremiah Robinson-Earl,NOP,7,24.6,8.4,7.9,2.3,3.3,8.3,1.1,3.9,0.7,0.9,april,2024-25,17.2,13.6,48.6,9.0,45.9,1.3,1.74,24.6,2.3,0.1,3.9,,20.2,,,,38.1,,,,20.2,66.7,30.4,69.6,30.4,46.98795180722891,24.6,6-8,240.0,80
1627884,Derrick Jones Jr.,LAC,7,23.3,8.3,2.9,0.7,3.4,6.6,0.7,2.9,0.7,1.3,april,2024-25,14.6,3.9,58.0,6.6,24.3,0.8,2.04,11.9,0.6,0.0,3.1,,18.3,,,,46.0,,13.5,,7.9,87.5,12.5,87.5,12.5,43.93939393939394,23.3,6-6,210.0,78
1642275,Tidjane Salaün,CHA,7,28.7,8.3,5.9,2.0,2.7,9.0,1.3,5.4,1.6,2.4,april,2024-25,17.2,9.9,41.1,4.2,43.6,1.8,2.44,22.9,0.4,0.1,0.7,,20.7,,12.4,,43.2,,7.7,,,58.3,31.6,68.4,31.6,60.00000000000001,28.7,6-8,207.0,80
203110,Draymond Green,GSW,8,30.7,8.3,6.0,5.6,2.9,7.5,1.4,3.9,1.1,1.6,april,2024-25,16.0,26.6,50.2,7.4,70.1,2.4,2.05,37.0,1.9,0.8,3.0,,9.4,5.1,10.2,,39.8,,10.2,,2.7,54.8,8.7,91.3,8.7,52.0,30.7,6-6,230.0,78
1642263,Reed Sheppard,HOU,6,17.7,8.2,2.2,3.0,2.8,6.7,2.5,4.7,0.0,0.0,april,2024-25,19.0,22.0,61.3,8.4,29.0,1.9,3.95,10.7,0.0,0.0,0.0,4.6,17.2,31.7,2.7,,27.8,6.6,,4.6,,62.1,35.3,64.7,35.3,70.1492537313433,17.7,6-2,185.0,74
1629614,Andrew Nembhard,IND,6,27.0,8.0,3.3,4.3,3.3,8.7,0.3,3.0,1.0,1.2,april,2024-25,16.1,20.8,43.6,6.3,49.5,2.2,2.68,30.7,1.0,0.2,1.0,8.9,14.8,38.5,,,21.4,7.1,,,,52.0,40.0,60.0,40.0,34.48275862068966,27.0,6-4,191.0,76
1629618,Jalen Pickett,DEN,7,25.2,8.0,3.0,3.9,3.0,6.7,1.6,4.0,0.4,0.6,april,2024-25,13.6,21.1,57.4,8.0,39.3,2.6,3.98,19.4,0.4,0.3,1.6,8.5,10.4,20.9,,,30.3,7.0,7.0,,,56.3,38.1,61.9,38.1,59.70149253731343,25.2,6-2,202.0,74
1631260,AJ Green,MIL,7,23.5,7.9,3.4,1.6,2.6,5.1,2.4,4.3,0.3,0.4,april,2024-25,10.4,8.0,73.7,7.7,29.3,0.9,1.91,15.9,0.3,0.0,0.3,,13.4,9.1,4.0,,42.1,12.8,,9.1,,36.4,5.6,94.4,5.6,84.31372549019608,23.5,6-4,190.0,76
1631216,Caleb Houstan,ORL,6,23.9,7.8,3.2,2.0,2.8,5.7,1.8,4.2,0.3,0.5,april,2024-25,12.1,11.8,66.5,9.4,28.5,0.8,1.59,17.5,0.8,0.0,1.0,,,,,,,,,,,50.0,0.0,100.0,0.0,73.68421052631578,23.9,6-8,205.0,80
1630623,Tyson Etienne,BKN,6,23.5,7.8,1.5,1.8,2.3,7.5,1.8,6.5,1.3,1.7,april,2024-25,17.0,12.0,47.6,2.1,39.7,2.4,3.63,18.3,0.0,0.0,0.2,,,,,,,,,,,75.0,0.0,100.0,0.0,86.66666666666667,23.5,6-2,200.0,74
1631306,Cole Swider,IND,5,19.9,7.8,3.6,0.4,2.8,7.8,2.2,5.8,0.0,0.0,april,2024-25,16.9,2.4,50.0,5.7,23.2,0.7,1.74,13.2,0.0,0.0,0.4,,,,,,,,,,,72.2,7.1,92.9,7.1,74.35897435897436,19.9,6-8,220.0,80
1629312,Haywood Highsmith,MIA,7,24.4,7.7,4.6,1.7,3.0,7.0,1.6,4.6,0.1,0.3,april,2024-25,13.0,9.0,54.1,5.9,30.7,0.8,1.58,17.3,0.6,0.0,2.4,,,,,,,,,,,70.0,28.6,71.4,28.6,65.71428571428571,24.4,6-5,220.0,77
1641721,Maxwell Lewis,BKN,5,19.8,7.6,3.8,1.2,3.2,7.8,0.8,3.6,0.4,0.4,april,2024-25,20.1,9.4,47.6,5.2,27.0,1.0,2.2,16.2,0.2,0.0,1.6,,,,,,,,,,,70.6,25.0,75.0,25.0,46.15384615384615,19.8,6-7,215.0,79
1630241,Sam Merrill,CLE,5,22.6,7.6,2.6,2.4,2.6,5.6,2.4,5.2,0.0,0.0,april,2024-25,11.7,12.0,67.9,7.5,30.4,0.8,1.67,16.0,0.6,0.0,0.4,,17.3,6.0,10.2,,36.8,10.5,3.8,4.5,,47.1,0.0,100.0,0.0,92.85714285714288,22.6,6-4,205.0,76
1627739,Kris Dunn,LAC,7,25.6,7.6,2.7,2.1,3.0,5.3,1.6,2.9,0.0,0.0,april,2024-25,10.6,9.3,71.6,7.4,38.3,1.8,2.8,11.9,0.3,0.1,1.0,3.9,19.3,9.6,5.5,,38.6,,9.6,,3.2,75.0,4.8,95.2,4.8,54.71698113207547,25.6,6-3,205.0,75
1630175,Cole Anthony,MEM,6,16.5,7.5,3.0,2.7,2.5,5.8,1.5,3.8,1.0,1.2,april,2024-25,17.9,25.8,59.1,13.4,37.0,3.0,4.9,14.7,0.0,0.0,0.2,6.9,14.7,51.8,,,14.3,,,,,53.3,40.0,60.0,40.0,65.51724137931035,16.5,6-2,185.0,74
1631165,Keon Ellis,SAC,7,30.7,7.4,3.3,1.3,2.7,5.4,1.7,4.3,0.3,0.3,april,2024-25,8.9,5.1,66.9,5.8,47.6,2.2,2.82,19.1,0.4,0.0,0.9,,25.6,10.1,,,43.7,,,,,75.6,10.5,89.5,10.5,79.62962962962962,30.7,6-4,175.0,76
1628371,Jonathan Isaac,ORL,5,16.2,7.4,5.2,1.6,2.6,5.2,0.2,1.2,2.0,2.6,april,2024-25,19.4,13.3,58.3,13.7,25.8,0.8,1.75,14.8,1.6,0.2,3.8,,12.4,,,,29.5,,16.2,,14.3,40.0,53.8,46.2,53.8,23.076923076923077,16.2,6-10,230.0,82
1630541,Moses Moody,GSW,8,25.8,7.4,3.1,1.0,2.5,6.9,1.5,4.0,0.9,1.1,april,2024-25,14.3,5.4,50.0,4.3,26.9,1.0,2.12,20.4,0.8,0.0,2.3,4.9,19.0,5.4,,,40.4,5.2,3.7,13.1,3.2,69.2,10.0,90.0,10.0,57.971014492753625,25.8,6-5,211.0,77
1641763,Julian Phillips,CHI,6,15.9,7.2,3.0,0.8,2.7,5.0,0.8,2.5,1.0,1.0,april,2024-25,14.3,6.8,65.9,9.9,18.0,0.4,1.48,12.5,0.3,0.0,1.8,,,,,,,,,,,60.0,18.8,81.3,18.8,50.0,15.9,6-8,198.0,80
1641741,Ricky Council IV,PHI,7,20.0,7.1,4.4,1.3,2.1,7.0,0.6,3.1,2.3,2.7,april,2024-25,18.9,10.5,43.6,7.8,31.1,1.2,2.33,18.3,0.3,0.0,1.3,,,,,,,,,,,47.6,26.7,73.3,26.7,44.28571428571429,20.0,6-6,207.0,78
1629610,DaQuan Jeffries,CHA,7,27.5,7.0,3.4,1.1,2.6,6.6,1.1,4.0,0.7,1.0,april,2024-25,12.5,6.3,49.9,4.0,34.4,1.3,2.27,19.1,0.4,0.0,0.6,,,,,,,,,,,69.6,27.8,72.2,27.8,60.60606060606061,27.5,6-5,222.0,77
1631301,Jaylen Sims,CHA,6,18.6,7.0,1.0,2.0,2.0,4.7,1.0,2.5,2.0,2.5,april,2024-25,15.9,17.6,60.7,5.7,29.7,1.2,2.45,16.0,0.0,0.0,0.3,,,,,,,,,,,71.4,25.0,75.0,25.0,53.191489361702125,18.6,6-6,210.0,78
1631200,Kris Murray,POR,7,24.9,7.0,4.6,2.3,2.7,7.4,0.6,3.6,1.0,1.6,april,2024-25,14.7,12.9,43.1,6.4,30.6,1.1,2.09,19.3,0.6,0.1,2.1,,23.6,,,,40.4,,11.8,,11.3,52.8,36.8,63.2,36.8,48.648648648648646,24.9,6-8,216.0,80
1642345,Oso Ighodaro,PHX,7,25.4,7.0,4.6,1.7,3.4,5.4,0.0,0.0,0.1,0.4,april,2024-25,10.8,10.1,62.3,8.2,38.0,1.3,2.05,24.6,4.4,0.4,5.7,8.5,12.7,4.2,18.2,,,,29.7,,7.6,54.5,20.8,79.2,20.8,0.0,25.4,7-0,235.0,84
1626153,Delon Wright,NYK,5,25.7,6.8,2.0,3.4,2.6,6.0,0.8,3.0,0.8,1.0,april,2024-25,11.5,17.9,52.8,7.6,53.0,3.6,4.06,23.6,0.8,0.0,1.4,,,,,,,,,,,76.2,38.5,61.5,38.5,50.0,25.7,6-5,185.0,77
1626166,Cameron Payne,NYK,6,18.2,6.7,1.3,3.7,2.3,7.0,1.0,3.0,1.0,1.0,april,2024-25,20.2,31.0,44.8,7.6,42.2,3.4,4.86,18.2,0.0,0.0,0.3,,,,,,,,,,,58.3,57.1,42.9,57.1,42.857142857142854,18.2,6-3,183.0,75
1630658,Colin Castleton,TOR,6,21.2,6.7,6.5,1.7,2.8,5.2,0.0,0.7,1.0,1.7,april,2024-25,11.3,11.1,56.5,8.0,29.5,0.8,1.53,16.8,1.5,0.2,4.2,,,,,,,,,,,69.2,35.3,64.7,35.3,13.461538461538462,21.2,6-10,250.0,82
1631248,Baylor Scheierman,BOS,6,20.2,6.3,3.8,1.5,2.3,7.2,1.2,4.8,0.5,0.7,april,2024-25,18.8,10.6,42.4,6.8,22.2,0.9,2.46,14.0,0.3,0.0,1.2,,25.0,,11.5,,45.2,,,,,58.8,35.7,64.3,35.7,66.66666666666666,20.2,6-6,205.0,78
1628997,Caleb Martin,DAL,6,22.4,6.3,2.8,1.8,2.3,6.3,0.5,1.5,1.2,2.0,april,2024-25,16.8,12.8,43.9,3.5,32.2,2.0,3.75,14.8,0.0,0.0,1.0,,32.5,7.9,,,35.7,,,,,61.5,57.1,42.9,57.1,23.80952380952381,22.4,6-5,205.0,77
1631212,Peyton Watson,DEN,6,27.0,6.3,3.3,0.3,2.5,6.0,0.3,2.0,1.0,1.5,april,2024-25,11.7,1.5,47.5,3.3,28.3,0.9,1.93,12.3,2.0,0.0,2.3,6.7,19.0,13.2,3.1,,24.9,5.2,16.2,2.3,3.2,71.4,6.7,93.3,6.7,33.33333333333333,27.0,6-7,200.0,79
1626220,Royce O'Neale,PHX,6,21.4,6.3,2.8,1.8,2.3,7.8,1.7,6.7,0.0,0.0,april,2024-25,17.8,13.1,40.4,3.3,37.2,0.9,1.44,22.5,0.2,0.0,0.5,,26.0,8.3,2.7,,43.8,3.9,,3.6,,77.8,0.0,100.0,0.0,85.8974358974359,21.4,6-6,226.0,78
1628380,Zach Collins,CHI,7,17.2,6.3,6.7,2.1,2.4,5.3,0.6,1.9,0.9,0.9,april,2024-25,16.8,18.3,55.5,12.7,33.9,0.8,1.44,22.7,2.4,0.9,3.7,,,,24.7,,25.9,,19.8,,,61.3,5.9,94.1,5.9,35.84905660377358,17.2,6-11,250.0,83
1631243,Mouhamed Gueye,ATL,8,16.7,6.1,6.5,0.9,2.1,4.8,0.6,1.8,1.3,1.6,april,2024-25,14.2,6.2,56.0,10.4,21.4,0.5,1.34,11.1,0.8,0.0,3.3,,18.3,,5.6,,39.0,,19.7,,10.3,46.9,11.8,88.2,11.8,37.5,16.7,6-10,210.0,82
1631104,Blake Wesley,SAS,8,19.6,6.0,2.1,2.8,2.1,5.4,0.4,1.5,1.4,2.1,april,2024-25,16.1,19.0,47.5,5.5,31.5,2.2,4.12,12.8,0.5,0.0,1.3,,33.3,,,,22.2,,,,,73.7,23.5,76.5,23.5,27.777777777777775,19.6,6-3,185.0,75
1629674,Neemias Queta,BOS,6,15.2,5.8,3.8,1.7,2.5,3.5,0.0,0.0,0.8,1.0,april,2024-25,12.3,16.7,74.0,14.2,19.8,0.6,1.85,12.8,1.5,0.5,3.5,,7.1,,25.4,,2.8,,28.2,,20.9,60.0,26.7,73.3,26.7,0.0,15.2,7-0,248.0,84
1629048,Goga Bitadze,ORL,5,16.7,5.8,5.2,2.0,2.2,4.4,0.0,0.6,1.4,2.0,april,2024-25,14.7,14.3,54.9,11.1,26.4,0.8,1.84,17.8,2.4,0.0,5.0,,10.8,,15.0,,,,26.9,,27.5,88.9,36.4,63.6,36.4,13.636363636363635,16.7,6-10,250.0,82
1642277,Johnny Furphy,IND,6,15.3,5.7,3.2,1.5,1.8,4.7,0.5,2.2,1.5,2.2,april,2024-25,15.1,12.3,50.4,8.6,21.8,0.6,1.66,12.2,0.8,0.0,1.0,,27.3,,7.1,,37.7,,8.4,,7.1,50.0,27.3,72.7,27.3,46.808510638297875,15.3,6-9,200.0,81
1641720,Jalen Hood-Schifino,PHI,5,24.1,5.6,2.6,3.0,2.2,7.2,0.8,3.0,0.4,0.4,april,2024-25,13.8,16.7,38.0,3.2,49.4,3.1,3.75,25.4,0.6,0.0,0.4,,,,,,,,,,,54.5,63.6,36.4,63.6,41.666666666666664,24.1,6-5,210.0,77
201144,Mike Conley,MIN,7,24.1,5.4,2.6,5.1,1.9,6.1,1.1,4.0,0.6,0.6,april,2024-25,12.9,25.0,42.4,6.2,56.4,3.4,3.6,31.1,0.0,0.0,0.0,,14.8,21.2,,,33.3,13.8,,5.8,,66.7,23.1,76.9,23.1,65.57377049180329,24.1,6-0,175.0,72
202709,Cory Joseph,ORL,5,18.9,5.4,2.2,2.2,2.0,4.4,1.4,3.6,0.0,0.0,april,2024-25,10.6,15.1,61.4,8.1,38.2,2.3,3.69,17.4,0.2,0.0,0.4,,,,,,,,,,,71.4,10.0,90.0,10.0,81.81818181818181,18.9,6-2,200.0,74
1641736,Reece Beekman,BKN,5,25.9,5.4,2.6,4.8,2.2,5.8,0.2,1.6,0.8,0.8,april,2024-25,11.3,27.9,43.9,7.4,50.2,3.3,3.89,18.0,0.4,0.0,0.4,,,,,,,,,,,84.6,45.5,54.5,45.5,27.586206896551722,25.9,6-3,190.0,75
1629637,Jaxson Hayes,LAL,6,17.3,5.3,5.3,0.3,2.3,3.7,0.0,0.0,0.7,2.0,april,2024-25,13.0,2.7,58.7,7.5,22.3,0.5,1.28,10.8,2.3,0.3,5.7,,13.2,,26.5,,,,34.4,,13.2,54.5,21.4,78.6,21.4,0.0,17.3,7-0,220.0,84
202687,Bismack Biyombo,SAS,8,21.4,5.1,6.8,0.6,2.5,5.3,0.0,0.0,0.1,0.8,april,2024-25,14.1,4.2,45.9,6.1,28.6,0.7,1.47,14.3,2.6,0.4,6.4,,,,,,,,,,,56.7,10.0,90.0,10.0,0.0,21.4,6-8,255.0,80
1641842,Ronald Holland II,DET,6,16.1,4.8,2.8,1.0,1.8,4.3,0.3,1.0,0.8,1.3,april,2024-25,15.9,8.6,49.1,6.3,23.3,0.8,2.14,9.2,0.5,0.0,0.8,3.8,25.0,6.9,,,39.3,3.0,5.5,,5.8,45.5,36.4,63.6,36.4,23.25581395348837,16.1,6-8,206.0,80
1631207,Dalen Terry,CHI,5,16.9,4.6,2.4,1.6,1.8,5.4,0.6,2.4,0.4,0.4,april,2024-25,15.4,13.6,41.2,4.1,31.8,1.6,3.05,13.6,0.0,0.0,0.4,,30.9,13.4,,,35.1,,,,,42.9,33.3,66.7,33.3,44.44444444444444,16.9,6-7,195.0,79
1630695,Micah Potter,UTA,5,24.4,4.6,5.4,1.0,2.0,4.8,0.4,3.2,0.2,0.4,april,2024-25,9.4,5.2,46.2,4.9,34.4,0.8,1.38,14.0,1.4,0.0,1.4,,,,,,,,,,,63.3,20.0,80.0,20.0,66.66666666666667,24.4,6-9,248.0,81
1629216,Gabe Vincent,LAL,6,20.9,4.5,1.3,1.2,1.7,5.2,1.2,4.5,0.0,0.0,april,2024-25,11.5,7.5,43.5,1.7,27.8,1.5,3.14,14.5,0.7,0.0,0.3,,14.9,14.9,,,38.6,,,13.2,,53.8,40.0,60.0,40.0,86.53846153846153,20.9,6-2,200.0,74
1628379,Luke Kennard,MEM,5,21.3,4.4,3.6,2.6,1.6,4.2,0.8,2.8,0.4,0.4,april,2024-25,9.5,15.9,50.3,6.8,27.2,1.1,2.48,16.2,0.0,0.0,0.2,,24.5,9.1,,,32.0,7.9,5.8,11.6,,47.1,25.0,75.0,25.0,66.66666666666666,21.3,6-5,206.0,77
1630531,Jaden Springer,UTA,6,18.1,4.3,3.2,1.3,1.7,4.7,0.3,2.5,0.7,0.8,april,2024-25,12.6,8.9,43.0,3.1,17.3,1.1,3.83,10.0,0.8,0.0,0.8,,,,,,,,,,,88.9,50.0,50.0,50.0,53.191489361702125,18.1,6-4,202.0,76
1629020,Jarred Vanderbilt,LAL,6,16.0,4.2,5.5,0.5,1.7,3.3,0.0,0.2,0.8,1.3,april,2024-25,13.5,4.3,53.1,7.7,19.2,0.5,1.6,9.7,1.3,0.0,4.0,,18.0,,,,32.3,,16.9,,14.3,52.9,10.0,90.0,10.0,6.060606060606061,16.0,6-8,214.0,80
1630692,Jordan Goodwin,LAL,7,16.5,3.9,4.6,1.7,1.6,4.7,0.7,2.3,0.0,0.0,april,2024-25,15.4,14.1,40.9,8.1,24.1,1.0,2.39,12.0,0.6,0.0,1.4,,16.2,12.8,3.4,,42.7,,,,12.0,60.0,27.3,72.7,27.3,48.93617021276595,16.5,6-5,215.0,77
1642269,Devin Carter,SAC,6,16.4,3.8,2.2,1.2,1.5,4.8,0.7,1.8,0.2,0.3,april,2024-25,14.2,8.5,38.5,1.7,24.0,1.5,3.76,11.8,0.2,0.0,1.2,,,,,,,,,,,88.9,55.6,44.4,55.6,37.5,16.4,6-2,195.0,74
1641794,Dillon Jones,OKC,7,15.5,3.3,3.6,1.3,1.3,2.4,0.4,0.7,0.3,0.3,april,2024-25,10.2,9.9,64.3,6.6,21.1,1.3,3.81,7.7,0.1,0.0,1.1,,,,,,,,,,,60.0,22.2,77.8,22.2,29.166666666666668,15.5,6-5,235.0,77
1630550,JT Thor,WAS,5,20.4,3.2,4.2,0.2,1.0,3.2,0.4,1.2,0.8,1.2,april,2024-25,9.3,1.6,42.9,5.2,21.2,0.7,1.98,10.2,1.0,0.0,1.2,,,,,,,,,,,50.0,40.0,60.0,40.0,37.49999999999999,20.4,6-9,203.0,81
203901,Elfrid Payton,NOP,7,23.5,2.9,4.0,9.6,1.1,4.3,0.1,0.7,0.4,0.6,april,2024-25,13.4,50.8,31.5,8.5,65.0,5.3,4.9,23.7,0.4,0.0,0.7,,,,,,,,,,,71.4,62.5,37.5,62.5,16.279069767441857,23.5,6-3,195.0,75
1628470,Torrey Craig,BOS,5,18.9,1.4,5.2,1.6,0.6,3.4,0.2,2.2,0.0,0.0,april,2024-25,10.7,11.8,20.6,5.3,25.2,1.1,2.54,12.6,0.0,0.0,1.8,,,,,,,,,,,42.9,0.0,100.0,0.0,64.70588235294117,18.9,6-5,221.0,77
