PLAYER_ID,PLAYER,TEAM,Season,Month,Archetype,Category,Size,USG_Pct,AST_Pct,ThreePt_Rate,Isolation_Freq,Height_Inches,GP,MPG,PTS
1630178,Tyrese Maxey,PHI,2025-26,october,Primary Initiator,Primary,Guard,29.2,35.3,40.17094017094017,14.5,74,5,43.1,35.2
1628983,Shai Gilgeous-Alexander,OKC,2025-26,october,Primary Initiator,Primary,Forward,34.2,28.8,25.31645569620253,26.3,78,6,36.9,34.2
1628374,Lauri Markkanen,UTA,2025-26,october,Movement Shooter,Shooter,Big,27.7,10.7,47.66355140186916,4.0,85,5,37.5,33.8
1630559,Austin Reaves,LAL,2025-26,october,Primary Initiator,Primary,Guard,29.9,36.2,41.48936170212766,13.5,77,6,37.8,32.0
1628973,Jalen Brunson,NYK,2025-26,october,Primary Initiator,Primary,Guard,32.9,29.3,35.08771929824561,14.4,74,5,34.8,31.2
1626164,Devin Booker,PHX,2025-26,october,Primary Initiator,Primary,Guard,30.2,30.5,36.5,14.0,77,6,36.7,30.3
1641705,Victor Wembanyama,SAS,2025-26,october,Shot Creator,Scorer,Big,31.8,18.5,16.666666666666668,14.5,88,5,33.8,30.2
203897,Zach LaVine,SAC,2025-26,october,Secondary Ball Handler,Secondary,Guard,27.6,7.5,42.85714285714285,9.3,77,5,36.6,29.2
1628378,Donovan Mitchell,CLE,2025-26,october,Primary Initiator,Primary,Guard,30.0,23.2,44.44444444444444,11.4,74,5,33.1,28.0
1627759,Jaylen Brown,BOS,2025-26,october,Shot Creator,Scorer,Forward,31.9,21.7,35.714285714285715,20.6,78,6,32.5,27.7
201939,Stephen Curry,GSW,2025-26,october,Primary Initiator,Primary,Guard,29.5,24.4,58.19209039548024,10.1,74,6,31.1,27.0
203944,Julius Randle,MIN,2025-26,october,Shot Creator,Scorer,Forward,26.1,25.0,34.14634146341464,15.8,81,5,35.1,26.6
1627750,Jamal Murray,DEN,2025-26,october,Primary Initiator,Primary,Guard,28.5,24.5,34.73684210526316,14.6,76,5,33.7,26.0
1627783,Pascal Siakam,IND,2025-26,october,Shot Creator,Scorer,Forward,29.1,26.8,30.303030303030305,13.3,80,5,34.6,24.6
1630163,LaMelo Ball,CHA,2025-26,october,Primary Initiator,Primary,Forward,29.7,42.5,54.736842105263165,12.2,79,5,33.3,24.4
202695,Kawhi Leonard,LAC,2025-26,october,Shot Creator,Scorer,Forward,26.6,16.8,32.142857142857146,16.5,78,5,32.8,23.8
1630560,Cam Thomas,BKN,2025-26,october,Shot Creator,Scorer,Guard,32.1,18.2,39.08045977011494,16.4,75,5,30.3,23.4
1628389,Bam Adebayo,MIA,2025-26,october,3&D Wing,Wing,Forward,27.3,11.9,40.0,8.0,81,5,33.7,23.0
1630166,Deni Avdija,POR,2025-26,october,Shot Creator,Scorer,Forward,26.8,18.8,39.21568627450981,14.0,80,6,32.4,22.7
1631094,Paolo Banchero,ORL,2025-26,october,Shot Creator,Scorer,Big,27.0,18.8,23.030303030303028,14.7,82,6,35.4,22.5
1630595,Cade Cunningham,DET,2025-26,october,Primary Initiator,Primary,Forward,28.7,36.9,34.375,11.5,78,5,35.2,22.2
1630532,Franz Wagner,ORL,2025-26,october,Secondary Ball Handler,Secondary,Big,22.3,13.6,27.631578947368425,7.6,82,6,34.8,22.2
1630581,Josh Giddey,CHI,2025-26,october,Secondary Ball Handler,Secondary,Forward,27.9,36.7,27.848101265822784,5.0,79,5,32.7,22.0
201935,James Harden,LAC,2025-26,october,Shot Creator,Scorer,Guard,26.7,38.7,58.57142857142856,42.5,77,5,33.2,21.8
1627742,Brandon Ingram,TOR,2025-26,october,Shot Creator,Scorer,Forward,25.7,18.0,26.751592356687897,13.8,80,6,32.8,21.7
202710,Jimmy Butler III,GSW,2025-26,october,Shot Creator,Scorer,Forward,23.0,21.8,21.6,17.7,78,6,33.3,21.7
1629008,Michael Porter Jr.,BKN,2025-26,october,Movement Shooter,Shooter,Big,25.1,15.1,45.88235294117647,6.9,82,5,32.0,21.6
1641718,Keyonte George,UTA,2025-26,october,Shot Creator,Scorer,Guard,25.8,41.4,44.927536231884055,12.3,76,5,34.2,21.2
1642845,VJ Edgecombe,PHI,2025-26,october,3&D Wing,Wing,Guard,19.6,19.9,39.50617283950618,8.3,76,5,40.1,21.2
1629630,Ja Morant,MEM,2025-26,october,Primary Initiator,Primary,Guard,30.7,38.5,29.94350282485876,14.1,74,6,28.6,20.8
1630567,Scottie Barnes,TOR,2025-26,october,Finisher,Finisher,Forward,24.1,20.3,26.14379084967321,7.9,80,6,33.1,20.8
203076,Anthony Davis,DAL,2025-26,october,Post Scorer,Big,Big,27.8,14.1,14.666666666666666,11.5,82,5,29.9,20.8
1630552,Jalen Johnson,ATL,2025-26,october,Secondary Ball Handler,Secondary,Forward,23.9,25.3,15.068493150684931,7.9,80,5,31.0,20.8
203924,Jerami Grant,POR,2025-26,october,Stretch Shooter,Shooter,Forward,22.5,6.6,51.28205128205129,10.7,79,6,28.2,20.7
203999,Nikola Jokić,DEN,2025-26,october,Playmaking Big,Big,Big,22.0,45.8,31.818181818181824,5.3,83,5,34.7,20.4
1630596,Evan Mobley,CLE,2025-26,october,Playmaking Big,Big,Big,25.0,20.8,39.18918918918919,4.7,83,6,34.0,20.2
203932,Aaron Gordon,DEN,2025-26,october,Shot Creator,Scorer,Forward,21.3,10.2,43.10344827586207,16.0,80,5,30.2,19.8
1629673,Jordan Poole,NOP,2025-26,october,Stretch Shooter,Shooter,Guard,22.4,15.8,59.45945945945946,7.9,76,5,32.3,19.8
202696,Nikola Vučević,CHI,2025-26,october,Post Scorer,Big,Forward,20.8,20.6,33.84615384615385,,81,5,32.2,19.8
1629628,RJ Barrett,TOR,2025-26,october,Secondary Ball Handler,Secondary,Forward,21.4,14.0,33.33333333333333,2.7,78,6,32.0,19.3
201942,DeMar DeRozan,SAC,2025-26,october,Shot Creator,Scorer,Forward,20.0,21.3,13.88888888888889,19.9,78,5,36.4,19.0
1628969,Mikal Bridges,NYK,2025-26,october,3&D Wing,Wing,Forward,15.4,20.9,43.54838709677419,2.3,78,5,36.7,19.0
1630183,Jaden McDaniels,MIN,2025-26,october,3&D Wing,Wing,Forward,22.6,4.6,29.166666666666668,2.3,81,5,33.5,18.8
1642264,Stephon Castle,SAS,2025-26,october,Primary Initiator,Primary,Forward,28.5,28.1,36.206896551724135,8.4,78,5,31.6,18.8
1629012,Collin Sexton,CHA,2025-26,october,Secondary Ball Handler,Secondary,Guard,22.1,24.5,28.0,5.2,75,5,26.5,18.6
1642273,Kyshawn George,WAS,2025-26,october,Secondary Ball Handler,Secondary,Forward,20.5,22.8,50.0,6.1,80,5,32.6,18.6
1631157,Ryan Rollins,MIL,2025-26,october,Secondary Ball Handler,Secondary,Guard,21.4,21.9,42.85714285714286,7.3,75,5,31.1,18.6
1642349,Ajay Mitchell,OKC,2025-26,october,Secondary Ball Handler,Secondary,Guard,26.6,18.5,33.78378378378378,8.9,76,6,27.2,18.5
1642259,Alex Sarr,WAS,2025-26,october,Playmaking Big,Big,Big,26.8,22.5,20.28985507246377,5.3,84,5,27.3,18.4
1628970,Miles Bridges,CHA,2025-26,october,3&D Wing,Wing,Forward,23.0,13.6,46.05263157894737,9.0,79,5,32.3,18.2
201950,Jrue Holiday,POR,2025-26,october,Secondary Ball Handler,Secondary,Guard,21.7,38.8,47.887323943661976,10.1,76,6,32.3,18.2
1626157,Karl-Anthony Towns,NYK,2025-26,october,Rim Protector,Big,Big,24.0,10.3,38.235294117647065,10.0,84,5,33.4,18.0
1629027,Trae Young,WAS,2025-26,october,Secondary Ball Handler,Secondary,Guard,27.6,38.6,37.142857142857146,12.0,74,5,27.8,17.8
1626162,Kelly Oubre Jr.,PHI,2025-26,october,Shot Creator,Scorer,Forward,15.2,5.2,47.36842105263158,12.1,80,5,39.0,17.6
1630228,Jonathan Kuminga,GSW,2025-26,october,Shot Creator,Scorer,Forward,21.5,16.4,30.555555555555557,12.6,79,6,30.8,17.5
1629656,Quentin Grimes,PHI,2025-26,october,Stretch Shooter,Shooter,Guard,21.6,16.8,56.66666666666666,10.4,76,5,31.9,17.4
1631101,Shaedon Sharpe,POR,2025-26,october,Shot Creator,Scorer,Guard,29.9,8.5,43.604651162790695,12.3,77,6,27.2,17.3
1628991,Jaren Jackson Jr.,MEM,2025-26,october,3&D Wing,Wing,Big,23.7,6.6,31.62393162393163,11.1,82,6,27.6,17.2
1629638,Nickeil Alexander-Walker,ATL,2025-26,october,Movement Shooter,Shooter,Guard,23.7,15.0,47.183098591549296,2.9,77,6,30.4,17.0
1630170,Devin Vassell,SAS,2025-26,october,Movement Shooter,Shooter,Guard,20.0,9.4,59.1549295774648,2.7,77,5,34.7,16.8
1628401,Derrick White,BOS,2025-26,october,Stretch Shooter,Shooter,Guard,24.4,18.6,59.32203389830508,4.7,76,6,34.4,16.7
1628384,OG Anunoby,NYK,2025-26,october,Stretch Shooter,Shooter,Forward,19.0,10.2,64.06249999999999,5.9,79,5,34.6,16.6
203952,Andrew Wiggins,MIA,2025-26,october,3&D Wing,Wing,Forward,20.8,10.0,33.87096774193549,10.9,78,5,30.4,16.4
1628960,Grayson Allen,PHX,2025-26,october,Stretch Shooter,Shooter,Guard,19.3,21.6,67.66917293233082,2.8,75,6,34.6,16.3
1630245,Ayo Dosunmu,CHI,2025-26,october,3&D Wing,Wing,Guard,19.0,18.4,40.38461538461539,2.2,76,5,26.1,16.2
1631170,Jaime Jaquez Jr.,MIA,2025-26,october,Shot Creator,Scorer,Forward,19.2,20.2,15.094339622641511,14.8,78,5,29.2,16.2
1630217,Desmond Bane,ORL,2025-26,october,Secondary Ball Handler,Secondary,Forward,23.0,18.6,32.41379310344828,7.0,78,6,31.7,16.2
1641824,Matas Buzelis,CHI,2025-26,october,Secondary Ball Handler,Secondary,Forward,21.2,7.2,38.983050847457626,4.1,80,5,28.3,16.0
1628370,Malik Monk,SAC,2025-26,october,Secondary Ball Handler,Secondary,Guard,20.7,13.8,47.16981132075472,8.4,75,5,25.2,15.6
1629014,Anfernee Simons,BOS,2025-26,october,Shot Creator,Scorer,Guard,22.0,9.3,56.81818181818182,18.2,75,6,28.2,15.5
1642907,Cedric Coward,MEM,2025-26,october,3&D Wing,Wing,Guard,18.6,12.5,38.88888888888889,2.4,77,6,24.7,15.5
1629060,Rui Hachimura,LAL,2025-26,october,3&D Wing,Wing,Forward,14.6,7.2,40.81632653061224,3.7,80,6,36.5,15.3
1627826,Ivica Zubac,LAC,2025-26,october,Post Scorer,Big,Big,19.3,12.0,0.0,,84,5,28.8,15.2
1629023,P.J. Washington,DAL,2025-26,october,3&D Wing,Wing,Forward,20.1,11.8,31.57894736842105,4.1,79,5,33.4,15.2
1630168,Onyeka Okongwu,ATL,2025-26,october,3&D Wing,Wing,Big,17.5,12.0,33.33333333333333,1.6,82,6,30.1,15.0
1629028,Deandre Ayton,LAL,2025-26,october,Finisher,Finisher,Big,19.4,5.5,0.0,,84,6,31.4,14.8
1631105,Jalen Duren,DET,2025-26,october,Finisher,Finisher,Big,23.7,8.6,0.0,8.9,82,5,22.6,14.8
1630202,Payton Pritchard,BOS,2025-26,october,Shot Creator,Scorer,Guard,20.2,23.6,54.22535211267606,12.8,73,6,33.8,14.7
203468,CJ McCollum,ATL,2025-26,october,Stretch Shooter,Shooter,Guard,19.5,17.2,53.03030303030303,8.8,75,5,31.2,14.4
1642844,Dylan Harper,SAS,2025-26,october,Secondary Ball Handler,Secondary,Guard,23.5,25.6,25.0,7.7,77,5,25.8,14.4
1631117,Walker Kessler,UTA,2025-26,october,Finisher,Finisher,Big,16.7,15.5,21.62162162162162,,86,5,30.8,14.4
1628989,Kevin Huerter,CHI,2025-26,october,3&D Wing,Wing,Forward,19.0,14.1,47.72727272727273,,78,5,25.6,14.2
1628386,Jarrett Allen,CLE,2025-26,october,Finisher,Finisher,Forward,18.5,9.1,2.5,,81,5,27.0,14.0
202699,Tobias Harris,DET,2025-26,october,3&D Wing,Wing,Forward,17.2,14.3,38.983050847457626,4.2,80,5,31.6,14.0
1641709,Ausar Thompson,DET,2025-26,october,Finisher,Finisher,Forward,20.6,21.3,15.0,7.7,79,5,27.5,13.8
1642851,Kon Knueppel,CHA,2025-26,october,3&D Wing,Wing,Forward,17.7,8.2,68.0,,78,5,28.9,13.8
1631323,Simone Fontecchio,MIA,2025-26,october,Movement Shooter,Shooter,Forward,16.8,10.2,67.5,,79,5,21.5,13.8
1642848,Tre Johnson,WAS,2025-26,october,Movement Shooter,Shooter,Guard,19.1,10.0,58.92857142857143,3.2,77,5,26.8,13.8
1630530,Trey Murphy III,NOP,2025-26,october,Finisher,Finisher,Forward,17.3,16.4,50.0,6.6,80,5,35.3,13.6
1642843,Cooper Flagg,DAL,2025-26,october,Shot Creator,Scorer,Forward,19.0,14.1,24.590163934426236,13.3,81,5,32.3,13.4
1629018,Gary Trent Jr.,MIL,2025-26,october,Stretch Shooter,Shooter,Guard,19.3,13.7,69.4915254237288,,77,5,28.6,13.4
1630193,Immanuel Quickley,TOR,2025-26,october,Secondary Ball Handler,Secondary,Guard,20.6,28.9,46.08695652173913,6.1,74,6,31.0,13.3
1642847,Jeremiah Fears,NOP,2025-26,october,Secondary Ball Handler,Secondary,Guard,22.8,23.8,24.13793103448276,7.2,75,5,26.6,13.2
1630598,Aaron Wiggins,OKC,2025-26,october,Stretch Shooter,Shooter,Guard,20.8,13.5,56.77966101694915,6.3,77,6,28.0,13.2
1641710,Anthony Black,ORL,2025-26,october,Secondary Ball Handler,Secondary,Forward,21.3,9.9,35.869565217391305,4.4,79,6,26.4,13.0
1626220,Royce O'Neale,PHX,2025-26,october,3&D Wing,Wing,Forward,15.1,13.1,84.11214953271029,,78,6,33.3,13.0
1628978,Donte DiVincenzo,MIN,2025-26,october,Movement Shooter,Shooter,Guard,16.2,17.4,70.45454545454545,1.9,76,5,30.0,12.6
203471,Dennis Schröder,SAC,2025-26,october,Shot Creator,Scorer,Guard,21.0,28.6,36.92307692307692,14.8,73,5,31.5,12.4
203114,Khris Middleton,WAS,2025-26,october,Post Scorer,Big,Forward,19.3,13.3,30.0,6.1,79,5,25.8,12.4
1631109,Mark Williams,PHX,2025-26,october,Finisher,Finisher,Big,16.6,1.3,0.0,,85,5,24.3,12.4
1641716,Jarace Walker,IND,2025-26,october,Stretch Shooter,Shooter,Forward,20.4,20.2,53.125,6.4,79,5,29.4,12.2
1629651,Nic Claxton,BKN,2025-26,october,Shot Creator,Scorer,Big,18.4,12.5,5.769230769230769,14.1,83,5,26.4,12.2
1641783,Tristan da Silva,ORL,2025-26,october,Stretch Shooter,Shooter,Forward,19.6,6.8,56.47058823529412,,80,6,20.7,12.2
1631260,AJ Green,MIL,2025-26,october,Movement Shooter,Shooter,Guard,12.0,2.6,90.625,,76,5,28.1,11.8
1628381,John Collins,LAC,2025-26,october,3&D Wing,Wing,Forward,19.9,7.2,21.951219512195124,,81,5,24.1,11.8
1629640,Keldon Johnson,SAS,2025-26,october,3&D Wing,Wing,Forward,13.9,6.6,31.428571428571438,3.9,78,5,24.1,11.8
1631108,Max Christie,DAL,2025-26,october,3&D Wing,Wing,Guard,13.0,9.1,75.0,5.7,77,5,29.3,11.8
201566,Russell Westbrook,SAC,2025-26,october,Shot Creator,Scorer,Guard,22.0,21.6,44.00000000000001,13.4,76,5,24.5,11.8
1641764,Brandin Podziemski,GSW,2025-26,october,3&D Wing,Wing,Guard,16.7,13.7,50.526315789473685,6.1,76,6,28.9,11.7
1641842,Ronald Holland II,DET,2025-26,october,3&D Wing,Wing,Forward,21.5,12.7,48.83720930232558,3.8,80,5,21.6,11.6
1630200,Tre Jones,CHI,2025-26,october,Finisher,Finisher,Guard,15.1,27.7,22.857142857142858,4.8,73,5,29.0,11.6
1641739,Toumani Camara,POR,2025-26,october,3&D Wing,Wing,Forward,15.3,15.2,49.523809523809526,6.3,79,6,32.1,11.5
1629611,Terance Mann,BKN,2025-26,october,3&D Wing,Wing,Forward,14.2,13.3,48.71794871794872,3.7,78,5,25.3,11.2
203501,Tim Hardaway Jr.,DEN,2025-26,october,Movement Shooter,Shooter,Guard,16.0,5.9,65.85365853658539,2.2,77,5,23.3,11.2
1631221,Collin Gillespie,PHX,2025-26,october,Role Player,Role,Guard,16.8,30.9,75.26881720430107,3.3,73,6,25.8,11.2
1630573,Sam Hauser,BOS,2025-26,october,Movement Shooter,Shooter,Forward,16.5,6.3,91.95402298850576,,79,6,24.2,11.2
1630174,Aaron Nesmith,IND,2025-26,october,Movement Shooter,Shooter,Guard,17.1,5.1,61.29032258064515,,77,5,31.1,11.0
1631128,Christian Braun,DEN,2025-26,october,Finisher,Finisher,Forward,16.1,10.4,24.444444444444446,,78,5,30.9,11.0
1641750,Ryan Kalkbrenner,CHA,2025-26,october,Finisher,Finisher,Big,11.5,2.9,0.0,,85,5,27.5,11.0
1631222,Jake LaRavia,LAL,2025-26,october,3&D Wing,Wing,Forward,14.3,12.9,50.0,2.5,79,6,27.6,10.8
1626156,D'Angelo Russell,DAL,2025-26,october,Secondary Ball Handler,Secondary,Guard,28.8,40.3,42.30769230769231,8.7,75,5,20.6,10.8
1642377,Jaylen Wells,MEM,2025-26,october,3&D Wing,Wing,Forward,16.9,6.8,65.0,3.0,79,6,26.8,10.5
1628976,Wendell Carter Jr.,ORL,2025-26,october,3&D Wing,Wing,Big,15.1,8.6,33.84615384615385,,82,6,27.9,10.5
1627884,Derrick Jones Jr.,LAC,2025-26,october,3&D Wing,Wing,Forward,13.4,5.6,62.5,,78,5,23.0,10.4
1628392,Isaiah Hartenstein,OKC,2025-26,october,Finisher,Finisher,Big,14.0,12.4,3.8461538461538463,,84,6,31.5,10.3
203484,Kentavious Caldwell-Pope,MEM,2025-26,october,3&D Wing,Wing,Guard,17.5,27.7,52.94117647058824,3.1,77,6,24.4,10.3
1630583,Santi Aldama,MEM,2025-26,october,3&D Wing,Wing,Big,19.6,15.4,38.83495145631068,,84,6,24.1,10.3
1629111,Jock Landale,MEM,2025-26,october,Post Scorer,Big,Big,13.6,8.1,33.84615384615385,,83,6,23.7,10.2
1629130,Duncan Robinson,DET,2025-26,october,Movement Shooter,Shooter,Forward,10.8,5.2,81.57894736842107,,79,5,31.2,10.0
1626167,Myles Turner,MIL,2025-26,october,3&D Wing,Wing,Big,16.8,12.5,55.99999999999999,,83,5,29.6,10.0
1629675,Naz Reid,MIN,2025-26,october,3&D Wing,Wing,Forward,20.9,9.3,42.5531914893617,3.8,81,5,23.1,10.0
1631217,Moussa Diabaté,CHA,2025-26,october,Finisher,Finisher,Big,16.7,2.9,0.0,,82,5,20.1,9.8
1642281,Jaylon Tyson,CLE,2025-26,october,3&D Wing,Wing,Forward,15.2,9.6,54.285714285714285,,78,6,24.2,9.7
1641715,Cam Whitmore,WAS,2025-26,october,Finisher,Finisher,Forward,25.3,9.4,29.78723404255319,6.7,78,5,16.9,9.6
1630180,Saddiq Bey,NOP,2025-26,october,3&D Wing,Wing,Forward,16.3,10.1,57.14285714285714,6.5,80,5,24.5,9.6
1642270,Donovan Clingan,POR,2025-26,october,Finisher,Finisher,Big,12.1,12.3,38.888888888888886,,86,6,25.7,9.5
1641729,Brice Sensabaugh,UTA,2025-26,october,Movement Shooter,Shooter,Forward,22.8,11.1,66.66666666666666,2.8,78,5,15.1,9.2
1630558,Davion Mitchell,MIA,2025-26,october,Shot Creator,Scorer,Guard,15.7,37.0,39.53488372093023,28.6,72,5,27.5,9.2
203084,Harrison Barnes,SAS,2025-26,october,3&D Wing,Wing,Forward,13.7,12.2,61.11111111111112,8.0,79,5,30.5,9.2
1630191,Isaiah Stewart,DET,2025-26,october,Finisher,Finisher,Forward,17.3,9.6,31.57894736842105,,80,5,21.5,9.2
1630172,Patrick Williams,CHI,2025-26,october,3&D Wing,Wing,Forward,14.6,11.0,60.0,3.6,78,5,22.2,9.2
203110,Draymond Green,GSW,2025-26,october,3&D Wing,Wing,Forward,14.8,31.6,55.88235294117647,,78,6,29.0,9.0
1642276,Kel'el Ware,MIA,2025-26,october,3&D Wing,Wing,Big,17.6,6.1,44.73684210526316,,84,5,21.2,9.0
1631107,Nikola Jović,MIA,2025-26,october,3&D Wing,Wing,Big,16.4,13.5,58.82352941176471,3.7,82,5,21.2,9.0
1642346,Ryan Dunn,PHX,2025-26,october,3&D Wing,Wing,Forward,15.7,11.6,44.87179487179488,,79,6,23.5,8.8
1630572,Sandro Mamukelashvili,TOR,2025-26,october,3&D Wing,Wing,Forward,15.8,16.7,38.297872340425535,,81,6,17.7,8.8
1626171,Bobby Portis,MIL,2025-26,october,3&D Wing,Wing,Forward,25.0,5.6,32.6530612244898,3.2,81,5,19.2,8.8
1630529,Herbert Jones,NOP,2025-26,october,3&D Wing,Wing,Forward,17.0,10.4,52.38095238095239,,79,5,27.6,8.8
203497,Rudy Gobert,MIN,2025-26,october,Finisher,Finisher,Big,10.1,5.6,0.0,,85,5,31.7,8.6
1629661,Cameron Johnson,DEN,2025-26,october,3&D Wing,Wing,Forward,13.1,6.9,57.57575757575758,,80,5,26.8,8.2
1641717,Cason Wallace,OKC,2025-26,october,Finisher,Finisher,Guard,14.1,15.4,59.523809523809526,4.2,75,5,30.8,8.2
1630549,Day'Ron Sharpe,BKN,2025-26,october,Playmaking Big,Big,Big,18.3,21.3,26.08695652173913,3.7,82,5,17.1,8.2
202691,Klay Thompson,DAL,2025-26,october,Movement Shooter,Shooter,Guard,20.2,10.8,56.250000000000014,,77,5,20.7,8.2
1642883,Sion James,CHA,2025-26,october,3&D Wing,Wing,Guard,10.2,8.8,50.0,,77,5,21.3,8.2
1629674,Neemias Queta,BOS,2025-26,october,Finisher,Finisher,Big,13.6,7.8,3.773584905660378,,84,6,23.4,8.2
1642852,Derik Queen,NOP,2025-26,october,Shot Creator,Scorer,Forward,19.7,1.8,9.374999999999998,18.6,81,5,19.6,8.0
1631169,Josh Minott,BOS,2025-26,october,3&D Wing,Wing,Forward,13.2,8.8,48.27586206896552,,80,5,22.3,8.0
1627752,Taurean Prince,MIL,2025-26,october,3&D Wing,Wing,Forward,10.8,7.1,68.0,,78,5,22.8,8.0
1628379,Luke Kennard,ATL,2025-26,october,Movement Shooter,Shooter,Guard,12.7,12.1,49.122807017543856,,77,6,25.0,7.8
1630557,Corey Kispert,ATL,2025-26,october,Movement Shooter,Shooter,Forward,13.9,10.1,70.96774193548387,,78,5,20.7,7.8
203994,Jusuf Nurkić,UTA,2025-26,october,Playmaking Big,Big,Big,23.3,22.4,28.57142857142857,,83,5,17.3,7.8
1631165,Keon Ellis,SAC,2025-26,october,3&D Wing,Wing,Guard,15.0,4.3,58.620689655172406,,76,5,19.6,7.8
1642285,Cam Spencer,MEM,2025-26,october,Movement Shooter,Shooter,Guard,17.5,28.6,73.07692307692307,3.0,75,6,15.7,7.7
1641767,Ben Sheppard,IND,2025-26,october,3&D Wing,Wing,Forward,13.6,12.2,54.54545454545454,,78,5,29.8,7.6
1642261,Dalton Knecht,LAL,2025-26,october,Movement Shooter,Shooter,Forward,17.0,4.4,55.88235294117647,6.0,78,5,19.3,7.6
1627741,Buddy Hield,GSW,2025-26,october,Movement Shooter,Shooter,Guard,17.9,9.6,69.11764705882354,,76,6,17.1,7.5
1630700,Dyson Daniels,ATL,2025-26,october,Finisher,Finisher,Forward,14.1,13.5,6.25,5.6,79,6,31.4,7.5
1629652,Luguentz Dort,OKC,2025-26,october,3&D Wing,Wing,Guard,12.1,6.7,66.26506024096385,,76,6,34.7,7.3
1630577,Julian Champagnie,SAS,2025-26,october,Movement Shooter,Shooter,Forward,9.8,8.5,68.96551724137932,,79,5,29.3,7.2
1631212,Peyton Watson,DEN,2025-26,october,Finisher,Finisher,Forward,12.3,9.0,21.05263157894737,6.7,80,5,21.2,7.2
1629004,Svi Mykhailiuk,UTA,2025-26,october,3&D Wing,Wing,Forward,9.9,7.8,75.86206896551725,,79,5,26.2,7.2
1631213,Tyrese Martin,BKN,2025-26,october,3&D Wing,Wing,Forward,17.0,18.8,60.60606060606061,,78,5,18.0,7.2
1631243,Mouhamed Gueye,ATL,2025-26,october,3&D Wing,Wing,Big,17.4,9.3,49.09090909090909,,83,6,16.3,7.2
1642267,Bub Carrington,WAS,2025-26,october,Role Player,Role,Guard,13.4,14.5,38.235294117647065,4.8,76,5,28.2,7.0
1642347,Jamal Shead,TOR,2025-26,october,Role Player,Role,Guard,15.5,35.7,44.00000000000001,8.2,73,6,17.2,6.8
1627739,Kris Dunn,LAC,2025-26,october,Finisher,Finisher,Guard,13.6,3.8,37.93103448275863,3.9,75,5,22.8,6.8
1630230,Naji Marshall,DAL,2025-26,october,3&D Wing,Wing,Forward,11.3,12.0,19.047619047619047,5.6,78,5,23.7,6.8
1630544,Tre Mann,CHA,2025-26,october,Stretch Shooter,Shooter,Guard,21.7,19.7,52.38095238095239,8.5,76,5,19.5,6.6
1642383,Walter Clayton Jr.,UTA,2025-26,october,Finisher,Finisher,Guard,15.6,24.6,51.72413793103448,3.6,76,5,17.3,6.6
201572,Brook Lopez,LAC,2025-26,october,Stretch Shooter,Shooter,Big,20.5,4.0,78.7878787878788,,85,5,16.3,6.4
1642914,Javon Small,MEM,2025-26,october,Role Player,Role,Guard,16.9,31.3,69.23076923076923,,73,5,17.8,6.4
1631200,Kris Murray,POR,2025-26,october,3&D Wing,Wing,Forward,10.1,3.4,36.0,,80,5,23.2,6.4
1642271,Kyle Filipowski,UTA,2025-26,october,3&D Wing,Wing,Big,16.5,20.0,48.48484848484849,,83,5,19.1,6.4
1629013,Landry Shamet,NYK,2025-26,october,3&D Wing,Wing,Guard,15.2,5.5,88.46153846153845,,77,5,17.5,6.4
1641854,Craig Porter Jr.,CLE,2025-26,october,Role Player,Role,Guard,13.7,15.8,51.16279069767442,,73,6,17.4,6.2
1631104,Blake Wesley,POR,2025-26,october,Role Player,Role,Guard,17.3,27.9,29.82456140350877,,76,6,16.3,6.0
1629731,Dean Wade,CLE,2025-26,october,3&D Wing,Wing,Forward,10.2,7.5,84.00000000000001,,81,6,24.3,6.0
1629048,Goga Bitadze,ORL,2025-26,october,Finisher,Finisher,Big,9.9,12.2,15.151515151515152,,83,6,17.7,5.8
1630696,Dru Smith,MIA,2025-26,october,Finisher,Finisher,Guard,13.8,24.1,48.0,10.0,74,5,17.7,5.8
1628971,Bruce Brown,DEN,2025-26,october,Finisher,Finisher,Guard,12.2,10.5,38.095238095238095,4.1,76,5,18.5,5.4
1628366,Lonzo Ball,CLE,2025-26,october,3&D Wing,Wing,Guard,14.7,32.6,73.33333333333334,,77,5,23.9,5.4
201144,Mike Conley,MIN,2025-26,october,Role Player,Role,Guard,14.1,22.1,53.84615384615385,,73,5,20.1,5.4
1642345,Oso Ighodaro,PHX,2025-26,october,Finisher,Finisher,Big,14.1,9.2,0.0,8.5,83,6,17.9,5.3
1641730,Noah Clowney,BKN,2025-26,october,3&D Wing,Wing,Big,15.1,11.6,71.42857142857143,4.6,82,5,20.9,5.2
1629020,Jarred Vanderbilt,LAL,2025-26,october,3&D Wing,Wing,Forward,13.6,9.6,22.22222222222222,,80,6,21.1,5.0
1629750,Javonte Green,DET,2025-26,october,3&D Wing,Wing,Guard,13.9,9.8,44.44444444444444,,77,5,16.1,5.0
1630643,Jay Huff,IND,2025-26,october,3&D Wing,Wing,Big,14.0,9.3,64.0,,85,5,16.1,5.0
1631119,Jaylin Williams,OKC,2025-26,october,3&D Wing,Wing,Forward,15.7,17.4,83.33333333333334,,81,6,17.1,4.7
1626204,Larry Nance Jr.,CLE,2025-26,october,3&D Wing,Wing,Forward,15.2,12.5,44.00000000000001,,78,6,16.0,4.5
1642846,Ace Bailey,UTA,2025-26,october,Role Player,Role,Forward,17.7,16.1,37.49999999999999,3.0,81,5,17.0,4.4
1630171,Isaac Okoro,CHI,2025-26,october,3&D Wing,Wing,Guard,12.2,7.2,46.42857142857144,,76,5,22.6,4.4
1630545,Terrence Shannon Jr.,MIN,2025-26,october,3&D Wing,Wing,Forward,13.6,10.6,37.5,,78,5,18.0,4.4
1629723,John Konchar,MEM,2025-26,october,3&D Wing,Wing,Guard,8.6,10.0,64.28571428571429,,77,6,15.0,4.3
1642879,Ben Saraf,BKN,2025-26,october,3&D Wing,Wing,Forward,15.9,19.5,52.17391304347826,12.0,78,5,18.2,3.2
1641737,Adem Bona,PHI,2025-26,october,Finisher,Finisher,Big,8.3,5.3,0.0,,82,5,16.0,2.4
1626145,Tyus Jones,ORL,2025-26,october,Role Player,Role,Guard,10.4,15.0,60.60606060606061,,72,6,15.1,2.3
1629029,Luka Dončić,LAL,2025-26,november,Primary Initiator,Primary,Forward,34.7,39.2,48.85844748858448,16.0,80,12,37.0,32.5
203999,Nikola Jokić,DEN,2025-26,november,Playmaking Big,Big,Big,29.2,47.8,26.285714285714285,5.3,83,14,34.7,32.0
1628983,Shai Gilgeous-Alexander,OKC,2025-26,november,Primary Initiator,Primary,Forward,31.4,34.8,25.96685082872928,26.3,78,15,32.1,31.9
1630595,Cade Cunningham,DET,2025-26,november,Primary Initiator,Primary,Forward,33.3,40.7,26.694915254237284,11.5,78,12,37.3,31.6
1630178,Tyrese Maxey,PHI,2025-26,november,Primary Initiator,Primary,Guard,29.3,30.2,43.42105263157895,14.5,74,14,39.8,31.3
1628378,Donovan Mitchell,CLE,2025-26,november,Primary Initiator,Primary,Guard,31.4,26.6,52.33644859813084,11.4,74,14,34.7,30.6
201935,James Harden,LAC,2025-26,november,Primary Initiator,Primary,Guard,31.8,36.6,55.154639175257735,42.5,77,14,36.8,29.8
1630162,Anthony Edwards,MIN,2025-26,november,Primary Initiator,Primary,Guard,30.7,20.7,44.39024390243903,23.4,76,13,35.1,29.7
203507,Giannis Antetokounmpo,MIL,2025-26,november,Primary Initiator,Primary,Big,36.4,36.8,7.90960451977401,10.9,83,11,30.0,29.0
1627759,Jaylen Brown,BOS,2025-26,november,Primary Initiator,Primary,Forward,36.8,25.8,24.34782608695652,20.6,78,14,33.3,28.6
201939,Stephen Curry,GSW,2025-26,november,Movement Shooter,Shooter,Guard,34.4,19.7,63.72549019607844,10.1,74,10,31.0,28.4
1628973,Jalen Brunson,NYK,2025-26,november,Primary Initiator,Primary,Guard,30.2,28.6,35.609756097560975,14.4,74,12,34.2,27.3
1630166,Deni Avdija,POR,2025-26,november,Shot Creator,Scorer,Forward,27.9,30.0,40.80459770114943,14.0,80,14,34.8,27.1
202695,Kawhi Leonard,LAC,2025-26,november,Shot Creator,Scorer,Forward,33.3,14.3,31.521739130434785,16.5,78,5,29.7,27.0
1630559,Austin Reaves,LAL,2025-26,november,Shot Creator,Scorer,Guard,25.9,23.4,47.46835443037975,13.5,77,10,36.2,26.9
1628374,Lauri Markkanen,UTA,2025-26,november,Finisher,Finisher,Big,26.7,10.3,42.85714285714285,4.0,85,14,34.8,25.9
1629008,Michael Porter Jr.,BKN,2025-26,november,Movement Shooter,Shooter,Big,29.1,16.8,48.64864864864865,6.9,82,11,32.8,25.5
1626181,Norman Powell,MIA,2025-26,november,Finisher,Finisher,Guard,27.2,10.4,42.07317073170732,10.9,75,13,30.5,24.8
1629632,Coby White,CHI,2025-26,november,Stretch Shooter,Shooter,Guard,29.9,29.2,51.76470588235295,7.7,76,5,30.7,24.2
1628368,De'Aaron Fox,SAS,2025-26,november,Primary Initiator,Primary,Guard,28.1,30.0,35.83815028901734,10.1,75,11,33.4,24.1
1626164,Devin Booker,PHX,2025-26,november,Primary Initiator,Primary,Guard,28.3,30.3,29.37853107344633,14.0,77,15,35.5,23.8
1628970,Miles Bridges,CHA,2025-26,november,3&D Wing,Wing,Forward,25.5,17.1,47.28260869565217,9.0,79,15,36.2,23.8
1627783,Pascal Siakam,IND,2025-26,november,Shot Creator,Scorer,Forward,27.3,19.6,25.568181818181817,13.3,80,14,34.5,23.7
1630552,Jalen Johnson,ATL,2025-26,november,Secondary Ball Handler,Secondary,Forward,25.6,32.6,28.02547770700637,7.9,80,14,36.0,23.6
201142,Kevin Durant,HOU,2025-26,november,Shot Creator,Scorer,Big,24.8,15.5,27.2189349112426,20.8,83,11,35.4,23.5
1641705,Victor Wembanyama,SAS,2025-26,november,Shot Creator,Scorer,Big,29.0,20.0,33.519553072625705,14.5,88,7,35.3,23.3
1627750,Jamal Murray,DEN,2025-26,november,Shot Creator,Scorer,Guard,24.9,28.0,43.67816091954023,14.6,76,13,35.9,23.2
1630532,Franz Wagner,ORL,2025-26,november,Secondary Ball Handler,Secondary,Big,25.9,18.9,26.829268292682933,7.6,82,14,34.5,23.1
1626157,Karl-Anthony Towns,NYK,2025-26,november,Rim Protector,Big,Big,26.3,15.4,33.54037267080745,10.0,84,14,33.4,23.0
1641718,Keyonte George,UTA,2025-26,november,Shot Creator,Scorer,Guard,27.4,28.5,39.76608187134503,12.3,76,14,33.8,23.0
1631101,Shaedon Sharpe,POR,2025-26,november,Shot Creator,Scorer,Guard,31.5,13.9,33.333333333333336,12.3,77,10,28.0,23.0
1628415,Dillon Brooks,PHX,2025-26,november,Secondary Ball Handler,Secondary,Forward,27.2,8.2,42.42424242424242,9.3,79,12,31.5,22.1
1630530,Trey Murphy III,NOP,2025-26,november,Stretch Shooter,Shooter,Forward,21.6,13.2,56.00000000000001,6.6,80,14,35.6,21.9
1630578,Alperen Sengun,HOU,2025-26,november,Shot Creator,Scorer,Big,26.2,29.0,15.476190476190476,14.9,83,13,35.5,21.8
203944,Julius Randle,MIN,2025-26,november,Shot Creator,Scorer,Forward,25.9,27.0,33.11688311688311,15.8,81,15,33.0,21.8
1631105,Jalen Duren,DET,2025-26,november,Finisher,Finisher,Big,22.6,10.4,0.0,8.9,82,12,31.8,21.5
1629638,Nickeil Alexander-Walker,ATL,2025-26,november,Movement Shooter,Shooter,Guard,23.8,16.1,48.32214765100672,2.9,77,13,33.7,21.5
1627742,Brandon Ingram,TOR,2025-26,november,Shot Creator,Scorer,Forward,27.5,15.8,27.32558139534884,13.8,80,15,34.4,21.4
1629627,Zion Williamson,NOP,2025-26,november,Shot Creator,Scorer,Forward,27.4,20.2,3.7037037037037033,23.8,78,6,29.9,21.2
1631094,Paolo Banchero,ORL,2025-26,november,Shot Creator,Scorer,Big,27.2,20.3,26.51515151515152,14.7,82,6,30.1,20.8
1630581,Josh Giddey,CHI,2025-26,november,Secondary Ball Handler,Secondary,Forward,24.4,42.3,32.21476510067114,5.0,79,12,34.5,19.9
1642851,Kon Knueppel,CHA,2025-26,november,Stretch Shooter,Shooter,Forward,21.2,14.8,60.544217687074834,,78,15,34.9,19.9
1627734,Domantas Sabonis,SAC,2025-26,november,Post Scorer,Big,Big,24.2,19.4,11.347517730496454,,82,7,33.0,19.9
1631097,Bennedict Mathurin,IND,2025-26,november,Secondary Ball Handler,Secondary,Guard,26.7,12.6,45.751633986928105,9.0,77,7,33.0,19.7
202710,Jimmy Butler III,GSW,2025-26,november,Shot Creator,Scorer,Forward,21.8,28.0,15.65217391304348,17.7,78,13,30.9,19.5
1630567,Scottie Barnes,TOR,2025-26,november,Finisher,Finisher,Forward,22.9,22.2,20.945945945945947,7.9,80,15,33.5,19.5
1642259,Alex Sarr,WAS,2025-26,november,Finisher,Finisher,Big,26.3,15.6,22.43589743589744,5.3,84,11,30.8,19.4
1629628,RJ Barrett,TOR,2025-26,november,Secondary Ball Handler,Secondary,Forward,24.8,19.6,38.732394366197184,2.7,78,11,30.3,19.4
1630217,Desmond Bane,ORL,2025-26,november,Secondary Ball Handler,Secondary,Forward,23.0,21.8,33.557046979865774,7.0,78,14,33.1,19.2
1630174,Aaron Nesmith,IND,2025-26,november,Movement Shooter,Shooter,Guard,22.4,10.3,52.81690140845071,,77,6,29.9,19.2
203468,CJ McCollum,ATL,2025-26,november,Secondary Ball Handler,Secondary,Guard,25.1,15.9,46.05263157894737,8.8,75,13,29.0,19.2
1628960,Grayson Allen,PHX,2025-26,november,Stretch Shooter,Shooter,Guard,21.4,17.6,64.61538461538461,2.8,75,8,29.4,19.0
1628991,Jaren Jackson Jr.,MEM,2025-26,november,3&D Wing,Wing,Big,24.6,12.4,36.18421052631579,11.1,82,13,30.7,18.8
1630596,Evan Mobley,CLE,2025-26,november,Finisher,Finisher,Big,21.7,16.4,27.40740740740741,4.7,83,14,34.5,18.7
1630202,Payton Pritchard,BOS,2025-26,november,Shot Creator,Scorer,Guard,21.0,19.7,59.12408759124088,12.8,73,14,31.7,18.7
204001,Kristaps Porziņģis,ATL,2025-26,november,Post Scorer,Big,Big,24.1,18.1,36.29032258064516,,86,8,27.1,18.5
203924,Jerami Grant,POR,2025-26,november,3&D Wing,Wing,Forward,23.6,15.4,42.63565891472868,10.7,79,13,29.4,18.4
1629614,Andrew Nembhard,IND,2025-26,november,Secondary Ball Handler,Secondary,Guard,24.4,32.4,41.25874125874126,8.9,76,11,32.1,18.4
1631099,Keegan Murray,SAC,2025-26,november,3&D Wing,Wing,Forward,18.4,6.9,41.17647058823529,4.2,80,6,38.8,18.3
201942,DeMar DeRozan,SAC,2025-26,november,Shot Creator,Scorer,Forward,20.4,14.3,16.40625,19.9,78,16,32.1,18.2
203932,Aaron Gordon,DEN,2025-26,november,Shot Creator,Scorer,Forward,22.7,4.0,40.0,16.0,80,8,27.2,18.1
1642843,Cooper Flagg,DAL,2025-26,november,Shot Creator,Scorer,Forward,22.2,17.6,27.58620689655172,13.3,81,15,34.5,17.8
203897,Zach LaVine,SAC,2025-26,november,Movement Shooter,Shooter,Guard,21.9,12.1,48.52941176470589,9.3,77,14,32.8,17.7
1631157,Ryan Rollins,MIL,2025-26,november,Secondary Ball Handler,Secondary,Guard,24.7,28.2,41.21621621621621,7.3,75,16,32.9,17.7
203952,Andrew Wiggins,MIA,2025-26,november,3&D Wing,Wing,Forward,20.2,13.2,37.06293706293706,10.9,78,12,34.3,17.6
1641708,Amen Thompson,HOU,2025-26,november,Secondary Ball Handler,Secondary,Forward,20.1,19.8,13.6986301369863,9.4,79,13,37.1,17.4
1629631,De'Andre Hunter,CLE,2025-26,november,3&D Wing,Wing,Forward,21.7,12.3,49.6,7.5,79,13,29.0,17.1
1630193,Immanuel Quickley,TOR,2025-26,november,Stretch Shooter,Shooter,Guard,20.2,26.5,54.47761194029851,6.1,74,15,32.7,17.0
1629656,Quentin Grimes,PHI,2025-26,november,Stretch Shooter,Shooter,Guard,20.4,20.1,52.066115702479344,10.4,76,14,33.5,16.9
1631096,Chet Holmgren,OKC,2025-26,november,Finisher,Finisher,Big,23.0,8.6,27.868852459016395,7.8,85,13,28.1,16.8
1627826,Ivica Zubac,LAC,2025-26,november,Post Scorer,Big,Big,20.0,13.4,0.0,,84,15,33.7,16.7
1630168,Onyeka Okongwu,ATL,2025-26,november,3&D Wing,Wing,Big,21.1,14.7,45.52845528455284,1.6,82,14,30.3,16.7
1629028,Deandre Ayton,LAL,2025-26,november,Finisher,Finisher,Big,19.3,4.4,0.0,,84,11,28.5,16.6
1628389,Bam Adebayo,MIA,2025-26,november,3&D Wing,Wing,Forward,23.0,12.9,31.14754098360656,8.0,81,9,28.5,16.6
1630163,LaMelo Ball,CHA,2025-26,november,Primary Initiator,Primary,Forward,31.9,41.8,45.614035087719294,12.2,79,8,27.3,16.4
1642264,Stephon Castle,SAS,2025-26,november,Secondary Ball Handler,Secondary,Forward,22.2,38.8,29.75206611570248,8.4,78,8,32.2,16.4
1629023,P.J. Washington,DAL,2025-26,november,3&D Wing,Wing,Forward,23.4,11.5,36.42857142857142,4.1,79,14,31.1,16.3
202699,Tobias Harris,DET,2025-26,november,3&D Wing,Wing,Forward,17.5,10.5,42.056074766355145,4.2,80,6,28.6,16.2
1631170,Jaime Jaquez Jr.,MIA,2025-26,november,Shot Creator,Scorer,Forward,21.5,26.9,13.28125,14.8,78,14,30.0,16.1
1626162,Kelly Oubre Jr.,PHI,2025-26,november,Shot Creator,Scorer,Forward,20.5,6.4,43.51145038167939,12.1,80,7,31.8,16.1
1642847,Jeremiah Fears,NOP,2025-26,november,Secondary Ball Handler,Secondary,Guard,25.7,14.2,28.148148148148145,7.2,75,16,27.4,16.1
1628401,Derrick White,BOS,2025-26,november,Stretch Shooter,Shooter,Guard,21.0,22.4,54.74452554744526,4.7,76,13,32.8,15.7
1630170,Devin Vassell,SAS,2025-26,november,Movement Shooter,Shooter,Guard,18.5,10.5,51.181102362204726,2.7,77,14,32.6,15.6
1630245,Ayo Dosunmu,CHI,2025-26,november,3&D Wing,Wing,Guard,19.4,15.5,36.19047619047619,2.2,76,12,27.1,15.4
1629012,Collin Sexton,CHA,2025-26,november,Secondary Ball Handler,Secondary,Guard,24.8,27.9,33.91304347826087,5.2,75,14,26.4,15.3
1628384,OG Anunoby,NYK,2025-26,november,3&D Wing,Wing,Forward,19.6,8.9,45.37815126050421,5.9,79,7,28.6,15.3
201950,Jrue Holiday,POR,2025-26,november,Stretch Shooter,Shooter,Guard,20.0,30.9,54.07407407407408,10.1,76,6,34.5,15.2
202696,Nikola Vučević,CHI,2025-26,november,Post Scorer,Big,Forward,21.4,15.9,39.55223880597015,,81,13,30.0,15.2
1642263,Reed Sheppard,HOU,2025-26,november,Stretch Shooter,Shooter,Guard,18.9,17.4,57.407407407407405,4.6,74,13,26.1,15.2
1628969,Mikal Bridges,NYK,2025-26,november,3&D Wing,Wing,Forward,16.2,15.6,45.2991452991453,2.3,78,14,34.5,15.1
1629630,Ja Morant,MEM,2025-26,november,Primary Initiator,Primary,Guard,31.1,44.7,31.756756756756754,14.1,74,6,29.0,15.0
1631095,Jabari Smith Jr.,HOU,2025-26,november,3&D Wing,Wing,Big,17.7,7.7,46.55172413793104,5.6,83,12,31.9,14.8
1629636,Darius Garland,CLE,2025-26,november,Secondary Ball Handler,Secondary,Guard,24.9,32.7,44.44444444444444,6.7,73,7,27.7,14.7
1628398,Kyle Kuzma,MIL,2025-26,november,3&D Wing,Wing,Forward,21.5,11.8,28.703703703703702,5.1,80,16,26.7,14.7
1630583,Santi Aldama,MEM,2025-26,november,3&D Wing,Wing,Big,20.0,18.1,40.70796460176991,,84,15,26.9,14.7
1641730,Noah Clowney,BKN,2025-26,november,Stretch Shooter,Shooter,Big,20.8,8.7,71.2871287128713,4.6,82,14,29.5,14.6
1630591,Jalen Suggs,ORL,2025-26,november,Stretch Shooter,Shooter,Guard,23.7,27.9,56.88073394495413,6.6,77,11,25.8,14.5
1642273,Kyshawn George,WAS,2025-26,november,Secondary Ball Handler,Secondary,Forward,22.1,23.5,43.96551724137931,6.1,80,11,30.7,14.5
1630180,Saddiq Bey,NOP,2025-26,november,3&D Wing,Wing,Forward,18.7,12.3,49.13793103448276,6.5,80,15,29.6,14.5
1628386,Jarrett Allen,CLE,2025-26,november,Finisher,Finisher,Forward,20.8,9.5,2.912621359223301,,81,10,25.7,14.5
1629060,Rui Hachimura,LAL,2025-26,november,3&D Wing,Wing,Forward,16.0,2.4,39.81481481481481,3.7,80,12,32.2,14.5
1628978,Donte DiVincenzo,MIN,2025-26,november,Movement Shooter,Shooter,Guard,17.1,14.4,77.57009345794394,1.9,76,15,31.6,14.4
1630183,Jaden McDaniels,MIN,2025-26,november,3&D Wing,Wing,Forward,18.2,13.1,30.47619047619048,2.3,81,14,31.1,14.4
1629651,Nic Claxton,BKN,2025-26,november,Shot Creator,Scorer,Big,18.5,23.8,4.651162790697675,14.1,83,14,31.0,14.1
201566,Russell Westbrook,SAC,2025-26,november,Shot Creator,Scorer,Guard,23.7,36.5,43.90243902439025,13.4,76,16,29.3,14.1
1629675,Naz Reid,MIN,2025-26,november,Movement Shooter,Shooter,Forward,21.6,13.0,52.58620689655172,3.8,81,15,25.5,14.1
202331,Paul George,PHI,2025-26,november,Shot Creator,Scorer,Forward,25.4,23.0,50.0,18.4,80,5,23.1,14.0
1642349,Ajay Mitchell,OKC,2025-26,november,Secondary Ball Handler,Secondary,Guard,22.5,21.3,25.233644859813086,8.9,76,15,26.2,13.9
1628404,Josh Hart,NYK,2025-26,november,3&D Wing,Wing,Guard,17.4,24.5,41.23711340206186,,77,14,30.1,13.9
1630230,Naji Marshall,DAL,2025-26,november,3&D Wing,Wing,Forward,17.9,14.3,41.75824175824176,5.6,78,16,27.8,13.8
1641744,Zach Edey,MEM,2025-26,november,Post Scorer,Big,Big,18.4,4.8,4.761904761904762,,87,8,25.4,13.6
1626167,Myles Turner,MIL,2025-26,november,3&D Wing,Wing,Big,17.8,6.5,59.5959595959596,,83,16,29.8,13.6
203084,Harrison Barnes,SAS,2025-26,november,3&D Wing,Wing,Forward,15.6,8.4,59.782608695652186,8.0,79,14,30.7,13.5
1629640,Keldon Johnson,SAS,2025-26,november,3&D Wing,Wing,Forward,19.8,12.7,30.851063829787236,3.9,78,14,24.3,13.5
1629130,Duncan Robinson,DET,2025-26,november,Movement Shooter,Shooter,Forward,14.5,9.3,78.64077669902912,,79,15,32.3,13.5
1642276,Kel'el Ware,MIA,2025-26,november,3&D Wing,Wing,Big,17.2,2.0,22.10526315789474,,84,15,26.1,13.5
1630200,Tre Jones,CHI,2025-26,november,Finisher,Finisher,Guard,17.7,22.0,15.116279069767444,4.8,73,11,28.3,13.4
1631221,Collin Gillespie,PHX,2025-26,november,Stretch Shooter,Shooter,Guard,19.6,24.7,62.5,3.3,73,15,26.7,13.3
1642852,Derik Queen,NOP,2025-26,november,Shot Creator,Scorer,Forward,24.1,25.9,8.737864077669903,18.6,81,16,24.8,13.1
1631109,Mark Williams,PHX,2025-26,november,Finisher,Finisher,Big,16.8,8.1,0.0,,85,12,25.9,13.1
1628392,Isaiah Hartenstein,OKC,2025-26,november,Finisher,Finisher,Big,17.9,18.7,2.5641025641025643,,84,13,26.1,13.1
1641710,Anthony Black,ORL,2025-26,november,3&D Wing,Wing,Forward,19.9,16.5,34.95145631067961,4.4,79,14,27.8,13.0
1630541,Moses Moody,GSW,2025-26,november,Movement Shooter,Shooter,Guard,17.8,8.4,68.62745098039215,4.9,77,15,28.0,13.0
1629014,Anfernee Simons,BOS,2025-26,november,Shot Creator,Scorer,Guard,22.9,20.7,55.99999999999999,18.2,75,14,22.2,12.9
1628976,Wendell Carter Jr.,ORL,2025-26,november,3&D Wing,Wing,Big,15.4,10.1,38.27160493827161,,82,13,30.3,12.8
1630198,Isaiah Joe,OKC,2025-26,november,Stretch Shooter,Shooter,Guard,19.0,8.8,79.31034482758622,,76,15,23.6,12.7
1641739,Toumani Camara,POR,2025-26,november,3&D Wing,Wing,Forward,16.3,9.5,68.42105263157895,6.3,79,14,34.8,12.6
1641764,Brandin Podziemski,GSW,2025-26,november,3&D Wing,Wing,Guard,18.3,18.2,48.48484848484848,6.1,76,15,28.1,12.6
1642281,Jaylon Tyson,CLE,2025-26,november,3&D Wing,Wing,Forward,15.4,8.6,54.08163265306122,,78,10,27.7,12.6
1631108,Max Christie,DAL,2025-26,november,3&D Wing,Wing,Guard,16.2,11.2,62.10526315789474,5.7,77,16,29.3,12.5
1642258,Zaccharie Risacher,ATL,2025-26,november,3&D Wing,Wing,Forward,18.9,9.5,49.03846153846153,,80,14,25.5,12.4
1629661,Cameron Johnson,DEN,2025-26,november,3&D Wing,Wing,Forward,15.5,9.8,48.88888888888889,,80,13,29.5,12.4
203471,Dennis Schröder,SAC,2025-26,november,Shot Creator,Scorer,Guard,20.6,31.1,40.36697247706422,14.8,73,13,28.3,12.4
1626156,D'Angelo Russell,DAL,2025-26,november,Secondary Ball Handler,Secondary,Guard,28.0,35.5,48.14814814814815,8.7,75,12,21.8,12.3
1630577,Julian Champagnie,SAS,2025-26,november,Movement Shooter,Shooter,Forward,17.1,5.8,75.00000000000001,,79,14,27.8,12.3
1642845,VJ Edgecombe,PHI,2025-26,november,3&D Wing,Wing,Guard,18.4,13.9,38.28125,8.3,76,11,34.7,12.3
1642907,Cedric Coward,MEM,2025-26,november,3&D Wing,Wing,Guard,18.8,14.9,48.07692307692307,2.4,77,15,28.1,12.3
1630241,Sam Merrill,CLE,2025-26,november,3&D Wing,Wing,Guard,15.8,12.5,84.21052631578947,,76,8,26.0,12.3
1628370,Malik Monk,SAC,2025-26,november,Secondary Ball Handler,Secondary,Guard,22.2,13.3,40.36697247706422,8.4,75,13,23.9,12.2
1641824,Matas Buzelis,CHI,2025-26,november,3&D Wing,Wing,Forward,18.8,7.0,44.55445544554456,4.1,80,14,27.7,12.2
1642846,Ace Bailey,UTA,2025-26,november,Movement Shooter,Shooter,Forward,18.9,10.4,47.31182795698925,3.0,81,14,23.5,12.1
203501,Tim Hardaway Jr.,DEN,2025-26,november,Movement Shooter,Shooter,Guard,16.7,7.5,67.77777777777777,2.2,77,14,24.6,12.1
1628381,John Collins,LAC,2025-26,november,3&D Wing,Wing,Forward,17.9,2.2,31.57894736842105,,81,15,27.8,12.1
1627751,Jakob Poeltl,TOR,2025-26,november,Finisher,Finisher,Big,13.7,11.7,0.0,,84,11,27.7,12.0
1628989,Kevin Huerter,CHI,2025-26,november,3&D Wing,Wing,Forward,19.6,14.3,50.0,,78,13,24.9,12.0
1630314,Brandon Williams,DAL,2025-26,november,Secondary Ball Handler,Secondary,Guard,25.0,28.0,33.9622641509434,10.6,73,16,23.9,11.9
203903,Jordan Clarkson,NYK,2025-26,november,3&D Wing,Wing,Guard,22.1,13.2,48.93617021276595,5.2,77,14,20.8,11.9
1631106,Tari Eason,HOU,2025-26,november,3&D Wing,Wing,Forward,18.0,6.0,62.0689655172414,5.0,80,7,22.4,11.9
202691,Klay Thompson,DAL,2025-26,november,Movement Shooter,Shooter,Guard,20.9,11.3,80.37383177570094,,77,15,22.1,11.8
1642377,Jaylen Wells,MEM,2025-26,november,3&D Wing,Wing,Forward,17.1,9.8,50.0,3.0,79,15,26.2,11.7
1631128,Christian Braun,DEN,2025-26,november,Finisher,Finisher,Forward,15.6,13.8,32.18390804597701,,78,6,28.5,11.7
1626171,Bobby Portis,MIL,2025-26,november,3&D Wing,Wing,Forward,20.1,8.9,37.362637362637365,3.2,81,16,22.2,11.6
203992,Bogdan Bogdanović,LAC,2025-26,november,Role Player,Role,Guard,18.0,24.4,63.82978723404255,,77,7,28.2,11.6
1630540,Miles McBride,NYK,2025-26,november,Role Player,Role,Guard,16.2,11.9,63.44086021505376,4.7,74,13,26.0,11.5
1630700,Dyson Daniels,ATL,2025-26,november,Finisher,Finisher,Forward,15.3,25.6,17.3469387755102,5.6,79,15,34.6,11.4
1642450,Daniss Jenkins,DET,2025-26,november,Secondary Ball Handler,Secondary,Guard,21.2,29.8,31.034482758620697,9.5,76,11,20.9,11.4
1642285,Cam Spencer,MEM,2025-26,november,Movement Shooter,Shooter,Guard,18.5,26.3,63.74999999999999,3.0,75,15,22.2,11.3
1629111,Jock Landale,MEM,2025-26,november,Post Scorer,Big,Big,20.7,13.7,30.337078651685395,,83,15,21.3,11.3
1631260,AJ Green,MIL,2025-26,november,Movement Shooter,Shooter,Guard,12.7,11.4,93.42105263157896,,76,16,29.3,11.2
1631212,Peyton Watson,DEN,2025-26,november,Finisher,Finisher,Forward,15.9,7.9,39.53488372093023,6.7,80,14,27.9,11.1
1641796,Pelle Larsson,MIA,2025-26,november,3&D Wing,Wing,Guard,17.3,19.7,42.85714285714285,5.6,77,15,26.1,11.1
1641709,Ausar Thompson,DET,2025-26,november,Finisher,Finisher,Forward,17.2,10.8,5.555555555555555,7.7,79,11,28.6,11.0
1626220,Royce O'Neale,PHX,2025-26,november,3&D Wing,Wing,Forward,14.5,10.9,80.45977011494253,,78,15,28.8,10.9
203497,Rudy Gobert,MIN,2025-26,november,Finisher,Finisher,Big,12.6,8.9,0.0,,85,15,31.9,10.9
1641783,Tristan da Silva,ORL,2025-26,november,3&D Wing,Wing,Forward,17.0,8.1,50.56179775280899,,80,14,24.9,10.9
1630188,Jalen Smith,CHI,2025-26,november,Stretch Shooter,Shooter,Forward,20.6,11.0,58.0246913580247,,80,13,18.2,10.9
1630572,Sandro Mamukelashvili,TOR,2025-26,november,3&D Wing,Wing,Forward,19.8,10.8,36.25,,81,14,19.5,10.9
1629013,Landry Shamet,NYK,2025-26,november,3&D Wing,Wing,Guard,14.1,8.6,64.17910447761194,,77,10,22.6,10.7
1629674,Neemias Queta,BOS,2025-26,november,Finisher,Finisher,Big,15.3,10.1,2.702702702702702,,84,12,24.2,10.7
1642270,Donovan Clingan,POR,2025-26,november,Finisher,Finisher,Big,15.1,8.1,34.523809523809526,,86,13,25.3,10.5
1630249,Vít Krejčí,ATL,2025-26,november,Movement Shooter,Shooter,Forward,14.2,11.5,77.46478873239437,,80,15,24.1,10.5
1627884,Derrick Jones Jr.,LAC,2025-26,november,3&D Wing,Wing,Forward,15.7,6.3,44.0,,78,8,26.1,10.5
1630191,Isaiah Stewart,DET,2025-26,november,Finisher,Finisher,Forward,16.9,7.7,34.24657534246575,,80,12,22.9,10.5
1630228,Jonathan Kuminga,GSW,2025-26,november,Shot Creator,Scorer,Forward,24.0,15.7,28.28282828282828,12.6,79,8,24.2,10.5
204456,T.J. McConnell,IND,2025-26,november,Secondary Ball Handler,Secondary,Guard,23.6,42.2,16.842105263157894,5.9,73,10,18.1,10.4
1642848,Tre Johnson,WAS,2025-26,november,Movement Shooter,Shooter,Guard,19.9,6.7,47.77777777777777,3.2,77,10,22.9,10.4
1627747,Caris LeVert,DET,2025-26,november,3&D Wing,Wing,Forward,19.9,23.0,45.20547945205479,6.2,79,12,20.3,10.3
1630570,Trendon Watford,PHI,2025-26,november,Role Player,Role,Forward,18.0,23.4,20.0,7.8,80,12,21.4,10.3
1630544,Tre Mann,CHA,2025-26,november,Stretch Shooter,Shooter,Guard,24.1,21.9,50.98039215686276,8.5,76,13,21.0,10.2
1629004,Svi Mykhailiuk,UTA,2025-26,november,3&D Wing,Wing,Forward,13.6,12.4,66.66666666666667,,79,14,26.0,10.1
1630171,Isaac Okoro,CHI,2025-26,november,3&D Wing,Wing,Guard,14.2,9.6,48.57142857142857,,76,10,25.9,10.1
1630631,Jose Alvarado,NOP,2025-26,november,Role Player,Role,Guard,17.7,19.9,63.52941176470589,4.2,72,16,23.5,10.1
1630558,Davion Mitchell,MIA,2025-26,november,Shot Creator,Scorer,Guard,13.0,29.5,32.0,28.6,72,15,31.0,9.9
1630529,Herbert Jones,NOP,2025-26,november,3&D Wing,Wing,Forward,14.2,10.8,47.77777777777777,,79,11,31.5,9.8
1642954,Will Richard,GSW,2025-26,november,Finisher,Finisher,Guard,15.4,7.3,56.71641791044776,,75,13,20.5,9.7
1641729,Brice Sensabaugh,UTA,2025-26,november,Movement Shooter,Shooter,Forward,22.6,10.9,62.0253164556962,2.8,78,13,16.8,9.5
1630543,Isaiah Jackson,IND,2025-26,november,Finisher,Finisher,Forward,15.2,7.6,0.0,,80,15,20.9,9.5
203935,Marcus Smart,LAL,2025-26,november,Role Player,Role,Guard,16.5,14.1,65.82278481012658,4.2,75,10,26.6,9.5
1641716,Jarace Walker,IND,2025-26,november,3&D Wing,Wing,Forward,18.3,10.5,49.42528735632184,6.4,79,15,26.7,9.5
1629655,Daniel Gafford,DAL,2025-26,november,Finisher,Finisher,Big,14.6,8.8,0.0,,82,14,23.5,9.4
1631213,Tyrese Martin,BKN,2025-26,november,Stretch Shooter,Shooter,Forward,19.3,20.1,53.48837209302325,,78,14,22.5,9.4
1630557,Corey Kispert,ATL,2025-26,november,Movement Shooter,Shooter,Forward,15.1,11.9,63.33333333333333,,78,12,19.5,9.4
1642271,Kyle Filipowski,UTA,2025-26,november,3&D Wing,Wing,Big,17.7,14.4,34.285714285714285,,83,13,21.2,9.4
1641715,Cam Whitmore,WAS,2025-26,november,Finisher,Finisher,Forward,20.0,5.1,36.36363636363637,6.7,78,13,16.6,9.2
1630692,Jordan Goodwin,PHX,2025-26,november,Role Player,Role,Guard,16.8,12.9,43.20987654320988,,75,15,22.1,9.2
203083,Andre Drummond,PHI,2025-26,november,Finisher,Finisher,Big,13.4,3.8,23.07692307692308,,83,13,26.0,9.1
1630533,Ziaire Williams,BKN,2025-26,november,3&D Wing,Wing,Forward,17.7,5.0,71.60493827160494,,81,13,24.3,9.1
1631323,Simone Fontecchio,MIA,2025-26,november,Movement Shooter,Shooter,Forward,20.1,12.7,73.07692307692308,,79,14,17.8,9.1
1631217,Moussa Diabaté,CHA,2025-26,november,Finisher,Finisher,Big,12.2,9.3,0.0,,82,15,23.8,9.1
1641731,Bilal Coulibaly,WAS,2025-26,november,3&D Wing,Wing,Forward,16.1,15.1,41.66666666666666,4.8,79,9,27.1,9.0
1631126,Caleb Love,POR,2025-26,november,Stretch Shooter,Shooter,Guard,22.2,16.2,62.62626262626263,8.4,75,10,19.7,8.9
1642856,Egor Dëmin,BKN,2025-26,november,Stretch Shooter,Shooter,Forward,18.7,27.0,65.11627906976743,3.6,80,13,23.3,8.8
1641717,Cason Wallace,OKC,2025-26,november,Finisher,Finisher,Guard,12.8,9.6,53.42465753424658,4.2,75,15,27.8,8.8
1629018,Gary Trent Jr.,MIL,2025-26,november,3&D Wing,Wing,Guard,13.8,7.6,72.72727272727272,,77,16,27.9,8.8
1631222,Jake LaRavia,LAL,2025-26,november,3&D Wing,Wing,Forward,14.8,9.5,38.15789473684211,2.5,79,13,25.5,8.7
1629652,Luguentz Dort,OKC,2025-26,november,3&D Wing,Wing,Guard,12.4,3.2,73.13432835820896,,76,9,25.4,8.4
1641750,Ryan Kalkbrenner,CHA,2025-26,november,Finisher,Finisher,Big,11.0,2.3,2.272727272727273,,85,13,24.9,8.4
1642268,Isaiah Collier,UTA,2025-26,november,Shot Creator,Scorer,Guard,16.7,35.4,18.51851851851852,12.5,76,11,22.7,8.4
203114,Khris Middleton,WAS,2025-26,november,Post Scorer,Big,Forward,15.6,19.1,29.5774647887324,6.1,79,9,25.3,8.2
1630643,Jay Huff,IND,2025-26,november,3&D Wing,Wing,Big,17.9,10.5,69.23076923076923,,85,15,17.8,8.2
1628436,Luke Kornet,SAS,2025-26,november,Finisher,Finisher,Big,10.8,9.8,0.0,,85,10,24.2,8.2
1627739,Kris Dunn,LAC,2025-26,november,Finisher,Finisher,Guard,13.1,16.4,41.26984126984127,3.9,75,15,27.7,8.1
1631246,Vince Williams Jr.,MEM,2025-26,november,Stretch Shooter,Shooter,Guard,19.4,34.1,55.12820512820513,,76,15,22.9,8.1
1642346,Ryan Dunn,PHX,2025-26,november,3&D Wing,Wing,Forward,13.8,9.7,39.3939393939394,,79,10,24.4,8.1
1642366,Quinten Post,GSW,2025-26,november,Stretch Shooter,Shooter,Big,18.4,12.3,66.15384615384615,,84,15,17.3,8.1
1631230,Dominick Barlow,PHI,2025-26,november,3&D Wing,Wing,Forward,12.1,11.4,30.15873015873016,,81,8,27.2,8.0
203994,Jusuf Nurkić,UTA,2025-26,november,Playmaking Big,Big,Big,15.2,24.0,20.0,,83,14,27.1,8.0
1628963,Marvin Bagley III,WAS,2025-26,november,Finisher,Finisher,Big,17.9,12.0,5.263157894736842,7.3,82,9,16.2,8.0
1631107,Nikola Jović,MIA,2025-26,november,Playmaking Big,Big,Big,20.2,21.6,43.66197183098592,3.7,82,10,20.3,8.0
1629611,Terance Mann,BKN,2025-26,november,3&D Wing,Wing,Forward,14.3,22.3,36.61971830985916,3.7,78,14,27.3,7.8
1631121,Bryce McGowens,NOP,2025-26,november,3&D Wing,Wing,Forward,17.2,10.4,32.69230769230769,5.2,78,9,16.0,7.8
203110,Draymond Green,GSW,2025-26,november,3&D Wing,Wing,Forward,17.1,25.5,60.49382716049383,,78,12,29.2,7.5
1629750,Javonte Green,DET,2025-26,november,3&D Wing,Wing,Guard,13.6,5.1,50.943396226415096,,77,15,21.4,7.4
203937,Kyle Anderson,UTA,2025-26,november,Shot Creator,Scorer,Forward,17.5,28.6,3.333333333333333,12.6,80,5,18.4,7.4
1628379,Luke Kennard,ATL,2025-26,november,Movement Shooter,Shooter,Guard,15.3,17.8,66.07142857142858,,77,12,19.0,7.3
1630173,Precious Achiuwa,SAC,2025-26,november,Finisher,Finisher,Forward,13.8,6.9,17.24137931034483,,80,14,20.9,7.3
1642348,Justin Edwards,PHI,2025-26,november,3&D Wing,Wing,Forward,16.6,14.4,58.730158730158735,,79,12,19.2,7.3
1629234,Drew Eubanks,SAC,2025-26,november,Finisher,Finisher,Big,16.3,4.1,2.173913043478261,,82,16,16.5,7.2
1627741,Buddy Hield,GSW,2025-26,november,Movement Shooter,Shooter,Guard,18.2,14.8,65.625,,76,15,17.7,7.1
1642920,Kobe Sanders,LAC,2025-26,november,3&D Wing,Wing,Forward,15.1,9.4,59.64912280701754,5.8,80,10,21.5,7.1
1631169,Josh Minott,BOS,2025-26,november,3&D Wing,Wing,Forward,15.0,9.4,50.0,,80,14,17.5,6.9
1641772,Nae'Qwan Tomlin,CLE,2025-26,november,3&D Wing,Wing,Forward,15.8,3.6,36.53846153846153,,80,12,16.2,6.9
1642272,Jared McCain,PHI,2025-26,november,Role Player,Role,Guard,19.0,9.3,47.887323943661976,9.0,75,10,17.0,6.8
1642962,Drake Powell,BKN,2025-26,november,3&D Wing,Wing,Guard,14.1,16.3,37.5,8.3,77,12,20.2,6.8
1630175,Cole Anthony,MIL,2025-26,november,Secondary Ball Handler,Secondary,Guard,25.2,37.9,24.324324324324323,6.9,74,16,16.6,6.7
1628971,Bruce Brown,DEN,2025-26,november,Finisher,Finisher,Guard,13.7,11.5,27.27272727272728,4.1,76,14,25.0,6.6
1642948,Ryan Nembhard,DAL,2025-26,november,Role Player,Role,Guard,19.7,32.7,43.74999999999999,8.5,71,5,15.7,6.6
1641775,Jordan Walsh,BOS,2025-26,november,3&D Wing,Wing,Forward,11.2,6.6,41.1764705882353,,78,13,24.1,6.5
1630696,Dru Smith,MIA,2025-26,november,Finisher,Finisher,Guard,15.3,22.0,42.30769230769231,10.0,74,15,16.9,6.5
203484,Kentavious Caldwell-Pope,MEM,2025-26,november,3&D Wing,Wing,Guard,14.8,16.4,50.81967213114754,3.1,77,15,21.6,6.5
1631119,Jaylin Williams,OKC,2025-26,november,3&D Wing,Wing,Forward,15.9,17.8,83.33333333333333,,81,14,18.5,6.5
1629048,Goga Bitadze,ORL,2025-26,november,Finisher,Finisher,Big,12.0,10.7,8.823529411764707,,83,13,16.3,6.5
1630172,Patrick Williams,CHI,2025-26,november,3&D Wing,Wing,Forward,15.9,8.0,54.41176470588236,3.6,78,13,20.1,6.5
1629637,Jaxson Hayes,LAL,2025-26,november,Finisher,Finisher,Big,10.5,6.7,2.857142857142857,,84,13,17.7,6.4
1629006,Josh Okogie,HOU,2025-26,november,3&D Wing,Wing,Guard,13.8,5.8,53.448275862068975,,76,13,20.9,6.4
1641711,Gradey Dick,TOR,2025-26,november,Movement Shooter,Shooter,Forward,15.2,6.5,58.490566037735846,,79,15,16.8,6.3
1642267,Bub Carrington,WAS,2025-26,november,Role Player,Role,Guard,14.9,26.2,52.38095238095239,4.8,76,13,24.1,6.3
1631243,Mouhamed Gueye,ATL,2025-26,november,3&D Wing,Wing,Big,14.3,9.2,39.62264150943396,,83,15,17.8,6.3
1628366,Lonzo Ball,CLE,2025-26,november,3&D Wing,Wing,Guard,14.2,26.6,87.6923076923077,,77,11,23.4,6.1
1642867,Collin Murray-Boyles,TOR,2025-26,november,Finisher,Finisher,Forward,14.2,11.2,21.951219512195124,,79,12,17.4,6.1
1641767,Ben Sheppard,IND,2025-26,november,3&D Wing,Wing,Forward,11.7,9.5,61.90476190476191,,78,15,24.3,6.1
1641842,Ronald Holland II,DET,2025-26,november,3&D Wing,Wing,Forward,15.0,11.3,32.30769230769231,3.8,80,15,21.6,6.1
1642883,Sion James,CHA,2025-26,november,3&D Wing,Wing,Guard,10.0,8.2,62.264150943396224,,77,15,28.1,6.1
203500,Steven Adams,HOU,2025-26,november,Finisher,Finisher,Big,12.8,9.1,0.0,,83,11,20.6,6.0
1631110,Jeremy Sochan,SAS,2025-26,november,3&D Wing,Wing,Forward,15.4,14.7,36.17021276595744,,80,13,16.2,5.9
1642261,Dalton Knecht,LAL,2025-26,november,Movement Shooter,Shooter,Forward,15.1,6.7,55.10204081632652,6.0,78,11,15.6,5.9
201143,Al Horford,GSW,2025-26,november,3&D Wing,Wing,Forward,13.9,14.3,78.57142857142858,,80,8,21.4,5.9
201144,Mike Conley,MIN,2025-26,november,Role Player,Role,Guard,10.0,22.2,76.31578947368422,,73,15,19.7,5.9
1630549,Day'Ron Sharpe,BKN,2025-26,november,Finisher,Finisher,Big,18.1,15.4,21.05263157894737,3.7,82,13,15.9,5.8
1630311,Pat Spencer,GSW,2025-26,november,Role Player,Role,Guard,17.9,27.9,33.9622641509434,7.4,74,10,15.1,5.8
1631200,Kris Murray,POR,2025-26,november,3&D Wing,Wing,Forward,10.1,7.6,38.88888888888889,,80,14,25.1,5.8
1627936,Alex Caruso,OKC,2025-26,november,3&D Wing,Wing,Guard,14.5,16.0,59.57446808510638,,77,12,17.7,5.8
1642266,Ja'Kobe Walter,TOR,2025-26,november,3&D Wing,Wing,Guard,13.3,4.6,62.79069767441862,,76,15,16.5,5.6
1642877,Micah Peavy,NOP,2025-26,november,3&D Wing,Wing,Forward,14.4,8.5,35.714285714285715,,79,15,17.8,5.5
1641854,Craig Porter Jr.,CLE,2025-26,november,Role Player,Role,Guard,12.6,23.1,32.558139534883715,,73,12,16.8,5.5
1642274,Yves Missi,NOP,2025-26,november,Finisher,Finisher,Big,12.8,7.8,0.0,,83,12,19.4,5.4
1641722,Jordan Hawkins,NOP,2025-26,november,Movement Shooter,Shooter,Guard,17.7,9.0,52.459016393442624,,77,13,15.4,5.4
1630811,Keaton Wallace,ATL,2025-26,november,Role Player,Role,Guard,14.8,23.8,65.95744680851064,8.2,75,13,16.9,5.4
1642347,Jamal Shead,TOR,2025-26,november,Role Player,Role,Guard,13.0,35.0,63.636363636363626,8.2,73,15,19.3,5.3
1630573,Sam Hauser,BOS,2025-26,november,Movement Shooter,Shooter,Forward,12.4,9.6,81.66666666666667,,79,14,21.5,5.1
1631165,Keon Ellis,SAC,2025-26,november,3&D Wing,Wing,Guard,12.9,5.7,78.04878048780489,,76,15,15.5,5.0
1630526,Jeremiah Robinson-Earl,DAL,2025-26,november,3&D Wing,Wing,Forward,12.4,5.9,38.77551020408163,,81,15,18.6,4.8
1629731,Dean Wade,CLE,2025-26,november,3&D Wing,Wing,Forward,9.8,9.2,69.56521739130436,,81,13,21.1,4.8
201587,Nicolas Batum,LAC,2025-26,november,3&D Wing,Wing,Forward,10.1,4.3,94.73684210526316,,79,15,20.2,4.7
1631321,Sidy Cissoko,POR,2025-26,november,3&D Wing,Wing,Forward,11.5,11.3,57.14285714285714,,78,14,18.2,4.6
1642345,Oso Ighodaro,PHX,2025-26,november,Finisher,Finisher,Big,11.7,14.6,2.9411764705882355,8.5,83,15,16.6,4.6
1629020,Jarred Vanderbilt,LAL,2025-26,november,3&D Wing,Wing,Forward,12.2,12.6,34.48275862068966,,80,8,16.3,4.3
1629216,Gabe Vincent,LAL,2025-26,november,Movement Shooter,Shooter,Guard,6.8,9.0,92.85714285714288,,74,5,20.4,4.2
1642363,Nique Clifford,SAC,2025-26,november,3&D Wing,Wing,Guard,12.6,13.7,50.0,,77,16,15.3,3.9
1642461,Spencer Jones,DEN,2025-26,november,3&D Wing,Wing,Forward,9.2,6.9,59.25925925925925,,79,11,16.7,3.8
1629011,Mitchell Robinson,NYK,2025-26,november,Finisher,Finisher,Big,8.8,5.1,0.0,,84,11,17.0,3.6
1641737,Adem Bona,PHI,2025-26,november,Finisher,Finisher,Big,9.1,0.0,13.043478260869565,,82,9,15.8,3.4
1627759,Jaylen Brown,BOS,2025-26,december,Primary Initiator,Primary,Forward,35.3,25.4,22.16981132075472,20.6,78,10,35.2,31.7
1628983,Shai Gilgeous-Alexander,OKC,2025-26,december,Primary Initiator,Primary,Forward,30.9,29.6,23.589743589743588,26.3,78,12,32.8,31.4
1629029,Luka Dončić,LAL,2025-26,december,Primary Initiator,Primary,Forward,38.5,38.6,44.642857142857146,16.0,80,9,34.6,31.0
1628973,Jalen Brunson,NYK,2025-26,december,Primary Initiator,Primary,Guard,30.5,30.1,39.207048458149785,14.4,74,13,36.9,30.6
203999,Nikola Jokić,DEN,2025-26,december,Primary Initiator,Primary,Big,32.0,47.7,27.083333333333336,5.3,83,13,34.3,30.6
201939,Stephen Curry,GSW,2025-26,december,Primary Initiator,Primary,Guard,31.2,22.8,58.3732057416268,10.1,74,9,33.7,30.1
202695,Kawhi Leonard,LAC,2025-26,december,Shot Creator,Scorer,Forward,31.4,18.9,35.406698564593306,16.5,78,12,36.0,29.8
1630162,Anthony Edwards,MIN,2025-26,december,Primary Initiator,Primary,Guard,29.2,15.4,39.08629441624365,23.4,76,11,37.4,29.4
1628378,Donovan Mitchell,CLE,2025-26,december,Primary Initiator,Primary,Guard,32.4,26.1,44.18604651162791,11.4,74,13,33.1,29.3
1629008,Michael Porter Jr.,BKN,2025-26,december,Movement Shooter,Shooter,Big,29.5,19.6,52.0618556701031,6.9,82,10,33.7,28.3
1630178,Tyrese Maxey,PHI,2025-26,december,Shot Creator,Scorer,Guard,27.9,28.6,37.21973094170404,14.5,74,10,38.2,28.0
1641718,Keyonte George,UTA,2025-26,december,Primary Initiator,Primary,Guard,28.4,28.9,44.06779661016949,12.3,76,13,35.1,27.7
1628374,Lauri Markkanen,UTA,2025-26,december,Finisher,Finisher,Big,25.2,8.4,35.35911602209944,4.0,85,9,35.6,27.1
201142,Kevin Durant,HOU,2025-26,december,Shot Creator,Scorer,Big,26.0,22.1,29.239766081871345,20.8,83,13,36.3,26.6
1627750,Jamal Murray,DEN,2025-26,december,Shot Creator,Scorer,Guard,27.8,30.1,41.361256544502616,14.6,76,14,35.1,26.5
203954,Joel Embiid,PHI,2025-26,december,Shot Creator,Scorer,Big,35.2,19.0,23.97959183673469,12.3,84,7,31.3,25.9
1630552,Jalen Johnson,ATL,2025-26,december,Secondary Ball Handler,Secondary,Forward,27.4,39.9,27.51322751322752,7.9,80,12,36.3,25.8
1626164,Devin Booker,PHX,2025-26,december,Shot Creator,Scorer,Guard,31.7,26.3,26.6304347826087,14.0,77,9,30.4,25.1
1630166,Deni Avdija,POR,2025-26,december,Shot Creator,Scorer,Forward,27.5,35.5,36.64596273291925,14.0,80,14,36.7,24.6
1642843,Cooper Flagg,DAL,2025-26,december,Shot Creator,Scorer,Forward,25.9,18.7,17.441860465116278,13.3,81,13,35.6,23.5
1630595,Cade Cunningham,DET,2025-26,december,Secondary Ball Handler,Secondary,Forward,27.1,42.1,33.72093023255814,11.5,78,13,34.4,23.5
201935,James Harden,LAC,2025-26,december,Shot Creator,Scorer,Guard,27.8,30.1,50.931677018633536,42.5,77,11,35.2,23.5
1630578,Alperen Sengun,HOU,2025-26,december,Shot Creator,Scorer,Big,28.2,29.1,9.392265193370166,14.9,83,9,34.7,23.4
1629627,Zion Williamson,NOP,2025-26,december,Shot Creator,Scorer,Forward,29.0,18.8,0.0,23.8,78,9,25.9,23.4
1627742,Brandon Ingram,TOR,2025-26,december,Shot Creator,Scorer,Forward,27.9,18.7,31.57894736842105,13.8,80,14,34.8,23.1
1627783,Pascal Siakam,IND,2025-26,december,Shot Creator,Scorer,Forward,28.4,15.1,26.13636363636363,13.3,80,14,32.8,22.9
1631101,Shaedon Sharpe,POR,2025-26,december,Shot Creator,Scorer,Guard,30.0,16.7,28.723404255319156,12.3,77,14,31.4,22.9
203507,Giannis Antetokounmpo,MIL,2025-26,december,Playmaking Big,Big,Big,38.0,25.8,8.695652173913043,10.9,83,5,22.6,22.8
1626181,Norman Powell,MIA,2025-26,december,Finisher,Finisher,Guard,26.4,14.7,42.94117647058823,10.9,75,12,32.1,22.6
1626157,Karl-Anthony Towns,NYK,2025-26,december,Role Player,Role,Big,24.9,10.6,31.15942028985507,10.0,84,12,31.8,22.3
203924,Jerami Grant,POR,2025-26,december,Stretch Shooter,Shooter,Forward,24.9,16.1,50.29239766081871,10.7,79,7,33.9,22.3
1628401,Derrick White,BOS,2025-26,december,Stretch Shooter,Shooter,Guard,26.3,22.4,63.74269005847953,4.7,76,12,34.2,22.3
1629630,Ja Morant,MEM,2025-26,december,Primary Initiator,Primary,Guard,30.9,43.0,17.28395061728395,14.1,74,5,26.7,22.2
1641705,Victor Wembanyama,SAS,2025-26,december,Shot Creator,Scorer,Big,33.1,18.4,22.55639097744361,14.5,88,9,23.2,21.9
2544,LeBron James,LAL,2025-26,december,Shot Creator,Scorer,Forward,27.5,29.4,31.05590062111801,12.8,81,11,33.0,21.6
1630559,Austin Reaves,LAL,2025-26,december,Shot Creator,Scorer,Guard,28.0,24.6,47.26027397260275,13.5,77,7,31.8,21.6
1630530,Trey Murphy III,NOP,2025-26,december,Secondary Ball Handler,Secondary,Forward,20.7,14.8,40.26845637583892,6.6,80,14,35.2,21.5
1628415,Dillon Brooks,PHX,2025-26,december,Secondary Ball Handler,Secondary,Forward,27.5,8.4,36.781609195402304,9.3,79,12,30.6,21.4
1630163,LaMelo Ball,CHA,2025-26,december,Primary Initiator,Primary,Forward,31.8,45.5,58.490566037735846,12.2,79,10,26.8,21.4
203944,Julius Randle,MIN,2025-26,december,Shot Creator,Scorer,Forward,25.3,24.8,26.282051282051285,15.8,81,14,34.0,21.3
203076,Anthony Davis,DAL,2025-26,december,Post Scorer,Big,Big,28.6,14.3,10.674157303370784,11.5,82,10,30.1,21.2
1641706,Brandon Miller,CHA,2025-26,december,Secondary Ball Handler,Secondary,Forward,27.9,16.5,43.85026737967914,10.8,79,11,33.2,21.0
1642851,Kon Knueppel,CHA,2025-26,december,Stretch Shooter,Shooter,Forward,23.1,21.7,60.0,,78,12,32.5,20.8
1629027,Trae Young,WAS,2025-26,december,Stretch Shooter,Shooter,Guard,26.0,44.2,50.76923076923077,12.0,74,5,28.2,20.8
1629638,Nickeil Alexander-Walker,ATL,2025-26,december,Movement Shooter,Shooter,Guard,24.1,11.3,51.4792899408284,2.9,77,14,32.8,20.7
1630217,Desmond Bane,ORL,2025-26,december,Secondary Ball Handler,Secondary,Forward,23.3,20.2,30.53892215568862,7.0,78,14,35.2,20.2
1629645,Kevin Porter Jr.,MIL,2025-26,december,Secondary Ball Handler,Secondary,Guard,24.8,35.5,37.93103448275862,9.8,77,13,35.8,19.9
1628368,De'Aaron Fox,SAS,2025-26,december,Secondary Ball Handler,Secondary,Guard,24.7,25.6,38.70967741935484,10.1,75,13,31.4,19.8
203468,CJ McCollum,ATL,2025-26,december,Secondary Ball Handler,Secondary,Guard,24.0,18.8,46.202531645569614,8.8,75,14,32.6,19.5
1641708,Amen Thompson,HOU,2025-26,december,Secondary Ball Handler,Secondary,Forward,20.1,19.8,13.333333333333334,9.4,79,13,37.3,19.2
1641710,Anthony Black,ORL,2025-26,december,Secondary Ball Handler,Secondary,Forward,24.7,20.3,35.294117647058826,4.4,79,14,33.1,18.9
1631094,Paolo Banchero,ORL,2025-26,december,Shot Creator,Scorer,Big,26.1,23.1,21.935483870967744,14.7,82,12,33.7,18.9
202710,Jimmy Butler III,GSW,2025-26,december,Shot Creator,Scorer,Forward,21.9,21.1,17.094017094017094,17.7,78,11,31.4,18.7
201942,DeMar DeRozan,SAC,2025-26,december,Shot Creator,Scorer,Forward,20.1,17.9,17.293233082706767,19.9,78,12,33.3,18.7
1642264,Stephon Castle,SAS,2025-26,december,Secondary Ball Handler,Secondary,Forward,27.6,32.0,33.08270676691729,8.4,78,11,28.9,18.6
1630591,Jalen Suggs,ORL,2025-26,december,Secondary Ball Handler,Secondary,Guard,26.5,22.1,47.4025974025974,6.6,77,7,29.1,18.6
1628991,Jaren Jackson Jr.,MEM,2025-26,december,3&D Wing,Wing,Big,24.6,11.0,28.965517241379317,11.1,82,12,30.8,18.4
1631096,Chet Holmgren,OKC,2025-26,december,Finisher,Finisher,Big,23.4,6.8,27.966101694915253,7.8,85,12,27.4,18.3
1629636,Darius Garland,CLE,2025-26,december,Secondary Ball Handler,Secondary,Guard,24.9,31.9,46.0,6.7,73,12,31.6,18.3
1630567,Scottie Barnes,TOR,2025-26,december,Finisher,Finisher,Forward,22.1,24.9,23.972602739726028,7.9,80,14,35.3,17.9
1631114,Jalen Williams,OKC,2025-26,december,Shot Creator,Scorer,Guard,26.1,26.2,21.08843537414966,14.8,77,13,29.5,17.8
1630180,Saddiq Bey,NOP,2025-26,december,3&D Wing,Wing,Forward,20.7,9.8,32.41379310344828,6.5,80,14,32.1,17.6
1630581,Josh Giddey,CHI,2025-26,december,Secondary Ball Handler,Secondary,Forward,24.7,38.8,38.63636363636363,5.0,79,13,31.2,17.5
1629673,Jordan Poole,NOP,2025-26,december,Stretch Shooter,Shooter,Guard,24.5,17.1,64.12213740458016,7.9,76,9,25.8,17.2
1629614,Andrew Nembhard,IND,2025-26,december,Secondary Ball Handler,Secondary,Guard,24.0,36.5,32.16783216783216,8.9,76,14,32.1,17.1
202331,Paul George,PHI,2025-26,december,Shot Creator,Scorer,Forward,22.1,16.3,51.44927536231884,18.4,80,10,31.5,17.1
1642845,VJ Edgecombe,PHI,2025-26,december,Secondary Ball Handler,Secondary,Guard,20.6,18.4,43.44827586206896,8.3,76,11,33.5,17.1
1629632,Coby White,CHI,2025-26,december,Secondary Ball Handler,Secondary,Guard,26.2,20.3,47.93388429752066,7.7,76,11,26.9,16.9
1630193,Immanuel Quickley,TOR,2025-26,december,Stretch Shooter,Shooter,Guard,21.8,27.6,54.13533834586466,6.1,74,13,32.3,16.8
1631095,Jabari Smith Jr.,HOU,2025-26,december,Stretch Shooter,Shooter,Big,18.1,7.4,50.3875968992248,5.6,83,13,36.0,16.8
1631170,Jaime Jaquez Jr.,MIA,2025-26,december,Shot Creator,Scorer,Forward,23.1,20.3,13.846153846153848,14.8,78,13,29.5,16.8
1630168,Onyeka Okongwu,ATL,2025-26,december,3&D Wing,Wing,Big,19.8,16.4,41.91176470588236,1.6,82,14,33.8,16.6
1626171,Bobby Portis,MIL,2025-26,december,3&D Wing,Wing,Forward,23.6,11.3,40.310077519379846,3.2,81,13,26.7,16.5
1628969,Mikal Bridges,NYK,2025-26,december,3&D Wing,Wing,Forward,16.9,17.1,44.27480916030535,2.3,78,14,35.5,16.5
1628389,Bam Adebayo,MIA,2025-26,december,3&D Wing,Wing,Forward,21.7,10.9,25.75757575757576,8.0,81,11,31.7,16.4
1631221,Collin Gillespie,PHX,2025-26,december,Stretch Shooter,Shooter,Guard,19.8,23.6,59.37499999999999,3.3,73,12,31.4,16.3
1631105,Jalen Duren,DET,2025-26,december,Finisher,Finisher,Big,20.9,7.8,0.0,8.9,82,13,28.2,16.2
201566,Russell Westbrook,SAC,2025-26,december,Shot Creator,Scorer,Guard,25.7,38.1,40.27777777777777,13.4,76,12,30.1,16.2
1631097,Bennedict Mathurin,IND,2025-26,december,Secondary Ball Handler,Secondary,Guard,21.3,9.5,49.19354838709677,9.0,77,14,32.0,16.1
1630596,Evan Mobley,CLE,2025-26,december,Finisher,Finisher,Big,21.3,17.6,23.4375,4.7,83,9,29.9,16.0
1630202,Payton Pritchard,BOS,2025-26,december,Shot Creator,Scorer,Guard,20.7,23.6,54.16666666666666,12.8,73,12,33.7,16.0
1642285,Cam Spencer,MEM,2025-26,december,Movement Shooter,Shooter,Guard,17.6,34.2,60.0,3.0,75,11,28.4,15.9
1630583,Santi Aldama,MEM,2025-26,december,3&D Wing,Wing,Big,19.0,13.1,45.45454545454546,,84,12,31.2,15.8
1642281,Jaylon Tyson,CLE,2025-26,december,3&D Wing,Wing,Forward,19.5,10.4,33.91304347826087,,78,14,28.8,15.8
1628970,Miles Bridges,CHA,2025-26,december,3&D Wing,Wing,Forward,22.4,19.9,38.40579710144928,9.0,79,12,30.7,15.7
202696,Nikola Vučević,CHI,2025-26,december,Post Scorer,Big,Forward,21.2,15.2,32.83582089552239,,81,14,29.4,15.6
1631157,Ryan Rollins,MIL,2025-26,december,Secondary Ball Handler,Secondary,Guard,22.7,28.5,43.74999999999999,7.3,75,13,29.7,15.6
1630230,Naji Marshall,DAL,2025-26,december,3&D Wing,Wing,Forward,17.2,12.2,23.809523809523807,5.6,78,13,31.0,15.5
1642875,Maxime Raynaud,SAC,2025-26,december,Finisher,Finisher,Big,19.2,7.3,8.620689655172415,,85,12,30.6,15.5
1629675,Naz Reid,MIN,2025-26,december,Movement Shooter,Shooter,Forward,20.5,14.8,62.698412698412696,3.8,81,14,29.2,15.4
1642907,Cedric Coward,MEM,2025-26,december,Secondary Ball Handler,Secondary,Guard,21.5,18.6,37.06896551724138,2.4,77,11,27.5,15.4
1641824,Matas Buzelis,CHI,2025-26,december,Secondary Ball Handler,Secondary,Forward,20.7,8.4,47.66355140186916,4.1,80,14,26.5,15.4
203952,Andrew Wiggins,MIA,2025-26,december,3&D Wing,Wing,Forward,19.2,12.9,34.12698412698413,10.9,78,12,31.4,15.3
1641730,Noah Clowney,BKN,2025-26,december,Stretch Shooter,Shooter,Big,21.9,11.6,61.40350877192983,4.6,82,11,29.9,15.1
1642852,Derik Queen,NOP,2025-26,december,Shot Creator,Scorer,Forward,21.9,23.3,10.909090909090908,18.6,81,14,29.2,15.0
203501,Tim Hardaway Jr.,DEN,2025-26,december,Movement Shooter,Shooter,Guard,17.6,6.7,68.46846846846847,2.2,77,14,30.0,14.8
1628384,OG Anunoby,NYK,2025-26,december,3&D Wing,Wing,Forward,19.5,7.4,45.2991452991453,5.9,79,11,33.5,14.5
1642377,Jaylen Wells,MEM,2025-26,december,3&D Wing,Wing,Forward,18.7,9.2,44.44444444444444,3.0,79,12,30.0,14.3
1642259,Alex Sarr,WAS,2025-26,december,Finisher,Finisher,Big,23.1,14.3,22.83464566929134,5.3,84,7,25.4,14.3
1630540,Miles McBride,NYK,2025-26,december,Role Player,Role,Guard,16.3,11.7,77.27272727272727,4.7,74,6,26.2,14.2
1629023,P.J. Washington,DAL,2025-26,december,3&D Wing,Wing,Forward,17.5,5.6,32.142857142857146,4.1,79,9,32.5,14.1
1642273,Kyshawn George,WAS,2025-26,december,Role Player,Role,Forward,18.7,21.7,48.24561403508772,6.1,80,11,32.7,13.8
203471,Dennis Schröder,SAC,2025-26,december,Shot Creator,Scorer,Guard,23.8,37.3,36.458333333333336,14.8,73,8,24.4,13.8
1627826,Ivica Zubac,LAC,2025-26,december,Post Scorer,Big,Big,17.4,9.8,0.0,,84,8,30.9,13.8
1629640,Keldon Johnson,SAS,2025-26,december,3&D Wing,Wing,Forward,19.7,6.0,34.48275862068966,3.9,78,14,21.7,13.7
1628404,Josh Hart,NYK,2025-26,december,3&D Wing,Wing,Guard,16.7,19.5,45.19230769230769,,77,10,33.8,13.7
1630170,Devin Vassell,SAS,2025-26,december,Movement Shooter,Shooter,Guard,17.7,10.5,60.86956521739131,2.7,77,13,30.0,13.7
1630183,Jaden McDaniels,MIN,2025-26,december,3&D Wing,Wing,Forward,17.3,14.0,29.090909090909093,2.3,81,13,32.1,13.7
1629651,Nic Claxton,BKN,2025-26,december,Shot Creator,Scorer,Big,16.3,24.8,3.225806451612903,14.1,83,11,31.2,13.6
203994,Jusuf Nurkić,UTA,2025-26,december,Playmaking Big,Big,Big,20.2,26.4,17.204301075268816,,83,10,27.0,13.6
1630700,Dyson Daniels,ATL,2025-26,december,Finisher,Finisher,Forward,18.4,21.7,16.666666666666664,5.6,79,13,34.5,13.5
1642267,Bub Carrington,WAS,2025-26,december,Role Player,Role,Guard,17.9,21.6,61.0,4.8,76,14,29.4,13.4
1628381,John Collins,LAC,2025-26,december,3&D Wing,Wing,Forward,19.7,8.9,36.458333333333336,,81,11,26.5,13.3
1628386,Jarrett Allen,CLE,2025-26,december,Finisher,Finisher,Forward,19.5,12.6,2.272727272727273,,81,9,24.6,13.2
1642848,Tre Johnson,WAS,2025-26,december,Movement Shooter,Shooter,Guard,21.8,13.9,52.52525252525253,3.2,77,10,22.3,13.2
1642276,Kel'el Ware,MIA,2025-26,december,3&D Wing,Wing,Big,15.8,2.8,38.55421686746988,,84,13,24.9,13.1
1631212,Peyton Watson,DEN,2025-26,december,Finisher,Finisher,Forward,16.8,3.8,33.33333333333333,6.7,80,12,29.6,12.8
1641739,Toumani Camara,POR,2025-26,december,3&D Wing,Wing,Forward,16.5,12.3,71.15384615384616,6.3,79,14,32.5,12.8
1642263,Reed Sheppard,HOU,2025-26,december,Stretch Shooter,Shooter,Guard,19.4,17.8,59.09090909090909,4.6,74,13,26.3,12.8
1641764,Brandin Podziemski,GSW,2025-26,december,Stretch Shooter,Shooter,Guard,18.1,20.8,53.93258426966292,6.1,76,13,26.0,12.7
1629012,Collin Sexton,CHA,2025-26,december,Secondary Ball Handler,Secondary,Guard,29.2,33.8,30.927835051546392,5.2,75,6,18.1,12.7
1628976,Wendell Carter Jr.,ORL,2025-26,december,3&D Wing,Wing,Big,14.5,8.8,39.56043956043956,,82,14,31.3,12.6
1628963,Marvin Bagley III,WAS,2025-26,december,Finisher,Finisher,Big,18.1,12.2,7.228915662650602,7.3,82,13,24.0,12.6
1631109,Mark Williams,PHX,2025-26,december,Finisher,Finisher,Big,17.1,8.8,1.4285714285714286,,85,11,21.7,12.5
1626167,Myles Turner,MIL,2025-26,december,Stretch Shooter,Shooter,Big,18.6,7.8,65.26315789473685,,83,13,27.7,12.5
1629661,Cameron Johnson,DEN,2025-26,december,3&D Wing,Wing,Forward,14.3,9.4,52.63157894736842,,80,10,34.0,12.5
1631099,Keegan Murray,SAC,2025-26,december,3&D Wing,Wing,Forward,17.3,4.8,33.87096774193549,4.2,80,10,35.3,12.5
1628978,Donte DiVincenzo,MIN,2025-26,december,Movement Shooter,Shooter,Guard,16.5,20.4,74.77477477477478,1.9,76,14,31.8,12.4
1629028,Deandre Ayton,LAL,2025-26,december,Finisher,Finisher,Big,14.6,3.5,0.0,,84,10,29.4,12.3
1642847,Jeremiah Fears,NOP,2025-26,december,Secondary Ball Handler,Secondary,Guard,22.9,18.8,18.421052631578945,7.2,75,14,25.9,12.3
1629014,Anfernee Simons,BOS,2025-26,december,Shot Creator,Scorer,Guard,21.2,10.4,59.43396226415094,18.2,75,12,23.1,12.1
1628398,Kyle Kuzma,MIL,2025-26,december,3&D Wing,Wing,Forward,21.1,14.8,19.565217391304348,5.1,80,12,26.9,12.1
1630314,Brandon Williams,DAL,2025-26,december,Secondary Ball Handler,Secondary,Guard,21.1,21.6,22.619047619047617,10.6,73,11,22.1,12.0
203497,Rudy Gobert,MIN,2025-26,december,Finisher,Finisher,Big,12.9,8.4,0.0,,85,14,31.4,12.0
1630200,Tre Jones,CHI,2025-26,december,Finisher,Finisher,Guard,16.2,29.2,22.666666666666664,4.8,73,11,24.2,11.9
203084,Harrison Barnes,SAS,2025-26,december,3&D Wing,Wing,Forward,16.8,10.4,57.29166666666667,8.0,79,14,27.8,11.9
1630241,Sam Merrill,CLE,2025-26,december,Stretch Shooter,Shooter,Guard,18.1,14.6,74.22680412371135,,76,6,25.8,11.8
202699,Tobias Harris,DET,2025-26,december,3&D Wing,Wing,Forward,19.1,13.0,35.64356435643565,4.2,80,12,25.1,11.8
1642349,Ajay Mitchell,OKC,2025-26,december,Role Player,Role,Guard,16.9,16.8,32.05128205128205,8.9,76,11,24.3,11.8
1642856,Egor Dëmin,BKN,2025-26,december,Stretch Shooter,Shooter,Forward,20.3,17.3,67.32673267326733,3.6,80,11,26.6,11.8
1642270,Donovan Clingan,POR,2025-26,december,Finisher,Finisher,Big,14.4,9.1,28.37837837837838,,86,11,27.8,11.7
202691,Klay Thompson,DAL,2025-26,december,Movement Shooter,Shooter,Guard,21.3,6.3,68.46846846846847,,77,11,22.5,11.7
1631106,Tari Eason,HOU,2025-26,december,3&D Wing,Wing,Forward,19.5,6.9,44.18604651162791,5.0,80,5,21.9,11.6
1641709,Ausar Thompson,DET,2025-26,december,Finisher,Finisher,Forward,19.9,13.2,2.469135802469136,7.7,79,13,23.9,11.2
1629631,De'Andre Hunter,CLE,2025-26,december,3&D Wing,Wing,Forward,18.5,7.1,47.42268041237113,7.5,79,13,26.2,11.2
1642271,Kyle Filipowski,UTA,2025-26,december,3&D Wing,Wing,Big,16.7,11.5,35.80246913580247,,83,13,25.0,11.2
1630249,Vít Krejčí,ATL,2025-26,december,Movement Shooter,Shooter,Forward,14.4,7.4,82.27848101265822,,80,14,24.7,11.0
1642846,Ace Bailey,UTA,2025-26,december,Role Player,Role,Forward,18.2,6.9,44.44444444444444,3.0,81,11,27.3,10.8
1631108,Max Christie,DAL,2025-26,december,3&D Wing,Wing,Guard,13.8,9.8,55.07246376811593,5.7,77,11,26.7,10.7
1629111,Jock Landale,MEM,2025-26,december,Post Scorer,Big,Big,18.3,9.6,38.55421686746988,,83,10,22.6,10.7
1630245,Ayo Dosunmu,CHI,2025-26,december,3&D Wing,Wing,Guard,18.3,22.0,42.5531914893617,2.2,76,10,24.8,10.6
1630572,Sandro Mamukelashvili,TOR,2025-26,december,3&D Wing,Wing,Forward,16.5,10.3,52.38095238095239,,81,14,23.7,10.6
1641731,Bilal Coulibaly,WAS,2025-26,december,Secondary Ball Handler,Secondary,Forward,20.1,10.0,45.45454545454545,4.8,79,8,26.2,10.5
1630529,Herbert Jones,NOP,2025-26,december,3&D Wing,Wing,Forward,18.9,14.2,39.77272727272727,,79,6,22.0,10.5
1629674,Neemias Queta,BOS,2025-26,december,Finisher,Finisher,Big,14.3,7.3,0.0,,84,12,25.9,10.3
1630171,Isaac Okoro,CHI,2025-26,december,3&D Wing,Wing,Guard,14.8,5.6,38.02816901408451,,76,10,23.4,10.3
1628989,Kevin Huerter,CHI,2025-26,december,3&D Wing,Wing,Forward,17.7,10.4,65.11627906976743,,78,10,22.1,10.3
1642844,Dylan Harper,SAS,2025-26,december,Secondary Ball Handler,Secondary,Guard,23.9,29.2,27.27272727272728,7.7,77,14,21.2,10.3
203903,Jordan Clarkson,NYK,2025-26,december,3&D Wing,Wing,Guard,19.6,7.5,46.06741573033708,5.2,77,14,22.2,10.3
203935,Marcus Smart,LAL,2025-26,december,Role Player,Role,Guard,16.4,13.5,73.86363636363636,4.2,75,8,27.8,10.3
1629656,Quentin Grimes,PHI,2025-26,december,3&D Wing,Wing,Guard,14.7,19.5,68.18181818181817,10.4,76,10,30.2,10.2
1641842,Ronald Holland II,DET,2025-26,december,3&D Wing,Wing,Forward,21.0,6.8,32.05128205128205,3.8,80,11,19.3,10.1
1630191,Isaiah Stewart,DET,2025-26,december,Finisher,Finisher,Forward,16.2,5.2,31.944444444444443,,80,13,22.9,10.1
1631126,Caleb Love,POR,2025-26,december,Stretch Shooter,Shooter,Guard,20.7,16.6,59.34065934065935,8.4,75,14,21.0,10.1
1630577,Julian Champagnie,SAS,2025-26,december,Movement Shooter,Shooter,Forward,13.2,5.8,82.05128205128206,,79,14,26.6,10.0
1629130,Duncan Robinson,DET,2025-26,december,Movement Shooter,Shooter,Forward,13.7,8.0,84.81012658227847,,79,11,25.9,9.9
201567,Kevin Love,UTA,2025-26,december,3&D Wing,Wing,Big,17.4,11.2,73.41772151898734,,82,8,20.2,9.9
203114,Khris Middleton,WAS,2025-26,december,Post Scorer,Big,Forward,17.9,19.2,24.13793103448276,6.1,79,7,23.6,9.9
1628380,Zach Collins,CHI,2025-26,december,3&D Wing,Wing,Forward,17.7,11.4,32.8125,,81,10,18.4,9.7
1630692,Jordan Goodwin,PHX,2025-26,december,Stretch Shooter,Shooter,Guard,20.8,14.4,51.45631067961165,,75,12,23.3,9.6
1630538,Bones Hyland,MIN,2025-26,december,Stretch Shooter,Shooter,Guard,18.3,21.1,65.27777777777779,10.9,74,11,19.4,9.5
1631230,Dominick Barlow,PHI,2025-26,december,3&D Wing,Wing,Forward,13.4,7.0,20.28985507246377,,81,11,26.1,9.5
203110,Draymond Green,GSW,2025-26,december,3&D Wing,Wing,Forward,17.7,24.3,57.35294117647059,,78,10,23.8,9.5
1641775,Jordan Walsh,BOS,2025-26,december,3&D Wing,Wing,Forward,12.8,5.4,43.1372549019608,,78,11,20.6,9.5
1628370,Malik Monk,SAC,2025-26,december,Stretch Shooter,Shooter,Guard,24.2,21.6,51.85185185185186,8.4,75,10,18.1,9.4
1642366,Quinten Post,GSW,2025-26,december,Stretch Shooter,Shooter,Big,18.2,11.9,63.2183908045977,,84,13,21.8,9.3
1642461,Spencer Jones,DEN,2025-26,december,3&D Wing,Wing,Forward,11.1,5.6,54.99999999999999,,79,14,29.0,9.3
1630551,Justin Champagnie,WAS,2025-26,december,3&D Wing,Wing,Forward,14.9,6.7,37.5,,78,14,23.6,9.2
1642258,Zaccharie Risacher,ATL,2025-26,december,3&D Wing,Wing,Forward,16.2,7.8,44.44444444444445,,80,14,23.6,9.2
203484,Kentavious Caldwell-Pope,MEM,2025-26,december,3&D Wing,Wing,Guard,18.0,22.4,49.27536231884058,3.1,77,11,20.5,9.2
1642948,Ryan Nembhard,DAL,2025-26,december,Role Player,Role,Guard,17.0,33.6,33.734939759036145,8.5,71,13,25.5,9.2
1641733,Nick Smith Jr.,LAL,2025-26,december,Stretch Shooter,Shooter,Guard,20.9,6.0,54.43037974683544,11.6,74,8,17.5,9.1
1627739,Kris Dunn,LAC,2025-26,december,Finisher,Finisher,Guard,13.1,17.9,58.46153846153845,3.9,75,12,27.4,9.1
1628971,Bruce Brown,DEN,2025-26,december,Finisher,Finisher,Guard,13.6,11.5,20.3125,4.1,76,14,26.7,9.1
1631107,Nikola Jović,MIA,2025-26,december,Playmaking Big,Big,Big,23.3,23.7,57.89473684210527,3.7,82,7,15.7,9.0
201572,Brook Lopez,LAC,2025-26,december,3&D Wing,Wing,Big,17.4,11.1,67.6470588235294,,85,8,22.8,8.9
1641729,Brice Sensabaugh,UTA,2025-26,december,Movement Shooter,Shooter,Forward,17.5,11.9,57.53424657534247,2.8,78,13,21.2,8.8
204456,T.J. McConnell,IND,2025-26,december,Secondary Ball Handler,Secondary,Guard,22.8,49.6,5.882352941176471,5.9,73,12,15.7,8.8
1630311,Pat Spencer,GSW,2025-26,december,Secondary Ball Handler,Secondary,Guard,22.0,29.8,26.666666666666668,7.4,74,10,17.6,8.8
1630541,Moses Moody,GSW,2025-26,december,Movement Shooter,Shooter,Guard,15.6,11.3,59.74025974025974,4.9,77,13,22.6,8.8
1642275,Tidjane Salaün,CHA,2025-26,december,3&D Wing,Wing,Big,15.5,8.3,48.333333333333336,,82,13,19.5,8.8
1629004,Svi Mykhailiuk,UTA,2025-26,december,3&D Wing,Wing,Forward,13.6,10.2,61.53846153846154,,79,11,22.4,8.7
1631123,Jamaree Bouyea,PHX,2025-26,december,Role Player,Role,Guard,18.9,20.6,34.920634920634924,,74,12,16.1,8.7
1629060,Rui Hachimura,LAL,2025-26,december,3&D Wing,Wing,Forward,11.5,2.9,50.0,3.7,80,9,30.2,8.7
1630558,Davion Mitchell,MIA,2025-26,december,Shot Creator,Scorer,Guard,13.7,29.5,37.974683544303794,28.6,72,11,29.7,8.6
1642363,Nique Clifford,SAC,2025-26,december,3&D Wing,Wing,Guard,17.8,7.0,42.30769230769231,,77,12,23.0,8.6
1631260,AJ Green,MIL,2025-26,december,Movement Shooter,Shooter,Guard,13.1,9.3,89.61038961038962,,76,10,28.3,8.5
1631121,Bryce McGowens,NOP,2025-26,december,3&D Wing,Wing,Forward,12.7,8.9,30.35714285714286,5.2,78,10,23.3,8.5
1631093,Jaden Ivey,DET,2025-26,december,Role Player,Role,Guard,18.3,17.9,48.4375,5.6,75,13,16.8,8.5
1630643,Jay Huff,IND,2025-26,december,3&D Wing,Wing,Big,16.9,11.8,67.12328767123287,,85,14,22.4,8.4
1626220,Royce O'Neale,PHX,2025-26,december,3&D Wing,Wing,Forward,12.8,14.4,78.26086956521739,,78,12,28.1,8.4
1641713,GG Jackson,MEM,2025-26,december,3&D Wing,Wing,Forward,14.6,5.5,48.38709677419354,,81,5,21.6,8.4
1629652,Luguentz Dort,OKC,2025-26,december,3&D Wing,Wing,Guard,14.6,5.3,84.81012658227847,,76,10,24.6,8.3
1630568,Luka Garza,BOS,2025-26,december,Finisher,Finisher,Big,14.0,10.1,26.829268292682933,,82,7,16.7,8.3
1642874,Danny Wolf,BKN,2025-26,december,3&D Wing,Wing,Big,20.3,14.0,43.75,,83,11,21.7,8.2
1629018,Gary Trent Jr.,MIL,2025-26,december,3&D Wing,Wing,Guard,14.9,6.2,64.86486486486486,,77,11,22.7,8.2
1642854,Asa Newell,ATL,2025-26,december,3&D Wing,Wing,Big,16.1,8.1,46.15384615384615,,82,12,15.3,8.0
1627741,Buddy Hield,GSW,2025-26,december,Movement Shooter,Shooter,Guard,17.9,12.0,62.68656716417911,,76,10,17.7,8.0
1642268,Isaiah Collier,UTA,2025-26,december,Shot Creator,Scorer,Guard,16.9,44.4,23.72881355932203,12.5,76,13,22.0,7.9
1628436,Luke Kornet,SAS,2025-26,december,Finisher,Finisher,Big,9.5,10.1,0.0,,85,13,24.7,7.9
1642383,Walter Clayton Jr.,UTA,2025-26,december,Finisher,Finisher,Guard,17.5,25.3,51.72413793103448,3.6,76,13,16.9,7.9
1630549,Day'Ron Sharpe,BKN,2025-26,december,Playmaking Big,Big,Big,17.6,28.9,12.76595744680851,3.7,82,11,16.3,7.9
1642347,Jamal Shead,TOR,2025-26,december,Stretch Shooter,Shooter,Guard,18.6,30.6,53.48837209302325,8.2,73,14,23.6,7.9
1642272,Jared McCain,PHI,2025-26,december,Role Player,Role,Guard,18.4,16.5,47.5,9.0,75,12,21.4,7.8
1631222,Jake LaRavia,LAL,2025-26,december,3&D Wing,Wing,Forward,14.4,10.1,44.61538461538461,2.5,79,12,24.4,7.8
1630631,Jose Alvarado,NOP,2025-26,december,Role Player,Role,Guard,13.2,20.9,61.66666666666667,4.2,72,12,23.5,7.8
1641750,Ryan Kalkbrenner,CHA,2025-26,december,Finisher,Finisher,Big,9.6,5.2,2.272727272727273,,85,8,25.5,7.8
1629001,De'Anthony Melton,GSW,2025-26,december,Role Player,Role,Guard,21.7,13.4,47.36842105263158,,74,10,19.4,7.7
1627751,Jakob Poeltl,TOR,2025-26,december,Finisher,Finisher,Big,15.1,10.5,0.0,,84,6,22.4,7.7
1630533,Ziaire Williams,BKN,2025-26,december,3&D Wing,Wing,Forward,15.9,5.6,74.13793103448276,,81,9,20.5,7.7
1630573,Sam Hauser,BOS,2025-26,december,Movement Shooter,Shooter,Forward,14.9,5.6,92.1875,,79,12,20.2,7.6
1642354,KJ Simpson,CHA,2025-26,december,Secondary Ball Handler,Secondary,Guard,23.0,19.2,49.35064935064935,,74,6,19.7,7.5
1631321,Sidy Cissoko,POR,2025-26,december,3&D Wing,Wing,Forward,14.4,9.7,66.12903225806451,,78,14,24.0,7.5
1628392,Isaiah Hartenstein,OKC,2025-26,december,Finisher,Finisher,Big,15.4,7.5,0.0,,84,5,23.3,7.4
1641707,Taylor Hendricks,UTA,2025-26,december,3&D Wing,Wing,Forward,12.9,6.5,58.13953488372093,,81,10,16.2,7.4
1642266,Ja'Kobe Walter,TOR,2025-26,december,3&D Wing,Wing,Guard,13.7,7.5,62.71186440677966,,76,14,20.4,7.4
1641716,Jarace Walker,IND,2025-26,december,3&D Wing,Wing,Forward,17.7,8.0,59.09090909090909,6.4,79,14,19.1,7.4
1642954,Will Richard,GSW,2025-26,december,Finisher,Finisher,Guard,12.4,8.7,68.75,,75,10,21.0,7.3
1641796,Pelle Larsson,MIA,2025-26,december,3&D Wing,Wing,Guard,12.7,17.6,37.735849056603776,5.6,77,7,18.9,7.3
1627936,Alex Caruso,OKC,2025-26,december,3&D Wing,Wing,Guard,16.0,9.2,61.66666666666667,,77,9,18.0,7.2
1629057,Robert Williams III,POR,2025-26,december,Finisher,Finisher,Forward,12.3,9.3,6.976744186046512,,81,9,19.0,7.2
1630598,Aaron Wiggins,OKC,2025-26,december,Stretch Shooter,Shooter,Guard,18.4,7.7,53.96825396825397,6.3,77,11,18.2,7.2
1630188,Jalen Smith,CHI,2025-26,december,3&D Wing,Wing,Forward,14.9,10.5,52.72727272727272,,80,10,18.2,7.1
1641717,Cason Wallace,OKC,2025-26,december,Finisher,Finisher,Guard,11.5,9.3,60.0,4.2,75,13,26.1,7.1
1627747,Caris LeVert,DET,2025-26,december,3&D Wing,Wing,Forward,15.6,17.4,53.96825396825397,6.2,79,12,20.2,7.0
1642860,Will Riley,WAS,2025-26,december,3&D Wing,Wing,Forward,16.4,12.8,36.206896551724135,,81,13,17.9,7.0
1642278,Tyler Kolek,NYK,2025-26,december,Role Player,Role,Guard,17.4,33.9,42.62295081967213,,74,14,17.1,6.9
1630173,Precious Achiuwa,SAC,2025-26,december,Finisher,Finisher,Forward,16.4,9.6,12.6984126984127,,80,12,18.6,6.9
1629726,Garrison Mathews,IND,2025-26,december,Role Player,Role,Guard,13.0,7.6,84.61538461538461,,77,10,15.0,6.9
1629637,Jaxson Hayes,LAL,2025-26,december,Finisher,Finisher,Big,11.8,5.9,0.0,,84,10,16.7,6.9
1630198,Isaiah Joe,OKC,2025-26,december,3&D Wing,Wing,Guard,14.1,12.4,91.30434782608695,,76,9,15.4,6.9
1629731,Dean Wade,CLE,2025-26,december,3&D Wing,Wing,Forward,9.9,9.5,74.54545454545453,,81,14,24.4,6.9
1630696,Dru Smith,MIA,2025-26,december,Finisher,Finisher,Guard,15.3,18.5,43.85964912280701,10.0,74,13,18.6,6.8
1642883,Sion James,CHA,2025-26,december,3&D Wing,Wing,Guard,11.4,9.2,61.53846153846154,,77,13,24.9,6.8
1642867,Collin Murray-Boyles,TOR,2025-26,december,Finisher,Finisher,Forward,16.2,13.8,22.033898305084744,,79,12,19.0,6.8
1642864,Hugo González,BOS,2025-26,december,3&D Wing,Wing,Forward,13.0,3.8,40.81632653061224,,78,12,19.7,6.7
1630534,Ochai Agbaji,TOR,2025-26,december,3&D Wing,Wing,Guard,13.1,7.6,32.758620689655174,,77,12,20.6,6.6
1631323,Simone Fontecchio,MIA,2025-26,december,Movement Shooter,Shooter,Forward,18.7,15.9,67.6923076923077,,79,12,16.9,6.6
203083,Andre Drummond,PHI,2025-26,december,Finisher,Finisher,Big,15.3,9.8,25.454545454545453,,83,11,18.9,6.5
203992,Bogdan Bogdanović,LAC,2025-26,december,Role Player,Role,Guard,17.0,16.5,60.0,,77,7,18.5,6.4
1628379,Luke Kennard,ATL,2025-26,december,Movement Shooter,Shooter,Guard,10.7,14.4,62.79069767441862,,77,13,19.2,6.4
1642920,Kobe Sanders,LAC,2025-26,december,3&D Wing,Wing,Forward,13.7,12.4,42.22222222222222,5.8,80,12,19.7,6.3
1629750,Javonte Green,DET,2025-26,december,3&D Wing,Wing,Guard,14.2,6.5,53.84615384615385,,77,13,16.6,6.3
1629655,Daniel Gafford,DAL,2025-26,december,Finisher,Finisher,Big,14.5,3.4,0.0,,82,9,16.9,6.2
1629611,Terance Mann,BKN,2025-26,december,3&D Wing,Wing,Forward,10.4,20.7,50.0,3.7,78,9,25.6,6.2
1631200,Kris Murray,POR,2025-26,december,3&D Wing,Wing,Forward,9.4,5.8,52.17391304347826,,80,12,27.2,6.0
1630172,Patrick Williams,CHI,2025-26,december,3&D Wing,Wing,Forward,16.8,9.4,45.45454545454545,3.6,78,13,16.3,5.9
1629020,Jarred Vanderbilt,LAL,2025-26,december,3&D Wing,Wing,Forward,11.0,5.9,55.81395348837209,,80,8,20.8,5.9
1628988,Aaron Holiday,HOU,2025-26,december,Role Player,Role,Guard,14.8,7.1,60.86956521739131,,72,12,15.6,5.8
1630182,Josh Green,CHA,2025-26,december,3&D Wing,Wing,Forward,12.9,9.8,77.27272727272727,,78,9,15.5,5.8
1631217,Moussa Diabaté,CHA,2025-26,december,Finisher,Finisher,Big,10.0,8.5,0.0,,82,12,23.9,5.8
1641783,Tristan da Silva,ORL,2025-26,december,3&D Wing,Wing,Forward,14.5,6.5,46.3768115942029,,80,10,22.2,5.7
1629216,Gabe Vincent,LAL,2025-26,december,Movement Shooter,Shooter,Guard,12.1,5.7,72.72727272727273,,74,6,21.2,5.7
1629048,Goga Bitadze,ORL,2025-26,december,Finisher,Finisher,Big,11.0,11.2,2.857142857142857,,83,11,16.7,5.6
1631213,Tyrese Martin,BKN,2025-26,december,3&D Wing,Wing,Forward,17.9,16.5,65.57377049180329,,78,8,17.3,5.6
1629006,Josh Okogie,HOU,2025-26,december,3&D Wing,Wing,Guard,11.1,5.3,51.21951219512195,,76,13,20.3,5.6
1629011,Mitchell Robinson,NYK,2025-26,december,Finisher,Finisher,Big,9.5,8.5,0.0,,84,10,19.9,5.6
1631246,Vince Williams Jr.,MEM,2025-26,december,3&D Wing,Wing,Guard,17.7,18.8,59.70149253731343,,76,6,20.2,5.5
201587,Nicolas Batum,LAC,2025-26,december,3&D Wing,Wing,Forward,8.9,6.5,97.67441860465117,,79,11,23.8,5.5
1641737,Adem Bona,PHI,2025-26,december,Finisher,Finisher,Big,10.0,2.1,7.4074074074074066,,82,9,19.0,5.4
1626145,Tyus Jones,ORL,2025-26,december,Role Player,Role,Guard,10.9,22.2,67.3913043478261,,72,14,20.1,5.4
1630679,Ethan Thompson,IND,2025-26,december,Role Player,Role,Guard,12.6,12.9,71.42857142857142,,76,13,19.5,5.3
1631169,Josh Minott,BOS,2025-26,december,3&D Wing,Wing,Forward,10.7,7.1,74.19354838709677,,80,9,16.7,5.2
203500,Steven Adams,HOU,2025-26,december,Finisher,Finisher,Big,12.5,6.6,0.0,,83,10,21.8,5.2
1642345,Oso Ighodaro,PHX,2025-26,december,Finisher,Finisher,Big,10.3,11.1,0.0,8.5,83,12,23.0,5.2
1642857,Kasparas Jakučionis,MIA,2025-26,december,Role Player,Role,Guard,13.7,8.2,57.777777777777786,,77,8,15.6,5.1
1642346,Ryan Dunn,PHX,2025-26,december,3&D Wing,Wing,Forward,14.8,11.0,39.28571428571429,,79,10,20.3,5.1
1642962,Drake Powell,BKN,2025-26,december,3&D Wing,Wing,Guard,14.4,17.0,62.5,8.3,77,8,15.3,5.0
1642928,Dylan Cardwell,SAC,2025-26,december,Finisher,Finisher,Big,9.0,8.1,0.0,,82,6,21.5,5.0
1630543,Isaiah Jackson,IND,2025-26,december,Finisher,Finisher,Forward,15.0,3.8,0.0,,80,9,15.8,5.0
1630579,Jericho Sims,MIL,2025-26,december,Finisher,Finisher,Big,9.2,4.1,0.0,,82,12,21.0,5.0
1629618,Jalen Pickett,DEN,2025-26,december,Role Player,Role,Guard,13.4,19.2,62.79069767441862,8.5,74,10,16.1,4.5
1641763,Julian Phillips,CHI,2025-26,december,Role Player,Role,Forward,10.7,4.8,59.45945945945946,,78,6,15.5,4.5
1631165,Keon Ellis,SAC,2025-26,december,3&D Wing,Wing,Guard,13.0,6.0,66.03773584905662,,76,11,18.7,4.5
1628366,Lonzo Ball,CLE,2025-26,december,3&D Wing,Wing,Guard,11.2,18.8,76.59574468085107,,77,9,22.6,4.0
1631119,Jaylin Williams,OKC,2025-26,december,3&D Wing,Wing,Forward,12.1,16.3,75.0,,81,5,19.4,3.6
1641854,Craig Porter Jr.,CLE,2025-26,december,Role Player,Role,Guard,9.7,19.3,27.27272727272728,,73,12,15.9,3.6
203939,Dwight Powell,DAL,2025-26,december,Finisher,Finisher,Big,8.5,8.0,0.0,,82,8,16.4,3.5
201144,Mike Conley,MIN,2025-26,december,Role Player,Role,Guard,11.6,16.8,80.48780487804879,,73,9,17.6,3.3
203914,Gary Harris,MIL,2025-26,december,3&D Wing,Wing,Guard,7.1,4.5,60.86956521739131,,76,11,17.1,3.3
1631132,Christian Koloko,ATL,2025-26,december,Role Player,Role,Big,4.8,6.0,0.0,,83,5,18.6,2.0
1629029,Luka Dončić,LAL,2025-26,january,Primary Initiator,Primary,Forward,35.5,40.2,42.727272727272734,16.0,80,12,36.8,33.2
1628983,Shai Gilgeous-Alexander,OKC,2025-26,january,Primary Initiator,Primary,Forward,33.4,28.4,21.73913043478261,26.3,78,11,33.8,32.8
1630162,Anthony Edwards,MIN,2025-26,january,Primary Initiator,Primary,Guard,32.0,16.6,41.37931034482759,23.4,76,9,35.8,31.1
1627759,Jaylen Brown,BOS,2025-26,january,Primary Initiator,Primary,Forward,38.1,22.4,29.01960784313726,20.6,78,12,36.2,30.7
1628374,Lauri Markkanen,UTA,2025-26,january,Finisher,Finisher,Big,28.0,9.7,34.285714285714285,4.0,85,5,38.4,29.4
1630166,Deni Avdija,POR,2025-26,january,Primary Initiator,Primary,Forward,31.9,33.3,35.911602209944746,14.0,80,8,33.6,29.0
1627750,Jamal Murray,DEN,2025-26,january,Primary Initiator,Primary,Guard,31.2,43.1,34.78260869565218,14.6,76,9,36.4,29.0
202695,Kawhi Leonard,LAC,2025-26,january,Primary Initiator,Primary,Forward,34.0,20.3,44.72361809045226,16.5,78,9,32.7,28.9
1630530,Trey Murphy III,NOP,2025-26,january,Stretch Shooter,Shooter,Forward,26.1,16.2,58.76288659793815,6.6,80,10,36.7,28.2
203954,Joel Embiid,PHI,2025-26,january,Shot Creator,Scorer,Big,32.4,20.3,18.539325842696627,12.3,84,11,34.0,28.2
1630178,Tyrese Maxey,PHI,2025-26,january,Shot Creator,Scorer,Guard,27.6,26.0,38.13953488372093,14.5,74,13,38.8,27.9
201142,Kevin Durant,HOU,2025-26,january,Shot Creator,Scorer,Big,26.9,21.8,38.0,20.8,83,13,38.8,27.8
1628378,Donovan Mitchell,CLE,2025-26,january,Primary Initiator,Primary,Guard,31.1,31.2,45.02369668246445,11.4,74,11,35.2,27.5
203507,Giannis Antetokounmpo,MIL,2025-26,january,Primary Initiator,Primary,Big,31.8,32.5,7.092198581560284,10.9,83,10,30.2,26.1
1626164,Devin Booker,PHX,2025-26,january,Primary Initiator,Primary,Guard,31.3,30.0,28.64864864864865,14.0,77,11,33.3,25.3
201935,James Harden,LAC,2025-26,january,Primary Initiator,Primary,Guard,32.4,38.4,39.48717948717949,42.5,77,11,35.8,24.9
2544,LeBron James,LAL,2025-26,january,Primary Initiator,Primary,Forward,28.1,35.1,25.568181818181817,12.8,81,12,34.1,24.8
1641705,Victor Wembanyama,SAS,2025-26,january,Shot Creator,Scorer,Big,33.8,11.5,36.99421965317919,14.5,88,10,26.9,24.7
1627783,Pascal Siakam,IND,2025-26,january,Shot Creator,Scorer,Forward,29.0,22.9,24.752475247524757,13.3,80,11,34.3,24.6
201939,Stephen Curry,GSW,2025-26,january,Movement Shooter,Shooter,Guard,28.1,31.4,58.333333333333336,10.1,74,11,31.0,24.4
1629008,Michael Porter Jr.,BKN,2025-26,january,Movement Shooter,Shooter,Big,30.9,14.9,56.315789473684205,6.9,82,9,33.9,24.2
1628973,Jalen Brunson,NYK,2025-26,january,Primary Initiator,Primary,Guard,30.3,24.7,36.6120218579235,14.4,74,10,31.4,23.6
203944,Julius Randle,MIN,2025-26,january,Shot Creator,Scorer,Forward,26.8,18.1,27.439024390243905,15.8,81,11,33.4,23.4
1641718,Keyonte George,UTA,2025-26,january,Shot Creator,Scorer,Guard,26.3,25.1,39.87730061349693,12.3,76,13,34.6,23.3
1631094,Paolo Banchero,ORL,2025-26,january,Shot Creator,Scorer,Big,27.9,25.8,26.506024096385545,14.7,82,10,35.6,23.2
1631212,Peyton Watson,DEN,2025-26,january,Finisher,Finisher,Forward,26.7,14.2,33.54430379746835,6.7,80,12,36.3,23.0
1626181,Norman Powell,MIA,2025-26,january,Movement Shooter,Shooter,Guard,24.7,13.2,50.32258064516129,10.9,75,12,29.6,22.0
1631101,Shaedon Sharpe,POR,2025-26,january,Shot Creator,Scorer,Guard,29.2,17.1,36.0655737704918,12.3,77,12,31.8,22.0
1630567,Scottie Barnes,TOR,2025-26,january,Finisher,Finisher,Forward,25.8,26.3,14.705882352941178,7.9,80,11,36.1,21.5
1630595,Cade Cunningham,DET,2025-26,january,Primary Initiator,Primary,Forward,29.1,44.0,28.07017543859649,11.5,78,8,34.2,21.3
202710,Jimmy Butler III,GSW,2025-26,january,Shot Creator,Scorer,Forward,24.6,23.9,22.058823529411764,17.7,78,8,29.3,21.3
1630552,Jalen Johnson,ATL,2025-26,january,Secondary Ball Handler,Secondary,Forward,25.9,29.8,30.4093567251462,7.9,80,12,36.4,21.0
1629627,Zion Williamson,NOP,2025-26,january,Shot Creator,Scorer,Forward,24.9,18.7,0.0,23.8,78,12,29.6,20.8
1641706,Brandon Miller,CHA,2025-26,january,Secondary Ball Handler,Secondary,Forward,28.1,19.9,49.04458598726115,10.8,79,12,30.0,20.7
1628991,Jaren Jackson Jr.,MEM,2025-26,january,3&D Wing,Wing,Big,25.0,7.7,29.48717948717949,11.1,82,10,31.8,20.6
1629628,RJ Barrett,TOR,2025-26,january,Secondary Ball Handler,Secondary,Forward,31.2,16.7,38.8235294117647,2.7,78,5,29.2,20.6
1629636,Darius Garland,CLE,2025-26,january,Secondary Ball Handler,Secondary,Guard,25.4,32.7,38.46153846153847,6.7,73,7,31.3,20.6
1627742,Brandon Ingram,TOR,2025-26,january,Shot Creator,Scorer,Forward,24.4,16.3,28.758169934640527,13.8,80,10,33.1,20.4
1629639,Tyler Herro,MIA,2025-26,january,Shot Creator,Scorer,Guard,24.6,18.6,36.585365853658544,13.3,77,5,31.5,20.4
1629638,Nickeil Alexander-Walker,ATL,2025-26,january,Movement Shooter,Shooter,Guard,23.3,18.9,57.23270440251572,2.9,77,12,33.5,20.2
1641708,Amen Thompson,HOU,2025-26,january,Finisher,Finisher,Forward,19.7,19.4,12.230215827338128,9.4,79,13,38.8,19.8
201942,DeMar DeRozan,SAC,2025-26,january,Shot Creator,Scorer,Forward,22.5,20.5,13.432835820895525,19.9,78,14,33.1,19.6
1630193,Immanuel Quickley,TOR,2025-26,january,Stretch Shooter,Shooter,Guard,22.0,26.2,50.34013605442177,6.1,74,10,33.5,19.4
1630180,Saddiq Bey,NOP,2025-26,january,3&D Wing,Wing,Forward,20.6,9.7,41.66666666666666,6.5,80,6,29.9,19.3
1629614,Andrew Nembhard,IND,2025-26,january,Secondary Ball Handler,Secondary,Guard,21.9,36.1,39.097744360902254,8.9,76,10,33.4,19.0
202696,Nikola Vučević,CHI,2025-26,january,Post Scorer,Big,Forward,21.7,22.7,28.571428571428577,,81,12,32.8,18.8
203468,CJ McCollum,ATL,2025-26,january,Secondary Ball Handler,Secondary,Guard,26.8,19.5,35.76158940397352,8.8,75,10,27.8,18.5
1630217,Desmond Bane,ORL,2025-26,january,Secondary Ball Handler,Secondary,Forward,21.7,17.1,35.0,7.0,78,10,34.7,18.4
1641729,Brice Sensabaugh,UTA,2025-26,january,Movement Shooter,Shooter,Forward,24.8,9.3,45.11278195488722,2.8,78,12,27.7,18.3
1630230,Naji Marshall,DAL,2025-26,january,3&D Wing,Wing,Forward,21.5,19.6,24.0,5.6,78,12,31.3,18.3
1631108,Max Christie,DAL,2025-26,january,Stretch Shooter,Shooter,Guard,19.0,11.2,61.240310077519375,5.7,77,10,32.5,18.2
1629632,Coby White,CHI,2025-26,january,Stretch Shooter,Shooter,Guard,25.8,21.6,59.3984962406015,7.7,76,8,30.0,18.1
203897,Zach LaVine,SAC,2025-26,january,Movement Shooter,Shooter,Guard,22.1,11.9,47.28682170542635,9.3,77,11,31.1,18.0
1628389,Bam Adebayo,MIA,2025-26,january,3&D Wing,Wing,Forward,23.1,15.4,30.967741935483872,8.0,81,13,30.9,17.9
1642851,Kon Knueppel,CHA,2025-26,january,Secondary Ball Handler,Secondary,Forward,22.4,16.4,48.46153846153846,,78,13,30.0,17.9
1628368,De'Aaron Fox,SAS,2025-26,january,Secondary Ball Handler,Secondary,Guard,22.6,27.3,40.41095890410959,10.1,75,12,32.9,17.9
201566,Russell Westbrook,SAC,2025-26,january,Shot Creator,Scorer,Guard,25.7,28.2,48.17518248175183,13.4,76,14,31.2,17.6
1630163,LaMelo Ball,CHA,2025-26,january,Primary Initiator,Primary,Forward,29.8,39.2,59.25925925925925,12.2,79,13,25.8,17.5
1628415,Dillon Brooks,PHX,2025-26,january,Secondary Ball Handler,Secondary,Forward,26.4,9.6,42.94478527607362,9.3,79,12,30.5,17.4
1630578,Alperen Sengun,HOU,2025-26,january,Shot Creator,Scorer,Big,26.0,27.0,10.0,14.9,83,10,30.6,17.4
1631096,Chet Holmgren,OKC,2025-26,january,Finisher,Finisher,Big,19.5,8.5,31.53153153153153,7.8,85,11,30.6,17.3
1630596,Evan Mobley,CLE,2025-26,january,Finisher,Finisher,Big,19.9,18.7,25.563909774436087,4.7,83,12,34.2,17.1
1642273,Kyshawn George,WAS,2025-26,january,Secondary Ball Handler,Secondary,Forward,26.8,28.6,43.91891891891891,6.1,80,8,28.9,17.0
1641824,Matas Buzelis,CHI,2025-26,january,Stretch Shooter,Shooter,Forward,23.3,15.2,50.38167938931297,4.1,80,12,29.9,17.0
1642259,Alex Sarr,WAS,2025-26,january,Finisher,Finisher,Big,23.9,13.3,15.503875968992247,5.3,84,12,28.3,16.9
1631105,Jalen Duren,DET,2025-26,january,Finisher,Finisher,Big,22.7,9.9,0.0,8.9,82,7,25.7,16.7
203994,Jusuf Nurkić,UTA,2025-26,january,Playmaking Big,Big,Big,21.3,34.9,17.26618705035971,,83,7,31.0,16.7
1642843,Cooper Flagg,DAL,2025-26,january,Shot Creator,Scorer,Forward,24.9,21.5,23.841059602649008,13.3,81,10,31.4,16.7
1628384,OG Anunoby,NYK,2025-26,january,3&D Wing,Wing,Forward,19.8,12.2,37.06896551724138,5.9,79,12,33.8,16.7
1626157,Karl-Anthony Towns,NYK,2025-26,january,Role Player,Role,Big,25.3,14.8,30.4,10.0,84,11,28.5,16.6
1629675,Naz Reid,MIN,2025-26,january,Movement Shooter,Shooter,Forward,22.3,16.0,49.549549549549546,3.8,81,11,25.0,16.4
1641710,Anthony Black,ORL,2025-26,january,Secondary Ball Handler,Secondary,Forward,21.1,26.0,45.23809523809524,4.4,79,10,34.0,16.3
1631114,Jalen Williams,OKC,2025-26,january,Shot Creator,Scorer,Guard,23.0,30.0,16.40625,14.8,77,9,29.4,16.2
203932,Aaron Gordon,DEN,2025-26,january,Shot Creator,Scorer,Forward,23.7,24.0,35.294117647058826,16.0,80,10,27.4,16.2
1630168,Onyeka Okongwu,ATL,2025-26,january,3&D Wing,Wing,Big,19.7,16.3,46.45669291338584,1.6,82,11,33.2,16.2
1628960,Grayson Allen,PHX,2025-26,january,Stretch Shooter,Shooter,Guard,24.1,18.8,75.18796992481202,2.8,75,10,26.6,16.1
1629014,Anfernee Simons,BOS,2025-26,january,Shot Creator,Scorer,Guard,23.8,17.3,59.23076923076923,18.2,75,13,26.8,16.1
1628970,Miles Bridges,CHA,2025-26,january,3&D Wing,Wing,Forward,20.3,13.4,48.30508474576271,9.0,79,13,30.7,15.9
1630202,Payton Pritchard,BOS,2025-26,january,Shot Creator,Scorer,Guard,19.3,25.8,41.04477611940298,12.8,73,12,32.7,15.9
1630183,Jaden McDaniels,MIN,2025-26,january,3&D Wing,Wing,Forward,16.7,13.2,31.428571428571427,2.3,81,11,33.3,15.9
1631126,Caleb Love,POR,2025-26,january,Stretch Shooter,Shooter,Guard,23.6,19.1,61.194029850746254,8.4,75,12,28.3,15.8
1628381,John Collins,LAC,2025-26,january,3&D Wing,Wing,Forward,14.9,2.6,43.67816091954023,,81,10,29.8,15.7
1630245,Ayo Dosunmu,CHI,2025-26,january,Secondary Ball Handler,Secondary,Guard,21.0,23.6,43.63636363636363,2.2,76,12,25.6,15.6
1630241,Sam Merrill,CLE,2025-26,january,3&D Wing,Wing,Guard,18.0,9.5,80.64516129032258,,76,6,25.4,15.5
203501,Tim Hardaway Jr.,DEN,2025-26,january,Movement Shooter,Shooter,Guard,20.5,6.9,72.97297297297297,2.2,77,12,28.6,15.4
1630314,Brandon Williams,DAL,2025-26,january,Secondary Ball Handler,Secondary,Guard,26.6,19.9,17.75700934579439,10.6,73,10,22.1,15.4
1628401,Derrick White,BOS,2025-26,january,Stretch Shooter,Shooter,Guard,21.1,22.8,56.08108108108109,4.7,76,12,35.6,15.3
1642845,VJ Edgecombe,PHI,2025-26,january,3&D Wing,Wing,Guard,17.7,16.7,48.7603305785124,8.3,76,13,37.5,15.0
1630577,Julian Champagnie,SAS,2025-26,january,Movement Shooter,Shooter,Forward,16.8,8.0,77.06422018348624,,79,12,31.7,14.9
1642264,Stephon Castle,SAS,2025-26,january,Secondary Ball Handler,Secondary,Forward,23.6,32.6,29.83870967741936,8.4,78,12,31.9,14.9
1629001,De'Anthony Melton,GSW,2025-26,january,Role Player,Role,Guard,24.9,12.7,47.74774774774775,,74,10,22.3,14.9
203952,Andrew Wiggins,MIA,2025-26,january,3&D Wing,Wing,Forward,19.5,12.7,41.80327868852459,10.9,78,13,29.3,14.6
1630540,Miles McBride,NYK,2025-26,january,Stretch Shooter,Shooter,Guard,18.5,16.1,66.4,4.7,74,12,30.6,14.6
1641739,Toumani Camara,POR,2025-26,january,3&D Wing,Wing,Forward,15.0,9.6,68.93203883495144,6.3,79,12,35.3,14.5
1642848,Tre Johnson,WAS,2025-26,january,Movement Shooter,Shooter,Guard,21.0,15.2,53.71900826446281,3.2,77,12,29.2,14.5
1642907,Cedric Coward,MEM,2025-26,january,Secondary Ball Handler,Secondary,Guard,22.9,14.7,44.73684210526315,2.4,77,8,24.2,14.4
1630573,Sam Hauser,BOS,2025-26,january,Movement Shooter,Shooter,Forward,15.3,9.2,87.50000000000001,,79,12,28.6,14.3
202331,Paul George,PHI,2025-26,january,Shot Creator,Scorer,Forward,19.5,17.0,44.26229508196722,18.4,80,10,32.4,14.3
1642349,Ajay Mitchell,OKC,2025-26,january,Secondary Ball Handler,Secondary,Guard,20.7,19.9,31.818181818181817,8.9,76,11,27.8,14.2
1642281,Jaylon Tyson,CLE,2025-26,january,3&D Wing,Wing,Forward,19.6,14.3,45.63106796116504,,78,12,28.4,14.2
1628370,Malik Monk,SAC,2025-26,january,Stretch Shooter,Shooter,Guard,22.5,20.3,53.398058252427184,8.4,75,11,23.1,14.1
1631095,Jabari Smith Jr.,HOU,2025-26,january,3&D Wing,Wing,Big,18.3,6.4,48.92086330935251,5.6,83,13,36.6,14.1
1629111,Jock Landale,MEM,2025-26,january,Post Scorer,Big,Big,17.9,11.1,32.323232323232325,,83,10,26.2,13.9
1628969,Mikal Bridges,NYK,2025-26,january,3&D Wing,Wing,Forward,18.5,16.8,47.368421052631575,2.3,78,12,32.6,13.8
1629640,Keldon Johnson,SAS,2025-26,january,3&D Wing,Wing,Forward,19.2,6.9,37.25490196078432,3.9,78,12,26.3,13.8
1629012,Collin Sexton,CHA,2025-26,january,Secondary Ball Handler,Secondary,Guard,25.5,24.0,35.22727272727273,5.2,75,12,20.1,13.6
1629130,Duncan Robinson,DET,2025-26,january,Movement Shooter,Shooter,Forward,18.0,7.4,73.1958762886598,,79,11,25.6,13.5
1630572,Sandro Mamukelashvili,TOR,2025-26,january,3&D Wing,Wing,Forward,18.0,15.9,43.1578947368421,,81,11,25.7,13.5
1626171,Bobby Portis,MIL,2025-26,january,3&D Wing,Wing,Forward,22.0,11.8,45.04504504504504,3.2,81,10,24.4,13.2
202691,Klay Thompson,DAL,2025-26,january,Movement Shooter,Shooter,Guard,21.0,11.9,73.33333333333334,,77,12,21.9,13.2
1631157,Ryan Rollins,MIL,2025-26,january,Role Player,Role,Guard,20.0,19.5,46.774193548387096,7.3,75,10,32.2,13.1
1629645,Kevin Porter Jr.,MIL,2025-26,january,Secondary Ball Handler,Secondary,Guard,20.7,29.6,27.27272727272727,9.8,77,8,34.3,13.0
202699,Tobias Harris,DET,2025-26,january,3&D Wing,Wing,Forward,19.5,11.9,38.392857142857146,4.2,80,6,27.0,13.0
1641730,Noah Clowney,BKN,2025-26,january,Stretch Shooter,Shooter,Big,21.0,9.3,57.01754385964912,4.6,82,13,29.9,12.9
1642847,Jeremiah Fears,NOP,2025-26,january,Secondary Ball Handler,Secondary,Guard,23.1,17.1,34.23423423423424,7.2,75,12,25.3,12.9
203471,Dennis Schröder,SAC,2025-26,january,Shot Creator,Scorer,Guard,23.6,29.2,39.361702127659576,14.8,73,11,23.4,12.9
201950,Jrue Holiday,POR,2025-26,january,Stretch Shooter,Shooter,Guard,25.1,37.7,52.77777777777778,10.1,76,6,19.8,12.8
1628978,Donte DiVincenzo,MIN,2025-26,january,Movement Shooter,Shooter,Guard,15.8,17.0,76.57657657657658,1.9,76,11,33.2,12.7
1627826,Ivica Zubac,LAC,2025-26,january,Post Scorer,Big,Big,18.0,8.7,0.0,,84,10,29.1,12.7
1642846,Ace Bailey,UTA,2025-26,january,Role Player,Role,Forward,19.1,10.2,35.714285714285715,3.0,81,9,27.1,12.7
1630583,Santi Aldama,MEM,2025-26,january,3&D Wing,Wing,Big,16.8,17.1,41.836734693877546,,84,8,28.0,12.6
1627734,Domantas Sabonis,SAC,2025-26,january,Playmaking Big,Big,Big,21.2,27.9,10.526315789473683,,82,5,22.7,12.6
1642270,Donovan Clingan,POR,2025-26,january,Finisher,Finisher,Big,15.1,11.5,41.57303370786517,,86,12,30.2,12.5
1642263,Reed Sheppard,HOU,2025-26,january,Stretch Shooter,Shooter,Guard,22.4,16.8,54.86725663716814,4.6,74,13,23.1,12.3
1631106,Tari Eason,HOU,2025-26,january,3&D Wing,Wing,Forward,21.6,9.3,38.93805309734513,5.0,80,7,25.8,12.3
1630533,Ziaire Williams,BKN,2025-26,january,Stretch Shooter,Shooter,Forward,18.4,3.0,64.28571428571429,,81,7,24.7,12.3
1628386,Jarrett Allen,CLE,2025-26,january,Finisher,Finisher,Forward,14.7,7.8,2.666666666666667,,81,11,30.4,12.2
1630200,Tre Jones,CHI,2025-26,january,Finisher,Finisher,Guard,16.5,36.0,25.92592592592593,4.8,73,11,27.1,12.2
1631221,Collin Gillespie,PHX,2025-26,january,Role Player,Role,Guard,16.3,19.3,69.89247311827957,3.3,73,12,28.3,12.0
1630188,Jalen Smith,CHI,2025-26,january,Stretch Shooter,Shooter,Forward,18.6,6.3,53.191489361702125,,80,10,25.5,12.0
1626162,Kelly Oubre Jr.,PHI,2025-26,january,Shot Creator,Scorer,Forward,16.3,7.5,44.56521739130434,12.1,80,10,29.8,12.0
1628976,Wendell Carter Jr.,ORL,2025-26,january,3&D Wing,Wing,Big,17.9,14.0,46.93877551020408,,82,9,29.2,12.0
1630174,Aaron Nesmith,IND,2025-26,january,Movement Shooter,Shooter,Guard,19.4,12.8,53.84615384615385,,77,11,32.0,11.8
1630700,Dyson Daniels,ATL,2025-26,january,Finisher,Finisher,Forward,14.7,27.4,7.766990291262135,5.6,79,11,34.7,11.7
1631222,Jake LaRavia,LAL,2025-26,january,3&D Wing,Wing,Forward,13.6,9.2,56.79012345679012,2.5,79,13,31.5,11.5
1641764,Brandin Podziemski,GSW,2025-26,january,3&D Wing,Wing,Guard,18.8,19.7,42.39130434782609,6.1,76,12,25.0,11.4
1641716,Jarace Walker,IND,2025-26,january,3&D Wing,Wing,Forward,19.4,14.9,48.8095238095238,6.4,79,12,21.7,11.3
1642285,Cam Spencer,MEM,2025-26,january,Movement Shooter,Shooter,Guard,15.9,40.2,54.76190476190476,3.0,75,10,26.1,11.3
1629631,De'Andre Hunter,CLE,2025-26,january,3&D Wing,Wing,Forward,22.9,13.7,45.26315789473684,7.5,79,11,22.5,11.3
1642856,Egor Dëmin,BKN,2025-26,january,3&D Wing,Wing,Forward,17.2,20.1,73.17073170731709,3.6,80,10,25.3,11.2
1629028,Deandre Ayton,LAL,2025-26,january,Finisher,Finisher,Big,16.6,3.9,0.0,,84,12,27.0,11.2
1626167,Myles Turner,MIL,2025-26,january,3&D Wing,Wing,Big,17.3,8.3,56.47058823529412,,83,8,25.7,11.1
1641757,Jordan Miller,LAC,2025-26,january,3&D Wing,Wing,Guard,18.8,14.3,34.66666666666667,11.8,77,12,23.4,11.1
1642267,Bub Carrington,WAS,2025-26,january,Role Player,Role,Guard,16.5,23.0,71.71717171717171,4.8,76,12,32.8,10.9
1630551,Justin Champagnie,WAS,2025-26,january,3&D Wing,Wing,Forward,15.5,10.4,31.645569620253163,,78,12,24.1,10.9
1630560,Cam Thomas,BKN,2025-26,january,Shot Creator,Scorer,Guard,27.4,26.3,40.18691588785047,16.4,75,10,22.1,10.9
1631170,Jaime Jaquez Jr.,MIA,2025-26,january,Shot Creator,Scorer,Forward,19.9,23.4,17.17171717171717,14.8,78,9,25.4,10.9
203935,Marcus Smart,LAL,2025-26,january,Role Player,Role,Guard,15.8,11.9,56.47058823529412,4.2,75,13,30.9,10.8
1629673,Jordan Poole,NOP,2025-26,january,Stretch Shooter,Shooter,Guard,23.9,18.4,62.37623762376238,7.9,76,12,22.1,10.8
1641796,Pelle Larsson,MIA,2025-26,january,3&D Wing,Wing,Guard,15.2,17.5,32.92682926829269,5.6,77,11,25.8,10.8
1628398,Kyle Kuzma,MIL,2025-26,january,3&D Wing,Wing,Forward,18.3,12.7,44.08602150537634,5.1,80,10,25.6,10.8
1631260,AJ Green,MIL,2025-26,january,Movement Shooter,Shooter,Guard,13.3,7.9,88.37209302325581,,76,9,32.1,10.8
1630702,Jaden Hardy,DAL,2025-26,january,Stretch Shooter,Shooter,Guard,27.9,12.5,71.27659574468085,,75,7,16.3,10.7
203497,Rudy Gobert,MIN,2025-26,january,Finisher,Finisher,Big,11.2,5.7,1.6666666666666667,,85,9,31.8,10.7
1642268,Isaiah Collier,UTA,2025-26,january,Shot Creator,Scorer,Guard,19.0,40.5,20.98765432098765,12.5,76,14,24.9,10.6
1642867,Collin Murray-Boyles,TOR,2025-26,january,Finisher,Finisher,Forward,13.1,16.3,8.75,,79,9,30.8,10.6
1642450,Daniss Jenkins,DET,2025-26,january,Stretch Shooter,Shooter,Guard,20.8,33.8,51.35135135135135,9.5,76,9,20.5,10.6
1630598,Aaron Wiggins,OKC,2025-26,january,3&D Wing,Wing,Guard,17.0,9.4,54.11764705882353,6.3,77,10,25.1,10.5
1629674,Neemias Queta,BOS,2025-26,january,Finisher,Finisher,Big,14.9,4.6,3.076923076923077,,84,13,25.4,10.5
1630541,Moses Moody,GSW,2025-26,january,Movement Shooter,Shooter,Guard,14.2,7.3,68.91891891891892,4.9,77,12,23.8,10.4
1629651,Nic Claxton,BKN,2025-26,january,Shot Creator,Scorer,Big,15.7,19.1,1.25,14.1,83,11,28.3,10.4
1628404,Josh Hart,NYK,2025-26,january,3&D Wing,Wing,Guard,14.7,22.8,40.2439024390244,,77,6,31.5,10.3
1641713,GG Jackson,MEM,2025-26,january,3&D Wing,Wing,Forward,19.3,6.2,50.0,,81,10,19.9,10.3
1630191,Isaiah Stewart,DET,2025-26,january,Finisher,Finisher,Forward,15.2,8.2,32.87671232876712,,80,10,26.2,10.3
1641731,Bilal Coulibaly,WAS,2025-26,january,3&D Wing,Wing,Forward,15.8,11.7,34.21052631578947,4.8,79,7,26.6,10.3
1631109,Mark Williams,PHX,2025-26,january,Finisher,Finisher,Big,15.9,4.9,0.0,,85,12,23.7,10.3
1630643,Jay Huff,IND,2025-26,january,3&D Wing,Wing,Big,16.8,8.0,53.73134328358209,,85,12,19.8,10.2
1626220,Royce O'Neale,PHX,2025-26,january,3&D Wing,Wing,Forward,14.4,16.4,85.54216867469879,,78,12,29.1,10.2
1629618,Jalen Pickett,DEN,2025-26,january,Role Player,Role,Guard,16.1,24.9,50.0,8.5,74,13,28.5,10.2
1629656,Quentin Grimes,PHI,2025-26,january,3&D Wing,Wing,Guard,14.5,12.4,61.11111111111112,10.4,76,13,27.3,10.2
1628379,Luke Kennard,ATL,2025-26,january,Movement Shooter,Shooter,Guard,11.9,14.5,68.42105263157895,,77,10,21.2,10.1
1628989,Kevin Huerter,CHI,2025-26,january,Stretch Shooter,Shooter,Forward,19.4,19.8,55.55555555555556,,78,12,23.0,10.1
1642852,Derik Queen,NOP,2025-26,january,Shot Creator,Scorer,Forward,20.0,30.0,7.777777777777778,18.6,81,11,26.5,9.9
1642377,Jaylen Wells,MEM,2025-26,january,Stretch Shooter,Shooter,Forward,20.4,8.0,56.19047619047619,3.0,79,10,24.7,9.9
203114,Khris Middleton,WAS,2025-26,january,Secondary Ball Handler,Secondary,Forward,20.2,17.1,44.56521739130434,6.1,79,9,23.6,9.9
1629060,Rui Hachimura,LAL,2025-26,january,Stretch Shooter,Shooter,Forward,18.1,5.5,50.53763440860215,3.7,80,7,22.9,9.9
1628963,Marvin Bagley III,WAS,2025-26,january,Finisher,Finisher,Big,20.4,7.1,6.666666666666667,7.3,82,9,18.1,9.8
1630549,Day'Ron Sharpe,BKN,2025-26,january,Playmaking Big,Big,Big,17.7,20.5,9.090909090909092,3.7,82,12,22.7,9.8
204456,T.J. McConnell,IND,2025-26,january,Secondary Ball Handler,Secondary,Guard,24.9,51.3,14.130434782608695,5.9,73,11,18.1,9.7
1629013,Landry Shamet,NYK,2025-26,january,3&D Wing,Wing,Guard,15.5,7.6,83.87096774193549,,77,5,18.7,9.4
1629750,Javonte Green,DET,2025-26,january,3&D Wing,Wing,Guard,15.4,3.2,65.57377049180329,,77,11,20.6,9.3
1642262,Cody Williams,UTA,2025-26,january,3&D Wing,Wing,Forward,14.1,5.9,29.5774647887324,,80,14,24.6,9.1
1629652,Luguentz Dort,OKC,2025-26,january,3&D Wing,Wing,Guard,14.0,5.3,65.33333333333334,,76,11,26.8,9.1
203110,Draymond Green,GSW,2025-26,january,3&D Wing,Wing,Forward,17.2,26.4,59.21052631578948,,78,10,25.1,9.0
1642347,Jamal Shead,TOR,2025-26,january,Role Player,Role,Guard,15.4,29.1,51.94805194805194,8.2,73,12,27.2,8.9
1630692,Jordan Goodwin,PHX,2025-26,january,Role Player,Role,Guard,16.0,18.4,61.03896103896104,,75,12,22.1,8.9
1630557,Corey Kispert,ATL,2025-26,january,Movement Shooter,Shooter,Forward,19.6,9.7,62.85714285714287,,78,8,17.8,8.9
1642366,Quinten Post,GSW,2025-26,january,Stretch Shooter,Shooter,Big,19.2,11.0,64.28571428571429,,84,12,16.5,8.8
1630568,Luka Garza,BOS,2025-26,january,Finisher,Finisher,Big,15.0,7.3,29.310344827586203,,82,13,19.6,8.7
1630192,Zeke Nnaji,DEN,2025-26,january,Finisher,Finisher,Big,16.2,7.4,32.30769230769231,,82,13,22.4,8.7
1641709,Ausar Thompson,DET,2025-26,january,Finisher,Finisher,Forward,16.4,15.9,2.739726027397261,7.7,79,11,24.5,8.6
1628436,Luke Kornet,SAS,2025-26,january,Finisher,Finisher,Big,11.1,11.4,0.0,,85,11,23.6,8.6
1641750,Ryan Kalkbrenner,CHA,2025-26,january,Finisher,Finisher,Big,13.0,5.2,0.0,,85,8,19.7,8.6
1642271,Kyle Filipowski,UTA,2025-26,january,3&D Wing,Wing,Big,18.2,10.6,29.87012987012987,,83,14,21.7,8.6
1631093,Jaden Ivey,DET,2025-26,january,Stretch Shooter,Shooter,Guard,20.0,10.4,54.929577464788736,5.6,75,11,18.8,8.5
1642859,Jase Richardson,ORL,2025-26,january,Role Player,Role,Guard,18.0,14.5,38.095238095238095,,73,8,18.1,8.5
1631217,Moussa Diabaté,CHA,2025-26,january,Finisher,Finisher,Big,11.4,7.7,0.0,,82,10,28.6,8.5
1641842,Ronald Holland II,DET,2025-26,january,3&D Wing,Wing,Forward,18.5,8.3,35.61643835616439,3.8,80,11,21.3,8.5
1631107,Nikola Jović,MIA,2025-26,january,Stretch Shooter,Shooter,Big,21.5,16.6,55.26315789473685,3.7,82,13,19.0,8.4
1642383,Walter Clayton Jr.,UTA,2025-26,january,Finisher,Finisher,Guard,16.4,21.4,61.11111111111112,3.6,76,13,23.1,8.4
1642869,Noah Penda,ORL,2025-26,january,3&D Wing,Wing,Forward,15.5,9.5,45.45454545454546,7.4,79,8,23.2,8.4
1642844,Dylan Harper,SAS,2025-26,january,Role Player,Role,Guard,19.3,21.0,33.734939759036145,7.7,77,12,21.4,8.3
1641711,Gradey Dick,TOR,2025-26,january,Movement Shooter,Shooter,Forward,16.7,4.8,50.76923076923077,,79,12,19.0,8.3
1641783,Tristan da Silva,ORL,2025-26,january,3&D Wing,Wing,Forward,16.1,6.2,47.887323943661976,,80,9,21.8,8.3
1642276,Kel'el Ware,MIA,2025-26,january,3&D Wing,Wing,Big,16.8,5.1,41.02564102564103,,84,10,20.2,8.3
203484,Kentavious Caldwell-Pope,MEM,2025-26,january,Stretch Shooter,Shooter,Guard,19.3,14.2,52.0,3.1,77,10,18.6,8.3
1630173,Precious Achiuwa,SAC,2025-26,january,Finisher,Finisher,Forward,14.7,8.2,26.229508196721312,,80,14,22.6,8.2
1629004,Svi Mykhailiuk,UTA,2025-26,january,3&D Wing,Wing,Forward,13.8,10.6,60.31746031746032,,79,9,22.4,8.1
1631121,Bryce McGowens,NOP,2025-26,january,3&D Wing,Wing,Forward,14.2,6.2,46.66666666666666,5.2,78,8,22.0,8.0
1631246,Vince Williams Jr.,MEM,2025-26,january,3&D Wing,Wing,Guard,17.8,26.6,72.6027397260274,,76,7,20.6,8.0
1630558,Davion Mitchell,MIA,2025-26,january,Shot Creator,Scorer,Guard,13.4,30.6,46.3768115942029,28.6,72,9,26.4,7.9
1642920,Kobe Sanders,LAC,2025-26,january,3&D Wing,Wing,Forward,15.6,9.8,45.58823529411765,5.8,80,12,23.7,7.8
1642849,Nolan Traore,BKN,2025-26,january,Role Player,Role,Guard,18.9,22.4,48.71794871794872,,75,13,23.4,7.8
203937,Kyle Anderson,UTA,2025-26,january,Shot Creator,Scorer,Forward,14.7,13.7,6.779661016949152,12.6,80,8,21.7,7.8
1642874,Danny Wolf,BKN,2025-26,january,3&D Wing,Wing,Big,16.6,14.7,45.71428571428572,,83,13,20.3,7.7
1630171,Isaac Okoro,CHI,2025-26,january,3&D Wing,Wing,Guard,12.3,6.7,53.73134328358209,,76,12,26.7,7.6
1642875,Maxime Raynaud,SAC,2025-26,january,Finisher,Finisher,Big,14.3,6.9,13.432835820895525,,85,14,24.2,7.6
1630695,Micah Potter,IND,2025-26,january,Role Player,Role,Forward,15.3,7.7,72.0,,81,11,17.8,7.5
201143,Al Horford,GSW,2025-26,january,3&D Wing,Wing,Forward,16.6,17.0,66.66666666666667,,80,10,18.8,7.5
1641790,PJ Hall,CHA,2025-26,january,Role Player,Role,Forward,17.1,5.9,8.333333333333334,,80,5,17.2,7.4
1642860,Will Riley,WAS,2025-26,january,3&D Wing,Wing,Forward,18.4,9.4,48.48484848484849,,81,10,19.2,7.4
1642962,Drake Powell,BKN,2025-26,january,3&D Wing,Wing,Guard,15.7,11.5,53.84615384615385,8.3,77,11,21.9,7.4
1631213,Tyrese Martin,BKN,2025-26,january,3&D Wing,Wing,Forward,15.6,4.7,66.66666666666667,,78,7,16.1,7.1
1630619,Moussa Cisse,DAL,2025-26,january,Finisher,Finisher,Big,14.8,3.9,0.0,,83,6,17.0,7.0
1642345,Oso Ighodaro,PHX,2025-26,january,Finisher,Finisher,Big,12.0,9.5,0.0,8.5,83,12,22.6,7.0
1629023,P.J. Washington,DAL,2025-26,january,3&D Wing,Wing,Forward,13.9,7.1,35.294117647058826,4.1,79,5,25.0,7.0
1631321,Sidy Cissoko,POR,2025-26,january,3&D Wing,Wing,Forward,12.0,6.5,63.793103448275865,,78,12,24.6,7.0
1627739,Kris Dunn,LAC,2025-26,january,Finisher,Finisher,Guard,11.5,18.1,50.0,3.9,75,12,29.4,6.9
1627780,Gary Payton II,GSW,2025-26,january,Finisher,Finisher,Guard,17.9,10.1,20.0,,74,11,15.6,6.9
1629611,Terance Mann,BKN,2025-26,january,3&D Wing,Wing,Forward,14.1,22.8,31.03448275862069,3.7,78,10,22.7,6.9
1631230,Dominick Barlow,PHI,2025-26,january,3&D Wing,Wing,Forward,13.1,4.2,30.434782608695656,,81,13,19.9,6.8
203903,Jordan Clarkson,NYK,2025-26,january,3&D Wing,Wing,Guard,19.9,7.4,47.887323943661976,5.2,77,11,16.7,6.8
1631245,Quenton Jackson,IND,2025-26,january,3&D Wing,Wing,Guard,20.0,15.6,44.06779661016949,,76,9,15.3,6.8
203084,Harrison Barnes,SAS,2025-26,january,3&D Wing,Wing,Forward,13.4,10.8,66.19718309859155,8.0,79,12,24.9,6.8
1629026,Kenrich Williams,OKC,2025-26,january,3&D Wing,Wing,Forward,15.9,11.5,50.98039215686276,,79,12,15.7,6.8
1630194,Paul Reed,DET,2025-26,january,Finisher,Finisher,Forward,16.9,18.2,16.071428571428573,,81,7,18.8,6.7
1629637,Jaxson Hayes,LAL,2025-26,january,Finisher,Finisher,Big,11.6,2.5,0.0,,84,10,18.2,6.7
1630198,Isaiah Joe,OKC,2025-26,january,3&D Wing,Wing,Guard,15.1,7.1,79.24528301886792,,76,12,18.1,6.6
1642277,Johnny Furphy,IND,2025-26,january,3&D Wing,Wing,Forward,13.3,9.0,49.05660377358491,,80,12,22.5,6.5
201567,Kevin Love,UTA,2025-26,january,3&D Wing,Wing,Big,16.4,13.2,56.4516129032258,,82,6,19.2,6.5
1642274,Yves Missi,NOP,2025-26,january,Finisher,Finisher,Big,12.2,8.5,1.785714285714286,,83,12,21.7,6.5
1642948,Ryan Nembhard,DAL,2025-26,january,Role Player,Role,Guard,17.5,34.6,37.28813559322034,8.5,71,12,18.1,6.4
1642461,Spencer Jones,DEN,2025-26,january,3&D Wing,Wing,Forward,9.0,2.8,61.53846153846154,,79,12,29.9,6.4
1642266,Ja'Kobe Walter,TOR,2025-26,january,3&D Wing,Wing,Guard,13.9,8.6,76.92307692307692,,76,5,16.8,6.4
1631165,Keon Ellis,SAC,2025-26,january,3&D Wing,Wing,Guard,14.3,1.9,62.0,,76,9,17.8,6.3
1628971,Bruce Brown,DEN,2025-26,january,Finisher,Finisher,Guard,14.9,15.8,17.1875,4.1,76,13,23.5,6.3
1630172,Patrick Williams,CHI,2025-26,january,3&D Wing,Wing,Forward,15.5,7.7,58.490566037735846,3.6,78,10,16.7,6.2
1642877,Micah Peavy,NOP,2025-26,january,3&D Wing,Wing,Forward,14.2,12.3,42.85714285714285,,79,10,20.4,6.1
1631119,Jaylin Williams,OKC,2025-26,january,3&D Wing,Wing,Forward,14.8,19.2,55.00000000000001,,81,6,16.7,6.0
1631255,Karlo Matković,NOP,2025-26,january,Finisher,Finisher,Big,11.9,4.9,44.73684210526316,,82,12,15.5,5.9
1641772,Nae'Qwan Tomlin,CLE,2025-26,january,3&D Wing,Wing,Forward,12.1,10.2,35.294117647058826,,80,12,18.9,5.9
1642275,Tidjane Salaün,CHA,2025-26,january,3&D Wing,Wing,Big,14.5,8.2,48.78048780487806,,82,9,15.4,5.9
1629655,Daniel Gafford,DAL,2025-26,january,Finisher,Finisher,Big,11.2,2.0,0.0,,82,7,19.6,5.9
1630249,Vít Krejčí,ATL,2025-26,january,Movement Shooter,Shooter,Forward,13.0,8.7,73.68421052631578,,80,12,20.4,5.8
1641767,Ben Sheppard,IND,2025-26,january,3&D Wing,Wing,Forward,11.1,12.8,74.99999999999999,,78,12,18.3,5.8
1629011,Mitchell Robinson,NYK,2025-26,january,Finisher,Finisher,Big,9.3,5.8,0.0,,84,10,21.8,5.6
1629057,Robert Williams III,POR,2025-26,january,Finisher,Finisher,Forward,10.0,9.6,10.714285714285715,,81,9,15.8,5.6
1642928,Dylan Cardwell,SAC,2025-26,january,Finisher,Finisher,Big,10.7,10.2,0.0,,82,11,20.8,5.5
1627936,Alex Caruso,OKC,2025-26,january,3&D Wing,Wing,Guard,13.9,17.3,57.14285714285714,,77,8,17.3,5.5
1628997,Caleb Martin,DAL,2025-26,january,3&D Wing,Wing,Guard,13.1,14.7,30.0,,77,12,17.4,5.5
1629048,Goga Bitadze,ORL,2025-26,january,Finisher,Finisher,Big,12.9,8.4,4.761904761904762,,83,10,15.5,5.5
1641717,Cason Wallace,OKC,2025-26,january,Finisher,Finisher,Guard,12.0,7.2,55.55555555555555,4.2,75,11,23.7,5.5
203500,Steven Adams,HOU,2025-26,january,Finisher,Finisher,Big,9.6,10.1,0.0,,83,7,26.9,5.4
1627747,Caris LeVert,DET,2025-26,january,3&D Wing,Wing,Forward,17.7,31.3,46.66666666666666,6.2,79,5,17.6,5.4
1642346,Ryan Dunn,PHX,2025-26,january,3&D Wing,Wing,Forward,12.6,11.4,62.5,,79,12,16.9,5.0
1629020,Jarred Vanderbilt,LAL,2025-26,january,3&D Wing,Wing,Forward,10.4,9.5,42.85714285714285,,80,13,20.3,4.9
1642363,Nique Clifford,SAC,2025-26,january,3&D Wing,Wing,Guard,14.0,7.0,45.09803921568628,,77,14,19.2,4.9
1642883,Sion James,CHA,2025-26,january,3&D Wing,Wing,Guard,11.2,17.3,53.48837209302325,,77,13,22.8,4.8
1642364,Jamir Watkins,WAS,2025-26,january,Role Player,Role,Forward,10.0,7.4,55.00000000000001,,78,5,22.7,4.8
201572,Brook Lopez,LAC,2025-26,january,Stretch Shooter,Shooter,Big,18.5,8.3,83.60655737704919,,85,12,16.6,4.8
1641854,Craig Porter Jr.,CLE,2025-26,january,Role Player,Role,Guard,13.1,24.0,33.333333333333336,,73,12,20.5,4.8
203939,Dwight Powell,DAL,2025-26,january,Finisher,Finisher,Big,6.4,7.0,0.0,,82,8,23.1,4.8
1629216,Gabe Vincent,LAL,2025-26,january,Movement Shooter,Shooter,Guard,13.2,8.1,79.59183673469387,,74,10,16.9,4.7
1629684,Grant Williams,CHA,2025-26,january,3&D Wing,Wing,Forward,12.8,8.2,79.16666666666666,,79,6,17.1,4.7
1630534,Ochai Agbaji,TOR,2025-26,january,3&D Wing,Wing,Guard,14.6,4.6,50.0,,77,11,16.0,4.6
1629731,Dean Wade,CLE,2025-26,january,3&D Wing,Wing,Forward,7.4,7.2,73.33333333333334,,81,5,21.2,4.6
1641747,DaRon Holmes II,DEN,2025-26,january,3&D Wing,Wing,Forward,14.0,14.9,86.36363636363636,,81,8,16.9,4.5
1641816,Hunter Tyson,DEN,2025-26,january,Role Player,Role,Forward,17.7,21.8,68.75,,80,6,15.8,4.5
201587,Nicolas Batum,LAC,2025-26,january,3&D Wing,Wing,Forward,9.6,6.1,94.28571428571428,,79,12,18.8,4.4
1630611,Gui Santos,GSW,2025-26,january,3&D Wing,Wing,Forward,10.8,13.3,67.74193548387098,,79,10,15.6,4.3
1642954,Will Richard,GSW,2025-26,january,Finisher,Finisher,Guard,11.4,11.2,57.777777777777786,,75,12,18.7,4.2
1629018,Gary Trent Jr.,MIL,2025-26,january,3&D Wing,Wing,Guard,13.8,15.3,91.1111111111111,,77,8,16.1,4.1
1641737,Adem Bona,PHI,2025-26,january,Finisher,Finisher,Big,10.3,2.3,0.0,,82,12,15.8,4.1
201144,Mike Conley,MIN,2025-26,january,Role Player,Role,Guard,12.8,19.0,80.0,,73,10,16.7,4.0
1641712,Rayan Rupert,POR,2025-26,january,3&D Wing,Wing,Forward,11.9,11.4,48.78048780487806,,79,12,17.0,3.8
1631243,Mouhamed Gueye,ATL,2025-26,january,3&D Wing,Wing,Big,11.6,10.3,46.34146341463415,,83,11,18.0,3.7
1631248,Baylor Scheierman,BOS,2025-26,january,3&D Wing,Wing,Forward,10.4,7.9,70.96774193548387,,78,12,15.0,3.7
1630182,Josh Green,CHA,2025-26,january,3&D Wing,Wing,Forward,9.3,6.4,75.86206896551725,,78,13,16.1,3.6
1641775,Jordan Walsh,BOS,2025-26,january,3&D Wing,Wing,Forward,8.6,5.1,50.0,,78,13,16.4,3.5
1629006,Josh Okogie,HOU,2025-26,january,3&D Wing,Wing,Guard,10.1,6.0,54.54545454545456,,76,13,17.5,3.5
1631132,Christian Koloko,ATL,2025-26,january,Role Player,Role,Big,13.2,5.3,8.333333333333332,,83,8,15.6,3.3
1627827,Dorian Finney-Smith,HOU,2025-26,january,Role Player,Role,Forward,11.7,4.7,77.77777777777777,,79,10,15.5,3.2
203914,Gary Harris,MIL,2025-26,january,3&D Wing,Wing,Guard,6.7,12.4,77.77777777777777,,76,9,15.3,2.7
1629723,John Konchar,MEM,2025-26,january,3&D Wing,Wing,Guard,8.1,12.1,50.0,,77,5,16.3,2.2
1626145,Tyus Jones,ORL,2025-26,january,Role Player,Role,Guard,9.7,17.3,72.97297297297297,,72,9,15.2,1.8
