PLAYER_ID,PLAYER,TEAM,GP,MIN,PTS,REB,AST,FGM,FGA,FG3M,FG3A,FTM,FTA,Month,Season,USG_Pct,AST_Pct,TS_Pct,PIE,TOUCHES,TIME_OF_POSS,AVG_SEC_PER_TOUCH,FRONT_CT_TOUCHES,ELBOW_TOUCHES,POST_TOUCHES,PAINT_TOUCHES,Isolation_Freq,Transition_Freq,PnR_Handler_Freq,RollMan_Freq,PostUp_Freq,SpotUp_Freq,Handoff_Freq,Cut_Freq,OffScreen_Freq,Putbacks_Freq,DFG_Rim_Pct,FGM_Pct_UAST,FGM_AST_Pct,Unassisted_FG_Pct,ThreePt_Rate,MPG,Height,Weight,Height_Inches
1630178,Tyrese Maxey,PHI,5,43.1,35.2,4.6,9.4,10.8,23.4,4.4,9.4,9.2,10.6,october,2025-26,29.2,35.3,62.7,16.8,109.2,7.6,4.17,47.4,0.2,0.0,0.2,14.5,21.9,26.2,1.3,1.4,14.3,6.7,3.0,5.4,,57.1,53.7,46.3,53.7,40.17094017094017,43.1,6-2,200.0,74
1628983,Shai Gilgeous-Alexander,OKC,6,36.9,34.2,5.7,5.7,12.3,23.7,1.7,6.0,7.8,9.0,october,2025-26,34.2,28.8,61.8,21.3,79.7,7.9,5.97,28.7,1.3,1.7,1.0,26.3,14.1,37.3,,4.7,6.2,2.1,3.3,1.6,,60.7,83.8,16.2,83.8,25.31645569620253,36.9,6-6,195.0,78
1628374,Lauri Markkanen,UTA,5,37.5,33.8,6.6,2.2,10.8,21.4,4.0,10.2,8.2,9.4,october,2025-26,27.7,10.7,66.2,17.8,59.6,2.0,2.02,39.0,2.8,1.2,6.8,4.0,15.6,3.0,8.3,5.7,12.8,7.5,10.6,20.7,7.0,57.7,18.5,81.5,18.5,47.66355140186916,37.5,7-1,240.0,85
1630559,Austin Reaves,LAL,6,37.8,32.0,5.3,9.0,9.5,18.8,2.8,7.8,10.2,11.2,october,2025-26,29.9,36.2,67.4,19.1,89.3,7.5,5.05,35.0,0.3,0.0,0.7,13.5,15.8,35.6,,,14.0,5.6,,5.6,,59.3,59.6,40.4,59.6,41.48936170212766,37.8,6-5,197.0,77
1628973,Jalen Brunson,NYK,5,34.8,31.2,3.6,5.4,11.0,22.8,2.6,8.0,6.6,8.0,october,2025-26,32.9,29.3,59.3,15.0,99.6,7.8,4.71,40.8,0.6,1.0,1.0,14.4,14.3,36.0,,3.3,16.4,5.6,1.9,2.5,,61.1,67.3,32.7,67.3,35.08771929824561,34.8,6-2,190.0,74
1626164,Devin Booker,PHX,6,36.7,30.3,4.3,6.5,9.8,20.0,3.2,7.3,7.5,9.2,october,2025-26,30.2,30.5,63.1,14.7,75.8,5.1,4.07,46.3,1.3,1.3,2.8,14.0,15.7,33.1,1.8,3.8,9.5,7.5,1.6,7.5,1.7,58.1,49.2,50.8,49.2,36.5,36.7,6-5,206.0,77
1641705,Victor Wembanyama,SAS,5,33.8,30.2,14.6,3.4,10.8,19.2,1.0,3.2,7.6,9.6,october,2025-26,31.8,18.5,64.5,28.0,73.0,3.3,2.69,47.8,5.6,5.0,7.6,14.5,16.8,6.7,8.2,11.7,13.5,2.6,8.6,7.5,6.1,51.6,44.4,55.6,44.4,16.666666666666668,33.8,7-4,235.0,88
203897,Zach LaVine,SAC,5,36.6,29.2,3.0,1.6,10.6,19.6,3.2,8.4,4.8,5.0,october,2025-26,27.6,7.5,67.0,12.9,66.8,3.2,2.92,39.0,0.2,0.2,1.4,9.3,23.5,19.5,4.0,,22.7,6.3,3.4,8.5,,75.0,26.4,73.6,26.4,42.857142857142854,36.6,6-5,200.0,77
1628378,Donovan Mitchell,CLE,5,33.1,28.0,2.4,4.4,9.8,18.0,3.2,8.0,5.2,7.0,october,2025-26,30.0,23.2,66.4,15.5,69.8,5.3,4.59,30.2,0.8,0.0,0.6,11.4,22.8,34.1,1.5,,11.4,6.9,1.9,3.8,1.6,58.3,67.3,32.7,67.3,44.44444444444444,33.1,6-2,215.0,74
1627759,Jaylen Brown,BOS,6,32.5,27.7,5.2,4.2,10.0,18.2,3.2,6.5,4.5,6.0,october,2025-26,31.9,21.7,66.5,15.5,64.5,4.1,3.83,33.8,0.8,1.7,1.3,20.6,20.4,22.2,1.8,4.7,13.0,4.1,1.1,7.4,1.8,55.6,56.7,43.3,56.7,35.714285714285715,32.5,6-6,223.0,78
201939,Stephen Curry,GSW,6,31.1,27.0,4.2,4.8,8.7,17.7,4.3,10.3,5.3,5.5,october,2025-26,29.5,24.4,67.2,16.7,63.8,4.7,4.37,24.3,0.7,0.0,0.8,10.1,13.8,21.1,,,11.6,12.0,7.0,18.0,1.3,60.0,34.6,65.4,34.6,58.192090395480236,31.1,6-2,185.0,74
203944,Julius Randle,MIN,5,35.1,26.6,6.4,5.4,9.0,16.4,2.6,5.6,6.0,7.4,october,2025-26,26.1,25.0,67.7,16.5,66.8,3.9,3.5,41.0,1.0,2.6,1.6,15.8,16.5,9.4,7.3,10.1,21.1,2.4,5.0,3.2,5.4,55.6,55.6,44.4,55.6,34.146341463414636,35.1,6-9,250.0,81
1627750,Jamal Murray,DEN,5,33.7,26.0,4.6,5.4,9.8,19.0,2.6,6.6,3.8,4.0,october,2025-26,28.5,24.5,62.6,16.3,64.4,6.5,6.07,26.6,1.2,0.0,1.0,14.6,13.0,35.4,,2.9,8.6,11.5,3.8,4.0,,66.7,63.3,36.7,63.3,34.73684210526316,33.7,6-4,215.0,76
1627783,Pascal Siakam,IND,5,34.6,24.6,9.8,5.2,8.4,19.8,2.4,6.0,5.4,9.6,october,2025-26,29.1,26.8,51.2,15.2,81.0,4.4,3.25,43.2,2.2,1.8,2.4,13.3,20.6,13.9,6.5,11.3,16.2,3.0,3.2,4.0,5.0,62.5,61.9,38.1,61.9,30.303030303030305,34.6,6-8,245.0,80
1630163,LaMelo Ball,CHA,5,33.3,24.4,8.0,10.2,8.4,19.0,3.6,10.4,4.0,5.0,october,2025-26,29.7,42.5,57.5,15.6,88.0,6.2,4.24,37.2,1.4,0.0,2.0,12.2,12.8,39.4,1.6,,19.4,6.5,,1.7,2.0,68.0,61.9,38.1,61.9,54.736842105263165,33.3,6-7,180.0,79
202695,Kawhi Leonard,LAC,5,32.8,23.8,6.0,3.4,8.6,16.8,2.4,5.4,4.2,4.4,october,2025-26,26.6,16.8,63.5,15.7,49.6,3.7,4.49,30.6,2.2,1.0,1.8,16.5,19.6,25.9,,6.0,12.2,3.4,3.0,7.2,2.8,85.0,55.8,44.2,55.8,32.142857142857146,32.8,6-6,225.0,78
1630560,Cam Thomas,BKN,5,30.3,23.4,1.6,3.2,6.8,17.4,2.2,6.8,7.6,8.8,october,2025-26,32.1,18.2,55.0,10.0,62.2,4.4,4.29,39.4,0.2,0.2,0.0,16.4,12.0,28.1,,,12.0,17.8,,,,68.4,58.8,41.2,58.8,39.08045977011494,30.3,6-3,210.0,75
1628389,Bam Adebayo,MIA,5,33.7,23.0,9.2,2.8,7.8,18.0,2.6,7.2,4.8,5.4,october,2025-26,27.3,11.9,56.4,13.1,53.2,2.3,2.57,31.0,2.2,2.0,4.6,8.0,20.2,,9.1,11.3,30.1,,7.1,2.4,6.5,76.9,20.5,79.5,20.5,40.0,33.7,6-9,255.0,81
1630166,Deni Avdija,POR,6,32.4,22.7,6.0,4.2,7.5,15.3,2.3,6.0,5.3,6.7,october,2025-26,26.8,18.8,62.0,12.0,79.8,3.9,2.93,40.3,0.7,0.7,1.0,14.0,18.1,26.9,,3.1,19.0,4.8,4.0,4.7,1.7,55.6,37.8,62.2,37.8,39.21568627450981,32.4,6-8,228.0,80
1631094,Paolo Banchero,ORL,6,35.4,22.5,9.0,4.0,7.2,16.5,0.8,3.8,7.3,10.3,october,2025-26,27.0,18.8,53.5,13.9,72.0,4.4,3.67,36.7,1.7,2.5,2.3,14.7,19.8,19.4,5.2,9.3,15.4,2.6,4.7,3.6,2.6,50.0,55.8,44.2,55.8,23.030303030303028,35.4,6-10,250.0,82
1630595,Cade Cunningham,DET,5,35.2,22.2,5.6,8.2,7.6,19.2,1.6,6.6,5.4,6.6,october,2025-26,28.7,36.9,50.2,12.5,94.2,7.5,4.8,42.8,0.6,0.6,1.4,11.5,17.5,38.7,,3.5,8.5,8.4,1.6,4.4,1.3,38.1,71.1,28.9,71.1,34.375,35.2,6-6,220.0,78
1630532,Franz Wagner,ORL,6,34.8,22.2,5.5,3.0,8.0,15.2,1.8,4.2,4.3,6.0,october,2025-26,22.3,13.6,62.2,12.2,57.2,2.9,3.02,32.2,2.2,0.8,2.3,7.6,20.4,22.9,2.9,6.9,16.6,3.2,6.7,3.6,4.4,59.3,47.9,52.1,47.9,27.631578947368425,34.8,6-10,220.0,82
1630581,Josh Giddey,CHI,5,32.7,22.0,8.8,8.0,7.6,15.8,2.0,4.4,4.8,6.8,october,2025-26,27.9,36.7,58.5,16.4,93.0,5.8,3.75,39.8,1.0,0.0,3.2,5.0,22.8,38.8,,,16.0,4.5,4.3,,,63.6,42.1,57.9,42.1,27.848101265822784,32.7,6-7,214.0,79
201935,James Harden,LAC,5,33.2,21.8,4.8,9.2,6.6,14.0,2.8,8.2,5.8,6.4,october,2025-26,26.7,38.7,64.8,15.2,82.2,6.9,5.04,34.0,0.4,0.0,0.2,42.5,13.1,25.0,,1.3,7.5,4.6,,,,63.0,72.7,27.3,72.7,58.57142857142856,33.2,6-5,220.0,77
1627742,Brandon Ingram,TOR,6,32.8,21.7,5.7,3.8,8.3,15.7,1.7,4.2,3.3,3.8,october,2025-26,25.7,18.0,62.4,12.3,52.2,2.8,3.23,34.7,0.3,1.0,1.5,13.8,16.6,16.2,,7.7,18.3,5.8,4.3,12.1,2.4,51.9,48.0,52.0,48.0,26.751592356687897,32.8,6-8,190.0,80
202710,Jimmy Butler III,GSW,6,33.3,21.7,5.5,4.5,6.3,12.5,1.5,2.7,7.5,8.3,october,2025-26,23.0,21.8,67.0,15.3,64.5,4.0,3.71,41.3,2.0,2.2,6.5,17.7,17.2,13.1,2.7,6.1,14.0,1.7,12.1,2.4,7.9,80.0,47.4,52.6,47.4,21.6,33.3,6-6,230.0,78
1629008,Michael Porter Jr.,BKN,5,32.0,21.6,6.2,3.2,8.6,17.0,3.2,7.8,1.2,1.8,october,2025-26,25.1,15.1,60.7,12.6,56.6,2.1,2.28,29.0,0.6,0.4,2.8,6.9,13.2,5.7,2.7,2.5,21.5,16.9,8.5,13.1,4.9,63.2,44.2,55.8,44.2,45.88235294117647,32.0,6-10,218.0,82
1641718,Keyonte George,UTA,5,34.2,21.2,3.8,9.2,5.6,13.8,1.6,6.2,8.4,9.0,october,2025-26,25.8,41.4,59.7,14.0,89.2,7.7,5.2,34.2,0.2,0.0,0.6,12.3,14.8,29.3,1.4,,13.8,9.7,4.5,5.8,,88.2,50.0,50.0,50.0,44.927536231884055,34.2,6-4,185.0,76
1642845,VJ Edgecombe,PHI,5,40.1,21.2,5.6,5.4,8.0,16.2,2.8,6.4,2.4,3.0,october,2025-26,19.6,19.9,60.5,11.1,89.8,4.5,3.03,43.2,0.6,0.2,1.4,8.3,20.3,21.9,3.4,,27.2,4.2,3.3,2.5,3.9,68.6,30.0,70.0,30.0,39.50617283950618,40.1,6-4,180.0,76
1629630,Ja Morant,MEM,6,28.6,20.8,3.3,6.7,7.2,17.7,0.8,5.3,5.7,5.8,october,2025-26,30.7,38.5,51.5,14.3,75.8,6.8,5.37,26.0,0.3,0.3,0.8,14.1,19.6,40.4,,,11.0,5.0,2.4,,,47.8,65.1,34.9,65.1,29.943502824858758,28.6,6-2,174.0,74
1630567,Scottie Barnes,TOR,6,33.1,20.8,6.7,4.5,8.0,15.3,2.0,4.0,2.8,4.0,october,2025-26,24.1,20.3,60.9,12.2,68.3,2.9,2.57,35.0,3.8,1.7,6.3,7.9,21.7,13.1,5.7,10.7,19.7,2.2,9.3,1.5,5.0,77.3,31.3,68.8,31.3,26.143790849673206,33.1,6-8,237.0,80
203076,Anthony Davis,DAL,5,29.9,20.8,10.2,2.2,7.8,15.0,0.6,2.2,4.6,6.2,october,2025-26,27.8,14.1,58.7,17.0,66.6,3.1,2.8,42.2,3.0,2.0,7.4,11.5,10.3,5.8,19.3,12.5,9.8,,8.8,,14.5,89.5,51.3,48.7,51.3,14.666666666666666,29.9,6-10,253.0,82
1630552,Jalen Johnson,ATL,5,31.0,20.8,8.2,5.0,8.4,14.6,0.2,2.2,3.8,4.2,october,2025-26,23.9,25.3,63.2,17.3,74.4,3.5,2.82,30.0,3.2,1.0,5.2,7.9,22.5,23.7,2.9,4.5,14.4,7.3,6.8,1.8,4.0,64.0,47.6,52.4,47.6,15.068493150684933,31.0,6-8,219.0,80
203924,Jerami Grant,POR,6,28.2,20.7,3.0,1.2,5.8,11.7,2.5,6.0,6.5,7.3,october,2025-26,22.5,6.6,69.4,12.6,45.7,1.9,2.44,28.5,1.2,0.7,1.5,10.7,16.2,13.9,2.2,2.0,35.4,4.8,4.6,4.2,2.4,64.7,28.6,71.4,28.6,51.28205128205129,28.2,6-7,213.0,79
203999,Nikola Jokić,DEN,5,34.7,20.4,14.4,10.8,7.8,13.2,1.0,4.2,3.8,4.4,october,2025-26,22.0,45.8,67.4,23.6,94.6,4.2,2.67,52.2,9.0,7.4,7.2,5.3,10.1,9.7,13.0,22.8,9.0,,7.3,5.3,9.3,63.3,33.3,66.7,33.3,31.818181818181824,34.7,6-11,284.0,83
1630596,Evan Mobley,CLE,6,34.0,20.2,9.0,4.3,6.8,14.8,1.8,5.8,4.7,6.7,october,2025-26,25.0,20.8,56.8,14.4,76.8,3.5,2.72,39.3,3.2,1.8,5.3,4.7,16.0,9.5,14.3,8.0,17.9,1.6,13.8,2.7,6.5,48.8,34.1,65.9,34.1,39.189189189189186,34.0,6-11,215.0,83
203932,Aaron Gordon,DEN,5,30.2,19.8,5.4,2.0,6.4,11.6,2.4,5.0,4.6,4.6,october,2025-26,21.3,10.2,72.7,16.0,50.6,3.0,3.62,22.0,1.2,0.8,4.0,16.0,13.0,10.4,5.9,11.2,15.4,,13.0,,5.3,50.0,31.3,68.8,31.3,43.10344827586207,30.2,6-8,235.0,80
1629673,Jordan Poole,NOP,5,32.3,19.8,1.8,3.0,6.0,14.8,3.4,8.8,4.4,4.4,october,2025-26,22.4,15.8,59.2,8.4,53.6,3.5,3.86,29.4,0.0,0.0,0.6,7.9,19.9,30.6,,,14.3,12.9,,5.4,,63.2,46.7,53.3,46.7,59.45945945945946,32.3,6-4,194.0,76
202696,Nikola Vučević,CHI,5,32.2,19.8,12.0,4.4,7.6,13.0,2.2,4.4,2.4,3.0,october,2025-26,20.8,20.6,69.1,17.2,73.6,1.6,1.32,54.8,5.4,4.0,6.8,,12.5,,28.8,16.1,15.2,,10.0,3.6,7.6,65.0,10.5,89.5,10.5,33.84615384615385,32.2,6-9,265.0,81
1629628,RJ Barrett,TOR,6,32.0,19.3,4.2,3.0,7.7,13.5,1.8,4.5,2.2,2.7,october,2025-26,21.4,14.0,65.9,11.1,58.3,2.6,2.64,29.7,0.5,0.5,2.3,2.7,28.5,18.0,,2.4,23.8,6.6,7.3,3.4,3.4,54.3,37.0,63.0,37.0,33.33333333333333,32.0,6-6,214.0,78
201942,DeMar DeRozan,SAC,5,36.4,19.0,4.4,5.2,7.2,14.4,0.6,2.0,4.0,5.4,october,2025-26,20.0,21.3,56.6,12.2,45.2,3.0,3.93,30.6,1.2,2.2,0.8,19.9,10.0,17.6,1.7,12.0,19.1,6.1,3.9,4.6,1.7,64.0,55.6,44.4,55.6,13.88888888888889,36.4,6-6,220.0,78
1628969,Mikal Bridges,NYK,5,36.7,19.0,6.2,4.8,7.0,12.4,2.6,5.4,2.4,2.8,october,2025-26,15.4,20.9,69.7,13.4,68.6,3.3,2.86,35.2,1.0,0.0,1.6,2.3,25.3,9.1,3.4,2.3,36.2,6.3,5.0,4.8,2.7,68.0,28.6,71.4,28.6,43.54838709677419,36.7,6-6,209.0,78
1630183,Jaden McDaniels,MIN,5,33.5,18.8,4.4,1.0,7.0,14.4,1.6,4.2,3.2,3.8,october,2025-26,22.6,4.6,58.5,8.8,50.0,1.9,2.23,28.8,0.2,0.0,2.2,2.3,27.6,10.3,,,36.8,5.2,5.0,3.2,3.9,56.4,20.0,80.0,20.0,29.166666666666668,33.5,6-9,185.0,81
1642264,Stephon Castle,SAS,5,31.6,18.8,6.0,5.4,6.2,11.6,1.4,4.2,5.0,8.4,october,2025-26,28.5,28.1,61.5,12.2,74.6,6.4,5.12,26.8,1.2,0.0,1.4,8.4,22.1,28.3,,,20.5,3.7,3.2,2.3,4.0,54.5,54.8,45.2,54.8,36.206896551724135,31.6,6-6,215.0,78
1629012,Collin Sexton,CHA,5,26.5,18.6,2.4,4.6,6.0,10.0,1.8,2.8,4.8,6.0,october,2025-26,22.1,24.5,73.6,12.8,50.0,4.3,5.1,20.4,0.0,0.0,0.2,5.2,21.4,36.3,2.5,,20.6,4.3,2.5,,,55.6,50.0,50.0,50.0,27.999999999999996,26.5,6-3,190.0,75
1642273,Kyshawn George,WAS,5,32.6,18.6,8.8,5.2,6.6,12.4,3.4,6.2,2.0,3.2,october,2025-26,20.5,22.8,67.4,11.7,74.6,4.6,3.71,28.4,0.4,0.0,0.6,6.1,21.1,29.6,,3.4,17.9,7.5,,3.2,2.7,63.2,51.5,48.5,51.5,50.0,32.6,6-8,200.0,80
1631157,Ryan Rollins,MIL,5,31.1,18.6,3.6,5.0,6.6,12.6,2.4,5.4,3.0,3.4,october,2025-26,21.4,21.9,66.0,13.6,71.4,5.6,4.69,29.6,0.4,0.0,0.8,7.3,19.3,39.6,,,18.2,5.3,,,1.8,31.8,66.7,33.3,66.7,42.85714285714286,31.1,6-3,180.0,75
1642349,Ajay Mitchell,OKC,6,27.2,18.5,3.3,2.8,6.8,14.8,1.7,5.0,3.2,3.2,october,2025-26,26.6,18.5,57.0,13.5,52.8,3.9,4.47,26.0,1.3,0.0,2.3,8.9,14.8,36.7,,,22.1,4.8,4.1,,,55.6,43.9,56.1,43.9,33.78378378378378,27.2,6-4,190.0,76
1642259,Alex Sarr,WAS,5,27.3,18.4,8.6,4.0,7.4,13.8,1.2,2.8,2.4,2.8,october,2025-26,26.8,22.5,61.2,14.9,58.6,2.1,2.1,35.0,5.6,1.6,7.2,5.3,10.0,,22.6,8.3,21.6,,15.0,,10.5,54.4,16.2,83.8,16.2,20.289855072463766,27.3,7-0,205.0,84
1628970,Miles Bridges,CHA,5,32.3,18.2,6.6,3.0,6.0,15.2,2.6,7.0,3.6,4.2,october,2025-26,23.0,13.6,53.4,11.1,52.4,1.9,2.22,28.8,0.6,1.0,2.6,9.0,16.5,14.9,7.4,4.9,29.8,7.2,3.2,,2.1,66.7,20.0,80.0,20.0,46.05263157894737,32.3,6-7,225.0,79
201950,Jrue Holiday,POR,6,32.3,18.2,5.0,8.7,6.8,14.2,2.5,6.8,2.0,2.5,october,2025-26,21.7,38.8,59.5,14.6,76.7,4.7,3.67,32.5,2.2,0.3,2.7,10.1,20.5,26.3,,3.6,20.5,,4.3,,,59.1,56.1,43.9,56.1,47.887323943661976,32.3,6-4,220.0,76
1626157,Karl-Anthony Towns,NYK,5,33.4,18.0,12.8,2.4,5.0,13.6,1.6,5.2,6.4,7.2,october,2025-26,24.0,10.3,53.7,11.8,54.6,1.8,2.02,36.2,1.8,1.6,5.0,10.0,15.2,1.6,13.8,11.1,19.9,1.9,5.9,2.3,12.6,57.1,28.0,72.0,28.0,38.235294117647065,33.4,7-0,248.0,84
1629027,Trae Young,WAS,5,27.8,17.8,2.0,7.8,5.2,14.0,1.0,5.2,6.4,7.8,october,2025-26,27.6,38.6,51.1,11.1,63.0,6.0,5.69,19.2,0.2,0.0,0.0,12.0,20.4,39.3,,,8.4,10.5,,,,75.0,73.1,26.9,73.1,37.142857142857146,27.8,6-2,164.0,74
1626162,Kelly Oubre Jr.,PHI,5,39.0,17.6,7.0,1.4,5.8,11.4,2.4,5.4,3.6,4.6,october,2025-26,15.2,5.2,65.6,10.8,63.6,2.3,2.21,37.8,0.0,0.2,2.0,12.1,22.1,7.6,,,29.8,,5.9,,6.6,63.2,27.6,72.4,27.6,47.36842105263158,39.0,6-8,203.0,80
1630228,Jonathan Kuminga,GSW,6,30.8,17.5,7.5,3.5,6.0,10.8,1.5,3.3,4.0,4.8,october,2025-26,21.5,16.4,67.5,12.2,52.8,2.6,2.99,31.8,1.7,0.8,3.2,12.6,17.4,21.1,,6.7,18.1,,9.6,,7.0,80.0,41.7,58.3,41.7,30.555555555555554,30.8,6-7,225.0,79
1629656,Quentin Grimes,PHI,5,31.9,17.4,4.4,3.6,5.2,12.0,3.0,6.8,4.0,5.0,october,2025-26,21.6,16.8,61.3,9.7,68.6,3.2,2.76,35.6,0.8,0.0,0.4,10.4,22.2,10.8,,,37.6,2.4,2.8,6.8,2.0,40.0,15.4,84.6,15.4,56.666666666666664,31.9,6-4,210.0,76
1631101,Shaedon Sharpe,POR,6,27.2,17.3,4.3,1.5,6.0,17.2,2.0,7.5,3.3,3.5,october,2025-26,29.9,8.5,46.3,6.6,51.3,2.5,2.97,29.3,1.0,0.0,1.7,12.3,19.5,31.7,,,16.7,5.1,4.8,2.1,2.8,73.9,30.6,69.4,30.6,43.604651162790695,27.2,6-5,210.0,77
1628991,Jaren Jackson Jr.,MEM,6,27.6,17.2,5.0,1.2,6.2,11.7,1.3,3.7,3.5,4.3,october,2025-26,23.7,6.6,63.2,9.6,43.2,1.5,2.04,27.2,0.8,2.7,2.0,11.1,15.3,2.1,9.7,19.8,26.4,1.5,3.4,,3.9,50.0,27.0,73.0,27.0,31.62393162393163,27.6,6-10,242.0,82
1629638,Nickeil Alexander-Walker,ATL,6,30.4,17.0,2.8,3.2,6.2,14.2,2.0,6.7,2.7,3.2,october,2025-26,23.7,15.0,54.6,10.7,54.8,3.0,3.26,26.5,0.3,0.0,0.8,2.9,27.3,18.8,2.9,,22.7,7.1,2.9,9.1,1.3,69.0,37.8,62.2,37.8,47.183098591549296,30.4,6-5,205.0,77
1630170,Devin Vassell,SAS,5,34.7,16.8,4.6,2.4,6.2,14.2,3.4,8.4,1.0,1.6,october,2025-26,20.0,9.4,56.4,8.9,54.8,2.2,2.43,34.4,0.0,0.0,0.2,2.7,22.2,11.5,,,35.3,10.7,,11.8,,45.5,22.6,77.4,22.6,59.1549295774648,34.7,6-5,200.0,77
1628401,Derrick White,BOS,6,34.4,16.7,3.8,4.3,5.7,17.7,2.7,10.5,2.7,3.0,october,2025-26,24.4,18.6,43.9,8.8,85.7,5.5,3.87,37.8,0.5,0.0,1.2,4.7,10.8,35.1,1.6,,25.9,9.5,1.3,5.1,1.7,59.0,50.0,50.0,50.0,59.32203389830508,34.4,6-4,190.0,76
1628384,OG Anunoby,NYK,5,34.6,16.6,6.4,2.4,5.8,12.8,3.2,8.2,1.8,2.6,october,2025-26,19.0,10.2,59.5,9.6,53.4,1.9,2.17,32.8,1.0,0.0,2.0,5.9,22.4,5.9,3.0,2.8,38.2,4.8,5.3,3.4,4.4,55.6,24.1,75.9,24.1,64.06249999999999,34.6,6-7,240.0,79
203952,Andrew Wiggins,MIA,5,30.4,16.4,4.8,2.0,6.6,12.4,1.4,4.2,1.8,3.2,october,2025-26,20.8,10.0,59.4,9.6,39.0,1.7,2.69,26.2,0.6,1.8,2.0,10.9,22.1,7.6,,6.8,32.5,2.0,3.8,2.5,7.8,77.8,51.5,48.5,51.5,33.87096774193549,30.4,6-6,197.0,78
1628960,Grayson Allen,PHX,6,34.6,16.3,3.7,5.3,5.3,13.3,3.2,9.0,2.5,3.0,october,2025-26,19.3,21.6,55.7,8.6,64.2,3.5,3.28,32.0,0.7,0.0,0.7,2.8,17.5,24.2,4.0,,33.8,5.4,,7.0,,58.8,31.3,68.8,31.3,67.66917293233082,34.6,6-3,198.0,75
1630245,Ayo Dosunmu,CHI,5,26.1,16.2,3.0,3.2,6.0,10.4,2.0,4.2,2.2,2.6,october,2025-26,19.0,18.4,70.2,13.3,47.2,2.6,3.3,28.0,0.0,0.0,1.0,2.2,33.6,20.8,,,31.6,,3.1,,,72.7,36.7,63.3,36.7,40.38461538461539,26.1,6-4,201.0,76
1631170,Jaime Jaquez Jr.,MIA,5,29.2,16.2,6.6,4.6,6.6,10.6,0.4,1.6,2.6,3.0,october,2025-26,19.2,20.2,68.0,15.7,62.0,3.6,3.5,24.4,0.8,0.8,3.4,14.8,29.4,5.3,,5.7,26.6,,5.8,,4.0,78.6,51.5,48.5,51.5,15.094339622641511,29.2,6-6,225.0,78
1630217,Desmond Bane,ORL,6,31.7,16.2,4.7,3.5,6.2,14.5,1.2,4.7,2.7,2.8,october,2025-26,23.0,18.6,51.3,7.4,56.7,3.0,3.18,32.5,0.5,0.0,1.7,7.0,19.3,25.5,,,17.4,7.4,4.1,9.1,3.8,53.8,48.6,51.4,48.6,32.41379310344828,31.7,6-6,215.0,78
1641824,Matas Buzelis,CHI,5,28.3,16.0,3.8,1.4,5.8,11.8,1.6,4.6,2.8,3.4,october,2025-26,21.2,7.2,60.2,7.4,47.0,1.8,2.34,27.6,1.2,0.2,2.6,4.1,27.9,19.6,1.6,,29.8,2.6,6.5,,3.6,67.6,34.5,65.5,34.5,38.983050847457626,28.3,6-8,196.0,80
1628370,Malik Monk,SAC,5,25.2,15.6,1.2,2.4,5.8,10.6,2.6,5.0,1.4,1.6,october,2025-26,20.7,13.8,69.0,12.9,38.6,2.0,3.05,20.4,0.0,0.0,0.8,8.4,22.0,24.1,3.5,,25.5,6.7,,4.6,,90.0,27.6,72.4,27.6,47.16981132075472,25.2,6-3,200.0,75
1629014,Anfernee Simons,BOS,6,28.2,15.5,2.7,1.7,5.7,13.2,3.0,7.5,1.2,1.5,october,2025-26,22.0,9.3,56.1,9.1,45.7,3.3,4.28,22.7,0.2,0.0,0.7,18.2,14.5,28.8,,,19.8,7.2,,4.9,,47.1,64.7,35.3,64.7,56.81818181818182,28.2,6-3,200.0,75
1642907,Cedric Coward,MEM,6,24.7,15.5,4.8,2.2,5.3,9.0,1.8,3.5,3.0,3.3,october,2025-26,18.6,12.5,74.0,14.2,42.8,1.7,2.35,21.7,0.0,0.3,3.8,2.4,27.0,16.5,,,27.2,4.2,4.8,5.2,6.5,40.0,28.1,71.9,28.1,38.88888888888889,24.7,6-5,206.0,77
1629060,Rui Hachimura,LAL,6,36.5,15.3,3.8,1.8,5.8,9.8,1.7,4.0,2.0,2.7,october,2025-26,14.6,7.2,69.7,7.8,41.0,1.4,2.02,23.7,1.3,0.8,2.7,3.7,19.3,,3.1,9.5,40.5,,7.1,4.9,,72.4,22.9,77.1,22.9,40.81632653061224,36.5,6-8,230.0,80
1627826,Ivica Zubac,LAC,5,28.8,15.2,8.6,2.4,6.6,10.2,0.0,0.0,2.0,2.2,october,2025-26,19.3,12.0,68.1,13.4,51.8,1.5,1.76,30.4,5.6,4.8,9.6,,5.5,,18.4,28.3,,,20.1,,20.3,53.8,39.4,60.6,39.4,0.0,28.8,7-0,240.0,84
1629023,P.J. Washington,DAL,5,33.4,15.2,8.2,2.4,5.6,11.4,1.4,3.6,2.6,4.4,october,2025-26,20.1,11.8,57.0,10.1,60.4,2.6,2.56,24.0,2.4,1.0,3.0,4.1,20.9,6.3,5.4,6.1,29.9,4.1,8.2,,6.8,56.7,39.3,60.7,39.3,31.57894736842105,33.4,6-7,230.0,79
1630168,Onyeka Okongwu,ATL,6,30.1,15.0,9.2,2.3,5.8,10.5,1.3,3.5,2.0,3.3,october,2025-26,17.5,12.0,62.7,12.9,45.3,1.1,1.41,26.3,1.8,0.8,6.3,1.6,15.5,2.1,11.6,6.9,28.0,3.2,11.2,3.4,7.5,58.5,14.3,85.7,14.3,33.33333333333333,30.1,6-10,240.0,82
1629028,Deandre Ayton,LAL,6,31.4,14.8,7.8,1.2,7.0,11.2,0.0,0.0,0.8,1.8,october,2025-26,19.4,5.5,61.9,9.0,48.7,1.4,1.72,27.8,6.3,2.5,9.5,,9.8,,28.6,9.5,2.9,,26.3,,13.6,42.4,11.9,88.1,11.9,0.0,31.4,7-0,252.0,84
1631105,Jalen Duren,DET,5,22.6,14.8,10.0,1.2,4.8,8.4,0.0,0.0,5.2,6.2,october,2025-26,23.7,8.6,66.5,17.7,39.4,1.2,1.87,21.4,2.6,1.6,10.2,8.9,12.2,3.2,14.9,8.7,6.8,,20.0,,16.4,54.5,50.0,50.0,50.0,0.0,22.6,6-10,250.0,82
1630202,Payton Pritchard,BOS,6,33.8,14.7,4.7,5.8,5.7,14.2,1.3,7.7,2.0,2.7,october,2025-26,20.2,23.6,47.8,10.6,69.8,4.4,3.81,33.7,0.8,0.0,0.7,12.8,16.2,25.6,1.9,,26.2,6.4,,5.1,1.8,68.8,70.6,29.4,70.6,54.22535211267606,33.8,6-1,195.0,73
203468,CJ McCollum,ATL,5,31.2,14.4,3.4,4.2,4.8,13.2,2.4,7.0,2.4,3.0,october,2025-26,19.5,17.2,49.6,6.7,53.2,4.0,4.52,23.2,0.4,0.0,0.4,8.8,18.2,31.4,,,17.8,9.7,,6.3,,55.6,50.0,50.0,50.0,53.03030303030303,31.2,6-3,190.0,75
1642844,Dylan Harper,SAS,5,25.8,14.4,4.6,4.6,5.4,11.2,1.0,2.8,2.6,3.2,october,2025-26,23.5,25.6,57.1,12.2,49.0,4.0,4.94,23.0,0.6,0.0,1.0,7.7,26.8,23.8,,,24.0,5.2,,,,55.6,59.3,40.7,59.3,25.0,25.8,6-5,215.0,77
1631117,Walker Kessler,UTA,5,30.8,14.4,10.8,3.0,5.2,7.4,1.2,1.6,2.8,4.0,october,2025-26,16.7,15.5,78.6,13.8,53.0,1.7,1.9,35.0,2.6,0.0,9.2,,,,,,,,29.0,,22.6,60.5,30.8,69.2,30.8,21.62162162162162,30.8,7-2,245.0,86
1628989,Kevin Huerter,CHI,5,25.6,14.2,4.4,2.8,4.8,8.8,1.4,4.2,3.2,3.6,october,2025-26,19.0,14.1,68.4,12.3,42.2,1.5,2.15,25.8,0.8,0.0,2.2,,22.8,11.3,,,36.6,6.3,8.2,4.0,3.3,66.7,16.7,83.3,16.7,47.72727272727273,25.6,6-6,190.0,78
1628386,Jarrett Allen,CLE,5,27.0,14.0,7.0,1.8,4.6,8.0,0.0,0.2,4.8,6.0,october,2025-26,18.5,9.1,65.8,14.2,31.6,0.8,1.54,20.6,3.0,0.8,8.0,,13.6,,20.9,7.8,4.1,,33.1,,9.2,53.1,8.7,91.3,8.7,2.5,27.0,6-9,243.0,81
202699,Tobias Harris,DET,5,31.6,14.0,6.0,3.2,5.0,11.8,1.4,4.6,2.6,2.6,october,2025-26,17.2,14.3,54.1,10.2,51.6,2.3,2.68,31.6,1.4,2.6,3.0,4.2,17.9,6.8,,14.6,31.8,,6.3,3.0,6.3,36.8,40.0,60.0,40.0,38.983050847457626,31.6,6-8,226.0,80
1641709,Ausar Thompson,DET,5,27.5,13.8,7.4,4.0,5.6,12.0,0.4,1.8,2.2,3.6,october,2025-26,20.6,21.3,50.8,11.7,54.8,3.5,3.82,25.0,1.0,0.2,3.4,7.7,23.0,10.0,5.6,,16.0,,15.3,2.3,10.0,43.8,42.9,57.1,42.9,15.0,27.5,6-7,205.0,79
1642851,Kon Knueppel,CHA,5,28.9,13.8,4.0,1.8,5.0,10.0,3.4,6.8,0.4,0.8,october,2025-26,17.7,8.2,66.7,7.5,42.8,1.6,2.19,26.4,0.2,0.0,0.2,,19.0,15.5,9.3,,28.7,10.0,1.7,6.8,3.4,52.6,12.0,88.0,12.0,68.0,28.9,6-6,215.0,78
1631323,Simone Fontecchio,MIA,5,21.5,13.8,2.6,1.8,4.8,8.0,3.2,5.4,1.0,1.2,october,2025-26,16.8,10.2,80.9,11.6,26.4,0.7,1.58,17.8,1.2,0.0,1.0,,26.5,,,,43.5,,4.3,10.5,5.2,41.7,8.3,91.7,8.3,67.5,21.5,6-7,209.0,79
1642848,Tre Johnson,WAS,5,26.8,13.8,3.4,2.0,5.0,11.2,2.6,6.6,1.2,1.2,october,2025-26,19.1,10.0,58.8,6.8,34.6,1.4,2.45,21.6,0.4,0.0,0.8,3.2,21.4,21.4,2.4,,22.0,9.1,,14.0,,55.6,48.0,52.0,48.0,58.92857142857143,26.8,6-5,190.0,77
1630530,Trey Murphy III,NOP,5,35.3,13.6,6.8,3.8,4.8,13.2,2.0,6.6,2.0,2.2,october,2025-26,17.3,16.4,48.0,8.9,61.8,2.7,2.6,31.8,0.8,0.0,1.6,6.6,20.1,16.5,2.1,,23.4,9.4,8.3,7.1,3.2,75.0,29.2,70.8,29.2,50.0,35.3,6-8,206.0,80
1642843,Cooper Flagg,DAL,5,32.3,13.4,6.2,2.8,5.0,12.2,0.8,3.0,2.6,2.6,october,2025-26,19.0,14.1,50.2,9.1,56.4,3.3,3.5,24.0,0.2,0.2,2.0,13.3,20.8,26.1,1.6,3.3,16.2,3.7,3.8,3.9,3.5,48.6,56.0,44.0,56.0,24.590163934426233,32.3,6-9,205.0,81
1629018,Gary Trent Jr.,MIL,5,28.6,13.4,2.2,2.8,4.6,11.8,2.8,8.2,1.4,2.0,october,2025-26,19.3,13.7,52.8,7.2,32.8,1.2,2.19,23.8,0.0,0.0,0.2,,18.3,6.4,,,48.6,9.0,,6.8,,47.6,21.7,78.3,21.7,69.4915254237288,28.6,6-5,204.0,77
1630193,Immanuel Quickley,TOR,6,31.0,13.3,3.8,6.8,4.5,11.5,1.3,5.3,3.0,4.2,october,2025-26,20.6,28.9,50.0,9.4,69.8,5.1,4.4,24.2,0.3,0.0,1.0,6.1,28.1,20.9,,,25.4,6.4,1.9,4.1,1.4,65.5,63.0,37.0,63.0,46.08695652173913,31.0,6-2,190.0,74
1642847,Jeremiah Fears,NOP,5,26.6,13.2,2.2,3.8,5.4,11.6,0.6,2.8,1.8,2.4,october,2025-26,22.8,23.8,52.1,8.8,58.8,4.5,4.58,22.0,0.4,0.0,0.4,7.2,28.2,29.2,,,18.8,5.3,2.0,1.8,2.6,63.6,63.0,37.0,63.0,24.137931034482758,26.6,6-3,190.0,75
1630598,Aaron Wiggins,OKC,6,28.0,13.2,4.7,2.5,5.0,11.8,2.2,6.7,1.0,1.3,october,2025-26,20.8,13.5,53.0,9.2,42.5,1.9,2.72,26.0,0.5,0.0,1.7,6.3,22.9,8.6,,,44.9,,3.3,4.0,,44.4,30.0,70.0,30.0,56.77966101694915,28.0,6-5,190.0,77
1641710,Anthony Black,ORL,6,26.4,13.0,3.2,1.8,4.7,9.2,1.2,3.3,2.5,3.8,october,2025-26,21.3,9.9,59.9,7.5,49.3,3.0,3.69,21.8,0.5,0.0,1.5,4.4,27.4,21.8,,,25.5,4.7,3.6,1.9,2.7,56.7,42.9,57.1,42.9,35.869565217391305,26.4,6-7,200.0,79
1626220,Royce O'Neale,PHX,6,33.3,13.0,5.7,3.2,4.5,10.7,3.7,9.0,0.3,0.7,october,2025-26,15.1,13.1,59.3,8.0,68.5,2.2,1.9,32.5,0.3,0.0,1.5,,26.0,8.3,2.7,,43.8,3.9,,3.6,,60.0,18.5,81.5,18.5,84.11214953271029,33.3,6-6,226.0,78
1628978,Donte DiVincenzo,MIN,5,30.0,12.6,2.6,3.8,3.8,8.8,2.6,6.2,2.4,2.8,october,2025-26,16.2,17.4,62.8,7.9,55.6,2.1,2.25,32.0,0.2,0.0,0.6,1.9,18.5,11.6,,,33.0,10.8,,14.6,3.0,64.0,15.8,84.2,15.8,70.45454545454545,30.0,6-4,203.0,76
203471,Dennis Schröder,SAC,5,31.5,12.4,3.0,6.4,5.4,13.0,1.4,4.8,0.2,0.2,october,2025-26,21.0,28.6,47.4,7.4,77.0,5.9,4.6,28.4,0.2,0.0,0.2,14.8,11.2,36.6,,,23.1,5.2,,,,71.4,70.4,29.6,70.4,36.92307692307692,31.5,6-1,175.0,73
203114,Khris Middleton,WAS,5,25.8,12.4,4.8,2.2,4.8,10.0,1.0,3.0,1.8,2.4,october,2025-26,19.3,13.3,56.1,7.5,34.0,1.4,2.47,23.6,1.0,3.2,2.0,6.1,15.3,22.7,,13.6,16.6,5.8,,6.4,5.8,80.0,37.5,62.5,37.5,30.0,25.8,6-7,222.0,79
1631109,Mark Williams,PHX,5,24.3,12.4,9.4,0.2,5.0,8.4,0.0,0.0,2.4,3.0,october,2025-26,16.6,1.3,63.8,14.8,33.8,0.8,1.46,20.4,1.4,0.6,8.6,,15.1,,19.3,5.0,,,27.6,,23.1,47.8,24.0,76.0,24.0,0.0,24.3,7-1,240.0,85
1641716,Jarace Walker,IND,5,29.4,12.2,5.4,3.8,4.2,12.8,2.4,6.8,1.4,1.8,october,2025-26,20.4,20.2,44.9,8.4,53.4,2.2,2.42,34.2,0.6,0.4,1.6,6.4,19.1,12.4,2.1,,38.0,7.1,3.2,3.4,2.4,59.1,42.9,57.1,42.9,53.125,29.4,6-7,235.0,79
1629651,Nic Claxton,BKN,5,26.4,12.2,6.4,2.4,5.6,10.4,0.0,0.6,1.0,1.6,october,2025-26,18.4,12.5,54.9,8.8,43.6,1.5,2.12,29.8,3.8,0.0,8.0,14.1,15.5,3.9,11.1,4.5,10.9,,15.5,,13.4,63.3,46.4,53.6,46.4,5.769230769230769,26.4,6-11,215.0,83
1641783,Tristan da Silva,ORL,6,20.7,12.2,3.0,1.0,4.0,8.5,1.8,4.8,2.3,2.7,october,2025-26,19.6,6.8,62.9,12.1,30.3,1.1,2.16,16.7,0.5,0.0,2.2,,20.8,11.5,6.1,,32.9,4.2,9.3,4.2,4.2,59.1,25.0,75.0,25.0,56.470588235294116,20.7,6-8,217.0,80
1631260,AJ Green,MIL,5,28.1,11.8,2.4,0.6,3.8,6.4,3.2,5.8,1.0,1.4,october,2025-26,12.0,2.6,84.1,6.6,46.4,1.5,1.9,20.2,0.0,0.0,0.4,,13.4,9.1,4.0,,42.1,12.8,,9.1,,45.5,15.8,84.2,15.8,90.62499999999999,28.1,6-4,190.0,76
1628381,John Collins,LAC,5,24.1,11.8,5.8,1.0,4.8,8.2,0.6,1.8,1.6,2.2,october,2025-26,19.9,7.2,64.4,12.6,36.8,1.2,2.0,19.2,1.6,1.0,3.8,,18.7,,6.3,9.1,33.6,2.3,10.3,,9.8,44.4,20.8,79.2,20.8,21.951219512195124,24.1,6-9,226.0,81
1629640,Keldon Johnson,SAS,5,24.1,11.8,5.8,1.0,4.4,7.0,1.2,2.2,1.8,2.2,october,2025-26,13.9,6.6,74.0,14.2,36.6,1.3,2.17,17.2,0.4,0.4,4.0,3.9,20.0,2.8,,4.4,32.0,7.4,9.2,,10.9,44.4,40.9,59.1,40.9,31.428571428571434,24.1,6-6,220.0,78
1631108,Max Christie,DAL,5,29.3,11.8,1.4,1.8,3.8,7.2,2.8,5.4,1.4,1.4,october,2025-26,13.0,9.1,75.5,7.9,38.2,1.6,2.46,21.4,0.2,0.2,0.4,5.7,24.2,13.7,4.7,,33.9,4.0,2.6,5.7,,50.0,0.0,100.0,0.0,75.0,29.3,6-5,190.0,77
201566,Russell Westbrook,SAC,5,24.5,11.8,4.8,3.8,4.2,10.0,2.0,4.4,1.4,2.6,october,2025-26,22.0,21.6,52.9,9.5,49.6,3.2,3.86,20.8,0.2,0.2,1.6,13.4,18.3,25.8,,5.1,26.7,,2.2,,2.8,75.0,52.4,47.6,52.4,44.00000000000001,24.5,6-4,200.0,76
1641764,Brandin Podziemski,GSW,6,28.9,11.7,4.8,2.7,4.3,9.5,2.0,4.8,1.0,1.7,october,2025-26,16.7,13.7,57.0,9.4,56.2,3.3,3.5,27.3,0.7,0.2,1.5,6.1,17.2,25.1,2.4,,30.7,4.2,3.4,3.6,,70.6,19.2,80.8,19.2,50.526315789473685,28.9,6-4,205.0,76
1641842,Ronald Holland II,DET,5,21.6,11.6,3.2,1.8,4.0,8.6,1.4,4.2,2.2,2.6,october,2025-26,21.5,12.7,59.5,9.2,39.0,1.6,2.5,19.0,1.4,0.0,1.0,3.8,25.0,6.9,,,39.3,3.0,5.5,,5.8,56.5,25.0,75.0,25.0,48.83720930232558,21.6,6-8,206.0,80
1630200,Tre Jones,CHI,5,29.0,11.6,3.6,6.6,3.6,7.0,1.0,1.6,3.4,4.0,october,2025-26,15.1,27.7,66.2,12.0,65.8,4.7,4.27,28.8,0.4,0.0,0.4,4.8,22.7,32.0,,,22.7,4.5,3.0,,,67.9,55.6,44.4,55.6,22.857142857142858,29.0,6-1,190.0,73
1641739,Toumani Camara,POR,6,32.1,11.5,4.7,3.7,4.2,10.5,1.7,5.2,1.5,2.0,october,2025-26,15.3,15.2,50.5,7.1,53.5,1.6,1.78,33.8,2.0,0.0,4.7,6.3,20.3,4.4,5.4,,40.5,2.6,9.1,,4.7,66.7,20.0,80.0,20.0,49.523809523809526,32.1,6-7,230.0,79
1629611,Terance Mann,BKN,5,25.3,11.2,3.8,2.4,4.4,7.8,1.4,3.8,1.0,1.2,october,2025-26,14.2,13.3,67.2,9.2,40.4,2.2,3.23,22.0,0.8,0.2,2.6,3.7,22.0,17.9,,,28.9,4.4,6.6,,8.1,83.3,50.0,50.0,50.0,48.717948717948715,25.3,6-6,215.0,78
203501,Tim Hardaway Jr.,DEN,5,23.3,11.2,1.2,1.2,3.8,8.2,2.4,5.4,1.2,1.4,october,2025-26,16.0,5.9,63.5,6.8,22.0,0.6,1.56,16.8,0.4,0.0,0.2,2.2,21.3,5.7,3.2,,32.4,12.1,2.8,15.8,,66.7,15.8,84.2,15.8,65.85365853658539,23.3,6-5,205.0,77
1631221,Collin Gillespie,PHX,6,25.8,11.2,3.5,5.7,4.0,9.3,2.8,7.0,0.3,0.5,october,2025-26,16.8,30.9,58.4,12.2,57.7,4.0,4.21,23.0,0.0,0.0,0.7,3.3,16.4,33.5,,,22.7,7.6,2.2,7.0,2.0,56.0,37.5,62.5,37.5,75.26881720430107,25.8,6-1,195.0,73
1630573,Sam Hauser,BOS,6,24.2,11.2,3.5,1.2,3.7,8.7,3.5,8.0,0.3,0.3,october,2025-26,16.5,6.3,63.4,8.5,29.0,0.7,1.39,16.5,0.7,0.0,1.0,,20.5,4.3,8.2,,34.1,9.4,,14.2,3.7,73.7,4.5,95.5,4.5,91.95402298850576,24.2,6-7,217.0,79
1630174,Aaron Nesmith,IND,5,31.1,11.0,4.2,1.0,3.6,12.4,2.6,7.6,1.2,2.4,october,2025-26,17.1,5.1,40.9,2.8,54.2,1.5,1.71,32.4,1.6,0.0,1.4,,19.9,10.4,6.6,,30.9,5.5,,13.7,4.1,77.4,11.1,88.9,11.1,61.29032258064515,31.1,6-5,215.0,77
1631128,Christian Braun,DEN,5,30.9,11.0,3.8,2.4,4.4,9.0,0.4,2.2,1.8,2.0,october,2025-26,16.1,10.4,55.7,6.0,38.8,1.3,2.04,23.2,2.6,0.0,3.6,,33.3,,7.1,,20.6,7.8,11.3,,7.1,70.0,27.3,72.7,27.3,24.444444444444446,30.9,6-6,220.0,78
1641750,Ryan Kalkbrenner,CHA,5,27.5,11.0,7.2,0.6,5.4,6.0,0.0,0.0,0.2,0.2,october,2025-26,11.5,2.9,90.3,10.5,32.4,0.9,1.66,19.2,1.6,0.0,9.8,,8.6,,14.3,,,,39.5,,22.4,66.7,33.3,66.7,33.3,0.0,27.5,7-1,256.0,85
1631222,Jake LaRavia,LAL,6,27.6,10.8,4.7,2.5,3.8,7.0,1.7,3.5,1.5,2.8,october,2025-26,14.3,12.9,65.7,9.0,43.8,1.6,2.25,24.5,1.0,0.0,2.2,2.5,21.2,,4.5,,42.4,2.5,8.0,,8.0,66.7,17.4,82.6,17.4,50.0,27.6,6-7,235.0,79
1626156,D'Angelo Russell,DAL,5,20.6,10.8,2.6,5.4,3.4,10.4,0.8,4.4,3.2,4.6,october,2025-26,28.8,40.3,43.5,11.0,55.2,3.7,4.02,24.0,0.0,0.2,0.4,8.7,15.5,36.2,,,20.8,7.9,,,,69.2,47.1,52.9,47.1,42.30769230769231,20.6,6-3,193.0,75
1642377,Jaylen Wells,MEM,6,26.8,10.5,3.5,1.3,3.7,10.0,1.7,6.5,1.5,2.3,october,2025-26,16.9,6.8,47.6,4.5,29.3,1.2,2.39,19.2,0.5,0.0,1.0,3.0,21.5,12.7,,,39.8,3.8,4.8,4.2,3.2,68.4,31.8,68.2,31.8,65.0,26.8,6-7,,79
1628976,Wendell Carter Jr.,ORL,6,27.9,10.5,8.2,1.7,3.0,6.5,1.2,2.2,3.3,4.8,october,2025-26,15.1,8.6,60.9,8.1,38.7,0.9,1.42,23.0,2.2,0.0,7.3,,10.9,,19.2,3.2,26.2,,17.1,,12.7,43.5,16.7,83.3,16.7,33.84615384615385,27.9,6-10,270.0,82
1627884,Derrick Jones Jr.,LAC,5,23.0,10.4,2.4,1.0,4.2,6.4,1.8,4.0,0.2,0.4,october,2025-26,13.4,5.6,79.1,7.8,25.2,1.0,2.36,12.0,0.2,0.0,1.8,,18.3,,,,46.0,,13.5,,7.9,62.5,23.8,76.2,23.8,62.5,23.0,6-6,210.0,78
1628392,Isaiah Hartenstein,OKC,6,31.5,10.3,11.0,2.8,4.7,7.8,0.0,0.3,1.0,1.8,october,2025-26,14.0,12.4,59.8,12.5,56.0,1.5,1.63,31.7,2.5,0.7,10.2,,7.4,,19.9,5.6,,,40.3,,10.2,48.1,25.0,75.0,25.0,3.8461538461538463,31.5,7-0,250.0,84
203484,Kentavious Caldwell-Pope,MEM,6,24.4,10.3,2.8,4.7,3.2,8.5,1.5,4.5,2.5,2.7,october,2025-26,17.5,27.7,53.4,10.6,44.3,1.9,2.56,27.8,0.2,0.0,0.3,3.1,24.1,18.1,,,33.7,5.9,,6.5,,84.6,21.1,78.9,21.1,52.94117647058824,24.4,6-5,204.0,77
1630583,Santi Aldama,MEM,6,24.1,10.3,8.0,2.7,4.5,10.3,1.2,4.0,0.2,1.0,october,2025-26,19.6,15.4,48.0,11.3,45.2,1.4,1.82,23.8,1.2,0.3,4.3,,22.8,2.3,8.8,4.1,40.1,,6.8,,7.0,61.3,14.8,85.2,14.8,38.83495145631068,24.1,7-0,215.0,84
1629111,Jock Landale,MEM,6,23.7,10.2,5.2,1.3,3.7,6.5,1.0,2.2,1.8,2.2,october,2025-26,13.6,8.1,68.2,8.3,27.3,0.6,1.22,17.2,1.5,1.0,7.5,,9.3,,22.2,14.9,14.4,,14.4,,16.9,64.5,27.3,72.7,27.3,33.84615384615385,23.7,6-11,255.0,83
1629130,Duncan Robinson,DET,5,31.2,10.0,2.4,1.2,3.0,7.6,2.4,6.2,1.6,2.0,october,2025-26,10.8,5.2,59.0,5.0,34.6,0.9,1.64,26.8,0.0,0.0,0.6,,18.5,7.9,4.3,,31.2,11.7,,18.8,,55.0,13.3,86.7,13.3,81.57894736842107,31.2,6-7,215.0,79
1626167,Myles Turner,MIL,5,29.6,10.0,6.8,3.0,3.8,10.0,1.6,5.6,0.8,1.2,october,2025-26,16.8,12.5,47.5,8.0,39.6,1.0,1.56,28.4,1.8,0.4,2.6,,7.7,,17.7,7.3,42.3,,7.1,,6.0,56.3,10.5,89.5,10.5,55.99999999999999,29.6,6-11,250.0,83
1629675,Naz Reid,MIN,5,23.1,10.0,6.0,1.6,3.8,9.4,1.0,4.0,1.4,2.4,october,2025-26,20.9,9.3,47.8,7.6,47.8,1.4,1.8,21.2,1.0,0.8,2.4,3.8,17.2,4.8,9.1,8.1,30.7,4.7,3.6,8.4,4.3,54.2,42.1,57.9,42.1,42.5531914893617,23.1,6-9,264.0,81
1631217,Moussa Diabaté,CHA,5,20.1,9.8,5.8,0.4,3.6,6.0,0.0,0.0,2.6,4.0,october,2025-26,16.7,2.9,63.1,10.6,29.6,0.9,1.83,15.8,3.6,0.2,7.2,,13.1,,20.1,4.6,,,24.7,,22.3,75.0,11.1,88.9,11.1,0.0,20.1,6-10,210.0,82
1642281,Jaylon Tyson,CLE,6,24.2,9.7,2.7,1.5,3.7,7.0,1.7,3.8,0.7,1.0,october,2025-26,15.2,9.6,65.0,5.4,32.2,1.0,1.83,18.2,1.2,0.0,1.8,,21.6,5.4,8.2,,34.7,2.6,9.6,,7.6,76.2,9.1,90.9,9.1,54.285714285714285,24.2,6-6,215.0,78
1641715,Cam Whitmore,WAS,5,16.9,9.6,3.4,1.0,4.0,9.4,0.8,2.8,0.8,1.0,october,2025-26,25.3,9.4,48.8,8.5,24.4,1.2,2.97,13.0,0.4,0.0,2.4,6.7,34.8,14.0,,,19.1,,6.7,,6.2,90.0,50.0,50.0,50.0,29.78723404255319,16.9,6-6,230.0,78
1630180,Saddiq Bey,NOP,5,24.5,9.6,3.6,1.6,3.2,8.4,1.8,4.8,1.4,2.0,october,2025-26,16.3,10.1,51.7,8.0,31.6,1.1,2.05,21.6,0.0,0.4,1.4,6.5,19.0,7.8,2.2,13.8,28.5,6.0,4.9,1.9,6.7,87.5,25.0,75.0,25.0,57.14285714285714,24.5,6-8,215.0,80
1642270,Donovan Clingan,POR,6,25.7,9.5,10.0,2.2,3.7,7.2,0.7,2.8,1.5,1.7,october,2025-26,12.1,12.3,60.1,13.8,35.8,1.0,1.6,22.5,1.3,0.3,10.0,,7.7,,23.3,,15.4,,19.2,,25.4,42.1,40.9,59.1,40.9,38.888888888888886,25.7,7-2,280.0,86
1641729,Brice Sensabaugh,UTA,5,15.1,9.2,3.0,1.0,3.2,7.2,1.6,4.8,1.2,1.2,october,2025-26,22.8,11.1,59.5,9.7,25.2,1.0,2.42,13.2,0.2,0.0,0.4,2.8,22.0,10.7,2.6,,28.1,9.4,4.1,12.4,3.5,57.1,6.3,93.8,6.3,66.66666666666666,15.1,6-6,235.0,78
1630558,Davion Mitchell,MIA,5,27.5,9.2,2.6,7.4,3.8,8.6,1.2,3.4,0.4,0.8,october,2025-26,15.7,37.0,51.4,8.2,66.0,4.2,3.81,22.8,0.2,0.0,0.4,28.6,19.3,8.1,,,35.6,,,,,78.9,68.4,31.6,68.4,39.53488372093023,27.5,6-0,202.0,72
203084,Harrison Barnes,SAS,5,30.5,9.2,1.6,2.8,3.2,7.2,1.6,4.4,1.2,1.2,october,2025-26,13.7,12.2,59.5,5.5,32.6,1.2,2.22,19.4,0.6,0.0,1.2,8.0,18.8,3.3,5.0,2.5,43.8,4.8,,4.8,,44.4,25.0,75.0,25.0,61.111111111111114,30.5,6-7,225.0,79
1630191,Isaiah Stewart,DET,5,21.5,9.2,6.6,1.4,3.4,7.6,1.4,2.4,1.0,2.0,october,2025-26,17.3,9.6,54.2,8.6,31.2,0.9,1.64,19.8,3.6,0.8,5.2,,10.3,,13.9,10.3,23.9,,19.2,,11.8,42.3,5.9,94.1,5.9,31.57894736842105,21.5,6-8,250.0,80
1630172,Patrick Williams,CHI,5,22.2,9.2,3.2,1.8,3.2,6.0,1.8,3.6,1.0,1.6,october,2025-26,14.6,11.0,68.6,9.0,35.6,1.1,1.79,20.4,0.6,0.6,0.8,3.6,22.1,9.3,5.0,3.6,41.4,3.6,,,5.0,55.0,43.8,56.3,43.8,60.0,22.2,6-6,235.0,78
203110,Draymond Green,GSW,6,29.0,9.0,5.5,7.0,3.3,6.8,1.7,3.8,0.7,1.5,october,2025-26,14.8,31.6,60.1,9.5,67.7,2.2,1.97,32.2,1.3,0.2,2.5,,9.4,5.1,10.2,,39.8,,10.2,,2.7,56.0,10.0,90.0,10.0,55.88235294117647,29.0,6-6,230.0,78
1642276,Kel'el Ware,MIA,5,21.2,9.0,7.4,1.0,3.4,7.6,1.0,3.4,1.2,1.6,october,2025-26,17.6,6.1,54.2,9.7,31.0,0.6,1.23,16.2,0.2,0.4,4.4,,16.8,,5.0,4.5,25.3,,18.5,,22.6,75.0,11.8,88.2,11.8,44.73684210526316,21.2,7-0,230.0,84
1631107,Nikola Jović,MIA,5,21.2,9.0,4.2,2.4,2.8,6.8,1.6,4.0,1.8,2.0,october,2025-26,16.4,13.5,58.6,8.7,39.8,1.4,2.15,17.8,0.0,0.8,1.2,3.7,31.0,3.4,3.7,4.8,39.2,,4.8,,,57.1,28.6,71.4,28.6,58.82352941176471,21.2,6-10,205.0,82
1642346,Ryan Dunn,PHX,6,23.5,8.8,6.7,1.8,3.8,7.8,0.8,3.5,0.3,0.7,october,2025-26,15.7,11.6,54.3,10.1,32.3,1.3,2.35,15.3,0.7,0.0,3.2,,24.6,5.5,5.5,,35.5,,10.9,,12.5,45.0,34.8,65.2,34.8,44.871794871794876,23.5,6-7,216.0,79
1630572,Sandro Mamukelashvili,TOR,6,17.7,8.8,2.5,2.3,3.0,4.7,0.8,1.8,2.0,2.5,october,2025-26,15.8,16.7,76.6,10.9,28.3,0.9,1.83,18.8,1.8,0.5,1.8,,22.1,,16.1,,30.7,,13.3,,8.0,72.7,11.1,88.9,11.1,38.297872340425535,17.7,6-9,240.0,81
1626171,Bobby Portis,MIL,5,19.2,8.8,5.8,0.8,3.8,9.8,1.2,3.2,0.0,0.0,october,2025-26,25.0,5.6,44.9,7.5,37.0,1.0,1.7,21.6,1.4,1.6,2.0,3.2,11.0,,15.8,19.8,31.1,,6.6,,5.8,50.0,21.1,78.9,21.1,32.6530612244898,19.2,6-9,250.0,81
1630529,Herbert Jones,NOP,5,27.6,8.8,4.6,2.0,3.0,8.4,1.8,4.4,1.0,1.2,october,2025-26,17.0,10.4,49.3,4.1,48.6,2.3,2.86,25.2,0.0,0.0,1.8,,22.4,10.8,,,37.7,6.3,5.4,,,85.7,20.0,80.0,20.0,52.38095238095239,27.6,6-7,206.0,79
203497,Rudy Gobert,MIN,5,31.7,8.6,8.4,1.2,3.4,5.0,0.0,0.0,1.8,3.4,october,2025-26,10.1,5.6,66.2,7.7,37.4,0.8,1.34,20.2,2.0,0.8,6.0,,12.6,,16.7,,,,28.5,,26.9,40.0,41.2,58.8,41.2,0.0,31.7,7-1,258.0,85
1629661,Cameron Johnson,DEN,5,26.8,8.2,3.2,1.4,2.6,6.6,1.2,3.8,1.8,2.0,october,2025-26,13.1,6.9,54.8,4.8,30.2,1.0,2.05,19.8,0.4,0.0,0.8,,25.0,8.2,,,26.5,15.3,6.7,4.9,,73.3,30.8,69.2,30.8,57.57575757575758,26.8,6-8,210.0,80
1641717,Cason Wallace,OKC,5,30.8,8.2,4.2,3.8,2.8,8.4,1.6,5.0,1.0,1.2,october,2025-26,14.1,15.4,45.9,8.1,47.8,2.4,2.96,23.2,0.2,0.0,1.2,4.2,22.6,13.5,,,41.3,4.2,4.5,,3.5,61.9,35.7,64.3,35.7,59.523809523809526,30.8,6-3,195.0,75
1630549,Day'Ron Sharpe,BKN,5,17.1,8.2,5.4,2.0,3.4,4.6,0.4,1.2,1.0,1.4,october,2025-26,18.3,21.3,78.6,11.8,31.4,1.2,2.21,21.6,3.6,0.0,5.2,3.7,7.6,,15.0,6.6,7.6,,19.6,,22.6,41.2,41.2,58.8,41.2,26.08695652173913,17.1,6-10,265.0,82
202691,Klay Thompson,DAL,5,20.7,8.2,3.0,1.4,3.0,9.6,1.4,5.4,0.8,0.8,october,2025-26,20.2,10.8,41.2,5.4,27.0,1.0,2.21,20.2,0.2,0.0,0.2,,19.2,7.1,,,25.9,12.2,2.8,26.3,,58.8,13.3,86.7,13.3,56.250000000000014,20.7,6-5,220.0,77
1642883,Sion James,CHA,5,21.3,8.2,2.6,1.4,2.8,4.4,1.6,2.2,1.0,1.0,october,2025-26,10.2,8.8,84.7,10.3,29.4,1.0,2.13,13.8,0.6,0.0,0.8,,17.6,14.7,4.4,,43.6,4.8,4.4,,,47.4,28.6,71.4,28.6,50.0,21.3,6-5,220.0,77
1629674,Neemias Queta,BOS,6,23.4,8.2,8.2,1.3,3.3,5.3,0.0,0.2,1.5,2.2,october,2025-26,13.6,7.8,65.0,13.0,35.3,1.0,1.67,21.0,1.7,0.0,6.5,,7.1,,25.4,,2.8,,28.2,,20.9,48.3,25.0,75.0,25.0,3.773584905660378,23.4,7-0,248.0,84
1642852,Derik Queen,NOP,5,19.6,8.0,5.4,0.2,2.8,6.4,0.0,0.6,2.4,3.2,october,2025-26,19.7,1.8,51.2,6.7,33.6,1.2,2.06,16.6,1.6,0.4,3.4,18.6,19.6,7.2,8.9,6.3,11.2,,8.5,,9.7,71.4,50.0,50.0,50.0,9.374999999999998,19.6,6-9,250.0,81
1631169,Josh Minott,BOS,5,22.3,8.0,7.0,1.4,2.8,5.8,0.8,2.8,1.6,2.2,october,2025-26,13.2,8.8,59.1,12.8,21.6,0.6,1.69,12.0,0.2,0.0,2.2,,24.7,,,,37.0,,10.4,,11.7,46.2,28.6,71.4,28.6,48.275862068965516,22.3,6-8,205.0,80
1627752,Taurean Prince,MIL,5,22.8,8.0,1.4,1.4,2.8,5.0,1.8,3.4,0.6,0.6,october,2025-26,10.8,7.1,76.0,6.6,24.6,0.8,1.86,14.2,0.0,0.0,0.0,,27.3,,,,54.5,,,,,55.6,7.1,92.9,7.1,68.0,22.8,6-6,218.0,78
1628379,Luke Kennard,ATL,6,25.0,7.8,2.3,2.3,2.7,5.7,1.2,2.8,1.3,1.5,october,2025-26,12.7,12.1,61.9,6.4,32.0,1.2,2.29,22.2,0.3,0.0,0.3,,24.5,9.1,,,32.0,7.9,5.8,11.6,,75.0,25.0,75.0,25.0,49.122807017543856,25.0,6-5,206.0,77
1630557,Corey Kispert,ATL,5,20.7,7.8,3.4,1.6,2.8,6.2,1.4,4.4,0.8,1.4,october,2025-26,13.9,10.1,57.2,7.4,26.8,0.7,1.62,14.2,0.2,0.0,0.2,,19.0,9.5,,,34.1,11.9,,8.7,,70.0,14.3,85.7,14.3,70.96774193548387,20.7,6-6,224.0,78
203994,Jusuf Nurkić,UTA,5,17.3,7.8,7.6,2.6,3.0,7.0,0.4,2.0,1.4,2.0,october,2025-26,23.3,22.4,49.5,11.4,41.6,1.6,2.29,24.6,2.0,0.4,4.8,,6.9,,22.4,10.4,11.8,,17.3,,13.6,61.5,33.3,66.7,33.3,28.57142857142857,17.3,6-11,290.0,83
1631165,Keon Ellis,SAC,5,19.6,7.8,1.8,0.6,2.8,5.8,1.2,3.4,1.0,1.6,october,2025-26,15.0,4.3,60.0,6.5,24.2,0.8,2.0,11.4,0.6,0.0,1.0,,25.6,10.1,,,43.7,,,,,66.7,21.4,78.6,21.4,58.620689655172406,19.6,6-4,175.0,76
1642285,Cam Spencer,MEM,6,15.7,7.7,2.0,3.3,2.2,5.2,1.8,3.8,1.5,1.7,october,2025-26,17.5,28.6,65.0,10.4,34.7,2.0,3.45,19.2,0.2,0.0,0.5,3.0,15.9,36.1,,,21.9,4.0,,10.2,,62.5,15.4,84.6,15.4,73.07692307692307,15.7,6-3,205.0,75
1641767,Ben Sheppard,IND,5,29.8,7.6,6.8,2.4,2.8,8.8,0.8,4.8,1.2,1.6,october,2025-26,13.6,12.2,40.0,5.6,61.6,2.4,2.39,30.0,0.2,0.0,1.0,,27.3,10.0,,,38.2,5.0,6.4,,,70.6,28.6,71.4,28.6,54.54545454545454,29.8,6-6,190.0,78
1642261,Dalton Knecht,LAL,5,19.3,7.6,1.6,0.6,3.0,6.8,0.8,3.8,0.8,1.0,october,2025-26,17.0,4.4,52.5,6.4,22.6,0.9,2.49,12.6,0.8,0.0,0.4,6.0,19.6,9.5,,,34.5,7.1,,10.7,,50.0,26.7,73.3,26.7,55.88235294117647,19.3,6-6,215.0,78
1627741,Buddy Hield,GSW,6,17.1,7.5,1.5,1.2,2.8,6.8,1.3,4.7,0.5,0.5,october,2025-26,17.9,9.6,53.2,6.5,27.7,0.8,1.7,15.0,0.5,0.0,0.5,,23.1,4.8,,,34.0,5.4,5.4,12.2,3.7,75.0,29.4,70.6,29.4,69.11764705882354,17.1,6-4,220.0,76
1630700,Dyson Daniels,ATL,6,31.4,7.5,6.0,3.5,3.2,8.0,0.2,0.5,1.0,1.7,october,2025-26,14.1,13.5,42.9,6.1,54.0,2.6,2.87,24.0,0.5,0.0,2.0,5.6,23.3,13.2,3.2,,18.5,5.8,15.9,,7.8,65.5,36.8,63.2,36.8,6.25,31.4,6-7,199.0,79
1629652,Luguentz Dort,OKC,6,34.7,7.3,5.3,1.8,2.5,8.3,1.0,5.5,1.3,1.3,october,2025-26,12.1,6.7,41.1,4.1,35.7,1.4,2.31,22.5,0.8,0.0,2.3,,15.0,,5.5,,61.5,,4.0,,,52.0,33.3,66.7,33.3,66.26506024096385,34.7,6-4,220.0,76
1630577,Julian Champagnie,SAS,5,29.3,7.2,6.4,2.0,2.4,5.8,1.2,4.0,1.2,1.8,october,2025-26,9.8,8.5,54.6,8.7,33.0,0.7,1.28,16.0,0.4,0.0,1.0,,23.0,,5.3,,43.3,6.5,3.1,9.3,4.3,61.5,16.7,83.3,16.7,68.96551724137932,29.3,6-7,217.0,79
1631212,Peyton Watson,DEN,5,21.2,7.2,3.0,1.8,2.4,3.8,0.4,0.8,2.0,2.4,october,2025-26,12.3,9.0,74.1,8.2,31.2,1.6,2.99,12.0,1.6,0.0,1.8,6.7,19.0,13.2,3.1,,24.9,5.2,16.2,2.3,3.2,80.0,16.7,83.3,16.7,21.05263157894737,21.2,6-8,200.0,80
1629004,Svi Mykhailiuk,UTA,5,26.2,7.2,2.6,1.6,2.6,5.8,1.6,4.4,0.4,0.4,october,2025-26,9.9,7.8,60.2,6.6,36.0,1.4,2.39,19.2,0.4,0.0,1.2,,22.1,5.9,,,34.5,10.7,7.6,7.6,3.4,60.0,30.8,69.2,30.8,75.86206896551725,26.2,6-7,205.0,79
1631213,Tyrese Martin,BKN,5,18.0,7.2,3.4,2.4,2.6,6.6,1.4,4.0,0.6,0.6,october,2025-26,17.0,18.8,52.4,8.9,33.2,1.7,3.06,18.6,1.0,0.0,1.4,,15.1,20.7,,,37.1,10.0,4.0,,,42.9,15.4,84.6,15.4,60.60606060606061,18.0,6-6,215.0,78
1631243,Mouhamed Gueye,ATL,6,16.3,7.2,4.0,1.2,3.0,5.5,0.8,2.7,0.3,1.0,october,2025-26,17.4,9.3,60.3,8.8,17.7,0.4,1.43,10.7,0.3,0.0,2.5,,18.3,,5.6,,39.0,,19.7,,10.3,58.3,5.6,94.4,5.6,49.09090909090909,16.3,6-11,210.0,83
1642267,Bub Carrington,WAS,5,28.2,7.0,4.0,3.2,2.2,6.8,1.2,2.6,1.4,2.0,october,2025-26,13.4,14.5,45.6,4.0,51.4,3.2,3.68,18.0,0.0,0.0,0.2,4.8,20.0,33.6,,,21.0,8.2,,2.1,,63.2,63.6,36.4,63.6,38.235294117647065,28.2,6-4,190.0,76
1642347,Jamal Shead,TOR,6,17.2,6.8,2.2,5.0,2.2,5.0,1.0,2.2,1.5,1.8,october,2025-26,15.5,35.7,58.8,9.8,43.8,3.5,4.83,15.7,0.0,0.0,0.5,8.2,13.8,29.5,,,33.0,2.9,2.7,,,62.5,46.2,53.8,46.2,44.00000000000001,17.2,6-1,200.0,73
1627739,Kris Dunn,LAC,5,22.8,6.8,2.6,0.6,2.8,5.8,0.8,2.2,0.4,0.4,october,2025-26,13.6,3.8,56.9,4.5,43.2,2.4,3.36,19.4,1.4,0.0,2.0,3.9,19.3,9.6,5.5,,38.6,,9.6,,3.2,50.0,21.4,78.6,21.4,37.931034482758626,22.8,6-3,205.0,75
1630230,Naji Marshall,DAL,5,23.7,6.8,3.8,2.0,1.6,4.2,0.0,0.8,3.6,4.0,october,2025-26,11.3,12.0,57.0,7.4,30.2,1.7,3.29,14.0,1.2,0.0,1.0,5.6,31.6,10.9,3.9,,29.1,,6.0,2.4,2.4,72.7,37.5,62.5,37.5,19.047619047619047,23.7,6-6,220.0,78
1630544,Tre Mann,CHA,5,19.5,6.6,3.0,2.6,2.4,8.4,1.0,4.4,0.8,1.0,october,2025-26,21.7,19.7,37.3,2.8,41.4,2.9,4.22,20.4,0.2,0.0,0.2,8.5,7.7,38.0,,,26.5,8.5,,,,62.5,50.0,50.0,50.0,52.38095238095239,19.5,6-4,178.0,76
1642383,Walter Clayton Jr.,UTA,5,17.3,6.6,3.0,2.8,2.4,5.8,1.0,3.0,0.8,0.8,october,2025-26,15.6,24.6,53.6,6.6,41.8,3.2,4.54,15.6,0.0,0.0,1.0,3.6,22.2,29.7,,,21.9,7.5,3.6,4.6,,100.0,58.3,41.7,58.3,51.724137931034484,17.3,6-4,195.0,76
201572,Brook Lopez,LAC,5,16.3,6.4,3.6,0.4,2.2,6.6,1.6,5.2,0.4,0.8,october,2025-26,20.5,4.0,46.0,6.6,22.4,0.6,1.58,16.2,0.8,0.6,2.4,,6.5,,32.8,9.5,32.1,,,,,50.0,9.1,90.9,9.1,78.7878787878788,16.3,7-1,282.0,85
1642914,Javon Small,MEM,5,17.8,6.4,1.4,4.2,1.8,5.2,1.2,3.6,1.6,2.0,october,2025-26,16.9,31.3,52.6,6.8,36.8,2.9,4.67,17.2,0.4,0.0,0.4,,22.4,34.1,,,25.9,,,,,57.1,33.3,66.7,33.3,69.23076923076923,17.8,6-1,190.0,73
1631200,Kris Murray,POR,5,23.2,6.4,3.0,0.6,2.6,5.0,0.6,1.8,0.6,0.8,october,2025-26,10.1,3.4,59.8,6.2,20.4,0.7,2.06,13.8,0.4,0.0,1.8,,23.6,,,,40.4,,11.8,,11.3,71.4,7.7,92.3,7.7,36.0,23.2,6-8,218.0,80
1642271,Kyle Filipowski,UTA,5,19.1,6.4,4.4,2.8,2.4,6.6,1.0,3.2,0.6,1.0,october,2025-26,16.5,20.0,45.5,5.4,33.2,1.3,2.27,17.0,0.4,0.8,1.6,,16.6,3.1,8.0,4.8,32.5,2.7,10.8,4.3,9.9,92.3,33.3,66.7,33.3,48.48484848484849,19.1,6-11,250.0,83
1629013,Landry Shamet,NYK,5,17.5,6.4,2.0,0.6,1.8,5.2,1.6,4.6,1.2,1.4,october,2025-26,15.2,5.5,55.0,5.9,20.6,0.6,1.74,13.6,0.2,0.0,0.6,,22.7,,,,51.6,10.2,,,,66.7,0.0,100.0,0.0,88.46153846153845,17.5,6-5,190.0,77
1641854,Craig Porter Jr.,CLE,6,17.4,6.2,3.0,2.0,2.3,4.3,1.0,2.2,0.5,1.2,october,2025-26,13.7,15.8,63.6,10.4,31.8,1.7,3.22,13.0,0.2,0.0,1.3,,17.9,27.8,,,26.0,4.5,,,4.9,68.4,35.7,64.3,35.7,51.162790697674424,17.4,6-1,180.0,73
1631104,Blake Wesley,POR,6,16.3,6.0,2.3,3.2,2.3,5.7,0.3,1.7,1.0,1.7,october,2025-26,17.3,27.9,46.9,8.1,37.2,2.2,3.62,16.2,0.2,0.0,0.7,,33.3,,,,22.2,,,,,87.5,71.4,28.6,71.4,29.82456140350877,16.3,6-4,190.0,76
1629731,Dean Wade,CLE,6,24.3,6.0,3.7,1.3,1.7,5.0,1.3,4.2,1.3,1.8,october,2025-26,10.2,7.5,51.7,5.6,29.2,0.8,1.62,16.7,0.3,0.0,1.3,,28.1,,5.0,,46.7,,12.1,,,57.1,10.0,90.0,10.0,84.00000000000001,24.3,6-9,228.0,81
1629048,Goga Bitadze,ORL,6,17.7,5.8,5.7,1.7,2.3,3.3,0.2,0.5,1.0,1.7,october,2025-26,9.9,12.2,71.7,11.2,20.5,0.5,1.4,12.0,0.8,0.2,4.2,,10.8,,15.0,,,,26.9,,27.5,58.8,50.0,50.0,50.0,15.151515151515152,17.7,6-11,250.0,83
1630696,Dru Smith,MIA,5,17.7,5.8,1.6,4.0,2.4,5.0,1.0,2.4,0.0,0.0,october,2025-26,13.8,24.1,58.0,8.5,34.0,1.8,3.2,15.0,0.4,0.0,0.6,10.0,26.9,9.0,,,37.3,,3.6,,6.5,54.5,25.0,75.0,25.0,48.0,17.7,6-2,203.0,74
1628971,Bruce Brown,DEN,5,18.5,5.4,4.0,1.6,2.2,4.2,0.6,1.6,0.4,0.8,october,2025-26,12.2,10.5,59.3,6.9,24.4,1.2,2.86,11.6,0.2,0.0,1.4,4.1,22.3,15.7,,,22.3,3.8,13.0,,8.7,61.5,18.2,81.8,18.2,38.095238095238095,18.5,6-4,202.0,76
1628366,Lonzo Ball,CLE,5,23.9,5.4,4.0,5.8,1.8,6.0,1.2,4.4,0.6,1.0,october,2025-26,14.7,32.6,41.9,8.1,61.6,3.0,2.92,25.8,0.4,0.0,1.4,,19.3,16.5,,,36.3,6.1,,,,60.0,77.8,22.2,77.8,73.33333333333334,23.9,6-5,190.0,77
201144,Mike Conley,MIN,5,20.1,5.4,2.4,3.0,1.6,5.2,1.0,2.8,1.2,1.2,october,2025-26,14.1,22.1,47.1,6.2,45.0,3.0,3.98,21.8,0.2,0.0,1.0,,14.8,21.2,,,33.3,13.8,,5.8,,66.7,25.0,75.0,25.0,53.84615384615385,20.1,6-1,175.0,73
1642345,Oso Ighodaro,PHX,6,17.9,5.3,2.8,1.2,2.3,4.5,0.0,0.0,0.7,1.3,october,2025-26,14.1,9.2,52.4,2.8,26.7,1.0,2.23,15.5,1.5,0.3,3.3,8.5,12.7,4.2,18.2,,,,29.7,,7.6,64.3,21.4,78.6,21.4,0.0,17.9,6-11,235.0,83
1641730,Noah Clowney,BKN,5,20.9,5.2,3.6,1.6,1.4,5.6,0.8,4.0,1.6,1.8,october,2025-26,15.1,11.6,40.7,4.0,30.0,1.0,1.95,16.0,1.0,0.0,1.4,4.6,18.6,4.4,3.9,,41.8,10.3,2.6,4.6,2.4,65.2,14.3,85.7,14.3,71.42857142857143,20.9,6-10,210.0,82
1629020,Jarred Vanderbilt,LAL,6,21.1,5.0,6.5,1.7,1.8,4.5,0.0,1.0,1.3,1.7,october,2025-26,13.6,9.6,47.8,8.3,31.2,1.0,1.89,13.8,0.5,0.0,3.3,,18.0,,,,32.3,,16.9,,14.3,53.8,27.3,72.7,27.3,22.22222222222222,21.1,6-8,214.0,80
1629750,Javonte Green,DET,5,16.1,5.0,2.4,1.0,1.8,5.4,1.0,2.4,0.4,0.6,october,2025-26,13.9,9.8,44.1,7.0,25.6,0.7,1.69,14.4,0.6,0.0,1.4,,23.5,,3.7,,41.2,,14.7,,4.8,71.4,0.0,100.0,0.0,44.44444444444444,16.1,6-5,205.0,77
1630643,Jay Huff,IND,5,16.1,5.0,2.4,0.8,1.8,5.0,0.6,3.2,0.8,0.8,october,2025-26,14.0,9.3,46.7,5.6,19.0,0.4,1.33,15.4,0.8,0.8,2.0,,15.1,,22.8,4.4,35.2,,6.8,5.6,5.0,54.5,0.0,100.0,0.0,64.0,16.1,7-1,240.0,85
1631119,Jaylin Williams,OKC,6,17.1,4.7,4.3,2.0,1.7,4.8,0.8,4.0,0.5,0.7,october,2025-26,15.7,17.4,45.5,8.9,35.5,1.0,1.62,17.3,0.5,0.0,1.3,,14.8,,21.6,,40.7,,,,,56.5,0.0,100.0,0.0,83.33333333333334,17.1,6-9,240.0,81
1626204,Larry Nance Jr.,CLE,6,16.0,4.5,3.7,1.2,1.8,5.0,0.7,2.2,0.2,0.5,october,2025-26,15.2,12.5,43.1,4.9,19.8,0.6,1.72,12.8,0.8,0.3,3.0,,20.3,,,,36.7,,22.8,,,58.3,18.2,81.8,18.2,44.00000000000001,16.0,6-6,245.0,78
1642846,Ace Bailey,UTA,5,17.0,4.4,3.6,1.8,1.6,6.4,0.4,2.4,0.8,0.8,october,2025-26,17.7,16.1,32.6,3.0,18.6,0.7,2.16,13.4,0.6,0.2,1.4,3.0,13.9,4.9,,,22.5,15.1,11.1,15.5,7.9,70.0,12.5,87.5,12.5,37.49999999999999,17.0,6-9,200.0,81
1630171,Isaac Okoro,CHI,5,22.6,4.4,2.6,1.4,1.8,5.6,0.6,2.6,0.2,0.2,october,2025-26,12.2,7.2,38.7,0.4,23.4,0.7,1.73,13.0,0.6,0.0,2.2,,25.9,,,,41.6,,10.8,,5.2,84.6,22.2,77.8,22.2,46.42857142857144,22.6,6-4,225.0,76
1630545,Terrence Shannon Jr.,MIN,5,18.0,4.4,3.0,1.4,1.6,4.8,0.8,1.8,0.4,0.6,october,2025-26,13.6,10.6,43.4,3.8,21.6,1.1,3.17,11.2,0.0,0.0,0.4,,32.4,9.8,,,33.3,,,,,57.1,87.5,12.5,87.5,37.5,18.0,6-6,215.0,78
1629723,John Konchar,MEM,6,15.0,4.3,2.8,1.2,1.7,2.8,0.8,1.8,0.2,0.2,october,2025-26,8.6,10.0,74.5,9.8,20.7,0.5,1.45,8.5,0.2,0.0,0.8,,34.2,,,,42.5,,,,,78.6,10.0,90.0,10.0,64.28571428571429,15.0,6-5,210.0,77
1642879,Ben Saraf,BKN,5,18.2,3.2,2.2,3.2,1.0,4.6,0.4,2.4,0.8,1.2,october,2025-26,15.9,19.5,31.2,0.8,39.0,3.1,4.82,13.0,0.0,0.0,0.8,12.0,13.0,23.9,,,30.4,,,,,93.3,60.0,40.0,60.0,52.17391304347826,18.2,6-6,200.0,78
1641737,Adem Bona,PHI,5,16.0,2.4,3.0,0.6,0.8,1.8,0.0,0.0,0.8,1.4,october,2025-26,8.3,5.3,49.7,4.8,12.4,0.3,1.24,7.0,0.4,0.0,2.4,,10.8,,8.5,,,,21.5,,30.8,50.0,75.0,25.0,75.0,0.0,16.0,6-10,235.0,82
1626145,Tyus Jones,ORL,6,15.1,2.3,1.0,1.5,1.0,3.3,0.3,2.0,0.0,0.0,october,2025-26,10.4,15.0,35.0,2.3,32.3,2.0,3.72,13.3,0.0,0.0,0.3,,17.2,23.8,,,41.7,,,,,85.7,50.0,50.0,50.0,60.60606060606061,15.1,6-0,196.0,72
1629029,Luka Dončić,LAL,12,37.0,32.5,8.0,9.6,9.6,21.9,3.6,10.7,9.8,12.0,november,2025-26,34.7,39.2,59.7,18.4,93.5,8.1,5.17,36.1,0.8,2.6,1.2,16.0,14.3,36.3,,7.6,8.7,2.3,1.3,7.4,1.7,75.0,80.0,20.0,80.0,48.858447488584474,37.0,6-8,230.0,80
203999,Nikola Jokić,DEN,14,34.7,32.0,11.7,11.0,11.4,17.5,2.4,4.6,6.9,8.1,november,2025-26,29.2,47.8,76.0,23.6,98.6,4.5,2.73,56.4,10.2,8.6,8.9,5.3,10.1,9.7,13.0,22.8,9.0,,7.3,5.3,9.3,66.1,37.7,62.3,37.7,26.285714285714285,34.7,6-11,284.0,83
1628983,Shai Gilgeous-Alexander,OKC,15,32.1,31.9,4.5,6.9,10.1,18.1,2.3,4.7,9.5,10.6,november,2025-26,31.4,34.8,70.1,23.0,63.1,5.8,5.57,22.9,0.7,1.0,1.2,26.3,14.1,37.3,,4.7,6.2,2.1,3.3,1.6,,55.2,82.1,17.9,82.1,25.96685082872928,32.1,6-6,195.0,78
1630595,Cade Cunningham,DET,12,37.3,31.6,6.8,9.8,11.3,23.6,2.2,6.3,6.9,8.5,november,2025-26,33.3,40.7,57.8,16.8,100.6,8.6,5.1,42.5,1.5,1.2,1.8,11.5,17.5,38.7,,3.5,8.5,8.4,1.6,4.4,1.3,64.2,73.3,26.7,73.3,26.694915254237284,37.3,6-6,220.0,78
1630178,Tyrese Maxey,PHI,14,39.8,31.3,4.9,6.9,10.7,22.8,3.5,9.9,6.4,7.2,november,2025-26,29.3,30.2,60.3,16.0,106.6,7.5,4.23,48.7,0.2,0.3,0.6,14.5,21.9,26.2,1.3,1.4,14.3,6.7,3.0,5.4,,69.0,48.0,52.0,48.0,43.42105263157895,39.8,6-2,200.0,74
1628378,Donovan Mitchell,CLE,14,34.7,30.6,5.6,5.9,10.5,21.4,4.4,11.2,5.3,6.1,november,2025-26,31.4,26.6,63.6,16.5,79.1,5.8,4.38,31.6,0.2,0.0,1.3,11.4,22.8,34.1,1.5,,11.4,6.9,1.9,3.8,1.6,57.1,64.6,35.4,64.6,52.336448598130836,34.7,6-2,215.0,74
201935,James Harden,LAC,14,36.8,29.8,6.3,8.5,8.3,19.4,4.1,10.7,9.1,10.1,november,2025-26,31.8,36.6,62.6,16.3,81.6,8.2,6.03,33.4,0.6,0.4,0.4,42.5,13.1,25.0,,1.3,7.5,4.6,,,,68.1,75.9,24.1,75.9,55.154639175257735,36.8,6-5,220.0,77
1630162,Anthony Edwards,MIN,13,35.1,29.7,4.6,4.3,9.9,20.5,3.6,9.1,6.2,7.5,november,2025-26,30.7,20.7,62.4,15.3,77.9,6.8,5.25,35.9,0.4,0.8,1.5,23.4,15.7,23.5,,4.9,12.9,7.3,2.0,4.8,1.2,71.7,58.1,41.9,58.1,44.390243902439025,35.1,6-4,225.0,76
203507,Giannis Antetokounmpo,MIL,11,30.0,29.0,9.8,6.5,11.0,17.7,0.5,1.4,6.5,10.2,november,2025-26,36.4,36.8,65.3,21.3,75.5,5.1,4.06,34.8,5.0,5.7,7.0,10.9,26.0,7.7,6.4,20.2,6.1,,7.9,,8.9,51.1,48.8,51.2,48.8,7.90960451977401,30.0,6-11,243.0,83
1627759,Jaylen Brown,BOS,14,33.3,28.6,6.6,5.1,10.8,23.0,1.6,5.6,5.5,7.1,november,2025-26,36.8,25.8,54.8,14.8,66.8,4.6,4.09,37.7,0.6,1.4,1.6,20.6,20.4,22.2,1.8,4.7,13.0,4.1,1.1,7.4,1.8,57.1,63.6,36.4,63.6,24.34782608695652,33.3,6-6,223.0,78
201939,Stephen Curry,GSW,10,31.0,28.4,3.4,3.5,9.4,20.4,4.9,13.0,4.7,5.3,november,2025-26,34.4,19.7,62.5,13.5,64.6,4.3,4.0,30.3,1.0,0.0,1.2,10.1,13.8,21.1,,,11.6,12.0,7.0,18.0,1.3,58.5,45.7,54.3,45.7,63.72549019607844,31.0,6-2,185.0,74
1628973,Jalen Brunson,NYK,12,34.2,27.3,3.3,6.6,9.8,20.5,2.8,7.3,5.0,5.7,november,2025-26,30.2,28.6,59.4,14.2,89.6,7.7,5.14,35.7,0.7,0.7,0.5,14.4,14.3,36.0,,3.3,16.4,5.6,1.9,2.5,,79.5,64.1,35.9,64.1,35.609756097560975,34.2,6-2,190.0,74
1630166,Deni Avdija,POR,14,34.8,27.1,7.5,6.4,8.2,17.4,2.6,7.1,8.1,10.0,november,2025-26,27.9,30.0,62.2,15.8,89.1,6.1,4.11,36.6,1.3,0.5,1.9,14.0,18.1,26.9,,3.1,19.0,4.8,4.0,4.7,1.7,62.2,51.3,48.7,51.3,40.804597701149426,34.8,6-8,228.0,80
202695,Kawhi Leonard,LAC,5,29.7,27.0,4.6,2.4,9.4,18.4,2.4,5.8,5.8,5.8,november,2025-26,33.3,14.3,64.4,16.9,51.6,3.7,4.29,31.4,1.2,1.4,0.8,16.5,19.6,25.9,,6.0,12.2,3.4,3.0,7.2,2.8,75.0,59.6,40.4,59.6,31.521739130434785,29.7,6-6,225.0,78
1630559,Austin Reaves,LAL,10,36.2,26.9,6.1,5.5,8.4,15.8,2.7,7.5,7.4,8.6,november,2025-26,25.9,23.4,68.7,15.8,75.3,5.5,4.4,30.5,0.8,0.0,0.7,13.5,15.8,35.6,,,14.0,5.6,,5.6,,69.8,50.0,50.0,50.0,47.46835443037975,36.2,6-5,197.0,77
1628374,Lauri Markkanen,UTA,14,34.8,25.9,6.1,2.1,8.9,19.6,2.9,8.4,5.3,5.7,november,2025-26,26.7,10.3,58.3,12.4,54.4,1.7,1.83,35.0,3.0,1.0,6.2,4.0,15.6,3.0,8.3,5.7,12.8,7.5,10.6,20.7,7.0,65.4,15.3,84.7,15.3,42.857142857142854,34.8,7-1,240.0,85
1629008,Michael Porter Jr.,BKN,11,32.8,25.5,7.9,2.9,8.7,18.5,3.1,9.0,4.9,5.7,november,2025-26,29.1,16.8,60.7,15.2,62.5,2.1,2.05,37.0,1.1,0.3,3.5,6.9,13.2,5.7,2.7,2.5,21.5,16.9,8.5,13.1,4.9,64.3,18.8,81.3,18.8,48.64864864864865,32.8,6-10,218.0,82
1626181,Norman Powell,MIA,13,30.5,24.8,2.9,2.2,8.2,16.4,3.0,6.9,5.4,6.2,november,2025-26,27.2,10.4,65.1,12.3,46.6,1.8,2.31,31.8,0.5,0.2,0.5,10.9,24.6,11.3,,,32.5,3.8,1.5,10.9,,73.8,29.9,70.1,29.9,42.07317073170732,30.5,6-3,215.0,75
1629632,Coby White,CHI,5,30.7,24.2,3.0,6.2,7.6,17.0,3.0,8.8,6.0,7.4,november,2025-26,29.9,29.2,59.7,12.5,61.4,4.1,3.96,29.4,0.0,0.2,0.2,7.7,29.3,29.6,,,20.9,3.1,,2.6,,54.8,42.1,57.9,42.1,51.76470588235295,30.7,6-4,210.0,76
1628368,De'Aaron Fox,SAS,11,33.4,24.1,3.5,6.6,8.5,17.3,2.3,6.2,4.7,5.5,november,2025-26,28.1,30.0,61.1,12.7,78.1,6.4,4.93,27.2,0.2,0.1,0.9,10.1,22.8,29.1,,,18.1,6.4,2.0,3.7,1.7,59.5,67.0,33.0,67.0,35.83815028901734,33.4,6-3,185.0,75
1626164,Devin Booker,PHX,15,35.5,23.8,4.5,7.0,7.7,17.7,1.3,5.2,7.1,7.9,november,2025-26,28.3,30.3,56.3,13.0,69.0,5.4,4.68,40.8,0.5,0.8,1.5,14.0,15.7,33.1,1.8,3.8,9.5,7.5,1.6,7.5,1.7,58.6,64.7,35.3,64.7,29.37853107344633,35.5,6-5,206.0,77
1628970,Miles Bridges,CHA,15,36.2,23.8,6.2,3.8,8.1,18.4,2.9,8.7,4.7,5.4,november,2025-26,25.5,17.1,57.3,11.9,65.2,3.0,2.72,39.5,0.6,0.7,2.1,9.0,16.5,14.9,7.4,4.9,29.8,7.2,3.2,,2.1,59.7,37.7,62.3,37.7,47.28260869565217,36.2,6-7,225.0,79
1627783,Pascal Siakam,IND,14,34.5,23.7,6.3,4.1,8.8,17.6,1.4,4.5,4.7,6.4,november,2025-26,27.3,19.6,57.9,13.5,71.5,3.3,2.78,39.1,1.4,2.9,2.6,13.3,20.6,13.9,6.5,11.3,16.2,3.0,3.2,4.0,5.0,66.2,49.6,50.4,49.6,25.568181818181817,34.5,6-8,245.0,80
1630552,Jalen Johnson,ATL,14,36.0,23.6,10.4,8.1,8.3,15.7,2.0,4.4,5.1,6.7,november,2025-26,25.6,32.6,63.3,17.8,91.5,4.9,3.21,39.9,2.6,0.8,2.4,7.9,22.5,23.7,2.9,4.5,14.4,7.3,6.8,1.8,4.0,60.7,36.2,63.8,36.2,28.025477707006374,36.0,6-8,219.0,80
201142,Kevin Durant,HOU,11,35.4,23.5,4.6,3.8,8.3,16.9,1.8,4.6,5.2,5.7,november,2025-26,24.8,15.5,60.6,12.8,61.7,4.0,3.91,41.4,1.7,2.0,1.0,20.8,13.5,18.4,1.7,7.3,15.2,7.5,2.3,7.5,1.1,60.9,50.5,49.5,50.5,27.218934911242602,35.4,6-11,240.0,83
1641705,Victor Wembanyama,SAS,7,35.3,23.3,11.7,4.4,8.1,17.9,2.1,6.0,4.9,5.1,november,2025-26,29.0,20.0,57.9,14.7,68.6,2.7,2.36,43.7,5.4,5.0,6.7,14.5,16.8,6.7,8.2,11.7,13.5,2.6,8.6,7.5,6.1,57.8,29.8,70.2,29.8,33.519553072625705,35.3,7-4,235.0,88
1627750,Jamal Murray,DEN,13,35.9,23.2,4.5,7.1,8.2,17.4,3.2,7.6,3.6,4.2,november,2025-26,24.9,28.0,60.5,12.8,82.4,6.7,4.89,36.5,0.7,0.2,1.0,14.6,13.0,35.4,,2.9,8.6,11.5,3.8,4.0,,75.0,66.4,33.6,66.4,43.67816091954023,35.9,6-4,215.0,76
1630532,Franz Wagner,ORL,14,34.5,23.1,6.8,4.1,7.4,16.4,1.4,4.4,6.9,8.0,november,2025-26,25.9,18.9,57.8,14.3,64.4,3.4,3.2,35.5,2.1,0.5,3.2,7.6,20.4,22.9,2.9,6.9,16.6,3.2,6.7,3.6,4.4,52.5,41.3,58.7,41.3,26.829268292682933,34.5,6-10,220.0,82
1626157,Karl-Anthony Towns,NYK,14,33.4,23.0,11.6,3.6,7.6,16.1,1.8,5.4,5.9,6.8,november,2025-26,26.3,15.4,60.1,14.9,56.1,2.1,2.3,41.4,1.9,3.1,4.5,10.0,15.2,1.6,13.8,11.1,19.9,1.9,5.9,2.3,12.6,56.1,37.4,62.6,37.4,33.54037267080745,33.4,7-0,248.0,84
1641718,Keyonte George,UTA,14,33.8,23.0,4.0,6.0,7.7,17.1,2.4,6.8,5.2,5.9,november,2025-26,27.4,28.5,58.2,11.3,83.3,6.3,4.55,35.6,0.6,0.0,0.8,12.3,14.8,29.3,1.4,,13.8,9.7,4.5,5.8,,74.3,44.4,55.6,44.4,39.76608187134503,33.8,6-4,185.0,76
1631101,Shaedon Sharpe,POR,10,28.0,23.0,5.0,2.3,8.6,17.4,1.4,5.8,4.4,6.1,november,2025-26,31.5,13.9,57.3,13.0,54.3,3.1,3.47,28.4,1.9,0.2,2.1,12.3,19.5,31.7,,,16.7,5.1,4.8,2.1,2.8,66.7,54.7,45.3,54.7,33.333333333333336,28.0,6-5,210.0,77
1628415,Dillon Brooks,PHX,12,31.5,22.1,3.2,1.6,7.8,16.5,2.3,7.0,4.1,4.8,november,2025-26,27.2,8.2,59.4,10.1,46.3,2.6,3.3,24.3,0.3,0.8,1.0,9.3,14.6,19.9,1.5,9.9,31.8,2.8,1.7,2.8,2.4,57.8,57.4,42.6,57.4,42.42424242424242,31.5,6-7,225.0,79
1630530,Trey Murphy III,NOP,14,35.6,21.9,5.9,3.0,7.4,15.0,3.3,8.4,3.9,4.2,november,2025-26,21.6,13.2,65.1,12.7,62.5,2.7,2.62,35.1,0.5,0.0,2.5,6.6,20.1,16.5,2.1,,23.4,9.4,8.3,7.1,3.2,61.1,24.3,75.7,24.3,56.00000000000001,35.6,6-8,206.0,80
1630578,Alperen Sengun,HOU,13,35.5,21.8,9.4,6.8,8.3,16.8,0.8,2.6,4.4,6.2,november,2025-26,26.2,29.0,55.8,14.3,75.9,4.2,3.32,48.5,5.1,6.3,6.1,14.9,13.5,5.2,9.2,21.7,11.8,,9.1,,7.4,59.3,60.2,39.8,60.2,15.476190476190476,35.5,6-11,243.0,83
203944,Julius Randle,MIN,15,33.0,21.8,7.9,6.2,7.5,15.4,1.6,5.1,5.3,6.5,november,2025-26,25.9,27.0,59.7,15.1,64.7,3.6,3.3,39.9,2.1,2.0,2.9,15.8,16.5,9.4,7.3,10.1,21.1,2.4,5.0,3.2,5.4,52.1,48.2,51.8,48.2,33.11688311688311,33.0,6-9,250.0,81
1631105,Jalen Duren,DET,12,31.8,21.5,12.6,2.3,7.9,11.7,0.0,0.0,5.7,7.7,november,2025-26,22.6,10.4,71.5,18.1,54.3,1.9,2.05,28.2,4.4,1.3,11.2,8.9,12.2,3.2,14.9,8.7,6.8,,20.0,,16.4,62.7,34.7,65.3,34.7,0.0,31.8,6-10,250.0,82
1629638,Nickeil Alexander-Walker,ATL,13,33.7,21.5,3.6,3.9,7.1,14.9,2.9,7.2,4.4,5.1,november,2025-26,23.8,16.1,62.5,10.2,66.0,4.0,3.68,28.8,0.5,0.0,1.6,2.9,27.3,18.8,2.9,,22.7,7.1,2.9,9.1,1.3,62.2,33.7,66.3,33.7,48.322147651006716,33.7,6-5,205.0,77
1627742,Brandon Ingram,TOR,15,34.4,21.4,5.7,3.7,7.8,17.2,1.3,4.7,4.5,5.5,november,2025-26,27.5,15.8,54.5,11.1,56.7,3.0,3.17,38.1,1.4,1.5,1.6,13.8,16.6,16.2,,7.7,18.3,5.8,4.3,12.1,2.4,67.3,43.6,56.4,43.6,27.32558139534884,34.4,6-8,190.0,80
1629627,Zion Williamson,NOP,6,29.9,21.2,5.2,3.8,7.2,13.5,0.0,0.5,6.8,9.3,november,2025-26,27.4,20.2,60.1,12.5,53.5,3.3,3.66,32.0,3.8,2.5,3.3,23.8,15.0,15.3,4.8,10.2,5.5,2.6,10.5,,8.6,76.5,46.5,53.5,46.5,3.7037037037037033,29.9,6-6,284.0,78
1631094,Paolo Banchero,ORL,6,30.1,20.8,8.3,4.2,6.5,13.2,1.0,3.5,6.8,8.2,november,2025-26,27.2,20.3,62.2,16.2,62.7,4.0,3.84,28.8,0.3,0.7,1.2,14.7,19.8,19.4,5.2,9.3,15.4,2.6,4.7,3.6,2.6,50.0,59.0,41.0,59.0,26.515151515151516,30.1,6-10,250.0,82
1630581,Josh Giddey,CHI,12,34.5,19.9,10.5,9.8,6.9,14.9,1.8,4.8,4.3,5.7,november,2025-26,24.4,42.3,57.2,16.2,101.3,6.1,3.59,41.6,1.0,0.2,2.1,5.0,22.8,38.8,,,16.0,4.5,4.3,,,58.0,59.0,41.0,59.0,32.21476510067114,34.5,6-7,214.0,79
1642851,Kon Knueppel,CHA,15,34.9,19.9,6.3,3.3,6.8,14.7,3.5,8.9,2.8,3.0,november,2025-26,21.2,14.8,62.1,11.1,58.5,2.3,2.33,35.4,0.9,0.0,1.1,,19.0,15.5,9.3,,28.7,10.0,1.7,6.8,3.4,53.4,21.6,78.4,21.6,60.544217687074834,34.9,6-6,215.0,78
1627734,Domantas Sabonis,SAC,7,33.0,19.9,11.4,4.0,7.3,14.1,0.3,1.6,5.0,6.6,november,2025-26,24.2,19.4,58.3,12.8,74.3,2.2,1.77,46.3,10.3,2.0,13.3,,9.0,,28.5,13.1,9.0,,14.9,,10.9,74.0,21.6,78.4,21.6,11.347517730496454,33.0,6-10,240.0,82
1631097,Bennedict Mathurin,IND,7,33.0,19.7,5.3,2.4,6.4,15.3,2.6,7.0,4.3,5.6,november,2025-26,26.7,12.6,55.6,9.1,59.9,2.6,2.6,37.0,1.0,0.4,2.7,9.0,22.3,27.0,,,17.2,5.2,7.6,5.7,,50.0,42.2,57.8,42.2,45.751633986928105,33.0,6-5,210.0,77
202710,Jimmy Butler III,GSW,13,30.9,19.5,5.8,5.5,6.2,11.5,0.6,1.8,6.6,7.9,november,2025-26,21.8,28.0,65.4,17.0,68.5,4.2,3.67,43.9,2.3,2.2,7.5,17.7,17.2,13.1,2.7,6.1,14.0,1.7,12.1,2.4,7.9,62.3,51.3,48.8,51.3,15.65217391304348,30.9,6-6,230.0,78
1630567,Scottie Barnes,TOR,15,33.5,19.5,8.5,5.1,7.5,14.8,1.1,3.1,3.3,3.6,november,2025-26,22.9,22.2,59.6,15.1,66.9,2.7,2.44,37.1,2.7,2.1,6.1,7.9,21.7,13.1,5.7,10.7,19.7,2.2,9.3,1.5,5.0,59.8,38.9,61.1,38.9,20.945945945945947,33.5,6-8,237.0,80
1642259,Alex Sarr,WAS,11,30.8,19.4,8.5,2.9,7.9,15.6,1.1,3.5,2.5,4.3,november,2025-26,26.3,15.6,55.3,13.0,63.8,2.1,1.97,38.6,5.2,0.4,6.0,5.3,10.0,,22.6,8.3,21.6,,15.0,,10.5,50.0,28.7,71.3,28.7,22.435897435897438,30.8,7-0,205.0,84
1629628,RJ Barrett,TOR,11,30.3,19.4,5.2,4.2,6.7,14.2,1.8,5.5,4.1,5.8,november,2025-26,24.8,19.6,57.8,11.5,55.6,2.2,2.38,28.5,1.2,0.4,2.5,2.7,28.5,18.0,,2.4,23.8,6.6,7.3,3.4,3.4,59.6,29.7,70.3,29.7,38.732394366197184,30.3,6-6,214.0,78
1630217,Desmond Bane,ORL,14,33.1,19.2,4.4,4.9,6.6,14.9,1.7,5.0,4.2,4.6,november,2025-26,23.0,21.8,57.0,11.3,60.5,3.3,3.31,32.6,0.6,0.0,1.3,7.0,19.3,25.5,,,17.4,7.4,4.1,9.1,3.8,56.5,38.7,61.3,38.7,33.557046979865774,33.1,6-6,215.0,78
1630174,Aaron Nesmith,IND,6,29.9,19.2,4.7,2.0,6.0,14.2,3.0,7.5,4.2,4.5,november,2025-26,22.4,10.3,59.4,12.0,58.2,2.0,2.04,35.5,0.3,0.0,1.3,,19.9,10.4,6.6,,30.9,5.5,,13.7,4.1,59.1,11.1,88.9,11.1,52.81690140845071,29.9,6-5,215.0,77
203468,CJ McCollum,ATL,13,29.0,19.2,3.2,2.9,6.9,15.2,3.1,7.0,2.2,2.8,november,2025-26,25.1,15.9,58.4,10.2,54.1,4.2,4.7,21.8,0.8,0.0,0.3,8.8,18.2,31.4,,,17.8,9.7,,6.3,,63.8,52.2,47.8,52.2,46.05263157894737,29.0,6-3,190.0,75
1628960,Grayson Allen,PHX,8,29.4,19.0,2.4,3.4,6.6,13.0,4.3,8.4,1.5,2.0,november,2025-26,21.4,17.6,68.4,12.9,51.3,2.8,3.28,27.3,0.4,0.0,0.1,2.8,17.5,24.2,4.0,,33.8,5.4,,7.0,,55.2,28.3,71.7,28.3,64.61538461538461,29.4,6-3,198.0,75
1628991,Jaren Jackson Jr.,MEM,13,30.7,18.8,5.2,2.2,6.8,15.2,2.0,5.5,3.2,3.9,november,2025-26,24.6,12.4,55.8,9.3,46.5,1.8,2.37,30.5,0.2,3.2,1.7,11.1,15.3,2.1,9.7,19.8,26.4,1.5,3.4,,3.9,63.3,38.2,61.8,38.2,36.18421052631579,30.7,6-10,242.0,82
1630596,Evan Mobley,CLE,14,34.5,18.7,9.3,3.9,7.0,13.5,1.6,3.7,3.1,5.6,november,2025-26,21.7,16.4,58.7,12.2,68.7,2.8,2.42,36.9,4.3,1.1,8.1,4.7,16.0,9.5,14.3,8.0,17.9,1.6,13.8,2.7,6.5,59.8,28.6,71.4,28.6,27.40740740740741,34.5,6-11,215.0,83
1630202,Payton Pritchard,BOS,14,31.7,18.7,4.1,4.4,6.6,13.7,3.4,8.1,2.1,2.3,november,2025-26,21.0,19.7,63.6,12.5,66.8,4.6,4.15,30.7,0.4,0.0,0.8,12.8,16.2,25.6,1.9,,26.2,6.4,,5.1,1.8,56.4,47.3,52.7,47.3,59.12408759124088,31.7,6-1,195.0,73
204001,Kristaps Porziņģis,ATL,8,27.1,18.5,6.0,3.4,5.8,12.4,1.3,4.5,5.8,6.6,november,2025-26,24.1,18.1,60.5,14.0,40.6,1.3,1.86,28.9,3.6,4.5,5.5,,14.6,,11.3,24.3,17.4,,7.7,10.5,6.1,45.8,32.6,67.4,32.6,36.29032258064516,27.1,7-2,240.0,86
203924,Jerami Grant,POR,13,29.4,18.4,3.7,3.0,5.5,12.9,2.1,5.5,5.4,6.5,november,2025-26,23.6,15.4,58.3,8.6,50.5,2.7,3.26,27.7,0.9,0.5,1.2,10.7,16.2,13.9,2.2,2.0,35.4,4.8,4.6,4.2,2.4,64.4,42.3,57.7,42.3,42.63565891472868,29.4,6-7,213.0,79
1629614,Andrew Nembhard,IND,11,32.1,18.4,1.8,6.4,5.9,14.3,2.0,5.9,4.5,5.3,november,2025-26,24.4,32.4,55.3,9.8,86.3,6.3,4.37,34.7,0.3,0.3,0.5,8.9,14.8,38.5,,,21.4,7.1,,,,64.3,60.0,40.0,60.0,41.25874125874126,32.1,6-4,191.0,76
1631099,Keegan Murray,SAC,6,38.8,18.3,7.0,1.8,7.2,15.3,1.7,6.3,2.3,2.8,november,2025-26,18.4,6.9,55.3,11.2,51.7,2.0,2.29,29.8,1.0,0.5,2.3,4.2,18.5,10.8,5.4,,30.8,,4.2,14.2,4.2,70.5,37.2,62.8,37.2,41.17647058823529,38.8,6-8,225.0,80
201942,DeMar DeRozan,SAC,16,32.1,18.2,2.5,3.1,6.3,12.8,0.9,2.1,4.7,4.9,november,2025-26,20.4,14.3,61.1,10.0,39.1,2.2,3.44,27.4,1.7,2.2,0.8,19.9,10.0,17.6,1.7,12.0,19.1,6.1,3.9,4.6,1.7,76.7,41.6,58.4,41.6,16.40625,32.1,6-6,220.0,78
203932,Aaron Gordon,DEN,8,27.2,18.1,6.3,0.9,6.3,12.0,2.0,4.8,3.6,4.6,november,2025-26,22.7,4.0,64.6,11.4,42.5,2.7,3.87,21.6,1.0,1.9,4.9,16.0,13.0,10.4,5.9,11.2,15.4,,13.0,,5.3,56.7,38.0,62.0,38.0,40.0,27.2,6-8,235.0,80
1642843,Cooper Flagg,DAL,15,34.5,17.8,6.7,3.7,6.9,14.5,1.0,4.0,2.9,3.9,november,2025-26,22.2,17.6,54.8,11.5,64.8,3.6,3.32,29.5,1.5,0.5,2.0,13.3,20.8,26.1,1.6,3.3,16.2,3.7,3.8,3.9,3.5,67.0,63.5,36.5,63.5,27.586206896551722,34.5,6-9,205.0,81
203897,Zach LaVine,SAC,14,32.8,17.7,3.2,2.7,6.4,13.6,2.5,6.6,2.5,3.1,november,2025-26,21.9,12.1,58.9,7.7,54.4,2.7,2.97,30.3,0.4,0.2,1.1,9.3,23.5,19.5,4.0,,22.7,6.3,3.4,8.5,,79.6,33.7,66.3,33.7,48.529411764705884,32.8,6-5,200.0,77
1631157,Ryan Rollins,MIL,16,32.9,17.7,4.3,6.1,7.0,14.8,2.4,6.1,1.3,1.8,november,2025-26,24.7,28.2,56.7,10.8,71.0,5.7,4.82,26.5,0.1,0.0,0.6,7.3,19.3,39.6,,,18.2,5.3,,,1.8,63.6,62.5,37.5,62.5,41.21621621621621,32.9,6-3,180.0,75
203952,Andrew Wiggins,MIA,12,34.3,17.6,4.8,3.3,6.8,14.3,1.9,5.3,2.2,2.8,november,2025-26,20.2,13.2,56.6,8.5,47.1,2.1,2.64,31.4,0.6,1.5,2.4,10.9,22.1,7.6,,6.8,32.5,2.0,3.8,2.5,7.8,69.4,32.1,67.9,32.1,37.06293706293706,34.3,6-6,197.0,78
1641708,Amen Thompson,HOU,13,37.1,17.4,7.5,5.3,6.9,14.6,0.6,2.0,2.9,3.6,november,2025-26,20.1,19.8,53.6,11.7,79.1,5.9,4.46,30.2,1.6,0.0,7.4,9.4,21.4,23.0,,,13.2,2.9,17.8,,5.9,54.8,40.0,60.0,40.0,13.698630136986301,37.1,6-7,200.0,79
1629631,De'Andre Hunter,CLE,13,29.0,17.1,4.5,2.5,6.0,12.5,2.2,6.2,2.9,3.3,november,2025-26,21.7,12.3,61.0,9.9,48.2,1.9,2.42,25.8,1.2,0.1,1.8,7.5,18.2,13.3,2.6,,29.0,9.5,6.2,6.0,2.6,62.3,33.3,66.7,33.3,49.6,29.0,6-7,221.0,79
1630193,Immanuel Quickley,TOR,15,32.7,17.0,4.9,6.1,6.3,13.4,2.9,7.3,1.4,1.9,november,2025-26,20.2,26.5,59.6,12.6,75.1,5.7,4.56,28.3,0.5,0.0,0.7,6.1,28.1,20.9,,,25.4,6.4,1.9,4.1,1.4,58.2,36.8,63.2,36.8,54.47761194029851,32.7,6-2,190.0,74
1629656,Quentin Grimes,PHI,14,33.5,16.9,3.6,4.6,5.5,12.1,2.1,6.3,3.7,4.2,november,2025-26,20.4,20.1,60.2,10.1,60.6,2.9,2.9,38.4,0.4,0.1,0.8,10.4,22.2,10.8,,,37.6,2.4,2.8,6.8,2.0,64.4,35.1,64.9,35.1,52.066115702479344,33.5,6-4,210.0,76
1631096,Chet Holmgren,OKC,13,28.1,16.8,7.3,1.7,6.7,12.2,1.1,3.4,2.3,3.0,november,2025-26,23.0,8.6,62.2,13.0,41.9,1.6,2.24,23.4,2.3,1.1,5.9,7.8,16.0,2.8,14.1,6.5,19.7,,13.4,4.3,9.6,48.5,28.7,71.3,28.7,27.868852459016395,28.1,7-1,208.0,85
1627826,Ivica Zubac,LAC,15,33.7,16.7,12.5,2.7,7.5,12.7,0.0,0.0,1.8,2.5,november,2025-26,20.0,13.4,60.7,14.3,55.5,1.7,1.82,35.3,4.6,6.2,12.2,,5.5,,18.4,28.3,,,20.1,,20.3,52.2,34.8,65.2,34.8,0.0,33.7,7-0,240.0,84
1630168,Onyeka Okongwu,ATL,14,30.3,16.7,6.6,3.0,6.1,12.3,2.1,5.6,2.3,2.7,november,2025-26,21.1,14.7,62.0,10.8,51.4,1.3,1.53,35.6,1.5,1.4,5.3,1.6,15.5,2.1,11.6,6.9,28.0,3.2,11.2,3.4,7.5,70.0,14.0,86.0,14.0,45.52845528455284,30.3,6-10,240.0,82
1629028,Deandre Ayton,LAL,11,28.5,16.6,9.0,0.8,7.5,9.9,0.0,0.0,1.5,2.0,november,2025-26,19.3,4.4,77.1,14.6,39.9,1.0,1.54,20.4,3.7,0.7,10.5,,9.8,,28.6,9.5,2.9,,26.3,,13.6,55.0,21.7,78.3,21.7,0.0,28.5,7-0,252.0,84
1628389,Bam Adebayo,MIA,9,28.5,16.6,8.1,2.4,5.8,12.2,1.2,3.8,3.8,5.0,november,2025-26,23.0,12.9,57.4,13.7,47.0,1.8,2.32,26.9,2.9,1.4,4.9,8.0,20.2,,9.1,11.3,30.1,,7.1,2.4,6.5,50.0,21.2,78.8,21.2,31.147540983606557,28.5,6-9,255.0,81
1630163,LaMelo Ball,CHA,8,27.3,16.4,5.1,7.4,5.8,17.1,1.8,7.8,3.1,3.4,november,2025-26,31.9,41.8,44.0,8.8,73.9,5.7,4.63,33.1,0.1,0.1,1.4,12.2,12.8,39.4,1.6,,19.4,6.5,,1.7,2.0,70.4,65.2,34.8,65.2,45.614035087719294,27.3,6-7,180.0,79
1642264,Stephon Castle,SAS,8,32.2,16.4,5.8,8.9,5.8,12.1,0.6,3.6,4.3,5.4,november,2025-26,22.2,38.8,56.5,12.6,80.0,5.7,4.3,29.8,1.5,0.5,3.5,8.4,22.1,28.3,,,20.5,3.7,3.2,2.3,4.0,70.0,58.7,41.3,58.7,29.75206611570248,32.2,6-6,215.0,78
1629023,P.J. Washington,DAL,14,31.1,16.3,7.7,2.2,5.9,14.0,1.6,5.1,2.8,3.9,november,2025-26,23.4,11.5,51.9,10.9,56.4,2.0,2.17,25.9,2.5,0.9,3.6,4.1,20.9,6.3,5.4,6.1,29.9,4.1,8.2,,6.8,58.0,32.5,67.5,32.5,36.42857142857142,31.1,6-7,230.0,79
202699,Tobias Harris,DET,6,28.6,16.2,4.2,2.2,6.0,10.7,1.8,4.5,2.3,3.2,november,2025-26,17.5,10.5,67.0,11.2,40.8,1.6,2.38,24.0,1.2,3.8,1.6,4.2,17.9,6.8,,14.6,31.8,,6.3,3.0,6.3,62.5,27.8,72.2,27.8,42.056074766355145,28.6,6-8,226.0,80
1631170,Jaime Jaquez Jr.,MIA,14,30.0,16.1,6.2,5.6,6.4,12.8,0.4,1.7,2.9,3.9,november,2025-26,21.5,26.9,55.6,12.5,79.3,3.9,2.95,35.2,0.8,0.3,2.4,14.8,29.4,5.3,,5.7,26.6,,5.8,,4.0,62.0,52.2,47.8,52.2,13.28125,30.0,6-6,225.0,78
1626162,Kelly Oubre Jr.,PHI,7,31.8,16.1,3.7,1.3,6.4,13.1,1.6,5.7,1.7,2.1,november,2025-26,20.5,6.4,57.3,7.4,51.4,2.2,2.57,30.9,0.4,0.1,2.0,12.1,22.1,7.6,,,29.8,,5.9,,6.6,55.9,35.6,64.4,35.6,43.51145038167939,31.8,6-8,203.0,80
1642847,Jeremiah Fears,NOP,16,27.4,16.1,3.6,2.4,5.9,13.5,1.5,3.8,2.8,3.5,november,2025-26,25.7,14.2,53.6,9.0,62.9,4.8,4.61,21.1,0.4,0.1,0.9,7.2,28.2,29.2,,,18.8,5.3,2.0,1.8,2.6,71.4,57.9,42.1,57.9,28.148148148148145,27.4,6-3,190.0,75
1628401,Derrick White,BOS,13,32.8,15.7,4.1,5.5,5.3,13.7,2.7,7.5,2.4,2.9,november,2025-26,21.0,22.4,52.4,11.0,76.8,5.2,4.08,32.2,0.2,0.0,0.8,4.7,10.8,35.1,1.6,,25.9,9.5,1.3,5.1,1.7,48.3,34.8,65.2,34.8,54.74452554744526,32.8,6-4,190.0,76
1630170,Devin Vassell,SAS,14,32.6,15.6,3.2,2.4,5.6,12.7,2.4,6.5,1.9,2.0,november,2025-26,18.5,10.5,57.3,8.3,47.6,2.0,2.57,29.1,0.4,0.0,0.4,2.7,22.2,11.5,,,35.3,10.7,,11.8,,59.3,29.1,70.9,29.1,51.181102362204726,32.6,6-5,200.0,77
1630245,Ayo Dosunmu,CHI,12,27.1,15.4,2.5,2.8,5.6,10.5,1.8,3.8,2.4,2.9,november,2025-26,19.4,15.5,65.4,9.6,50.5,2.7,3.26,26.0,0.5,0.0,0.8,2.2,33.6,20.8,,,31.6,,3.1,,,64.3,35.8,64.2,35.8,36.19047619047619,27.1,6-4,201.0,76
1629012,Collin Sexton,CHA,14,26.4,15.3,2.0,4.4,5.2,11.5,1.1,3.9,3.7,4.1,november,2025-26,24.8,27.9,57.5,10.8,59.6,5.1,5.17,24.7,0.4,0.0,0.7,5.2,21.4,36.3,2.5,,20.6,4.3,2.5,,,63.2,57.5,42.5,57.5,33.91304347826087,26.4,6-3,190.0,75
1628384,OG Anunoby,NYK,7,28.6,15.3,5.0,2.0,5.9,11.9,2.1,5.4,1.4,1.7,november,2025-26,19.6,8.9,60.6,10.4,41.7,1.4,2.07,26.3,1.3,0.9,2.9,5.9,22.4,5.9,3.0,2.8,38.2,4.8,5.3,3.4,4.4,81.5,22.0,78.0,22.0,45.378151260504204,28.6,6-7,240.0,79
201950,Jrue Holiday,POR,6,34.5,15.2,5.5,7.8,5.5,13.5,2.7,7.3,1.5,1.7,november,2025-26,20.0,30.9,53.3,10.8,79.2,4.8,3.67,29.0,1.7,0.5,3.3,10.1,20.5,26.3,,3.6,20.5,,4.3,,,78.3,63.6,36.4,63.6,54.074074074074076,34.5,6-4,220.0,76
202696,Nikola Vučević,CHI,13,30.0,15.2,8.9,3.2,6.1,13.4,1.9,5.3,1.1,1.3,november,2025-26,21.4,15.9,54.3,10.8,70.0,1.6,1.37,51.8,4.5,3.7,7.6,,12.5,,28.8,16.1,15.2,,10.0,3.6,7.6,67.5,16.5,83.5,16.5,39.55223880597015,30.0,6-9,265.0,81
1642263,Reed Sheppard,HOU,13,26.1,15.2,2.8,3.3,5.7,10.8,2.9,6.2,0.8,1.2,november,2025-26,18.9,17.4,67.0,13.7,51.2,3.2,3.77,20.9,0.6,0.0,0.2,4.6,17.2,31.7,2.7,,27.8,6.6,,4.6,,68.4,43.2,56.8,43.2,57.407407407407405,26.1,6-2,185.0,74
1628969,Mikal Bridges,NYK,14,34.5,15.1,3.9,4.2,6.0,11.7,2.1,5.3,1.0,1.4,november,2025-26,16.2,15.6,61.2,10.7,59.2,2.7,2.69,31.5,0.9,0.1,2.2,2.3,25.3,9.1,3.4,2.3,36.2,6.3,5.0,4.8,2.7,59.1,31.0,69.0,31.0,45.2991452991453,34.5,6-6,209.0,78
1629630,Ja Morant,MEM,6,29.0,15.0,3.7,8.5,4.5,14.8,0.8,4.7,5.2,5.7,november,2025-26,31.1,44.7,43.3,7.0,68.2,5.9,5.17,23.0,0.2,0.5,0.7,14.1,19.6,40.4,,,11.0,5.0,2.4,,,59.3,70.4,29.6,70.4,31.756756756756754,29.0,6-2,174.0,74
1631095,Jabari Smith Jr.,HOU,12,31.9,14.8,6.9,1.9,5.3,11.6,2.2,5.4,2.0,2.8,november,2025-26,17.7,7.7,58.0,9.4,45.9,1.7,2.17,21.8,0.8,0.9,2.6,5.6,19.2,4.7,5.3,5.8,36.8,3.9,7.5,2.5,5.4,65.5,25.0,75.0,25.0,46.55172413793104,31.9,6-11,220.0,83
1629636,Darius Garland,CLE,7,27.7,14.7,2.9,6.9,4.7,12.6,2.1,5.6,3.1,3.4,november,2025-26,24.9,32.7,52.3,8.7,58.6,5.0,5.08,22.4,0.4,0.0,0.9,6.7,16.2,41.8,,,17.1,5.4,3.1,2.9,,76.2,48.5,51.5,48.5,44.44444444444444,27.7,6-1,192.0,73
1628398,Kyle Kuzma,MIL,16,26.7,14.7,4.4,2.1,5.5,10.8,1.2,3.1,2.5,3.3,november,2025-26,21.5,11.8,60.2,10.3,40.9,1.6,2.37,23.7,1.3,0.3,2.5,5.1,27.3,5.3,8.7,2.8,27.5,4.1,8.5,,4.9,62.5,30.7,69.3,30.7,28.703703703703702,26.7,6-8,221.0,80
1630583,Santi Aldama,MEM,15,26.9,14.7,6.1,3.1,5.5,11.3,1.6,4.6,2.1,2.9,november,2025-26,20.0,18.1,58.5,12.6,51.5,1.5,1.76,31.0,1.7,0.9,3.0,,22.8,2.3,8.8,4.1,40.1,,6.8,,7.0,64.4,13.4,86.6,13.4,40.70796460176991,26.9,7-0,215.0,84
1641730,Noah Clowney,BKN,14,29.5,14.6,3.6,1.6,4.3,10.1,2.6,7.2,3.4,4.4,november,2025-26,20.8,8.7,60.4,7.1,41.3,1.4,2.1,23.1,0.3,0.1,1.0,4.6,18.6,4.4,3.9,,41.8,10.3,2.6,4.6,2.4,72.9,15.0,85.0,15.0,71.2871287128713,29.5,6-10,210.0,82
1630591,Jalen Suggs,ORL,11,25.8,14.5,4.0,5.0,4.8,10.9,1.8,6.2,3.1,3.4,november,2025-26,23.7,27.9,58.7,12.9,60.4,3.8,3.75,24.4,0.5,0.2,0.8,6.6,24.5,25.2,,,20.4,7.3,,,4.0,56.0,49.1,50.9,49.1,56.88073394495413,25.8,6-5,205.0,77
1642273,Kyshawn George,WAS,11,30.7,14.5,4.9,4.6,5.3,11.6,1.9,5.1,2.1,2.6,november,2025-26,22.1,23.5,56.8,7.9,65.3,3.7,3.43,31.4,0.4,0.4,0.9,6.1,21.1,29.6,,3.4,17.9,7.5,,3.2,2.7,60.3,48.3,51.7,48.3,43.96551724137931,30.7,6-8,200.0,80
1630180,Saddiq Bey,NOP,15,29.6,14.5,6.7,2.5,5.3,11.6,2.1,5.7,1.9,2.9,november,2025-26,18.7,12.3,56.5,11.2,45.3,1.7,2.29,28.8,0.7,1.9,2.5,6.5,19.0,7.8,2.2,13.8,28.5,6.0,4.9,1.9,6.7,64.3,39.2,60.8,39.2,49.13793103448276,29.6,6-8,215.0,80
1628386,Jarrett Allen,CLE,10,25.7,14.5,7.9,1.8,5.9,10.3,0.0,0.3,2.7,3.6,november,2025-26,20.8,9.5,61.0,12.9,38.9,1.0,1.62,25.9,4.6,1.4,9.2,,13.6,,20.9,7.8,4.1,,33.1,,9.2,59.6,23.7,76.3,23.7,2.9126213592233006,25.7,6-9,243.0,81
1629060,Rui Hachimura,LAL,12,32.2,14.5,3.8,0.6,5.7,10.8,2.1,4.3,1.1,1.5,november,2025-26,16.0,2.4,63.1,7.8,32.2,1.0,1.8,18.5,1.2,0.8,3.1,3.7,19.3,,3.1,9.5,40.5,,7.1,4.9,,72.3,11.8,88.2,11.8,39.81481481481481,32.2,6-8,230.0,80
1628978,Donte DiVincenzo,MIN,15,31.6,14.4,4.4,3.5,4.6,10.7,3.3,8.3,1.9,2.3,november,2025-26,17.1,14.4,61.2,10.0,57.0,1.8,1.88,34.5,0.3,0.0,0.8,1.9,18.5,11.6,,,33.0,10.8,,14.6,3.0,59.7,8.7,91.3,8.7,77.57009345794394,31.6,6-4,203.0,76
1630183,Jaden McDaniels,MIN,14,31.1,14.4,4.9,2.9,5.6,10.5,1.6,3.2,1.5,1.7,november,2025-26,18.2,13.1,63.8,9.4,47.9,1.8,2.21,26.0,0.4,0.1,1.7,2.3,27.6,10.3,,,36.8,5.2,5.0,3.2,3.9,57.4,30.4,69.6,30.4,30.476190476190478,31.1,6-9,185.0,81
1629651,Nic Claxton,BKN,14,31.0,14.1,7.6,4.4,4.9,8.6,0.0,0.4,4.4,6.4,november,2025-26,18.5,23.8,61.8,12.7,53.9,2.3,2.5,38.3,5.3,0.4,7.4,14.1,15.5,3.9,11.1,4.5,10.9,,15.5,,13.4,53.9,41.2,58.8,41.2,4.651162790697675,31.0,6-11,215.0,83
201566,Russell Westbrook,SAC,16,29.3,14.1,7.9,7.7,5.3,12.3,1.9,5.4,1.7,2.5,november,2025-26,23.7,36.5,52.9,11.7,69.1,5.0,4.36,26.6,0.5,0.6,2.2,13.4,18.3,25.8,,5.1,26.7,,2.2,,2.8,74.6,50.0,50.0,50.0,43.90243902439025,29.3,6-4,200.0,76
1629675,Naz Reid,MIN,15,25.5,14.1,5.6,2.1,5.5,11.6,2.4,6.1,0.7,0.9,november,2025-26,21.6,13.0,58.7,11.9,49.7,1.4,1.66,25.9,0.6,0.9,1.8,3.8,17.2,4.8,9.1,8.1,30.7,4.7,3.6,8.4,4.3,56.1,29.3,70.7,29.3,52.58620689655172,25.5,6-9,264.0,81
202331,Paul George,PHI,5,23.1,14.0,4.8,3.4,4.8,11.6,1.8,5.8,2.6,3.6,november,2025-26,25.4,23.0,53.1,14.0,52.2,2.4,2.75,27.4,1.0,1.0,0.4,18.4,12.4,14.2,,5.5,22.9,3.2,,12.4,,41.2,33.3,66.7,33.3,50.0,23.1,6-8,220.0,80
1642349,Ajay Mitchell,OKC,15,26.2,13.9,3.5,4.1,4.9,10.7,0.9,2.7,3.2,3.9,november,2025-26,22.5,21.3,56.3,12.5,48.9,4.1,4.98,20.7,0.5,0.0,0.8,8.9,14.8,36.7,,,22.1,4.8,4.1,,,48.6,58.1,41.9,58.1,25.233644859813086,26.2,6-4,190.0,76
1628404,Josh Hart,NYK,14,30.1,13.9,8.3,5.6,5.2,9.7,1.7,4.0,1.8,2.1,november,2025-26,17.4,24.5,65.3,13.9,63.2,2.9,2.74,28.0,0.6,0.1,1.9,,21.0,10.3,,,45.6,4.0,4.6,,,66.7,30.1,69.9,30.1,41.23711340206186,30.1,6-5,215.0,77
1630230,Naji Marshall,DAL,16,27.8,13.8,5.6,2.4,4.5,9.1,1.3,3.8,3.5,4.4,november,2025-26,17.9,14.3,62.1,12.9,41.8,2.2,3.22,19.8,0.9,0.1,1.2,5.6,31.6,10.9,3.9,,29.1,,6.0,2.4,2.4,47.9,36.1,63.9,36.1,41.75824175824176,27.8,6-6,220.0,78
1641744,Zach Edey,MEM,8,25.4,13.6,11.1,0.9,5.6,8.4,0.1,0.4,2.3,2.8,november,2025-26,18.4,4.8,71.1,16.8,33.0,0.7,1.24,19.6,1.8,3.4,12.5,,,,14.7,32.8,,,16.4,,15.5,37.0,20.0,80.0,20.0,4.761904761904762,25.4,7-3,305.0,87
1626167,Myles Turner,MIL,16,29.8,13.6,6.2,1.4,4.6,9.9,2.5,5.9,1.9,2.7,november,2025-26,17.8,6.5,61.3,9.6,33.5,0.8,1.51,23.4,0.9,0.7,2.9,,7.7,,17.7,7.3,42.3,,7.1,,6.0,64.0,13.7,86.3,13.7,59.5959595959596,29.8,6-11,250.0,83
203084,Harrison Barnes,SAS,14,30.7,13.5,3.9,1.9,4.7,9.2,2.4,5.5,1.6,1.9,november,2025-26,15.6,8.4,67.1,8.9,39.2,1.5,2.25,22.9,0.7,0.3,0.9,8.0,18.8,3.3,5.0,2.5,43.8,4.8,,4.8,,65.1,30.3,69.7,30.3,59.782608695652186,30.7,6-7,225.0,79
1629640,Keldon Johnson,SAS,14,24.3,13.5,6.9,2.1,5.3,9.4,0.8,2.9,2.1,2.6,november,2025-26,19.8,12.7,64.2,14.7,42.1,1.6,2.23,19.9,0.4,0.1,2.6,3.9,20.0,2.8,,4.4,32.0,7.4,9.2,,10.9,68.4,40.5,59.5,40.5,30.851063829787233,24.3,6-6,220.0,78
1629130,Duncan Robinson,DET,15,32.3,13.5,3.0,2.5,4.6,10.3,3.3,8.1,1.0,1.3,november,2025-26,14.5,9.3,62.0,7.9,39.4,1.1,1.68,28.6,0.2,0.0,0.4,,18.5,7.9,4.3,,31.2,11.7,,18.8,,55.1,10.1,89.9,10.1,78.64077669902912,32.3,6-7,215.0,79
1642276,Kel'el Ware,MIA,15,26.1,13.5,11.8,0.4,5.3,9.5,1.0,2.1,1.8,2.2,november,2025-26,17.2,2.0,64.1,15.3,37.3,0.8,1.24,17.6,0.7,0.2,8.4,,16.8,,5.0,4.5,25.3,,18.5,,22.6,61.8,22.5,77.5,22.5,22.10526315789474,26.1,7-0,230.0,84
1630200,Tre Jones,CHI,11,28.3,13.4,3.3,4.3,4.5,8.6,0.1,1.3,4.4,5.1,november,2025-26,17.7,22.0,61.4,11.2,61.6,3.6,3.54,27.9,0.4,0.0,1.3,4.8,22.7,32.0,,,22.7,4.5,3.0,,,64.8,51.0,49.0,51.0,15.116279069767444,28.3,6-1,190.0,73
1631221,Collin Gillespie,PHX,15,26.7,13.3,3.9,4.7,4.6,10.4,2.9,6.5,1.2,1.4,november,2025-26,19.6,24.7,60.2,12.0,56.6,3.7,3.89,25.7,0.6,0.0,0.9,3.3,16.4,33.5,,,22.7,7.6,2.2,7.0,2.0,67.9,43.5,56.5,43.5,62.5,26.7,6-1,195.0,73
1642852,Derik Queen,NOP,16,24.8,13.1,6.4,4.4,5.0,10.3,0.1,0.9,3.0,3.8,november,2025-26,24.1,25.9,55.1,11.4,53.4,2.6,2.98,29.3,1.3,1.7,2.8,18.6,19.6,7.2,8.9,6.3,11.2,,8.5,,9.7,61.6,62.5,37.5,62.5,8.737864077669903,24.8,6-9,250.0,81
1631109,Mark Williams,PHX,12,25.9,13.1,9.1,1.4,5.2,7.8,0.0,0.0,2.8,3.6,november,2025-26,16.8,8.1,70.1,15.0,38.0,0.9,1.47,22.3,2.8,0.3,8.8,,15.1,,19.3,5.0,,,27.6,,23.1,63.2,32.3,67.7,32.3,0.0,25.9,7-1,240.0,85
1628392,Isaiah Hartenstein,OKC,13,26.1,13.1,10.5,3.6,5.5,7.8,0.0,0.2,2.0,3.0,november,2025-26,17.9,18.7,71.3,17.5,50.3,1.4,1.68,29.5,4.2,0.2,10.1,,7.4,,19.9,5.6,,,40.3,,10.2,41.5,19.4,80.6,19.4,2.5641025641025643,26.1,7-0,250.0,84
1641710,Anthony Black,ORL,14,27.8,13.0,2.9,3.2,4.8,10.3,1.2,3.6,2.2,3.2,november,2025-26,19.9,16.5,55.6,8.1,51.1,2.9,3.4,24.5,0.3,0.0,1.1,4.4,27.4,21.8,,,25.5,4.7,3.6,1.9,2.7,75.8,37.3,62.7,37.3,34.95145631067961,27.8,6-7,200.0,79
1630541,Moses Moody,GSW,15,28.0,13.0,3.6,1.6,4.2,10.2,2.7,7.0,1.9,2.2,november,2025-26,17.8,8.4,58.2,8.0,35.9,1.4,2.34,26.3,0.5,0.0,1.6,4.9,19.0,5.4,,,40.4,5.2,3.7,13.1,3.2,56.1,14.3,85.7,14.3,68.62745098039215,28.0,6-5,211.0,77
1629014,Anfernee Simons,BOS,14,22.2,12.9,2.0,2.9,4.6,10.0,2.3,5.6,1.4,1.6,november,2025-26,22.9,20.7,60.0,9.6,42.1,3.2,4.55,20.8,0.2,0.0,0.3,18.2,14.5,28.8,,,19.8,7.2,,4.9,,54.4,53.1,46.9,53.1,55.99999999999999,22.2,6-3,200.0,75
1628976,Wendell Carter Jr.,ORL,13,30.3,12.8,7.4,2.2,4.5,8.1,1.3,3.1,2.5,2.8,november,2025-26,15.4,10.1,68.7,10.2,42.8,1.1,1.59,30.7,3.2,0.4,5.7,,10.9,,19.2,3.2,26.2,,17.1,,12.7,43.9,20.7,79.3,20.7,38.27160493827161,30.3,6-10,270.0,82
1630198,Isaiah Joe,OKC,15,23.6,12.7,2.6,1.5,3.8,8.7,2.7,6.9,2.3,2.5,november,2025-26,19.0,8.8,64.5,9.9,30.1,1.1,2.22,19.7,0.6,0.0,0.9,,21.2,,9.4,,39.9,9.4,4.3,6.8,,66.7,5.3,94.7,5.3,79.31034482758622,23.6,6-4,165.0,76
1641739,Toumani Camara,POR,14,34.8,12.6,5.7,2.4,4.6,11.4,2.5,7.8,0.9,1.1,november,2025-26,16.3,9.5,53.0,5.4,60.7,2.0,2.01,31.9,0.8,0.1,3.2,6.3,20.3,4.4,5.4,,40.5,2.6,9.1,,4.7,70.8,23.1,76.9,23.1,68.42105263157895,34.8,6-7,230.0,79
1641764,Brandin Podziemski,GSW,15,28.1,12.6,4.5,3.1,4.3,9.9,1.8,4.8,2.3,2.9,november,2025-26,18.3,18.2,56.3,10.2,60.9,3.4,3.35,28.7,0.8,0.3,1.3,6.1,17.2,25.1,2.4,,30.7,4.2,3.4,3.6,,63.2,28.1,71.9,28.1,48.48484848484848,28.1,6-4,205.0,76
1642281,Jaylon Tyson,CLE,10,27.7,12.6,5.6,1.8,4.6,9.8,2.5,5.3,0.9,1.2,november,2025-26,15.4,8.6,61.0,9.6,36.9,1.1,1.73,20.3,1.3,0.1,3.1,,21.6,5.4,8.2,,34.7,2.6,9.6,,7.6,61.5,19.6,80.4,19.6,54.08163265306122,27.7,6-6,215.0,78
1631108,Max Christie,DAL,16,29.3,12.5,4.0,2.2,4.4,9.5,2.5,5.9,1.3,1.7,november,2025-26,16.2,11.2,61.0,8.9,39.9,1.6,2.48,22.6,0.1,0.0,0.3,5.7,24.2,13.7,4.7,,33.9,4.0,2.6,5.7,,68.5,15.7,84.3,15.7,62.10526315789474,29.3,6-5,190.0,77
1642258,Zaccharie Risacher,ATL,14,25.5,12.4,3.1,1.9,4.9,10.4,1.6,5.1,1.0,1.6,november,2025-26,18.9,9.5,55.7,7.9,30.4,1.0,1.89,20.6,0.8,0.0,2.2,,35.0,4.0,,,29.9,6.7,8.9,5.9,5.4,60.3,14.5,85.5,14.5,49.03846153846153,25.5,6-8,200.0,80
1629661,Cameron Johnson,DEN,13,29.5,12.4,3.5,2.5,4.5,9.0,1.9,4.4,1.5,1.8,november,2025-26,15.5,9.8,63.1,7.5,37.8,1.4,2.21,24.5,0.5,0.0,1.0,,25.0,8.2,,,26.5,15.3,6.7,4.9,,55.8,19.0,81.0,19.0,48.88888888888889,29.5,6-8,210.0,80
203471,Dennis Schröder,SAC,13,28.3,12.4,3.9,5.8,4.2,10.9,1.5,4.4,2.4,3.1,november,2025-26,20.6,31.1,50.4,9.5,68.6,5.4,4.75,25.1,0.1,0.1,0.2,14.8,11.2,36.6,,,23.1,5.2,,,,65.2,63.6,36.4,63.6,40.36697247706422,28.3,6-1,175.0,73
1626156,D'Angelo Russell,DAL,12,21.8,12.3,2.9,4.6,4.5,10.8,1.4,5.2,1.9,2.8,november,2025-26,28.0,35.5,51.6,10.2,54.2,4.2,4.6,19.9,0.1,0.0,0.5,8.7,15.5,36.2,,,20.8,7.9,,,,39.6,59.3,40.7,59.3,48.148148148148145,21.8,6-3,193.0,75
1630577,Julian Champagnie,SAS,14,27.8,12.3,5.0,1.2,3.7,9.2,2.6,6.9,2.3,2.6,november,2025-26,17.1,5.8,59.2,8.5,40.8,1.0,1.52,22.6,0.2,0.0,1.2,,23.0,,5.3,,43.3,6.5,3.1,9.3,4.3,53.5,9.6,90.4,9.6,75.00000000000001,27.8,6-7,217.0,79
1642845,VJ Edgecombe,PHI,11,34.7,12.3,5.8,3.5,4.6,12.8,1.5,4.9,1.5,2.1,november,2025-26,18.4,13.9,44.7,5.7,68.7,3.6,3.18,35.1,1.0,0.1,2.5,8.3,20.3,21.9,3.4,,27.2,4.2,3.3,2.5,3.9,60.7,35.3,64.7,35.3,38.28125,34.7,6-4,180.0,76
1642907,Cedric Coward,MEM,15,28.1,12.3,6.4,2.9,4.2,10.4,1.5,5.0,2.3,2.8,november,2025-26,18.8,14.9,52.7,9.2,57.9,2.4,2.49,29.0,0.5,0.1,2.4,2.4,27.0,16.5,,,27.2,4.2,4.8,5.2,6.5,64.2,31.7,68.3,31.7,48.07692307692307,28.1,6-5,206.0,77
1630241,Sam Merrill,CLE,8,26.0,12.3,2.1,2.4,4.1,9.5,3.3,8.0,0.8,0.9,november,2025-26,15.8,12.5,62.0,7.3,42.5,1.2,1.66,26.8,0.8,0.1,0.8,,17.3,6.0,10.2,,36.8,10.5,3.8,4.5,,54.8,12.1,87.9,12.1,84.21052631578947,26.0,6-4,205.0,76
1628370,Malik Monk,SAC,13,23.9,12.2,2.2,2.1,4.5,10.9,1.5,4.4,1.6,1.8,november,2025-26,22.2,13.3,52.1,7.8,38.4,2.1,3.32,20.5,0.4,0.0,0.6,8.4,22.0,24.1,3.5,,25.5,6.7,,4.6,,65.5,40.7,59.3,40.7,40.36697247706422,23.9,6-3,200.0,75
1641824,Matas Buzelis,CHI,14,27.7,12.2,6.2,1.4,4.4,10.1,1.6,4.5,1.8,2.3,november,2025-26,18.8,7.0,55.1,8.1,45.6,1.8,2.33,22.0,0.5,0.0,2.4,4.1,27.9,19.6,1.6,,29.8,2.6,6.5,,3.6,56.0,30.6,69.4,30.6,44.554455445544555,27.7,6-8,196.0,80
1642846,Ace Bailey,UTA,14,23.5,12.1,3.3,1.6,4.8,9.3,1.7,4.4,0.9,1.1,november,2025-26,18.9,10.4,62.2,7.9,25.1,0.8,1.96,18.7,0.5,0.0,2.3,3.0,13.9,4.9,,,22.5,15.1,11.1,15.5,7.9,71.4,22.4,77.6,22.4,47.31182795698925,23.5,6-9,200.0,81
203501,Tim Hardaway Jr.,DEN,14,24.6,12.1,2.2,1.4,4.1,9.0,2.6,6.1,1.4,1.6,november,2025-26,16.7,7.5,62.6,8.6,29.6,0.9,1.79,18.8,0.5,0.0,0.6,2.2,21.3,5.7,3.2,,32.4,12.1,2.8,15.8,,60.9,10.5,89.5,10.5,67.77777777777777,24.6,6-5,205.0,77
1628381,John Collins,LAC,15,27.8,12.1,4.5,0.4,4.6,9.5,1.0,3.0,1.9,2.2,november,2025-26,17.9,2.2,57.8,6.6,36.2,1.2,1.96,17.0,1.3,1.1,2.7,,18.7,,6.3,9.1,33.6,2.3,10.3,,9.8,60.8,15.9,84.1,15.9,31.57894736842105,27.8,6-9,226.0,81
1627751,Jakob Poeltl,TOR,11,27.7,12.0,9.5,2.4,4.9,6.4,0.0,0.0,2.2,3.4,november,2025-26,13.7,11.7,76.5,14.1,41.3,1.1,1.55,25.2,3.0,0.5,8.5,,13.0,,16.7,,,,40.7,,14.8,56.2,20.4,79.6,20.4,0.0,27.7,7-0,253.0,84
1628989,Kevin Huerter,CHI,13,24.9,12.0,3.1,2.5,4.8,10.4,1.5,5.2,0.9,1.2,november,2025-26,19.6,14.3,55.1,7.4,39.5,1.4,2.15,26.2,0.3,0.0,1.8,,22.8,11.3,,,36.6,6.3,8.2,4.0,3.3,60.0,29.0,71.0,29.0,50.0,24.9,6-6,190.0,78
1630314,Brandon Williams,DAL,16,23.9,11.9,2.6,4.5,3.9,10.6,0.7,3.6,3.5,4.3,november,2025-26,25.0,28.0,47.8,9.3,54.9,4.5,4.95,21.6,0.2,0.0,0.7,10.6,20.5,35.5,,,19.9,5.0,,,,62.5,59.7,40.3,59.7,33.9622641509434,23.9,6-1,190.0,73
203903,Jordan Clarkson,NYK,14,20.8,11.9,2.0,1.9,4.6,9.4,1.4,4.6,1.3,1.5,november,2025-26,22.1,13.2,59.2,7.4,29.1,1.5,3.01,18.2,0.2,0.0,0.6,5.2,25.6,12.3,,,36.0,7.8,4.2,,3.9,57.5,29.7,70.3,29.7,48.93617021276595,20.8,6-5,194.0,77
1631106,Tari Eason,HOU,7,22.4,11.9,5.3,1.0,4.3,8.7,2.7,5.4,0.6,0.6,november,2025-26,18.0,6.0,66.1,11.7,33.1,1.3,2.29,15.6,0.3,0.0,1.6,5.0,19.9,5.4,,,43.3,,6.5,,9.2,71.4,20.0,80.0,20.0,62.068965517241395,22.4,6-8,215.0,80
202691,Klay Thompson,DAL,15,22.1,11.8,2.1,1.5,4.1,10.7,3.1,8.6,0.4,0.5,november,2025-26,20.9,11.3,53.9,8.8,26.6,1.0,2.14,19.9,0.2,0.0,0.4,,19.2,7.1,,,25.9,12.2,2.8,26.3,,43.5,9.7,90.3,9.7,80.37383177570094,22.1,6-5,220.0,77
1642377,Jaylen Wells,MEM,15,26.2,11.7,3.5,1.9,4.1,9.2,1.8,4.6,1.8,2.2,november,2025-26,17.1,9.8,57.7,7.6,30.6,1.4,2.74,21.3,0.3,0.0,1.1,3.0,21.5,12.7,,,39.8,3.8,4.8,4.2,3.2,56.4,24.6,75.4,24.6,50.0,26.2,6-7,,79
1631128,Christian Braun,DEN,6,28.5,11.7,4.8,3.5,4.3,8.7,0.7,2.8,2.3,3.2,november,2025-26,15.6,13.8,58.0,9.2,49.2,2.1,2.56,27.2,1.0,0.0,4.8,,33.3,,7.1,,20.6,7.8,11.3,,7.1,69.6,15.4,84.6,15.4,32.18390804597701,28.5,6-6,220.0,78
1626171,Bobby Portis,MIL,16,22.2,11.6,5.5,1.3,4.6,9.1,1.7,3.4,0.7,1.0,november,2025-26,20.1,8.9,61.2,10.8,41.1,1.3,1.86,22.3,0.9,1.5,2.8,3.2,11.0,,15.8,19.8,31.1,,6.6,,5.8,75.9,16.2,83.8,16.2,37.362637362637365,22.2,6-9,250.0,81
203992,Bogdan Bogdanović,LAC,7,28.2,11.6,3.6,4.1,3.9,9.4,2.3,6.0,1.6,1.9,november,2025-26,18.0,24.4,56.5,9.8,48.4,3.3,4.06,22.4,0.4,0.0,0.1,,12.2,34.4,,,24.4,,,,,57.1,59.3,40.7,59.3,63.82978723404255,28.2,6-5,225.0,77
1630540,Miles McBride,NYK,13,26.0,11.5,2.6,2.4,4.2,9.3,2.6,5.9,0.5,0.8,november,2025-26,16.2,11.9,59.4,8.5,47.9,2.5,3.12,23.2,0.4,0.1,0.7,4.7,19.5,14.5,,,38.1,11.5,,3.0,,64.7,33.3,66.7,33.3,63.44086021505376,26.0,6-2,195.0,74
1630700,Dyson Daniels,ATL,15,34.6,11.4,6.8,7.0,5.2,9.8,0.3,1.7,0.7,1.3,november,2025-26,15.3,25.6,54.9,9.9,70.7,4.2,3.59,31.9,1.9,0.1,4.9,5.6,23.3,13.2,3.2,,18.5,5.8,15.9,,7.8,63.0,41.0,59.0,41.0,17.3469387755102,34.6,6-7,199.0,79
1642450,Daniss Jenkins,DET,11,20.9,11.4,2.4,4.5,4.4,8.7,1.2,2.7,1.5,2.0,november,2025-26,21.2,29.8,59.1,13.0,46.9,3.9,4.96,19.0,0.4,0.0,0.8,9.5,19.8,30.0,,,21.9,4.6,,,,77.4,52.1,47.9,52.1,31.034482758620697,20.9,6-4,165.0,76
1642285,Cam Spencer,MEM,15,22.2,11.3,2.0,3.6,3.8,8.0,2.3,5.1,1.4,1.6,november,2025-26,18.5,26.3,65.1,11.4,51.7,3.0,3.49,28.5,0.4,0.0,0.8,3.0,15.9,36.1,,,21.9,4.0,,10.2,,76.2,33.3,66.7,33.3,63.74999999999999,22.2,6-3,205.0,75
1629111,Jock Landale,MEM,15,21.3,11.3,5.5,1.7,4.5,8.9,1.2,2.7,1.0,1.7,november,2025-26,20.7,13.7,58.5,10.3,32.1,0.7,1.36,22.1,1.9,2.0,8.3,,9.3,,22.2,14.9,14.4,,14.4,,16.9,63.0,13.2,86.8,13.2,30.337078651685395,21.3,6-11,255.0,83
1631260,AJ Green,MIL,16,29.3,11.2,3.0,2.6,3.6,7.6,3.4,7.1,0.7,0.9,november,2025-26,12.7,11.4,69.8,7.2,45.2,1.4,1.89,21.7,0.1,0.0,0.1,,13.4,9.1,4.0,,42.1,12.8,,9.1,,65.2,8.8,91.2,8.8,93.42105263157895,29.3,6-4,190.0,76
1631212,Peyton Watson,DEN,14,27.9,11.1,5.5,1.7,4.2,8.6,1.3,3.4,1.4,1.9,november,2025-26,15.9,7.9,59.3,8.0,43.1,1.9,2.64,19.6,1.8,0.1,3.9,6.7,19.0,13.2,3.1,,24.9,5.2,16.2,2.3,3.2,64.8,10.2,89.8,10.2,39.53488372093023,27.9,6-8,200.0,80
1641796,Pelle Larsson,MIA,15,26.1,11.1,3.1,4.2,3.8,8.4,1.2,3.6,2.3,3.0,november,2025-26,17.3,19.7,57.3,8.2,41.2,1.5,2.13,25.4,0.3,0.0,1.6,5.6,30.7,,,,41.4,,8.8,,4.7,63.4,26.3,73.7,26.3,42.857142857142854,26.1,6-5,215.0,77
1641709,Ausar Thompson,DET,11,28.6,11.0,5.4,2.4,4.7,9.0,0.3,0.5,1.3,2.7,november,2025-26,17.2,10.8,53.9,8.3,46.2,2.8,3.66,21.4,1.5,0.3,4.6,7.7,23.0,10.0,5.6,,16.0,,15.3,2.3,10.0,57.5,48.1,51.9,48.1,5.555555555555555,28.6,6-7,205.0,79
1626220,Royce O'Neale,PHX,15,28.8,10.9,5.2,2.3,3.8,8.7,3.0,7.0,0.3,0.4,november,2025-26,14.5,10.9,61.8,8.7,53.9,2.0,2.28,24.9,0.4,0.0,0.8,,26.0,8.3,2.7,,43.8,3.9,,3.6,,50.0,14.0,86.0,14.0,80.45977011494253,28.8,6-6,226.0,78
203497,Rudy Gobert,MIN,15,31.9,10.9,10.7,2.1,4.7,6.3,0.0,0.0,1.6,3.3,november,2025-26,12.6,8.9,70.1,11.9,43.5,1.0,1.34,24.5,2.7,0.1,8.3,,12.6,,16.7,,,,28.5,,26.9,46.5,27.1,72.9,27.1,0.0,31.9,7-1,258.0,85
1641783,Tristan da Silva,ORL,14,24.9,10.9,4.2,1.4,4.3,8.9,1.9,4.5,0.5,0.7,november,2025-26,17.0,8.1,59.6,9.6,31.1,1.1,2.15,16.5,0.7,0.1,2.3,,20.8,11.5,6.1,,32.9,4.2,9.3,4.2,4.2,50.0,26.7,73.3,26.7,50.56179775280899,24.9,6-8,217.0,80
1630188,Jalen Smith,CHI,13,18.2,10.9,6.2,1.4,4.1,8.1,1.9,4.7,0.8,1.1,november,2025-26,20.6,11.0,63.9,11.9,37.2,0.8,1.36,23.8,1.5,0.2,3.6,,21.0,,17.4,,29.0,,9.8,,10.1,60.0,15.1,84.9,15.1,58.0246913580247,18.2,6-8,244.0,80
1630572,Sandro Mamukelashvili,TOR,14,19.5,10.9,4.8,1.4,4.1,8.0,1.1,2.9,1.6,1.9,november,2025-26,19.8,10.8,61.3,13.3,32.2,0.9,1.74,20.5,1.4,0.3,4.6,,22.1,,16.1,,30.7,,13.3,,8.0,54.5,22.8,77.2,22.8,36.25,19.5,6-9,240.0,81
1629013,Landry Shamet,NYK,10,22.6,10.7,2.0,1.5,3.3,6.7,2.0,4.3,2.1,2.7,november,2025-26,14.1,8.6,67.8,8.8,28.7,1.2,2.57,16.5,0.1,0.0,0.6,,22.7,,,,51.6,10.2,,,,55.0,15.2,84.8,15.2,64.17910447761194,22.6,6-5,190.0,77
1629674,Neemias Queta,BOS,12,24.2,10.7,8.7,1.8,4.8,7.4,0.0,0.2,1.0,1.8,november,2025-26,15.3,10.1,64.9,13.8,33.2,0.8,1.49,20.7,2.7,0.1,8.8,,7.1,,25.4,,2.8,,28.2,,20.9,55.0,29.3,70.7,29.3,2.7027027027027026,24.2,7-0,248.0,84
1642270,Donovan Clingan,POR,13,25.3,10.5,10.0,1.5,4.1,8.4,0.8,2.9,1.6,2.1,november,2025-26,15.1,8.1,56.7,11.9,33.8,0.9,1.53,22.2,1.4,0.4,8.8,,7.7,,23.3,,15.4,,19.2,,25.4,52.5,30.2,69.8,30.2,34.523809523809526,25.3,7-2,280.0,86
1630249,Vít Krejčí,ATL,15,24.1,10.5,2.3,2.0,3.7,7.1,2.6,5.5,0.6,0.9,november,2025-26,14.2,11.5,70.7,8.4,35.0,1.3,2.16,22.9,0.3,0.0,0.8,,19.7,8.4,5.3,,33.4,12.5,,12.2,,57.7,9.1,90.9,9.1,77.46478873239437,24.1,6-8,195.0,80
1627884,Derrick Jones Jr.,LAC,8,26.1,10.5,2.4,1.1,3.5,7.5,0.9,3.3,2.6,3.3,november,2025-26,15.7,6.3,58.8,7.1,32.8,1.2,2.15,16.4,0.8,0.0,2.1,,18.3,,,,46.0,,13.5,,7.9,64.0,14.3,85.7,14.3,44.0,26.1,6-6,210.0,78
1630191,Isaiah Stewart,DET,12,22.9,10.5,6.3,1.3,4.0,7.3,0.8,2.5,1.7,2.2,november,2025-26,16.9,7.7,63.4,10.3,26.2,0.7,1.65,16.8,2.2,1.2,5.2,,10.3,,13.9,10.3,23.9,,19.2,,11.8,45.1,27.1,72.9,27.1,34.24657534246575,22.9,6-8,250.0,80
1630228,Jonathan Kuminga,GSW,8,24.2,10.5,5.3,2.3,4.1,9.9,0.6,2.8,1.6,2.4,november,2025-26,24.0,15.7,48.1,7.3,45.4,2.7,3.59,25.8,1.0,1.4,2.4,12.6,17.4,21.1,,6.7,18.1,,9.6,,7.0,61.9,48.5,51.5,48.5,28.28282828282828,24.2,6-7,225.0,79
204456,T.J. McConnell,IND,10,18.1,10.4,2.8,4.6,4.9,9.5,0.5,1.6,0.1,0.1,november,2025-26,23.6,42.2,54.5,16.9,51.8,4.4,5.09,16.9,0.4,0.0,0.6,5.9,13.1,54.0,,,12.5,,4.2,,,69.2,67.3,32.7,67.3,16.842105263157894,18.1,6-1,190.0,73
1642848,Tre Johnson,WAS,10,22.9,10.4,2.8,1.0,4.0,9.0,1.7,4.3,0.7,1.0,november,2025-26,19.9,6.7,55.1,6.3,25.1,1.2,2.8,14.3,0.1,0.1,0.4,3.2,21.4,21.4,2.4,,22.0,9.1,,14.0,,55.9,40.0,60.0,40.0,47.77777777777777,22.9,6-5,190.0,77
1627747,Caris LeVert,DET,12,20.3,10.3,1.7,3.2,3.6,7.3,1.5,3.3,1.6,2.4,november,2025-26,19.9,23.0,61.6,10.6,36.6,2.7,4.39,19.1,0.7,0.1,0.9,6.2,19.0,24.0,,,26.9,4.5,6.6,5.0,,61.0,46.5,53.5,46.5,45.20547945205479,20.3,6-7,205.0,79
1630570,Trendon Watford,PHI,12,21.4,10.3,5.1,3.8,3.8,7.0,0.6,1.4,2.0,2.5,november,2025-26,18.0,23.4,63.3,10.9,52.4,2.5,2.85,24.2,1.8,1.1,1.9,7.8,20.2,,,,24.8,,,,,65.9,39.1,60.9,39.1,20.0,21.4,6-8,237.0,80
1630544,Tre Mann,CHA,13,21.0,10.2,2.7,2.7,3.9,10.2,1.7,5.2,0.6,0.6,november,2025-26,24.1,21.9,48.7,6.3,44.2,3.3,4.48,21.0,0.2,0.0,0.4,8.5,7.7,38.0,,,26.5,8.5,,,,72.3,54.9,45.1,54.9,50.980392156862756,21.0,6-4,178.0,76
1629004,Svi Mykhailiuk,UTA,14,26.0,10.1,2.4,2.2,4.0,8.1,1.9,5.4,0.2,0.3,november,2025-26,13.6,12.4,61.3,7.0,32.2,1.2,2.15,18.9,0.5,0.0,0.8,,22.1,5.9,,,34.5,10.7,7.6,7.6,3.4,58.1,14.3,85.7,14.3,66.66666666666667,26.0,6-7,205.0,79
1630171,Isaac Okoro,CHI,10,25.9,10.1,2.7,1.7,3.6,7.0,1.5,3.4,1.4,1.9,november,2025-26,14.2,9.6,64.4,5.6,26.4,0.7,1.7,17.4,0.6,0.0,2.6,,25.9,,,,41.6,,10.8,,5.2,52.9,16.7,83.3,16.7,48.57142857142857,25.9,6-4,225.0,76
1630631,Jose Alvarado,NOP,16,23.5,10.1,3.1,3.3,3.6,8.5,1.9,5.4,0.9,0.9,november,2025-26,17.7,19.9,56.5,8.7,51.0,3.9,4.65,18.4,0.3,0.0,0.4,4.2,20.0,27.3,,,30.0,3.8,3.8,,,78.9,48.3,51.7,48.3,63.52941176470589,23.5,6-0,179.0,72
1630558,Davion Mitchell,MIA,15,31.0,9.9,2.9,7.6,3.9,7.5,0.9,2.4,1.3,2.0,november,2025-26,13.0,29.5,59.1,9.1,73.1,4.0,3.25,30.8,0.5,0.0,0.2,28.6,19.3,8.1,,,35.6,,,,,62.9,41.4,58.6,41.4,32.0,31.0,6-0,202.0,72
1630529,Herbert Jones,NOP,11,31.5,9.8,3.4,2.5,3.6,9.0,1.5,4.3,1.1,1.5,november,2025-26,14.2,10.8,50.7,4.6,46.5,1.9,2.43,27.8,0.6,0.0,1.4,,22.4,10.8,,,37.7,6.3,5.4,,,48.5,30.0,70.0,30.0,47.77777777777777,31.5,6-7,206.0,79
1642954,Will Richard,GSW,13,20.5,9.7,3.2,1.0,3.5,6.7,1.5,3.8,1.3,1.8,november,2025-26,15.4,7.3,64.9,8.5,29.1,1.0,2.08,18.0,0.4,0.0,3.1,,24.6,5.1,,,36.9,,12.7,,8.5,61.7,24.4,75.6,24.4,56.71641791044776,20.5,6-3,206.0,75
1641729,Brice Sensabaugh,UTA,13,16.8,9.5,2.4,1.2,3.2,7.9,1.6,4.9,1.5,1.7,november,2025-26,22.6,10.9,55.0,8.1,22.2,0.8,2.27,15.3,0.1,0.0,0.5,2.8,22.0,10.7,2.6,,28.1,9.4,4.1,12.4,3.5,64.3,14.3,85.7,14.3,62.0253164556962,16.8,6-6,235.0,78
1630543,Isaiah Jackson,IND,15,20.9,9.5,6.3,1.1,3.6,5.6,0.0,0.0,2.3,2.9,november,2025-26,15.2,7.6,69.2,12.0,26.9,0.7,1.62,16.6,2.1,0.3,6.9,,13.6,,11.6,7.1,5.1,,20.7,,25.8,65.4,33.3,66.7,33.3,0.0,20.9,6-8,205.0,80
203935,Marcus Smart,LAL,10,26.6,9.5,2.6,3.0,3.0,7.9,1.4,5.2,2.1,2.1,november,2025-26,16.5,14.1,53.8,6.2,43.4,2.2,3.08,19.5,0.5,0.2,1.0,4.2,18.4,15.1,5.0,,38.3,,,,,72.4,33.3,66.7,33.3,65.82278481012658,26.6,6-3,220.0,75
1641716,Jarace Walker,IND,15,26.7,9.5,5.2,1.9,3.0,8.7,1.3,4.3,2.2,2.7,november,2025-26,18.3,10.5,47.6,6.4,43.5,1.7,2.31,22.3,0.3,0.1,0.8,6.4,19.1,12.4,2.1,,38.0,7.1,3.2,3.4,2.4,65.9,26.7,73.3,26.7,49.42528735632184,26.7,6-7,235.0,79
1629655,Daniel Gafford,DAL,14,23.5,9.4,6.5,1.4,3.6,5.8,0.0,0.0,2.3,2.9,november,2025-26,14.6,8.8,66.6,11.3,28.3,0.9,1.87,17.4,2.0,0.9,5.1,,8.8,,19.9,11.0,,,20.4,,18.2,55.3,36.0,64.0,36.0,0.0,23.5,6-10,265.0,82
1631213,Tyrese Martin,BKN,14,22.5,9.4,3.4,2.6,3.5,8.6,1.5,4.6,0.9,1.4,november,2025-26,19.3,20.1,51.4,9.4,47.6,3.5,4.39,19.6,0.4,0.0,1.0,,15.1,20.7,,,37.1,10.0,4.0,,,57.1,42.9,57.1,42.9,53.48837209302325,22.5,6-6,215.0,78
1630557,Corey Kispert,ATL,12,19.5,9.4,2.1,1.8,3.2,6.0,1.7,3.8,1.4,1.8,november,2025-26,15.1,11.9,69.2,9.7,23.7,0.7,1.73,13.8,0.1,0.0,0.7,,19.0,9.5,,,34.1,11.9,,8.7,,50.0,13.2,86.8,13.2,63.33333333333333,19.5,6-6,224.0,78
1642271,Kyle Filipowski,UTA,13,21.2,9.4,6.5,2.1,3.2,7.0,0.8,2.4,2.2,3.1,november,2025-26,17.7,14.4,56.2,9.6,36.7,1.3,2.08,18.4,1.5,0.3,3.6,,16.6,3.1,8.0,4.8,32.5,2.7,10.8,4.3,9.9,54.5,14.3,85.7,14.3,34.285714285714285,21.2,6-11,250.0,83
1641715,Cam Whitmore,WAS,13,16.6,9.2,2.4,0.5,3.5,6.6,0.8,2.4,1.5,1.8,november,2025-26,20.0,5.1,62.1,9.0,18.5,0.8,2.64,10.8,0.3,0.2,2.0,6.7,34.8,14.0,,,19.1,,6.7,,6.2,68.4,37.8,62.2,37.8,36.36363636363637,16.6,6-6,230.0,78
1630692,Jordan Goodwin,PHX,15,22.1,9.2,4.9,2.1,3.7,8.1,1.4,3.5,0.5,0.6,november,2025-26,16.8,12.9,55.2,10.5,37.6,1.7,2.76,18.1,0.3,0.0,2.1,,16.2,12.8,3.4,,42.7,,,,12.0,65.2,36.4,63.6,36.4,43.20987654320988,22.1,6-3,215.0,75
203083,Andre Drummond,PHI,13,26.0,9.1,11.1,0.7,3.6,6.5,0.7,1.5,1.2,1.6,november,2025-26,13.4,3.8,63.3,12.3,27.2,0.6,1.4,15.7,0.8,0.3,6.0,,5.2,,7.9,,17.0,,16.6,,38.9,62.7,29.8,70.2,29.8,23.076923076923077,26.0,6-11,279.0,83
1630533,Ziaire Williams,BKN,13,24.3,9.1,2.8,0.7,2.9,8.1,1.5,5.8,1.7,1.9,november,2025-26,17.7,5.0,50.9,4.8,28.4,1.1,2.25,16.6,0.4,0.0,0.4,,22.1,3.7,,,48.3,9.7,6.0,,,71.7,26.3,73.7,26.3,71.60493827160494,24.3,6-9,185.0,81
1631323,Simone Fontecchio,MIA,14,17.8,9.1,2.9,1.5,2.8,7.8,1.9,5.7,1.6,1.9,november,2025-26,20.1,12.7,52.5,7.8,29.2,0.8,1.64,19.7,0.5,0.0,1.1,,26.5,,,,43.5,,4.3,10.5,5.2,56.5,5.1,94.9,5.1,73.07692307692308,17.8,6-7,209.0,79
1631217,Moussa Diabaté,CHA,15,23.8,9.1,8.9,1.5,3.3,5.0,0.0,0.0,2.4,3.3,november,2025-26,12.2,9.3,70.4,12.9,33.9,1.0,1.81,17.9,2.6,0.2,7.9,,13.1,,20.1,4.6,,,24.7,,22.3,62.9,40.0,60.0,40.0,0.0,23.8,6-10,210.0,82
1641731,Bilal Coulibaly,WAS,9,27.1,9.0,3.3,3.1,2.7,7.2,0.9,3.0,2.8,3.6,november,2025-26,16.1,15.1,51.2,5.4,38.6,2.1,3.21,17.6,0.4,0.0,1.2,4.8,27.8,15.1,,,25.8,5.2,8.3,,4.8,60.5,45.8,54.2,45.8,41.666666666666664,27.1,6-7,195.0,79
1631126,Caleb Love,POR,10,19.7,8.9,3.0,2.1,3.2,9.9,1.6,6.2,0.9,1.2,november,2025-26,22.2,16.2,42.7,5.5,36.6,2.1,3.43,17.4,0.2,0.0,0.1,8.4,18.2,22.3,3.0,,36.2,4.8,,2.3,,70.0,46.9,53.1,46.9,62.62626262626263,19.7,6-3,212.0,75
1642856,Egor Dëmin,BKN,13,23.3,8.8,3.6,3.8,3.2,8.6,1.8,5.6,0.5,0.6,november,2025-26,18.7,27.0,49.8,9.0,54.2,3.3,3.63,21.6,0.2,0.0,0.4,3.6,14.0,23.4,,,30.2,13.5,,,,67.3,40.5,59.5,40.5,65.11627906976743,23.3,6-8,200.0,80
1641717,Cason Wallace,OKC,15,27.8,8.8,2.5,2.1,3.5,7.3,1.5,3.9,0.3,0.3,november,2025-26,12.8,9.6,59.4,6.6,37.9,2.0,3.09,18.5,0.5,0.0,0.6,4.2,22.6,13.5,,,41.3,4.2,4.5,,3.5,66.7,28.8,71.2,28.8,53.42465753424658,27.8,6-3,195.0,75
1629018,Gary Trent Jr.,MIL,16,27.9,8.8,1.1,1.6,3.0,7.7,2.1,5.6,0.6,0.8,november,2025-26,13.8,7.6,54.4,4.0,22.0,0.8,2.17,16.7,0.0,0.0,0.1,,18.3,6.4,,,48.6,9.0,,6.8,,64.7,16.7,83.3,16.7,72.72727272727272,27.9,6-5,204.0,77
1631222,Jake LaRavia,LAL,13,25.5,8.7,3.7,1.8,3.3,7.6,0.8,2.9,1.3,1.7,november,2025-26,14.8,9.5,52.0,6.9,39.5,1.5,2.22,19.6,0.7,0.1,2.5,2.5,21.2,,4.5,,42.4,2.5,8.0,,8.0,58.0,23.3,76.7,23.3,38.15789473684211,25.5,6-7,235.0,79
1629652,Luguentz Dort,OKC,9,25.4,8.4,2.9,0.7,3.0,6.7,2.0,4.9,0.4,0.6,november,2025-26,12.4,3.2,61.1,4.8,26.9,1.1,2.51,14.2,0.1,0.0,0.4,,15.0,,5.5,,61.5,,4.0,,,53.8,7.4,92.6,7.4,73.13432835820896,25.4,6-4,220.0,76
1641750,Ryan Kalkbrenner,CHA,13,24.9,8.4,6.5,0.4,3.3,4.4,0.0,0.1,1.8,2.3,november,2025-26,11.0,2.3,77.6,10.3,25.2,0.7,1.72,15.0,1.3,0.3,7.1,,8.6,,14.3,,,,39.5,,22.4,50.6,30.2,69.8,30.2,2.272727272727273,24.9,7-1,256.0,85
1642268,Isaiah Collier,UTA,11,22.7,8.4,2.5,5.6,2.7,5.4,0.3,1.0,2.6,3.6,november,2025-26,16.7,35.4,60.1,8.4,63.0,5.3,5.04,21.1,0.2,0.0,0.3,12.5,27.8,26.4,,,17.4,3.3,3.5,,,63.3,60.0,40.0,60.0,18.51851851851852,22.7,6-4,210.0,76
203114,Khris Middleton,WAS,9,25.3,8.2,4.0,3.9,3.3,7.1,0.7,2.1,0.9,1.1,november,2025-26,15.6,19.1,54.1,6.5,34.3,1.8,3.07,22.0,0.0,1.6,1.6,6.1,15.3,22.7,,13.6,16.6,5.8,,6.4,5.8,48.7,53.3,46.7,53.3,29.5774647887324,25.3,6-7,222.0,79
1630643,Jay Huff,IND,15,17.8,8.2,4.1,1.1,2.9,6.5,1.6,4.5,0.9,1.3,november,2025-26,17.9,10.5,57.6,10.7,22.9,0.5,1.41,17.3,0.5,0.3,2.3,,15.1,,22.8,4.4,35.2,,6.8,5.6,5.0,49.3,16.3,83.7,16.3,69.23076923076923,17.8,7-1,240.0,85
1628436,Luke Kornet,SAS,10,24.2,8.2,5.5,1.9,3.1,4.3,0.0,0.0,2.0,2.4,november,2025-26,10.8,9.8,76.5,9.4,31.9,0.9,1.61,21.3,2.6,0.1,7.3,,6.6,,21.8,,,,35.0,,23.4,41.0,9.7,90.3,9.7,0.0,24.2,7-1,250.0,85
1627739,Kris Dunn,LAC,15,27.7,8.1,2.7,3.2,3.1,6.3,0.9,2.6,0.9,1.3,november,2025-26,13.1,16.4,58.8,6.7,49.6,2.9,3.56,19.5,1.0,0.0,2.1,3.9,19.3,9.6,5.5,,38.6,,9.6,,3.2,75.0,31.9,68.1,31.9,41.26984126984127,27.7,6-3,205.0,75
1631246,Vince Williams Jr.,MEM,15,22.9,8.1,4.8,5.9,2.7,7.8,1.2,4.3,1.5,1.9,november,2025-26,19.4,34.1,47.2,10.1,57.9,3.8,3.89,23.9,0.5,0.1,1.3,,17.7,29.5,,,31.5,,,,,57.1,41.5,58.5,41.5,55.12820512820513,22.9,6-4,205.0,76
1642346,Ryan Dunn,PHX,10,24.4,8.1,3.7,1.9,3.1,6.6,1.1,2.6,0.8,1.1,november,2025-26,13.8,9.7,57.2,7.5,33.1,1.2,2.23,16.0,0.7,0.0,3.0,,24.6,5.5,5.5,,35.5,,10.9,,12.5,54.3,19.4,80.6,19.4,39.3939393939394,24.4,6-7,216.0,79
1642366,Quinten Post,GSW,15,17.3,8.1,4.1,1.4,3.0,6.5,1.3,4.3,0.7,0.9,november,2025-26,18.4,12.3,58.6,11.8,33.3,0.8,1.53,21.3,0.9,0.8,2.2,,11.9,,16.1,4.2,38.7,,11.6,3.9,6.0,51.6,15.6,84.4,15.6,66.15384615384615,17.3,7-0,238.0,84
1631230,Dominick Barlow,PHI,8,27.2,8.0,5.4,2.3,3.4,6.3,0.6,1.9,0.6,0.9,november,2025-26,12.1,11.4,60.3,8.0,36.0,0.9,1.57,22.3,1.1,0.0,3.3,,20.0,,4.5,,32.7,,19.5,,15.9,42.2,18.5,81.5,18.5,30.158730158730158,27.2,6-9,215.0,81
203994,Jusuf Nurkić,UTA,14,27.1,8.0,10.1,4.6,3.2,7.0,0.4,1.4,1.2,2.3,november,2025-26,15.2,24.0,50.0,10.3,56.9,1.6,1.74,32.4,2.7,0.7,5.1,,6.9,,22.4,10.4,11.8,,17.3,,13.6,58.3,33.3,66.7,33.3,20.0,27.1,6-11,290.0,83
1628963,Marvin Bagley III,WAS,9,16.2,8.0,4.9,1.3,3.3,5.7,0.1,0.3,1.2,1.4,november,2025-26,17.9,12.0,63.5,12.1,27.1,0.7,1.66,15.1,2.0,0.3,4.4,7.3,7.3,,21.6,5.7,8.9,,18.4,,23.8,53.8,46.7,53.3,46.7,5.263157894736842,16.2,6-10,235.0,82
1631107,Nikola Jović,MIA,10,20.3,8.0,4.2,3.2,2.8,7.1,0.7,3.1,1.7,2.6,november,2025-26,20.2,21.6,48.5,6.2,39.6,1.6,2.35,21.3,0.4,0.6,1.6,3.7,31.0,3.4,3.7,4.8,39.2,,4.8,,,68.8,21.4,78.6,21.4,43.66197183098592,20.3,6-10,205.0,82
1629611,Terance Mann,BKN,14,27.3,7.8,3.1,4.0,2.8,7.1,0.9,2.6,1.4,1.6,november,2025-26,14.3,22.3,49.9,5.7,50.2,3.7,4.37,22.3,0.7,0.1,1.8,3.7,22.0,17.9,,,28.9,4.4,6.6,,8.1,65.9,46.2,53.8,46.2,36.61971830985916,27.3,6-6,215.0,78
1631121,Bryce McGowens,NOP,9,16.0,7.8,2.2,1.3,2.7,5.2,0.9,1.7,1.6,2.3,november,2025-26,17.2,10.4,62.2,8.3,21.7,0.9,2.54,10.4,0.1,0.0,0.3,5.2,24.2,12.4,,,37.6,5.7,6.2,,,87.5,41.7,58.3,41.7,32.69230769230769,16.0,6-6,190.0,78
203110,Draymond Green,GSW,12,29.2,7.5,6.4,5.3,2.7,8.1,1.4,4.9,0.8,1.0,november,2025-26,17.1,25.5,44.0,6.1,77.9,2.6,2.02,41.7,2.1,0.1,2.6,,9.4,5.1,10.2,,39.8,,10.2,,2.7,59.3,3.1,96.9,3.1,60.49382716049383,29.2,6-6,230.0,78
1629750,Javonte Green,DET,15,21.4,7.4,3.3,0.9,2.4,5.3,0.8,2.7,1.8,2.3,november,2025-26,13.6,5.1,58.2,7.5,30.5,0.8,1.59,16.0,0.9,0.0,1.9,,23.5,,3.7,,41.2,,14.7,,4.8,58.7,13.9,86.1,13.9,50.943396226415096,21.4,6-5,205.0,77
203937,Kyle Anderson,UTA,5,18.4,7.4,2.6,4.0,3.2,6.0,0.2,0.2,0.8,1.2,november,2025-26,17.5,28.6,56.7,10.2,33.4,1.4,2.6,21.4,2.0,0.2,2.8,12.6,16.5,7.9,,,17.3,,14.2,,8.7,90.9,43.8,56.3,43.8,3.3333333333333335,18.4,6-8,230.0,80
1628379,Luke Kennard,ATL,12,19.0,7.3,1.6,2.4,2.5,5.6,1.5,3.7,0.8,0.8,november,2025-26,15.3,17.8,61.6,8.3,26.1,0.9,2.18,19.8,0.3,0.0,0.8,,24.5,9.1,,,32.0,7.9,5.8,11.6,,71.0,16.7,83.3,16.7,66.07142857142858,19.0,6-5,206.0,77
1630173,Precious Achiuwa,SAC,14,20.9,7.3,5.2,1.0,3.1,5.8,0.2,1.0,0.8,1.7,november,2025-26,13.8,6.9,55.7,8.7,25.5,0.9,2.04,13.0,1.1,0.3,3.5,,22.2,,13.5,,24.7,,12.0,,17.1,59.6,34.1,65.9,34.1,17.24137931034483,20.9,6-8,243.0,80
1642348,Justin Edwards,PHI,12,19.2,7.3,2.3,1.8,2.6,6.3,1.3,3.7,0.8,0.9,november,2025-26,16.6,14.4,54.5,6.1,28.5,0.8,1.64,19.3,0.4,0.0,1.2,,18.5,,,,58.2,,,,,67.6,25.8,74.2,25.8,58.730158730158735,19.2,6-7,203.0,79
1629234,Drew Eubanks,SAC,16,16.5,7.2,3.3,0.4,3.1,4.6,0.1,0.1,0.9,1.6,november,2025-26,16.3,4.1,68.5,8.2,18.6,0.5,1.67,12.2,2.4,0.2,4.6,,11.3,,36.6,,,,23.9,,8.5,70.3,10.0,90.0,10.0,2.173913043478261,16.5,6-10,245.0,82
1627741,Buddy Hield,GSW,15,17.7,7.1,2.3,1.6,2.6,6.4,1.3,4.2,0.6,0.7,november,2025-26,18.2,14.8,53.3,6.6,32.3,1.1,1.99,18.9,0.5,0.0,0.9,,23.1,4.8,,,34.0,5.4,5.4,12.2,3.7,61.5,20.5,79.5,20.5,65.625,17.7,6-4,220.0,76
1642920,Kobe Sanders,LAC,10,21.5,7.1,1.6,1.4,2.2,5.7,1.2,3.4,1.5,1.6,november,2025-26,15.1,9.4,55.4,3.0,26.0,1.2,2.81,13.9,0.6,0.0,0.3,5.8,17.4,8.7,5.4,,43.4,,5.8,,,75.0,18.2,81.8,18.2,59.64912280701754,21.5,6-8,207.0,80
1631169,Josh Minott,BOS,14,17.5,6.9,4.2,1.2,2.6,5.2,1.2,2.6,0.6,0.6,november,2025-26,15.0,9.4,63.0,10.0,18.9,0.6,1.79,10.7,0.1,0.0,2.3,,24.7,,,,37.0,,10.4,,11.7,58.3,16.7,83.3,16.7,50.0,17.5,6-8,205.0,80
1641772,Nae'Qwan Tomlin,CLE,12,16.2,6.9,2.6,0.4,2.8,5.2,0.3,1.9,1.1,1.5,november,2025-26,15.8,3.6,59.4,7.8,16.0,0.5,1.71,10.0,0.4,0.0,2.8,,20.9,,,,30.8,,19.0,,16.6,52.6,24.2,75.8,24.2,36.53846153846153,16.2,6-8,210.0,80
1642272,Jared McCain,PHI,10,17.0,6.8,1.6,1.1,2.5,7.1,1.3,3.4,0.5,0.6,november,2025-26,19.0,9.3,46.2,4.7,32.1,1.6,3.03,16.4,0.2,0.0,0.2,9.0,33.7,14.1,,,29.6,,,,,58.1,32.0,68.0,32.0,47.887323943661976,17.0,6-3,195.0,75
1642962,Drake Powell,BKN,12,20.2,6.8,1.9,2.0,2.3,4.8,0.7,1.8,1.4,1.5,november,2025-26,14.1,16.3,62.4,7.4,30.8,2.0,3.83,14.9,0.2,0.0,0.2,8.3,19.8,17.2,,,34.4,7.3,,,,82.8,50.0,50.0,50.0,37.5,20.2,6-5,195.0,77
1630175,Cole Anthony,MIL,16,16.6,6.7,2.9,4.2,2.9,7.4,0.4,1.8,0.5,0.8,november,2025-26,25.2,37.9,42.9,7.3,41.5,3.9,5.68,13.3,0.1,0.0,0.5,6.9,14.7,51.8,,,14.3,,,,,69.0,78.3,21.7,78.3,24.324324324324323,16.6,6-2,185.0,74
1628971,Bruce Brown,DEN,14,25.0,6.6,3.7,2.2,2.4,6.6,0.5,1.8,1.3,1.5,november,2025-26,13.7,11.5,45.5,5.0,37.6,2.2,3.5,16.9,0.9,0.0,2.4,4.1,22.3,15.7,,,22.3,3.8,13.0,,8.7,63.4,26.5,73.5,26.5,27.272727272727277,25.0,6-4,202.0,76
1642948,Ryan Nembhard,DAL,5,15.7,6.6,1.2,3.6,2.8,6.4,1.0,2.8,0.0,0.2,november,2025-26,19.7,32.7,50.9,7.6,39.2,3.4,5.24,14.6,0.2,0.0,0.2,8.5,15.1,43.4,,,21.3,4.3,,,,62.5,50.0,50.0,50.0,43.74999999999999,15.7,5-11,180.0,71
1641775,Jordan Walsh,BOS,13,24.1,6.5,5.6,1.3,2.5,5.1,0.8,2.1,0.8,1.1,november,2025-26,11.2,6.6,58.9,7.1,27.1,0.8,1.76,14.6,0.5,0.0,2.8,,23.6,,,,38.8,,9.6,,13.5,49.0,21.9,78.1,21.9,41.1764705882353,24.1,6-6,205.0,78
1630696,Dru Smith,MIA,15,16.9,6.5,3.1,2.6,2.3,5.2,0.8,2.2,1.2,1.6,november,2025-26,15.3,22.0,55.3,10.6,35.6,1.9,3.14,16.5,0.8,0.1,1.2,10.0,26.9,9.0,,,37.3,,3.6,,6.5,73.2,41.2,58.8,41.2,42.30769230769231,16.9,6-2,203.0,74
203484,Kentavious Caldwell-Pope,MEM,15,21.6,6.5,2.2,2.3,2.3,6.1,1.0,3.1,1.0,1.1,november,2025-26,14.8,16.4,49.3,6.0,40.5,1.9,2.82,23.1,0.5,0.1,0.5,3.1,24.1,18.1,,,33.7,5.9,,6.5,,73.5,11.8,88.2,11.8,50.81967213114754,21.6,6-5,204.0,77
1631119,Jaylin Williams,OKC,14,18.5,6.5,4.6,2.4,2.0,5.4,1.6,4.5,0.9,1.3,november,2025-26,15.9,17.8,54.9,9.9,38.4,1.0,1.54,19.6,0.8,0.2,1.0,,14.8,,21.6,,40.7,,,,,48.8,7.1,92.9,7.1,83.33333333333333,18.5,6-9,240.0,81
1629048,Goga Bitadze,ORL,13,16.3,6.5,4.9,1.3,2.5,3.4,0.1,0.3,1.5,1.8,november,2025-26,12.0,10.7,77.6,13.3,24.3,0.7,1.62,13.2,0.8,0.2,4.7,,10.8,,15.0,,,,26.9,,27.5,59.3,28.1,71.9,28.1,8.823529411764707,16.3,6-11,250.0,83
1630172,Patrick Williams,CHI,13,20.1,6.5,2.9,1.2,2.2,6.8,1.2,3.7,0.8,1.2,november,2025-26,15.9,8.0,44.4,3.9,31.5,1.0,1.91,17.5,0.4,0.2,1.3,3.6,22.1,9.3,5.0,3.6,41.4,3.6,,,5.0,75.0,27.6,72.4,27.6,54.41176470588236,20.1,6-6,235.0,78
1629637,Jaxson Hayes,LAL,13,17.7,6.4,3.8,0.8,2.7,3.5,0.1,0.1,0.9,1.2,november,2025-26,10.5,6.7,79.7,10.3,20.6,0.5,1.47,12.3,1.5,0.3,4.5,,13.2,,26.5,,,,34.4,,13.2,61.8,22.9,77.1,22.9,2.857142857142857,17.7,7-0,220.0,84
1629006,Josh Okogie,HOU,13,20.9,6.4,2.8,1.0,2.2,5.8,1.1,3.1,0.8,1.3,november,2025-26,13.8,5.8,49.7,5.4,24.4,0.8,1.99,15.2,0.5,0.0,2.0,,24.9,,,,41.5,,11.1,,9.7,59.4,31.0,69.0,31.0,53.448275862068975,20.9,6-4,213.0,76
1641711,Gradey Dick,TOR,15,16.8,6.3,1.9,0.9,2.1,5.3,1.0,3.1,1.1,1.2,november,2025-26,15.2,6.5,54.6,7.3,17.6,0.5,1.57,12.8,0.1,0.0,0.6,,29.6,,4.5,,39.9,,5.2,9.6,3.4,65.6,12.5,87.5,12.5,58.490566037735846,16.8,6-7,200.0,79
1642267,Bub Carrington,WAS,13,24.1,6.3,3.5,4.5,2.3,6.3,1.5,3.3,0.2,0.3,november,2025-26,14.9,26.2,48.9,5.0,50.5,3.5,4.17,18.0,0.2,0.0,0.5,4.8,20.0,33.6,,,21.0,8.2,,2.1,,58.8,26.7,73.3,26.7,52.38095238095239,24.1,6-4,190.0,76
1631243,Mouhamed Gueye,ATL,15,17.8,6.3,3.9,1.2,2.7,5.3,0.5,2.1,0.4,0.7,november,2025-26,14.3,9.2,56.4,8.1,22.9,0.6,1.64,13.3,1.0,0.3,3.5,,18.3,,5.6,,39.0,,19.7,,10.3,46.5,20.0,80.0,20.0,39.62264150943396,17.8,6-11,210.0,83
1628366,Lonzo Ball,CLE,11,23.4,6.1,4.5,4.8,2.0,6.5,1.6,5.7,0.5,0.6,november,2025-26,14.2,26.6,44.6,7.4,55.5,2.7,2.95,21.5,0.5,0.0,1.0,,19.3,16.5,,,36.3,6.1,,,,58.8,18.2,81.8,18.2,87.6923076923077,23.4,6-5,190.0,77
1642867,Collin Murray-Boyles,TOR,12,17.4,6.1,3.7,1.3,2.3,4.1,0.3,0.9,1.3,2.0,november,2025-26,14.2,11.2,61.3,8.1,26.2,0.7,1.52,17.6,1.8,0.0,3.6,,20.7,,17.0,,17.4,,20.7,,11.6,71.9,18.5,81.5,18.5,21.951219512195124,17.4,6-7,245.0,79
1641767,Ben Sheppard,IND,15,24.3,6.1,3.3,1.7,2.2,6.3,1.1,3.9,0.5,0.6,november,2025-26,11.7,9.5,46.0,5.1,37.3,1.4,2.2,20.7,0.3,0.0,0.9,,27.3,10.0,,,38.2,5.0,6.4,,,69.2,12.1,87.9,12.1,61.904761904761905,24.3,6-6,190.0,78
1641842,Ronald Holland II,DET,15,21.6,6.1,3.2,1.9,2.5,6.5,0.5,2.1,0.7,0.9,november,2025-26,15.0,11.3,44.3,6.0,33.0,1.2,2.17,15.9,0.1,0.0,1.1,3.8,25.0,6.9,,,39.3,3.0,5.5,,5.8,62.5,40.5,59.5,40.5,32.30769230769231,21.6,6-8,206.0,80
1642883,Sion James,CHA,15,28.1,6.1,3.5,1.7,1.9,5.3,1.1,3.3,1.3,1.5,november,2025-26,10.0,8.2,51.1,4.6,34.0,1.2,2.18,18.5,0.6,0.0,0.9,,17.6,14.7,4.4,,43.6,4.8,4.4,,,68.6,14.3,85.7,14.3,62.264150943396224,28.1,6-5,220.0,77
203500,Steven Adams,HOU,11,20.6,6.0,8.9,1.5,2.1,4.5,0.0,0.0,1.8,2.5,november,2025-26,12.8,9.1,53.0,11.5,22.9,0.5,1.44,13.8,1.8,0.1,8.0,,4.9,,15.6,,,,23.9,,37.1,65.9,52.2,47.8,52.2,0.0,20.6,6-11,265.0,83
1631110,Jeremy Sochan,SAS,13,16.2,5.9,3.1,1.6,2.3,4.7,0.5,1.7,0.8,1.0,november,2025-26,15.4,14.7,57.7,6.6,24.7,0.9,2.25,13.6,1.2,0.2,3.1,,18.9,,12.3,,28.3,,17.0,,,62.9,16.7,83.3,16.7,36.170212765957444,16.2,6-8,230.0,80
1642261,Dalton Knecht,LAL,11,15.6,5.9,2.2,0.6,2.3,4.9,1.1,2.7,0.3,0.5,november,2025-26,15.1,6.7,57.4,6.6,18.1,0.7,2.23,11.3,0.5,0.0,0.7,6.0,19.6,9.5,,,34.5,7.1,,10.7,,66.7,24.0,76.0,24.0,55.10204081632652,15.6,6-6,215.0,78
201143,Al Horford,GSW,8,21.4,5.9,4.6,2.1,1.9,5.6,1.4,4.4,0.8,0.8,november,2025-26,13.9,14.3,49.3,8.3,44.3,1.0,1.34,27.0,0.8,1.0,1.5,,15.0,,12.2,8.9,40.0,,7.8,5.6,,65.9,0.0,100.0,0.0,78.57142857142858,21.4,6-8,240.0,80
201144,Mike Conley,MIN,15,19.7,5.9,1.7,3.6,1.7,3.8,1.3,2.9,1.1,1.2,november,2025-26,10.0,22.2,67.8,7.9,41.9,2.5,3.65,19.4,0.1,0.0,0.1,,14.8,21.2,,,33.3,13.8,,5.8,,63.2,3.8,96.2,3.8,76.31578947368422,19.7,6-1,175.0,73
1630549,Day'Ron Sharpe,BKN,13,15.9,5.8,5.5,1.5,2.0,3.8,0.2,0.8,1.6,2.9,november,2025-26,18.1,15.4,57.0,9.8,27.2,0.9,2.08,18.2,1.8,0.3,4.3,3.7,7.6,,15.0,6.6,7.6,,19.6,,22.6,71.4,50.0,50.0,50.0,21.05263157894737,15.9,6-10,265.0,82
1630311,Pat Spencer,GSW,10,15.1,5.8,2.3,3.1,2.0,5.3,0.6,1.8,1.2,1.4,november,2025-26,17.9,27.9,49.0,9.4,38.8,2.7,4.17,16.5,0.6,0.1,1.0,7.4,14.3,30.2,,,20.6,5.8,9.0,,,58.3,65.0,35.0,65.0,33.9622641509434,15.1,6-2,205.0,74
1631200,Kris Murray,POR,14,25.1,5.8,4.3,1.4,2.3,5.4,0.6,2.1,0.6,1.0,november,2025-26,10.1,7.6,49.9,5.2,22.9,0.8,2.0,14.9,0.9,0.0,3.1,,23.6,,,,40.4,,11.8,,11.3,60.5,25.0,75.0,25.0,38.88888888888889,25.1,6-8,218.0,80
1627936,Alex Caruso,OKC,12,17.7,5.8,2.5,2.5,2.1,4.7,1.1,2.8,0.5,0.7,november,2025-26,14.5,16.0,58.0,9.2,27.6,1.2,2.71,12.2,0.9,0.0,0.6,,19.9,8.2,7.0,,45.6,,,,,56.5,8.0,92.0,8.0,59.57446808510638,17.7,6-5,186.0,77
1642266,Ja'Kobe Walter,TOR,15,16.5,5.6,2.2,0.5,2.0,4.3,1.2,2.7,0.4,0.5,november,2025-26,13.3,4.6,61.7,6.0,20.4,0.8,2.21,10.1,0.5,0.0,1.2,,22.4,,,,48.5,,12.8,,,65.4,16.7,83.3,16.7,62.79069767441862,16.5,6-4,180.0,76
1642877,Micah Peavy,NOP,15,17.8,5.5,2.7,1.1,2.3,5.6,0.4,2.0,0.6,0.8,november,2025-26,14.4,8.5,46.5,4.3,19.8,0.7,2.03,13.8,0.4,0.0,2.1,,23.9,,,,38.3,,12.9,,10.9,65.2,26.5,73.5,26.5,35.714285714285715,17.8,6-7,215.0,79
1641854,Craig Porter Jr.,CLE,12,16.8,5.5,3.0,2.8,2.3,4.3,0.6,1.4,0.3,0.4,november,2025-26,12.6,23.1,60.9,11.0,32.0,1.6,2.97,13.9,0.7,0.0,1.3,,17.9,27.8,,,26.0,4.5,,,4.9,60.6,46.4,53.6,46.4,32.558139534883715,16.8,6-1,180.0,73
1642274,Yves Missi,NOP,12,19.4,5.4,5.4,1.1,2.4,4.8,0.0,0.0,0.6,1.0,november,2025-26,12.8,7.8,51.4,6.5,24.8,0.7,1.68,16.1,1.7,0.1,4.8,,7.5,,15.0,,12.2,,20.7,,29.1,57.5,48.3,51.7,48.3,0.0,19.4,6-11,235.0,83
1641722,Jordan Hawkins,NOP,13,15.4,5.4,1.6,1.0,2.2,6.1,1.0,3.2,0.1,0.2,november,2025-26,17.7,9.0,43.6,4.5,21.5,0.7,2.02,13.0,0.2,0.0,0.2,,14.0,12.3,,,34.6,16.2,,8.9,,79.3,17.9,82.1,17.9,52.459016393442624,15.4,6-5,190.0,77
1630811,Keaton Wallace,ATL,13,16.9,5.4,1.6,2.7,1.9,4.7,1.2,3.1,0.3,0.6,november,2025-26,14.8,23.8,54.2,7.3,39.7,2.8,4.17,15.3,0.1,0.0,0.0,8.2,15.8,22.2,,,37.3,,,,,75.0,40.0,60.0,40.0,65.95744680851064,16.9,6-3,185.0,75
1642347,Jamal Shead,TOR,15,19.3,5.3,1.4,5.5,1.6,4.4,0.9,2.8,1.2,1.5,november,2025-26,13.0,35.0,52.5,9.1,43.9,3.3,4.57,16.5,0.1,0.0,0.3,8.2,13.8,29.5,,,33.0,2.9,2.7,,,71.4,29.2,70.8,29.2,63.636363636363626,19.3,6-1,200.0,73
1630573,Sam Hauser,BOS,14,21.5,5.1,3.4,1.6,1.9,6.0,1.4,4.9,0.1,0.1,november,2025-26,12.4,9.6,42.4,5.4,33.4,0.9,1.67,16.6,0.4,0.0,0.5,,20.5,4.3,8.2,,34.1,9.4,,14.2,3.7,56.1,11.5,88.5,11.5,81.66666666666667,21.5,6-7,217.0,79
1631165,Keon Ellis,SAC,15,15.5,5.0,1.2,0.6,1.7,4.1,1.4,3.2,0.3,0.5,november,2025-26,12.9,5.7,57.2,4.8,21.7,0.9,2.35,9.7,0.1,0.0,0.3,,25.6,10.1,,,43.7,,,,,67.4,8.0,92.0,8.0,78.04878048780489,15.5,6-4,175.0,76
1630526,Jeremiah Robinson-Earl,DAL,15,18.6,4.8,5.4,0.8,1.8,4.9,0.5,1.9,0.7,0.7,november,2025-26,12.4,5.9,45.7,6.7,24.6,0.6,1.44,11.7,0.2,0.0,2.1,,20.2,,,,38.1,,,,20.2,71.4,33.3,66.7,33.3,38.77551020408163,18.6,6-9,240.0,81
1629731,Dean Wade,CLE,13,21.1,4.8,3.8,1.5,1.8,4.6,0.9,3.2,0.3,0.5,november,2025-26,9.8,9.2,49.1,6.1,24.6,0.6,1.53,14.9,0.8,0.0,1.4,,28.1,,5.0,,46.7,,12.1,,,59.1,13.0,87.0,13.0,69.56521739130436,21.1,6-9,228.0,81
201587,Nicolas Batum,LAC,15,20.2,4.7,2.5,0.6,1.5,3.8,1.3,3.6,0.4,0.5,november,2025-26,10.1,4.3,58.3,4.5,29.1,0.6,1.24,14.0,0.1,0.0,0.1,,14.2,,,,68.9,,,,,65.1,4.5,95.5,4.5,94.73684210526316,20.2,6-7,230.0,79
1631321,Sidy Cissoko,POR,14,18.2,4.6,2.1,1.5,1.6,4.2,0.6,2.4,0.7,1.1,november,2025-26,11.5,11.3,49.2,3.2,26.4,1.1,2.42,15.3,0.5,0.0,0.9,,20.2,4.2,5.3,,51.3,,,,,65.4,26.1,73.9,26.1,57.14285714285714,18.2,6-6,220.0,78
1642345,Oso Ighodaro,PHX,15,16.6,4.6,3.9,1.9,2.1,3.4,0.0,0.1,0.3,1.0,november,2025-26,11.7,14.6,59.9,8.8,24.6,1.1,2.68,12.4,2.1,0.1,2.8,8.5,12.7,4.2,18.2,,,,29.7,,7.6,54.0,25.0,75.0,25.0,2.9411764705882355,16.6,6-11,235.0,83
1629020,Jarred Vanderbilt,LAL,8,16.3,4.3,4.9,1.4,1.4,2.9,0.5,1.0,1.0,1.1,november,2025-26,12.2,12.6,63.1,9.3,25.6,1.0,2.38,10.9,0.9,0.0,2.1,,18.0,,,,32.3,,16.9,,14.3,65.0,45.5,54.5,45.5,34.48275862068966,16.3,6-8,214.0,80
1629216,Gabe Vincent,LAL,5,20.4,4.2,0.6,1.6,1.4,2.8,1.4,2.6,0.0,0.0,november,2025-26,6.8,9.0,75.0,2.4,20.2,1.0,3.01,9.4,0.6,0.0,0.0,,14.9,14.9,,,38.6,,,13.2,,50.0,0.0,100.0,0.0,92.85714285714288,20.4,6-2,200.0,74
1642363,Nique Clifford,SAC,16,15.3,3.9,2.3,1.6,1.3,3.6,0.6,1.8,0.8,1.1,november,2025-26,12.6,13.7,48.5,4.0,21.9,0.9,2.45,9.9,0.3,0.0,0.8,,23.9,13.1,,,34.3,4.9,5.6,,4.9,54.1,28.6,71.4,28.6,50.0,15.3,6-5,175.0,77
1642461,Spencer Jones,DEN,11,16.7,3.8,2.2,0.9,1.4,2.7,0.7,1.6,0.4,0.7,november,2025-26,9.2,6.9,62.6,3.1,12.5,0.3,1.43,8.8,0.5,0.0,1.7,,17.1,,,,40.8,,19.0,,7.6,80.0,0.0,100.0,0.0,59.25925925925925,16.7,6-7,225.0,79
1629011,Mitchell Robinson,NYK,11,17.0,3.6,8.2,0.7,1.7,2.7,0.0,0.0,0.2,1.2,november,2025-26,8.8,5.1,56.0,9.3,16.8,0.4,1.42,11.3,0.5,0.0,5.5,,,,11.7,,,,12.5,,52.3,55.3,52.6,47.4,52.6,0.0,17.0,7-0,240.0,84
1641737,Adem Bona,PHI,9,15.8,3.4,3.9,0.0,1.3,2.3,0.1,0.3,0.7,1.2,november,2025-26,9.1,0.0,60.0,5.9,13.9,0.3,1.42,7.2,0.4,0.1,2.3,,10.8,,8.5,,,,21.5,,30.8,46.2,41.7,58.3,41.7,13.043478260869565,15.8,6-10,235.0,82
1627759,Jaylen Brown,BOS,10,35.2,31.7,6.5,5.4,11.4,21.2,2.0,4.7,6.9,8.7,december,2025-26,35.3,25.4,63.3,17.5,70.0,5.4,4.59,38.8,0.8,0.8,1.2,20.6,20.4,22.2,1.8,4.7,13.0,4.1,1.1,7.4,1.8,58.3,73.7,26.3,73.7,22.169811320754718,35.2,6-6,223.0,78
1628983,Shai Gilgeous-Alexander,OKC,12,32.8,31.4,4.6,6.1,11.6,19.5,2.0,4.6,6.3,7.1,december,2025-26,30.9,29.6,69.5,20.5,63.8,5.8,5.43,20.1,1.0,1.3,0.9,26.3,14.1,37.3,,4.7,6.2,2.1,3.3,1.6,,62.2,78.4,21.6,78.4,23.589743589743588,32.8,6-6,195.0,78
1629029,Luka Dončić,LAL,9,34.6,31.0,7.2,7.9,9.9,22.4,2.9,10.0,8.3,10.7,december,2025-26,38.5,38.6,57.1,16.0,88.6,7.7,5.19,35.3,0.9,3.0,1.0,16.0,14.3,36.3,,7.6,8.7,2.3,1.3,7.4,1.7,65.1,71.9,28.1,71.9,44.642857142857146,34.6,6-8,230.0,80
1628973,Jalen Brunson,NYK,13,36.9,30.6,3.2,7.1,10.8,22.7,3.6,8.9,5.5,6.6,december,2025-26,30.5,30.1,59.8,13.7,96.9,8.7,5.41,36.8,0.3,0.5,0.5,14.4,14.3,36.0,,3.3,16.4,5.6,1.9,2.5,,73.1,66.4,33.6,66.4,39.207048458149785,36.9,6-2,190.0,74
203999,Nikola Jokić,DEN,13,34.3,30.6,11.8,11.0,10.8,19.2,2.2,5.2,6.8,7.9,december,2025-26,32.0,47.7,67.6,22.0,100.7,5.0,2.98,52.7,8.1,6.8,7.4,5.3,10.1,9.7,13.0,22.8,9.0,,7.3,5.3,9.3,64.6,46.8,53.2,46.8,27.083333333333336,34.3,6-11,284.0,83
201939,Stephen Curry,GSW,9,33.7,30.1,4.4,4.8,9.7,20.9,4.9,12.2,5.9,6.3,december,2025-26,31.2,22.8,63.6,14.5,71.2,4.9,4.17,34.6,1.8,0.0,2.3,10.1,13.8,21.1,,,11.6,12.0,7.0,18.0,1.3,72.0,39.1,60.9,39.1,58.3732057416268,33.7,6-2,185.0,74
202695,Kawhi Leonard,LAC,12,36.0,29.8,7.4,3.9,10.3,20.9,2.7,7.4,6.6,6.8,december,2025-26,31.4,18.9,62.2,18.5,61.5,4.5,4.37,33.7,1.8,1.4,2.5,16.5,19.6,25.9,,6.0,12.2,3.4,3.0,7.2,2.8,60.8,55.3,44.7,55.3,35.406698564593306,36.0,6-6,225.0,78
1630162,Anthony Edwards,MIN,11,37.4,29.4,5.8,3.3,10.1,19.7,2.9,7.7,6.3,7.9,december,2025-26,29.2,15.4,63.3,15.3,75.1,6.0,4.76,34.7,0.4,1.3,0.7,23.4,15.7,23.5,,4.9,12.9,7.3,2.0,4.8,1.2,48.6,56.8,43.2,56.8,39.08629441624365,37.4,6-4,225.0,76
1628378,Donovan Mitchell,CLE,13,33.1,29.3,4.4,5.6,10.4,21.5,3.7,9.5,4.8,5.5,december,2025-26,32.4,26.1,61.1,14.9,69.7,5.3,4.54,30.5,0.1,0.0,0.8,11.4,22.8,34.1,1.5,,11.4,6.9,1.9,3.8,1.6,61.8,63.7,36.3,63.7,44.18604651162791,33.1,6-2,215.0,74
1629008,Michael Porter Jr.,BKN,10,33.7,28.3,7.7,3.8,10.0,19.4,4.8,10.1,3.5,4.5,december,2025-26,29.5,19.6,66.2,17.9,60.5,2.2,2.18,39.8,1.5,0.4,4.4,6.9,13.2,5.7,2.7,2.5,21.5,16.9,8.5,13.1,4.9,56.9,24.0,76.0,24.0,52.0618556701031,33.7,6-10,218.0,82
1630178,Tyrese Maxey,PHI,10,38.2,28.0,3.6,6.1,10.3,22.3,3.5,8.3,3.9,4.2,december,2025-26,27.9,28.6,58.0,15.0,92.2,7.3,4.73,37.7,0.2,0.0,0.4,14.5,21.9,26.2,1.3,1.4,14.3,6.7,3.0,5.4,,74.2,57.3,42.7,57.3,37.219730941704036,38.2,6-2,200.0,74
1641718,Keyonte George,UTA,13,35.1,27.7,4.8,6.8,8.4,17.7,3.4,7.8,7.5,8.3,december,2025-26,28.4,28.9,64.9,13.8,79.5,5.6,4.26,37.6,0.5,0.0,0.4,12.3,14.8,29.3,1.4,,13.8,9.7,4.5,5.8,,80.4,40.4,59.6,40.4,44.06779661016949,35.1,6-4,185.0,76
1628374,Lauri Markkanen,UTA,9,35.6,27.1,8.4,2.0,8.9,18.1,2.6,6.4,6.8,7.4,december,2025-26,25.2,8.4,63.4,14.4,52.7,1.8,2.06,32.0,1.7,0.9,4.4,4.0,15.6,3.0,8.3,5.7,12.8,7.5,10.6,20.7,7.0,64.4,30.0,70.0,30.0,35.35911602209944,35.6,7-1,240.0,85
201142,Kevin Durant,HOU,13,36.3,26.6,5.0,5.4,9.4,17.1,2.5,5.0,5.4,5.9,december,2025-26,26.0,22.1,67.6,16.0,67.8,4.9,4.33,44.2,1.7,1.3,0.8,20.8,13.5,18.4,1.7,7.3,15.2,7.5,2.3,7.5,1.1,40.0,52.5,47.5,52.5,29.239766081871345,36.3,6-11,240.0,83
1627750,Jamal Murray,DEN,14,35.1,26.5,4.5,7.4,9.1,19.1,4.0,7.9,4.2,4.7,december,2025-26,27.8,30.1,62.4,14.8,78.3,6.8,5.18,34.0,0.5,0.6,0.7,14.6,13.0,35.4,,2.9,8.6,11.5,3.8,4.0,,65.1,57.8,42.2,57.8,41.361256544502616,35.1,6-4,215.0,76
203954,Joel Embiid,PHI,7,31.3,25.9,8.1,3.1,8.3,19.6,1.0,4.7,8.3,9.6,december,2025-26,35.2,19.0,54.4,14.8,70.4,2.6,2.23,52.7,3.7,4.9,5.3,12.3,7.0,,22.0,21.7,12.9,2.3,6.6,1.8,7.1,44.2,29.3,70.7,29.3,23.97959183673469,31.3,7-0,280.0,84
1630552,Jalen Johnson,ATL,12,36.3,25.8,11.2,10.1,9.8,18.9,1.8,5.2,4.5,5.0,december,2025-26,27.4,39.9,61.0,16.9,95.5,5.2,3.28,41.9,1.7,0.5,3.3,7.9,22.5,23.7,2.9,4.5,14.4,7.3,6.8,1.8,4.0,65.0,47.0,53.0,47.0,27.513227513227516,36.3,6-8,219.0,80
1626164,Devin Booker,PHX,9,30.4,25.1,3.7,5.1,8.6,18.4,1.3,4.9,6.7,8.2,december,2025-26,31.7,26.3,56.9,14.4,58.6,4.4,4.52,36.3,0.7,0.3,1.2,14.0,15.7,33.1,1.8,3.8,9.5,7.5,1.6,7.5,1.7,51.6,55.8,44.2,55.8,26.6304347826087,30.4,6-5,206.0,77
1630166,Deni Avdija,POR,14,36.7,24.6,7.4,8.5,7.3,16.1,1.9,5.9,8.2,10.6,december,2025-26,27.5,35.5,59.3,14.8,92.2,7.1,4.61,35.8,1.2,0.6,1.2,14.0,18.1,26.9,,3.1,19.0,4.8,4.0,4.7,1.7,55.6,52.0,48.0,52.0,36.64596273291925,36.7,6-8,228.0,80
1642843,Cooper Flagg,DAL,13,35.6,23.5,6.2,4.8,8.8,17.2,1.0,3.0,4.8,6.0,december,2025-26,25.9,18.7,59.5,13.0,68.9,4.2,3.62,32.8,1.2,0.5,1.8,13.3,20.8,26.1,1.6,3.3,16.2,3.7,3.8,3.9,3.5,53.4,52.2,47.8,52.2,17.441860465116278,35.6,6-9,205.0,81
1630595,Cade Cunningham,DET,13,34.4,23.5,6.0,10.1,8.4,17.2,2.1,5.8,4.6,5.5,december,2025-26,27.1,42.1,59.6,17.3,91.7,7.4,4.81,37.9,1.2,1.3,1.1,11.5,17.5,38.7,,3.5,8.5,8.4,1.6,4.4,1.3,52.6,69.7,30.3,69.7,33.72093023255814,34.4,6-6,220.0,78
201935,James Harden,LAC,11,35.2,23.5,3.3,6.5,6.9,16.1,2.9,8.2,6.7,7.9,december,2025-26,27.8,30.1,59.9,13.4,67.5,6.9,6.09,28.3,0.4,0.5,0.1,42.5,13.1,25.0,,1.3,7.5,4.6,,,,75.5,72.4,27.6,72.4,50.931677018633536,35.2,6-5,220.0,77
1630578,Alperen Sengun,HOU,9,34.7,23.4,9.9,6.4,9.7,18.1,0.1,1.7,4.0,5.3,december,2025-26,28.2,29.1,57.3,15.8,78.6,3.9,3.01,49.8,6.2,4.6,6.9,14.9,13.5,5.2,9.2,21.7,11.8,,9.1,,7.4,54.7,52.9,47.1,52.9,9.392265193370166,34.7,6-11,243.0,83
1629627,Zion Williamson,NOP,9,25.9,23.4,6.0,2.7,8.2,13.6,0.0,0.0,7.0,8.7,december,2025-26,29.0,18.8,67.5,18.1,44.6,2.5,3.32,22.7,1.7,2.0,5.2,23.8,15.0,15.3,4.8,10.2,5.5,2.6,10.5,,8.6,57.1,51.4,48.6,51.4,0.0,25.9,6-6,284.0,78
1627742,Brandon Ingram,TOR,14,34.8,23.1,6.2,3.9,8.7,19.0,2.3,6.0,3.4,4.2,december,2025-26,27.9,18.7,55.3,12.5,62.6,3.4,3.26,43.5,1.4,1.9,1.9,13.8,16.6,16.2,,7.7,18.3,5.8,4.3,12.1,2.4,50.0,43.4,56.6,43.4,31.57894736842105,34.8,6-8,190.0,80
1627783,Pascal Siakam,IND,14,32.8,22.9,5.8,2.9,8.4,17.6,1.9,4.6,4.1,6.1,december,2025-26,28.4,15.1,56.4,12.1,66.7,2.9,2.64,35.9,2.2,3.2,3.0,13.3,20.6,13.9,6.5,11.3,16.2,3.0,3.2,4.0,5.0,76.9,52.5,47.5,52.5,26.13636363636363,32.8,6-8,245.0,80
1631101,Shaedon Sharpe,POR,14,31.4,22.9,4.1,2.9,8.7,18.8,2.4,5.4,3.1,4.0,december,2025-26,30.0,16.7,55.6,11.4,59.7,4.1,4.17,27.6,1.4,0.0,2.1,12.3,19.5,31.7,,,16.7,5.1,4.8,2.1,2.8,82.4,61.5,38.5,61.5,28.723404255319153,31.4,6-5,210.0,77
203507,Giannis Antetokounmpo,MIL,5,22.6,22.8,7.0,3.2,8.6,13.8,0.2,1.2,5.4,8.2,december,2025-26,38.0,25.8,65.5,17.8,52.8,3.2,3.62,29.0,3.0,5.4,5.8,10.9,26.0,7.7,6.4,20.2,6.1,,7.9,,8.9,64.3,44.2,55.8,44.2,8.695652173913043,22.6,6-11,243.0,83
1626181,Norman Powell,MIA,12,32.1,22.6,4.2,3.3,7.8,17.0,2.5,7.3,4.6,5.5,december,2025-26,26.4,14.7,58.1,11.4,47.8,2.0,2.56,33.4,0.6,0.0,0.3,10.9,24.6,11.3,,,32.5,3.8,1.5,10.9,,71.4,38.7,61.3,38.7,42.94117647058823,32.1,6-3,215.0,75
1626157,Karl-Anthony Towns,NYK,12,31.8,22.3,11.3,2.3,7.3,13.8,1.9,4.3,5.9,6.8,december,2025-26,24.9,10.6,66.3,15.6,48.3,1.8,2.2,33.6,2.3,2.4,4.6,10.0,15.2,1.6,13.8,11.1,19.9,1.9,5.9,2.3,12.6,69.8,34.5,65.5,34.5,31.15942028985507,31.8,7-0,248.0,84
203924,Jerami Grant,POR,7,33.9,22.3,5.6,3.3,7.1,17.1,3.3,8.6,4.7,5.1,december,2025-26,24.9,16.1,57.4,11.1,55.6,2.8,3.04,35.3,0.6,0.6,1.6,10.7,16.2,13.9,2.2,2.0,35.4,4.8,4.6,4.2,2.4,66.7,20.0,80.0,20.0,50.29239766081871,33.9,6-7,213.0,79
1628401,Derrick White,BOS,12,34.2,22.3,4.8,5.3,7.7,17.1,4.2,10.9,2.8,3.0,december,2025-26,26.3,22.4,60.5,13.9,80.3,5.6,4.15,32.0,0.1,0.0,0.8,4.7,10.8,35.1,1.6,,25.9,9.5,1.3,5.1,1.7,47.5,48.9,51.1,48.9,63.74269005847953,34.2,6-4,190.0,76
1629630,Ja Morant,MEM,5,26.7,22.2,2.6,6.8,8.2,16.2,1.2,2.8,4.6,5.6,december,2025-26,30.9,43.0,59.5,15.4,66.8,5.5,4.96,25.2,0.4,0.4,1.0,14.1,19.6,40.4,,,11.0,5.0,2.4,,,53.8,73.2,26.8,73.2,17.28395061728395,26.7,6-2,174.0,74
1641705,Victor Wembanyama,SAS,9,23.2,21.9,10.1,2.6,7.6,13.3,1.2,3.0,5.6,6.8,december,2025-26,33.1,18.4,67.1,23.8,46.9,1.9,2.37,29.6,4.2,1.7,6.4,14.5,16.8,6.7,8.2,11.7,13.5,2.6,8.6,7.5,6.1,54.3,33.8,66.2,33.8,22.55639097744361,23.2,7-4,235.0,88
2544,LeBron James,LAL,11,33.0,21.6,4.8,5.9,8.0,16.1,1.5,5.0,4.1,5.9,december,2025-26,27.5,29.4,57.9,13.6,67.5,3.5,3.11,41.1,3.5,2.3,2.1,12.8,24.5,12.5,3.1,12.1,12.6,,5.7,7.5,1.9,63.6,51.1,48.9,51.1,31.05590062111801,33.0,6-9,250.0,81
1630559,Austin Reaves,LAL,7,31.8,21.6,3.9,5.0,6.9,14.6,2.6,6.9,5.3,6.3,december,2025-26,28.0,24.6,62.2,11.2,66.6,5.6,5.05,23.4,0.1,0.0,0.6,13.5,15.8,35.6,,,14.0,5.6,,5.6,,67.6,70.8,29.2,70.8,47.26027397260275,31.8,6-5,197.0,77
1630530,Trey Murphy III,NOP,14,35.2,21.5,6.0,3.8,7.9,14.9,2.4,6.0,3.3,3.7,december,2025-26,20.7,14.8,65.2,12.6,57.4,2.5,2.62,28.5,0.9,0.0,3.6,6.6,20.1,16.5,2.1,,23.4,9.4,8.3,7.1,3.2,65.3,23.4,76.6,23.4,40.26845637583892,35.2,6-8,206.0,80
1628415,Dillon Brooks,PHX,12,30.6,21.4,3.0,1.6,8.1,17.4,2.3,6.4,2.9,3.8,december,2025-26,27.5,8.4,56.2,8.8,41.3,2.3,3.4,24.1,0.6,1.8,0.5,9.3,14.6,19.9,1.5,9.9,31.8,2.8,1.7,2.8,2.4,66.7,53.6,46.4,53.6,36.781609195402304,30.6,6-7,225.0,79
1630163,LaMelo Ball,CHA,10,26.8,21.4,4.0,8.0,7.2,15.9,4.4,9.3,2.6,3.0,december,2025-26,31.8,45.5,62.1,14.6,70.8,5.7,4.79,29.8,0.2,0.0,0.5,12.2,12.8,39.4,1.6,,19.4,6.5,,1.7,2.0,41.2,48.6,51.4,48.6,58.490566037735846,26.8,6-7,180.0,79
203944,Julius Randle,MIN,14,34.0,21.3,6.2,5.6,7.1,15.6,1.2,4.1,5.8,7.0,december,2025-26,25.3,24.8,57.1,12.4,63.4,3.3,3.14,42.4,2.6,3.4,3.6,15.8,16.5,9.4,7.3,10.1,21.1,2.4,5.0,3.2,5.4,57.4,42.0,58.0,42.0,26.282051282051285,34.0,6-9,250.0,81
203076,Anthony Davis,DAL,10,30.1,21.2,11.8,2.9,9.2,17.8,0.7,1.9,2.1,3.1,december,2025-26,28.6,14.3,55.3,16.3,57.3,2.2,2.28,36.6,5.2,3.8,8.3,11.5,10.3,5.8,19.3,12.5,9.8,,8.8,,14.5,45.6,39.1,60.9,39.1,10.674157303370785,30.1,6-10,253.0,82
1641706,Brandon Miller,CHA,11,33.2,21.0,4.9,3.5,7.5,18.7,2.8,8.2,3.1,3.7,december,2025-26,27.9,16.5,51.6,8.4,64.1,3.6,3.35,37.1,1.1,0.5,1.4,10.8,16.1,20.6,9.6,2.7,20.2,9.0,,3.4,,47.4,36.1,63.9,36.1,43.85026737967914,33.2,6-7,200.0,79
1642851,Kon Knueppel,CHA,12,32.5,20.8,4.2,4.7,7.3,14.5,4.0,8.7,2.3,2.6,december,2025-26,23.1,21.7,66.6,11.8,59.2,2.7,2.71,36.5,0.5,0.1,1.1,,19.0,15.5,9.3,,28.7,10.0,1.7,6.8,3.4,59.0,27.6,72.4,27.6,60.0,32.5,6-6,215.0,78
1629027,Trae Young,WAS,5,28.2,20.8,1.0,10.0,6.0,13.0,2.6,6.6,6.2,6.8,december,2025-26,26.0,44.2,65.0,12.4,70.6,5.4,4.62,28.8,0.0,0.0,0.0,12.0,20.4,39.3,,,8.4,10.5,,,,73.9,40.0,60.0,40.0,50.76923076923077,28.2,6-2,164.0,74
1629638,Nickeil Alexander-Walker,ATL,14,32.8,20.7,3.3,2.6,7.3,16.9,3.4,8.7,2.8,3.3,december,2025-26,24.1,11.3,56.6,8.3,60.5,3.1,3.09,28.9,0.4,0.0,1.1,2.9,27.3,18.8,2.9,,22.7,7.1,2.9,9.1,1.3,68.2,26.5,73.5,26.5,51.4792899408284,32.8,6-5,205.0,77
1630217,Desmond Bane,ORL,14,35.2,20.2,4.8,4.7,7.5,16.7,1.9,5.1,3.3,3.5,december,2025-26,23.3,20.2,55.4,10.1,66.6,3.9,3.49,36.2,0.6,0.0,1.4,7.0,19.3,25.5,,,17.4,7.4,4.1,9.1,3.8,63.5,41.9,58.1,41.9,30.53892215568862,35.2,6-6,215.0,78
1629645,Kevin Porter Jr.,MIL,13,35.8,19.9,5.8,8.0,6.8,14.5,2.1,5.5,4.2,5.0,december,2025-26,24.8,35.5,59.8,14.2,86.2,7.4,5.14,34.5,0.5,0.1,1.1,9.8,13.6,45.2,,2.4,16.0,5.5,,,,48.4,61.8,38.2,61.8,37.93103448275862,35.8,6-5,203.0,77
1628368,De'Aaron Fox,SAS,13,31.4,19.8,3.8,5.5,7.2,15.5,2.2,6.0,3.2,4.3,december,2025-26,24.7,25.6,56.9,11.3,70.1,5.2,4.47,25.5,0.6,0.0,0.8,10.1,22.8,29.1,,,18.1,6.4,2.0,3.7,1.7,64.3,67.7,32.3,67.7,38.70967741935484,31.4,6-3,185.0,75
203468,CJ McCollum,ATL,14,32.6,19.5,3.6,4.1,7.1,15.8,2.5,7.3,2.7,3.4,december,2025-26,24.0,18.8,56.5,9.8,64.2,4.9,4.6,28.6,0.7,0.0,0.6,8.8,18.2,31.4,,,17.8,9.7,,6.3,,62.7,57.0,43.0,57.0,46.202531645569614,32.6,6-3,190.0,75
1641708,Amen Thompson,HOU,13,37.3,19.2,7.9,5.4,7.6,13.5,0.2,1.8,3.8,4.6,december,2025-26,20.1,19.8,62.1,13.0,70.3,5.2,4.47,25.7,1.2,0.0,7.2,9.4,21.4,23.0,,,13.2,2.9,17.8,,5.9,60.5,49.5,50.5,49.5,13.333333333333334,37.3,6-7,200.0,79
1641710,Anthony Black,ORL,14,33.1,18.9,5.9,4.5,6.8,15.3,1.9,5.4,3.5,4.7,december,2025-26,24.7,20.3,54.5,10.5,64.5,3.5,3.27,35.8,0.6,0.4,1.9,4.4,27.4,21.8,,,25.5,4.7,3.6,1.9,2.7,61.8,35.8,64.2,35.8,35.294117647058826,33.1,6-7,200.0,79
1631094,Paolo Banchero,ORL,12,33.7,18.9,8.4,5.2,6.6,15.5,0.8,3.4,5.0,6.8,december,2025-26,26.1,23.1,51.2,11.7,75.6,4.2,3.36,38.2,2.4,2.8,3.7,14.7,19.8,19.4,5.2,9.3,15.4,2.6,4.7,3.6,2.6,57.3,43.0,57.0,43.0,21.935483870967744,33.7,6-10,250.0,82
202710,Jimmy Butler III,GSW,11,31.4,18.7,5.3,4.5,5.8,11.7,0.7,2.0,6.4,7.3,december,2025-26,21.9,21.1,62.7,13.3,62.3,3.7,3.58,39.5,0.8,1.3,5.1,17.7,17.2,13.1,2.7,6.1,14.0,1.7,12.1,2.4,7.9,69.2,40.6,59.4,40.6,17.094017094017094,31.4,6-6,230.0,78
201942,DeMar DeRozan,SAC,12,33.3,18.7,4.3,4.0,6.8,13.3,0.8,2.3,4.4,5.0,december,2025-26,20.1,17.9,60.4,12.6,44.3,3.1,4.14,27.1,1.8,2.1,1.0,19.9,10.0,17.6,1.7,12.0,19.1,6.1,3.9,4.6,1.7,71.7,55.6,44.4,55.6,17.293233082706767,33.3,6-6,220.0,78
1642264,Stephon Castle,SAS,11,28.9,18.6,3.8,6.4,6.5,13.3,1.3,4.4,4.5,5.9,december,2025-26,27.6,32.0,58.7,10.3,66.4,4.8,4.37,26.5,0.5,0.2,1.7,8.4,22.1,28.3,,,20.5,3.7,3.2,2.3,4.0,78.0,59.2,40.8,59.2,33.08270676691729,28.9,6-6,215.0,78
1630591,Jalen Suggs,ORL,7,29.1,18.6,3.1,4.4,7.0,15.4,2.3,7.3,2.3,3.1,december,2025-26,26.5,22.1,55.2,10.4,66.4,3.8,3.43,28.4,0.1,0.3,1.3,6.6,24.5,25.2,,,20.4,7.3,,,4.0,64.7,42.9,57.1,42.9,47.4025974025974,29.1,6-5,205.0,77
1628991,Jaren Jackson Jr.,MEM,12,30.8,18.4,6.7,2.3,6.8,14.5,1.5,4.2,3.3,4.6,december,2025-26,24.6,11.0,55.8,11.3,48.3,2.0,2.45,28.5,0.9,3.6,3.3,11.1,15.3,2.1,9.7,19.8,26.4,1.5,3.4,,3.9,48.0,36.6,63.4,36.6,28.965517241379313,30.8,6-10,242.0,82
1631096,Chet Holmgren,OKC,12,27.4,18.3,7.9,1.3,7.0,11.8,1.5,3.3,2.8,3.7,december,2025-26,23.4,6.8,68.6,15.4,41.0,1.5,2.21,22.0,2.3,1.1,4.8,7.8,16.0,2.8,14.1,6.5,19.7,,13.4,4.3,9.6,47.1,28.6,71.4,28.6,27.966101694915253,27.4,7-1,208.0,85
1629636,Darius Garland,CLE,12,31.6,18.3,2.6,6.9,6.5,15.0,2.4,6.9,2.9,3.3,december,2025-26,24.9,31.9,55.7,10.2,70.8,5.3,4.47,28.6,0.1,0.0,0.6,6.7,16.2,41.8,,,17.1,5.4,3.1,2.9,,58.7,59.0,41.0,59.0,46.0,31.6,6-1,192.0,73
1630567,Scottie Barnes,TOR,14,35.3,17.9,9.6,5.8,7.2,14.6,1.0,3.5,2.5,3.1,december,2025-26,22.1,24.9,55.9,14.1,74.9,3.3,2.62,39.4,3.1,2.6,5.5,7.9,21.7,13.1,5.7,10.7,19.7,2.2,9.3,1.5,5.0,56.3,35.6,64.4,35.6,23.972602739726028,35.3,6-8,237.0,80
1631114,Jalen Williams,OKC,13,29.5,17.8,5.2,5.5,6.9,14.7,0.9,3.1,3.0,3.6,december,2025-26,26.1,26.2,54.6,13.6,58.8,4.1,4.19,23.5,0.5,0.0,1.2,14.8,21.0,36.0,,,16.9,3.0,4.3,,,60.0,64.4,35.6,64.4,21.08843537414966,29.5,6-5,211.0,77
1630180,Saddiq Bey,NOP,14,32.1,17.6,5.7,2.4,6.4,14.5,1.1,4.7,3.7,3.9,december,2025-26,20.7,9.8,54.4,10.4,41.6,1.9,2.67,28.5,1.0,2.1,2.6,6.5,19.0,7.8,2.2,13.8,28.5,6.0,4.9,1.9,6.7,60.9,41.1,58.9,41.1,32.41379310344828,32.1,6-8,215.0,80
1630581,Josh Giddey,CHI,13,31.2,17.5,7.5,8.6,6.1,13.2,1.9,5.1,3.5,4.4,december,2025-26,24.7,38.8,58.1,14.1,91.1,5.7,3.76,37.2,1.1,0.2,1.2,5.0,22.8,38.8,,,16.0,4.5,4.3,,,66.7,53.2,46.8,53.2,38.63636363636363,31.2,6-7,214.0,79
1629673,Jordan Poole,NOP,9,25.8,17.2,2.2,3.2,5.2,13.1,2.2,8.4,4.6,5.1,december,2025-26,24.5,17.1,56.1,10.6,49.6,3.4,4.13,21.4,0.1,0.0,0.3,7.9,19.9,30.6,,,14.3,12.9,,5.4,,61.1,42.6,57.4,42.6,64.12213740458016,25.8,6-4,194.0,76
1629614,Andrew Nembhard,IND,14,32.1,17.1,2.9,7.1,6.4,14.3,1.7,4.6,2.6,3.3,december,2025-26,24.0,36.5,54.5,11.1,87.4,6.2,4.23,35.6,0.3,0.2,0.9,8.9,14.8,38.5,,,21.4,7.1,,,,65.6,61.1,38.9,61.1,32.16783216783216,32.1,6-4,191.0,76
202331,Paul George,PHI,10,31.5,17.1,5.4,3.3,5.5,13.8,3.1,7.1,3.0,3.1,december,2025-26,22.1,16.3,56.4,10.8,68.0,3.5,3.12,31.6,0.6,1.0,0.5,18.4,12.4,14.2,,5.5,22.9,3.2,,12.4,,65.0,47.3,52.7,47.3,51.449275362318836,31.5,6-8,220.0,80
1642845,VJ Edgecombe,PHI,11,33.5,17.1,5.0,3.8,6.3,14.5,2.5,6.3,2.1,2.5,december,2025-26,20.6,18.4,54.9,9.5,69.6,4.1,3.57,34.5,0.5,0.0,1.8,8.3,20.3,21.9,3.4,,27.2,4.2,3.3,2.5,3.9,66.0,31.9,68.1,31.9,43.44827586206896,33.5,6-4,180.0,76
1629632,Coby White,CHI,11,26.9,16.9,3.3,4.0,5.4,12.1,1.8,5.8,4.4,5.5,december,2025-26,26.2,20.3,58.2,8.9,49.4,3.2,3.88,25.7,0.5,0.0,0.3,7.7,29.3,29.6,,,20.9,3.1,,2.6,,75.8,55.9,44.1,55.9,47.93388429752066,26.9,6-4,210.0,76
1630193,Immanuel Quickley,TOR,13,32.3,16.8,3.8,6.2,5.3,13.3,2.5,7.2,3.7,4.1,december,2025-26,21.8,27.6,55.5,11.1,74.6,5.6,4.52,30.5,0.6,0.0,0.8,6.1,28.1,20.9,,,25.4,6.4,1.9,4.1,1.4,66.0,37.7,62.3,37.7,54.13533834586466,32.3,6-2,190.0,74
1631095,Jabari Smith Jr.,HOU,13,36.0,16.8,7.5,2.0,6.2,12.9,2.5,6.5,2.0,2.5,december,2025-26,18.1,7.4,59.9,9.5,52.1,2.0,2.25,25.1,1.3,0.7,3.1,5.6,19.2,4.7,5.3,5.8,36.8,3.9,7.5,2.5,5.4,64.0,25.0,75.0,25.0,50.3875968992248,36.0,6-11,220.0,83
1631170,Jaime Jaquez Jr.,MIA,13,29.5,16.8,4.1,4.0,6.8,13.0,0.6,1.8,2.6,3.5,december,2025-26,23.1,20.3,57.6,10.3,65.5,3.5,3.2,30.7,1.1,0.6,2.0,14.8,29.4,5.3,,5.7,26.6,,5.8,,4.0,53.3,47.7,52.3,47.7,13.846153846153847,29.5,6-6,225.0,78
1630168,Onyeka Okongwu,ATL,14,33.8,16.6,8.4,3.9,6.2,13.6,1.9,5.7,2.4,2.9,december,2025-26,19.8,16.4,55.8,10.0,60.5,1.5,1.51,39.8,2.9,0.6,6.2,1.6,15.5,2.1,11.6,6.9,28.0,3.2,11.2,3.4,7.5,63.8,26.4,73.6,26.4,41.911764705882355,33.8,6-10,240.0,82
1626171,Bobby Portis,MIL,13,26.7,16.5,7.6,1.7,6.5,12.9,2.5,5.2,1.2,1.5,december,2025-26,23.6,11.3,60.8,15.7,53.4,1.7,1.88,31.2,1.1,3.1,2.8,3.2,11.0,,15.8,19.8,31.1,,6.6,,5.8,60.7,23.8,76.2,23.8,40.310077519379846,26.7,6-9,250.0,81
1628969,Mikal Bridges,NYK,14,35.5,16.5,4.6,4.4,6.9,13.1,2.4,5.8,0.4,0.5,december,2025-26,16.9,17.1,61.7,10.8,59.1,2.6,2.65,32.1,1.1,0.2,2.6,2.3,25.3,9.1,3.4,2.3,36.2,6.3,5.0,4.8,2.7,65.8,19.8,80.2,19.8,44.274809160305345,35.5,6-6,209.0,78
1628389,Bam Adebayo,MIA,11,31.7,16.4,10.8,2.4,6.4,13.2,0.9,3.4,2.7,4.0,december,2025-26,21.7,10.9,54.8,12.7,56.9,2.2,2.34,29.2,2.8,2.3,4.0,8.0,20.2,,9.1,11.3,30.1,,7.1,2.4,6.5,64.9,35.7,64.3,35.7,25.757575757575758,31.7,6-9,255.0,81
1631221,Collin Gillespie,PHX,12,31.4,16.3,4.5,5.4,5.8,12.8,3.3,7.6,1.3,1.3,december,2025-26,19.8,23.6,60.5,12.2,67.3,4.3,3.84,28.2,0.7,0.0,1.2,3.3,16.4,33.5,,,22.7,7.6,2.2,7.0,2.0,67.3,40.0,60.0,40.0,59.374999999999986,31.4,6-1,195.0,73
1631105,Jalen Duren,DET,13,28.2,16.2,9.5,1.5,7.0,11.3,0.0,0.0,2.2,3.6,december,2025-26,20.9,7.8,62.9,13.5,46.7,1.6,2.0,23.2,4.5,0.9,9.3,8.9,12.2,3.2,14.9,8.7,6.8,,20.0,,16.4,53.5,40.7,59.3,40.7,0.0,28.2,6-10,250.0,82
201566,Russell Westbrook,SAC,12,30.1,16.2,5.8,7.5,6.2,14.4,1.9,5.8,1.9,2.8,december,2025-26,25.7,38.1,51.6,11.7,74.3,5.9,4.76,30.4,0.3,0.4,2.2,13.4,18.3,25.8,,5.1,26.7,,2.2,,2.8,68.8,63.5,36.5,63.5,40.27777777777777,30.1,6-4,200.0,76
1631097,Bennedict Mathurin,IND,14,32.0,16.1,5.4,1.9,5.1,12.4,2.1,6.1,3.8,4.0,december,2025-26,21.3,9.5,56.9,8.5,53.4,2.2,2.43,31.5,1.4,0.0,2.0,9.0,22.3,27.0,,,17.2,5.2,7.6,5.7,,58.0,38.0,62.0,38.0,49.19354838709677,32.0,6-5,210.0,77
1630596,Evan Mobley,CLE,9,29.9,16.0,8.7,3.8,6.4,12.8,0.6,3.0,2.6,3.1,december,2025-26,21.3,17.6,56.6,13.0,60.8,2.1,2.09,32.2,2.3,1.9,7.1,4.7,16.0,9.5,14.3,8.0,17.9,1.6,13.8,2.7,6.5,46.9,32.8,67.2,32.8,23.4375,29.9,6-11,215.0,83
1630202,Payton Pritchard,BOS,12,33.7,16.0,4.8,5.8,6.1,14.4,2.4,7.8,1.4,1.7,december,2025-26,20.7,23.6,52.8,11.1,68.7,4.9,4.32,27.9,0.3,0.0,1.2,12.8,16.2,25.6,1.9,,26.2,6.4,,5.1,1.8,56.4,63.0,37.0,63.0,54.166666666666664,33.7,6-1,195.0,73
1642285,Cam Spencer,MEM,11,28.4,15.9,3.2,7.1,5.2,9.5,3.0,5.7,2.5,2.6,december,2025-26,17.6,34.2,74.9,14.8,69.1,4.1,3.59,34.3,0.4,0.0,0.6,3.0,15.9,36.1,,,21.9,4.0,,10.2,,65.8,40.4,59.6,40.4,60.0,28.4,6-3,205.0,75
1630583,Santi Aldama,MEM,12,31.2,15.8,6.8,2.9,5.9,12.1,2.1,5.5,1.9,2.8,december,2025-26,19.0,13.1,59.4,10.6,63.0,1.9,1.8,34.4,1.3,0.3,3.5,,22.8,2.3,8.8,4.1,40.1,,6.8,,7.0,61.3,14.1,85.9,14.1,45.45454545454546,31.2,7-0,215.0,84
1642281,Jaylon Tyson,CLE,14,28.8,15.8,6.7,2.1,6.4,11.5,1.7,3.9,1.4,1.7,december,2025-26,19.5,10.4,64.4,10.8,42.6,1.5,2.13,23.6,2.1,0.0,4.1,,21.6,5.4,8.2,,34.7,2.6,9.6,,7.6,51.2,24.7,75.3,24.7,33.91304347826087,28.8,6-6,215.0,78
1628970,Miles Bridges,CHA,12,30.7,15.7,6.0,4.1,5.9,13.8,1.4,5.3,2.4,3.1,december,2025-26,22.4,19.9,51.6,10.6,54.9,2.5,2.79,32.1,0.7,0.9,2.3,9.0,16.5,14.9,7.4,4.9,29.8,7.2,3.2,,2.1,52.6,35.2,64.8,35.2,38.405797101449274,30.7,6-7,225.0,79
202696,Nikola Vučević,CHI,14,29.4,15.6,7.8,3.1,6.7,13.4,1.6,4.4,0.6,0.9,december,2025-26,21.2,15.2,56.5,11.9,61.3,1.5,1.43,44.6,4.1,3.2,6.4,,12.5,,28.8,16.1,15.2,,10.0,3.6,7.6,67.0,16.0,84.0,16.0,32.83582089552239,29.4,6-9,265.0,81
1631157,Ryan Rollins,MIL,13,29.7,15.6,4.5,5.6,5.8,12.8,2.3,5.6,1.6,2.2,december,2025-26,22.7,28.5,56.5,11.2,64.2,4.6,4.28,29.2,0.2,0.0,0.6,7.3,19.3,39.6,,,18.2,5.3,,,1.8,62.0,63.2,36.8,63.2,43.74999999999999,29.7,6-3,180.0,75
1630230,Naji Marshall,DAL,13,31.0,15.5,4.1,2.9,6.3,10.5,0.8,2.5,2.1,2.6,december,2025-26,17.2,12.2,66.9,9.5,39.5,1.7,2.61,21.6,1.5,0.0,2.1,5.6,31.6,10.9,3.9,,29.1,,6.0,2.4,2.4,61.9,35.4,64.6,35.4,23.809523809523807,31.0,6-6,220.0,78
1642875,Maxime Raynaud,SAC,12,30.6,15.5,9.3,1.4,6.7,11.6,0.4,1.0,1.8,2.4,december,2025-26,19.2,7.3,61.3,11.6,48.5,1.2,1.42,26.8,4.8,0.8,10.3,,7.9,,30.1,7.6,9.1,,26.9,,10.5,64.7,13.7,86.3,13.7,8.620689655172415,30.6,7-1,250.0,85
1629675,Naz Reid,MIN,14,29.2,15.4,7.1,2.9,5.5,12.6,2.9,7.9,1.6,1.8,december,2025-26,20.5,14.8,57.8,12.4,56.3,1.7,1.77,26.8,0.9,0.9,1.4,3.8,17.2,4.8,9.1,8.1,30.7,4.7,3.6,8.4,4.3,63.8,24.7,75.3,24.7,62.698412698412696,29.2,6-9,264.0,81
1642907,Cedric Coward,MEM,11,27.5,15.4,7.5,3.4,5.9,11.6,1.2,4.3,2.4,2.9,december,2025-26,21.5,18.6,59.5,13.3,60.5,2.9,2.88,27.8,0.7,0.1,2.6,2.4,27.0,16.5,,,27.2,4.2,4.8,5.2,6.5,49.0,47.7,52.3,47.7,37.06896551724138,27.5,6-5,206.0,77
1641824,Matas Buzelis,CHI,14,26.5,15.4,4.6,1.6,5.6,10.7,1.8,5.1,2.3,3.0,december,2025-26,20.7,8.4,63.8,9.6,45.4,2.0,2.58,21.9,0.9,0.1,1.9,4.1,27.9,19.6,1.6,,29.8,2.6,6.5,,3.6,62.1,35.4,64.6,35.4,47.66355140186916,26.5,6-8,196.0,80
203952,Andrew Wiggins,MIA,12,31.4,15.3,4.9,3.1,6.1,12.6,2.1,4.3,1.1,1.5,december,2025-26,19.2,12.9,57.9,9.6,44.7,2.0,2.65,30.1,0.3,1.2,2.2,10.9,22.1,7.6,,6.8,32.5,2.0,3.8,2.5,7.8,60.0,43.8,56.2,43.8,34.12698412698413,31.4,6-6,197.0,78
1641730,Noah Clowney,BKN,11,29.9,15.1,4.7,2.4,4.6,11.4,2.5,7.0,3.4,4.0,december,2025-26,21.9,11.6,57.5,8.2,44.5,1.6,2.19,25.5,0.9,0.0,1.0,4.6,18.6,4.4,3.9,,41.8,10.3,2.6,4.6,2.4,64.1,17.6,82.4,17.6,61.40350877192983,29.9,6-10,210.0,82
1642852,Derik Queen,NOP,14,29.2,15.0,8.4,5.0,5.8,11.0,0.4,1.2,3.1,4.1,december,2025-26,21.9,23.3,58.6,12.4,61.4,3.1,3.04,32.7,2.0,1.4,3.4,18.6,19.6,7.2,8.9,6.3,11.2,,8.5,,9.7,58.0,61.7,38.3,61.7,10.909090909090908,29.2,6-9,250.0,81
203501,Tim Hardaway Jr.,DEN,14,30.0,14.8,2.9,1.5,5.1,11.1,2.9,7.6,1.7,1.9,december,2025-26,17.6,6.7,61.7,7.9,36.0,1.1,1.79,21.6,0.5,0.0,0.6,2.2,21.3,5.7,3.2,,32.4,12.1,2.8,15.8,,77.5,15.5,84.5,15.5,68.46846846846847,30.0,6-5,205.0,77
1628384,OG Anunoby,NYK,11,33.5,14.5,5.3,1.9,4.8,11.7,1.5,5.3,3.4,4.0,december,2025-26,19.5,7.4,53.9,7.0,44.5,1.4,1.95,26.6,0.5,0.5,2.4,5.9,22.4,5.9,3.0,2.8,38.2,4.8,5.3,3.4,4.4,54.9,17.0,83.0,17.0,45.2991452991453,33.5,6-7,240.0,79
1642377,Jaylen Wells,MEM,12,30.0,14.3,3.8,2.0,4.8,10.8,1.8,4.8,2.9,3.6,december,2025-26,18.7,9.2,58.1,8.4,38.3,1.8,2.89,25.1,0.8,0.1,1.5,3.0,21.5,12.7,,,39.8,3.8,4.8,4.2,3.2,53.3,20.7,79.3,20.7,44.44444444444444,30.0,6-7,,79
1642259,Alex Sarr,WAS,7,25.4,14.3,7.3,2.1,6.0,12.7,1.0,2.9,1.3,1.6,december,2025-26,23.1,14.3,53.3,13.2,47.0,1.7,2.14,29.9,4.6,1.1,6.1,5.3,10.0,,22.6,8.3,21.6,,15.0,,10.5,46.3,31.0,69.0,31.0,22.83464566929134,25.4,7-0,205.0,84
1630540,Miles McBride,NYK,6,26.2,14.2,2.5,2.5,4.3,8.8,3.2,6.8,2.3,2.5,december,2025-26,16.3,11.7,71.3,10.3,37.5,1.5,2.38,21.7,0.3,0.0,0.3,4.7,19.5,14.5,,,38.1,11.5,,3.0,,42.4,26.9,73.1,26.9,77.27272727272727,26.2,6-2,195.0,74
1629023,P.J. Washington,DAL,9,32.5,14.1,7.6,1.3,5.8,11.2,1.0,3.6,1.6,2.2,december,2025-26,17.5,5.6,57.8,10.2,47.1,1.5,1.95,20.6,2.2,0.7,3.2,4.1,20.9,6.3,5.4,6.1,29.9,4.1,8.2,,6.8,59.7,34.6,65.4,34.6,32.142857142857146,32.5,6-7,230.0,79
1642273,Kyshawn George,WAS,11,32.7,13.8,5.0,5.5,5.1,11.4,2.0,5.5,1.6,2.2,december,2025-26,18.7,21.7,56.1,7.5,58.9,3.1,3.13,32.4,0.5,1.0,0.6,6.1,21.1,29.6,,3.4,17.9,7.5,,3.2,2.7,63.1,42.9,57.1,42.9,48.24561403508772,32.7,6-8,200.0,80
203471,Dennis Schröder,SAC,8,24.4,13.8,3.0,5.5,4.1,9.6,1.4,3.5,4.1,4.6,december,2025-26,23.8,37.3,59.0,13.1,62.6,4.9,4.66,25.8,0.3,0.0,0.4,14.8,11.2,36.6,,,23.1,5.2,,,,75.0,60.6,39.4,60.6,36.458333333333336,24.4,6-1,175.0,73
1627826,Ivica Zubac,LAC,8,30.9,13.8,10.3,2.1,5.6,8.9,0.0,0.0,2.5,3.9,december,2025-26,17.4,9.8,65.0,12.4,49.8,1.6,1.94,31.1,5.3,4.9,12.0,,5.5,,18.4,28.3,,,20.1,,20.3,56.8,28.9,71.1,28.9,0.0,30.9,7-0,240.0,84
1629640,Keldon Johnson,SAS,14,21.7,13.7,6.1,0.9,5.0,8.7,1.5,3.0,2.2,3.1,december,2025-26,19.7,6.0,68.1,13.2,36.4,1.3,2.19,18.1,0.3,0.1,2.3,3.9,20.0,2.8,,4.4,32.0,7.4,9.2,,10.9,65.1,31.4,68.6,31.4,34.48275862068966,21.7,6-6,220.0,78
1628404,Josh Hart,NYK,10,33.8,13.7,8.5,5.1,5.2,10.4,1.9,4.7,1.4,1.5,december,2025-26,16.7,19.5,61.9,12.0,66.1,2.8,2.57,29.9,0.6,0.0,2.5,,21.0,10.3,,,45.6,4.0,4.6,,,60.0,28.8,71.2,28.8,45.19230769230769,33.8,6-5,215.0,77
1630170,Devin Vassell,SAS,13,30.0,13.7,4.7,2.4,4.5,11.5,2.6,7.0,2.2,2.5,december,2025-26,17.7,10.5,54.6,8.2,43.8,1.7,2.33,23.9,0.4,0.1,0.5,2.7,22.2,11.5,,,35.3,10.7,,11.8,,72.7,17.2,82.8,17.2,60.86956521739131,30.0,6-5,200.0,77
1630183,Jaden McDaniels,MIN,13,32.1,13.7,4.2,3.2,5.3,11.0,1.2,3.2,1.9,2.2,december,2025-26,17.3,14.0,57.1,7.9,48.4,1.8,2.29,27.3,0.7,0.2,1.8,2.3,27.6,10.3,,,36.8,5.2,5.0,3.2,3.9,48.0,37.7,62.3,37.7,29.090909090909093,32.1,6-9,185.0,81
1629651,Nic Claxton,BKN,11,31.2,13.6,8.7,5.0,5.9,9.3,0.1,0.3,1.7,2.6,december,2025-26,16.3,24.8,65.4,15.7,60.9,2.5,2.49,43.5,5.4,0.8,8.5,14.1,15.5,3.9,11.1,4.5,10.9,,15.5,,13.4,40.3,33.8,66.2,33.8,3.225806451612903,31.2,6-11,215.0,83
203994,Jusuf Nurkić,UTA,10,27.0,13.6,9.6,4.8,5.4,9.3,0.8,1.6,2.0,4.1,december,2025-26,20.2,26.4,61.2,11.7,58.5,1.6,1.67,35.7,4.1,0.9,7.4,,6.9,,22.4,10.4,11.8,,17.3,,13.6,66.1,18.5,81.5,18.5,17.204301075268816,27.0,6-11,290.0,83
1630700,Dyson Daniels,ATL,13,34.5,13.5,6.4,5.6,5.8,12.0,0.2,2.0,1.8,2.8,december,2025-26,18.4,21.7,50.9,9.2,70.4,4.0,3.41,30.2,1.7,0.0,5.9,5.6,23.3,13.2,3.2,,18.5,5.8,15.9,,7.8,56.1,40.0,60.0,40.0,16.666666666666664,34.5,6-7,199.0,79
1642267,Bub Carrington,WAS,14,29.4,13.4,4.2,4.6,4.6,10.0,2.8,6.1,1.4,2.1,december,2025-26,17.9,21.6,61.0,9.1,64.1,4.6,4.35,21.6,0.2,0.1,0.3,4.8,20.0,33.6,,,21.0,8.2,,2.1,,62.2,40.6,59.4,40.6,61.0,29.4,6-4,190.0,76
1628381,John Collins,LAC,11,26.5,13.3,4.5,1.6,5.1,9.6,1.3,3.5,1.8,2.2,december,2025-26,19.7,8.9,62.6,10.1,35.8,1.0,1.7,18.1,0.8,0.7,4.1,,18.7,,6.3,9.1,33.6,2.3,10.3,,9.8,54.8,23.2,76.8,23.2,36.458333333333336,26.5,6-9,226.0,81
1628386,Jarrett Allen,CLE,9,24.6,13.2,7.6,2.3,5.6,8.8,0.1,0.2,2.0,2.7,december,2025-26,19.5,12.6,66.4,12.6,36.9,1.0,1.59,25.2,3.8,0.8,8.7,,13.6,,20.9,7.8,4.1,,33.1,,9.2,56.0,8.0,92.0,8.0,2.272727272727273,24.6,6-9,243.0,81
1642848,Tre Johnson,WAS,10,22.3,13.2,2.6,2.1,4.6,9.9,2.3,5.2,1.7,1.8,december,2025-26,21.8,13.9,61.7,10.7,30.9,1.4,2.65,18.6,0.3,0.0,0.4,3.2,21.4,21.4,2.4,,22.0,9.1,,14.0,,61.3,30.4,69.6,30.4,52.52525252525253,22.3,6-5,190.0,77
1642276,Kel'el Ware,MIA,13,24.9,13.1,10.4,0.5,5.1,8.3,1.8,3.2,1.2,1.4,december,2025-26,15.8,2.8,73.3,15.2,35.0,0.7,1.28,15.7,0.6,0.5,5.7,,16.8,,5.0,4.5,25.3,,18.5,,22.6,62.9,27.3,72.7,27.3,38.554216867469876,24.9,7-0,230.0,84
1631212,Peyton Watson,DEN,12,29.6,12.8,4.3,0.9,4.7,9.3,1.1,3.1,2.4,3.4,december,2025-26,16.8,3.8,59.7,6.8,48.3,2.3,2.88,19.7,1.5,0.0,3.3,6.7,19.0,13.2,3.1,,24.9,5.2,16.2,2.3,3.2,74.0,23.2,76.8,23.2,33.33333333333333,29.6,6-8,200.0,80
1641739,Toumani Camara,POR,14,32.5,12.8,4.8,2.8,4.4,10.4,2.8,7.4,1.3,2.2,december,2025-26,16.5,12.3,56.4,5.9,59.0,2.3,2.34,28.6,0.7,0.1,2.3,6.3,20.3,4.4,5.4,,40.5,2.6,9.1,,4.7,66.3,23.0,77.0,23.0,71.15384615384616,32.5,6-7,230.0,79
1642263,Reed Sheppard,HOU,13,26.3,12.8,2.8,3.6,4.5,11.0,2.5,6.5,1.2,1.3,december,2025-26,19.4,17.8,55.2,9.6,51.5,3.7,4.28,21.4,0.2,0.0,0.2,4.6,17.2,31.7,2.7,,27.8,6.6,,4.6,,72.2,45.8,54.2,45.8,59.09090909090909,26.3,6-2,185.0,74
1641764,Brandin Podziemski,GSW,13,26.0,12.7,4.2,3.6,4.6,8.9,2.2,4.8,1.3,1.6,december,2025-26,18.1,20.8,65.9,11.3,53.2,3.2,3.6,24.9,0.8,0.1,1.1,6.1,17.2,25.1,2.4,,30.7,4.2,3.4,3.6,,75.0,45.0,55.0,45.0,53.93258426966292,26.0,6-4,205.0,76
1629012,Collin Sexton,CHA,6,18.1,12.7,2.3,4.0,4.3,9.7,1.5,3.0,2.5,2.8,december,2025-26,29.2,33.8,58.0,13.2,40.3,3.4,5.06,16.5,1.0,0.2,1.2,5.2,21.4,36.3,2.5,,20.6,4.3,2.5,,,60.0,42.3,57.7,42.3,30.927835051546392,18.1,6-3,190.0,75
1628976,Wendell Carter Jr.,ORL,14,31.3,12.6,7.5,2.0,4.7,9.1,1.1,3.6,2.1,2.9,december,2025-26,14.5,8.8,61.0,9.7,38.4,0.9,1.43,26.1,2.4,0.4,5.1,,10.9,,19.2,3.2,26.2,,17.1,,12.7,70.8,19.7,80.3,19.7,39.56043956043956,31.3,6-10,270.0,82
1628963,Marvin Bagley III,WAS,13,24.0,12.6,6.7,2.1,5.2,8.3,0.2,0.6,2.1,3.0,december,2025-26,18.1,12.2,65.5,12.3,34.0,1.0,1.84,22.6,3.0,0.8,6.9,7.3,7.3,,21.6,5.7,8.9,,18.4,,23.8,59.2,29.9,70.1,29.9,7.228915662650602,24.0,6-10,235.0,82
1631109,Mark Williams,PHX,11,21.7,12.5,6.8,1.3,4.7,7.0,0.1,0.1,3.0,3.8,december,2025-26,17.1,8.8,72.3,16.0,34.4,0.8,1.43,18.7,2.6,0.3,7.5,,15.1,,19.3,5.0,,,27.6,,23.1,72.9,23.1,76.9,23.1,1.4285714285714286,21.7,7-1,240.0,85
1626167,Myles Turner,MIL,13,27.7,12.5,4.1,1.5,3.6,9.5,2.2,6.2,3.1,3.9,december,2025-26,18.6,7.8,56.0,7.7,32.5,0.8,1.49,25.2,1.8,1.0,3.0,,7.7,,17.7,7.3,42.3,,7.1,,6.0,57.4,10.6,89.4,10.6,65.26315789473685,27.7,6-11,250.0,83
1629661,Cameron Johnson,DEN,10,34.0,12.5,3.8,2.7,4.2,9.5,2.3,5.0,1.8,2.4,december,2025-26,14.3,9.4,59.2,6.4,42.2,1.5,2.19,27.1,0.8,0.0,1.4,,25.0,8.2,,,26.5,15.3,6.7,4.9,,74.3,11.9,88.1,11.9,52.63157894736842,34.0,6-8,210.0,80
1631099,Keegan Murray,SAC,10,35.3,12.5,5.6,1.2,5.0,12.4,1.1,4.2,1.4,1.9,december,2025-26,17.3,4.8,47.2,5.7,45.1,1.7,2.32,25.4,0.6,0.1,2.3,4.2,18.5,10.8,5.4,,30.8,,4.2,14.2,4.2,58.1,36.0,64.0,36.0,33.87096774193549,35.3,6-8,225.0,80
1628978,Donte DiVincenzo,MIN,14,31.8,12.4,5.1,4.8,4.3,11.1,2.9,8.3,0.9,1.6,december,2025-26,16.5,20.4,52.5,8.9,60.4,2.3,2.25,35.1,0.2,0.0,1.1,1.9,18.5,11.6,,,33.0,10.8,,14.6,3.0,63.2,20.0,80.0,20.0,74.77477477477478,31.8,6-4,203.0,76
1629028,Deandre Ayton,LAL,10,29.4,12.3,8.5,0.7,6.0,8.6,0.0,0.0,0.3,0.8,december,2025-26,14.6,3.5,68.7,10.9,39.4,0.9,1.41,16.6,3.5,0.6,8.5,,9.8,,28.6,9.5,2.9,,26.3,,13.6,64.7,18.3,81.7,18.3,0.0,29.4,7-0,252.0,84
1642847,Jeremiah Fears,NOP,14,25.9,12.3,3.9,3.7,4.6,11.4,0.6,2.1,2.4,3.1,december,2025-26,22.9,18.8,48.3,7.1,52.4,4.4,5.01,15.0,0.3,0.2,1.2,7.2,28.2,29.2,,,18.8,5.3,2.0,1.8,2.6,74.4,53.8,46.2,53.8,18.421052631578945,25.9,6-3,190.0,75
1629014,Anfernee Simons,BOS,12,23.1,12.1,2.3,1.8,4.1,10.6,1.9,6.3,2.0,2.1,december,2025-26,21.2,10.4,52.5,8.3,38.2,2.7,4.19,17.3,0.1,0.0,0.2,18.2,14.5,28.8,,,19.8,7.2,,4.9,,65.5,55.1,44.9,55.1,59.43396226415094,23.1,6-3,200.0,75
1628398,Kyle Kuzma,MIL,12,26.9,12.1,5.4,2.5,4.7,9.2,0.3,1.8,2.4,3.3,december,2025-26,21.1,14.8,56.8,8.7,44.3,1.7,2.37,24.8,1.3,0.3,2.6,5.1,27.3,5.3,8.7,2.8,27.5,4.1,8.5,,4.9,57.9,32.1,67.9,32.1,19.565217391304348,26.9,6-8,221.0,80
1630314,Brandon Williams,DAL,11,22.1,12.0,2.4,3.7,4.3,8.4,0.4,1.9,3.1,3.7,december,2025-26,21.1,21.6,60.0,10.5,46.5,4.1,5.32,14.6,0.4,0.0,0.5,10.6,20.5,35.5,,,19.9,5.0,,,,62.9,63.8,36.2,63.8,22.619047619047617,22.1,6-1,190.0,73
203497,Rudy Gobert,MIN,14,31.4,12.0,12.2,1.9,4.8,6.9,0.0,0.0,2.4,4.6,december,2025-26,12.9,8.4,67.1,13.4,46.6,1.0,1.24,24.2,2.3,0.5,9.6,,12.6,,16.7,,,,28.5,,26.9,52.4,26.9,73.1,26.9,0.0,31.4,7-1,258.0,85
1630200,Tre Jones,CHI,11,24.2,11.9,2.2,5.5,4.3,7.5,0.5,1.7,2.8,3.5,december,2025-26,16.2,29.2,65.4,12.2,54.1,3.2,3.55,23.5,0.5,0.0,1.3,4.8,22.7,32.0,,,22.7,4.5,3.0,,,71.0,44.7,55.3,44.7,22.666666666666664,24.2,6-1,190.0,73
203084,Harrison Barnes,SAS,14,27.8,11.9,3.4,2.2,3.9,9.6,1.9,5.5,2.1,2.4,december,2025-26,16.8,10.4,55.9,7.5,37.1,1.5,2.41,21.9,0.8,0.4,0.6,8.0,18.8,3.3,5.0,2.5,43.8,4.8,,4.8,,73.7,29.1,70.9,29.1,57.29166666666667,27.8,6-7,225.0,79
1630241,Sam Merrill,CLE,6,25.8,11.8,2.7,3.0,4.2,9.7,2.7,7.2,0.8,1.2,december,2025-26,18.1,14.6,58.1,7.6,41.8,1.1,1.61,23.0,0.8,0.0,0.8,,17.3,6.0,10.2,,36.8,10.5,3.8,4.5,,57.9,16.0,84.0,16.0,74.22680412371135,25.8,6-4,205.0,76
202699,Tobias Harris,DET,12,25.1,11.8,4.2,2.3,4.2,10.1,1.1,3.6,2.4,2.8,december,2025-26,19.1,13.0,52.2,9.3,38.3,1.7,2.7,25.8,0.8,1.8,1.9,4.2,17.9,6.8,,14.6,31.8,,6.3,3.0,6.3,64.9,32.0,68.0,32.0,35.64356435643565,25.1,6-8,226.0,80
1642349,Ajay Mitchell,OKC,11,24.3,11.8,3.6,3.3,4.1,7.8,1.0,2.5,2.6,2.8,december,2025-26,16.9,16.8,65.2,11.6,36.7,2.8,4.59,15.3,0.5,0.0,0.6,8.9,14.8,36.7,,,22.1,4.8,4.1,,,50.0,66.7,33.3,66.7,32.05128205128205,24.3,6-4,190.0,76
1642856,Egor Dëmin,BKN,11,26.6,11.8,2.2,3.3,4.1,10.1,2.6,6.8,1.0,1.1,december,2025-26,20.3,17.3,55.9,6.8,57.7,3.5,3.67,22.7,0.5,0.0,0.5,3.6,14.0,23.4,,,30.2,13.5,,,,55.8,28.9,71.1,28.9,67.32673267326733,26.6,6-8,200.0,80
1642270,Donovan Clingan,POR,11,27.8,11.7,11.1,1.7,4.5,7.4,1.1,2.1,1.5,3.2,december,2025-26,14.4,9.1,66.9,13.1,40.6,1.1,1.58,24.0,1.1,0.2,8.4,,7.7,,23.3,,15.4,,19.2,,25.4,61.3,38.0,62.0,38.0,28.37837837837838,27.8,7-2,280.0,86
202691,Klay Thompson,DAL,11,22.5,11.7,2.9,1.0,4.2,11.1,2.8,7.6,0.5,1.2,december,2025-26,21.3,6.3,50.5,7.1,25.1,0.9,2.04,17.9,0.3,0.2,0.5,,19.2,7.1,,,25.9,12.2,2.8,26.3,,48.1,4.3,95.7,4.3,68.46846846846847,22.5,6-5,220.0,77
1631106,Tari Eason,HOU,5,21.9,11.6,5.0,1.2,4.6,8.6,1.6,3.8,0.8,1.6,december,2025-26,19.5,6.9,62.3,10.6,33.4,1.4,2.5,16.0,0.8,0.2,2.2,5.0,19.9,5.4,,,43.3,,6.5,,9.2,58.3,43.5,56.5,43.5,44.18604651162791,21.9,6-8,215.0,80
1641709,Ausar Thompson,DET,13,23.9,11.2,5.6,2.3,4.2,8.1,0.0,0.2,2.7,4.8,december,2025-26,19.9,13.2,54.8,9.8,39.6,2.0,3.03,20.5,1.7,0.2,4.1,7.7,23.0,10.0,5.6,,16.0,,15.3,2.3,10.0,59.5,40.0,60.0,40.0,2.469135802469136,23.9,6-7,205.0,79
1629631,De'Andre Hunter,CLE,13,26.2,11.2,3.7,1.4,3.6,9.7,1.3,4.6,2.6,3.1,december,2025-26,18.5,7.1,50.5,5.3,37.3,1.4,2.19,20.8,0.6,0.1,1.1,7.5,18.2,13.3,2.6,,29.0,9.5,6.2,6.0,2.6,59.0,25.5,74.5,25.5,47.42268041237113,26.2,6-7,221.0,79
1642271,Kyle Filipowski,UTA,13,25.0,11.2,6.8,2.1,4.2,8.1,1.0,2.9,1.8,2.5,december,2025-26,16.7,11.5,60.7,10.0,38.2,1.3,1.99,19.0,2.1,0.7,2.8,,16.6,3.1,8.0,4.8,32.5,2.7,10.8,4.3,9.9,60.0,24.1,75.9,24.1,35.80246913580247,25.0,6-11,250.0,83
1630249,Vít Krejčí,ATL,14,24.7,11.0,2.1,1.4,3.8,7.9,2.9,6.5,0.5,0.6,december,2025-26,14.4,7.4,67.8,7.3,34.9,1.1,1.96,22.5,0.3,0.0,0.4,,19.7,8.4,5.3,,33.4,12.5,,12.2,,52.9,1.9,98.1,1.9,82.27848101265822,24.7,6-8,195.0,80
1642846,Ace Bailey,UTA,11,27.3,10.8,3.1,1.3,4.4,10.8,1.7,4.8,0.4,1.0,december,2025-26,18.2,6.9,48.0,3.8,27.5,0.9,1.94,20.0,0.5,0.0,1.7,3.0,13.9,4.9,,,22.5,15.1,11.1,15.5,7.9,57.4,18.8,81.3,18.8,44.44444444444444,27.3,6-9,200.0,81
1631108,Max Christie,DAL,11,26.7,10.7,3.5,2.1,3.4,6.9,2.0,3.8,2.0,2.2,december,2025-26,13.8,9.8,68.2,8.6,36.1,1.4,2.32,18.4,0.4,0.0,0.9,5.7,24.2,13.7,4.7,,33.9,4.0,2.6,5.7,,68.9,29.7,70.3,29.7,55.07246376811593,26.7,6-5,190.0,77
1629111,Jock Landale,MEM,10,22.6,10.7,6.7,1.7,4.1,8.3,1.0,3.2,1.5,2.4,december,2025-26,18.3,9.6,57.2,9.2,30.8,0.7,1.33,22.9,1.9,1.7,7.3,,9.3,,22.2,14.9,14.4,,14.4,,16.9,61.4,29.3,70.7,29.3,38.554216867469876,22.6,6-11,255.0,83
1630245,Ayo Dosunmu,CHI,10,24.8,10.6,2.7,3.6,3.7,9.4,1.3,4.0,1.9,2.0,december,2025-26,18.3,22.0,51.6,8.3,45.0,2.1,2.83,25.0,0.4,0.0,1.0,2.2,33.6,20.8,,,31.6,,3.1,,,51.7,29.7,70.3,29.7,42.5531914893617,24.8,6-4,201.0,76
1630572,Sandro Mamukelashvili,TOR,14,23.7,10.6,5.8,1.6,4.1,8.4,1.6,4.4,0.6,0.9,december,2025-26,16.5,10.3,60.3,11.2,38.3,1.1,1.71,22.9,1.8,0.1,3.9,,22.1,,16.1,,30.7,,13.3,,8.0,57.6,19.0,81.0,19.0,52.38095238095239,23.7,6-9,240.0,81
1641731,Bilal Coulibaly,WAS,8,26.2,10.5,5.9,1.9,3.6,9.9,1.0,4.5,2.3,3.3,december,2025-26,20.1,10.0,46.4,6.8,48.6,2.4,2.93,19.9,0.9,0.0,2.5,4.8,27.8,15.1,,,25.8,5.2,8.3,,4.8,46.9,37.9,62.1,37.9,45.45454545454545,26.2,6-7,195.0,79
1630529,Herbert Jones,NOP,6,22.0,10.5,3.5,2.5,4.0,8.8,1.0,3.5,1.5,1.5,december,2025-26,18.9,14.2,55.3,11.1,31.0,1.2,2.25,19.5,0.8,0.2,1.7,,22.4,10.8,,,37.7,6.3,5.4,,,48.3,33.3,66.7,33.3,39.77272727272727,22.0,6-7,206.0,79
1629674,Neemias Queta,BOS,12,25.9,10.3,6.5,1.4,4.4,6.4,0.0,0.0,1.5,2.5,december,2025-26,14.3,7.3,68.7,10.9,33.0,0.9,1.71,21.3,2.4,0.0,8.1,,7.1,,25.4,,2.8,,28.2,,20.9,63.8,15.1,84.9,15.1,0.0,25.9,7-0,248.0,84
1630171,Isaac Okoro,CHI,10,23.4,10.3,2.6,1.1,3.9,7.1,1.0,2.7,1.5,2.0,december,2025-26,14.8,5.6,64.5,6.2,26.1,0.8,1.78,16.7,0.6,0.1,2.4,,25.9,,,,41.6,,10.8,,5.2,60.6,23.1,76.9,23.1,38.02816901408451,23.4,6-4,225.0,76
1628989,Kevin Huerter,CHI,10,22.1,10.3,3.8,1.7,3.9,8.6,2.0,5.6,0.5,1.2,december,2025-26,17.7,10.4,56.4,8.3,37.9,1.2,1.97,23.1,0.6,0.0,1.4,,22.8,11.3,,,36.6,6.3,8.2,4.0,3.3,65.5,10.3,89.7,10.3,65.11627906976743,22.1,6-6,190.0,78
1642844,Dylan Harper,SAS,14,21.2,10.3,3.5,4.4,4.1,9.9,0.6,2.7,1.4,2.3,december,2025-26,23.9,29.2,47.0,9.2,48.0,3.4,4.28,21.3,0.0,0.0,0.6,7.7,26.8,23.8,,,24.0,5.2,,,,58.1,56.9,43.1,56.9,27.272727272727277,21.2,6-5,215.0,77
203903,Jordan Clarkson,NYK,14,22.2,10.3,1.9,1.2,3.8,8.9,1.7,4.1,1.0,1.5,december,2025-26,19.6,7.5,54.0,5.1,28.5,1.2,2.56,16.3,0.4,0.0,1.3,5.2,25.6,12.3,,,36.0,7.8,4.2,,3.9,62.5,35.8,64.2,35.8,46.067415730337075,22.2,6-5,194.0,77
203935,Marcus Smart,LAL,8,27.8,10.3,3.1,2.9,3.4,8.8,2.3,6.5,1.3,1.4,december,2025-26,16.4,13.5,54.8,5.9,43.0,2.2,3.13,19.1,0.4,0.0,0.5,4.2,18.4,15.1,5.0,,38.3,,,,,63.6,18.5,81.5,18.5,73.86363636363636,27.8,6-3,220.0,75
1629656,Quentin Grimes,PHI,10,30.2,10.2,3.7,4.1,3.2,8.8,1.9,6.0,1.9,2.1,december,2025-26,14.7,19.5,52.4,8.6,47.4,2.3,2.91,28.4,0.6,0.0,0.6,10.4,22.2,10.8,,,37.6,2.4,2.8,6.8,2.0,71.4,25.0,75.0,25.0,68.18181818181817,30.2,6-4,210.0,76
1641842,Ronald Holland II,DET,11,19.3,10.1,5.2,0.9,3.5,7.8,0.5,2.5,2.6,3.4,december,2025-26,21.0,6.8,54.3,12.4,32.1,1.0,1.92,16.2,0.3,0.0,1.5,3.8,25.0,6.9,,,39.3,3.0,5.5,,5.8,43.5,21.1,78.9,21.1,32.05128205128205,19.3,6-8,206.0,80
1630191,Isaiah Stewart,DET,13,22.9,10.1,5.0,0.8,3.8,7.2,0.8,2.3,1.6,2.0,december,2025-26,16.2,5.2,62.7,9.6,25.9,0.7,1.67,17.9,2.2,0.8,4.8,,10.3,,13.9,10.3,23.9,,19.2,,11.8,48.9,24.0,76.0,24.0,31.944444444444443,22.9,6-8,250.0,80
1631126,Caleb Love,POR,14,21.0,10.1,1.9,2.1,3.7,9.1,1.9,5.4,0.8,0.9,december,2025-26,20.7,16.6,53.1,7.4,35.7,2.0,3.35,17.7,0.2,0.0,0.4,8.4,18.2,22.3,3.0,,36.2,4.8,,2.3,,73.1,32.7,67.3,32.7,59.34065934065935,21.0,6-3,212.0,75
1630577,Julian Champagnie,SAS,14,26.6,10.0,5.9,1.2,3.4,7.8,2.4,6.4,0.7,0.7,december,2025-26,13.2,5.8,61.7,9.1,32.9,0.8,1.46,15.9,0.2,0.0,0.6,,23.0,,5.3,,43.3,6.5,3.1,9.3,4.3,55.1,12.5,87.5,12.5,82.05128205128206,26.6,6-7,217.0,79
1629130,Duncan Robinson,DET,11,25.9,9.9,2.9,1.7,3.1,7.9,2.4,6.7,1.4,1.7,december,2025-26,13.7,8.0,57.2,6.3,31.0,0.8,1.63,21.5,0.2,0.0,0.5,,18.5,7.9,4.3,,31.2,11.7,,18.8,,58.3,11.8,88.2,11.8,84.81012658227847,25.9,6-7,215.0,79
201567,Kevin Love,UTA,8,20.2,9.9,5.8,1.6,3.3,7.9,2.1,5.8,1.3,1.6,december,2025-26,17.4,11.2,57.5,8.6,34.6,0.9,1.52,18.1,0.3,0.1,2.1,,14.0,,14.6,,34.1,,6.7,,15.2,70.7,15.4,84.6,15.4,73.41772151898734,20.2,6-10,251.0,82
203114,Khris Middleton,WAS,7,23.6,9.9,3.6,3.6,3.4,8.7,0.7,2.1,2.3,2.7,december,2025-26,17.9,19.2,49.7,8.3,34.3,1.9,3.35,21.4,0.3,2.7,0.3,6.1,15.3,22.7,,13.6,16.6,5.8,,6.4,5.8,43.5,62.5,37.5,62.5,24.13793103448276,23.6,6-7,222.0,79
1628380,Zach Collins,CHI,10,18.4,9.7,5.6,1.5,3.7,6.4,0.9,2.1,1.4,2.0,december,2025-26,17.7,11.4,66.6,12.3,30.0,0.7,1.47,20.7,2.5,0.5,4.9,,,,24.7,,25.9,,19.8,,,57.1,13.5,86.5,13.5,32.8125,18.4,6-9,240.0,81
1630692,Jordan Goodwin,PHX,12,23.3,9.6,5.0,2.3,3.6,10.3,1.6,5.3,0.8,1.1,december,2025-26,20.8,14.4,44.7,8.7,45.3,2.2,2.93,22.3,0.5,0.0,2.2,,16.2,12.8,3.4,,42.7,,,,12.0,61.3,41.9,58.1,41.9,51.45631067961165,23.3,6-3,215.0,75
1630538,Bones Hyland,MIN,11,19.4,9.5,1.7,3.2,3.2,7.2,1.8,4.7,1.4,1.8,december,2025-26,18.3,21.1,59.8,8.7,44.7,2.8,3.81,21.5,0.1,0.0,0.5,10.9,23.0,24.3,,,24.3,5.7,,5.7,,73.5,34.3,65.7,34.3,65.27777777777779,19.4,6-2,169.0,74
1631230,Dominick Barlow,PHI,11,26.1,9.5,5.5,1.3,3.7,6.9,0.3,1.4,1.8,2.3,december,2025-26,13.4,7.0,60.3,9.3,32.5,0.8,1.55,18.7,0.9,0.1,4.5,,20.0,,4.5,,32.7,,19.5,,15.9,50.0,31.7,68.3,31.7,20.289855072463766,26.1,6-9,215.0,81
203110,Draymond Green,GSW,10,23.8,9.5,5.8,4.2,3.5,6.8,1.4,3.9,1.1,1.6,december,2025-26,17.7,24.3,63.3,9.5,65.4,2.4,2.23,33.0,1.8,0.1,2.1,,9.4,5.1,10.2,,39.8,,10.2,,2.7,53.7,14.3,85.7,14.3,57.35294117647059,23.8,6-6,230.0,78
1641775,Jordan Walsh,BOS,11,20.6,9.5,4.9,0.8,3.5,5.1,1.2,2.2,1.2,1.4,december,2025-26,12.8,5.4,83.1,11.1,21.4,0.6,1.8,11.0,0.3,0.0,1.7,,23.6,,,,38.8,,9.6,,13.5,63.0,38.5,61.5,38.5,43.137254901960794,20.6,6-6,205.0,78
1628370,Malik Monk,SAC,10,18.1,9.4,2.2,2.4,3.1,8.1,1.8,4.2,1.4,1.9,december,2025-26,24.2,21.6,52.6,7.1,32.4,2.2,4.1,14.7,0.1,0.0,0.5,8.4,22.0,24.1,3.5,,25.5,6.7,,4.6,,73.9,54.8,45.2,54.8,51.85185185185186,18.1,6-3,200.0,75
1642366,Quinten Post,GSW,13,21.8,9.3,4.5,1.8,3.5,8.7,2.0,5.5,0.4,0.5,december,2025-26,18.2,11.9,52.3,7.2,41.0,1.0,1.52,25.7,1.0,0.4,2.6,,11.9,,16.1,4.2,38.7,,11.6,3.9,6.0,52.8,20.0,80.0,20.0,63.2183908045977,21.8,7-0,238.0,84
1642461,Spencer Jones,DEN,14,29.0,9.3,3.9,1.4,3.4,6.0,1.4,3.3,1.2,1.8,december,2025-26,11.1,5.6,68.4,5.8,21.8,0.5,1.4,13.9,0.4,0.0,3.4,,17.1,,,,40.8,,19.0,,7.6,63.8,14.9,85.1,14.9,54.99999999999999,29.0,6-7,225.0,79
1630551,Justin Champagnie,WAS,14,23.6,9.2,8.1,1.2,3.5,7.2,0.9,2.7,1.3,1.9,december,2025-26,14.9,6.7,57.1,10.7,33.4,0.8,1.49,15.9,0.9,0.0,3.9,,21.4,3.7,6.3,,26.2,,12.5,,19.6,69.8,28.6,71.4,28.6,37.5,23.6,6-6,206.0,78
1642258,Zaccharie Risacher,ATL,14,23.6,9.2,3.3,1.4,3.6,8.1,1.4,3.6,0.7,1.1,december,2025-26,16.2,7.8,53.9,5.3,28.1,0.9,1.9,17.7,0.5,0.1,2.0,,35.0,4.0,,,29.9,6.7,8.9,5.9,5.4,72.5,22.0,78.0,22.0,44.44444444444445,23.6,6-8,200.0,80
203484,Kentavious Caldwell-Pope,MEM,11,20.5,9.2,2.2,3.7,3.2,6.9,1.4,3.4,1.5,1.5,december,2025-26,18.0,22.4,60.5,10.2,42.2,2.2,3.14,23.5,0.2,0.1,0.4,3.1,24.1,18.1,,,33.7,5.9,,6.5,,75.0,25.7,74.3,25.7,49.27536231884058,20.5,6-5,204.0,77
1642948,Ryan Nembhard,DAL,13,25.5,9.2,2.4,6.8,4.0,8.3,1.2,2.8,0.0,0.0,december,2025-26,17.0,33.6,55.1,8.7,53.5,5.0,5.65,17.8,0.2,0.0,0.1,8.5,15.1,43.4,,,21.3,4.3,,,,63.3,59.6,40.4,59.6,33.734939759036145,25.5,5-11,180.0,71
1641733,Nick Smith Jr.,LAL,8,17.5,9.1,1.4,0.6,3.5,7.9,1.6,4.3,0.5,0.9,december,2025-26,20.9,6.0,55.2,6.8,32.3,2.7,5.06,11.0,0.3,0.0,0.5,11.6,14.4,36.3,,,21.9,,,,,62.5,50.0,50.0,50.0,54.430379746835435,17.5,6-2,185.0,74
1627739,Kris Dunn,LAC,12,27.4,9.1,3.3,3.5,3.4,6.5,1.7,3.8,0.6,0.8,december,2025-26,13.1,17.9,66.1,8.8,49.8,3.0,3.6,19.4,1.1,0.2,1.8,3.9,19.3,9.6,5.5,,38.6,,9.6,,3.2,66.7,24.4,75.6,24.4,58.46153846153845,27.4,6-3,205.0,75
1628971,Bruce Brown,DEN,14,26.7,9.1,4.9,2.2,3.8,6.4,0.5,1.3,1.0,1.4,december,2025-26,13.6,11.5,64.6,7.7,40.5,2.5,3.73,15.8,0.9,0.0,3.0,4.1,22.3,15.7,,,22.3,3.8,13.0,,8.7,77.4,37.7,62.3,37.7,20.3125,26.7,6-4,202.0,76
1631107,Nikola Jović,MIA,7,15.7,9.0,3.1,3.1,3.0,7.6,1.6,4.4,1.4,1.6,december,2025-26,23.3,23.7,54.5,12.4,33.6,1.1,2.05,17.6,0.4,0.4,0.4,3.7,31.0,3.4,3.7,4.8,39.2,,4.8,,,74.2,19.0,81.0,19.0,57.89473684210527,15.7,6-10,205.0,82
201572,Brook Lopez,LAC,8,22.8,8.9,4.3,1.5,2.8,6.8,2.3,4.6,1.1,1.3,december,2025-26,17.4,11.1,60.8,9.1,26.3,0.8,1.77,16.9,1.1,0.8,1.9,,6.5,,32.8,9.5,32.1,,,,,40.9,4.5,95.5,4.5,67.6470588235294,22.8,7-1,282.0,85
1641729,Brice Sensabaugh,UTA,13,21.2,8.8,2.9,1.8,3.0,7.3,1.5,4.2,1.4,1.6,december,2025-26,17.5,11.9,55.2,6.0,27.6,1.0,2.1,17.6,0.6,0.0,0.9,2.8,22.0,10.7,2.6,,28.1,9.4,4.1,12.4,3.5,65.5,7.7,92.3,7.7,57.53424657534247,21.2,6-6,235.0,78
204456,T.J. McConnell,IND,12,15.7,8.8,2.2,4.8,4.0,6.8,0.2,0.4,0.7,0.7,december,2025-26,22.8,49.6,62.0,16.6,44.1,3.8,5.19,13.8,0.3,0.0,0.8,5.9,13.1,54.0,,,12.5,,4.2,,,83.3,81.3,18.8,81.3,5.882352941176471,15.7,6-1,190.0,73
1630311,Pat Spencer,GSW,10,17.6,8.8,2.5,3.6,3.5,7.5,0.9,2.0,0.9,1.0,december,2025-26,22.0,29.8,55.4,11.7,46.5,2.9,3.8,23.6,0.7,0.2,2.2,7.4,14.3,30.2,,,20.6,5.8,9.0,,,54.3,51.4,48.6,51.4,26.666666666666668,17.6,6-2,205.0,74
1630541,Moses Moody,GSW,13,22.6,8.8,3.5,1.8,3.2,7.7,1.5,4.6,0.9,1.2,december,2025-26,15.6,11.3,53.3,7.2,26.8,1.0,2.17,19.9,0.5,0.1,1.9,4.9,19.0,5.4,,,40.4,5.2,3.7,13.1,3.2,57.8,14.6,85.4,14.6,59.74025974025974,22.6,6-5,211.0,77
1642275,Tidjane Salaün,CHA,13,19.5,8.8,4.5,1.0,3.2,6.0,1.4,2.9,0.9,1.3,december,2025-26,15.5,8.3,66.7,12.3,27.8,0.8,1.7,14.2,0.4,0.0,1.4,,20.7,,12.4,,43.2,,7.7,,,55.1,16.7,83.3,16.7,48.333333333333336,19.5,6-10,207.0,82
1629004,Svi Mykhailiuk,UTA,11,22.4,8.7,2.7,1.8,3.0,6.5,2.0,4.0,0.7,0.7,december,2025-26,13.6,10.2,64.4,7.4,26.3,0.9,2.06,14.1,0.2,0.0,0.7,,22.1,5.9,,,34.5,10.7,7.6,7.6,3.4,85.0,21.2,78.8,21.2,61.53846153846154,22.4,6-7,205.0,79
1631123,Jamaree Bouyea,PHX,12,16.1,8.7,2.2,2.3,3.5,6.3,0.8,2.2,0.8,0.9,december,2025-26,18.9,20.6,64.3,14.5,32.0,1.8,3.42,17.1,0.1,0.0,0.6,,,,,,,,,,,48.3,52.4,47.6,52.4,34.920634920634924,16.1,6-2,180.0,74
1629060,Rui Hachimura,LAL,9,30.2,8.7,3.8,0.7,3.4,7.6,1.6,3.8,0.2,0.2,december,2025-26,11.5,2.9,56.6,5.1,28.6,0.7,1.57,14.4,0.3,0.2,0.9,3.7,19.3,,3.1,9.5,40.5,,7.1,4.9,,65.5,22.6,77.4,22.6,50.0,30.2,6-8,230.0,80
1630558,Davion Mitchell,MIA,11,29.7,8.6,2.0,7.2,3.6,7.9,1.2,3.0,0.2,0.2,december,2025-26,13.7,29.5,54.1,7.1,66.8,3.9,3.54,25.4,0.1,0.0,0.3,28.6,19.3,8.1,,,35.6,,,,,65.8,57.5,42.5,57.5,37.974683544303794,29.7,6-0,202.0,72
1642363,Nique Clifford,SAC,12,23.0,8.6,3.6,1.1,3.4,7.8,1.0,3.3,0.8,0.9,december,2025-26,17.8,7.0,52.6,5.7,30.2,1.3,2.66,14.3,0.3,0.0,1.4,,23.9,13.1,,,34.3,4.9,5.6,,4.9,64.3,36.6,63.4,36.6,42.30769230769231,23.0,6-5,175.0,77
1631260,AJ Green,MIL,10,28.3,8.5,2.3,1.9,2.8,7.7,2.4,6.9,0.5,0.5,december,2025-26,13.1,9.3,53.7,5.0,42.1,1.2,1.7,22.4,0.2,0.0,0.4,,13.4,9.1,4.0,,42.1,12.8,,9.1,,52.4,10.7,89.3,10.7,89.61038961038962,28.3,6-4,190.0,76
1631121,Bryce McGowens,NOP,10,23.3,8.5,2.4,1.7,2.7,5.6,0.8,1.7,2.3,2.8,december,2025-26,12.7,8.9,62.2,6.6,27.9,1.1,2.3,13.6,0.3,0.0,0.7,5.2,24.2,12.4,,,37.6,5.7,6.2,,,80.0,37.0,63.0,37.0,30.35714285714286,23.3,6-6,190.0,78
1631093,Jaden Ivey,DET,13,16.8,8.5,2.2,2.2,3.1,6.4,1.3,3.1,1.0,1.3,december,2025-26,18.3,17.9,60.8,11.3,29.2,1.6,3.24,16.9,0.5,0.0,1.0,5.6,26.4,11.6,,,34.3,5.6,,,,57.1,17.5,82.5,17.5,48.4375,16.8,6-3,195.0,75
1630643,Jay Huff,IND,14,22.4,8.4,4.2,1.7,2.9,7.3,1.3,4.9,1.3,1.3,december,2025-26,16.9,11.8,53.7,8.3,30.0,0.6,1.28,21.8,1.1,0.4,2.3,,15.1,,22.8,4.4,35.2,,6.8,5.6,5.0,56.9,7.3,92.7,7.3,67.12328767123287,22.4,7-1,240.0,85
1626220,Royce O'Neale,PHX,12,28.1,8.4,4.3,3.2,3.0,6.9,2.3,5.4,0.1,0.3,december,2025-26,12.8,14.4,59.9,7.5,50.4,1.9,2.29,23.2,0.3,0.0,0.5,,26.0,8.3,2.7,,43.8,3.9,,3.6,,64.8,8.3,91.7,8.3,78.26086956521739,28.1,6-6,226.0,78
1641713,GG Jackson,MEM,5,21.6,8.4,3.6,1.0,3.2,6.2,0.8,3.0,1.2,1.6,december,2025-26,14.6,5.5,60.8,8.7,28.6,0.9,1.92,15.6,0.2,0.0,0.6,,27.1,12.0,,,44.0,,,,,58.3,25.0,75.0,25.0,48.387096774193544,21.6,6-9,210.0,81
1629652,Luguentz Dort,OKC,10,24.6,8.3,2.9,1.1,2.8,7.9,2.3,6.7,0.4,0.4,december,2025-26,14.6,5.3,51.4,4.1,26.2,0.9,2.07,15.9,0.5,0.0,0.8,,15.0,,5.5,,61.5,,4.0,,,75.0,3.6,96.4,3.6,84.81012658227847,24.6,6-4,220.0,76
1630568,Luka Garza,BOS,7,16.7,8.3,4.9,1.3,2.7,4.1,0.6,1.1,2.3,2.9,december,2025-26,14.0,10.1,76.7,14.1,20.7,0.5,1.36,13.9,0.9,0.4,4.9,,5.2,,26.9,,12.3,,19.8,,25.0,60.0,47.4,52.6,47.4,26.829268292682933,16.7,6-10,243.0,82
1642874,Danny Wolf,BKN,11,21.7,8.2,4.5,1.9,3.0,8.0,1.2,3.5,1.0,1.2,december,2025-26,20.3,14.0,48.0,7.5,36.9,1.9,3.16,22.2,0.8,0.4,1.3,,17.6,10.9,4.2,6.3,37.8,8.8,,,4.6,57.1,27.3,72.7,27.3,43.75,21.7,6-11,250.0,83
1629018,Gary Trent Jr.,MIL,11,22.7,8.2,1.3,1.0,2.8,7.4,1.8,4.8,0.7,0.7,december,2025-26,14.9,6.2,53.2,5.4,20.8,0.7,2.11,15.8,0.0,0.0,0.1,,18.3,6.4,,,48.6,9.0,,6.8,,63.6,25.8,74.2,25.8,64.86486486486486,22.7,6-5,204.0,77
1642854,Asa Newell,ATL,12,15.3,8.0,2.8,0.9,3.3,5.2,1.3,2.4,0.3,0.8,december,2025-26,16.1,8.1,72.8,8.3,22.0,0.6,1.62,13.3,1.0,0.0,1.8,,22.4,,,,36.4,,12.6,,10.5,66.7,20.5,79.5,20.5,46.15384615384615,15.3,6-10,220.0,82
1627741,Buddy Hield,GSW,10,17.7,8.0,3.5,1.4,3.0,6.7,1.5,4.2,0.5,0.5,december,2025-26,17.9,12.0,57.8,10.3,32.1,1.0,1.87,20.2,0.7,0.1,1.5,,23.1,4.8,,,34.0,5.4,5.4,12.2,3.7,55.2,16.7,83.3,16.7,62.68656716417911,17.7,6-4,220.0,76
1642268,Isaiah Collier,UTA,13,22.0,7.9,1.8,7.1,2.8,5.9,0.6,1.4,1.6,2.4,december,2025-26,16.9,44.4,56.8,8.7,57.9,5.1,5.32,18.2,0.1,0.0,0.3,12.5,27.8,26.4,,,17.4,3.3,3.5,,,83.3,45.9,54.1,45.9,23.72881355932203,22.0,6-4,210.0,76
1628436,Luke Kornet,SAS,13,24.7,7.9,7.5,1.9,2.8,4.5,0.0,0.0,2.2,2.5,december,2025-26,9.5,10.1,70.0,11.3,30.2,0.7,1.34,19.4,2.0,0.2,7.8,,6.6,,21.8,,,,35.0,,23.4,66.3,21.6,78.4,21.6,0.0,24.7,7-1,250.0,85
1642383,Walter Clayton Jr.,UTA,13,16.9,7.9,1.8,3.0,2.7,5.8,1.0,3.0,1.5,1.7,december,2025-26,17.5,25.3,60.8,8.8,37.8,2.9,4.54,14.0,0.2,0.0,0.2,3.6,22.2,29.7,,,21.9,7.5,3.6,4.6,,76.7,45.7,54.3,45.7,51.724137931034484,16.9,6-4,195.0,76
1630549,Day'Ron Sharpe,BKN,11,16.3,7.9,5.7,3.0,3.0,4.7,0.1,0.6,1.8,2.4,december,2025-26,17.6,28.9,68.6,18.3,29.1,0.9,1.93,19.0,2.4,0.8,4.7,3.7,7.6,,15.0,6.6,7.6,,19.6,,22.6,63.3,39.4,60.6,39.4,12.76595744680851,16.3,6-10,265.0,82
1642347,Jamal Shead,TOR,14,23.6,7.9,2.1,5.4,2.9,8.6,1.4,4.6,0.6,1.0,december,2025-26,18.6,30.6,43.3,7.0,55.4,4.0,4.35,23.9,0.4,0.0,0.5,8.2,13.8,29.5,,,33.0,2.9,2.7,,,73.3,36.6,63.4,36.6,53.48837209302325,23.6,6-1,200.0,73
1642272,Jared McCain,PHI,12,21.4,7.8,3.6,2.5,2.9,8.0,1.1,3.8,0.9,1.1,december,2025-26,18.4,16.5,46.2,8.1,42.8,2.4,3.32,19.0,0.3,0.0,0.2,9.0,33.7,14.1,,,29.6,,,,,69.8,51.4,48.6,51.4,47.5,21.4,6-3,195.0,75
1631222,Jake LaRavia,LAL,12,24.4,7.8,4.3,1.8,2.7,6.5,0.8,2.9,1.7,2.1,december,2025-26,14.4,10.1,52.2,6.4,38.6,1.4,2.18,20.6,0.3,0.0,2.6,2.5,21.2,,4.5,,42.4,2.5,8.0,,8.0,63.4,34.4,65.6,34.4,44.61538461538461,24.4,6-7,235.0,79
1630631,Jose Alvarado,NOP,12,23.5,7.8,2.3,3.7,2.9,6.0,1.6,3.7,0.3,0.5,december,2025-26,13.2,20.9,62.3,8.0,46.3,3.2,4.21,16.0,0.3,0.0,0.3,4.2,20.0,27.3,,,30.0,3.8,3.8,,,75.0,25.7,74.3,25.7,61.66666666666667,23.5,6-0,179.0,72
1641750,Ryan Kalkbrenner,CHA,8,25.5,7.8,5.9,1.0,3.3,4.4,0.0,0.1,1.3,2.0,december,2025-26,9.6,5.2,73.7,8.9,28.6,0.9,1.97,16.8,1.5,0.4,6.6,,8.6,,14.3,,,,39.5,,22.4,49.0,23.1,76.9,23.1,2.272727272727273,25.5,7-1,256.0,85
1629001,De'Anthony Melton,GSW,10,19.4,7.7,2.1,2.0,2.5,7.6,0.6,3.6,2.1,2.6,december,2025-26,21.7,13.4,44.0,5.3,41.1,2.4,3.48,18.4,0.7,0.0,1.3,,,,,,,,,,,58.1,52.0,48.0,52.0,47.36842105263158,19.4,6-2,200.0,74
1627751,Jakob Poeltl,TOR,6,22.4,7.7,6.2,1.7,3.5,5.8,0.0,0.0,0.7,0.8,december,2025-26,15.1,10.5,61.8,9.1,33.0,0.9,1.7,18.3,4.3,0.5,6.2,,13.0,,16.7,,,,40.7,,14.8,76.7,23.8,76.2,23.8,0.0,22.4,7-0,253.0,84
1630533,Ziaire Williams,BKN,9,20.5,7.7,2.2,0.8,2.3,5.8,1.2,4.3,1.8,2.1,december,2025-26,15.9,5.6,57.2,6.3,24.7,0.8,2.03,15.3,0.2,0.0,0.9,,22.1,3.7,,,48.3,9.7,6.0,,,63.6,9.5,90.5,9.5,74.13793103448276,20.5,6-9,185.0,81
1630573,Sam Hauser,BOS,12,20.2,7.6,3.6,0.8,2.5,6.4,2.4,5.9,0.2,0.2,december,2025-26,14.9,5.6,58.4,8.3,31.8,0.8,1.46,15.9,0.2,0.0,0.8,,20.5,4.3,8.2,,34.1,9.4,,14.2,3.7,61.1,3.3,96.7,3.3,92.1875,20.2,6-7,217.0,79
1642354,KJ Simpson,CHA,6,19.7,7.5,2.2,2.5,2.7,7.7,1.0,3.8,1.2,2.0,december,2025-26,23.0,19.2,43.9,6.2,44.5,3.3,4.43,21.3,0.5,0.0,0.5,,10.8,32.5,,,33.3,,,,,55.0,56.3,43.8,56.3,49.35064935064935,19.7,6-2,189.0,74
1631321,Sidy Cissoko,POR,14,24.0,7.5,2.4,1.6,2.4,6.2,1.4,4.1,1.4,1.9,december,2025-26,14.4,9.7,53.3,2.9,31.4,1.2,2.38,18.7,0.4,0.0,0.8,,20.2,4.2,5.3,,51.3,,,,,68.2,18.2,81.8,18.2,66.12903225806451,24.0,6-6,220.0,78
1628392,Isaiah Hartenstein,OKC,5,23.3,7.4,9.2,1.4,3.2,6.2,0.0,0.0,1.0,1.4,december,2025-26,15.4,7.5,54.3,8.1,41.0,1.0,1.52,23.6,4.2,0.0,9.4,,7.4,,19.9,5.6,,,40.3,,10.2,63.6,0.0,100.0,0.0,0.0,23.3,7-0,250.0,84
1641707,Taylor Hendricks,UTA,10,16.2,7.4,2.8,0.8,2.5,4.3,1.2,2.5,1.2,1.4,december,2025-26,12.9,6.5,75.3,9.4,15.8,0.4,1.7,8.9,0.7,0.0,1.4,,18.9,,7.0,,39.2,,11.2,,8.4,63.6,4.0,96.0,4.0,58.139534883720934,16.2,6-9,215.0,81
1642266,Ja'Kobe Walter,TOR,14,20.4,7.4,2.1,1.1,2.5,5.9,1.2,3.7,1.1,1.6,december,2025-26,13.7,7.5,55.9,6.0,24.0,0.7,1.76,13.7,0.4,0.0,1.3,,22.4,,,,48.5,,12.8,,,53.8,14.3,85.7,14.3,62.71186440677966,20.4,6-4,180.0,76
1641716,Jarace Walker,IND,14,19.1,7.4,3.4,1.1,2.5,6.6,1.2,3.9,1.1,1.5,december,2025-26,17.7,8.0,50.9,6.6,26.9,1.0,2.21,14.0,0.5,0.1,0.6,6.4,19.1,12.4,2.1,,38.0,7.1,3.2,3.4,2.4,56.8,11.4,88.6,11.4,59.09090909090909,19.1,6-7,235.0,79
1642954,Will Richard,GSW,10,21.0,7.3,2.9,1.3,2.5,4.8,1.3,3.3,1.0,1.1,december,2025-26,12.4,8.7,69.1,8.3,24.5,0.8,1.94,16.6,0.4,0.1,1.9,,24.6,5.1,,,36.9,,12.7,,8.5,60.0,24.0,76.0,24.0,68.75,21.0,6-3,206.0,75
1641796,Pelle Larsson,MIA,7,18.9,7.3,2.3,2.7,2.6,5.3,0.9,2.0,1.3,1.6,december,2025-26,12.7,17.6,60.9,8.1,27.1,0.9,2.01,17.0,0.1,0.0,1.4,5.6,30.7,,,,41.4,,8.8,,4.7,47.4,16.7,83.3,16.7,37.735849056603776,18.9,6-5,215.0,77
1627936,Alex Caruso,OKC,9,18.0,7.2,4.2,1.2,2.8,6.0,1.0,3.7,0.7,0.7,december,2025-26,16.0,9.2,57.4,10.8,30.0,1.2,2.32,15.2,0.8,0.0,1.7,,19.9,8.2,7.0,,45.6,,,,,64.7,16.0,84.0,16.0,61.66666666666667,18.0,6-5,186.0,77
1629057,Robert Williams III,POR,9,19.0,7.2,8.7,1.1,3.1,4.3,0.0,0.3,1.0,1.1,december,2025-26,12.3,9.3,74.9,17.2,24.9,0.5,1.24,12.3,0.7,0.0,6.0,,,,17.1,,9.8,,32.5,,20.3,51.5,25.0,75.0,25.0,6.976744186046512,19.0,6-9,249.0,81
1630598,Aaron Wiggins,OKC,11,18.2,7.2,2.1,1.1,2.6,6.3,1.2,3.4,0.7,1.1,december,2025-26,18.4,7.7,53.2,6.6,23.7,1.1,2.81,12.0,0.3,0.0,0.9,6.3,22.9,8.6,,,44.9,,3.3,4.0,,76.9,27.6,72.4,27.6,53.96825396825397,18.2,6-5,190.0,77
1630188,Jalen Smith,CHI,10,18.2,7.1,6.8,1.5,2.4,5.5,1.0,2.9,1.3,1.6,december,2025-26,14.9,10.5,57.2,11.2,31.3,0.7,1.42,16.9,1.3,0.1,3.7,,21.0,,17.4,,29.0,,9.8,,10.1,60.0,8.3,91.7,8.3,52.72727272727272,18.2,6-8,244.0,80
1641717,Cason Wallace,OKC,13,26.1,7.1,3.4,2.0,2.6,6.5,1.4,3.9,0.5,0.7,december,2025-26,11.5,9.3,52.3,7.7,30.0,1.3,2.51,14.4,0.8,0.0,1.2,4.2,22.6,13.5,,,41.3,4.2,4.5,,3.5,60.0,23.5,76.5,23.5,60.0,26.1,6-3,195.0,75
1627747,Caris LeVert,DET,12,20.2,7.0,2.0,2.6,2.4,6.3,1.2,3.4,1.0,1.4,december,2025-26,15.6,17.4,50.9,7.6,37.8,2.0,3.15,22.2,0.3,0.0,0.7,6.2,19.0,24.0,,,26.9,4.5,6.6,5.0,,47.6,27.6,72.4,27.6,53.96825396825397,20.2,6-7,205.0,79
1642860,Will Riley,WAS,13,17.9,7.0,2.2,1.5,2.5,5.8,0.6,2.1,1.5,1.7,december,2025-26,16.4,12.8,53.7,7.0,23.5,1.0,2.57,13.6,0.3,0.0,1.7,,17.8,21.2,,,27.4,7.2,5.8,,6.3,64.7,37.5,62.5,37.5,36.206896551724135,17.9,6-9,180.0,81
1642278,Tyler Kolek,NYK,14,17.1,6.9,2.9,4.4,2.9,6.1,1.0,2.6,0.2,0.4,december,2025-26,17.4,33.9,55.6,11.1,40.8,3.0,4.4,15.4,0.2,0.0,0.3,,11.9,38.1,,,27.1,,,,,55.6,52.5,47.5,52.5,42.622950819672134,17.1,6-2,195.0,74
1630173,Precious Achiuwa,SAC,12,18.6,6.9,5.5,1.3,2.8,6.3,0.3,0.8,1.1,2.3,december,2025-26,16.4,9.6,47.8,8.7,24.8,0.8,1.99,13.3,2.3,0.3,4.3,,22.2,,13.5,,24.7,,12.0,,17.1,56.1,33.3,66.7,33.3,12.698412698412701,18.6,6-8,243.0,80
1629726,Garrison Mathews,IND,10,15.0,6.9,1.4,0.8,1.9,3.9,1.5,3.3,1.6,2.0,december,2025-26,13.0,7.6,72.2,9.4,19.0,0.4,1.41,11.7,0.2,0.0,0.1,,,,,,,,,,,76.2,0.0,100.0,0.0,84.61538461538461,15.0,6-5,215.0,77
1629637,Jaxson Hayes,LAL,10,16.7,6.9,3.8,0.6,2.5,3.0,0.0,0.0,1.9,2.9,december,2025-26,11.8,5.9,80.7,10.5,18.5,0.4,1.33,10.2,1.3,0.0,5.3,,13.2,,26.5,,,,34.4,,13.2,64.5,32.0,68.0,32.0,0.0,16.7,7-0,220.0,84
1630198,Isaiah Joe,OKC,9,15.4,6.9,2.3,1.4,2.2,4.6,2.0,4.2,0.4,0.4,december,2025-26,14.1,12.4,72.5,9.2,18.1,0.6,1.93,10.4,0.1,0.0,0.4,,21.2,,9.4,,39.9,9.4,4.3,6.8,,57.1,0.0,100.0,0.0,91.30434782608697,15.4,6-4,165.0,76
1629731,Dean Wade,CLE,14,24.4,6.9,4.6,1.9,2.4,5.5,1.4,4.1,0.7,0.9,december,2025-26,9.9,9.5,58.3,7.8,32.6,0.8,1.52,17.1,0.5,0.0,1.4,,28.1,,5.0,,46.7,,12.1,,,61.9,6.1,93.9,6.1,74.54545454545453,24.4,6-9,228.0,81
1630696,Dru Smith,MIA,13,18.6,6.8,2.5,2.5,2.2,5.7,0.6,2.5,1.8,2.2,december,2025-26,15.3,18.5,51.0,8.5,36.5,2.0,3.32,16.8,0.5,0.0,1.1,10.0,26.9,9.0,,,37.3,,3.6,,6.5,55.3,46.4,53.6,46.4,43.859649122807014,18.6,6-2,203.0,74
1642883,Sion James,CHA,13,24.9,6.8,3.1,1.6,2.0,5.2,1.0,3.2,1.8,2.1,december,2025-26,11.4,9.2,55.8,5.5,39.1,2.3,3.47,18.8,0.7,0.0,0.8,,17.6,14.7,4.4,,43.6,4.8,4.4,,,52.9,19.2,80.8,19.2,61.53846153846154,24.9,6-5,220.0,77
1642867,Collin Murray-Boyles,TOR,12,19.0,6.8,5.4,1.8,3.1,5.9,0.5,1.3,0.1,0.6,december,2025-26,16.2,13.8,54.7,8.3,29.8,0.7,1.38,18.3,1.8,0.3,6.5,,20.7,,17.0,,17.4,,20.7,,11.6,58.7,21.6,78.4,21.6,22.033898305084744,19.0,6-7,245.0,79
1642864,Hugo González,BOS,12,19.7,6.7,5.1,0.6,2.8,4.9,0.7,2.0,0.3,0.5,december,2025-26,13.0,3.8,64.9,9.2,22.1,0.6,1.65,11.0,0.7,0.0,1.9,,24.8,,,,29.8,,9.3,,10.6,52.4,26.5,73.5,26.5,40.81632653061224,19.7,6-6,200.0,78
1630534,Ochai Agbaji,TOR,12,20.6,6.6,3.1,1.1,2.6,5.8,0.5,1.9,0.9,0.9,december,2025-26,13.1,7.6,53.5,6.0,24.3,0.5,1.36,14.0,0.4,0.0,2.3,,33.5,,,,29.2,,13.5,,10.3,54.5,22.6,77.4,22.6,32.758620689655174,20.6,6-5,215.0,77
1631323,Simone Fontecchio,MIA,12,16.9,6.6,3.0,1.8,2.0,6.5,1.3,4.4,1.3,1.8,december,2025-26,18.7,15.9,45.3,7.1,27.3,0.9,1.97,16.8,0.7,0.0,0.8,,26.5,,,,43.5,,4.3,10.5,5.2,68.2,16.7,83.3,16.7,67.6923076923077,16.9,6-7,209.0,79
203083,Andre Drummond,PHI,11,18.9,6.5,8.6,1.2,2.5,5.5,0.5,1.4,0.9,1.5,december,2025-26,15.3,9.8,52.2,11.5,20.0,0.5,1.5,12.8,1.1,0.3,5.5,,5.2,,7.9,,17.0,,16.6,,38.9,82.9,57.1,42.9,57.1,25.454545454545453,18.9,6-11,279.0,83
203992,Bogdan Bogdanović,LAC,7,18.5,6.4,2.1,1.9,2.3,6.0,1.1,3.6,0.7,0.9,december,2025-26,17.0,16.5,50.4,4.5,31.7,2.0,3.82,12.7,0.3,0.0,0.6,,12.2,34.4,,,24.4,,,,,90.0,50.0,50.0,50.0,60.0,18.5,6-5,225.0,77
1628379,Luke Kennard,ATL,13,19.2,6.4,2.3,2.2,2.3,4.3,1.2,2.7,0.5,0.6,december,2025-26,10.7,14.4,69.7,8.2,23.7,0.9,2.26,16.1,0.3,0.0,0.7,,24.5,9.1,,,32.0,7.9,5.8,11.6,,64.9,13.3,86.7,13.3,62.79069767441862,19.2,6-5,206.0,77
1642920,Kobe Sanders,LAC,12,19.7,6.3,2.8,1.6,2.3,4.5,0.8,1.9,0.8,1.0,december,2025-26,13.7,12.4,64.1,7.1,28.3,1.8,3.79,13.3,0.3,0.0,0.5,5.8,17.4,8.7,5.4,,43.4,,5.8,,,54.8,25.0,75.0,25.0,42.22222222222222,19.7,6-8,207.0,80
1629750,Javonte Green,DET,13,16.6,6.3,2.2,0.8,2.3,5.2,1.0,2.8,0.7,0.9,december,2025-26,14.2,6.5,56.7,9.3,23.5,0.6,1.51,12.2,0.3,0.0,1.8,,23.5,,3.7,,41.2,,14.7,,4.8,53.6,13.3,86.7,13.3,53.84615384615385,16.6,6-5,205.0,77
1629655,Daniel Gafford,DAL,9,16.9,6.2,5.2,0.4,2.4,3.7,0.0,0.0,1.3,1.7,december,2025-26,14.5,3.4,70.7,9.2,19.1,0.4,1.39,8.8,0.6,0.6,4.0,,8.8,,19.9,11.0,,,20.4,,18.2,50.0,27.3,72.7,27.3,0.0,16.9,6-10,265.0,82
1629611,Terance Mann,BKN,9,25.6,6.2,3.9,4.1,2.0,4.6,0.7,2.3,1.6,1.7,december,2025-26,10.4,20.7,58.8,8.0,41.7,2.9,4.23,16.9,0.4,0.0,1.0,3.7,22.0,17.9,,,28.9,4.4,6.6,,8.1,54.8,55.6,44.4,55.6,50.0,25.6,6-6,215.0,78
1631200,Kris Murray,POR,12,27.2,6.0,4.3,1.2,2.3,4.6,0.6,2.4,0.9,1.3,december,2025-26,9.4,5.8,58.4,5.4,22.1,0.8,2.23,12.5,0.3,0.1,2.8,,23.6,,,,40.4,,11.8,,11.3,55.3,29.6,70.4,29.6,52.17391304347826,27.2,6-8,218.0,80
1630172,Patrick Williams,CHI,13,16.3,5.9,2.8,1.0,2.1,5.5,1.2,2.5,0.6,0.9,december,2025-26,16.8,9.4,49.8,6.2,26.2,0.9,2.0,14.7,0.5,0.2,0.8,3.6,22.1,9.3,5.0,3.6,41.4,3.6,,,5.0,59.1,33.3,66.7,33.3,45.45454545454545,16.3,6-6,235.0,78
1629020,Jarred Vanderbilt,LAL,8,20.8,5.9,5.4,0.9,2.1,4.3,1.3,2.4,0.4,0.8,december,2025-26,11.0,5.9,64.1,7.3,24.3,0.8,1.91,12.4,0.3,0.0,3.5,,18.0,,,,32.3,,16.9,,14.3,95.0,29.4,70.6,29.4,55.81395348837209,20.8,6-8,214.0,80
1628988,Aaron Holiday,HOU,12,15.6,5.8,1.2,0.8,2.0,4.6,1.3,2.8,0.5,0.7,december,2025-26,14.8,7.1,59.8,4.5,18.0,1.2,4.16,7.5,0.0,0.0,0.0,,18.5,18.5,,,42.5,,,,,72.0,37.5,62.5,37.5,60.86956521739131,15.6,6-0,185.0,72
1630182,Josh Green,CHA,9,15.5,5.8,1.8,1.1,2.1,4.4,1.4,3.4,0.1,0.2,december,2025-26,12.9,9.8,63.6,8.0,16.9,0.5,1.82,10.7,0.3,0.0,0.4,,28.0,,,,61.3,,,,,63.2,10.5,89.5,10.5,77.27272727272727,15.5,6-6,200.0,78
1631217,Moussa Diabaté,CHA,12,23.9,5.8,8.1,1.5,2.4,4.3,0.0,0.0,0.9,1.8,december,2025-26,10.0,8.5,56.3,8.9,33.3,1.0,1.88,19.2,2.6,0.3,7.5,,13.1,,20.1,4.6,,,24.7,,22.3,60.3,34.5,65.5,34.5,0.0,23.9,6-10,210.0,82
1641783,Tristan da Silva,ORL,10,22.2,5.7,4.1,1.0,2.2,6.9,0.8,3.2,0.5,0.6,december,2025-26,14.5,6.5,39.8,4.1,27.7,1.0,2.2,14.3,0.5,0.0,0.8,,20.8,11.5,6.1,,32.9,4.2,9.3,4.2,4.2,64.9,22.7,77.3,22.7,46.3768115942029,22.2,6-8,217.0,80
1629216,Gabe Vincent,LAL,6,21.2,5.7,1.0,0.8,1.8,5.5,1.3,4.0,0.7,0.7,december,2025-26,12.1,5.7,48.9,1.3,28.5,1.7,3.65,12.7,0.0,0.0,0.3,,14.9,14.9,,,38.6,,,13.2,,72.7,36.4,63.6,36.4,72.72727272727273,21.2,6-2,200.0,74
1629048,Goga Bitadze,ORL,11,16.7,5.6,5.2,1.3,2.4,3.5,0.0,0.1,0.9,1.1,december,2025-26,11.0,11.2,70.0,12.0,23.6,0.6,1.45,14.8,1.1,0.2,4.8,,10.8,,15.0,,,,26.9,,27.5,48.6,26.9,73.1,26.9,2.857142857142857,16.7,6-11,250.0,83
1631213,Tyrese Martin,BKN,8,17.3,5.6,2.6,1.9,2.1,6.1,1.3,4.0,0.1,0.3,december,2025-26,17.9,16.5,45.1,5.3,35.4,2.2,3.7,15.6,0.4,0.0,0.9,,15.1,20.7,,,37.1,10.0,4.0,,,57.1,29.4,70.6,29.4,65.57377049180329,17.3,6-6,215.0,78
1629006,Josh Okogie,HOU,13,20.3,5.6,3.2,0.8,2.1,4.1,1.0,2.1,0.5,0.6,december,2025-26,11.1,5.3,64.6,5.8,19.3,0.6,1.75,10.5,0.8,0.0,1.5,,24.9,,,,41.5,,11.1,,9.7,56.1,18.5,81.5,18.5,51.21951219512195,20.3,6-4,213.0,76
1629011,Mitchell Robinson,NYK,10,19.9,5.6,9.1,1.4,2.1,2.8,0.0,0.0,1.4,2.7,december,2025-26,9.5,8.5,70.2,12.0,17.3,0.4,1.33,11.1,0.5,0.0,5.7,,,,11.7,,,,12.5,,52.3,54.1,47.6,52.4,47.6,0.0,19.9,7-0,240.0,84
1631246,Vince Williams Jr.,MEM,6,20.2,5.5,3.2,3.0,2.0,6.7,1.2,4.0,0.3,0.3,december,2025-26,17.7,18.8,40.4,5.1,40.5,2.4,3.6,19.0,0.0,0.2,0.8,,17.7,29.5,,,31.5,,,,,58.3,33.3,66.7,33.3,59.70149253731343,20.2,6-4,205.0,76
201587,Nicolas Batum,LAC,11,23.8,5.5,2.5,1.1,1.8,4.3,1.8,4.2,0.0,0.0,december,2025-26,8.9,6.5,63.8,4.8,26.9,0.6,1.25,13.4,0.5,0.0,0.2,,14.2,,,,68.9,,,,,65.5,0.0,100.0,0.0,97.67441860465117,23.8,6-7,230.0,79
1641737,Adem Bona,PHI,9,19.0,5.4,4.3,0.3,1.6,2.7,0.1,0.2,2.2,3.1,december,2025-26,10.0,2.1,67.5,5.6,17.3,0.4,1.37,9.9,1.0,0.1,4.0,,10.8,,8.5,,,,21.5,,30.8,57.1,42.9,57.1,42.9,7.4074074074074066,19.0,6-10,235.0,82
1626145,Tyus Jones,ORL,14,20.1,5.4,1.5,3.1,2.0,4.6,1.1,3.1,0.3,0.3,december,2025-26,10.9,22.2,57.8,8.5,42.1,2.9,4.15,17.1,0.2,0.0,0.1,,17.2,23.8,,,41.7,,,,,75.7,28.6,71.4,28.6,67.3913043478261,20.1,6-0,196.0,72
1630679,Ethan Thompson,IND,13,19.5,5.3,2.1,1.8,1.9,4.9,1.2,3.5,0.3,0.5,december,2025-26,12.6,12.9,51.8,4.0,26.0,0.9,2.02,15.1,0.2,0.0,1.0,,,,,,,,,,,72.7,8.0,92.0,8.0,71.42857142857142,19.5,6-4,195.0,76
1631169,Josh Minott,BOS,9,16.7,5.2,2.2,0.9,1.8,3.1,1.2,2.3,0.4,0.7,december,2025-26,10.7,7.1,76.7,7.2,15.6,0.4,1.58,9.1,0.9,0.0,1.6,,24.7,,,,37.0,,10.4,,11.7,61.5,12.5,87.5,12.5,74.19354838709677,16.7,6-8,205.0,80
203500,Steven Adams,HOU,10,21.8,5.2,7.0,1.2,2.1,4.5,0.0,0.0,1.0,2.3,december,2025-26,12.5,6.6,47.2,7.1,31.4,0.9,1.8,18.1,3.0,0.3,6.6,,4.9,,15.6,,,,23.9,,37.1,69.2,33.3,66.7,33.3,0.0,21.8,6-11,265.0,83
1642345,Oso Ighodaro,PHX,12,23.0,5.2,5.8,2.0,2.4,4.0,0.0,0.0,0.3,0.6,december,2025-26,10.3,11.1,60.7,7.7,33.2,1.2,2.23,18.7,2.5,0.1,4.4,8.5,12.7,4.2,18.2,,,,29.7,,7.6,57.6,24.1,75.9,24.1,0.0,23.0,6-11,235.0,83
1642857,Kasparas Jakučionis,MIA,8,15.6,5.1,2.0,1.0,1.5,4.5,1.1,2.6,1.0,1.0,december,2025-26,13.7,8.2,51.9,4.5,28.4,1.4,2.99,13.6,0.1,0.0,0.9,,,,,,,,,,,68.4,16.7,83.3,16.7,57.777777777777786,15.6,6-5,200.0,77
1642346,Ryan Dunn,PHX,10,20.3,5.1,5.3,1.7,2.1,5.6,0.5,2.2,0.4,0.5,december,2025-26,14.8,11.0,43.8,5.9,27.0,0.9,1.97,13.5,0.5,0.0,3.1,,24.6,5.5,5.5,,35.5,,10.9,,12.5,64.3,23.8,76.2,23.8,39.28571428571429,20.3,6-7,216.0,79
1642962,Drake Powell,BKN,8,15.3,5.0,1.4,1.9,1.8,4.0,0.9,2.5,0.6,0.6,december,2025-26,14.4,17.0,58.5,7.8,20.4,1.0,3.01,10.0,0.3,0.0,0.0,8.3,19.8,17.2,,,34.4,7.3,,,,50.0,14.3,85.7,14.3,62.5,15.3,6-5,195.0,77
1642928,Dylan Cardwell,SAC,6,21.5,5.0,6.7,1.3,1.7,2.7,0.0,0.0,1.7,3.0,december,2025-26,9.0,8.1,62.7,8.6,26.5,0.7,1.56,13.7,2.0,0.0,6.0,,11.7,,19.1,,,,36.2,,12.8,58.3,10.0,90.0,10.0,0.0,21.5,6-10,255.0,82
1630543,Isaiah Jackson,IND,9,15.8,5.0,6.1,0.4,2.1,4.0,0.0,0.0,0.8,1.4,december,2025-26,15.0,3.8,53.9,8.1,23.1,0.6,1.56,13.3,0.9,0.3,4.9,,13.6,,11.6,7.1,5.1,,20.7,,25.8,60.6,42.1,57.9,42.1,0.0,15.8,6-8,205.0,80
1630579,Jericho Sims,MIL,12,21.0,5.0,6.0,0.6,2.3,2.8,0.0,0.0,0.3,0.6,december,2025-26,9.2,4.1,83.1,7.5,28.8,0.7,1.52,14.6,1.3,0.0,4.7,,,,26.0,,,,32.5,,,74.1,17.9,82.1,17.9,0.0,21.0,6-10,250.0,82
1629618,Jalen Pickett,DEN,10,16.1,4.5,2.3,2.3,1.7,4.3,0.9,2.7,0.2,0.2,december,2025-26,13.4,19.2,51.3,7.1,27.1,1.9,4.27,12.4,0.4,0.2,0.4,8.5,10.4,20.9,,,30.3,7.0,7.0,,,38.9,29.4,70.6,29.4,62.79069767441862,16.1,6-2,202.0,74
1641763,Julian Phillips,CHI,6,15.5,4.5,1.8,0.5,1.7,3.7,0.7,2.2,0.5,0.7,december,2025-26,10.7,4.8,56.8,5.8,12.3,0.3,1.32,8.3,0.2,0.0,1.8,,,,,,,,,,,71.4,10.0,90.0,10.0,59.45945945945946,15.5,6-6,201.0,78
1631165,Keon Ellis,SAC,11,18.7,4.5,1.3,0.8,1.6,5.3,0.8,3.5,0.4,0.5,december,2025-26,13.0,6.0,40.4,2.5,22.3,0.8,2.24,11.6,0.4,0.0,0.5,,25.6,10.1,,,43.7,,,,,55.0,16.7,83.3,16.7,66.03773584905662,18.7,6-4,175.0,76
1628366,Lonzo Ball,CLE,9,22.6,4.0,3.9,3.6,1.3,4.7,0.7,3.6,0.7,0.9,december,2025-26,11.2,18.8,39.5,7.4,47.2,1.8,2.24,21.3,0.6,0.0,1.7,,19.3,16.5,,,36.3,6.1,,,,61.9,8.3,91.7,8.3,76.59574468085107,22.6,6-5,190.0,77
1631119,Jaylin Williams,OKC,5,19.4,3.6,5.4,3.0,1.2,4.0,0.6,3.0,0.6,1.4,december,2025-26,12.1,16.3,39.0,8.3,35.2,0.8,1.37,18.6,1.0,0.0,0.6,,14.8,,21.6,,40.7,,,,,54.5,0.0,100.0,0.0,75.0,19.4,6-9,240.0,81
1641854,Craig Porter Jr.,CLE,12,15.9,3.6,3.9,2.6,1.4,3.3,0.3,0.9,0.5,0.6,december,2025-26,9.7,19.3,51.1,10.3,32.1,1.6,2.99,14.4,1.1,0.0,1.8,,17.9,27.8,,,26.0,4.5,,,4.9,40.0,41.2,58.8,41.2,27.272727272727277,15.9,6-1,180.0,73
203939,Dwight Powell,DAL,8,16.4,3.5,4.3,1.1,1.3,1.9,0.0,0.0,1.0,2.3,december,2025-26,8.5,8.0,61.1,5.6,17.9,0.5,1.55,10.5,1.8,0.0,3.5,,13.2,,12.1,,,,37.4,,,56.0,0.0,100.0,0.0,0.0,16.4,6-10,240.0,82
201144,Mike Conley,MIN,9,17.6,3.3,1.6,2.1,0.9,4.1,0.6,3.3,1.0,1.0,december,2025-26,11.6,16.8,36.6,3.9,37.4,2.1,3.37,18.6,0.1,0.0,0.1,,14.8,21.2,,,33.3,13.8,,5.8,,72.7,0.0,100.0,0.0,80.48780487804879,17.6,6-1,175.0,73
203914,Gary Harris,MIL,11,17.1,3.3,1.5,0.6,1.3,2.3,0.6,1.4,0.1,0.1,december,2025-26,7.1,4.5,70.8,3.2,15.4,0.5,1.81,9.8,0.1,0.0,0.3,,16.7,,,,54.2,,,,,67.9,21.4,78.6,21.4,60.86956521739131,17.1,6-4,210.0,76
1631132,Christian Koloko,ATL,5,18.6,2.0,3.6,1.0,1.0,2.2,0.0,0.0,0.0,0.0,december,2025-26,4.8,6.0,45.5,5.8,17.6,0.4,1.2,7.6,0.6,0.0,4.0,,,,,,,,,,,60.9,0.0,100.0,0.0,0.0,18.6,6-11,225.0,83
1629029,Luka Dončić,LAL,12,36.8,33.2,7.1,8.8,10.6,22.0,3.4,9.4,8.6,11.1,january,2025-26,35.5,40.2,61.7,17.6,89.3,7.5,5.05,36.0,0.8,1.9,1.1,16.0,14.3,36.3,,7.6,8.7,2.3,1.3,7.4,1.7,64.3,73.2,26.8,73.2,42.727272727272734,36.8,6-8,230.0,80
1628983,Shai Gilgeous-Alexander,OKC,11,33.8,32.8,3.4,5.7,11.2,20.7,1.5,4.5,9.0,9.8,january,2025-26,33.4,28.4,65.5,19.4,64.9,6.0,5.57,23.3,1.3,1.6,1.1,26.3,14.1,37.3,,4.7,6.2,2.1,3.3,1.6,,51.7,74.8,25.2,74.8,21.73913043478261,33.8,6-6,195.0,78
1630162,Anthony Edwards,MIN,9,35.8,31.1,5.1,3.9,11.2,23.2,4.1,9.6,4.6,6.2,january,2025-26,32.0,16.6,59.9,14.1,80.3,6.3,4.7,36.1,1.4,1.0,0.9,23.4,15.7,23.5,,4.9,12.9,7.3,2.0,4.8,1.2,62.7,57.9,42.1,57.9,41.37931034482759,35.8,6-4,225.0,76
1627759,Jaylen Brown,BOS,12,36.2,30.7,8.0,4.8,11.2,25.5,2.6,7.4,5.8,7.3,january,2025-26,38.1,22.4,53.4,13.5,72.6,5.5,4.57,42.6,0.6,1.0,1.5,20.6,20.4,22.2,1.8,4.7,13.0,4.1,1.1,7.4,1.8,61.9,64.2,35.8,64.2,29.01960784313726,36.2,6-6,223.0,78
1628374,Lauri Markkanen,UTA,5,38.4,29.4,8.4,2.4,11.2,21.0,2.6,7.2,4.4,6.0,january,2025-26,28.0,9.7,62.2,13.4,60.8,2.3,2.22,34.8,0.5,0.8,3.5,4.0,15.6,3.0,8.3,5.7,12.8,7.5,10.6,20.7,7.0,76.9,21.4,78.6,21.4,34.285714285714285,38.4,7-1,240.0,85
1630166,Deni Avdija,POR,8,33.6,29.0,6.8,6.8,8.9,18.1,2.4,6.5,8.9,10.3,january,2025-26,31.9,33.3,64.1,17.7,81.4,6.2,4.54,34.0,2.0,0.4,2.3,14.0,18.1,26.9,,3.1,19.0,4.8,4.0,4.7,1.7,67.6,56.3,43.7,56.3,35.911602209944746,33.6,6-8,228.0,80
1627750,Jamal Murray,DEN,9,36.4,29.0,3.8,8.7,10.7,20.7,3.1,7.2,4.6,5.1,january,2025-26,31.2,43.1,63.3,17.4,81.3,7.4,5.45,37.9,1.2,1.2,1.0,14.6,13.0,35.4,,2.9,8.6,11.5,3.8,4.0,,66.7,65.6,34.4,65.6,34.78260869565218,36.4,6-4,215.0,76
202695,Kawhi Leonard,LAC,9,32.7,28.9,5.7,3.6,9.8,19.9,3.8,8.9,5.6,6.3,january,2025-26,34.0,20.3,63.7,18.9,60.7,4.8,4.73,28.7,1.4,0.9,1.3,16.5,19.6,25.9,,6.0,12.2,3.4,3.0,7.2,2.8,77.8,59.8,40.2,59.8,44.72361809045226,32.7,6-6,225.0,78
1630530,Trey Murphy III,NOP,10,36.7,28.2,5.6,3.9,9.7,19.4,4.4,11.4,4.4,4.9,january,2025-26,26.1,16.2,65.4,14.6,66.9,3.3,2.92,34.4,0.9,0.0,2.4,6.6,20.1,16.5,2.1,,23.4,9.4,8.3,7.1,3.2,66.7,21.2,78.8,21.2,58.76288659793815,36.7,6-8,206.0,80
203954,Joel Embiid,PHI,11,34.0,28.2,8.4,4.3,9.7,17.8,1.1,3.3,7.6,8.8,january,2025-26,32.4,20.3,64.9,17.4,68.0,2.9,2.59,48.3,2.8,6.3,3.9,12.3,7.0,,22.0,21.7,12.9,2.3,6.6,1.8,7.1,60.7,39.3,60.7,39.3,18.539325842696627,34.0,7-0,280.0,84
1630178,Tyrese Maxey,PHI,13,38.8,27.9,4.0,6.2,10.5,21.5,3.2,8.2,3.8,4.5,january,2025-26,27.6,26.0,59.6,15.9,91.6,7.2,4.72,38.5,0.2,0.2,0.3,14.5,21.9,26.2,1.3,1.4,14.3,6.7,3.0,5.4,,57.1,56.6,43.4,56.6,38.13953488372093,38.8,6-2,200.0,74
201142,Kevin Durant,HOU,13,38.8,27.8,6.5,5.2,10.1,20.0,2.8,7.6,4.9,5.7,january,2025-26,26.9,21.8,61.9,15.5,68.9,4.2,3.66,48.2,2.0,1.5,0.5,20.8,13.5,18.4,1.7,7.3,15.2,7.5,2.3,7.5,1.1,56.5,44.3,55.7,44.3,38.0,38.8,6-11,240.0,83
1628378,Donovan Mitchell,CLE,11,35.2,27.5,5.3,6.6,9.5,21.1,3.4,9.5,5.2,6.4,january,2025-26,31.1,31.2,57.5,14.6,80.0,6.2,4.66,35.9,0.6,0.0,0.8,11.4,22.8,34.1,1.5,,11.4,6.9,1.9,3.8,1.6,75.0,53.8,46.2,53.8,45.023696682464454,35.2,6-2,215.0,74
203507,Giannis Antetokounmpo,MIL,10,30.2,26.1,10.2,5.3,9.3,14.1,0.4,1.0,7.1,10.3,january,2025-26,31.8,32.5,70.0,21.1,73.8,4.7,3.86,33.7,5.6,5.6,6.8,10.9,26.0,7.7,6.4,20.2,6.1,,7.9,,8.9,57.7,47.3,52.7,47.3,7.092198581560284,30.2,6-11,243.0,83
1626164,Devin Booker,PHX,11,33.3,25.3,3.5,5.9,8.4,18.5,1.8,5.3,6.7,7.5,january,2025-26,31.3,30.0,58.0,14.2,61.4,5.3,5.16,39.2,0.5,1.0,0.7,14.0,15.7,33.1,1.8,3.8,9.5,7.5,1.6,7.5,1.7,46.9,62.0,38.0,62.0,28.64864864864865,33.3,6-5,206.0,77
201935,James Harden,LAC,11,35.8,24.9,4.5,8.5,7.5,19.5,2.0,7.7,8.0,8.6,january,2025-26,32.4,38.4,53.6,13.4,77.1,8.2,6.41,27.8,0.5,0.9,0.6,42.5,13.1,25.0,,1.3,7.5,4.6,,,,58.8,84.7,15.3,84.7,39.48717948717949,35.8,6-5,220.0,77
2544,LeBron James,LAL,12,34.1,24.8,7.5,7.3,9.2,17.6,1.6,4.5,4.9,5.8,january,2025-26,28.1,35.1,61.6,18.3,77.8,4.8,3.7,42.1,2.5,2.8,3.4,12.8,24.5,12.5,3.1,12.1,12.6,,5.7,7.5,1.9,54.8,51.8,48.2,51.8,25.568181818181817,34.1,6-9,250.0,81
1641705,Victor Wembanyama,SAS,10,26.9,24.7,9.2,1.8,8.3,17.3,2.7,6.4,5.4,6.3,january,2025-26,33.8,11.5,61.5,19.2,47.9,2.0,2.48,31.0,5.9,3.5,3.9,14.5,16.8,6.7,8.2,11.7,13.5,2.6,8.6,7.5,6.1,59.6,37.1,62.9,37.1,36.99421965317919,26.9,7-4,235.0,88
1627783,Pascal Siakam,IND,11,34.3,24.6,7.9,4.8,10.0,20.2,2.1,5.0,2.5,3.5,january,2025-26,29.0,22.9,56.7,13.8,75.9,3.4,2.7,46.5,2.5,2.8,3.6,13.3,20.6,13.9,6.5,11.3,16.2,3.0,3.2,4.0,5.0,52.7,36.4,63.6,36.4,24.752475247524753,34.3,6-8,245.0,80
201939,Stephen Curry,GSW,11,31.0,24.4,3.2,6.5,8.5,18.0,4.1,10.5,3.2,3.4,january,2025-26,28.1,31.4,62.5,14.3,67.8,4.4,3.85,30.0,0.6,0.0,1.5,10.1,13.8,21.1,,,11.6,12.0,7.0,18.0,1.3,55.6,36.6,63.4,36.6,58.333333333333336,31.0,6-2,185.0,74
1629008,Michael Porter Jr.,BKN,9,33.9,24.2,7.1,2.9,8.3,19.0,3.8,10.7,3.8,3.9,january,2025-26,30.9,14.9,58.5,13.4,57.3,2.2,2.26,37.6,1.1,0.4,2.8,6.9,13.2,5.7,2.7,2.5,21.5,16.9,8.5,13.1,4.9,75.0,28.2,71.8,28.2,56.315789473684205,33.9,6-10,218.0,82
1628973,Jalen Brunson,NYK,10,31.4,23.6,3.0,4.6,8.8,18.3,2.5,6.7,3.5,4.1,january,2025-26,30.3,24.7,58.7,12.0,78.7,6.8,5.15,28.5,0.3,0.2,0.2,14.4,14.3,36.0,,3.3,16.4,5.6,1.9,2.5,,80.0,65.9,34.1,65.9,36.6120218579235,31.4,6-2,190.0,74
203944,Julius Randle,MIN,11,33.4,23.4,7.1,4.3,8.5,16.4,1.6,4.5,4.6,5.9,january,2025-26,26.8,18.1,61.6,12.8,60.3,3.3,3.31,40.2,2.0,3.6,2.8,15.8,16.5,9.4,7.3,10.1,21.1,2.4,5.0,3.2,5.4,73.8,50.5,49.5,50.5,27.439024390243905,33.4,6-9,250.0,81
1641718,Keyonte George,UTA,13,34.6,23.3,3.0,6.2,7.5,16.3,2.4,6.5,6.0,6.6,january,2025-26,26.3,25.1,60.6,10.8,77.4,5.6,4.3,35.4,0.8,0.0,0.6,12.3,14.8,29.3,1.4,,13.8,9.7,4.5,5.8,,78.0,39.2,60.8,39.2,39.87730061349693,34.6,6-4,185.0,76
1631094,Paolo Banchero,ORL,10,35.6,23.2,8.8,5.6,8.0,16.6,1.7,4.4,5.5,7.0,january,2025-26,27.9,25.8,58.9,14.7,80.7,4.8,3.59,40.2,1.9,1.6,2.4,14.7,19.8,19.4,5.2,9.3,15.4,2.6,4.7,3.6,2.6,61.7,45.0,55.0,45.0,26.506024096385545,35.6,6-10,250.0,82
1631212,Peyton Watson,DEN,12,36.3,23.0,6.2,3.0,8.0,15.8,2.6,5.3,4.4,6.0,january,2025-26,26.7,14.2,62.5,12.3,71.7,4.9,4.09,30.3,2.0,0.0,2.6,6.7,19.0,13.2,3.1,,24.9,5.2,16.2,2.3,3.2,61.5,36.5,63.5,36.5,33.54430379746835,36.3,6-8,200.0,80
1626181,Norman Powell,MIA,12,29.6,22.0,2.8,2.7,7.5,15.5,3.2,7.8,3.8,5.0,january,2025-26,24.7,13.2,62.1,11.2,45.4,2.1,2.71,31.0,0.5,0.0,0.4,10.9,24.6,11.3,,,32.5,3.8,1.5,10.9,,71.4,29.5,70.5,29.5,50.32258064516129,29.6,6-3,215.0,75
1631101,Shaedon Sharpe,POR,12,31.8,22.0,5.2,3.3,8.5,18.3,2.3,6.6,2.7,3.4,january,2025-26,29.2,17.1,55.5,11.6,58.8,4.2,4.29,27.4,1.2,0.0,2.3,12.3,19.5,31.7,,,16.7,5.1,4.8,2.1,2.8,66.7,53.9,46.1,53.9,36.065573770491795,31.8,6-5,210.0,77
1630567,Scottie Barnes,TOR,11,36.1,21.5,7.0,6.3,8.4,17.0,0.3,2.5,4.5,5.6,january,2025-26,25.8,26.3,55.3,13.7,79.5,4.0,3.0,37.9,3.5,2.2,4.9,7.9,21.7,13.1,5.7,10.7,19.7,2.2,9.3,1.5,5.0,63.2,42.1,57.9,42.1,14.705882352941178,36.1,6-8,237.0,80
1630595,Cade Cunningham,DET,8,34.2,21.3,4.1,10.0,6.9,17.1,1.5,4.8,6.0,7.4,january,2025-26,29.1,44.0,52.2,13.8,88.7,7.4,4.99,39.3,0.9,1.6,1.6,11.5,17.5,38.7,,3.5,8.5,8.4,1.6,4.4,1.3,60.0,67.3,32.7,67.3,28.07017543859649,34.2,6-6,220.0,78
202710,Jimmy Butler III,GSW,8,29.3,21.3,5.5,4.6,7.3,13.6,0.9,3.0,5.9,6.8,january,2025-26,24.6,23.9,64.0,16.6,59.9,4.0,4.03,36.3,1.6,1.5,6.6,17.7,17.2,13.1,2.7,6.1,14.0,1.7,12.1,2.4,7.9,78.9,46.6,53.4,46.6,22.058823529411764,29.3,6-6,230.0,78
1630552,Jalen Johnson,ATL,12,36.4,21.0,10.8,7.0,8.0,17.1,1.7,5.2,3.3,5.1,january,2025-26,25.9,29.8,54.3,14.1,88.1,5.1,3.5,38.6,1.8,1.3,2.6,7.9,22.5,23.7,2.9,4.5,14.4,7.3,6.8,1.8,4.0,62.9,41.7,58.3,41.7,30.409356725146196,36.4,6-8,219.0,80
1629627,Zion Williamson,NOP,12,29.6,20.8,6.0,3.5,8.8,14.1,0.0,0.0,3.3,6.1,january,2025-26,24.9,18.7,61.9,13.1,47.3,3.0,3.83,22.5,1.4,0.8,3.9,23.8,15.0,15.3,4.8,10.2,5.5,2.6,10.5,,8.6,67.6,58.3,41.7,58.3,0.0,29.6,6-6,284.0,78
1641706,Brandon Miller,CHA,12,30.0,20.7,5.2,3.8,7.3,15.7,3.2,7.7,3.0,3.4,january,2025-26,28.1,19.9,60.2,12.7,58.4,3.1,3.22,31.8,1.4,0.2,2.3,10.8,16.1,20.6,9.6,2.7,20.2,9.0,,3.4,,64.2,37.9,62.1,37.9,49.04458598726115,30.0,6-7,200.0,79
1628991,Jaren Jackson Jr.,MEM,10,31.8,20.6,5.5,1.5,7.8,15.6,1.7,4.6,3.3,4.0,january,2025-26,25.0,7.7,59.3,10.3,51.0,1.9,2.28,32.2,1.3,3.2,3.5,11.1,15.3,2.1,9.7,19.8,26.4,1.5,3.4,,3.9,53.8,24.4,75.6,24.4,29.48717948717949,31.8,6-10,242.0,82
1629628,RJ Barrett,TOR,5,29.2,20.6,5.4,3.2,8.0,17.0,2.0,6.6,2.6,4.4,january,2025-26,31.2,16.7,54.4,11.6,56.8,2.6,2.71,35.2,0.2,0.4,2.2,2.7,28.5,18.0,,2.4,23.8,6.6,7.3,3.4,3.4,60.0,43.5,56.5,43.5,38.8235294117647,29.2,6-6,214.0,78
1629636,Darius Garland,CLE,7,31.3,20.6,1.7,7.0,8.4,15.6,2.1,6.0,1.6,2.1,january,2025-26,25.4,32.7,62.3,11.9,71.8,5.1,4.23,30.3,0.2,0.2,0.7,6.7,16.2,41.8,,,17.1,5.4,3.1,2.9,,76.0,50.8,49.2,50.8,38.46153846153847,31.3,6-1,192.0,73
1627742,Brandon Ingram,TOR,10,33.1,20.4,6.1,3.8,7.4,15.3,1.9,4.4,3.7,4.0,january,2025-26,24.4,16.3,59.8,13.2,50.9,2.8,3.33,35.6,1.0,1.9,2.1,13.8,16.6,16.2,,7.7,18.3,5.8,4.3,12.1,2.4,43.8,39.2,60.8,39.2,28.758169934640527,33.1,6-8,190.0,80
1629639,Tyler Herro,MIA,5,31.5,20.4,4.4,3.2,8.0,16.4,1.8,6.0,2.6,3.0,january,2025-26,24.6,18.6,57.6,12.0,61.4,3.4,3.35,29.6,0.2,0.2,1.0,13.3,27.7,13.9,,,32.4,,,5.8,,42.1,35.0,65.0,35.0,36.585365853658544,31.5,6-5,195.0,77
1629638,Nickeil Alexander-Walker,ATL,12,33.5,20.2,4.1,4.2,6.8,15.9,3.4,9.1,3.3,3.5,january,2025-26,23.3,18.9,57.8,10.7,59.4,3.4,3.41,28.8,0.4,0.0,0.8,2.9,27.3,18.8,2.9,,22.7,7.1,2.9,9.1,1.3,70.2,21.0,79.0,21.0,57.23270440251572,33.5,6-5,205.0,77
1641708,Amen Thompson,HOU,13,38.8,19.8,8.5,5.0,7.2,13.9,0.4,1.7,4.9,6.2,january,2025-26,19.7,19.4,59.4,13.8,75.3,5.9,4.72,28.8,2.2,0.0,6.3,9.4,21.4,23.0,,,13.2,2.9,17.8,,5.9,70.0,54.3,45.7,54.3,12.230215827338128,38.8,6-7,200.0,79
201942,DeMar DeRozan,SAC,14,33.1,19.6,2.7,4.4,6.9,13.4,0.6,1.8,5.1,6.3,january,2025-26,22.5,20.5,60.4,11.0,48.5,3.6,4.45,31.8,1.2,4.0,0.5,19.9,10.0,17.6,1.7,12.0,19.1,6.1,3.9,4.6,1.7,62.7,57.7,42.3,57.7,13.432835820895523,33.1,6-6,220.0,78
1630193,Immanuel Quickley,TOR,10,33.5,19.4,4.1,6.2,6.8,14.7,2.7,7.4,3.1,3.8,january,2025-26,22.0,26.2,59.2,13.0,77.7,5.5,4.26,32.6,0.5,0.0,0.6,6.1,28.1,20.9,,,25.4,6.4,1.9,4.1,1.4,67.5,30.7,69.3,30.7,50.34013605442177,33.5,6-2,190.0,74
1630180,Saddiq Bey,NOP,6,29.9,19.3,3.8,2.0,5.5,10.8,2.0,4.5,6.3,7.2,january,2025-26,20.6,9.7,69.1,11.5,35.7,1.6,2.67,22.3,0.7,2.3,2.0,6.5,19.0,7.8,2.2,13.8,28.5,6.0,4.9,1.9,6.7,70.0,37.5,62.5,37.5,41.666666666666664,29.9,6-8,215.0,80
1629614,Andrew Nembhard,IND,10,33.4,19.0,3.8,8.7,6.8,13.3,2.1,5.2,3.3,4.3,january,2025-26,21.9,36.1,62.5,13.5,96.5,6.5,4.03,41.0,0.5,0.1,0.3,8.9,14.8,38.5,,,21.4,7.1,,,,77.8,44.1,55.9,44.1,39.097744360902254,33.4,6-4,191.0,76
202696,Nikola Vučević,CHI,12,32.8,18.8,9.5,5.1,7.9,14.7,1.6,4.2,1.3,1.5,january,2025-26,21.7,22.7,61.2,14.4,66.3,1.8,1.67,52.1,5.2,6.3,7.4,,12.5,,28.8,16.1,15.2,,10.0,3.6,7.6,62.2,24.2,75.8,24.2,28.571428571428577,32.8,6-9,265.0,81
203468,CJ McCollum,ATL,10,27.8,18.5,3.3,3.4,7.2,15.1,1.9,5.4,2.2,3.2,january,2025-26,26.8,19.5,56.0,10.7,53.4,3.9,4.35,25.7,0.3,0.1,0.9,8.8,18.2,31.4,,,17.8,9.7,,6.3,,77.4,50.0,50.0,50.0,35.76158940397352,27.8,6-3,190.0,75
1630217,Desmond Bane,ORL,10,34.7,18.4,4.2,4.0,6.8,14.0,1.6,4.9,3.2,3.4,january,2025-26,21.7,17.1,59.4,9.4,60.2,3.0,2.97,33.6,0.5,0.0,1.9,7.0,19.3,25.5,,,17.4,7.4,4.1,9.1,3.8,66.7,39.7,60.3,39.7,35.0,34.7,6-6,215.0,78
1641729,Brice Sensabaugh,UTA,12,27.7,18.3,3.8,1.7,6.7,13.3,1.9,6.0,3.1,3.6,january,2025-26,24.8,9.3,61.5,10.3,36.5,1.5,2.42,24.1,1.0,0.1,0.9,2.8,22.0,10.7,2.6,,28.1,9.4,4.1,12.4,3.5,69.4,36.3,63.8,36.3,45.11278195488722,27.7,6-6,235.0,78
1630230,Naji Marshall,DAL,12,31.3,18.3,5.2,4.3,7.1,12.5,0.8,3.0,3.3,4.4,january,2025-26,21.5,19.6,63.2,13.1,55.6,2.9,3.18,26.7,1.6,0.0,2.2,5.6,31.6,10.9,3.9,,29.1,,6.0,2.4,2.4,68.9,47.1,52.9,47.1,24.0,31.3,6-6,220.0,78
1631108,Max Christie,DAL,10,32.5,18.2,3.7,2.5,6.4,12.9,3.4,7.9,2.0,2.2,january,2025-26,19.0,11.2,65.6,11.7,45.6,2.1,2.81,25.7,0.4,0.0,0.9,5.7,24.2,13.7,4.7,,33.9,4.0,2.6,5.7,,62.1,32.8,67.2,32.8,61.240310077519375,32.5,6-5,190.0,77
1629632,Coby White,CHI,8,30.0,18.1,4.0,4.6,6.1,13.3,3.4,7.9,2.5,3.1,january,2025-26,25.8,21.6,62.0,10.0,65.4,4.4,4.0,31.9,0.1,0.0,0.3,7.7,29.3,29.6,,,20.9,3.1,,2.6,,50.0,40.8,59.2,40.8,59.3984962406015,30.0,6-4,210.0,76
203897,Zach LaVine,SAC,11,31.1,18.0,2.3,2.5,6.3,12.9,2.6,6.1,2.8,3.3,january,2025-26,22.1,11.9,62.7,9.6,46.0,2.1,2.75,25.2,0.3,0.2,0.5,9.3,23.5,19.5,4.0,,22.7,6.3,3.4,8.5,,75.0,30.4,69.6,30.4,47.28682170542635,31.1,6-5,200.0,77
1628389,Bam Adebayo,MIA,13,30.9,17.9,10.2,3.4,6.5,15.5,2.0,4.8,3.0,3.5,january,2025-26,23.1,15.4,52.7,12.8,58.9,2.3,2.37,31.0,2.5,2.6,4.3,8.0,20.2,,9.1,11.3,30.1,,7.1,2.4,6.5,67.2,34.4,65.6,34.4,30.967741935483872,30.9,6-9,255.0,81
1642851,Kon Knueppel,CHA,13,30.0,17.9,6.3,3.3,6.2,13.0,2.5,6.3,3.0,3.4,january,2025-26,22.4,16.4,61.8,12.8,46.6,2.0,2.54,28.7,1.2,0.0,2.5,,19.0,15.5,9.3,,28.7,10.0,1.7,6.8,3.4,56.8,25.9,74.1,25.9,48.46153846153846,30.0,6-6,215.0,78
1628368,De'Aaron Fox,SAS,12,32.9,17.9,5.3,5.8,7.0,14.6,1.9,5.9,2.0,2.6,january,2025-26,22.6,27.3,57.0,12.1,65.8,4.4,4.02,23.5,0.8,0.0,1.0,10.1,22.8,29.1,,,18.1,6.4,2.0,3.7,1.7,64.1,53.4,46.6,53.4,40.41095890410959,32.9,6-3,185.0,75
201566,Russell Westbrook,SAC,14,31.2,17.6,4.4,6.0,6.2,13.7,2.3,6.6,2.9,3.6,january,2025-26,25.7,28.2,57.4,10.3,73.8,6.0,4.87,27.7,0.2,0.6,0.8,13.4,18.3,25.8,,5.1,26.7,,2.2,,2.8,61.0,50.6,49.4,50.6,48.175182481751825,31.2,6-4,200.0,76
1630163,LaMelo Ball,CHA,13,25.8,17.5,4.5,6.5,6.5,16.2,3.4,9.6,1.1,1.1,january,2025-26,29.8,39.2,52.5,14.2,65.8,5.6,5.12,29.2,0.3,0.0,0.8,12.2,12.8,39.4,1.6,,19.4,6.5,,1.7,2.0,72.2,56.5,43.5,56.5,59.25925925925925,25.8,6-7,180.0,79
1628415,Dillon Brooks,PHX,12,30.5,17.4,4.3,1.8,6.3,16.3,2.5,7.0,2.4,2.6,january,2025-26,26.4,9.6,49.8,7.1,37.4,2.2,3.51,20.4,0.1,1.0,1.1,9.3,14.6,19.9,1.5,9.9,31.8,2.8,1.7,2.8,2.4,55.6,53.5,46.5,53.5,42.94478527607362,30.5,6-7,225.0,79
1630578,Alperen Sengun,HOU,10,30.6,17.4,8.0,5.4,7.1,14.0,0.3,1.4,2.9,5.2,january,2025-26,26.0,27.0,53.4,13.2,65.1,3.8,3.54,41.7,4.7,6.3,5.2,14.9,13.5,5.2,9.2,21.7,11.8,,9.1,,7.4,66.2,54.9,45.1,54.9,10.0,30.6,6-11,243.0,83
1631096,Chet Holmgren,OKC,11,30.6,17.3,10.0,1.8,6.4,11.1,1.3,3.5,3.3,4.5,january,2025-26,19.5,8.5,66.0,16.7,50.7,1.8,2.11,25.6,1.2,1.1,5.8,7.8,16.0,2.8,14.1,6.5,19.7,,13.4,4.3,9.6,47.2,40.0,60.0,40.0,31.53153153153153,30.6,7-1,208.0,85
1630596,Evan Mobley,CLE,12,34.2,17.1,8.1,4.4,7.1,13.3,0.8,3.4,2.2,3.5,january,2025-26,19.9,18.7,57.8,12.3,69.7,2.7,2.3,36.8,3.2,1.5,6.4,4.7,16.0,9.5,14.3,8.0,17.9,1.6,13.8,2.7,6.5,49.0,35.3,64.7,35.3,25.563909774436087,34.2,6-11,215.0,83
1642273,Kyshawn George,WAS,8,28.9,17.0,6.4,5.0,6.1,14.8,2.1,6.5,2.6,3.0,january,2025-26,26.8,28.6,52.9,11.3,63.5,4.0,3.78,30.3,1.0,0.8,1.8,6.1,21.1,29.6,,3.4,17.9,7.5,,3.2,2.7,61.8,61.2,38.8,61.2,43.91891891891891,28.9,6-8,200.0,80
1641824,Matas Buzelis,CHI,12,29.9,17.0,5.3,3.3,5.9,13.1,2.5,6.6,2.7,3.4,january,2025-26,23.3,15.2,58.3,11.0,54.6,2.5,2.7,29.0,0.8,0.0,2.7,4.1,27.9,19.6,1.6,,29.8,2.6,6.5,,3.6,57.1,22.5,77.5,22.5,50.38167938931297,29.9,6-8,196.0,80
1642259,Alex Sarr,WAS,12,28.3,16.9,5.8,2.4,6.6,12.9,0.7,2.0,3.1,4.0,january,2025-26,23.9,13.3,57.6,11.1,59.6,1.9,1.91,35.8,5.9,1.3,5.7,5.3,10.0,,22.6,8.3,21.6,,15.0,,10.5,68.6,30.4,69.6,30.4,15.503875968992247,28.3,7-0,205.0,84
1631105,Jalen Duren,DET,7,25.7,16.7,9.7,1.6,7.0,11.6,0.0,0.0,2.7,3.7,january,2025-26,22.7,9.9,63.3,19.0,49.8,1.8,2.18,25.7,2.8,1.8,10.5,8.9,12.2,3.2,14.9,8.7,6.8,,20.0,,16.4,60.7,34.7,65.3,34.7,0.0,25.7,6-10,250.0,82
203994,Jusuf Nurkić,UTA,7,31.0,16.7,13.1,7.6,7.1,13.9,1.0,2.4,1.4,2.1,january,2025-26,21.3,34.9,56.5,16.3,71.0,2.5,2.11,45.1,3.9,2.1,7.7,,6.9,,22.4,10.4,11.8,,17.3,,13.6,52.6,24.0,76.0,24.0,17.26618705035971,31.0,6-11,290.0,83
1642843,Cooper Flagg,DAL,10,31.4,16.7,6.4,4.6,6.5,15.1,1.0,3.6,2.7,3.6,january,2025-26,24.9,21.5,50.0,11.1,62.4,4.0,3.85,25.6,0.9,0.1,1.6,13.3,20.8,26.1,1.6,3.3,16.2,3.7,3.8,3.9,3.5,65.1,50.8,49.2,50.8,23.841059602649008,31.4,6-9,205.0,81
1628384,OG Anunoby,NYK,12,33.8,16.7,5.8,2.8,5.7,11.6,1.4,4.3,3.9,5.0,january,2025-26,19.8,12.2,60.5,9.9,44.7,1.7,2.29,26.8,0.8,0.6,3.2,5.9,22.4,5.9,3.0,2.8,38.2,4.8,5.3,3.4,4.4,68.4,25.0,75.0,25.0,37.06896551724138,33.8,6-7,240.0,79
1626157,Karl-Anthony Towns,NYK,11,28.5,16.6,10.5,2.8,5.5,12.5,1.4,3.8,4.2,5.3,january,2025-26,25.3,14.8,56.3,12.6,48.8,1.9,2.35,34.0,1.8,2.3,5.5,10.0,15.2,1.6,13.8,11.1,19.9,1.9,5.9,2.3,12.6,66.7,36.1,63.9,36.1,30.4,28.5,7-0,248.0,84
1629675,Naz Reid,MIN,11,25.0,16.4,6.0,2.8,6.2,11.1,2.7,5.5,1.3,1.7,january,2025-26,22.3,16.0,69.0,15.1,48.5,1.5,1.83,27.1,1.2,2.0,2.1,3.8,17.2,4.8,9.1,8.1,30.7,4.7,3.6,8.4,4.3,51.2,25.0,75.0,25.0,49.549549549549546,25.0,6-9,264.0,81
1641710,Anthony Black,ORL,10,34.0,16.3,3.7,5.8,5.8,12.6,2.2,5.7,2.5,3.2,january,2025-26,21.1,26.0,58.2,9.6,72.6,4.7,3.86,31.8,0.8,0.0,1.0,4.4,27.4,21.8,,,25.5,4.7,3.6,1.9,2.7,66.7,32.8,67.2,32.8,45.23809523809524,34.0,6-7,200.0,79
1631114,Jalen Williams,OKC,9,29.4,16.2,3.9,5.7,6.4,12.8,0.6,2.1,2.8,3.4,january,2025-26,23.0,30.0,56.7,12.7,54.2,3.5,3.9,26.4,1.1,0.0,1.9,14.8,21.0,36.0,,,16.9,3.0,4.3,,,50.0,62.1,37.9,62.1,16.40625,29.4,6-5,211.0,77
203932,Aaron Gordon,DEN,10,27.4,16.2,6.5,4.1,5.7,11.9,1.4,4.2,3.4,4.9,january,2025-26,23.7,24.0,57.6,14.9,52.1,3.3,3.77,27.8,2.8,2.0,4.3,16.0,13.0,10.4,5.9,11.2,15.4,,13.0,,5.3,73.1,31.6,68.4,31.6,35.294117647058826,27.4,6-8,235.0,80
1630168,Onyeka Okongwu,ATL,11,33.2,16.2,8.1,3.7,6.0,12.7,2.4,5.9,1.8,2.4,january,2025-26,19.7,16.3,58.8,9.8,58.4,1.5,1.52,37.1,2.7,1.1,5.0,1.6,15.5,2.1,11.6,6.9,28.0,3.2,11.2,3.4,7.5,72.7,16.7,83.3,16.7,46.45669291338584,33.2,6-10,240.0,82
1628960,Grayson Allen,PHX,10,26.6,16.1,3.3,3.1,5.4,13.3,3.5,10.0,1.8,2.0,january,2025-26,24.1,18.8,56.8,11.6,50.3,2.6,3.11,28.9,0.5,0.0,1.0,2.8,17.5,24.2,4.0,,33.8,5.4,,7.0,,50.0,29.3,70.7,29.3,75.18796992481202,26.6,6-3,198.0,75
1629014,Anfernee Simons,BOS,13,26.8,16.1,3.0,3.0,5.9,13.0,3.5,7.7,0.8,0.9,january,2025-26,23.8,17.3,60.0,10.9,48.1,3.4,4.31,25.8,0.4,0.0,0.6,18.2,14.5,28.8,,,19.8,7.2,,4.9,,63.5,53.2,46.8,53.2,59.23076923076923,26.8,6-3,200.0,75
1628970,Miles Bridges,CHA,13,30.7,15.9,6.2,2.8,5.8,11.8,2.2,5.7,2.1,2.6,january,2025-26,20.3,13.4,61.3,11.4,49.6,2.1,2.48,28.1,0.8,0.8,2.1,9.0,16.5,14.9,7.4,4.9,29.8,7.2,3.2,,2.1,61.7,26.3,73.7,26.3,48.30508474576271,30.7,6-7,225.0,79
1630202,Payton Pritchard,BOS,12,32.7,15.9,4.2,5.9,6.3,13.4,2.2,5.5,1.3,1.3,january,2025-26,19.3,25.8,56.8,11.9,69.4,5.2,4.51,30.4,0.3,0.0,0.6,12.8,16.2,25.6,1.9,,26.2,6.4,,5.1,1.8,70.8,62.7,37.3,62.7,41.04477611940298,32.7,6-1,195.0,73
1630183,Jaden McDaniels,MIN,11,33.3,15.9,4.5,3.5,5.7,10.5,1.4,3.3,3.1,3.8,january,2025-26,16.7,13.2,65.6,10.0,51.2,1.8,2.17,28.6,0.5,0.0,1.9,2.3,27.6,10.3,,,36.8,5.2,5.0,3.2,3.9,53.2,25.0,75.0,25.0,31.428571428571427,33.3,6-9,185.0,81
1631126,Caleb Love,POR,12,28.3,15.8,3.5,3.6,5.8,13.4,3.1,8.2,1.0,1.5,january,2025-26,23.6,19.1,55.9,10.6,53.1,3.7,4.17,22.9,0.1,0.0,0.3,8.4,18.2,22.3,3.0,,36.2,4.8,,2.3,,76.5,42.9,57.1,42.9,61.194029850746254,28.3,6-3,212.0,75
1628381,John Collins,LAC,10,29.8,15.7,5.2,0.5,6.1,8.7,2.4,3.8,1.1,1.5,january,2025-26,14.9,2.6,83.9,11.5,34.9,0.9,1.59,16.6,0.6,0.3,3.1,,18.7,,6.3,9.1,33.6,2.3,10.3,,9.8,51.1,10.3,89.7,10.3,43.67816091954023,29.8,6-9,226.0,81
1630245,Ayo Dosunmu,CHI,12,25.6,15.6,2.7,4.1,6.0,11.0,2.5,4.8,1.1,1.3,january,2025-26,21.0,23.6,67.2,12.5,53.0,3.0,3.4,27.7,0.3,0.0,0.7,2.2,33.6,20.8,,,31.6,,3.1,,,57.9,36.1,63.9,36.1,43.63636363636363,25.6,6-4,201.0,76
1630241,Sam Merrill,CLE,6,25.4,15.5,2.7,1.8,4.8,9.3,4.2,7.5,1.7,1.8,january,2025-26,18.0,9.5,76.4,9.6,36.0,1.1,1.83,21.0,0.2,0.0,0.4,,17.3,6.0,10.2,,36.8,10.5,3.8,4.5,,71.4,13.8,86.2,13.8,80.64516129032258,25.4,6-4,205.0,76
203501,Tim Hardaway Jr.,DEN,12,28.6,15.4,2.4,1.3,4.6,11.1,2.9,8.1,3.3,3.7,january,2025-26,20.5,6.9,60.7,9.3,34.8,1.1,1.95,21.8,0.4,0.1,0.3,2.2,21.3,5.7,3.2,,32.4,12.1,2.8,15.8,,72.1,16.4,83.6,16.4,72.97297297297297,28.6,6-5,205.0,77
1630314,Brandon Williams,DAL,10,22.1,15.4,4.2,2.9,5.8,10.7,0.4,1.9,3.4,4.7,january,2025-26,26.6,19.9,60.3,12.3,53.1,4.2,4.79,17.9,0.3,0.0,0.9,10.6,20.5,35.5,,,19.9,5.0,,,,73.5,58.6,41.4,58.6,17.75700934579439,22.1,6-1,190.0,73
1628401,Derrick White,BOS,12,35.6,15.3,5.6,6.0,5.3,14.8,2.1,8.3,2.6,2.8,january,2025-26,21.1,22.8,47.8,9.8,80.5,5.6,4.17,35.0,0.1,0.0,1.3,4.7,10.8,35.1,1.6,,25.9,9.5,1.3,5.1,1.7,54.4,51.6,48.4,51.6,56.08108108108109,35.6,6-4,190.0,76
1642845,VJ Edgecombe,PHI,13,37.5,15.0,5.0,4.6,5.5,12.1,2.1,5.9,1.8,2.5,january,2025-26,17.7,16.7,57.0,8.8,70.5,4.2,3.55,29.5,0.5,0.1,1.6,8.3,20.3,21.9,3.4,,27.2,4.2,3.3,2.5,3.9,60.3,51.4,48.6,51.4,48.7603305785124,37.5,6-4,180.0,76
1630577,Julian Champagnie,SAS,12,31.7,14.9,7.9,1.9,4.8,10.9,3.3,8.4,1.9,2.5,january,2025-26,16.8,8.0,62.1,11.1,48.3,1.2,1.45,27.3,0.3,0.0,1.6,,23.0,,5.3,,43.3,6.5,3.1,9.3,4.3,66.7,14.8,85.2,14.8,77.06422018348624,31.7,6-7,217.0,79
1642264,Stephon Castle,SAS,12,31.9,14.9,5.3,7.2,4.6,12.4,1.2,3.7,4.6,6.3,january,2025-26,23.6,32.6,49.1,9.1,73.3,5.4,4.43,29.1,1.1,0.2,1.8,8.4,22.1,28.3,,,20.5,3.7,3.2,2.3,4.0,55.3,42.9,57.1,42.9,29.838709677419356,31.9,6-6,215.0,78
1629001,De'Anthony Melton,GSW,10,22.3,14.9,3.3,2.0,5.6,11.1,2.1,5.3,1.6,2.1,january,2025-26,24.9,12.7,62.0,11.7,47.4,2.7,3.41,21.6,1.2,0.0,1.4,,,,,,,,,,,78.3,38.3,61.7,38.3,47.74774774774775,22.3,6-2,200.0,74
203952,Andrew Wiggins,MIA,13,29.3,14.6,5.1,2.7,5.3,12.2,1.9,5.1,2.1,2.2,january,2025-26,19.5,12.7,55.8,8.5,49.5,2.0,2.45,30.4,0.3,0.5,3.1,10.9,22.1,7.6,,6.8,32.5,2.0,3.8,2.5,7.8,74.2,43.2,56.8,43.2,41.80327868852459,29.3,6-6,197.0,78
1630540,Miles McBride,NYK,12,30.6,14.6,2.7,3.3,5.3,12.5,3.3,8.3,0.8,1.0,january,2025-26,18.5,16.1,56.3,8.7,57.3,3.3,3.46,26.2,0.3,0.0,0.9,4.7,19.5,14.5,,,38.1,11.5,,3.0,,70.3,33.3,66.7,33.3,66.4,30.6,6-2,195.0,74
1641739,Toumani Camara,POR,12,35.3,14.5,4.9,2.4,5.1,10.3,2.7,7.1,1.7,2.0,january,2025-26,15.0,9.6,64.7,8.0,58.3,2.3,2.35,27.3,1.3,0.1,2.5,6.3,20.3,4.4,5.4,,40.5,2.6,9.1,,4.7,64.2,23.0,77.0,23.0,68.93203883495144,35.3,6-7,230.0,79
1642848,Tre Johnson,WAS,12,29.2,14.5,2.6,3.3,5.2,12.1,2.3,6.5,1.8,2.1,january,2025-26,21.0,15.2,55.8,7.4,39.4,1.8,2.67,25.9,0.3,0.0,0.3,3.2,21.4,21.4,2.4,,22.0,9.1,,14.0,,71.4,27.4,72.6,27.4,53.71900826446281,29.2,6-5,190.0,77
1642907,Cedric Coward,MEM,8,24.2,14.4,6.1,2.5,5.4,11.4,2.1,5.1,1.5,1.6,january,2025-26,22.9,14.7,59.4,12.4,54.5,2.7,2.98,25.5,0.6,0.3,1.8,2.4,27.0,16.5,,,27.2,4.2,4.8,5.2,6.5,36.8,37.2,62.8,37.2,44.73684210526315,24.2,6-5,206.0,77
1630573,Sam Hauser,BOS,12,28.6,14.3,4.3,1.9,5.0,9.6,4.0,8.4,0.3,0.3,january,2025-26,15.3,9.2,73.7,11.0,40.6,1.0,1.43,23.3,0.2,0.0,0.8,,20.5,4.3,8.2,,34.1,9.4,,14.2,3.7,59.1,10.0,90.0,10.0,87.50000000000001,28.6,6-7,217.0,79
202331,Paul George,PHI,10,32.4,14.3,5.4,4.0,5.3,12.2,1.6,5.4,2.1,2.5,january,2025-26,19.5,17.0,53.8,9.9,59.5,2.7,2.77,26.8,0.8,0.8,1.9,18.4,12.4,14.2,,5.5,22.9,3.2,,12.4,,60.5,49.1,50.9,49.1,44.26229508196722,32.4,6-8,220.0,80
1642349,Ajay Mitchell,OKC,11,27.8,14.2,3.3,3.9,5.6,11.0,1.3,3.5,1.6,2.1,january,2025-26,20.7,19.9,59.5,11.3,50.8,4.1,4.8,23.0,0.5,0.0,0.7,8.9,14.8,36.7,,,22.1,4.8,4.1,,,62.5,59.7,40.3,59.7,31.818181818181817,27.8,6-4,190.0,76
1642281,Jaylon Tyson,CLE,12,28.4,14.2,5.3,3.0,5.1,10.3,2.3,4.7,1.8,2.3,january,2025-26,19.6,14.3,62.4,9.5,46.5,1.7,2.15,24.4,2.0,0.0,3.0,,21.6,5.4,8.2,,34.7,2.6,9.6,,7.6,37.0,11.5,88.5,11.5,45.631067961165044,28.4,6-6,215.0,78
1628370,Malik Monk,SAC,11,23.1,14.1,1.9,3.2,5.1,10.3,2.5,5.5,1.4,1.4,january,2025-26,22.5,20.3,64.8,11.4,36.0,2.2,3.73,18.3,0.0,0.0,0.2,8.4,22.0,24.1,3.5,,25.5,6.7,,4.6,,48.6,30.4,69.6,30.4,53.398058252427184,23.1,6-3,200.0,75
1631095,Jabari Smith Jr.,HOU,13,36.6,14.1,6.8,1.7,5.2,13.9,1.8,6.8,1.9,2.9,january,2025-26,18.3,6.4,46.3,6.5,54.2,1.9,2.06,28.7,1.7,0.3,2.9,5.6,19.2,4.7,5.3,5.8,36.8,3.9,7.5,2.5,5.4,45.2,25.4,74.6,25.4,48.92086330935251,36.6,6-11,220.0,83
1629111,Jock Landale,MEM,10,26.2,13.9,8.6,2.1,5.5,9.9,1.3,3.2,1.6,2.2,january,2025-26,17.9,11.1,63.9,12.7,41.1,0.9,1.33,28.9,1.3,2.0,9.9,,9.3,,22.2,14.9,14.4,,14.4,,16.9,59.1,32.7,67.3,32.7,32.323232323232325,26.2,6-11,255.0,83
1628969,Mikal Bridges,NYK,12,32.6,13.8,4.2,3.6,5.6,13.3,2.0,6.3,0.7,0.8,january,2025-26,18.5,16.8,50.6,9.4,57.0,2.4,2.51,30.1,1.3,0.4,1.8,2.3,25.3,9.1,3.4,2.3,36.2,6.3,5.0,4.8,2.7,63.8,20.9,79.1,20.9,47.368421052631575,32.6,6-6,209.0,78
1629640,Keldon Johnson,SAS,12,26.3,13.8,4.9,1.2,5.2,10.2,1.5,3.8,1.9,2.3,january,2025-26,19.2,6.9,61.6,11.6,38.8,1.5,2.31,20.9,1.2,0.3,2.0,3.9,20.0,2.8,,4.4,32.0,7.4,9.2,,10.9,59.4,32.4,67.6,32.4,37.254901960784316,26.3,6-6,220.0,78
1629012,Collin Sexton,CHA,12,20.1,13.6,1.5,3.0,4.7,8.8,1.2,3.1,3.1,3.5,january,2025-26,25.5,24.0,65.5,13.7,43.7,3.5,4.83,18.8,0.4,0.0,0.9,5.2,21.4,36.3,2.5,,20.6,4.3,2.5,,,66.7,48.2,51.8,48.2,35.22727272727273,20.1,6-3,190.0,75
1629130,Duncan Robinson,DET,11,25.6,13.5,2.2,1.4,4.7,9.7,3.3,7.1,0.8,1.4,january,2025-26,18.0,7.4,65.6,8.8,31.1,1.0,2.01,24.1,0.2,0.0,0.8,,18.5,7.9,4.3,,31.2,11.7,,18.8,,58.1,7.7,92.3,7.7,73.1958762886598,25.6,6-7,215.0,79
1630572,Sandro Mamukelashvili,TOR,11,25.7,13.5,6.1,3.0,5.4,9.5,1.5,4.1,1.4,2.1,january,2025-26,18.0,15.9,64.7,13.7,44.0,1.3,1.72,26.4,1.8,0.5,4.5,,22.1,,16.1,,30.7,,13.3,,8.0,65.6,19.4,80.6,19.4,43.1578947368421,25.7,6-9,240.0,81
1626171,Bobby Portis,MIL,10,24.4,13.2,6.8,1.8,5.3,11.1,2.2,5.0,0.4,0.4,january,2025-26,22.0,11.8,58.5,12.1,45.2,1.3,1.78,25.3,1.2,2.8,2.8,3.2,11.0,,15.8,19.8,31.1,,6.6,,5.8,73.3,20.8,79.2,20.8,45.04504504504504,24.4,6-9,250.0,81
202691,Klay Thompson,DAL,12,21.9,13.2,2.3,1.8,4.6,10.5,3.4,7.7,0.6,0.8,january,2025-26,21.0,11.9,60.8,9.9,25.4,0.9,2.02,18.0,0.3,0.0,0.5,,19.2,7.1,,,25.9,12.2,2.8,26.3,,56.3,9.1,90.9,9.1,73.33333333333334,21.9,6-5,220.0,77
1631157,Ryan Rollins,MIL,10,32.2,13.1,5.3,4.2,5.0,12.4,2.0,5.8,1.1,1.4,january,2025-26,20.0,19.5,50.3,8.2,58.5,3.3,3.42,29.6,0.0,0.0,1.3,7.3,19.3,39.6,,,18.2,5.3,,,1.8,56.1,42.0,58.0,42.0,46.774193548387096,32.2,6-3,180.0,75
1629645,Kevin Porter Jr.,MIL,8,34.3,13.0,4.6,7.4,4.6,12.1,0.8,3.3,3.0,3.5,january,2025-26,20.7,29.6,47.6,9.0,78.1,6.3,4.85,32.5,0.1,0.0,0.6,9.8,13.6,45.2,,2.4,16.0,5.5,,,,50.0,64.9,35.1,64.9,27.27272727272727,34.3,6-5,203.0,77
202699,Tobias Harris,DET,6,27.0,13.0,4.0,2.3,5.2,11.2,1.7,4.3,1.0,1.2,january,2025-26,19.5,11.9,55.7,10.9,37.8,1.7,2.68,21.8,0.2,3.0,1.0,4.2,17.9,6.8,,14.6,31.8,,6.3,3.0,6.3,43.5,45.2,54.8,45.2,38.392857142857146,27.0,6-8,226.0,80
1641730,Noah Clowney,BKN,13,29.9,12.9,4.8,1.8,4.2,11.4,1.8,6.5,2.8,3.7,january,2025-26,21.0,9.3,49.7,6.4,40.5,1.5,2.27,24.5,0.8,0.2,1.4,4.6,18.6,4.4,3.9,,41.8,10.3,2.6,4.6,2.4,59.5,22.2,77.8,22.2,57.01754385964912,29.9,6-10,210.0,82
1642847,Jeremiah Fears,NOP,12,25.3,12.9,4.3,3.2,4.9,11.1,1.2,3.8,1.9,2.1,january,2025-26,23.1,17.1,53.8,9.5,51.8,3.7,4.31,16.4,0.5,0.0,1.3,7.2,28.2,29.2,,,18.8,5.3,2.0,1.8,2.6,64.0,54.0,46.0,54.0,34.234234234234236,25.3,6-3,190.0,75
203471,Dennis Schröder,SAC,11,23.4,12.9,2.1,4.5,4.2,9.4,1.3,3.7,3.3,4.3,january,2025-26,23.6,29.2,57.4,11.1,55.2,4.3,4.64,22.5,0.1,0.0,0.3,14.8,11.2,36.6,,,23.1,5.2,,,,68.2,47.8,52.2,47.8,39.361702127659576,23.4,6-1,175.0,73
201950,Jrue Holiday,POR,6,19.8,12.8,3.3,4.8,5.0,10.8,2.0,5.7,0.8,1.2,january,2025-26,25.1,37.7,56.6,14.4,51.2,3.8,4.5,19.7,1.0,0.5,1.5,10.1,20.5,26.3,,3.6,20.5,,4.3,,,100.0,63.3,36.7,63.3,52.77777777777778,19.8,6-4,220.0,76
1628978,Donte DiVincenzo,MIN,11,33.2,12.7,5.0,4.7,4.7,11.1,3.1,8.5,0.2,0.2,january,2025-26,15.8,17.0,57.0,8.7,62.7,2.0,1.94,34.0,0.1,0.0,0.6,1.9,18.5,11.6,,,33.0,10.8,,14.6,3.0,53.6,25.4,74.6,25.4,76.57657657657658,33.2,6-4,203.0,76
1627826,Ivica Zubac,LAC,10,29.1,12.7,10.8,1.7,5.1,8.8,0.0,0.0,2.5,3.2,january,2025-26,18.0,8.7,62.2,12.2,41.1,1.1,1.62,25.0,3.7,3.3,10.0,,5.5,,18.4,28.3,,,20.1,,20.3,53.2,40.0,60.0,40.0,0.0,29.1,7-0,240.0,84
1642846,Ace Bailey,UTA,9,27.1,12.7,4.1,2.0,5.4,11.2,1.1,4.0,0.7,0.7,january,2025-26,19.1,10.2,55.0,6.5,30.4,0.9,1.74,23.3,1.3,0.2,3.1,3.0,13.9,4.9,,,22.5,15.1,11.1,15.5,7.9,64.3,16.3,83.7,16.3,35.714285714285715,27.1,6-9,200.0,81
1630583,Santi Aldama,MEM,8,28.0,12.6,6.8,3.3,4.6,9.8,1.4,4.1,2.0,3.0,january,2025-26,16.8,17.1,57.0,11.7,55.6,1.9,2.02,31.5,0.8,0.1,2.3,,22.8,2.3,8.8,4.1,40.1,,6.8,,7.0,57.9,8.1,91.9,8.1,41.836734693877546,28.0,7-0,215.0,84
1627734,Domantas Sabonis,SAC,5,22.7,12.6,9.4,4.8,5.0,7.6,0.2,0.8,2.4,3.2,january,2025-26,21.2,27.9,69.9,16.5,47.8,1.5,1.92,27.3,4.5,3.5,7.3,,9.0,,28.5,13.1,9.0,,14.9,,10.9,63.3,32.0,68.0,32.0,10.526315789473685,22.7,6-10,240.0,82
1642270,Donovan Clingan,POR,12,30.2,12.5,12.3,2.5,4.8,8.9,1.0,3.7,2.0,2.8,january,2025-26,15.1,11.5,61.5,13.3,45.2,1.3,1.75,27.3,2.2,0.3,8.6,,7.7,,23.3,,15.4,,19.2,,25.4,66.7,28.1,71.9,28.1,41.57303370786517,30.2,7-2,280.0,86
1642263,Reed Sheppard,HOU,13,23.1,12.3,1.5,2.4,4.6,11.3,2.3,6.2,0.8,1.1,january,2025-26,22.4,16.8,52.2,8.3,46.3,3.0,3.94,21.0,0.4,0.0,0.4,4.6,17.2,31.7,2.7,,27.8,6.6,,4.6,,64.0,41.7,58.3,41.7,54.86725663716814,23.1,6-2,185.0,74
1631106,Tari Eason,HOU,7,25.8,12.3,8.3,1.7,4.7,11.3,1.9,4.4,1.0,1.6,january,2025-26,21.6,9.3,51.3,10.4,44.0,2.0,2.77,20.1,0.9,0.1,2.9,5.0,19.9,5.4,,,43.3,,6.5,,9.2,65.4,36.4,63.6,36.4,38.93805309734513,25.8,6-8,215.0,80
1630533,Ziaire Williams,BKN,7,24.7,12.3,2.7,0.4,3.9,8.4,1.9,5.4,2.7,3.0,january,2025-26,18.4,3.0,63.0,9.5,26.3,1.0,2.19,13.7,0.3,0.0,0.7,,22.1,3.7,,,48.3,9.7,6.0,,,61.5,20.7,79.3,20.7,64.28571428571429,24.7,6-9,185.0,81
1628386,Jarrett Allen,CLE,11,30.4,12.2,8.5,1.8,4.4,7.5,0.0,0.2,3.5,4.4,january,2025-26,14.7,7.8,64.3,11.3,34.4,0.8,1.41,23.6,3.6,0.8,9.0,,13.6,,20.9,7.8,4.1,,33.1,,9.2,55.2,14.6,85.4,14.6,2.666666666666667,30.4,6-9,243.0,81
1630200,Tre Jones,CHI,11,27.1,12.2,3.2,7.4,4.7,8.1,0.8,2.1,1.9,2.1,january,2025-26,16.5,36.0,67.6,12.7,67.7,4.3,3.77,27.1,0.3,0.0,0.6,4.8,22.7,32.0,,,22.7,4.5,3.0,,,65.7,51.9,48.1,51.9,25.92592592592593,27.1,6-1,190.0,73
1631221,Collin Gillespie,PHX,12,28.3,12.0,4.3,4.0,4.1,9.3,2.6,6.5,1.3,1.6,january,2025-26,16.3,19.3,60.3,11.8,59.7,3.6,3.64,25.2,0.7,0.0,1.2,3.3,16.4,33.5,,,22.7,7.6,2.2,7.0,2.0,56.5,45.3,54.7,45.3,69.89247311827957,28.3,6-1,195.0,73
1630188,Jalen Smith,CHI,10,25.5,12.0,8.8,1.2,4.4,9.4,1.7,5.0,1.5,2.2,january,2025-26,18.6,6.3,57.9,11.5,41.1,0.9,1.38,25.6,1.7,0.3,3.7,,21.0,,17.4,,29.0,,9.8,,10.1,44.0,9.1,90.9,9.1,53.191489361702125,25.5,6-8,244.0,80
1626162,Kelly Oubre Jr.,PHI,10,29.8,12.0,4.1,1.6,4.4,9.2,1.8,4.1,1.4,2.2,january,2025-26,16.3,7.5,59.0,7.7,37.9,1.5,2.33,18.6,0.3,0.0,1.2,12.1,22.1,7.6,,,29.8,,5.9,,6.6,56.7,34.1,65.9,34.1,44.565217391304344,29.8,6-8,203.0,80
1628976,Wendell Carter Jr.,ORL,9,29.2,12.0,7.1,2.9,4.3,9.8,1.1,4.6,2.2,2.9,january,2025-26,17.9,14.0,54.3,9.3,41.7,1.0,1.44,28.7,3.6,0.2,5.7,,10.9,,19.2,3.2,26.2,,17.1,,12.7,55.0,12.8,87.2,12.8,46.938775510204074,29.2,6-10,270.0,82
1630174,Aaron Nesmith,IND,11,32.0,11.8,5.6,3.1,4.0,11.7,1.8,6.3,2.0,2.4,january,2025-26,19.4,12.8,46.3,4.9,55.2,1.6,1.79,36.5,0.4,0.0,0.9,,19.9,10.4,6.6,,30.9,5.5,,13.7,4.1,52.0,11.4,88.6,11.4,53.84615384615385,32.0,6-5,215.0,77
1630700,Dyson Daniels,ATL,11,34.7,11.7,7.3,7.1,5.4,10.3,0.0,0.8,1.0,1.5,january,2025-26,14.7,27.4,53.7,11.1,68.5,4.0,3.52,26.2,2.5,0.0,4.5,5.6,23.3,13.2,3.2,,18.5,5.8,15.9,,7.8,61.2,44.1,55.9,44.1,7.766990291262135,34.7,6-7,199.0,79
1631222,Jake LaRavia,LAL,13,31.5,11.5,4.5,2.2,4.0,8.1,1.8,4.6,1.6,1.9,january,2025-26,13.6,9.2,64.2,7.8,44.6,1.5,1.98,24.8,0.5,0.1,2.6,2.5,21.2,,4.5,,42.4,2.5,8.0,,8.0,76.0,13.5,86.5,13.5,56.79012345679012,31.5,6-7,235.0,79
1641764,Brandin Podziemski,GSW,12,25.0,11.4,4.4,3.8,4.2,9.2,1.3,3.9,1.8,2.7,january,2025-26,18.8,19.7,55.2,11.1,52.3,3.3,3.84,24.7,0.6,0.1,0.8,6.1,17.2,25.1,2.4,,30.7,4.2,3.4,3.6,,58.7,48.2,51.8,48.2,42.39130434782609,25.0,6-4,205.0,76
1641716,Jarace Walker,IND,12,21.7,11.3,3.4,2.2,3.9,8.4,2.1,4.1,1.4,2.0,january,2025-26,19.4,14.9,61.0,11.0,36.0,1.2,2.05,20.6,0.7,0.3,1.1,6.4,19.1,12.4,2.1,,38.0,7.1,3.2,3.4,2.4,54.8,8.5,91.5,8.5,48.8095238095238,21.7,6-7,235.0,79
1642285,Cam Spencer,MEM,10,26.1,11.3,3.7,8.0,3.7,8.4,1.8,4.6,2.1,2.3,january,2025-26,15.9,40.2,60.0,12.7,60.7,3.8,3.72,29.5,0.5,0.0,0.8,3.0,15.9,36.1,,,21.9,4.0,,10.2,,65.6,51.4,48.6,51.4,54.76190476190476,26.1,6-3,205.0,75
1629631,De'Andre Hunter,CLE,11,22.5,11.3,4.5,2.3,3.8,9.5,1.2,4.3,2.5,2.5,january,2025-26,22.9,13.7,53.3,7.9,34.1,1.2,2.17,19.8,0.5,0.1,0.9,7.5,18.2,13.3,2.6,,29.0,9.5,6.2,6.0,2.6,54.2,11.9,88.1,11.9,45.263157894736835,22.5,6-7,221.0,79
1642856,Egor Dëmin,BKN,10,25.3,11.2,2.7,3.2,3.6,8.2,3.0,6.0,1.0,1.3,january,2025-26,17.2,20.1,63.8,9.6,57.5,3.5,3.63,22.0,0.6,0.0,0.5,3.6,14.0,23.4,,,30.2,13.5,,,,59.0,23.1,76.9,23.1,73.17073170731709,25.3,6-8,200.0,80
1629028,Deandre Ayton,LAL,12,27.0,11.2,9.2,0.8,4.8,8.8,0.0,0.0,1.5,2.3,january,2025-26,16.6,3.9,57.3,11.3,37.3,0.9,1.52,17.3,4.1,1.2,10.0,,9.8,,28.6,9.5,2.9,,26.3,,13.6,67.2,10.3,89.7,10.3,0.0,27.0,7-0,252.0,84
1626167,Myles Turner,MIL,8,25.7,11.1,5.0,1.4,3.9,8.5,2.0,4.8,1.4,1.6,january,2025-26,17.3,8.3,60.4,7.8,27.0,0.6,1.38,19.9,1.6,1.9,3.6,,7.7,,17.7,7.3,42.3,,7.1,,6.0,57.1,12.9,87.1,12.9,56.470588235294116,25.7,6-11,250.0,83
1641757,Jordan Miller,LAC,12,23.4,11.1,3.3,2.1,3.9,7.5,1.0,2.6,2.3,2.8,january,2025-26,18.8,14.3,63.6,11.2,33.9,1.8,3.25,16.9,0.9,0.1,1.3,11.8,17.8,11.8,,,26.6,7.7,8.3,,5.9,59.5,38.9,61.1,38.9,34.66666666666667,23.4,6-5,194.0,77
1642267,Bub Carrington,WAS,12,32.8,10.9,3.7,5.5,3.8,9.9,2.3,7.1,1.1,1.1,january,2025-26,16.5,23.0,52.5,6.7,73.3,5.3,4.32,25.2,0.1,0.0,0.6,4.8,20.0,33.6,,,21.0,8.2,,2.1,,66.0,44.4,55.6,44.4,71.71717171717171,32.8,6-4,190.0,76
1630551,Justin Champagnie,WAS,12,24.1,10.9,6.4,1.6,4.8,7.9,0.9,2.5,0.5,0.7,january,2025-26,15.5,10.4,66.5,12.0,34.9,0.9,1.53,18.0,0.6,0.0,3.3,,21.4,3.7,6.3,,26.2,,12.5,,19.6,63.8,28.1,71.9,28.1,31.645569620253163,24.1,6-6,206.0,78
1630560,Cam Thomas,BKN,10,22.1,10.9,2.1,3.5,3.8,10.7,1.3,4.3,2.0,2.7,january,2025-26,27.4,26.3,45.8,6.1,41.4,2.8,4.09,26.7,0.5,0.2,0.5,16.4,12.0,28.1,,,12.0,17.8,,,,65.4,55.3,44.7,55.3,40.18691588785047,22.1,6-3,210.0,75
1631170,Jaime Jaquez Jr.,MIA,9,25.4,10.9,4.8,4.3,4.6,9.9,0.4,1.7,1.3,2.0,january,2025-26,19.9,23.4,50.6,8.4,61.1,3.3,3.25,26.7,0.6,0.4,2.1,14.8,29.4,5.3,,5.7,26.6,,5.8,,4.0,66.7,63.3,36.7,63.3,17.17171717171717,25.4,6-6,225.0,78
203935,Marcus Smart,LAL,13,30.9,10.8,4.1,2.8,3.5,8.5,1.8,4.8,1.9,2.5,january,2025-26,15.8,11.9,56.8,6.4,51.3,2.9,3.36,23.2,0.5,0.5,0.8,4.2,18.4,15.1,5.0,,38.3,,,,,57.9,32.6,67.4,32.6,56.470588235294116,30.9,6-3,220.0,75
1629673,Jordan Poole,NOP,12,22.1,10.8,1.6,2.8,3.6,10.1,2.6,6.3,1.1,1.6,january,2025-26,23.9,18.4,50.2,4.5,44.7,3.5,4.75,17.6,0.2,0.0,0.0,7.9,19.9,30.6,,,14.3,12.9,,5.4,,56.3,37.2,62.8,37.2,62.37623762376238,22.1,6-4,194.0,76
1641796,Pelle Larsson,MIA,11,25.8,10.8,3.3,3.4,4.2,8.2,0.5,2.7,1.9,2.8,january,2025-26,15.2,17.5,57.4,8.2,37.4,1.4,2.28,24.5,0.4,0.1,2.8,5.6,30.7,,,,41.4,,8.8,,4.7,74.5,32.0,68.0,32.0,32.92682926829269,25.8,6-5,215.0,77
1628398,Kyle Kuzma,MIL,10,25.6,10.8,3.9,2.0,4.1,9.3,1.4,4.1,1.2,1.9,january,2025-26,18.3,12.7,53.3,7.7,40.9,1.7,2.55,24.3,1.7,0.4,2.5,5.1,27.3,5.3,8.7,2.8,27.5,4.1,8.5,,4.9,65.5,22.0,78.0,22.0,44.08602150537634,25.6,6-8,221.0,80
1631260,AJ Green,MIL,9,32.1,10.8,2.2,1.9,3.7,8.6,3.1,7.6,0.3,0.4,january,2025-26,13.3,7.9,61.6,4.9,44.3,1.2,1.58,26.2,0.2,0.0,0.4,,13.4,9.1,4.0,,42.1,12.8,,9.1,,77.4,3.0,97.0,3.0,88.37209302325581,32.1,6-4,190.0,76
1630702,Jaden Hardy,DAL,7,16.3,10.7,1.4,1.4,3.6,9.4,2.4,6.7,1.1,1.6,january,2025-26,27.9,12.5,52.9,5.8,24.1,0.9,2.34,14.4,0.0,0.0,0.1,,19.7,16.3,,,40.9,6.3,,,,66.7,20.0,80.0,20.0,71.27659574468085,16.3,6-3,198.0,75
203497,Rudy Gobert,MIN,9,31.8,10.7,12.8,1.4,4.4,6.0,0.0,0.1,1.8,3.7,january,2025-26,11.2,5.7,70.1,12.8,43.8,1.0,1.4,20.9,1.9,0.3,8.0,,12.6,,16.7,,,,28.5,,26.9,57.7,38.1,61.9,38.1,1.6666666666666667,31.8,7-1,258.0,85
1642268,Isaiah Collier,UTA,14,24.9,10.6,2.9,7.0,4.4,8.1,0.5,1.7,1.4,2.6,january,2025-26,19.0,40.5,57.4,9.9,64.2,5.7,5.31,22.9,0.5,0.1,0.7,12.5,27.8,26.4,,,17.4,3.3,3.5,,,68.3,68.9,31.1,68.9,20.987654320987655,24.9,6-4,210.0,76
1642867,Collin Murray-Boyles,TOR,9,30.8,10.6,7.8,3.7,4.6,8.0,0.0,0.7,1.4,1.8,january,2025-26,13.1,16.3,60.1,11.5,48.1,1.1,1.36,29.2,2.3,0.3,9.6,,20.7,,17.0,,17.4,,20.7,,11.6,62.7,14.6,85.4,14.6,8.75,30.8,6-7,245.0,79
1642450,Daniss Jenkins,DET,9,20.5,10.6,1.8,5.2,3.4,7.4,1.9,3.8,1.8,2.2,january,2025-26,20.8,33.8,62.7,14.1,44.1,3.9,5.25,19.0,0.3,0.0,0.4,9.5,19.8,30.0,,,21.9,4.6,,,,57.7,48.4,51.6,48.4,51.35135135135135,20.5,6-4,165.0,76
1630598,Aaron Wiggins,OKC,10,25.1,10.5,4.7,1.7,4.0,8.5,1.8,4.6,0.7,0.8,january,2025-26,17.0,9.4,59.3,10.9,35.0,1.8,3.05,15.7,0.2,0.0,0.8,6.3,22.9,8.6,,,44.9,,3.3,4.0,,56.5,18.6,81.4,18.6,54.11764705882353,25.1,6-5,190.0,77
1629674,Neemias Queta,BOS,13,25.4,10.5,8.8,0.8,4.1,6.5,0.0,0.2,2.3,3.0,january,2025-26,14.9,4.6,66.6,13.0,34.4,0.9,1.54,20.3,2.8,0.3,8.4,,7.1,,25.4,,2.8,,28.2,,20.9,42.7,28.3,71.7,28.3,3.076923076923077,25.4,7-0,248.0,84
1630541,Moses Moody,GSW,12,23.8,10.4,2.1,1.3,3.8,7.4,2.3,5.1,0.6,0.9,january,2025-26,14.2,7.3,66.6,7.7,25.5,0.9,2.18,18.7,0.3,0.0,0.7,4.9,19.0,5.4,,,40.4,5.2,3.7,13.1,3.2,66.7,19.2,80.8,19.2,68.91891891891892,23.8,6-5,211.0,77
1629651,Nic Claxton,BKN,11,28.3,10.4,6.8,3.3,4.6,8.0,0.1,0.1,1.0,2.2,january,2025-26,15.7,19.1,57.8,10.7,47.6,2.0,2.5,33.4,3.4,0.3,6.0,14.1,15.5,3.9,11.1,4.5,10.9,,15.5,,13.4,62.5,46.3,53.7,46.3,1.25,28.3,6-11,215.0,83
1628404,Josh Hart,NYK,6,31.5,10.3,6.8,5.7,4.0,8.2,1.5,3.3,0.8,2.2,january,2025-26,14.7,22.8,56.7,9.4,65.2,2.8,2.53,31.7,0.8,0.0,1.8,,21.0,10.3,,,45.6,4.0,4.6,,,64.3,41.7,58.3,41.7,40.243902439024396,31.5,6-5,215.0,77
1641713,GG Jackson,MEM,10,19.9,10.3,3.3,0.9,3.8,7.2,1.5,3.6,1.2,1.5,january,2025-26,19.3,6.2,65.5,8.2,30.6,1.1,2.2,18.1,0.3,0.1,0.9,,27.1,12.0,,,44.0,,,,,57.9,21.1,78.9,21.1,50.0,19.9,6-9,210.0,81
1630191,Isaiah Stewart,DET,10,26.2,10.3,5.3,1.5,4.0,7.3,0.6,2.4,1.7,2.2,january,2025-26,15.2,8.2,62.3,9.5,27.2,0.8,1.76,17.9,2.2,1.0,4.2,,10.3,,13.9,10.3,23.9,,19.2,,11.8,50.9,22.5,77.5,22.5,32.87671232876712,26.2,6-8,250.0,80
1641731,Bilal Coulibaly,WAS,7,26.6,10.3,4.6,2.1,3.3,7.6,0.9,2.6,2.9,3.6,january,2025-26,15.8,11.7,56.3,7.9,46.0,2.1,2.75,20.4,0.4,0.0,1.7,4.8,27.8,15.1,,,25.8,5.2,8.3,,4.8,75.0,34.8,65.2,34.8,34.21052631578947,26.6,6-7,195.0,79
1631109,Mark Williams,PHX,12,23.7,10.3,8.2,0.8,4.0,6.3,0.0,0.0,2.3,2.8,january,2025-26,15.9,4.9,68.4,12.8,35.1,0.9,1.52,18.3,1.6,0.7,6.3,,15.1,,19.3,5.0,,,27.6,,23.1,64.3,40.4,59.6,40.4,0.0,23.7,7-1,240.0,85
1630643,Jay Huff,IND,12,19.8,10.2,3.3,1.1,4.2,6.7,1.4,3.6,0.4,0.5,january,2025-26,16.8,8.0,73.8,10.6,27.2,0.7,1.47,20.3,0.8,0.6,3.8,,15.1,,22.8,4.4,35.2,,6.8,5.6,5.0,60.9,10.0,90.0,10.0,53.73134328358209,19.8,7-1,240.0,85
1626220,Royce O'Neale,PHX,12,29.1,10.2,5.0,3.3,3.5,8.3,2.8,7.1,0.3,0.5,january,2025-26,14.4,16.4,60.0,9.6,55.0,2.1,2.24,28.3,0.2,0.0,0.3,,26.0,8.3,2.7,,43.8,3.9,,3.6,,57.9,15.9,84.1,15.9,85.54216867469879,29.1,6-6,226.0,78
1629618,Jalen Pickett,DEN,13,28.5,10.2,4.5,4.6,3.8,8.6,1.9,4.3,0.5,0.6,january,2025-26,16.1,24.9,57.1,10.8,53.8,3.7,4.18,24.2,0.7,0.2,1.1,8.5,10.4,20.9,,,30.3,7.0,7.0,,,71.4,36.0,64.0,36.0,50.0,28.5,6-2,202.0,74
1629656,Quentin Grimes,PHI,13,27.3,10.2,4.1,2.5,3.3,7.2,1.5,4.4,2.1,2.5,january,2025-26,14.5,12.4,61.1,8.9,35.6,1.5,2.57,19.2,0.3,0.0,0.7,10.4,22.2,10.8,,,37.6,2.4,2.8,6.8,2.0,62.2,20.9,79.1,20.9,61.111111111111114,27.3,6-4,210.0,76
1628379,Luke Kennard,ATL,10,21.2,10.1,2.2,2.0,3.7,5.7,2.4,3.9,0.3,0.3,january,2025-26,11.9,14.5,86.6,13.3,25.0,0.9,2.27,16.0,0.5,0.0,0.2,,24.5,9.1,,,32.0,7.9,5.8,11.6,,73.7,10.8,89.2,10.8,68.42105263157895,21.2,6-5,206.0,77
1628989,Kevin Huerter,CHI,12,23.0,10.1,3.9,3.3,4.0,9.0,1.5,5.0,0.6,0.6,january,2025-26,19.4,19.8,54.5,9.6,40.1,1.4,2.03,23.8,0.4,0.0,1.4,,22.8,11.3,,,36.6,6.3,8.2,4.0,3.3,68.6,22.9,77.1,22.9,55.55555555555556,23.0,6-6,190.0,78
1642852,Derik Queen,NOP,11,26.5,9.9,8.7,5.6,4.1,9.0,0.1,0.7,1.6,1.9,january,2025-26,20.0,30.0,50.4,11.6,55.8,2.9,3.09,27.2,1.4,0.7,2.7,18.6,19.6,7.2,8.9,6.3,11.2,,8.5,,9.7,63.2,59.6,40.4,59.6,7.777777777777778,26.5,6-9,250.0,81
1642377,Jaylen Wells,MEM,10,24.7,9.9,2.9,1.4,3.4,10.5,1.5,5.9,1.6,2.2,january,2025-26,20.4,8.0,43.2,2.7,32.8,1.4,2.48,24.0,0.3,0.0,1.3,3.0,21.5,12.7,,,39.8,3.8,4.8,4.2,3.2,60.0,26.5,73.5,26.5,56.19047619047619,24.7,6-7,,79
203114,Khris Middleton,WAS,9,23.6,9.9,3.8,2.9,3.4,9.2,1.2,4.1,1.8,2.0,january,2025-26,20.2,17.1,48.9,6.2,32.8,1.7,3.16,22.2,0.4,1.2,1.0,6.1,15.3,22.7,,13.6,16.6,5.8,,6.4,5.8,75.0,54.8,45.2,54.8,44.565217391304344,23.6,6-7,222.0,79
1629060,Rui Hachimura,LAL,7,22.9,9.9,3.0,0.9,3.9,9.3,1.7,4.7,0.4,0.4,january,2025-26,18.1,5.5,52.0,7.4,26.4,0.8,1.76,15.7,0.9,1.0,2.4,3.7,19.3,,3.1,9.5,40.5,,7.1,4.9,,62.5,11.1,88.9,11.1,50.53763440860215,22.9,6-8,230.0,80
1628963,Marvin Bagley III,WAS,9,18.1,9.8,6.1,0.8,3.6,6.0,0.1,0.4,2.6,3.4,january,2025-26,20.4,7.1,65.1,13.4,30.8,0.9,1.71,19.3,2.6,0.2,6.0,7.3,7.3,,21.6,5.7,8.9,,18.4,,23.8,63.3,50.0,50.0,50.0,6.666666666666667,18.1,6-10,235.0,82
1630549,Day'Ron Sharpe,BKN,12,22.7,9.8,7.8,2.8,3.9,6.6,0.0,0.6,1.9,2.6,january,2025-26,17.7,20.5,63.1,13.9,44.3,1.4,1.94,30.0,3.4,0.9,8.4,3.7,7.6,,15.0,6.6,7.6,,19.6,,22.6,68.4,48.0,52.0,48.0,9.090909090909092,22.7,6-10,265.0,82
204456,T.J. McConnell,IND,11,18.1,9.7,1.8,5.3,4.5,9.2,0.4,1.3,0.3,0.4,january,2025-26,24.9,51.3,52.1,13.9,55.0,4.7,5.11,20.9,0.5,0.0,1.5,5.9,13.1,54.0,,,12.5,,4.2,,,47.1,52.0,48.0,52.0,14.130434782608697,18.1,6-1,190.0,73
1629013,Landry Shamet,NYK,5,18.7,9.4,1.4,1.0,3.0,6.2,2.4,5.2,1.0,1.6,january,2025-26,15.5,7.6,68.1,10.7,22.2,0.7,1.78,14.0,0.2,0.0,0.4,,22.7,,,,51.6,10.2,,,,87.5,6.7,93.3,6.7,83.87096774193549,18.7,6-5,190.0,77
1629750,Javonte Green,DET,11,20.6,9.3,2.7,0.5,2.9,6.1,1.6,4.0,1.8,2.2,january,2025-26,15.4,3.2,65.8,11.2,31.2,0.8,1.56,14.6,0.8,0.0,1.1,,23.5,,3.7,,41.2,,14.7,,4.8,44.4,15.6,84.4,15.6,65.57377049180329,20.6,6-5,205.0,77
1642262,Cody Williams,UTA,14,24.6,9.1,3.4,1.1,3.9,7.1,0.7,2.1,0.7,1.1,january,2025-26,14.1,5.9,59.8,5.7,26.7,0.8,1.73,14.2,0.8,0.0,2.6,,26.3,,,,39.5,,14.7,,,67.4,5.6,94.4,5.6,29.5774647887324,24.6,6-8,190.0,80
1629652,Luguentz Dort,OKC,11,26.8,9.1,4.2,1.1,3.4,7.5,1.8,4.9,0.5,0.7,january,2025-26,14.0,5.3,57.8,6.3,27.1,1.1,2.34,14.7,0.7,0.0,1.0,,15.0,,5.5,,61.5,,4.0,,,47.5,7.0,93.0,7.0,65.33333333333334,26.8,6-4,220.0,76
203110,Draymond Green,GSW,10,25.1,9.0,5.1,5.2,3.3,7.6,1.4,4.5,1.0,1.2,january,2025-26,17.2,26.4,55.4,8.8,66.0,2.4,2.15,34.5,2.2,0.3,1.6,,9.4,5.1,10.2,,39.8,,10.2,,2.7,55.6,17.6,82.4,17.6,59.21052631578948,25.1,6-6,230.0,78
1642347,Jamal Shead,TOR,12,27.2,8.9,2.0,6.3,2.9,7.7,1.4,4.0,1.7,1.9,january,2025-26,15.4,29.1,52.4,8.4,59.5,4.3,4.3,23.7,0.5,0.0,0.7,8.2,13.8,29.5,,,33.0,2.9,2.7,,,72.2,48.7,51.3,48.7,51.94805194805194,27.2,6-1,200.0,73
1630692,Jordan Goodwin,PHX,12,22.1,8.9,4.6,2.8,3.3,7.7,1.8,4.7,0.5,0.8,january,2025-26,16.0,18.4,55.8,12.0,39.3,1.8,2.74,18.6,0.3,0.0,1.5,,16.2,12.8,3.4,,42.7,,,,12.0,69.0,29.3,70.7,29.3,61.038961038961034,22.1,6-3,215.0,75
1630557,Corey Kispert,ATL,8,17.8,8.9,2.1,1.1,2.9,7.0,1.5,4.4,1.6,1.9,january,2025-26,19.6,9.7,56.7,7.4,24.3,0.7,1.75,15.4,0.3,0.0,0.8,,19.0,9.5,,,34.1,11.9,,8.7,,50.0,17.4,82.6,17.4,62.85714285714287,17.8,6-6,224.0,78
1642366,Quinten Post,GSW,12,16.5,8.8,3.4,1.3,3.4,7.0,1.7,4.5,0.3,0.3,january,2025-26,19.2,11.0,61.2,8.8,29.5,0.8,1.61,19.4,1.0,0.6,1.6,,11.9,,16.1,4.2,38.7,,11.6,3.9,6.0,65.8,11.9,88.1,11.9,64.28571428571429,16.5,7-0,238.0,84
1630568,Luka Garza,BOS,13,19.6,8.7,4.5,1.1,3.4,5.8,0.8,1.7,1.2,1.2,january,2025-26,15.0,7.3,68.0,10.1,25.8,0.5,1.23,15.4,1.2,0.1,4.7,,5.2,,26.9,,12.3,,19.8,,25.0,71.1,22.7,77.3,22.7,29.310344827586203,19.6,6-10,243.0,82
1630192,Zeke Nnaji,DEN,13,22.4,8.7,5.1,1.1,3.1,6.5,0.6,2.1,1.9,2.2,january,2025-26,16.2,7.4,58.4,10.0,29.6,0.9,1.87,20.2,2.7,0.0,3.9,,14.9,,16.3,,24.8,,22.7,,9.9,48.1,10.0,90.0,10.0,32.30769230769231,22.4,6-10,240.0,82
1641709,Ausar Thompson,DET,11,24.5,8.6,6.4,2.8,3.6,7.3,0.0,0.2,1.4,1.9,january,2025-26,16.4,15.9,53.2,10.1,41.0,2.4,3.48,17.7,1.4,0.2,4.4,7.7,23.0,10.0,5.6,,16.0,,15.3,2.3,10.0,56.7,40.0,60.0,40.0,2.7397260273972606,24.5,6-7,205.0,79
1628436,Luke Kornet,SAS,11,23.6,8.6,6.9,1.8,3.7,5.5,0.0,0.0,1.2,1.5,january,2025-26,11.1,11.4,70.4,13.1,28.2,0.7,1.46,18.9,1.5,0.1,7.9,,6.6,,21.8,,,,35.0,,23.4,56.6,20.9,79.1,20.9,0.0,23.6,7-1,250.0,85
1641750,Ryan Kalkbrenner,CHA,8,19.7,8.6,5.5,0.8,3.8,5.0,0.0,0.0,1.1,1.9,january,2025-26,13.0,5.2,74.0,12.5,19.9,0.5,1.6,13.0,1.4,0.1,6.6,,8.6,,14.3,,,,39.5,,22.4,78.3,20.0,80.0,20.0,0.0,19.7,7-1,256.0,85
1642271,Kyle Filipowski,UTA,14,21.7,8.6,5.7,1.7,3.5,7.7,0.6,2.3,0.9,1.3,january,2025-26,18.2,10.6,51.8,7.2,37.5,1.3,2.03,19.0,1.9,0.2,2.7,,16.6,3.1,8.0,4.8,32.5,2.7,10.8,4.3,9.9,74.4,16.3,83.7,16.3,29.87012987012987,21.7,6-11,250.0,83
1631093,Jaden Ivey,DET,11,18.8,8.5,2.1,1.3,3.3,7.1,1.4,3.9,0.6,0.9,january,2025-26,20.0,10.4,57.0,7.4,30.5,1.8,3.51,17.8,0.1,0.0,0.8,5.6,26.4,11.6,,,34.3,5.6,,,,73.3,41.7,58.3,41.7,54.929577464788736,18.8,6-3,195.0,75
1642859,Jase Richardson,ORL,8,18.1,8.5,1.8,1.5,3.3,6.3,1.0,2.4,1.0,1.5,january,2025-26,18.0,14.5,61.5,8.1,24.5,1.3,3.29,14.8,0.3,0.0,0.5,,19.5,20.8,,,34.6,,,,,50.0,26.9,73.1,26.9,38.095238095238095,18.1,6-1,180.0,73
1631217,Moussa Diabaté,CHA,10,28.6,8.5,9.1,1.7,3.0,4.6,0.0,0.0,2.5,3.8,january,2025-26,11.4,7.7,67.8,10.1,35.7,1.1,1.78,20.3,2.3,0.3,8.2,,13.1,,20.1,4.6,,,24.7,,22.3,63.0,43.3,56.7,43.3,0.0,28.6,6-10,210.0,82
1641842,Ronald Holland II,DET,11,21.3,8.5,5.6,1.2,3.0,7.3,0.6,2.6,1.8,2.4,january,2025-26,18.5,8.3,50.9,10.2,30.8,1.2,2.4,16.6,0.6,0.0,1.7,3.8,25.0,6.9,,,39.3,3.0,5.5,,5.8,60.0,36.4,63.6,36.4,35.61643835616439,21.3,6-8,206.0,80
1631107,Nikola Jović,MIA,13,19.0,8.4,3.5,2.1,2.6,7.6,1.1,4.2,2.1,3.2,january,2025-26,21.5,16.6,46.4,7.6,39.5,1.4,2.07,22.2,0.7,0.3,1.8,3.7,31.0,3.4,3.7,4.8,39.2,,4.8,,,52.9,23.7,76.3,23.7,55.26315789473685,19.0,6-10,205.0,82
1642383,Walter Clayton Jr.,UTA,13,23.1,8.4,2.2,3.8,2.7,7.2,1.4,4.4,1.6,1.7,january,2025-26,16.4,21.4,53.1,7.3,43.1,2.5,3.55,17.9,0.3,0.0,0.5,3.6,22.2,29.7,,,21.9,7.5,3.6,4.6,,60.0,40.0,60.0,40.0,61.111111111111114,23.1,6-4,195.0,76
1642869,Noah Penda,ORL,8,23.2,8.4,5.0,1.5,2.9,6.6,1.3,3.0,1.4,2.3,january,2025-26,15.5,9.5,55.0,8.0,36.5,1.1,1.81,17.4,0.6,0.0,1.9,7.4,13.4,,6.7,,40.9,,,,12.1,56.3,34.8,65.2,34.8,45.45454545454546,23.2,6-7,215.0,79
1642844,Dylan Harper,SAS,12,21.4,8.3,2.9,2.8,3.3,8.3,0.7,2.8,1.0,1.1,january,2025-26,19.3,21.0,47.3,8.7,40.8,2.8,4.13,16.9,1.3,0.0,0.3,7.7,26.8,23.8,,,24.0,5.2,,,,63.2,57.1,42.9,57.1,33.734939759036145,21.4,6-5,215.0,77
1641711,Gradey Dick,TOR,12,19.0,8.3,3.3,0.7,3.3,6.5,1.1,3.3,0.8,0.8,january,2025-26,16.7,4.8,60.7,7.4,21.5,0.5,1.45,14.4,0.6,0.0,1.3,,29.6,,4.5,,39.9,,5.2,9.6,3.4,74.3,9.3,90.7,9.3,50.76923076923077,19.0,6-7,200.0,79
1641783,Tristan da Silva,ORL,9,21.8,8.3,2.0,0.9,3.1,7.1,1.4,3.4,0.7,0.7,january,2025-26,16.1,6.2,56.3,6.8,26.1,1.0,2.25,16.6,0.7,0.1,1.2,,20.8,11.5,6.1,,32.9,4.2,9.3,4.2,4.2,88.0,14.3,85.7,14.3,47.887323943661976,21.8,6-8,217.0,80
1642276,Kel'el Ware,MIA,10,20.2,8.3,7.1,0.7,3.5,7.8,0.8,3.2,0.5,0.6,january,2025-26,16.8,5.1,51.5,10.0,27.4,0.6,1.29,14.3,0.7,0.2,5.9,,16.8,,5.0,4.5,25.3,,18.5,,22.6,73.3,14.3,85.7,14.3,41.02564102564103,20.2,7-0,230.0,84
203484,Kentavious Caldwell-Pope,MEM,10,18.6,8.3,2.9,1.8,3.0,7.5,1.1,3.9,1.2,1.2,january,2025-26,19.3,14.2,51.7,8.9,36.5,1.6,2.71,23.9,0.0,0.0,0.2,3.1,24.1,18.1,,,33.7,5.9,,6.5,,45.5,20.0,80.0,20.0,52.0,18.6,6-5,204.0,77
1630173,Precious Achiuwa,SAC,14,22.6,8.2,5.9,1.4,3.4,6.1,0.6,1.6,0.9,1.4,january,2025-26,14.7,8.2,60.9,9.8,25.0,0.9,2.14,13.2,1.0,0.2,3.5,,22.2,,13.5,,24.7,,12.0,,17.1,64.9,38.3,61.7,38.3,26.229508196721312,22.6,6-8,243.0,80
1629004,Svi Mykhailiuk,UTA,9,22.4,8.1,2.6,1.9,3.0,6.3,1.2,3.8,0.9,1.0,january,2025-26,13.8,10.6,59.9,6.1,26.6,0.9,1.99,15.1,0.2,0.0,1.0,,22.1,5.9,,,34.5,10.7,7.6,7.6,3.4,79.2,22.2,77.8,22.2,60.317460317460316,22.4,6-7,205.0,79
1631121,Bryce McGowens,NOP,8,22.0,8.0,1.9,1.0,2.8,6.0,1.0,2.8,1.5,2.0,january,2025-26,14.2,6.2,58.1,4.9,28.8,1.0,2.17,12.8,0.3,0.1,0.5,5.2,24.2,12.4,,,37.6,5.7,6.2,,,74.1,27.3,72.7,27.3,46.666666666666664,22.0,6-6,190.0,78
1631246,Vince Williams Jr.,MEM,7,20.6,8.0,3.1,3.6,2.7,7.3,1.9,5.3,0.7,0.7,january,2025-26,17.8,26.6,52.6,8.8,54.3,2.8,3.1,28.0,0.6,0.1,0.7,,17.7,29.5,,,31.5,,,,,66.7,15.8,84.2,15.8,72.6027397260274,20.6,6-4,205.0,76
1630558,Davion Mitchell,MIA,9,26.4,7.9,2.8,6.6,2.9,6.9,1.6,3.2,0.6,0.8,january,2025-26,13.4,30.6,54.5,8.3,62.2,3.4,3.32,25.0,0.0,0.0,0.6,28.6,19.3,8.1,,,35.6,,,,,52.9,50.0,50.0,50.0,46.3768115942029,26.4,6-0,202.0,72
1642920,Kobe Sanders,LAC,12,23.7,7.8,3.0,1.6,3.0,6.8,1.3,3.1,0.6,0.8,january,2025-26,15.6,9.8,54.7,5.6,34.1,2.1,3.67,15.1,0.7,0.0,1.3,5.8,17.4,8.7,5.4,,43.4,,5.8,,,48.6,27.5,72.5,27.5,45.58823529411765,23.7,6-8,207.0,80
1642849,Nolan Traore,BKN,13,23.4,7.8,1.5,3.5,2.6,7.8,1.2,3.8,1.4,1.6,january,2025-26,18.9,22.4,45.4,4.5,54.5,4.3,4.71,21.3,0.3,0.0,0.2,,14.1,27.7,,,37.9,5.6,,,,68.4,44.1,55.9,44.1,48.717948717948715,23.4,6-3,185.0,75
203937,Kyle Anderson,UTA,8,21.7,7.8,4.3,2.3,3.3,5.9,0.1,0.4,1.1,2.3,january,2025-26,14.7,13.7,56.4,8.8,37.1,1.7,2.79,18.6,2.3,0.1,2.7,12.6,16.5,7.9,,,17.3,,14.2,,8.7,72.2,46.2,53.8,46.2,6.779661016949152,21.7,6-8,230.0,80
1642874,Danny Wolf,BKN,13,20.3,7.7,4.8,1.8,2.9,7.0,1.2,3.2,0.7,0.9,january,2025-26,16.6,14.7,51.9,9.3,30.4,1.2,2.29,17.5,0.6,0.2,1.8,,17.6,10.9,4.2,6.3,37.8,8.8,,,4.6,60.3,31.7,68.3,31.7,45.714285714285715,20.3,6-11,250.0,83
1630171,Isaac Okoro,CHI,12,26.7,7.6,3.1,1.5,2.8,6.7,0.9,3.6,1.0,1.3,january,2025-26,12.3,6.7,52.5,4.9,27.8,0.8,1.76,18.7,0.3,0.1,1.8,,25.9,,,,41.6,,10.8,,5.2,51.7,14.7,85.3,14.7,53.73134328358209,26.7,6-4,225.0,76
1642875,Maxime Raynaud,SAC,14,24.2,7.6,6.5,1.2,3.4,6.7,0.1,0.9,0.6,1.0,january,2025-26,14.3,6.9,52.9,7.7,38.0,0.8,1.32,16.3,3.2,0.4,6.6,,7.9,,30.1,7.6,9.1,,26.9,,10.5,66.3,18.8,81.3,18.8,13.432835820895523,24.2,7-1,250.0,85
1630695,Micah Potter,IND,11,17.8,7.5,4.4,1.0,2.2,5.0,1.4,3.6,1.8,2.0,january,2025-26,15.3,7.7,64.2,9.9,25.5,0.6,1.34,15.5,0.6,0.6,2.2,,,,,,,,,,,66.0,16.7,83.3,16.7,72.0,17.8,6-9,248.0,81
201143,Al Horford,GSW,10,18.8,7.5,5.9,2.5,2.7,6.3,1.6,4.2,0.5,0.5,january,2025-26,16.6,17.0,57.5,12.3,38.7,0.9,1.43,23.1,1.0,1.4,2.3,,15.0,,12.2,8.9,40.0,,7.8,5.6,,51.2,9.7,90.3,9.7,66.66666666666667,18.8,6-8,240.0,80
1641790,PJ Hall,CHA,5,17.2,7.4,6.0,0.6,2.8,4.8,0.4,0.4,1.4,1.8,january,2025-26,17.1,5.9,66.2,10.0,22.6,0.6,1.61,14.0,1.4,0.4,7.4,,,,,,,,,,,42.9,35.7,64.3,35.7,8.333333333333334,17.2,6-8,245.0,80
1642860,Will Riley,WAS,10,19.2,7.4,2.3,1.1,2.6,6.6,0.8,3.2,1.4,1.7,january,2025-26,18.4,9.4,50.4,5.6,25.3,1.0,2.34,14.7,0.5,0.0,1.0,,17.8,21.2,,,27.4,7.2,5.8,,6.3,75.0,38.5,61.5,38.5,48.48484848484849,19.2,6-9,180.0,81
1642962,Drake Powell,BKN,11,21.9,7.4,1.3,1.5,2.7,6.5,0.9,3.5,1.0,1.3,january,2025-26,15.7,11.5,51.8,5.3,29.5,1.6,3.29,14.2,0.3,0.0,0.4,8.3,19.8,17.2,,,34.4,7.3,,,,53.6,45.2,54.8,45.2,53.84615384615385,21.9,6-5,195.0,77
1631213,Tyrese Martin,BKN,7,16.1,7.1,1.9,0.4,2.6,5.1,1.7,3.4,0.3,0.3,january,2025-26,15.6,4.7,67.8,9.3,25.1,1.1,2.69,11.9,0.0,0.0,0.7,,15.1,20.7,,,37.1,10.0,4.0,,,62.5,21.1,78.9,21.1,66.66666666666667,16.1,6-6,215.0,78
1630619,Moussa Cisse,DAL,6,17.0,7.0,8.2,0.5,2.7,3.8,0.0,0.0,1.7,3.2,january,2025-26,14.8,3.9,67.0,12.0,21.3,0.5,1.42,11.5,1.5,0.0,6.2,,13.5,,15.7,,,,15.7,,30.3,57.9,31.3,68.8,31.3,0.0,17.0,6-11,220.0,83
1642345,Oso Ighodaro,PHX,12,22.6,7.0,4.4,1.6,2.8,4.3,0.0,0.0,1.3,2.3,january,2025-26,12.0,9.5,66.3,9.0,31.8,1.3,2.46,19.9,1.5,0.1,3.8,8.5,12.7,4.2,18.2,,,,29.7,,7.6,56.5,18.9,81.1,18.9,0.0,22.6,6-11,235.0,83
1629023,P.J. Washington,DAL,5,25.0,7.0,4.2,1.2,2.4,6.8,0.6,2.4,1.6,2.4,january,2025-26,13.9,7.1,44.6,5.7,33.8,1.0,1.72,14.8,1.2,0.6,2.4,4.1,20.9,6.3,5.4,6.1,29.9,4.1,8.2,,6.8,53.3,33.3,66.7,33.3,35.294117647058826,25.0,6-7,230.0,79
1631321,Sidy Cissoko,POR,12,24.6,7.0,2.5,1.2,2.3,5.8,1.3,3.7,1.0,1.5,january,2025-26,12.0,6.5,54.6,3.9,27.7,1.1,2.3,16.7,0.5,0.0,1.3,,20.2,4.2,5.3,,51.3,,,,,66.7,14.3,85.7,14.3,63.793103448275865,24.6,6-6,220.0,78
1627739,Kris Dunn,LAC,12,29.4,6.9,2.9,3.8,2.4,5.6,0.8,2.8,1.3,1.3,january,2025-26,11.5,18.1,56.1,6.0,50.7,2.8,3.29,19.5,1.0,0.1,1.2,3.9,19.3,9.6,5.5,,38.6,,9.6,,3.2,55.3,40.0,60.0,40.0,50.0,29.4,6-3,205.0,75
1627780,Gary Payton II,GSW,11,15.6,6.9,3.9,1.1,3.2,5.5,0.3,1.1,0.3,0.5,january,2025-26,17.9,10.1,60.1,9.3,26.9,0.8,1.67,16.8,1.3,0.1,3.7,,14.6,,9.3,,21.5,,29.8,,9.8,71.4,14.3,85.7,14.3,20.0,15.6,6-2,195.0,74
1629611,Terance Mann,BKN,10,22.7,6.9,2.9,3.6,2.7,5.8,0.7,1.8,0.8,1.2,january,2025-26,14.1,22.8,54.5,6.8,40.2,2.6,3.88,17.3,0.4,0.1,1.4,3.7,22.0,17.9,,,28.9,4.4,6.6,,8.1,58.3,33.3,66.7,33.3,31.03448275862069,22.7,6-6,215.0,78
1631230,Dominick Barlow,PHI,13,19.9,6.8,4.2,0.6,2.7,4.6,0.5,1.4,1.0,1.4,january,2025-26,13.1,4.2,65.5,7.7,18.4,0.4,1.47,10.3,0.2,0.1,2.6,,20.0,,4.5,,32.7,,19.5,,15.9,62.8,31.4,68.6,31.4,30.434782608695656,19.9,6-9,215.0,81
203903,Jordan Clarkson,NYK,11,16.7,6.8,1.5,0.7,2.5,7.1,0.8,3.4,0.9,1.2,january,2025-26,19.9,7.4,44.8,4.7,19.5,0.9,2.69,12.2,0.2,0.0,1.1,5.2,25.6,12.3,,,36.0,7.8,4.2,,3.9,43.5,46.4,53.6,46.4,47.887323943661976,16.7,6-5,194.0,77
1631245,Quenton Jackson,IND,9,15.3,6.8,1.4,1.7,2.3,5.9,0.9,2.6,1.2,1.3,january,2025-26,20.0,15.6,52.3,6.5,31.0,1.4,2.77,16.1,0.2,0.0,0.7,,22.5,22.5,,,29.0,,,,,54.2,28.6,71.4,28.6,44.06779661016949,15.3,6-4,173.0,76
203084,Harrison Barnes,SAS,12,24.9,6.8,2.0,2.1,2.4,7.1,1.2,4.7,0.8,0.9,january,2025-26,13.4,10.8,45.1,4.2,30.0,1.0,2.02,20.7,0.3,0.1,0.9,8.0,18.8,3.3,5.0,2.5,43.8,4.8,,4.8,,64.7,10.0,90.0,10.0,66.19718309859155,24.9,6-7,225.0,79
1629026,Kenrich Williams,OKC,12,15.7,6.8,3.6,1.3,2.8,5.1,0.9,2.6,0.3,0.8,january,2025-26,15.9,11.5,62.3,11.5,22.8,0.9,2.36,12.5,0.6,0.0,1.6,,14.6,,,,42.3,,10.0,,7.7,52.0,35.1,64.9,35.1,50.980392156862756,15.7,6-7,210.0,79
1630194,Paul Reed,DET,7,18.8,6.7,6.4,2.3,3.0,5.6,0.1,0.9,0.6,1.4,january,2025-26,16.9,18.2,54.1,11.9,34.5,1.1,1.96,18.8,2.8,0.2,5.5,,9.8,,16.0,,13.5,,26.4,,17.2,63.6,28.6,71.4,28.6,16.071428571428573,18.8,6-9,210.0,81
1629637,Jaxson Hayes,LAL,10,18.2,6.7,3.8,0.3,2.9,3.8,0.0,0.0,0.9,1.7,january,2025-26,11.6,2.5,73.7,7.9,18.8,0.4,1.3,10.8,1.8,0.3,6.1,,13.2,,26.5,,,,34.4,,13.2,54.8,17.2,82.8,17.2,0.0,18.2,7-0,220.0,84
1630198,Isaiah Joe,OKC,12,18.1,6.6,2.3,1.0,2.0,5.3,1.3,4.2,1.3,1.8,january,2025-26,15.1,7.1,54.7,5.1,22.7,0.8,2.03,14.3,0.1,0.0,0.2,,21.2,,9.4,,39.9,9.4,4.3,6.8,,62.1,11.1,88.9,11.1,79.24528301886792,18.1,6-4,165.0,76
1642277,Johnny Furphy,IND,12,22.5,6.5,6.3,1.6,2.4,5.3,1.0,2.6,0.7,1.5,january,2025-26,13.3,9.0,55.0,7.6,32.0,0.9,1.67,16.3,0.3,0.0,2.3,,27.3,,7.1,,37.7,,8.4,,7.1,70.2,17.2,82.8,17.2,49.05660377358491,22.5,6-8,200.0,80
201567,Kevin Love,UTA,6,19.2,6.5,7.2,2.0,2.2,6.2,1.2,3.5,1.0,1.0,january,2025-26,16.4,13.2,49.2,9.0,33.8,1.0,1.73,17.4,0.2,0.2,2.6,,14.0,,14.6,,34.1,,6.7,,15.2,73.3,7.7,92.3,7.7,56.4516129032258,19.2,6-10,251.0,82
1642274,Yves Missi,NOP,12,21.7,6.5,6.2,1.5,2.8,5.6,0.0,0.1,1.0,1.3,january,2025-26,12.2,8.5,53.0,9.5,25.1,0.7,1.74,15.7,2.2,0.1,5.2,,7.5,,15.0,,12.2,,20.7,,29.1,48.9,40.5,59.5,40.5,1.785714285714286,21.7,6-11,235.0,83
1642948,Ryan Nembhard,DAL,12,18.1,6.4,2.0,4.7,2.4,5.9,0.9,2.2,0.7,0.8,january,2025-26,17.5,34.6,51.1,9.4,40.4,3.4,5.12,14.5,0.0,0.0,0.1,8.5,15.1,43.4,,,21.3,4.3,,,,43.5,65.5,34.5,65.5,37.28813559322034,18.1,5-11,180.0,71
1642461,Spencer Jones,DEN,12,29.9,6.4,4.1,0.6,2.4,5.2,1.2,3.2,0.4,0.7,january,2025-26,9.0,2.8,58.8,4.2,22.3,0.5,1.37,11.2,0.8,0.0,2.3,,17.1,,,,40.8,,19.0,,7.6,48.9,13.8,86.2,13.8,61.53846153846154,29.9,6-7,225.0,79
1642266,Ja'Kobe Walter,TOR,5,16.8,6.4,2.2,1.0,2.2,5.2,1.4,4.0,0.6,0.8,january,2025-26,13.9,8.6,57.6,6.5,19.0,0.6,1.85,10.6,0.2,0.0,0.8,,22.4,,,,48.5,,12.8,,,61.1,0.0,100.0,0.0,76.92307692307692,16.8,6-4,180.0,76
1631165,Keon Ellis,SAC,9,17.8,6.3,1.2,0.2,2.1,5.0,1.3,3.1,0.8,1.1,january,2025-26,14.3,1.9,57.7,4.8,19.9,0.8,2.4,10.1,0.1,0.0,0.5,,25.6,10.1,,,43.7,,,,,68.8,10.5,89.5,10.5,62.0,17.8,6-4,175.0,76
1628971,Bruce Brown,DEN,13,23.5,6.3,3.7,2.5,2.5,6.4,0.3,1.1,1.1,1.4,january,2025-26,14.9,15.8,45.1,6.4,36.2,2.2,3.71,16.8,0.8,0.0,1.9,4.1,22.3,15.7,,,22.3,3.8,13.0,,8.7,68.4,40.6,59.4,40.6,17.1875,23.5,6-4,202.0,76
1630172,Patrick Williams,CHI,10,16.7,6.2,2.9,0.9,2.2,5.3,1.3,3.1,0.5,0.6,january,2025-26,15.5,7.7,55.7,7.5,25.7,0.9,2.08,13.9,0.2,0.0,0.3,3.6,22.1,9.3,5.0,3.6,41.4,3.6,,,5.0,73.7,31.8,68.2,31.8,58.490566037735846,16.7,6-6,235.0,78
1642877,Micah Peavy,NOP,10,20.4,6.1,2.6,1.9,2.7,7.0,0.7,3.0,0.0,0.0,january,2025-26,14.2,12.3,43.6,6.2,22.8,0.7,1.91,15.1,0.2,0.0,1.7,,23.9,,,,38.3,,12.9,,10.9,48.3,29.6,70.4,29.6,42.857142857142854,20.4,6-7,215.0,79
1631119,Jaylin Williams,OKC,6,16.7,6.0,4.3,2.5,1.7,4.0,0.8,2.2,1.8,2.0,january,2025-26,14.8,19.2,61.5,10.7,31.0,0.8,1.6,19.0,0.7,0.0,1.3,,14.8,,21.6,,40.7,,,,,71.4,0.0,100.0,0.0,55.00000000000001,16.7,6-9,240.0,81
1631255,Karlo Matković,NOP,12,15.5,5.9,3.1,0.5,2.4,3.8,0.7,1.7,0.4,0.4,january,2025-26,11.9,4.9,73.7,9.9,15.0,0.4,1.46,8.4,0.3,0.1,1.9,,19.0,,21.2,,19.0,,16.8,,11.7,41.7,20.0,80.0,20.0,44.73684210526316,15.5,6-10,231.0,82
1641772,Nae'Qwan Tomlin,CLE,12,18.9,5.9,3.7,1.4,2.5,5.1,0.3,1.8,0.6,0.8,january,2025-26,12.1,10.2,54.6,6.7,22.5,0.6,1.54,12.7,0.7,0.0,3.4,,20.9,,,,30.8,,19.0,,16.6,59.5,30.0,70.0,30.0,35.294117647058826,18.9,6-8,210.0,80
1642275,Tidjane Salaün,CHA,9,15.4,5.9,4.8,0.9,2.2,4.1,0.9,2.0,0.6,0.8,january,2025-26,14.5,8.2,66.1,11.0,23.2,0.6,1.65,10.0,0.7,0.1,1.3,,20.7,,12.4,,43.2,,7.7,,,50.0,20.0,80.0,20.0,48.78048780487806,15.4,6-10,207.0,82
1629655,Daniel Gafford,DAL,7,19.6,5.9,7.4,0.3,2.3,3.9,0.0,0.0,1.3,1.9,january,2025-26,11.2,2.0,62.7,10.3,24.5,0.6,1.5,12.3,1.7,0.8,5.3,,8.8,,19.9,11.0,,,20.4,,18.2,45.8,50.0,50.0,50.0,0.0,19.6,6-10,265.0,82
1630249,Vít Krejčí,ATL,12,20.4,5.8,1.9,1.3,1.9,5.7,1.3,4.2,0.8,1.0,january,2025-26,13.0,8.7,47.8,3.0,24.7,0.8,1.89,17.7,0.3,0.0,0.5,,19.7,8.4,5.3,,33.4,12.5,,12.2,,74.3,8.7,91.3,8.7,73.68421052631578,20.4,6-8,195.0,80
1641767,Ben Sheppard,IND,12,18.3,5.8,1.9,1.6,1.8,4.4,1.3,3.3,0.8,1.1,january,2025-26,11.1,12.8,58.8,6.0,23.8,0.6,1.5,13.8,0.1,0.0,0.5,,27.3,10.0,,,38.2,5.0,6.4,,,63.6,9.1,90.9,9.1,74.99999999999999,18.3,6-6,190.0,78
1629011,Mitchell Robinson,NYK,10,21.8,5.6,10.1,0.9,2.6,3.9,0.0,0.0,0.4,1.3,january,2025-26,9.3,5.8,62.6,12.3,20.3,0.5,1.48,13.5,1.2,0.1,6.4,,,,11.7,,,,12.5,,52.3,70.3,57.7,42.3,57.7,0.0,21.8,7-0,240.0,84
1629057,Robert Williams III,POR,9,15.8,5.6,6.0,1.1,2.3,2.8,0.2,0.3,0.7,0.8,january,2025-26,10.0,9.6,89.0,17.0,19.3,0.4,1.28,9.4,0.7,0.0,3.8,,,,17.1,,9.8,,32.5,,20.3,54.5,28.6,71.4,28.6,10.714285714285715,15.8,6-9,249.0,81
1642928,Dylan Cardwell,SAC,11,20.8,5.5,8.8,1.5,2.6,4.5,0.0,0.0,0.3,0.7,january,2025-26,10.7,10.2,58.1,10.4,23.2,0.5,1.39,14.5,1.9,0.1,7.8,,11.7,,19.1,,,,36.2,,12.8,48.6,24.1,75.9,24.1,0.0,20.8,6-10,255.0,82
1627936,Alex Caruso,OKC,8,17.3,5.5,2.1,2.4,1.9,4.9,0.6,2.8,1.1,1.5,january,2025-26,13.9,17.3,49.7,8.2,27.5,1.1,2.39,13.3,0.4,0.0,0.6,,19.9,8.2,7.0,,45.6,,,,,69.2,13.3,86.7,13.3,57.14285714285714,17.3,6-5,186.0,77
1628997,Caleb Martin,DAL,12,17.4,5.5,2.8,2.1,2.2,4.0,0.5,1.2,0.7,1.3,january,2025-26,13.1,14.7,60.4,8.4,21.0,1.1,3.06,8.1,0.1,0.1,0.4,,32.5,7.9,,,35.7,,,,,70.0,46.2,53.8,46.2,30.0,17.4,6-5,205.0,77
1629048,Goga Bitadze,ORL,10,15.5,5.5,5.4,0.8,2.6,4.2,0.0,0.2,0.3,0.7,january,2025-26,12.9,8.4,61.0,11.2,21.3,0.6,1.59,13.4,1.0,0.2,4.2,,10.8,,15.0,,,,26.9,,27.5,50.0,30.8,69.2,30.8,4.761904761904762,15.5,6-11,250.0,83
1641717,Cason Wallace,OKC,11,23.7,5.5,3.1,1.4,1.9,5.4,1.1,3.0,0.5,0.9,january,2025-26,12.0,7.2,47.3,4.7,26.8,1.3,2.94,12.6,0.3,0.1,1.1,4.2,22.6,13.5,,,41.3,4.2,4.5,,3.5,54.8,13.6,86.4,13.6,55.55555555555555,23.7,6-3,195.0,75
203500,Steven Adams,HOU,7,26.9,5.4,9.3,1.9,2.3,4.1,0.0,0.0,0.9,2.6,january,2025-26,9.6,10.1,51.5,9.3,32.1,1.0,1.82,19.1,3.0,0.1,7.9,,4.9,,15.6,,,,23.9,,37.1,56.4,50.0,50.0,50.0,0.0,26.9,6-11,265.0,83
1627747,Caris LeVert,DET,5,17.6,5.4,2.0,3.0,2.4,6.0,0.2,2.8,0.4,0.4,january,2025-26,17.7,31.3,43.7,10.3,34.6,2.0,3.55,19.4,0.0,0.0,0.6,6.2,19.0,24.0,,,26.9,4.5,6.6,5.0,,60.0,50.0,50.0,50.0,46.666666666666664,17.6,6-7,205.0,79
1642346,Ryan Dunn,PHX,12,16.9,5.0,3.3,1.4,1.9,4.0,0.8,2.5,0.3,0.5,january,2025-26,12.6,11.4,59.2,7.2,22.3,0.7,1.94,11.9,0.3,0.0,1.4,,24.6,5.5,5.5,,35.5,,10.9,,12.5,56.3,24.0,76.0,24.0,62.5,16.9,6-7,216.0,79
1629020,Jarred Vanderbilt,LAL,13,20.3,4.9,4.3,1.5,2.2,4.2,0.4,1.8,0.2,0.6,january,2025-26,10.4,9.5,55.6,7.7,24.0,0.6,1.61,12.0,0.5,0.0,2.4,,18.0,,,,32.3,,16.9,,14.3,53.7,28.6,71.4,28.6,42.857142857142854,20.3,6-8,214.0,80
1642363,Nique Clifford,SAC,14,19.2,4.9,2.7,1.0,2.0,5.1,0.6,2.3,0.2,0.6,january,2025-26,14.0,7.0,44.8,3.7,24.8,0.9,2.25,12.0,0.2,0.0,0.8,,23.9,13.1,,,34.3,4.9,5.6,,4.9,46.8,17.9,82.1,17.9,45.09803921568628,19.2,6-5,175.0,77
1642883,Sion James,CHA,13,22.8,4.8,4.2,3.0,1.4,4.3,0.8,2.3,1.3,1.5,january,2025-26,11.2,17.3,48.9,6.7,36.2,2.3,3.85,16.2,0.8,0.0,0.8,,17.6,14.7,4.4,,43.6,4.8,4.4,,,67.4,27.8,72.2,27.8,53.48837209302325,22.8,6-5,220.0,77
1642364,Jamir Watkins,WAS,5,22.7,4.8,5.0,1.2,1.6,4.0,0.4,2.2,1.2,2.0,january,2025-26,10.0,7.4,49.2,5.9,24.0,0.6,1.51,13.4,1.2,0.0,1.2,,,,,,,,,,,60.9,25.0,75.0,25.0,55.00000000000001,22.7,6-6,210.0,78
201572,Brook Lopez,LAC,12,16.6,4.8,2.3,0.9,1.7,6.1,1.0,5.1,0.4,0.4,january,2025-26,18.5,8.3,37.9,4.0,19.7,0.5,1.48,12.6,0.5,0.3,0.9,,6.5,,32.8,9.5,32.1,,,,,50.0,9.5,90.5,9.5,83.60655737704919,16.6,7-1,282.0,85
1641854,Craig Porter Jr.,CLE,12,20.5,4.8,3.9,4.1,1.9,4.8,0.7,1.6,0.3,0.7,january,2025-26,13.1,24.0,46.3,7.7,41.0,2.1,3.11,19.0,0.3,0.1,1.2,,17.9,27.8,,,26.0,4.5,,,4.9,60.9,30.4,69.6,30.4,33.333333333333336,20.5,6-1,180.0,73
203939,Dwight Powell,DAL,8,23.1,4.8,7.0,1.5,1.6,2.3,0.0,0.0,1.5,2.3,january,2025-26,6.4,7.0,73.3,8.5,24.9,0.7,1.65,13.8,1.9,0.0,4.0,,13.2,,12.1,,,,37.4,,,55.6,23.1,76.9,23.1,0.0,23.1,6-10,240.0,82
1629216,Gabe Vincent,LAL,10,16.9,4.7,0.9,1.0,1.5,4.9,1.4,3.9,0.3,0.4,january,2025-26,13.2,8.1,46.3,2.0,23.0,1.4,3.58,11.6,0.0,0.0,0.2,,14.9,14.9,,,38.6,,,13.2,,70.0,13.3,86.7,13.3,79.59183673469387,16.9,6-2,200.0,74
1629684,Grant Williams,CHA,6,17.1,4.7,3.2,1.2,1.5,4.8,0.8,3.8,0.8,1.0,january,2025-26,12.8,8.2,44.2,7.1,22.2,0.6,1.5,13.0,0.5,0.5,1.0,,,,,,38.2,,,,,55.6,11.1,88.9,11.1,79.16666666666666,17.1,6-7,236.0,79
1630534,Ochai Agbaji,TOR,11,16.0,4.6,2.3,0.5,1.8,4.4,0.5,2.2,0.5,0.5,january,2025-26,14.6,4.6,50.4,4.1,18.5,0.4,1.35,10.8,0.7,0.0,1.6,,33.5,,,,29.2,,13.5,,10.3,60.9,13.6,86.4,13.6,50.0,16.0,6-5,215.0,77
1629731,Dean Wade,CLE,5,21.2,4.6,4.0,1.2,1.6,3.0,1.0,2.2,0.4,0.4,january,2025-26,7.4,7.2,72.4,9.6,25.6,0.6,1.42,12.8,0.6,0.0,1.2,,28.1,,5.0,,46.7,,12.1,,,38.5,12.5,87.5,12.5,73.33333333333334,21.2,6-9,228.0,81
1641747,DaRon Holmes II,DEN,8,16.9,4.5,2.3,1.8,1.5,4.4,1.4,3.8,0.1,0.3,january,2025-26,14.0,14.9,50.2,4.6,21.4,0.6,1.61,15.9,1.6,0.1,1.5,,,,34.7,,32.7,,,,,61.5,0.0,100.0,0.0,86.36363636363636,16.9,6-9,225.0,81
1641816,Hunter Tyson,DEN,6,15.8,4.5,2.7,2.0,1.3,4.8,0.7,3.3,1.2,1.5,january,2025-26,17.7,21.8,41.0,5.0,18.3,0.7,2.35,11.0,0.0,0.0,0.2,,,,,,,,,,,60.0,12.5,87.5,12.5,68.75,15.8,6-8,215.0,80
201587,Nicolas Batum,LAC,12,18.8,4.4,2.3,0.8,1.4,3.5,1.3,3.3,0.3,0.3,january,2025-26,9.6,6.1,60.6,5.9,23.3,0.5,1.31,11.2,0.3,0.0,0.1,,14.2,,,,68.9,,,,,52.0,0.0,100.0,0.0,94.28571428571428,18.8,6-7,230.0,79
1630611,Gui Santos,GSW,10,15.6,4.3,2.7,1.6,1.5,3.1,0.8,2.1,0.5,0.8,january,2025-26,10.8,13.3,62.3,7.7,24.8,0.8,1.93,13.6,0.6,0.0,1.8,,13.5,,,,43.6,,18.0,,,67.6,5.6,94.4,5.6,67.74193548387098,15.6,6-7,185.0,79
1642954,Will Richard,GSW,12,18.7,4.2,1.8,1.8,1.6,4.5,0.8,2.6,0.3,0.3,january,2025-26,11.4,11.2,45.2,4.1,22.3,0.7,1.92,14.9,0.6,0.0,2.2,,24.6,5.1,,,36.9,,12.7,,8.5,62.1,17.4,82.6,17.4,57.777777777777786,18.7,6-3,206.0,75
1629018,Gary Trent Jr.,MIL,8,16.1,4.1,0.8,1.6,1.4,4.5,1.1,4.1,0.3,0.3,january,2025-26,13.8,15.3,44.7,2.8,14.0,0.4,1.53,12.3,0.0,0.0,0.0,,18.3,6.4,,,48.6,9.0,,6.8,,71.4,9.1,90.9,9.1,91.1111111111111,16.1,6-5,204.0,77
1641737,Adem Bona,PHI,12,15.8,4.1,3.9,0.3,1.6,2.4,0.0,0.0,0.9,1.3,january,2025-26,10.3,2.3,68.8,6.9,14.2,0.3,1.44,7.4,1.0,0.0,3.3,,10.8,,8.5,,,,21.5,,30.8,51.7,31.6,68.4,31.6,0.0,15.8,6-10,235.0,82
201144,Mike Conley,MIN,10,16.7,4.0,1.6,2.6,1.2,4.0,1.0,3.2,0.6,0.9,january,2025-26,12.8,19.0,45.5,4.6,33.3,2.1,3.76,16.0,0.0,0.0,0.3,,14.8,21.2,,,33.3,13.8,,5.8,,63.0,16.7,83.3,16.7,80.0,16.7,6-1,175.0,73
1641712,Rayan Rupert,POR,12,17.0,3.8,1.8,1.3,1.4,4.1,0.5,2.0,0.4,0.7,january,2025-26,11.9,11.4,42.8,4.7,20.7,0.7,1.99,11.0,0.3,0.0,1.2,,20.6,,,,50.4,,9.9,,,61.5,41.2,58.8,41.2,48.78048780487806,17.0,6-7,205.0,79
1631243,Mouhamed Gueye,ATL,11,18.0,3.7,4.1,1.5,1.3,4.1,0.6,1.9,0.5,0.8,january,2025-26,11.6,10.3,41.9,5.8,22.5,0.6,1.55,11.1,0.6,0.0,2.5,,18.3,,5.6,,39.0,,19.7,,10.3,61.5,21.4,78.6,21.4,46.34146341463415,18.0,6-11,210.0,83
1631248,Baylor Scheierman,BOS,12,15.0,3.7,2.5,0.9,1.3,3.1,0.9,2.2,0.3,0.3,january,2025-26,10.4,7.9,56.8,6.5,15.8,0.5,1.95,9.3,0.0,0.0,0.2,,25.0,,11.5,,45.2,,,,,40.7,20.0,80.0,20.0,70.96774193548387,15.0,6-6,205.0,78
1630182,Josh Green,CHA,13,16.1,3.6,2.3,0.8,1.2,2.9,0.9,2.2,0.2,0.3,january,2025-26,9.3,6.4,59.1,4.9,13.4,0.4,1.76,8.2,0.5,0.0,0.6,,28.0,,,,61.3,,,,,70.6,6.3,93.8,6.3,75.86206896551725,16.1,6-6,200.0,78
1641775,Jordan Walsh,BOS,13,16.4,3.5,3.8,0.6,1.5,3.0,0.5,1.5,0.1,0.2,january,2025-26,8.6,5.1,57.7,7.4,16.1,0.5,1.73,9.2,0.4,0.0,1.5,,23.6,,,,38.8,,9.6,,13.5,53.8,15.8,84.2,15.8,50.0,16.4,6-6,205.0,78
1629006,Josh Okogie,HOU,13,17.5,3.5,2.5,0.8,1.3,3.3,0.5,1.8,0.3,0.8,january,2025-26,10.1,6.0,47.0,4.5,17.6,0.5,1.84,8.6,0.7,0.1,1.4,,24.9,,,,41.5,,11.1,,9.7,66.7,29.4,70.6,29.4,54.545454545454554,17.5,6-4,213.0,76
1631132,Christian Koloko,ATL,8,15.6,3.3,3.5,0.6,1.5,3.6,0.1,0.3,0.1,0.5,january,2025-26,13.2,5.3,42.3,3.2,20.1,0.4,1.18,11.3,1.1,0.1,6.0,,,,,,,,,,,60.7,25.0,75.0,25.0,8.333333333333332,15.6,6-11,225.0,83
1627827,Dorian Finney-Smith,HOU,10,15.5,3.2,3.0,0.5,1.1,3.6,0.7,2.8,0.3,0.3,january,2025-26,11.7,4.7,42.9,2.8,18.4,0.4,1.44,9.5,0.4,0.0,1.2,,,,,,,,,,,66.7,27.3,72.7,27.3,77.77777777777777,15.5,6-7,220.0,79
203914,Gary Harris,MIL,9,15.3,2.7,1.8,1.3,0.8,1.8,0.8,1.4,0.3,0.4,january,2025-26,6.7,12.4,67.6,5.7,14.6,0.4,1.72,9.3,0.0,0.0,0.6,,16.7,,,,54.2,,,,,70.8,0.0,100.0,0.0,77.77777777777777,15.3,6-4,210.0,76
1629723,John Konchar,MEM,5,16.3,2.2,4.0,1.4,0.8,2.0,0.2,1.0,0.4,0.8,january,2025-26,8.1,12.1,46.8,8.2,20.0,0.5,1.44,10.2,0.2,0.0,1.4,,34.2,,,,42.5,,,,,64.7,50.0,50.0,50.0,50.0,16.3,6-5,210.0,77
1626145,Tyus Jones,ORL,9,15.2,1.8,1.0,2.1,0.7,3.7,0.4,2.7,0.0,0.0,january,2025-26,9.7,17.3,24.2,3.5,32.8,2.3,4.21,13.2,0.0,0.0,0.0,,17.2,23.8,,,41.7,,,,,64.7,16.7,83.3,16.7,72.97297297297297,15.2,6-0,196.0,72
