PLAYER_ID,PLAYER,TEAM,Season,Month,Archetype,Category,USG_Pct,AST_Pct,ThreePt_Rate,Height_Inches,GP,MPG,PTS
201142,Kevin Durant,PHX,2023-24,november,Versatile Big,Big,32.1,28.0,24.28571428571428,83,12,37.2,32.7
203954,Joel Embiid,PHI,2023-24,november,Versatile Big,Big,35.4,33.1,15.121951219512194,84,13,34.7,32.2
1628983,Shai Gilgeous-Alexander,OKC,2023-24,november,Primary Initiator,Primary,31.8,29.9,16.99029126213592,78,13,34.6,32.1
1628368,De'Aaron Fox,SAC,2023-24,november,Primary Initiator,Primary,30.6,26.8,39.90825688073394,75,9,36.5,30.4
203507,Giannis Antetokounmpo,MIL,2023-24,november,Versatile Big,Big,33.0,25.4,9.473684210526317,83,15,34.6,30.3
203999,Nikola Jokić,DEN,2023-24,november,Versatile Big,Big,33.6,46.3,21.153846153846153,83,14,33.7,29.7
1629029,Luka Dončić,DAL,2023-24,november,Primary Initiator,Primary,34.2,37.4,42.129629629629626,79,14,34.9,29.4
1630169,Tyrese Haliburton,IND,2023-24,november,Role Player,Role,26.5,44.6,50.54945054945055,77,13,34.4,28.6
1629027,Trae Young,ATL,2023-24,november,Primary Initiator,Primary,29.9,43.3,44.44444444444445,73,13,36.4,28.5
201939,Stephen Curry,GSW,2023-24,november,Primary Initiator,Primary,30.9,22.4,62.03208556149733,74,13,33.7,28.2
1628369,Jayson Tatum,BOS,2023-24,november,Role Player,Role,29.2,17.4,45.07772020725388,80,15,37.2,27.3
1630163,LaMelo Ball,CHA,2023-24,november,Primary Initiator,Primary,31.3,38.1,43.39622641509433,79,12,34.6,27.3
1626164,Devin Booker,PHX,2023-24,november,Primary Initiator,Primary,32.2,41.0,24.86772486772487,78,9,33.5,26.8
1628973,Jalen Brunson,NYK,2023-24,november,Secondary Ball Handler,Secondary,26.1,26.6,35.93750000000001,74,14,36.4,26.6
1628378,Donovan Mitchell,CLE,2023-24,november,Primary Initiator,Primary,30.1,22.9,42.028985507246375,75,11,35.7,26.5
1630162,Anthony Edwards,MIN,2023-24,november,Secondary Ball Handler,Secondary,31.8,23.0,34.183673469387756,76,14,34.8,26.4
1630178,Tyrese Maxey,PHI,2023-24,november,Secondary Ball Handler,Secondary,25.5,25.9,40.487804878048784,74,15,38.4,26.3
203081,Damian Lillard,MIL,2023-24,november,Role Player,Role,28.0,31.2,48.29545454545454,74,14,35.0,26.0
2544,LeBron James,LAL,2023-24,november,Role Player,Role,29.0,29.8,35.54216867469879,81,15,33.3,25.6
202681,Kyrie Irving,DAL,2023-24,november,Role Player,Role,28.3,25.6,37.823834196891184,74,12,32.8,25.4
203924,Jerami Grant,POR,2023-24,november,Role Player,Role,26.6,12.2,37.078651685393254,79,14,36.2,24.6
1629627,Zion Williamson,NOP,2023-24,november,Role Player,Role,28.9,26.3,1.7857142857142856,78,12,32.4,24.5
1627742,Brandon Ingram,NOP,2023-24,november,Role Player,Role,29.3,24.7,24.479166666666668,80,14,33.9,24.2
1630560,Cam Thomas,BKN,2023-24,november,Secondary Ball Handler,Secondary,31.5,10.4,34.883720930232556,75,6,31.3,23.7
1628398,Kyle Kuzma,WAS,2023-24,november,Role Player,Role,31.6,26.6,33.33333333333333,81,15,31.3,23.6
202710,Jimmy Butler III,MIA,2023-24,november,Role Player,Role,25.9,18.3,22.75862068965517,79,12,33.9,23.3
1628374,Lauri Markkanen,UTA,2023-24,november,Stretch Big,Big,23.1,3.0,50.31055900621118,84,11,34.5,23.3
1626157,Karl-Anthony Towns,MIN,2023-24,november,Rim Runner,Big,26.6,14.3,32.02614379084967,84,15,33.4,23.1
1630595,Cade Cunningham,DET,2023-24,november,Primary Initiator,Primary,30.6,31.3,29.20792079207921,78,15,35.3,22.7
202695,Kawhi Leonard,LAC,2023-24,november,Secondary Ball Handler,Secondary,25.3,13.7,30.28571428571428,79,14,34.9,22.6
1626179,Terry Rozier,MIA,2023-24,november,Role Player,Role,26.2,27.3,29.670329670329675,73,5,35.8,22.6
1630217,Desmond Bane,MEM,2023-24,november,Secondary Ball Handler,Secondary,28.3,28.3,47.916666666666664,77,13,34.0,22.5
202331,Paul George,LAC,2023-24,november,Role Player,Role,26.7,16.8,46.23655913978494,80,14,36.3,22.3
1628389,Bam Adebayo,MIA,2023-24,november,Role Player,Role,27.0,21.6,1.2820512820512822,81,13,33.6,22.2
203944,Julius Randle,NYK,2023-24,november,Role Player,Role,28.6,24.6,32.59668508287293,80,14,35.4,22.0
1628969,Mikal Bridges,BKN,2023-24,november,Role Player,Role,26.0,18.6,35.59322033898305,78,15,34.8,22.0
203076,Anthony Davis,LAL,2023-24,november,Rim Runner,Big,24.3,14.6,2.054794520547945,82,15,34.1,21.8
1630578,Alperen Sengun,HOU,2023-24,november,Versatile Big,Big,28.0,25.8,16.025641025641026,83,13,32.3,21.4
1627759,Jaylen Brown,BOS,2023-24,november,Secondary Ball Handler,Secondary,28.3,18.1,38.46153846153847,78,14,34.5,21.3
1627783,Pascal Siakam,IND,2023-24,november,Role Player,Role,26.3,23.7,22.560975609756103,80,15,33.7,21.0
1631094,Paolo Banchero,ORL,2023-24,november,Versatile Big,Big,26.4,20.6,21.710526315789476,82,14,33.6,20.9
201942,DeMar DeRozan,CHI,2023-24,november,Role Player,Role,24.8,23.6,16.149068322981368,78,14,35.2,20.8
1630532,Franz Wagner,ORL,2023-24,november,Rim Runner,Big,25.1,16.5,27.2189349112426,82,14,32.7,20.8
1628970,Miles Bridges,CHA,2023-24,november,Role Player,Role,20.7,10.6,30.76923076923077,79,7,36.4,20.3
1641705,Victor Wembanyama,SAS,2023-24,november,Anchor Big,Big,28.9,14.3,31.428571428571427,88,14,30.8,20.1
1630224,Jalen Green,HOU,2023-24,november,Role Player,Role,26.9,18.1,45.945945945945944,76,13,31.1,20.0
203897,Zach LaVine,CHI,2023-24,november,Role Player,Role,23.5,17.6,42.94871794871795,77,14,35.7,20.0
1628991,Jaren Jackson Jr.,MEM,2023-24,november,Rim Runner,Big,28.8,9.1,31.70731707317074,82,13,31.3,19.7
203903,Jordan Clarkson,UTA,2023-24,november,Role Player,Role,27.1,24.4,37.125748502994014,75,13,32.0,19.5
1627749,Dejounte Murray,ATL,2023-24,november,Role Player,Role,23.8,21.6,38.55421686746987,77,14,34.2,19.4
1629636,Darius Garland,CLE,2023-24,november,Secondary Ball Handler,Secondary,26.6,26.4,31.081081081081074,73,13,33.4,19.4
1629008,Michael Porter Jr.,DEN,2023-24,november,Stretch Big,Big,21.6,6.3,54.966887417218544,82,15,32.7,19.0
1627734,Domantas Sabonis,SAC,2023-24,november,Versatile Big,Big,22.2,32.7,9.090909090909092,82,14,35.2,18.9
1631096,Chet Holmgren,OKC,2023-24,november,Anchor Big,Big,22.5,13.0,34.10852713178294,85,14,31.0,18.8
1630567,Scottie Barnes,TOR,2023-24,november,Role Player,Role,22.8,23.7,34.64052287581699,79,15,34.0,18.7
204001,Kristaps Porziņģis,BOS,2023-24,november,Stretch Big,Big,22.1,10.1,40.33613445378151,86,12,30.1,18.5
1630170,Devin Vassell,SAS,2023-24,november,Role Player,Role,23.7,19.0,53.07692307692308,77,9,25.4,18.0
202699,Tobias Harris,PHI,2023-24,november,Role Player,Role,20.1,11.4,24.087591240875913,80,15,34.7,17.9
1631114,Jalen Williams,OKC,2023-24,november,Secondary Ball Handler,Secondary,20.8,14.8,22.22222222222222,77,11,33.4,17.9
1629628,RJ Barrett,TOR,2023-24,november,Role Player,Role,26.9,12.1,35.46099290780142,78,9,28.7,17.9
1626156,D'Angelo Russell,LAL,2023-24,november,Secondary Ball Handler,Secondary,22.9,30.2,40.6015037593985,75,16,29.8,17.6
1629673,Jordan Poole,WAS,2023-24,november,Secondary Ball Handler,Secondary,27.3,18.0,43.046357615894046,76,14,29.3,17.1
1631101,Shaedon Sharpe,POR,2023-24,november,Secondary Ball Handler,Secondary,22.7,15.0,37.24137931034483,77,14,36.8,17.1
1627763,Malcolm Brogdon,POR,2023-24,november,Role Player,Role,26.6,41.6,33.78378378378378,76,9,29.2,17.0
203992,Bogdan Bogdanović,ATL,2023-24,november,Secondary Ball Handler,Secondary,22.0,10.2,61.832061068702295,77,14,27.3,16.9
1629640,Keldon Johnson,SAS,2023-24,november,Role Player,Role,19.3,18.0,41.66666666666667,77,13,33.3,16.8
1630596,Evan Mobley,CLE,2023-24,november,Anchor Big,Big,19.5,13.8,5.084745762711864,83,15,33.5,16.7
203471,Dennis Schröder,BKN,2023-24,november,Secondary Ball Handler,Secondary,22.2,29.2,37.121212121212125,73,15,30.7,16.7
1626167,Myles Turner,IND,2023-24,november,Rim Runner,Big,23.3,6.4,34.7457627118644,83,14,26.3,16.5
202696,Nikola Vučević,CHI,2023-24,november,Rim Runner,Big,22.9,16.4,24.18300653594771,82,16,34.3,16.5
1627832,Fred VanVleet,HOU,2023-24,november,Role Player,Role,18.6,35.7,60.14492753623188,72,12,37.8,16.3
203501,Tim Hardaway Jr.,DAL,2023-24,november,Movement Shooter,Shooter,22.7,8.5,68.42105263157893,77,14,27.2,16.3
1630175,Cole Anthony,ORL,2023-24,november,Secondary Ball Handler,Secondary,24.5,23.5,36.607142857142854,74,14,26.9,15.7
1630193,Immanuel Quickley,TOR,2023-24,november,Secondary Ball Handler,Secondary,24.7,17.9,44.09448818897638,74,14,25.0,15.6
1629661,Cameron Johnson,BKN,2023-24,november,Role Player,Role,20.9,13.9,53.6,80,10,29.4,15.5
1629130,Duncan Robinson,MIA,2023-24,november,Movement Shooter,Shooter,18.2,15.1,65.13761467889908,79,13,31.1,15.4
202691,Klay Thompson,GSW,2023-24,november,Movement Shooter,Shooter,22.6,11.5,55.639097744360896,78,15,29.0,15.3
1629632,Coby White,CHI,2023-24,november,Secondary Ball Handler,Secondary,20.4,18.2,57.03125,77,16,33.3,15.3
201935,James Harden,LAC,2023-24,november,Role Player,Role,17.8,27.6,59.4059405940594,77,13,33.6,15.3
1628384,OG Anunoby,NYK,2023-24,november,Role Player,Role,18.5,10.1,50.0,79,12,32.5,15.3
203915,Spencer Dinwiddie,LAL,2023-24,november,Role Player,Role,19.9,27.7,57.758620689655174,77,14,32.4,15.0
1628380,Zach Collins,SAS,2023-24,november,Anchor Big,Big,20.8,18.4,37.864077669902905,83,14,29.0,14.6
1626162,Kelly Oubre Jr.,PHI,2023-24,november,Role Player,Role,17.9,2.8,37.50000000000001,79,5,28.9,14.6
1628381,John Collins,UTA,2023-24,november,Role Player,Role,18.9,3.1,33.333333333333336,81,15,30.8,14.5
1629028,Deandre Ayton,POR,2023-24,november,Rim Runner,Big,18.1,8.7,0.0,84,13,33.3,14.5
1641722,Jordan Hawkins,NOP,2023-24,november,Role Player,Role,18.9,9.9,67.22689075630251,77,16,30.1,14.4
1629022,Lonnie Walker IV,BKN,2023-24,november,Role Player,Role,25.5,10.5,52.38095238095239,76,15,20.8,14.4
1630559,Austin Reaves,LAL,2023-24,november,Role Player,Role,19.8,26.7,38.613861386138616,77,16,30.0,14.4
1628989,Kevin Huerter,SAC,2023-24,november,Role Player,Role,19.4,18.0,62.5,79,13,28.1,14.3
1630583,Santi Aldama,MEM,2023-24,november,Stretch Big,Big,23.1,12.8,46.03174603174603,84,11,26.3,14.3
1629651,Nic Claxton,BKN,2023-24,november,Anchor Big,Big,16.8,6.7,0.0,83,8,27.4,14.3
202704,Reggie Jackson,DEN,2023-24,november,Role Player,Role,20.6,24.1,36.28318584070796,74,15,27.7,14.1
201569,Eric Gordon,PHX,2023-24,november,3&D Wing,Wing,17.5,13.4,60.0,75,13,31.6,14.1
1631095,Jabari Smith Jr.,HOU,2023-24,november,Stretch Big,Big,17.7,6.1,44.66019417475727,83,13,29.7,14.0
1630552,Jalen Johnson,ATL,2023-24,november,Role Player,Role,16.6,11.3,28.421052631578945,80,11,30.0,14.0
202685,Jonas Valančiūnas,NOP,2023-24,november,Post Scorer,Big,19.8,14.6,16.3265306122449,83,16,26.3,14.0
1627741,Buddy Hield,PHI,2023-24,november,Movement Shooter,Shooter,20.4,11.7,69.02654867256636,76,14,25.7,13.9
1631109,Mark Williams,CHA,2023-24,november,Rim Runner,Big,17.1,6.3,0.0,84,14,27.5,13.9
201572,Brook Lopez,MIL,2023-24,november,Stretch Big,Big,16.4,5.6,51.45631067961165,85,16,30.2,13.8
1631170,Jaime Jaquez Jr.,MIA,2023-24,november,Role Player,Role,18.7,13.9,32.69230769230769,78,15,29.1,13.8
1629631,De'Andre Hunter,ATL,2023-24,november,Role Player,Role,18.4,6.3,47.16981132075472,80,14,30.1,13.8
1628370,Malik Monk,SAC,2023-24,november,Secondary Ball Handler,Secondary,23.4,27.0,55.66037735849058,75,14,24.8,13.8
1630167,Obi Toppin,IND,2023-24,november,Role Player,Role,17.3,7.3,37.362637362637365,81,14,25.1,13.8
1627747,Caris LeVert,CLE,2023-24,november,Secondary Ball Handler,Secondary,20.9,16.0,39.31623931623932,78,13,29.1,13.8
1641706,Brandon Miller,CHA,2023-24,november,Role Player,Role,18.4,8.4,36.440677966101696,79,12,30.5,13.7
202330,Gordon Hayward,OKC,2023-24,november,Role Player,Role,20.0,18.4,20.472440944881892,79,13,32.2,13.6
1628401,Derrick White,BOS,2023-24,november,Role Player,Role,17.6,21.3,58.58585858585859,76,12,32.6,13.6
1630591,Jalen Suggs,ORL,2023-24,november,Secondary Ball Handler,Secondary,20.4,15.1,42.00000000000001,77,13,27.4,13.5
1629622,Max Strus,CLE,2023-24,november,Role Player,Role,16.3,15.5,63.30275229357798,77,15,34.4,13.5
1628386,Jarrett Allen,CLE,2023-24,november,Role Player,Role,16.2,11.0,0.0,81,14,29.0,13.4
1629023,P.J. Washington,DAL,2023-24,november,Role Player,Role,19.4,9.2,53.78151260504202,79,13,31.5,13.4
203952,Andrew Wiggins,GSW,2023-24,november,Role Player,Role,22.3,7.4,29.411764705882355,79,14,27.7,13.4
1629021,Moritz Wagner,ORL,2023-24,november,Rim Runner,Big,21.7,11.7,22.89156626506024,83,14,20.1,13.4
1629001,De'Anthony Melton,PHI,2023-24,november,Role Player,Role,17.5,15.4,59.22330097087378,75,15,30.0,13.3
1628415,Dillon Brooks,HOU,2023-24,november,Role Player,Role,19.2,8.1,39.0,78,13,29.9,13.2
1630166,Deni Avdija,WAS,2023-24,november,Role Player,Role,17.7,18.8,30.526315789473685,81,15,27.7,13.1
1629060,Rui Hachimura,LAL,2023-24,november,3&D Wing,Wing,19.4,6.7,30.851063829787233,80,9,26.1,13.0
203932,Aaron Gordon,DEN,2023-24,november,Role Player,Role,18.3,15.6,23.07692307692308,80,12,35.0,12.9
203114,Khris Middleton,MIL,2023-24,november,Secondary Ball Handler,Secondary,26.5,25.6,37.735849056603776,79,13,21.1,12.8
1631110,Jeremy Sochan,SAS,2023-24,november,Role Player,Role,19.4,22.0,20.192307692307693,80,14,29.4,12.4
1630180,Saddiq Bey,ATL,2023-24,november,Role Player,Role,15.2,5.4,51.06382978723404,79,14,29.1,12.4
1628960,Grayson Allen,PHX,2023-24,november,Role Player,Role,14.5,12.2,55.172413793103445,76,12,33.0,12.4
1631099,Keegan Murray,SAC,2023-24,november,Role Player,Role,17.5,8.2,53.71900826446281,80,10,32.8,12.4
201950,Jrue Holiday,BOS,2023-24,november,Role Player,Role,17.8,21.1,41.5929203539823,76,13,34.9,12.4
1631097,Bennedict Mathurin,IND,2023-24,november,Role Player,Role,20.0,9.4,28.846153846153843,77,14,24.8,12.3
203967,Dario Šarić,GSW,2023-24,november,Stretch Big,Big,19.7,17.6,54.11764705882353,82,15,22.5,12.3
203497,Rudy Gobert,MIN,2023-24,november,Anchor Big,Big,15.4,4.9,0.0,85,15,32.6,12.2
1630581,Josh Giddey,OKC,2023-24,november,Secondary Ball Handler,Secondary,23.8,22.8,17.391304347826086,80,14,26.6,12.1
1627751,Jakob Poeltl,TOR,2023-24,november,Rim Runner,Big,15.2,13.6,0.0,84,15,27.3,12.0
1627736,Malik Beasley,MIL,2023-24,november,Role Player,Role,14.2,5.9,74.15730337078651,76,16,28.1,12.0
201566,Russell Westbrook,LAC,2023-24,november,Secondary Ball Handler,Secondary,24.3,30.7,21.73913043478261,76,14,25.9,12.0
1629012,Collin Sexton,UTA,2023-24,november,Secondary Ball Handler,Secondary,24.1,27.3,41.75824175824176,75,15,20.3,11.9
1629018,Gary Trent Jr.,TOR,2023-24,november,3&D Wing,Wing,18.5,5.8,55.44554455445544,77,12,25.1,11.8
201565,Derrick Rose,MEM,2023-24,november,Role Player,Role,20.4,32.7,23.076923076923077,75,5,19.7,11.8
1630529,Herbert Jones,NOP,2023-24,november,Role Player,Role,14.7,12.9,44.303797468354425,79,13,31.3,11.7
1641709,Ausar Thompson,DET,2023-24,november,Role Player,Role,18.4,12.2,19.0,78,15,28.7,11.7
1630198,Isaiah Joe,OKC,2023-24,november,Role Player,Role,16.4,7.4,81.33333333333333,75,14,20.8,11.6
1631093,Jaden Ivey,DET,2023-24,november,Role Player,Role,19.3,17.9,35.52631578947369,76,11,23.5,11.6
1627826,Ivica Zubac,LAC,2023-24,november,Post Scorer,Big,17.0,5.8,0.0,84,14,26.9,11.5
203084,Harrison Barnes,SAC,2023-24,november,3&D Wing,Wing,14.4,7.1,60.71428571428571,80,14,30.8,11.4
1630228,Jonathan Kuminga,GSW,2023-24,november,Secondary Ball Handler,Secondary,25.3,9.3,25.84269662921348,79,15,19.7,11.3
203994,Jusuf Nurkić,PHX,2023-24,november,Rim Runner,Big,18.4,19.5,24.705882352941178,84,14,27.8,11.2
1626181,Norman Powell,LAC,2023-24,november,Role Player,Role,17.3,6.4,46.83544303797469,76,14,23.3,11.2
203484,Kentavious Caldwell-Pope,DEN,2023-24,november,Role Player,Role,13.3,11.0,43.52941176470589,77,15,34.2,11.2
1629675,Naz Reid,MIN,2023-24,november,Role Player,Role,20.9,4.8,46.98795180722891,81,15,20.4,11.2
1628971,Bruce Brown,TOR,2023-24,november,Role Player,Role,14.2,11.2,37.362637362637365,76,14,31.4,10.9
1630573,Sam Hauser,BOS,2023-24,november,Movement Shooter,Shooter,14.7,6.1,89.33333333333333,79,15,24.0,10.9
1626171,Bobby Portis,MIL,2023-24,november,Rim Runner,Big,19.1,5.8,27.83505154639176,82,16,24.8,10.8
203991,Clint Capela,ATL,2023-24,november,Rim Runner,Big,15.3,4.9,0.0,82,14,23.8,10.7
200768,Kyle Lowry,PHI,2023-24,november,Role Player,Role,14.3,20.6,66.66666666666667,72,14,28.9,10.7
1627936,Alex Caruso,CHI,2023-24,november,3&D Wing,Wing,16.4,14.3,56.71641791044776,77,13,23.9,10.5
1641718,Keyonte George,UTA,2023-24,november,Secondary Ball Handler,Secondary,20.2,28.4,52.57731958762887,76,15,27.2,10.5
1627827,Dorian Finney-Smith,BKN,2023-24,november,Role Player,Role,12.7,5.8,65.51724137931035,79,15,31.6,10.5
1630191,Isaiah Stewart,DET,2023-24,november,Role Player,Role,14.9,5.7,47.12643678160919,80,15,30.7,10.5
1626196,Josh Richardson,MIA,2023-24,november,Role Player,Role,15.8,16.9,50.0,77,15,28.2,10.5
1630208,Nick Richards,CHA,2023-24,november,Anchor Big,Big,16.3,2.2,0.0,84,8,18.1,10.3
201144,Mike Conley,MIN,2023-24,november,Role Player,Role,13.6,30.4,63.63636363636363,72,15,29.2,10.1
1626145,Tyus Jones,WAS,2023-24,november,3&D Wing,Wing,15.4,21.5,28.571428571428577,73,15,26.7,10.1
1628963,Marvin Bagley III,WAS,2023-24,november,Rim Runner,Big,21.5,9.6,2.739726027397261,82,14,19.2,10.1
203110,Draymond Green,GSW,2023-24,november,Role Player,Role,15.8,30.5,43.28358208955223,78,9,24.4,10.0
1631105,Jalen Duren,DET,2023-24,november,Anchor Big,Big,17.4,13.5,3.614457831325301,82,8,27.6,10.0
1630557,Corey Kispert,WAS,2023-24,november,Role Player,Role,17.5,10.5,63.1578947368421,78,14,22.1,9.9
1628997,Caleb Martin,MIA,2023-24,november,Role Player,Role,21.3,10.2,36.55913978494623,77,8,21.8,9.9
1630174,Aaron Nesmith,IND,2023-24,november,Role Player,Role,14.9,5.0,49.27536231884058,78,12,22.5,9.8
1631204,Marcus Sasser,DET,2023-24,november,Role Player,Role,18.3,23.7,46.98795180722891,74,15,21.1,9.7
1630165,Killian Hayes,DET,2023-24,november,Role Player,Role,15.0,23.8,30.58823529411765,77,14,26.2,9.7
1629652,Luguentz Dort,OKC,2023-24,november,3&D Wing,Wing,13.9,5.8,56.94444444444444,76,14,27.7,9.7
203935,Marcus Smart,MEM,2023-24,november,Role Player,Role,20.2,23.2,47.0,75,7,28.4,9.7
1630346,Matt Ryan,NOP,2023-24,november,Role Player,Role,13.9,4.5,78.33333333333333,78,10,23.1,9.7
1630188,Jalen Smith,IND,2023-24,november,Role Player,Role,18.3,7.8,26.0,81,11,15.3,9.6
1629655,Daniel Gafford,DAL,2023-24,november,Rim Runner,Big,13.3,8.5,0.0,82,14,25.0,9.5
1630230,Naji Marshall,NOP,2023-24,november,Role Player,Role,17.1,15.8,44.776119402985074,78,10,21.8,9.4
1630183,Jaden McDaniels,MIN,2023-24,november,Role Player,Role,15.5,6.5,36.986301369863014,81,10,23.6,9.3
1630219,Skylar Mays,LAL,2023-24,november,Role Player,Role,19.8,36.1,38.20224719101123,75,11,22.8,9.3
1628978,Donte DiVincenzo,NYK,2023-24,november,Movement Shooter,Shooter,18.0,10.0,69.73684210526316,76,14,21.1,9.2
1629684,Grant Williams,CHA,2023-24,november,Role Player,Role,13.0,8.3,70.27027027027027,78,14,28.1,9.2
1631128,Christian Braun,DEN,2023-24,november,Role Player,Role,17.6,11.3,20.547945205479454,78,15,20.6,9.1
1627777,Georges Niang,CLE,2023-24,november,Role Player,Role,15.8,7.3,58.108108108108105,79,15,22.7,9.0
203109,Jae Crowder,MIL,2023-24,november,Role Player,Role,9.6,7.1,75.47169811320755,78,6,27.1,9.0
1628379,Luke Kennard,MEM,2023-24,november,Movement Shooter,Shooter,15.3,13.5,77.63157894736842,77,7,22.5,9.0
1630168,Onyeka Okongwu,ATL,2023-24,november,Rim Runner,Big,13.7,6.6,20.338983050847457,82,14,23.5,9.0
202692,Alec Burks,NYK,2023-24,november,Role Player,Role,22.8,16.0,63.291139240506325,77,9,17.3,8.9
1629659,Talen Horton-Tucker,UTA,2023-24,november,Role Player,Role,21.9,29.1,42.85714285714286,76,15,22.1,8.9
1641731,Bilal Coulibaly,WAS,2023-24,november,Role Player,Role,12.5,8.1,45.0,80,14,26.9,8.9
1628995,Kevin Knox II,POR,2023-24,november,Role Player,Role,15.2,3.4,51.47058823529412,79,6,20.7,8.8
1631223,David Roddy,PHX,2023-24,november,Role Player,Role,17.2,4.6,43.20987654320988,76,13,23.1,8.7
1627884,Derrick Jones Jr.,DAL,2023-24,november,3&D Wing,Wing,13.6,6.5,58.46153846153845,78,14,23.5,8.6
1626220,Royce O'Neale,PHX,2023-24,november,3&D Wing,Wing,12.3,16.1,86.66666666666667,78,14,30.0,8.6
1628404,Josh Hart,NYK,2023-24,november,3&D Wing,Wing,12.0,13.7,41.891891891891895,76,14,30.1,8.5
1631117,Walker Kessler,UTA,2023-24,november,Anchor Big,Big,15.4,7.0,11.842105263157896,84,8,24.6,8.5
1630172,Patrick Williams,CHI,2023-24,november,3&D Wing,Wing,16.0,6.2,42.465753424657535,79,16,25.1,8.4
1631103,Malaki Branham,SAS,2023-24,november,Role Player,Role,17.6,14.7,41.463414634146346,76,14,22.1,8.4
1630533,Ziaire Williams,MEM,2023-24,november,3&D Wing,Wing,19.0,11.1,45.45454545454545,81,12,20.2,8.4
1630587,Isaiah Livers,DET,2023-24,november,3&D Wing,Wing,17.3,8.2,66.66666666666667,78,5,24.2,8.4
1630703,Scoot Henderson,POR,2023-24,november,Role Player,Role,24.7,31.5,40.0,75,5,21.5,8.4
1629629,Cam Reddish,LAL,2023-24,november,Role Player,Role,13.0,6.1,48.52941176470589,79,12,27.6,8.3
101108,Chris Paul,GSW,2023-24,november,Role Player,Role,13.8,37.3,48.57142857142857,72,14,25.9,8.3
1630700,Dyson Daniels,NOP,2023-24,november,Role Player,Role,14.2,17.9,44.15584415584416,79,16,28.5,8.2
1629048,Goga Bitadze,ORL,2023-24,november,Anchor Big,Big,13.0,10.2,3.508771929824561,82,13,23.8,8.2
201568,Danilo Gallinari,MIL,2023-24,november,Stretch Big,Big,19.2,15.0,47.45762711864406,82,13,15.8,8.1
1629013,Landry Shamet,WAS,2023-24,november,3&D Wing,Wing,18.0,11.5,62.121212121212125,76,14,16.8,8.0
1627752,Taurean Prince,LAL,2023-24,november,3&D Wing,Wing,12.3,7.0,53.24675324675325,78,14,30.2,8.0
1641726,Dereck Lively II,DAL,2023-24,november,Rim Runner,Big,11.1,7.9,3.8461538461538463,85,12,25.3,7.9
1629234,Drew Eubanks,PHX,2023-24,november,Anchor Big,Big,15.8,11.0,4.0,82,13,18.1,7.7
1629614,Andrew Nembhard,IND,2023-24,november,Role Player,Role,18.5,25.6,34.285714285714285,76,11,18.0,7.6
203482,Kelly Olynyk,TOR,2023-24,november,Stretch Big,Big,14.0,22.9,40.42553191489361,83,15,21.5,7.5
1630541,Moses Moody,GSW,2023-24,november,3&D Wing,Wing,16.6,8.9,46.666666666666664,77,15,17.8,7.5
1630577,Julian Champagnie,SAS,2023-24,november,3&D Wing,Wing,18.6,9.2,70.58823529411765,79,9,18.0,7.4
1629638,Nickeil Alexander-Walker,MIN,2023-24,november,Role Player,Role,13.1,16.7,64.06249999999999,77,15,23.9,7.4
202687,Bismack Biyombo,OKC,2023-24,november,Role Player,Role,11.4,10.1,0.0,80,12,26.3,7.3
203914,Gary Harris,ORL,2023-24,november,3&D Wing,Wing,11.7,12.4,76.92307692307692,76,9,21.7,7.3
201143,Al Horford,BOS,2023-24,november,Role Player,Role,10.6,15.8,68.96551724137932,81,13,26.7,7.2
1630173,Precious Achiuwa,NYK,2023-24,november,Role Player,Role,19.3,20.5,28.333333333333332,80,10,17.1,7.2
1631323,Simone Fontecchio,DET,2023-24,november,Movement Shooter,Shooter,15.9,8.8,70.6896551724138,79,15,17.6,7.2
1630200,Tre Jones,SAS,2023-24,november,Role Player,Role,16.3,28.6,27.027027027027025,73,11,23.5,7.2
1630202,Payton Pritchard,BOS,2023-24,november,Role Player,Role,14.2,18.2,58.730158730158735,73,15,21.5,7.1
201567,Kevin Love,MIA,2023-24,november,Role Player,Role,19.2,18.9,70.17543859649122,80,10,16.3,7.1
1641764,Brandin Podziemski,GSW,2023-24,november,Role Player,Role,16.7,19.4,43.10344827586207,76,12,16.9,7.1
1626224,Cedi Osman,SAS,2023-24,november,Role Player,Role,15.3,10.3,59.01639344262296,79,14,18.6,7.0
1626174,Christian Wood,LAL,2023-24,november,Role Player,Role,16.2,4.7,45.76271186440678,80,16,21.0,7.0
1631133,Jabari Walker,POR,2023-24,november,Role Player,Role,18.0,6.4,33.84615384615385,79,14,17.8,7.0
203937,Kyle Anderson,MIN,2023-24,november,Role Player,Role,14.1,24.9,11.320754716981131,81,15,23.7,6.9
1629312,Haywood Highsmith,MIA,2023-24,november,Role Player,Role,13.3,9.3,58.620689655172406,77,14,23.6,6.9
201587,Nicolas Batum,PHI,2023-24,november,3&D Wing,Wing,7.7,7.3,80.0,80,10,25.4,6.9
1629642,Nassir Little,PHX,2023-24,november,Role Player,Role,15.2,8.0,55.55555555555556,78,8,15.3,6.9
1630631,Jose Alvarado,NOP,2023-24,november,Secondary Ball Handler,Secondary,21.2,19.7,49.23076923076923,72,6,15.9,6.8
1630549,Day'Ron Sharpe,BKN,2023-24,november,Role Player,Role,16.0,6.7,6.382978723404255,81,15,16.6,6.8
1630534,Ochai Agbaji,TOR,2023-24,november,Role Player,Role,11.6,7.9,68.62745098039215,77,15,21.5,6.8
1631106,Tari Eason,HOU,2023-24,november,3&D Wing,Wing,17.0,6.4,27.868852459016395,80,9,17.6,6.8
1629611,Terance Mann,LAC,2023-24,november,Role Player,Role,11.8,10.6,39.68253968253968,77,12,26.9,6.8
1641717,Cason Wallace,OKC,2023-24,november,3&D Wing,Wing,10.9,8.4,40.42553191489361,75,14,22.5,6.7
203926,Doug McDermott,IND,2023-24,november,3&D Wing,Wing,14.2,15.4,75.51020408163265,78,13,17.4,6.6
1629680,Matisse Thybulle,POR,2023-24,november,Role Player,Role,10.7,7.1,77.55102040816325,77,14,23.7,6.6
1628988,Aaron Holiday,HOU,2023-24,november,3&D Wing,Wing,13.0,14.8,51.85185185185185,72,13,19.5,6.5
1630245,Ayo Dosunmu,CHI,2023-24,november,Role Player,Role,14.1,15.3,44.680851063829785,77,14,18.3,6.5
1628464,Daniel Theis,LAC,2023-24,november,Role Player,Role,19.0,12.0,13.114754098360656,80,9,15.7,6.4
1630256,Jae'Sean Tate,HOU,2023-24,november,Role Player,Role,12.5,11.7,45.09803921568628,76,12,19.3,6.4
1628372,Dennis Smith Jr.,BKN,2023-24,november,Role Player,Role,17.5,28.4,29.687499999999993,75,8,18.6,6.4
1628966,Keita Bates-Diop,BKN,2023-24,november,Role Player,Role,12.8,6.6,38.88888888888889,80,14,20.8,6.3
1641739,Toumani Camara,POR,2023-24,november,3&D Wing,Wing,11.1,5.5,53.06122448979592,79,14,25.2,6.3
1629011,Mitchell Robinson,NYK,2023-24,november,Rim Runner,Big,9.1,2.2,0.0,84,14,30.3,6.2
1629656,Quentin Grimes,DET,2023-24,november,Role Player,Role,12.2,8.3,83.60655737704919,77,12,23.0,6.2
1630558,Davion Mitchell,SAC,2023-24,november,Role Player,Role,16.0,25.4,60.0,72,11,17.9,6.0
1630182,Josh Green,DAL,2023-24,november,3&D Wing,Wing,11.3,12.2,65.45454545454545,77,14,23.6,6.0
1630201,Malachi Flynn,DET,2023-24,november,Role Player,Role,13.8,17.8,60.7843137254902,73,15,18.6,6.0
1630692,Jordan Goodwin,MEM,2023-24,november,3&D Wing,Wing,15.9,20.0,54.71698113207547,76,14,15.6,5.9
1626166,Cameron Payne,PHI,2023-24,november,Role Player,Role,13.9,18.8,58.333333333333336,75,16,18.0,5.8
1626153,Delon Wright,MIA,2023-24,november,Role Player,Role,12.8,25.0,52.94117647058824,77,5,16.8,5.8
1629026,Kenrich Williams,OKC,2023-24,november,3&D Wing,Wing,11.7,16.2,43.90243902439025,78,8,17.4,5.8
1629006,Josh Okogie,PHX,2023-24,november,3&D Wing,Wing,13.1,7.9,45.238095238095234,76,14,19.5,5.6
1626192,Pat Connaughton,MIL,2023-24,november,Role Player,Role,10.1,10.6,65.95744680851064,77,15,23.3,5.6
1629003,Shake Milton,NYK,2023-24,november,Role Player,Role,17.9,12.8,37.5,77,15,15.4,5.6
204060,Joe Ingles,ORL,2023-24,november,Role Player,Role,11.5,21.6,61.36363636363637,81,14,19.9,5.6
1630699,MarJon Beauchamp,MIL,2023-24,november,Role Player,Role,15.1,8.7,48.93617021276595,79,13,16.2,5.5
1626172,Kevon Looney,GSW,2023-24,november,Role Player,Role,9.7,18.5,0.0,81,15,22.5,5.3
1641710,Anthony Black,ORL,2023-24,november,Role Player,Role,11.9,9.4,36.36363636363637,79,14,20.9,5.1
203496,Robert Covington,PHI,2023-24,november,Role Player,Role,11.5,5.4,53.846153846153854,79,15,17.1,5.1
1627780,Gary Payton II,GSW,2023-24,november,Role Player,Role,13.1,7.3,29.54545454545454,74,10,16.3,5.0
1631108,Max Christie,LAL,2023-24,november,Role Player,Role,13.7,7.7,46.938775510204074,77,14,18.7,4.9
1631121,Bryce McGowens,CHA,2023-24,november,Role Player,Role,12.5,8.3,68.57142857142857,78,12,15.7,4.9
1628392,Isaiah Hartenstein,NYK,2023-24,november,Rim Runner,Big,12.5,7.1,2.777777777777778,84,14,16.6,4.8
1631367,Jacob Gilyard,BKN,2023-24,november,Role Player,Role,9.7,26.5,91.66666666666666,68,12,19.0,4.6
1628470,Torrey Craig,CHI,2023-24,november,Role Player,Role,10.7,7.9,52.27272727272726,77,16,21.4,4.4
1629139,Yuta Watanabe,MEM,2023-24,november,Role Player,Role,12.0,4.2,80.95238095238095,81,10,18.1,4.3
203939,Dwight Powell,DAL,2023-24,november,Rim Runner,Big,8.7,13.1,0.0,82,14,15.2,4.3
1630171,Isaac Okoro,CLE,2023-24,november,3&D Wing,Wing,9.9,7.2,30.303030303030305,77,6,19.3,3.8
1630550,JT Thor,CHA,2023-24,november,Role Player,Role,9.8,3.6,54.545454545454554,81,14,15.5,3.6
201976,Patrick Beverley,MIL,2023-24,november,Role Player,Role,10.5,18.8,61.76470588235294,74,15,17.1,3.5
202397,Ish Smith,CHA,2023-24,november,Role Player,Role,11.6,20.5,7.142857142857144,72,11,15.9,3.2
1629723,John Konchar,MEM,2023-24,november,3&D Wing,Wing,9.4,15.3,54.285714285714285,77,10,17.1,2.9
1629731,Dean Wade,CLE,2023-24,november,3&D Wing,Wing,6.7,5.1,100.0,81,10,18.5,2.6
203954,Joel Embiid,PHI,2023-24,december,Versatile Big,Big,41.2,27.5,12.236286919831224,84,9,33.5,40.2
1629029,Luka Dončić,DAL,2023-24,december,Primary Initiator,Primary,36.7,46.0,44.230769230769226,79,13,39.5,37.5
203507,Giannis Antetokounmpo,MIL,2023-24,december,Versatile Big,Big,31.7,29.1,6.914893617021277,83,13,35.6,32.5
1628983,Shai Gilgeous-Alexander,OKC,2023-24,december,Primary Initiator,Primary,30.8,28.1,15.609756097560975,78,13,35.2,31.9
1629027,Trae Young,ATL,2023-24,december,Primary Initiator,Primary,31.1,48.9,49.05660377358491,73,13,37.4,30.4
202695,Kawhi Leonard,LAC,2023-24,december,Secondary Ball Handler,Secondary,25.9,17.8,29.775280898876407,79,9,35.3,29.3
1628368,De'Aaron Fox,SAC,2023-24,december,Primary Initiator,Primary,32.9,27.6,42.99065420560748,75,13,34.5,29.3
1628378,Donovan Mitchell,CLE,2023-24,december,Primary Initiator,Primary,30.2,26.7,42.85714285714286,75,9,37.8,28.6
203076,Anthony Davis,LAL,2023-24,december,Anchor Big,Big,28.3,14.4,8.080808080808081,82,13,36.5,28.5
1629014,Anfernee Simons,POR,2023-24,december,Primary Initiator,Primary,29.9,26.3,46.26168224299066,75,10,34.9,28.0
201142,Kevin Durant,PHX,2023-24,december,Versatile Big,Big,27.0,27.6,24.043715846994537,83,12,37.5,27.9
203944,Julius Randle,NYK,2023-24,december,Role Player,Role,28.4,16.8,20.105820105820108,80,14,36.5,27.6
1626164,Devin Booker,PHX,2023-24,december,Primary Initiator,Primary,28.2,31.6,28.35051546391753,78,13,37.7,26.9
1628973,Jalen Brunson,NYK,2023-24,december,Primary Initiator,Primary,29.0,27.9,27.77777777777778,74,14,36.1,26.9
1630217,Desmond Bane,MEM,2023-24,december,Primary Initiator,Primary,28.1,26.1,45.07772020725388,77,14,34.8,26.4
2544,LeBron James,LAL,2023-24,december,Primary Initiator,Primary,29.0,41.6,25.906735751295333,81,12,35.4,26.3
203081,Damian Lillard,MIL,2023-24,december,Role Player,Role,26.4,24.7,51.74418604651163,74,13,35.5,26.3
1629639,Tyler Herro,MIA,2023-24,december,Role Player,Role,29.8,19.7,40.59405940594059,77,6,35.1,26.0
1628369,Jayson Tatum,BOS,2023-24,december,Role Player,Role,28.5,18.8,43.81443298969073,80,12,36.4,25.8
1630162,Anthony Edwards,MIN,2023-24,december,Secondary Ball Handler,Secondary,32.6,25.2,35.05154639175258,76,11,33.9,25.7
1630595,Cade Cunningham,DET,2023-24,december,Primary Initiator,Primary,28.4,32.9,26.881720430107524,78,13,35.5,25.2
1629630,Ja Morant,MEM,2023-24,december,Primary Initiator,Primary,30.5,37.9,24.0,74,6,35.5,25.2
1631094,Paolo Banchero,ORL,2023-24,december,Versatile Big,Big,31.0,23.3,21.5,82,14,35.5,25.0
1627783,Pascal Siakam,IND,2023-24,december,Role Player,Role,25.3,21.5,17.575757575757574,80,13,35.9,24.8
1630178,Tyrese Maxey,PHI,2023-24,december,Secondary Ball Handler,Secondary,26.9,24.6,42.931937172774866,74,13,35.9,24.8
1629636,Darius Garland,CLE,2023-24,december,Primary Initiator,Primary,28.4,28.0,33.33333333333333,73,6,35.6,24.5
201939,Stephen Curry,GSW,2023-24,december,Movement Shooter,Shooter,28.0,22.1,58.333333333333336,74,13,33.8,24.5
1627759,Jaylen Brown,BOS,2023-24,december,Secondary Ball Handler,Secondary,28.1,17.2,27.77777777777778,78,13,32.9,24.4
1626179,Terry Rozier,MIA,2023-24,december,Role Player,Role,27.8,35.5,43.22916666666667,73,12,35.7,24.3
1630567,Scottie Barnes,TOR,2023-24,december,Role Player,Role,25.4,24.6,38.50574712643679,79,13,35.8,23.8
201942,DeMar DeRozan,CHI,2023-24,december,Role Player,Role,24.6,25.3,16.57142857142857,78,14,38.6,23.7
1628374,Lauri Markkanen,UTA,2023-24,december,Stretch Big,Big,24.6,12.9,51.87500000000001,84,8,31.0,23.0
1628991,Jaren Jackson Jr.,MEM,2023-24,december,Anchor Big,Big,27.1,8.0,30.967741935483872,82,15,31.5,22.8
203999,Nikola Jokić,DEN,2023-24,december,Versatile Big,Big,26.5,37.9,14.465408805031446,83,15,33.4,22.7
1629632,Coby White,CHI,2023-24,december,Secondary Ball Handler,Secondary,23.9,22.2,45.97701149425288,77,14,38.1,22.6
1628398,Kyle Kuzma,WAS,2023-24,december,Role Player,Role,30.8,16.9,40.211640211640216,81,14,31.7,22.6
1627742,Brandon Ingram,NOP,2023-24,december,Role Player,Role,26.7,25.1,22.151898734177212,80,14,34.1,22.6
1630532,Franz Wagner,ORL,2023-24,december,Versatile Big,Big,25.6,22.0,25.287356321839084,82,14,36.0,22.5
204001,Kristaps Porziņģis,BOS,2023-24,december,Stretch Big,Big,26.3,5.9,43.15068493150685,86,8,31.3,22.0
202331,Paul George,LAC,2023-24,december,Role Player,Role,26.2,16.3,45.08670520231214,80,11,33.2,22.0
203924,Jerami Grant,POR,2023-24,december,Role Player,Role,23.4,15.1,33.55263157894737,79,9,34.8,21.6
1628389,Bam Adebayo,MIA,2023-24,december,Role Player,Role,27.2,21.3,1.30718954248366,81,6,35.4,21.5
1627750,Jamal Murray,DEN,2023-24,december,Secondary Ball Handler,Secondary,27.2,26.7,35.36585365853659,76,12,29.8,21.5
1627749,Dejounte Murray,ATL,2023-24,december,Role Player,Role,23.4,21.8,38.63636363636363,77,14,34.8,21.4
1630169,Tyrese Haliburton,IND,2023-24,december,Role Player,Role,24.7,53.8,50.588235294117645,77,12,34.5,21.4
1630578,Alperen Sengun,HOU,2023-24,december,Versatile Big,Big,27.2,24.8,12.17948717948718,83,14,31.4,21.2
1629012,Collin Sexton,UTA,2023-24,december,Secondary Ball Handler,Secondary,26.6,24.2,30.28169014084507,75,14,28.4,21.1
1629627,Zion Williamson,NOP,2023-24,december,Role Player,Role,25.7,22.8,3.076923076923077,78,12,29.6,20.4
1628401,Derrick White,BOS,2023-24,december,Secondary Ball Handler,Secondary,21.0,22.1,55.79710144927537,76,14,33.0,20.3
1627734,Domantas Sabonis,SAC,2023-24,december,Versatile Big,Big,22.8,34.8,7.913669064748202,82,14,34.4,20.3
1628969,Mikal Bridges,BKN,2023-24,december,Role Player,Role,25.2,16.1,33.5483870967742,78,15,33.0,20.3
203992,Bogdan Bogdanović,ATL,2023-24,december,Secondary Ball Handler,Secondary,23.8,14.1,58.62068965517242,77,12,31.4,20.1
1626157,Karl-Anthony Towns,MIN,2023-24,december,Rim Runner,Big,25.6,13.8,28.776978417266186,84,12,31.7,20.1
201935,James Harden,LAC,2023-24,december,Secondary Ball Handler,Secondary,22.2,35.6,55.645161290322584,77,13,34.7,20.0
1630560,Cam Thomas,BKN,2023-24,december,Secondary Ball Handler,Secondary,30.0,13.5,30.635838150289015,75,15,28.8,19.7
202710,Jimmy Butler III,MIA,2023-24,december,Role Player,Role,24.3,24.9,8.823529411764707,79,9,33.5,19.7
202711,Bojan Bogdanovic,NYK,2023-24,december,Role Player,Role,23.3,11.7,48.34437086092716,79,13,34.2,19.6
203501,Tim Hardaway Jr.,DAL,2023-24,december,Movement Shooter,Shooter,25.0,8.9,58.18181818181818,77,13,31.3,19.4
1626167,Myles Turner,IND,2023-24,december,Rim Runner,Big,23.1,3.9,31.707317073170728,83,13,28.6,19.2
203468,CJ McCollum,NOP,2023-24,december,Secondary Ball Handler,Secondary,21.7,19.9,51.35135135135135,75,13,33.6,19.0
1627832,Fred VanVleet,HOU,2023-24,december,Role Player,Role,20.1,30.2,49.30555555555555,72,14,38.1,18.9
1628970,Miles Bridges,CHA,2023-24,december,Role Player,Role,24.9,13.4,40.659340659340664,79,12,36.3,18.8
1631114,Jalen Williams,OKC,2023-24,december,Secondary Ball Handler,Secondary,22.9,18.6,24.63768115942029,77,13,30.5,18.8
1629640,Keldon Johnson,SAS,2023-24,december,Role Player,Role,23.6,16.9,39.16083916083915,77,13,32.2,18.5
202691,Klay Thompson,GSW,2023-24,december,Movement Shooter,Shooter,22.8,9.0,65.51724137931035,78,13,30.9,18.2
1641705,Victor Wembanyama,SAS,2023-24,december,Versatile Big,Big,28.7,21.0,28.37837837837838,88,10,28.6,18.1
1630170,Devin Vassell,SAS,2023-24,december,Role Player,Role,22.6,15.7,49.03225806451613,77,14,32.1,18.1
202696,Nikola Vučević,CHI,2023-24,december,Rim Runner,Big,24.6,17.8,28.31325301204819,82,11,33.4,17.7
1629628,RJ Barrett,TOR,2023-24,december,Role Player,Role,26.3,11.8,32.236842105263165,78,13,29.5,17.6
1631096,Chet Holmgren,OKC,2023-24,december,Anchor Big,Big,21.1,10.4,32.786885245901644,85,13,29.7,17.4
203114,Khris Middleton,MIL,2023-24,december,Secondary Ball Handler,Secondary,22.7,25.5,36.56716417910448,79,12,30.0,17.3
1630559,Austin Reaves,LAL,2023-24,december,Secondary Ball Handler,Secondary,22.1,25.5,46.280991735537185,77,14,28.7,17.3
1631099,Keegan Murray,SAC,2023-24,december,Role Player,Role,19.5,5.7,50.3875968992248,80,14,31.9,17.2
1629673,Jordan Poole,WAS,2023-24,december,Secondary Ball Handler,Secondary,24.7,18.7,46.09929078014184,76,14,29.4,17.1
1629631,De'Andre Hunter,ATL,2023-24,december,Role Player,Role,19.4,5.7,32.0,80,6,31.2,16.3
1627747,Caris LeVert,CLE,2023-24,december,Secondary Ball Handler,Secondary,27.2,25.5,42.857142857142854,78,8,26.9,16.3
1631170,Jaime Jaquez Jr.,MIA,2023-24,december,Role Player,Role,20.1,12.2,22.950819672131143,78,13,33.6,16.1
202699,Tobias Harris,PHI,2023-24,december,Role Player,Role,19.4,14.5,26.77165354330709,80,14,32.9,15.9
1631105,Jalen Duren,DET,2023-24,december,Rim Runner,Big,15.4,7.4,0.0,82,5,33.4,15.8
202685,Jonas Valančiūnas,NOP,2023-24,december,Post Scorer,Big,19.9,10.7,17.92452830188679,83,14,29.8,15.8
202330,Gordon Hayward,OKC,2023-24,december,Role Player,Role,20.5,21.9,20.18348623853211,79,9,31.2,15.7
1631101,Shaedon Sharpe,POR,2023-24,december,Role Player,Role,19.8,14.7,48.8,77,8,31.5,15.6
1641706,Brandon Miller,CHA,2023-24,december,Secondary Ball Handler,Secondary,23.2,12.2,43.88489208633093,79,12,32.0,15.5
1628370,Malik Monk,SAC,2023-24,december,Secondary Ball Handler,Secondary,22.9,32.9,56.52173913043478,75,13,25.7,15.5
1628384,OG Anunoby,NYK,2023-24,december,Role Player,Role,17.1,12.8,48.333333333333336,79,12,34.8,15.3
203957,Danté Exum,DAL,2023-24,december,Role Player,Role,16.9,18.6,35.71428571428571,77,13,31.1,15.3
1628386,Jarrett Allen,CLE,2023-24,december,Role Player,Role,17.9,15.5,1.020408163265306,81,13,30.8,15.2
203994,Jusuf Nurkić,PHX,2023-24,december,Rim Runner,Big,24.2,14.5,18.699186991869915,84,12,28.9,15.2
1626171,Bobby Portis,MIL,2023-24,december,Rim Runner,Big,20.1,5.7,32.407407407407405,82,13,24.9,15.2
1626145,Tyus Jones,WAS,2023-24,december,3&D Wing,Wing,16.4,28.7,39.42307692307692,73,14,29.4,15.0
1630703,Scoot Henderson,POR,2023-24,december,Role Player,Role,25.8,26.7,28.26086956521739,75,13,28.3,14.9
1627763,Malcolm Brogdon,POR,2023-24,december,Role Player,Role,18.3,25.9,51.78571428571429,76,11,28.7,14.9
1629659,Talen Horton-Tucker,UTA,2023-24,december,Role Player,Role,26.1,27.7,32.45614035087719,76,10,22.2,14.9
1630224,Jalen Green,HOU,2023-24,december,Role Player,Role,25.7,15.6,44.776119402985074,76,14,28.3,14.9
1628960,Grayson Allen,PHX,2023-24,december,Role Player,Role,14.0,10.0,58.94736842105262,76,11,34.7,14.8
1630530,Trey Murphy III,NOP,2023-24,december,Role Player,Role,18.5,8.8,63.106796116504846,80,12,27.0,14.8
1629661,Cameron Johnson,BKN,2023-24,december,Role Player,Role,17.4,10.4,53.21100917431192,80,14,28.8,14.7
1629130,Duncan Robinson,MIA,2023-24,december,Movement Shooter,Shooter,18.8,19.4,64.76190476190476,79,13,29.0,14.7
1631097,Bennedict Mathurin,IND,2023-24,december,Secondary Ball Handler,Secondary,23.1,11.0,36.11111111111111,77,14,25.5,14.6
1626181,Norman Powell,LAC,2023-24,december,Role Player,Role,18.6,4.4,45.28301886792453,76,13,28.0,14.6
203903,Jordan Clarkson,UTA,2023-24,december,Role Player,Role,27.7,30.6,41.6058394160584,75,6,25.9,14.5
1629008,Michael Porter Jr.,DEN,2023-24,december,Stretch Big,Big,18.6,5.2,48.7603305785124,82,15,31.3,14.3
203915,Spencer Dinwiddie,LAL,2023-24,december,Role Player,Role,20.2,28.6,48.06201550387597,77,14,32.7,14.3
1630228,Jonathan Kuminga,GSW,2023-24,december,Secondary Ball Handler,Secondary,21.6,9.2,27.55102040816326,79,13,24.4,14.2
203932,Aaron Gordon,DEN,2023-24,december,Role Player,Role,17.4,13.3,13.684210526315791,80,12,29.5,14.2
1630172,Patrick Williams,CHI,2023-24,december,3&D Wing,Wing,16.1,8.1,35.57692307692308,79,14,33.0,14.1
201950,Jrue Holiday,BOS,2023-24,december,Role Player,Role,15.8,15.6,42.056074766355145,76,13,34.8,14.1
1629622,Max Strus,CLE,2023-24,december,Role Player,Role,20.0,15.6,70.28985507246375,77,13,34.1,14.1
1629675,Naz Reid,MIN,2023-24,december,Role Player,Role,23.2,10.2,53.333333333333336,81,13,23.5,14.1
1630193,Immanuel Quickley,TOR,2023-24,december,Secondary Ball Handler,Secondary,21.4,10.5,52.68817204301075,74,12,22.9,14.0
1630180,Saddiq Bey,ATL,2023-24,december,Role Player,Role,15.6,4.8,54.91803278688525,79,14,36.7,14.0
1631095,Jabari Smith Jr.,HOU,2023-24,december,Rim Runner,Big,17.4,8.4,38.77551020408163,83,13,30.8,13.8
1631093,Jaden Ivey,DET,2023-24,december,Role Player,Role,21.8,15.7,32.142857142857146,76,13,28.9,13.8
201144,Mike Conley,MIN,2023-24,december,Role Player,Role,16.5,30.7,64.44444444444444,72,13,29.8,13.8
203991,Clint Capela,ATL,2023-24,december,Rim Runner,Big,16.5,7.8,0.0,82,13,29.3,13.8
1628415,Dillon Brooks,HOU,2023-24,december,Role Player,Role,18.1,7.5,48.67256637168141,78,12,31.5,13.8
1630174,Aaron Nesmith,IND,2023-24,december,Movement Shooter,Shooter,16.3,5.4,60.67415730337079,78,14,27.8,13.6
1641718,Keyonte George,UTA,2023-24,december,Secondary Ball Handler,Secondary,24.2,28.4,52.83018867924528,76,8,25.8,13.5
203497,Rudy Gobert,MIN,2023-24,december,Anchor Big,Big,15.0,6.1,1.2987012987012987,85,13,32.8,13.5
203078,Bradley Beal,PHX,2023-24,december,Role Player,Role,19.3,20.0,22.727272727272727,76,5,26.1,13.4
1627826,Ivica Zubac,LAC,2023-24,december,Post Scorer,Big,16.6,7.7,0.0,84,13,28.1,13.2
1628978,Donte DiVincenzo,NYK,2023-24,december,Movement Shooter,Shooter,16.9,12.2,76.19047619047619,76,14,22.2,13.1
1629028,Deandre Ayton,POR,2023-24,december,Rim Runner,Big,20.5,6.4,0.0,84,7,31.5,13.0
1627741,Buddy Hield,PHI,2023-24,december,Movement Shooter,Shooter,17.8,10.8,72.11538461538461,76,14,28.6,12.9
1630557,Corey Kispert,WAS,2023-24,december,Role Player,Role,20.7,10.6,62.36559139784945,78,14,22.0,12.9
1629023,P.J. Washington,DAL,2023-24,december,Role Player,Role,21.7,14.8,49.5575221238938,79,11,26.6,12.7
1630175,Cole Anthony,ORL,2023-24,december,Secondary Ball Handler,Secondary,22.6,20.5,35.64356435643565,74,14,23.6,12.7
1629655,Daniel Gafford,DAL,2023-24,december,Anchor Big,Big,15.2,7.9,0.0,82,13,26.6,12.7
1628997,Caleb Martin,MIA,2023-24,december,Role Player,Role,18.3,13.4,32.67326732673268,77,11,30.5,12.6
1627884,Derrick Jones Jr.,DAL,2023-24,december,3&D Wing,Wing,16.9,5.0,51.02040816326531,78,15,28.9,12.5
203952,Andrew Wiggins,GSW,2023-24,december,Role Player,Role,21.2,9.6,28.30188679245283,79,10,25.6,12.5
203471,Dennis Schröder,BKN,2023-24,december,Role Player,Role,16.7,26.3,36.53846153846153,73,13,33.5,12.3
1629652,Luguentz Dort,OKC,2023-24,december,3&D Wing,Wing,15.4,6.0,53.40909090909091,76,12,29.1,12.3
1628381,John Collins,UTA,2023-24,december,Role Player,Role,20.7,3.4,37.755102040816325,81,10,26.0,12.2
1630591,Jalen Suggs,ORL,2023-24,december,Role Player,Role,19.6,13.3,56.98924731182795,77,11,25.4,12.1
1627736,Malik Beasley,MIL,2023-24,december,Role Player,Role,12.2,5.6,70.45454545454545,76,11,31.5,12.1
1627752,Taurean Prince,LAL,2023-24,december,3&D Wing,Wing,13.7,8.8,77.52808988764045,78,14,32.2,12.0
1630183,Jaden McDaniels,MIN,2023-24,december,Role Player,Role,16.3,4.8,33.68421052631579,81,10,30.0,11.9
201569,Eric Gordon,PHX,2023-24,december,3&D Wing,Wing,14.2,8.2,64.8936170212766,75,11,32.7,11.8
1629018,Gary Trent Jr.,TOR,2023-24,december,3&D Wing,Wing,18.3,12.1,59.04761904761905,77,13,26.1,11.7
1629001,De'Anthony Melton,PHI,2023-24,december,Role Player,Role,17.7,10.7,58.82352941176471,75,13,28.8,11.6
201567,Kevin Love,MIA,2023-24,december,Role Player,Role,21.3,21.9,78.2051282051282,80,12,19.5,11.6
1628380,Zach Collins,SAS,2023-24,december,Rim Runner,Big,22.5,17.2,30.107526881720425,83,13,21.5,11.5
1628971,Bruce Brown,TOR,2023-24,december,Role Player,Role,17.3,12.0,28.57142857142857,76,10,29.2,11.5
202704,Reggie Jackson,DEN,2023-24,december,Role Player,Role,24.9,31.9,37.5,74,15,21.0,11.5
1629060,Rui Hachimura,LAL,2023-24,december,3&D Wing,Wing,19.5,6.7,32.6530612244898,80,13,23.7,11.5
1630581,Josh Giddey,OKC,2023-24,december,Secondary Ball Handler,Secondary,22.2,24.5,35.35353535353536,80,12,22.9,11.4
1631106,Tari Eason,HOU,2023-24,december,3&D Wing,Wing,19.3,10.4,26.262626262626267,80,12,24.8,11.4
1630188,Jalen Smith,IND,2023-24,december,Role Player,Role,19.2,7.8,43.74999999999999,81,5,18.2,11.4
1641764,Brandin Podziemski,GSW,2023-24,december,Role Player,Role,15.9,18.2,44.565217391304344,76,13,29.0,11.2
201572,Brook Lopez,MIL,2023-24,december,Stretch Big,Big,13.7,5.9,52.17391304347826,85,13,32.8,11.1
1626162,Kelly Oubre Jr.,PHI,2023-24,december,Role Player,Role,18.5,5.1,49.47368421052632,79,13,24.7,11.1
1628963,Marvin Bagley III,WAS,2023-24,december,Rim Runner,Big,20.5,1.3,2.5641025641025643,82,6,20.1,10.8
1629651,Nic Claxton,BKN,2023-24,december,Anchor Big,Big,14.8,10.6,1.3157894736842106,83,14,27.9,10.6
1631103,Malaki Branham,SAS,2023-24,december,Role Player,Role,17.6,15.5,38.20224719101123,76,14,25.6,10.5
201566,Russell Westbrook,LAC,2023-24,december,Secondary Ball Handler,Secondary,22.7,26.2,25.0,76,13,20.0,10.5
1630166,Deni Avdija,WAS,2023-24,december,Role Player,Role,17.1,18.6,30.58823529411765,81,14,27.2,10.4
1631323,Simone Fontecchio,DET,2023-24,december,Movement Shooter,Shooter,15.1,6.7,63.74999999999999,79,14,26.6,10.4
1630168,Onyeka Okongwu,ATL,2023-24,december,Rim Runner,Big,13.1,8.2,24.657534246575345,82,13,26.6,10.3
1641871,Duop Reath,POR,2023-24,december,Role Player,Role,22.6,8.1,50.632911392405056,81,10,16.6,10.3
1630167,Obi Toppin,IND,2023-24,december,Role Player,Role,14.4,7.6,49.25373134328358,81,14,23.0,10.3
1627936,Alex Caruso,CHI,2023-24,december,3&D Wing,Wing,16.6,15.0,50.0,77,11,24.4,10.3
203084,Harrison Barnes,SAC,2023-24,december,3&D Wing,Wing,12.7,4.3,50.0,80,14,28.4,10.2
1626156,D'Angelo Russell,LAL,2023-24,december,Role Player,Role,19.1,27.5,46.938775510204074,75,12,25.7,10.2
1641726,Dereck Lively II,DAL,2023-24,december,Anchor Big,Big,13.3,4.5,0.0,85,12,27.0,10.1
1630245,Ayo Dosunmu,CHI,2023-24,december,Role Player,Role,15.3,10.5,40.44943820224719,77,14,29.0,10.1
203967,Dario Šarić,GSW,2023-24,december,Stretch Big,Big,20.1,11.1,46.478873239436616,82,13,18.8,9.9
1631110,Jeremy Sochan,SAS,2023-24,december,Role Player,Role,17.4,16.8,30.208333333333332,80,14,29.4,9.9
1626196,Josh Richardson,MIA,2023-24,december,Role Player,Role,14.5,13.0,63.291139240506325,77,8,27.4,9.8
1630529,Herbert Jones,NOP,2023-24,december,Role Player,Role,14.7,10.7,39.50617283950618,79,14,28.2,9.7
1628470,Torrey Craig,CHI,2023-24,december,Role Player,Role,15.0,5.8,62.5,77,7,20.4,9.6
1631218,Trayce Jackson-Davis,GSW,2023-24,december,Role Player,Role,17.0,11.9,0.0,81,9,18.9,9.6
1629021,Moritz Wagner,ORL,2023-24,december,Rim Runner,Big,21.2,9.6,20.28985507246377,83,14,17.7,9.5
1631133,Jabari Walker,POR,2023-24,december,Role Player,Role,15.3,5.4,27.11864406779661,79,13,21.1,9.4
1630171,Isaac Okoro,CLE,2023-24,december,3&D Wing,Wing,12.5,11.8,49.23076923076923,77,13,28.2,9.3
1641731,Bilal Coulibaly,WAS,2023-24,december,Role Player,Role,14.2,10.3,42.1875,80,14,26.2,9.2
1627751,Jakob Poeltl,TOR,2023-24,december,Rim Runner,Big,14.0,12.6,0.0,84,13,25.1,9.1
1631212,Peyton Watson,DEN,2023-24,december,Role Player,Role,15.8,8.9,38.46153846153847,79,15,21.2,9.1
203482,Kelly Olynyk,TOR,2023-24,december,Versatile Big,Big,15.7,36.6,32.35294117647059,83,12,23.5,9.0
1630208,Nick Richards,CHA,2023-24,december,Rim Runner,Big,11.4,5.2,0.0,84,13,27.6,9.0
1631117,Walker Kessler,UTA,2023-24,december,Anchor Big,Big,12.9,5.1,4.838709677419355,84,13,25.4,9.0
1627827,Dorian Finney-Smith,BKN,2023-24,december,Role Player,Role,13.0,5.0,62.33766233766234,79,12,26.3,8.9
200768,Kyle Lowry,PHI,2023-24,december,Role Player,Role,12.4,17.1,69.35483870967741,72,10,29.1,8.9
203083,Andre Drummond,CHI,2023-24,december,Anchor Big,Big,21.1,4.7,0.0,83,14,17.5,8.9
1641733,Nick Smith Jr.,CHA,2023-24,december,Secondary Ball Handler,Secondary,20.7,13.6,56.164383561643824,74,7,17.3,8.9
1630202,Payton Pritchard,BOS,2023-24,december,Role Player,Role,16.3,21.4,73.23943661971832,73,14,20.3,8.9
203484,Kentavious Caldwell-Pope,DEN,2023-24,december,Role Player,Role,11.4,10.5,47.826086956521735,77,13,29.5,8.8
101108,Chris Paul,GSW,2023-24,december,Role Player,Role,13.5,34.3,53.24675324675325,72,11,28.7,8.7
1630200,Tre Jones,SAS,2023-24,december,Role Player,Role,15.9,28.7,30.98591549295775,73,13,22.8,8.7
1630191,Isaiah Stewart,DET,2023-24,december,Role Player,Role,11.7,11.8,40.67796610169491,80,9,29.3,8.7
1629614,Andrew Nembhard,IND,2023-24,december,Role Player,Role,17.7,24.5,27.027027027027025,76,8,23.2,8.6
1630541,Moses Moody,GSW,2023-24,december,3&D Wing,Wing,18.7,4.1,41.53846153846154,77,12,17.9,8.6
1628988,Aaron Holiday,HOU,2023-24,december,3&D Wing,Wing,17.9,11.7,57.35294117647059,72,14,18.3,8.6
1628372,Dennis Smith Jr.,BKN,2023-24,december,Role Player,Role,20.3,30.3,25.0,75,8,20.8,8.5
1630702,Jaden Hardy,DAL,2023-24,december,3&D Wing,Wing,21.1,14.4,54.44444444444445,75,14,19.3,8.5
201143,Al Horford,BOS,2023-24,december,Role Player,Role,10.7,13.1,63.934426229508205,81,11,27.9,8.5
1630583,Santi Aldama,MEM,2023-24,december,Stretch Big,Big,15.6,12.0,55.714285714285715,84,14,22.1,8.4
1629731,Dean Wade,CLE,2023-24,december,3&D Wing,Wing,12.3,5.1,82.25806451612902,81,12,24.1,8.3
1630173,Precious Achiuwa,NYK,2023-24,december,Role Player,Role,21.4,11.9,29.166666666666668,80,12,16.7,8.3
1630534,Ochai Agbaji,TOR,2023-24,december,Role Player,Role,14.2,5.0,50.724637681159415,77,14,22.9,8.2
202692,Alec Burks,NYK,2023-24,december,Role Player,Role,21.2,7.1,58.108108108108105,77,12,16.6,8.2
1641739,Toumani Camara,POR,2023-24,december,3&D Wing,Wing,14.7,4.2,37.17948717948718,79,13,25.5,8.1
1641854,Craig Porter Jr.,CLE,2023-24,december,Role Player,Role,18.2,27.6,17.105263157894736,73,9,20.9,8.0
1627777,Georges Niang,CLE,2023-24,december,Role Player,Role,18.7,7.7,63.74999999999999,79,13,21.5,7.9
1629684,Grant Williams,CHA,2023-24,december,Role Player,Role,12.2,8.2,63.38028169014085,78,13,28.6,7.9
1630549,Day'Ron Sharpe,BKN,2023-24,december,Role Player,Role,18.0,17.2,3.6363636363636367,81,15,17.0,7.9
1629669,Jaylen Nowell,SAC,2023-24,december,Role Player,Role,17.3,14.5,42.66666666666667,76,6,20.5,7.8
204456,T.J. McConnell,IND,2023-24,december,Secondary Ball Handler,Secondary,22.7,49.6,4.411764705882353,73,12,15.5,7.8
202694,Marcus Morris Sr.,CLE,2023-24,december,Role Player,Role,14.2,7.7,41.66666666666667,80,13,19.3,7.8
1629002,Chimezie Metu,DET,2023-24,december,Stretch Big,Big,18.5,5.1,41.07142857142857,82,12,17.2,7.8
1631128,Christian Braun,DEN,2023-24,december,Role Player,Role,16.6,12.5,33.89830508474576,78,15,18.3,7.7
1628436,Luke Kornet,BOS,2023-24,december,Anchor Big,Big,14.7,13.3,0.0,85,6,15.5,7.7
1628989,Kevin Huerter,SAC,2023-24,december,Role Player,Role,16.5,11.7,55.40540540540539,79,14,20.4,7.6
1628464,Daniel Theis,LAC,2023-24,december,Role Player,Role,15.8,3.3,24.0,80,12,17.2,7.6
1630164,James Wiseman,DET,2023-24,december,Rim Runner,Big,14.5,10.1,0.0,83,11,16.8,7.5
1631124,Julian Strawther,DEN,2023-24,december,Role Player,Role,20.9,10.6,61.42857142857142,78,15,16.0,7.5
201976,Patrick Beverley,MIL,2023-24,december,Role Player,Role,15.8,18.4,45.28301886792453,74,13,17.8,7.4
1628404,Josh Hart,NYK,2023-24,december,3&D Wing,Wing,11.6,13.2,40.98360655737705,76,14,28.1,7.4
1631288,Jamal Cain,MIA,2023-24,december,Role Player,Role,17.0,2.9,33.9622641509434,78,6,16.4,7.3
1629048,Goga Bitadze,ORL,2023-24,december,Rim Runner,Big,13.4,10.4,4.166666666666667,82,13,20.8,7.3
203552,Seth Curry,CHA,2023-24,december,Role Player,Role,15.6,8.7,57.14285714285715,73,12,18.6,7.3
1631223,David Roddy,PHX,2023-24,december,Role Player,Role,16.6,9.8,47.887323943661976,76,13,23.1,7.2
1630230,Naji Marshall,NOP,2023-24,december,Role Player,Role,17.7,17.0,46.42857142857144,78,14,17.7,7.2
1628976,Wendell Carter Jr.,ORL,2023-24,december,Rim Runner,Big,13.6,12.6,40.0,82,6,21.4,7.2
1630573,Sam Hauser,BOS,2023-24,december,Movement Shooter,Shooter,12.0,6.8,81.35593220338983,79,14,22.6,7.1
1630198,Isaiah Joe,OKC,2023-24,december,Role Player,Role,15.3,6.0,73.77049180327869,75,13,18.8,7.1
1629599,Amir Coffey,LAC,2023-24,december,Role Player,Role,10.6,5.8,65.99999999999999,79,9,24.0,7.0
1626224,Cedi Osman,SAS,2023-24,december,Role Player,Role,16.0,21.3,44.642857142857146,79,14,17.3,6.9
1628392,Isaiah Hartenstein,NYK,2023-24,december,Anchor Big,Big,9.0,10.1,0.0,84,14,29.2,6.9
1627739,Kris Dunn,UTA,2023-24,december,Role Player,Role,14.2,31.3,37.704918032786885,75,12,22.3,6.9
1629629,Cam Reddish,LAL,2023-24,december,Role Player,Role,12.7,11.0,36.76470588235294,79,11,25.9,6.9
1630165,Killian Hayes,DET,2023-24,december,Role Player,Role,18.5,24.5,11.594202898550725,77,9,22.5,6.9
201145,Jeff Green,HOU,2023-24,december,Role Player,Role,14.9,6.5,20.0,80,13,17.0,6.8
1631246,Vince Williams Jr.,MEM,2023-24,december,Role Player,Role,11.1,10.4,74.54545454545453,76,15,27.0,6.8
1626220,Royce O'Neale,PHX,2023-24,december,3&D Wing,Wing,13.5,18.9,76.27118644067797,78,15,21.1,6.7
201565,Derrick Rose,MEM,2023-24,december,Role Player,Role,22.0,28.7,27.536231884057965,75,7,18.1,6.7
1626168,Trey Lyles,SAC,2023-24,december,Role Player,Role,12.8,10.5,70.58823529411765,81,14,19.2,6.7
1630631,Jose Alvarado,NOP,2023-24,december,Role Player,Role,17.1,14.8,58.490566037735846,72,13,16.3,6.7
203937,Kyle Anderson,MIN,2023-24,december,Role Player,Role,15.9,24.8,14.516129032258066,81,13,22.4,6.6
1629638,Nickeil Alexander-Walker,MIN,2023-24,december,Role Player,Role,12.6,12.6,67.9245283018868,77,13,22.2,6.6
1641709,Ausar Thompson,DET,2023-24,december,Role Player,Role,14.8,10.5,31.03448275862069,78,13,20.1,6.5
1631115,Orlando Robinson,MIA,2023-24,december,Rim Runner,Big,15.5,15.1,26.53061224489796,82,8,18.0,6.5
1641717,Cason Wallace,OKC,2023-24,december,3&D Wing,Wing,12.9,9.3,52.63157894736842,75,13,21.4,6.3
1641710,Anthony Black,ORL,2023-24,december,Role Player,Role,10.4,12.9,37.2093023255814,79,14,23.1,6.3
204060,Joe Ingles,ORL,2023-24,december,Role Player,Role,13.1,26.5,62.79069767441862,81,6,16.7,6.2
1629611,Terance Mann,LAC,2023-24,december,Role Player,Role,13.2,8.6,53.73134328358209,77,13,25.2,6.2
1630194,Paul Reed,PHI,2023-24,december,Role Player,Role,15.3,12.9,13.636363636363637,81,14,16.2,6.1
203914,Gary Harris,ORL,2023-24,december,3&D Wing,Wing,11.5,9.7,65.0,76,12,25.5,6.1
1631121,Bryce McGowens,CHA,2023-24,december,Role Player,Role,12.5,6.2,35.55555555555556,78,13,20.1,5.8
1629680,Matisse Thybulle,POR,2023-24,december,Role Player,Role,9.4,5.9,81.13207547169812,77,13,25.6,5.8
1629656,Quentin Grimes,DET,2023-24,december,Role Player,Role,13.8,7.4,68.62745098039215,77,13,17.1,5.8
1629674,Neemias Queta,BOS,2023-24,december,Rim Runner,Big,13.0,5.6,0.0,84,10,15.4,5.7
1641707,Taylor Hendricks,UTA,2023-24,december,Role Player,Role,15.3,3.6,58.18181818181819,81,10,17.2,5.7
201587,Nicolas Batum,PHI,2023-24,december,3&D Wing,Wing,8.6,14.5,70.0,80,8,23.7,5.6
1626174,Christian Wood,LAL,2023-24,december,Role Player,Role,15.5,11.9,52.63157894736842,80,9,15.3,5.6
203926,Doug McDermott,IND,2023-24,december,3&D Wing,Wing,14.3,7.8,84.44444444444444,78,13,15.0,5.5
1626192,Pat Connaughton,MIL,2023-24,december,Role Player,Role,9.6,10.8,77.77777777777779,77,8,19.4,4.9
1630692,Jordan Goodwin,MEM,2023-24,december,3&D Wing,Wing,15.6,21.9,37.03703703703704,76,12,18.2,4.8
1631108,Max Christie,LAL,2023-24,december,Role Player,Role,13.5,8.2,50.0,77,9,16.9,4.8
1626172,Kevon Looney,GSW,2023-24,december,Role Player,Role,11.1,17.7,0.0,81,13,17.1,4.8
1629234,Drew Eubanks,PHX,2023-24,december,Rim Runner,Big,13.8,5.1,0.0,82,11,15.3,4.7
203488,Mike Muscala,OKC,2023-24,december,Stretch Big,Big,14.6,9.0,57.14285714285714,82,12,15.3,4.6
203200,Justin Holiday,DEN,2023-24,december,Role Player,Role,9.3,10.4,60.526315789473685,78,9,17.5,4.6
1629642,Nassir Little,PHX,2023-24,december,Role Player,Role,11.2,7.1,48.648648648648646,78,11,16.6,4.4
1629723,John Konchar,MEM,2023-24,december,3&D Wing,Wing,11.2,10.2,73.52941176470588,77,12,16.3,4.2
1629312,Haywood Highsmith,MIA,2023-24,december,Role Player,Role,13.4,8.3,70.73170731707317,77,7,16.2,4.1
202687,Bismack Biyombo,OKC,2023-24,december,Role Player,Role,10.4,8.5,0.0,80,14,21.4,3.9
202397,Ish Smith,CHA,2023-24,december,Role Player,Role,12.0,32.7,5.405405405405405,72,13,16.7,3.9
1630214,Xavier Tillman,BOS,2023-24,december,Role Player,Role,14.7,8.6,30.0,79,13,16.9,3.8
1631216,Caleb Houstan,ORL,2023-24,december,Role Player,Role,11.0,2.7,94.73684210526316,80,12,16.5,3.7
1630700,Dyson Daniels,NOP,2023-24,december,Role Player,Role,10.4,9.7,50.0,79,14,15.7,3.6
1630256,Jae'Sean Tate,HOU,2023-24,december,Role Player,Role,9.6,5.8,33.333333333333336,76,13,17.6,3.5
1629006,Josh Okogie,PHX,2023-24,december,3&D Wing,Wing,12.8,10.9,63.1578947368421,76,8,16.2,3.4
1630587,Isaiah Livers,DET,2023-24,december,3&D Wing,Wing,11.7,8.5,72.09302325581396,78,11,18.0,2.9
1629020,Jarred Vanderbilt,LAL,2023-24,december,Role Player,Role,8.9,5.2,32.35294117647059,80,13,17.8,2.6
1629029,Luka Dončić,DAL,2023-24,january,Primary Initiator,Primary,37.0,45.0,39.51612903225807,79,10,38.8,37.1
203954,Joel Embiid,PHI,2023-24,january,Versatile Big,Big,41.3,30.3,15.450643776824032,84,9,33.6,36.3
1628983,Shai Gilgeous-Alexander,OKC,2023-24,january,Primary Initiator,Primary,32.6,30.4,18.229166666666668,78,17,33.8,31.5
203507,Giannis Antetokounmpo,MIL,2023-24,january,Versatile Big,Big,31.0,32.9,9.947643979057592,83,15,36.0,30.8
1626164,Devin Booker,PHX,2023-24,january,Primary Initiator,Primary,30.1,26.2,33.49514563106796,78,16,36.5,30.0
202681,Kyrie Irving,DAL,2023-24,january,Primary Initiator,Primary,30.4,24.6,35.45454545454545,74,10,35.9,28.9
1628973,Jalen Brunson,NYK,2023-24,january,Primary Initiator,Primary,30.0,32.9,34.95145631067961,74,14,35.5,28.9
1628378,Donovan Mitchell,CLE,2023-24,january,Primary Initiator,Primary,33.4,36.1,46.19047619047619,75,13,34.1,28.6
201939,Stephen Curry,GSW,2023-24,january,Primary Initiator,Primary,31.5,26.6,57.28155339805825,74,11,33.6,28.2
1628369,Jayson Tatum,BOS,2023-24,january,Role Player,Role,30.3,22.6,39.45945945945945,80,15,34.0,26.9
203999,Nikola Jokić,DEN,2023-24,january,Versatile Big,Big,28.0,41.2,11.875,83,14,34.0,26.6
1631094,Paolo Banchero,ORL,2023-24,january,Versatile Big,Big,32.8,27.2,26.470588235294123,82,16,36.3,25.8
1626157,Karl-Anthony Towns,MIN,2023-24,january,Rim Runner,Big,28.3,16.6,33.92857142857143,84,17,34.0,25.6
201142,Kevin Durant,PHX,2023-24,january,Rim Runner,Big,25.0,19.5,33.71428571428572,83,13,37.6,25.2
203944,Julius Randle,NYK,2023-24,january,Role Player,Role,30.0,23.6,32.608695652173914,80,14,35.0,24.9
203076,Anthony Davis,LAL,2023-24,january,Rim Runner,Big,25.9,19.3,9.35672514619883,82,14,36.6,24.7
1630162,Anthony Edwards,MIN,2023-24,january,Primary Initiator,Primary,29.9,24.5,31.46067415730337,76,17,35.4,24.7
1630178,Tyrese Maxey,PHI,2023-24,january,Secondary Ball Handler,Secondary,26.6,27.0,42.05128205128205,74,11,37.7,24.5
1628991,Jaren Jackson Jr.,MEM,2023-24,january,Rim Runner,Big,33.2,15.5,33.16326530612245,82,13,32.3,24.1
1641705,Victor Wembanyama,SAS,2023-24,january,Versatile Big,Big,36.0,21.5,29.651162790697672,88,14,26.7,24.0
1628969,Mikal Bridges,BKN,2023-24,january,Role Player,Role,25.9,14.2,49.17127071823204,78,14,37.7,23.8
1629027,Trae Young,ATL,2023-24,january,Primary Initiator,Primary,28.9,42.2,41.711229946524064,73,12,35.6,23.8
1627749,Dejounte Murray,ATL,2023-24,january,Role Player,Role,25.4,23.2,31.182795698924725,77,14,35.5,23.7
2544,LeBron James,LAL,2023-24,january,Role Player,Role,27.8,34.6,27.956989247311824,81,13,35.9,23.6
203081,Damian Lillard,MIL,2023-24,january,Role Player,Role,27.3,25.8,45.90163934426229,74,15,35.6,23.6
1627750,Jamal Murray,DEN,2023-24,january,Secondary Ball Handler,Secondary,28.0,29.5,32.417582417582416,76,15,34.3,23.6
1628374,Lauri Markkanen,UTA,2023-24,january,Stretch Big,Big,23.9,10.1,48.36601307189542,84,16,31.7,23.5
202331,Paul George,LAC,2023-24,january,Role Player,Role,26.3,10.1,52.4390243902439,80,14,33.1,23.4
1630217,Desmond Bane,MEM,2023-24,january,Secondary Ball Handler,Secondary,24.4,28.5,41.666666666666664,77,6,34.6,23.3
1628970,Miles Bridges,CHA,2023-24,january,Role Player,Role,24.3,14.7,39.22651933701657,79,16,38.3,23.2
202695,Kawhi Leonard,LAC,2023-24,january,Secondary Ball Handler,Secondary,25.5,17.5,25.44378698224852,79,15,34.2,23.1
1630578,Alperen Sengun,HOU,2023-24,january,Versatile Big,Big,28.0,24.7,9.580838323353294,83,17,33.8,22.7
1626156,D'Angelo Russell,LAL,2023-24,january,Secondary Ball Handler,Secondary,24.3,23.9,50.898203592814376,75,13,34.7,22.7
202710,Jimmy Butler III,MIA,2023-24,january,Role Player,Role,22.1,20.7,16.393442622950822,79,9,34.2,22.7
1628368,De'Aaron Fox,SAC,2023-24,january,Secondary Ball Handler,Secondary,27.1,17.7,33.68983957219251,75,15,36.1,22.5
1627783,Pascal Siakam,IND,2023-24,january,Role Player,Role,23.1,19.2,20.666666666666668,80,14,33.1,22.4
1630163,LaMelo Ball,CHA,2023-24,january,Primary Initiator,Primary,33.0,41.4,50.27932960893855,79,7,30.0,22.3
1629632,Coby White,CHI,2023-24,january,Secondary Ball Handler,Secondary,23.1,22.8,42.138364779874216,77,15,38.2,22.1
1627759,Jaylen Brown,BOS,2023-24,january,Secondary Ball Handler,Secondary,26.8,17.6,31.097560975609756,78,15,32.4,22.0
201942,DeMar DeRozan,CHI,2023-24,january,Role Player,Role,21.9,19.7,21.710526315789476,78,15,38.7,21.2
202711,Bojan Bogdanovic,NYK,2023-24,january,Role Player,Role,25.2,10.6,47.133757961783445,79,13,31.9,21.0
1629628,RJ Barrett,TOR,2023-24,january,Role Player,Role,24.1,15.3,25.850340136054424,78,13,33.6,21.0
1629627,Zion Williamson,NOP,2023-24,january,Role Player,Role,27.5,26.0,1.4084507042253522,78,11,28.9,21.0
1627734,Domantas Sabonis,SAC,2023-24,january,Versatile Big,Big,21.2,34.3,6.870229007633588,82,15,36.9,20.8
1629012,Collin Sexton,UTA,2023-24,january,Secondary Ball Handler,Secondary,28.3,33.2,29.07801418439716,75,16,25.6,20.6
1630228,Jonathan Kuminga,GSW,2023-24,january,Secondary Ball Handler,Secondary,23.3,11.6,21.48148148148148,79,12,30.5,20.6
1630224,Jalen Green,HOU,2023-24,january,Role Player,Role,27.0,16.7,46.060606060606055,76,17,32.0,20.4
202691,Klay Thompson,GSW,2023-24,january,Movement Shooter,Shooter,23.4,12.9,61.58536585365854,78,11,32.7,20.0
1631114,Jalen Williams,OKC,2023-24,january,Secondary Ball Handler,Secondary,22.8,22.3,22.377622377622377,77,16,32.2,19.9
1629014,Anfernee Simons,POR,2023-24,january,Secondary Ball Handler,Secondary,26.3,26.6,49.079754601226995,75,15,33.2,19.8
1628398,Kyle Kuzma,WAS,2023-24,january,Role Player,Role,29.2,21.0,34.254143646408835,81,15,31.6,19.7
203924,Jerami Grant,POR,2023-24,january,Role Player,Role,25.6,14.0,26.027397260273972,79,16,30.7,19.3
203501,Tim Hardaway Jr.,DAL,2023-24,january,Movement Shooter,Shooter,22.5,7.7,57.14285714285715,77,15,32.2,19.2
1630560,Cam Thomas,BKN,2023-24,january,Secondary Ball Handler,Secondary,28.5,15.0,32.87671232876712,75,14,27.4,19.1
202699,Tobias Harris,PHI,2023-24,january,Role Player,Role,21.3,15.0,26.666666666666668,80,11,33.1,19.1
203903,Jordan Clarkson,UTA,2023-24,january,Role Player,Role,26.8,22.5,34.86842105263158,75,16,29.9,18.8
1628389,Bam Adebayo,MIA,2023-24,january,Role Player,Role,23.8,21.6,2.739726027397261,81,16,35.9,18.5
1630170,Devin Vassell,SAS,2023-24,january,Role Player,Role,21.7,19.5,41.666666666666664,77,16,33.5,18.5
203078,Bradley Beal,PHX,2023-24,january,Secondary Ball Handler,Secondary,22.2,17.8,31.37254901960784,76,16,36.2,18.4
1629639,Tyler Herro,MIA,2023-24,january,Role Player,Role,25.5,20.5,51.4792899408284,77,15,33.5,18.4
1630567,Scottie Barnes,TOR,2023-24,january,Role Player,Role,24.0,23.8,29.53020134228188,79,15,35.4,18.3
204001,Kristaps Porziņģis,BOS,2023-24,january,Post Scorer,Big,22.9,12.6,39.82300884955752,86,11,28.0,18.3
1626179,Terry Rozier,MIA,2023-24,january,Role Player,Role,24.2,28.6,46.71052631578947,73,15,33.1,18.3
1630595,Cade Cunningham,DET,2023-24,january,Secondary Ball Handler,Secondary,27.8,41.7,28.834355828220858,78,6,30.2,18.2
203468,CJ McCollum,NOP,2023-24,january,Secondary Ball Handler,Secondary,23.5,20.4,55.47445255474452,75,14,29.8,18.1
1630169,Tyrese Haliburton,IND,2023-24,january,Role Player,Role,23.6,51.6,46.15384615384615,77,7,28.7,17.9
1631099,Keegan Murray,SAC,2023-24,january,Role Player,Role,18.7,6.5,45.18518518518518,80,15,34.1,17.7
202696,Nikola Vučević,CHI,2023-24,january,Rim Runner,Big,22.1,16.2,28.758169934640527,82,13,33.5,17.6
203935,Marcus Smart,MEM,2023-24,january,Role Player,Role,23.6,16.4,63.76811594202899,75,5,32.2,17.6
1627742,Brandon Ingram,NOP,2023-24,january,Role Player,Role,24.8,26.5,24.285714285714285,80,14,31.2,17.5
202692,Alec Burks,NYK,2023-24,january,Role Player,Role,24.3,12.2,60.50420168067227,77,15,24.9,17.4
1628386,Jarrett Allen,CLE,2023-24,january,Role Player,Role,19.9,14.5,0.0,81,13,31.9,17.2
1631093,Jaden Ivey,DET,2023-24,january,Role Player,Role,26.6,22.4,38.84892086330935,76,15,29.0,17.1
1630532,Franz Wagner,ORL,2023-24,january,Versatile Big,Big,24.5,23.7,38.93129770992366,82,8,28.5,17.1
1630552,Jalen Johnson,ATL,2023-24,january,Role Player,Role,18.1,15.6,27.611940298507463,80,15,35.9,16.8
1630193,Immanuel Quickley,TOR,2023-24,january,Secondary Ball Handler,Secondary,22.3,27.1,44.11764705882353,74,12,31.8,16.7
203114,Khris Middleton,MIL,2023-24,january,Secondary Ball Handler,Secondary,21.7,27.3,41.80327868852459,79,14,29.6,16.6
201935,James Harden,LAC,2023-24,january,Secondary Ball Handler,Secondary,20.3,35.2,58.26086956521739,77,15,34.2,16.5
203992,Bogdan Bogdanović,ATL,2023-24,january,Secondary Ball Handler,Secondary,23.2,12.2,57.03703703703704,77,15,28.2,16.3
1626167,Myles Turner,IND,2023-24,january,Rim Runner,Big,22.9,7.5,35.59322033898305,83,16,27.3,16.3
1641706,Brandon Miller,CHA,2023-24,january,Secondary Ball Handler,Secondary,23.8,12.5,47.5177304964539,79,13,30.3,16.0
1628384,OG Anunoby,NYK,2023-24,january,Role Player,Role,16.3,5.6,41.07142857142857,79,14,35.7,15.6
1627747,Caris LeVert,CLE,2023-24,january,Secondary Ball Handler,Secondary,24.1,24.9,41.935483870967744,78,11,26.7,15.6
1628978,Donte DiVincenzo,NYK,2023-24,january,Movement Shooter,Shooter,22.9,17.2,72.72727272727273,76,16,26.8,15.6
203897,Zach LaVine,CHI,2023-24,january,Role Player,Role,19.4,20.7,53.15315315315315,77,7,33.8,15.6
1631097,Bennedict Mathurin,IND,2023-24,january,Secondary Ball Handler,Secondary,23.2,10.3,29.66101694915254,77,16,26.6,15.6
1627832,Fred VanVleet,HOU,2023-24,january,Role Player,Role,17.6,31.2,64.28571428571428,72,16,35.8,15.5
1630559,Austin Reaves,LAL,2023-24,january,Role Player,Role,17.7,23.3,42.056074766355145,77,15,33.3,15.5
1629008,Michael Porter Jr.,DEN,2023-24,january,Stretch Big,Big,18.3,4.4,51.63934426229508,82,15,32.1,15.3
1629028,Deandre Ayton,POR,2023-24,january,Rim Runner,Big,19.5,7.3,0.0,84,8,32.2,15.1
1631105,Jalen Duren,DET,2023-24,january,Rim Runner,Big,17.7,12.3,0.0,82,15,29.7,15.1
1628381,John Collins,UTA,2023-24,january,Role Player,Role,20.7,8.8,30.8411214953271,81,16,24.6,15.0
1631096,Chet Holmgren,OKC,2023-24,january,Anchor Big,Big,20.0,13.6,34.7457627118644,85,17,30.5,14.9
1627763,Malcolm Brogdon,POR,2023-24,january,Role Player,Role,22.1,26.9,40.35087719298245,76,14,28.5,14.9
1631246,Vince Williams Jr.,MEM,2023-24,january,Role Player,Role,16.5,14.6,55.78947368421052,76,12,32.7,14.8
1628415,Dillon Brooks,HOU,2023-24,january,Role Player,Role,18.6,4.8,45.45454545454546,78,10,32.7,14.8
1629640,Keldon Johnson,SAS,2023-24,january,Role Player,Role,23.6,10.3,35.483870967741936,77,15,26.8,14.8
1629673,Jordan Poole,WAS,2023-24,january,Secondary Ball Handler,Secondary,21.8,12.3,42.30769230769231,76,14,29.0,14.8
201572,Brook Lopez,MIL,2023-24,january,Stretch Big,Big,15.8,8.3,47.74774774774775,85,16,33.9,14.7
203497,Rudy Gobert,MIN,2023-24,january,Rim Runner,Big,16.3,4.5,1.234567901234568,85,16,34.1,14.4
1626181,Norman Powell,LAC,2023-24,january,Role Player,Role,19.8,5.9,50.48543689320388,76,15,25.5,14.3
1629023,P.J. Washington,DAL,2023-24,january,Role Player,Role,19.4,10.5,49.03846153846153,79,13,28.0,14.2
1630166,Deni Avdija,WAS,2023-24,january,Role Player,Role,19.9,21.0,23.711340206185564,81,15,28.0,14.0
1628976,Wendell Carter Jr.,ORL,2023-24,january,Rim Runner,Big,18.8,8.7,34.11764705882353,82,11,25.9,14.0
201950,Jrue Holiday,BOS,2023-24,january,Role Player,Role,17.7,18.9,52.33644859813083,76,15,31.7,13.9
1630191,Isaiah Stewart,DET,2023-24,january,Role Player,Role,18.9,7.8,45.19230769230769,80,7,30.1,13.7
1628963,Marvin Bagley III,WAS,2023-24,january,Anchor Big,Big,22.8,10.3,3.5294117647058822,82,10,21.4,13.7
1630180,Saddiq Bey,ATL,2023-24,january,Role Player,Role,16.6,7.2,53.04347826086955,79,15,33.6,13.7
1626162,Kelly Oubre Jr.,PHI,2023-24,january,Role Player,Role,18.6,7.0,35.45454545454545,79,13,30.0,13.6
1628401,Derrick White,BOS,2023-24,january,Role Player,Role,19.2,16.6,56.91056910569105,76,15,31.2,13.6
1628370,Malik Monk,SAC,2023-24,january,Secondary Ball Handler,Secondary,23.7,30.7,49.56521739130435,75,15,26.2,13.6
203932,Aaron Gordon,DEN,2023-24,january,Role Player,Role,16.0,10.1,21.34831460674157,80,15,32.1,13.5
1628960,Grayson Allen,PHX,2023-24,january,Role Player,Role,14.1,10.9,67.07317073170732,76,15,32.3,13.5
1629651,Nic Claxton,BKN,2023-24,january,Rim Runner,Big,16.0,10.0,1.0638297872340423,83,14,33.1,13.4
202685,Jonas Valančiūnas,NOP,2023-24,january,Post Scorer,Big,22.0,13.1,18.68131868131868,83,15,23.2,13.4
1630174,Aaron Nesmith,IND,2023-24,january,Role Player,Role,16.3,9.1,48.51485148514852,78,14,28.9,13.4
1631110,Jeremy Sochan,SAS,2023-24,january,Role Player,Role,18.7,15.3,31.53153153153153,80,16,30.2,13.3
1641715,Cam Whitmore,HOU,2023-24,january,Role Player,Role,23.6,3.3,47.52475247524752,79,17,19.6,13.1
1630245,Ayo Dosunmu,CHI,2023-24,january,Role Player,Role,16.6,13.2,37.634408602150536,77,15,29.0,12.9
1629018,Gary Trent Jr.,TOR,2023-24,january,3&D Wing,Wing,17.6,6.6,59.18367346938776,77,13,26.2,12.9
1631095,Jabari Smith Jr.,HOU,2023-24,january,Stretch Big,Big,16.5,5.3,41.44144144144144,83,13,34.0,12.9
1628971,Bruce Brown,TOR,2023-24,january,Role Player,Role,18.4,13.1,21.052631578947366,76,12,27.2,12.8
203084,Harrison Barnes,SAC,2023-24,january,3&D Wing,Wing,15.9,5.6,56.70103092783506,80,15,29.4,12.8
1631170,Jaime Jaquez Jr.,MIA,2023-24,january,Role Player,Role,18.1,13.7,27.272727272727277,78,10,31.1,12.6
1627777,Georges Niang,CLE,2023-24,january,Role Player,Role,17.5,9.6,63.41463414634148,79,13,22.5,12.5
203471,Dennis Schröder,BKN,2023-24,january,Role Player,Role,17.5,22.8,41.111111111111114,73,15,28.4,12.5
1630703,Scoot Henderson,POR,2023-24,january,Role Player,Role,25.9,27.9,32.432432432432435,75,17,25.1,12.4
1630241,Sam Merrill,CLE,2023-24,january,Role Player,Role,18.3,14.6,83.15789473684211,76,13,22.9,12.4
1629021,Moritz Wagner,ORL,2023-24,january,Rim Runner,Big,21.7,12.0,22.5,83,14,20.1,12.4
1631101,Shaedon Sharpe,POR,2023-24,january,Secondary Ball Handler,Secondary,23.2,10.8,42.3728813559322,77,6,24.6,12.3
1627826,Ivica Zubac,LAC,2023-24,january,Post Scorer,Big,14.7,8.1,0.0,84,7,28.2,12.3
203952,Andrew Wiggins,GSW,2023-24,january,Role Player,Role,17.2,10.3,32.98969072164949,79,12,28.4,12.2
1629661,Cameron Johnson,BKN,2023-24,january,Role Player,Role,19.2,15.6,57.407407407407405,80,13,27.3,12.2
1629614,Andrew Nembhard,IND,2023-24,january,Secondary Ball Handler,Secondary,21.9,31.6,23.711340206185564,76,12,24.8,12.1
1630200,Tre Jones,SAS,2023-24,january,Role Player,Role,14.6,31.6,27.710843373493972,73,15,30.0,11.9
1628989,Kevin Huerter,SAC,2023-24,january,Role Player,Role,16.6,13.8,65.55555555555556,79,14,26.2,11.9
1630591,Jalen Suggs,ORL,2023-24,january,Secondary Ball Handler,Secondary,20.2,12.9,58.41584158415842,77,16,26.4,11.8
1630529,Herbert Jones,NOP,2023-24,january,Role Player,Role,15.7,10.9,49.36708860759494,79,14,26.0,11.8
1628379,Luke Kennard,MEM,2023-24,january,Movement Shooter,Shooter,15.9,21.8,74.71264367816093,77,12,27.1,11.6
1626145,Tyus Jones,WAS,2023-24,january,3&D Wing,Wing,17.7,35.0,36.52173913043478,73,15,30.0,11.5
1626171,Bobby Portis,MIL,2023-24,january,Rim Runner,Big,22.2,4.1,31.25,82,16,21.2,11.4
1629675,Naz Reid,MIN,2023-24,january,Role Player,Role,20.9,8.2,50.0,81,17,22.8,11.4
1630183,Jaden McDaniels,MIN,2023-24,january,Role Player,Role,15.6,6.8,42.39130434782609,81,17,31.3,11.3
1641718,Keyonte George,UTA,2023-24,january,Secondary Ball Handler,Secondary,21.3,20.6,59.036144578313255,76,16,21.8,11.1
201569,Eric Gordon,PHX,2023-24,january,3&D Wing,Wing,18.0,9.8,72.82608695652175,75,12,26.4,11.1
1630208,Nick Richards,CHA,2023-24,january,Rim Runner,Big,14.0,5.6,0.0,84,13,29.2,11.1
1630530,Trey Murphy III,NOP,2023-24,january,Role Player,Role,19.3,11.9,79.20792079207921,80,11,24.6,11.0
1630581,Josh Giddey,OKC,2023-24,january,Secondary Ball Handler,Secondary,20.3,25.5,33.33333333333333,80,17,23.9,10.9
201566,Russell Westbrook,LAC,2023-24,january,Secondary Ball Handler,Secondary,24.8,31.4,22.10526315789474,76,15,20.5,10.9
1629060,Rui Hachimura,LAL,2023-24,january,3&D Wing,Wing,17.6,6.4,37.142857142857146,80,10,21.2,10.8
1630167,Obi Toppin,IND,2023-24,january,Role Player,Role,16.0,11.1,39.743589743589745,81,17,22.2,10.6
1641713,GG Jackson,MEM,2023-24,january,3&D Wing,Wing,18.9,8.1,54.41176470588236,81,11,19.5,10.6
1630188,Jalen Smith,IND,2023-24,january,Role Player,Role,18.0,8.2,40.789473684210535,81,15,20.5,10.6
1627741,Buddy Hield,PHI,2023-24,january,Movement Shooter,Shooter,15.8,13.0,66.66666666666667,76,17,24.8,10.5
1630557,Corey Kispert,WAS,2023-24,january,Role Player,Role,19.9,10.9,60.25641025641026,78,15,20.0,10.5
1629655,Daniel Gafford,DAL,2023-24,january,Rim Runner,Big,13.1,7.4,0.0,82,13,27.3,10.5
1629130,Duncan Robinson,MIA,2023-24,january,Movement Shooter,Shooter,20.5,14.7,70.65217391304348,79,15,24.0,10.4
1627936,Alex Caruso,CHI,2023-24,january,3&D Wing,Wing,14.1,13.6,71.76470588235294,77,14,31.0,10.4
1641722,Jordan Hawkins,NOP,2023-24,january,Role Player,Role,20.8,8.7,65.33333333333334,77,15,18.6,10.3
203994,Jusuf Nurkić,PHX,2023-24,january,Rim Runner,Big,17.1,16.2,10.0,84,15,26.0,10.2
203991,Clint Capela,ATL,2023-24,january,Rim Runner,Big,15.6,2.4,0.0,82,14,24.8,10.0
1630182,Josh Green,DAL,2023-24,january,3&D Wing,Wing,13.7,10.4,43.0379746835443,77,14,30.3,10.0
203915,Spencer Dinwiddie,LAL,2023-24,january,Role Player,Role,15.5,26.3,60.526315789473685,77,14,27.6,10.0
203484,Kentavious Caldwell-Pope,DEN,2023-24,january,Role Player,Role,13.2,7.0,54.87804878048781,77,15,32.7,9.9
1626196,Josh Richardson,MIA,2023-24,january,Role Player,Role,17.7,13.4,54.430379746835435,77,14,22.7,9.9
1630171,Isaac Okoro,CLE,2023-24,january,3&D Wing,Wing,14.4,8.0,30.555555555555557,77,13,27.2,9.9
1627736,Malik Beasley,MIL,2023-24,january,Role Player,Role,12.8,5.4,70.37037037037037,76,16,28.9,9.9
1631323,Simone Fontecchio,DET,2023-24,january,Movement Shooter,Shooter,14.2,9.0,62.96296296296296,79,16,26.7,9.8
1641726,Dereck Lively II,DAL,2023-24,january,Rim Runner,Big,11.8,8.3,0.0,85,9,27.4,9.8
1641871,Duop Reath,POR,2023-24,january,Role Player,Role,18.2,11.4,44.59459459459459,81,16,20.5,9.7
203083,Andre Drummond,CHI,2023-24,january,Rim Runner,Big,20.9,4.3,1.4492753623188406,83,15,18.1,9.7
1630583,Santi Aldama,MEM,2023-24,january,Stretch Big,Big,19.2,12.0,52.94117647058824,84,11,23.5,9.6
1641764,Brandin Podziemski,GSW,2023-24,january,Role Player,Role,15.1,15.4,38.46153846153847,76,12,28.6,9.6
203967,Dario Šarić,GSW,2023-24,january,Stretch Big,Big,17.8,26.4,52.38095238095239,82,12,20.4,9.6
1630702,Jaden Hardy,DAL,2023-24,january,3&D Wing,Wing,22.1,20.8,52.4390243902439,75,15,18.4,9.5
1629611,Terance Mann,LAC,2023-24,january,Role Player,Role,13.5,8.8,44.61538461538461,77,15,23.7,9.5
1629652,Luguentz Dort,OKC,2023-24,january,3&D Wing,Wing,15.0,4.8,64.63414634146342,76,16,28.4,9.4
1629656,Quentin Grimes,DET,2023-24,january,Role Player,Role,19.3,10.3,69.73684210526316,77,16,19.7,9.4
1631133,Jabari Walker,POR,2023-24,january,Role Player,Role,14.6,6.3,31.944444444444443,79,13,27.9,9.2
1628997,Caleb Martin,MIA,2023-24,january,Role Player,Role,15.1,11.7,38.35616438356164,77,11,25.9,9.2
1629622,Max Strus,CLE,2023-24,january,Role Player,Role,14.1,13.8,64.55696202531644,77,13,29.1,9.2
1627884,Derrick Jones Jr.,DAL,2023-24,january,3&D Wing,Wing,13.5,4.9,42.42424242424242,78,11,26.8,9.1
204456,T.J. McConnell,IND,2023-24,january,Role Player,Role,19.7,41.1,6.578947368421052,73,15,20.4,9.1
1631218,Trayce Jackson-Davis,GSW,2023-24,january,Role Player,Role,16.5,8.8,0.0,81,11,17.6,9.0
1630175,Cole Anthony,ORL,2023-24,january,Secondary Ball Handler,Secondary,21.7,20.3,35.0,74,15,21.4,8.8
201144,Mike Conley,MIN,2023-24,january,Role Player,Role,13.8,30.2,66.66666666666666,72,12,28.4,8.6
1630533,Ziaire Williams,MEM,2023-24,january,3&D Wing,Wing,21.3,13.9,52.56410256410257,81,14,18.5,8.6
1630202,Payton Pritchard,BOS,2023-24,january,Role Player,Role,14.9,16.8,67.6470588235294,73,16,21.9,8.6
1630168,Onyeka Okongwu,ATL,2023-24,january,Rim Runner,Big,12.1,6.9,10.909090909090908,82,15,24.9,8.5
201567,Kevin Love,MIA,2023-24,january,Role Player,Role,20.4,17.9,56.896551724137936,80,12,16.7,8.5
202704,Reggie Jackson,DEN,2023-24,january,Role Player,Role,18.0,20.1,34.66666666666667,74,15,21.1,8.5
1630172,Patrick Williams,CHI,2023-24,january,3&D Wing,Wing,18.1,9.0,48.75,79,9,24.9,8.4
1629022,Lonnie Walker IV,BKN,2023-24,january,Role Player,Role,22.3,14.6,58.9041095890411,76,12,15.5,8.4
201976,Patrick Beverley,MIL,2023-24,january,Role Player,Role,16.9,26.1,41.891891891891895,74,12,24.9,8.4
1631223,David Roddy,PHX,2023-24,january,Role Player,Role,18.4,13.7,35.80246913580247,76,14,22.6,8.4
1628392,Isaiah Hartenstein,NYK,2023-24,january,Anchor Big,Big,9.8,9.7,0.0,84,14,31.8,8.3
1627752,Taurean Prince,LAL,2023-24,january,3&D Wing,Wing,12.4,6.5,67.56756756756756,78,14,28.9,8.3
201143,Al Horford,BOS,2023-24,january,Role Player,Role,10.8,14.1,70.49180327868852,81,12,28.0,8.3
1630540,Miles McBride,NYK,2023-24,january,Role Player,Role,20.5,17.3,59.09090909090909,73,16,15.6,8.3
203110,Draymond Green,GSW,2023-24,january,Role Player,Role,12.7,23.8,43.333333333333336,78,5,30.5,8.2
1628995,Kevin Knox II,POR,2023-24,january,Role Player,Role,15.9,6.5,46.26865671641791,79,15,19.6,8.2
1641731,Bilal Coulibaly,WAS,2023-24,january,Role Player,Role,14.3,8.2,32.89473684210527,80,15,27.8,8.1
1631216,Caleb Houstan,ORL,2023-24,january,Role Player,Role,14.8,7.2,93.84615384615384,80,13,21.9,8.0
1626174,Christian Wood,LAL,2023-24,january,Role Player,Role,19.1,11.3,35.59322033898305,80,14,16.4,7.9
1628380,Zach Collins,SAS,2023-24,january,Rim Runner,Big,21.9,17.1,37.5,83,5,20.3,7.8
202694,Marcus Morris Sr.,CLE,2023-24,january,Role Player,Role,17.2,3.9,45.45454545454546,80,11,20.6,7.7
1630194,Paul Reed,PHI,2023-24,january,Role Player,Role,16.8,7.1,11.11111111111111,81,14,18.0,7.7
1628365,Markelle Fultz,ORL,2023-24,january,Role Player,Role,15.9,22.7,0.0,76,10,22.8,7.7
203482,Kelly Olynyk,TOR,2023-24,january,Versatile Big,Big,17.1,28.0,27.083333333333336,83,16,17.5,7.6
1641708,Amen Thompson,HOU,2023-24,january,Role Player,Role,17.5,20.7,20.0,79,17,17.8,7.5
1631117,Walker Kessler,UTA,2023-24,january,Anchor Big,Big,11.6,3.7,2.380952380952381,84,16,20.8,7.5
1628372,Dennis Smith Jr.,BKN,2023-24,january,Role Player,Role,16.8,29.5,29.230769230769223,75,13,21.1,7.5
1630598,Aaron Wiggins,OKC,2023-24,january,3&D Wing,Wing,15.3,9.8,27.999999999999996,77,16,16.0,7.4
1631212,Peyton Watson,DEN,2023-24,january,Role Player,Role,19.3,8.1,43.28358208955223,79,15,18.1,7.4
1630198,Isaiah Joe,OKC,2023-24,january,Role Player,Role,15.0,10.1,66.66666666666666,75,16,16.7,7.3
1626204,Larry Nance Jr.,NOP,2023-24,january,Role Player,Role,12.2,13.6,37.77777777777778,80,15,19.5,7.3
1629638,Nickeil Alexander-Walker,MIN,2023-24,january,Role Player,Role,12.7,17.0,67.85714285714286,77,17,23.5,7.2
1629599,Amir Coffey,LAC,2023-24,january,Role Player,Role,10.7,4.8,42.857142857142854,79,15,19.4,7.2
1626224,Cedi Osman,SAS,2023-24,january,Role Player,Role,13.8,14.3,62.0,79,16,18.0,7.1
1628998,Cody Martin,CHA,2023-24,january,Role Player,Role,15.6,18.9,43.42105263157895,78,12,27.5,7.1
1629020,Jarred Vanderbilt,LAL,2023-24,january,Role Player,Role,12.0,9.1,16.666666666666664,80,15,22.2,7.1
1628404,Josh Hart,NYK,2023-24,january,3&D Wing,Wing,12.5,14.7,40.298507462686565,76,15,29.5,7.1
1630573,Sam Hauser,BOS,2023-24,january,Movement Shooter,Shooter,13.7,6.9,85.96491228070175,79,15,19.4,7.1
1630631,Jose Alvarado,NOP,2023-24,january,Role Player,Role,18.0,15.3,63.793103448275865,72,11,15.7,6.9
203486,Mason Plumlee,LAC,2023-24,january,Anchor Big,Big,12.8,8.3,0.0,82,10,17.8,6.8
1626168,Trey Lyles,SAC,2023-24,january,Role Player,Role,12.7,7.4,72.22222222222221,81,14,20.4,6.6
1641717,Cason Wallace,OKC,2023-24,january,3&D Wing,Wing,12.6,8.9,60.377358490566046,75,17,19.8,6.6
1629684,Grant Williams,CHA,2023-24,january,Role Player,Role,14.5,12.8,63.1578947368421,78,14,22.0,6.6
1631230,Dominick Barlow,SAS,2023-24,january,Role Player,Role,13.6,14.9,6.25,81,12,18.5,6.5
1630230,Naji Marshall,NOP,2023-24,january,Role Player,Role,16.1,9.7,27.450980392156865,78,15,17.3,6.5
1641733,Nick Smith Jr.,CHA,2023-24,january,Role Player,Role,19.0,13.6,48.4375,74,16,18.1,6.4
1627827,Dorian Finney-Smith,BKN,2023-24,january,Role Player,Role,14.2,9.3,72.97297297297297,79,12,27.5,6.4
1630577,Julian Champagnie,SAS,2023-24,january,3&D Wing,Wing,13.2,8.7,70.58823529411765,79,16,19.3,6.4
1630214,Xavier Tillman,BOS,2023-24,january,Role Player,Role,15.1,14.6,16.666666666666664,79,14,21.4,6.4
1629312,Haywood Highsmith,MIA,2023-24,january,Role Player,Role,10.4,6.3,54.34782608695653,77,13,21.2,6.2
201152,Thaddeus Young,PHX,2023-24,january,Role Player,Role,12.8,18.8,8.0,80,13,19.1,6.2
1641709,Ausar Thompson,DET,2023-24,january,Role Player,Role,14.0,8.3,21.568627450980397,78,15,19.5,6.1
1628371,Jonathan Isaac,ORL,2023-24,january,Anchor Big,Big,14.4,5.3,26.190476190476193,82,9,15.4,6.1
1629731,Dean Wade,CLE,2023-24,january,3&D Wing,Wing,10.2,4.6,84.44444444444444,81,13,21.4,6.0
1641739,Toumani Camara,POR,2023-24,january,3&D Wing,Wing,13.7,7.4,41.1764705882353,79,16,21.0,5.9
1629629,Cam Reddish,LAL,2023-24,january,Role Player,Role,14.4,3.3,56.52173913043479,79,8,18.9,5.9
1630587,Isaiah Livers,DET,2023-24,january,3&D Wing,Wing,8.8,4.8,55.81395348837209,78,7,21.6,5.7
1631103,Malaki Branham,SAS,2023-24,january,Role Player,Role,17.6,15.5,39.28571428571429,76,11,15.2,5.6
1629643,Chuma Okeke,ORL,2023-24,january,Role Player,Role,12.2,6.9,77.35849056603773,79,13,21.5,5.6
1631107,Nikola Jović,MIA,2023-24,january,Stretch Big,Big,16.2,12.8,48.21428571428572,82,13,18.4,5.6
1628464,Daniel Theis,LAC,2023-24,january,Role Player,Role,11.9,9.0,26.190476190476193,80,15,18.3,5.6
1626220,Royce O'Neale,PHX,2023-24,january,3&D Wing,Wing,13.6,14.8,83.33333333333333,78,14,20.9,5.6
201587,Nicolas Batum,PHI,2023-24,january,3&D Wing,Wing,8.3,12.0,66.66666666666666,80,13,26.8,5.5
1641711,Gradey Dick,TOR,2023-24,january,Role Player,Role,13.0,16.8,61.702127659574465,78,7,17.3,5.4
203109,Jae Crowder,MIL,2023-24,january,Role Player,Role,13.8,5.5,81.13207547169812,78,8,18.1,5.4
1627739,Kris Dunn,UTA,2023-24,january,Role Player,Role,11.2,27.9,31.70731707317074,75,16,19.7,5.4
1627863,Danuel House Jr.,PHI,2023-24,january,Role Player,Role,10.6,6.0,40.54054054054054,78,11,20.3,5.4
1630173,Precious Achiuwa,NYK,2023-24,january,Role Player,Role,12.5,4.8,13.043478260869565,80,16,18.2,5.3
201145,Jeff Green,HOU,2023-24,january,Role Player,Role,12.8,5.8,37.2093023255814,80,16,18.2,5.3
1626172,Kevon Looney,GSW,2023-24,january,Role Player,Role,10.7,12.5,3.225806451612903,81,12,15.8,5.2
1631108,Max Christie,LAL,2023-24,january,Role Player,Role,13.0,7.5,48.717948717948715,77,15,16.2,5.1
1628988,Aaron Holiday,HOU,2023-24,january,3&D Wing,Wing,14.2,15.8,57.49999999999999,72,16,15.0,5.1
1626192,Pat Connaughton,MIL,2023-24,january,Role Player,Role,8.4,8.8,83.87096774193549,77,16,18.8,5.1
203937,Kyle Anderson,MIN,2023-24,january,Role Player,Role,11.9,27.7,7.5,81,17,20.0,4.9
1641710,Anthony Black,ORL,2023-24,january,Role Player,Role,12.5,12.7,34.285714285714285,79,15,16.6,4.9
1629048,Goga Bitadze,ORL,2023-24,january,Rim Runner,Big,9.9,12.8,11.764705882352942,82,12,18.3,4.9
202684,Tristan Thompson,CLE,2023-24,january,Role Player,Role,15.0,13.6,2.702702702702702,81,9,16.1,4.9
1631104,Blake Wesley,SAS,2023-24,january,Role Player,Role,14.1,22.2,23.076923076923077,75,16,15.4,4.9
1628436,Luke Kornet,BOS,2023-24,january,Rim Runner,Big,11.3,8.6,0.0,85,14,16.4,4.9
1630699,MarJon Beauchamp,MIL,2023-24,january,Role Player,Role,14.2,10.5,46.0,79,7,16.6,4.9
1630164,James Wiseman,DET,2023-24,january,Rim Runner,Big,12.2,4.1,2.777777777777778,83,8,15.9,4.8
1629680,Matisse Thybulle,POR,2023-24,january,Role Player,Role,10.0,7.6,76.74418604651163,77,15,20.7,4.7
1630700,Dyson Daniels,NOP,2023-24,january,Role Player,Role,10.5,16.1,38.888888888888886,79,15,20.5,4.5
204060,Joe Ingles,ORL,2023-24,january,Role Player,Role,14.2,18.5,71.11111111111111,81,10,17.6,4.5
1631200,Kris Murray,POR,2023-24,january,3&D Wing,Wing,14.8,7.0,46.666666666666664,80,13,15.0,4.5
200768,Kyle Lowry,PHI,2023-24,january,Role Player,Role,13.7,21.5,59.64912280701754,72,9,24.2,4.4
1631128,Christian Braun,DEN,2023-24,january,Role Player,Role,12.9,5.4,48.717948717948715,78,15,16.7,4.4
1630256,Jae'Sean Tate,HOU,2023-24,january,Role Player,Role,10.4,8.3,36.11111111111111,76,16,18.0,4.2
1629006,Josh Okogie,PHX,2023-24,january,3&D Wing,Wing,10.7,10.4,44.827586206896555,76,16,15.4,4.2
1628467,Maxi Kleber,DAL,2023-24,january,Stretch Big,Big,10.5,8.2,55.88235294117647,82,8,19.1,3.8
1629723,John Konchar,MEM,2023-24,january,3&D Wing,Wing,9.4,15.6,45.45454545454546,77,12,19.3,3.7
1630165,Killian Hayes,DET,2023-24,january,Role Player,Role,10.9,31.9,19.512195121951223,77,14,21.4,3.6
203939,Dwight Powell,DAL,2023-24,january,Rim Runner,Big,9.4,17.1,0.0,82,11,18.1,3.6
1631367,Jacob Gilyard,BKN,2023-24,january,Role Player,Role,11.1,31.7,76.31578947368422,68,10,17.1,3.6
1630534,Ochai Agbaji,TOR,2023-24,january,Role Player,Role,9.9,5.0,58.82352941176471,77,16,17.4,2.9
202397,Ish Smith,CHA,2023-24,january,Role Player,Role,11.9,26.0,5.128205128205129,72,15,17.2,2.7
1630641,Ibou Badji,POR,2023-24,january,Rim Runner,Big,6.7,7.5,0.0,84,9,15.2,1.3
1629029,Luka Dončić,DAL,2023-24,february,Primary Initiator,Primary,33.4,42.6,44.54545454545455,79,11,37.2,33.4
1628973,Jalen Brunson,NYK,2023-24,february,Primary Initiator,Primary,34.8,36.5,26.72064777327935,74,10,37.8,31.9
1630162,Anthony Edwards,MIN,2023-24,february,Primary Initiator,Primary,33.4,23.5,37.11790393013101,76,11,36.0,31.0
1628983,Shai Gilgeous-Alexander,OKC,2023-24,february,Primary Initiator,Primary,31.4,31.6,14.85148514851485,78,11,34.8,30.5
203507,Giannis Antetokounmpo,MIL,2023-24,february,Versatile Big,Big,31.5,37.0,10.650887573964498,83,12,33.7,29.3
201939,Stephen Curry,GSW,2023-24,february,Movement Shooter,Shooter,31.2,22.8,64.15094339622641,74,14,32.5,27.7
202681,Kyrie Irving,DAL,2023-24,february,Role Player,Role,26.5,19.9,35.148514851485146,74,10,36.2,27.7
1628369,Jayson Tatum,BOS,2023-24,february,Primary Initiator,Primary,29.6,26.8,47.0,80,10,36.0,27.2
1628378,Donovan Mitchell,CLE,2023-24,february,Primary Initiator,Primary,28.4,23.3,49.72067039106146,75,11,36.0,27.2
2544,LeBron James,LAL,2023-24,february,Primary Initiator,Primary,28.4,35.1,28.865979381443303,81,9,36.7,27.1
201942,DeMar DeRozan,CHI,2023-24,february,Role Player,Role,24.6,18.3,15.083798882681569,78,10,40.6,27.1
1630178,Tyrese Maxey,PHI,2023-24,february,Primary Initiator,Primary,29.6,26.0,35.18518518518518,74,11,36.8,26.9
201142,Kevin Durant,PHX,2023-24,february,Versatile Big,Big,28.7,21.2,30.25641025641026,83,11,36.7,26.0
1628368,De'Aaron Fox,SAC,2023-24,february,Primary Initiator,Primary,30.7,25.5,31.753554502369667,75,11,35.7,25.9
203076,Anthony Davis,LAL,2023-24,february,Rim Runner,Big,26.8,13.8,9.248554913294797,82,11,35.3,25.8
1628991,Jaren Jackson Jr.,MEM,2023-24,february,Rim Runner,Big,35.1,18.4,37.0,82,9,32.8,25.1
1626164,Devin Booker,PHX,2023-24,february,Secondary Ball Handler,Secondary,27.3,23.9,29.83425414364641,78,10,33.7,25.0
203924,Jerami Grant,POR,2023-24,february,Role Player,Role,29.4,19.3,29.94652406417112,79,7,37.7,24.1
202695,Kawhi Leonard,LAC,2023-24,february,Secondary Ball Handler,Secondary,25.9,17.8,31.51515151515152,79,10,34.5,24.1
1629627,Zion Williamson,NOP,2023-24,february,Role Player,Role,28.7,30.7,1.149425287356322,78,11,32.5,23.9
203999,Nikola Jokić,DEN,2023-24,february,Versatile Big,Big,26.9,44.2,17.91907514450867,83,11,34.8,23.7
1629027,Trae Young,ATL,2023-24,february,Secondary Ball Handler,Secondary,25.6,39.2,54.70588235294118,73,9,37.4,23.2
204001,Kristaps Porziņģis,BOS,2023-24,february,Post Scorer,Big,28.4,8.8,32.87671232876712,86,9,29.1,23.0
1630170,Devin Vassell,SAS,2023-24,february,Role Player,Role,25.2,23.2,37.078651685393254,77,12,34.1,22.5
1627742,Brandon Ingram,NOP,2023-24,february,Role Player,Role,28.2,29.9,28.402366863905325,80,10,34.5,22.4
1631114,Jalen Williams,OKC,2023-24,february,Secondary Ball Handler,Secondary,24.6,24.2,27.044025157232703,77,9,32.6,22.3
1628398,Kyle Kuzma,WAS,2023-24,february,Role Player,Role,27.7,13.1,37.368421052631575,81,10,34.6,22.1
203078,Bradley Beal,PHX,2023-24,february,Secondary Ball Handler,Secondary,28.2,22.8,34.96932515337423,76,6,30.7,22.0
1627749,Dejounte Murray,ATL,2023-24,february,Role Player,Role,26.5,30.4,34.946236559139784,77,10,35.8,22.0
202696,Nikola Vučević,CHI,2023-24,february,Rim Runner,Big,25.1,12.9,25.773195876288664,82,10,37.9,22.0
1630595,Cade Cunningham,DET,2023-24,february,Secondary Ball Handler,Secondary,27.3,36.1,27.27272727272727,78,10,32.3,21.8
1628978,Donte DiVincenzo,NYK,2023-24,february,Movement Shooter,Shooter,24.1,13.2,64.3979057591623,76,11,37.5,21.7
1628970,Miles Bridges,CHA,2023-24,february,Role Player,Role,25.1,16.6,35.13513513513514,79,13,37.5,21.7
1629014,Anfernee Simons,POR,2023-24,february,Primary Initiator,Primary,29.8,25.6,46.666666666666664,75,8,34.7,21.6
1631094,Paolo Banchero,ORL,2023-24,february,Versatile Big,Big,27.2,27.3,26.25,82,10,34.6,21.6
202710,Jimmy Butler III,MIA,2023-24,february,Role Player,Role,23.5,28.3,22.307692307692307,79,7,34.3,21.6
1630532,Franz Wagner,ORL,2023-24,february,Versatile Big,Big,26.2,20.2,33.333333333333336,82,12,33.5,21.5
1628374,Lauri Markkanen,UTA,2023-24,february,Stretch Big,Big,22.6,8.9,48.76543209876544,84,11,33.6,21.4
1641705,Victor Wembanyama,SAS,2023-24,february,Versatile Big,Big,30.2,24.5,33.54430379746835,88,12,28.9,21.3
203081,Damian Lillard,MIL,2023-24,february,Primary Initiator,Primary,28.1,29.3,47.239263803680984,74,10,32.8,21.1
1627783,Pascal Siakam,IND,2023-24,february,Role Player,Role,24.0,18.0,24.68354430379747,80,12,33.6,21.1
1626157,Karl-Anthony Towns,MIN,2023-24,february,Stretch Big,Big,27.0,9.2,44.0,84,10,31.5,20.8
1641706,Brandon Miller,CHA,2023-24,february,Secondary Ball Handler,Secondary,26.0,11.8,44.18604651162791,79,13,34.5,20.5
1629632,Coby White,CHI,2023-24,february,Secondary Ball Handler,Secondary,23.3,23.7,47.42857142857143,77,10,39.6,20.5
1629012,Collin Sexton,UTA,2023-24,february,Secondary Ball Handler,Secondary,27.7,30.8,34.58646616541353,75,11,27.2,20.3
1627759,Jaylen Brown,BOS,2023-24,february,Secondary Ball Handler,Secondary,25.9,16.8,29.22077922077922,78,8,34.1,20.3
1626156,D'Angelo Russell,LAL,2023-24,february,Secondary Ball Handler,Secondary,22.8,27.2,51.23456790123457,75,11,35.8,20.2
1630166,Deni Avdija,WAS,2023-24,february,Secondary Ball Handler,Secondary,22.0,12.0,33.58778625954199,81,9,33.9,20.1
1627734,Domantas Sabonis,SAC,2023-24,february,Versatile Big,Big,21.1,37.0,8.088235294117647,82,12,36.6,20.0
1629628,RJ Barrett,TOR,2023-24,february,Role Player,Role,23.5,20.2,26.573426573426573,78,9,33.2,19.9
1630560,Cam Thomas,BKN,2023-24,february,Secondary Ball Handler,Secondary,27.7,18.5,35.39325842696629,75,10,33.1,19.8
1628389,Bam Adebayo,MIA,2023-24,february,Role Player,Role,24.7,17.0,0.6896551724137931,81,11,33.9,19.6
1630567,Scottie Barnes,TOR,2023-24,february,Role Player,Role,24.1,29.5,22.5,79,12,35.2,19.4
1631096,Chet Holmgren,OKC,2023-24,february,Stretch Big,Big,21.3,12.1,44.06779661016949,85,11,30.5,19.3
1629639,Tyler Herro,MIA,2023-24,february,Role Player,Role,25.7,23.8,43.93063583815028,77,7,32.1,19.1
1629008,Michael Porter Jr.,DEN,2023-24,february,Stretch Big,Big,22.8,8.8,50.0,82,10,32.5,19.1
203468,CJ McCollum,NOP,2023-24,february,Secondary Ball Handler,Secondary,24.6,18.1,55.0632911392405,75,10,30.7,18.3
1630193,Immanuel Quickley,TOR,2023-24,february,Secondary Ball Handler,Secondary,21.9,21.2,51.65562913907284,74,12,33.5,18.3
1631093,Jaden Ivey,DET,2023-24,february,Role Player,Role,25.2,16.2,36.55172413793103,76,11,32.5,18.2
201935,James Harden,LAC,2023-24,february,Secondary Ball Handler,Secondary,20.3,27.8,63.559322033898304,77,11,36.7,18.2
1628370,Malik Monk,SAC,2023-24,february,Secondary Ball Handler,Secondary,26.3,26.8,36.80555555555555,75,12,27.5,18.2
1630228,Jonathan Kuminga,GSW,2023-24,february,Secondary Ball Handler,Secondary,23.2,16.8,10.606060606060606,79,14,30.2,18.1
1627750,Jamal Murray,DEN,2023-24,february,Secondary Ball Handler,Secondary,25.6,30.0,41.78082191780822,76,9,28.9,17.9
202331,Paul George,LAC,2023-24,february,Role Player,Role,25.0,20.9,48.734177215189874,80,9,32.6,17.9
1626167,Myles Turner,IND,2023-24,february,Rim Runner,Big,23.3,7.0,31.858407079646017,83,10,27.5,17.8
1628386,Jarrett Allen,CLE,2023-24,february,Role Player,Role,20.8,9.2,2.459016393442623,81,13,32.7,17.8
1630578,Alperen Sengun,HOU,2023-24,february,Versatile Big,Big,23.2,21.8,10.0,83,11,30.5,17.3
1630557,Corey Kispert,WAS,2023-24,february,Role Player,Role,21.4,16.8,58.333333333333336,78,11,27.7,17.3
1630559,Austin Reaves,LAL,2023-24,february,Role Player,Role,19.5,23.4,43.54838709677419,77,12,34.5,17.3
1628969,Mikal Bridges,BKN,2023-24,february,Role Player,Role,22.9,16.9,55.625,78,12,34.4,17.3
1629028,Deandre Ayton,POR,2023-24,february,Rim Runner,Big,20.5,14.5,0.0,84,8,30.6,17.1
1629631,De'Andre Hunter,ATL,2023-24,february,Role Player,Role,21.6,6.5,42.00000000000001,80,10,24.5,17.0
1630168,Onyeka Okongwu,ATL,2023-24,february,Rim Runner,Big,15.0,4.1,19.8019801980198,82,7,33.2,16.7
1630596,Evan Mobley,CLE,2023-24,february,Anchor Big,Big,21.1,15.3,16.216216216216218,83,12,29.0,16.7
1630552,Jalen Johnson,ATL,2023-24,february,Role Player,Role,18.1,14.8,27.97202797202797,80,12,37.5,16.5
1626179,Terry Rozier,MIA,2023-24,february,Role Player,Role,24.3,24.7,36.986301369863014,73,7,30.7,16.3
1630169,Tyrese Haliburton,IND,2023-24,february,Role Player,Role,22.2,39.8,52.38095238095239,77,12,29.1,16.1
202691,Klay Thompson,GSW,2023-24,february,Movement Shooter,Shooter,22.6,8.5,59.72222222222222,78,13,28.2,16.0
1630224,Jalen Green,HOU,2023-24,february,Role Player,Role,27.3,20.3,42.40506329113923,76,12,28.9,15.8
1630245,Ayo Dosunmu,CHI,2023-24,february,Role Player,Role,16.9,18.4,48.387096774193544,77,10,37.2,15.8
1629673,Jordan Poole,WAS,2023-24,february,Secondary Ball Handler,Secondary,25.0,22.3,53.846153846153854,76,12,30.2,15.7
203992,Bogdan Bogdanović,ATL,2023-24,february,Role Player,Role,19.4,15.4,56.61764705882353,77,12,32.1,15.5
1631097,Bennedict Mathurin,IND,2023-24,february,Secondary Ball Handler,Secondary,22.7,12.2,34.45378151260503,77,9,29.1,15.4
203932,Aaron Gordon,DEN,2023-24,february,Role Player,Role,18.7,15.6,18.279569892473116,80,11,29.2,15.4
1626171,Bobby Portis,MIL,2023-24,february,Rim Runner,Big,24.6,12.6,27.34375,82,12,26.1,15.3
1641713,GG Jackson,MEM,2023-24,february,3&D Wing,Wing,25.7,5.5,49.61832061068702,81,11,26.2,15.1
1628381,John Collins,UTA,2023-24,february,Role Player,Role,18.8,9.4,28.440366972477065,81,11,29.1,15.1
1641718,Keyonte George,UTA,2023-24,february,Secondary Ball Handler,Secondary,20.7,26.5,54.761904761904766,76,11,30.2,14.9
1630180,Saddiq Bey,ATL,2023-24,february,Role Player,Role,17.2,5.3,47.82608695652174,79,11,31.9,14.9
1626162,Kelly Oubre Jr.,PHI,2023-24,february,Role Player,Role,21.6,5.1,34.32835820895522,79,12,32.2,14.8
202699,Tobias Harris,PHI,2023-24,february,Role Player,Role,20.4,17.1,21.678321678321677,80,9,32.8,14.8
1628401,Derrick White,BOS,2023-24,february,Role Player,Role,16.9,19.0,61.904761904761905,76,10,32.9,14.5
1626181,Norman Powell,LAC,2023-24,february,Role Player,Role,21.0,4.6,53.04347826086955,76,10,26.6,14.5
202711,Bojan Bogdanovic,NYK,2023-24,february,Role Player,Role,23.6,9.8,59.45945945945946,79,9,25.5,14.4
203497,Rudy Gobert,MIN,2023-24,february,Anchor Big,Big,14.1,6.0,1.2048192771084336,85,10,35.2,14.4
1641715,Cam Whitmore,HOU,2023-24,february,Role Player,Role,28.4,5.6,48.27586206896552,79,9,20.4,14.2
1627741,Buddy Hield,PHI,2023-24,february,Movement Shooter,Shooter,18.5,20.7,66.10169491525423,76,12,30.8,14.0
1631105,Jalen Duren,DET,2023-24,february,Anchor Big,Big,17.8,12.7,1.0526315789473684,82,11,31.0,14.0
1629060,Rui Hachimura,LAL,2023-24,february,3&D Wing,Wing,16.1,3.7,36.19047619047619,80,12,31.2,14.0
1629636,Darius Garland,CLE,2023-24,february,Secondary Ball Handler,Secondary,20.9,30.3,49.13793103448276,73,13,31.3,13.9
203903,Jordan Clarkson,UTA,2023-24,february,Role Player,Role,21.3,25.5,46.82539682539683,75,11,31.6,13.9
1627832,Fred VanVleet,HOU,2023-24,february,Role Player,Role,17.8,21.5,65.83333333333333,72,7,33.8,13.9
1630174,Aaron Nesmith,IND,2023-24,february,Role Player,Role,18.6,5.9,48.48484848484848,78,8,29.7,13.8
1629130,Duncan Robinson,MIA,2023-24,february,Movement Shooter,Shooter,16.6,16.8,69.6969696969697,79,9,30.2,13.7
1627736,Malik Beasley,MIL,2023-24,february,Role Player,Role,15.7,6.5,83.16831683168317,76,12,30.1,13.7
1630529,Herbert Jones,NOP,2023-24,february,Role Player,Role,13.8,9.6,45.238095238095234,79,11,33.3,13.6
203952,Andrew Wiggins,GSW,2023-24,february,Role Player,Role,17.6,10.0,34.285714285714285,79,11,27.3,13.5
1631095,Jabari Smith Jr.,HOU,2023-24,february,Stretch Big,Big,17.0,6.3,47.93388429752066,83,12,33.9,13.4
1628404,Josh Hart,NYK,2023-24,february,3&D Wing,Wing,16.5,18.4,39.02439024390244,76,12,39.9,13.4
1631246,Vince Williams Jr.,MEM,2023-24,february,Role Player,Role,18.9,27.7,40.77669902912621,76,11,33.5,13.3
203084,Harrison Barnes,SAC,2023-24,february,3&D Wing,Wing,15.6,2.7,53.846153846153854,80,12,27.7,13.3
1627751,Jakob Poeltl,TOR,2023-24,february,Rim Runner,Big,18.5,14.3,0.0,84,12,27.1,12.9
1628963,Marvin Bagley III,WAS,2023-24,february,Rim Runner,Big,18.1,7.8,9.25925925925926,82,8,26.4,12.9
1630533,Ziaire Williams,MEM,2023-24,february,3&D Wing,Wing,18.3,10.1,47.16981132075472,81,5,29.9,12.8
1631323,Simone Fontecchio,DET,2023-24,february,3&D Wing,Wing,17.3,9.5,53.333333333333336,79,10,27.3,12.6
1626145,Tyus Jones,WAS,2023-24,february,3&D Wing,Wing,14.7,43.8,38.77551020408163,73,12,31.9,12.3
1629675,Naz Reid,MIN,2023-24,february,Role Player,Role,19.5,5.4,40.42553191489361,81,11,24.6,12.3
1628415,Dillon Brooks,HOU,2023-24,february,Role Player,Role,17.2,9.0,50.89285714285715,78,12,30.9,12.3
1630530,Trey Murphy III,NOP,2023-24,february,Role Player,Role,16.1,8.7,73.0,80,12,29.1,12.3
203994,Jusuf Nurkić,PHX,2023-24,february,Anchor Big,Big,19.8,19.7,7.228915662650602,84,10,26.6,12.2
1630173,Precious Achiuwa,NYK,2023-24,february,Role Player,Role,14.0,5.5,19.587628865979383,80,12,38.7,12.2
1630591,Jalen Suggs,ORL,2023-24,february,Role Player,Role,18.4,14.8,61.79775280898876,77,11,27.1,12.1
1629661,Cameron Johnson,BKN,2023-24,february,Role Player,Role,19.3,14.7,67.70833333333334,80,8,25.6,12.0
1629684,Grant Williams,CHA,2023-24,february,Role Player,Role,18.7,8.7,55.81395348837209,78,11,27.1,12.0
1629640,Keldon Johnson,SAS,2023-24,february,Role Player,Role,19.5,11.8,48.07692307692307,77,11,25.3,12.0
1628976,Wendell Carter Jr.,ORL,2023-24,february,Rim Runner,Big,17.3,7.4,36.25,82,12,26.9,12.0
1630544,Tre Mann,CHA,2023-24,february,Role Player,Role,18.5,24.5,42.57425742574257,75,8,29.8,11.9
1630182,Josh Green,DAL,2023-24,february,3&D Wing,Wing,13.5,10.8,56.57894736842105,77,11,29.7,11.7
203471,Dennis Schröder,BKN,2023-24,february,Secondary Ball Handler,Secondary,23.1,26.9,42.99065420560748,73,12,25.8,11.7
1628960,Grayson Allen,PHX,2023-24,february,Role Player,Role,12.2,14.3,67.90123456790124,76,11,33.9,11.5
203083,Andre Drummond,CHI,2023-24,february,Rim Runner,Big,19.3,1.8,1.162790697674419,83,10,23.7,11.5
1631099,Keegan Murray,SAC,2023-24,february,Role Player,Role,15.0,5.9,50.0,80,12,31.6,11.5
1628989,Kevin Huerter,SAC,2023-24,february,Role Player,Role,17.7,11.0,60.439560439560445,79,12,26.3,11.5
1629655,Daniel Gafford,DAL,2023-24,february,Rim Runner,Big,17.0,5.4,0.0,82,10,22.4,11.4
1629652,Luguentz Dort,OKC,2023-24,february,3&D Wing,Wing,15.4,6.3,63.636363636363626,76,11,28.3,11.4
201950,Jrue Holiday,BOS,2023-24,february,Role Player,Role,14.3,25.1,40.0,76,9,31.6,11.2
1630200,Tre Jones,SAS,2023-24,february,Role Player,Role,14.9,30.7,35.44303797468354,73,12,28.6,11.2
1629622,Max Strus,CLE,2023-24,february,Role Player,Role,15.2,19.2,66.66666666666667,77,13,29.2,11.2
1628379,Luke Kennard,MEM,2023-24,february,Movement Shooter,Shooter,16.3,13.8,75.71428571428571,77,8,25.0,11.1
1629023,P.J. Washington,DAL,2023-24,february,Role Player,Role,17.8,6.6,45.28301886792453,79,11,30.9,11.1
1641708,Amen Thompson,HOU,2023-24,february,Role Player,Role,17.6,15.6,12.222222222222223,79,12,26.9,11.0
201569,Eric Gordon,PHX,2023-24,february,3&D Wing,Wing,14.6,7.4,62.5,75,9,27.5,11.0
1641711,Gradey Dick,TOR,2023-24,february,Role Player,Role,16.5,6.6,53.24675324675325,78,12,20.3,11.0
202685,Jonas Valančiūnas,NOP,2023-24,february,Post Scorer,Big,20.3,12.3,5.952380952380952,83,12,21.1,10.9
1641709,Ausar Thompson,DET,2023-24,february,Role Player,Role,15.5,9.4,17.647058823529413,78,11,29.2,10.9
1629018,Gary Trent Jr.,TOR,2023-24,february,3&D Wing,Wing,16.6,6.1,55.769230769230774,77,12,28.9,10.8
1641764,Brandin Podziemski,GSW,2023-24,february,Role Player,Role,15.0,21.5,35.0,76,14,31.8,10.8
1629021,Moritz Wagner,ORL,2023-24,february,Rim Runner,Big,22.9,8.9,9.836065573770492,83,12,16.6,10.7
203501,Tim Hardaway Jr.,DAL,2023-24,february,Movement Shooter,Shooter,19.2,8.4,61.11111111111111,77,11,26.7,10.6
1630208,Nick Richards,CHA,2023-24,february,Rim Runner,Big,13.8,4.5,1.6129032258064515,84,13,28.6,10.6
203484,Kentavious Caldwell-Pope,DEN,2023-24,february,Role Player,Role,14.0,9.3,52.63157894736842,77,8,27.6,10.5
201566,Russell Westbrook,LAC,2023-24,february,Secondary Ball Handler,Secondary,24.5,21.7,28.30188679245283,76,11,22.4,10.5
1630188,Jalen Smith,IND,2023-24,february,Role Player,Role,20.3,7.4,35.064935064935064,81,7,17.4,10.4
1626220,Royce O'Neale,PHX,2023-24,february,3&D Wing,Wing,14.9,15.1,80.68181818181817,78,10,27.1,10.4
1627747,Caris LeVert,CLE,2023-24,february,Secondary Ball Handler,Secondary,20.1,34.0,36.73469387755102,78,13,25.7,10.4
1631204,Marcus Sasser,DET,2023-24,february,Secondary Ball Handler,Secondary,21.2,32.2,48.23529411764705,74,8,20.8,10.4
204456,T.J. McConnell,IND,2023-24,february,Secondary Ball Handler,Secondary,21.3,41.1,4.878048780487806,73,11,19.1,10.2
1630205,Lamar Stevens,MEM,2023-24,february,Role Player,Role,22.5,6.9,11.25,79,7,18.7,10.1
201572,Brook Lopez,MIL,2023-24,february,Stretch Big,Big,15.9,9.2,66.66666666666666,85,9,27.9,10.1
1631170,Jaime Jaquez Jr.,MIA,2023-24,february,Role Player,Role,17.7,13.1,25.274725274725274,78,11,28.4,10.1
1629651,Nic Claxton,BKN,2023-24,february,Anchor Big,Big,15.2,11.2,1.2987012987012987,83,12,27.7,10.1
1627826,Ivica Zubac,LAC,2023-24,february,Post Scorer,Big,15.6,9.4,0.0,84,8,24.9,10.0
1630171,Isaac Okoro,CLE,2023-24,february,3&D Wing,Wing,14.3,10.6,54.285714285714285,77,13,25.1,9.9
1631110,Jeremy Sochan,SAS,2023-24,february,Role Player,Role,17.2,9.6,30.0,80,12,29.0,9.9
202692,Alec Burks,NYK,2023-24,february,Role Player,Role,25.1,8.4,51.578947368421055,77,11,19.2,9.9
1630540,Miles McBride,NYK,2023-24,february,Role Player,Role,17.7,11.9,48.86363636363636,73,12,23.3,9.8
1630581,Josh Giddey,OKC,2023-24,february,Secondary Ball Handler,Secondary,20.2,18.7,39.32584269662921,80,11,23.9,9.8
203482,Kelly Olynyk,TOR,2023-24,february,Versatile Big,Big,18.5,25.9,28.125,83,10,18.8,9.8
1629611,Terance Mann,LAC,2023-24,february,Role Player,Role,13.1,11.4,36.36363636363637,77,11,26.8,9.7
201144,Mike Conley,MIN,2023-24,february,Role Player,Role,14.3,31.5,67.12328767123287,72,11,27.0,9.6
203552,Seth Curry,CHA,2023-24,february,Role Player,Role,19.0,14.3,49.31506849315069,73,7,19.4,9.6
1628997,Caleb Martin,MIA,2023-24,february,Role Player,Role,14.2,8.5,40.74074074074074,77,11,29.3,9.5
1630175,Cole Anthony,ORL,2023-24,february,Secondary Ball Handler,Secondary,22.6,19.7,27.710843373493972,74,12,20.2,9.4
1641739,Toumani Camara,POR,2023-24,february,3&D Wing,Wing,15.9,9.2,28.985507246376812,79,9,24.2,9.3
1630583,Santi Aldama,MEM,2023-24,february,Stretch Big,Big,15.9,16.3,57.777777777777786,84,11,28.5,9.3
203110,Draymond Green,GSW,2023-24,february,Role Player,Role,15.0,25.6,27.77777777777778,78,14,26.9,9.1
1626196,Josh Richardson,MIA,2023-24,february,Role Player,Role,14.4,11.3,62.16216216216215,77,5,23.8,9.0
203991,Clint Capela,ATL,2023-24,february,Anchor Big,Big,17.7,4.4,0.0,82,6,21.4,8.8
203095,Evan Fournier,DET,2023-24,february,Role Player,Role,17.4,5.8,58.46153846153845,78,6,18.6,8.8
201567,Kevin Love,MIA,2023-24,february,Role Player,Role,21.0,19.2,72.58064516129032,80,10,15.9,8.8
1631117,Walker Kessler,UTA,2023-24,february,Anchor Big,Big,13.3,8.6,5.084745762711864,84,10,23.4,8.8
1628380,Zach Collins,SAS,2023-24,february,Versatile Big,Big,22.4,24.6,21.333333333333336,83,12,17.7,8.8
1626166,Cameron Payne,PHI,2023-24,february,Role Player,Role,20.0,22.5,50.0,75,11,18.1,8.7
1631367,Jacob Gilyard,BKN,2023-24,february,Role Player,Role,13.9,29.3,87.49999999999999,68,7,24.5,8.7
1626168,Trey Lyles,SAC,2023-24,february,Role Player,Role,15.4,4.4,66.07142857142858,81,11,19.0,8.6
1628988,Aaron Holiday,HOU,2023-24,february,3&D Wing,Wing,17.1,19.6,50.76923076923077,72,12,17.7,8.6
1629599,Amir Coffey,LAC,2023-24,february,Role Player,Role,12.2,8.0,50.0,79,11,24.5,8.5
1629614,Andrew Nembhard,IND,2023-24,february,Role Player,Role,12.8,15.1,30.136986301369863,76,12,27.6,8.5
1630202,Payton Pritchard,BOS,2023-24,february,Role Player,Role,17.8,12.4,72.72727272727273,73,10,18.3,8.5
1631103,Malaki Branham,SAS,2023-24,february,Role Player,Role,19.7,13.5,43.58974358974359,76,12,18.4,8.4
1629022,Lonnie Walker IV,BKN,2023-24,february,Role Player,Role,23.1,11.5,57.49999999999999,76,10,15.7,8.4
201143,Al Horford,BOS,2023-24,february,Role Player,Role,11.7,8.8,49.20634920634921,81,9,26.4,8.3
1628467,Maxi Kleber,DAL,2023-24,february,Stretch Big,Big,11.3,9.6,58.620689655172406,82,9,27.3,8.3
1627752,Taurean Prince,LAL,2023-24,february,3&D Wing,Wing,13.5,8.1,49.25373134328358,78,12,26.1,8.3
1629638,Nickeil Alexander-Walker,MIN,2023-24,february,Role Player,Role,16.3,14.8,54.666666666666664,77,11,23.0,8.2
1629626,Bol Bol,PHX,2023-24,february,Anchor Big,Big,16.2,4.3,29.50819672131148,87,9,16.4,8.1
1627936,Alex Caruso,CHI,2023-24,february,3&D Wing,Wing,12.9,15.2,58.108108108108105,77,8,31.2,8.0
202704,Reggie Jackson,DEN,2023-24,february,Role Player,Role,18.1,21.0,37.2093023255814,74,11,22.4,8.0
1630167,Obi Toppin,IND,2023-24,february,Role Player,Role,16.0,11.1,55.172413793103445,81,12,18.6,7.9
1630194,Paul Reed,PHI,2023-24,february,Role Player,Role,12.9,6.4,10.81081081081081,81,12,26.0,7.9
1630598,Aaron Wiggins,OKC,2023-24,february,3&D Wing,Wing,17.0,7.5,51.78571428571429,77,11,17.7,7.9
1630183,Jaden McDaniels,MIN,2023-24,february,Role Player,Role,14.2,7.2,46.57534246575342,81,11,28.7,7.9
1628392,Isaiah Hartenstein,NYK,2023-24,february,Anchor Big,Big,12.2,15.1,0.0,84,8,25.0,7.9
1630631,Jose Alvarado,NOP,2023-24,february,Role Player,Role,17.7,16.7,56.94444444444444,72,9,19.4,7.6
1628998,Cody Martin,CHA,2023-24,february,Role Player,Role,15.6,24.2,40.25974025974026,78,11,27.5,7.5
1628971,Bruce Brown,TOR,2023-24,february,Role Player,Role,14.3,14.5,26.08695652173913,76,12,23.7,7.5
1631107,Nikola Jović,MIA,2023-24,february,Stretch Big,Big,17.2,12.3,61.53846153846154,82,6,17.9,7.5
1630573,Sam Hauser,BOS,2023-24,february,Movement Shooter,Shooter,12.4,3.3,88.23529411764707,79,10,19.2,7.5
1631223,David Roddy,PHX,2023-24,february,Role Player,Role,24.1,18.3,32.43243243243243,76,7,16.1,7.4
1641731,Bilal Coulibaly,WAS,2023-24,february,Role Player,Role,14.4,7.7,47.05882352941177,80,10,26.7,7.3
203914,Gary Harris,ORL,2023-24,february,3&D Wing,Wing,11.6,8.4,62.264150943396224,76,10,22.7,7.3
1630198,Isaiah Joe,OKC,2023-24,february,Role Player,Role,13.3,9.6,63.26530612244897,75,8,17.6,7.3
1628365,Markelle Fultz,ORL,2023-24,february,Role Player,Role,18.4,19.9,9.72222222222222,76,9,20.8,7.1
1630231,KJ Martin,PHI,2023-24,february,Role Player,Role,13.0,9.1,17.307692307692307,78,10,19.5,7.1
1628981,Bruno Fernando,ATL,2023-24,february,Role Player,Role,16.1,9.1,0.0,81,9,16.0,7.0
1641717,Cason Wallace,OKC,2023-24,february,3&D Wing,Wing,13.0,8.0,68.5185185185185,75,11,18.1,7.0
1641726,Dereck Lively II,DAL,2023-24,february,Anchor Big,Big,10.7,3.8,0.0,85,5,18.6,7.0
1627777,Georges Niang,CLE,2023-24,february,Role Player,Role,17.0,3.6,63.934426229508205,79,13,18.6,7.0
1631121,Bryce McGowens,CHA,2023-24,february,Role Player,Role,16.5,10.2,39.130434782608695,78,9,16.0,6.9
1629013,Landry Shamet,WAS,2023-24,february,3&D Wing,Wing,16.5,6.6,58.2089552238806,76,12,18.3,6.8
1641733,Nick Smith Jr.,CHA,2023-24,february,Role Player,Role,19.6,14.7,58.46153846153845,74,6,17.4,6.8
203486,Mason Plumlee,LAC,2023-24,february,Anchor Big,Big,15.3,12.1,0.0,82,10,15.7,6.8
1631133,Jabari Walker,POR,2023-24,february,Role Player,Role,14.8,3.9,23.18840579710145,79,9,24.0,6.8
1641707,Taylor Hendricks,UTA,2023-24,february,Role Player,Role,12.5,4.1,60.0,81,8,22.1,6.8
1631212,Peyton Watson,DEN,2023-24,february,Role Player,Role,15.2,5.7,33.9622641509434,79,11,20.0,6.5
1630692,Jordan Goodwin,MEM,2023-24,february,3&D Wing,Wing,16.7,21.1,25.806451612903224,76,5,18.7,6.4
201145,Jeff Green,HOU,2023-24,february,Role Player,Role,15.4,13.4,50.0,80,12,16.8,6.3
1627739,Kris Dunn,UTA,2023-24,february,Role Player,Role,13.8,18.8,47.27272727272727,75,11,20.8,6.3
201976,Patrick Beverley,MIL,2023-24,february,Role Player,Role,17.4,29.6,43.63636363636363,74,12,17.8,6.3
203915,Spencer Dinwiddie,LAL,2023-24,february,Role Player,Role,11.8,17.8,60.0,77,10,27.0,6.2
1628372,Dennis Smith Jr.,BKN,2023-24,february,Role Player,Role,17.0,27.8,30.508474576271183,75,11,19.8,6.2
203109,Jae Crowder,MIL,2023-24,february,Role Player,Role,10.5,9.5,54.23728813559322,78,12,28.2,6.2
203995,Vasilije Micic,CHA,2023-24,february,Role Player,Role,19.6,38.6,42.85714285714286,75,11,18.6,6.1
203937,Kyle Anderson,MIN,2023-24,february,Role Player,Role,12.3,27.5,10.638297872340424,81,10,21.2,6.0
1626192,Pat Connaughton,MIL,2023-24,february,Role Player,Role,10.8,15.1,60.86956521739131,77,12,23.8,5.9
1627827,Dorian Finney-Smith,BKN,2023-24,february,Role Player,Role,13.6,9.1,58.490566037735846,79,8,21.4,5.9
1631311,Lester Quinones,GSW,2023-24,february,Role Player,Role,15.7,13.9,57.446808510638306,76,14,15.5,5.9
1629637,Jaxson Hayes,LAL,2023-24,february,Rim Runner,Big,11.9,6.7,5.882352941176471,84,12,15.1,5.8
1628470,Torrey Craig,CHI,2023-24,february,Role Player,Role,11.9,8.6,80.85106382978722,77,6,20.3,5.8
1631128,Christian Braun,DEN,2023-24,february,Role Player,Role,13.4,6.9,34.54545454545455,78,11,20.5,5.7
1641998,Trey Jemison III,MEM,2023-24,february,Rim Runner,Big,14.4,7.4,0.0,82,7,20.0,5.7
1628371,Jonathan Isaac,ORL,2023-24,february,Anchor Big,Big,15.7,5.2,21.73913043478261,82,10,16.7,5.7
1629312,Haywood Highsmith,MIA,2023-24,february,Role Player,Role,12.0,1.6,60.0,77,9,20.2,5.7
1630577,Julian Champagnie,SAS,2023-24,february,3&D Wing,Wing,12.2,12.1,64.15094339622641,79,12,19.9,5.7
1629723,John Konchar,MEM,2023-24,february,3&D Wing,Wing,10.0,13.2,47.916666666666664,77,8,25.9,5.6
1628464,Daniel Theis,LAC,2023-24,february,Role Player,Role,15.3,9.5,27.906976744186046,80,6,15.7,5.5
1630592,Jalen Wilson,BKN,2023-24,february,3&D Wing,Wing,11.7,10.5,48.88888888888889,78,10,18.9,5.5
1627732,Ben Simmons,BKN,2023-24,february,Versatile Big,Big,13.8,32.1,0.0,82,8,18.8,5.4
1630230,Naji Marshall,NOP,2023-24,february,Role Player,Role,13.8,14.8,47.916666666666664,78,9,19.9,5.2
1631108,Max Christie,LAL,2023-24,february,Role Player,Role,11.6,11.3,52.94117647058824,77,9,15.3,5.1
1627884,Derrick Jones Jr.,DAL,2023-24,february,3&D Wing,Wing,11.4,4.9,39.473684210526315,78,11,19.4,5.0
1631200,Kris Murray,POR,2023-24,february,3&D Wing,Wing,13.1,10.6,45.09803921568628,80,9,22.0,4.9
1626224,Cedi Osman,SAS,2023-24,february,Role Player,Role,13.4,10.5,66.66666666666666,79,12,15.9,4.8
1630558,Davion Mitchell,SAC,2023-24,february,Role Player,Role,11.8,13.5,52.94117647058824,72,12,15.2,4.7
1628420,Monte Morris,MIN,2023-24,february,Role Player,Role,15.6,22.2,48.148148148148145,74,9,15.7,4.7
201152,Thaddeus Young,PHX,2023-24,february,Role Player,Role,8.7,10.3,6.666666666666667,80,5,18.5,4.6
1631104,Blake Wesley,SAS,2023-24,february,Role Player,Role,13.5,26.0,30.303030303030305,75,12,15.9,4.5
1630579,Jericho Sims,NYK,2023-24,february,Rim Runner,Big,6.3,8.8,0.0,82,9,22.2,4.3
204060,Joe Ingles,ORL,2023-24,february,Role Player,Role,10.0,21.0,80.0,81,12,15.4,4.3
1626204,Larry Nance Jr.,NOP,2023-24,february,Role Player,Role,9.5,13.2,25.0,80,11,20.5,4.2
203200,Justin Holiday,DEN,2023-24,february,Role Player,Role,11.4,8.2,75.0,78,10,16.9,4.1
1641778,Leaky Black,CHA,2023-24,february,Role Player,Role,9.2,13.8,33.33333333333333,78,5,21.1,4.0
1629680,Matisse Thybulle,POR,2023-24,february,Role Player,Role,9.6,10.2,59.61538461538461,77,9,26.1,3.2
1641787,Tosan Evbuomwan,DET,2023-24,february,Role Player,Role,9.2,9.7,50.0,79,6,15.0,2.8
1629029,Luka Dončić,DAL,2023-24,march,Primary Initiator,Primary,35.9,42.9,46.44351464435147,79,14,37.4,32.5
203507,Giannis Antetokounmpo,MIL,2023-24,march,Versatile Big,Big,32.8,35.3,8.542713567839197,83,11,37.2,31.8
1628973,Jalen Brunson,NYK,2023-24,march,Primary Initiator,Primary,35.8,32.5,34.36123348017621,74,13,30.9,28.8
1628369,Jayson Tatum,BOS,2023-24,march,Primary Initiator,Primary,30.8,20.9,38.80597014925373,80,14,36.2,28.4
1630224,Jalen Green,HOU,2023-24,march,Primary Initiator,Primary,28.2,15.6,46.34146341463415,76,15,36.6,27.7
203999,Nikola Jokić,DEN,2023-24,march,Versatile Big,Big,28.9,32.4,13.684210526315791,83,14,37.1,27.6
1627759,Jaylen Brown,BOS,2023-24,march,Secondary Ball Handler,Secondary,31.2,14.9,31.25,78,13,34.1,27.0
1630560,Cam Thomas,BKN,2023-24,march,Secondary Ball Handler,Secondary,29.8,20.0,33.16831683168317,75,11,36.4,26.8
1627749,Dejounte Murray,ATL,2023-24,march,Primary Initiator,Primary,29.5,37.9,46.18834080717489,77,15,38.3,26.7
201142,Kevin Durant,PHX,2023-24,march,Rim Runner,Big,28.8,15.2,28.795811518324605,83,15,36.8,26.5
1628983,Shai Gilgeous-Alexander,OKC,2023-24,march,Primary Initiator,Primary,30.7,24.7,23.316062176165804,78,13,34.3,26.3
2544,LeBron James,LAL,2023-24,march,Role Player,Role,28.0,36.1,28.22085889570552,81,12,35.9,26.1
201942,DeMar DeRozan,CHI,2023-24,march,Role Player,Role,27.3,22.3,17.058823529411764,78,16,36.5,25.5
1628374,Lauri Markkanen,UTA,2023-24,march,Stretch Big,Big,26.9,11.5,44.827586206896555,84,5,36.7,25.4
1628368,De'Aaron Fox,SAC,2023-24,march,Primary Initiator,Primary,29.6,26.9,35.406698564593306,75,15,36.0,24.8
203081,Damian Lillard,MIL,2023-24,march,Role Player,Role,26.7,34.8,49.46808510638298,74,13,37.4,24.5
1630578,Alperen Sengun,HOU,2023-24,march,Versatile Big,Big,30.1,23.7,4.9504950495049505,83,5,34.6,24.4
1630178,Tyrese Maxey,PHI,2023-24,march,Secondary Ball Handler,Secondary,28.0,24.5,38.42364532019704,74,12,38.2,24.3
1630162,Anthony Edwards,MIN,2023-24,march,Secondary Ball Handler,Secondary,31.3,24.1,31.06796116504854,76,15,35.7,24.3
202331,Paul George,LAC,2023-24,march,Role Player,Role,25.7,14.8,48.466257668711656,80,16,35.3,24.3
1626164,Devin Booker,PHX,2023-24,march,Primary Initiator,Primary,28.3,28.4,32.97872340425532,78,11,35.6,24.1
1629627,Zion Williamson,NOP,2023-24,march,Role Player,Role,28.7,24.5,0.6849315068493151,78,14,32.7,24.1
202681,Kyrie Irving,DAL,2023-24,march,Role Player,Role,26.3,23.4,40.0,74,15,35.6,24.0
1628398,Kyle Kuzma,WAS,2023-24,march,Role Player,Role,28.8,23.9,26.08695652173913,81,12,35.1,23.4
1629028,Deandre Ayton,POR,2023-24,march,Rim Runner,Big,25.5,5.1,2.857142857142857,84,8,34.9,23.4
1641705,Victor Wembanyama,SAS,2023-24,march,Versatile Big,Big,32.4,25.8,38.01169590643275,88,12,31.6,23.2
202695,Kawhi Leonard,LAC,2023-24,march,Secondary Ball Handler,Secondary,27.8,15.5,26.16279069767442,79,16,33.8,22.9
203076,Anthony Davis,LAL,2023-24,march,Rim Runner,Big,24.7,13.7,10.493827160493828,82,13,36.3,22.8
1627750,Jamal Murray,DEN,2023-24,march,Primary Initiator,Primary,28.3,32.3,26.31578947368421,76,10,36.1,22.7
1629014,Anfernee Simons,POR,2023-24,march,Secondary Ball Handler,Secondary,26.2,28.0,51.14942528735633,75,12,35.9,22.6
1629012,Collin Sexton,UTA,2023-24,march,Secondary Ball Handler,Secondary,25.6,28.4,27.710843373493972,75,15,33.7,22.5
201939,Stephen Curry,GSW,2023-24,march,Movement Shooter,Shooter,29.6,23.4,61.49732620320856,74,13,30.2,22.4
1630595,Cade Cunningham,DET,2023-24,march,Primary Initiator,Primary,32.6,43.5,30.1980198019802,78,13,31.6,22.3
1629628,RJ Barrett,TOR,2023-24,march,Role Player,Role,24.2,20.0,23.75,78,5,34.7,22.0
1627783,Pascal Siakam,IND,2023-24,march,Role Player,Role,26.6,17.1,10.625,80,15,31.3,21.7
1628970,Miles Bridges,CHA,2023-24,march,Role Player,Role,24.8,14.7,37.01657458563536,79,15,39.1,21.3
1631094,Paolo Banchero,ORL,2023-24,march,Versatile Big,Big,28.0,28.9,28.481012658227844,82,14,34.5,20.8
1629018,Gary Trent Jr.,TOR,2023-24,march,3&D Wing,Wing,23.8,9.6,47.97687861271677,77,12,32.8,20.8
204001,Kristaps Porziņģis,BOS,2023-24,march,Stretch Big,Big,27.5,9.5,41.463414634146346,86,9,30.9,20.4
1631114,Jalen Williams,OKC,2023-24,march,Secondary Ball Handler,Secondary,26.5,22.0,24.83660130718954,77,14,30.4,20.4
1630170,Devin Vassell,SAS,2023-24,march,Role Player,Role,22.8,21.0,36.09467455621302,77,13,37.5,20.2
203903,Jordan Clarkson,UTA,2023-24,march,Role Player,Role,26.8,23.8,32.558139534883715,75,5,33.1,20.0
1628991,Jaren Jackson Jr.,MEM,2023-24,march,Anchor Big,Big,29.9,17.8,26.96629213483146,82,10,33.0,19.9
1626156,D'Angelo Russell,LAL,2023-24,march,Secondary Ball Handler,Secondary,22.9,25.5,56.86274509803921,75,13,35.3,19.7
202710,Jimmy Butler III,MIA,2023-24,march,Role Player,Role,23.2,23.2,18.79699248120301,79,12,34.0,19.7
1630228,Jonathan Kuminga,GSW,2023-24,march,Secondary Ball Handler,Secondary,26.5,11.6,14.864864864864863,79,13,29.0,19.4
1629673,Jordan Poole,WAS,2023-24,march,Secondary Ball Handler,Secondary,26.9,28.7,51.5527950310559,76,16,30.6,19.3
1628978,Donte DiVincenzo,NYK,2023-24,march,Movement Shooter,Shooter,22.1,12.8,74.39024390243902,76,14,37.3,19.2
1626162,Kelly Oubre Jr.,PHI,2023-24,march,Role Player,Role,28.2,12.7,31.764705882352946,79,15,32.6,19.2
1629632,Coby White,CHI,2023-24,march,Secondary Ball Handler,Secondary,22.6,18.7,43.87096774193549,77,13,37.0,19.2
1628381,John Collins,UTA,2023-24,march,Role Player,Role,22.7,5.0,27.731092436974787,81,12,28.2,19.0
203468,CJ McCollum,NOP,2023-24,march,Secondary Ball Handler,Secondary,25.3,20.3,53.086419753086425,75,14,32.6,18.8
1629008,Michael Porter Jr.,DEN,2023-24,march,Stretch Big,Big,20.0,7.0,48.837209302325576,82,15,31.9,18.7
1630217,Desmond Bane,MEM,2023-24,march,Secondary Ball Handler,Secondary,25.0,32.1,50.0,77,5,33.1,18.6
1641706,Brandon Miller,CHA,2023-24,march,Secondary Ball Handler,Secondary,25.4,13.1,50.60975609756099,79,14,33.4,18.6
1627734,Domantas Sabonis,SAC,2023-24,march,Versatile Big,Big,22.2,30.4,7.03125,82,16,36.3,18.6
1630193,Immanuel Quickley,TOR,2023-24,march,Secondary Ball Handler,Secondary,23.5,40.1,47.74193548387097,74,8,36.2,18.5
202696,Nikola Vučević,CHI,2023-24,march,Rim Runner,Big,24.3,15.8,25.806451612903224,82,16,33.1,18.3
1630552,Jalen Johnson,ATL,2023-24,march,Secondary Ball Handler,Secondary,22.5,21.1,34.21052631578947,80,6,32.6,18.2
1626179,Terry Rozier,MIA,2023-24,march,Role Player,Role,24.1,21.8,37.5,73,15,33.3,18.1
1627832,Fred VanVleet,HOU,2023-24,march,Role Player,Role,19.1,32.0,60.58394160583942,72,15,36.3,18.1
1628969,Mikal Bridges,BKN,2023-24,march,Role Player,Role,21.6,16.0,56.375838926174495,78,16,37.2,18.1
1629636,Darius Garland,CLE,2023-24,march,Secondary Ball Handler,Secondary,25.1,33.5,50.32258064516129,73,17,34.6,17.9
1630625,Dalano Banton,POR,2023-24,march,Role Player,Role,26.9,19.3,40.25157232704403,80,17,30.9,17.9
1630559,Austin Reaves,LAL,2023-24,march,Secondary Ball Handler,Secondary,20.4,25.3,50.0,77,14,35.6,17.9
202691,Klay Thompson,GSW,2023-24,march,Movement Shooter,Shooter,24.2,11.9,63.013698630136986,78,15,27.5,17.8
1628389,Bam Adebayo,MIA,2023-24,march,Role Player,Role,22.8,18.1,9.923664122137406,81,14,33.2,17.8
1628386,Jarrett Allen,CLE,2023-24,march,Role Player,Role,20.6,13.1,0.0,81,17,33.0,17.7
203992,Bogdan Bogdanović,ATL,2023-24,march,Secondary Ball Handler,Secondary,21.6,17.7,54.48275862068965,77,14,34.3,17.6
1641713,GG Jackson,MEM,2023-24,march,3&D Wing,Wing,23.3,9.3,54.47761194029851,81,14,31.5,17.3
1629060,Rui Hachimura,LAL,2023-24,march,3&D Wing,Wing,18.4,6.6,33.050847457627114,80,14,31.6,17.3
202699,Tobias Harris,PHI,2023-24,march,Role Player,Role,21.4,12.4,30.405405405405407,80,14,34.7,17.3
1630166,Deni Avdija,WAS,2023-24,march,Secondary Ball Handler,Secondary,21.1,17.0,28.148148148148145,81,12,35.2,17.3
1630530,Trey Murphy III,NOP,2023-24,march,Role Player,Role,19.8,11.9,71.07438016528926,80,14,32.0,17.1
1630245,Ayo Dosunmu,CHI,2023-24,march,Role Player,Role,18.7,20.4,37.6923076923077,77,16,36.7,16.9
1628370,Malik Monk,SAC,2023-24,march,Secondary Ball Handler,Secondary,27.2,26.8,39.310344827586206,75,15,26.8,16.9
203078,Bradley Beal,PHX,2023-24,march,Secondary Ball Handler,Secondary,21.0,25.9,33.33333333333333,76,15,33.7,16.7
1627742,Brandon Ingram,NOP,2023-24,march,Role Player,Role,24.3,25.8,18.3206106870229,80,9,30.8,16.7
1630169,Tyrese Haliburton,IND,2023-24,march,Role Player,Role,22.8,38.4,51.04895104895104,77,15,32.8,16.7
1629631,De'Andre Hunter,ATL,2023-24,march,Role Player,Role,22.4,7.6,47.76119402985074,80,15,30.7,16.5
1641718,Keyonte George,UTA,2023-24,march,Secondary Ball Handler,Secondary,25.5,23.1,48.93617021276596,76,14,32.1,16.4
1629675,Naz Reid,MIN,2023-24,march,Role Player,Role,24.2,13.0,50.0,81,14,28.9,16.4
1630581,Josh Giddey,OKC,2023-24,march,Secondary Ball Handler,Secondary,23.7,29.9,32.5,80,15,25.8,16.3
1629640,Keldon Johnson,SAS,2023-24,march,Role Player,Role,19.1,10.8,53.04347826086955,77,12,29.9,16.3
203471,Dennis Schröder,BKN,2023-24,march,Secondary Ball Handler,Secondary,21.8,29.1,42.028985507246375,73,16,35.1,16.2
1630180,Saddiq Bey,ATL,2023-24,march,Role Player,Role,20.0,6.7,51.51515151515152,79,5,35.1,16.0
203114,Khris Middleton,MIL,2023-24,march,Secondary Ball Handler,Secondary,21.0,29.0,39.02439024390244,79,6,32.1,15.8
1631093,Jaden Ivey,DET,2023-24,march,Role Player,Role,24.9,19.3,40.27777777777777,76,15,31.2,15.7
1631323,Simone Fontecchio,DET,2023-24,march,3&D Wing,Wing,17.7,8.2,53.448275862068975,79,9,31.9,15.7
1626181,Norman Powell,LAC,2023-24,march,Role Player,Role,20.5,7.2,50.92592592592592,76,14,27.8,15.6
1630596,Evan Mobley,CLE,2023-24,march,Versatile Big,Big,20.8,26.3,16.666666666666668,83,8,27.7,15.5
1630532,Franz Wagner,ORL,2023-24,march,Rim Runner,Big,23.0,14.2,27.559055118110237,82,14,30.9,15.5
1628960,Grayson Allen,PHX,2023-24,march,Role Player,Role,15.2,12.4,72.11538461538461,76,15,35.0,15.5
1626167,Myles Turner,IND,2023-24,march,Rim Runner,Big,23.9,6.9,38.33333333333333,83,15,26.7,15.5
1626171,Bobby Portis,MIL,2023-24,march,Rim Runner,Big,25.2,7.2,21.259842519685044,82,14,25.8,15.4
1628401,Derrick White,BOS,2023-24,march,Role Player,Role,17.6,25.2,59.66386554621849,76,14,34.4,15.2
1630703,Scoot Henderson,POR,2023-24,march,Primary Initiator,Primary,28.1,29.3,30.069930069930063,75,12,29.4,14.9
203497,Rudy Gobert,MIN,2023-24,march,Anchor Big,Big,13.9,6.4,0.0,85,11,37.5,14.8
1631099,Keegan Murray,SAC,2023-24,march,Role Player,Role,16.3,7.2,54.09836065573771,80,15,35.3,14.7
201935,James Harden,LAC,2023-24,march,Role Player,Role,19.4,37.4,58.26086956521739,77,15,35.1,14.7
1631096,Chet Holmgren,OKC,2023-24,march,Anchor Big,Big,19.6,8.1,37.383177570093466,85,15,28.8,14.3
1630557,Corey Kispert,WAS,2023-24,march,Role Player,Role,17.4,7.3,58.33333333333333,78,16,31.5,14.3
1631246,Vince Williams Jr.,MEM,2023-24,march,Role Player,Role,18.8,28.9,38.77551020408163,76,5,34.8,14.2
1631095,Jabari Smith Jr.,HOU,2023-24,march,Stretch Big,Big,17.4,5.9,49.03846153846153,83,14,30.1,14.1
1629130,Duncan Robinson,MIA,2023-24,march,Movement Shooter,Shooter,18.4,13.1,77.98165137614679,79,10,31.4,14.0
1630540,Miles McBride,NYK,2023-24,march,Role Player,Role,14.3,12.4,62.264150943396224,73,14,35.5,13.9
201144,Mike Conley,MIN,2023-24,march,Role Player,Role,18.6,27.6,55.44554455445544,72,15,29.7,13.8
204456,T.J. McConnell,IND,2023-24,march,Secondary Ball Handler,Secondary,27.1,32.7,10.0,73,15,19.7,13.7
1631105,Jalen Duren,DET,2023-24,march,Rim Runner,Big,19.0,12.7,0.0,82,13,28.0,13.6
203084,Harrison Barnes,SAC,2023-24,march,3&D Wing,Wing,18.0,6.3,44.230769230769226,80,16,29.2,13.6
203482,Kelly Olynyk,TOR,2023-24,march,Versatile Big,Big,20.4,29.3,31.182795698924725,83,15,28.8,13.5
203995,Vasilije Micic,CHA,2023-24,march,Role Player,Role,20.5,30.9,34.57943925233645,75,15,31.5,13.4
203932,Aaron Gordon,DEN,2023-24,march,Role Player,Role,17.8,17.0,20.388349514563107,80,14,31.9,13.4
203952,Andrew Wiggins,GSW,2023-24,march,Role Player,Role,21.5,8.6,34.21052631578947,79,14,26.0,13.4
1631222,Jake LaRavia,MEM,2023-24,march,3&D Wing,Wing,20.8,11.9,50.96153846153846,79,15,27.4,13.3
1629684,Grant Williams,CHA,2023-24,march,Role Player,Role,18.8,14.8,41.23711340206186,78,15,30.7,13.2
1630590,Scotty Pippen Jr.,MEM,2023-24,march,Role Player,Role,22.9,29.4,40.0,73,5,24.7,13.2
1641708,Amen Thompson,HOU,2023-24,march,Role Player,Role,17.9,13.2,6.451612903225806,79,15,26.4,13.1
1629661,Cameron Johnson,BKN,2023-24,march,Role Player,Role,19.3,10.4,62.88659793814433,80,10,26.7,13.1
1630583,Santi Aldama,MEM,2023-24,march,Stretch Big,Big,16.3,13.6,56.19047619047619,84,13,32.6,13.1
1631110,Jeremy Sochan,SAS,2023-24,march,Role Player,Role,20.6,14.3,34.45378151260503,80,14,30.6,13.0
1629651,Nic Claxton,BKN,2023-24,march,Rim Runner,Big,15.9,12.1,1.2048192771084336,83,16,31.7,12.9
1630591,Jalen Suggs,ORL,2023-24,march,Role Player,Role,18.5,16.9,56.52173913043479,77,12,27.7,12.9
1641715,Cam Whitmore,HOU,2023-24,march,Role Player,Role,27.2,5.0,41.73913043478261,79,6,20.0,12.7
1629622,Max Strus,CLE,2023-24,march,Role Player,Role,18.7,12.9,61.702127659574465,77,5,28.6,12.6
203991,Clint Capela,ATL,2023-24,march,Anchor Big,Big,18.5,11.0,1.0638297872340423,82,15,26.2,12.5
1628963,Marvin Bagley III,WAS,2023-24,march,Rim Runner,Big,18.2,5.0,8.333333333333332,82,7,23.2,12.4
1630183,Jaden McDaniels,MIN,2023-24,march,Role Player,Role,17.5,6.7,42.857142857142854,81,15,31.4,12.4
1627777,Georges Niang,CLE,2023-24,march,Role Player,Role,17.8,8.6,61.111111111111114,79,17,27.0,12.1
1628379,Luke Kennard,MEM,2023-24,march,Movement Shooter,Shooter,18.1,30.8,72.72727272727273,77,8,27.4,12.0
1627747,Caris LeVert,CLE,2023-24,march,Secondary Ball Handler,Secondary,21.0,34.0,42.98245614035088,78,14,32.3,11.9
1630175,Cole Anthony,ORL,2023-24,march,Secondary Ball Handler,Secondary,23.1,16.2,46.46464646464646,74,14,22.4,11.9
1630205,Lamar Stevens,MEM,2023-24,march,Role Player,Role,22.9,8.1,22.429906542056074,79,9,22.3,11.8
1627736,Malik Beasley,MIL,2023-24,march,Role Player,Role,16.2,4.9,78.7037037037037,76,13,31.5,11.8
1630544,Tre Mann,CHA,2023-24,march,Role Player,Role,18.2,24.9,36.73469387755102,75,12,31.5,11.8
1641711,Gradey Dick,TOR,2023-24,march,Role Player,Role,17.9,7.9,50.90909090909091,78,15,30.5,11.7
1629655,Daniel Gafford,DAL,2023-24,march,Rim Runner,Big,15.1,11.0,0.0,82,15,22.0,11.6
201950,Jrue Holiday,BOS,2023-24,march,Role Player,Role,13.6,22.1,58.333333333333336,76,10,32.5,11.5
1627936,Alex Caruso,CHI,2023-24,march,3&D Wing,Wing,15.0,20.8,65.88235294117646,77,16,31.5,11.3
201143,Al Horford,BOS,2023-24,march,Role Player,Role,13.3,10.4,57.89473684210527,81,12,28.3,11.1
1630202,Payton Pritchard,BOS,2023-24,march,Role Player,Role,17.4,23.4,52.27272727272726,73,16,25.2,11.1
1627741,Buddy Hield,PHI,2023-24,march,Movement Shooter,Shooter,18.9,17.0,61.702127659574465,76,17,24.0,11.1
1641871,Duop Reath,POR,2023-24,march,Role Player,Role,20.8,7.9,44.705882352941174,81,17,21.0,11.0
1630573,Sam Hauser,BOS,2023-24,march,Movement Shooter,Shooter,16.2,6.0,86.25,79,14,21.9,11.0
1631218,Trayce Jackson-Davis,GSW,2023-24,march,Role Player,Role,13.7,10.0,1.4925373134328357,81,15,24.6,10.9
1628404,Josh Hart,NYK,2023-24,march,3&D Wing,Wing,13.9,20.4,38.679245283018865,76,14,41.6,10.9
1628971,Bruce Brown,TOR,2023-24,march,Role Player,Role,17.2,19.0,21.176470588235293,76,11,28.0,10.8
1630174,Aaron Nesmith,IND,2023-24,march,Movement Shooter,Shooter,14.9,8.1,56.179775280898866,78,14,29.8,10.6
201572,Brook Lopez,MIL,2023-24,march,Stretch Big,Big,13.7,7.1,61.9718309859155,85,14,29.0,10.6
1630191,Isaiah Stewart,DET,2023-24,march,Role Player,Role,11.4,5.5,53.52112676056338,80,10,31.9,10.6
1629023,P.J. Washington,DAL,2023-24,march,Role Player,Role,14.8,5.2,58.58585858585859,79,15,32.4,10.5
1631103,Malaki Branham,SAS,2023-24,march,Role Player,Role,21.9,15.5,45.05494505494505,76,15,21.0,10.5
1627826,Ivica Zubac,LAC,2023-24,march,Post Scorer,Big,15.0,8.5,0.0,84,16,25.8,10.4
1626166,Cameron Payne,PHI,2023-24,march,Role Player,Role,24.3,26.6,50.54945054945055,75,16,19.3,10.3
1641731,Bilal Coulibaly,WAS,2023-24,march,Role Player,Role,14.7,8.1,52.38095238095239,80,7,31.6,10.3
1631170,Jaime Jaquez Jr.,MIA,2023-24,march,Role Player,Role,16.8,13.8,30.952380952380953,78,14,27.1,10.3
1629652,Luguentz Dort,OKC,2023-24,march,3&D Wing,Wing,14.3,7.1,65.82278481012658,76,15,28.5,10.3
1628976,Wendell Carter Jr.,ORL,2023-24,march,Stretch Big,Big,17.6,12.6,45.45454545454545,82,13,25.7,10.2
1628997,Caleb Martin,MIA,2023-24,march,Role Player,Role,17.4,13.3,52.22222222222223,77,14,27.2,10.1
1641709,Ausar Thompson,DET,2023-24,march,Role Player,Role,15.9,8.4,42.5531914893617,78,5,31.8,10.0
1630529,Herbert Jones,NOP,2023-24,march,Role Player,Role,13.0,12.6,54.285714285714285,79,13,32.2,10.0
1630171,Isaac Okoro,CLE,2023-24,march,3&D Wing,Wing,14.2,8.8,51.19047619047619,77,16,31.3,9.9
1631133,Jabari Walker,POR,2023-24,march,Role Player,Role,15.5,8.0,18.421052631578945,79,12,25.6,9.9
1629614,Andrew Nembhard,IND,2023-24,march,Role Player,Role,14.0,14.9,41.77215189873417,76,15,28.4,9.9
1628415,Dillon Brooks,HOU,2023-24,march,Role Player,Role,15.7,7.6,56.38297872340425,78,15,29.4,9.9
1628392,Isaiah Hartenstein,NYK,2023-24,march,Anchor Big,Big,14.0,19.0,0.0,84,14,24.1,9.9
1628371,Jonathan Isaac,ORL,2023-24,march,Stretch Big,Big,15.6,4.5,47.27272727272727,82,11,17.5,9.8
1628380,Zach Collins,SAS,2023-24,march,Rim Runner,Big,23.8,17.5,19.73684210526316,83,14,18.6,9.8
1630164,James Wiseman,DET,2023-24,march,Anchor Big,Big,18.3,9.5,0.0,83,16,20.4,9.7
1630208,Nick Richards,CHA,2023-24,march,Rim Runner,Big,12.0,3.3,0.0,84,14,28.6,9.6
1629611,Terance Mann,LAC,2023-24,march,Role Player,Role,14.4,5.0,42.42424242424242,77,16,24.8,9.6
1629638,Nickeil Alexander-Walker,MIN,2023-24,march,Role Player,Role,14.9,10.8,60.0,77,15,25.6,9.5
203484,Kentavious Caldwell-Pope,DEN,2023-24,march,Role Player,Role,11.2,10.1,64.17910447761194,77,14,32.3,9.5
1629670,Jordan Nwora,TOR,2023-24,march,Role Player,Role,23.6,10.8,41.25,80,15,17.2,9.5
1630200,Tre Jones,SAS,2023-24,march,Role Player,Role,12.7,31.1,34.32835820895522,73,15,30.1,9.5
1626145,Tyus Jones,WAS,2023-24,march,3&D Wing,Wing,14.8,39.7,56.179775280898866,73,7,29.3,9.4
1630194,Paul Reed,PHI,2023-24,march,Role Player,Role,17.7,9.7,15.27777777777778,81,17,23.3,9.4
101108,Chris Paul,GSW,2023-24,march,Role Player,Role,16.8,36.5,37.34939759036144,72,16,24.1,9.4
1641739,Toumani Camara,POR,2023-24,march,3&D Wing,Wing,12.2,9.4,37.68115942028986,79,14,29.3,9.4
1630241,Sam Merrill,CLE,2023-24,march,Role Player,Role,16.2,14.7,96.25,76,17,23.9,9.4
200768,Kyle Lowry,PHI,2023-24,march,Role Player,Role,13.9,24.3,67.6056338028169,72,15,30.3,9.3
1641707,Taylor Hendricks,UTA,2023-24,march,Role Player,Role,13.0,4.3,58.9041095890411,81,12,27.3,9.2
1630173,Precious Achiuwa,NYK,2023-24,march,Role Player,Role,16.4,10.7,14.0625,80,14,23.6,9.1
1631200,Kris Murray,POR,2023-24,march,3&D Wing,Wing,13.9,10.4,48.8095238095238,80,17,30.6,9.1
202722,Davis Bertans,CHA,2023-24,march,Stretch Big,Big,16.8,7.7,81.92771084337348,82,15,23.5,9.0
1627827,Dorian Finney-Smith,BKN,2023-24,march,Role Player,Role,12.4,9.6,64.0,79,15,31.3,8.9
203501,Tim Hardaway Jr.,DAL,2023-24,march,Movement Shooter,Shooter,19.9,12.9,62.65060240963856,77,15,19.8,8.9
202704,Reggie Jackson,DEN,2023-24,march,Role Player,Role,22.4,26.0,38.27160493827161,74,15,18.6,8.8
1629021,Moritz Wagner,ORL,2023-24,march,Rim Runner,Big,21.9,15.7,25.454545454545453,83,14,15.3,8.7
1630541,Moses Moody,GSW,2023-24,march,3&D Wing,Wing,18.7,6.5,44.11764705882353,77,14,17.6,8.6
1641729,Brice Sensabaugh,UTA,2023-24,march,Role Player,Role,20.0,15.3,54.87804878048781,77,15,22.9,8.5
202711,Bojan Bogdanovic,NYK,2023-24,march,Role Player,Role,24.2,8.9,48.75,79,14,17.9,8.5
203937,Kyle Anderson,MIN,2023-24,march,Role Player,Role,14.8,26.9,7.042253521126761,81,13,26.8,8.5
203994,Jusuf Nurkić,PHX,2023-24,march,Anchor Big,Big,17.4,18.7,1.4084507042253522,84,14,26.5,8.4
201566,Russell Westbrook,LAC,2023-24,march,Secondary Ball Handler,Secondary,24.6,28.8,12.121212121212125,76,5,16.7,8.4
1641726,Dereck Lively II,DAL,2023-24,march,Rim Runner,Big,14.4,5.3,0.0,85,14,19.0,8.4
1630188,Jalen Smith,IND,2023-24,march,Role Player,Role,17.7,6.8,43.63636363636363,81,13,15.8,8.3
1626220,Royce O'Neale,PHX,2023-24,march,3&D Wing,Wing,13.8,14.0,67.6056338028169,78,15,24.8,8.3
201569,Eric Gordon,PHX,2023-24,march,3&D Wing,Wing,14.9,10.0,63.013698630136986,75,12,23.6,8.3
1631107,Nikola Jović,MIA,2023-24,march,Stretch Big,Big,16.3,13.4,64.17910447761194,82,13,21.6,8.2
1626158,Richaun Holmes,WAS,2023-24,march,Role Player,Role,14.0,4.5,3.389830508474576,81,11,22.7,8.2
1630692,Jordan Goodwin,MEM,2023-24,march,3&D Wing,Wing,19.5,26.8,41.0,76,7,27.2,8.1
1631128,Christian Braun,DEN,2023-24,march,Role Player,Role,14.8,10.4,32.758620689655174,78,15,21.2,8.1
203110,Draymond Green,GSW,2023-24,march,Role Player,Role,15.5,27.2,30.98591549295775,78,15,26.7,8.1
1629111,Jock Landale,HOU,2023-24,march,Anchor Big,Big,14.2,11.9,12.727272727272728,83,15,19.2,8.0
1641998,Trey Jemison III,MEM,2023-24,march,Anchor Big,Big,13.0,6.7,0.0,82,9,23.2,8.0
1630230,Naji Marshall,NOP,2023-24,march,Role Player,Role,15.0,12.5,44.61538461538461,78,14,21.0,7.9
1627752,Taurean Prince,LAL,2023-24,march,3&D Wing,Wing,14.7,4.9,62.71186440677966,78,13,19.5,7.8
202685,Jonas Valančiūnas,NOP,2023-24,march,Post Scorer,Big,19.5,11.4,20.3125,83,14,18.5,7.7
203083,Andre Drummond,CHI,2023-24,march,Rim Runner,Big,19.7,3.7,0.0,83,16,16.5,7.7
1629002,Chimezie Metu,DET,2023-24,march,Rim Runner,Big,14.7,12.6,34.32835820895522,82,6,26.0,7.7
1641764,Brandin Podziemski,GSW,2023-24,march,Role Player,Role,13.6,14.5,42.857142857142854,76,14,26.2,7.6
1629731,Dean Wade,CLE,2023-24,march,3&D Wing,Wing,11.5,6.8,86.20689655172414,81,5,24.6,7.6
1630167,Obi Toppin,IND,2023-24,march,Role Player,Role,13.8,6.5,42.857142857142854,81,15,17.6,7.5
1630577,Julian Champagnie,SAS,2023-24,march,3&D Wing,Wing,13.2,7.5,68.33333333333333,79,14,24.5,7.5
1628981,Bruno Fernando,ATL,2023-24,march,Role Player,Role,16.8,9.9,2.0408163265306123,81,15,19.2,7.5
1641717,Cason Wallace,OKC,2023-24,march,3&D Wing,Wing,14.0,9.0,51.66666666666667,75,15,21.2,7.5
1631165,Keon Ellis,SAC,2023-24,march,3&D Wing,Wing,10.3,9.7,64.81481481481481,75,15,25.8,7.5
1627884,Derrick Jones Jr.,DAL,2023-24,march,3&D Wing,Wing,14.3,6.3,38.0,78,15,19.2,7.3
1631204,Marcus Sasser,DET,2023-24,march,Role Player,Role,18.0,26.1,51.28205128205129,74,14,23.1,7.2
1630534,Ochai Agbaji,TOR,2023-24,march,Role Player,Role,16.2,7.6,35.80246913580247,77,14,25.2,7.2
1630558,Davion Mitchell,SAC,2023-24,march,Role Player,Role,14.9,13.3,45.09803921568628,72,16,17.2,7.2
1641787,Tosan Evbuomwan,DET,2023-24,march,Role Player,Role,12.5,3.4,43.75000000000001,79,8,23.2,7.1
1630215,Jared Butler,WAS,2023-24,march,Role Player,Role,18.9,33.3,35.294117647058826,75,12,20.4,7.1
201145,Jeff Green,HOU,2023-24,march,Role Player,Role,17.1,5.3,55.172413793103445,80,13,16.3,7.1
1630198,Isaiah Joe,OKC,2023-24,march,Role Player,Role,16.1,9.7,71.42857142857143,75,15,17.6,7.1
202694,Marcus Morris Sr.,CLE,2023-24,march,Role Player,Role,19.7,10.8,50.84745762711864,80,7,17.2,7.0
203914,Gary Harris,ORL,2023-24,march,3&D Wing,Wing,12.0,4.8,67.3076923076923,76,10,23.7,6.9
1629726,Garrison Mathews,ATL,2023-24,march,Role Player,Role,11.0,5.7,77.5,78,15,18.5,6.9
1631241,Javon Freeman-Liberty,TOR,2023-24,march,Role Player,Role,16.4,12.7,35.08771929824561,75,12,19.3,6.8
1630598,Aaron Wiggins,OKC,2023-24,march,3&D Wing,Wing,15.3,8.6,34.78260869565218,77,14,16.7,6.8
1630186,Jahmi'us Ramsey,TOR,2023-24,march,Role Player,Role,18.0,10.3,52.54237288135592,75,7,17.3,6.7
1629680,Matisse Thybulle,POR,2023-24,march,Role Player,Role,13.9,14.1,58.490566037735846,77,10,21.0,6.7
1630631,Jose Alvarado,NOP,2023-24,march,Role Player,Role,14.3,15.8,56.666666666666664,72,12,21.2,6.7
1631117,Walker Kessler,UTA,2023-24,march,Rim Runner,Big,10.6,7.5,0.0,84,12,24.6,6.7
1630548,Johnny Juzang,UTA,2023-24,march,Role Player,Role,14.4,6.6,75.00000000000001,77,11,18.3,6.6
1630197,Aleksej Pokusevski,CHA,2023-24,march,Rim Runner,Big,16.1,15.1,40.0,84,10,19.4,6.6
203095,Evan Fournier,DET,2023-24,march,Role Player,Role,19.0,16.3,60.29411764705882,78,16,17.8,6.6
1626204,Larry Nance Jr.,NOP,2023-24,march,Role Player,Role,9.7,12.4,17.77777777777778,80,13,23.4,6.5
203915,Spencer Dinwiddie,LAL,2023-24,march,Role Player,Role,11.7,10.4,60.416666666666664,77,14,24.8,6.5
203957,Danté Exum,DAL,2023-24,march,Role Player,Role,13.3,17.4,42.857142857142854,77,15,18.6,6.4
1628365,Markelle Fultz,ORL,2023-24,march,Role Player,Role,19.6,16.5,7.246376811594203,76,11,17.7,6.4
1630249,Vít Krejčí,ATL,2023-24,march,Movement Shooter,Shooter,9.0,10.3,65.3061224489796,80,13,27.6,6.3
1626168,Trey Lyles,SAC,2023-24,march,Role Player,Role,14.6,8.3,52.941176470588246,81,7,19.3,6.3
201988,Patty Mills,MIA,2023-24,march,Role Player,Role,18.9,12.6,65.15151515151516,74,11,17.7,6.3
1628470,Torrey Craig,CHI,2023-24,march,Role Player,Role,13.8,8.9,70.83333333333334,77,13,18.5,6.2
1631212,Peyton Watson,DEN,2023-24,march,Role Player,Role,16.9,7.9,28.813559322033893,79,15,18.3,6.2
1630551,Justin Champagnie,WAS,2023-24,march,Role Player,Role,16.3,12.0,66.66666666666666,78,8,17.6,6.1
1630204,Ashton Hagans,POR,2023-24,march,Role Player,Role,15.8,27.1,36.73469387755102,75,9,21.3,6.1
1626192,Pat Connaughton,MIL,2023-24,march,Role Player,Role,11.4,14.3,65.21739130434783,77,14,22.5,6.1
1629599,Amir Coffey,LAC,2023-24,march,Role Player,Role,11.3,9.1,57.14285714285714,79,17,22.5,6.0
1626224,Cedi Osman,SAS,2023-24,march,Role Player,Role,12.7,10.5,58.69565217391305,79,11,17.1,6.0
202066,Garrett Temple,TOR,2023-24,march,Role Player,Role,11.4,17.9,61.111111111111114,77,5,16.2,6.0
203109,Jae Crowder,MIL,2023-24,march,Role Player,Role,11.6,6.2,53.06122448979592,78,14,19.7,6.0
1628964,Mo Bamba,PHI,2023-24,march,Rim Runner,Big,13.2,7.3,39.024390243902445,84,17,18.5,5.9
1629312,Haywood Highsmith,MIA,2023-24,march,Role Player,Role,12.7,8.8,57.777777777777786,77,15,16.8,5.9
1628436,Luke Kornet,BOS,2023-24,march,Anchor Big,Big,10.9,10.4,0.0,85,13,18.0,5.9
201976,Patrick Beverley,MIL,2023-24,march,Role Player,Role,13.0,12.6,57.692307692307686,74,13,21.8,5.8
1629659,Talen Horton-Tucker,UTA,2023-24,march,Role Player,Role,19.9,21.7,48.48484848484849,76,9,15.9,5.8
201587,Nicolas Batum,PHI,2023-24,march,3&D Wing,Wing,9.3,9.5,68.62745098039215,80,15,28.0,5.7
1629723,John Konchar,MEM,2023-24,march,3&D Wing,Wing,9.6,13.2,63.04347826086957,77,10,29.7,5.7
1628372,Dennis Smith Jr.,BKN,2023-24,march,Role Player,Role,16.4,24.5,46.808510638297875,75,13,16.4,5.5
1629162,Jordan McLaughlin,MIN,2023-24,march,Role Player,Role,10.1,19.3,67.74193548387098,72,12,15.7,5.5
1629637,Jaxson Hayes,LAL,2023-24,march,Rim Runner,Big,12.7,4.2,3.571428571428572,84,13,15.3,5.5
1630649,Stanley Umude,DET,2023-24,march,Role Player,Role,13.5,2.6,67.3913043478261,78,7,16.7,5.4
1641767,Ben Sheppard,IND,2023-24,march,Role Player,Role,11.6,6.8,66.66666666666667,78,13,18.3,5.4
1630182,Josh Green,DAL,2023-24,march,3&D Wing,Wing,10.9,6.4,34.78260869565218,77,8,21.3,5.4
202330,Gordon Hayward,OKC,2023-24,march,Role Player,Role,12.4,15.6,40.54054054054054,79,15,17.1,5.1
1627739,Kris Dunn,UTA,2023-24,march,Role Player,Role,11.8,20.9,37.25490196078432,75,12,21.3,5.0
1628464,Daniel Theis,LAC,2023-24,march,Role Player,Role,14.6,10.3,27.906976744186046,80,13,15.3,4.9
1628989,Kevin Huerter,SAC,2023-24,march,Role Player,Role,15.6,16.0,57.37704918032788,79,8,19.0,4.9
1630610,DeJon Jarreau,MEM,2023-24,march,Role Player,Role,17.1,25.7,25.0,77,9,16.6,4.8
1631104,Blake Wesley,SAS,2023-24,march,Role Player,Role,13.5,25.6,25.71428571428572,75,15,15.0,4.6
203200,Justin Holiday,DEN,2023-24,march,Role Player,Role,10.3,10.7,64.86486486486486,78,14,16.3,4.6
1626153,Delon Wright,MIA,2023-24,march,Role Player,Role,12.8,14.7,37.735849056603776,77,8,20.3,4.5
1629007,Jontay Porter,DET,2023-24,march,Stretch Big,Big,14.3,28.6,68.42105263157895,82,9,15.4,4.4
1629234,Drew Eubanks,PHX,2023-24,march,Rim Runner,Big,10.9,5.7,0.0,82,15,15.1,4.4
1641712,Rayan Rupert,POR,2023-24,march,3&D Wing,Wing,11.7,13.8,42.857142857142854,78,15,17.0,4.2
1629052,Oshae Brissett,BOS,2023-24,march,Role Player,Role,10.8,6.8,31.03448275862069,79,10,15.7,3.7
204060,Joe Ingles,ORL,2023-24,march,Role Player,Role,9.6,22.6,78.26086956521739,81,14,16.8,3.6
1628972,Troy Brown Jr.,DET,2023-24,march,Role Player,Role,14.0,8.2,53.48837209302325,79,9,16.5,3.6
1630214,Xavier Tillman,BOS,2023-24,march,Role Player,Role,9.8,7.8,46.666666666666664,79,12,15.6,3.4
1629117,Wenyen Gabriel,BOS,2023-24,march,Role Player,Role,16.6,7.1,27.27272727272727,81,5,16.2,3.4
1631098,Johnny Davis,WAS,2023-24,march,Role Player,Role,10.2,7.9,38.235294117647065,76,16,15.0,3.3
200782,P.J. Tucker,LAC,2023-24,march,Role Player,Role,8.1,4.9,70.37037037037037,77,7,17.1,2.7
1628467,Maxi Kleber,DAL,2023-24,march,Stretch Big,Big,6.6,8.5,80.95238095238095,82,15,17.6,2.2
1628973,Jalen Brunson,NYK,2023-24,april,Primary Initiator,Primary,36.2,40.2,28.000000000000004,74,8,38.2,35.9
1629029,Luka Dončić,DAL,2023-24,april,Primary Initiator,Primary,35.0,41.7,58.620689655172406,79,5,38.5,32.0
201942,DeMar DeRozan,CHI,2023-24,april,Primary Initiator,Primary,30.3,24.4,13.761467889908255,78,6,40.6,30.7
203954,Joel Embiid,PHI,2023-24,april,Versatile Big,Big,39.7,33.8,27.83505154639176,84,5,30.5,30.4
1630178,Tyrese Maxey,PHI,2023-24,april,Primary Initiator,Primary,28.9,25.0,40.17857142857143,74,5,37.9,30.0
203999,Nikola Jokić,DEN,2023-24,april,Versatile Big,Big,29.2,34.9,17.36842105263158,83,7,35.7,29.0
202681,Kyrie Irving,DAL,2023-24,april,Role Player,Role,26.9,16.7,40.526315789473685,74,6,39.2,28.3
2544,LeBron James,LAL,2023-24,april,Primary Initiator,Primary,29.5,43.4,17.48633879781421,81,6,35.8,28.3
203468,CJ McCollum,NOP,2023-24,april,Secondary Ball Handler,Secondary,28.0,23.4,51.18483412322274,75,8,38.4,28.3
1626164,Devin Booker,PHX,2023-24,april,Secondary Ball Handler,Secondary,27.1,31.9,44.44444444444444,78,8,38.1,27.9
1628368,De'Aaron Fox,SAC,2023-24,april,Primary Initiator,Primary,29.1,24.4,44.19642857142858,75,8,37.6,27.8
1629628,RJ Barrett,TOR,2023-24,april,Role Player,Role,31.1,23.2,18.47826086956522,78,5,32.4,26.8
1630560,Cam Thomas,BKN,2023-24,april,Secondary Ball Handler,Secondary,30.8,12.0,39.5,75,7,34.8,26.3
1641705,Victor Wembanyama,SAS,2023-24,april,Stretch Big,Big,32.3,29.3,41.12149532710281,88,5,35.7,25.0
203076,Anthony Davis,LAL,2023-24,april,Anchor Big,Big,28.2,12.6,14.193548387096774,82,6,31.6,24.7
1627832,Fred VanVleet,HOU,2023-24,april,Role Player,Role,25.4,31.8,48.93617021276595,72,6,38.8,24.7
201939,Stephen Curry,GSW,2023-24,april,Primary Initiator,Primary,29.3,32.0,54.94505494505495,74,6,33.1,24.7
1630162,Anthony Edwards,MIN,2023-24,april,Secondary Ball Handler,Secondary,30.0,25.3,40.55555555555556,76,8,33.6,24.4
1627750,Jamal Murray,DEN,2023-24,april,Secondary Ball Handler,Secondary,32.9,24.5,45.238095238095234,76,5,25.7,24.0
1631094,Paolo Banchero,ORL,2023-24,april,Versatile Big,Big,31.2,26.4,27.86069651741293,82,8,36.8,24.0
1629673,Jordan Poole,WAS,2023-24,april,Secondary Ball Handler,Secondary,27.7,40.5,48.97959183673469,76,5,35.5,23.6
1629627,Zion Williamson,NOP,2023-24,april,Role Player,Role,31.9,24.8,3.1088082901554404,78,7,34.4,23.6
203081,Damian Lillard,MIL,2023-24,april,Primary Initiator,Primary,29.9,26.4,45.56962025316456,74,5,35.4,23.2
1630193,Immanuel Quickley,TOR,2023-24,april,Secondary Ball Handler,Secondary,26.8,36.3,51.31578947368421,74,6,32.0,23.2
202691,Klay Thompson,GSW,2023-24,april,Movement Shooter,Shooter,27.4,13.2,60.47904191616767,78,7,29.9,23.1
201142,Kevin Durant,PHX,2023-24,april,Rim Runner,Big,26.3,16.6,35.05154639175258,83,8,38.2,23.1
1629028,Deandre Ayton,POR,2023-24,april,Rim Runner,Big,28.0,11.5,4.368932038834951,84,7,34.4,23.0
202331,Paul George,LAC,2023-24,april,Role Player,Role,29.1,16.8,38.46153846153846,80,6,29.8,22.0
1630532,Franz Wagner,ORL,2023-24,april,Anchor Big,Big,25.8,14.0,28.37837837837838,82,6,30.4,21.8
1628369,Jayson Tatum,BOS,2023-24,april,Role Player,Role,27.9,24.8,45.67901234567901,80,5,33.0,21.2
203078,Bradley Beal,PHX,2023-24,april,Role Player,Role,20.0,20.6,33.088235294117645,76,8,35.2,21.0
1629639,Tyler Herro,MIA,2023-24,april,Role Player,Role,26.4,24.0,46.20689655172414,77,6,33.0,21.0
1641713,GG Jackson,MEM,2023-24,april,3&D Wing,Wing,26.5,10.0,45.90163934426229,81,8,33.9,20.8
1628978,Donte DiVincenzo,NYK,2023-24,april,Movement Shooter,Shooter,20.4,11.6,64.93506493506493,76,8,39.9,20.6
1630625,Dalano Banton,POR,2023-24,april,Role Player,Role,27.7,26.2,44.3298969072165,80,7,35.4,20.6
1627749,Dejounte Murray,ATL,2023-24,april,Primary Initiator,Primary,28.2,34.0,38.74345549738219,77,7,35.8,20.6
1627783,Pascal Siakam,IND,2023-24,april,Role Player,Role,26.1,8.8,12.738853503184714,80,7,29.2,20.4
1631222,Jake LaRavia,MEM,2023-24,april,3&D Wing,Wing,22.1,11.3,52.55474452554745,79,6,34.8,20.3
1641706,Brandon Miller,CHA,2023-24,april,Secondary Ball Handler,Secondary,25.0,10.5,50.69444444444444,79,7,32.4,20.3
1630530,Trey Murphy III,NOP,2023-24,april,Role Player,Role,16.8,10.6,72.35772357723576,80,8,37.4,19.6
1630703,Scoot Henderson,POR,2023-24,april,Role Player,Role,27.5,45.9,40.35087719298245,75,7,36.1,19.4
1630557,Corey Kispert,WAS,2023-24,april,Role Player,Role,18.4,15.5,59.3984962406015,78,7,37.5,19.0
202710,Jimmy Butler III,MIA,2023-24,april,Role Player,Role,21.3,25.4,24.793388429752067,79,8,35.0,19.0
1630166,Deni Avdija,WAS,2023-24,april,Secondary Ball Handler,Secondary,21.2,15.3,31.538461538461537,81,7,34.8,18.9
1626162,Kelly Oubre Jr.,PHI,2023-24,april,Role Player,Role,22.7,9.0,39.04109589041096,79,7,33.6,18.9
1630169,Tyrese Haliburton,IND,2023-24,april,Role Player,Role,21.6,36.3,59.70149253731343,77,7,32.0,18.9
1630202,Payton Pritchard,BOS,2023-24,april,Secondary Ball Handler,Secondary,23.0,31.6,43.16546762589928,73,8,29.2,18.8
204001,Kristaps Porziņģis,BOS,2023-24,april,Post Scorer,Big,21.9,16.7,30.188679245283023,86,5,27.6,18.6
1626167,Myles Turner,IND,2023-24,april,Stretch Big,Big,25.5,7.5,43.63636363636363,83,6,23.4,18.5
202696,Nikola Vučević,CHI,2023-24,april,Rim Runner,Big,20.9,12.7,23.333333333333332,82,6,35.4,18.5
1628386,Jarrett Allen,CLE,2023-24,april,Role Player,Role,18.7,14.3,0.8333333333333334,81,7,33.3,18.4
1629018,Gary Trent Jr.,TOR,2023-24,april,3&D Wing,Wing,24.0,12.8,48.8095238095238,77,5,31.6,18.4
1627747,Caris LeVert,CLE,2023-24,april,Secondary Ball Handler,Secondary,22.3,15.2,33.33333333333333,78,6,29.5,18.3
1629636,Darius Garland,CLE,2023-24,april,Secondary Ball Handler,Secondary,24.6,27.7,41.40127388535032,73,6,34.3,18.2
1628970,Miles Bridges,CHA,2023-24,april,Role Player,Role,23.2,16.9,35.333333333333336,79,6,34.1,18.0
1627734,Domantas Sabonis,SAC,2023-24,april,Versatile Big,Big,23.5,34.3,8.461538461538462,82,8,34.7,17.8
1629632,Coby White,CHI,2023-24,april,Secondary Ball Handler,Secondary,22.2,16.0,33.33333333333333,77,7,34.3,17.6
1626156,D'Angelo Russell,LAL,2023-24,april,Secondary Ball Handler,Secondary,20.3,20.2,63.69863013698631,75,7,35.6,17.6
1626171,Bobby Portis,MIL,2023-24,april,Rim Runner,Big,24.7,15.0,23.913043478260867,82,8,26.9,17.5
1630224,Jalen Green,HOU,2023-24,april,Movement Shooter,Shooter,26.6,21.1,55.12820512820513,76,8,32.0,17.1
203952,Andrew Wiggins,GSW,2023-24,april,Role Player,Role,24.7,7.1,43.44262295081968,79,6,28.0,17.0
1631093,Jaden Ivey,DET,2023-24,april,Role Player,Role,27.1,27.4,42.0,76,8,30.2,17.0
1631099,Keegan Murray,SAC,2023-24,april,Movement Shooter,Shooter,19.8,7.3,60.12658227848101,80,8,36.6,16.9
1629675,Naz Reid,MIN,2023-24,april,Role Player,Role,26.7,8.7,42.63565891472868,81,8,26.8,16.5
1629060,Rui Hachimura,LAL,2023-24,april,3&D Wing,Wing,19.1,8.4,35.833333333333336,80,7,30.1,16.4
203992,Bogdan Bogdanović,ATL,2023-24,april,Secondary Ball Handler,Secondary,20.5,16.2,59.20000000000001,77,8,32.2,16.3
1629659,Talen Horton-Tucker,UTA,2023-24,april,Role Player,Role,26.3,16.2,39.130434782608695,76,5,25.8,16.2
203114,Khris Middleton,MIL,2023-24,april,Secondary Ball Handler,Secondary,25.7,35.1,35.0,79,6,27.6,16.2
1631096,Chet Holmgren,OKC,2023-24,april,Anchor Big,Big,24.4,9.0,36.28318584070796,85,8,25.1,15.9
1629750,Javonte Green,CHI,2023-24,april,3&D Wing,Wing,16.7,2.2,34.57943925233645,77,6,29.9,15.8
1629631,De'Andre Hunter,ATL,2023-24,april,Role Player,Role,21.8,11.5,51.145038167938935,80,7,33.2,15.6
1629684,Grant Williams,CHA,2023-24,april,Role Player,Role,18.6,23.8,33.33333333333333,78,6,33.7,15.5
1631103,Malaki Branham,SAS,2023-24,april,Role Player,Role,18.7,6.5,53.84615384615385,76,5,32.6,15.4
203497,Rudy Gobert,MIN,2023-24,april,Rim Runner,Big,15.8,7.9,0.0,85,8,34.3,15.4
1630596,Evan Mobley,CLE,2023-24,april,Rim Runner,Big,20.0,15.4,17.543859649122805,83,7,30.5,15.3
1629023,P.J. Washington,DAL,2023-24,april,Role Player,Role,19.1,8.7,56.09756097560975,79,7,33.3,15.3
1631095,Jabari Smith Jr.,HOU,2023-24,april,Stretch Big,Big,18.2,12.6,52.0,83,8,33.9,15.3
1641774,Tristan Vukcevic,WAS,2023-24,april,Stretch Big,Big,25.1,12.5,50.87719298245613,82,5,24.3,15.2
204456,T.J. McConnell,IND,2023-24,april,Secondary Ball Handler,Secondary,26.8,47.6,8.403361344537814,73,7,20.0,15.1
1628389,Bam Adebayo,MIA,2023-24,april,Role Player,Role,21.2,16.1,12.605042016806722,81,8,31.8,15.1
1630590,Scotty Pippen Jr.,MEM,2023-24,april,Role Player,Role,24.8,30.7,31.451612903225808,73,8,27.8,15.1
1630552,Jalen Johnson,ATL,2023-24,april,Secondary Ball Handler,Secondary,20.6,22.5,25.396825396825403,80,5,31.1,15.0
1641718,Keyonte George,UTA,2023-24,april,Movement Shooter,Shooter,25.1,19.2,55.645161290322584,76,7,28.7,15.0
1629008,Michael Porter Jr.,DEN,2023-24,april,Stretch Big,Big,21.7,6.8,50.35460992907801,82,7,31.1,15.0
203932,Aaron Gordon,DEN,2023-24,april,Role Player,Role,16.1,24.0,24.39024390243903,80,5,30.3,14.8
203482,Kelly Olynyk,TOR,2023-24,april,Rim Runner,Big,17.8,18.3,27.058823529411764,83,6,29.2,14.7
1631204,Marcus Sasser,DET,2023-24,april,Secondary Ball Handler,Secondary,22.9,24.1,48.1203007518797,74,7,30.6,14.6
1630538,Bones Hyland,LAC,2023-24,april,Secondary Ball Handler,Secondary,27.5,38.6,50.0,74,5,21.0,14.2
1630559,Austin Reaves,LAL,2023-24,april,Role Player,Role,19.1,16.8,53.09734513274336,77,7,31.1,14.1
1641711,Gradey Dick,TOR,2023-24,april,Role Player,Role,18.7,0.7,50.806451612903224,78,7,30.0,14.1
1628960,Grayson Allen,PHX,2023-24,april,Role Player,Role,17.0,8.5,63.20754716981133,76,7,32.7,14.1
201572,Brook Lopez,MIL,2023-24,april,Stretch Big,Big,20.1,6.7,52.83018867924528,85,8,28.0,14.1
1630591,Jalen Suggs,ORL,2023-24,april,Role Player,Role,17.0,17.6,47.31182795698925,77,8,28.8,14.0
1629652,Luguentz Dort,OKC,2023-24,april,3&D Wing,Wing,19.3,8.6,57.57575757575758,76,7,28.2,14.0
1630167,Obi Toppin,IND,2023-24,april,Role Player,Role,21.9,16.4,45.55555555555555,81,7,18.5,13.7
203471,Dennis Schröder,BKN,2023-24,april,Secondary Ball Handler,Secondary,20.6,35.3,33.89830508474576,73,5,31.8,13.6
1628380,Zach Collins,SAS,2023-24,april,Versatile Big,Big,26.0,22.7,23.76237623762376,83,7,20.2,13.4
1630581,Josh Giddey,OKC,2023-24,april,Secondary Ball Handler,Secondary,22.5,31.6,21.62162162162162,80,7,28.3,13.3
1641715,Cam Whitmore,HOU,2023-24,april,Role Player,Role,24.2,11.1,50.45045045045045,79,8,22.5,13.3
1628415,Dillon Brooks,HOU,2023-24,april,Role Player,Role,17.5,6.5,48.62385321100917,78,7,31.8,13.1
201935,James Harden,LAC,2023-24,april,Secondary Ball Handler,Secondary,24.1,42.7,63.63636363636363,77,5,27.6,13.0
1628384,OG Anunoby,NYK,2023-24,april,Role Player,Role,17.5,5.3,39.130434782608695,79,6,34.0,13.0
1630201,Malachi Flynn,DET,2023-24,april,Role Player,Role,30.9,30.2,44.44444444444444,73,8,19.7,12.9
1630573,Sam Hauser,BOS,2023-24,april,Movement Shooter,Shooter,19.4,8.2,69.10569105691057,79,8,28.1,12.9
1630577,Julian Champagnie,SAS,2023-24,april,3&D Wing,Wing,14.9,10.9,59.34065934065935,79,7,33.0,12.9
201144,Mike Conley,MIN,2023-24,april,Role Player,Role,19.1,24.4,66.29213483146069,72,7,28.1,12.9
1627826,Ivica Zubac,LAC,2023-24,april,Post Scorer,Big,20.0,9.3,0.0,84,6,25.5,12.8
201566,Russell Westbrook,LAC,2023-24,april,Secondary Ball Handler,Secondary,26.2,36.4,18.691588785046733,76,6,23.9,12.8
1630598,Aaron Wiggins,OKC,2023-24,april,3&D Wing,Wing,20.9,15.3,21.21212121212121,77,8,23.9,12.8
1629002,Chimezie Metu,DET,2023-24,april,Rim Runner,Big,15.9,8.6,38.70967741935484,82,8,32.0,12.6
1628404,Josh Hart,NYK,2023-24,april,3&D Wing,Wing,13.7,18.8,16.129032258064516,76,8,37.0,12.6
1631105,Jalen Duren,DET,2023-24,april,Rim Runner,Big,24.2,10.6,2.173913043478261,82,5,23.1,12.6
1631133,Jabari Walker,POR,2023-24,april,Role Player,Role,17.1,7.2,27.27272727272727,79,7,33.5,12.4
1630692,Jordan Goodwin,MEM,2023-24,april,3&D Wing,Wing,19.5,20.5,26.153846153846157,76,7,31.8,12.4
1630200,Tre Jones,SAS,2023-24,april,Role Player,Role,17.1,28.2,33.33333333333333,73,7,33.8,12.4
1626181,Norman Powell,LAC,2023-24,april,Movement Shooter,Shooter,18.1,6.2,55.23809523809524,76,6,27.6,12.3
1641708,Amen Thompson,HOU,2023-24,april,Role Player,Role,15.3,20.4,3.7037037037037033,79,7,30.2,12.1
1641729,Brice Sensabaugh,UTA,2023-24,april,Role Player,Role,21.1,12.6,49.494949494949495,77,7,23.6,12.1
203991,Clint Capela,ATL,2023-24,april,Rim Runner,Big,16.6,8.6,0.0,82,7,28.4,12.1
1641730,Noah Clowney,BKN,2023-24,april,3&D Wing,Wing,14.1,7.4,31.57894736842105,81,7,29.4,12.1
1630570,Trendon Watford,BKN,2023-24,april,Role Player,Role,22.5,15.1,20.87912087912088,80,7,26.6,12.1
1630544,Tre Mann,CHA,2023-24,april,Role Player,Role,18.4,25.0,39.58333333333333,75,8,31.4,12.1
1630174,Aaron Nesmith,IND,2023-24,april,Role Player,Role,14.2,5.3,44.44444444444445,78,7,28.2,12.0
1631107,Nikola Jović,MIA,2023-24,april,Stretch Big,Big,19.7,14.2,60.67415730337079,82,8,23.8,12.0
1629611,Terance Mann,LAC,2023-24,april,Role Player,Role,16.2,7.8,21.73913043478261,77,8,21.9,11.9
1630548,Johnny Juzang,UTA,2023-24,april,Role Player,Role,15.0,10.8,61.64383561643836,77,6,27.1,11.8
1631116,Patrick Baldwin Jr.,WAS,2023-24,april,Role Player,Role,15.2,6.9,63.85542168674698,81,6,27.1,11.8
1628969,Mikal Bridges,BKN,2023-24,april,Role Player,Role,18.4,17.9,58.41584158415842,78,7,27.5,11.6
1630572,Sandro Mamukelashvili,SAS,2023-24,april,Role Player,Role,18.1,12.4,39.361702127659576,81,7,26.1,11.6
1629638,Nickeil Alexander-Walker,MIN,2023-24,april,Role Player,Role,18.7,15.7,59.036144578313255,77,8,22.3,11.5
1630215,Jared Butler,WAS,2023-24,april,Role Player,Role,19.8,29.1,34.831460674157306,75,7,22.6,11.4
202711,Bojan Bogdanovic,NYK,2023-24,april,Role Player,Role,25.4,6.1,44.18604651162791,79,8,17.4,11.4
1630540,Miles McBride,NYK,2023-24,april,Role Player,Role,16.4,12.2,62.76595744680851,73,7,28.7,11.3
1629622,Max Strus,CLE,2023-24,april,Role Player,Role,15.7,24.5,63.33333333333333,77,7,32.6,11.1
1629021,Moritz Wagner,ORL,2023-24,april,Rim Runner,Big,24.0,6.8,21.428571428571427,83,8,15.8,11.0
1629655,Daniel Gafford,DAL,2023-24,april,Anchor Big,Big,15.5,13.0,0.0,82,7,22.8,10.9
1630209,Omer Yurtseven,UTA,2023-24,april,Rim Runner,Big,18.7,9.5,7.446808510638298,83,7,24.2,10.9
202685,Jonas Valančiūnas,NOP,2023-24,april,Post Scorer,Big,25.1,18.6,13.924050632911392,83,8,19.0,10.8
203484,Kentavious Caldwell-Pope,DEN,2023-24,april,Role Player,Role,13.4,8.3,58.333333333333336,77,7,29.6,10.7
1628401,Derrick White,BOS,2023-24,april,Role Player,Role,15.9,21.2,75.0,76,5,31.5,10.6
1629677,Luka Samanic,UTA,2023-24,april,Rim Runner,Big,24.0,11.1,37.77777777777778,82,7,21.8,10.6
1629599,Amir Coffey,LAC,2023-24,april,Role Player,Role,15.3,5.2,53.398058252427184,79,8,30.5,10.5
1631165,Keon Ellis,SAC,2023-24,april,3&D Wing,Wing,15.3,12.9,71.62162162162161,75,8,25.6,10.5
201143,Al Horford,BOS,2023-24,april,Role Player,Role,17.2,12.2,59.45945945945946,81,5,21.2,10.4
1631200,Kris Murray,POR,2023-24,april,3&D Wing,Wing,14.0,4.6,52.47524752475248,80,8,35.4,10.4
1631218,Trayce Jackson-Davis,GSW,2023-24,april,Role Player,Role,15.7,10.4,0.0,81,8,23.2,10.4
1628976,Wendell Carter Jr.,ORL,2023-24,april,Stretch Big,Big,16.9,11.3,50.66666666666666,82,8,23.6,10.3
1630527,Brandon Boston,LAC,2023-24,april,Role Player,Role,26.9,7.8,34.57943925233645,78,6,20.8,10.2
1628971,Bruce Brown,TOR,2023-24,april,Role Player,Role,16.1,14.5,22.222222222222225,76,5,23.5,10.0
1629022,Lonnie Walker IV,BKN,2023-24,april,Role Player,Role,22.3,14.7,48.148148148148145,76,5,23.7,10.0
203084,Harrison Barnes,SAC,2023-24,april,3&D Wing,Wing,15.8,8.1,54.430379746835435,80,8,26.3,9.9
1627741,Buddy Hield,PHI,2023-24,april,Movement Shooter,Shooter,22.2,9.0,65.55555555555556,76,7,19.9,9.9
1628392,Isaiah Hartenstein,NYK,2023-24,april,Rim Runner,Big,14.2,19.2,0.0,84,7,28.3,9.9
202704,Reggie Jackson,DEN,2023-24,april,Role Player,Role,22.9,19.3,38.83495145631068,74,7,22.6,9.9
1630558,Davion Mitchell,SAC,2023-24,april,Role Player,Role,17.7,17.4,48.86363636363636,72,8,24.2,9.8
101108,Chris Paul,GSW,2023-24,april,Role Player,Role,18.8,30.7,43.61702127659574,72,8,26.9,9.6
1630529,Herbert Jones,NOP,2023-24,april,Role Player,Role,12.5,10.7,45.945945945945944,79,8,35.4,9.6
1629111,Jock Landale,HOU,2023-24,april,Rim Runner,Big,15.0,13.6,22.950819672131143,83,8,22.6,9.6
202722,Davis Bertans,CHA,2023-24,april,Stretch Big,Big,18.2,5.7,81.0126582278481,82,7,22.6,9.6
1630264,Anthony Gill,WAS,2023-24,april,Role Player,Role,16.6,9.6,23.655913978494624,80,6,26.5,9.5
1631128,Christian Braun,DEN,2023-24,april,Role Player,Role,13.8,17.1,45.20547945205479,78,7,27.0,9.4
1627936,Alex Caruso,CHI,2023-24,april,3&D Wing,Wing,12.4,20.7,60.0,77,5,35.3,9.4
1628464,Daniel Theis,LAC,2023-24,april,Role Player,Role,16.3,4.6,36.36363636363637,80,5,20.0,9.2
1641733,Nick Smith Jr.,CHA,2023-24,april,Secondary Ball Handler,Secondary,25.3,14.3,47.72727272727273,74,5,17.1,9.2
201950,Jrue Holiday,BOS,2023-24,april,Role Player,Role,16.3,16.8,51.61290322580645,76,6,29.0,9.2
1629651,Nic Claxton,BKN,2023-24,april,Anchor Big,Big,14.9,10.9,0.0,83,6,29.4,9.2
1641707,Taylor Hendricks,UTA,2023-24,april,Role Player,Role,13.1,8.8,51.51515151515152,81,7,24.4,9.1
1641764,Brandin Podziemski,GSW,2023-24,april,Role Player,Role,13.3,16.9,30.0,76,8,26.1,9.1
1628997,Caleb Martin,MIA,2023-24,april,Role Player,Role,16.1,13.7,45.55555555555555,77,8,29.9,9.0
1630631,Jose Alvarado,NOP,2023-24,april,Role Player,Role,14.4,11.0,80.55555555555554,72,5,24.0,9.0
1631170,Jaime Jaquez Jr.,MIA,2023-24,april,Role Player,Role,16.1,16.2,34.42622950819673,78,8,21.2,8.9
1629726,Garrison Mathews,ATL,2023-24,april,Role Player,Role,13.9,4.1,83.33333333333334,78,8,20.8,8.8
1630194,Paul Reed,PHI,2023-24,april,Role Player,Role,16.4,13.5,5.970149253731343,81,7,20.7,8.7
1628981,Bruno Fernando,ATL,2023-24,april,Role Player,Role,16.9,13.1,0.0,81,8,20.7,8.6
1631241,Javon Freeman-Liberty,TOR,2023-24,april,Role Player,Role,17.5,17.0,34.848484848484844,75,8,20.9,8.6
1627780,Gary Payton II,GSW,2023-24,april,Role Player,Role,16.8,6.3,34.61538461538461,74,5,16.8,8.6
201976,Patrick Beverley,MIL,2023-24,april,Role Player,Role,12.3,21.9,45.16129032258064,74,5,25.7,8.6
1629670,Jordan Nwora,TOR,2023-24,april,Role Player,Role,19.6,15.8,45.31249999999999,80,7,18.4,8.6
203995,Vasilije Micic,CHA,2023-24,april,Role Player,Role,19.6,33.1,50.0,75,7,25.2,8.6
1630197,Aleksej Pokusevski,CHA,2023-24,april,Stretch Big,Big,19.9,11.2,44.44444444444444,84,8,18.8,8.5
1630183,Jaden McDaniels,MIN,2023-24,april,Role Player,Role,13.6,8.1,40.0,81,8,28.3,8.5
1628984,Devonte' Graham,SAS,2023-24,april,Role Player,Role,19.1,22.6,77.77777777777779,73,7,24.4,8.4
203915,Spencer Dinwiddie,LAL,2023-24,april,Role Player,Role,11.7,10.2,75.51020408163265,77,7,22.9,8.4
1641998,Trey Jemison III,MEM,2023-24,april,Rim Runner,Big,12.6,6.9,0.0,82,7,31.9,8.4
1630175,Cole Anthony,ORL,2023-24,april,Secondary Ball Handler,Secondary,24.1,18.9,32.05128205128205,74,8,17.8,8.4
1630198,Isaiah Joe,OKC,2023-24,april,Role Player,Role,15.5,16.5,71.42857142857143,75,8,19.7,8.4
201145,Jeff Green,HOU,2023-24,april,Role Player,Role,16.9,12.9,61.53846153846154,80,8,18.2,8.4
1628365,Markelle Fultz,ORL,2023-24,april,Role Player,Role,19.9,15.7,6.666666666666667,76,8,19.6,8.4
1627884,Derrick Jones Jr.,DAL,2023-24,april,3&D Wing,Wing,15.6,6.3,48.57142857142857,78,7,24.6,8.1
203994,Jusuf Nurkić,PHX,2023-24,april,Versatile Big,Big,15.5,25.4,6.557377049180328,84,7,29.6,8.1
1627752,Taurean Prince,LAL,2023-24,april,3&D Wing,Wing,15.5,8.7,46.96969696969697,78,7,21.3,8.1
1629614,Andrew Nembhard,IND,2023-24,april,Role Player,Role,12.3,17.9,42.85714285714286,76,7,27.1,8.0
1629647,Darius Bazley,UTA,2023-24,april,Role Player,Role,12.0,4.8,27.083333333333336,81,6,23.7,8.0
1630700,Dyson Daniels,NOP,2023-24,april,Role Player,Role,12.2,17.6,44.61538461538461,79,8,26.1,8.0
1630647,Eugene Omoruyi,WAS,2023-24,april,Role Player,Role,19.3,10.0,38.80597014925373,78,7,15.7,8.0
202330,Gordon Hayward,OKC,2023-24,april,Role Player,Role,14.3,8.7,24.0,79,6,19.7,8.0
1630164,James Wiseman,DET,2023-24,april,Anchor Big,Big,14.8,6.4,0.0,83,8,25.4,8.0
1630541,Moses Moody,GSW,2023-24,april,3&D Wing,Wing,16.2,8.7,47.61904761904762,77,8,19.4,8.0
203501,Tim Hardaway Jr.,DAL,2023-24,april,Movement Shooter,Shooter,19.2,14.3,65.47619047619048,77,8,21.4,8.0
1627736,Malik Beasley,MIL,2023-24,april,Role Player,Role,14.3,7.1,74.11764705882354,76,8,26.9,7.6
1630592,Jalen Wilson,BKN,2023-24,april,3&D Wing,Wing,14.8,7.4,45.45454545454546,78,7,24.1,7.6
1629312,Haywood Highsmith,MIA,2023-24,april,Role Player,Role,10.9,8.5,55.932203389830505,77,8,26.6,7.4
1626168,Trey Lyles,SAC,2023-24,april,Role Player,Role,13.8,10.4,67.18749999999999,81,8,21.4,7.4
1627777,Georges Niang,CLE,2023-24,april,Role Player,Role,16.9,6.4,68.65671641791045,79,7,19.1,7.3
1630550,JT Thor,CHA,2023-24,april,Role Player,Role,12.7,7.6,40.0,81,7,17.2,7.3
1631197,Jared Rhoden,DET,2023-24,april,Role Player,Role,13.3,7.3,49.15254237288135,77,7,20.9,7.3
1641871,Duop Reath,POR,2023-24,april,Role Player,Role,20.4,5.1,46.666666666666664,81,8,15.4,7.3
203095,Evan Fournier,DET,2023-24,april,Role Player,Role,17.9,12.9,48.684210526315795,78,7,20.8,7.1
1629026,Kenrich Williams,OKC,2023-24,april,3&D Wing,Wing,16.7,17.8,36.206896551724135,78,8,18.5,7.1
1626220,Royce O'Neale,PHX,2023-24,april,3&D Wing,Wing,13.3,11.8,78.46153846153847,78,8,24.2,7.1
1630285,Zavier Simpson,DET,2023-24,april,Role Player,Role,16.7,21.6,31.818181818181813,72,6,25.4,7.0
1631104,Blake Wesley,SAS,2023-24,april,Role Player,Role,17.6,22.2,32.20338983050847,75,7,20.9,6.9
1626204,Larry Nance Jr.,NOP,2023-24,april,Role Player,Role,14.1,23.1,24.528301886792455,80,6,22.4,6.8
1631212,Peyton Watson,DEN,2023-24,april,Role Player,Role,13.7,11.4,19.29824561403509,79,7,22.6,6.7
203110,Draymond Green,GSW,2023-24,april,Role Player,Role,11.4,25.2,42.30769230769231,78,6,30.6,6.7
1630249,Vít Krejčí,ATL,2023-24,april,Movement Shooter,Shooter,11.5,13.8,68.0,80,8,22.5,6.6
1629637,Jaxson Hayes,LAL,2023-24,april,Rim Runner,Big,12.6,5.5,0.0,84,7,16.9,6.6
1631098,Johnny Davis,WAS,2023-24,april,Role Player,Role,11.3,8.6,35.13513513513514,76,6,19.3,6.5
1631321,Sidy Cissoko,SAS,2023-24,april,3&D Wing,Wing,13.1,12.7,28.888888888888893,78,6,18.2,6.5
1641717,Cason Wallace,OKC,2023-24,april,3&D Wing,Wing,14.8,14.8,42.622950819672134,75,8,20.5,6.4
1630534,Ochai Agbaji,TOR,2023-24,april,Role Player,Role,11.2,7.1,29.03225806451613,77,6,30.7,6.3
1631119,Jaylin Williams,OKC,2023-24,april,3&D Wing,Wing,15.1,29.0,56.52173913043479,81,8,16.1,6.3
1628436,Luke Kornet,BOS,2023-24,april,Anchor Big,Big,10.1,9.9,2.857142857142857,85,8,16.6,6.3
1641712,Rayan Rupert,POR,2023-24,april,3&D Wing,Wing,12.2,12.0,59.25925925925925,78,8,32.5,6.3
1628975,Jevon Carter,CHI,2023-24,april,3&D Wing,Wing,19.0,23.1,68.42105263157895,73,5,17.3,6.2
1631207,Dalen Terry,CHI,2023-24,april,Role Player,Role,14.5,14.0,34.6938775510204,79,7,17.7,6.1
1628467,Maxi Kleber,DAL,2023-24,april,Stretch Big,Big,10.1,12.4,60.60606060606061,82,6,19.8,6.0
1626192,Pat Connaughton,MIL,2023-24,april,Role Player,Role,12.8,15.8,67.6923076923077,77,8,25.3,5.9
202066,Garrett Temple,TOR,2023-24,april,Role Player,Role,15.7,12.5,50.76923076923077,77,6,23.1,5.8
1630551,Justin Champagnie,WAS,2023-24,april,Role Player,Role,14.1,10.9,46.42857142857144,78,5,16.8,5.8
1641767,Ben Sheppard,IND,2023-24,april,Role Player,Role,13.5,6.8,71.87499999999999,78,7,21.2,5.7
1626166,Cameron Payne,PHI,2023-24,april,Role Player,Role,14.5,23.5,66.66666666666666,75,7,19.6,5.7
201569,Eric Gordon,PHX,2023-24,april,3&D Wing,Wing,13.4,8.2,73.33333333333334,75,7,21.3,5.6
1628371,Jonathan Isaac,ORL,2023-24,april,Stretch Big,Big,13.1,6.3,46.0,82,7,18.8,5.6
203914,Gary Harris,ORL,2023-24,april,3&D Wing,Wing,8.4,8.6,75.92592592592592,76,7,31.0,5.4
203109,Jae Crowder,MIL,2023-24,april,Role Player,Role,13.1,6.0,61.66666666666667,78,7,22.3,5.4
200768,Kyle Lowry,PHI,2023-24,april,Role Player,Role,8.4,19.2,70.58823529411765,72,5,25.9,5.4
1629716,Marques Bolden,CHA,2023-24,april,Rim Runner,Big,11.7,6.5,2.9411764705882355,82,7,15.1,5.3
1631260,AJ Green,MIL,2023-24,april,3&D Wing,Wing,11.8,3.6,88.09523809523809,76,6,17.5,5.2
203937,Kyle Anderson,MIN,2023-24,april,Role Player,Role,15.5,27.4,17.857142857142858,81,8,19.7,4.9
1629667,Jalen McDaniels,TOR,2023-24,april,Role Player,Role,17.4,14.3,16.071428571428573,81,7,16.3,4.9
203486,Mason Plumlee,LAC,2023-24,april,Rim Runner,Big,15.3,13.5,15.909090909090908,82,7,16.9,4.9
203957,Danté Exum,DAL,2023-24,april,Role Player,Role,11.5,17.1,42.857142857142854,77,7,23.0,4.7
203200,Justin Holiday,DEN,2023-24,april,Role Player,Role,11.7,13.0,75.0,78,7,16.6,4.7
201587,Nicolas Batum,PHI,2023-24,april,3&D Wing,Wing,8.5,10.7,78.0,80,7,29.8,4.6
1629162,Jordan McLaughlin,MIN,2023-24,april,Role Player,Role,11.9,21.0,61.29032258064515,72,8,15.1,4.5
1631303,Justin Minaya,POR,2023-24,april,Role Player,Role,8.5,10.5,69.0909090909091,77,6,27.5,4.5
1628972,Troy Brown Jr.,DET,2023-24,april,Role Player,Role,10.9,7.4,46.42857142857144,79,8,24.3,4.5
1629875,Xavier Moon,LAC,2023-24,april,Role Player,Role,15.6,21.9,37.49999999999999,72,5,16.4,4.4
1641738,Kobe Brown,LAC,2023-24,april,Role Player,Role,11.3,12.1,35.714285714285715,79,6,15.9,4.0
204060,Joe Ingles,ORL,2023-24,april,Role Player,Role,10.3,22.2,80.0,81,8,17.1,3.9
1629011,Mitchell Robinson,NYK,2023-24,april,Rim Runner,Big,9.3,3.2,0.0,84,8,15.3,3.5
1628470,Torrey Craig,CHI,2023-24,april,Role Player,Role,9.1,6.5,46.666666666666664,77,7,16.4,3.1
1642013,Malik Williams,TOR,2023-24,april,Rim Runner,Big,14.8,2.9,14.285714285714285,83,7,15.2,2.7
1641851,Timmy Allen,MEM,2023-24,april,Role Player,Role,8.4,6.0,30.434782608695656,78,5,25.1,2.6
200782,P.J. Tucker,LAC,2023-24,april,Role Player,Role,5.0,4.4,55.55555555555556,77,6,16.2,2.2
1629216,Gabe Vincent,LAL,2023-24,april,Movement Shooter,Shooter,8.0,7.0,69.23076923076923,74,5,15.2,1.0
